[2026-08-13 17:07:34,212] [INFO]    GDS input file passed, running in LVS mode
[2026-08-13 17:07:34,213] [INFO]    Found cell DAC_CORE_5bit in GDS DAC_CORE_5bit.gds (only top cell)
[2026-08-13 17:07:34,220] [WARNING]    Cache hit: Reusing cached LVSDB
[2026-08-13 17:07:34,221] [SUBPROCESS]    output/.kpex_cache/sky130A/foss/designs/lab2/klayout/DAC_CORE_5bit.gds/DAC_CORE_5bit.lvsdb.gz
[2026-08-13 17:07:34,244] [WARNING]    Unable to find info about extracted LVS layer 'tap'
[2026-08-13 17:07:34,245] [WARNING]    Unable to find info about extracted LVS layer 'licon'
[2026-08-13 17:07:34,247] [INFO]    (64, 20) -> (nwell)
[2026-08-13 17:07:34,247] [INFO]    (94, 20) -> (psd)
[2026-08-13 17:07:34,248] [INFO]    (65, 144) -> (ntap_conn)
[2026-08-13 17:07:34,249] [INFO]    (66, 20) -> (poly_con)
[2026-08-13 17:07:34,250] [INFO]    (67, 20) -> (li_con)
[2026-08-13 17:07:34,251] [INFO]    (66, 4403) -> (licon_poly_con)
[2026-08-13 17:07:34,251] [INFO]    (66, 4402) -> (licon_psd_con)
[2026-08-13 17:07:34,252] [INFO]    (67, 44) -> (mcon_con)
[2026-08-13 17:07:34,253] [INFO]    (68, 44) -> (via1_con)
[2026-08-13 17:07:34,254] [INFO]    (68, 20) -> (met1_con)
[2026-08-13 17:07:34,255] [INFO]    (69, 20) -> (met2_con)
[2026-08-13 17:07:34,256] [INFO]    (68, 16) -> (met1_pin_con)
[2026-08-13 17:07:34,256] [INFO]    (69, 16) -> (met2_pin_con)
[2026-08-13 17:07:47,492] [INFO]    LVSDB: found 8pins
[2026-08-13 17:07:50,335] [SUBPROCESS]    Device;Net1;Net2;Capacitance [fF];Resistance [Ω]
[2026-08-13 17:07:50,336] [SUBPROCESS]    C1;$10;$12;1.137;
[2026-08-13 17:07:50,337] [SUBPROCESS]    C2;$10;$2;2.103;
[2026-08-13 17:07:50,337] [SUBPROCESS]    C3;$10;$3;1.957;
[2026-08-13 17:07:50,338] [SUBPROCESS]    C4;$10;$39;1.5;
[2026-08-13 17:07:50,338] [SUBPROCESS]    C5;$10;B[2];0.293;
[2026-08-13 17:07:50,339] [SUBPROCESS]    C6;$10;B[3];1.82;
[2026-08-13 17:07:50,339] [SUBPROCESS]    C7;$10;DAC_REF;8.495;
[2026-08-13 17:07:50,340] [SUBPROCESS]    C8;$10;I_DAC;1.136;
[2026-08-13 17:07:50,340] [SUBPROCESS]    C9;$10;VDD;6.633;
[2026-08-13 17:07:50,341] [SUBPROCESS]    C10;$10;VSUBS;1.803;
[2026-08-13 17:07:50,341] [SUBPROCESS]    C11;$12;$2;0.423;
[2026-08-13 17:07:50,341] [SUBPROCESS]    C12;$12;$3;0.904;
[2026-08-13 17:07:50,342] [SUBPROCESS]    C13;$12;$39;0.613;
[2026-08-13 17:07:50,342] [SUBPROCESS]    C14;$12;B[0];0.184;
[2026-08-13 17:07:50,343] [SUBPROCESS]    C15;$12;DAC_REF;1.721;
[2026-08-13 17:07:50,343] [SUBPROCESS]    C16;$12;I_DAC;0.179;
[2026-08-13 17:07:50,343] [SUBPROCESS]    C17;$12;VDD;1.749;
[2026-08-13 17:07:50,344] [SUBPROCESS]    C18;$12;VSUBS;0.588;
[2026-08-13 17:07:50,344] [SUBPROCESS]    C19;$2;$3;0.901;
[2026-08-13 17:07:50,345] [SUBPROCESS]    C20;$2;$39;1.041;
[2026-08-13 17:07:50,345] [SUBPROCESS]    C21;$2;B[0];0.113;
[2026-08-13 17:07:50,346] [SUBPROCESS]    C22;$2;B[1];0.207;
[2026-08-13 17:07:50,346] [SUBPROCESS]    C23;$2;B[2];0.628;
[2026-08-13 17:07:50,347] [SUBPROCESS]    C24;$2;B[3];0.002;
[2026-08-13 17:07:50,347] [SUBPROCESS]    C25;$2;B[4];0.002;
[2026-08-13 17:07:50,348] [SUBPROCESS]    C26;$2;DAC_REF;7.205;
[2026-08-13 17:07:50,348] [SUBPROCESS]    C27;$2;I_DAC;0.478;
[2026-08-13 17:07:50,348] [SUBPROCESS]    C28;$2;VDD;4.768;
[2026-08-13 17:07:50,349] [SUBPROCESS]    C29;$2;VSUBS;1.341;
[2026-08-13 17:07:50,349] [SUBPROCESS]    C30;$3;$39;0.614;
[2026-08-13 17:07:50,350] [SUBPROCESS]    C31;$3;B[0];0.259;
[2026-08-13 17:07:50,350] [SUBPROCESS]    C32;$3;B[1];0.184;
[2026-08-13 17:07:50,351] [SUBPROCESS]    C33;$3;B[2];0.009;
[2026-08-13 17:07:50,351] [SUBPROCESS]    C34;$3;DAC_REF;4.115;
[2026-08-13 17:07:50,352] [SUBPROCESS]    C35;$3;I_DAC;0.371;
[2026-08-13 17:07:50,352] [SUBPROCESS]    C36;$3;VDD;2.137;
[2026-08-13 17:07:50,353] [SUBPROCESS]    C37;$3;VSUBS;0.607;
[2026-08-13 17:07:50,353] [SUBPROCESS]    C38;$39;B[3];0.293;
[2026-08-13 17:07:50,354] [SUBPROCESS]    C39;$39;B[4];4.189;
[2026-08-13 17:07:50,354] [SUBPROCESS]    C40;$39;DAC_REF;14.666;
[2026-08-13 17:07:50,355] [SUBPROCESS]    C41;$39;I_DAC;2.375;
[2026-08-13 17:07:50,355] [SUBPROCESS]    C42;$39;VDD;13.852;
[2026-08-13 17:07:50,356] [SUBPROCESS]    C43;$39;VSUBS;3.76;
[2026-08-13 17:07:50,356] [SUBPROCESS]    C44;B[0];B[1];0.058;
[2026-08-13 17:07:50,357] [SUBPROCESS]    C45;B[0];B[2];0.018;
[2026-08-13 17:07:50,357] [SUBPROCESS]    C46;B[0];DAC_REF;0.005;
[2026-08-13 17:07:50,357] [SUBPROCESS]    C47;B[0];I_DAC;0.569;
[2026-08-13 17:07:50,358] [SUBPROCESS]    C48;B[0];VDD;0.758;
[2026-08-13 17:07:50,358] [SUBPROCESS]    C49;B[0];VSUBS;1.1;
[2026-08-13 17:07:50,359] [SUBPROCESS]    C50;B[1];B[2];0.146;
[2026-08-13 17:07:50,359] [SUBPROCESS]    C51;B[1];I_DAC;0.445;
[2026-08-13 17:07:50,360] [SUBPROCESS]    C52;B[1];VDD;0.115;
[2026-08-13 17:07:50,361] [SUBPROCESS]    C53;B[1];VSUBS;0.781;
[2026-08-13 17:07:50,361] [SUBPROCESS]    C54;B[2];B[3];0.143;
[2026-08-13 17:07:50,362] [SUBPROCESS]    C55;B[2];DAC_REF;0.004;
[2026-08-13 17:07:50,362] [SUBPROCESS]    C56;B[2];I_DAC;0.464;
[2026-08-13 17:07:50,363] [SUBPROCESS]    C57;B[2];VDD;0.132;
[2026-08-13 17:07:50,363] [SUBPROCESS]    C58;B[2];VSUBS;0.892;
[2026-08-13 17:07:50,364] [SUBPROCESS]    C59;B[3];B[4];0.144;
[2026-08-13 17:07:50,365] [SUBPROCESS]    C60;B[3];DAC_REF;0.009;
[2026-08-13 17:07:50,365] [SUBPROCESS]    C61;B[3];I_DAC;0.929;
[2026-08-13 17:07:50,366] [SUBPROCESS]    C62;B[3];VDD;0.238;
[2026-08-13 17:07:50,366] [SUBPROCESS]    C63;B[3];VSUBS;1.797;
[2026-08-13 17:07:50,367] [SUBPROCESS]    C64;B[4];DAC_REF;0.015;
[2026-08-13 17:07:50,367] [SUBPROCESS]    C65;B[4];I_DAC;1.823;
[2026-08-13 17:07:50,368] [SUBPROCESS]    C66;B[4];VDD;0.714;
[2026-08-13 17:07:50,369] [SUBPROCESS]    C67;B[4];VSUBS;3.599;
[2026-08-13 17:07:50,370] [SUBPROCESS]    C68;DAC_REF;I_DAC;0.025;
[2026-08-13 17:07:50,371] [SUBPROCESS]    C69;DAC_REF;VDD;47.036;
[2026-08-13 17:07:50,371] [SUBPROCESS]    C70;DAC_REF;VSUBS;181.311;
[2026-08-13 17:07:50,372] [SUBPROCESS]    C71;I_DAC;VDD;1.424;
[2026-08-13 17:07:50,372] [SUBPROCESS]    C72;I_DAC;VSUBS;2.921;
[2026-08-13 17:07:50,373] [SUBPROCESS]    C73;VDD;VSUBS;38.545;
[2026-08-13 17:07:50,373] [SUBPROCESS]    R1;$10.$0.15;$10.$1.18;;585.0
[2026-08-13 17:07:50,374] [SUBPROCESS]    R2;$10.$0.15;$10.$4.15;;0.0
[2026-08-13 17:07:50,375] [SUBPROCESS]    R3;$10.$1.18;$10.$160.18;;0.0
[2026-08-13 17:07:50,375] [SUBPROCESS]    R4;$10.$1.18;$10.$164.18;;27.106
[2026-08-13 17:07:50,376] [SUBPROCESS]    R5;$10.$10.15;$10.$11.18;;585.0
[2026-08-13 17:07:50,377] [SUBPROCESS]    R6;$10.$10.15;$10.$14.15;;0.0
[2026-08-13 17:07:50,377] [SUBPROCESS]    R7;$10.$10.15;$10.$6.15;;0.0
[2026-08-13 17:07:50,377] [SUBPROCESS]    R8;$10.$100.15;$10.$101.18;;585.0
[2026-08-13 17:07:50,378] [SUBPROCESS]    R9;$10.$100.15;$10.$88.15;;0.0
[2026-08-13 17:07:50,378] [SUBPROCESS]    R10;$10.$100.15;$10.P5.15;;0.0
[2026-08-13 17:07:50,379] [SUBPROCESS]    R11;$10.$101.18;$10.$260.18;;0.0
[2026-08-13 17:07:50,379] [SUBPROCESS]    R12;$10.$101.18;$10.$264.18;;27.106
[2026-08-13 17:07:50,379] [SUBPROCESS]    R13;$10.$102.15;$10.$103.18;;585.0
[2026-08-13 17:07:50,380] [SUBPROCESS]    R14;$10.$102.15;$10.$90.15;;0.0
[2026-08-13 17:07:50,380] [SUBPROCESS]    R15;$10.$102.15;$10.P1.15;;0.0
[2026-08-13 17:07:50,381] [SUBPROCESS]    R16;$10.$103.18;$10.$262.18;;0.0
[2026-08-13 17:07:50,381] [SUBPROCESS]    R17;$10.$103.18;$10.$266.18;;27.106
[2026-08-13 17:07:50,382] [SUBPROCESS]    R18;$10.$104.15;$10.$105.18;;585.0
[2026-08-13 17:07:50,382] [SUBPROCESS]    R19;$10.$104.15;$10.$108.15;;0.0
[2026-08-13 17:07:50,382] [SUBPROCESS]    R20;$10.$104.15;$10.P5.15;;0.0
[2026-08-13 17:07:50,383] [SUBPROCESS]    R21;$10.$105.18;$10.$264.18;;0.0
[2026-08-13 17:07:50,383] [SUBPROCESS]    R22;$10.$105.18;$10.$268.18;;27.106
[2026-08-13 17:07:50,384] [SUBPROCESS]    R23;$10.$106.15;$10.$107.18;;585.0
[2026-08-13 17:07:50,384] [SUBPROCESS]    R24;$10.$106.15;$10.$110.15;;0.0
[2026-08-13 17:07:50,385] [SUBPROCESS]    R25;$10.$106.15;$10.P1.15;;0.0
[2026-08-13 17:07:50,385] [SUBPROCESS]    R26;$10.$107.18;$10.$266.18;;0.0
[2026-08-13 17:07:50,385] [SUBPROCESS]    R27;$10.$107.18;$10.$270.18;;27.106
[2026-08-13 17:07:50,386] [SUBPROCESS]    R28;$10.$108.15;$10.$109.18;;585.0
[2026-08-13 17:07:50,387] [SUBPROCESS]    R29;$10.$108.15;$10.$112.15;;0.0
[2026-08-13 17:07:50,387] [SUBPROCESS]    R30;$10.$109.18;$10.$268.18;;0.0
[2026-08-13 17:07:50,387] [SUBPROCESS]    R31;$10.$109.18;$10.$272.18;;27.106
[2026-08-13 17:07:50,388] [SUBPROCESS]    R32;$10.$11.18;$10.$170.18;;0.0
[2026-08-13 17:07:50,389] [SUBPROCESS]    R33;$10.$11.18;$10.$174.18;;27.106
[2026-08-13 17:07:50,389] [SUBPROCESS]    R34;$10.$110.15;$10.$111.18;;585.0
[2026-08-13 17:07:50,390] [SUBPROCESS]    R35;$10.$110.15;$10.$114.15;;0.0
[2026-08-13 17:07:50,390] [SUBPROCESS]    R36;$10.$111.18;$10.$270.18;;0.0
[2026-08-13 17:07:50,390] [SUBPROCESS]    R37;$10.$111.18;$10.$274.18;;27.106
[2026-08-13 17:07:50,391] [SUBPROCESS]    R38;$10.$112.15;$10.$113.18;;585.0
[2026-08-13 17:07:50,391] [SUBPROCESS]    R39;$10.$112.15;$10.$116.15;;0.0
[2026-08-13 17:07:50,392] [SUBPROCESS]    R40;$10.$113.18;$10.$272.18;;0.0
[2026-08-13 17:07:50,392] [SUBPROCESS]    R41;$10.$113.18;$10.$276.18;;27.106
[2026-08-13 17:07:50,393] [SUBPROCESS]    R42;$10.$114.15;$10.$115.18;;585.0
[2026-08-13 17:07:50,393] [SUBPROCESS]    R43;$10.$114.15;$10.$118.15;;0.0
[2026-08-13 17:07:50,393] [SUBPROCESS]    R44;$10.$115.18;$10.$274.18;;0.0
[2026-08-13 17:07:50,394] [SUBPROCESS]    R45;$10.$115.18;$10.$278.18;;27.106
[2026-08-13 17:07:50,395] [SUBPROCESS]    R46;$10.$116.15;$10.$117.18;;585.0
[2026-08-13 17:07:50,395] [SUBPROCESS]    R47;$10.$116.15;$10.$120.15;;0.0
[2026-08-13 17:07:50,395] [SUBPROCESS]    R48;$10.$117.18;$10.$276.18;;0.0
[2026-08-13 17:07:50,396] [SUBPROCESS]    R49;$10.$117.18;$10.$280.18;;27.106
[2026-08-13 17:07:50,396] [SUBPROCESS]    R50;$10.$118.15;$10.$119.18;;585.0
[2026-08-13 17:07:50,397] [SUBPROCESS]    R51;$10.$118.15;$10.$122.15;;0.0
[2026-08-13 17:07:50,397] [SUBPROCESS]    R52;$10.$119.18;$10.$278.18;;0.0
[2026-08-13 17:07:50,398] [SUBPROCESS]    R53;$10.$119.18;$10.$282.18;;27.106
[2026-08-13 17:07:50,398] [SUBPROCESS]    R54;$10.$12.15;$10.$13.18;;585.0
[2026-08-13 17:07:50,398] [SUBPROCESS]    R55;$10.$12.15;$10.$8.15;;0.0
[2026-08-13 17:07:50,399] [SUBPROCESS]    R56;$10.$12.15;$10.P7.15;;0.0
[2026-08-13 17:07:50,400] [SUBPROCESS]    R57;$10.$120.15;$10.$121.18;;585.0
[2026-08-13 17:07:50,400] [SUBPROCESS]    R58;$10.$121.18;$10.$280.18;;0.0
[2026-08-13 17:07:50,401] [SUBPROCESS]    R59;$10.$122.15;$10.$123.18;;585.0
[2026-08-13 17:07:50,401] [SUBPROCESS]    R60;$10.$123.18;$10.$282.18;;0.0
[2026-08-13 17:07:50,402] [SUBPROCESS]    R61;$10.$124.15;$10.$125.18;;585.0
[2026-08-13 17:07:50,403] [SUBPROCESS]    R62;$10.$124.15;$10.$128.15;;0.0
[2026-08-13 17:07:50,404] [SUBPROCESS]    R63;$10.$125.18;$10.$284.18;;0.0
[2026-08-13 17:07:50,404] [SUBPROCESS]    R64;$10.$125.18;$10.$288.18;;27.106
[2026-08-13 17:07:50,405] [SUBPROCESS]    R65;$10.$126.15;$10.$127.18;;585.0
[2026-08-13 17:07:50,405] [SUBPROCESS]    R66;$10.$126.15;$10.$130.15;;0.0
[2026-08-13 17:07:50,406] [SUBPROCESS]    R67;$10.$127.18;$10.$286.18;;0.0
[2026-08-13 17:07:50,406] [SUBPROCESS]    R68;$10.$127.18;$10.$290.18;;27.106
[2026-08-13 17:07:50,407] [SUBPROCESS]    R69;$10.$128.15;$10.$129.18;;585.0
[2026-08-13 17:07:50,407] [SUBPROCESS]    R70;$10.$128.15;$10.$132.15;;0.0
[2026-08-13 17:07:50,408] [SUBPROCESS]    R71;$10.$129.18;$10.$288.18;;0.0
[2026-08-13 17:07:50,408] [SUBPROCESS]    R72;$10.$129.18;$10.$292.18;;27.106
[2026-08-13 17:07:50,409] [SUBPROCESS]    R73;$10.$13.18;$10.$172.18;;0.0
[2026-08-13 17:07:50,409] [SUBPROCESS]    R74;$10.$13.18;$10.$176.18;;27.106
[2026-08-13 17:07:50,410] [SUBPROCESS]    R75;$10.$130.15;$10.$131.18;;585.0
[2026-08-13 17:07:50,410] [SUBPROCESS]    R76;$10.$130.15;$10.$134.15;;0.0
[2026-08-13 17:07:50,411] [SUBPROCESS]    R77;$10.$131.18;$10.$290.18;;0.0
[2026-08-13 17:07:50,411] [SUBPROCESS]    R78;$10.$131.18;$10.$294.18;;27.106
[2026-08-13 17:07:50,411] [SUBPROCESS]    R79;$10.$132.15;$10.$133.18;;585.0
[2026-08-13 17:07:50,412] [SUBPROCESS]    R80;$10.$132.15;$10.$136.15;;0.0
[2026-08-13 17:07:50,412] [SUBPROCESS]    R81;$10.$133.18;$10.$292.18;;0.0
[2026-08-13 17:07:50,413] [SUBPROCESS]    R82;$10.$133.18;$10.$296.18;;27.106
[2026-08-13 17:07:50,413] [SUBPROCESS]    R83;$10.$134.15;$10.$135.18;;585.0
[2026-08-13 17:07:50,414] [SUBPROCESS]    R84;$10.$134.15;$10.$138.15;;0.0
[2026-08-13 17:07:50,414] [SUBPROCESS]    R85;$10.$135.18;$10.$294.18;;0.0
[2026-08-13 17:07:50,415] [SUBPROCESS]    R86;$10.$135.18;$10.$298.18;;27.106
[2026-08-13 17:07:50,415] [SUBPROCESS]    R87;$10.$136.15;$10.$137.18;;585.0
[2026-08-13 17:07:50,416] [SUBPROCESS]    R88;$10.$136.15;$10.P4.15;;0.0
[2026-08-13 17:07:50,416] [SUBPROCESS]    R89;$10.$137.18;$10.$296.18;;0.0
[2026-08-13 17:07:50,417] [SUBPROCESS]    R90;$10.$137.18;$10.$300.18;;27.106
[2026-08-13 17:07:50,417] [SUBPROCESS]    R91;$10.$138.15;$10.$139.18;;585.0
[2026-08-13 17:07:50,418] [SUBPROCESS]    R92;$10.$138.15;$10.P0.15;;0.0
[2026-08-13 17:07:50,419] [SUBPROCESS]    R93;$10.$139.18;$10.$298.18;;0.0
[2026-08-13 17:07:50,420] [SUBPROCESS]    R94;$10.$139.18;$10.$302.18;;27.106
[2026-08-13 17:07:50,421] [SUBPROCESS]    R95;$10.$14.15;$10.$15.18;;585.0
[2026-08-13 17:07:50,421] [SUBPROCESS]    R96;$10.$14.15;$10.P3.15;;0.0
[2026-08-13 17:07:50,422] [SUBPROCESS]    R97;$10.$140.15;$10.$141.18;;585.0
[2026-08-13 17:07:50,422] [SUBPROCESS]    R98;$10.$140.15;$10.$144.15;;0.0
[2026-08-13 17:07:50,423] [SUBPROCESS]    R99;$10.$140.15;$10.P4.15;;0.0
[2026-08-13 17:07:50,423] [SUBPROCESS]    R100;$10.$141.18;$10.$300.18;;0.0
[2026-08-13 17:07:50,424] [SUBPROCESS]    R101;$10.$141.18;$10.$304.18;;27.106
[2026-08-13 17:07:50,424] [SUBPROCESS]    R102;$10.$142.15;$10.$143.18;;585.0
[2026-08-13 17:07:50,425] [SUBPROCESS]    R103;$10.$142.15;$10.$146.15;;0.0
[2026-08-13 17:07:50,425] [SUBPROCESS]    R104;$10.$142.15;$10.P0.15;;0.0
[2026-08-13 17:07:50,426] [SUBPROCESS]    R105;$10.$143.18;$10.$302.18;;0.0
[2026-08-13 17:07:50,426] [SUBPROCESS]    R106;$10.$143.18;$10.$306.18;;27.106
[2026-08-13 17:07:50,427] [SUBPROCESS]    R107;$10.$144.15;$10.$145.18;;585.0
[2026-08-13 17:07:50,427] [SUBPROCESS]    R108;$10.$144.15;$10.$148.15;;0.0
[2026-08-13 17:07:50,427] [SUBPROCESS]    R109;$10.$145.18;$10.$304.18;;0.0
[2026-08-13 17:07:50,428] [SUBPROCESS]    R110;$10.$145.18;$10.$308.18;;27.106
[2026-08-13 17:07:50,428] [SUBPROCESS]    R111;$10.$146.15;$10.$147.18;;585.0
[2026-08-13 17:07:50,429] [SUBPROCESS]    R112;$10.$146.15;$10.$150.15;;0.0
[2026-08-13 17:07:50,429] [SUBPROCESS]    R113;$10.$147.18;$10.$306.18;;0.0
[2026-08-13 17:07:50,430] [SUBPROCESS]    R114;$10.$147.18;$10.$310.18;;27.106
[2026-08-13 17:07:50,430] [SUBPROCESS]    R115;$10.$148.15;$10.$149.18;;585.0
[2026-08-13 17:07:50,431] [SUBPROCESS]    R116;$10.$148.15;$10.$152.15;;0.0
[2026-08-13 17:07:50,431] [SUBPROCESS]    R117;$10.$149.18;$10.$308.18;;0.0
[2026-08-13 17:07:50,431] [SUBPROCESS]    R118;$10.$149.18;$10.$312.18;;27.106
[2026-08-13 17:07:50,432] [SUBPROCESS]    R119;$10.$15.18;$10.$174.18;;0.0
[2026-08-13 17:07:50,432] [SUBPROCESS]    R120;$10.$15.18;$10.$178.18;;27.106
[2026-08-13 17:07:50,433] [SUBPROCESS]    R121;$10.$150.15;$10.$151.18;;585.0
[2026-08-13 17:07:50,433] [SUBPROCESS]    R122;$10.$150.15;$10.$154.15;;0.0
[2026-08-13 17:07:50,434] [SUBPROCESS]    R123;$10.$151.18;$10.$310.18;;0.0
[2026-08-13 17:07:50,434] [SUBPROCESS]    R124;$10.$151.18;$10.$314.18;;27.106
[2026-08-13 17:07:50,435] [SUBPROCESS]    R125;$10.$152.15;$10.$153.18;;585.0
[2026-08-13 17:07:50,435] [SUBPROCESS]    R126;$10.$152.15;$10.$156.15;;0.0
[2026-08-13 17:07:50,436] [SUBPROCESS]    R127;$10.$153.18;$10.$312.18;;0.0
[2026-08-13 17:07:50,437] [SUBPROCESS]    R128;$10.$153.18;$10.$316.18;;27.106
[2026-08-13 17:07:50,437] [SUBPROCESS]    R129;$10.$154.15;$10.$155.18;;585.0
[2026-08-13 17:07:50,438] [SUBPROCESS]    R130;$10.$154.15;$10.$158.15;;0.0
[2026-08-13 17:07:50,438] [SUBPROCESS]    R131;$10.$155.18;$10.$314.18;;0.0
[2026-08-13 17:07:50,439] [SUBPROCESS]    R132;$10.$155.18;$10.$318.18;;27.106
[2026-08-13 17:07:50,440] [SUBPROCESS]    R133;$10.$156.15;$10.$157.18;;585.0
[2026-08-13 17:07:50,440] [SUBPROCESS]    R134;$10.$157.18;$10.$316.18;;0.0
[2026-08-13 17:07:50,441] [SUBPROCESS]    R135;$10.$158.15;$10.$159.18;;585.0
[2026-08-13 17:07:50,441] [SUBPROCESS]    R136;$10.$159.18;$10.$318.18;;0.0
[2026-08-13 17:07:50,442] [SUBPROCESS]    R137;$10.$16.15;$10.$17.18;;585.0
[2026-08-13 17:07:50,443] [SUBPROCESS]    R138;$10.$16.15;$10.$20.15;;0.0
[2026-08-13 17:07:50,443] [SUBPROCESS]    R139;$10.$16.15;$10.P7.15;;0.0
[2026-08-13 17:07:50,444] [SUBPROCESS]    R140;$10.$160.18;$10.$161.25;;9.3
[2026-08-13 17:07:50,445] [SUBPROCESS]    R141;$10.$161.25;$10.$165.25;;0.029
[2026-08-13 17:07:50,445] [SUBPROCESS]    R142;$10.$162.18;$10.$163.25;;9.3
[2026-08-13 17:07:50,446] [SUBPROCESS]    R143;$10.$162.18;$10.$3.18;;0.0
[2026-08-13 17:07:50,446] [SUBPROCESS]    R144;$10.$163.25;$10.$167.25;;0.029
[2026-08-13 17:07:50,447] [SUBPROCESS]    R145;$10.$164.18;$10.$165.25;;9.3
[2026-08-13 17:07:50,447] [SUBPROCESS]    R146;$10.$164.18;$10.$5.18;;0.0
[2026-08-13 17:07:50,447] [SUBPROCESS]    R147;$10.$165.25;$10.$169.25;;0.029
[2026-08-13 17:07:50,448] [SUBPROCESS]    R148;$10.$166.18;$10.$167.25;;9.3
[2026-08-13 17:07:50,448] [SUBPROCESS]    R149;$10.$166.18;$10.$3.18;;27.106
[2026-08-13 17:07:50,449] [SUBPROCESS]    R150;$10.$166.18;$10.$7.18;;0.0
[2026-08-13 17:07:50,449] [SUBPROCESS]    R151;$10.$167.25;$10.$171.25;;0.029
[2026-08-13 17:07:50,450] [SUBPROCESS]    R152;$10.$168.18;$10.$169.25;;9.3
[2026-08-13 17:07:50,450] [SUBPROCESS]    R153;$10.$168.18;$10.$5.18;;27.106
[2026-08-13 17:07:50,450] [SUBPROCESS]    R154;$10.$168.18;$10.$9.18;;0.0
[2026-08-13 17:07:50,451] [SUBPROCESS]    R155;$10.$169.25;$10.$173.25;;0.029
[2026-08-13 17:07:50,451] [SUBPROCESS]    R156;$10.$17.18;$10.$176.18;;0.0
[2026-08-13 17:07:50,452] [SUBPROCESS]    R157;$10.$17.18;$10.$180.18;;27.106
[2026-08-13 17:07:50,452] [SUBPROCESS]    R158;$10.$170.18;$10.$171.25;;9.3
[2026-08-13 17:07:50,453] [SUBPROCESS]    R159;$10.$170.18;$10.$7.18;;27.106
[2026-08-13 17:07:50,453] [SUBPROCESS]    R160;$10.$171.25;$10.$175.25;;0.029
[2026-08-13 17:07:50,454] [SUBPROCESS]    R161;$10.$172.18;$10.$173.25;;9.3
[2026-08-13 17:07:50,454] [SUBPROCESS]    R162;$10.$172.18;$10.$9.18;;27.106
[2026-08-13 17:07:50,455] [SUBPROCESS]    R163;$10.$173.25;$10.$177.25;;0.029
[2026-08-13 17:07:50,455] [SUBPROCESS]    R164;$10.$174.18;$10.$175.25;;9.3
[2026-08-13 17:07:50,456] [SUBPROCESS]    R165;$10.$175.25;$10.$179.25;;0.029
[2026-08-13 17:07:50,456] [SUBPROCESS]    R166;$10.$176.18;$10.$177.25;;9.3
[2026-08-13 17:07:50,457] [SUBPROCESS]    R167;$10.$177.25;$10.$181.25;;0.029
[2026-08-13 17:07:50,457] [SUBPROCESS]    R168;$10.$178.18;$10.$179.25;;9.3
[2026-08-13 17:07:50,458] [SUBPROCESS]    R169;$10.$178.18;$10.$19.18;;0.0
[2026-08-13 17:07:50,458] [SUBPROCESS]    R170;$10.$179.25;$10.$183.25;;0.029
[2026-08-13 17:07:50,459] [SUBPROCESS]    R171;$10.$18.15;$10.$19.18;;585.0
[2026-08-13 17:07:50,459] [SUBPROCESS]    R172;$10.$18.15;$10.$22.15;;0.0
[2026-08-13 17:07:50,459] [SUBPROCESS]    R173;$10.$18.15;$10.P3.15;;0.0
[2026-08-13 17:07:50,460] [SUBPROCESS]    R174;$10.$180.18;$10.$181.25;;9.3
[2026-08-13 17:07:50,460] [SUBPROCESS]    R175;$10.$180.18;$10.$21.18;;0.0
[2026-08-13 17:07:50,461] [SUBPROCESS]    R176;$10.$181.25;$10.$185.25;;0.029
[2026-08-13 17:07:50,461] [SUBPROCESS]    R177;$10.$182.18;$10.$183.25;;9.3
[2026-08-13 17:07:50,462] [SUBPROCESS]    R178;$10.$182.18;$10.$19.18;;27.106
[2026-08-13 17:07:50,462] [SUBPROCESS]    R179;$10.$182.18;$10.$23.18;;0.0
[2026-08-13 17:07:50,463] [SUBPROCESS]    R180;$10.$183.25;$10.$187.25;;0.029
[2026-08-13 17:07:50,463] [SUBPROCESS]    R181;$10.$184.18;$10.$185.25;;9.3
[2026-08-13 17:07:50,463] [SUBPROCESS]    R182;$10.$184.18;$10.$21.18;;27.106
[2026-08-13 17:07:50,464] [SUBPROCESS]    R183;$10.$184.18;$10.$25.18;;0.0
[2026-08-13 17:07:50,464] [SUBPROCESS]    R184;$10.$185.25;$10.$189.25;;0.029
[2026-08-13 17:07:50,465] [SUBPROCESS]    R185;$10.$186.18;$10.$187.25;;9.3
[2026-08-13 17:07:50,465] [SUBPROCESS]    R186;$10.$186.18;$10.$23.18;;27.106
[2026-08-13 17:07:50,466] [SUBPROCESS]    R187;$10.$186.18;$10.$27.18;;0.0
[2026-08-13 17:07:50,466] [SUBPROCESS]    R188;$10.$187.25;$10.$191.25;;0.029
[2026-08-13 17:07:50,467] [SUBPROCESS]    R189;$10.$188.18;$10.$189.25;;9.3
[2026-08-13 17:07:50,467] [SUBPROCESS]    R190;$10.$188.18;$10.$25.18;;27.106
[2026-08-13 17:07:50,467] [SUBPROCESS]    R191;$10.$188.18;$10.$29.18;;0.0
[2026-08-13 17:07:50,468] [SUBPROCESS]    R192;$10.$189.25;$10.$193.25;;0.029
[2026-08-13 17:07:50,468] [SUBPROCESS]    R193;$10.$190.18;$10.$191.25;;9.3
[2026-08-13 17:07:50,469] [SUBPROCESS]    R194;$10.$190.18;$10.$27.18;;27.106
[2026-08-13 17:07:50,470] [SUBPROCESS]    R195;$10.$190.18;$10.$31.18;;0.0
[2026-08-13 17:07:50,470] [SUBPROCESS]    R196;$10.$191.25;$10.$195.25;;0.029
[2026-08-13 17:07:50,471] [SUBPROCESS]    R197;$10.$192.18;$10.$193.25;;9.3
[2026-08-13 17:07:50,471] [SUBPROCESS]    R198;$10.$192.18;$10.$29.18;;27.106
[2026-08-13 17:07:50,472] [SUBPROCESS]    R199;$10.$192.18;$10.$33.18;;0.0
[2026-08-13 17:07:50,472] [SUBPROCESS]    R200;$10.$193.25;$10.$197.25;;0.111
[2026-08-13 17:07:50,473] [SUBPROCESS]    R201;$10.$194.18;$10.$195.25;;9.3
[2026-08-13 17:07:50,473] [SUBPROCESS]    R202;$10.$194.18;$10.$31.18;;27.106
[2026-08-13 17:07:50,474] [SUBPROCESS]    R203;$10.$194.18;$10.$35.18;;0.0
[2026-08-13 17:07:50,474] [SUBPROCESS]    R204;$10.$195.25;$10.$199.25;;0.111
[2026-08-13 17:07:50,474] [SUBPROCESS]    R205;$10.$196.18;$10.$197.25;;9.3
[2026-08-13 17:07:50,475] [SUBPROCESS]    R206;$10.$196.18;$10.$37.18;;0.0
[2026-08-13 17:07:50,475] [SUBPROCESS]    R207;$10.$197.25;$10.$201.25;;0.029
[2026-08-13 17:07:50,476] [SUBPROCESS]    R208;$10.$198.18;$10.$199.25;;9.3
[2026-08-13 17:07:50,476] [SUBPROCESS]    R209;$10.$198.18;$10.$39.18;;0.0
[2026-08-13 17:07:50,477] [SUBPROCESS]    R210;$10.$199.25;$10.$203.25;;0.029
[2026-08-13 17:07:50,477] [SUBPROCESS]    R211;$10.$2.15;$10.$3.18;;585.0
[2026-08-13 17:07:50,477] [SUBPROCESS]    R212;$10.$2.15;$10.$6.15;;0.0
[2026-08-13 17:07:50,478] [SUBPROCESS]    R213;$10.$20.15;$10.$21.18;;585.0
[2026-08-13 17:07:50,478] [SUBPROCESS]    R214;$10.$20.15;$10.$24.15;;0.0
[2026-08-13 17:07:50,479] [SUBPROCESS]    R215;$10.$200.18;$10.$201.25;;9.3
[2026-08-13 17:07:50,480] [SUBPROCESS]    R216;$10.$200.18;$10.$37.18;;27.106
[2026-08-13 17:07:50,480] [SUBPROCESS]    R217;$10.$200.18;$10.$41.18;;0.0
[2026-08-13 17:07:50,481] [SUBPROCESS]    R218;$10.$201.25;$10.$205.25;;0.029
[2026-08-13 17:07:50,481] [SUBPROCESS]    R219;$10.$202.18;$10.$203.25;;9.3
[2026-08-13 17:07:50,482] [SUBPROCESS]    R220;$10.$202.18;$10.$39.18;;27.106
[2026-08-13 17:07:50,483] [SUBPROCESS]    R221;$10.$202.18;$10.$43.18;;0.0
[2026-08-13 17:07:50,483] [SUBPROCESS]    R222;$10.$203.25;$10.$207.25;;0.029
[2026-08-13 17:07:50,484] [SUBPROCESS]    R223;$10.$204.18;$10.$205.25;;9.3
[2026-08-13 17:07:50,485] [SUBPROCESS]    R224;$10.$204.18;$10.$41.18;;27.106
[2026-08-13 17:07:50,485] [SUBPROCESS]    R225;$10.$204.18;$10.$45.18;;0.0
[2026-08-13 17:07:50,486] [SUBPROCESS]    R226;$10.$205.25;$10.$209.25;;0.029
[2026-08-13 17:07:50,486] [SUBPROCESS]    R227;$10.$206.18;$10.$207.25;;9.3
[2026-08-13 17:07:50,487] [SUBPROCESS]    R228;$10.$206.18;$10.$43.18;;27.106
[2026-08-13 17:07:50,487] [SUBPROCESS]    R229;$10.$206.18;$10.$47.18;;0.0
[2026-08-13 17:07:50,488] [SUBPROCESS]    R230;$10.$207.25;$10.$211.25;;0.029
[2026-08-13 17:07:50,489] [SUBPROCESS]    R231;$10.$208.18;$10.$209.25;;9.3
[2026-08-13 17:07:50,489] [SUBPROCESS]    R232;$10.$208.18;$10.$45.18;;27.106
[2026-08-13 17:07:50,490] [SUBPROCESS]    R233;$10.$208.18;$10.$49.18;;0.0
[2026-08-13 17:07:50,490] [SUBPROCESS]    R234;$10.$209.25;$10.$213.25;;0.029
[2026-08-13 17:07:50,490] [SUBPROCESS]    R235;$10.$210.18;$10.$211.25;;9.3
[2026-08-13 17:07:50,491] [SUBPROCESS]    R236;$10.$210.18;$10.$47.18;;27.106
[2026-08-13 17:07:50,491] [SUBPROCESS]    R237;$10.$210.18;$10.$51.18;;0.0
[2026-08-13 17:07:50,492] [SUBPROCESS]    R238;$10.$211.25;$10.$215.25;;0.029
[2026-08-13 17:07:50,492] [SUBPROCESS]    R239;$10.$212.18;$10.$213.25;;9.3
[2026-08-13 17:07:50,493] [SUBPROCESS]    R240;$10.$212.18;$10.$49.18;;27.106
[2026-08-13 17:07:50,493] [SUBPROCESS]    R241;$10.$212.18;$10.$53.18;;0.0
[2026-08-13 17:07:50,494] [SUBPROCESS]    R242;$10.$213.25;$10.$217.25;;0.029
[2026-08-13 17:07:50,494] [SUBPROCESS]    R243;$10.$214.18;$10.$215.25;;9.3
[2026-08-13 17:07:50,494] [SUBPROCESS]    R244;$10.$214.18;$10.$51.18;;27.106
[2026-08-13 17:07:50,495] [SUBPROCESS]    R245;$10.$214.18;$10.$55.18;;0.0
[2026-08-13 17:07:50,495] [SUBPROCESS]    R246;$10.$215.25;$10.$219.25;;0.029
[2026-08-13 17:07:50,496] [SUBPROCESS]    R247;$10.$216.18;$10.$217.25;;9.3
[2026-08-13 17:07:50,496] [SUBPROCESS]    R248;$10.$216.18;$10.$53.18;;27.106
[2026-08-13 17:07:50,497] [SUBPROCESS]    R249;$10.$216.18;$10.$57.18;;0.0
[2026-08-13 17:07:50,497] [SUBPROCESS]    R250;$10.$217.25;$10.$221.25;;0.029
[2026-08-13 17:07:50,497] [SUBPROCESS]    R251;$10.$218.18;$10.$219.25;;9.3
[2026-08-13 17:07:50,498] [SUBPROCESS]    R252;$10.$218.18;$10.$55.18;;27.106
[2026-08-13 17:07:50,498] [SUBPROCESS]    R253;$10.$218.18;$10.$59.18;;0.0
[2026-08-13 17:07:50,499] [SUBPROCESS]    R254;$10.$219.25;$10.$223.25;;0.029
[2026-08-13 17:07:50,499] [SUBPROCESS]    R255;$10.$22.15;$10.$23.18;;585.0
[2026-08-13 17:07:50,500] [SUBPROCESS]    R256;$10.$22.15;$10.$26.15;;0.0
[2026-08-13 17:07:50,500] [SUBPROCESS]    R257;$10.$220.18;$10.$221.25;;9.3
[2026-08-13 17:07:50,500] [SUBPROCESS]    R258;$10.$220.18;$10.$57.18;;27.106
[2026-08-13 17:07:50,501] [SUBPROCESS]    R259;$10.$220.18;$10.$61.18;;0.0
[2026-08-13 17:07:50,501] [SUBPROCESS]    R260;$10.$221.25;$10.$326.25;;0.027
[2026-08-13 17:07:50,502] [SUBPROCESS]    R261;$10.$222.18;$10.$223.25;;9.3
[2026-08-13 17:07:50,503] [SUBPROCESS]    R262;$10.$222.18;$10.$59.18;;27.106
[2026-08-13 17:07:50,503] [SUBPROCESS]    R263;$10.$222.18;$10.$63.18;;0.0
[2026-08-13 17:07:50,504] [SUBPROCESS]    R264;$10.$223.25;$10.$330.25;;0.027
[2026-08-13 17:07:50,504] [SUBPROCESS]    R265;$10.$224.18;$10.$225.25;;9.3
[2026-08-13 17:07:50,505] [SUBPROCESS]    R266;$10.$224.18;$10.$61.18;;27.106
[2026-08-13 17:07:50,505] [SUBPROCESS]    R267;$10.$224.18;$10.$65.18;;0.0
[2026-08-13 17:07:50,506] [SUBPROCESS]    R268;$10.$225.25;$10.$324.25;;0.002
[2026-08-13 17:07:50,506] [SUBPROCESS]    R269;$10.$225.25;$10.$338.25;;0.024
[2026-08-13 17:07:50,507] [SUBPROCESS]    R270;$10.$226.18;$10.$227.25;;9.3
[2026-08-13 17:07:50,507] [SUBPROCESS]    R271;$10.$226.18;$10.$63.18;;27.106
[2026-08-13 17:07:50,508] [SUBPROCESS]    R272;$10.$226.18;$10.$67.18;;0.0
[2026-08-13 17:07:50,508] [SUBPROCESS]    R273;$10.$227.25;$10.$328.25;;0.002
[2026-08-13 17:07:50,509] [SUBPROCESS]    R274;$10.$227.25;$10.$342.25;;0.024
[2026-08-13 17:07:50,509] [SUBPROCESS]    R275;$10.$228.18;$10.$229.25;;9.3
[2026-08-13 17:07:50,509] [SUBPROCESS]    R276;$10.$228.18;$10.$65.18;;27.106
[2026-08-13 17:07:50,510] [SUBPROCESS]    R277;$10.$228.18;$10.$69.18;;0.0
[2026-08-13 17:07:50,510] [SUBPROCESS]    R278;$10.$229.25;$10.$336.25;;0.005
[2026-08-13 17:07:50,511] [SUBPROCESS]    R279;$10.$230.18;$10.$231.25;;9.3
[2026-08-13 17:07:50,511] [SUBPROCESS]    R280;$10.$230.18;$10.$67.18;;27.106
[2026-08-13 17:07:50,512] [SUBPROCESS]    R281;$10.$230.18;$10.$71.18;;0.0
[2026-08-13 17:07:50,512] [SUBPROCESS]    R282;$10.$231.25;$10.$340.25;;0.005
[2026-08-13 17:07:50,512] [SUBPROCESS]    R283;$10.$232.18;$10.$233.25;;9.3
[2026-08-13 17:07:50,513] [SUBPROCESS]    R284;$10.$232.18;$10.$73.18;;0.0
[2026-08-13 17:07:50,513] [SUBPROCESS]    R285;$10.$233.25;$10.$344.25;;0.062
[2026-08-13 17:07:50,514] [SUBPROCESS]    R286;$10.$234.18;$10.$235.25;;9.3
[2026-08-13 17:07:50,514] [SUBPROCESS]    R287;$10.$234.18;$10.$75.18;;0.0
[2026-08-13 17:07:50,515] [SUBPROCESS]    R288;$10.$235.25;$10.$346.25;;0.179
[2026-08-13 17:07:50,515] [SUBPROCESS]    R289;$10.$236.18;$10.$237.25;;9.3
[2026-08-13 17:07:50,515] [SUBPROCESS]    R290;$10.$236.18;$10.$77.18;;0.0
[2026-08-13 17:07:50,516] [SUBPROCESS]    R291;$10.$237.25;$10.$380.25;;0.182
[2026-08-13 17:07:50,516] [SUBPROCESS]    R292;$10.$238.18;$10.$239.25;;9.3
[2026-08-13 17:07:50,517] [SUBPROCESS]    R293;$10.$238.18;$10.$79.18;;0.0
[2026-08-13 17:07:50,517] [SUBPROCESS]    R294;$10.$239.25;$10.$348.25;;0.134
[2026-08-13 17:07:50,518] [SUBPROCESS]    R295;$10.$24.15;$10.$25.18;;585.0
[2026-08-13 17:07:50,518] [SUBPROCESS]    R296;$10.$24.15;$10.$28.15;;0.0
[2026-08-13 17:07:50,519] [SUBPROCESS]    R297;$10.$240.18;$10.$241.25;;9.3
[2026-08-13 17:07:50,519] [SUBPROCESS]    R298;$10.$240.18;$10.$81.18;;0.0
[2026-08-13 17:07:50,520] [SUBPROCESS]    R299;$10.$241.25;$10.$356.25;;0.005
[2026-08-13 17:07:50,521] [SUBPROCESS]    R300;$10.$242.18;$10.$243.25;;9.3
[2026-08-13 17:07:50,521] [SUBPROCESS]    R301;$10.$242.18;$10.$83.18;;0.0
[2026-08-13 17:07:50,522] [SUBPROCESS]    R302;$10.$243.25;$10.$360.25;;0.005
[2026-08-13 17:07:50,523] [SUBPROCESS]    R303;$10.$244.18;$10.$245.25;;9.3
[2026-08-13 17:07:50,523] [SUBPROCESS]    R304;$10.$244.18;$10.$81.18;;27.106
[2026-08-13 17:07:50,524] [SUBPROCESS]    R305;$10.$244.18;$10.$85.18;;0.0
[2026-08-13 17:07:50,525] [SUBPROCESS]    R306;$10.$245.25;$10.$354.25;;0.024
[2026-08-13 17:07:50,525] [SUBPROCESS]    R307;$10.$245.25;$10.$368.25;;0.002
[2026-08-13 17:07:50,526] [SUBPROCESS]    R308;$10.$246.18;$10.$247.25;;9.3
[2026-08-13 17:07:50,526] [SUBPROCESS]    R309;$10.$246.18;$10.$83.18;;27.106
[2026-08-13 17:07:50,527] [SUBPROCESS]    R310;$10.$246.18;$10.$87.18;;0.0
[2026-08-13 17:07:50,527] [SUBPROCESS]    R311;$10.$247.25;$10.$358.25;;0.024
[2026-08-13 17:07:50,528] [SUBPROCESS]    R312;$10.$247.25;$10.$372.25;;0.002
[2026-08-13 17:07:50,528] [SUBPROCESS]    R313;$10.$248.18;$10.$249.25;;9.3
[2026-08-13 17:07:50,529] [SUBPROCESS]    R314;$10.$248.18;$10.$85.18;;27.106
[2026-08-13 17:07:50,529] [SUBPROCESS]    R315;$10.$248.18;$10.$89.18;;0.0
[2026-08-13 17:07:50,529] [SUBPROCESS]    R316;$10.$249.25;$10.$261.25;;0.029
[2026-08-13 17:07:50,530] [SUBPROCESS]    R317;$10.$249.25;$10.$366.25;;0.027
[2026-08-13 17:07:50,530] [SUBPROCESS]    R318;$10.$250.18;$10.$251.25;;9.3
[2026-08-13 17:07:50,531] [SUBPROCESS]    R319;$10.$250.18;$10.$87.18;;27.106
[2026-08-13 17:07:50,531] [SUBPROCESS]    R320;$10.$250.18;$10.$91.18;;0.0
[2026-08-13 17:07:50,532] [SUBPROCESS]    R321;$10.$251.25;$10.$263.25;;0.029
[2026-08-13 17:07:50,532] [SUBPROCESS]    R322;$10.$251.25;$10.$370.25;;0.027
[2026-08-13 17:07:50,533] [SUBPROCESS]    R323;$10.$252.18;$10.$253.25;;9.3
[2026-08-13 17:07:50,533] [SUBPROCESS]    R324;$10.$252.18;$10.$93.18;;0.0
[2026-08-13 17:07:50,534] [SUBPROCESS]    R325;$10.$253.25;$10.$374.25;;0.134
[2026-08-13 17:07:50,534] [SUBPROCESS]    R326;$10.$254.18;$10.$255.25;;9.3
[2026-08-13 17:07:50,535] [SUBPROCESS]    R327;$10.$254.18;$10.$95.18;;0.0
[2026-08-13 17:07:50,535] [SUBPROCESS]    R328;$10.$255.25;$10.$376.25;;0.179
[2026-08-13 17:07:50,536] [SUBPROCESS]    R329;$10.$256.18;$10.$257.25;;9.3
[2026-08-13 17:07:50,537] [SUBPROCESS]    R330;$10.$256.18;$10.$97.18;;0.0
[2026-08-13 17:07:50,537] [SUBPROCESS]    R331;$10.$257.25;$10.$381.25;;0.182
[2026-08-13 17:07:50,538] [SUBPROCESS]    R332;$10.$258.18;$10.$259.25;;9.3
[2026-08-13 17:07:50,538] [SUBPROCESS]    R333;$10.$258.18;$10.$99.18;;0.0
[2026-08-13 17:07:50,539] [SUBPROCESS]    R334;$10.$259.25;$10.$378.25;;0.062
[2026-08-13 17:07:50,539] [SUBPROCESS]    R335;$10.$26.15;$10.$27.18;;585.0
[2026-08-13 17:07:50,539] [SUBPROCESS]    R336;$10.$26.15;$10.$30.15;;0.0
[2026-08-13 17:07:50,540] [SUBPROCESS]    R337;$10.$260.18;$10.$261.25;;9.3
[2026-08-13 17:07:50,540] [SUBPROCESS]    R338;$10.$260.18;$10.$89.18;;27.106
[2026-08-13 17:07:50,541] [SUBPROCESS]    R339;$10.$261.25;$10.$265.25;;0.029
[2026-08-13 17:07:50,541] [SUBPROCESS]    R340;$10.$262.18;$10.$263.25;;9.3
[2026-08-13 17:07:50,542] [SUBPROCESS]    R341;$10.$262.18;$10.$91.18;;27.106
[2026-08-13 17:07:50,542] [SUBPROCESS]    R342;$10.$263.25;$10.$267.25;;0.029
[2026-08-13 17:07:50,543] [SUBPROCESS]    R343;$10.$264.18;$10.$265.25;;9.3
[2026-08-13 17:07:50,543] [SUBPROCESS]    R344;$10.$265.25;$10.$269.25;;0.029
[2026-08-13 17:07:50,544] [SUBPROCESS]    R345;$10.$266.18;$10.$267.25;;9.3
[2026-08-13 17:07:50,544] [SUBPROCESS]    R346;$10.$267.25;$10.$271.25;;0.029
[2026-08-13 17:07:50,544] [SUBPROCESS]    R347;$10.$268.18;$10.$269.25;;9.3
[2026-08-13 17:07:50,545] [SUBPROCESS]    R348;$10.$269.25;$10.$273.25;;0.029
[2026-08-13 17:07:50,545] [SUBPROCESS]    R349;$10.$270.18;$10.$271.25;;9.3
[2026-08-13 17:07:50,546] [SUBPROCESS]    R350;$10.$271.25;$10.$275.25;;0.029
[2026-08-13 17:07:50,546] [SUBPROCESS]    R351;$10.$272.18;$10.$273.25;;9.3
[2026-08-13 17:07:50,547] [SUBPROCESS]    R352;$10.$273.25;$10.$277.25;;0.029
[2026-08-13 17:07:50,547] [SUBPROCESS]    R353;$10.$274.18;$10.$275.25;;9.3
[2026-08-13 17:07:50,548] [SUBPROCESS]    R354;$10.$275.25;$10.$279.25;;0.029
[2026-08-13 17:07:50,548] [SUBPROCESS]    R355;$10.$276.18;$10.$277.25;;9.3
[2026-08-13 17:07:50,548] [SUBPROCESS]    R356;$10.$277.25;$10.$281.25;;0.029
[2026-08-13 17:07:50,549] [SUBPROCESS]    R357;$10.$278.18;$10.$279.25;;9.3
[2026-08-13 17:07:50,549] [SUBPROCESS]    R358;$10.$279.25;$10.$283.25;;0.029
[2026-08-13 17:07:50,550] [SUBPROCESS]    R359;$10.$28.15;$10.$29.18;;585.0
[2026-08-13 17:07:50,550] [SUBPROCESS]    R360;$10.$28.15;$10.$32.15;;0.0
[2026-08-13 17:07:50,551] [SUBPROCESS]    R361;$10.$280.18;$10.$281.25;;9.3
[2026-08-13 17:07:50,551] [SUBPROCESS]    R362;$10.$281.25;$10.$285.25;;0.111
[2026-08-13 17:07:50,551] [SUBPROCESS]    R363;$10.$282.18;$10.$283.25;;9.3
[2026-08-13 17:07:50,552] [SUBPROCESS]    R364;$10.$283.25;$10.$287.25;;0.111
[2026-08-13 17:07:50,553] [SUBPROCESS]    R365;$10.$284.18;$10.$285.25;;9.3
[2026-08-13 17:07:50,553] [SUBPROCESS]    R366;$10.$285.25;$10.$289.25;;0.029
[2026-08-13 17:07:50,554] [SUBPROCESS]    R367;$10.$286.18;$10.$287.25;;9.3
[2026-08-13 17:07:50,554] [SUBPROCESS]    R368;$10.$287.25;$10.$291.25;;0.029
[2026-08-13 17:07:50,555] [SUBPROCESS]    R369;$10.$288.18;$10.$289.25;;9.3
[2026-08-13 17:07:50,555] [SUBPROCESS]    R370;$10.$289.25;$10.$293.25;;0.029
[2026-08-13 17:07:50,555] [SUBPROCESS]    R371;$10.$290.18;$10.$291.25;;9.3
[2026-08-13 17:07:50,556] [SUBPROCESS]    R372;$10.$291.25;$10.$295.25;;0.029
[2026-08-13 17:07:50,556] [SUBPROCESS]    R373;$10.$292.18;$10.$293.25;;9.3
[2026-08-13 17:07:50,557] [SUBPROCESS]    R374;$10.$293.25;$10.$297.25;;0.029
[2026-08-13 17:07:50,557] [SUBPROCESS]    R375;$10.$294.18;$10.$295.25;;9.3
[2026-08-13 17:07:50,558] [SUBPROCESS]    R376;$10.$295.25;$10.$299.25;;0.029
[2026-08-13 17:07:50,558] [SUBPROCESS]    R377;$10.$296.18;$10.$297.25;;9.3
[2026-08-13 17:07:50,559] [SUBPROCESS]    R378;$10.$297.25;$10.$301.25;;0.029
[2026-08-13 17:07:50,559] [SUBPROCESS]    R379;$10.$298.18;$10.$299.25;;9.3
[2026-08-13 17:07:50,560] [SUBPROCESS]    R380;$10.$299.25;$10.$303.25;;0.029
[2026-08-13 17:07:50,560] [SUBPROCESS]    R381;$10.$30.15;$10.$31.18;;585.0
[2026-08-13 17:07:50,561] [SUBPROCESS]    R382;$10.$30.15;$10.$34.15;;0.0
[2026-08-13 17:07:50,562] [SUBPROCESS]    R383;$10.$300.18;$10.$301.25;;9.3
[2026-08-13 17:07:50,562] [SUBPROCESS]    R384;$10.$301.25;$10.$305.25;;0.029
[2026-08-13 17:07:50,563] [SUBPROCESS]    R385;$10.$302.18;$10.$303.25;;9.3
[2026-08-13 17:07:50,563] [SUBPROCESS]    R386;$10.$303.25;$10.$307.25;;0.029
[2026-08-13 17:07:50,564] [SUBPROCESS]    R387;$10.$304.18;$10.$305.25;;9.3
[2026-08-13 17:07:50,565] [SUBPROCESS]    R388;$10.$305.25;$10.$309.25;;0.029
[2026-08-13 17:07:50,565] [SUBPROCESS]    R389;$10.$306.18;$10.$307.25;;9.3
[2026-08-13 17:07:50,566] [SUBPROCESS]    R390;$10.$307.25;$10.$311.25;;0.029
[2026-08-13 17:07:50,566] [SUBPROCESS]    R391;$10.$308.18;$10.$309.25;;9.3
[2026-08-13 17:07:50,567] [SUBPROCESS]    R392;$10.$309.25;$10.$313.25;;0.029
[2026-08-13 17:07:50,567] [SUBPROCESS]    R393;$10.$310.18;$10.$311.25;;9.3
[2026-08-13 17:07:50,568] [SUBPROCESS]    R394;$10.$311.25;$10.$315.25;;0.029
[2026-08-13 17:07:50,568] [SUBPROCESS]    R395;$10.$312.18;$10.$313.25;;9.3
[2026-08-13 17:07:50,569] [SUBPROCESS]    R396;$10.$313.25;$10.$317.25;;0.029
[2026-08-13 17:07:50,569] [SUBPROCESS]    R397;$10.$314.18;$10.$315.25;;9.3
[2026-08-13 17:07:50,570] [SUBPROCESS]    R398;$10.$315.25;$10.$319.25;;0.029
[2026-08-13 17:07:50,571] [SUBPROCESS]    R399;$10.$316.18;$10.$317.25;;9.3
[2026-08-13 17:07:50,571] [SUBPROCESS]    R400;$10.$318.18;$10.$319.25;;9.3
[2026-08-13 17:07:50,572] [SUBPROCESS]    R401;$10.$32.15;$10.$33.18;;585.0
[2026-08-13 17:07:50,572] [SUBPROCESS]    R402;$10.$320.25;$10.$321.26;;4.5
[2026-08-13 17:07:50,573] [SUBPROCESS]    R403;$10.$320.25;$10.$332.25;;0.0
[2026-08-13 17:07:50,573] [SUBPROCESS]    R404;$10.$321.26;$10.$333.26;;0.0
[2026-08-13 17:07:50,574] [SUBPROCESS]    R405;$10.$322.25;$10.$323.26;;4.5
[2026-08-13 17:07:50,574] [SUBPROCESS]    R406;$10.$322.25;$10.$332.25;;0.062
[2026-08-13 17:07:50,575] [SUBPROCESS]    R407;$10.$322.25;$10.$334.25;;0.076
[2026-08-13 17:07:50,575] [SUBPROCESS]    R408;$10.$323.26;$10.$382.26;;0.038
[2026-08-13 17:07:50,575] [SUBPROCESS]    R409;$10.$324.25;$10.$325.26;;4.5
[2026-08-13 17:07:50,576] [SUBPROCESS]    R410;$10.$324.25;$10.$326.25;;0.0
[2026-08-13 17:07:50,576] [SUBPROCESS]    R411;$10.$325.26;$10.$384.26;;0.059
[2026-08-13 17:07:50,577] [SUBPROCESS]    R412;$10.$326.25;$10.$327.26;;4.5
[2026-08-13 17:07:50,577] [SUBPROCESS]    R413;$10.$327.26;$10.$384.26;;0.059
[2026-08-13 17:07:50,578] [SUBPROCESS]    R414;$10.$328.25;$10.$329.26;;4.5
[2026-08-13 17:07:50,578] [SUBPROCESS]    R415;$10.$328.25;$10.$330.25;;0.0
[2026-08-13 17:07:50,579] [SUBPROCESS]    R416;$10.$329.26;$10.$383.26;;0.038
[2026-08-13 17:07:50,579] [SUBPROCESS]    R417;$10.$330.25;$10.$331.26;;4.5
[2026-08-13 17:07:50,579] [SUBPROCESS]    R418;$10.$331.26;$10.$343.26;;0.0
[2026-08-13 17:07:50,580] [SUBPROCESS]    R419;$10.$331.26;$10.$383.26;;0.033
[2026-08-13 17:07:50,580] [SUBPROCESS]    R420;$10.$332.25;$10.$333.26;;4.5
[2026-08-13 17:07:50,581] [SUBPROCESS]    R421;$10.$333.26;$10.$382.26;;0.033
[2026-08-13 17:07:50,581] [SUBPROCESS]    R422;$10.$334.25;$10.$335.26;;4.5
[2026-08-13 17:07:50,582] [SUBPROCESS]    R423;$10.$334.25;$10.$352.25;;1.59
[2026-08-13 17:07:50,582] [SUBPROCESS]    R424;$10.$335.26;$10.$337.26;;5.356
[2026-08-13 17:07:50,583] [SUBPROCESS]    R425;$10.$335.26;$10.$382.26;;0.073
[2026-08-13 17:07:50,583] [SUBPROCESS]    R426;$10.$336.25;$10.$337.26;;4.5
[2026-08-13 17:07:50,584] [SUBPROCESS]    R427;$10.$336.25;$10.$338.25;;0.0
[2026-08-13 17:07:50,584] [SUBPROCESS]    R428;$10.$337.26;$10.$384.26;;0.043
[2026-08-13 17:07:50,585] [SUBPROCESS]    R429;$10.$338.25;$10.$339.26;;4.5
[2026-08-13 17:07:50,586] [SUBPROCESS]    R430;$10.$339.26;$10.$341.26;;3.322
[2026-08-13 17:07:50,586] [SUBPROCESS]    R431;$10.$339.26;$10.$384.26;;0.043
[2026-08-13 17:07:50,587] [SUBPROCESS]    R432;$10.$34.15;$10.$35.18;;585.0
[2026-08-13 17:07:50,587] [SUBPROCESS]    R433;$10.$340.25;$10.$341.26;;4.5
[2026-08-13 17:07:50,588] [SUBPROCESS]    R434;$10.$340.25;$10.$342.25;;0.0
[2026-08-13 17:07:50,588] [SUBPROCESS]    R435;$10.$341.26;$10.$383.26;;0.073
[2026-08-13 17:07:50,589] [SUBPROCESS]    R436;$10.$342.25;$10.$343.26;;4.5
[2026-08-13 17:07:50,589] [SUBPROCESS]    R437;$10.$344.25;$10.$345.26;;4.5
[2026-08-13 17:07:50,590] [SUBPROCESS]    R438;$10.$344.25;$10.$374.25;;0.885
[2026-08-13 17:07:50,590] [SUBPROCESS]    R439;$10.$345.26;$10.$347.26;;1.312
[2026-08-13 17:07:50,591] [SUBPROCESS]    R440;$10.$346.25;$10.$347.26;;4.5
[2026-08-13 17:07:50,591] [SUBPROCESS]    R441;$10.$346.25;$10.$380.25;;0.002
[2026-08-13 17:07:50,592] [SUBPROCESS]    R442;$10.$347.26;$10.$349.26;;1.318
[2026-08-13 17:07:50,592] [SUBPROCESS]    R443;$10.$348.25;$10.$349.26;;4.5
[2026-08-13 17:07:50,592] [SUBPROCESS]    R444;$10.$348.25;$10.$378.25;;0.885
[2026-08-13 17:07:50,593] [SUBPROCESS]    R445;$10.$349.26;$10.$387.26;;1.116
[2026-08-13 17:07:50,593] [SUBPROCESS]    R446;$10.$350.25;$10.$351.26;;4.5
[2026-08-13 17:07:50,594] [SUBPROCESS]    R447;$10.$350.25;$10.$362.25;;0.0
[2026-08-13 17:07:50,594] [SUBPROCESS]    R448;$10.$351.26;$10.$387.26;;1.516
[2026-08-13 17:07:50,595] [SUBPROCESS]    R449;$10.$351.26;$10.$388.26;;0.043
[2026-08-13 17:07:50,595] [SUBPROCESS]    R450;$10.$352.25;$10.$353.26;;4.5
[2026-08-13 17:07:50,596] [SUBPROCESS]    R451;$10.$352.25;$10.$364.25;;0.076
[2026-08-13 17:07:50,596] [SUBPROCESS]    R452;$10.$353.26;$10.$355.26;;5.344
[2026-08-13 17:07:50,596] [SUBPROCESS]    R453;$10.$353.26;$10.$388.26;;0.043
[2026-08-13 17:07:50,597] [SUBPROCESS]    R454;$10.$354.25;$10.$355.26;;4.5
[2026-08-13 17:07:50,597] [SUBPROCESS]    R455;$10.$354.25;$10.$356.25;;0.0
[2026-08-13 17:07:50,598] [SUBPROCESS]    R456;$10.$355.26;$10.$385.26;;0.043
[2026-08-13 17:07:50,598] [SUBPROCESS]    R457;$10.$356.25;$10.$357.26;;4.5
[2026-08-13 17:07:50,599] [SUBPROCESS]    R458;$10.$357.26;$10.$359.26;;3.322
[2026-08-13 17:07:50,600] [SUBPROCESS]    R459;$10.$357.26;$10.$385.26;;0.043
[2026-08-13 17:07:50,600] [SUBPROCESS]    R460;$10.$358.25;$10.$359.26;;4.5
[2026-08-13 17:07:50,601] [SUBPROCESS]    R461;$10.$358.25;$10.$360.25;;0.0
[2026-08-13 17:07:50,601] [SUBPROCESS]    R462;$10.$359.26;$10.$386.26;;0.073
[2026-08-13 17:07:50,602] [SUBPROCESS]    R463;$10.$36.15;$10.$37.18;;585.0
[2026-08-13 17:07:50,603] [SUBPROCESS]    R464;$10.$36.15;$10.$40.15;;0.0
[2026-08-13 17:07:50,604] [SUBPROCESS]    R465;$10.$360.25;$10.$361.26;;4.5
[2026-08-13 17:07:50,605] [SUBPROCESS]    R466;$10.$361.26;$10.$373.26;;0.0
[2026-08-13 17:07:50,605] [SUBPROCESS]    R467;$10.$361.26;$10.$386.26;;0.033
[2026-08-13 17:07:50,606] [SUBPROCESS]    R468;$10.$362.25;$10.$363.26;;4.5
[2026-08-13 17:07:50,606] [SUBPROCESS]    R469;$10.$362.25;$10.$364.25;;0.062
[2026-08-13 17:07:50,607] [SUBPROCESS]    R470;$10.$363.26;$10.$388.26;;0.059
[2026-08-13 17:07:50,607] [SUBPROCESS]    R471;$10.$364.25;$10.$365.26;;4.5
[2026-08-13 17:07:50,608] [SUBPROCESS]    R472;$10.$365.26;$10.$388.26;;0.059
[2026-08-13 17:07:50,608] [SUBPROCESS]    R473;$10.$366.25;$10.$367.26;;4.5
[2026-08-13 17:07:50,609] [SUBPROCESS]    R474;$10.$366.25;$10.$368.25;;0.0
[2026-08-13 17:07:50,609] [SUBPROCESS]    R475;$10.$367.26;$10.$385.26;;0.059
[2026-08-13 17:07:50,609] [SUBPROCESS]    R476;$10.$368.25;$10.$369.26;;4.5
[2026-08-13 17:07:50,610] [SUBPROCESS]    R477;$10.$369.26;$10.$385.26;;0.059
[2026-08-13 17:07:50,610] [SUBPROCESS]    R478;$10.$370.25;$10.$371.26;;4.5
[2026-08-13 17:07:50,611] [SUBPROCESS]    R479;$10.$370.25;$10.$372.25;;0.0
[2026-08-13 17:07:50,611] [SUBPROCESS]    R480;$10.$371.26;$10.$386.26;;0.038
[2026-08-13 17:07:50,612] [SUBPROCESS]    R481;$10.$372.25;$10.$373.26;;4.5
[2026-08-13 17:07:50,612] [SUBPROCESS]    R482;$10.$374.25;$10.$375.26;;4.5
[2026-08-13 17:07:50,613] [SUBPROCESS]    R483;$10.$375.26;$10.$377.26;;1.312
[2026-08-13 17:07:50,613] [SUBPROCESS]    R484;$10.$376.25;$10.$377.26;;4.5
[2026-08-13 17:07:50,614] [SUBPROCESS]    R485;$10.$376.25;$10.$381.25;;0.002
[2026-08-13 17:07:50,614] [SUBPROCESS]    R486;$10.$377.26;$10.$379.26;;1.318
[2026-08-13 17:07:50,614] [SUBPROCESS]    R487;$10.$378.25;$10.$379.26;;4.5
[2026-08-13 17:07:50,615] [SUBPROCESS]    R488;$10.$379.26;$10.$387.26;;0.992
[2026-08-13 17:07:50,615] [SUBPROCESS]    R489;$10.$38.15;$10.$39.18;;585.0
[2026-08-13 17:07:50,616] [SUBPROCESS]    R490;$10.$38.15;$10.$42.15;;0.0
[2026-08-13 17:07:50,616] [SUBPROCESS]    R491;$10.$380.25;$10.$381.25;;0.688
[2026-08-13 17:07:50,617] [SUBPROCESS]    R492;$10.$4.15;$10.$5.18;;585.0
[2026-08-13 17:07:50,617] [SUBPROCESS]    R493;$10.$4.15;$10.$8.15;;0.0
[2026-08-13 17:07:50,618] [SUBPROCESS]    R494;$10.$40.15;$10.$41.18;;585.0
[2026-08-13 17:07:50,618] [SUBPROCESS]    R495;$10.$40.15;$10.$44.15;;0.0
[2026-08-13 17:07:50,619] [SUBPROCESS]    R496;$10.$42.15;$10.$43.18;;585.0
[2026-08-13 17:07:50,620] [SUBPROCESS]    R497;$10.$42.15;$10.$46.15;;0.0
[2026-08-13 17:07:50,620] [SUBPROCESS]    R498;$10.$44.15;$10.$45.18;;585.0
[2026-08-13 17:07:50,621] [SUBPROCESS]    R499;$10.$44.15;$10.$48.15;;0.0
[2026-08-13 17:07:50,621] [SUBPROCESS]    R500;$10.$46.15;$10.$47.18;;585.0
[2026-08-13 17:07:50,622] [SUBPROCESS]    R501;$10.$46.15;$10.$50.15;;0.0
[2026-08-13 17:07:50,622] [SUBPROCESS]    R502;$10.$48.15;$10.$49.18;;585.0
[2026-08-13 17:07:50,623] [SUBPROCESS]    R503;$10.$48.15;$10.P6.15;;0.0
[2026-08-13 17:07:50,623] [SUBPROCESS]    R504;$10.$50.15;$10.$51.18;;585.0
[2026-08-13 17:07:50,624] [SUBPROCESS]    R505;$10.$50.15;$10.P2.15;;0.0
[2026-08-13 17:07:50,624] [SUBPROCESS]    R506;$10.$52.15;$10.$53.18;;585.0
[2026-08-13 17:07:50,625] [SUBPROCESS]    R507;$10.$52.15;$10.$56.15;;0.0
[2026-08-13 17:07:50,625] [SUBPROCESS]    R508;$10.$52.15;$10.P6.15;;0.0
[2026-08-13 17:07:50,626] [SUBPROCESS]    R509;$10.$54.15;$10.$55.18;;585.0
[2026-08-13 17:07:50,626] [SUBPROCESS]    R510;$10.$54.15;$10.$58.15;;0.0
[2026-08-13 17:07:50,627] [SUBPROCESS]    R511;$10.$54.15;$10.P2.15;;0.0
[2026-08-13 17:07:50,627] [SUBPROCESS]    R512;$10.$56.15;$10.$57.18;;585.0
[2026-08-13 17:07:50,627] [SUBPROCESS]    R513;$10.$56.15;$10.$60.15;;0.0
[2026-08-13 17:07:50,628] [SUBPROCESS]    R514;$10.$58.15;$10.$59.18;;585.0
[2026-08-13 17:07:50,628] [SUBPROCESS]    R515;$10.$58.15;$10.$62.15;;0.0
[2026-08-13 17:07:50,629] [SUBPROCESS]    R516;$10.$6.15;$10.$7.18;;585.0
[2026-08-13 17:07:50,629] [SUBPROCESS]    R517;$10.$60.15;$10.$61.18;;585.0
[2026-08-13 17:07:50,630] [SUBPROCESS]    R518;$10.$60.15;$10.$64.15;;0.0
[2026-08-13 17:07:50,630] [SUBPROCESS]    R519;$10.$62.15;$10.$63.18;;585.0
[2026-08-13 17:07:50,631] [SUBPROCESS]    R520;$10.$62.15;$10.$66.15;;0.0
[2026-08-13 17:07:50,631] [SUBPROCESS]    R521;$10.$64.15;$10.$65.18;;585.0
[2026-08-13 17:07:50,632] [SUBPROCESS]    R522;$10.$64.15;$10.$68.15;;0.0
[2026-08-13 17:07:50,632] [SUBPROCESS]    R523;$10.$66.15;$10.$67.18;;585.0
[2026-08-13 17:07:50,633] [SUBPROCESS]    R524;$10.$66.15;$10.$70.15;;0.0
[2026-08-13 17:07:50,633] [SUBPROCESS]    R525;$10.$68.15;$10.$69.18;;585.0
[2026-08-13 17:07:50,633] [SUBPROCESS]    R526;$10.$70.15;$10.$71.18;;585.0
[2026-08-13 17:07:50,634] [SUBPROCESS]    R527;$10.$72.15;$10.$73.18;;585.0
[2026-08-13 17:07:50,634] [SUBPROCESS]    R528;$10.$72.15;$10.P9.15;;0.0
[2026-08-13 17:07:50,635] [SUBPROCESS]    R529;$10.$74.15;$10.$75.18;;585.0
[2026-08-13 17:07:50,636] [SUBPROCESS]    R530;$10.$74.15;$10.P13.15;;0.0
[2026-08-13 17:07:50,636] [SUBPROCESS]    R531;$10.$76.15;$10.$77.18;;585.0
[2026-08-13 17:07:50,637] [SUBPROCESS]    R532;$10.$76.15;$10.P11.15;;0.0
[2026-08-13 17:07:50,638] [SUBPROCESS]    R533;$10.$78.15;$10.$79.18;;585.0
[2026-08-13 17:07:50,638] [SUBPROCESS]    R534;$10.$78.15;$10.P15.15;;0.0
[2026-08-13 17:07:50,638] [SUBPROCESS]    R535;$10.$8.15;$10.$9.18;;585.0
[2026-08-13 17:07:50,639] [SUBPROCESS]    R536;$10.$80.15;$10.$81.18;;585.0
[2026-08-13 17:07:50,640] [SUBPROCESS]    R537;$10.$80.15;$10.$84.15;;0.0
[2026-08-13 17:07:50,640] [SUBPROCESS]    R538;$10.$82.15;$10.$83.18;;585.0
[2026-08-13 17:07:50,641] [SUBPROCESS]    R539;$10.$82.15;$10.$86.15;;0.0
[2026-08-13 17:07:50,642] [SUBPROCESS]    R540;$10.$84.15;$10.$85.18;;585.0
[2026-08-13 17:07:50,642] [SUBPROCESS]    R541;$10.$84.15;$10.$88.15;;0.0
[2026-08-13 17:07:50,643] [SUBPROCESS]    R542;$10.$86.15;$10.$87.18;;585.0
[2026-08-13 17:07:50,644] [SUBPROCESS]    R543;$10.$86.15;$10.$90.15;;0.0
[2026-08-13 17:07:50,644] [SUBPROCESS]    R544;$10.$88.15;$10.$89.18;;585.0
[2026-08-13 17:07:50,645] [SUBPROCESS]    R545;$10.$90.15;$10.$91.18;;585.0
[2026-08-13 17:07:50,645] [SUBPROCESS]    R546;$10.$92.15;$10.$93.18;;585.0
[2026-08-13 17:07:50,646] [SUBPROCESS]    R547;$10.$92.15;$10.P8.15;;0.0
[2026-08-13 17:07:50,646] [SUBPROCESS]    R548;$10.$94.15;$10.$95.18;;585.0
[2026-08-13 17:07:50,647] [SUBPROCESS]    R549;$10.$94.15;$10.P12.15;;0.0
[2026-08-13 17:07:50,647] [SUBPROCESS]    R550;$10.$96.15;$10.$97.18;;585.0
[2026-08-13 17:07:50,648] [SUBPROCESS]    R551;$10.$96.15;$10.P10.15;;0.0
[2026-08-13 17:07:50,648] [SUBPROCESS]    R552;$10.$98.15;$10.$99.18;;585.0
[2026-08-13 17:07:50,649] [SUBPROCESS]    R553;$10.$98.15;$10.P14.15;;0.0
[2026-08-13 17:07:50,649] [SUBPROCESS]    R554;$12.$0.15;$12.$1.18;;585.0
[2026-08-13 17:07:50,649] [SUBPROCESS]    R555;$12.$0.15;$12.P1.15;;0.0
[2026-08-13 17:07:50,650] [SUBPROCESS]    R556;$12.$1.18;$12.$20.18;;0.0
[2026-08-13 17:07:50,650] [SUBPROCESS]    R557;$12.$10.15;$12.$11.18;;585.0
[2026-08-13 17:07:50,651] [SUBPROCESS]    R558;$12.$10.15;$12.$12.15;;0.0
[2026-08-13 17:07:50,651] [SUBPROCESS]    R559;$12.$10.15;$12.P0.15;;0.0
[2026-08-13 17:07:50,651] [SUBPROCESS]    R560;$12.$11.18;$12.$30.18;;0.0
[2026-08-13 17:07:50,652] [SUBPROCESS]    R561;$12.$11.18;$12.$32.18;;27.106
[2026-08-13 17:07:50,653] [SUBPROCESS]    R562;$12.$12.15;$12.$13.18;;585.0
[2026-08-13 17:07:50,654] [SUBPROCESS]    R563;$12.$12.15;$12.$14.15;;0.0
[2026-08-13 17:07:50,654] [SUBPROCESS]    R564;$12.$13.18;$12.$32.18;;0.0
[2026-08-13 17:07:50,654] [SUBPROCESS]    R565;$12.$13.18;$12.$34.18;;27.106
[2026-08-13 17:07:50,655] [SUBPROCESS]    R566;$12.$14.15;$12.$15.18;;585.0
[2026-08-13 17:07:50,656] [SUBPROCESS]    R567;$12.$14.15;$12.$16.15;;0.0
[2026-08-13 17:07:50,656] [SUBPROCESS]    R568;$12.$15.18;$12.$34.18;;0.0
[2026-08-13 17:07:50,657] [SUBPROCESS]    R569;$12.$15.18;$12.$36.18;;27.106
[2026-08-13 17:07:50,657] [SUBPROCESS]    R570;$12.$16.15;$12.$17.18;;585.0
[2026-08-13 17:07:50,658] [SUBPROCESS]    R571;$12.$16.15;$12.$18.15;;0.0
[2026-08-13 17:07:50,658] [SUBPROCESS]    R572;$12.$17.18;$12.$36.18;;0.0
[2026-08-13 17:07:50,658] [SUBPROCESS]    R573;$12.$17.18;$12.$38.18;;27.106
[2026-08-13 17:07:50,659] [SUBPROCESS]    R574;$12.$18.15;$12.$19.18;;585.0
[2026-08-13 17:07:50,659] [SUBPROCESS]    R575;$12.$19.18;$12.$38.18;;0.0
[2026-08-13 17:07:50,660] [SUBPROCESS]    R576;$12.$2.15;$12.$3.18;;585.0
[2026-08-13 17:07:50,660] [SUBPROCESS]    R577;$12.$2.15;$12.$4.15;;0.0
[2026-08-13 17:07:50,661] [SUBPROCESS]    R578;$12.$20.18;$12.$21.25;;9.3
[2026-08-13 17:07:50,661] [SUBPROCESS]    R579;$12.$21.25;$12.$40.25;;0.657
[2026-08-13 17:07:50,661] [SUBPROCESS]    R580;$12.$22.18;$12.$23.25;;9.3
[2026-08-13 17:07:50,662] [SUBPROCESS]    R581;$12.$22.18;$12.$3.18;;0.0
[2026-08-13 17:07:50,662] [SUBPROCESS]    R582;$12.$23.25;$12.$25.25;;0.029
[2026-08-13 17:07:50,663] [SUBPROCESS]    R583;$12.$24.18;$12.$25.25;;9.3
[2026-08-13 17:07:50,663] [SUBPROCESS]    R584;$12.$24.18;$12.$3.18;;27.106
[2026-08-13 17:07:50,664] [SUBPROCESS]    R585;$12.$24.18;$12.$5.18;;0.0
[2026-08-13 17:07:50,664] [SUBPROCESS]    R586;$12.$25.25;$12.$27.25;;0.029
[2026-08-13 17:07:50,664] [SUBPROCESS]    R587;$12.$26.18;$12.$27.25;;9.3
[2026-08-13 17:07:50,665] [SUBPROCESS]    R588;$12.$26.18;$12.$5.18;;27.106
[2026-08-13 17:07:50,665] [SUBPROCESS]    R589;$12.$26.18;$12.$7.18;;0.0
[2026-08-13 17:07:50,666] [SUBPROCESS]    R590;$12.$27.25;$12.$29.25;;0.029
[2026-08-13 17:07:50,666] [SUBPROCESS]    R591;$12.$28.18;$12.$29.25;;9.3
[2026-08-13 17:07:50,667] [SUBPROCESS]    R592;$12.$28.18;$12.$7.18;;27.106
[2026-08-13 17:07:50,667] [SUBPROCESS]    R593;$12.$28.18;$12.$9.18;;0.0
[2026-08-13 17:07:50,667] [SUBPROCESS]    R594;$12.$29.25;$12.$46.25;;0.016
[2026-08-13 17:07:50,668] [SUBPROCESS]    R595;$12.$30.18;$12.$31.25;;9.3
[2026-08-13 17:07:50,669] [SUBPROCESS]    R596;$12.$30.18;$12.$9.18;;27.106
[2026-08-13 17:07:50,669] [SUBPROCESS]    R597;$12.$31.25;$12.$44.25;;0.013
[2026-08-13 17:07:50,670] [SUBPROCESS]    R598;$12.$31.25;$12.$52.25;;0.013
[2026-08-13 17:07:50,670] [SUBPROCESS]    R599;$12.$32.18;$12.$33.25;;9.3
[2026-08-13 17:07:50,671] [SUBPROCESS]    R600;$12.$33.25;$12.$35.25;;0.029
[2026-08-13 17:07:50,671] [SUBPROCESS]    R601;$12.$33.25;$12.$50.25;;0.016
[2026-08-13 17:07:50,672] [SUBPROCESS]    R602;$12.$34.18;$12.$35.25;;9.3
[2026-08-13 17:07:50,673] [SUBPROCESS]    R603;$12.$35.25;$12.$37.25;;0.029
[2026-08-13 17:07:50,673] [SUBPROCESS]    R604;$12.$36.18;$12.$37.25;;9.3
[2026-08-13 17:07:50,673] [SUBPROCESS]    R605;$12.$37.25;$12.$39.25;;0.029
[2026-08-13 17:07:50,674] [SUBPROCESS]    R606;$12.$38.18;$12.$39.25;;9.3
[2026-08-13 17:07:50,674] [SUBPROCESS]    R607;$12.$4.15;$12.$5.18;;585.0
[2026-08-13 17:07:50,675] [SUBPROCESS]    R608;$12.$4.15;$12.$6.15;;0.0
[2026-08-13 17:07:50,675] [SUBPROCESS]    R609;$12.$40.25;$12.$41.26;;4.5
[2026-08-13 17:07:50,676] [SUBPROCESS]    R610;$12.$41.26;$12.$43.26;;1.135
[2026-08-13 17:07:50,676] [SUBPROCESS]    R611;$12.$42.25;$12.$43.26;;4.5
[2026-08-13 17:07:50,676] [SUBPROCESS]    R612;$12.$42.25;$12.$48.25;;1.035
[2026-08-13 17:07:50,677] [SUBPROCESS]    R613;$12.$44.25;$12.$45.26;;4.5
[2026-08-13 17:07:50,677] [SUBPROCESS]    R614;$12.$44.25;$12.$46.25;;0.0
[2026-08-13 17:07:50,678] [SUBPROCESS]    R615;$12.$45.26;$12.$49.26;;10.046
[2026-08-13 17:07:50,678] [SUBPROCESS]    R616;$12.$45.26;$12.$51.26;;0.0
[2026-08-13 17:07:50,679] [SUBPROCESS]    R617;$12.$46.25;$12.$47.26;;4.5
[2026-08-13 17:07:50,679] [SUBPROCESS]    R618;$12.$47.26;$12.$51.26;;0.05
[2026-08-13 17:07:50,680] [SUBPROCESS]    R619;$12.$47.26;$12.$53.26;;0.0
[2026-08-13 17:07:50,680] [SUBPROCESS]    R620;$12.$48.25;$12.$49.26;;4.5
[2026-08-13 17:07:50,681] [SUBPROCESS]    R621;$12.$50.25;$12.$51.26;;4.5
[2026-08-13 17:07:50,681] [SUBPROCESS]    R622;$12.$50.25;$12.$52.25;;0.0
[2026-08-13 17:07:50,681] [SUBPROCESS]    R623;$12.$52.25;$12.$53.26;;4.5
[2026-08-13 17:07:50,682] [SUBPROCESS]    R624;$12.$6.15;$12.$7.18;;585.0
[2026-08-13 17:07:50,682] [SUBPROCESS]    R625;$12.$6.15;$12.$8.15;;0.0
[2026-08-13 17:07:50,683] [SUBPROCESS]    R626;$12.$8.15;$12.$9.18;;585.0
[2026-08-13 17:07:50,684] [SUBPROCESS]    R627;$12.$8.15;$12.P0.15;;0.0
[2026-08-13 17:07:50,684] [SUBPROCESS]    R628;$2.$0.15;$2.$1.18;;585.0
[2026-08-13 17:07:50,685] [SUBPROCESS]    R629;$2.$0.15;$2.$2.15;;0.0
[2026-08-13 17:07:50,686] [SUBPROCESS]    R630;$2.$1.18;$2.$80.18;;0.0
[2026-08-13 17:07:50,686] [SUBPROCESS]    R631;$2.$1.18;$2.$82.18;;27.106
[2026-08-13 17:07:50,687] [SUBPROCESS]    R632;$2.$10.15;$2.$11.18;;585.0
[2026-08-13 17:07:50,687] [SUBPROCESS]    R633;$2.$10.15;$2.$12.15;;0.0
[2026-08-13 17:07:50,688] [SUBPROCESS]    R634;$2.$10.15;$2.$8.15;;0.0
[2026-08-13 17:07:50,688] [SUBPROCESS]    R635;$2.$100.18;$2.$101.25;;9.3
[2026-08-13 17:07:50,689] [SUBPROCESS]    R636;$2.$100.18;$2.$21.18;;0.0
[2026-08-13 17:07:50,689] [SUBPROCESS]    R637;$2.$101.25;$2.$105.25;;0.029
[2026-08-13 17:07:50,690] [SUBPROCESS]    R638;$2.$102.18;$2.$103.25;;9.3
[2026-08-13 17:07:50,690] [SUBPROCESS]    R639;$2.$102.18;$2.$19.18;;27.106
[2026-08-13 17:07:50,691] [SUBPROCESS]    R640;$2.$102.18;$2.$23.18;;0.0
[2026-08-13 17:07:50,691] [SUBPROCESS]    R641;$2.$103.25;$2.$107.25;;0.029
[2026-08-13 17:07:50,692] [SUBPROCESS]    R642;$2.$103.25;$2.$99.25;;0.029
[2026-08-13 17:07:50,692] [SUBPROCESS]    R643;$2.$104.18;$2.$105.25;;9.3
[2026-08-13 17:07:50,692] [SUBPROCESS]    R644;$2.$104.18;$2.$21.18;;27.106
[2026-08-13 17:07:50,693] [SUBPROCESS]    R645;$2.$104.18;$2.$25.18;;0.0
[2026-08-13 17:07:50,693] [SUBPROCESS]    R646;$2.$105.25;$2.$109.25;;0.029
[2026-08-13 17:07:50,694] [SUBPROCESS]    R647;$2.$106.18;$2.$107.25;;9.3
[2026-08-13 17:07:50,694] [SUBPROCESS]    R648;$2.$106.18;$2.$23.18;;27.106
[2026-08-13 17:07:50,695] [SUBPROCESS]    R649;$2.$106.18;$2.$27.18;;0.0
[2026-08-13 17:07:50,695] [SUBPROCESS]    R650;$2.$107.25;$2.$111.25;;0.029
[2026-08-13 17:07:50,695] [SUBPROCESS]    R651;$2.$108.18;$2.$109.25;;9.3
[2026-08-13 17:07:50,696] [SUBPROCESS]    R652;$2.$108.18;$2.$25.18;;27.106
[2026-08-13 17:07:50,696] [SUBPROCESS]    R653;$2.$108.18;$2.$29.18;;0.0
[2026-08-13 17:07:50,697] [SUBPROCESS]    R654;$2.$109.25;$2.$113.25;;0.029
[2026-08-13 17:07:50,697] [SUBPROCESS]    R655;$2.$11.18;$2.$90.18;;0.0
[2026-08-13 17:07:50,697] [SUBPROCESS]    R656;$2.$11.18;$2.$92.18;;27.106
[2026-08-13 17:07:50,698] [SUBPROCESS]    R657;$2.$110.18;$2.$111.25;;9.3
[2026-08-13 17:07:50,698] [SUBPROCESS]    R658;$2.$110.18;$2.$27.18;;27.106
[2026-08-13 17:07:50,699] [SUBPROCESS]    R659;$2.$110.18;$2.$31.18;;0.0
[2026-08-13 17:07:50,699] [SUBPROCESS]    R660;$2.$111.25;$2.$115.25;;0.029
[2026-08-13 17:07:50,700] [SUBPROCESS]    R661;$2.$112.18;$2.$113.25;;9.3
[2026-08-13 17:07:50,700] [SUBPROCESS]    R662;$2.$112.18;$2.$29.18;;27.106
[2026-08-13 17:07:50,700] [SUBPROCESS]    R663;$2.$112.18;$2.$33.18;;0.0
[2026-08-13 17:07:50,701] [SUBPROCESS]    R664;$2.$113.25;$2.$117.25;;0.029
[2026-08-13 17:07:50,701] [SUBPROCESS]    R665;$2.$114.18;$2.$115.25;;9.3
[2026-08-13 17:07:50,702] [SUBPROCESS]    R666;$2.$114.18;$2.$31.18;;27.106
[2026-08-13 17:07:50,703] [SUBPROCESS]    R667;$2.$114.18;$2.$35.18;;0.0
[2026-08-13 17:07:50,704] [SUBPROCESS]    R668;$2.$115.25;$2.$127.25;;0.029
[2026-08-13 17:07:50,704] [SUBPROCESS]    R669;$2.$116.18;$2.$117.25;;9.3
[2026-08-13 17:07:50,705] [SUBPROCESS]    R670;$2.$116.18;$2.$33.18;;27.106
[2026-08-13 17:07:50,705] [SUBPROCESS]    R671;$2.$116.18;$2.$37.18;;0.0
[2026-08-13 17:07:50,706] [SUBPROCESS]    R672;$2.$117.25;$2.$129.25;;0.029
[2026-08-13 17:07:50,706] [SUBPROCESS]    R673;$2.$118.18;$2.$119.25;;9.3
[2026-08-13 17:07:50,707] [SUBPROCESS]    R674;$2.$118.18;$2.$39.18;;0.0
[2026-08-13 17:07:50,707] [SUBPROCESS]    R675;$2.$119.25;$2.$160.25;;0.125
[2026-08-13 17:07:50,708] [SUBPROCESS]    R676;$2.$12.15;$2.$13.18;;585.0
[2026-08-13 17:07:50,708] [SUBPROCESS]    R677;$2.$12.15;$2.$14.15;;0.0
[2026-08-13 17:07:50,708] [SUBPROCESS]    R678;$2.$120.18;$2.$121.25;;9.3
[2026-08-13 17:07:50,709] [SUBPROCESS]    R679;$2.$120.18;$2.$41.18;;0.0
[2026-08-13 17:07:50,709] [SUBPROCESS]    R680;$2.$121.25;$2.$162.25;;0.183
[2026-08-13 17:07:50,710] [SUBPROCESS]    R681;$2.$122.18;$2.$123.25;;9.3
[2026-08-13 17:07:50,710] [SUBPROCESS]    R682;$2.$122.18;$2.$43.18;;0.0
[2026-08-13 17:07:50,711] [SUBPROCESS]    R683;$2.$123.25;$2.$162.25;;0.179
[2026-08-13 17:07:50,711] [SUBPROCESS]    R684;$2.$124.18;$2.$125.25;;9.3
[2026-08-13 17:07:50,712] [SUBPROCESS]    R685;$2.$124.18;$2.$45.18;;0.0
[2026-08-13 17:07:50,712] [SUBPROCESS]    R686;$2.$125.25;$2.$164.25;;0.125
[2026-08-13 17:07:50,712] [SUBPROCESS]    R687;$2.$126.18;$2.$127.25;;9.3
[2026-08-13 17:07:50,713] [SUBPROCESS]    R688;$2.$126.18;$2.$35.18;;27.106
[2026-08-13 17:07:50,713] [SUBPROCESS]    R689;$2.$126.18;$2.$47.18;;0.0
[2026-08-13 17:07:50,714] [SUBPROCESS]    R690;$2.$127.25;$2.$131.25;;0.029
[2026-08-13 17:07:50,714] [SUBPROCESS]    R691;$2.$128.18;$2.$129.25;;9.3
[2026-08-13 17:07:50,715] [SUBPROCESS]    R692;$2.$128.18;$2.$37.18;;27.106
[2026-08-13 17:07:50,715] [SUBPROCESS]    R693;$2.$128.18;$2.$49.18;;0.0
[2026-08-13 17:07:50,715] [SUBPROCESS]    R694;$2.$129.25;$2.$133.25;;0.029
[2026-08-13 17:07:50,716] [SUBPROCESS]    R695;$2.$13.18;$2.$92.18;;0.0
[2026-08-13 17:07:50,716] [SUBPROCESS]    R696;$2.$13.18;$2.$94.18;;27.106
[2026-08-13 17:07:50,717] [SUBPROCESS]    R697;$2.$130.18;$2.$131.25;;9.3
[2026-08-13 17:07:50,717] [SUBPROCESS]    R698;$2.$130.18;$2.$47.18;;27.106
[2026-08-13 17:07:50,718] [SUBPROCESS]    R699;$2.$130.18;$2.$51.18;;0.0
[2026-08-13 17:07:50,718] [SUBPROCESS]    R700;$2.$131.25;$2.$135.25;;0.029
[2026-08-13 17:07:50,719] [SUBPROCESS]    R701;$2.$132.18;$2.$133.25;;9.3
[2026-08-13 17:07:50,720] [SUBPROCESS]    R702;$2.$132.18;$2.$49.18;;27.106
[2026-08-13 17:07:50,721] [SUBPROCESS]    R703;$2.$132.18;$2.$53.18;;0.0
[2026-08-13 17:07:50,721] [SUBPROCESS]    R704;$2.$133.25;$2.$137.25;;0.029
[2026-08-13 17:07:50,722] [SUBPROCESS]    R705;$2.$134.18;$2.$135.25;;9.3
[2026-08-13 17:07:50,722] [SUBPROCESS]    R706;$2.$134.18;$2.$51.18;;27.106
[2026-08-13 17:07:50,723] [SUBPROCESS]    R707;$2.$134.18;$2.$55.18;;0.0
[2026-08-13 17:07:50,723] [SUBPROCESS]    R708;$2.$135.25;$2.$201.25;;0.034
[2026-08-13 17:07:50,724] [SUBPROCESS]    R709;$2.$136.18;$2.$137.25;;9.3
[2026-08-13 17:07:50,724] [SUBPROCESS]    R710;$2.$136.18;$2.$53.18;;27.106
[2026-08-13 17:07:50,724] [SUBPROCESS]    R711;$2.$136.18;$2.$57.18;;0.0
[2026-08-13 17:07:50,725] [SUBPROCESS]    R712;$2.$137.25;$2.$203.25;;0.034
[2026-08-13 17:07:50,725] [SUBPROCESS]    R713;$2.$138.18;$2.$139.25;;9.3
[2026-08-13 17:07:50,726] [SUBPROCESS]    R714;$2.$138.18;$2.$55.18;;27.106
[2026-08-13 17:07:50,726] [SUBPROCESS]    R715;$2.$138.18;$2.$59.18;;0.0
[2026-08-13 17:07:50,727] [SUBPROCESS]    R716;$2.$139.25;$2.$201.25;;0.003
[2026-08-13 17:07:50,727] [SUBPROCESS]    R717;$2.$14.15;$2.$15.18;;585.0
[2026-08-13 17:07:50,728] [SUBPROCESS]    R718;$2.$14.15;$2.$16.15;;0.0
[2026-08-13 17:07:50,728] [SUBPROCESS]    R719;$2.$140.18;$2.$141.25;;9.3
[2026-08-13 17:07:50,728] [SUBPROCESS]    R720;$2.$140.18;$2.$57.18;;27.106
[2026-08-13 17:07:50,729] [SUBPROCESS]    R721;$2.$140.18;$2.$61.18;;0.0
[2026-08-13 17:07:50,729] [SUBPROCESS]    R722;$2.$141.25;$2.$203.25;;0.003
[2026-08-13 17:07:50,730] [SUBPROCESS]    R723;$2.$142.18;$2.$143.25;;9.3
[2026-08-13 17:07:50,730] [SUBPROCESS]    R724;$2.$142.18;$2.$63.18;;0.0
[2026-08-13 17:07:50,731] [SUBPROCESS]    R725;$2.$143.25;$2.$206.25;;0.017
[2026-08-13 17:07:50,731] [SUBPROCESS]    R726;$2.$144.18;$2.$145.25;;9.3
[2026-08-13 17:07:50,732] [SUBPROCESS]    R727;$2.$144.18;$2.$63.18;;27.106
[2026-08-13 17:07:50,732] [SUBPROCESS]    R728;$2.$144.18;$2.$65.18;;0.0
[2026-08-13 17:07:50,732] [SUBPROCESS]    R729;$2.$145.25;$2.$147.25;;0.029
[2026-08-13 17:07:50,733] [SUBPROCESS]    R730;$2.$145.25;$2.$206.25;;0.012
[2026-08-13 17:07:50,733] [SUBPROCESS]    R731;$2.$146.18;$2.$147.25;;9.3
[2026-08-13 17:07:50,734] [SUBPROCESS]    R732;$2.$146.18;$2.$65.18;;27.106
[2026-08-13 17:07:50,734] [SUBPROCESS]    R733;$2.$146.18;$2.$67.18;;0.0
[2026-08-13 17:07:50,735] [SUBPROCESS]    R734;$2.$147.25;$2.$149.25;;0.029
[2026-08-13 17:07:50,735] [SUBPROCESS]    R735;$2.$148.18;$2.$149.25;;9.3
[2026-08-13 17:07:50,736] [SUBPROCESS]    R736;$2.$148.18;$2.$67.18;;27.106
[2026-08-13 17:07:50,736] [SUBPROCESS]    R737;$2.$148.18;$2.$69.18;;0.0
[2026-08-13 17:07:50,737] [SUBPROCESS]    R738;$2.$149.25;$2.$151.25;;0.029
[2026-08-13 17:07:50,738] [SUBPROCESS]    R739;$2.$15.18;$2.$94.18;;0.0
[2026-08-13 17:07:50,738] [SUBPROCESS]    R740;$2.$15.18;$2.$96.18;;27.106
[2026-08-13 17:07:50,739] [SUBPROCESS]    R741;$2.$150.18;$2.$151.25;;9.3
[2026-08-13 17:07:50,739] [SUBPROCESS]    R742;$2.$150.18;$2.$69.18;;27.106
[2026-08-13 17:07:50,740] [SUBPROCESS]    R743;$2.$150.18;$2.$71.18;;0.0
[2026-08-13 17:07:50,740] [SUBPROCESS]    R744;$2.$151.25;$2.$153.25;;0.029
[2026-08-13 17:07:50,741] [SUBPROCESS]    R745;$2.$152.18;$2.$153.25;;9.3
[2026-08-13 17:07:50,741] [SUBPROCESS]    R746;$2.$152.18;$2.$71.18;;27.106
[2026-08-13 17:07:50,742] [SUBPROCESS]    R747;$2.$152.18;$2.$73.18;;0.0
[2026-08-13 17:07:50,742] [SUBPROCESS]    R748;$2.$153.25;$2.$155.25;;0.029
[2026-08-13 17:07:50,742] [SUBPROCESS]    R749;$2.$154.18;$2.$155.25;;9.3
[2026-08-13 17:07:50,743] [SUBPROCESS]    R750;$2.$154.18;$2.$73.18;;27.106
[2026-08-13 17:07:50,743] [SUBPROCESS]    R751;$2.$154.18;$2.$75.18;;0.0
[2026-08-13 17:07:50,744] [SUBPROCESS]    R752;$2.$155.25;$2.$157.25;;0.029
[2026-08-13 17:07:50,744] [SUBPROCESS]    R753;$2.$156.18;$2.$157.25;;9.3
[2026-08-13 17:07:50,745] [SUBPROCESS]    R754;$2.$156.18;$2.$75.18;;27.106
[2026-08-13 17:07:50,745] [SUBPROCESS]    R755;$2.$156.18;$2.$77.18;;0.0
[2026-08-13 17:07:50,746] [SUBPROCESS]    R756;$2.$157.25;$2.$159.25;;0.029
[2026-08-13 17:07:50,746] [SUBPROCESS]    R757;$2.$158.18;$2.$159.25;;9.3
[2026-08-13 17:07:50,746] [SUBPROCESS]    R758;$2.$158.18;$2.$77.18;;27.106
[2026-08-13 17:07:50,747] [SUBPROCESS]    R759;$2.$158.18;$2.$79.18;;0.0
[2026-08-13 17:07:50,747] [SUBPROCESS]    R760;$2.$16.15;$2.$17.18;;585.0
[2026-08-13 17:07:50,748] [SUBPROCESS]    R761;$2.$160.25;$2.$161.26;;4.5
[2026-08-13 17:07:50,748] [SUBPROCESS]    R762;$2.$161.26;$2.$163.26;;1.318
[2026-08-13 17:07:50,749] [SUBPROCESS]    R763;$2.$162.25;$2.$163.26;;4.5
[2026-08-13 17:07:50,749] [SUBPROCESS]    R764;$2.$163.26;$2.$165.26;;1.312
[2026-08-13 17:07:50,750] [SUBPROCESS]    R765;$2.$164.25;$2.$165.26;;4.5
[2026-08-13 17:07:50,750] [SUBPROCESS]    R766;$2.$165.26;$2.$167.26;;0.672
[2026-08-13 17:07:50,751] [SUBPROCESS]    R767;$2.$166.25;$2.$167.26;;4.5
[2026-08-13 17:07:50,751] [SUBPROCESS]    R768;$2.$166.25;$2.$168.25;;2.652
[2026-08-13 17:07:50,752] [SUBPROCESS]    R769;$2.$168.25;$2.$169.26;;4.5
[2026-08-13 17:07:50,752] [SUBPROCESS]    R770;$2.$168.25;$2.$184.25;;0.0
[2026-08-13 17:07:50,753] [SUBPROCESS]    R771;$2.$169.26;$2.$185.26;;0.0
[2026-08-13 17:07:50,754] [SUBPROCESS]    R772;$2.$17.18;$2.$96.18;;0.0
[2026-08-13 17:07:50,754] [SUBPROCESS]    R773;$2.$170.25;$2.$171.26;;4.5
[2026-08-13 17:07:50,755] [SUBPROCESS]    R774;$2.$170.25;$2.$184.25;;0.05
[2026-08-13 17:07:50,755] [SUBPROCESS]    R775;$2.$170.25;$2.$186.25;;0.0
[2026-08-13 17:07:50,756] [SUBPROCESS]    R776;$2.$171.26;$2.$185.26;;0.05
[2026-08-13 17:07:50,756] [SUBPROCESS]    R777;$2.$171.26;$2.$187.26;;0.0
[2026-08-13 17:07:50,757] [SUBPROCESS]    R778;$2.$172.25;$2.$173.26;;4.5
[2026-08-13 17:07:50,757] [SUBPROCESS]    R779;$2.$172.25;$2.$188.25;;0.0
[2026-08-13 17:07:50,758] [SUBPROCESS]    R780;$2.$173.26;$2.$187.26;;6.071
[2026-08-13 17:07:50,758] [SUBPROCESS]    R781;$2.$173.26;$2.$189.26;;0.0
[2026-08-13 17:07:50,759] [SUBPROCESS]    R782;$2.$174.25;$2.$175.26;;4.5
[2026-08-13 17:07:50,759] [SUBPROCESS]    R783;$2.$174.25;$2.$190.25;;0.0
[2026-08-13 17:07:50,760] [SUBPROCESS]    R784;$2.$174.25;$2.$200.25;;0.026
[2026-08-13 17:07:50,760] [SUBPROCESS]    R785;$2.$175.26;$2.$189.26;;0.05
[2026-08-13 17:07:50,761] [SUBPROCESS]    R786;$2.$175.26;$2.$191.26;;0.0
[2026-08-13 17:07:50,761] [SUBPROCESS]    R787;$2.$176.25;$2.$177.26;;4.5
[2026-08-13 17:07:50,762] [SUBPROCESS]    R788;$2.$176.25;$2.$192.25;;0.0
[2026-08-13 17:07:50,762] [SUBPROCESS]    R789;$2.$177.26;$2.$191.26;;1.269
[2026-08-13 17:07:50,762] [SUBPROCESS]    R790;$2.$177.26;$2.$193.26;;0.0
[2026-08-13 17:07:50,763] [SUBPROCESS]    R791;$2.$178.25;$2.$179.26;;4.5
[2026-08-13 17:07:50,763] [SUBPROCESS]    R792;$2.$178.25;$2.$194.25;;0.0
[2026-08-13 17:07:50,764] [SUBPROCESS]    R793;$2.$178.25;$2.$205.25;;0.025
[2026-08-13 17:07:50,764] [SUBPROCESS]    R794;$2.$179.26;$2.$193.26;;0.05
[2026-08-13 17:07:50,765] [SUBPROCESS]    R795;$2.$179.26;$2.$195.26;;0.0
[2026-08-13 17:07:50,765] [SUBPROCESS]    R796;$2.$18.15;$2.$19.18;;585.0
[2026-08-13 17:07:50,766] [SUBPROCESS]    R797;$2.$18.15;$2.$22.15;;0.0
[2026-08-13 17:07:50,766] [SUBPROCESS]    R798;$2.$180.25;$2.$181.26;;4.5
[2026-08-13 17:07:50,766] [SUBPROCESS]    R799;$2.$180.25;$2.$196.25;;0.0
[2026-08-13 17:07:50,767] [SUBPROCESS]    R800;$2.$181.26;$2.$195.26;;1.841
[2026-08-13 17:07:50,767] [SUBPROCESS]    R801;$2.$181.26;$2.$197.26;;0.0
[2026-08-13 17:07:50,768] [SUBPROCESS]    R802;$2.$182.25;$2.$183.26;;4.5
[2026-08-13 17:07:50,769] [SUBPROCESS]    R803;$2.$182.25;$2.$198.25;;0.0
[2026-08-13 17:07:50,769] [SUBPROCESS]    R804;$2.$182.25;$2.$202.25;;0.025
[2026-08-13 17:07:50,770] [SUBPROCESS]    R805;$2.$183.26;$2.$197.26;;0.05
[2026-08-13 17:07:50,771] [SUBPROCESS]    R806;$2.$183.26;$2.$199.26;;0.0
[2026-08-13 17:07:50,771] [SUBPROCESS]    R807;$2.$184.25;$2.$185.26;;4.5
[2026-08-13 17:07:50,772] [SUBPROCESS]    R808;$2.$186.25;$2.$187.26;;4.5
[2026-08-13 17:07:50,772] [SUBPROCESS]    R809;$2.$188.25;$2.$189.26;;4.5
[2026-08-13 17:07:50,772] [SUBPROCESS]    R810;$2.$188.25;$2.$200.25;;0.024
[2026-08-13 17:07:50,773] [SUBPROCESS]    R811;$2.$19.18;$2.$98.18;;0.0
[2026-08-13 17:07:50,773] [SUBPROCESS]    R812;$2.$190.25;$2.$191.26;;4.5
[2026-08-13 17:07:50,774] [SUBPROCESS]    R813;$2.$192.25;$2.$193.26;;4.5
[2026-08-13 17:07:50,774] [SUBPROCESS]    R814;$2.$192.25;$2.$205.25;;0.025
[2026-08-13 17:07:50,775] [SUBPROCESS]    R815;$2.$194.25;$2.$195.26;;4.5
[2026-08-13 17:07:50,775] [SUBPROCESS]    R816;$2.$194.25;$2.$206.25;;0.733
[2026-08-13 17:07:50,776] [SUBPROCESS]    R817;$2.$196.25;$2.$197.26;;4.5
[2026-08-13 17:07:50,776] [SUBPROCESS]    R818;$2.$196.25;$2.$202.25;;0.025
[2026-08-13 17:07:50,777] [SUBPROCESS]    R819;$2.$198.25;$2.$199.26;;4.5
[2026-08-13 17:07:50,777] [SUBPROCESS]    R820;$2.$2.15;$2.$3.18;;585.0
[2026-08-13 17:07:50,777] [SUBPROCESS]    R821;$2.$2.15;$2.$4.15;;0.0
[2026-08-13 17:07:50,778] [SUBPROCESS]    R822;$2.$20.15;$2.$21.18;;585.0
[2026-08-13 17:07:50,778] [SUBPROCESS]    R823;$2.$20.15;$2.$24.15;;0.0
[2026-08-13 17:07:50,779] [SUBPROCESS]    R824;$2.$200.25;$2.$201.25;;2.586
[2026-08-13 17:07:50,779] [SUBPROCESS]    R825;$2.$202.25;$2.$203.25;;2.586
[2026-08-13 17:07:50,780] [SUBPROCESS]    R826;$2.$204.25;$2.$205.25;;5.576
[2026-08-13 17:07:50,780] [SUBPROCESS]    R827;$2.$204.25;$2.$95.25;;0.034
[2026-08-13 17:07:50,781] [SUBPROCESS]    R828;$2.$204.25;$2.$97.25;;0.003
[2026-08-13 17:07:50,781] [SUBPROCESS]    R829;$2.$22.15;$2.$23.18;;585.0
[2026-08-13 17:07:50,781] [SUBPROCESS]    R830;$2.$22.15;$2.$26.15;;0.0
[2026-08-13 17:07:50,782] [SUBPROCESS]    R831;$2.$24.15;$2.$25.18;;585.0
[2026-08-13 17:07:50,782] [SUBPROCESS]    R832;$2.$24.15;$2.$28.15;;0.0
[2026-08-13 17:07:50,783] [SUBPROCESS]    R833;$2.$26.15;$2.$27.18;;585.0
[2026-08-13 17:07:50,783] [SUBPROCESS]    R834;$2.$26.15;$2.$30.15;;0.0
[2026-08-13 17:07:50,784] [SUBPROCESS]    R835;$2.$28.15;$2.$29.18;;585.0
[2026-08-13 17:07:50,784] [SUBPROCESS]    R836;$2.$28.15;$2.$32.15;;0.0
[2026-08-13 17:07:50,785] [SUBPROCESS]    R837;$2.$3.18;$2.$82.18;;0.0
[2026-08-13 17:07:50,785] [SUBPROCESS]    R838;$2.$3.18;$2.$84.18;;27.106
[2026-08-13 17:07:50,786] [SUBPROCESS]    R839;$2.$30.15;$2.$31.18;;585.0
[2026-08-13 17:07:50,786] [SUBPROCESS]    R840;$2.$30.15;$2.P3.15;;0.0
[2026-08-13 17:07:50,787] [SUBPROCESS]    R841;$2.$32.15;$2.$33.18;;585.0
[2026-08-13 17:07:50,787] [SUBPROCESS]    R842;$2.$32.15;$2.P0.15;;0.0
[2026-08-13 17:07:50,788] [SUBPROCESS]    R843;$2.$34.15;$2.$35.18;;585.0
[2026-08-13 17:07:50,788] [SUBPROCESS]    R844;$2.$34.15;$2.$46.15;;0.0
[2026-08-13 17:07:50,789] [SUBPROCESS]    R845;$2.$34.15;$2.P3.15;;0.0
[2026-08-13 17:07:50,789] [SUBPROCESS]    R846;$2.$36.15;$2.$37.18;;585.0
[2026-08-13 17:07:50,790] [SUBPROCESS]    R847;$2.$36.15;$2.$48.15;;0.0
[2026-08-13 17:07:50,790] [SUBPROCESS]    R848;$2.$36.15;$2.P0.15;;0.0
[2026-08-13 17:07:50,791] [SUBPROCESS]    R849;$2.$38.15;$2.$39.18;;585.0
[2026-08-13 17:07:50,791] [SUBPROCESS]    R850;$2.$38.15;$2.P4.15;;0.0
[2026-08-13 17:07:50,792] [SUBPROCESS]    R851;$2.$4.15;$2.$5.18;;585.0
[2026-08-13 17:07:50,792] [SUBPROCESS]    R852;$2.$4.15;$2.$6.15;;0.0
[2026-08-13 17:07:50,793] [SUBPROCESS]    R853;$2.$40.15;$2.$41.18;;585.0
[2026-08-13 17:07:50,793] [SUBPROCESS]    R854;$2.$40.15;$2.P6.15;;0.0
[2026-08-13 17:07:50,793] [SUBPROCESS]    R855;$2.$42.15;$2.$43.18;;585.0
[2026-08-13 17:07:50,794] [SUBPROCESS]    R856;$2.$42.15;$2.P5.15;;0.0
[2026-08-13 17:07:50,794] [SUBPROCESS]    R857;$2.$44.15;$2.$45.18;;585.0
[2026-08-13 17:07:50,795] [SUBPROCESS]    R858;$2.$44.15;$2.P7.15;;0.0
[2026-08-13 17:07:50,795] [SUBPROCESS]    R859;$2.$46.15;$2.$47.18;;585.0
[2026-08-13 17:07:50,796] [SUBPROCESS]    R860;$2.$46.15;$2.$50.15;;0.0
[2026-08-13 17:07:50,796] [SUBPROCESS]    R861;$2.$48.15;$2.$49.18;;585.0
[2026-08-13 17:07:50,797] [SUBPROCESS]    R862;$2.$48.15;$2.$52.15;;0.0
[2026-08-13 17:07:50,797] [SUBPROCESS]    R863;$2.$5.18;$2.$84.18;;0.0
[2026-08-13 17:07:50,797] [SUBPROCESS]    R864;$2.$5.18;$2.$86.18;;27.106
[2026-08-13 17:07:50,798] [SUBPROCESS]    R865;$2.$50.15;$2.$51.18;;585.0
[2026-08-13 17:07:50,798] [SUBPROCESS]    R866;$2.$50.15;$2.$54.15;;0.0
[2026-08-13 17:07:50,799] [SUBPROCESS]    R867;$2.$52.15;$2.$53.18;;585.0
[2026-08-13 17:07:50,799] [SUBPROCESS]    R868;$2.$52.15;$2.$56.15;;0.0
[2026-08-13 17:07:50,800] [SUBPROCESS]    R869;$2.$54.15;$2.$55.18;;585.0
[2026-08-13 17:07:50,800] [SUBPROCESS]    R870;$2.$54.15;$2.$58.15;;0.0
[2026-08-13 17:07:50,801] [SUBPROCESS]    R871;$2.$56.15;$2.$57.18;;585.0
[2026-08-13 17:07:50,802] [SUBPROCESS]    R872;$2.$56.15;$2.$60.15;;0.0
[2026-08-13 17:07:50,802] [SUBPROCESS]    R873;$2.$58.15;$2.$59.18;;585.0
[2026-08-13 17:07:50,803] [SUBPROCESS]    R874;$2.$6.15;$2.$7.18;;585.0
[2026-08-13 17:07:50,804] [SUBPROCESS]    R875;$2.$6.15;$2.P2.15;;0.0
[2026-08-13 17:07:50,805] [SUBPROCESS]    R876;$2.$60.15;$2.$61.18;;585.0
[2026-08-13 17:07:50,806] [SUBPROCESS]    R877;$2.$62.15;$2.$63.18;;585.0
[2026-08-13 17:07:50,806] [SUBPROCESS]    R878;$2.$62.15;$2.$64.15;;0.0
[2026-08-13 17:07:50,807] [SUBPROCESS]    R879;$2.$64.15;$2.$65.18;;585.0
[2026-08-13 17:07:50,807] [SUBPROCESS]    R880;$2.$64.15;$2.$66.15;;0.0
[2026-08-13 17:07:50,807] [SUBPROCESS]    R881;$2.$66.15;$2.$67.18;;585.0
[2026-08-13 17:07:50,808] [SUBPROCESS]    R882;$2.$66.15;$2.$68.15;;0.0
[2026-08-13 17:07:50,808] [SUBPROCESS]    R883;$2.$68.15;$2.$69.18;;585.0
[2026-08-13 17:07:50,809] [SUBPROCESS]    R884;$2.$68.15;$2.P1.15;;0.0
[2026-08-13 17:07:50,809] [SUBPROCESS]    R885;$2.$7.18;$2.$86.18;;0.0
[2026-08-13 17:07:50,810] [SUBPROCESS]    R886;$2.$7.18;$2.$88.18;;27.106
[2026-08-13 17:07:50,810] [SUBPROCESS]    R887;$2.$70.15;$2.$71.18;;585.0
[2026-08-13 17:07:50,811] [SUBPROCESS]    R888;$2.$70.15;$2.$72.15;;0.0
[2026-08-13 17:07:50,811] [SUBPROCESS]    R889;$2.$70.15;$2.P1.15;;0.0
[2026-08-13 17:07:50,812] [SUBPROCESS]    R890;$2.$72.15;$2.$73.18;;585.0
[2026-08-13 17:07:50,812] [SUBPROCESS]    R891;$2.$72.15;$2.$74.15;;0.0
[2026-08-13 17:07:50,812] [SUBPROCESS]    R892;$2.$74.15;$2.$75.18;;585.0
[2026-08-13 17:07:50,813] [SUBPROCESS]    R893;$2.$74.15;$2.$76.15;;0.0
[2026-08-13 17:07:50,813] [SUBPROCESS]    R894;$2.$76.15;$2.$77.18;;585.0
[2026-08-13 17:07:50,814] [SUBPROCESS]    R895;$2.$76.15;$2.$78.15;;0.0
[2026-08-13 17:07:50,814] [SUBPROCESS]    R896;$2.$78.15;$2.$79.18;;585.0
[2026-08-13 17:07:50,815] [SUBPROCESS]    R897;$2.$8.15;$2.$9.18;;585.0
[2026-08-13 17:07:50,815] [SUBPROCESS]    R898;$2.$8.15;$2.P2.15;;0.0
[2026-08-13 17:07:50,816] [SUBPROCESS]    R899;$2.$80.18;$2.$81.25;;9.3
[2026-08-13 17:07:50,816] [SUBPROCESS]    R900;$2.$81.25;$2.$83.25;;0.029
[2026-08-13 17:07:50,817] [SUBPROCESS]    R901;$2.$82.18;$2.$83.25;;9.3
[2026-08-13 17:07:50,817] [SUBPROCESS]    R902;$2.$83.25;$2.$85.25;;0.029
[2026-08-13 17:07:50,817] [SUBPROCESS]    R903;$2.$84.18;$2.$85.25;;9.3
[2026-08-13 17:07:50,818] [SUBPROCESS]    R904;$2.$85.25;$2.$87.25;;0.029
[2026-08-13 17:07:50,819] [SUBPROCESS]    R905;$2.$86.18;$2.$87.25;;9.3
[2026-08-13 17:07:50,819] [SUBPROCESS]    R906;$2.$87.25;$2.$89.25;;0.029
[2026-08-13 17:07:50,820] [SUBPROCESS]    R907;$2.$88.18;$2.$89.25;;9.3
[2026-08-13 17:07:50,821] [SUBPROCESS]    R908;$2.$88.18;$2.$9.18;;0.0
[2026-08-13 17:07:50,821] [SUBPROCESS]    R909;$2.$89.25;$2.$91.25;;0.029
[2026-08-13 17:07:50,822] [SUBPROCESS]    R910;$2.$9.18;$2.$90.18;;27.106
[2026-08-13 17:07:50,822] [SUBPROCESS]    R911;$2.$90.18;$2.$91.25;;9.3
[2026-08-13 17:07:50,823] [SUBPROCESS]    R912;$2.$91.25;$2.$93.25;;0.029
[2026-08-13 17:07:50,823] [SUBPROCESS]    R913;$2.$92.18;$2.$93.25;;9.3
[2026-08-13 17:07:50,824] [SUBPROCESS]    R914;$2.$93.25;$2.$95.25;;0.029
[2026-08-13 17:07:50,824] [SUBPROCESS]    R915;$2.$94.18;$2.$95.25;;9.3
[2026-08-13 17:07:50,824] [SUBPROCESS]    R916;$2.$96.18;$2.$97.25;;9.3
[2026-08-13 17:07:50,825] [SUBPROCESS]    R917;$2.$98.18;$2.$99.25;;9.3
[2026-08-13 17:07:50,825] [SUBPROCESS]    R918;$3.$0.15;$3.$1.18;;585.0
[2026-08-13 17:07:50,826] [SUBPROCESS]    R919;$3.$0.15;$3.$2.15;;0.0
[2026-08-13 17:07:50,826] [SUBPROCESS]    R920;$3.$1.18;$3.$40.18;;0.0
[2026-08-13 17:07:50,827] [SUBPROCESS]    R921;$3.$1.18;$3.$42.18;;27.106
[2026-08-13 17:07:50,827] [SUBPROCESS]    R922;$3.$10.15;$3.$11.18;;585.0
[2026-08-13 17:07:50,828] [SUBPROCESS]    R923;$3.$10.15;$3.$12.15;;0.0
[2026-08-13 17:07:50,828] [SUBPROCESS]    R924;$3.$10.15;$3.$8.15;;0.0
[2026-08-13 17:07:50,829] [SUBPROCESS]    R925;$3.$100.25;$3.$101.26;;4.5
[2026-08-13 17:07:50,829] [SUBPROCESS]    R926;$3.$100.25;$3.$102.25;;0.062
[2026-08-13 17:07:50,829] [SUBPROCESS]    R927;$3.$100.25;$3.$104.25;;0.0
[2026-08-13 17:07:50,830] [SUBPROCESS]    R928;$3.$101.26;$3.$105.26;;0.0
[2026-08-13 17:07:50,830] [SUBPROCESS]    R929;$3.$101.26;$3.$110.26;;0.031
[2026-08-13 17:07:50,831] [SUBPROCESS]    R930;$3.$102.25;$3.$103.26;;4.5
[2026-08-13 17:07:50,831] [SUBPROCESS]    R931;$3.$102.25;$3.$98.25;;0.076
[2026-08-13 17:07:50,832] [SUBPROCESS]    R932;$3.$103.26;$3.$110.26;;0.035
[2026-08-13 17:07:50,832] [SUBPROCESS]    R933;$3.$104.25;$3.$105.26;;4.5
[2026-08-13 17:07:50,833] [SUBPROCESS]    R934;$3.$106.25;$3.$41.25;;0.052
[2026-08-13 17:07:50,833] [SUBPROCESS]    R935;$3.$106.25;$3.$43.25;;0.019
[2026-08-13 17:07:50,834] [SUBPROCESS]    R936;$3.$106.25;$3.$94.25;;0.337
[2026-08-13 17:07:50,834] [SUBPROCESS]    R937;$3.$107.25;$3.$63.25;;0.003
[2026-08-13 17:07:50,835] [SUBPROCESS]    R938;$3.$107.25;$3.$65.25;;0.034
[2026-08-13 17:07:50,835] [SUBPROCESS]    R939;$3.$107.25;$3.$92.25;;3.4
[2026-08-13 17:07:50,836] [SUBPROCESS]    R940;$3.$108.26;$3.$83.26;;0.038
[2026-08-13 17:07:50,837] [SUBPROCESS]    R941;$3.$108.26;$3.$89.26;;0.033
[2026-08-13 17:07:50,837] [SUBPROCESS]    R942;$3.$108.26;$3.$91.26;;0.073
[2026-08-13 17:07:50,838] [SUBPROCESS]    R943;$3.$109.26;$3.$85.26;;0.038
[2026-08-13 17:07:50,838] [SUBPROCESS]    R944;$3.$109.26;$3.$87.26;;0.033
[2026-08-13 17:07:50,839] [SUBPROCESS]    R945;$3.$109.26;$3.$93.26;;0.073
[2026-08-13 17:07:50,840] [SUBPROCESS]    R946;$3.$11.18;$3.$50.18;;0.0
[2026-08-13 17:07:50,840] [SUBPROCESS]    R947;$3.$11.18;$3.$52.18;;27.106
[2026-08-13 17:07:50,841] [SUBPROCESS]    R948;$3.$110.26;$3.$99.26;;0.089
[2026-08-13 17:07:50,841] [SUBPROCESS]    R949;$3.$12.15;$3.$13.18;;585.0
[2026-08-13 17:07:50,842] [SUBPROCESS]    R950;$3.$12.15;$3.$14.15;;0.0
[2026-08-13 17:07:50,842] [SUBPROCESS]    R951;$3.$13.18;$3.$52.18;;0.0
[2026-08-13 17:07:50,843] [SUBPROCESS]    R952;$3.$13.18;$3.$54.18;;27.106
[2026-08-13 17:07:50,843] [SUBPROCESS]    R953;$3.$14.15;$3.$15.18;;585.0
[2026-08-13 17:07:50,844] [SUBPROCESS]    R954;$3.$14.15;$3.$16.15;;0.0
[2026-08-13 17:07:50,844] [SUBPROCESS]    R955;$3.$15.18;$3.$54.18;;0.0
[2026-08-13 17:07:50,845] [SUBPROCESS]    R956;$3.$15.18;$3.$56.18;;27.106
[2026-08-13 17:07:50,845] [SUBPROCESS]    R957;$3.$16.15;$3.$17.18;;585.0
[2026-08-13 17:07:50,846] [SUBPROCESS]    R958;$3.$17.18;$3.$56.18;;0.0
[2026-08-13 17:07:50,846] [SUBPROCESS]    R959;$3.$18.15;$3.$19.18;;585.0
[2026-08-13 17:07:50,846] [SUBPROCESS]    R960;$3.$18.15;$3.P3.15;;0.0
[2026-08-13 17:07:50,847] [SUBPROCESS]    R961;$3.$19.18;$3.$58.18;;0.0
[2026-08-13 17:07:50,847] [SUBPROCESS]    R962;$3.$2.15;$3.$3.18;;585.0
[2026-08-13 17:07:50,848] [SUBPROCESS]    R963;$3.$2.15;$3.$4.15;;0.0
[2026-08-13 17:07:50,848] [SUBPROCESS]    R964;$3.$20.15;$3.$21.18;;585.0
[2026-08-13 17:07:50,849] [SUBPROCESS]    R965;$3.$20.15;$3.P2.15;;0.0
[2026-08-13 17:07:50,849] [SUBPROCESS]    R966;$3.$21.18;$3.$60.18;;0.0
[2026-08-13 17:07:50,850] [SUBPROCESS]    R967;$3.$22.15;$3.$23.18;;585.0
[2026-08-13 17:07:50,850] [SUBPROCESS]    R968;$3.$22.15;$3.$24.15;;0.0
[2026-08-13 17:07:50,850] [SUBPROCESS]    R969;$3.$23.18;$3.$62.18;;0.0
[2026-08-13 17:07:50,851] [SUBPROCESS]    R970;$3.$23.18;$3.$64.18;;27.106
[2026-08-13 17:07:50,851] [SUBPROCESS]    R971;$3.$24.15;$3.$25.18;;585.0
[2026-08-13 17:07:50,852] [SUBPROCESS]    R972;$3.$24.15;$3.$26.15;;0.0
[2026-08-13 17:07:50,853] [SUBPROCESS]    R973;$3.$25.18;$3.$64.18;;0.0
[2026-08-13 17:07:50,854] [SUBPROCESS]    R974;$3.$25.18;$3.$66.18;;27.106
[2026-08-13 17:07:50,854] [SUBPROCESS]    R975;$3.$26.15;$3.$27.18;;585.0
[2026-08-13 17:07:50,855] [SUBPROCESS]    R976;$3.$26.15;$3.$28.15;;0.0
[2026-08-13 17:07:50,855] [SUBPROCESS]    R977;$3.$27.18;$3.$66.18;;0.0
[2026-08-13 17:07:50,856] [SUBPROCESS]    R978;$3.$27.18;$3.$68.18;;27.106
[2026-08-13 17:07:50,856] [SUBPROCESS]    R979;$3.$28.15;$3.$29.18;;585.0
[2026-08-13 17:07:50,857] [SUBPROCESS]    R980;$3.$28.15;$3.P0.15;;0.0
[2026-08-13 17:07:50,857] [SUBPROCESS]    R981;$3.$29.18;$3.$68.18;;0.0
[2026-08-13 17:07:50,858] [SUBPROCESS]    R982;$3.$29.18;$3.$70.18;;27.106
[2026-08-13 17:07:50,858] [SUBPROCESS]    R983;$3.$3.18;$3.$42.18;;0.0
[2026-08-13 17:07:50,858] [SUBPROCESS]    R984;$3.$3.18;$3.$44.18;;27.106
[2026-08-13 17:07:50,859] [SUBPROCESS]    R985;$3.$30.15;$3.$31.18;;585.0
[2026-08-13 17:07:50,859] [SUBPROCESS]    R986;$3.$30.15;$3.$32.15;;0.0
[2026-08-13 17:07:50,860] [SUBPROCESS]    R987;$3.$30.15;$3.P0.15;;0.0
[2026-08-13 17:07:50,860] [SUBPROCESS]    R988;$3.$31.18;$3.$70.18;;0.0
[2026-08-13 17:07:50,861] [SUBPROCESS]    R989;$3.$31.18;$3.$72.18;;27.106
[2026-08-13 17:07:50,861] [SUBPROCESS]    R990;$3.$32.15;$3.$33.18;;585.0
[2026-08-13 17:07:50,861] [SUBPROCESS]    R991;$3.$32.15;$3.$34.15;;0.0
[2026-08-13 17:07:50,862] [SUBPROCESS]    R992;$3.$33.18;$3.$72.18;;0.0
[2026-08-13 17:07:50,862] [SUBPROCESS]    R993;$3.$33.18;$3.$74.18;;27.106
[2026-08-13 17:07:50,863] [SUBPROCESS]    R994;$3.$34.15;$3.$35.18;;585.0
[2026-08-13 17:07:50,863] [SUBPROCESS]    R995;$3.$34.15;$3.$36.15;;0.0
[2026-08-13 17:07:50,864] [SUBPROCESS]    R996;$3.$35.18;$3.$74.18;;0.0
[2026-08-13 17:07:50,864] [SUBPROCESS]    R997;$3.$35.18;$3.$76.18;;27.106
[2026-08-13 17:07:50,864] [SUBPROCESS]    R998;$3.$36.15;$3.$37.18;;585.0
[2026-08-13 17:07:50,865] [SUBPROCESS]    R999;$3.$36.15;$3.$38.15;;0.0
[2026-08-13 17:07:50,865] [SUBPROCESS]    R1000;$3.$37.18;$3.$76.18;;0.0
[2026-08-13 17:07:50,866] [SUBPROCESS]    R1001;$3.$37.18;$3.$78.18;;27.106
[2026-08-13 17:07:50,866] [SUBPROCESS]    R1002;$3.$38.15;$3.$39.18;;585.0
[2026-08-13 17:07:50,867] [SUBPROCESS]    R1003;$3.$39.18;$3.$78.18;;0.0
[2026-08-13 17:07:50,867] [SUBPROCESS]    R1004;$3.$4.15;$3.$5.18;;585.0
[2026-08-13 17:07:50,867] [SUBPROCESS]    R1005;$3.$4.15;$3.$6.15;;0.0
[2026-08-13 17:07:50,868] [SUBPROCESS]    R1006;$3.$40.18;$3.$41.25;;9.3
[2026-08-13 17:07:50,868] [SUBPROCESS]    R1007;$3.$42.18;$3.$43.25;;9.3
[2026-08-13 17:07:50,869] [SUBPROCESS]    R1008;$3.$43.25;$3.$45.25;;0.033
[2026-08-13 17:07:50,870] [SUBPROCESS]    R1009;$3.$44.18;$3.$45.25;;9.3
[2026-08-13 17:07:50,870] [SUBPROCESS]    R1010;$3.$44.18;$3.$5.18;;0.0
[2026-08-13 17:07:50,871] [SUBPROCESS]    R1011;$3.$45.25;$3.$47.25;;0.029
[2026-08-13 17:07:50,872] [SUBPROCESS]    R1012;$3.$46.18;$3.$47.25;;9.3
[2026-08-13 17:07:50,872] [SUBPROCESS]    R1013;$3.$46.18;$3.$5.18;;27.106
[2026-08-13 17:07:50,873] [SUBPROCESS]    R1014;$3.$46.18;$3.$7.18;;0.0
[2026-08-13 17:07:50,873] [SUBPROCESS]    R1015;$3.$47.25;$3.$49.25;;0.029
[2026-08-13 17:07:50,874] [SUBPROCESS]    R1016;$3.$48.18;$3.$49.25;;9.3
[2026-08-13 17:07:50,874] [SUBPROCESS]    R1017;$3.$48.18;$3.$7.18;;27.106
[2026-08-13 17:07:50,874] [SUBPROCESS]    R1018;$3.$48.18;$3.$9.18;;0.0
[2026-08-13 17:07:50,875] [SUBPROCESS]    R1019;$3.$49.25;$3.$51.25;;0.029
[2026-08-13 17:07:50,875] [SUBPROCESS]    R1020;$3.$50.18;$3.$51.25;;9.3
[2026-08-13 17:07:50,876] [SUBPROCESS]    R1021;$3.$50.18;$3.$9.18;;27.106
[2026-08-13 17:07:50,876] [SUBPROCESS]    R1022;$3.$51.25;$3.$53.25;;0.029
[2026-08-13 17:07:50,877] [SUBPROCESS]    R1023;$3.$52.18;$3.$53.25;;9.3
[2026-08-13 17:07:50,877] [SUBPROCESS]    R1024;$3.$53.25;$3.$55.25;;0.029
[2026-08-13 17:07:50,877] [SUBPROCESS]    R1025;$3.$54.18;$3.$55.25;;9.3
[2026-08-13 17:07:50,878] [SUBPROCESS]    R1026;$3.$55.25;$3.$57.25;;0.029
[2026-08-13 17:07:50,878] [SUBPROCESS]    R1027;$3.$56.18;$3.$57.25;;9.3
[2026-08-13 17:07:50,879] [SUBPROCESS]    R1028;$3.$58.18;$3.$59.25;;9.3
[2026-08-13 17:07:50,879] [SUBPROCESS]    R1029;$3.$59.25;$3.$96.25;;0.181
[2026-08-13 17:07:50,880] [SUBPROCESS]    R1030;$3.$6.15;$3.$7.18;;585.0
[2026-08-13 17:07:50,880] [SUBPROCESS]    R1031;$3.$6.15;$3.P1.15;;0.0
[2026-08-13 17:07:50,881] [SUBPROCESS]    R1032;$3.$60.18;$3.$61.25;;9.3
[2026-08-13 17:07:50,881] [SUBPROCESS]    R1033;$3.$61.25;$3.$96.25;;0.181
[2026-08-13 17:07:50,882] [SUBPROCESS]    R1034;$3.$62.18;$3.$63.25;;9.3
[2026-08-13 17:07:50,882] [SUBPROCESS]    R1035;$3.$64.18;$3.$65.25;;9.3
[2026-08-13 17:07:50,883] [SUBPROCESS]    R1036;$3.$65.25;$3.$67.25;;0.029
[2026-08-13 17:07:50,883] [SUBPROCESS]    R1037;$3.$66.18;$3.$67.25;;9.3
[2026-08-13 17:07:50,884] [SUBPROCESS]    R1038;$3.$67.25;$3.$69.25;;0.029
[2026-08-13 17:07:50,884] [SUBPROCESS]    R1039;$3.$68.18;$3.$69.25;;9.3
[2026-08-13 17:07:50,884] [SUBPROCESS]    R1040;$3.$69.25;$3.$71.25;;0.029
[2026-08-13 17:07:50,885] [SUBPROCESS]    R1041;$3.$70.18;$3.$71.25;;9.3
[2026-08-13 17:07:50,886] [SUBPROCESS]    R1042;$3.$71.25;$3.$73.25;;0.029
[2026-08-13 17:07:50,886] [SUBPROCESS]    R1043;$3.$72.18;$3.$73.25;;9.3
[2026-08-13 17:07:50,887] [SUBPROCESS]    R1044;$3.$73.25;$3.$75.25;;0.029
[2026-08-13 17:07:50,888] [SUBPROCESS]    R1045;$3.$74.18;$3.$75.25;;9.3
[2026-08-13 17:07:50,888] [SUBPROCESS]    R1046;$3.$75.25;$3.$77.25;;0.029
[2026-08-13 17:07:50,889] [SUBPROCESS]    R1047;$3.$76.18;$3.$77.25;;9.3
[2026-08-13 17:07:50,889] [SUBPROCESS]    R1048;$3.$77.25;$3.$79.25;;0.029
[2026-08-13 17:07:50,890] [SUBPROCESS]    R1049;$3.$78.18;$3.$79.25;;9.3
[2026-08-13 17:07:50,890] [SUBPROCESS]    R1050;$3.$8.15;$3.$9.18;;585.0
[2026-08-13 17:07:50,891] [SUBPROCESS]    R1051;$3.$8.15;$3.P1.15;;0.0
[2026-08-13 17:07:50,891] [SUBPROCESS]    R1052;$3.$80.25;$3.$81.26;;4.5
[2026-08-13 17:07:50,892] [SUBPROCESS]    R1053;$3.$80.25;$3.$88.25;;0.0
[2026-08-13 17:07:50,892] [SUBPROCESS]    R1054;$3.$81.26;$3.$89.26;;0.0
[2026-08-13 17:07:50,892] [SUBPROCESS]    R1055;$3.$82.25;$3.$83.26;;4.5
[2026-08-13 17:07:50,893] [SUBPROCESS]    R1056;$3.$82.25;$3.$88.25;;0.062
[2026-08-13 17:07:50,893] [SUBPROCESS]    R1057;$3.$82.25;$3.$90.25;;0.076
[2026-08-13 17:07:50,894] [SUBPROCESS]    R1058;$3.$84.25;$3.$85.26;;4.5
[2026-08-13 17:07:50,894] [SUBPROCESS]    R1059;$3.$84.25;$3.$86.25;;0.057
[2026-08-13 17:07:50,895] [SUBPROCESS]    R1060;$3.$84.25;$3.$92.25;;0.096
[2026-08-13 17:07:50,895] [SUBPROCESS]    R1061;$3.$86.25;$3.$87.26;;4.5
[2026-08-13 17:07:50,896] [SUBPROCESS]    R1062;$3.$86.25;$3.$94.25;;0.0
[2026-08-13 17:07:50,896] [SUBPROCESS]    R1063;$3.$87.26;$3.$95.26;;0.0
[2026-08-13 17:07:50,896] [SUBPROCESS]    R1064;$3.$88.25;$3.$89.26;;4.5
[2026-08-13 17:07:50,897] [SUBPROCESS]    R1065;$3.$90.25;$3.$91.26;;4.5
[2026-08-13 17:07:50,897] [SUBPROCESS]    R1066;$3.$90.25;$3.$98.25;;1.724
[2026-08-13 17:07:50,898] [SUBPROCESS]    R1067;$3.$91.26;$3.$93.26;;6.995
[2026-08-13 17:07:50,898] [SUBPROCESS]    R1068;$3.$92.25;$3.$93.26;;4.5
[2026-08-13 17:07:50,899] [SUBPROCESS]    R1069;$3.$94.25;$3.$95.26;;4.5
[2026-08-13 17:07:50,899] [SUBPROCESS]    R1070;$3.$96.25;$3.$97.26;;4.5
[2026-08-13 17:07:50,899] [SUBPROCESS]    R1071;$3.$97.26;$3.$99.26;;4.69
[2026-08-13 17:07:50,900] [SUBPROCESS]    R1072;$3.$98.25;$3.$99.26;;4.5
[2026-08-13 17:07:50,900] [SUBPROCESS]    R1073;$39.$0.15;$39.$1.18;;585.0
[2026-08-13 17:07:50,901] [SUBPROCESS]    R1074;$39.$0.15;$39.$292.15;;0.0
[2026-08-13 17:07:50,901] [SUBPROCESS]    R1075;$39.$0.15;$39.$4.15;;0.0
[2026-08-13 17:07:50,902] [SUBPROCESS]    R1076;$39.$1.18;$39.$320.18;;0.0
[2026-08-13 17:07:50,902] [SUBPROCESS]    R1077;$39.$1.18;$39.$324.18;;27.106
[2026-08-13 17:07:50,903] [SUBPROCESS]    R1078;$39.$10.15;$39.$11.18;;585.0
[2026-08-13 17:07:50,904] [SUBPROCESS]    R1079;$39.$10.15;$39.$14.15;;0.0
[2026-08-13 17:07:50,904] [SUBPROCESS]    R1080;$39.$10.15;$39.$6.15;;0.0
[2026-08-13 17:07:50,905] [SUBPROCESS]    R1081;$39.$100.15;$39.$101.18;;585.0
[2026-08-13 17:07:50,905] [SUBPROCESS]    R1082;$39.$100.15;$39.$138.15;;0.0
[2026-08-13 17:07:50,906] [SUBPROCESS]    R1083;$39.$100.15;$39.$76.15;;0.0
[2026-08-13 17:07:50,906] [SUBPROCESS]    R1084;$39.$101.18;$39.$396.18;;27.106
[2026-08-13 17:07:50,907] [SUBPROCESS]    R1085;$39.$101.18;$39.$420.18;;0.0
[2026-08-13 17:07:50,907] [SUBPROCESS]    R1086;$39.$102.15;$39.$103.18;;585.0
[2026-08-13 17:07:50,908] [SUBPROCESS]    R1087;$39.$102.15;$39.$150.15;;0.0
[2026-08-13 17:07:50,908] [SUBPROCESS]    R1088;$39.$102.15;$39.$78.15;;0.0
[2026-08-13 17:07:50,908] [SUBPROCESS]    R1089;$39.$103.18;$39.$398.18;;27.106
[2026-08-13 17:07:50,909] [SUBPROCESS]    R1090;$39.$103.18;$39.$422.18;;0.0
[2026-08-13 17:07:50,909] [SUBPROCESS]    R1091;$39.$104.15;$39.$105.18;;585.0
[2026-08-13 17:07:50,910] [SUBPROCESS]    R1092;$39.$104.15;$39.$96.15;;0.0
[2026-08-13 17:07:50,910] [SUBPROCESS]    R1093;$39.$105.18;$39.$424.18;;0.0
[2026-08-13 17:07:50,911] [SUBPROCESS]    R1094;$39.$106.15;$39.$107.18;;585.0
[2026-08-13 17:07:50,911] [SUBPROCESS]    R1095;$39.$106.15;$39.$98.15;;0.0
[2026-08-13 17:07:50,911] [SUBPROCESS]    R1096;$39.$107.18;$39.$426.18;;0.0
[2026-08-13 17:07:50,912] [SUBPROCESS]    R1097;$39.$108.15;$39.$109.18;;585.0
[2026-08-13 17:07:50,912] [SUBPROCESS]    R1098;$39.$108.15;$39.$130.15;;0.0
[2026-08-13 17:07:50,913] [SUBPROCESS]    R1099;$39.$108.15;$39.$84.15;;0.0
[2026-08-13 17:07:50,913] [SUBPROCESS]    R1100;$39.$109.18;$39.$428.18;;0.0
[2026-08-13 17:07:50,914] [SUBPROCESS]    R1101;$39.$109.18;$39.$450.18;;27.106
[2026-08-13 17:07:50,914] [SUBPROCESS]    R1102;$39.$11.18;$39.$330.18;;0.0
[2026-08-13 17:07:50,914] [SUBPROCESS]    R1103;$39.$11.18;$39.$334.18;;27.106
[2026-08-13 17:07:50,915] [SUBPROCESS]    R1104;$39.$110.15;$39.$111.18;;585.0
[2026-08-13 17:07:50,915] [SUBPROCESS]    R1105;$39.$110.15;$39.$134.15;;0.0
[2026-08-13 17:07:50,916] [SUBPROCESS]    R1106;$39.$110.15;$39.$86.15;;0.0
[2026-08-13 17:07:50,916] [SUBPROCESS]    R1107;$39.$111.18;$39.$430.18;;0.0
[2026-08-13 17:07:50,917] [SUBPROCESS]    R1108;$39.$111.18;$39.$454.18;;27.106
[2026-08-13 17:07:50,917] [SUBPROCESS]    R1109;$39.$112.15;$39.$113.18;;585.0
[2026-08-13 17:07:50,917] [SUBPROCESS]    R1110;$39.$112.15;$39.P18.15;;0.0
[2026-08-13 17:07:50,918] [SUBPROCESS]    R1111;$39.$113.18;$39.$432.18;;0.0
[2026-08-13 17:07:50,918] [SUBPROCESS]    R1112;$39.$114.15;$39.$115.18;;585.0
[2026-08-13 17:07:50,919] [SUBPROCESS]    R1113;$39.$114.15;$39.P26.15;;0.0
[2026-08-13 17:07:50,920] [SUBPROCESS]    R1114;$39.$115.18;$39.$434.18;;0.0
[2026-08-13 17:07:50,921] [SUBPROCESS]    R1115;$39.$116.15;$39.$117.18;;585.0
[2026-08-13 17:07:50,921] [SUBPROCESS]    R1116;$39.$116.15;$39.P22.15;;0.0
[2026-08-13 17:07:50,922] [SUBPROCESS]    R1117;$39.$117.18;$39.$436.18;;0.0
[2026-08-13 17:07:50,922] [SUBPROCESS]    R1118;$39.$118.15;$39.$119.18;;585.0
[2026-08-13 17:07:50,923] [SUBPROCESS]    R1119;$39.$118.15;$39.P30.15;;0.0
[2026-08-13 17:07:50,924] [SUBPROCESS]    R1120;$39.$119.18;$39.$438.18;;0.0
[2026-08-13 17:07:50,924] [SUBPROCESS]    R1121;$39.$12.15;$39.$13.18;;585.0
[2026-08-13 17:07:50,925] [SUBPROCESS]    R1122;$39.$12.15;$39.$8.15;;0.0
[2026-08-13 17:07:50,925] [SUBPROCESS]    R1123;$39.$120.15;$39.$121.18;;585.0
[2026-08-13 17:07:50,926] [SUBPROCESS]    R1124;$39.$120.15;$39.$124.15;;0.0
[2026-08-13 17:07:50,926] [SUBPROCESS]    R1125;$39.$121.18;$39.$440.18;;0.0
[2026-08-13 17:07:50,927] [SUBPROCESS]    R1126;$39.$121.18;$39.$444.18;;27.106
[2026-08-13 17:07:50,927] [SUBPROCESS]    R1127;$39.$122.15;$39.$123.18;;585.0
[2026-08-13 17:07:50,928] [SUBPROCESS]    R1128;$39.$122.15;$39.$76.15;;0.0
[2026-08-13 17:07:50,928] [SUBPROCESS]    R1129;$39.$123.18;$39.$442.18;;0.0
[2026-08-13 17:07:50,929] [SUBPROCESS]    R1130;$39.$124.15;$39.$125.18;;585.0
[2026-08-13 17:07:50,929] [SUBPROCESS]    R1131;$39.$124.15;$39.$128.15;;0.0
[2026-08-13 17:07:50,930] [SUBPROCESS]    R1132;$39.$125.18;$39.$444.18;;0.0
[2026-08-13 17:07:50,930] [SUBPROCESS]    R1133;$39.$125.18;$39.$448.18;;27.106
[2026-08-13 17:07:50,931] [SUBPROCESS]    R1134;$39.$126.15;$39.$127.18;;585.0
[2026-08-13 17:07:50,931] [SUBPROCESS]    R1135;$39.$126.15;$39.$78.15;;0.0
[2026-08-13 17:07:50,931] [SUBPROCESS]    R1136;$39.$127.18;$39.$446.18;;0.0
[2026-08-13 17:07:50,932] [SUBPROCESS]    R1137;$39.$128.15;$39.$129.18;;585.0
[2026-08-13 17:07:50,932] [SUBPROCESS]    R1138;$39.$128.15;$39.$132.15;;0.0
[2026-08-13 17:07:50,933] [SUBPROCESS]    R1139;$39.$129.18;$39.$448.18;;0.0
[2026-08-13 17:07:50,933] [SUBPROCESS]    R1140;$39.$129.18;$39.$452.18;;27.106
[2026-08-13 17:07:50,934] [SUBPROCESS]    R1141;$39.$13.18;$39.$332.18;;0.0
[2026-08-13 17:07:50,934] [SUBPROCESS]    R1142;$39.$130.15;$39.$131.18;;585.0
[2026-08-13 17:07:50,935] [SUBPROCESS]    R1143;$39.$130.15;$39.P13.15;;0.0
[2026-08-13 17:07:50,935] [SUBPROCESS]    R1144;$39.$131.18;$39.$450.18;;0.0
[2026-08-13 17:07:50,936] [SUBPROCESS]    R1145;$39.$131.18;$39.$474.18;;27.106
[2026-08-13 17:07:50,937] [SUBPROCESS]    R1146;$39.$132.15;$39.$133.18;;585.0
[2026-08-13 17:07:50,937] [SUBPROCESS]    R1147;$39.$132.15;$39.P8.15;;0.0
[2026-08-13 17:07:50,938] [SUBPROCESS]    R1148;$39.$133.18;$39.$452.18;;0.0
[2026-08-13 17:07:50,938] [SUBPROCESS]    R1149;$39.$133.18;$39.$456.18;;27.106
[2026-08-13 17:07:50,939] [SUBPROCESS]    R1150;$39.$134.15;$39.$135.18;;585.0
[2026-08-13 17:07:50,939] [SUBPROCESS]    R1151;$39.$134.15;$39.P9.15;;0.0
[2026-08-13 17:07:50,940] [SUBPROCESS]    R1152;$39.$135.18;$39.$454.18;;0.0
[2026-08-13 17:07:50,940] [SUBPROCESS]    R1153;$39.$135.18;$39.$478.18;;27.106
[2026-08-13 17:07:50,941] [SUBPROCESS]    R1154;$39.$136.15;$39.$137.18;;585.0
[2026-08-13 17:07:50,941] [SUBPROCESS]    R1155;$39.$136.15;$39.$148.15;;0.0
[2026-08-13 17:07:50,942] [SUBPROCESS]    R1156;$39.$136.15;$39.P8.15;;0.0
[2026-08-13 17:07:50,942] [SUBPROCESS]    R1157;$39.$137.18;$39.$456.18;;0.0
[2026-08-13 17:07:50,942] [SUBPROCESS]    R1158;$39.$137.18;$39.$468.18;;27.106
[2026-08-13 17:07:50,943] [SUBPROCESS]    R1159;$39.$138.15;$39.$139.18;;585.0
[2026-08-13 17:07:50,943] [SUBPROCESS]    R1160;$39.$138.15;$39.$218.15;;0.0
[2026-08-13 17:07:50,944] [SUBPROCESS]    R1161;$39.$139.18;$39.$420.18;;27.106
[2026-08-13 17:07:50,944] [SUBPROCESS]    R1162;$39.$139.18;$39.$458.18;;0.0
[2026-08-13 17:07:50,945] [SUBPROCESS]    R1163;$39.$14.15;$39.$15.18;;585.0
[2026-08-13 17:07:50,945] [SUBPROCESS]    R1164;$39.$140.15;$39.$141.18;;585.0
[2026-08-13 17:07:50,946] [SUBPROCESS]    R1165;$39.$140.15;$39.P17.15;;0.0
[2026-08-13 17:07:50,946] [SUBPROCESS]    R1166;$39.$141.18;$39.$460.18;;0.0
[2026-08-13 17:07:50,946] [SUBPROCESS]    R1167;$39.$142.15;$39.$143.18;;585.0
[2026-08-13 17:07:50,947] [SUBPROCESS]    R1168;$39.$142.15;$39.P25.15;;0.0
[2026-08-13 17:07:50,947] [SUBPROCESS]    R1169;$39.$143.18;$39.$462.18;;0.0
[2026-08-13 17:07:50,948] [SUBPROCESS]    R1170;$39.$144.15;$39.$145.18;;585.0
[2026-08-13 17:07:50,948] [SUBPROCESS]    R1171;$39.$144.15;$39.P21.15;;0.0
[2026-08-13 17:07:50,949] [SUBPROCESS]    R1172;$39.$145.18;$39.$464.18;;0.0
[2026-08-13 17:07:50,949] [SUBPROCESS]    R1173;$39.$146.15;$39.$147.18;;585.0
[2026-08-13 17:07:50,950] [SUBPROCESS]    R1174;$39.$146.15;$39.P29.15;;0.0
[2026-08-13 17:07:50,950] [SUBPROCESS]    R1175;$39.$147.18;$39.$466.18;;0.0
[2026-08-13 17:07:50,950] [SUBPROCESS]    R1176;$39.$148.15;$39.$149.18;;585.0
[2026-08-13 17:07:50,951] [SUBPROCESS]    R1177;$39.$148.15;$39.$152.15;;0.0
[2026-08-13 17:07:50,951] [SUBPROCESS]    R1178;$39.$149.18;$39.$468.18;;0.0
[2026-08-13 17:07:50,952] [SUBPROCESS]    R1179;$39.$149.18;$39.$472.18;;27.106
[2026-08-13 17:07:50,953] [SUBPROCESS]    R1180;$39.$15.18;$39.$334.18;;0.0
[2026-08-13 17:07:50,953] [SUBPROCESS]    R1181;$39.$150.15;$39.$151.18;;585.0
[2026-08-13 17:07:50,954] [SUBPROCESS]    R1182;$39.$150.15;$39.$220.15;;0.0
[2026-08-13 17:07:50,955] [SUBPROCESS]    R1183;$39.$151.18;$39.$422.18;;27.106
[2026-08-13 17:07:50,955] [SUBPROCESS]    R1184;$39.$151.18;$39.$470.18;;0.0
[2026-08-13 17:07:50,956] [SUBPROCESS]    R1185;$39.$152.15;$39.$153.18;;585.0
[2026-08-13 17:07:50,956] [SUBPROCESS]    R1186;$39.$152.15;$39.$156.15;;0.0
[2026-08-13 17:07:50,957] [SUBPROCESS]    R1187;$39.$153.18;$39.$472.18;;0.0
[2026-08-13 17:07:50,957] [SUBPROCESS]    R1188;$39.$153.18;$39.$476.18;;27.106
[2026-08-13 17:07:50,958] [SUBPROCESS]    R1189;$39.$154.15;$39.$155.18;;585.0
[2026-08-13 17:07:50,958] [SUBPROCESS]    R1190;$39.$154.15;$39.$72.15;;0.0
[2026-08-13 17:07:50,959] [SUBPROCESS]    R1191;$39.$154.15;$39.P13.15;;0.0
[2026-08-13 17:07:50,959] [SUBPROCESS]    R1192;$39.$155.18;$39.$392.18;;27.106
[2026-08-13 17:07:50,960] [SUBPROCESS]    R1193;$39.$155.18;$39.$474.18;;0.0
[2026-08-13 17:07:50,960] [SUBPROCESS]    R1194;$39.$156.15;$39.$157.18;;585.0
[2026-08-13 17:07:50,961] [SUBPROCESS]    R1195;$39.$156.15;$39.$160.15;;0.0
[2026-08-13 17:07:50,961] [SUBPROCESS]    R1196;$39.$157.18;$39.$476.18;;0.0
[2026-08-13 17:07:50,962] [SUBPROCESS]    R1197;$39.$157.18;$39.$480.18;;27.106
[2026-08-13 17:07:50,962] [SUBPROCESS]    R1198;$39.$158.15;$39.$159.18;;585.0
[2026-08-13 17:07:50,963] [SUBPROCESS]    R1199;$39.$158.15;$39.$74.15;;0.0
[2026-08-13 17:07:50,963] [SUBPROCESS]    R1200;$39.$158.15;$39.P9.15;;0.0
[2026-08-13 17:07:50,964] [SUBPROCESS]    R1201;$39.$159.18;$39.$394.18;;27.106
[2026-08-13 17:07:50,964] [SUBPROCESS]    R1202;$39.$159.18;$39.$478.18;;0.0
[2026-08-13 17:07:50,965] [SUBPROCESS]    R1203;$39.$16.15;$39.$17.18;;585.0
[2026-08-13 17:07:50,965] [SUBPROCESS]    R1204;$39.$16.15;$39.$20.15;;0.0
[2026-08-13 17:07:50,965] [SUBPROCESS]    R1205;$39.$160.15;$39.$161.18;;585.0
[2026-08-13 17:07:50,966] [SUBPROCESS]    R1206;$39.$161.18;$39.$480.18;;0.0
[2026-08-13 17:07:50,966] [SUBPROCESS]    R1207;$39.$162.15;$39.$163.18;;585.0
[2026-08-13 17:07:50,967] [SUBPROCESS]    R1208;$39.$162.15;$39.$84.15;;0.0
[2026-08-13 17:07:50,967] [SUBPROCESS]    R1209;$39.$163.18;$39.$404.18;;27.106
[2026-08-13 17:07:50,968] [SUBPROCESS]    R1210;$39.$163.18;$39.$482.18;;0.0
[2026-08-13 17:07:50,969] [SUBPROCESS]    R1211;$39.$164.15;$39.$165.18;;585.0
[2026-08-13 17:07:50,969] [SUBPROCESS]    R1212;$39.$164.15;$39.P16.15;;0.0
[2026-08-13 17:07:50,970] [SUBPROCESS]    R1213;$39.$165.18;$39.$484.18;;0.0
[2026-08-13 17:07:50,970] [SUBPROCESS]    R1214;$39.$166.15;$39.$167.18;;585.0
[2026-08-13 17:07:50,971] [SUBPROCESS]    R1215;$39.$166.15;$39.P24.15;;0.0
[2026-08-13 17:07:50,971] [SUBPROCESS]    R1216;$39.$167.18;$39.$486.18;;0.0
[2026-08-13 17:07:50,972] [SUBPROCESS]    R1217;$39.$168.15;$39.$169.18;;585.0
[2026-08-13 17:07:50,972] [SUBPROCESS]    R1218;$39.$168.15;$39.P20.15;;0.0
[2026-08-13 17:07:50,973] [SUBPROCESS]    R1219;$39.$169.18;$39.$488.18;;0.0
[2026-08-13 17:07:50,973] [SUBPROCESS]    R1220;$39.$17.18;$39.$336.18;;0.0
[2026-08-13 17:07:50,974] [SUBPROCESS]    R1221;$39.$17.18;$39.$340.18;;27.106
[2026-08-13 17:07:50,974] [SUBPROCESS]    R1222;$39.$170.15;$39.$171.18;;585.0
[2026-08-13 17:07:50,975] [SUBPROCESS]    R1223;$39.$170.15;$39.P28.15;;0.0
[2026-08-13 17:07:50,975] [SUBPROCESS]    R1224;$39.$171.18;$39.$490.18;;0.0
[2026-08-13 17:07:50,976] [SUBPROCESS]    R1225;$39.$172.15;$39.$173.18;;585.0
[2026-08-13 17:07:50,976] [SUBPROCESS]    R1226;$39.$172.15;$39.$176.15;;0.0
[2026-08-13 17:07:50,977] [SUBPROCESS]    R1227;$39.$172.15;$39.$242.15;;0.0
[2026-08-13 17:07:50,977] [SUBPROCESS]    R1228;$39.$173.18;$39.$492.18;;0.0
[2026-08-13 17:07:50,978] [SUBPROCESS]    R1229;$39.$173.18;$39.$496.18;;27.106
[2026-08-13 17:07:50,978] [SUBPROCESS]    R1230;$39.$174.15;$39.$175.18;;585.0
[2026-08-13 17:07:50,978] [SUBPROCESS]    R1231;$39.$174.15;$39.$178.15;;0.0
[2026-08-13 17:07:50,979] [SUBPROCESS]    R1232;$39.$174.15;$39.$244.15;;0.0
[2026-08-13 17:07:50,979] [SUBPROCESS]    R1233;$39.$175.18;$39.$494.18;;0.0
[2026-08-13 17:07:50,980] [SUBPROCESS]    R1234;$39.$175.18;$39.$498.18;;27.106
[2026-08-13 17:07:50,980] [SUBPROCESS]    R1235;$39.$176.15;$39.$177.18;;585.0
[2026-08-13 17:07:50,981] [SUBPROCESS]    R1236;$39.$176.15;$39.$180.15;;0.0
[2026-08-13 17:07:50,981] [SUBPROCESS]    R1237;$39.$177.18;$39.$496.18;;0.0
[2026-08-13 17:07:50,982] [SUBPROCESS]    R1238;$39.$177.18;$39.$500.18;;27.106
[2026-08-13 17:07:50,982] [SUBPROCESS]    R1239;$39.$178.15;$39.$179.18;;585.0
[2026-08-13 17:07:50,982] [SUBPROCESS]    R1240;$39.$178.15;$39.P15.15;;0.0
[2026-08-13 17:07:50,983] [SUBPROCESS]    R1241;$39.$179.18;$39.$498.18;;0.0
[2026-08-13 17:07:50,983] [SUBPROCESS]    R1242;$39.$179.18;$39.$502.18;;27.106
[2026-08-13 17:07:50,984] [SUBPROCESS]    R1243;$39.$18.15;$39.$19.18;;585.0
[2026-08-13 17:07:50,984] [SUBPROCESS]    R1244;$39.$18.15;$39.$22.15;;0.0
[2026-08-13 17:07:50,985] [SUBPROCESS]    R1245;$39.$180.15;$39.$181.18;;585.0
[2026-08-13 17:07:50,986] [SUBPROCESS]    R1246;$39.$180.15;$39.P11.15;;0.0
[2026-08-13 17:07:50,986] [SUBPROCESS]    R1247;$39.$181.18;$39.$500.18;;0.0
[2026-08-13 17:07:50,987] [SUBPROCESS]    R1248;$39.$181.18;$39.$504.18;;27.106
[2026-08-13 17:07:50,987] [SUBPROCESS]    R1249;$39.$182.15;$39.$183.18;;585.0
[2026-08-13 17:07:50,988] [SUBPROCESS]    R1250;$39.$182.15;$39.$186.15;;0.0
[2026-08-13 17:07:50,988] [SUBPROCESS]    R1251;$39.$182.15;$39.P15.15;;0.0
[2026-08-13 17:07:50,989] [SUBPROCESS]    R1252;$39.$183.18;$39.$502.18;;0.0
[2026-08-13 17:07:50,990] [SUBPROCESS]    R1253;$39.$183.18;$39.$506.18;;27.106
[2026-08-13 17:07:50,990] [SUBPROCESS]    R1254;$39.$184.15;$39.$185.18;;585.0
[2026-08-13 17:07:50,991] [SUBPROCESS]    R1255;$39.$184.15;$39.$188.15;;0.0
[2026-08-13 17:07:50,991] [SUBPROCESS]    R1256;$39.$184.15;$39.P11.15;;0.0
[2026-08-13 17:07:50,991] [SUBPROCESS]    R1257;$39.$185.18;$39.$504.18;;0.0
[2026-08-13 17:07:50,992] [SUBPROCESS]    R1258;$39.$185.18;$39.$508.18;;27.106
[2026-08-13 17:07:50,992] [SUBPROCESS]    R1259;$39.$186.15;$39.$187.18;;585.0
[2026-08-13 17:07:50,993] [SUBPROCESS]    R1260;$39.$186.15;$39.$190.15;;0.0
[2026-08-13 17:07:50,993] [SUBPROCESS]    R1261;$39.$187.18;$39.$506.18;;0.0
[2026-08-13 17:07:50,994] [SUBPROCESS]    R1262;$39.$187.18;$39.$510.18;;27.106
[2026-08-13 17:07:50,994] [SUBPROCESS]    R1263;$39.$188.15;$39.$189.18;;585.0
[2026-08-13 17:07:50,995] [SUBPROCESS]    R1264;$39.$188.15;$39.$192.15;;0.0
[2026-08-13 17:07:50,995] [SUBPROCESS]    R1265;$39.$189.18;$39.$508.18;;0.0
[2026-08-13 17:07:50,996] [SUBPROCESS]    R1266;$39.$189.18;$39.$512.18;;27.106
[2026-08-13 17:07:50,996] [SUBPROCESS]    R1267;$39.$19.18;$39.$338.18;;0.0
[2026-08-13 17:07:50,996] [SUBPROCESS]    R1268;$39.$19.18;$39.$342.18;;27.106
[2026-08-13 17:07:50,997] [SUBPROCESS]    R1269;$39.$190.15;$39.$191.18;;585.0
[2026-08-13 17:07:50,997] [SUBPROCESS]    R1270;$39.$190.15;$39.$194.15;;0.0
[2026-08-13 17:07:50,998] [SUBPROCESS]    R1271;$39.$191.18;$39.$510.18;;0.0
[2026-08-13 17:07:50,998] [SUBPROCESS]    R1272;$39.$191.18;$39.$514.18;;27.106
[2026-08-13 17:07:50,999] [SUBPROCESS]    R1273;$39.$192.15;$39.$193.18;;585.0
[2026-08-13 17:07:50,999] [SUBPROCESS]    R1274;$39.$192.15;$39.$196.15;;0.0
[2026-08-13 17:07:51,000] [SUBPROCESS]    R1275;$39.$193.18;$39.$512.18;;0.0
[2026-08-13 17:07:51,001] [SUBPROCESS]    R1276;$39.$193.18;$39.$516.18;;27.106
[2026-08-13 17:07:51,001] [SUBPROCESS]    R1277;$39.$194.15;$39.$195.18;;585.0
[2026-08-13 17:07:51,002] [SUBPROCESS]    R1278;$39.$194.15;$39.$198.15;;0.0
[2026-08-13 17:07:51,003] [SUBPROCESS]    R1279;$39.$195.18;$39.$514.18;;0.0
[2026-08-13 17:07:51,003] [SUBPROCESS]    R1280;$39.$195.18;$39.$518.18;;27.106
[2026-08-13 17:07:51,004] [SUBPROCESS]    R1281;$39.$196.15;$39.$197.18;;585.0
[2026-08-13 17:07:51,005] [SUBPROCESS]    R1282;$39.$196.15;$39.$200.15;;0.0
[2026-08-13 17:07:51,006] [SUBPROCESS]    R1283;$39.$197.18;$39.$516.18;;0.0
[2026-08-13 17:07:51,006] [SUBPROCESS]    R1284;$39.$197.18;$39.$520.18;;27.106
[2026-08-13 17:07:51,007] [SUBPROCESS]    R1285;$39.$198.15;$39.$199.18;;585.0
[2026-08-13 17:07:51,007] [SUBPROCESS]    R1286;$39.$199.18;$39.$518.18;;0.0
[2026-08-13 17:07:51,008] [SUBPROCESS]    R1287;$39.$2.15;$39.$294.15;;0.0
[2026-08-13 17:07:51,008] [SUBPROCESS]    R1288;$39.$2.15;$39.$3.18;;585.0
[2026-08-13 17:07:51,009] [SUBPROCESS]    R1289;$39.$2.15;$39.$6.15;;0.0
[2026-08-13 17:07:51,009] [SUBPROCESS]    R1290;$39.$20.15;$39.$21.18;;585.0
[2026-08-13 17:07:51,009] [SUBPROCESS]    R1291;$39.$20.15;$39.$24.15;;0.0
[2026-08-13 17:07:51,010] [SUBPROCESS]    R1292;$39.$200.15;$39.$201.18;;585.0
[2026-08-13 17:07:51,010] [SUBPROCESS]    R1293;$39.$201.18;$39.$520.18;;0.0
[2026-08-13 17:07:51,011] [SUBPROCESS]    R1294;$39.$202.15;$39.$203.18;;585.0
[2026-08-13 17:07:51,011] [SUBPROCESS]    R1295;$39.$202.15;$39.$206.15;;0.0
[2026-08-13 17:07:51,012] [SUBPROCESS]    R1296;$39.$203.18;$39.$522.18;;0.0
[2026-08-13 17:07:51,012] [SUBPROCESS]    R1297;$39.$203.18;$39.$526.18;;27.106
[2026-08-13 17:07:51,012] [SUBPROCESS]    R1298;$39.$204.15;$39.$205.18;;585.0
[2026-08-13 17:07:51,013] [SUBPROCESS]    R1299;$39.$204.15;$39.$208.15;;0.0
[2026-08-13 17:07:51,013] [SUBPROCESS]    R1300;$39.$205.18;$39.$524.18;;0.0
[2026-08-13 17:07:51,014] [SUBPROCESS]    R1301;$39.$205.18;$39.$528.18;;27.106
[2026-08-13 17:07:51,014] [SUBPROCESS]    R1302;$39.$206.15;$39.$207.18;;585.0
[2026-08-13 17:07:51,015] [SUBPROCESS]    R1303;$39.$206.15;$39.$210.15;;0.0
[2026-08-13 17:07:51,015] [SUBPROCESS]    R1304;$39.$207.18;$39.$526.18;;0.0
[2026-08-13 17:07:51,015] [SUBPROCESS]    R1305;$39.$207.18;$39.$530.18;;27.106
[2026-08-13 17:07:51,016] [SUBPROCESS]    R1306;$39.$208.15;$39.$209.18;;585.0
[2026-08-13 17:07:51,016] [SUBPROCESS]    R1307;$39.$208.15;$39.$212.15;;0.0
[2026-08-13 17:07:51,017] [SUBPROCESS]    R1308;$39.$209.18;$39.$528.18;;0.0
[2026-08-13 17:07:51,017] [SUBPROCESS]    R1309;$39.$209.18;$39.$532.18;;27.106
[2026-08-13 17:07:51,018] [SUBPROCESS]    R1310;$39.$21.18;$39.$340.18;;0.0
[2026-08-13 17:07:51,018] [SUBPROCESS]    R1311;$39.$21.18;$39.$344.18;;27.106
[2026-08-13 17:07:51,018] [SUBPROCESS]    R1312;$39.$210.15;$39.$211.18;;585.0
[2026-08-13 17:07:51,019] [SUBPROCESS]    R1313;$39.$210.15;$39.$214.15;;0.0
[2026-08-13 17:07:51,020] [SUBPROCESS]    R1314;$39.$211.18;$39.$530.18;;0.0
[2026-08-13 17:07:51,020] [SUBPROCESS]    R1315;$39.$211.18;$39.$534.18;;27.106
[2026-08-13 17:07:51,021] [SUBPROCESS]    R1316;$39.$212.15;$39.$213.18;;585.0
[2026-08-13 17:07:51,021] [SUBPROCESS]    R1317;$39.$212.15;$39.$216.15;;0.0
[2026-08-13 17:07:51,022] [SUBPROCESS]    R1318;$39.$213.18;$39.$532.18;;0.0
[2026-08-13 17:07:51,023] [SUBPROCESS]    R1319;$39.$213.18;$39.$536.18;;27.106
[2026-08-13 17:07:51,024] [SUBPROCESS]    R1320;$39.$214.15;$39.$215.18;;585.0
[2026-08-13 17:07:51,024] [SUBPROCESS]    R1321;$39.$214.15;$39.P14.15;;0.0
[2026-08-13 17:07:51,024] [SUBPROCESS]    R1322;$39.$215.18;$39.$534.18;;0.0
[2026-08-13 17:07:51,025] [SUBPROCESS]    R1323;$39.$215.18;$39.$538.18;;27.106
[2026-08-13 17:07:51,026] [SUBPROCESS]    R1324;$39.$216.15;$39.$217.18;;585.0
[2026-08-13 17:07:51,026] [SUBPROCESS]    R1325;$39.$216.15;$39.P10.15;;0.0
[2026-08-13 17:07:51,027] [SUBPROCESS]    R1326;$39.$217.18;$39.$536.18;;0.0
[2026-08-13 17:07:51,028] [SUBPROCESS]    R1327;$39.$217.18;$39.$540.18;;27.106
[2026-08-13 17:07:51,029] [SUBPROCESS]    R1328;$39.$218.15;$39.$219.18;;585.0
[2026-08-13 17:07:51,029] [SUBPROCESS]    R1329;$39.$218.15;$39.P14.15;;0.0
[2026-08-13 17:07:51,030] [SUBPROCESS]    R1330;$39.$219.18;$39.$458.18;;27.106
[2026-08-13 17:07:51,030] [SUBPROCESS]    R1331;$39.$219.18;$39.$538.18;;0.0
[2026-08-13 17:07:51,031] [SUBPROCESS]    R1332;$39.$22.15;$39.$23.18;;585.0
[2026-08-13 17:07:51,032] [SUBPROCESS]    R1333;$39.$22.15;$39.$26.15;;0.0
[2026-08-13 17:07:51,033] [SUBPROCESS]    R1334;$39.$220.15;$39.$221.18;;585.0
[2026-08-13 17:07:51,033] [SUBPROCESS]    R1335;$39.$220.15;$39.P10.15;;0.0
[2026-08-13 17:07:51,034] [SUBPROCESS]    R1336;$39.$221.18;$39.$470.18;;27.106
[2026-08-13 17:07:51,034] [SUBPROCESS]    R1337;$39.$221.18;$39.$540.18;;0.0
[2026-08-13 17:07:51,035] [SUBPROCESS]    R1338;$39.$222.15;$39.$223.18;;585.0
[2026-08-13 17:07:51,036] [SUBPROCESS]    R1339;$39.$222.15;$39.$224.15;;0.0
[2026-08-13 17:07:51,036] [SUBPROCESS]    R1340;$39.$223.18;$39.$542.18;;0.0
[2026-08-13 17:07:51,037] [SUBPROCESS]    R1341;$39.$223.18;$39.$544.18;;27.106
[2026-08-13 17:07:51,037] [SUBPROCESS]    R1342;$39.$224.15;$39.$225.18;;585.0
[2026-08-13 17:07:51,038] [SUBPROCESS]    R1343;$39.$224.15;$39.$226.15;;0.0
[2026-08-13 17:07:51,039] [SUBPROCESS]    R1344;$39.$225.18;$39.$544.18;;0.0
[2026-08-13 17:07:51,039] [SUBPROCESS]    R1345;$39.$225.18;$39.$546.18;;27.106
[2026-08-13 17:07:51,040] [SUBPROCESS]    R1346;$39.$226.15;$39.$227.18;;585.0
[2026-08-13 17:07:51,040] [SUBPROCESS]    R1347;$39.$226.15;$39.$228.15;;0.0
[2026-08-13 17:07:51,041] [SUBPROCESS]    R1348;$39.$227.18;$39.$546.18;;0.0
[2026-08-13 17:07:51,042] [SUBPROCESS]    R1349;$39.$227.18;$39.$548.18;;27.106
[2026-08-13 17:07:51,042] [SUBPROCESS]    R1350;$39.$228.15;$39.$229.18;;585.0
[2026-08-13 17:07:51,043] [SUBPROCESS]    R1351;$39.$228.15;$39.P12.15;;0.0
[2026-08-13 17:07:51,043] [SUBPROCESS]    R1352;$39.$229.18;$39.$548.18;;0.0
[2026-08-13 17:07:51,044] [SUBPROCESS]    R1353;$39.$229.18;$39.$550.18;;27.106
[2026-08-13 17:07:51,045] [SUBPROCESS]    R1354;$39.$23.18;$39.$342.18;;0.0
[2026-08-13 17:07:51,045] [SUBPROCESS]    R1355;$39.$23.18;$39.$346.18;;27.106
[2026-08-13 17:07:51,046] [SUBPROCESS]    R1356;$39.$230.15;$39.$231.18;;585.0
[2026-08-13 17:07:51,046] [SUBPROCESS]    R1357;$39.$230.15;$39.$232.15;;0.0
[2026-08-13 17:07:51,047] [SUBPROCESS]    R1358;$39.$230.15;$39.P12.15;;0.0
[2026-08-13 17:07:51,047] [SUBPROCESS]    R1359;$39.$231.18;$39.$550.18;;0.0
[2026-08-13 17:07:51,048] [SUBPROCESS]    R1360;$39.$231.18;$39.$552.18;;27.106
[2026-08-13 17:07:51,048] [SUBPROCESS]    R1361;$39.$232.15;$39.$233.18;;585.0
[2026-08-13 17:07:51,049] [SUBPROCESS]    R1362;$39.$232.15;$39.$234.15;;0.0
[2026-08-13 17:07:51,049] [SUBPROCESS]    R1363;$39.$233.18;$39.$552.18;;0.0
[2026-08-13 17:07:51,049] [SUBPROCESS]    R1364;$39.$233.18;$39.$554.18;;27.106
[2026-08-13 17:07:51,050] [SUBPROCESS]    R1365;$39.$234.15;$39.$235.18;;585.0
[2026-08-13 17:07:51,050] [SUBPROCESS]    R1366;$39.$234.15;$39.$236.15;;0.0
[2026-08-13 17:07:51,051] [SUBPROCESS]    R1367;$39.$235.18;$39.$554.18;;0.0
[2026-08-13 17:07:51,051] [SUBPROCESS]    R1368;$39.$235.18;$39.$556.18;;27.106
[2026-08-13 17:07:51,052] [SUBPROCESS]    R1369;$39.$236.15;$39.$237.18;;585.0
[2026-08-13 17:07:51,052] [SUBPROCESS]    R1370;$39.$236.15;$39.$238.15;;0.0
[2026-08-13 17:07:51,053] [SUBPROCESS]    R1371;$39.$237.18;$39.$556.18;;0.0
[2026-08-13 17:07:51,054] [SUBPROCESS]    R1372;$39.$237.18;$39.$558.18;;27.106
[2026-08-13 17:07:51,054] [SUBPROCESS]    R1373;$39.$238.15;$39.$239.18;;585.0
[2026-08-13 17:07:51,055] [SUBPROCESS]    R1374;$39.$239.18;$39.$558.18;;0.0
[2026-08-13 17:07:51,056] [SUBPROCESS]    R1375;$39.$24.15;$39.$25.18;;585.0
[2026-08-13 17:07:51,056] [SUBPROCESS]    R1376;$39.$24.15;$39.$28.15;;0.0
[2026-08-13 17:07:51,057] [SUBPROCESS]    R1377;$39.$240.15;$39.$241.18;;585.0
[2026-08-13 17:07:51,057] [SUBPROCESS]    R1378;$39.$240.15;$39.$244.15;;0.0
[2026-08-13 17:07:51,057] [SUBPROCESS]    R1379;$39.$241.18;$39.$560.18;;0.0
[2026-08-13 17:07:51,058] [SUBPROCESS]    R1380;$39.$241.18;$39.$564.18;;27.106
[2026-08-13 17:07:51,058] [SUBPROCESS]    R1381;$39.$242.15;$39.$243.18;;585.0
[2026-08-13 17:07:51,059] [SUBPROCESS]    R1382;$39.$243.18;$39.$492.18;;27.106
[2026-08-13 17:07:51,059] [SUBPROCESS]    R1383;$39.$243.18;$39.$562.18;;0.0
[2026-08-13 17:07:51,060] [SUBPROCESS]    R1384;$39.$244.15;$39.$245.18;;585.0
[2026-08-13 17:07:51,060] [SUBPROCESS]    R1385;$39.$245.18;$39.$494.18;;27.106
[2026-08-13 17:07:51,060] [SUBPROCESS]    R1386;$39.$245.18;$39.$564.18;;0.0
[2026-08-13 17:07:51,061] [SUBPROCESS]    R1387;$39.$246.15;$39.$247.18;;585.0
[2026-08-13 17:07:51,061] [SUBPROCESS]    R1388;$39.$246.15;$39.$254.15;;0.0
[2026-08-13 17:07:51,062] [SUBPROCESS]    R1389;$39.$246.15;$39.$312.15;;0.0
[2026-08-13 17:07:51,062] [SUBPROCESS]    R1390;$39.$247.18;$39.$566.18;;0.0
[2026-08-13 17:07:51,063] [SUBPROCESS]    R1391;$39.$247.18;$39.$574.18;;27.106
[2026-08-13 17:07:51,063] [SUBPROCESS]    R1392;$39.$248.15;$39.$249.18;;585.0
[2026-08-13 17:07:51,063] [SUBPROCESS]    R1393;$39.$248.15;$39.$264.15;;0.0
[2026-08-13 17:07:51,064] [SUBPROCESS]    R1394;$39.$248.15;$39.$306.15;;0.0
[2026-08-13 17:07:51,064] [SUBPROCESS]    R1395;$39.$249.18;$39.$568.18;;0.0
[2026-08-13 17:07:51,065] [SUBPROCESS]    R1396;$39.$249.18;$39.$584.18;;27.106
[2026-08-13 17:07:51,065] [SUBPROCESS]    R1397;$39.$25.18;$39.$344.18;;0.0
[2026-08-13 17:07:51,066] [SUBPROCESS]    R1398;$39.$25.18;$39.$348.18;;27.106
[2026-08-13 17:07:51,066] [SUBPROCESS]    R1399;$39.$250.15;$39.$251.18;;585.0
[2026-08-13 17:07:51,066] [SUBPROCESS]    R1400;$39.$250.15;$39.$266.15;;0.0
[2026-08-13 17:07:51,067] [SUBPROCESS]    R1401;$39.$250.15;$39.$308.15;;0.0
[2026-08-13 17:07:51,067] [SUBPROCESS]    R1402;$39.$251.18;$39.$570.18;;0.0
[2026-08-13 17:07:51,068] [SUBPROCESS]    R1403;$39.$251.18;$39.$586.18;;27.106
[2026-08-13 17:07:51,068] [SUBPROCESS]    R1404;$39.$252.15;$39.$253.18;;585.0
[2026-08-13 17:07:51,069] [SUBPROCESS]    R1405;$39.$252.15;$39.$318.15;;0.0
[2026-08-13 17:07:51,070] [SUBPROCESS]    R1406;$39.$253.18;$39.$572.18;;0.0
[2026-08-13 17:07:51,070] [SUBPROCESS]    R1407;$39.$254.15;$39.$255.18;;585.0
[2026-08-13 17:07:51,071] [SUBPROCESS]    R1408;$39.$255.18;$39.$574.18;;0.0
[2026-08-13 17:07:51,072] [SUBPROCESS]    R1409;$39.$256.15;$39.$257.18;;585.0
[2026-08-13 17:07:51,072] [SUBPROCESS]    R1410;$39.$256.15;$39.$298.15;;0.0
[2026-08-13 17:07:51,073] [SUBPROCESS]    R1411;$39.$256.15;$39.P7.15;;0.0
[2026-08-13 17:07:51,073] [SUBPROCESS]    R1412;$39.$257.18;$39.$576.18;;0.0
[2026-08-13 17:07:51,073] [SUBPROCESS]    R1413;$39.$257.18;$39.$608.18;;27.106
[2026-08-13 17:07:51,074] [SUBPROCESS]    R1414;$39.$258.15;$39.$259.18;;585.0
[2026-08-13 17:07:51,074] [SUBPROCESS]    R1415;$39.$258.15;$39.$274.15;;0.0
[2026-08-13 17:07:51,075] [SUBPROCESS]    R1416;$39.$258.15;$39.$316.15;;0.0
[2026-08-13 17:07:51,075] [SUBPROCESS]    R1417;$39.$259.18;$39.$578.18;;0.0
[2026-08-13 17:07:51,076] [SUBPROCESS]    R1418;$39.$259.18;$39.$594.18;;27.106
[2026-08-13 17:07:51,076] [SUBPROCESS]    R1419;$39.$26.15;$39.$27.18;;585.0
[2026-08-13 17:07:51,076] [SUBPROCESS]    R1420;$39.$26.15;$39.$30.15;;0.0
[2026-08-13 17:07:51,077] [SUBPROCESS]    R1421;$39.$260.15;$39.$261.18;;585.0
[2026-08-13 17:07:51,077] [SUBPROCESS]    R1422;$39.$260.15;$39.$268.15;;0.0
[2026-08-13 17:07:51,078] [SUBPROCESS]    R1423;$39.$261.18;$39.$580.18;;0.0
[2026-08-13 17:07:51,078] [SUBPROCESS]    R1424;$39.$261.18;$39.$588.18;;27.106
[2026-08-13 17:07:51,079] [SUBPROCESS]    R1425;$39.$262.15;$39.$263.18;;585.0
[2026-08-13 17:07:51,079] [SUBPROCESS]    R1426;$39.$262.15;$39.$270.15;;0.0
[2026-08-13 17:07:51,080] [SUBPROCESS]    R1427;$39.$263.18;$39.$582.18;;0.0
[2026-08-13 17:07:51,080] [SUBPROCESS]    R1428;$39.$263.18;$39.$590.18;;27.106
[2026-08-13 17:07:51,081] [SUBPROCESS]    R1429;$39.$264.15;$39.$265.18;;585.0
[2026-08-13 17:07:51,081] [SUBPROCESS]    R1430;$39.$264.15;$39.$280.15;;0.0
[2026-08-13 17:07:51,082] [SUBPROCESS]    R1431;$39.$265.18;$39.$584.18;;0.0
[2026-08-13 17:07:51,082] [SUBPROCESS]    R1432;$39.$265.18;$39.$600.18;;27.106
[2026-08-13 17:07:51,083] [SUBPROCESS]    R1433;$39.$266.15;$39.$267.18;;585.0
[2026-08-13 17:07:51,083] [SUBPROCESS]    R1434;$39.$266.15;$39.$282.15;;0.0
[2026-08-13 17:07:51,084] [SUBPROCESS]    R1435;$39.$267.18;$39.$586.18;;0.0
[2026-08-13 17:07:51,084] [SUBPROCESS]    R1436;$39.$267.18;$39.$602.18;;27.106
[2026-08-13 17:07:51,085] [SUBPROCESS]    R1437;$39.$268.15;$39.$269.18;;585.0
[2026-08-13 17:07:51,086] [SUBPROCESS]    R1438;$39.$268.15;$39.$276.15;;0.0
[2026-08-13 17:07:51,086] [SUBPROCESS]    R1439;$39.$269.18;$39.$588.18;;0.0
[2026-08-13 17:07:51,087] [SUBPROCESS]    R1440;$39.$269.18;$39.$596.18;;27.106
[2026-08-13 17:07:51,088] [SUBPROCESS]    R1441;$39.$27.18;$39.$346.18;;0.0
[2026-08-13 17:07:51,088] [SUBPROCESS]    R1442;$39.$27.18;$39.$350.18;;27.106
[2026-08-13 17:07:51,088] [SUBPROCESS]    R1443;$39.$270.15;$39.$271.18;;585.0
[2026-08-13 17:07:51,089] [SUBPROCESS]    R1444;$39.$270.15;$39.$278.15;;0.0
[2026-08-13 17:07:51,090] [SUBPROCESS]    R1445;$39.$271.18;$39.$590.18;;0.0
[2026-08-13 17:07:51,090] [SUBPROCESS]    R1446;$39.$271.18;$39.$598.18;;27.106
[2026-08-13 17:07:51,091] [SUBPROCESS]    R1447;$39.$272.15;$39.$273.18;;585.0
[2026-08-13 17:07:51,091] [SUBPROCESS]    R1448;$39.$272.15;$39.$314.15;;0.0
[2026-08-13 17:07:51,092] [SUBPROCESS]    R1449;$39.$273.18;$39.$592.18;;0.0
[2026-08-13 17:07:51,092] [SUBPROCESS]    R1450;$39.$273.18;$39.$634.18;;27.106
[2026-08-13 17:07:51,092] [SUBPROCESS]    R1451;$39.$274.15;$39.$275.18;;585.0
[2026-08-13 17:07:51,093] [SUBPROCESS]    R1452;$39.$274.15;$39.P6.15;;0.0
[2026-08-13 17:07:51,093] [SUBPROCESS]    R1453;$39.$275.18;$39.$594.18;;0.0
[2026-08-13 17:07:51,094] [SUBPROCESS]    R1454;$39.$275.18;$39.$610.18;;27.106
[2026-08-13 17:07:51,094] [SUBPROCESS]    R1455;$39.$276.15;$39.$277.18;;585.0
[2026-08-13 17:07:51,095] [SUBPROCESS]    R1456;$39.$276.15;$39.$284.15;;0.0
[2026-08-13 17:07:51,095] [SUBPROCESS]    R1457;$39.$277.18;$39.$596.18;;0.0
[2026-08-13 17:07:51,095] [SUBPROCESS]    R1458;$39.$277.18;$39.$604.18;;27.106
[2026-08-13 17:07:51,096] [SUBPROCESS]    R1459;$39.$278.15;$39.$279.18;;585.0
[2026-08-13 17:07:51,096] [SUBPROCESS]    R1460;$39.$278.15;$39.$286.15;;0.0
[2026-08-13 17:07:51,097] [SUBPROCESS]    R1461;$39.$279.18;$39.$598.18;;0.0
[2026-08-13 17:07:51,097] [SUBPROCESS]    R1462;$39.$279.18;$39.$606.18;;27.106
[2026-08-13 17:07:51,098] [SUBPROCESS]    R1463;$39.$28.15;$39.$29.18;;585.0
[2026-08-13 17:07:51,098] [SUBPROCESS]    R1464;$39.$28.15;$39.P4.15;;0.0
[2026-08-13 17:07:51,098] [SUBPROCESS]    R1465;$39.$280.15;$39.$281.18;;585.0
[2026-08-13 17:07:51,099] [SUBPROCESS]    R1466;$39.$280.15;$39.P2.15;;0.0
[2026-08-13 17:07:51,099] [SUBPROCESS]    R1467;$39.$281.18;$39.$600.18;;0.0
[2026-08-13 17:07:51,100] [SUBPROCESS]    R1468;$39.$281.18;$39.$616.18;;27.106
[2026-08-13 17:07:51,100] [SUBPROCESS]    R1469;$39.$282.15;$39.$283.18;;585.0
[2026-08-13 17:07:51,101] [SUBPROCESS]    R1470;$39.$283.18;$39.$602.18;;0.0
[2026-08-13 17:07:51,101] [SUBPROCESS]    R1471;$39.$284.15;$39.$285.18;;585.0
[2026-08-13 17:07:51,101] [SUBPROCESS]    R1472;$39.$284.15;$39.P5.15;;0.0
[2026-08-13 17:07:51,102] [SUBPROCESS]    R1473;$39.$285.18;$39.$604.18;;0.0
[2026-08-13 17:07:51,103] [SUBPROCESS]    R1474;$39.$285.18;$39.$612.18;;27.106
[2026-08-13 17:07:51,104] [SUBPROCESS]    R1475;$39.$286.15;$39.$287.18;;585.0
[2026-08-13 17:07:51,104] [SUBPROCESS]    R1476;$39.$286.15;$39.P1.15;;0.0
[2026-08-13 17:07:51,105] [SUBPROCESS]    R1477;$39.$287.18;$39.$606.18;;0.0
[2026-08-13 17:07:51,105] [SUBPROCESS]    R1478;$39.$287.18;$39.$614.18;;27.106
[2026-08-13 17:07:51,106] [SUBPROCESS]    R1479;$39.$288.15;$39.$289.18;;585.0
[2026-08-13 17:07:51,106] [SUBPROCESS]    R1480;$39.$288.15;$39.$308.15;;0.0
[2026-08-13 17:07:51,107] [SUBPROCESS]    R1481;$39.$288.15;$39.P7.15;;0.0
[2026-08-13 17:07:51,107] [SUBPROCESS]    R1482;$39.$289.18;$39.$608.18;;0.0
[2026-08-13 17:07:51,108] [SUBPROCESS]    R1483;$39.$289.18;$39.$628.18;;27.106
[2026-08-13 17:07:51,108] [SUBPROCESS]    R1484;$39.$29.18;$39.$348.18;;0.0
[2026-08-13 17:07:51,108] [SUBPROCESS]    R1485;$39.$29.18;$39.$352.18;;27.106
[2026-08-13 17:07:51,109] [SUBPROCESS]    R1486;$39.$290.15;$39.$291.18;;585.0
[2026-08-13 17:07:51,109] [SUBPROCESS]    R1487;$39.$290.15;$39.$302.15;;0.0
[2026-08-13 17:07:51,110] [SUBPROCESS]    R1488;$39.$290.15;$39.P6.15;;0.0
[2026-08-13 17:07:51,110] [SUBPROCESS]    R1489;$39.$291.18;$39.$610.18;;0.0
[2026-08-13 17:07:51,111] [SUBPROCESS]    R1490;$39.$291.18;$39.$622.18;;27.106
[2026-08-13 17:07:51,111] [SUBPROCESS]    R1491;$39.$292.15;$39.$293.18;;585.0
[2026-08-13 17:07:51,111] [SUBPROCESS]    R1492;$39.$292.15;$39.P5.15;;0.0
[2026-08-13 17:07:51,112] [SUBPROCESS]    R1493;$39.$293.18;$39.$320.18;;27.106
[2026-08-13 17:07:51,112] [SUBPROCESS]    R1494;$39.$293.18;$39.$612.18;;0.0
[2026-08-13 17:07:51,113] [SUBPROCESS]    R1495;$39.$294.15;$39.$295.18;;585.0
[2026-08-13 17:07:51,113] [SUBPROCESS]    R1496;$39.$294.15;$39.P1.15;;0.0
[2026-08-13 17:07:51,114] [SUBPROCESS]    R1497;$39.$295.18;$39.$322.18;;27.106
[2026-08-13 17:07:51,114] [SUBPROCESS]    R1498;$39.$295.18;$39.$614.18;;0.0
[2026-08-13 17:07:51,114] [SUBPROCESS]    R1499;$39.$296.15;$39.$297.18;;585.0
[2026-08-13 17:07:51,115] [SUBPROCESS]    R1500;$39.$296.15;$39.$304.15;;0.0
[2026-08-13 17:07:51,115] [SUBPROCESS]    R1501;$39.$296.15;$39.P2.15;;0.0
[2026-08-13 17:07:51,116] [SUBPROCESS]    R1502;$39.$297.18;$39.$616.18;;0.0
[2026-08-13 17:07:51,116] [SUBPROCESS]    R1503;$39.$297.18;$39.$624.18;;27.106
[2026-08-13 17:07:51,117] [SUBPROCESS]    R1504;$39.$298.15;$39.$299.18;;585.0
[2026-08-13 17:07:51,117] [SUBPROCESS]    R1505;$39.$298.15;$39.$314.15;;0.0
[2026-08-13 17:07:51,117] [SUBPROCESS]    R1506;$39.$299.18;$39.$576.18;;27.106
[2026-08-13 17:07:51,118] [SUBPROCESS]    R1507;$39.$299.18;$39.$618.18;;0.0
[2026-08-13 17:07:51,119] [SUBPROCESS]    R1508;$39.$3.18;$39.$322.18;;0.0
[2026-08-13 17:07:51,119] [SUBPROCESS]    R1509;$39.$3.18;$39.$326.18;;27.106
[2026-08-13 17:07:51,120] [SUBPROCESS]    R1510;$39.$30.15;$39.$31.18;;585.0
[2026-08-13 17:07:51,121] [SUBPROCESS]    R1511;$39.$30.15;$39.P0.15;;0.0
[2026-08-13 17:07:51,121] [SUBPROCESS]    R1512;$39.$300.15;$39.$301.18;;585.0
[2026-08-13 17:07:51,122] [SUBPROCESS]    R1513;$39.$300.15;$39.$316.15;;0.0
[2026-08-13 17:07:51,123] [SUBPROCESS]    R1514;$39.$301.18;$39.$620.18;;0.0
[2026-08-13 17:07:51,123] [SUBPROCESS]    R1515;$39.$301.18;$39.$636.18;;27.106
[2026-08-13 17:07:51,124] [SUBPROCESS]    R1516;$39.$302.15;$39.$303.18;;585.0
[2026-08-13 17:07:51,124] [SUBPROCESS]    R1517;$39.$302.15;$39.$310.15;;0.0
[2026-08-13 17:07:51,124] [SUBPROCESS]    R1518;$39.$303.18;$39.$622.18;;0.0
[2026-08-13 17:07:51,125] [SUBPROCESS]    R1519;$39.$303.18;$39.$630.18;;27.106
[2026-08-13 17:07:51,125] [SUBPROCESS]    R1520;$39.$304.15;$39.$305.18;;585.0
[2026-08-13 17:07:51,126] [SUBPROCESS]    R1521;$39.$304.15;$39.$312.15;;0.0
[2026-08-13 17:07:51,126] [SUBPROCESS]    R1522;$39.$305.18;$39.$624.18;;0.0
[2026-08-13 17:07:51,127] [SUBPROCESS]    R1523;$39.$305.18;$39.$632.18;;27.106
[2026-08-13 17:07:51,127] [SUBPROCESS]    R1524;$39.$306.15;$39.$307.18;;585.0
[2026-08-13 17:07:51,128] [SUBPROCESS]    R1525;$39.$307.18;$39.$568.18;;27.106
[2026-08-13 17:07:51,128] [SUBPROCESS]    R1526;$39.$307.18;$39.$626.18;;0.0
[2026-08-13 17:07:51,128] [SUBPROCESS]    R1527;$39.$308.15;$39.$309.18;;585.0
[2026-08-13 17:07:51,129] [SUBPROCESS]    R1528;$39.$309.18;$39.$570.18;;27.106
[2026-08-13 17:07:51,129] [SUBPROCESS]    R1529;$39.$309.18;$39.$628.18;;0.0
[2026-08-13 17:07:51,130] [SUBPROCESS]    R1530;$39.$31.18;$39.$350.18;;0.0
[2026-08-13 17:07:51,130] [SUBPROCESS]    R1531;$39.$31.18;$39.$354.18;;27.106
[2026-08-13 17:07:51,131] [SUBPROCESS]    R1532;$39.$310.15;$39.$311.18;;585.0
[2026-08-13 17:07:51,131] [SUBPROCESS]    R1533;$39.$310.15;$39.$318.15;;0.0
[2026-08-13 17:07:51,132] [SUBPROCESS]    R1534;$39.$311.18;$39.$630.18;;0.0
[2026-08-13 17:07:51,132] [SUBPROCESS]    R1535;$39.$311.18;$39.$638.18;;27.106
[2026-08-13 17:07:51,132] [SUBPROCESS]    R1536;$39.$312.15;$39.$313.18;;585.0
[2026-08-13 17:07:51,133] [SUBPROCESS]    R1537;$39.$313.18;$39.$566.18;;27.106
[2026-08-13 17:07:51,133] [SUBPROCESS]    R1538;$39.$313.18;$39.$632.18;;0.0
[2026-08-13 17:07:51,134] [SUBPROCESS]    R1539;$39.$314.15;$39.$315.18;;585.0
[2026-08-13 17:07:51,134] [SUBPROCESS]    R1540;$39.$315.18;$39.$618.18;;27.106
[2026-08-13 17:07:51,135] [SUBPROCESS]    R1541;$39.$315.18;$39.$634.18;;0.0
[2026-08-13 17:07:51,135] [SUBPROCESS]    R1542;$39.$316.15;$39.$317.18;;585.0
[2026-08-13 17:07:51,136] [SUBPROCESS]    R1543;$39.$317.18;$39.$578.18;;27.106
[2026-08-13 17:07:51,136] [SUBPROCESS]    R1544;$39.$317.18;$39.$636.18;;0.0
[2026-08-13 17:07:51,137] [SUBPROCESS]    R1545;$39.$318.15;$39.$319.18;;585.0
[2026-08-13 17:07:51,137] [SUBPROCESS]    R1546;$39.$319.18;$39.$572.18;;27.106
[2026-08-13 17:07:51,138] [SUBPROCESS]    R1547;$39.$319.18;$39.$638.18;;0.0
[2026-08-13 17:07:51,138] [SUBPROCESS]    R1548;$39.$32.15;$39.$33.18;;585.0
[2026-08-13 17:07:51,139] [SUBPROCESS]    R1549;$39.$32.15;$39.$36.15;;0.0
[2026-08-13 17:07:51,139] [SUBPROCESS]    R1550;$39.$32.15;$39.P4.15;;0.0
[2026-08-13 17:07:51,140] [SUBPROCESS]    R1551;$39.$320.18;$39.$321.25;;9.3
[2026-08-13 17:07:51,140] [SUBPROCESS]    R1552;$39.$321.25;$39.$325.25;;0.029
[2026-08-13 17:07:51,140] [SUBPROCESS]    R1553;$39.$321.25;$39.$613.25;;0.029
[2026-08-13 17:07:51,141] [SUBPROCESS]    R1554;$39.$322.18;$39.$323.25;;9.3
[2026-08-13 17:07:51,141] [SUBPROCESS]    R1555;$39.$323.25;$39.$327.25;;0.029
[2026-08-13 17:07:51,142] [SUBPROCESS]    R1556;$39.$323.25;$39.$615.25;;0.029
[2026-08-13 17:07:51,142] [SUBPROCESS]    R1557;$39.$324.18;$39.$325.25;;9.3
[2026-08-13 17:07:51,143] [SUBPROCESS]    R1558;$39.$324.18;$39.$5.18;;0.0
[2026-08-13 17:07:51,143] [SUBPROCESS]    R1559;$39.$325.25;$39.$329.25;;0.029
[2026-08-13 17:07:51,144] [SUBPROCESS]    R1560;$39.$326.18;$39.$327.25;;9.3
[2026-08-13 17:07:51,144] [SUBPROCESS]    R1561;$39.$326.18;$39.$7.18;;0.0
[2026-08-13 17:07:51,144] [SUBPROCESS]    R1562;$39.$327.25;$39.$331.25;;0.029
[2026-08-13 17:07:51,145] [SUBPROCESS]    R1563;$39.$328.18;$39.$329.25;;9.3
[2026-08-13 17:07:51,145] [SUBPROCESS]    R1564;$39.$328.18;$39.$5.18;;27.106
[2026-08-13 17:07:51,146] [SUBPROCESS]    R1565;$39.$328.18;$39.$9.18;;0.0
[2026-08-13 17:07:51,146] [SUBPROCESS]    R1566;$39.$329.25;$39.$333.25;;0.029
[2026-08-13 17:07:51,147] [SUBPROCESS]    R1567;$39.$33.18;$39.$352.18;;0.0
[2026-08-13 17:07:51,147] [SUBPROCESS]    R1568;$39.$33.18;$39.$356.18;;27.106
[2026-08-13 17:07:51,148] [SUBPROCESS]    R1569;$39.$330.18;$39.$331.25;;9.3
[2026-08-13 17:07:51,148] [SUBPROCESS]    R1570;$39.$330.18;$39.$7.18;;27.106
[2026-08-13 17:07:51,148] [SUBPROCESS]    R1571;$39.$331.25;$39.$335.25;;0.029
[2026-08-13 17:07:51,149] [SUBPROCESS]    R1572;$39.$332.18;$39.$333.25;;9.3
[2026-08-13 17:07:51,149] [SUBPROCESS]    R1573;$39.$332.18;$39.$9.18;;27.106
[2026-08-13 17:07:51,150] [SUBPROCESS]    R1574;$39.$333.25;$39.$337.25;;0.111
[2026-08-13 17:07:51,150] [SUBPROCESS]    R1575;$39.$334.18;$39.$335.25;;9.3
[2026-08-13 17:07:51,151] [SUBPROCESS]    R1576;$39.$335.25;$39.$339.25;;0.111
[2026-08-13 17:07:51,151] [SUBPROCESS]    R1577;$39.$336.18;$39.$337.25;;9.3
[2026-08-13 17:07:51,152] [SUBPROCESS]    R1578;$39.$337.25;$39.$341.25;;0.029
[2026-08-13 17:07:51,152] [SUBPROCESS]    R1579;$39.$338.18;$39.$339.25;;9.3
[2026-08-13 17:07:51,152] [SUBPROCESS]    R1580;$39.$339.25;$39.$343.25;;0.029
[2026-08-13 17:07:51,153] [SUBPROCESS]    R1581;$39.$34.15;$39.$35.18;;585.0
[2026-08-13 17:07:51,154] [SUBPROCESS]    R1582;$39.$34.15;$39.$38.15;;0.0
[2026-08-13 17:07:51,154] [SUBPROCESS]    R1583;$39.$34.15;$39.P0.15;;0.0
[2026-08-13 17:07:51,155] [SUBPROCESS]    R1584;$39.$340.18;$39.$341.25;;9.3
[2026-08-13 17:07:51,155] [SUBPROCESS]    R1585;$39.$341.25;$39.$345.25;;0.029
[2026-08-13 17:07:51,156] [SUBPROCESS]    R1586;$39.$342.18;$39.$343.25;;9.3
[2026-08-13 17:07:51,156] [SUBPROCESS]    R1587;$39.$343.25;$39.$347.25;;0.029
[2026-08-13 17:07:51,157] [SUBPROCESS]    R1588;$39.$344.18;$39.$345.25;;9.3
[2026-08-13 17:07:51,157] [SUBPROCESS]    R1589;$39.$345.25;$39.$349.25;;0.029
[2026-08-13 17:07:51,157] [SUBPROCESS]    R1590;$39.$346.18;$39.$347.25;;9.3
[2026-08-13 17:07:51,158] [SUBPROCESS]    R1591;$39.$347.25;$39.$351.25;;0.029
[2026-08-13 17:07:51,158] [SUBPROCESS]    R1592;$39.$348.18;$39.$349.25;;9.3
[2026-08-13 17:07:51,159] [SUBPROCESS]    R1593;$39.$349.25;$39.$353.25;;0.029
[2026-08-13 17:07:51,159] [SUBPROCESS]    R1594;$39.$35.18;$39.$354.18;;0.0
[2026-08-13 17:07:51,160] [SUBPROCESS]    R1595;$39.$35.18;$39.$358.18;;27.106
[2026-08-13 17:07:51,160] [SUBPROCESS]    R1596;$39.$350.18;$39.$351.25;;9.3
[2026-08-13 17:07:51,161] [SUBPROCESS]    R1597;$39.$351.25;$39.$355.25;;0.029
[2026-08-13 17:07:51,161] [SUBPROCESS]    R1598;$39.$352.18;$39.$353.25;;9.3
[2026-08-13 17:07:51,161] [SUBPROCESS]    R1599;$39.$353.25;$39.$357.25;;0.029
[2026-08-13 17:07:51,162] [SUBPROCESS]    R1600;$39.$354.18;$39.$355.25;;9.3
[2026-08-13 17:07:51,162] [SUBPROCESS]    R1601;$39.$355.25;$39.$359.25;;0.029
[2026-08-13 17:07:51,163] [SUBPROCESS]    R1602;$39.$356.18;$39.$357.25;;9.3
[2026-08-13 17:07:51,163] [SUBPROCESS]    R1603;$39.$356.18;$39.$37.18;;0.0
[2026-08-13 17:07:51,164] [SUBPROCESS]    R1604;$39.$357.25;$39.$361.25;;0.029
[2026-08-13 17:07:51,164] [SUBPROCESS]    R1605;$39.$358.18;$39.$359.25;;9.3
[2026-08-13 17:07:51,165] [SUBPROCESS]    R1606;$39.$358.18;$39.$39.18;;0.0
[2026-08-13 17:07:51,165] [SUBPROCESS]    R1607;$39.$359.25;$39.$363.25;;0.029
[2026-08-13 17:07:51,165] [SUBPROCESS]    R1608;$39.$36.15;$39.$37.18;;585.0
[2026-08-13 17:07:51,166] [SUBPROCESS]    R1609;$39.$36.15;$39.$40.15;;0.0
[2026-08-13 17:07:51,166] [SUBPROCESS]    R1610;$39.$360.18;$39.$361.25;;9.3
[2026-08-13 17:07:51,167] [SUBPROCESS]    R1611;$39.$360.18;$39.$37.18;;27.106
[2026-08-13 17:07:51,167] [SUBPROCESS]    R1612;$39.$360.18;$39.$41.18;;0.0
[2026-08-13 17:07:51,168] [SUBPROCESS]    R1613;$39.$361.25;$39.$365.25;;0.029
[2026-08-13 17:07:51,168] [SUBPROCESS]    R1614;$39.$362.18;$39.$363.25;;9.3
[2026-08-13 17:07:51,169] [SUBPROCESS]    R1615;$39.$362.18;$39.$39.18;;27.106
[2026-08-13 17:07:51,170] [SUBPROCESS]    R1616;$39.$362.18;$39.$43.18;;0.0
[2026-08-13 17:07:51,170] [SUBPROCESS]    R1617;$39.$363.25;$39.$367.25;;0.029
[2026-08-13 17:07:51,171] [SUBPROCESS]    R1618;$39.$364.18;$39.$365.25;;9.3
[2026-08-13 17:07:51,171] [SUBPROCESS]    R1619;$39.$364.18;$39.$41.18;;27.106
[2026-08-13 17:07:51,172] [SUBPROCESS]    R1620;$39.$364.18;$39.$45.18;;0.0
[2026-08-13 17:07:51,172] [SUBPROCESS]    R1621;$39.$365.25;$39.$369.25;;0.029
[2026-08-13 17:07:51,173] [SUBPROCESS]    R1622;$39.$366.18;$39.$367.25;;9.3
[2026-08-13 17:07:51,173] [SUBPROCESS]    R1623;$39.$366.18;$39.$43.18;;27.106
[2026-08-13 17:07:51,174] [SUBPROCESS]    R1624;$39.$366.18;$39.$47.18;;0.0
[2026-08-13 17:07:51,174] [SUBPROCESS]    R1625;$39.$367.25;$39.$371.25;;0.029
[2026-08-13 17:07:51,175] [SUBPROCESS]    R1626;$39.$368.18;$39.$369.25;;9.3
[2026-08-13 17:07:51,175] [SUBPROCESS]    R1627;$39.$368.18;$39.$45.18;;27.106
[2026-08-13 17:07:51,176] [SUBPROCESS]    R1628;$39.$368.18;$39.$49.18;;0.0
[2026-08-13 17:07:51,176] [SUBPROCESS]    R1629;$39.$369.25;$39.$373.25;;0.111
[2026-08-13 17:07:51,176] [SUBPROCESS]    R1630;$39.$370.18;$39.$371.25;;9.3
[2026-08-13 17:07:51,177] [SUBPROCESS]    R1631;$39.$370.18;$39.$47.18;;27.106
[2026-08-13 17:07:51,177] [SUBPROCESS]    R1632;$39.$370.18;$39.$51.18;;0.0
[2026-08-13 17:07:51,178] [SUBPROCESS]    R1633;$39.$371.25;$39.$703.25;;2.557
[2026-08-13 17:07:51,178] [SUBPROCESS]    R1634;$39.$372.18;$39.$373.25;;9.3
[2026-08-13 17:07:51,179] [SUBPROCESS]    R1635;$39.$372.18;$39.$53.18;;0.0
[2026-08-13 17:07:51,179] [SUBPROCESS]    R1636;$39.$373.25;$39.$375.25;;0.029
[2026-08-13 17:07:51,180] [SUBPROCESS]    R1637;$39.$374.18;$39.$375.25;;9.3
[2026-08-13 17:07:51,180] [SUBPROCESS]    R1638;$39.$374.18;$39.$53.18;;27.106
[2026-08-13 17:07:51,181] [SUBPROCESS]    R1639;$39.$374.18;$39.$55.18;;0.0
[2026-08-13 17:07:51,181] [SUBPROCESS]    R1640;$39.$375.25;$39.$377.25;;0.029
[2026-08-13 17:07:51,181] [SUBPROCESS]    R1641;$39.$376.18;$39.$377.25;;9.3
[2026-08-13 17:07:51,182] [SUBPROCESS]    R1642;$39.$376.18;$39.$55.18;;27.106
[2026-08-13 17:07:51,182] [SUBPROCESS]    R1643;$39.$376.18;$39.$57.18;;0.0
[2026-08-13 17:07:51,183] [SUBPROCESS]    R1644;$39.$377.25;$39.$379.25;;0.029
[2026-08-13 17:07:51,183] [SUBPROCESS]    R1645;$39.$378.18;$39.$379.25;;9.3
[2026-08-13 17:07:51,184] [SUBPROCESS]    R1646;$39.$378.18;$39.$57.18;;27.106
[2026-08-13 17:07:51,184] [SUBPROCESS]    R1647;$39.$378.18;$39.$59.18;;0.0
[2026-08-13 17:07:51,184] [SUBPROCESS]    R1648;$39.$379.25;$39.$381.25;;0.029
[2026-08-13 17:07:51,185] [SUBPROCESS]    R1649;$39.$38.15;$39.$39.18;;585.0
[2026-08-13 17:07:51,185] [SUBPROCESS]    R1650;$39.$38.15;$39.$42.15;;0.0
[2026-08-13 17:07:51,186] [SUBPROCESS]    R1651;$39.$380.18;$39.$381.25;;9.3
[2026-08-13 17:07:51,187] [SUBPROCESS]    R1652;$39.$380.18;$39.$59.18;;27.106
[2026-08-13 17:07:51,187] [SUBPROCESS]    R1653;$39.$380.18;$39.$61.18;;0.0
[2026-08-13 17:07:51,188] [SUBPROCESS]    R1654;$39.$381.25;$39.$383.25;;0.029
[2026-08-13 17:07:51,188] [SUBPROCESS]    R1655;$39.$382.18;$39.$383.25;;9.3
[2026-08-13 17:07:51,189] [SUBPROCESS]    R1656;$39.$382.18;$39.$61.18;;27.106
[2026-08-13 17:07:51,189] [SUBPROCESS]    R1657;$39.$382.18;$39.$63.18;;0.0
[2026-08-13 17:07:51,190] [SUBPROCESS]    R1658;$39.$383.25;$39.$385.25;;0.029
[2026-08-13 17:07:51,190] [SUBPROCESS]    R1659;$39.$384.18;$39.$385.25;;9.3
[2026-08-13 17:07:51,191] [SUBPROCESS]    R1660;$39.$384.18;$39.$63.18;;27.106
[2026-08-13 17:07:51,191] [SUBPROCESS]    R1661;$39.$384.18;$39.$65.18;;0.0
[2026-08-13 17:07:51,191] [SUBPROCESS]    R1662;$39.$385.25;$39.$387.25;;0.029
[2026-08-13 17:07:51,192] [SUBPROCESS]    R1663;$39.$386.18;$39.$387.25;;9.3
[2026-08-13 17:07:51,192] [SUBPROCESS]    R1664;$39.$386.18;$39.$65.18;;27.106
[2026-08-13 17:07:51,193] [SUBPROCESS]    R1665;$39.$386.18;$39.$67.18;;0.0
[2026-08-13 17:07:51,193] [SUBPROCESS]    R1666;$39.$387.25;$39.$389.25;;0.029
[2026-08-13 17:07:51,194] [SUBPROCESS]    R1667;$39.$388.18;$39.$389.25;;9.3
[2026-08-13 17:07:51,194] [SUBPROCESS]    R1668;$39.$388.18;$39.$67.18;;27.106
[2026-08-13 17:07:51,195] [SUBPROCESS]    R1669;$39.$388.18;$39.$69.18;;0.0
[2026-08-13 17:07:51,195] [SUBPROCESS]    R1670;$39.$389.25;$39.$702.25;;0.893
[2026-08-13 17:07:51,195] [SUBPROCESS]    R1671;$39.$390.18;$39.$391.25;;9.3
[2026-08-13 17:07:51,196] [SUBPROCESS]    R1672;$39.$390.18;$39.$71.18;;0.0
[2026-08-13 17:07:51,196] [SUBPROCESS]    R1673;$39.$391.25;$39.$407.25;;0.029
[2026-08-13 17:07:51,197] [SUBPROCESS]    R1674;$39.$391.25;$39.$447.25;;0.111
[2026-08-13 17:07:51,197] [SUBPROCESS]    R1675;$39.$392.18;$39.$393.25;;9.3
[2026-08-13 17:07:51,198] [SUBPROCESS]    R1676;$39.$392.18;$39.$73.18;;0.0
[2026-08-13 17:07:51,198] [SUBPROCESS]    R1677;$39.$393.25;$39.$401.25;;0.029
[2026-08-13 17:07:51,198] [SUBPROCESS]    R1678;$39.$393.25;$39.$475.25;;0.029
[2026-08-13 17:07:51,199] [SUBPROCESS]    R1679;$39.$394.18;$39.$395.25;;9.3
[2026-08-13 17:07:51,199] [SUBPROCESS]    R1680;$39.$394.18;$39.$75.18;;0.0
[2026-08-13 17:07:51,200] [SUBPROCESS]    R1681;$39.$395.25;$39.$403.25;;0.029
[2026-08-13 17:07:51,200] [SUBPROCESS]    R1682;$39.$395.25;$39.$479.25;;0.029
[2026-08-13 17:07:51,201] [SUBPROCESS]    R1683;$39.$396.18;$39.$397.25;;9.3
[2026-08-13 17:07:51,201] [SUBPROCESS]    R1684;$39.$396.18;$39.$77.18;;0.0
[2026-08-13 17:07:51,202] [SUBPROCESS]    R1685;$39.$397.25;$39.$421.25;;0.029
[2026-08-13 17:07:51,202] [SUBPROCESS]    R1686;$39.$397.25;$39.$443.25;;0.029
[2026-08-13 17:07:51,202] [SUBPROCESS]    R1687;$39.$398.18;$39.$399.25;;9.3
[2026-08-13 17:07:51,203] [SUBPROCESS]    R1688;$39.$398.18;$39.$79.18;;0.0
[2026-08-13 17:07:51,204] [SUBPROCESS]    R1689;$39.$399.25;$39.$423.25;;0.029
[2026-08-13 17:07:51,205] [SUBPROCESS]    R1690;$39.$399.25;$39.$447.25;;0.029
[2026-08-13 17:07:51,205] [SUBPROCESS]    R1691;$39.$4.15;$39.$5.18;;585.0
[2026-08-13 17:07:51,206] [SUBPROCESS]    R1692;$39.$4.15;$39.$8.15;;0.0
[2026-08-13 17:07:51,207] [SUBPROCESS]    R1693;$39.$40.15;$39.$41.18;;585.0
[2026-08-13 17:07:51,208] [SUBPROCESS]    R1694;$39.$40.15;$39.$44.15;;0.0
[2026-08-13 17:07:51,208] [SUBPROCESS]    R1695;$39.$400.18;$39.$401.25;;9.3
[2026-08-13 17:07:51,209] [SUBPROCESS]    R1696;$39.$400.18;$39.$73.18;;27.106
[2026-08-13 17:07:51,209] [SUBPROCESS]    R1697;$39.$400.18;$39.$81.18;;0.0
[2026-08-13 17:07:51,210] [SUBPROCESS]    R1698;$39.$401.25;$39.$417.25;;0.029
[2026-08-13 17:07:51,210] [SUBPROCESS]    R1699;$39.$402.18;$39.$403.25;;9.3
[2026-08-13 17:07:51,210] [SUBPROCESS]    R1700;$39.$402.18;$39.$75.18;;27.106
[2026-08-13 17:07:51,211] [SUBPROCESS]    R1701;$39.$402.18;$39.$83.18;;0.0
[2026-08-13 17:07:51,211] [SUBPROCESS]    R1702;$39.$403.25;$39.$419.25;;0.029
[2026-08-13 17:07:51,212] [SUBPROCESS]    R1703;$39.$404.18;$39.$405.25;;9.3
[2026-08-13 17:07:51,212] [SUBPROCESS]    R1704;$39.$404.18;$39.$85.18;;0.0
[2026-08-13 17:07:51,213] [SUBPROCESS]    R1705;$39.$405.25;$39.$429.25;;0.029
[2026-08-13 17:07:51,213] [SUBPROCESS]    R1706;$39.$405.25;$39.$483.25;;0.029
[2026-08-13 17:07:51,214] [SUBPROCESS]    R1707;$39.$406.18;$39.$407.25;;9.3
[2026-08-13 17:07:51,214] [SUBPROCESS]    R1708;$39.$406.18;$39.$71.18;;27.106
[2026-08-13 17:07:51,215] [SUBPROCESS]    R1709;$39.$406.18;$39.$87.18;;0.0
[2026-08-13 17:07:51,215] [SUBPROCESS]    R1710;$39.$407.25;$39.$431.25;;0.029
[2026-08-13 17:07:51,215] [SUBPROCESS]    R1711;$39.$408.18;$39.$409.25;;9.3
[2026-08-13 17:07:51,216] [SUBPROCESS]    R1712;$39.$408.18;$39.$89.18;;0.0
[2026-08-13 17:07:51,216] [SUBPROCESS]    R1713;$39.$409.25;$39.$640.25;;0.062
[2026-08-13 17:07:51,217] [SUBPROCESS]    R1714;$39.$410.18;$39.$411.25;;9.3
[2026-08-13 17:07:51,217] [SUBPROCESS]    R1715;$39.$410.18;$39.$91.18;;0.0
[2026-08-13 17:07:51,218] [SUBPROCESS]    R1716;$39.$411.25;$39.$642.25;;0.179
[2026-08-13 17:07:51,219] [SUBPROCESS]    R1717;$39.$412.18;$39.$413.25;;9.3
[2026-08-13 17:07:51,219] [SUBPROCESS]    R1718;$39.$412.18;$39.$93.18;;0.0
[2026-08-13 17:07:51,220] [SUBPROCESS]    R1719;$39.$413.25;$39.$696.25;;0.182
[2026-08-13 17:07:51,221] [SUBPROCESS]    R1720;$39.$414.18;$39.$415.25;;9.3
[2026-08-13 17:07:51,221] [SUBPROCESS]    R1721;$39.$414.18;$39.$95.18;;0.0
[2026-08-13 17:07:51,222] [SUBPROCESS]    R1722;$39.$415.25;$39.$644.25;;0.134
[2026-08-13 17:07:51,222] [SUBPROCESS]    R1723;$39.$416.18;$39.$417.25;;9.3
[2026-08-13 17:07:51,223] [SUBPROCESS]    R1724;$39.$416.18;$39.$81.18;;27.106
[2026-08-13 17:07:51,223] [SUBPROCESS]    R1725;$39.$416.18;$39.$97.18;;0.0
[2026-08-13 17:07:51,224] [SUBPROCESS]    R1726;$39.$417.25;$39.$425.25;;0.029
[2026-08-13 17:07:51,224] [SUBPROCESS]    R1727;$39.$418.18;$39.$419.25;;9.3
[2026-08-13 17:07:51,225] [SUBPROCESS]    R1728;$39.$418.18;$39.$83.18;;27.106
[2026-08-13 17:07:51,225] [SUBPROCESS]    R1729;$39.$418.18;$39.$99.18;;0.0
[2026-08-13 17:07:51,226] [SUBPROCESS]    R1730;$39.$419.25;$39.$427.25;;0.029
[2026-08-13 17:07:51,226] [SUBPROCESS]    R1731;$39.$42.15;$39.$43.18;;585.0
[2026-08-13 17:07:51,227] [SUBPROCESS]    R1732;$39.$42.15;$39.$46.15;;0.0
[2026-08-13 17:07:51,227] [SUBPROCESS]    R1733;$39.$420.18;$39.$421.25;;9.3
[2026-08-13 17:07:51,227] [SUBPROCESS]    R1734;$39.$421.25;$39.$459.25;;0.029
[2026-08-13 17:07:51,228] [SUBPROCESS]    R1735;$39.$422.18;$39.$423.25;;9.3
[2026-08-13 17:07:51,228] [SUBPROCESS]    R1736;$39.$423.25;$39.$471.25;;0.029
[2026-08-13 17:07:51,229] [SUBPROCESS]    R1737;$39.$424.18;$39.$425.25;;9.3
[2026-08-13 17:07:51,229] [SUBPROCESS]    R1738;$39.$424.18;$39.$97.18;;27.106
[2026-08-13 17:07:51,230] [SUBPROCESS]    R1739;$39.$425.25;$39.$700.25;;2.557
[2026-08-13 17:07:51,230] [SUBPROCESS]    R1740;$39.$426.18;$39.$427.25;;9.3
[2026-08-13 17:07:51,231] [SUBPROCESS]    R1741;$39.$426.18;$39.$99.18;;27.106
[2026-08-13 17:07:51,231] [SUBPROCESS]    R1742;$39.$427.25;$39.$441.25;;0.111
[2026-08-13 17:07:51,231] [SUBPROCESS]    R1743;$39.$428.18;$39.$429.25;;9.3
[2026-08-13 17:07:51,232] [SUBPROCESS]    R1744;$39.$428.18;$39.$85.18;;27.106
[2026-08-13 17:07:51,232] [SUBPROCESS]    R1745;$39.$429.25;$39.$451.25;;0.029
[2026-08-13 17:07:51,233] [SUBPROCESS]    R1746;$39.$430.18;$39.$431.25;;9.3
[2026-08-13 17:07:51,233] [SUBPROCESS]    R1747;$39.$430.18;$39.$87.18;;27.106
[2026-08-13 17:07:51,234] [SUBPROCESS]    R1748;$39.$431.25;$39.$455.25;;0.029
[2026-08-13 17:07:51,234] [SUBPROCESS]    R1749;$39.$432.18;$39.$433.25;;9.3
[2026-08-13 17:07:51,235] [SUBPROCESS]    R1750;$39.$433.25;$39.$646.25;;0.062
[2026-08-13 17:07:51,236] [SUBPROCESS]    R1751;$39.$434.18;$39.$435.25;;9.3
[2026-08-13 17:07:51,236] [SUBPROCESS]    R1752;$39.$435.25;$39.$648.25;;0.179
[2026-08-13 17:07:51,237] [SUBPROCESS]    R1753;$39.$436.18;$39.$437.25;;9.3
[2026-08-13 17:07:51,237] [SUBPROCESS]    R1754;$39.$437.25;$39.$699.25;;0.182
[2026-08-13 17:07:51,238] [SUBPROCESS]    R1755;$39.$438.18;$39.$439.25;;9.3
[2026-08-13 17:07:51,238] [SUBPROCESS]    R1756;$39.$439.25;$39.$650.25;;0.062
[2026-08-13 17:07:51,239] [SUBPROCESS]    R1757;$39.$44.15;$39.$45.18;;585.0
[2026-08-13 17:07:51,240] [SUBPROCESS]    R1758;$39.$44.15;$39.$48.15;;0.0
[2026-08-13 17:07:51,240] [SUBPROCESS]    R1759;$39.$440.18;$39.$441.25;;9.3
[2026-08-13 17:07:51,241] [SUBPROCESS]    R1760;$39.$441.25;$39.$445.25;;0.029
[2026-08-13 17:07:51,241] [SUBPROCESS]    R1761;$39.$442.18;$39.$443.25;;9.3
[2026-08-13 17:07:51,241] [SUBPROCESS]    R1762;$39.$442.18;$39.$77.18;;27.106
[2026-08-13 17:07:51,242] [SUBPROCESS]    R1763;$39.$443.25;$39.$483.25;;0.111
[2026-08-13 17:07:51,242] [SUBPROCESS]    R1764;$39.$444.18;$39.$445.25;;9.3
[2026-08-13 17:07:51,243] [SUBPROCESS]    R1765;$39.$445.25;$39.$449.25;;0.029
[2026-08-13 17:07:51,243] [SUBPROCESS]    R1766;$39.$446.18;$39.$447.25;;9.3
[2026-08-13 17:07:51,244] [SUBPROCESS]    R1767;$39.$446.18;$39.$79.18;;27.106
[2026-08-13 17:07:51,244] [SUBPROCESS]    R1768;$39.$448.18;$39.$449.25;;9.3
[2026-08-13 17:07:51,245] [SUBPROCESS]    R1769;$39.$449.25;$39.$453.25;;0.029
[2026-08-13 17:07:51,245] [SUBPROCESS]    R1770;$39.$450.18;$39.$451.25;;9.3
[2026-08-13 17:07:51,246] [SUBPROCESS]    R1771;$39.$451.25;$39.$475.25;;0.029
[2026-08-13 17:07:51,246] [SUBPROCESS]    R1772;$39.$452.18;$39.$453.25;;9.3
[2026-08-13 17:07:51,247] [SUBPROCESS]    R1773;$39.$453.25;$39.$457.25;;0.029
[2026-08-13 17:07:51,247] [SUBPROCESS]    R1774;$39.$454.18;$39.$455.25;;9.3
[2026-08-13 17:07:51,247] [SUBPROCESS]    R1775;$39.$455.25;$39.$479.25;;0.029
[2026-08-13 17:07:51,248] [SUBPROCESS]    R1776;$39.$456.18;$39.$457.25;;9.3
[2026-08-13 17:07:51,248] [SUBPROCESS]    R1777;$39.$457.25;$39.$469.25;;0.029
[2026-08-13 17:07:51,249] [SUBPROCESS]    R1778;$39.$458.18;$39.$459.25;;9.3
[2026-08-13 17:07:51,249] [SUBPROCESS]    R1779;$39.$459.25;$39.$539.25;;0.029
[2026-08-13 17:07:51,250] [SUBPROCESS]    R1780;$39.$46.15;$39.$47.18;;585.0
[2026-08-13 17:07:51,250] [SUBPROCESS]    R1781;$39.$46.15;$39.$50.15;;0.0
[2026-08-13 17:07:51,251] [SUBPROCESS]    R1782;$39.$460.18;$39.$461.25;;9.3
[2026-08-13 17:07:51,251] [SUBPROCESS]    R1783;$39.$461.25;$39.$652.25;;0.062
[2026-08-13 17:07:51,251] [SUBPROCESS]    R1784;$39.$462.18;$39.$463.25;;9.3
[2026-08-13 17:07:51,252] [SUBPROCESS]    R1785;$39.$463.25;$39.$654.25;;0.179
[2026-08-13 17:07:51,252] [SUBPROCESS]    R1786;$39.$464.18;$39.$465.25;;9.3
[2026-08-13 17:07:51,253] [SUBPROCESS]    R1787;$39.$465.25;$39.$698.25;;0.182
[2026-08-13 17:07:51,254] [SUBPROCESS]    R1788;$39.$466.18;$39.$467.25;;9.3
[2026-08-13 17:07:51,254] [SUBPROCESS]    R1789;$39.$467.25;$39.$656.25;;0.062
[2026-08-13 17:07:51,255] [SUBPROCESS]    R1790;$39.$468.18;$39.$469.25;;9.3
[2026-08-13 17:07:51,255] [SUBPROCESS]    R1791;$39.$469.25;$39.$473.25;;0.029
[2026-08-13 17:07:51,256] [SUBPROCESS]    R1792;$39.$470.18;$39.$471.25;;9.3
[2026-08-13 17:07:51,256] [SUBPROCESS]    R1793;$39.$471.25;$39.$541.25;;0.029
[2026-08-13 17:07:51,256] [SUBPROCESS]    R1794;$39.$472.18;$39.$473.25;;9.3
[2026-08-13 17:07:51,257] [SUBPROCESS]    R1795;$39.$473.25;$39.$477.25;;0.029
[2026-08-13 17:07:51,257] [SUBPROCESS]    R1796;$39.$474.18;$39.$475.25;;9.3
[2026-08-13 17:07:51,258] [SUBPROCESS]    R1797;$39.$476.18;$39.$477.25;;9.3
[2026-08-13 17:07:51,258] [SUBPROCESS]    R1798;$39.$477.25;$39.$481.25;;0.029
[2026-08-13 17:07:51,259] [SUBPROCESS]    R1799;$39.$478.18;$39.$479.25;;9.3
[2026-08-13 17:07:51,259] [SUBPROCESS]    R1800;$39.$48.15;$39.$49.18;;585.0
[2026-08-13 17:07:51,259] [SUBPROCESS]    R1801;$39.$480.18;$39.$481.25;;9.3
[2026-08-13 17:07:51,260] [SUBPROCESS]    R1802;$39.$481.25;$39.$701.25;;0.893
[2026-08-13 17:07:51,260] [SUBPROCESS]    R1803;$39.$482.18;$39.$483.25;;9.3
[2026-08-13 17:07:51,261] [SUBPROCESS]    R1804;$39.$484.18;$39.$485.25;;9.3
[2026-08-13 17:07:51,261] [SUBPROCESS]    R1805;$39.$485.25;$39.$658.25;;0.134
[2026-08-13 17:07:51,262] [SUBPROCESS]    R1806;$39.$486.18;$39.$487.25;;9.3
[2026-08-13 17:07:51,262] [SUBPROCESS]    R1807;$39.$487.25;$39.$660.25;;0.179
[2026-08-13 17:07:51,263] [SUBPROCESS]    R1808;$39.$488.18;$39.$489.25;;9.3
[2026-08-13 17:07:51,263] [SUBPROCESS]    R1809;$39.$489.25;$39.$697.25;;0.182
[2026-08-13 17:07:51,263] [SUBPROCESS]    R1810;$39.$490.18;$39.$491.25;;9.3
[2026-08-13 17:07:51,264] [SUBPROCESS]    R1811;$39.$491.25;$39.$662.25;;0.062
[2026-08-13 17:07:51,264] [SUBPROCESS]    R1812;$39.$492.18;$39.$493.25;;9.3
[2026-08-13 17:07:51,265] [SUBPROCESS]    R1813;$39.$493.25;$39.$497.25;;0.029
[2026-08-13 17:07:51,265] [SUBPROCESS]    R1814;$39.$493.25;$39.$563.25;;0.029
[2026-08-13 17:07:51,266] [SUBPROCESS]    R1815;$39.$494.18;$39.$495.25;;9.3
[2026-08-13 17:07:51,266] [SUBPROCESS]    R1816;$39.$495.25;$39.$499.25;;0.029
[2026-08-13 17:07:51,266] [SUBPROCESS]    R1817;$39.$495.25;$39.$565.25;;0.029
[2026-08-13 17:07:51,267] [SUBPROCESS]    R1818;$39.$496.18;$39.$497.25;;9.3
[2026-08-13 17:07:51,267] [SUBPROCESS]    R1819;$39.$497.25;$39.$501.25;;0.029
[2026-08-13 17:07:51,268] [SUBPROCESS]    R1820;$39.$498.18;$39.$499.25;;9.3
[2026-08-13 17:07:51,268] [SUBPROCESS]    R1821;$39.$499.25;$39.$503.25;;0.029
[2026-08-13 17:07:51,269] [SUBPROCESS]    R1822;$39.$50.15;$39.$51.18;;585.0
[2026-08-13 17:07:51,269] [SUBPROCESS]    R1823;$39.$500.18;$39.$501.25;;9.3
[2026-08-13 17:07:51,270] [SUBPROCESS]    R1824;$39.$501.25;$39.$505.25;;0.029
[2026-08-13 17:07:51,270] [SUBPROCESS]    R1825;$39.$502.18;$39.$503.25;;9.3
[2026-08-13 17:07:51,271] [SUBPROCESS]    R1826;$39.$503.25;$39.$507.25;;0.029
[2026-08-13 17:07:51,271] [SUBPROCESS]    R1827;$39.$504.18;$39.$505.25;;9.3
[2026-08-13 17:07:51,272] [SUBPROCESS]    R1828;$39.$505.25;$39.$509.25;;0.029
[2026-08-13 17:07:51,272] [SUBPROCESS]    R1829;$39.$506.18;$39.$507.25;;9.3
[2026-08-13 17:07:51,273] [SUBPROCESS]    R1830;$39.$507.25;$39.$511.25;;0.029
[2026-08-13 17:07:51,273] [SUBPROCESS]    R1831;$39.$508.18;$39.$509.25;;9.3
[2026-08-13 17:07:51,274] [SUBPROCESS]    R1832;$39.$509.25;$39.$513.25;;0.029
[2026-08-13 17:07:51,274] [SUBPROCESS]    R1833;$39.$510.18;$39.$511.25;;9.3
[2026-08-13 17:07:51,274] [SUBPROCESS]    R1834;$39.$511.25;$39.$515.25;;0.029
[2026-08-13 17:07:51,275] [SUBPROCESS]    R1835;$39.$512.18;$39.$513.25;;9.3
[2026-08-13 17:07:51,275] [SUBPROCESS]    R1836;$39.$513.25;$39.$517.25;;0.029
[2026-08-13 17:07:51,276] [SUBPROCESS]    R1837;$39.$514.18;$39.$515.25;;9.3
[2026-08-13 17:07:51,276] [SUBPROCESS]    R1838;$39.$515.25;$39.$519.25;;0.029
[2026-08-13 17:07:51,277] [SUBPROCESS]    R1839;$39.$516.18;$39.$517.25;;9.3
[2026-08-13 17:07:51,277] [SUBPROCESS]    R1840;$39.$517.25;$39.$521.25;;0.029
[2026-08-13 17:07:51,278] [SUBPROCESS]    R1841;$39.$518.18;$39.$519.25;;9.3
[2026-08-13 17:07:51,278] [SUBPROCESS]    R1842;$39.$519.25;$39.$523.25;;0.111
[2026-08-13 17:07:51,278] [SUBPROCESS]    R1843;$39.$52.15;$39.$53.18;;585.0
[2026-08-13 17:07:51,279] [SUBPROCESS]    R1844;$39.$52.15;$39.$54.15;;0.0
[2026-08-13 17:07:51,279] [SUBPROCESS]    R1845;$39.$520.18;$39.$521.25;;9.3
[2026-08-13 17:07:51,280] [SUBPROCESS]    R1846;$39.$521.25;$39.$525.25;;0.111
[2026-08-13 17:07:51,280] [SUBPROCESS]    R1847;$39.$522.18;$39.$523.25;;9.3
[2026-08-13 17:07:51,281] [SUBPROCESS]    R1848;$39.$523.25;$39.$527.25;;0.029
[2026-08-13 17:07:51,281] [SUBPROCESS]    R1849;$39.$524.18;$39.$525.25;;9.3
[2026-08-13 17:07:51,281] [SUBPROCESS]    R1850;$39.$525.25;$39.$529.25;;0.029
[2026-08-13 17:07:51,282] [SUBPROCESS]    R1851;$39.$526.18;$39.$527.25;;9.3
[2026-08-13 17:07:51,282] [SUBPROCESS]    R1852;$39.$527.25;$39.$531.25;;0.029
[2026-08-13 17:07:51,283] [SUBPROCESS]    R1853;$39.$528.18;$39.$529.25;;9.3
[2026-08-13 17:07:51,283] [SUBPROCESS]    R1854;$39.$529.25;$39.$533.25;;0.029
[2026-08-13 17:07:51,284] [SUBPROCESS]    R1855;$39.$530.18;$39.$531.25;;9.3
[2026-08-13 17:07:51,284] [SUBPROCESS]    R1856;$39.$531.25;$39.$535.25;;0.029
[2026-08-13 17:07:51,285] [SUBPROCESS]    R1857;$39.$532.18;$39.$533.25;;9.3
[2026-08-13 17:07:51,286] [SUBPROCESS]    R1858;$39.$533.25;$39.$537.25;;0.029
[2026-08-13 17:07:51,286] [SUBPROCESS]    R1859;$39.$534.18;$39.$535.25;;9.3
[2026-08-13 17:07:51,287] [SUBPROCESS]    R1860;$39.$535.25;$39.$539.25;;0.029
[2026-08-13 17:07:51,287] [SUBPROCESS]    R1861;$39.$536.18;$39.$537.25;;9.3
[2026-08-13 17:07:51,288] [SUBPROCESS]    R1862;$39.$537.25;$39.$541.25;;0.029
[2026-08-13 17:07:51,288] [SUBPROCESS]    R1863;$39.$538.18;$39.$539.25;;9.3
[2026-08-13 17:07:51,289] [SUBPROCESS]    R1864;$39.$54.15;$39.$55.18;;585.0
[2026-08-13 17:07:51,289] [SUBPROCESS]    R1865;$39.$54.15;$39.$56.15;;0.0
[2026-08-13 17:07:51,290] [SUBPROCESS]    R1866;$39.$540.18;$39.$541.25;;9.3
[2026-08-13 17:07:51,290] [SUBPROCESS]    R1867;$39.$542.18;$39.$543.25;;9.3
[2026-08-13 17:07:51,291] [SUBPROCESS]    R1868;$39.$543.25;$39.$545.25;;0.029
[2026-08-13 17:07:51,291] [SUBPROCESS]    R1869;$39.$544.18;$39.$545.25;;9.3
[2026-08-13 17:07:51,292] [SUBPROCESS]    R1870;$39.$545.25;$39.$547.25;;0.029
[2026-08-13 17:07:51,292] [SUBPROCESS]    R1871;$39.$546.18;$39.$547.25;;9.3
[2026-08-13 17:07:51,292] [SUBPROCESS]    R1872;$39.$547.25;$39.$549.25;;0.029
[2026-08-13 17:07:51,293] [SUBPROCESS]    R1873;$39.$548.18;$39.$549.25;;9.3
[2026-08-13 17:07:51,293] [SUBPROCESS]    R1874;$39.$549.25;$39.$551.25;;0.029
[2026-08-13 17:07:51,294] [SUBPROCESS]    R1875;$39.$550.18;$39.$551.25;;9.3
[2026-08-13 17:07:51,294] [SUBPROCESS]    R1876;$39.$551.25;$39.$553.25;;0.029
[2026-08-13 17:07:51,295] [SUBPROCESS]    R1877;$39.$552.18;$39.$553.25;;9.3
[2026-08-13 17:07:51,295] [SUBPROCESS]    R1878;$39.$553.25;$39.$555.25;;0.029
[2026-08-13 17:07:51,295] [SUBPROCESS]    R1879;$39.$554.18;$39.$555.25;;9.3
[2026-08-13 17:07:51,296] [SUBPROCESS]    R1880;$39.$555.25;$39.$557.25;;0.029
[2026-08-13 17:07:51,296] [SUBPROCESS]    R1881;$39.$556.18;$39.$557.25;;9.3
[2026-08-13 17:07:51,297] [SUBPROCESS]    R1882;$39.$557.25;$39.$559.25;;0.029
[2026-08-13 17:07:51,297] [SUBPROCESS]    R1883;$39.$558.18;$39.$559.25;;9.3
[2026-08-13 17:07:51,298] [SUBPROCESS]    R1884;$39.$559.25;$39.$563.25;;0.111
[2026-08-13 17:07:51,298] [SUBPROCESS]    R1885;$39.$56.15;$39.$57.18;;585.0
[2026-08-13 17:07:51,299] [SUBPROCESS]    R1886;$39.$56.15;$39.$58.15;;0.0
[2026-08-13 17:07:51,299] [SUBPROCESS]    R1887;$39.$560.18;$39.$561.25;;9.3
[2026-08-13 17:07:51,299] [SUBPROCESS]    R1888;$39.$561.25;$39.$565.25;;0.029
[2026-08-13 17:07:51,300] [SUBPROCESS]    R1889;$39.$562.18;$39.$563.25;;9.3
[2026-08-13 17:07:51,300] [SUBPROCESS]    R1890;$39.$564.18;$39.$565.25;;9.3
[2026-08-13 17:07:51,301] [SUBPROCESS]    R1891;$39.$566.18;$39.$567.25;;9.3
[2026-08-13 17:07:51,301] [SUBPROCESS]    R1892;$39.$567.25;$39.$575.25;;0.029
[2026-08-13 17:07:51,302] [SUBPROCESS]    R1893;$39.$567.25;$39.$633.25;;0.029
[2026-08-13 17:07:51,302] [SUBPROCESS]    R1894;$39.$568.18;$39.$569.25;;9.3
[2026-08-13 17:07:51,303] [SUBPROCESS]    R1895;$39.$569.25;$39.$585.25;;0.029
[2026-08-13 17:07:51,304] [SUBPROCESS]    R1896;$39.$569.25;$39.$627.25;;0.029
[2026-08-13 17:07:51,304] [SUBPROCESS]    R1897;$39.$570.18;$39.$571.25;;9.3
[2026-08-13 17:07:51,305] [SUBPROCESS]    R1898;$39.$571.25;$39.$587.25;;0.029
[2026-08-13 17:07:51,306] [SUBPROCESS]    R1899;$39.$571.25;$39.$629.25;;0.029
[2026-08-13 17:07:51,306] [SUBPROCESS]    R1900;$39.$572.18;$39.$573.25;;9.3
[2026-08-13 17:07:51,307] [SUBPROCESS]    R1901;$39.$573.25;$39.$581.25;;0.111
[2026-08-13 17:07:51,307] [SUBPROCESS]    R1902;$39.$573.25;$39.$639.25;;0.029
[2026-08-13 17:07:51,308] [SUBPROCESS]    R1903;$39.$574.18;$39.$575.25;;9.3
[2026-08-13 17:07:51,308] [SUBPROCESS]    R1904;$39.$575.25;$39.$583.25;;0.111
[2026-08-13 17:07:51,308] [SUBPROCESS]    R1905;$39.$576.18;$39.$577.25;;9.3
[2026-08-13 17:07:51,309] [SUBPROCESS]    R1906;$39.$577.25;$39.$609.25;;0.029
[2026-08-13 17:07:51,309] [SUBPROCESS]    R1907;$39.$577.25;$39.$619.25;;0.029
[2026-08-13 17:07:51,310] [SUBPROCESS]    R1908;$39.$578.18;$39.$579.25;;9.3
[2026-08-13 17:07:51,310] [SUBPROCESS]    R1909;$39.$579.25;$39.$595.25;;0.029
[2026-08-13 17:07:51,311] [SUBPROCESS]    R1910;$39.$579.25;$39.$637.25;;0.029
[2026-08-13 17:07:51,311] [SUBPROCESS]    R1911;$39.$58.15;$39.$59.18;;585.0
[2026-08-13 17:07:51,311] [SUBPROCESS]    R1912;$39.$58.15;$39.P3.15;;0.0
[2026-08-13 17:07:51,312] [SUBPROCESS]    R1913;$39.$580.18;$39.$581.25;;9.3
[2026-08-13 17:07:51,312] [SUBPROCESS]    R1914;$39.$581.25;$39.$589.25;;0.029
[2026-08-13 17:07:51,313] [SUBPROCESS]    R1915;$39.$582.18;$39.$583.25;;9.3
[2026-08-13 17:07:51,313] [SUBPROCESS]    R1916;$39.$583.25;$39.$591.25;;0.029
[2026-08-13 17:07:51,314] [SUBPROCESS]    R1917;$39.$584.18;$39.$585.25;;9.3
[2026-08-13 17:07:51,314] [SUBPROCESS]    R1918;$39.$585.25;$39.$601.25;;0.029
[2026-08-13 17:07:51,314] [SUBPROCESS]    R1919;$39.$586.18;$39.$587.25;;9.3
[2026-08-13 17:07:51,315] [SUBPROCESS]    R1920;$39.$587.25;$39.$603.25;;0.029
[2026-08-13 17:07:51,315] [SUBPROCESS]    R1921;$39.$588.18;$39.$589.25;;9.3
[2026-08-13 17:07:51,316] [SUBPROCESS]    R1922;$39.$589.25;$39.$597.25;;0.029
[2026-08-13 17:07:51,316] [SUBPROCESS]    R1923;$39.$590.18;$39.$591.25;;9.3
[2026-08-13 17:07:51,317] [SUBPROCESS]    R1924;$39.$591.25;$39.$599.25;;0.029
[2026-08-13 17:07:51,317] [SUBPROCESS]    R1925;$39.$592.18;$39.$593.25;;9.3
[2026-08-13 17:07:51,317] [SUBPROCESS]    R1926;$39.$593.25;$39.$635.25;;0.029
[2026-08-13 17:07:51,318] [SUBPROCESS]    R1927;$39.$594.18;$39.$595.25;;9.3
[2026-08-13 17:07:51,318] [SUBPROCESS]    R1928;$39.$595.25;$39.$611.25;;0.029
[2026-08-13 17:07:51,319] [SUBPROCESS]    R1929;$39.$596.18;$39.$597.25;;9.3
[2026-08-13 17:07:51,320] [SUBPROCESS]    R1930;$39.$597.25;$39.$605.25;;0.029
[2026-08-13 17:07:51,320] [SUBPROCESS]    R1931;$39.$598.18;$39.$599.25;;9.3
[2026-08-13 17:07:51,321] [SUBPROCESS]    R1932;$39.$599.25;$39.$607.25;;0.029
[2026-08-13 17:07:51,322] [SUBPROCESS]    R1933;$39.$6.15;$39.$7.18;;585.0
[2026-08-13 17:07:51,323] [SUBPROCESS]    R1934;$39.$60.15;$39.$61.18;;585.0
[2026-08-13 17:07:51,323] [SUBPROCESS]    R1935;$39.$60.15;$39.$62.15;;0.0
[2026-08-13 17:07:51,323] [SUBPROCESS]    R1936;$39.$60.15;$39.P3.15;;0.0
[2026-08-13 17:07:51,324] [SUBPROCESS]    R1937;$39.$600.18;$39.$601.25;;9.3
[2026-08-13 17:07:51,324] [SUBPROCESS]    R1938;$39.$601.25;$39.$617.25;;0.029
[2026-08-13 17:07:51,325] [SUBPROCESS]    R1939;$39.$602.18;$39.$603.25;;9.3
[2026-08-13 17:07:51,325] [SUBPROCESS]    R1940;$39.$603.25;$39.$621.25;;0.111
[2026-08-13 17:07:51,326] [SUBPROCESS]    R1941;$39.$604.18;$39.$605.25;;9.3
[2026-08-13 17:07:51,326] [SUBPROCESS]    R1942;$39.$605.25;$39.$613.25;;0.029
[2026-08-13 17:07:51,327] [SUBPROCESS]    R1943;$39.$606.18;$39.$607.25;;9.3
[2026-08-13 17:07:51,327] [SUBPROCESS]    R1944;$39.$607.25;$39.$615.25;;0.029
[2026-08-13 17:07:51,328] [SUBPROCESS]    R1945;$39.$608.18;$39.$609.25;;9.3
[2026-08-13 17:07:51,328] [SUBPROCESS]    R1946;$39.$609.25;$39.$629.25;;0.029
[2026-08-13 17:07:51,328] [SUBPROCESS]    R1947;$39.$610.18;$39.$611.25;;9.3
[2026-08-13 17:07:51,329] [SUBPROCESS]    R1948;$39.$611.25;$39.$623.25;;0.029
[2026-08-13 17:07:51,329] [SUBPROCESS]    R1949;$39.$612.18;$39.$613.25;;9.3
[2026-08-13 17:07:51,330] [SUBPROCESS]    R1950;$39.$614.18;$39.$615.25;;9.3
[2026-08-13 17:07:51,330] [SUBPROCESS]    R1951;$39.$616.18;$39.$617.25;;9.3
[2026-08-13 17:07:51,331] [SUBPROCESS]    R1952;$39.$617.25;$39.$625.25;;0.029
[2026-08-13 17:07:51,331] [SUBPROCESS]    R1953;$39.$618.18;$39.$619.25;;9.3
[2026-08-13 17:07:51,332] [SUBPROCESS]    R1954;$39.$619.25;$39.$635.25;;0.029
[2026-08-13 17:07:51,332] [SUBPROCESS]    R1955;$39.$62.15;$39.$63.18;;585.0
[2026-08-13 17:07:51,332] [SUBPROCESS]    R1956;$39.$62.15;$39.$64.15;;0.0
[2026-08-13 17:07:51,333] [SUBPROCESS]    R1957;$39.$620.18;$39.$621.25;;9.3
[2026-08-13 17:07:51,333] [SUBPROCESS]    R1958;$39.$621.25;$39.$637.25;;0.029
[2026-08-13 17:07:51,334] [SUBPROCESS]    R1959;$39.$622.18;$39.$623.25;;9.3
[2026-08-13 17:07:51,334] [SUBPROCESS]    R1960;$39.$623.25;$39.$631.25;;0.029
[2026-08-13 17:07:51,335] [SUBPROCESS]    R1961;$39.$624.18;$39.$625.25;;9.3
[2026-08-13 17:07:51,335] [SUBPROCESS]    R1962;$39.$625.25;$39.$633.25;;0.029
[2026-08-13 17:07:51,336] [SUBPROCESS]    R1963;$39.$626.18;$39.$627.25;;9.3
[2026-08-13 17:07:51,337] [SUBPROCESS]    R1964;$39.$628.18;$39.$629.25;;9.3
[2026-08-13 17:07:51,337] [SUBPROCESS]    R1965;$39.$630.18;$39.$631.25;;9.3
[2026-08-13 17:07:51,338] [SUBPROCESS]    R1966;$39.$631.25;$39.$639.25;;0.029
[2026-08-13 17:07:51,339] [SUBPROCESS]    R1967;$39.$632.18;$39.$633.25;;9.3
[2026-08-13 17:07:51,339] [SUBPROCESS]    R1968;$39.$634.18;$39.$635.25;;9.3
[2026-08-13 17:07:51,340] [SUBPROCESS]    R1969;$39.$636.18;$39.$637.25;;9.3
[2026-08-13 17:07:51,340] [SUBPROCESS]    R1970;$39.$638.18;$39.$639.25;;9.3
[2026-08-13 17:07:51,341] [SUBPROCESS]    R1971;$39.$64.15;$39.$65.18;;585.0
[2026-08-13 17:07:51,341] [SUBPROCESS]    R1972;$39.$64.15;$39.$66.15;;0.0
[2026-08-13 17:07:51,341] [SUBPROCESS]    R1973;$39.$640.25;$39.$641.26;;4.5
[2026-08-13 17:07:51,342] [SUBPROCESS]    R1974;$39.$640.25;$39.$646.25;;0.885
[2026-08-13 17:07:51,342] [SUBPROCESS]    R1975;$39.$641.26;$39.$643.26;;1.312
[2026-08-13 17:07:51,343] [SUBPROCESS]    R1976;$39.$642.25;$39.$643.26;;4.5
[2026-08-13 17:07:51,343] [SUBPROCESS]    R1977;$39.$642.25;$39.$696.25;;0.002
[2026-08-13 17:07:51,344] [SUBPROCESS]    R1978;$39.$643.26;$39.$645.26;;1.318
[2026-08-13 17:07:51,344] [SUBPROCESS]    R1979;$39.$644.25;$39.$645.26;;4.5
[2026-08-13 17:07:51,344] [SUBPROCESS]    R1980;$39.$644.25;$39.$650.25;;0.885
[2026-08-13 17:07:51,345] [SUBPROCESS]    R1981;$39.$645.26;$39.$704.26;;1.321
[2026-08-13 17:07:51,345] [SUBPROCESS]    R1982;$39.$646.25;$39.$647.26;;4.5
[2026-08-13 17:07:51,346] [SUBPROCESS]    R1983;$39.$646.25;$39.$652.25;;0.885
[2026-08-13 17:07:51,346] [SUBPROCESS]    R1984;$39.$647.26;$39.$649.26;;1.312
[2026-08-13 17:07:51,347] [SUBPROCESS]    R1985;$39.$648.25;$39.$649.26;;4.5
[2026-08-13 17:07:51,347] [SUBPROCESS]    R1986;$39.$648.25;$39.$699.25;;0.002
[2026-08-13 17:07:51,347] [SUBPROCESS]    R1987;$39.$649.26;$39.$651.26;;1.318
[2026-08-13 17:07:51,348] [SUBPROCESS]    R1988;$39.$650.25;$39.$651.26;;4.5
[2026-08-13 17:07:51,348] [SUBPROCESS]    R1989;$39.$650.25;$39.$656.25;;0.885
[2026-08-13 17:07:51,349] [SUBPROCESS]    R1990;$39.$651.26;$39.$704.26;;0.609
[2026-08-13 17:07:51,349] [SUBPROCESS]    R1991;$39.$652.25;$39.$653.26;;4.5
[2026-08-13 17:07:51,350] [SUBPROCESS]    R1992;$39.$652.25;$39.$658.25;;0.885
[2026-08-13 17:07:51,350] [SUBPROCESS]    R1993;$39.$653.26;$39.$655.26;;1.312
[2026-08-13 17:07:51,350] [SUBPROCESS]    R1994;$39.$654.25;$39.$655.26;;4.5
[2026-08-13 17:07:51,351] [SUBPROCESS]    R1995;$39.$654.25;$39.$698.25;;0.002
[2026-08-13 17:07:51,351] [SUBPROCESS]    R1996;$39.$655.26;$39.$657.26;;1.318
[2026-08-13 17:07:51,352] [SUBPROCESS]    R1997;$39.$656.25;$39.$657.26;;4.5
[2026-08-13 17:07:51,352] [SUBPROCESS]    R1998;$39.$656.25;$39.$662.25;;0.885
[2026-08-13 17:07:51,353] [SUBPROCESS]    R1999;$39.$657.26;$39.$705.26;;0.609
[2026-08-13 17:07:51,354] [SUBPROCESS]    R2000;$39.$658.25;$39.$659.26;;4.5
[2026-08-13 17:07:51,354] [SUBPROCESS]    R2001;$39.$659.26;$39.$661.26;;1.312
[2026-08-13 17:07:51,355] [SUBPROCESS]    R2002;$39.$66.15;$39.$67.18;;585.0
[2026-08-13 17:07:51,356] [SUBPROCESS]    R2003;$39.$66.15;$39.$68.15;;0.0
[2026-08-13 17:07:51,356] [SUBPROCESS]    R2004;$39.$660.25;$39.$661.26;;4.5
[2026-08-13 17:07:51,357] [SUBPROCESS]    R2005;$39.$660.25;$39.$697.25;;0.002
[2026-08-13 17:07:51,357] [SUBPROCESS]    R2006;$39.$661.26;$39.$663.26;;1.318
[2026-08-13 17:07:51,357] [SUBPROCESS]    R2007;$39.$662.25;$39.$663.26;;4.5
[2026-08-13 17:07:51,358] [SUBPROCESS]    R2008;$39.$663.26;$39.$706.26;;0.609
[2026-08-13 17:07:51,358] [SUBPROCESS]    R2009;$39.$664.25;$39.$665.26;;4.5
[2026-08-13 17:07:51,359] [SUBPROCESS]    R2010;$39.$664.25;$39.$680.25;;0.0
[2026-08-13 17:07:51,359] [SUBPROCESS]    R2011;$39.$665.26;$39.$681.26;;0.0
[2026-08-13 17:07:51,360] [SUBPROCESS]    R2012;$39.$665.26;$39.$706.26;;4.416
[2026-08-13 17:07:51,360] [SUBPROCESS]    R2013;$39.$666.25;$39.$667.26;;4.5
[2026-08-13 17:07:51,360] [SUBPROCESS]    R2014;$39.$666.25;$39.$682.25;;0.0
[2026-08-13 17:07:51,361] [SUBPROCESS]    R2015;$39.$666.25;$39.$700.25;;0.025
[2026-08-13 17:07:51,362] [SUBPROCESS]    R2016;$39.$667.26;$39.$681.26;;0.05
[2026-08-13 17:07:51,362] [SUBPROCESS]    R2017;$39.$667.26;$39.$683.26;;0.0
[2026-08-13 17:07:51,362] [SUBPROCESS]    R2018;$39.$668.25;$39.$669.26;;4.5
[2026-08-13 17:07:51,363] [SUBPROCESS]    R2019;$39.$668.25;$39.$684.25;;0.0
[2026-08-13 17:07:51,363] [SUBPROCESS]    R2020;$39.$669.26;$39.$683.26;;1.556
[2026-08-13 17:07:51,364] [SUBPROCESS]    R2021;$39.$669.26;$39.$685.26;;0.0
[2026-08-13 17:07:51,364] [SUBPROCESS]    R2022;$39.$670.25;$39.$671.26;;4.5
[2026-08-13 17:07:51,365] [SUBPROCESS]    R2023;$39.$670.25;$39.$686.25;;0.0
[2026-08-13 17:07:51,365] [SUBPROCESS]    R2024;$39.$670.25;$39.$701.25;;0.025
[2026-08-13 17:07:51,366] [SUBPROCESS]    R2025;$39.$671.26;$39.$685.26;;0.05
[2026-08-13 17:07:51,366] [SUBPROCESS]    R2026;$39.$671.26;$39.$687.26;;0.0
[2026-08-13 17:07:51,367] [SUBPROCESS]    R2027;$39.$672.25;$39.$673.26;;4.5
[2026-08-13 17:07:51,367] [SUBPROCESS]    R2028;$39.$672.25;$39.$688.25;;0.0
[2026-08-13 17:07:51,367] [SUBPROCESS]    R2029;$39.$673.26;$39.$687.26;;6.651
[2026-08-13 17:07:51,368] [SUBPROCESS]    R2030;$39.$673.26;$39.$689.26;;0.0
[2026-08-13 17:07:51,369] [SUBPROCESS]    R2031;$39.$674.25;$39.$675.26;;4.5
[2026-08-13 17:07:51,369] [SUBPROCESS]    R2032;$39.$674.25;$39.$690.25;;0.0
[2026-08-13 17:07:51,370] [SUBPROCESS]    R2033;$39.$674.25;$39.$702.25;;0.025
[2026-08-13 17:07:51,371] [SUBPROCESS]    R2034;$39.$675.26;$39.$689.26;;0.05
[2026-08-13 17:07:51,371] [SUBPROCESS]    R2035;$39.$675.26;$39.$691.26;;0.0
[2026-08-13 17:07:51,372] [SUBPROCESS]    R2036;$39.$676.25;$39.$677.26;;4.5
[2026-08-13 17:07:51,373] [SUBPROCESS]    R2037;$39.$676.25;$39.$692.25;;0.0
[2026-08-13 17:07:51,373] [SUBPROCESS]    R2038;$39.$677.26;$39.$691.26;;1.556
[2026-08-13 17:07:51,373] [SUBPROCESS]    R2039;$39.$677.26;$39.$693.26;;0.0
[2026-08-13 17:07:51,374] [SUBPROCESS]    R2040;$39.$678.25;$39.$679.26;;4.5
[2026-08-13 17:07:51,374] [SUBPROCESS]    R2041;$39.$678.25;$39.$694.25;;0.0
[2026-08-13 17:07:51,375] [SUBPROCESS]    R2042;$39.$678.25;$39.$703.25;;0.025
[2026-08-13 17:07:51,375] [SUBPROCESS]    R2043;$39.$679.26;$39.$693.26;;0.05
[2026-08-13 17:07:51,376] [SUBPROCESS]    R2044;$39.$679.26;$39.$695.26;;0.0
[2026-08-13 17:07:51,376] [SUBPROCESS]    R2045;$39.$68.15;$39.$69.18;;585.0
[2026-08-13 17:07:51,376] [SUBPROCESS]    R2046;$39.$680.25;$39.$681.26;;4.5
[2026-08-13 17:07:51,377] [SUBPROCESS]    R2047;$39.$680.25;$39.$700.25;;0.025
[2026-08-13 17:07:51,377] [SUBPROCESS]    R2048;$39.$682.25;$39.$683.26;;4.5
[2026-08-13 17:07:51,378] [SUBPROCESS]    R2049;$39.$684.25;$39.$685.26;;4.5
[2026-08-13 17:07:51,378] [SUBPROCESS]    R2050;$39.$684.25;$39.$701.25;;0.025
[2026-08-13 17:07:51,379] [SUBPROCESS]    R2051;$39.$686.25;$39.$687.26;;4.5
[2026-08-13 17:07:51,379] [SUBPROCESS]    R2052;$39.$688.25;$39.$689.26;;4.5
[2026-08-13 17:07:51,379] [SUBPROCESS]    R2053;$39.$688.25;$39.$702.25;;0.025
[2026-08-13 17:07:51,380] [SUBPROCESS]    R2054;$39.$690.25;$39.$691.26;;4.5
[2026-08-13 17:07:51,380] [SUBPROCESS]    R2055;$39.$692.25;$39.$693.26;;4.5
[2026-08-13 17:07:51,381] [SUBPROCESS]    R2056;$39.$692.25;$39.$703.25;;0.025
[2026-08-13 17:07:51,381] [SUBPROCESS]    R2057;$39.$694.25;$39.$695.26;;4.5
[2026-08-13 17:07:51,382] [SUBPROCESS]    R2058;$39.$696.25;$39.$699.25;;0.688
[2026-08-13 17:07:51,382] [SUBPROCESS]    R2059;$39.$697.25;$39.$698.25;;0.688
[2026-08-13 17:07:51,382] [SUBPROCESS]    R2060;$39.$698.25;$39.$699.25;;0.688
[2026-08-13 17:07:51,383] [SUBPROCESS]    R2061;$39.$70.15;$39.$71.18;;585.0
[2026-08-13 17:07:51,383] [SUBPROCESS]    R2062;$39.$70.15;$39.$86.15;;0.0
[2026-08-13 17:07:51,384] [SUBPROCESS]    R2063;$39.$704.26;$39.$705.26;;0.559
[2026-08-13 17:07:51,384] [SUBPROCESS]    R2064;$39.$705.26;$39.$706.26;;0.559
[2026-08-13 17:07:51,385] [SUBPROCESS]    R2065;$39.$72.15;$39.$73.18;;585.0
[2026-08-13 17:07:51,385] [SUBPROCESS]    R2066;$39.$72.15;$39.$80.15;;0.0
[2026-08-13 17:07:51,386] [SUBPROCESS]    R2067;$39.$74.15;$39.$75.18;;585.0
[2026-08-13 17:07:51,387] [SUBPROCESS]    R2068;$39.$74.15;$39.$82.15;;0.0
[2026-08-13 17:07:51,387] [SUBPROCESS]    R2069;$39.$76.15;$39.$77.18;;585.0
[2026-08-13 17:07:51,388] [SUBPROCESS]    R2070;$39.$78.15;$39.$79.18;;585.0
[2026-08-13 17:07:51,388] [SUBPROCESS]    R2071;$39.$8.15;$39.$9.18;;585.0
[2026-08-13 17:07:51,389] [SUBPROCESS]    R2072;$39.$80.15;$39.$81.18;;585.0
[2026-08-13 17:07:51,390] [SUBPROCESS]    R2073;$39.$80.15;$39.$96.15;;0.0
[2026-08-13 17:07:51,390] [SUBPROCESS]    R2074;$39.$82.15;$39.$83.18;;585.0
[2026-08-13 17:07:51,390] [SUBPROCESS]    R2075;$39.$82.15;$39.$98.15;;0.0
[2026-08-13 17:07:51,391] [SUBPROCESS]    R2076;$39.$84.15;$39.$85.18;;585.0
[2026-08-13 17:07:51,391] [SUBPROCESS]    R2077;$39.$86.15;$39.$87.18;;585.0
[2026-08-13 17:07:51,392] [SUBPROCESS]    R2078;$39.$88.15;$39.$89.18;;585.0
[2026-08-13 17:07:51,392] [SUBPROCESS]    R2079;$39.$88.15;$39.P19.15;;0.0
[2026-08-13 17:07:51,393] [SUBPROCESS]    R2080;$39.$90.15;$39.$91.18;;585.0
[2026-08-13 17:07:51,393] [SUBPROCESS]    R2081;$39.$90.15;$39.P27.15;;0.0
[2026-08-13 17:07:51,393] [SUBPROCESS]    R2082;$39.$92.15;$39.$93.18;;585.0
[2026-08-13 17:07:51,394] [SUBPROCESS]    R2083;$39.$92.15;$39.P23.15;;0.0
[2026-08-13 17:07:51,394] [SUBPROCESS]    R2084;$39.$94.15;$39.$95.18;;585.0
[2026-08-13 17:07:51,395] [SUBPROCESS]    R2085;$39.$94.15;$39.P31.15;;0.0
[2026-08-13 17:07:51,395] [SUBPROCESS]    R2086;$39.$96.15;$39.$97.18;;585.0
[2026-08-13 17:07:51,396] [SUBPROCESS]    R2087;$39.$98.15;$39.$99.18;;585.0
[2026-08-13 17:07:51,396] [SUBPROCESS]    R2088;B[0];B[0].$5.26;;0.788
[2026-08-13 17:07:51,396] [SUBPROCESS]    R2089;B[0].$0.17;B[0].$1.18;;152.0
[2026-08-13 17:07:51,397] [SUBPROCESS]    R2090;B[0].$0.17;B[0].P0.17;;205.248
[2026-08-13 17:07:51,397] [SUBPROCESS]    R2091;B[0].$1.18;B[0].$2.18;;0.0
[2026-08-13 17:07:51,398] [SUBPROCESS]    R2092;B[0].$2.18;B[0].$3.25;;9.3
[2026-08-13 17:07:51,398] [SUBPROCESS]    R2093;B[0].$3.25;B[0].$6.25;;0.023
[2026-08-13 17:07:51,399] [SUBPROCESS]    R2094;B[0].$4.25;B[0].$5.26;;4.5
[2026-08-13 17:07:51,399] [SUBPROCESS]    R2095;B[0].$4.25;B[0].$8.25;;4.932
[2026-08-13 17:07:51,400] [SUBPROCESS]    R2096;B[0].$6.25;B[0].$7.26;;4.5
[2026-08-13 17:07:51,400] [SUBPROCESS]    R2097;B[0].$7.26;B[0].$9.26;;0.65
[2026-08-13 17:07:51,401] [SUBPROCESS]    R2098;B[0].$8.25;B[0].$9.26;;4.5
[2026-08-13 17:07:51,401] [SUBPROCESS]    R2099;B[1];B[1].$13.26;;1.549
[2026-08-13 17:07:51,402] [SUBPROCESS]    R2100;B[1].$0.17;B[1].$1.18;;152.0
[2026-08-13 17:07:51,403] [SUBPROCESS]    R2101;B[1].$0.17;B[1].P0.17;;205.248
[2026-08-13 17:07:51,403] [SUBPROCESS]    R2102;B[1].$1.18;B[1].$6.18;;0.0
[2026-08-13 17:07:51,404] [SUBPROCESS]    R2103;B[1].$10.18;B[1].$11.25;;9.3
[2026-08-13 17:07:51,405] [SUBPROCESS]    R2104;B[1].$10.18;B[1].$5.18;;0.0
[2026-08-13 17:07:51,406] [SUBPROCESS]    R2105;B[1].$11.25;B[1].$16.25;;0.009
[2026-08-13 17:07:51,406] [SUBPROCESS]    R2106;B[1].$12.25;B[1].$13.26;;4.5
[2026-08-13 17:07:51,407] [SUBPROCESS]    R2107;B[1].$12.25;B[1].$7.25;;0.009
[2026-08-13 17:07:51,407] [SUBPROCESS]    R2108;B[1].$13.26;B[1].$15.26;;0.646
[2026-08-13 17:07:51,408] [SUBPROCESS]    R2109;B[1].$14.25;B[1].$15.26;;4.5
[2026-08-13 17:07:51,408] [SUBPROCESS]    R2110;B[1].$14.25;B[1].$9.25;;0.023
[2026-08-13 17:07:51,409] [SUBPROCESS]    R2111;B[1].$15.26;B[1].$17.26;;0.471
[2026-08-13 17:07:51,409] [SUBPROCESS]    R2112;B[1].$16.25;B[1].$17.26;;4.5
[2026-08-13 17:07:51,410] [SUBPROCESS]    R2113;B[1].$2.17;B[1].$3.18;;152.0
[2026-08-13 17:07:51,410] [SUBPROCESS]    R2114;B[1].$2.17;B[1].P2.17;;205.248
[2026-08-13 17:07:51,411] [SUBPROCESS]    R2115;B[1].$3.18;B[1].$8.18;;0.0
[2026-08-13 17:07:51,411] [SUBPROCESS]    R2116;B[1].$4.17;B[1].$5.18;;152.0
[2026-08-13 17:07:51,412] [SUBPROCESS]    R2117;B[1].$4.17;B[1].P1.17;;205.248
[2026-08-13 17:07:51,412] [SUBPROCESS]    R2118;B[1].$6.18;B[1].$7.25;;9.3
[2026-08-13 17:07:51,413] [SUBPROCESS]    R2119;B[1].$8.18;B[1].$9.25;;9.3
[2026-08-13 17:07:51,413] [SUBPROCESS]    R2120;B[2];B[2].$17.26;;1.549
[2026-08-13 17:07:51,414] [SUBPROCESS]    R2121;B[2].$0.17;B[2].$1.18;;152.0
[2026-08-13 17:07:51,414] [SUBPROCESS]    R2122;B[2].$0.17;B[2].P0.17;;205.248
[2026-08-13 17:07:51,415] [SUBPROCESS]    R2123;B[2].$1.18;B[2].$8.18;;0.0
[2026-08-13 17:07:51,415] [SUBPROCESS]    R2124;B[2].$10.18;B[2].$11.25;;9.3
[2026-08-13 17:07:51,416] [SUBPROCESS]    R2125;B[2].$10.18;B[2].$3.18;;0.0
[2026-08-13 17:07:51,416] [SUBPROCESS]    R2126;B[2].$11.25;B[2].$18.25;;0.023
[2026-08-13 17:07:51,417] [SUBPROCESS]    R2127;B[2].$12.18;B[2].$13.25;;9.3
[2026-08-13 17:07:51,417] [SUBPROCESS]    R2128;B[2].$12.18;B[2].$5.18;;0.0
[2026-08-13 17:07:51,418] [SUBPROCESS]    R2129;B[2].$13.25;B[2].$20.25;;0.009
[2026-08-13 17:07:51,419] [SUBPROCESS]    R2130;B[2].$14.18;B[2].$15.25;;9.3
[2026-08-13 17:07:51,419] [SUBPROCESS]    R2131;B[2].$14.18;B[2].$7.18;;0.0
[2026-08-13 17:07:51,420] [SUBPROCESS]    R2132;B[2].$15.25;B[2].$22.25;;0.023
[2026-08-13 17:07:51,421] [SUBPROCESS]    R2133;B[2].$16.25;B[2].$17.26;;4.5
[2026-08-13 17:07:51,421] [SUBPROCESS]    R2134;B[2].$16.25;B[2].$9.25;;0.009
[2026-08-13 17:07:51,422] [SUBPROCESS]    R2135;B[2].$17.26;B[2].$19.26;;0.646
[2026-08-13 17:07:51,423] [SUBPROCESS]    R2136;B[2].$18.25;B[2].$19.26;;4.5
[2026-08-13 17:07:51,423] [SUBPROCESS]    R2137;B[2].$19.26;B[2].$21.26;;0.471
[2026-08-13 17:07:51,424] [SUBPROCESS]    R2138;B[2].$2.17;B[2].$3.18;;152.0
[2026-08-13 17:07:51,424] [SUBPROCESS]    R2139;B[2].$2.17;B[2].P2.17;;205.248
[2026-08-13 17:07:51,425] [SUBPROCESS]    R2140;B[2].$20.25;B[2].$21.26;;4.5
[2026-08-13 17:07:51,425] [SUBPROCESS]    R2141;B[2].$21.26;B[2].$23.26;;0.646
[2026-08-13 17:07:51,426] [SUBPROCESS]    R2142;B[2].$22.25;B[2].$23.26;;4.5
[2026-08-13 17:07:51,426] [SUBPROCESS]    R2143;B[2].$4.17;B[2].$5.18;;152.0
[2026-08-13 17:07:51,427] [SUBPROCESS]    R2144;B[2].$4.17;B[2].P1.17;;205.248
[2026-08-13 17:07:51,427] [SUBPROCESS]    R2145;B[2].$6.17;B[2].$7.18;;152.0
[2026-08-13 17:07:51,428] [SUBPROCESS]    R2146;B[2].$6.17;B[2].P3.17;;205.248
[2026-08-13 17:07:51,428] [SUBPROCESS]    R2147;B[2].$8.18;B[2].$9.25;;9.3
[2026-08-13 17:07:51,429] [SUBPROCESS]    R2148;B[3];B[3].$48.26;;0.845
[2026-08-13 17:07:51,429] [SUBPROCESS]    R2149;B[3].$0.17;B[3].$1.18;;152.0
[2026-08-13 17:07:51,430] [SUBPROCESS]    R2150;B[3].$0.17;B[3].P1.17;;205.248
[2026-08-13 17:07:51,430] [SUBPROCESS]    R2151;B[3].$1.18;B[3].$16.18;;0.0
[2026-08-13 17:07:51,431] [SUBPROCESS]    R2152;B[3].$10.17;B[3].$11.18;;152.0
[2026-08-13 17:07:51,431] [SUBPROCESS]    R2153;B[3].$10.17;B[3].P4.17;;205.248
[2026-08-13 17:07:51,432] [SUBPROCESS]    R2154;B[3].$11.18;B[3].$26.18;;0.0
[2026-08-13 17:07:51,432] [SUBPROCESS]    R2155;B[3].$12.17;B[3].$13.18;;152.0
[2026-08-13 17:07:51,432] [SUBPROCESS]    R2156;B[3].$12.17;B[3].P2.17;;205.248
[2026-08-13 17:07:51,433] [SUBPROCESS]    R2157;B[3].$13.18;B[3].$28.18;;0.0
[2026-08-13 17:07:51,433] [SUBPROCESS]    R2158;B[3].$14.17;B[3].$15.18;;152.0
[2026-08-13 17:07:51,434] [SUBPROCESS]    R2159;B[3].$14.17;B[3].P6.17;;205.248
[2026-08-13 17:07:51,434] [SUBPROCESS]    R2160;B[3].$15.18;B[3].$30.18;;0.0
[2026-08-13 17:07:51,435] [SUBPROCESS]    R2161;B[3].$16.18;B[3].$17.25;;9.3
[2026-08-13 17:07:51,436] [SUBPROCESS]    R2162;B[3].$17.25;B[3].$32.25;;0.009
[2026-08-13 17:07:51,437] [SUBPROCESS]    R2163;B[3].$18.18;B[3].$19.25;;9.3
[2026-08-13 17:07:51,437] [SUBPROCESS]    R2164;B[3].$18.18;B[3].$3.18;;0.0
[2026-08-13 17:07:51,438] [SUBPROCESS]    R2165;B[3].$19.25;B[3].$34.25;;0.023
[2026-08-13 17:07:51,438] [SUBPROCESS]    R2166;B[3].$2.17;B[3].$3.18;;152.0
[2026-08-13 17:07:51,439] [SUBPROCESS]    R2167;B[3].$2.17;B[3].P5.17;;205.248
[2026-08-13 17:07:51,440] [SUBPROCESS]    R2168;B[3].$20.18;B[3].$21.25;;9.3
[2026-08-13 17:07:51,440] [SUBPROCESS]    R2169;B[3].$20.18;B[3].$5.18;;0.0
[2026-08-13 17:07:51,441] [SUBPROCESS]    R2170;B[3].$21.25;B[3].$36.25;;0.009
[2026-08-13 17:07:51,441] [SUBPROCESS]    R2171;B[3].$22.18;B[3].$23.25;;9.3
[2026-08-13 17:07:51,442] [SUBPROCESS]    R2172;B[3].$22.18;B[3].$7.18;;0.0
[2026-08-13 17:07:51,442] [SUBPROCESS]    R2173;B[3].$23.25;B[3].$38.25;;0.023
[2026-08-13 17:07:51,443] [SUBPROCESS]    R2174;B[3].$24.18;B[3].$25.25;;9.3
[2026-08-13 17:07:51,444] [SUBPROCESS]    R2175;B[3].$24.18;B[3].$9.18;;0.0
[2026-08-13 17:07:51,444] [SUBPROCESS]    R2176;B[3].$25.25;B[3].$40.25;;0.009
[2026-08-13 17:07:51,445] [SUBPROCESS]    R2177;B[3].$26.18;B[3].$27.25;;9.3
[2026-08-13 17:07:51,446] [SUBPROCESS]    R2178;B[3].$27.25;B[3].$42.25;;0.023
[2026-08-13 17:07:51,446] [SUBPROCESS]    R2179;B[3].$28.18;B[3].$29.25;;9.3
[2026-08-13 17:07:51,447] [SUBPROCESS]    R2180;B[3].$29.25;B[3].$44.25;;0.009
[2026-08-13 17:07:51,448] [SUBPROCESS]    R2181;B[3].$30.18;B[3].$31.25;;9.3
[2026-08-13 17:07:51,448] [SUBPROCESS]    R2182;B[3].$31.25;B[3].$46.25;;0.023
[2026-08-13 17:07:51,449] [SUBPROCESS]    R2183;B[3].$32.25;B[3].$33.26;;4.5
[2026-08-13 17:07:51,449] [SUBPROCESS]    R2184;B[3].$33.26;B[3].$35.26;;0.646
[2026-08-13 17:07:51,450] [SUBPROCESS]    R2185;B[3].$33.26;B[3].$48.26;;1.398
[2026-08-13 17:07:51,450] [SUBPROCESS]    R2186;B[3].$34.25;B[3].$35.26;;4.5
[2026-08-13 17:07:51,451] [SUBPROCESS]    R2187;B[3].$35.26;B[3].$37.26;;0.471
[2026-08-13 17:07:51,451] [SUBPROCESS]    R2188;B[3].$36.25;B[3].$37.26;;4.5
[2026-08-13 17:07:51,451] [SUBPROCESS]    R2189;B[3].$37.26;B[3].$39.26;;0.646
[2026-08-13 17:07:51,452] [SUBPROCESS]    R2190;B[3].$38.25;B[3].$39.26;;4.5
[2026-08-13 17:07:51,452] [SUBPROCESS]    R2191;B[3].$4.17;B[3].$5.18;;152.0
[2026-08-13 17:07:51,453] [SUBPROCESS]    R2192;B[3].$4.17;B[3].P3.17;;205.248
[2026-08-13 17:07:51,454] [SUBPROCESS]    R2193;B[3].$40.25;B[3].$41.26;;4.5
[2026-08-13 17:07:51,455] [SUBPROCESS]    R2194;B[3].$41.26;B[3].$43.26;;0.646
[2026-08-13 17:07:51,455] [SUBPROCESS]    R2195;B[3].$41.26;B[3].$48.26;;0.704
[2026-08-13 17:07:51,456] [SUBPROCESS]    R2196;B[3].$42.25;B[3].$43.26;;4.5
[2026-08-13 17:07:51,457] [SUBPROCESS]    R2197;B[3].$43.26;B[3].$45.26;;0.471
[2026-08-13 17:07:51,457] [SUBPROCESS]    R2198;B[3].$44.25;B[3].$45.26;;4.5
[2026-08-13 17:07:51,458] [SUBPROCESS]    R2199;B[3].$45.26;B[3].$47.26;;0.646
[2026-08-13 17:07:51,458] [SUBPROCESS]    R2200;B[3].$46.25;B[3].$47.26;;4.5
[2026-08-13 17:07:51,458] [SUBPROCESS]    R2201;B[3].$6.17;B[3].$7.18;;152.0
[2026-08-13 17:07:51,459] [SUBPROCESS]    R2202;B[3].$6.17;B[3].P7.17;;205.248
[2026-08-13 17:07:51,459] [SUBPROCESS]    R2203;B[3].$8.17;B[3].$9.18;;152.0
[2026-08-13 17:07:51,460] [SUBPROCESS]    R2204;B[3].$8.17;B[3].P0.17;;205.248
[2026-08-13 17:07:51,460] [SUBPROCESS]    R2205;B[4];B[4].$96.26;;0.845
[2026-08-13 17:07:51,461] [SUBPROCESS]    R2206;B[4].$0.17;B[4].$1.18;;152.0
[2026-08-13 17:07:51,461] [SUBPROCESS]    R2207;B[4].$0.17;B[4].P3.17;;205.248
[2026-08-13 17:07:51,462] [SUBPROCESS]    R2208;B[4].$1.18;B[4].$32.18;;0.0
[2026-08-13 17:07:51,462] [SUBPROCESS]    R2209;B[4].$10.17;B[4].$11.18;;152.0
[2026-08-13 17:07:51,463] [SUBPROCESS]    R2210;B[4].$10.17;B[4].P10.17;;205.248
[2026-08-13 17:07:51,463] [SUBPROCESS]    R2211;B[4].$11.18;B[4].$42.18;;0.0
[2026-08-13 17:07:51,464] [SUBPROCESS]    R2212;B[4].$12.17;B[4].$13.18;;152.0
[2026-08-13 17:07:51,464] [SUBPROCESS]    R2213;B[4].$12.17;B[4].P6.17;;205.248
[2026-08-13 17:07:51,464] [SUBPROCESS]    R2214;B[4].$13.18;B[4].$44.18;;0.0
[2026-08-13 17:07:51,465] [SUBPROCESS]    R2215;B[4].$14.17;B[4].$15.18;;152.0
[2026-08-13 17:07:51,465] [SUBPROCESS]    R2216;B[4].$14.17;B[4].P14.17;;205.248
[2026-08-13 17:07:51,466] [SUBPROCESS]    R2217;B[4].$15.18;B[4].$46.18;;0.0
[2026-08-13 17:07:51,466] [SUBPROCESS]    R2218;B[4].$16.17;B[4].$17.18;;152.0
[2026-08-13 17:07:51,467] [SUBPROCESS]    R2219;B[4].$16.17;B[4].P1.17;;205.248
[2026-08-13 17:07:51,467] [SUBPROCESS]    R2220;B[4].$17.18;B[4].$48.18;;0.0
[2026-08-13 17:07:51,468] [SUBPROCESS]    R2221;B[4].$18.17;B[4].$19.18;;152.0
[2026-08-13 17:07:51,468] [SUBPROCESS]    R2222;B[4].$18.17;B[4].P9.17;;205.248
[2026-08-13 17:07:51,469] [SUBPROCESS]    R2223;B[4].$19.18;B[4].$50.18;;0.0
[2026-08-13 17:07:51,470] [SUBPROCESS]    R2224;B[4].$2.17;B[4].$3.18;;152.0
[2026-08-13 17:07:51,471] [SUBPROCESS]    R2225;B[4].$2.17;B[4].P11.17;;205.248
[2026-08-13 17:07:51,471] [SUBPROCESS]    R2226;B[4].$20.17;B[4].$21.18;;152.0
[2026-08-13 17:07:51,472] [SUBPROCESS]    R2227;B[4].$20.17;B[4].P5.17;;205.248
[2026-08-13 17:07:51,472] [SUBPROCESS]    R2228;B[4].$21.18;B[4].$52.18;;0.0
[2026-08-13 17:07:51,473] [SUBPROCESS]    R2229;B[4].$22.17;B[4].$23.18;;152.0
[2026-08-13 17:07:51,473] [SUBPROCESS]    R2230;B[4].$22.17;B[4].P13.17;;205.248
[2026-08-13 17:07:51,474] [SUBPROCESS]    R2231;B[4].$23.18;B[4].$54.18;;0.0
[2026-08-13 17:07:51,474] [SUBPROCESS]    R2232;B[4].$24.17;B[4].$25.18;;152.0
[2026-08-13 17:07:51,475] [SUBPROCESS]    R2233;B[4].$24.17;B[4].P0.17;;205.248
[2026-08-13 17:07:51,475] [SUBPROCESS]    R2234;B[4].$25.18;B[4].$56.18;;0.0
[2026-08-13 17:07:51,476] [SUBPROCESS]    R2235;B[4].$26.17;B[4].$27.18;;152.0
[2026-08-13 17:07:51,476] [SUBPROCESS]    R2236;B[4].$26.17;B[4].P8.17;;205.248
[2026-08-13 17:07:51,477] [SUBPROCESS]    R2237;B[4].$27.18;B[4].$58.18;;0.0
[2026-08-13 17:07:51,477] [SUBPROCESS]    R2238;B[4].$28.17;B[4].$29.18;;152.0
[2026-08-13 17:07:51,478] [SUBPROCESS]    R2239;B[4].$28.17;B[4].P4.17;;205.248
[2026-08-13 17:07:51,478] [SUBPROCESS]    R2240;B[4].$29.18;B[4].$60.18;;0.0
[2026-08-13 17:07:51,478] [SUBPROCESS]    R2241;B[4].$3.18;B[4].$34.18;;0.0
[2026-08-13 17:07:51,479] [SUBPROCESS]    R2242;B[4].$30.17;B[4].$31.18;;152.0
[2026-08-13 17:07:51,479] [SUBPROCESS]    R2243;B[4].$30.17;B[4].P12.17;;205.248
[2026-08-13 17:07:51,480] [SUBPROCESS]    R2244;B[4].$31.18;B[4].$62.18;;0.0
[2026-08-13 17:07:51,480] [SUBPROCESS]    R2245;B[4].$32.18;B[4].$33.25;;9.3
[2026-08-13 17:07:51,481] [SUBPROCESS]    R2246;B[4].$33.25;B[4].$64.25;;0.009
[2026-08-13 17:07:51,481] [SUBPROCESS]    R2247;B[4].$34.18;B[4].$35.25;;9.3
[2026-08-13 17:07:51,482] [SUBPROCESS]    R2248;B[4].$35.25;B[4].$66.25;;0.023
[2026-08-13 17:07:51,482] [SUBPROCESS]    R2249;B[4].$36.18;B[4].$37.25;;9.3
[2026-08-13 17:07:51,483] [SUBPROCESS]    R2250;B[4].$36.18;B[4].$5.18;;0.0
[2026-08-13 17:07:51,484] [SUBPROCESS]    R2251;B[4].$37.25;B[4].$68.25;;0.009
[2026-08-13 17:07:51,484] [SUBPROCESS]    R2252;B[4].$38.18;B[4].$39.25;;9.3
[2026-08-13 17:07:51,485] [SUBPROCESS]    R2253;B[4].$38.18;B[4].$7.18;;0.0
[2026-08-13 17:07:51,485] [SUBPROCESS]    R2254;B[4].$39.25;B[4].$70.25;;0.023
[2026-08-13 17:07:51,486] [SUBPROCESS]    R2255;B[4].$4.17;B[4].$5.18;;152.0
[2026-08-13 17:07:51,486] [SUBPROCESS]    R2256;B[4].$4.17;B[4].P7.17;;205.248
[2026-08-13 17:07:51,487] [SUBPROCESS]    R2257;B[4].$40.18;B[4].$41.25;;9.3
[2026-08-13 17:07:51,488] [SUBPROCESS]    R2258;B[4].$40.18;B[4].$9.18;;0.0
[2026-08-13 17:07:51,489] [SUBPROCESS]    R2259;B[4].$41.25;B[4].$72.25;;0.009
[2026-08-13 17:07:51,489] [SUBPROCESS]    R2260;B[4].$42.18;B[4].$43.25;;9.3
[2026-08-13 17:07:51,490] [SUBPROCESS]    R2261;B[4].$43.25;B[4].$74.25;;0.023
[2026-08-13 17:07:51,491] [SUBPROCESS]    R2262;B[4].$44.18;B[4].$45.25;;9.3
[2026-08-13 17:07:51,491] [SUBPROCESS]    R2263;B[4].$45.25;B[4].$76.25;;0.009
[2026-08-13 17:07:51,492] [SUBPROCESS]    R2264;B[4].$46.18;B[4].$47.25;;9.3
[2026-08-13 17:07:51,492] [SUBPROCESS]    R2265;B[4].$47.25;B[4].$78.25;;0.023
[2026-08-13 17:07:51,493] [SUBPROCESS]    R2266;B[4].$48.18;B[4].$49.25;;9.3
[2026-08-13 17:07:51,493] [SUBPROCESS]    R2267;B[4].$49.25;B[4].$80.25;;0.009
[2026-08-13 17:07:51,493] [SUBPROCESS]    R2268;B[4].$50.18;B[4].$51.25;;9.3
[2026-08-13 17:07:51,494] [SUBPROCESS]    R2269;B[4].$51.25;B[4].$82.25;;0.023
[2026-08-13 17:07:51,494] [SUBPROCESS]    R2270;B[4].$52.18;B[4].$53.25;;9.3
[2026-08-13 17:07:51,495] [SUBPROCESS]    R2271;B[4].$53.25;B[4].$84.25;;0.009
[2026-08-13 17:07:51,495] [SUBPROCESS]    R2272;B[4].$54.18;B[4].$55.25;;9.3
[2026-08-13 17:07:51,496] [SUBPROCESS]    R2273;B[4].$55.25;B[4].$86.25;;0.023
[2026-08-13 17:07:51,496] [SUBPROCESS]    R2274;B[4].$56.18;B[4].$57.25;;9.3
[2026-08-13 17:07:51,497] [SUBPROCESS]    R2275;B[4].$57.25;B[4].$88.25;;0.009
[2026-08-13 17:07:51,497] [SUBPROCESS]    R2276;B[4].$58.18;B[4].$59.25;;9.3
[2026-08-13 17:07:51,498] [SUBPROCESS]    R2277;B[4].$59.25;B[4].$90.25;;0.023
[2026-08-13 17:07:51,498] [SUBPROCESS]    R2278;B[4].$6.17;B[4].$7.18;;152.0
[2026-08-13 17:07:51,499] [SUBPROCESS]    R2279;B[4].$6.17;B[4].P15.17;;205.248
[2026-08-13 17:07:51,499] [SUBPROCESS]    R2280;B[4].$60.18;B[4].$61.25;;9.3
[2026-08-13 17:07:51,499] [SUBPROCESS]    R2281;B[4].$61.25;B[4].$92.25;;0.009
[2026-08-13 17:07:51,500] [SUBPROCESS]    R2282;B[4].$62.18;B[4].$63.25;;9.3
[2026-08-13 17:07:51,500] [SUBPROCESS]    R2283;B[4].$63.25;B[4].$94.25;;0.023
[2026-08-13 17:07:51,501] [SUBPROCESS]    R2284;B[4].$64.25;B[4].$65.26;;4.5
[2026-08-13 17:07:51,501] [SUBPROCESS]    R2285;B[4].$65.26;B[4].$67.26;;0.646
[2026-08-13 17:07:51,502] [SUBPROCESS]    R2286;B[4].$65.26;B[4].$98.26;;1.461
[2026-08-13 17:07:51,503] [SUBPROCESS]    R2287;B[4].$66.25;B[4].$67.26;;4.5
[2026-08-13 17:07:51,504] [SUBPROCESS]    R2288;B[4].$67.26;B[4].$69.26;;0.471
[2026-08-13 17:07:51,504] [SUBPROCESS]    R2289;B[4].$68.25;B[4].$69.26;;4.5
[2026-08-13 17:07:51,505] [SUBPROCESS]    R2290;B[4].$69.26;B[4].$71.26;;0.646
[2026-08-13 17:07:51,505] [SUBPROCESS]    R2291;B[4].$70.25;B[4].$71.26;;4.5
[2026-08-13 17:07:51,506] [SUBPROCESS]    R2292;B[4].$72.25;B[4].$73.26;;4.5
[2026-08-13 17:07:51,506] [SUBPROCESS]    R2293;B[4].$73.26;B[4].$75.26;;0.646
[2026-08-13 17:07:51,507] [SUBPROCESS]    R2294;B[4].$73.26;B[4].$98.26;;0.642
[2026-08-13 17:07:51,507] [SUBPROCESS]    R2295;B[4].$74.25;B[4].$75.26;;4.5
[2026-08-13 17:07:51,508] [SUBPROCESS]    R2296;B[4].$75.26;B[4].$77.26;;0.471
[2026-08-13 17:07:51,508] [SUBPROCESS]    R2297;B[4].$76.25;B[4].$77.26;;4.5
[2026-08-13 17:07:51,509] [SUBPROCESS]    R2298;B[4].$77.26;B[4].$79.26;;0.646
[2026-08-13 17:07:51,509] [SUBPROCESS]    R2299;B[4].$78.25;B[4].$79.26;;4.5
[2026-08-13 17:07:51,510] [SUBPROCESS]    R2300;B[4].$8.17;B[4].$9.18;;152.0
[2026-08-13 17:07:51,510] [SUBPROCESS]    R2301;B[4].$8.17;B[4].P2.17;;205.248
[2026-08-13 17:07:51,510] [SUBPROCESS]    R2302;B[4].$80.25;B[4].$81.26;;4.5
[2026-08-13 17:07:51,511] [SUBPROCESS]    R2303;B[4].$81.26;B[4].$83.26;;0.646
[2026-08-13 17:07:51,511] [SUBPROCESS]    R2304;B[4].$81.26;B[4].$97.26;;0.642
[2026-08-13 17:07:51,512] [SUBPROCESS]    R2305;B[4].$82.25;B[4].$83.26;;4.5
[2026-08-13 17:07:51,512] [SUBPROCESS]    R2306;B[4].$83.26;B[4].$85.26;;0.471
[2026-08-13 17:07:51,513] [SUBPROCESS]    R2307;B[4].$84.25;B[4].$85.26;;4.5
[2026-08-13 17:07:51,513] [SUBPROCESS]    R2308;B[4].$85.26;B[4].$87.26;;0.646
[2026-08-13 17:07:51,514] [SUBPROCESS]    R2309;B[4].$86.25;B[4].$87.26;;4.5
[2026-08-13 17:07:51,514] [SUBPROCESS]    R2310;B[4].$88.25;B[4].$89.26;;4.5
[2026-08-13 17:07:51,515] [SUBPROCESS]    R2311;B[4].$89.26;B[4].$91.26;;0.646
[2026-08-13 17:07:51,515] [SUBPROCESS]    R2312;B[4].$89.26;B[4].$96.26;;0.704
[2026-08-13 17:07:51,516] [SUBPROCESS]    R2313;B[4].$90.25;B[4].$91.26;;4.5
[2026-08-13 17:07:51,516] [SUBPROCESS]    R2314;B[4].$91.26;B[4].$93.26;;0.471
[2026-08-13 17:07:51,517] [SUBPROCESS]    R2315;B[4].$92.25;B[4].$93.26;;4.5
[2026-08-13 17:07:51,517] [SUBPROCESS]    R2316;B[4].$93.26;B[4].$95.26;;0.646
[2026-08-13 17:07:51,518] [SUBPROCESS]    R2317;B[4].$94.25;B[4].$95.26;;4.5
[2026-08-13 17:07:51,518] [SUBPROCESS]    R2318;B[4].$96.26;B[4].$97.26;;0.646
[2026-08-13 17:07:51,519] [SUBPROCESS]    R2319;B[4].$97.26;B[4].$98.26;;0.708
[2026-08-13 17:07:51,519] [SUBPROCESS]    R2320;DAC_REF;DAC_REF.$53.26;;0.003
[2026-08-13 17:07:51,520] [SUBPROCESS]    R2321;DAC_REF.$0.17;DAC_REF.$1.18;;152.0
[2026-08-13 17:07:51,520] [SUBPROCESS]    R2322;DAC_REF.$0.17;DAC_REF.$2.17;;0.0
[2026-08-13 17:07:51,521] [SUBPROCESS]    R2323;DAC_REF.$0.17;DAC_REF.$80.17;;2.78
[2026-08-13 17:07:51,521] [SUBPROCESS]    R2324;DAC_REF.$1.18;DAC_REF.$15.18;;0.0
[2026-08-13 17:07:51,522] [SUBPROCESS]    R2325;DAC_REF.$10.17;DAC_REF.$11.18;;152.0
[2026-08-13 17:07:51,523] [SUBPROCESS]    R2326;DAC_REF.$10.17;DAC_REF.$8.17;;0.0
[2026-08-13 17:07:51,523] [SUBPROCESS]    R2327;DAC_REF.$10.17;DAC_REF.P32.17;;28.587
[2026-08-13 17:07:51,524] [SUBPROCESS]    R2328;DAC_REF.$11.18;DAC_REF.$25.18;;0.0
[2026-08-13 17:07:51,525] [SUBPROCESS]    R2329;DAC_REF.$11.18;DAC_REF.$48.18;;2.24
[2026-08-13 17:07:51,525] [SUBPROCESS]    R2330;DAC_REF.$12.17;DAC_REF.$13.18;;152.0
[2026-08-13 17:07:51,526] [SUBPROCESS]    R2331;DAC_REF.$12.17;DAC_REF.$24.17;;26.8
[2026-08-13 17:07:51,526] [SUBPROCESS]    R2332;DAC_REF.$12.17;DAC_REF.$26.17;;0.0
[2026-08-13 17:07:51,527] [SUBPROCESS]    R2333;DAC_REF.$13.18;DAC_REF.$27.18;;0.0
[2026-08-13 17:07:51,528] [SUBPROCESS]    R2334;DAC_REF.$13.18;DAC_REF.$50.18;;1.92
[2026-08-13 17:07:51,528] [SUBPROCESS]    R2335;DAC_REF.$14.17;DAC_REF.$15.18;;152.0
[2026-08-13 17:07:51,528] [SUBPROCESS]    R2336;DAC_REF.$14.17;DAC_REF.$80.17;;4.116
[2026-08-13 17:07:51,529] [SUBPROCESS]    R2337;DAC_REF.$15.18;DAC_REF.$28.18;;1.92
[2026-08-13 17:07:51,529] [SUBPROCESS]    R2338;DAC_REF.$16.17;DAC_REF.$17.18;;152.0
[2026-08-13 17:07:51,530] [SUBPROCESS]    R2339;DAC_REF.$16.17;DAC_REF.$18.17;;44.733
[2026-08-13 17:07:51,530] [SUBPROCESS]    R2340;DAC_REF.$17.18;DAC_REF.$3.18;;0.0
[2026-08-13 17:07:51,530] [SUBPROCESS]    R2341;DAC_REF.$17.18;DAC_REF.$30.18;;2.24
[2026-08-13 17:07:51,531] [SUBPROCESS]    R2342;DAC_REF.$18.17;DAC_REF.$19.18;;152.0
[2026-08-13 17:07:51,531] [SUBPROCESS]    R2343;DAC_REF.$18.17;DAC_REF.$80.17;;33.017
[2026-08-13 17:07:51,532] [SUBPROCESS]    R2344;DAC_REF.$19.18;DAC_REF.$32.18;;2.56
[2026-08-13 17:07:51,532] [SUBPROCESS]    R2345;DAC_REF.$19.18;DAC_REF.$5.18;;0.0
[2026-08-13 17:07:51,533] [SUBPROCESS]    R2346;DAC_REF.$2.17;DAC_REF.$3.18;;152.0
[2026-08-13 17:07:51,533] [SUBPROCESS]    R2347;DAC_REF.$2.17;DAC_REF.$4.17;;0.0
[2026-08-13 17:07:51,533] [SUBPROCESS]    R2348;DAC_REF.$20.17;DAC_REF.$21.18;;152.0
[2026-08-13 17:07:51,534] [SUBPROCESS]    R2349;DAC_REF.$20.17;DAC_REF.$22.17;;33.516
[2026-08-13 17:07:51,534] [SUBPROCESS]    R2350;DAC_REF.$20.17;DAC_REF.$80.17;;5.303
[2026-08-13 17:07:51,535] [SUBPROCESS]    R2351;DAC_REF.$21.18;DAC_REF.$34.18;;2.88
[2026-08-13 17:07:51,536] [SUBPROCESS]    R2352;DAC_REF.$21.18;DAC_REF.$7.18;;0.0
[2026-08-13 17:07:51,536] [SUBPROCESS]    R2353;DAC_REF.$22.17;DAC_REF.$23.18;;152.0
[2026-08-13 17:07:51,537] [SUBPROCESS]    R2354;DAC_REF.$22.17;DAC_REF.$24.17;;29.784
[2026-08-13 17:07:51,537] [SUBPROCESS]    R2355;DAC_REF.$23.18;DAC_REF.$36.18;;3.2
[2026-08-13 17:07:51,538] [SUBPROCESS]    R2356;DAC_REF.$23.18;DAC_REF.$9.18;;0.0
[2026-08-13 17:07:51,538] [SUBPROCESS]    R2357;DAC_REF.$24.17;DAC_REF.$25.18;;152.0
[2026-08-13 17:07:51,539] [SUBPROCESS]    R2358;DAC_REF.$25.18;DAC_REF.$38.18;;3.52
[2026-08-13 17:07:51,539] [SUBPROCESS]    R2359;DAC_REF.$26.17;DAC_REF.$27.18;;152.0
[2026-08-13 17:07:51,540] [SUBPROCESS]    R2360;DAC_REF.$26.17;DAC_REF.$87.17;;291.04
[2026-08-13 17:07:51,540] [SUBPROCESS]    R2361;DAC_REF.$28.18;DAC_REF.$29.25;;9.3
[2026-08-13 17:07:51,540] [SUBPROCESS]    R2362;DAC_REF.$28.18;DAC_REF.$40.18;;0.0
[2026-08-13 17:07:51,541] [SUBPROCESS]    R2363;DAC_REF.$29.25;DAC_REF.$41.25;;0.0
[2026-08-13 17:07:51,541] [SUBPROCESS]    R2364;DAC_REF.$29.25;DAC_REF.$66.25;;0.009
[2026-08-13 17:07:51,542] [SUBPROCESS]    R2365;DAC_REF.$3.18;DAC_REF.$40.18;;3.52
[2026-08-13 17:07:51,542] [SUBPROCESS]    R2366;DAC_REF.$30.18;DAC_REF.$31.25;;9.3
[2026-08-13 17:07:51,543] [SUBPROCESS]    R2367;DAC_REF.$30.18;DAC_REF.$42.18;;0.0
[2026-08-13 17:07:51,543] [SUBPROCESS]    R2368;DAC_REF.$31.25;DAC_REF.$43.25;;0.0
[2026-08-13 17:07:51,544] [SUBPROCESS]    R2369;DAC_REF.$31.25;DAC_REF.$68.25;;0.016
[2026-08-13 17:07:51,544] [SUBPROCESS]    R2370;DAC_REF.$32.18;DAC_REF.$33.25;;9.3
[2026-08-13 17:07:51,545] [SUBPROCESS]    R2371;DAC_REF.$32.18;DAC_REF.$44.18;;0.0
[2026-08-13 17:07:51,545] [SUBPROCESS]    R2372;DAC_REF.$33.25;DAC_REF.$45.25;;0.0
[2026-08-13 17:07:51,546] [SUBPROCESS]    R2373;DAC_REF.$33.25;DAC_REF.$70.25;;0.022
[2026-08-13 17:07:51,546] [SUBPROCESS]    R2374;DAC_REF.$34.18;DAC_REF.$35.25;;9.3
[2026-08-13 17:07:51,546] [SUBPROCESS]    R2375;DAC_REF.$34.18;DAC_REF.$46.18;;0.0
[2026-08-13 17:07:51,547] [SUBPROCESS]    R2376;DAC_REF.$35.25;DAC_REF.$47.25;;0.0
[2026-08-13 17:07:51,547] [SUBPROCESS]    R2377;DAC_REF.$35.25;DAC_REF.$72.25;;0.028
[2026-08-13 17:07:51,548] [SUBPROCESS]    R2378;DAC_REF.$36.18;DAC_REF.$37.25;;9.3
[2026-08-13 17:07:51,548] [SUBPROCESS]    R2379;DAC_REF.$36.18;DAC_REF.$48.18;;0.0
[2026-08-13 17:07:51,549] [SUBPROCESS]    R2380;DAC_REF.$37.25;DAC_REF.$49.25;;0.0
[2026-08-13 17:07:51,549] [SUBPROCESS]    R2381;DAC_REF.$37.25;DAC_REF.$74.25;;0.034
[2026-08-13 17:07:51,550] [SUBPROCESS]    R2382;DAC_REF.$38.18;DAC_REF.$39.25;;9.3
[2026-08-13 17:07:51,550] [SUBPROCESS]    R2383;DAC_REF.$38.18;DAC_REF.$50.18;;0.0
[2026-08-13 17:07:51,551] [SUBPROCESS]    R2384;DAC_REF.$39.25;DAC_REF.$51.25;;0.0
[2026-08-13 17:07:51,551] [SUBPROCESS]    R2385;DAC_REF.$39.25;DAC_REF.$76.25;;0.041
[2026-08-13 17:07:51,552] [SUBPROCESS]    R2386;DAC_REF.$4.17;DAC_REF.$5.18;;152.0
[2026-08-13 17:07:51,552] [SUBPROCESS]    R2387;DAC_REF.$4.17;DAC_REF.$6.17;;0.0
[2026-08-13 17:07:51,553] [SUBPROCESS]    R2388;DAC_REF.$40.18;DAC_REF.$41.25;;9.3
[2026-08-13 17:07:51,554] [SUBPROCESS]    R2389;DAC_REF.$41.25;DAC_REF.$54.25;;0.041
[2026-08-13 17:07:51,554] [SUBPROCESS]    R2390;DAC_REF.$42.18;DAC_REF.$43.25;;9.3
[2026-08-13 17:07:51,554] [SUBPROCESS]    R2391;DAC_REF.$42.18;DAC_REF.$5.18;;3.2
[2026-08-13 17:07:51,555] [SUBPROCESS]    R2392;DAC_REF.$43.25;DAC_REF.$56.25;;0.034
[2026-08-13 17:07:51,555] [SUBPROCESS]    R2393;DAC_REF.$44.18;DAC_REF.$45.25;;9.3
[2026-08-13 17:07:51,556] [SUBPROCESS]    R2394;DAC_REF.$44.18;DAC_REF.$7.18;;2.88
[2026-08-13 17:07:51,556] [SUBPROCESS]    R2395;DAC_REF.$45.25;DAC_REF.$58.25;;0.028
[2026-08-13 17:07:51,557] [SUBPROCESS]    R2396;DAC_REF.$46.18;DAC_REF.$47.25;;9.3
[2026-08-13 17:07:51,557] [SUBPROCESS]    R2397;DAC_REF.$46.18;DAC_REF.$9.18;;2.56
[2026-08-13 17:07:51,558] [SUBPROCESS]    R2398;DAC_REF.$47.25;DAC_REF.$60.25;;0.022
[2026-08-13 17:07:51,558] [SUBPROCESS]    R2399;DAC_REF.$48.18;DAC_REF.$49.25;;9.3
[2026-08-13 17:07:51,559] [SUBPROCESS]    R2400;DAC_REF.$49.25;DAC_REF.$62.25;;0.016
[2026-08-13 17:07:51,559] [SUBPROCESS]    R2401;DAC_REF.$50.18;DAC_REF.$51.25;;9.3
[2026-08-13 17:07:51,560] [SUBPROCESS]    R2402;DAC_REF.$51.25;DAC_REF.$64.25;;0.009
[2026-08-13 17:07:51,560] [SUBPROCESS]    R2403;DAC_REF.$52.25;DAC_REF.$53.26;;4.5
[2026-08-13 17:07:51,561] [SUBPROCESS]    R2404;DAC_REF.$52.25;DAC_REF.$66.25;;0.0
[2026-08-13 17:07:51,562] [SUBPROCESS]    R2405;DAC_REF.$53.26;DAC_REF.$67.26;;0.0
[2026-08-13 17:07:51,562] [SUBPROCESS]    R2406;DAC_REF.$54.25;DAC_REF.$55.26;;4.5
[2026-08-13 17:07:51,563] [SUBPROCESS]    R2407;DAC_REF.$54.25;DAC_REF.$68.25;;0.0
[2026-08-13 17:07:51,563] [SUBPROCESS]    R2408;DAC_REF.$55.26;DAC_REF.$67.26;;0.019
[2026-08-13 17:07:51,564] [SUBPROCESS]    R2409;DAC_REF.$55.26;DAC_REF.$69.26;;0.0
[2026-08-13 17:07:51,565] [SUBPROCESS]    R2410;DAC_REF.$56.25;DAC_REF.$57.26;;4.5
[2026-08-13 17:07:51,565] [SUBPROCESS]    R2411;DAC_REF.$56.25;DAC_REF.$70.25;;0.0
[2026-08-13 17:07:51,566] [SUBPROCESS]    R2412;DAC_REF.$57.26;DAC_REF.$69.26;;0.019
[2026-08-13 17:07:51,566] [SUBPROCESS]    R2413;DAC_REF.$57.26;DAC_REF.$71.26;;0.0
[2026-08-13 17:07:51,567] [SUBPROCESS]    R2414;DAC_REF.$58.25;DAC_REF.$59.26;;4.5
[2026-08-13 17:07:51,568] [SUBPROCESS]    R2415;DAC_REF.$58.25;DAC_REF.$72.25;;0.0
[2026-08-13 17:07:51,568] [SUBPROCESS]    R2416;DAC_REF.$59.26;DAC_REF.$71.26;;0.019
[2026-08-13 17:07:51,569] [SUBPROCESS]    R2417;DAC_REF.$59.26;DAC_REF.$73.26;;0.0
[2026-08-13 17:07:51,569] [SUBPROCESS]    R2418;DAC_REF.$6.17;DAC_REF.$7.18;;152.0
[2026-08-13 17:07:51,570] [SUBPROCESS]    R2419;DAC_REF.$6.17;DAC_REF.$8.17;;0.0
[2026-08-13 17:07:51,570] [SUBPROCESS]    R2420;DAC_REF.$60.25;DAC_REF.$61.26;;4.5
[2026-08-13 17:07:51,571] [SUBPROCESS]    R2421;DAC_REF.$60.25;DAC_REF.$74.25;;0.0
[2026-08-13 17:07:51,571] [SUBPROCESS]    R2422;DAC_REF.$61.26;DAC_REF.$73.26;;0.019
[2026-08-13 17:07:51,572] [SUBPROCESS]    R2423;DAC_REF.$61.26;DAC_REF.$75.26;;0.0
[2026-08-13 17:07:51,572] [SUBPROCESS]    R2424;DAC_REF.$62.25;DAC_REF.$63.26;;4.5
[2026-08-13 17:07:51,573] [SUBPROCESS]    R2425;DAC_REF.$62.25;DAC_REF.$76.25;;0.0
[2026-08-13 17:07:51,573] [SUBPROCESS]    R2426;DAC_REF.$63.26;DAC_REF.$75.26;;0.019
[2026-08-13 17:07:51,574] [SUBPROCESS]    R2427;DAC_REF.$63.26;DAC_REF.$77.26;;0.0
[2026-08-13 17:07:51,574] [SUBPROCESS]    R2428;DAC_REF.$64.25;DAC_REF.$65.26;;4.5
[2026-08-13 17:07:51,575] [SUBPROCESS]    R2429;DAC_REF.$64.25;DAC_REF.$78.25;;0.0
[2026-08-13 17:07:51,575] [SUBPROCESS]    R2430;DAC_REF.$65.26;DAC_REF.$77.26;;0.019
[2026-08-13 17:07:51,575] [SUBPROCESS]    R2431;DAC_REF.$65.26;DAC_REF.$79.26;;0.0
[2026-08-13 17:07:51,576] [SUBPROCESS]    R2432;DAC_REF.$66.25;DAC_REF.$67.26;;4.5
[2026-08-13 17:07:51,576] [SUBPROCESS]    R2433;DAC_REF.$68.25;DAC_REF.$69.26;;4.5
[2026-08-13 17:07:51,577] [SUBPROCESS]    R2434;DAC_REF.$70.25;DAC_REF.$71.26;;4.5
[2026-08-13 17:07:51,577] [SUBPROCESS]    R2435;DAC_REF.$72.25;DAC_REF.$73.26;;4.5
[2026-08-13 17:07:51,578] [SUBPROCESS]    R2436;DAC_REF.$74.25;DAC_REF.$75.26;;4.5
[2026-08-13 17:07:51,578] [SUBPROCESS]    R2437;DAC_REF.$76.25;DAC_REF.$77.26;;4.5
[2026-08-13 17:07:51,578] [SUBPROCESS]    R2438;DAC_REF.$78.25;DAC_REF.$79.26;;4.5
[2026-08-13 17:07:51,579] [SUBPROCESS]    R2439;DAC_REF.$8.17;DAC_REF.$9.18;;152.0
[2026-08-13 17:07:51,579] [SUBPROCESS]    R2440;DAC_REF.$81.17;DAC_REF.$82.17;;334.722
[2026-08-13 17:07:51,580] [SUBPROCESS]    R2441;DAC_REF.$81.17;DAC_REF.P14.17;;25.353
[2026-08-13 17:07:51,580] [SUBPROCESS]    R2442;DAC_REF.$81.17;DAC_REF.P7.17;;417.81
[2026-08-13 17:07:51,581] [SUBPROCESS]    R2443;DAC_REF.$82.17;DAC_REF.$83.17;;334.722
[2026-08-13 17:07:51,581] [SUBPROCESS]    R2444;DAC_REF.$82.17;DAC_REF.P18.17;;25.353
[2026-08-13 17:07:51,581] [SUBPROCESS]    R2445;DAC_REF.$83.17;DAC_REF.$84.17;;334.722
[2026-08-13 17:07:51,582] [SUBPROCESS]    R2446;DAC_REF.$83.17;DAC_REF.P20.17;;25.353
[2026-08-13 17:07:51,582] [SUBPROCESS]    R2447;DAC_REF.$84.17;DAC_REF.$85.17;;334.722
[2026-08-13 17:07:51,583] [SUBPROCESS]    R2448;DAC_REF.$84.17;DAC_REF.P22.17;;25.353
[2026-08-13 17:07:51,583] [SUBPROCESS]    R2449;DAC_REF.$85.17;DAC_REF.$86.17;;334.722
[2026-08-13 17:07:51,584] [SUBPROCESS]    R2450;DAC_REF.$85.17;DAC_REF.P24.17;;25.353
[2026-08-13 17:07:51,584] [SUBPROCESS]    R2451;DAC_REF.$86.17;DAC_REF.$87.17;;334.722
[2026-08-13 17:07:51,584] [SUBPROCESS]    R2452;DAC_REF.$86.17;DAC_REF.P26.17;;25.353
[2026-08-13 17:07:51,585] [SUBPROCESS]    R2453;DAC_REF.$87.17;DAC_REF.P28.17;;25.353
[2026-08-13 17:07:51,585] [SUBPROCESS]    R2454;DAC_REF.P0.17;DAC_REF.P47.17;;41.066
[2026-08-13 17:07:51,586] [SUBPROCESS]    R2455;DAC_REF.P0.17;DAC_REF.P48.17;;41.066
[2026-08-13 17:07:51,587] [SUBPROCESS]    R2456;DAC_REF.P1.17;DAC_REF.P22.17;;41.066
[2026-08-13 17:07:51,587] [SUBPROCESS]    R2457;DAC_REF.P1.17;DAC_REF.P4.17;;41.066
[2026-08-13 17:07:51,588] [SUBPROCESS]    R2458;DAC_REF.P10.17;DAC_REF.P11.17;;41.066
[2026-08-13 17:07:51,588] [SUBPROCESS]    R2459;DAC_REF.P10.17;DAC_REF.P9.17;;41.066
[2026-08-13 17:07:51,589] [SUBPROCESS]    R2460;DAC_REF.P11.17;DAC_REF.P12.17;;41.066
[2026-08-13 17:07:51,589] [SUBPROCESS]    R2461;DAC_REF.P12.17;DAC_REF.P13.17;;41.066
[2026-08-13 17:07:51,590] [SUBPROCESS]    R2462;DAC_REF.P14.17;DAC_REF.P15.17;;41.066
[2026-08-13 17:07:51,590] [SUBPROCESS]    R2463;DAC_REF.P15.17;DAC_REF.P38.17;;41.066
[2026-08-13 17:07:51,590] [SUBPROCESS]    R2464;DAC_REF.P16.17;DAC_REF.P17.17;;41.066
[2026-08-13 17:07:51,591] [SUBPROCESS]    R2465;DAC_REF.P16.17;DAC_REF.P40.17;;41.066
[2026-08-13 17:07:51,591] [SUBPROCESS]    R2466;DAC_REF.P18.17;DAC_REF.P41.17;;41.066
[2026-08-13 17:07:51,592] [SUBPROCESS]    R2467;DAC_REF.P19.17;DAC_REF.P45.17;;41.066
[2026-08-13 17:07:51,592] [SUBPROCESS]    R2468;DAC_REF.P2.17;DAC_REF.P23.17;;41.066
[2026-08-13 17:07:51,593] [SUBPROCESS]    R2469;DAC_REF.P2.17;DAC_REF.P5.17;;41.066
[2026-08-13 17:07:51,593] [SUBPROCESS]    R2470;DAC_REF.P20.17;DAC_REF.P46.17;;41.066
[2026-08-13 17:07:51,594] [SUBPROCESS]    R2471;DAC_REF.P21.17;DAC_REF.P49.17;;41.066
[2026-08-13 17:07:51,594] [SUBPROCESS]    R2472;DAC_REF.P24.17;DAC_REF.P51.17;;41.066
[2026-08-13 17:07:51,594] [SUBPROCESS]    R2473;DAC_REF.P25.17;DAC_REF.P54.17;;41.066
[2026-08-13 17:07:51,595] [SUBPROCESS]    R2474;DAC_REF.P26.17;DAC_REF.P55.17;;41.066
[2026-08-13 17:07:51,595] [SUBPROCESS]    R2475;DAC_REF.P27.17;DAC_REF.P59.17;;41.066
[2026-08-13 17:07:51,596] [SUBPROCESS]    R2476;DAC_REF.P28.17;DAC_REF.P29.17;;41.066
[2026-08-13 17:07:51,596] [SUBPROCESS]    R2477;DAC_REF.P29.17;DAC_REF.P60.17;;41.066
[2026-08-13 17:07:51,597] [SUBPROCESS]    R2478;DAC_REF.P3.17;DAC_REF.P52.17;;41.066
[2026-08-13 17:07:51,597] [SUBPROCESS]    R2479;DAC_REF.P3.17;DAC_REF.P53.17;;41.066
[2026-08-13 17:07:51,597] [SUBPROCESS]    R2480;DAC_REF.P30.17;DAC_REF.P31.17;;41.066
[2026-08-13 17:07:51,598] [SUBPROCESS]    R2481;DAC_REF.P30.17;DAC_REF.P62.17;;41.066
[2026-08-13 17:07:51,598] [SUBPROCESS]    R2482;DAC_REF.P32.17;DAC_REF.P33.17;;41.066
[2026-08-13 17:07:51,599] [SUBPROCESS]    R2483;DAC_REF.P33.17;DAC_REF.P34.17;;41.066
[2026-08-13 17:07:51,599] [SUBPROCESS]    R2484;DAC_REF.P34.17;DAC_REF.P35.17;;41.066
[2026-08-13 17:07:51,600] [SUBPROCESS]    R2485;DAC_REF.P35.17;DAC_REF.P36.17;;41.066
[2026-08-13 17:07:51,600] [SUBPROCESS]    R2486;DAC_REF.P36.17;DAC_REF.P37.17;;41.066
[2026-08-13 17:07:51,600] [SUBPROCESS]    R2487;DAC_REF.P37.17;DAC_REF.P6.17;;41.066
[2026-08-13 17:07:51,601] [SUBPROCESS]    R2488;DAC_REF.P38.17;DAC_REF.P39.17;;41.066
[2026-08-13 17:07:51,601] [SUBPROCESS]    R2489;DAC_REF.P39.17;DAC_REF.P40.17;;41.066
[2026-08-13 17:07:51,602] [SUBPROCESS]    R2490;DAC_REF.P4.17;DAC_REF.P50.17;;41.066
[2026-08-13 17:07:51,603] [SUBPROCESS]    R2491;DAC_REF.P41.17;DAC_REF.P42.17;;41.066
[2026-08-13 17:07:51,604] [SUBPROCESS]    R2492;DAC_REF.P42.17;DAC_REF.P43.17;;41.066
[2026-08-13 17:07:51,604] [SUBPROCESS]    R2493;DAC_REF.P43.17;DAC_REF.P44.17;;41.066
[2026-08-13 17:07:51,605] [SUBPROCESS]    R2494;DAC_REF.P44.17;DAC_REF.P45.17;;41.066
[2026-08-13 17:07:51,606] [SUBPROCESS]    R2495;DAC_REF.P46.17;DAC_REF.P47.17;;41.066
[2026-08-13 17:07:51,606] [SUBPROCESS]    R2496;DAC_REF.P48.17;DAC_REF.P49.17;;41.066
[2026-08-13 17:07:51,607] [SUBPROCESS]    R2497;DAC_REF.P5.17;DAC_REF.P50.17;;41.066
[2026-08-13 17:07:51,608] [SUBPROCESS]    R2498;DAC_REF.P51.17;DAC_REF.P52.17;;41.066
[2026-08-13 17:07:51,608] [SUBPROCESS]    R2499;DAC_REF.P53.17;DAC_REF.P54.17;;41.066
[2026-08-13 17:07:51,609] [SUBPROCESS]    R2500;DAC_REF.P55.17;DAC_REF.P56.17;;41.066
[2026-08-13 17:07:51,609] [SUBPROCESS]    R2501;DAC_REF.P56.17;DAC_REF.P57.17;;41.066
[2026-08-13 17:07:51,609] [SUBPROCESS]    R2502;DAC_REF.P57.17;DAC_REF.P58.17;;41.066
[2026-08-13 17:07:51,610] [SUBPROCESS]    R2503;DAC_REF.P58.17;DAC_REF.P59.17;;41.066
[2026-08-13 17:07:51,610] [SUBPROCESS]    R2504;DAC_REF.P60.17;DAC_REF.P61.17;;41.066
[2026-08-13 17:07:51,611] [SUBPROCESS]    R2505;DAC_REF.P61.17;DAC_REF.P62.17;;41.066
[2026-08-13 17:07:51,611] [SUBPROCESS]    R2506;DAC_REF.P7.17;DAC_REF.P8.17;;41.066
[2026-08-13 17:07:51,612] [SUBPROCESS]    R2507;DAC_REF.P8.17;DAC_REF.P9.17;;41.066
[2026-08-13 17:07:51,612] [SUBPROCESS]    R2508;I_DAC;I_DAC.$143.26;;0.169
[2026-08-13 17:07:51,613] [SUBPROCESS]    R2509;I_DAC.$0.15;I_DAC.$1.18;;585.0
[2026-08-13 17:07:51,613] [SUBPROCESS]    R2510;I_DAC.$0.15;I_DAC.P1.15;;0.0
[2026-08-13 17:07:51,613] [SUBPROCESS]    R2511;I_DAC.$1.18;I_DAC.$66.18;;0.0
[2026-08-13 17:07:51,614] [SUBPROCESS]    R2512;I_DAC.$10.15;I_DAC.$11.18;;585.0
[2026-08-13 17:07:51,614] [SUBPROCESS]    R2513;I_DAC.$10.15;I_DAC.P8.15;;0.0
[2026-08-13 17:07:51,615] [SUBPROCESS]    R2514;I_DAC.$100.18;I_DAC.$101.25;;9.3
[2026-08-13 17:07:51,615] [SUBPROCESS]    R2515;I_DAC.$100.18;I_DAC.$35.18;;0.0
[2026-08-13 17:07:51,616] [SUBPROCESS]    R2516;I_DAC.$101.25;I_DAC.$103.25;;0.0
[2026-08-13 17:07:51,616] [SUBPROCESS]    R2517;I_DAC.$102.18;I_DAC.$103.25;;9.3
[2026-08-13 17:07:51,617] [SUBPROCESS]    R2518;I_DAC.$102.18;I_DAC.$37.18;;0.0
[2026-08-13 17:07:51,617] [SUBPROCESS]    R2519;I_DAC.$103.25;I_DAC.$109.25;;0.272
[2026-08-13 17:07:51,618] [SUBPROCESS]    R2520;I_DAC.$103.25;I_DAC.$95.25;;0.272
[2026-08-13 17:07:51,618] [SUBPROCESS]    R2521;I_DAC.$104.18;I_DAC.$105.25;;9.3
[2026-08-13 17:07:51,618] [SUBPROCESS]    R2522;I_DAC.$104.18;I_DAC.$39.18;;0.0
[2026-08-13 17:07:51,619] [SUBPROCESS]    R2523;I_DAC.$105.25;I_DAC.$107.25;;0.0
[2026-08-13 17:07:51,620] [SUBPROCESS]    R2524;I_DAC.$105.25;I_DAC.$113.25;;0.272
[2026-08-13 17:07:51,620] [SUBPROCESS]    R2525;I_DAC.$105.25;I_DAC.$97.25;;0.272
[2026-08-13 17:07:51,621] [SUBPROCESS]    R2526;I_DAC.$106.18;I_DAC.$107.25;;9.3
[2026-08-13 17:07:51,621] [SUBPROCESS]    R2527;I_DAC.$106.18;I_DAC.$41.18;;0.0
[2026-08-13 17:07:51,622] [SUBPROCESS]    R2528;I_DAC.$108.18;I_DAC.$109.25;;9.3
[2026-08-13 17:07:51,622] [SUBPROCESS]    R2529;I_DAC.$108.18;I_DAC.$43.18;;0.0
[2026-08-13 17:07:51,623] [SUBPROCESS]    R2530;I_DAC.$109.25;I_DAC.$111.25;;0.0
[2026-08-13 17:07:51,623] [SUBPROCESS]    R2531;I_DAC.$109.25;I_DAC.$117.25;;0.272
[2026-08-13 17:07:51,624] [SUBPROCESS]    R2532;I_DAC.$11.18;I_DAC.$76.18;;0.0
[2026-08-13 17:07:51,624] [SUBPROCESS]    R2533;I_DAC.$110.18;I_DAC.$111.25;;9.3
[2026-08-13 17:07:51,624] [SUBPROCESS]    R2534;I_DAC.$110.18;I_DAC.$45.18;;0.0
[2026-08-13 17:07:51,625] [SUBPROCESS]    R2535;I_DAC.$112.18;I_DAC.$113.25;;9.3
[2026-08-13 17:07:51,625] [SUBPROCESS]    R2536;I_DAC.$112.18;I_DAC.$47.18;;0.0
[2026-08-13 17:07:51,626] [SUBPROCESS]    R2537;I_DAC.$113.25;I_DAC.$115.25;;0.0
[2026-08-13 17:07:51,626] [SUBPROCESS]    R2538;I_DAC.$113.25;I_DAC.$123.25;;0.272
[2026-08-13 17:07:51,627] [SUBPROCESS]    R2539;I_DAC.$114.18;I_DAC.$115.25;;9.3
[2026-08-13 17:07:51,627] [SUBPROCESS]    R2540;I_DAC.$114.18;I_DAC.$49.18;;0.0
[2026-08-13 17:07:51,627] [SUBPROCESS]    R2541;I_DAC.$116.18;I_DAC.$117.25;;9.3
[2026-08-13 17:07:51,628] [SUBPROCESS]    R2542;I_DAC.$116.18;I_DAC.$51.18;;0.0
[2026-08-13 17:07:51,628] [SUBPROCESS]    R2543;I_DAC.$117.25;I_DAC.$119.25;;0.0
[2026-08-13 17:07:51,629] [SUBPROCESS]    R2544;I_DAC.$117.25;I_DAC.$127.25;;0.272
[2026-08-13 17:07:51,629] [SUBPROCESS]    R2545;I_DAC.$118.18;I_DAC.$119.25;;9.3
[2026-08-13 17:07:51,630] [SUBPROCESS]    R2546;I_DAC.$118.18;I_DAC.$53.18;;0.0
[2026-08-13 17:07:51,630] [SUBPROCESS]    R2547;I_DAC.$12.15;I_DAC.$13.18;;585.0
[2026-08-13 17:07:51,630] [SUBPROCESS]    R2548;I_DAC.$12.15;I_DAC.P24.15;;0.0
[2026-08-13 17:07:51,631] [SUBPROCESS]    R2549;I_DAC.$120.18;I_DAC.$121.25;;9.3
[2026-08-13 17:07:51,631] [SUBPROCESS]    R2550;I_DAC.$120.18;I_DAC.$55.18;;0.0
[2026-08-13 17:07:51,632] [SUBPROCESS]    R2551;I_DAC.$121.25;I_DAC.$123.25;;0.0
[2026-08-13 17:07:51,632] [SUBPROCESS]    R2552;I_DAC.$122.18;I_DAC.$123.25;;9.3
[2026-08-13 17:07:51,633] [SUBPROCESS]    R2553;I_DAC.$122.18;I_DAC.$57.18;;0.0
[2026-08-13 17:07:51,633] [SUBPROCESS]    R2554;I_DAC.$123.25;I_DAC.$129.25;;0.272
[2026-08-13 17:07:51,633] [SUBPROCESS]    R2555;I_DAC.$124.18;I_DAC.$125.25;;9.3
[2026-08-13 17:07:51,634] [SUBPROCESS]    R2556;I_DAC.$124.18;I_DAC.$59.18;;0.0
[2026-08-13 17:07:51,634] [SUBPROCESS]    R2557;I_DAC.$125.25;I_DAC.$127.25;;0.0
[2026-08-13 17:07:51,635] [SUBPROCESS]    R2558;I_DAC.$126.18;I_DAC.$127.25;;9.3
[2026-08-13 17:07:51,635] [SUBPROCESS]    R2559;I_DAC.$126.18;I_DAC.$61.18;;0.0
[2026-08-13 17:07:51,635] [SUBPROCESS]    R2560;I_DAC.$128.18;I_DAC.$129.25;;9.3
[2026-08-13 17:07:51,636] [SUBPROCESS]    R2561;I_DAC.$128.18;I_DAC.$63.18;;0.0
[2026-08-13 17:07:51,637] [SUBPROCESS]    R2562;I_DAC.$129.25;I_DAC.$131.25;;0.0
[2026-08-13 17:07:51,637] [SUBPROCESS]    R2563;I_DAC.$13.18;I_DAC.$78.18;;0.0
[2026-08-13 17:07:51,638] [SUBPROCESS]    R2564;I_DAC.$130.18;I_DAC.$131.25;;9.3
[2026-08-13 17:07:51,638] [SUBPROCESS]    R2565;I_DAC.$130.18;I_DAC.$65.18;;0.0
[2026-08-13 17:07:51,639] [SUBPROCESS]    R2566;I_DAC.$132.25;I_DAC.$133.26;;4.5
[2026-08-13 17:07:51,639] [SUBPROCESS]    R2567;I_DAC.$132.25;I_DAC.$144.25;;0.0
[2026-08-13 17:07:51,640] [SUBPROCESS]    R2568;I_DAC.$132.25;I_DAC.$67.25;;0.988
[2026-08-13 17:07:51,640] [SUBPROCESS]    R2569;I_DAC.$133.26;I_DAC.$135.26;;0.0
[2026-08-13 17:07:51,641] [SUBPROCESS]    R2570;I_DAC.$133.26;I_DAC.$155.26;;0.01
[2026-08-13 17:07:51,641] [SUBPROCESS]    R2571;I_DAC.$134.25;I_DAC.$135.26;;4.5
[2026-08-13 17:07:51,642] [SUBPROCESS]    R2572;I_DAC.$134.25;I_DAC.$146.25;;0.0
[2026-08-13 17:07:51,642] [SUBPROCESS]    R2573;I_DAC.$134.25;I_DAC.$156.25;;0.04
[2026-08-13 17:07:51,643] [SUBPROCESS]    R2574;I_DAC.$135.26;I_DAC.$137.26;;0.0
[2026-08-13 17:07:51,643] [SUBPROCESS]    R2575;I_DAC.$136.25;I_DAC.$137.26;;4.5
[2026-08-13 17:07:51,644] [SUBPROCESS]    R2576;I_DAC.$136.25;I_DAC.$148.25;;0.0
[2026-08-13 17:07:51,645] [SUBPROCESS]    R2577;I_DAC.$136.25;I_DAC.$168.25;;0.039
[2026-08-13 17:07:51,645] [SUBPROCESS]    R2578;I_DAC.$137.26;I_DAC.$139.26;;0.0
[2026-08-13 17:07:51,646] [SUBPROCESS]    R2579;I_DAC.$138.25;I_DAC.$139.26;;4.5
[2026-08-13 17:07:51,646] [SUBPROCESS]    R2580;I_DAC.$138.25;I_DAC.$150.25;;0.0
[2026-08-13 17:07:51,647] [SUBPROCESS]    R2581;I_DAC.$139.26;I_DAC.$141.26;;0.0
[2026-08-13 17:07:51,648] [SUBPROCESS]    R2582;I_DAC.$14.15;I_DAC.$15.18;;585.0
[2026-08-13 17:07:51,648] [SUBPROCESS]    R2583;I_DAC.$14.15;I_DAC.P15.15;;0.0
[2026-08-13 17:07:51,648] [SUBPROCESS]    R2584;I_DAC.$140.25;I_DAC.$141.26;;4.5
[2026-08-13 17:07:51,649] [SUBPROCESS]    R2585;I_DAC.$140.25;I_DAC.$152.25;;0.0
[2026-08-13 17:07:51,649] [SUBPROCESS]    R2586;I_DAC.$140.25;I_DAC.$169.25;;0.001
[2026-08-13 17:07:51,650] [SUBPROCESS]    R2587;I_DAC.$141.26;I_DAC.$143.26;;0.0
[2026-08-13 17:07:51,650] [SUBPROCESS]    R2588;I_DAC.$142.25;I_DAC.$143.26;;4.5
[2026-08-13 17:07:51,650] [SUBPROCESS]    R2589;I_DAC.$142.25;I_DAC.$154.25;;0.0
[2026-08-13 17:07:51,651] [SUBPROCESS]    R2590;I_DAC.$142.25;I_DAC.$164.25;;0.04
[2026-08-13 17:07:51,651] [SUBPROCESS]    R2591;I_DAC.$144.25;I_DAC.$145.26;;4.5
[2026-08-13 17:07:51,652] [SUBPROCESS]    R2592;I_DAC.$144.25;I_DAC.$156.25;;0.0
[2026-08-13 17:07:51,652] [SUBPROCESS]    R2593;I_DAC.$145.26;I_DAC.$147.26;;0.0
[2026-08-13 17:07:51,653] [SUBPROCESS]    R2594;I_DAC.$145.26;I_DAC.$167.26;;0.01
[2026-08-13 17:07:51,653] [SUBPROCESS]    R2595;I_DAC.$146.25;I_DAC.$147.26;;4.5
[2026-08-13 17:07:51,654] [SUBPROCESS]    R2596;I_DAC.$146.25;I_DAC.$158.25;;0.0
[2026-08-13 17:07:51,654] [SUBPROCESS]    R2597;I_DAC.$147.26;I_DAC.$149.26;;0.0
[2026-08-13 17:07:51,655] [SUBPROCESS]    R2598;I_DAC.$148.25;I_DAC.$149.26;;4.5
[2026-08-13 17:07:51,656] [SUBPROCESS]    R2599;I_DAC.$148.25;I_DAC.$160.25;;0.0
[2026-08-13 17:07:51,656] [SUBPROCESS]    R2600;I_DAC.$149.26;I_DAC.$151.26;;0.0
[2026-08-13 17:07:51,657] [SUBPROCESS]    R2601;I_DAC.$15.18;I_DAC.$80.18;;0.0
[2026-08-13 17:07:51,657] [SUBPROCESS]    R2602;I_DAC.$150.25;I_DAC.$151.26;;4.5
[2026-08-13 17:07:51,657] [SUBPROCESS]    R2603;I_DAC.$150.25;I_DAC.$162.25;;0.0
[2026-08-13 17:07:51,658] [SUBPROCESS]    R2604;I_DAC.$151.26;I_DAC.$153.26;;0.0
[2026-08-13 17:07:51,658] [SUBPROCESS]    R2605;I_DAC.$152.25;I_DAC.$153.26;;4.5
[2026-08-13 17:07:51,659] [SUBPROCESS]    R2606;I_DAC.$152.25;I_DAC.$164.25;;0.0
[2026-08-13 17:07:51,659] [SUBPROCESS]    R2607;I_DAC.$153.26;I_DAC.$155.26;;0.0
[2026-08-13 17:07:51,660] [SUBPROCESS]    R2608;I_DAC.$154.25;I_DAC.$155.26;;4.5
[2026-08-13 17:07:51,660] [SUBPROCESS]    R2609;I_DAC.$154.25;I_DAC.$166.25;;0.0
[2026-08-13 17:07:51,661] [SUBPROCESS]    R2610;I_DAC.$156.25;I_DAC.$157.26;;4.5
[2026-08-13 17:07:51,661] [SUBPROCESS]    R2611;I_DAC.$157.26;I_DAC.$159.26;;0.0
[2026-08-13 17:07:51,662] [SUBPROCESS]    R2612;I_DAC.$158.25;I_DAC.$159.26;;4.5
[2026-08-13 17:07:51,662] [SUBPROCESS]    R2613;I_DAC.$158.25;I_DAC.$168.25;;0.001
[2026-08-13 17:07:51,663] [SUBPROCESS]    R2614;I_DAC.$159.26;I_DAC.$161.26;;0.0
[2026-08-13 17:07:51,663] [SUBPROCESS]    R2615;I_DAC.$16.15;I_DAC.$17.18;;585.0
[2026-08-13 17:07:51,664] [SUBPROCESS]    R2616;I_DAC.$16.15;I_DAC.P32.15;;0.0
[2026-08-13 17:07:51,664] [SUBPROCESS]    R2617;I_DAC.$160.25;I_DAC.$161.26;;4.5
[2026-08-13 17:07:51,665] [SUBPROCESS]    R2618;I_DAC.$161.26;I_DAC.$163.26;;0.0
[2026-08-13 17:07:51,665] [SUBPROCESS]    R2619;I_DAC.$162.25;I_DAC.$163.26;;4.5
[2026-08-13 17:07:51,666] [SUBPROCESS]    R2620;I_DAC.$162.25;I_DAC.$169.25;;0.039
[2026-08-13 17:07:51,666] [SUBPROCESS]    R2621;I_DAC.$163.26;I_DAC.$165.26;;0.0
[2026-08-13 17:07:51,666] [SUBPROCESS]    R2622;I_DAC.$164.25;I_DAC.$165.26;;4.5
[2026-08-13 17:07:51,667] [SUBPROCESS]    R2623;I_DAC.$165.26;I_DAC.$167.26;;0.0
[2026-08-13 17:07:51,667] [SUBPROCESS]    R2624;I_DAC.$166.25;I_DAC.$167.26;;4.5
[2026-08-13 17:07:51,668] [SUBPROCESS]    R2625;I_DAC.$168.25;I_DAC.$71.25;;0.168
[2026-08-13 17:07:51,669] [SUBPROCESS]    R2626;I_DAC.$169.25;I_DAC.$75.25;;0.168
[2026-08-13 17:07:51,669] [SUBPROCESS]    R2627;I_DAC.$17.18;I_DAC.$82.18;;0.0
[2026-08-13 17:07:51,670] [SUBPROCESS]    R2628;I_DAC.$18.15;I_DAC.$19.18;;585.0
[2026-08-13 17:07:51,670] [SUBPROCESS]    R2629;I_DAC.$18.15;I_DAC.P7.15;;0.0
[2026-08-13 17:07:51,671] [SUBPROCESS]    R2630;I_DAC.$19.18;I_DAC.$84.18;;0.0
[2026-08-13 17:07:51,671] [SUBPROCESS]    R2631;I_DAC.$2.15;I_DAC.$3.18;;585.0
[2026-08-13 17:07:51,672] [SUBPROCESS]    R2632;I_DAC.$2.15;I_DAC.P0.15;;0.0
[2026-08-13 17:07:51,672] [SUBPROCESS]    R2633;I_DAC.$20.15;I_DAC.$21.18;;585.0
[2026-08-13 17:07:51,673] [SUBPROCESS]    R2634;I_DAC.$20.15;I_DAC.P23.15;;0.0
[2026-08-13 17:07:51,673] [SUBPROCESS]    R2635;I_DAC.$21.18;I_DAC.$86.18;;0.0
[2026-08-13 17:07:51,674] [SUBPROCESS]    R2636;I_DAC.$22.15;I_DAC.$23.18;;585.0
[2026-08-13 17:07:51,674] [SUBPROCESS]    R2637;I_DAC.$22.15;I_DAC.P14.15;;0.0
[2026-08-13 17:07:51,674] [SUBPROCESS]    R2638;I_DAC.$23.18;I_DAC.$88.18;;0.0
[2026-08-13 17:07:51,675] [SUBPROCESS]    R2639;I_DAC.$24.15;I_DAC.$25.18;;585.0
[2026-08-13 17:07:51,675] [SUBPROCESS]    R2640;I_DAC.$24.15;I_DAC.P31.15;;0.0
[2026-08-13 17:07:51,676] [SUBPROCESS]    R2641;I_DAC.$25.18;I_DAC.$90.18;;0.0
[2026-08-13 17:07:51,676] [SUBPROCESS]    R2642;I_DAC.$26.15;I_DAC.$27.18;;585.0
[2026-08-13 17:07:51,677] [SUBPROCESS]    R2643;I_DAC.$26.15;I_DAC.P6.15;;0.0
[2026-08-13 17:07:51,677] [SUBPROCESS]    R2644;I_DAC.$27.18;I_DAC.$92.18;;0.0
[2026-08-13 17:07:51,678] [SUBPROCESS]    R2645;I_DAC.$28.15;I_DAC.$29.18;;585.0
[2026-08-13 17:07:51,678] [SUBPROCESS]    R2646;I_DAC.$28.15;I_DAC.P22.15;;0.0
[2026-08-13 17:07:51,679] [SUBPROCESS]    R2647;I_DAC.$29.18;I_DAC.$94.18;;0.0
[2026-08-13 17:07:51,679] [SUBPROCESS]    R2648;I_DAC.$3.18;I_DAC.$68.18;;0.0
[2026-08-13 17:07:51,680] [SUBPROCESS]    R2649;I_DAC.$30.15;I_DAC.$31.18;;585.0
[2026-08-13 17:07:51,680] [SUBPROCESS]    R2650;I_DAC.$30.15;I_DAC.P13.15;;0.0
[2026-08-13 17:07:51,681] [SUBPROCESS]    R2651;I_DAC.$31.18;I_DAC.$96.18;;0.0
[2026-08-13 17:07:51,681] [SUBPROCESS]    R2652;I_DAC.$32.15;I_DAC.$33.18;;585.0
[2026-08-13 17:07:51,681] [SUBPROCESS]    R2653;I_DAC.$32.15;I_DAC.P30.15;;0.0
[2026-08-13 17:07:51,682] [SUBPROCESS]    R2654;I_DAC.$33.18;I_DAC.$98.18;;0.0
[2026-08-13 17:07:51,682] [SUBPROCESS]    R2655;I_DAC.$34.15;I_DAC.$35.18;;585.0
[2026-08-13 17:07:51,683] [SUBPROCESS]    R2656;I_DAC.$34.15;I_DAC.P5.15;;0.0
[2026-08-13 17:07:51,683] [SUBPROCESS]    R2657;I_DAC.$36.15;I_DAC.$37.18;;585.0
[2026-08-13 17:07:51,684] [SUBPROCESS]    R2658;I_DAC.$36.15;I_DAC.P21.15;;0.0
[2026-08-13 17:07:51,684] [SUBPROCESS]    R2659;I_DAC.$38.15;I_DAC.$39.18;;585.0
[2026-08-13 17:07:51,685] [SUBPROCESS]    R2660;I_DAC.$38.15;I_DAC.P12.15;;0.0
[2026-08-13 17:07:51,685] [SUBPROCESS]    R2661;I_DAC.$4.15;I_DAC.$5.18;;585.0
[2026-08-13 17:07:51,686] [SUBPROCESS]    R2662;I_DAC.$4.15;I_DAC.P25.15;;0.0
[2026-08-13 17:07:51,686] [SUBPROCESS]    R2663;I_DAC.$40.15;I_DAC.$41.18;;585.0
[2026-08-13 17:07:51,687] [SUBPROCESS]    R2664;I_DAC.$40.15;I_DAC.P29.15;;0.0
[2026-08-13 17:07:51,688] [SUBPROCESS]    R2665;I_DAC.$42.15;I_DAC.$43.18;;585.0
[2026-08-13 17:07:51,688] [SUBPROCESS]    R2666;I_DAC.$42.15;I_DAC.P4.15;;0.0
[2026-08-13 17:07:51,689] [SUBPROCESS]    R2667;I_DAC.$44.15;I_DAC.$45.18;;585.0
[2026-08-13 17:07:51,689] [SUBPROCESS]    R2668;I_DAC.$44.15;I_DAC.P20.15;;0.0
[2026-08-13 17:07:51,690] [SUBPROCESS]    R2669;I_DAC.$46.15;I_DAC.$47.18;;585.0
[2026-08-13 17:07:51,690] [SUBPROCESS]    R2670;I_DAC.$46.15;I_DAC.P11.15;;0.0
[2026-08-13 17:07:51,691] [SUBPROCESS]    R2671;I_DAC.$48.15;I_DAC.$49.18;;585.0
[2026-08-13 17:07:51,691] [SUBPROCESS]    R2672;I_DAC.$48.15;I_DAC.P28.15;;0.0
[2026-08-13 17:07:51,691] [SUBPROCESS]    R2673;I_DAC.$5.18;I_DAC.$70.18;;0.0
[2026-08-13 17:07:51,692] [SUBPROCESS]    R2674;I_DAC.$50.15;I_DAC.$51.18;;585.0
[2026-08-13 17:07:51,692] [SUBPROCESS]    R2675;I_DAC.$50.15;I_DAC.P3.15;;0.0
[2026-08-13 17:07:51,693] [SUBPROCESS]    R2676;I_DAC.$52.15;I_DAC.$53.18;;585.0
[2026-08-13 17:07:51,693] [SUBPROCESS]    R2677;I_DAC.$52.15;I_DAC.P19.15;;0.0
[2026-08-13 17:07:51,694] [SUBPROCESS]    R2678;I_DAC.$54.15;I_DAC.$55.18;;585.0
[2026-08-13 17:07:51,694] [SUBPROCESS]    R2679;I_DAC.$54.15;I_DAC.P10.15;;0.0
[2026-08-13 17:07:51,694] [SUBPROCESS]    R2680;I_DAC.$56.15;I_DAC.$57.18;;585.0
[2026-08-13 17:07:51,695] [SUBPROCESS]    R2681;I_DAC.$56.15;I_DAC.P27.15;;0.0
[2026-08-13 17:07:51,695] [SUBPROCESS]    R2682;I_DAC.$58.15;I_DAC.$59.18;;585.0
[2026-08-13 17:07:51,696] [SUBPROCESS]    R2683;I_DAC.$58.15;I_DAC.P2.15;;0.0
[2026-08-13 17:07:51,696] [SUBPROCESS]    R2684;I_DAC.$6.15;I_DAC.$7.18;;585.0
[2026-08-13 17:07:51,697] [SUBPROCESS]    R2685;I_DAC.$6.15;I_DAC.P16.15;;0.0
[2026-08-13 17:07:51,697] [SUBPROCESS]    R2686;I_DAC.$60.15;I_DAC.$61.18;;585.0
[2026-08-13 17:07:51,697] [SUBPROCESS]    R2687;I_DAC.$60.15;I_DAC.P18.15;;0.0
[2026-08-13 17:07:51,698] [SUBPROCESS]    R2688;I_DAC.$62.15;I_DAC.$63.18;;585.0
[2026-08-13 17:07:51,698] [SUBPROCESS]    R2689;I_DAC.$62.15;I_DAC.P9.15;;0.0
[2026-08-13 17:07:51,699] [SUBPROCESS]    R2690;I_DAC.$64.15;I_DAC.$65.18;;585.0
[2026-08-13 17:07:51,699] [SUBPROCESS]    R2691;I_DAC.$64.15;I_DAC.P26.15;;0.0
[2026-08-13 17:07:51,700] [SUBPROCESS]    R2692;I_DAC.$66.18;I_DAC.$67.25;;9.3
[2026-08-13 17:07:51,700] [SUBPROCESS]    R2693;I_DAC.$68.18;I_DAC.$69.25;;9.3
[2026-08-13 17:07:51,700] [SUBPROCESS]    R2694;I_DAC.$69.25;I_DAC.$71.25;;0.0
[2026-08-13 17:07:51,701] [SUBPROCESS]    R2695;I_DAC.$7.18;I_DAC.$72.18;;0.0
[2026-08-13 17:07:51,701] [SUBPROCESS]    R2696;I_DAC.$70.18;I_DAC.$71.25;;9.3
[2026-08-13 17:07:51,702] [SUBPROCESS]    R2697;I_DAC.$71.25;I_DAC.$79.25;;0.272
[2026-08-13 17:07:51,702] [SUBPROCESS]    R2698;I_DAC.$72.18;I_DAC.$73.25;;9.3
[2026-08-13 17:07:51,703] [SUBPROCESS]    R2699;I_DAC.$73.25;I_DAC.$75.25;;0.0
[2026-08-13 17:07:51,703] [SUBPROCESS]    R2700;I_DAC.$74.18;I_DAC.$75.25;;9.3
[2026-08-13 17:07:51,704] [SUBPROCESS]    R2701;I_DAC.$74.18;I_DAC.$9.18;;0.0
[2026-08-13 17:07:51,705] [SUBPROCESS]    R2702;I_DAC.$75.25;I_DAC.$83.25;;0.272
[2026-08-13 17:07:51,705] [SUBPROCESS]    R2703;I_DAC.$76.18;I_DAC.$77.25;;9.3
[2026-08-13 17:07:51,706] [SUBPROCESS]    R2704;I_DAC.$77.25;I_DAC.$79.25;;0.0
[2026-08-13 17:07:51,706] [SUBPROCESS]    R2705;I_DAC.$78.18;I_DAC.$79.25;;9.3
[2026-08-13 17:07:51,707] [SUBPROCESS]    R2706;I_DAC.$79.25;I_DAC.$87.25;;0.272
[2026-08-13 17:07:51,707] [SUBPROCESS]    R2707;I_DAC.$8.15;I_DAC.$9.18;;585.0
[2026-08-13 17:07:51,707] [SUBPROCESS]    R2708;I_DAC.$8.15;I_DAC.P17.15;;0.0
[2026-08-13 17:07:51,708] [SUBPROCESS]    R2709;I_DAC.$80.18;I_DAC.$81.25;;9.3
[2026-08-13 17:07:51,708] [SUBPROCESS]    R2710;I_DAC.$81.25;I_DAC.$83.25;;0.0
[2026-08-13 17:07:51,709] [SUBPROCESS]    R2711;I_DAC.$82.18;I_DAC.$83.25;;9.3
[2026-08-13 17:07:51,709] [SUBPROCESS]    R2712;I_DAC.$83.25;I_DAC.$89.25;;0.272
[2026-08-13 17:07:51,710] [SUBPROCESS]    R2713;I_DAC.$84.18;I_DAC.$85.25;;9.3
[2026-08-13 17:07:51,710] [SUBPROCESS]    R2714;I_DAC.$85.25;I_DAC.$87.25;;0.0
[2026-08-13 17:07:51,711] [SUBPROCESS]    R2715;I_DAC.$86.18;I_DAC.$87.25;;9.3
[2026-08-13 17:07:51,711] [SUBPROCESS]    R2716;I_DAC.$87.25;I_DAC.$95.25;;0.272
[2026-08-13 17:07:51,712] [SUBPROCESS]    R2717;I_DAC.$88.18;I_DAC.$89.25;;9.3
[2026-08-13 17:07:51,713] [SUBPROCESS]    R2718;I_DAC.$89.25;I_DAC.$91.25;;0.0
[2026-08-13 17:07:51,713] [SUBPROCESS]    R2719;I_DAC.$89.25;I_DAC.$97.25;;0.272
[2026-08-13 17:07:51,713] [SUBPROCESS]    R2720;I_DAC.$90.18;I_DAC.$91.25;;9.3
[2026-08-13 17:07:51,714] [SUBPROCESS]    R2721;I_DAC.$92.18;I_DAC.$93.25;;9.3
[2026-08-13 17:07:51,714] [SUBPROCESS]    R2722;I_DAC.$93.25;I_DAC.$95.25;;0.0
[2026-08-13 17:07:51,715] [SUBPROCESS]    R2723;I_DAC.$94.18;I_DAC.$95.25;;9.3
[2026-08-13 17:07:51,715] [SUBPROCESS]    R2724;I_DAC.$96.18;I_DAC.$97.25;;9.3
[2026-08-13 17:07:51,716] [SUBPROCESS]    R2725;I_DAC.$97.25;I_DAC.$99.25;;0.0
[2026-08-13 17:07:51,716] [SUBPROCESS]    R2726;I_DAC.$98.18;I_DAC.$99.25;;9.3
[2026-08-13 17:07:51,717] [SUBPROCESS]    R2727;VDD;VDD.$2745.25;;0.004
[2026-08-13 17:07:51,717] [SUBPROCESS]    R2728;VDD;VDD.$2789.25;;2.01
[2026-08-13 17:07:51,718] [SUBPROCESS]    R2729;VDD.$0.15;VDD.$1.18;;585.0
[2026-08-13 17:07:51,718] [SUBPROCESS]    R2730;VDD.$0.15;VDD.$772.15;;0.0
[2026-08-13 17:07:51,719] [SUBPROCESS]    R2731;VDD.$0.15;VDD.P64.15;;0.0
[2026-08-13 17:07:51,719] [SUBPROCESS]    R2732;VDD.$1.18;VDD.$3288.18;;0.0
[2026-08-13 17:07:51,720] [SUBPROCESS]    R2733;VDD.$1.18;VDD.$3296.18;;27.106
[2026-08-13 17:07:51,721] [SUBPROCESS]    R2734;VDD.$10.15;VDD.$11.18;;585.0
[2026-08-13 17:07:51,721] [SUBPROCESS]    R2735;VDD.$10.15;VDD.$864.15;;0.0
[2026-08-13 17:07:51,722] [SUBPROCESS]    R2736;VDD.$10.15;VDD.P82.15;;0.0
[2026-08-13 17:07:51,722] [SUBPROCESS]    R2737;VDD.$100.15;VDD.$101.18;;585.0
[2026-08-13 17:07:51,723] [SUBPROCESS]    R2738;VDD.$100.15;VDD.$110.15;;0.0
[2026-08-13 17:07:51,723] [SUBPROCESS]    R2739;VDD.$1000.15;VDD.$1001.18;;585.0
[2026-08-13 17:07:51,724] [SUBPROCESS]    R2740;VDD.$1000.15;VDD.$988.15;;0.0
[2026-08-13 17:07:51,724] [SUBPROCESS]    R2741;VDD.$1001.18;VDD.$3244.18;;0.0
[2026-08-13 17:07:51,725] [SUBPROCESS]    R2742;VDD.$1002.15;VDD.$1003.18;;585.0
[2026-08-13 17:07:51,725] [SUBPROCESS]    R2743;VDD.$1002.15;VDD.$990.15;;0.0
[2026-08-13 17:07:51,726] [SUBPROCESS]    R2744;VDD.$1003.18;VDD.$3246.18;;0.0
[2026-08-13 17:07:51,726] [SUBPROCESS]    R2745;VDD.$1004.15;VDD.$1005.18;;585.0
[2026-08-13 17:07:51,727] [SUBPROCESS]    R2746;VDD.$1004.15;VDD.$992.15;;0.0
[2026-08-13 17:07:51,727] [SUBPROCESS]    R2747;VDD.$1005.18;VDD.$3206.18;;0.0
[2026-08-13 17:07:51,728] [SUBPROCESS]    R2748;VDD.$1006.15;VDD.$1007.18;;585.0
[2026-08-13 17:07:51,728] [SUBPROCESS]    R2749;VDD.$1006.15;VDD.$932.15;;0.0
[2026-08-13 17:07:51,729] [SUBPROCESS]    R2750;VDD.$1006.15;VDD.$970.15;;0.0
[2026-08-13 17:07:51,729] [SUBPROCESS]    R2751;VDD.$1007.18;VDD.$3178.18;;0.0
[2026-08-13 17:07:51,729] [SUBPROCESS]    R2752;VDD.$1007.18;VDD.$3182.18;;27.106
[2026-08-13 17:07:51,730] [SUBPROCESS]    R2753;VDD.$1008.15;VDD.$1009.18;;585.0
[2026-08-13 17:07:51,730] [SUBPROCESS]    R2754;VDD.$1008.15;VDD.$946.15;;0.0
[2026-08-13 17:07:51,731] [SUBPROCESS]    R2755;VDD.$1008.15;VDD.P65.15;;0.0
[2026-08-13 17:07:51,731] [SUBPROCESS]    R2756;VDD.$1009.18;VDD.$3282.18;;0.0
[2026-08-13 17:07:51,731] [SUBPROCESS]    R2757;VDD.$1009.18;VDD.$3290.18;;27.106
[2026-08-13 17:07:51,732] [SUBPROCESS]    R2758;VDD.$101.18;VDD.$1914.18;;0.0
[2026-08-13 17:07:51,732] [SUBPROCESS]    R2759;VDD.$101.18;VDD.$1918.18;;27.106
[2026-08-13 17:07:51,733] [SUBPROCESS]    R2760;VDD.$1010.15;VDD.$1011.18;;585.0
[2026-08-13 17:07:51,733] [SUBPROCESS]    R2761;VDD.$1010.15;VDD.$1022.15;;0.0
[2026-08-13 17:07:51,734] [SUBPROCESS]    R2762;VDD.$1011.18;VDD.$3256.18;;0.0
[2026-08-13 17:07:51,734] [SUBPROCESS]    R2763;VDD.$1011.18;VDD.$3264.18;;27.106
[2026-08-13 17:07:51,734] [SUBPROCESS]    R2764;VDD.$1012.15;VDD.$1013.18;;585.0
[2026-08-13 17:07:51,735] [SUBPROCESS]    R2765;VDD.$1012.15;VDD.$1024.15;;0.0
[2026-08-13 17:07:51,736] [SUBPROCESS]    R2766;VDD.$1013.18;VDD.$3258.18;;0.0
[2026-08-13 17:07:51,736] [SUBPROCESS]    R2767;VDD.$1013.18;VDD.$3266.18;;27.106
[2026-08-13 17:07:51,737] [SUBPROCESS]    R2768;VDD.$1014.15;VDD.$1015.18;;585.0
[2026-08-13 17:07:51,737] [SUBPROCESS]    R2769;VDD.$1014.15;VDD.$1026.15;;0.0
[2026-08-13 17:07:51,738] [SUBPROCESS]    R2770;VDD.$1015.18;VDD.$3260.18;;0.0
[2026-08-13 17:07:51,739] [SUBPROCESS]    R2771;VDD.$1015.18;VDD.$3268.18;;27.106
[2026-08-13 17:07:51,739] [SUBPROCESS]    R2772;VDD.$1016.15;VDD.$1017.18;;585.0
[2026-08-13 17:07:51,739] [SUBPROCESS]    R2773;VDD.$1016.15;VDD.$1028.15;;0.0
[2026-08-13 17:07:51,740] [SUBPROCESS]    R2774;VDD.$1017.18;VDD.$3210.18;;0.0
[2026-08-13 17:07:51,740] [SUBPROCESS]    R2775;VDD.$1017.18;VDD.$3214.18;;27.106
[2026-08-13 17:07:51,741] [SUBPROCESS]    R2776;VDD.$1018.15;VDD.$1019.18;;585.0
[2026-08-13 17:07:51,741] [SUBPROCESS]    R2777;VDD.$1018.15;VDD.$972.15;;0.0
[2026-08-13 17:07:51,741] [SUBPROCESS]    R2778;VDD.$1018.15;VDD.P93.15;;0.0
[2026-08-13 17:07:51,742] [SUBPROCESS]    R2779;VDD.$1019.18;VDD.$3284.18;;0.0
[2026-08-13 17:07:51,742] [SUBPROCESS]    R2780;VDD.$1019.18;VDD.$3292.18;;27.106
[2026-08-13 17:07:51,743] [SUBPROCESS]    R2781;VDD.$102.15;VDD.$103.18;;585.0
[2026-08-13 17:07:51,743] [SUBPROCESS]    R2782;VDD.$102.15;VDD.$112.15;;0.0
[2026-08-13 17:07:51,744] [SUBPROCESS]    R2783;VDD.$1020.15;VDD.$1021.18;;585.0
[2026-08-13 17:07:51,744] [SUBPROCESS]    R2784;VDD.$1020.15;VDD.$938.15;;0.0
[2026-08-13 17:07:51,745] [SUBPROCESS]    R2785;VDD.$1020.15;VDD.$984.15;;0.0
[2026-08-13 17:07:51,745] [SUBPROCESS]    R2786;VDD.$1021.18;VDD.$3414.18;;27.106
[2026-08-13 17:07:51,746] [SUBPROCESS]    R2787;VDD.$1021.18;VDD.$3432.18;;0.0
[2026-08-13 17:07:51,746] [SUBPROCESS]    R2788;VDD.$1022.15;VDD.$1023.18;;585.0
[2026-08-13 17:07:51,746] [SUBPROCESS]    R2789;VDD.$1022.15;VDD.$1034.15;;0.0
[2026-08-13 17:07:51,747] [SUBPROCESS]    R2790;VDD.$1023.18;VDD.$3264.18;;0.0
[2026-08-13 17:07:51,747] [SUBPROCESS]    R2791;VDD.$1023.18;VDD.$3272.18;;27.106
[2026-08-13 17:07:51,748] [SUBPROCESS]    R2792;VDD.$1024.15;VDD.$1025.18;;585.0
[2026-08-13 17:07:51,748] [SUBPROCESS]    R2793;VDD.$1024.15;VDD.$946.15;;0.0
[2026-08-13 17:07:51,749] [SUBPROCESS]    R2794;VDD.$1025.18;VDD.$3266.18;;0.0
[2026-08-13 17:07:51,749] [SUBPROCESS]    R2795;VDD.$1025.18;VDD.$3274.18;;27.106
[2026-08-13 17:07:51,749] [SUBPROCESS]    R2796;VDD.$1026.15;VDD.$1027.18;;585.0
[2026-08-13 17:07:51,750] [SUBPROCESS]    R2797;VDD.$1026.15;VDD.$972.15;;0.0
[2026-08-13 17:07:51,750] [SUBPROCESS]    R2798;VDD.$1027.18;VDD.$3268.18;;0.0
[2026-08-13 17:07:51,751] [SUBPROCESS]    R2799;VDD.$1027.18;VDD.$3276.18;;27.106
[2026-08-13 17:07:51,751] [SUBPROCESS]    R2800;VDD.$1028.15;VDD.$1029.18;;585.0
[2026-08-13 17:07:51,752] [SUBPROCESS]    R2801;VDD.$1028.15;VDD.$936.15;;0.0
[2026-08-13 17:07:51,752] [SUBPROCESS]    R2802;VDD.$1029.18;VDD.$3214.18;;0.0
[2026-08-13 17:07:51,752] [SUBPROCESS]    R2803;VDD.$1029.18;VDD.$3218.18;;27.106
[2026-08-13 17:07:51,753] [SUBPROCESS]    R2804;VDD.$103.18;VDD.$1926.18;;0.0
[2026-08-13 17:07:51,754] [SUBPROCESS]    R2805;VDD.$103.18;VDD.$1938.18;;27.106
[2026-08-13 17:07:51,754] [SUBPROCESS]    R2806;VDD.$1030.15;VDD.$1031.18;;585.0
[2026-08-13 17:07:51,754] [SUBPROCESS]    R2807;VDD.$1030.15;VDD.$940.15;;0.0
[2026-08-13 17:07:51,755] [SUBPROCESS]    R2808;VDD.$1030.15;VDD.$994.15;;0.0
[2026-08-13 17:07:51,756] [SUBPROCESS]    R2809;VDD.$1031.18;VDD.$3428.18;;27.106
[2026-08-13 17:07:51,756] [SUBPROCESS]    R2810;VDD.$1031.18;VDD.$3450.18;;0.0
[2026-08-13 17:07:51,756] [SUBPROCESS]    R2811;VDD.$1032.15;VDD.$1033.18;;585.0
[2026-08-13 17:07:51,757] [SUBPROCESS]    R2812;VDD.$1032.15;VDD.$942.15;;0.0
[2026-08-13 17:07:51,757] [SUBPROCESS]    R2813;VDD.$1032.15;VDD.$996.15;;0.0
[2026-08-13 17:07:51,758] [SUBPROCESS]    R2814;VDD.$1033.18;VDD.$3430.18;;27.106
[2026-08-13 17:07:51,758] [SUBPROCESS]    R2815;VDD.$1033.18;VDD.$3452.18;;0.0
[2026-08-13 17:07:51,758] [SUBPROCESS]    R2816;VDD.$1034.15;VDD.$1035.18;;585.0
[2026-08-13 17:07:51,759] [SUBPROCESS]    R2817;VDD.$1034.15;VDD.$982.15;;0.0
[2026-08-13 17:07:51,759] [SUBPROCESS]    R2818;VDD.$1035.18;VDD.$3272.18;;0.0
[2026-08-13 17:07:51,760] [SUBPROCESS]    R2819;VDD.$1035.18;VDD.$3280.18;;27.106
[2026-08-13 17:07:51,760] [SUBPROCESS]    R2820;VDD.$1036.15;VDD.$1037.18;;585.0
[2026-08-13 17:07:51,761] [SUBPROCESS]    R2821;VDD.$1036.15;VDD.$1046.15;;0.0
[2026-08-13 17:07:51,761] [SUBPROCESS]    R2822;VDD.$1036.15;VDD.$1196.15;;0.0
[2026-08-13 17:07:51,761] [SUBPROCESS]    R2823;VDD.$1037.18;VDD.$3668.18;;0.0
[2026-08-13 17:07:51,762] [SUBPROCESS]    R2824;VDD.$1037.18;VDD.$3674.18;;27.106
[2026-08-13 17:07:51,762] [SUBPROCESS]    R2825;VDD.$1038.15;VDD.$1039.18;;585.0
[2026-08-13 17:07:51,763] [SUBPROCESS]    R2826;VDD.$1038.15;VDD.$1048.15;;0.0
[2026-08-13 17:07:51,763] [SUBPROCESS]    R2827;VDD.$1038.15;VDD.$1198.15;;0.0
[2026-08-13 17:07:51,764] [SUBPROCESS]    R2828;VDD.$1039.18;VDD.$3584.18;;0.0
[2026-08-13 17:07:51,764] [SUBPROCESS]    R2829;VDD.$1039.18;VDD.$3592.18;;27.106
[2026-08-13 17:07:51,764] [SUBPROCESS]    R2830;VDD.$104.15;VDD.$105.18;;585.0
[2026-08-13 17:07:51,765] [SUBPROCESS]    R2831;VDD.$104.15;VDD.$114.15;;0.0
[2026-08-13 17:07:51,765] [SUBPROCESS]    R2832;VDD.$1040.15;VDD.$1041.18;;585.0
[2026-08-13 17:07:51,766] [SUBPROCESS]    R2833;VDD.$1040.15;VDD.$1050.15;;0.0
[2026-08-13 17:07:51,767] [SUBPROCESS]    R2834;VDD.$1040.15;VDD.$1200.15;;0.0
[2026-08-13 17:07:51,767] [SUBPROCESS]    R2835;VDD.$1041.18;VDD.$3586.18;;0.0
[2026-08-13 17:07:51,768] [SUBPROCESS]    R2836;VDD.$1041.18;VDD.$3594.18;;27.106
[2026-08-13 17:07:51,768] [SUBPROCESS]    R2837;VDD.$1042.15;VDD.$1043.18;;585.0
[2026-08-13 17:07:51,769] [SUBPROCESS]    R2838;VDD.$1042.15;VDD.$1052.15;;0.0
[2026-08-13 17:07:51,769] [SUBPROCESS]    R2839;VDD.$1042.15;VDD.$1202.15;;0.0
[2026-08-13 17:07:51,770] [SUBPROCESS]    R2840;VDD.$1043.18;VDD.$3588.18;;0.0
[2026-08-13 17:07:51,770] [SUBPROCESS]    R2841;VDD.$1043.18;VDD.$3596.18;;27.106
[2026-08-13 17:07:51,771] [SUBPROCESS]    R2842;VDD.$1044.15;VDD.$1045.18;;585.0
[2026-08-13 17:07:51,771] [SUBPROCESS]    R2843;VDD.$1044.15;VDD.$1054.15;;0.0
[2026-08-13 17:07:51,772] [SUBPROCESS]    R2844;VDD.$1044.15;VDD.$1204.15;;0.0
[2026-08-13 17:07:51,772] [SUBPROCESS]    R2845;VDD.$1045.18;VDD.$3672.18;;0.0
[2026-08-13 17:07:51,773] [SUBPROCESS]    R2846;VDD.$1045.18;VDD.$3678.18;;27.106
[2026-08-13 17:07:51,773] [SUBPROCESS]    R2847;VDD.$1046.15;VDD.$1047.18;;585.0
[2026-08-13 17:07:51,774] [SUBPROCESS]    R2848;VDD.$1046.15;VDD.$1056.15;;0.0
[2026-08-13 17:07:51,774] [SUBPROCESS]    R2849;VDD.$1047.18;VDD.$3674.18;;0.0
[2026-08-13 17:07:51,774] [SUBPROCESS]    R2850;VDD.$1047.18;VDD.$3680.18;;27.106
[2026-08-13 17:07:51,775] [SUBPROCESS]    R2851;VDD.$1048.15;VDD.$1049.18;;585.0
[2026-08-13 17:07:51,775] [SUBPROCESS]    R2852;VDD.$1048.15;VDD.$866.15;;0.0
[2026-08-13 17:07:51,776] [SUBPROCESS]    R2853;VDD.$1049.18;VDD.$3448.18;;27.106
[2026-08-13 17:07:51,776] [SUBPROCESS]    R2854;VDD.$1049.18;VDD.$3592.18;;0.0
[2026-08-13 17:07:51,777] [SUBPROCESS]    R2855;VDD.$105.18;VDD.$1928.18;;0.0
[2026-08-13 17:07:51,777] [SUBPROCESS]    R2856;VDD.$105.18;VDD.$1940.18;;27.106
[2026-08-13 17:07:51,777] [SUBPROCESS]    R2857;VDD.$1050.15;VDD.$1051.18;;585.0
[2026-08-13 17:07:51,778] [SUBPROCESS]    R2858;VDD.$1050.15;VDD.$868.15;;0.0
[2026-08-13 17:07:51,778] [SUBPROCESS]    R2859;VDD.$1051.18;VDD.$3388.18;;27.106
[2026-08-13 17:07:51,779] [SUBPROCESS]    R2860;VDD.$1051.18;VDD.$3594.18;;0.0
[2026-08-13 17:07:51,779] [SUBPROCESS]    R2861;VDD.$1052.15;VDD.$1053.18;;585.0
[2026-08-13 17:07:51,779] [SUBPROCESS]    R2862;VDD.$1052.15;VDD.$870.15;;0.0
[2026-08-13 17:07:51,780] [SUBPROCESS]    R2863;VDD.$1053.18;VDD.$3384.18;;27.106
[2026-08-13 17:07:51,780] [SUBPROCESS]    R2864;VDD.$1053.18;VDD.$3596.18;;0.0
[2026-08-13 17:07:51,781] [SUBPROCESS]    R2865;VDD.$1054.15;VDD.$1055.18;;585.0
[2026-08-13 17:07:51,781] [SUBPROCESS]    R2866;VDD.$1054.15;VDD.$872.15;;0.0
[2026-08-13 17:07:51,782] [SUBPROCESS]    R2867;VDD.$1055.18;VDD.$3168.18;;27.106
[2026-08-13 17:07:51,782] [SUBPROCESS]    R2868;VDD.$1055.18;VDD.$3678.18;;0.0
[2026-08-13 17:07:51,783] [SUBPROCESS]    R2869;VDD.$1056.15;VDD.$1057.18;;585.0
[2026-08-13 17:07:51,783] [SUBPROCESS]    R2870;VDD.$1056.15;VDD.$874.15;;0.0
[2026-08-13 17:07:51,784] [SUBPROCESS]    R2871;VDD.$1057.18;VDD.$3170.18;;27.106
[2026-08-13 17:07:51,784] [SUBPROCESS]    R2872;VDD.$1057.18;VDD.$3680.18;;0.0
[2026-08-13 17:07:51,785] [SUBPROCESS]    R2873;VDD.$1058.15;VDD.$1059.18;;585.0
[2026-08-13 17:07:51,785] [SUBPROCESS]    R2874;VDD.$1058.15;VDD.$1068.15;;0.0
[2026-08-13 17:07:51,785] [SUBPROCESS]    R2875;VDD.$1059.18;VDD.$3458.18;;0.0
[2026-08-13 17:07:51,786] [SUBPROCESS]    R2876;VDD.$1059.18;VDD.$3466.18;;27.106
[2026-08-13 17:07:51,787] [SUBPROCESS]    R2877;VDD.$106.15;VDD.$107.18;;585.0
[2026-08-13 17:07:51,787] [SUBPROCESS]    R2878;VDD.$106.15;VDD.$116.15;;0.0
[2026-08-13 17:07:51,788] [SUBPROCESS]    R2879;VDD.$1060.15;VDD.$1061.18;;585.0
[2026-08-13 17:07:51,788] [SUBPROCESS]    R2880;VDD.$1060.15;VDD.$1070.15;;0.0
[2026-08-13 17:07:51,789] [SUBPROCESS]    R2881;VDD.$1061.18;VDD.$3460.18;;0.0
[2026-08-13 17:07:51,789] [SUBPROCESS]    R2882;VDD.$1061.18;VDD.$3468.18;;27.106
[2026-08-13 17:07:51,790] [SUBPROCESS]    R2883;VDD.$1062.15;VDD.$1063.18;;585.0
[2026-08-13 17:07:51,790] [SUBPROCESS]    R2884;VDD.$1062.15;VDD.$1072.15;;0.0
[2026-08-13 17:07:51,790] [SUBPROCESS]    R2885;VDD.$1063.18;VDD.$3462.18;;0.0
[2026-08-13 17:07:51,791] [SUBPROCESS]    R2886;VDD.$1063.18;VDD.$3470.18;;27.106
[2026-08-13 17:07:51,791] [SUBPROCESS]    R2887;VDD.$1064.15;VDD.$1065.18;;585.0
[2026-08-13 17:07:51,792] [SUBPROCESS]    R2888;VDD.$1064.15;VDD.$1074.15;;0.0
[2026-08-13 17:07:51,792] [SUBPROCESS]    R2889;VDD.$1065.18;VDD.$3700.18;;0.0
[2026-08-13 17:07:51,793] [SUBPROCESS]    R2890;VDD.$1065.18;VDD.$3712.18;;27.106
[2026-08-13 17:07:51,793] [SUBPROCESS]    R2891;VDD.$1066.15;VDD.$1067.18;;585.0
[2026-08-13 17:07:51,793] [SUBPROCESS]    R2892;VDD.$1066.15;VDD.$1076.15;;0.0
[2026-08-13 17:07:51,794] [SUBPROCESS]    R2893;VDD.$1067.18;VDD.$3706.18;;0.0
[2026-08-13 17:07:51,794] [SUBPROCESS]    R2894;VDD.$1067.18;VDD.$3714.18;;27.106
[2026-08-13 17:07:51,795] [SUBPROCESS]    R2895;VDD.$1068.15;VDD.$1069.18;;585.0
[2026-08-13 17:07:51,795] [SUBPROCESS]    R2896;VDD.$1068.15;VDD.$1078.15;;0.0
[2026-08-13 17:07:51,796] [SUBPROCESS]    R2897;VDD.$1069.18;VDD.$3466.18;;0.0
[2026-08-13 17:07:51,796] [SUBPROCESS]    R2898;VDD.$1069.18;VDD.$3474.18;;27.106
[2026-08-13 17:07:51,796] [SUBPROCESS]    R2899;VDD.$107.18;VDD.$1930.18;;0.0
[2026-08-13 17:07:51,797] [SUBPROCESS]    R2900;VDD.$107.18;VDD.$1942.18;;27.106
[2026-08-13 17:07:51,797] [SUBPROCESS]    R2901;VDD.$1070.15;VDD.$1071.18;;585.0
[2026-08-13 17:07:51,798] [SUBPROCESS]    R2902;VDD.$1070.15;VDD.$1080.15;;0.0
[2026-08-13 17:07:51,798] [SUBPROCESS]    R2903;VDD.$1071.18;VDD.$3468.18;;0.0
[2026-08-13 17:07:51,798] [SUBPROCESS]    R2904;VDD.$1071.18;VDD.$3476.18;;27.106
[2026-08-13 17:07:51,799] [SUBPROCESS]    R2905;VDD.$1072.15;VDD.$1073.18;;585.0
[2026-08-13 17:07:51,799] [SUBPROCESS]    R2906;VDD.$1072.15;VDD.$1082.15;;0.0
[2026-08-13 17:07:51,800] [SUBPROCESS]    R2907;VDD.$1073.18;VDD.$3470.18;;0.0
[2026-08-13 17:07:51,800] [SUBPROCESS]    R2908;VDD.$1073.18;VDD.$3478.18;;27.106
[2026-08-13 17:07:51,801] [SUBPROCESS]    R2909;VDD.$1074.15;VDD.$1075.18;;585.0
[2026-08-13 17:07:51,801] [SUBPROCESS]    R2910;VDD.$1074.15;VDD.$1084.15;;0.0
[2026-08-13 17:07:51,802] [SUBPROCESS]    R2911;VDD.$1075.18;VDD.$3708.18;;27.106
[2026-08-13 17:07:51,802] [SUBPROCESS]    R2912;VDD.$1075.18;VDD.$3712.18;;0.0
[2026-08-13 17:07:51,803] [SUBPROCESS]    R2913;VDD.$1076.15;VDD.$1077.18;;585.0
[2026-08-13 17:07:51,804] [SUBPROCESS]    R2914;VDD.$1076.15;VDD.$1086.15;;0.0
[2026-08-13 17:07:51,804] [SUBPROCESS]    R2915;VDD.$1077.18;VDD.$3694.18;;27.106
[2026-08-13 17:07:51,805] [SUBPROCESS]    R2916;VDD.$1077.18;VDD.$3714.18;;0.0
[2026-08-13 17:07:51,806] [SUBPROCESS]    R2917;VDD.$1078.15;VDD.$1079.18;;585.0
[2026-08-13 17:07:51,806] [SUBPROCESS]    R2918;VDD.$1078.15;VDD.$1088.15;;0.0
[2026-08-13 17:07:51,807] [SUBPROCESS]    R2919;VDD.$1079.18;VDD.$3474.18;;0.0
[2026-08-13 17:07:51,807] [SUBPROCESS]    R2920;VDD.$1079.18;VDD.$3482.18;;27.106
[2026-08-13 17:07:51,808] [SUBPROCESS]    R2921;VDD.$108.15;VDD.$109.18;;585.0
[2026-08-13 17:07:51,809] [SUBPROCESS]    R2922;VDD.$108.15;VDD.$118.15;;0.0
[2026-08-13 17:07:51,809] [SUBPROCESS]    R2923;VDD.$108.15;VDD.$98.15;;0.0
[2026-08-13 17:07:51,809] [SUBPROCESS]    R2924;VDD.$1080.15;VDD.$1081.18;;585.0
[2026-08-13 17:07:51,810] [SUBPROCESS]    R2925;VDD.$1080.15;VDD.$1090.15;;0.0
[2026-08-13 17:07:51,810] [SUBPROCESS]    R2926;VDD.$1081.18;VDD.$3476.18;;0.0
[2026-08-13 17:07:51,811] [SUBPROCESS]    R2927;VDD.$1081.18;VDD.$3484.18;;27.106
[2026-08-13 17:07:51,811] [SUBPROCESS]    R2928;VDD.$1082.15;VDD.$1083.18;;585.0
[2026-08-13 17:07:51,811] [SUBPROCESS]    R2929;VDD.$1082.15;VDD.$1092.15;;0.0
[2026-08-13 17:07:51,812] [SUBPROCESS]    R2930;VDD.$1083.18;VDD.$3478.18;;0.0
[2026-08-13 17:07:51,812] [SUBPROCESS]    R2931;VDD.$1083.18;VDD.$3486.18;;27.106
[2026-08-13 17:07:51,813] [SUBPROCESS]    R2932;VDD.$1084.15;VDD.$1085.18;;585.0
[2026-08-13 17:07:51,813] [SUBPROCESS]    R2933;VDD.$1084.15;VDD.$1094.15;;0.0
[2026-08-13 17:07:51,814] [SUBPROCESS]    R2934;VDD.$1085.18;VDD.$3708.18;;0.0
[2026-08-13 17:07:51,814] [SUBPROCESS]    R2935;VDD.$1085.18;VDD.$3710.18;;27.106
[2026-08-13 17:07:51,814] [SUBPROCESS]    R2936;VDD.$1086.15;VDD.$1087.18;;585.0
[2026-08-13 17:07:51,815] [SUBPROCESS]    R2937;VDD.$1086.15;VDD.$1096.15;;0.0
[2026-08-13 17:07:51,815] [SUBPROCESS]    R2938;VDD.$1087.18;VDD.$3684.18;;27.106
[2026-08-13 17:07:51,816] [SUBPROCESS]    R2939;VDD.$1087.18;VDD.$3694.18;;0.0
[2026-08-13 17:07:51,816] [SUBPROCESS]    R2940;VDD.$1088.15;VDD.$1089.18;;585.0
[2026-08-13 17:07:51,816] [SUBPROCESS]    R2941;VDD.$1088.15;VDD.P6.15;;0.0
[2026-08-13 17:07:51,817] [SUBPROCESS]    R2942;VDD.$1089.18;VDD.$3482.18;;0.0
[2026-08-13 17:07:51,817] [SUBPROCESS]    R2943;VDD.$1089.18;VDD.$3490.18;;27.106
[2026-08-13 17:07:51,818] [SUBPROCESS]    R2944;VDD.$109.18;VDD.$1896.18;;27.106
[2026-08-13 17:07:51,818] [SUBPROCESS]    R2945;VDD.$109.18;VDD.$1916.18;;0.0
[2026-08-13 17:07:51,819] [SUBPROCESS]    R2946;VDD.$1090.15;VDD.$1091.18;;585.0
[2026-08-13 17:07:51,819] [SUBPROCESS]    R2947;VDD.$1090.15;VDD.P7.15;;0.0
[2026-08-13 17:07:51,820] [SUBPROCESS]    R2948;VDD.$1091.18;VDD.$3484.18;;0.0
[2026-08-13 17:07:51,820] [SUBPROCESS]    R2949;VDD.$1091.18;VDD.$3492.18;;27.106
[2026-08-13 17:07:51,821] [SUBPROCESS]    R2950;VDD.$1092.15;VDD.$1093.18;;585.0
[2026-08-13 17:07:51,821] [SUBPROCESS]    R2951;VDD.$1092.15;VDD.P56.15;;0.0
[2026-08-13 17:07:51,822] [SUBPROCESS]    R2952;VDD.$1093.18;VDD.$3486.18;;0.0
[2026-08-13 17:07:51,822] [SUBPROCESS]    R2953;VDD.$1093.18;VDD.$3494.18;;27.106
[2026-08-13 17:07:51,823] [SUBPROCESS]    R2954;VDD.$1094.15;VDD.$1095.18;;585.0
[2026-08-13 17:07:51,823] [SUBPROCESS]    R2955;VDD.$1094.15;VDD.P57.15;;0.0
[2026-08-13 17:07:51,824] [SUBPROCESS]    R2956;VDD.$1095.18;VDD.$3690.18;;27.106
[2026-08-13 17:07:51,824] [SUBPROCESS]    R2957;VDD.$1095.18;VDD.$3710.18;;0.0
[2026-08-13 17:07:51,824] [SUBPROCESS]    R2958;VDD.$1096.15;VDD.$1097.18;;585.0
[2026-08-13 17:07:51,825] [SUBPROCESS]    R2959;VDD.$1096.15;VDD.P48.15;;0.0
[2026-08-13 17:07:51,825] [SUBPROCESS]    R2960;VDD.$1097.18;VDD.$3684.18;;0.0
[2026-08-13 17:07:51,826] [SUBPROCESS]    R2961;VDD.$1097.18;VDD.$3692.18;;27.106
[2026-08-13 17:07:51,826] [SUBPROCESS]    R2962;VDD.$1098.15;VDD.$1099.18;;585.0
[2026-08-13 17:07:51,826] [SUBPROCESS]    R2963;VDD.$1098.15;VDD.$1108.15;;0.0
[2026-08-13 17:07:51,827] [SUBPROCESS]    R2964;VDD.$1098.15;VDD.P6.15;;0.0
[2026-08-13 17:07:51,827] [SUBPROCESS]    R2965;VDD.$1099.18;VDD.$3490.18;;0.0
[2026-08-13 17:07:51,828] [SUBPROCESS]    R2966;VDD.$1099.18;VDD.$3498.18;;27.106
[2026-08-13 17:07:51,828] [SUBPROCESS]    R2967;VDD.$11.18;VDD.$3994.18;;0.0
[2026-08-13 17:07:51,829] [SUBPROCESS]    R2968;VDD.$11.18;VDD.$4002.18;;27.106
[2026-08-13 17:07:51,829] [SUBPROCESS]    R2969;VDD.$110.15;VDD.$111.18;;585.0
[2026-08-13 17:07:51,829] [SUBPROCESS]    R2970;VDD.$110.15;VDD.$120.15;;0.0
[2026-08-13 17:07:51,830] [SUBPROCESS]    R2971;VDD.$1100.15;VDD.$1101.18;;585.0
[2026-08-13 17:07:51,830] [SUBPROCESS]    R2972;VDD.$1100.15;VDD.$1110.15;;0.0
[2026-08-13 17:07:51,831] [SUBPROCESS]    R2973;VDD.$1100.15;VDD.P7.15;;0.0
[2026-08-13 17:07:51,831] [SUBPROCESS]    R2974;VDD.$1101.18;VDD.$3492.18;;0.0
[2026-08-13 17:07:51,831] [SUBPROCESS]    R2975;VDD.$1101.18;VDD.$3500.18;;27.106
[2026-08-13 17:07:51,832] [SUBPROCESS]    R2976;VDD.$1102.15;VDD.$1103.18;;585.0
[2026-08-13 17:07:51,832] [SUBPROCESS]    R2977;VDD.$1102.15;VDD.$1112.15;;0.0
[2026-08-13 17:07:51,833] [SUBPROCESS]    R2978;VDD.$1102.15;VDD.P56.15;;0.0
[2026-08-13 17:07:51,833] [SUBPROCESS]    R2979;VDD.$1103.18;VDD.$3494.18;;0.0
[2026-08-13 17:07:51,834] [SUBPROCESS]    R2980;VDD.$1103.18;VDD.$3502.18;;27.106
[2026-08-13 17:07:51,834] [SUBPROCESS]    R2981;VDD.$1104.15;VDD.$1105.18;;585.0
[2026-08-13 17:07:51,834] [SUBPROCESS]    R2982;VDD.$1104.15;VDD.$1114.15;;0.0
[2026-08-13 17:07:51,835] [SUBPROCESS]    R2983;VDD.$1104.15;VDD.P57.15;;0.0
[2026-08-13 17:07:51,835] [SUBPROCESS]    R2984;VDD.$1105.18;VDD.$3686.18;;27.106
[2026-08-13 17:07:51,836] [SUBPROCESS]    R2985;VDD.$1105.18;VDD.$3690.18;;0.0
[2026-08-13 17:07:51,837] [SUBPROCESS]    R2986;VDD.$1106.15;VDD.$1107.18;;585.0
[2026-08-13 17:07:51,837] [SUBPROCESS]    R2987;VDD.$1106.15;VDD.$1116.15;;0.0
[2026-08-13 17:07:51,838] [SUBPROCESS]    R2988;VDD.$1106.15;VDD.P48.15;;0.0
[2026-08-13 17:07:51,838] [SUBPROCESS]    R2989;VDD.$1107.18;VDD.$3688.18;;27.106
[2026-08-13 17:07:51,839] [SUBPROCESS]    R2990;VDD.$1107.18;VDD.$3692.18;;0.0
[2026-08-13 17:07:51,839] [SUBPROCESS]    R2991;VDD.$1108.15;VDD.$1109.18;;585.0
[2026-08-13 17:07:51,840] [SUBPROCESS]    R2992;VDD.$1108.15;VDD.$1118.15;;0.0
[2026-08-13 17:07:51,840] [SUBPROCESS]    R2993;VDD.$1109.18;VDD.$3498.18;;0.0
[2026-08-13 17:07:51,841] [SUBPROCESS]    R2994;VDD.$1109.18;VDD.$3506.18;;27.106
[2026-08-13 17:07:51,841] [SUBPROCESS]    R2995;VDD.$111.18;VDD.$1898.18;;27.106
[2026-08-13 17:07:51,842] [SUBPROCESS]    R2996;VDD.$111.18;VDD.$1918.18;;0.0
[2026-08-13 17:07:51,842] [SUBPROCESS]    R2997;VDD.$1110.15;VDD.$1111.18;;585.0
[2026-08-13 17:07:51,843] [SUBPROCESS]    R2998;VDD.$1110.15;VDD.$1120.15;;0.0
[2026-08-13 17:07:51,843] [SUBPROCESS]    R2999;VDD.$1111.18;VDD.$3500.18;;0.0
[2026-08-13 17:07:51,844] [SUBPROCESS]    R3000;VDD.$1111.18;VDD.$3508.18;;27.106
[2026-08-13 17:07:51,844] [SUBPROCESS]    R3001;VDD.$1112.15;VDD.$1113.18;;585.0
[2026-08-13 17:07:51,845] [SUBPROCESS]    R3002;VDD.$1112.15;VDD.$1122.15;;0.0
[2026-08-13 17:07:51,846] [SUBPROCESS]    R3003;VDD.$1113.18;VDD.$3502.18;;0.0
[2026-08-13 17:07:51,846] [SUBPROCESS]    R3004;VDD.$1113.18;VDD.$3510.18;;27.106
[2026-08-13 17:07:51,847] [SUBPROCESS]    R3005;VDD.$1114.15;VDD.$1115.18;;585.0
[2026-08-13 17:07:51,847] [SUBPROCESS]    R3006;VDD.$1114.15;VDD.$1124.15;;0.0
[2026-08-13 17:07:51,848] [SUBPROCESS]    R3007;VDD.$1115.18;VDD.$3686.18;;0.0
[2026-08-13 17:07:51,848] [SUBPROCESS]    R3008;VDD.$1115.18;VDD.$3702.18;;27.106
[2026-08-13 17:07:51,849] [SUBPROCESS]    R3009;VDD.$1116.15;VDD.$1117.18;;585.0
[2026-08-13 17:07:51,849] [SUBPROCESS]    R3010;VDD.$1116.15;VDD.$1126.15;;0.0
[2026-08-13 17:07:51,850] [SUBPROCESS]    R3011;VDD.$1117.18;VDD.$3688.18;;0.0
[2026-08-13 17:07:51,850] [SUBPROCESS]    R3012;VDD.$1117.18;VDD.$3704.18;;27.106
[2026-08-13 17:07:51,850] [SUBPROCESS]    R3013;VDD.$1118.15;VDD.$1119.18;;585.0
[2026-08-13 17:07:51,851] [SUBPROCESS]    R3014;VDD.$1118.15;VDD.$1128.15;;0.0
[2026-08-13 17:07:51,851] [SUBPROCESS]    R3015;VDD.$1119.18;VDD.$3506.18;;0.0
[2026-08-13 17:07:51,852] [SUBPROCESS]    R3016;VDD.$1119.18;VDD.$3514.18;;27.106
[2026-08-13 17:07:51,852] [SUBPROCESS]    R3017;VDD.$112.15;VDD.$113.18;;585.0
[2026-08-13 17:07:51,853] [SUBPROCESS]    R3018;VDD.$112.15;VDD.$122.15;;0.0
[2026-08-13 17:07:51,853] [SUBPROCESS]    R3019;VDD.$1120.15;VDD.$1121.18;;585.0
[2026-08-13 17:07:51,854] [SUBPROCESS]    R3020;VDD.$1120.15;VDD.$1130.15;;0.0
[2026-08-13 17:07:51,854] [SUBPROCESS]    R3021;VDD.$1121.18;VDD.$3508.18;;0.0
[2026-08-13 17:07:51,855] [SUBPROCESS]    R3022;VDD.$1121.18;VDD.$3516.18;;27.106
[2026-08-13 17:07:51,855] [SUBPROCESS]    R3023;VDD.$1122.15;VDD.$1123.18;;585.0
[2026-08-13 17:07:51,856] [SUBPROCESS]    R3024;VDD.$1122.15;VDD.$1132.15;;0.0
[2026-08-13 17:07:51,856] [SUBPROCESS]    R3025;VDD.$1123.18;VDD.$3510.18;;0.0
[2026-08-13 17:07:51,857] [SUBPROCESS]    R3026;VDD.$1123.18;VDD.$3518.18;;27.106
[2026-08-13 17:07:51,857] [SUBPROCESS]    R3027;VDD.$1124.15;VDD.$1125.18;;585.0
[2026-08-13 17:07:51,858] [SUBPROCESS]    R3028;VDD.$1124.15;VDD.$1134.15;;0.0
[2026-08-13 17:07:51,858] [SUBPROCESS]    R3029;VDD.$1125.18;VDD.$3702.18;;0.0
[2026-08-13 17:07:51,859] [SUBPROCESS]    R3030;VDD.$1125.18;VDD.$3716.18;;27.106
[2026-08-13 17:07:51,859] [SUBPROCESS]    R3031;VDD.$1126.15;VDD.$1127.18;;585.0
[2026-08-13 17:07:51,860] [SUBPROCESS]    R3032;VDD.$1126.15;VDD.$1136.15;;0.0
[2026-08-13 17:07:51,860] [SUBPROCESS]    R3033;VDD.$1127.18;VDD.$3704.18;;0.0
[2026-08-13 17:07:51,861] [SUBPROCESS]    R3034;VDD.$1127.18;VDD.$3718.18;;27.106
[2026-08-13 17:07:51,861] [SUBPROCESS]    R3035;VDD.$1128.15;VDD.$1129.18;;585.0
[2026-08-13 17:07:51,862] [SUBPROCESS]    R3036;VDD.$1128.15;VDD.$1138.15;;0.0
[2026-08-13 17:07:51,862] [SUBPROCESS]    R3037;VDD.$1129.18;VDD.$3514.18;;0.0
[2026-08-13 17:07:51,862] [SUBPROCESS]    R3038;VDD.$1129.18;VDD.$3522.18;;27.106
[2026-08-13 17:07:51,863] [SUBPROCESS]    R3039;VDD.$113.18;VDD.$1938.18;;0.0
[2026-08-13 17:07:51,863] [SUBPROCESS]    R3040;VDD.$113.18;VDD.$1950.18;;27.106
[2026-08-13 17:07:51,864] [SUBPROCESS]    R3041;VDD.$1130.15;VDD.$1131.18;;585.0
[2026-08-13 17:07:51,864] [SUBPROCESS]    R3042;VDD.$1130.15;VDD.$1140.15;;0.0
[2026-08-13 17:07:51,865] [SUBPROCESS]    R3043;VDD.$1131.18;VDD.$3516.18;;0.0
[2026-08-13 17:07:51,865] [SUBPROCESS]    R3044;VDD.$1131.18;VDD.$3524.18;;27.106
[2026-08-13 17:07:51,866] [SUBPROCESS]    R3045;VDD.$1132.15;VDD.$1133.18;;585.0
[2026-08-13 17:07:51,866] [SUBPROCESS]    R3046;VDD.$1132.15;VDD.$1142.15;;0.0
[2026-08-13 17:07:51,866] [SUBPROCESS]    R3047;VDD.$1133.18;VDD.$3518.18;;0.0
[2026-08-13 17:07:51,867] [SUBPROCESS]    R3048;VDD.$1133.18;VDD.$3526.18;;27.106
[2026-08-13 17:07:51,867] [SUBPROCESS]    R3049;VDD.$1134.15;VDD.$1135.18;;585.0
[2026-08-13 17:07:51,868] [SUBPROCESS]    R3050;VDD.$1134.15;VDD.$1144.15;;0.0
[2026-08-13 17:07:51,868] [SUBPROCESS]    R3051;VDD.$1135.18;VDD.$3696.18;;27.106
[2026-08-13 17:07:51,869] [SUBPROCESS]    R3052;VDD.$1135.18;VDD.$3716.18;;0.0
[2026-08-13 17:07:51,869] [SUBPROCESS]    R3053;VDD.$1136.15;VDD.$1137.18;;585.0
[2026-08-13 17:07:51,870] [SUBPROCESS]    R3054;VDD.$1136.15;VDD.$1146.15;;0.0
[2026-08-13 17:07:51,870] [SUBPROCESS]    R3055;VDD.$1137.18;VDD.$3698.18;;27.106
[2026-08-13 17:07:51,871] [SUBPROCESS]    R3056;VDD.$1137.18;VDD.$3718.18;;0.0
[2026-08-13 17:07:51,871] [SUBPROCESS]    R3057;VDD.$1138.15;VDD.$1139.18;;585.0
[2026-08-13 17:07:51,872] [SUBPROCESS]    R3058;VDD.$1139.18;VDD.$3522.18;;0.0
[2026-08-13 17:07:51,872] [SUBPROCESS]    R3059;VDD.$114.15;VDD.$115.18;;585.0
[2026-08-13 17:07:51,872] [SUBPROCESS]    R3060;VDD.$114.15;VDD.$124.15;;0.0
[2026-08-13 17:07:51,873] [SUBPROCESS]    R3061;VDD.$1140.15;VDD.$1141.18;;585.0
[2026-08-13 17:07:51,873] [SUBPROCESS]    R3062;VDD.$1141.18;VDD.$3524.18;;0.0
[2026-08-13 17:07:51,874] [SUBPROCESS]    R3063;VDD.$1142.15;VDD.$1143.18;;585.0
[2026-08-13 17:07:51,874] [SUBPROCESS]    R3064;VDD.$1143.18;VDD.$3526.18;;0.0
[2026-08-13 17:07:51,875] [SUBPROCESS]    R3065;VDD.$1144.15;VDD.$1145.18;;585.0
[2026-08-13 17:07:51,875] [SUBPROCESS]    R3066;VDD.$1145.18;VDD.$3696.18;;0.0
[2026-08-13 17:07:51,875] [SUBPROCESS]    R3067;VDD.$1146.15;VDD.$1147.18;;585.0
[2026-08-13 17:07:51,876] [SUBPROCESS]    R3068;VDD.$1147.18;VDD.$3698.18;;0.0
[2026-08-13 17:07:51,876] [SUBPROCESS]    R3069;VDD.$1148.15;VDD.$1149.18;;585.0
[2026-08-13 17:07:51,877] [SUBPROCESS]    R3070;VDD.$1148.15;VDD.$1158.15;;0.0
[2026-08-13 17:07:51,877] [SUBPROCESS]    R3071;VDD.$1149.18;VDD.$3536.18;;0.0
[2026-08-13 17:07:51,878] [SUBPROCESS]    R3072;VDD.$1149.18;VDD.$3544.18;;27.106
[2026-08-13 17:07:51,878] [SUBPROCESS]    R3073;VDD.$115.18;VDD.$1940.18;;0.0
[2026-08-13 17:07:51,878] [SUBPROCESS]    R3074;VDD.$115.18;VDD.$1952.18;;27.106
[2026-08-13 17:07:51,879] [SUBPROCESS]    R3075;VDD.$1150.15;VDD.$1151.18;;585.0
[2026-08-13 17:07:51,879] [SUBPROCESS]    R3076;VDD.$1150.15;VDD.$1160.15;;0.0
[2026-08-13 17:07:51,880] [SUBPROCESS]    R3077;VDD.$1151.18;VDD.$3538.18;;0.0
[2026-08-13 17:07:51,880] [SUBPROCESS]    R3078;VDD.$1151.18;VDD.$3546.18;;27.106
[2026-08-13 17:07:51,880] [SUBPROCESS]    R3079;VDD.$1152.15;VDD.$1153.18;;585.0
[2026-08-13 17:07:51,881] [SUBPROCESS]    R3080;VDD.$1152.15;VDD.$1162.15;;0.0
[2026-08-13 17:07:51,881] [SUBPROCESS]    R3081;VDD.$1153.18;VDD.$3540.18;;0.0
[2026-08-13 17:07:51,882] [SUBPROCESS]    R3082;VDD.$1153.18;VDD.$3548.18;;27.106
[2026-08-13 17:07:51,882] [SUBPROCESS]    R3083;VDD.$1154.15;VDD.$1155.18;;585.0
[2026-08-13 17:07:51,883] [SUBPROCESS]    R3084;VDD.$1154.15;VDD.$1164.15;;0.0
[2026-08-13 17:07:51,883] [SUBPROCESS]    R3085;VDD.$1155.18;VDD.$3652.18;;0.0
[2026-08-13 17:07:51,884] [SUBPROCESS]    R3086;VDD.$1155.18;VDD.$3658.18;;27.106
[2026-08-13 17:07:51,885] [SUBPROCESS]    R3087;VDD.$1156.15;VDD.$1157.18;;585.0
[2026-08-13 17:07:51,885] [SUBPROCESS]    R3088;VDD.$1156.15;VDD.$1166.15;;0.0
[2026-08-13 17:07:51,886] [SUBPROCESS]    R3089;VDD.$1157.18;VDD.$3664.18;;27.106
[2026-08-13 17:07:51,887] [SUBPROCESS]    R3090;VDD.$1157.18;VDD.$3670.18;;0.0
[2026-08-13 17:07:51,887] [SUBPROCESS]    R3091;VDD.$1158.15;VDD.$1159.18;;585.0
[2026-08-13 17:07:51,888] [SUBPROCESS]    R3092;VDD.$1158.15;VDD.$1168.15;;0.0
[2026-08-13 17:07:51,889] [SUBPROCESS]    R3093;VDD.$1159.18;VDD.$3544.18;;0.0
[2026-08-13 17:07:51,889] [SUBPROCESS]    R3094;VDD.$1159.18;VDD.$3552.18;;27.106
[2026-08-13 17:07:51,890] [SUBPROCESS]    R3095;VDD.$116.15;VDD.$117.18;;585.0
[2026-08-13 17:07:51,890] [SUBPROCESS]    R3096;VDD.$116.15;VDD.$126.15;;0.0
[2026-08-13 17:07:51,891] [SUBPROCESS]    R3097;VDD.$1160.15;VDD.$1161.18;;585.0
[2026-08-13 17:07:51,891] [SUBPROCESS]    R3098;VDD.$1160.15;VDD.$1170.15;;0.0
[2026-08-13 17:07:51,892] [SUBPROCESS]    R3099;VDD.$1161.18;VDD.$3546.18;;0.0
[2026-08-13 17:07:51,892] [SUBPROCESS]    R3100;VDD.$1161.18;VDD.$3554.18;;27.106
[2026-08-13 17:07:51,892] [SUBPROCESS]    R3101;VDD.$1162.15;VDD.$1163.18;;585.0
[2026-08-13 17:07:51,893] [SUBPROCESS]    R3102;VDD.$1162.15;VDD.$1172.15;;0.0
[2026-08-13 17:07:51,893] [SUBPROCESS]    R3103;VDD.$1163.18;VDD.$3548.18;;0.0
[2026-08-13 17:07:51,894] [SUBPROCESS]    R3104;VDD.$1163.18;VDD.$3556.18;;27.106
[2026-08-13 17:07:51,894] [SUBPROCESS]    R3105;VDD.$1164.15;VDD.$1165.18;;585.0
[2026-08-13 17:07:51,895] [SUBPROCESS]    R3106;VDD.$1164.15;VDD.$1174.15;;0.0
[2026-08-13 17:07:51,895] [SUBPROCESS]    R3107;VDD.$1165.18;VDD.$3658.18;;0.0
[2026-08-13 17:07:51,896] [SUBPROCESS]    R3108;VDD.$1165.18;VDD.$3676.18;;27.106
[2026-08-13 17:07:51,896] [SUBPROCESS]    R3109;VDD.$1166.15;VDD.$1167.18;;585.0
[2026-08-13 17:07:51,896] [SUBPROCESS]    R3110;VDD.$1166.15;VDD.$1176.15;;0.0
[2026-08-13 17:07:51,897] [SUBPROCESS]    R3111;VDD.$1167.18;VDD.$3664.18;;0.0
[2026-08-13 17:07:51,897] [SUBPROCESS]    R3112;VDD.$1167.18;VDD.$3682.18;;27.106
[2026-08-13 17:07:51,898] [SUBPROCESS]    R3113;VDD.$1168.15;VDD.$1169.18;;585.0
[2026-08-13 17:07:51,898] [SUBPROCESS]    R3114;VDD.$1168.15;VDD.$1178.15;;0.0
[2026-08-13 17:07:51,899] [SUBPROCESS]    R3115;VDD.$1169.18;VDD.$3552.18;;0.0
[2026-08-13 17:07:51,899] [SUBPROCESS]    R3116;VDD.$1169.18;VDD.$3560.18;;27.106
[2026-08-13 17:07:51,899] [SUBPROCESS]    R3117;VDD.$117.18;VDD.$1942.18;;0.0
[2026-08-13 17:07:51,900] [SUBPROCESS]    R3118;VDD.$117.18;VDD.$1954.18;;27.106
[2026-08-13 17:07:51,900] [SUBPROCESS]    R3119;VDD.$1170.15;VDD.$1171.18;;585.0
[2026-08-13 17:07:51,901] [SUBPROCESS]    R3120;VDD.$1170.15;VDD.$1180.15;;0.0
[2026-08-13 17:07:51,901] [SUBPROCESS]    R3121;VDD.$1171.18;VDD.$3554.18;;0.0
[2026-08-13 17:07:51,902] [SUBPROCESS]    R3122;VDD.$1171.18;VDD.$3562.18;;27.106
[2026-08-13 17:07:51,902] [SUBPROCESS]    R3123;VDD.$1172.15;VDD.$1173.18;;585.0
[2026-08-13 17:07:51,902] [SUBPROCESS]    R3124;VDD.$1172.15;VDD.$1182.15;;0.0
[2026-08-13 17:07:51,903] [SUBPROCESS]    R3125;VDD.$1173.18;VDD.$3556.18;;0.0
[2026-08-13 17:07:51,904] [SUBPROCESS]    R3126;VDD.$1173.18;VDD.$3564.18;;27.106
[2026-08-13 17:07:51,904] [SUBPROCESS]    R3127;VDD.$1174.15;VDD.$1175.18;;585.0
[2026-08-13 17:07:51,905] [SUBPROCESS]    R3128;VDD.$1174.15;VDD.$1184.15;;0.0
[2026-08-13 17:07:51,905] [SUBPROCESS]    R3129;VDD.$1175.18;VDD.$3654.18;;27.106
[2026-08-13 17:07:51,905] [SUBPROCESS]    R3130;VDD.$1175.18;VDD.$3676.18;;0.0
[2026-08-13 17:07:51,906] [SUBPROCESS]    R3131;VDD.$1176.15;VDD.$1177.18;;585.0
[2026-08-13 17:07:51,906] [SUBPROCESS]    R3132;VDD.$1176.15;VDD.$1186.15;;0.0
[2026-08-13 17:07:51,907] [SUBPROCESS]    R3133;VDD.$1177.18;VDD.$3656.18;;27.106
[2026-08-13 17:07:51,907] [SUBPROCESS]    R3134;VDD.$1177.18;VDD.$3682.18;;0.0
[2026-08-13 17:07:51,908] [SUBPROCESS]    R3135;VDD.$1178.15;VDD.$1179.18;;585.0
[2026-08-13 17:07:51,908] [SUBPROCESS]    R3136;VDD.$1178.15;VDD.P68.15;;0.0
[2026-08-13 17:07:51,908] [SUBPROCESS]    R3137;VDD.$1179.18;VDD.$3560.18;;0.0
[2026-08-13 17:07:51,909] [SUBPROCESS]    R3138;VDD.$1179.18;VDD.$3568.18;;27.106
[2026-08-13 17:07:51,909] [SUBPROCESS]    R3139;VDD.$118.15;VDD.$119.18;;585.0
[2026-08-13 17:07:51,910] [SUBPROCESS]    R3140;VDD.$118.15;VDD.$128.15;;0.0
[2026-08-13 17:07:51,910] [SUBPROCESS]    R3141;VDD.$1180.15;VDD.$1181.18;;585.0
[2026-08-13 17:07:51,911] [SUBPROCESS]    R3142;VDD.$1180.15;VDD.P69.15;;0.0
[2026-08-13 17:07:51,911] [SUBPROCESS]    R3143;VDD.$1181.18;VDD.$3562.18;;0.0
[2026-08-13 17:07:51,911] [SUBPROCESS]    R3144;VDD.$1181.18;VDD.$3570.18;;27.106
[2026-08-13 17:07:51,912] [SUBPROCESS]    R3145;VDD.$1182.15;VDD.$1183.18;;585.0
[2026-08-13 17:07:51,912] [SUBPROCESS]    R3146;VDD.$1182.15;VDD.P54.15;;0.0
[2026-08-13 17:07:51,913] [SUBPROCESS]    R3147;VDD.$1183.18;VDD.$3564.18;;0.0
[2026-08-13 17:07:51,913] [SUBPROCESS]    R3148;VDD.$1183.18;VDD.$3572.18;;27.106
[2026-08-13 17:07:51,914] [SUBPROCESS]    R3149;VDD.$1184.15;VDD.$1185.18;;585.0
[2026-08-13 17:07:51,914] [SUBPROCESS]    R3150;VDD.$1184.15;VDD.P55.15;;0.0
[2026-08-13 17:07:51,914] [SUBPROCESS]    R3151;VDD.$1185.18;VDD.$3654.18;;0.0
[2026-08-13 17:07:51,915] [SUBPROCESS]    R3152;VDD.$1185.18;VDD.$3660.18;;27.106
[2026-08-13 17:07:51,915] [SUBPROCESS]    R3153;VDD.$1186.15;VDD.$1187.18;;585.0
[2026-08-13 17:07:51,916] [SUBPROCESS]    R3154;VDD.$1186.15;VDD.P91.15;;0.0
[2026-08-13 17:07:51,916] [SUBPROCESS]    R3155;VDD.$1187.18;VDD.$3656.18;;0.0
[2026-08-13 17:07:51,917] [SUBPROCESS]    R3156;VDD.$1187.18;VDD.$3662.18;;27.106
[2026-08-13 17:07:51,917] [SUBPROCESS]    R3157;VDD.$1188.15;VDD.$1189.18;;585.0
[2026-08-13 17:07:51,917] [SUBPROCESS]    R3158;VDD.$1188.15;VDD.$1198.15;;0.0
[2026-08-13 17:07:51,918] [SUBPROCESS]    R3159;VDD.$1188.15;VDD.P68.15;;0.0
[2026-08-13 17:07:51,918] [SUBPROCESS]    R3160;VDD.$1189.18;VDD.$3568.18;;0.0
[2026-08-13 17:07:51,919] [SUBPROCESS]    R3161;VDD.$1189.18;VDD.$3576.18;;27.106
[2026-08-13 17:07:51,919] [SUBPROCESS]    R3162;VDD.$119.18;VDD.$1896.18;;0.0
[2026-08-13 17:07:51,920] [SUBPROCESS]    R3163;VDD.$119.18;VDD.$1900.18;;27.106
[2026-08-13 17:07:51,920] [SUBPROCESS]    R3164;VDD.$1190.15;VDD.$1191.18;;585.0
[2026-08-13 17:07:51,921] [SUBPROCESS]    R3165;VDD.$1190.15;VDD.$1200.15;;0.0
[2026-08-13 17:07:51,921] [SUBPROCESS]    R3166;VDD.$1190.15;VDD.P69.15;;0.0
[2026-08-13 17:07:51,922] [SUBPROCESS]    R3167;VDD.$1191.18;VDD.$3570.18;;0.0
[2026-08-13 17:07:51,922] [SUBPROCESS]    R3168;VDD.$1191.18;VDD.$3578.18;;27.106
[2026-08-13 17:07:51,923] [SUBPROCESS]    R3169;VDD.$1192.15;VDD.$1193.18;;585.0
[2026-08-13 17:07:51,924] [SUBPROCESS]    R3170;VDD.$1192.15;VDD.$1202.15;;0.0
[2026-08-13 17:07:51,924] [SUBPROCESS]    R3171;VDD.$1192.15;VDD.P54.15;;0.0
[2026-08-13 17:07:51,925] [SUBPROCESS]    R3172;VDD.$1193.18;VDD.$3572.18;;0.0
[2026-08-13 17:07:51,925] [SUBPROCESS]    R3173;VDD.$1193.18;VDD.$3580.18;;27.106
[2026-08-13 17:07:51,926] [SUBPROCESS]    R3174;VDD.$1194.15;VDD.$1195.18;;585.0
[2026-08-13 17:07:51,927] [SUBPROCESS]    R3175;VDD.$1194.15;VDD.$1204.15;;0.0
[2026-08-13 17:07:51,927] [SUBPROCESS]    R3176;VDD.$1194.15;VDD.P55.15;;0.0
[2026-08-13 17:07:51,928] [SUBPROCESS]    R3177;VDD.$1195.18;VDD.$3660.18;;0.0
[2026-08-13 17:07:51,928] [SUBPROCESS]    R3178;VDD.$1195.18;VDD.$3666.18;;27.106
[2026-08-13 17:07:51,929] [SUBPROCESS]    R3179;VDD.$1196.15;VDD.$1197.18;;585.0
[2026-08-13 17:07:51,929] [SUBPROCESS]    R3180;VDD.$1196.15;VDD.P91.15;;0.0
[2026-08-13 17:07:51,930] [SUBPROCESS]    R3181;VDD.$1197.18;VDD.$3662.18;;0.0
[2026-08-13 17:07:51,930] [SUBPROCESS]    R3182;VDD.$1197.18;VDD.$3668.18;;27.106
[2026-08-13 17:07:51,931] [SUBPROCESS]    R3183;VDD.$1198.15;VDD.$1199.18;;585.0
[2026-08-13 17:07:51,931] [SUBPROCESS]    R3184;VDD.$1199.18;VDD.$3576.18;;0.0
[2026-08-13 17:07:51,931] [SUBPROCESS]    R3185;VDD.$1199.18;VDD.$3584.18;;27.106
[2026-08-13 17:07:51,932] [SUBPROCESS]    R3186;VDD.$12.15;VDD.$13.18;;585.0
[2026-08-13 17:07:51,932] [SUBPROCESS]    R3187;VDD.$12.15;VDD.$334.15;;0.0
[2026-08-13 17:07:51,933] [SUBPROCESS]    R3188;VDD.$12.15;VDD.P0.15;;0.0
[2026-08-13 17:07:51,933] [SUBPROCESS]    R3189;VDD.$120.15;VDD.$121.18;;585.0
[2026-08-13 17:07:51,934] [SUBPROCESS]    R3190;VDD.$120.15;VDD.$130.15;;0.0
[2026-08-13 17:07:51,934] [SUBPROCESS]    R3191;VDD.$1200.15;VDD.$1201.18;;585.0
[2026-08-13 17:07:51,934] [SUBPROCESS]    R3192;VDD.$1201.18;VDD.$3578.18;;0.0
[2026-08-13 17:07:51,935] [SUBPROCESS]    R3193;VDD.$1201.18;VDD.$3586.18;;27.106
[2026-08-13 17:07:51,936] [SUBPROCESS]    R3194;VDD.$1202.15;VDD.$1203.18;;585.0
[2026-08-13 17:07:51,936] [SUBPROCESS]    R3195;VDD.$1203.18;VDD.$3580.18;;0.0
[2026-08-13 17:07:51,937] [SUBPROCESS]    R3196;VDD.$1203.18;VDD.$3588.18;;27.106
[2026-08-13 17:07:51,937] [SUBPROCESS]    R3197;VDD.$1204.15;VDD.$1205.18;;585.0
[2026-08-13 17:07:51,938] [SUBPROCESS]    R3198;VDD.$1205.18;VDD.$3666.18;;0.0
[2026-08-13 17:07:51,938] [SUBPROCESS]    R3199;VDD.$1205.18;VDD.$3672.18;;27.106
[2026-08-13 17:07:51,939] [SUBPROCESS]    R3200;VDD.$1206.15;VDD.$1207.18;;585.0
[2026-08-13 17:07:51,939] [SUBPROCESS]    R3201;VDD.$1206.15;VDD.$1296.15;;0.0
[2026-08-13 17:07:51,940] [SUBPROCESS]    R3202;VDD.$1206.15;VDD.P86.15;;0.0
[2026-08-13 17:07:51,940] [SUBPROCESS]    R3203;VDD.$1207.18;VDD.$3642.18;;0.0
[2026-08-13 17:07:51,941] [SUBPROCESS]    R3204;VDD.$1207.18;VDD.$3644.18;;27.106
[2026-08-13 17:07:51,941] [SUBPROCESS]    R3205;VDD.$1208.15;VDD.$1209.18;;585.0
[2026-08-13 17:07:51,942] [SUBPROCESS]    R3206;VDD.$1208.15;VDD.$1298.15;;0.0
[2026-08-13 17:07:51,942] [SUBPROCESS]    R3207;VDD.$1208.15;VDD.P2.15;;0.0
[2026-08-13 17:07:51,943] [SUBPROCESS]    R3208;VDD.$1209.18;VDD.$4138.18;;27.106
[2026-08-13 17:07:51,943] [SUBPROCESS]    R3209;VDD.$1209.18;VDD.$4148.18;;0.0
[2026-08-13 17:07:51,944] [SUBPROCESS]    R3210;VDD.$121.18;VDD.$1898.18;;0.0
[2026-08-13 17:07:51,944] [SUBPROCESS]    R3211;VDD.$121.18;VDD.$1902.18;;27.106
[2026-08-13 17:07:51,945] [SUBPROCESS]    R3212;VDD.$1210.15;VDD.$1211.18;;585.0
[2026-08-13 17:07:51,945] [SUBPROCESS]    R3213;VDD.$1210.15;VDD.$1212.15;;0.0
[2026-08-13 17:07:51,945] [SUBPROCESS]    R3214;VDD.$1211.18;VDD.$3772.18;;27.106
[2026-08-13 17:07:51,946] [SUBPROCESS]    R3215;VDD.$1211.18;VDD.$3776.18;;0.0
[2026-08-13 17:07:51,946] [SUBPROCESS]    R3216;VDD.$1212.15;VDD.$1213.18;;585.0
[2026-08-13 17:07:51,947] [SUBPROCESS]    R3217;VDD.$1212.15;VDD.$1214.15;;0.0
[2026-08-13 17:07:51,947] [SUBPROCESS]    R3218;VDD.$1213.18;VDD.$3772.18;;0.0
[2026-08-13 17:07:51,948] [SUBPROCESS]    R3219;VDD.$1213.18;VDD.$3828.18;;27.106
[2026-08-13 17:07:51,948] [SUBPROCESS]    R3220;VDD.$1214.15;VDD.$1215.18;;585.0
[2026-08-13 17:07:51,949] [SUBPROCESS]    R3221;VDD.$1214.15;VDD.$1288.15;;0.0
[2026-08-13 17:07:51,949] [SUBPROCESS]    R3222;VDD.$1215.18;VDD.$3828.18;;0.0
[2026-08-13 17:07:51,950] [SUBPROCESS]    R3223;VDD.$1215.18;VDD.$3830.18;;27.106
[2026-08-13 17:07:51,950] [SUBPROCESS]    R3224;VDD.$1216.15;VDD.$1217.18;;585.0
[2026-08-13 17:07:51,951] [SUBPROCESS]    R3225;VDD.$1216.15;VDD.$1242.15;;0.0
[2026-08-13 17:07:51,951] [SUBPROCESS]    R3226;VDD.$1216.15;VDD.$1294.15;;0.0
[2026-08-13 17:07:51,952] [SUBPROCESS]    R3227;VDD.$1217.18;VDD.$3780.18;;0.0
[2026-08-13 17:07:51,952] [SUBPROCESS]    R3228;VDD.$1217.18;VDD.$3802.18;;27.106
[2026-08-13 17:07:51,953] [SUBPROCESS]    R3229;VDD.$1218.15;VDD.$1219.18;;585.0
[2026-08-13 17:07:51,954] [SUBPROCESS]    R3230;VDD.$1218.15;VDD.$1244.15;;0.0
[2026-08-13 17:07:51,954] [SUBPROCESS]    R3231;VDD.$1218.15;VDD.$1300.15;;0.0
[2026-08-13 17:07:51,955] [SUBPROCESS]    R3232;VDD.$1219.18;VDD.$3782.18;;0.0
[2026-08-13 17:07:51,955] [SUBPROCESS]    R3233;VDD.$1219.18;VDD.$3804.18;;27.106
[2026-08-13 17:07:51,956] [SUBPROCESS]    R3234;VDD.$122.15;VDD.$123.18;;585.0
[2026-08-13 17:07:51,956] [SUBPROCESS]    R3235;VDD.$122.15;VDD.$132.15;;0.0
[2026-08-13 17:07:51,956] [SUBPROCESS]    R3236;VDD.$1220.15;VDD.$1221.18;;585.0
[2026-08-13 17:07:51,957] [SUBPROCESS]    R3237;VDD.$1220.15;VDD.$1234.15;;0.0
[2026-08-13 17:07:51,957] [SUBPROCESS]    R3238;VDD.$1220.15;VDD.P86.15;;0.0
[2026-08-13 17:07:51,958] [SUBPROCESS]    R3239;VDD.$1221.18;VDD.$3644.18;;0.0
[2026-08-13 17:07:51,958] [SUBPROCESS]    R3240;VDD.$1221.18;VDD.$3646.18;;27.106
[2026-08-13 17:07:51,959] [SUBPROCESS]    R3241;VDD.$1222.15;VDD.$1223.18;;585.0
[2026-08-13 17:07:51,959] [SUBPROCESS]    R3242;VDD.$1222.15;VDD.$1236.15;;0.0
[2026-08-13 17:07:51,960] [SUBPROCESS]    R3243;VDD.$1222.15;VDD.P2.15;;0.0
[2026-08-13 17:07:51,961] [SUBPROCESS]    R3244;VDD.$1223.18;VDD.$4138.18;;0.0
[2026-08-13 17:07:51,961] [SUBPROCESS]    R3245;VDD.$1223.18;VDD.$4140.18;;27.106
[2026-08-13 17:07:51,961] [SUBPROCESS]    R3246;VDD.$1224.15;VDD.$1225.18;;585.0
[2026-08-13 17:07:51,962] [SUBPROCESS]    R3247;VDD.$1224.15;VDD.$1246.15;;0.0
[2026-08-13 17:07:51,962] [SUBPROCESS]    R3248;VDD.$1224.15;VDD.$1302.15;;0.0
[2026-08-13 17:07:51,963] [SUBPROCESS]    R3249;VDD.$1225.18;VDD.$4182.18;;27.106
[2026-08-13 17:07:51,964] [SUBPROCESS]    R3250;VDD.$1225.18;VDD.$4232.18;;0.0
[2026-08-13 17:07:51,964] [SUBPROCESS]    R3251;VDD.$1226.15;VDD.$1227.18;;585.0
[2026-08-13 17:07:51,965] [SUBPROCESS]    R3252;VDD.$1226.15;VDD.$1252.15;;0.0
[2026-08-13 17:07:51,965] [SUBPROCESS]    R3253;VDD.$1226.15;VDD.$1304.15;;0.0
[2026-08-13 17:07:51,966] [SUBPROCESS]    R3254;VDD.$1227.18;VDD.$4184.18;;27.106
[2026-08-13 17:07:51,967] [SUBPROCESS]    R3255;VDD.$1227.18;VDD.$4234.18;;0.0
[2026-08-13 17:07:51,967] [SUBPROCESS]    R3256;VDD.$1228.15;VDD.$1229.18;;585.0
[2026-08-13 17:07:51,968] [SUBPROCESS]    R3257;VDD.$1228.15;VDD.$1258.15;;0.0
[2026-08-13 17:07:51,968] [SUBPROCESS]    R3258;VDD.$1228.15;VDD.$1290.15;;0.0
[2026-08-13 17:07:51,969] [SUBPROCESS]    R3259;VDD.$1229.18;VDD.$3768.18;;0.0
[2026-08-13 17:07:51,969] [SUBPROCESS]    R3260;VDD.$1229.18;VDD.$3788.18;;27.106
[2026-08-13 17:07:51,970] [SUBPROCESS]    R3261;VDD.$123.18;VDD.$1950.18;;0.0
[2026-08-13 17:07:51,971] [SUBPROCESS]    R3262;VDD.$123.18;VDD.$1962.18;;27.106
[2026-08-13 17:07:51,971] [SUBPROCESS]    R3263;VDD.$1230.15;VDD.$1231.18;;585.0
[2026-08-13 17:07:51,972] [SUBPROCESS]    R3264;VDD.$1230.15;VDD.$1272.15;;0.0
[2026-08-13 17:07:51,973] [SUBPROCESS]    R3265;VDD.$1230.15;VDD.P49.15;;0.0
[2026-08-13 17:07:51,973] [SUBPROCESS]    R3266;VDD.$1231.18;VDD.$3798.18;;27.106
[2026-08-13 17:07:51,973] [SUBPROCESS]    R3267;VDD.$1231.18;VDD.$3822.18;;0.0
[2026-08-13 17:07:51,974] [SUBPROCESS]    R3268;VDD.$1232.15;VDD.$1233.18;;585.0
[2026-08-13 17:07:51,974] [SUBPROCESS]    R3269;VDD.$1232.15;VDD.$1274.15;;0.0
[2026-08-13 17:07:51,975] [SUBPROCESS]    R3270;VDD.$1232.15;VDD.P44.15;;0.0
[2026-08-13 17:07:51,975] [SUBPROCESS]    R3271;VDD.$1233.18;VDD.$3806.18;;27.106
[2026-08-13 17:07:51,976] [SUBPROCESS]    R3272;VDD.$1233.18;VDD.$3832.18;;0.0
[2026-08-13 17:07:51,976] [SUBPROCESS]    R3273;VDD.$1234.15;VDD.$1235.18;;585.0
[2026-08-13 17:07:51,976] [SUBPROCESS]    R3274;VDD.$1234.15;VDD.$1248.15;;0.0
[2026-08-13 17:07:51,977] [SUBPROCESS]    R3275;VDD.$1235.18;VDD.$3646.18;;0.0
[2026-08-13 17:07:51,977] [SUBPROCESS]    R3276;VDD.$1235.18;VDD.$3648.18;;27.106
[2026-08-13 17:07:51,978] [SUBPROCESS]    R3277;VDD.$1236.15;VDD.$1237.18;;585.0
[2026-08-13 17:07:51,978] [SUBPROCESS]    R3278;VDD.$1236.15;VDD.$1250.15;;0.0
[2026-08-13 17:07:51,978] [SUBPROCESS]    R3279;VDD.$1237.18;VDD.$4140.18;;0.0
[2026-08-13 17:07:51,979] [SUBPROCESS]    R3280;VDD.$1237.18;VDD.$4150.18;;27.106
[2026-08-13 17:07:51,979] [SUBPROCESS]    R3281;VDD.$1238.15;VDD.$1239.18;;585.0
[2026-08-13 17:07:51,980] [SUBPROCESS]    R3282;VDD.$1238.15;VDD.$1276.15;;0.0
[2026-08-13 17:07:51,980] [SUBPROCESS]    R3283;VDD.$1238.15;VDD.P45.15;;0.0
[2026-08-13 17:07:51,980] [SUBPROCESS]    R3284;VDD.$1239.18;VDD.$4164.18;;27.106
[2026-08-13 17:07:51,981] [SUBPROCESS]    R3285;VDD.$1239.18;VDD.$4198.18;;0.0
[2026-08-13 17:07:51,981] [SUBPROCESS]    R3286;VDD.$124.15;VDD.$125.18;;585.0
[2026-08-13 17:07:51,982] [SUBPROCESS]    R3287;VDD.$124.15;VDD.$134.15;;0.0
[2026-08-13 17:07:51,982] [SUBPROCESS]    R3288;VDD.$1240.15;VDD.$1241.18;;585.0
[2026-08-13 17:07:51,983] [SUBPROCESS]    R3289;VDD.$1240.15;VDD.$1278.15;;0.0
[2026-08-13 17:07:51,983] [SUBPROCESS]    R3290;VDD.$1240.15;VDD.P40.15;;0.0
[2026-08-13 17:07:51,983] [SUBPROCESS]    R3291;VDD.$1241.18;VDD.$4166.18;;27.106
[2026-08-13 17:07:51,984] [SUBPROCESS]    R3292;VDD.$1241.18;VDD.$4204.18;;0.0
[2026-08-13 17:07:51,984] [SUBPROCESS]    R3293;VDD.$1242.15;VDD.$1243.18;;585.0
[2026-08-13 17:07:51,985] [SUBPROCESS]    R3294;VDD.$1243.18;VDD.$3802.18;;0.0
[2026-08-13 17:07:51,985] [SUBPROCESS]    R3295;VDD.$1244.15;VDD.$1245.18;;585.0
[2026-08-13 17:07:51,986] [SUBPROCESS]    R3296;VDD.$1245.18;VDD.$3804.18;;0.0
[2026-08-13 17:07:51,986] [SUBPROCESS]    R3297;VDD.$1246.15;VDD.$1247.18;;585.0
[2026-08-13 17:07:51,987] [SUBPROCESS]    R3298;VDD.$1247.18;VDD.$4182.18;;0.0
[2026-08-13 17:07:51,988] [SUBPROCESS]    R3299;VDD.$1248.15;VDD.$1249.18;;585.0
[2026-08-13 17:07:51,988] [SUBPROCESS]    R3300;VDD.$1248.15;VDD.$1262.15;;0.0
[2026-08-13 17:07:51,989] [SUBPROCESS]    R3301;VDD.$1249.18;VDD.$3648.18;;0.0
[2026-08-13 17:07:51,989] [SUBPROCESS]    R3302;VDD.$1249.18;VDD.$3650.18;;27.106
[2026-08-13 17:07:51,989] [SUBPROCESS]    R3303;VDD.$125.18;VDD.$1952.18;;0.0
[2026-08-13 17:07:51,990] [SUBPROCESS]    R3304;VDD.$125.18;VDD.$1964.18;;27.106
[2026-08-13 17:07:51,990] [SUBPROCESS]    R3305;VDD.$1250.15;VDD.$1251.18;;585.0
[2026-08-13 17:07:51,991] [SUBPROCESS]    R3306;VDD.$1250.15;VDD.$1264.15;;0.0
[2026-08-13 17:07:51,991] [SUBPROCESS]    R3307;VDD.$1251.18;VDD.$4146.18;;27.106
[2026-08-13 17:07:51,992] [SUBPROCESS]    R3308;VDD.$1251.18;VDD.$4150.18;;0.0
[2026-08-13 17:07:51,992] [SUBPROCESS]    R3309;VDD.$1252.15;VDD.$1253.18;;585.0
[2026-08-13 17:07:51,992] [SUBPROCESS]    R3310;VDD.$1253.18;VDD.$4184.18;;0.0
[2026-08-13 17:07:51,993] [SUBPROCESS]    R3311;VDD.$1254.15;VDD.$1255.18;;585.0
[2026-08-13 17:07:51,993] [SUBPROCESS]    R3312;VDD.$1254.15;VDD.$1260.15;;0.0
[2026-08-13 17:07:51,994] [SUBPROCESS]    R3313;VDD.$1254.15;VDD.$1292.15;;0.0
[2026-08-13 17:07:51,994] [SUBPROCESS]    R3314;VDD.$1255.18;VDD.$4206.18;;0.0
[2026-08-13 17:07:51,994] [SUBPROCESS]    R3315;VDD.$1255.18;VDD.$4212.18;;27.106
[2026-08-13 17:07:51,995] [SUBPROCESS]    R3316;VDD.$1256.15;VDD.$1257.18;;585.0
[2026-08-13 17:07:51,995] [SUBPROCESS]    R3317;VDD.$1256.15;VDD.$1266.15;;0.0
[2026-08-13 17:07:51,996] [SUBPROCESS]    R3318;VDD.$1256.15;VDD.$1306.15;;0.0
[2026-08-13 17:07:51,996] [SUBPROCESS]    R3319;VDD.$1257.18;VDD.$4210.18;;0.0
[2026-08-13 17:07:51,997] [SUBPROCESS]    R3320;VDD.$1257.18;VDD.$4238.18;;27.106
[2026-08-13 17:07:51,997] [SUBPROCESS]    R3321;VDD.$1258.15;VDD.$1259.18;;585.0
[2026-08-13 17:07:51,997] [SUBPROCESS]    R3322;VDD.$1258.15;VDD.$1280.15;;0.0
[2026-08-13 17:07:51,998] [SUBPROCESS]    R3323;VDD.$1259.18;VDD.$3768.18;;27.106
[2026-08-13 17:07:51,998] [SUBPROCESS]    R3324;VDD.$1259.18;VDD.$3774.18;;0.0
[2026-08-13 17:07:51,999] [SUBPROCESS]    R3325;VDD.$126.15;VDD.$127.18;;585.0
[2026-08-13 17:07:51,999] [SUBPROCESS]    R3326;VDD.$126.15;VDD.$136.15;;0.0
[2026-08-13 17:07:52,000] [SUBPROCESS]    R3327;VDD.$1260.15;VDD.$1261.18;;585.0
[2026-08-13 17:07:52,000] [SUBPROCESS]    R3328;VDD.$1260.15;VDD.$1286.15;;0.0
[2026-08-13 17:07:52,000] [SUBPROCESS]    R3329;VDD.$1261.18;VDD.$4206.18;;27.106
[2026-08-13 17:07:52,001] [SUBPROCESS]    R3330;VDD.$1261.18;VDD.$4218.18;;0.0
[2026-08-13 17:07:52,001] [SUBPROCESS]    R3331;VDD.$1262.15;VDD.$1263.18;;585.0
[2026-08-13 17:07:52,002] [SUBPROCESS]    R3332;VDD.$1262.15;VDD.$876.15;;0.0
[2026-08-13 17:07:52,002] [SUBPROCESS]    R3333;VDD.$1263.18;VDD.$3172.18;;27.106
[2026-08-13 17:07:52,003] [SUBPROCESS]    R3334;VDD.$1263.18;VDD.$3650.18;;0.0
[2026-08-13 17:07:52,004] [SUBPROCESS]    R3335;VDD.$1264.15;VDD.$1265.18;;585.0
[2026-08-13 17:07:52,004] [SUBPROCESS]    R3336;VDD.$1264.15;VDD.$878.15;;0.0
[2026-08-13 17:07:52,005] [SUBPROCESS]    R3337;VDD.$1265.18;VDD.$4064.18;;27.106
[2026-08-13 17:07:52,006] [SUBPROCESS]    R3338;VDD.$1265.18;VDD.$4146.18;;0.0
[2026-08-13 17:07:52,006] [SUBPROCESS]    R3339;VDD.$1266.15;VDD.$1267.18;;585.0
[2026-08-13 17:07:52,007] [SUBPROCESS]    R3340;VDD.$1266.15;VDD.$1308.15;;0.0
[2026-08-13 17:07:52,008] [SUBPROCESS]    R3341;VDD.$1267.18;VDD.$4210.18;;27.106
[2026-08-13 17:07:52,008] [SUBPROCESS]    R3342;VDD.$1267.18;VDD.$4228.18;;0.0
[2026-08-13 17:07:52,009] [SUBPROCESS]    R3343;VDD.$1268.15;VDD.$1269.18;;585.0
[2026-08-13 17:07:52,009] [SUBPROCESS]    R3344;VDD.$1268.15;VDD.$1282.15;;0.0
[2026-08-13 17:07:52,009] [SUBPROCESS]    R3345;VDD.$1269.18;VDD.$3636.18;;0.0
[2026-08-13 17:07:52,010] [SUBPROCESS]    R3346;VDD.$1269.18;VDD.$3638.18;;27.106
[2026-08-13 17:07:52,010] [SUBPROCESS]    R3347;VDD.$127.18;VDD.$1954.18;;0.0
[2026-08-13 17:07:52,011] [SUBPROCESS]    R3348;VDD.$127.18;VDD.$1966.18;;27.106
[2026-08-13 17:07:52,011] [SUBPROCESS]    R3349;VDD.$1270.15;VDD.$1271.18;;585.0
[2026-08-13 17:07:52,012] [SUBPROCESS]    R3350;VDD.$1270.15;VDD.$1284.15;;0.0
[2026-08-13 17:07:52,012] [SUBPROCESS]    R3351;VDD.$1271.18;VDD.$4136.18;;27.106
[2026-08-13 17:07:52,012] [SUBPROCESS]    R3352;VDD.$1271.18;VDD.$4142.18;;0.0
[2026-08-13 17:07:52,013] [SUBPROCESS]    R3353;VDD.$1272.15;VDD.$1273.18;;585.0
[2026-08-13 17:07:52,013] [SUBPROCESS]    R3354;VDD.$1272.15;VDD.$1294.15;;0.0
[2026-08-13 17:07:52,014] [SUBPROCESS]    R3355;VDD.$1273.18;VDD.$3798.18;;0.0
[2026-08-13 17:07:52,014] [SUBPROCESS]    R3356;VDD.$1273.18;VDD.$3826.18;;27.106
[2026-08-13 17:07:52,014] [SUBPROCESS]    R3357;VDD.$1274.15;VDD.$1275.18;;585.0
[2026-08-13 17:07:52,015] [SUBPROCESS]    R3358;VDD.$1274.15;VDD.$1300.15;;0.0
[2026-08-13 17:07:52,015] [SUBPROCESS]    R3359;VDD.$1275.18;VDD.$3766.18;;27.106
[2026-08-13 17:07:52,016] [SUBPROCESS]    R3360;VDD.$1275.18;VDD.$3806.18;;0.0
[2026-08-13 17:07:52,016] [SUBPROCESS]    R3361;VDD.$1276.15;VDD.$1277.18;;585.0
[2026-08-13 17:07:52,016] [SUBPROCESS]    R3362;VDD.$1276.15;VDD.$1302.15;;0.0
[2026-08-13 17:07:52,017] [SUBPROCESS]    R3363;VDD.$1277.18;VDD.$4164.18;;0.0
[2026-08-13 17:07:52,017] [SUBPROCESS]    R3364;VDD.$1277.18;VDD.$4196.18;;27.106
[2026-08-13 17:07:52,018] [SUBPROCESS]    R3365;VDD.$1278.15;VDD.$1279.18;;585.0
[2026-08-13 17:07:52,018] [SUBPROCESS]    R3366;VDD.$1278.15;VDD.$1304.15;;0.0
[2026-08-13 17:07:52,019] [SUBPROCESS]    R3367;VDD.$1279.18;VDD.$4166.18;;0.0
[2026-08-13 17:07:52,019] [SUBPROCESS]    R3368;VDD.$1279.18;VDD.$4200.18;;27.106
[2026-08-13 17:07:52,020] [SUBPROCESS]    R3369;VDD.$128.15;VDD.$129.18;;585.0
[2026-08-13 17:07:52,021] [SUBPROCESS]    R3370;VDD.$128.15;VDD.P31.15;;0.0
[2026-08-13 17:07:52,021] [SUBPROCESS]    R3371;VDD.$1280.15;VDD.$1281.18;;585.0
[2026-08-13 17:07:52,022] [SUBPROCESS]    R3372;VDD.$1281.18;VDD.$3774.18;;27.106
[2026-08-13 17:07:52,022] [SUBPROCESS]    R3373;VDD.$1281.18;VDD.$3792.18;;0.0
[2026-08-13 17:07:52,023] [SUBPROCESS]    R3374;VDD.$1282.15;VDD.$1283.18;;585.0
[2026-08-13 17:07:52,023] [SUBPROCESS]    R3375;VDD.$1282.15;VDD.$1296.15;;0.0
[2026-08-13 17:07:52,023] [SUBPROCESS]    R3376;VDD.$1283.18;VDD.$3638.18;;0.0
[2026-08-13 17:07:52,024] [SUBPROCESS]    R3377;VDD.$1283.18;VDD.$3640.18;;27.106
[2026-08-13 17:07:52,024] [SUBPROCESS]    R3378;VDD.$1284.15;VDD.$1285.18;;585.0
[2026-08-13 17:07:52,025] [SUBPROCESS]    R3379;VDD.$1284.15;VDD.$1298.15;;0.0
[2026-08-13 17:07:52,025] [SUBPROCESS]    R3380;VDD.$1285.18;VDD.$4136.18;;0.0
[2026-08-13 17:07:52,026] [SUBPROCESS]    R3381;VDD.$1285.18;VDD.$4144.18;;27.106
[2026-08-13 17:07:52,026] [SUBPROCESS]    R3382;VDD.$1286.15;VDD.$1287.18;;585.0
[2026-08-13 17:07:52,026] [SUBPROCESS]    R3383;VDD.$1287.18;VDD.$4218.18;;27.106
[2026-08-13 17:07:52,027] [SUBPROCESS]    R3384;VDD.$1287.18;VDD.$4250.18;;0.0
[2026-08-13 17:07:52,027] [SUBPROCESS]    R3385;VDD.$1288.15;VDD.$1289.18;;585.0
[2026-08-13 17:07:52,028] [SUBPROCESS]    R3386;VDD.$1288.15;VDD.P49.15;;0.0
[2026-08-13 17:07:52,028] [SUBPROCESS]    R3387;VDD.$1289.18;VDD.$3822.18;;27.106
[2026-08-13 17:07:52,028] [SUBPROCESS]    R3388;VDD.$1289.18;VDD.$3830.18;;0.0
[2026-08-13 17:07:52,029] [SUBPROCESS]    R3389;VDD.$129.18;VDD.$1736.18;;27.106
[2026-08-13 17:07:52,029] [SUBPROCESS]    R3390;VDD.$129.18;VDD.$1900.18;;0.0
[2026-08-13 17:07:52,030] [SUBPROCESS]    R3391;VDD.$1290.15;VDD.$1291.18;;585.0
[2026-08-13 17:07:52,030] [SUBPROCESS]    R3392;VDD.$1290.15;VDD.P44.15;;0.0
[2026-08-13 17:07:52,031] [SUBPROCESS]    R3393;VDD.$1291.18;VDD.$3788.18;;0.0
[2026-08-13 17:07:52,031] [SUBPROCESS]    R3394;VDD.$1291.18;VDD.$3832.18;;27.106
[2026-08-13 17:07:52,031] [SUBPROCESS]    R3395;VDD.$1292.15;VDD.$1293.18;;585.0
[2026-08-13 17:07:52,032] [SUBPROCESS]    R3396;VDD.$1292.15;VDD.P45.15;;0.0
[2026-08-13 17:07:52,032] [SUBPROCESS]    R3397;VDD.$1293.18;VDD.$4198.18;;27.106
[2026-08-13 17:07:52,033] [SUBPROCESS]    R3398;VDD.$1293.18;VDD.$4212.18;;0.0
[2026-08-13 17:07:52,033] [SUBPROCESS]    R3399;VDD.$1294.15;VDD.$1295.18;;585.0
[2026-08-13 17:07:52,034] [SUBPROCESS]    R3400;VDD.$1295.18;VDD.$3780.18;;27.106
[2026-08-13 17:07:52,034] [SUBPROCESS]    R3401;VDD.$1295.18;VDD.$3826.18;;0.0
[2026-08-13 17:07:52,034] [SUBPROCESS]    R3402;VDD.$1296.15;VDD.$1297.18;;585.0
[2026-08-13 17:07:52,035] [SUBPROCESS]    R3403;VDD.$1297.18;VDD.$3640.18;;0.0
[2026-08-13 17:07:52,036] [SUBPROCESS]    R3404;VDD.$1297.18;VDD.$3642.18;;27.106
[2026-08-13 17:07:52,036] [SUBPROCESS]    R3405;VDD.$1298.15;VDD.$1299.18;;585.0
[2026-08-13 17:07:52,037] [SUBPROCESS]    R3406;VDD.$1299.18;VDD.$4144.18;;0.0
[2026-08-13 17:07:52,037] [SUBPROCESS]    R3407;VDD.$1299.18;VDD.$4148.18;;27.106
[2026-08-13 17:07:52,038] [SUBPROCESS]    R3408;VDD.$13.18;VDD.$4004.18;;27.106
[2026-08-13 17:07:52,038] [SUBPROCESS]    R3409;VDD.$13.18;VDD.$4020.18;;0.0
[2026-08-13 17:07:52,039] [SUBPROCESS]    R3410;VDD.$130.15;VDD.$131.18;;585.0
[2026-08-13 17:07:52,039] [SUBPROCESS]    R3411;VDD.$130.15;VDD.P22.15;;0.0
[2026-08-13 17:07:52,040] [SUBPROCESS]    R3412;VDD.$1300.15;VDD.$1301.18;;585.0
[2026-08-13 17:07:52,040] [SUBPROCESS]    R3413;VDD.$1301.18;VDD.$3766.18;;0.0
[2026-08-13 17:07:52,041] [SUBPROCESS]    R3414;VDD.$1301.18;VDD.$3782.18;;27.106
[2026-08-13 17:07:52,041] [SUBPROCESS]    R3415;VDD.$1302.15;VDD.$1303.18;;585.0
[2026-08-13 17:07:52,042] [SUBPROCESS]    R3416;VDD.$1303.18;VDD.$4196.18;;0.0
[2026-08-13 17:07:52,042] [SUBPROCESS]    R3417;VDD.$1303.18;VDD.$4232.18;;27.106
[2026-08-13 17:07:52,043] [SUBPROCESS]    R3418;VDD.$1304.15;VDD.$1305.18;;585.0
[2026-08-13 17:07:52,043] [SUBPROCESS]    R3419;VDD.$1305.18;VDD.$4200.18;;0.0
[2026-08-13 17:07:52,044] [SUBPROCESS]    R3420;VDD.$1305.18;VDD.$4234.18;;27.106
[2026-08-13 17:07:52,045] [SUBPROCESS]    R3421;VDD.$1306.15;VDD.$1307.18;;585.0
[2026-08-13 17:07:52,045] [SUBPROCESS]    R3422;VDD.$1306.15;VDD.P40.15;;0.0
[2026-08-13 17:07:52,046] [SUBPROCESS]    R3423;VDD.$1307.18;VDD.$4204.18;;27.106
[2026-08-13 17:07:52,046] [SUBPROCESS]    R3424;VDD.$1307.18;VDD.$4238.18;;0.0
[2026-08-13 17:07:52,047] [SUBPROCESS]    R3425;VDD.$1308.15;VDD.$1309.18;;585.0
[2026-08-13 17:07:52,047] [SUBPROCESS]    R3426;VDD.$1309.18;VDD.$4172.18;;0.0
[2026-08-13 17:07:52,048] [SUBPROCESS]    R3427;VDD.$1309.18;VDD.$4228.18;;27.106
[2026-08-13 17:07:52,048] [SUBPROCESS]    R3428;VDD.$131.18;VDD.$1738.18;;27.106
[2026-08-13 17:07:52,049] [SUBPROCESS]    R3429;VDD.$131.18;VDD.$1902.18;;0.0
[2026-08-13 17:07:52,049] [SUBPROCESS]    R3430;VDD.$1310.15;VDD.$1311.18;;585.0
[2026-08-13 17:07:52,050] [SUBPROCESS]    R3431;VDD.$1310.15;VDD.$1484.15;;0.0
[2026-08-13 17:07:52,050] [SUBPROCESS]    R3432;VDD.$1311.18;VDD.$4066.18;;0.0
[2026-08-13 17:07:52,050] [SUBPROCESS]    R3433;VDD.$1312.15;VDD.$1313.18;;585.0
[2026-08-13 17:07:52,051] [SUBPROCESS]    R3434;VDD.$1312.15;VDD.$1492.15;;0.0
[2026-08-13 17:07:52,051] [SUBPROCESS]    R3435;VDD.$1313.18;VDD.$4068.18;;0.0
[2026-08-13 17:07:52,052] [SUBPROCESS]    R3436;VDD.$1314.15;VDD.$1315.18;;585.0
[2026-08-13 17:07:52,052] [SUBPROCESS]    R3437;VDD.$1314.15;VDD.$1574.15;;0.0
[2026-08-13 17:07:52,053] [SUBPROCESS]    R3438;VDD.$1315.18;VDD.$3872.18;;0.0
[2026-08-13 17:07:52,053] [SUBPROCESS]    R3439;VDD.$1316.15;VDD.$1317.18;;585.0
[2026-08-13 17:07:52,054] [SUBPROCESS]    R3440;VDD.$1316.15;VDD.$1576.15;;0.0
[2026-08-13 17:07:52,054] [SUBPROCESS]    R3441;VDD.$1317.18;VDD.$3874.18;;0.0
[2026-08-13 17:07:52,055] [SUBPROCESS]    R3442;VDD.$1318.15;VDD.$1319.18;;585.0
[2026-08-13 17:07:52,055] [SUBPROCESS]    R3443;VDD.$1318.15;VDD.$1592.15;;0.0
[2026-08-13 17:07:52,056] [SUBPROCESS]    R3444;VDD.$1319.18;VDD.$3876.18;;0.0
[2026-08-13 17:07:52,056] [SUBPROCESS]    R3445;VDD.$132.15;VDD.$133.18;;585.0
[2026-08-13 17:07:52,057] [SUBPROCESS]    R3446;VDD.$132.15;VDD.P23.15;;0.0
[2026-08-13 17:07:52,057] [SUBPROCESS]    R3447;VDD.$1320.15;VDD.$1321.18;;585.0
[2026-08-13 17:07:52,058] [SUBPROCESS]    R3448;VDD.$1320.15;VDD.$1610.15;;0.0
[2026-08-13 17:07:52,058] [SUBPROCESS]    R3449;VDD.$1321.18;VDD.$3878.18;;0.0
[2026-08-13 17:07:52,058] [SUBPROCESS]    R3450;VDD.$1322.15;VDD.$1323.18;;585.0
[2026-08-13 17:07:52,059] [SUBPROCESS]    R3451;VDD.$1322.15;VDD.$1328.15;;0.0
[2026-08-13 17:07:52,059] [SUBPROCESS]    R3452;VDD.$1323.18;VDD.$3888.18;;0.0
[2026-08-13 17:07:52,060] [SUBPROCESS]    R3453;VDD.$1323.18;VDD.$3896.18;;27.106
[2026-08-13 17:07:52,060] [SUBPROCESS]    R3454;VDD.$1324.15;VDD.$1325.18;;585.0
[2026-08-13 17:07:52,060] [SUBPROCESS]    R3455;VDD.$1324.15;VDD.$1330.15;;0.0
[2026-08-13 17:07:52,061] [SUBPROCESS]    R3456;VDD.$1325.18;VDD.$3890.18;;0.0
[2026-08-13 17:07:52,061] [SUBPROCESS]    R3457;VDD.$1325.18;VDD.$3898.18;;27.106
[2026-08-13 17:07:52,062] [SUBPROCESS]    R3458;VDD.$1326.15;VDD.$1327.18;;585.0
[2026-08-13 17:07:52,062] [SUBPROCESS]    R3459;VDD.$1326.15;VDD.$1332.15;;0.0
[2026-08-13 17:07:52,063] [SUBPROCESS]    R3460;VDD.$1327.18;VDD.$3892.18;;0.0
[2026-08-13 17:07:52,063] [SUBPROCESS]    R3461;VDD.$1327.18;VDD.$3900.18;;27.106
[2026-08-13 17:07:52,063] [SUBPROCESS]    R3462;VDD.$1328.15;VDD.$1329.18;;585.0
[2026-08-13 17:07:52,064] [SUBPROCESS]    R3463;VDD.$1328.15;VDD.$1334.15;;0.0
[2026-08-13 17:07:52,064] [SUBPROCESS]    R3464;VDD.$1329.18;VDD.$3896.18;;0.0
[2026-08-13 17:07:52,065] [SUBPROCESS]    R3465;VDD.$1329.18;VDD.$3904.18;;27.106
[2026-08-13 17:07:52,065] [SUBPROCESS]    R3466;VDD.$133.18;VDD.$1740.18;;27.106
[2026-08-13 17:07:52,065] [SUBPROCESS]    R3467;VDD.$133.18;VDD.$1962.18;;0.0
[2026-08-13 17:07:52,066] [SUBPROCESS]    R3468;VDD.$1330.15;VDD.$1331.18;;585.0
[2026-08-13 17:07:52,066] [SUBPROCESS]    R3469;VDD.$1330.15;VDD.$1336.15;;0.0
[2026-08-13 17:07:52,067] [SUBPROCESS]    R3470;VDD.$1331.18;VDD.$3898.18;;0.0
[2026-08-13 17:07:52,067] [SUBPROCESS]    R3471;VDD.$1331.18;VDD.$3906.18;;27.106
[2026-08-13 17:07:52,068] [SUBPROCESS]    R3472;VDD.$1332.15;VDD.$1333.18;;585.0
[2026-08-13 17:07:52,068] [SUBPROCESS]    R3473;VDD.$1332.15;VDD.$1338.15;;0.0
[2026-08-13 17:07:52,068] [SUBPROCESS]    R3474;VDD.$1333.18;VDD.$3900.18;;0.0
[2026-08-13 17:07:52,069] [SUBPROCESS]    R3475;VDD.$1333.18;VDD.$3908.18;;27.106
[2026-08-13 17:07:52,070] [SUBPROCESS]    R3476;VDD.$1334.15;VDD.$1335.18;;585.0
[2026-08-13 17:07:52,070] [SUBPROCESS]    R3477;VDD.$1334.15;VDD.$1340.15;;0.0
[2026-08-13 17:07:52,071] [SUBPROCESS]    R3478;VDD.$1335.18;VDD.$3904.18;;0.0
[2026-08-13 17:07:52,071] [SUBPROCESS]    R3479;VDD.$1335.18;VDD.$3912.18;;27.106
[2026-08-13 17:07:52,072] [SUBPROCESS]    R3480;VDD.$1336.15;VDD.$1337.18;;585.0
[2026-08-13 17:07:52,072] [SUBPROCESS]    R3481;VDD.$1336.15;VDD.$1342.15;;0.0
[2026-08-13 17:07:52,073] [SUBPROCESS]    R3482;VDD.$1337.18;VDD.$3906.18;;0.0
[2026-08-13 17:07:52,073] [SUBPROCESS]    R3483;VDD.$1337.18;VDD.$3914.18;;27.106
[2026-08-13 17:07:52,073] [SUBPROCESS]    R3484;VDD.$1338.15;VDD.$1339.18;;585.0
[2026-08-13 17:07:52,074] [SUBPROCESS]    R3485;VDD.$1338.15;VDD.$1344.15;;0.0
[2026-08-13 17:07:52,074] [SUBPROCESS]    R3486;VDD.$1339.18;VDD.$3908.18;;0.0
[2026-08-13 17:07:52,075] [SUBPROCESS]    R3487;VDD.$1339.18;VDD.$3916.18;;27.106
[2026-08-13 17:07:52,075] [SUBPROCESS]    R3488;VDD.$134.15;VDD.$135.18;;585.0
[2026-08-13 17:07:52,076] [SUBPROCESS]    R3489;VDD.$134.15;VDD.P8.15;;0.0
[2026-08-13 17:07:52,076] [SUBPROCESS]    R3490;VDD.$1340.15;VDD.$1341.18;;585.0
[2026-08-13 17:07:52,076] [SUBPROCESS]    R3491;VDD.$1340.15;VDD.P72.15;;0.0
[2026-08-13 17:07:52,077] [SUBPROCESS]    R3492;VDD.$1341.18;VDD.$3912.18;;0.0
[2026-08-13 17:07:52,077] [SUBPROCESS]    R3493;VDD.$1341.18;VDD.$3920.18;;27.106
[2026-08-13 17:07:52,078] [SUBPROCESS]    R3494;VDD.$1342.15;VDD.$1343.18;;585.0
[2026-08-13 17:07:52,078] [SUBPROCESS]    R3495;VDD.$1342.15;VDD.P16.15;;0.0
[2026-08-13 17:07:52,079] [SUBPROCESS]    R3496;VDD.$1343.18;VDD.$3914.18;;0.0
[2026-08-13 17:07:52,079] [SUBPROCESS]    R3497;VDD.$1343.18;VDD.$3922.18;;27.106
[2026-08-13 17:07:52,079] [SUBPROCESS]    R3498;VDD.$1344.15;VDD.$1345.18;;585.0
[2026-08-13 17:07:52,080] [SUBPROCESS]    R3499;VDD.$1344.15;VDD.P17.15;;0.0
[2026-08-13 17:07:52,080] [SUBPROCESS]    R3500;VDD.$1345.18;VDD.$3916.18;;0.0
[2026-08-13 17:07:52,081] [SUBPROCESS]    R3501;VDD.$1345.18;VDD.$3924.18;;27.106
[2026-08-13 17:07:52,081] [SUBPROCESS]    R3502;VDD.$1346.15;VDD.$1347.18;;585.0
[2026-08-13 17:07:52,082] [SUBPROCESS]    R3503;VDD.$1346.15;VDD.$1352.15;;0.0
[2026-08-13 17:07:52,082] [SUBPROCESS]    R3504;VDD.$1346.15;VDD.P72.15;;0.0
[2026-08-13 17:07:52,083] [SUBPROCESS]    R3505;VDD.$1347.18;VDD.$3920.18;;0.0
[2026-08-13 17:07:52,083] [SUBPROCESS]    R3506;VDD.$1347.18;VDD.$3928.18;;27.106
[2026-08-13 17:07:52,084] [SUBPROCESS]    R3507;VDD.$1348.15;VDD.$1349.18;;585.0
[2026-08-13 17:07:52,084] [SUBPROCESS]    R3508;VDD.$1348.15;VDD.$1354.15;;0.0
[2026-08-13 17:07:52,085] [SUBPROCESS]    R3509;VDD.$1348.15;VDD.P16.15;;0.0
[2026-08-13 17:07:52,086] [SUBPROCESS]    R3510;VDD.$1349.18;VDD.$3922.18;;0.0
[2026-08-13 17:07:52,086] [SUBPROCESS]    R3511;VDD.$1349.18;VDD.$3930.18;;27.106
[2026-08-13 17:07:52,087] [SUBPROCESS]    R3512;VDD.$135.18;VDD.$1742.18;;27.106
[2026-08-13 17:07:52,088] [SUBPROCESS]    R3513;VDD.$135.18;VDD.$1964.18;;0.0
[2026-08-13 17:07:52,089] [SUBPROCESS]    R3514;VDD.$1350.15;VDD.$1351.18;;585.0
[2026-08-13 17:07:52,089] [SUBPROCESS]    R3515;VDD.$1350.15;VDD.$1356.15;;0.0
[2026-08-13 17:07:52,090] [SUBPROCESS]    R3516;VDD.$1350.15;VDD.P17.15;;0.0
[2026-08-13 17:07:52,090] [SUBPROCESS]    R3517;VDD.$1351.18;VDD.$3924.18;;0.0
[2026-08-13 17:07:52,091] [SUBPROCESS]    R3518;VDD.$1351.18;VDD.$3932.18;;27.106
[2026-08-13 17:07:52,091] [SUBPROCESS]    R3519;VDD.$1352.15;VDD.$1353.18;;585.0
[2026-08-13 17:07:52,091] [SUBPROCESS]    R3520;VDD.$1352.15;VDD.$1358.15;;0.0
[2026-08-13 17:07:52,092] [SUBPROCESS]    R3521;VDD.$1353.18;VDD.$3928.18;;0.0
[2026-08-13 17:07:52,092] [SUBPROCESS]    R3522;VDD.$1353.18;VDD.$3936.18;;27.106
[2026-08-13 17:07:52,093] [SUBPROCESS]    R3523;VDD.$1354.15;VDD.$1355.18;;585.0
[2026-08-13 17:07:52,093] [SUBPROCESS]    R3524;VDD.$1354.15;VDD.$1360.15;;0.0
[2026-08-13 17:07:52,093] [SUBPROCESS]    R3525;VDD.$1355.18;VDD.$3930.18;;0.0
[2026-08-13 17:07:52,094] [SUBPROCESS]    R3526;VDD.$1355.18;VDD.$3938.18;;27.106
[2026-08-13 17:07:52,094] [SUBPROCESS]    R3527;VDD.$1356.15;VDD.$1357.18;;585.0
[2026-08-13 17:07:52,095] [SUBPROCESS]    R3528;VDD.$1356.15;VDD.$1362.15;;0.0
[2026-08-13 17:07:52,095] [SUBPROCESS]    R3529;VDD.$1357.18;VDD.$3932.18;;0.0
[2026-08-13 17:07:52,096] [SUBPROCESS]    R3530;VDD.$1357.18;VDD.$3940.18;;27.106
[2026-08-13 17:07:52,096] [SUBPROCESS]    R3531;VDD.$1358.15;VDD.$1359.18;;585.0
[2026-08-13 17:07:52,096] [SUBPROCESS]    R3532;VDD.$1358.15;VDD.$1364.15;;0.0
[2026-08-13 17:07:52,097] [SUBPROCESS]    R3533;VDD.$1359.18;VDD.$3936.18;;0.0
[2026-08-13 17:07:52,097] [SUBPROCESS]    R3534;VDD.$1359.18;VDD.$3944.18;;27.106
[2026-08-13 17:07:52,098] [SUBPROCESS]    R3535;VDD.$136.15;VDD.$137.18;;585.0
[2026-08-13 17:07:52,098] [SUBPROCESS]    R3536;VDD.$136.15;VDD.P9.15;;0.0
[2026-08-13 17:07:52,098] [SUBPROCESS]    R3537;VDD.$1360.15;VDD.$1361.18;;585.0
[2026-08-13 17:07:52,099] [SUBPROCESS]    R3538;VDD.$1360.15;VDD.$1366.15;;0.0
[2026-08-13 17:07:52,099] [SUBPROCESS]    R3539;VDD.$1361.18;VDD.$3938.18;;0.0
[2026-08-13 17:07:52,100] [SUBPROCESS]    R3540;VDD.$1361.18;VDD.$3946.18;;27.106
[2026-08-13 17:07:52,100] [SUBPROCESS]    R3541;VDD.$1362.15;VDD.$1363.18;;585.0
[2026-08-13 17:07:52,100] [SUBPROCESS]    R3542;VDD.$1362.15;VDD.$1368.15;;0.0
[2026-08-13 17:07:52,101] [SUBPROCESS]    R3543;VDD.$1363.18;VDD.$3940.18;;0.0
[2026-08-13 17:07:52,101] [SUBPROCESS]    R3544;VDD.$1363.18;VDD.$3948.18;;27.106
[2026-08-13 17:07:52,102] [SUBPROCESS]    R3545;VDD.$1364.15;VDD.$1365.18;;585.0
[2026-08-13 17:07:52,102] [SUBPROCESS]    R3546;VDD.$1364.15;VDD.$1370.15;;0.0
[2026-08-13 17:07:52,103] [SUBPROCESS]    R3547;VDD.$1365.18;VDD.$3944.18;;0.0
[2026-08-13 17:07:52,103] [SUBPROCESS]    R3548;VDD.$1365.18;VDD.$3952.18;;27.106
[2026-08-13 17:07:52,104] [SUBPROCESS]    R3549;VDD.$1366.15;VDD.$1367.18;;585.0
[2026-08-13 17:07:52,104] [SUBPROCESS]    R3550;VDD.$1366.15;VDD.$1372.15;;0.0
[2026-08-13 17:07:52,105] [SUBPROCESS]    R3551;VDD.$1367.18;VDD.$3946.18;;0.0
[2026-08-13 17:07:52,105] [SUBPROCESS]    R3552;VDD.$1367.18;VDD.$3954.18;;27.106
[2026-08-13 17:07:52,106] [SUBPROCESS]    R3553;VDD.$1368.15;VDD.$1369.18;;585.0
[2026-08-13 17:07:52,106] [SUBPROCESS]    R3554;VDD.$1368.15;VDD.$1374.15;;0.0
[2026-08-13 17:07:52,107] [SUBPROCESS]    R3555;VDD.$1369.18;VDD.$3948.18;;0.0
[2026-08-13 17:07:52,107] [SUBPROCESS]    R3556;VDD.$1369.18;VDD.$3956.18;;27.106
[2026-08-13 17:07:52,108] [SUBPROCESS]    R3557;VDD.$137.18;VDD.$1744.18;;27.106
[2026-08-13 17:07:52,108] [SUBPROCESS]    R3558;VDD.$137.18;VDD.$1966.18;;0.0
[2026-08-13 17:07:52,109] [SUBPROCESS]    R3559;VDD.$1370.15;VDD.$1371.18;;585.0
[2026-08-13 17:07:52,109] [SUBPROCESS]    R3560;VDD.$1371.18;VDD.$3952.18;;0.0
[2026-08-13 17:07:52,110] [SUBPROCESS]    R3561;VDD.$1372.15;VDD.$1373.18;;585.0
[2026-08-13 17:07:52,110] [SUBPROCESS]    R3562;VDD.$1373.18;VDD.$3954.18;;0.0
[2026-08-13 17:07:52,110] [SUBPROCESS]    R3563;VDD.$1374.15;VDD.$1375.18;;585.0
[2026-08-13 17:07:52,111] [SUBPROCESS]    R3564;VDD.$1375.18;VDD.$3956.18;;0.0
[2026-08-13 17:07:52,111] [SUBPROCESS]    R3565;VDD.$1376.15;VDD.$1377.18;;585.0
[2026-08-13 17:07:52,112] [SUBPROCESS]    R3566;VDD.$1376.15;VDD.$1382.15;;0.0
[2026-08-13 17:07:52,112] [SUBPROCESS]    R3567;VDD.$1377.18;VDD.$3966.18;;0.0
[2026-08-13 17:07:52,113] [SUBPROCESS]    R3568;VDD.$1377.18;VDD.$3974.18;;27.106
[2026-08-13 17:07:52,113] [SUBPROCESS]    R3569;VDD.$1378.15;VDD.$1379.18;;585.0
[2026-08-13 17:07:52,113] [SUBPROCESS]    R3570;VDD.$1378.15;VDD.$1384.15;;0.0
[2026-08-13 17:07:52,114] [SUBPROCESS]    R3571;VDD.$1379.18;VDD.$3968.18;;0.0
[2026-08-13 17:07:52,114] [SUBPROCESS]    R3572;VDD.$1379.18;VDD.$3976.18;;27.106
[2026-08-13 17:07:52,115] [SUBPROCESS]    R3573;VDD.$138.15;VDD.$139.18;;585.0
[2026-08-13 17:07:52,115] [SUBPROCESS]    R3574;VDD.$138.15;VDD.$148.15;;0.0
[2026-08-13 17:07:52,115] [SUBPROCESS]    R3575;VDD.$138.15;VDD.P31.15;;0.0
[2026-08-13 17:07:52,116] [SUBPROCESS]    R3576;VDD.$1380.15;VDD.$1381.18;;585.0
[2026-08-13 17:07:52,116] [SUBPROCESS]    R3577;VDD.$1380.15;VDD.$1386.15;;0.0
[2026-08-13 17:07:52,117] [SUBPROCESS]    R3578;VDD.$1381.18;VDD.$3970.18;;0.0
[2026-08-13 17:07:52,117] [SUBPROCESS]    R3579;VDD.$1381.18;VDD.$3978.18;;27.106
[2026-08-13 17:07:52,118] [SUBPROCESS]    R3580;VDD.$1382.15;VDD.$1383.18;;585.0
[2026-08-13 17:07:52,118] [SUBPROCESS]    R3581;VDD.$1382.15;VDD.$1388.15;;0.0
[2026-08-13 17:07:52,118] [SUBPROCESS]    R3582;VDD.$1383.18;VDD.$3974.18;;0.0
[2026-08-13 17:07:52,119] [SUBPROCESS]    R3583;VDD.$1383.18;VDD.$3982.18;;27.106
[2026-08-13 17:07:52,120] [SUBPROCESS]    R3584;VDD.$1384.15;VDD.$1385.18;;585.0
[2026-08-13 17:07:52,120] [SUBPROCESS]    R3585;VDD.$1384.15;VDD.$1390.15;;0.0
[2026-08-13 17:07:52,121] [SUBPROCESS]    R3586;VDD.$1385.18;VDD.$3976.18;;0.0
[2026-08-13 17:07:52,121] [SUBPROCESS]    R3587;VDD.$1385.18;VDD.$3984.18;;27.106
[2026-08-13 17:07:52,122] [SUBPROCESS]    R3588;VDD.$1386.15;VDD.$1387.18;;585.0
[2026-08-13 17:07:52,123] [SUBPROCESS]    R3589;VDD.$1386.15;VDD.$1392.15;;0.0
[2026-08-13 17:07:52,123] [SUBPROCESS]    R3590;VDD.$1387.18;VDD.$3978.18;;0.0
[2026-08-13 17:07:52,124] [SUBPROCESS]    R3591;VDD.$1387.18;VDD.$3986.18;;27.106
[2026-08-13 17:07:52,124] [SUBPROCESS]    R3592;VDD.$1388.15;VDD.$1389.18;;585.0
[2026-08-13 17:07:52,125] [SUBPROCESS]    R3593;VDD.$1388.15;VDD.$1394.15;;0.0
[2026-08-13 17:07:52,125] [SUBPROCESS]    R3594;VDD.$1389.18;VDD.$3848.18;;27.106
[2026-08-13 17:07:52,126] [SUBPROCESS]    R3595;VDD.$1389.18;VDD.$3982.18;;0.0
[2026-08-13 17:07:52,127] [SUBPROCESS]    R3596;VDD.$139.18;VDD.$1736.18;;0.0
[2026-08-13 17:07:52,127] [SUBPROCESS]    R3597;VDD.$139.18;VDD.$1854.18;;27.106
[2026-08-13 17:07:52,128] [SUBPROCESS]    R3598;VDD.$1390.15;VDD.$1391.18;;585.0
[2026-08-13 17:07:52,128] [SUBPROCESS]    R3599;VDD.$1390.15;VDD.$1396.15;;0.0
[2026-08-13 17:07:52,128] [SUBPROCESS]    R3600;VDD.$1391.18;VDD.$3850.18;;27.106
[2026-08-13 17:07:52,129] [SUBPROCESS]    R3601;VDD.$1391.18;VDD.$3984.18;;0.0
[2026-08-13 17:07:52,129] [SUBPROCESS]    R3602;VDD.$1392.15;VDD.$1393.18;;585.0
[2026-08-13 17:07:52,130] [SUBPROCESS]    R3603;VDD.$1392.15;VDD.$1398.15;;0.0
[2026-08-13 17:07:52,130] [SUBPROCESS]    R3604;VDD.$1393.18;VDD.$3852.18;;27.106
[2026-08-13 17:07:52,130] [SUBPROCESS]    R3605;VDD.$1393.18;VDD.$3986.18;;0.0
[2026-08-13 17:07:52,131] [SUBPROCESS]    R3606;VDD.$1394.15;VDD.$1395.18;;585.0
[2026-08-13 17:07:52,131] [SUBPROCESS]    R3607;VDD.$1394.15;VDD.P71.15;;0.0
[2026-08-13 17:07:52,132] [SUBPROCESS]    R3608;VDD.$1395.18;VDD.$3848.18;;0.0
[2026-08-13 17:07:52,132] [SUBPROCESS]    R3609;VDD.$1395.18;VDD.$3856.18;;27.106
[2026-08-13 17:07:52,132] [SUBPROCESS]    R3610;VDD.$1396.15;VDD.$1397.18;;585.0
[2026-08-13 17:07:52,133] [SUBPROCESS]    R3611;VDD.$1396.15;VDD.P14.15;;0.0
[2026-08-13 17:07:52,133] [SUBPROCESS]    R3612;VDD.$1397.18;VDD.$3850.18;;0.0
[2026-08-13 17:07:52,134] [SUBPROCESS]    R3613;VDD.$1397.18;VDD.$3858.18;;27.106
[2026-08-13 17:07:52,134] [SUBPROCESS]    R3614;VDD.$1398.15;VDD.$1399.18;;585.0
[2026-08-13 17:07:52,135] [SUBPROCESS]    R3615;VDD.$1398.15;VDD.P15.15;;0.0
[2026-08-13 17:07:52,135] [SUBPROCESS]    R3616;VDD.$1399.18;VDD.$3852.18;;0.0
[2026-08-13 17:07:52,136] [SUBPROCESS]    R3617;VDD.$1399.18;VDD.$3860.18;;27.106
[2026-08-13 17:07:52,136] [SUBPROCESS]    R3618;VDD.$14.15;VDD.$15.18;;585.0
[2026-08-13 17:07:52,137] [SUBPROCESS]    R3619;VDD.$14.15;VDD.$336.15;;0.0
[2026-08-13 17:07:52,137] [SUBPROCESS]    R3620;VDD.$14.15;VDD.P75.15;;0.0
[2026-08-13 17:07:52,138] [SUBPROCESS]    R3621;VDD.$140.15;VDD.$141.18;;585.0
[2026-08-13 17:07:52,139] [SUBPROCESS]    R3622;VDD.$140.15;VDD.$150.15;;0.0
[2026-08-13 17:07:52,139] [SUBPROCESS]    R3623;VDD.$140.15;VDD.P22.15;;0.0
[2026-08-13 17:07:52,140] [SUBPROCESS]    R3624;VDD.$1400.15;VDD.$1401.18;;585.0
[2026-08-13 17:07:52,140] [SUBPROCESS]    R3625;VDD.$1400.15;VDD.$1450.15;;0.0
[2026-08-13 17:07:52,140] [SUBPROCESS]    R3626;VDD.$1401.18;VDD.$3990.18;;27.106
[2026-08-13 17:07:52,141] [SUBPROCESS]    R3627;VDD.$1401.18;VDD.$4042.18;;0.0
[2026-08-13 17:07:52,141] [SUBPROCESS]    R3628;VDD.$1402.15;VDD.$1403.18;;585.0
[2026-08-13 17:07:52,142] [SUBPROCESS]    R3629;VDD.$1402.15;VDD.$1440.15;;0.0
[2026-08-13 17:07:52,142] [SUBPROCESS]    R3630;VDD.$1403.18;VDD.$4026.18;;0.0
[2026-08-13 17:07:52,143] [SUBPROCESS]    R3631;VDD.$1404.15;VDD.$1405.18;;585.0
[2026-08-13 17:07:52,143] [SUBPROCESS]    R3632;VDD.$1404.15;VDD.$1446.15;;0.0
[2026-08-13 17:07:52,144] [SUBPROCESS]    R3633;VDD.$1405.18;VDD.$4028.18;;0.0
[2026-08-13 17:07:52,144] [SUBPROCESS]    R3634;VDD.$1406.15;VDD.$1407.18;;585.0
[2026-08-13 17:07:52,145] [SUBPROCESS]    R3635;VDD.$1406.15;VDD.$1420.15;;0.0
[2026-08-13 17:07:52,145] [SUBPROCESS]    R3636;VDD.$1407.18;VDD.$4040.18;;0.0
[2026-08-13 17:07:52,146] [SUBPROCESS]    R3637;VDD.$1407.18;VDD.$4084.18;;27.106
[2026-08-13 17:07:52,146] [SUBPROCESS]    R3638;VDD.$1408.15;VDD.$1409.18;;585.0
[2026-08-13 17:07:52,147] [SUBPROCESS]    R3639;VDD.$1408.15;VDD.$1426.15;;0.0
[2026-08-13 17:07:52,147] [SUBPROCESS]    R3640;VDD.$1408.15;VDD.$1438.15;;0.0
[2026-08-13 17:07:52,148] [SUBPROCESS]    R3641;VDD.$1409.18;VDD.$3998.18;;27.106
[2026-08-13 17:07:52,148] [SUBPROCESS]    R3642;VDD.$1409.18;VDD.$4080.18;;0.0
[2026-08-13 17:07:52,149] [SUBPROCESS]    R3643;VDD.$141.18;VDD.$1738.18;;0.0
[2026-08-13 17:07:52,149] [SUBPROCESS]    R3644;VDD.$141.18;VDD.$1856.18;;27.106
[2026-08-13 17:07:52,150] [SUBPROCESS]    R3645;VDD.$1410.15;VDD.$1411.18;;585.0
[2026-08-13 17:07:52,150] [SUBPROCESS]    R3646;VDD.$1410.15;VDD.$1428.15;;0.0
[2026-08-13 17:07:52,150] [SUBPROCESS]    R3647;VDD.$1410.15;VDD.$1448.15;;0.0
[2026-08-13 17:07:52,151] [SUBPROCESS]    R3648;VDD.$1411.18;VDD.$4000.18;;27.106
[2026-08-13 17:07:52,152] [SUBPROCESS]    R3649;VDD.$1411.18;VDD.$4082.18;;0.0
[2026-08-13 17:07:52,152] [SUBPROCESS]    R3650;VDD.$1412.15;VDD.$1413.18;;585.0
[2026-08-13 17:07:52,153] [SUBPROCESS]    R3651;VDD.$1412.15;VDD.$1422.15;;0.0
[2026-08-13 17:07:52,153] [SUBPROCESS]    R3652;VDD.$1413.18;VDD.$4046.18;;0.0
[2026-08-13 17:07:52,154] [SUBPROCESS]    R3653;VDD.$1413.18;VDD.$4060.18;;27.106
[2026-08-13 17:07:52,155] [SUBPROCESS]    R3654;VDD.$1414.15;VDD.$1415.18;;585.0
[2026-08-13 17:07:52,155] [SUBPROCESS]    R3655;VDD.$1414.15;VDD.$1424.15;;0.0
[2026-08-13 17:07:52,156] [SUBPROCESS]    R3656;VDD.$1415.18;VDD.$4048.18;;0.0
[2026-08-13 17:07:52,156] [SUBPROCESS]    R3657;VDD.$1415.18;VDD.$4062.18;;27.106
[2026-08-13 17:07:52,157] [SUBPROCESS]    R3658;VDD.$1416.15;VDD.$1417.18;;585.0
[2026-08-13 17:07:52,157] [SUBPROCESS]    R3659;VDD.$1416.15;VDD.$1430.15;;0.0
[2026-08-13 17:07:52,157] [SUBPROCESS]    R3660;VDD.$1416.15;VDD.P80.15;;0.0
[2026-08-13 17:07:52,158] [SUBPROCESS]    R3661;VDD.$1417.18;VDD.$4034.18;;0.0
[2026-08-13 17:07:52,158] [SUBPROCESS]    R3662;VDD.$1417.18;VDD.$4054.18;;27.106
[2026-08-13 17:07:52,159] [SUBPROCESS]    R3663;VDD.$1418.15;VDD.$1419.18;;585.0
[2026-08-13 17:07:52,159] [SUBPROCESS]    R3664;VDD.$1418.15;VDD.$1436.15;;0.0
[2026-08-13 17:07:52,160] [SUBPROCESS]    R3665;VDD.$1418.15;VDD.P76.15;;0.0
[2026-08-13 17:07:52,160] [SUBPROCESS]    R3666;VDD.$1419.18;VDD.$4036.18;;0.0
[2026-08-13 17:07:52,161] [SUBPROCESS]    R3667;VDD.$1419.18;VDD.$4056.18;;27.106
[2026-08-13 17:07:52,161] [SUBPROCESS]    R3668;VDD.$142.15;VDD.$143.18;;585.0
[2026-08-13 17:07:52,162] [SUBPROCESS]    R3669;VDD.$142.15;VDD.$152.15;;0.0
[2026-08-13 17:07:52,162] [SUBPROCESS]    R3670;VDD.$142.15;VDD.P23.15;;0.0
[2026-08-13 17:07:52,163] [SUBPROCESS]    R3671;VDD.$1420.15;VDD.$1421.18;;585.0
[2026-08-13 17:07:52,164] [SUBPROCESS]    R3672;VDD.$1420.15;VDD.$1430.15;;0.0
[2026-08-13 17:07:52,164] [SUBPROCESS]    R3673;VDD.$1421.18;VDD.$4008.18;;27.106
[2026-08-13 17:07:52,165] [SUBPROCESS]    R3674;VDD.$1421.18;VDD.$4084.18;;0.0
[2026-08-13 17:07:52,165] [SUBPROCESS]    R3675;VDD.$1422.15;VDD.$1423.18;;585.0
[2026-08-13 17:07:52,166] [SUBPROCESS]    R3676;VDD.$1422.15;VDD.$1432.15;;0.0
[2026-08-13 17:07:52,166] [SUBPROCESS]    R3677;VDD.$1423.18;VDD.$4060.18;;0.0
[2026-08-13 17:07:52,167] [SUBPROCESS]    R3678;VDD.$1423.18;VDD.$4074.18;;27.106
[2026-08-13 17:07:52,168] [SUBPROCESS]    R3679;VDD.$1424.15;VDD.$1425.18;;585.0
[2026-08-13 17:07:52,168] [SUBPROCESS]    R3680;VDD.$1424.15;VDD.$1434.15;;0.0
[2026-08-13 17:07:52,169] [SUBPROCESS]    R3681;VDD.$1425.18;VDD.$4062.18;;0.0
[2026-08-13 17:07:52,169] [SUBPROCESS]    R3682;VDD.$1425.18;VDD.$4076.18;;27.106
[2026-08-13 17:07:52,170] [SUBPROCESS]    R3683;VDD.$1426.15;VDD.$1427.18;;585.0
[2026-08-13 17:07:52,171] [SUBPROCESS]    R3684;VDD.$1426.15;VDD.$1440.15;;0.0
[2026-08-13 17:07:52,171] [SUBPROCESS]    R3685;VDD.$1427.18;VDD.$3998.18;;0.0
[2026-08-13 17:07:52,172] [SUBPROCESS]    R3686;VDD.$1427.18;VDD.$4012.18;;27.106
[2026-08-13 17:07:52,172] [SUBPROCESS]    R3687;VDD.$1428.15;VDD.$1429.18;;585.0
[2026-08-13 17:07:52,173] [SUBPROCESS]    R3688;VDD.$1428.15;VDD.$1446.15;;0.0
[2026-08-13 17:07:52,173] [SUBPROCESS]    R3689;VDD.$1429.18;VDD.$4000.18;;0.0
[2026-08-13 17:07:52,174] [SUBPROCESS]    R3690;VDD.$1429.18;VDD.$4014.18;;27.106
[2026-08-13 17:07:52,174] [SUBPROCESS]    R3691;VDD.$143.18;VDD.$1740.18;;0.0
[2026-08-13 17:07:52,175] [SUBPROCESS]    R3692;VDD.$143.18;VDD.$1748.18;;27.106
[2026-08-13 17:07:52,175] [SUBPROCESS]    R3693;VDD.$1430.15;VDD.$1431.18;;585.0
[2026-08-13 17:07:52,176] [SUBPROCESS]    R3694;VDD.$1431.18;VDD.$4008.18;;0.0
[2026-08-13 17:07:52,176] [SUBPROCESS]    R3695;VDD.$1431.18;VDD.$4034.18;;27.106
[2026-08-13 17:07:52,177] [SUBPROCESS]    R3696;VDD.$1432.15;VDD.$1433.18;;585.0
[2026-08-13 17:07:52,177] [SUBPROCESS]    R3697;VDD.$1432.15;VDD.$1442.15;;0.0
[2026-08-13 17:07:52,178] [SUBPROCESS]    R3698;VDD.$1433.18;VDD.$4030.18;;27.106
[2026-08-13 17:07:52,178] [SUBPROCESS]    R3699;VDD.$1433.18;VDD.$4074.18;;0.0
[2026-08-13 17:07:52,179] [SUBPROCESS]    R3700;VDD.$1434.15;VDD.$1435.18;;585.0
[2026-08-13 17:07:52,179] [SUBPROCESS]    R3701;VDD.$1434.15;VDD.$1444.15;;0.0
[2026-08-13 17:07:52,179] [SUBPROCESS]    R3702;VDD.$1435.18;VDD.$4050.18;;27.106
[2026-08-13 17:07:52,180] [SUBPROCESS]    R3703;VDD.$1435.18;VDD.$4076.18;;0.0
[2026-08-13 17:07:52,180] [SUBPROCESS]    R3704;VDD.$1436.15;VDD.$1437.18;;585.0
[2026-08-13 17:07:52,181] [SUBPROCESS]    R3705;VDD.$1436.15;VDD.$1450.15;;0.0
[2026-08-13 17:07:52,181] [SUBPROCESS]    R3706;VDD.$1437.18;VDD.$4016.18;;0.0
[2026-08-13 17:07:52,182] [SUBPROCESS]    R3707;VDD.$1437.18;VDD.$4036.18;;27.106
[2026-08-13 17:07:52,182] [SUBPROCESS]    R3708;VDD.$1438.15;VDD.$1439.18;;585.0
[2026-08-13 17:07:52,183] [SUBPROCESS]    R3709;VDD.$1438.15;VDD.P80.15;;0.0
[2026-08-13 17:07:52,183] [SUBPROCESS]    R3710;VDD.$1439.18;VDD.$4054.18;;0.0
[2026-08-13 17:07:52,183] [SUBPROCESS]    R3711;VDD.$1439.18;VDD.$4080.18;;27.106
[2026-08-13 17:07:52,184] [SUBPROCESS]    R3712;VDD.$144.15;VDD.$145.18;;585.0
[2026-08-13 17:07:52,184] [SUBPROCESS]    R3713;VDD.$144.15;VDD.$154.15;;0.0
[2026-08-13 17:07:52,185] [SUBPROCESS]    R3714;VDD.$144.15;VDD.P8.15;;0.0
[2026-08-13 17:07:52,185] [SUBPROCESS]    R3715;VDD.$1440.15;VDD.$1441.18;;585.0
[2026-08-13 17:07:52,186] [SUBPROCESS]    R3716;VDD.$1441.18;VDD.$4012.18;;0.0
[2026-08-13 17:07:52,187] [SUBPROCESS]    R3717;VDD.$1441.18;VDD.$4026.18;;27.106
[2026-08-13 17:07:52,187] [SUBPROCESS]    R3718;VDD.$1442.15;VDD.$1443.18;;585.0
[2026-08-13 17:07:52,188] [SUBPROCESS]    R3719;VDD.$1442.15;VDD.P0.15;;0.0
[2026-08-13 17:07:52,188] [SUBPROCESS]    R3720;VDD.$1443.18;VDD.$4020.18;;27.106
[2026-08-13 17:07:52,189] [SUBPROCESS]    R3721;VDD.$1443.18;VDD.$4030.18;;0.0
[2026-08-13 17:07:52,189] [SUBPROCESS]    R3722;VDD.$1444.15;VDD.$1445.18;;585.0
[2026-08-13 17:07:52,190] [SUBPROCESS]    R3723;VDD.$1444.15;VDD.P75.15;;0.0
[2026-08-13 17:07:52,190] [SUBPROCESS]    R3724;VDD.$1445.18;VDD.$4022.18;;27.106
[2026-08-13 17:07:52,191] [SUBPROCESS]    R3725;VDD.$1445.18;VDD.$4050.18;;0.0
[2026-08-13 17:07:52,191] [SUBPROCESS]    R3726;VDD.$1446.15;VDD.$1447.18;;585.0
[2026-08-13 17:07:52,191] [SUBPROCESS]    R3727;VDD.$1447.18;VDD.$4014.18;;0.0
[2026-08-13 17:07:52,192] [SUBPROCESS]    R3728;VDD.$1447.18;VDD.$4028.18;;27.106
[2026-08-13 17:07:52,192] [SUBPROCESS]    R3729;VDD.$1448.15;VDD.$1449.18;;585.0
[2026-08-13 17:07:52,193] [SUBPROCESS]    R3730;VDD.$1448.15;VDD.P76.15;;0.0
[2026-08-13 17:07:52,193] [SUBPROCESS]    R3731;VDD.$1449.18;VDD.$4056.18;;0.0
[2026-08-13 17:07:52,194] [SUBPROCESS]    R3732;VDD.$1449.18;VDD.$4082.18;;27.106
[2026-08-13 17:07:52,194] [SUBPROCESS]    R3733;VDD.$145.18;VDD.$1742.18;;0.0
[2026-08-13 17:07:52,195] [SUBPROCESS]    R3734;VDD.$145.18;VDD.$1750.18;;27.106
[2026-08-13 17:07:52,195] [SUBPROCESS]    R3735;VDD.$1450.15;VDD.$1451.18;;585.0
[2026-08-13 17:07:52,196] [SUBPROCESS]    R3736;VDD.$1451.18;VDD.$3990.18;;0.0
[2026-08-13 17:07:52,196] [SUBPROCESS]    R3737;VDD.$1451.18;VDD.$4016.18;;27.106
[2026-08-13 17:07:52,197] [SUBPROCESS]    R3738;VDD.$1452.15;VDD.$1453.18;;585.0
[2026-08-13 17:07:52,197] [SUBPROCESS]    R3739;VDD.$1452.15;VDD.$1506.15;;0.0
[2026-08-13 17:07:52,198] [SUBPROCESS]    R3740;VDD.$1453.18;VDD.$4120.18;;0.0
[2026-08-13 17:07:52,198] [SUBPROCESS]    R3741;VDD.$1453.18;VDD.$4128.18;;27.106
[2026-08-13 17:07:52,198] [SUBPROCESS]    R3742;VDD.$1454.15;VDD.$1455.18;;585.0
[2026-08-13 17:07:52,199] [SUBPROCESS]    R3743;VDD.$1454.15;VDD.$1496.15;;0.0
[2026-08-13 17:07:52,199] [SUBPROCESS]    R3744;VDD.$1454.15;VDD.$1532.15;;0.0
[2026-08-13 17:07:52,200] [SUBPROCESS]    R3745;VDD.$1455.18;VDD.$4170.18;;0.0
[2026-08-13 17:07:52,200] [SUBPROCESS]    R3746;VDD.$1455.18;VDD.$4202.18;;27.106
[2026-08-13 17:07:52,201] [SUBPROCESS]    R3747;VDD.$1456.15;VDD.$1457.18;;585.0
[2026-08-13 17:07:52,201] [SUBPROCESS]    R3748;VDD.$1456.15;VDD.$1508.15;;0.0
[2026-08-13 17:07:52,202] [SUBPROCESS]    R3749;VDD.$1456.15;VDD.$1534.15;;0.0
[2026-08-13 17:07:52,202] [SUBPROCESS]    R3750;VDD.$1457.18;VDD.$4104.18;;0.0
[2026-08-13 17:07:52,203] [SUBPROCESS]    R3751;VDD.$1457.18;VDD.$4110.18;;27.106
[2026-08-13 17:07:52,204] [SUBPROCESS]    R3752;VDD.$1458.15;VDD.$1459.18;;585.0
[2026-08-13 17:07:52,204] [SUBPROCESS]    R3753;VDD.$1458.15;VDD.$1510.15;;0.0
[2026-08-13 17:07:52,205] [SUBPROCESS]    R3754;VDD.$1458.15;VDD.$1536.15;;0.0
[2026-08-13 17:07:52,205] [SUBPROCESS]    R3755;VDD.$1459.18;VDD.$4274.18;;27.106
[2026-08-13 17:07:52,206] [SUBPROCESS]    R3756;VDD.$1459.18;VDD.$4304.18;;0.0
[2026-08-13 17:07:52,206] [SUBPROCESS]    R3757;VDD.$146.15;VDD.$147.18;;585.0
[2026-08-13 17:07:52,207] [SUBPROCESS]    R3758;VDD.$146.15;VDD.$156.15;;0.0
[2026-08-13 17:07:52,207] [SUBPROCESS]    R3759;VDD.$146.15;VDD.P9.15;;0.0
[2026-08-13 17:07:52,208] [SUBPROCESS]    R3760;VDD.$1460.15;VDD.$1461.18;;585.0
[2026-08-13 17:07:52,208] [SUBPROCESS]    R3761;VDD.$1460.15;VDD.$1488.15;;0.0
[2026-08-13 17:07:52,209] [SUBPROCESS]    R3762;VDD.$1460.15;VDD.$1500.15;;0.0
[2026-08-13 17:07:52,209] [SUBPROCESS]    R3763;VDD.$1461.18;VDD.$4086.18;;27.106
[2026-08-13 17:07:52,209] [SUBPROCESS]    R3764;VDD.$1461.18;VDD.$4116.18;;0.0
[2026-08-13 17:07:52,210] [SUBPROCESS]    R3765;VDD.$1462.15;VDD.$1463.18;;585.0
[2026-08-13 17:07:52,210] [SUBPROCESS]    R3766;VDD.$1462.15;VDD.$1490.15;;0.0
[2026-08-13 17:07:52,211] [SUBPROCESS]    R3767;VDD.$1462.15;VDD.$1506.15;;0.0
[2026-08-13 17:07:52,211] [SUBPROCESS]    R3768;VDD.$1463.18;VDD.$4126.18;;27.106
[2026-08-13 17:07:52,212] [SUBPROCESS]    R3769;VDD.$1463.18;VDD.$4134.18;;0.0
[2026-08-13 17:07:52,212] [SUBPROCESS]    R3770;VDD.$1464.15;VDD.$1465.18;;585.0
[2026-08-13 17:07:52,212] [SUBPROCESS]    R3771;VDD.$1464.15;VDD.$1502.15;;0.0
[2026-08-13 17:07:52,213] [SUBPROCESS]    R3772;VDD.$1465.18;VDD.$4088.18;;0.0
[2026-08-13 17:07:52,213] [SUBPROCESS]    R3773;VDD.$1465.18;VDD.$4098.18;;27.106
[2026-08-13 17:07:52,214] [SUBPROCESS]    R3774;VDD.$1466.15;VDD.$1467.18;;585.0
[2026-08-13 17:07:52,214] [SUBPROCESS]    R3775;VDD.$1466.15;VDD.$1504.15;;0.0
[2026-08-13 17:07:52,214] [SUBPROCESS]    R3776;VDD.$1467.18;VDD.$4252.18;;0.0
[2026-08-13 17:07:52,215] [SUBPROCESS]    R3777;VDD.$1467.18;VDD.$4278.18;;27.106
[2026-08-13 17:07:52,215] [SUBPROCESS]    R3778;VDD.$1468.15;VDD.$1469.18;;585.0
[2026-08-13 17:07:52,216] [SUBPROCESS]    R3779;VDD.$1468.15;VDD.$1516.15;;0.0
[2026-08-13 17:07:52,216] [SUBPROCESS]    R3780;VDD.$1469.18;VDD.$4256.18;;0.0
[2026-08-13 17:07:52,217] [SUBPROCESS]    R3781;VDD.$1469.18;VDD.$4280.18;;27.106
[2026-08-13 17:07:52,217] [SUBPROCESS]    R3782;VDD.$147.18;VDD.$1744.18;;0.0
[2026-08-13 17:07:52,217] [SUBPROCESS]    R3783;VDD.$147.18;VDD.$1752.18;;27.106
[2026-08-13 17:07:52,218] [SUBPROCESS]    R3784;VDD.$1470.15;VDD.$1471.18;;585.0
[2026-08-13 17:07:52,218] [SUBPROCESS]    R3785;VDD.$1470.15;VDD.$1524.15;;0.0
[2026-08-13 17:07:52,219] [SUBPROCESS]    R3786;VDD.$1471.18;VDD.$4328.18;;0.0
[2026-08-13 17:07:52,220] [SUBPROCESS]    R3787;VDD.$1472.15;VDD.$1473.18;;585.0
[2026-08-13 17:07:52,221] [SUBPROCESS]    R3788;VDD.$1472.15;VDD.$1514.15;;0.0
[2026-08-13 17:07:52,221] [SUBPROCESS]    R3789;VDD.$1472.15;VDD.$1532.15;;0.0
[2026-08-13 17:07:52,222] [SUBPROCESS]    R3790;VDD.$1473.18;VDD.$4186.18;;27.106
[2026-08-13 17:07:52,222] [SUBPROCESS]    R3791;VDD.$1473.18;VDD.$4236.18;;0.0
[2026-08-13 17:07:52,223] [SUBPROCESS]    R3792;VDD.$1474.15;VDD.$1475.18;;585.0
[2026-08-13 17:07:52,223] [SUBPROCESS]    R3793;VDD.$1474.15;VDD.$1512.15;;0.0
[2026-08-13 17:07:52,224] [SUBPROCESS]    R3794;VDD.$1474.15;VDD.$1538.15;;0.0
[2026-08-13 17:07:52,224] [SUBPROCESS]    R3795;VDD.$1475.18;VDD.$4276.18;;27.106
[2026-08-13 17:07:52,225] [SUBPROCESS]    R3796;VDD.$1475.18;VDD.$4306.18;;0.0
[2026-08-13 17:07:52,225] [SUBPROCESS]    R3797;VDD.$1476.15;VDD.$1477.18;;585.0
[2026-08-13 17:07:52,225] [SUBPROCESS]    R3798;VDD.$1476.15;VDD.$1486.15;;0.0
[2026-08-13 17:07:52,226] [SUBPROCESS]    R3799;VDD.$1476.15;VDD.$1544.15;;0.0
[2026-08-13 17:07:52,226] [SUBPROCESS]    R3800;VDD.$1477.18;VDD.$4160.18;;27.106
[2026-08-13 17:07:52,227] [SUBPROCESS]    R3801;VDD.$1477.18;VDD.$4214.18;;0.0
[2026-08-13 17:07:52,227] [SUBPROCESS]    R3802;VDD.$1478.15;VDD.$1479.18;;585.0
[2026-08-13 17:07:52,227] [SUBPROCESS]    R3803;VDD.$1478.15;VDD.$1502.15;;0.0
[2026-08-13 17:07:52,228] [SUBPROCESS]    R3804;VDD.$1478.15;VDD.$1546.15;;0.0
[2026-08-13 17:07:52,228] [SUBPROCESS]    R3805;VDD.$1479.18;VDD.$4090.18;;27.106
[2026-08-13 17:07:52,229] [SUBPROCESS]    R3806;VDD.$1479.18;VDD.$4114.18;;0.0
[2026-08-13 17:07:52,229] [SUBPROCESS]    R3807;VDD.$148.15;VDD.$149.18;;585.0
[2026-08-13 17:07:52,230] [SUBPROCESS]    R3808;VDD.$148.15;VDD.$158.15;;0.0
[2026-08-13 17:07:52,230] [SUBPROCESS]    R3809;VDD.$1480.15;VDD.$1481.18;;585.0
[2026-08-13 17:07:52,230] [SUBPROCESS]    R3810;VDD.$1480.15;VDD.$1504.15;;0.0
[2026-08-13 17:07:52,231] [SUBPROCESS]    R3811;VDD.$1480.15;VDD.$1548.15;;0.0
[2026-08-13 17:07:52,231] [SUBPROCESS]    R3812;VDD.$1481.18;VDD.$4288.18;;0.0
[2026-08-13 17:07:52,232] [SUBPROCESS]    R3813;VDD.$1481.18;VDD.$4324.18;;27.106
[2026-08-13 17:07:52,232] [SUBPROCESS]    R3814;VDD.$1482.15;VDD.$1483.18;;585.0
[2026-08-13 17:07:52,232] [SUBPROCESS]    R3815;VDD.$1482.15;VDD.$1520.15;;0.0
[2026-08-13 17:07:52,233] [SUBPROCESS]    R3816;VDD.$1482.15;VDD.$1534.15;;0.0
[2026-08-13 17:07:52,233] [SUBPROCESS]    R3817;VDD.$1483.18;VDD.$4106.18;;27.106
[2026-08-13 17:07:52,234] [SUBPROCESS]    R3818;VDD.$1483.18;VDD.$4118.18;;0.0
[2026-08-13 17:07:52,234] [SUBPROCESS]    R3819;VDD.$1484.15;VDD.$1485.18;;585.0
[2026-08-13 17:07:52,234] [SUBPROCESS]    R3820;VDD.$1484.15;VDD.$1552.15;;0.0
[2026-08-13 17:07:52,235] [SUBPROCESS]    R3821;VDD.$1485.18;VDD.$4066.18;;27.106
[2026-08-13 17:07:52,236] [SUBPROCESS]    R3822;VDD.$1485.18;VDD.$4102.18;;0.0
[2026-08-13 17:07:52,237] [SUBPROCESS]    R3823;VDD.$1486.15;VDD.$1487.18;;585.0
[2026-08-13 17:07:52,237] [SUBPROCESS]    R3824;VDD.$1486.15;VDD.$1526.15;;0.0
[2026-08-13 17:07:52,237] [SUBPROCESS]    R3825;VDD.$1487.18;VDD.$4214.18;;27.106
[2026-08-13 17:07:52,238] [SUBPROCESS]    R3826;VDD.$1487.18;VDD.$4230.18;;0.0
[2026-08-13 17:07:52,239] [SUBPROCESS]    R3827;VDD.$1488.15;VDD.$1489.18;;585.0
[2026-08-13 17:07:52,239] [SUBPROCESS]    R3828;VDD.$1488.15;VDD.P81.15;;0.0
[2026-08-13 17:07:52,240] [SUBPROCESS]    R3829;VDD.$1489.18;VDD.$4086.18;;0.0
[2026-08-13 17:07:52,240] [SUBPROCESS]    R3830;VDD.$1489.18;VDD.$4092.18;;27.106
[2026-08-13 17:07:52,240] [SUBPROCESS]    R3831;VDD.$149.18;VDD.$1854.18;;0.0
[2026-08-13 17:07:52,241] [SUBPROCESS]    R3832;VDD.$149.18;VDD.$1858.18;;27.106
[2026-08-13 17:07:52,241] [SUBPROCESS]    R3833;VDD.$1490.15;VDD.$1491.18;;585.0
[2026-08-13 17:07:52,242] [SUBPROCESS]    R3834;VDD.$1490.15;VDD.P77.15;;0.0
[2026-08-13 17:07:52,242] [SUBPROCESS]    R3835;VDD.$1491.18;VDD.$4122.18;;27.106
[2026-08-13 17:07:52,243] [SUBPROCESS]    R3836;VDD.$1491.18;VDD.$4126.18;;0.0
[2026-08-13 17:07:52,243] [SUBPROCESS]    R3837;VDD.$1492.15;VDD.$1493.18;;585.0
[2026-08-13 17:07:52,244] [SUBPROCESS]    R3838;VDD.$1492.15;VDD.$1554.15;;0.0
[2026-08-13 17:07:52,244] [SUBPROCESS]    R3839;VDD.$1493.18;VDD.$4068.18;;27.106
[2026-08-13 17:07:52,244] [SUBPROCESS]    R3840;VDD.$1493.18;VDD.$4124.18;;0.0
[2026-08-13 17:07:52,245] [SUBPROCESS]    R3841;VDD.$1494.15;VDD.$1495.18;;585.0
[2026-08-13 17:07:52,246] [SUBPROCESS]    R3842;VDD.$1494.15;VDD.$1522.15;;0.0
[2026-08-13 17:07:52,246] [SUBPROCESS]    R3843;VDD.$1494.15;VDD.$1536.15;;0.0
[2026-08-13 17:07:52,247] [SUBPROCESS]    R3844;VDD.$1495.18;VDD.$4316.18;;0.0
[2026-08-13 17:07:52,247] [SUBPROCESS]    R3845;VDD.$1495.18;VDD.$4326.18;;27.106
[2026-08-13 17:07:52,248] [SUBPROCESS]    R3846;VDD.$1496.15;VDD.$1497.18;;585.0
[2026-08-13 17:07:52,248] [SUBPROCESS]    R3847;VDD.$1496.15;VDD.P41.15;;0.0
[2026-08-13 17:07:52,248] [SUBPROCESS]    R3848;VDD.$1497.18;VDD.$4170.18;;27.106
[2026-08-13 17:07:52,249] [SUBPROCESS]    R3849;VDD.$1497.18;VDD.$4208.18;;0.0
[2026-08-13 17:07:52,249] [SUBPROCESS]    R3850;VDD.$1498.15;VDD.$1499.18;;585.0
[2026-08-13 17:07:52,250] [SUBPROCESS]    R3851;VDD.$1498.15;VDD.$1516.15;;0.0
[2026-08-13 17:07:52,250] [SUBPROCESS]    R3852;VDD.$1498.15;VDD.$1550.15;;0.0
[2026-08-13 17:07:52,251] [SUBPROCESS]    R3853;VDD.$1499.18;VDD.$4290.18;;0.0
[2026-08-13 17:07:52,251] [SUBPROCESS]    R3854;VDD.$1499.18;VDD.$4302.18;;27.106
[2026-08-13 17:07:52,252] [SUBPROCESS]    R3855;VDD.$15.18;VDD.$4018.18;;27.106
[2026-08-13 17:07:52,252] [SUBPROCESS]    R3856;VDD.$15.18;VDD.$4022.18;;0.0
[2026-08-13 17:07:52,253] [SUBPROCESS]    R3857;VDD.$150.15;VDD.$151.18;;585.0
[2026-08-13 17:07:52,253] [SUBPROCESS]    R3858;VDD.$150.15;VDD.$160.15;;0.0
[2026-08-13 17:07:52,254] [SUBPROCESS]    R3859;VDD.$1500.15;VDD.$1501.18;;585.0
[2026-08-13 17:07:52,254] [SUBPROCESS]    R3860;VDD.$1500.15;VDD.$1528.15;;0.0
[2026-08-13 17:07:52,255] [SUBPROCESS]    R3861;VDD.$1501.18;VDD.$4112.18;;0.0
[2026-08-13 17:07:52,255] [SUBPROCESS]    R3862;VDD.$1501.18;VDD.$4116.18;;27.106
[2026-08-13 17:07:52,256] [SUBPROCESS]    R3863;VDD.$1502.15;VDD.$1503.18;;585.0
[2026-08-13 17:07:52,256] [SUBPROCESS]    R3864;VDD.$1503.18;VDD.$4098.18;;0.0
[2026-08-13 17:07:52,257] [SUBPROCESS]    R3865;VDD.$1503.18;VDD.$4114.18;;27.106
[2026-08-13 17:07:52,257] [SUBPROCESS]    R3866;VDD.$1504.15;VDD.$1505.18;;585.0
[2026-08-13 17:07:52,258] [SUBPROCESS]    R3867;VDD.$1505.18;VDD.$4278.18;;0.0
[2026-08-13 17:07:52,258] [SUBPROCESS]    R3868;VDD.$1505.18;VDD.$4288.18;;27.106
[2026-08-13 17:07:52,259] [SUBPROCESS]    R3869;VDD.$1506.15;VDD.$1507.18;;585.0
[2026-08-13 17:07:52,259] [SUBPROCESS]    R3870;VDD.$1507.18;VDD.$4128.18;;0.0
[2026-08-13 17:07:52,260] [SUBPROCESS]    R3871;VDD.$1507.18;VDD.$4134.18;;27.106
[2026-08-13 17:07:52,260] [SUBPROCESS]    R3872;VDD.$1508.15;VDD.$1509.18;;585.0
[2026-08-13 17:07:52,261] [SUBPROCESS]    R3873;VDD.$1508.15;VDD.P36.15;;0.0
[2026-08-13 17:07:52,261] [SUBPROCESS]    R3874;VDD.$1509.18;VDD.$4096.18;;0.0
[2026-08-13 17:07:52,262] [SUBPROCESS]    R3875;VDD.$1509.18;VDD.$4104.18;;27.106
[2026-08-13 17:07:52,262] [SUBPROCESS]    R3876;VDD.$151.18;VDD.$1856.18;;0.0
[2026-08-13 17:07:52,263] [SUBPROCESS]    R3877;VDD.$151.18;VDD.$1860.18;;27.106
[2026-08-13 17:07:52,263] [SUBPROCESS]    R3878;VDD.$1510.15;VDD.$1511.18;;585.0
[2026-08-13 17:07:52,264] [SUBPROCESS]    R3879;VDD.$1510.15;VDD.P37.15;;0.0
[2026-08-13 17:07:52,264] [SUBPROCESS]    R3880;VDD.$1511.18;VDD.$4304.18;;27.106
[2026-08-13 17:07:52,265] [SUBPROCESS]    R3881;VDD.$1511.18;VDD.$4310.18;;0.0
[2026-08-13 17:07:52,265] [SUBPROCESS]    R3882;VDD.$1512.15;VDD.$1513.18;;585.0
[2026-08-13 17:07:52,265] [SUBPROCESS]    R3883;VDD.$1512.15;VDD.P32.15;;0.0
[2026-08-13 17:07:52,266] [SUBPROCESS]    R3884;VDD.$1513.18;VDD.$4306.18;;27.106
[2026-08-13 17:07:52,266] [SUBPROCESS]    R3885;VDD.$1513.18;VDD.$4314.18;;0.0
[2026-08-13 17:07:52,267] [SUBPROCESS]    R3886;VDD.$1514.15;VDD.$1515.18;;585.0
[2026-08-13 17:07:52,267] [SUBPROCESS]    R3887;VDD.$1515.18;VDD.$4186.18;;0.0
[2026-08-13 17:07:52,268] [SUBPROCESS]    R3888;VDD.$1516.15;VDD.$1517.18;;585.0
[2026-08-13 17:07:52,269] [SUBPROCESS]    R3889;VDD.$1517.18;VDD.$4280.18;;0.0
[2026-08-13 17:07:52,269] [SUBPROCESS]    R3890;VDD.$1517.18;VDD.$4290.18;;27.106
[2026-08-13 17:07:52,270] [SUBPROCESS]    R3891;VDD.$1518.15;VDD.$1519.18;;585.0
[2026-08-13 17:07:52,270] [SUBPROCESS]    R3892;VDD.$1518.15;VDD.$1540.15;;0.0
[2026-08-13 17:07:52,271] [SUBPROCESS]    R3893;VDD.$1518.15;VDD.P81.15;;0.0
[2026-08-13 17:07:52,271] [SUBPROCESS]    R3894;VDD.$1519.18;VDD.$4092.18;;0.0
[2026-08-13 17:07:52,272] [SUBPROCESS]    R3895;VDD.$1519.18;VDD.$4094.18;;27.106
[2026-08-13 17:07:52,272] [SUBPROCESS]    R3896;VDD.$152.15;VDD.$153.18;;585.0
[2026-08-13 17:07:52,273] [SUBPROCESS]    R3897;VDD.$152.15;VDD.$162.15;;0.0
[2026-08-13 17:07:52,273] [SUBPROCESS]    R3898;VDD.$1520.15;VDD.$1521.18;;585.0
[2026-08-13 17:07:52,274] [SUBPROCESS]    R3899;VDD.$1521.18;VDD.$4106.18;;0.0
[2026-08-13 17:07:52,274] [SUBPROCESS]    R3900;VDD.$1522.15;VDD.$1523.18;;585.0
[2026-08-13 17:07:52,274] [SUBPROCESS]    R3901;VDD.$1523.18;VDD.$4326.18;;0.0
[2026-08-13 17:07:52,275] [SUBPROCESS]    R3902;VDD.$1524.15;VDD.$1525.18;;585.0
[2026-08-13 17:07:52,275] [SUBPROCESS]    R3903;VDD.$1524.15;VDD.$1538.15;;0.0
[2026-08-13 17:07:52,276] [SUBPROCESS]    R3904;VDD.$1525.18;VDD.$4318.18;;0.0
[2026-08-13 17:07:52,276] [SUBPROCESS]    R3905;VDD.$1525.18;VDD.$4328.18;;27.106
[2026-08-13 17:07:52,277] [SUBPROCESS]    R3906;VDD.$1526.15;VDD.$1527.18;;585.0
[2026-08-13 17:07:52,277] [SUBPROCESS]    R3907;VDD.$1527.18;VDD.$4188.18;;0.0
[2026-08-13 17:07:52,278] [SUBPROCESS]    R3908;VDD.$1527.18;VDD.$4230.18;;27.106
[2026-08-13 17:07:52,278] [SUBPROCESS]    R3909;VDD.$1528.15;VDD.$1529.18;;585.0
[2026-08-13 17:07:52,279] [SUBPROCESS]    R3910;VDD.$1529.18;VDD.$4108.18;;0.0
[2026-08-13 17:07:52,279] [SUBPROCESS]    R3911;VDD.$1529.18;VDD.$4112.18;;27.106
[2026-08-13 17:07:52,280] [SUBPROCESS]    R3912;VDD.$153.18;VDD.$1748.18;;0.0
[2026-08-13 17:07:52,280] [SUBPROCESS]    R3913;VDD.$153.18;VDD.$1756.18;;27.106
[2026-08-13 17:07:52,281] [SUBPROCESS]    R3914;VDD.$1530.15;VDD.$1531.18;;585.0
[2026-08-13 17:07:52,281] [SUBPROCESS]    R3915;VDD.$1530.15;VDD.$1542.15;;0.0
[2026-08-13 17:07:52,282] [SUBPROCESS]    R3916;VDD.$1530.15;VDD.P77.15;;0.0
[2026-08-13 17:07:52,282] [SUBPROCESS]    R3917;VDD.$1531.18;VDD.$4122.18;;0.0
[2026-08-13 17:07:52,283] [SUBPROCESS]    R3918;VDD.$1531.18;VDD.$4130.18;;27.106
[2026-08-13 17:07:52,283] [SUBPROCESS]    R3919;VDD.$1532.15;VDD.$1533.18;;585.0
[2026-08-13 17:07:52,283] [SUBPROCESS]    R3920;VDD.$1533.18;VDD.$4202.18;;0.0
[2026-08-13 17:07:52,284] [SUBPROCESS]    R3921;VDD.$1533.18;VDD.$4236.18;;27.106
[2026-08-13 17:07:52,284] [SUBPROCESS]    R3922;VDD.$1534.15;VDD.$1535.18;;585.0
[2026-08-13 17:07:52,285] [SUBPROCESS]    R3923;VDD.$1535.18;VDD.$4110.18;;0.0
[2026-08-13 17:07:52,285] [SUBPROCESS]    R3924;VDD.$1535.18;VDD.$4118.18;;27.106
[2026-08-13 17:07:52,286] [SUBPROCESS]    R3925;VDD.$1536.15;VDD.$1537.18;;585.0
[2026-08-13 17:07:52,287] [SUBPROCESS]    R3926;VDD.$1537.18;VDD.$4274.18;;0.0
[2026-08-13 17:07:52,287] [SUBPROCESS]    R3927;VDD.$1537.18;VDD.$4316.18;;27.106
[2026-08-13 17:07:52,288] [SUBPROCESS]    R3928;VDD.$1538.15;VDD.$1539.18;;585.0
[2026-08-13 17:07:52,289] [SUBPROCESS]    R3929;VDD.$1539.18;VDD.$4276.18;;0.0
[2026-08-13 17:07:52,289] [SUBPROCESS]    R3930;VDD.$1539.18;VDD.$4318.18;;27.106
[2026-08-13 17:07:52,290] [SUBPROCESS]    R3931;VDD.$154.15;VDD.$155.18;;585.0
[2026-08-13 17:07:52,290] [SUBPROCESS]    R3932;VDD.$154.15;VDD.$164.15;;0.0
[2026-08-13 17:07:52,291] [SUBPROCESS]    R3933;VDD.$1540.15;VDD.$1541.18;;585.0
[2026-08-13 17:07:52,291] [SUBPROCESS]    R3934;VDD.$1540.15;VDD.$1552.15;;0.0
[2026-08-13 17:07:52,291] [SUBPROCESS]    R3935;VDD.$1541.18;VDD.$4094.18;;0.0
[2026-08-13 17:07:52,292] [SUBPROCESS]    R3936;VDD.$1541.18;VDD.$4100.18;;27.106
[2026-08-13 17:07:52,292] [SUBPROCESS]    R3937;VDD.$1542.15;VDD.$1543.18;;585.0
[2026-08-13 17:07:52,293] [SUBPROCESS]    R3938;VDD.$1542.15;VDD.$1554.15;;0.0
[2026-08-13 17:07:52,293] [SUBPROCESS]    R3939;VDD.$1543.18;VDD.$4130.18;;0.0
[2026-08-13 17:07:52,294] [SUBPROCESS]    R3940;VDD.$1543.18;VDD.$4132.18;;27.106
[2026-08-13 17:07:52,294] [SUBPROCESS]    R3941;VDD.$1544.15;VDD.$1545.18;;585.0
[2026-08-13 17:07:52,295] [SUBPROCESS]    R3942;VDD.$1544.15;VDD.P41.15;;0.0
[2026-08-13 17:07:52,295] [SUBPROCESS]    R3943;VDD.$1545.18;VDD.$4160.18;;0.0
[2026-08-13 17:07:52,295] [SUBPROCESS]    R3944;VDD.$1545.18;VDD.$4208.18;;27.106
[2026-08-13 17:07:52,296] [SUBPROCESS]    R3945;VDD.$1546.15;VDD.$1547.18;;585.0
[2026-08-13 17:07:52,296] [SUBPROCESS]    R3946;VDD.$1546.15;VDD.P36.15;;0.0
[2026-08-13 17:07:52,297] [SUBPROCESS]    R3947;VDD.$1547.18;VDD.$4090.18;;0.0
[2026-08-13 17:07:52,297] [SUBPROCESS]    R3948;VDD.$1547.18;VDD.$4096.18;;27.106
[2026-08-13 17:07:52,297] [SUBPROCESS]    R3949;VDD.$1548.15;VDD.$1549.18;;585.0
[2026-08-13 17:07:52,298] [SUBPROCESS]    R3950;VDD.$1548.15;VDD.P37.15;;0.0
[2026-08-13 17:07:52,298] [SUBPROCESS]    R3951;VDD.$1549.18;VDD.$4310.18;;27.106
[2026-08-13 17:07:52,299] [SUBPROCESS]    R3952;VDD.$1549.18;VDD.$4324.18;;0.0
[2026-08-13 17:07:52,299] [SUBPROCESS]    R3953;VDD.$155.18;VDD.$1750.18;;0.0
[2026-08-13 17:07:52,300] [SUBPROCESS]    R3954;VDD.$155.18;VDD.$1758.18;;27.106
[2026-08-13 17:07:52,300] [SUBPROCESS]    R3955;VDD.$1550.15;VDD.$1551.18;;585.0
[2026-08-13 17:07:52,301] [SUBPROCESS]    R3956;VDD.$1550.15;VDD.P32.15;;0.0
[2026-08-13 17:07:52,301] [SUBPROCESS]    R3957;VDD.$1551.18;VDD.$4302.18;;0.0
[2026-08-13 17:07:52,302] [SUBPROCESS]    R3958;VDD.$1551.18;VDD.$4314.18;;27.106
[2026-08-13 17:07:52,302] [SUBPROCESS]    R3959;VDD.$1552.15;VDD.$1553.18;;585.0
[2026-08-13 17:07:52,303] [SUBPROCESS]    R3960;VDD.$1553.18;VDD.$4100.18;;0.0
[2026-08-13 17:07:52,303] [SUBPROCESS]    R3961;VDD.$1553.18;VDD.$4102.18;;27.106
[2026-08-13 17:07:52,304] [SUBPROCESS]    R3962;VDD.$1554.15;VDD.$1555.18;;585.0
[2026-08-13 17:07:52,305] [SUBPROCESS]    R3963;VDD.$1555.18;VDD.$4124.18;;27.106
[2026-08-13 17:07:52,305] [SUBPROCESS]    R3964;VDD.$1555.18;VDD.$4132.18;;0.0
[2026-08-13 17:07:52,306] [SUBPROCESS]    R3965;VDD.$1556.15;VDD.$1557.18;;585.0
[2026-08-13 17:07:52,306] [SUBPROCESS]    R3966;VDD.$1556.15;VDD.$1598.15;;0.0
[2026-08-13 17:07:52,307] [SUBPROCESS]    R3967;VDD.$1556.15;VDD.$1602.15;;0.0
[2026-08-13 17:07:52,307] [SUBPROCESS]    R3968;VDD.$1557.18;VDD.$4356.18;;0.0
[2026-08-13 17:07:52,307] [SUBPROCESS]    R3969;VDD.$1557.18;VDD.$4370.18;;27.106
[2026-08-13 17:07:52,308] [SUBPROCESS]    R3970;VDD.$1558.15;VDD.$1559.18;;585.0
[2026-08-13 17:07:52,309] [SUBPROCESS]    R3971;VDD.$1558.15;VDD.$1604.15;;0.0
[2026-08-13 17:07:52,309] [SUBPROCESS]    R3972;VDD.$1558.15;VDD.$1618.15;;0.0
[2026-08-13 17:07:52,310] [SUBPROCESS]    R3973;VDD.$1559.18;VDD.$4358.18;;0.0
[2026-08-13 17:07:52,310] [SUBPROCESS]    R3974;VDD.$1559.18;VDD.$4372.18;;27.106
[2026-08-13 17:07:52,311] [SUBPROCESS]    R3975;VDD.$156.15;VDD.$157.18;;585.0
[2026-08-13 17:07:52,311] [SUBPROCESS]    R3976;VDD.$156.15;VDD.$166.15;;0.0
[2026-08-13 17:07:52,311] [SUBPROCESS]    R3977;VDD.$1560.15;VDD.$1561.18;;585.0
[2026-08-13 17:07:52,312] [SUBPROCESS]    R3978;VDD.$1560.15;VDD.$1606.15;;0.0
[2026-08-13 17:07:52,312] [SUBPROCESS]    R3979;VDD.$1560.15;VDD.$1620.15;;0.0
[2026-08-13 17:07:52,313] [SUBPROCESS]    R3980;VDD.$1561.18;VDD.$4360.18;;0.0
[2026-08-13 17:07:52,313] [SUBPROCESS]    R3981;VDD.$1561.18;VDD.$4374.18;;27.106
[2026-08-13 17:07:52,314] [SUBPROCESS]    R3982;VDD.$1562.15;VDD.$1563.18;;585.0
[2026-08-13 17:07:52,314] [SUBPROCESS]    R3983;VDD.$1562.15;VDD.$1570.15;;0.0
[2026-08-13 17:07:52,315] [SUBPROCESS]    R3984;VDD.$1563.18;VDD.$4590.18;;0.0
[2026-08-13 17:07:52,315] [SUBPROCESS]    R3985;VDD.$1564.15;VDD.$1565.18;;585.0
[2026-08-13 17:07:52,316] [SUBPROCESS]    R3986;VDD.$1564.15;VDD.$1594.15;;0.0
[2026-08-13 17:07:52,316] [SUBPROCESS]    R3987;VDD.$1564.15;VDD.$1664.15;;0.0
[2026-08-13 17:07:52,316] [SUBPROCESS]    R3988;VDD.$1565.18;VDD.$4446.18;;27.106
[2026-08-13 17:07:52,317] [SUBPROCESS]    R3989;VDD.$1565.18;VDD.$4466.18;;0.0
[2026-08-13 17:07:52,317] [SUBPROCESS]    R3990;VDD.$1566.15;VDD.$1567.18;;585.0
[2026-08-13 17:07:52,318] [SUBPROCESS]    R3991;VDD.$1566.15;VDD.$1608.15;;0.0
[2026-08-13 17:07:52,318] [SUBPROCESS]    R3992;VDD.$1566.15;VDD.$1666.15;;0.0
[2026-08-13 17:07:52,319] [SUBPROCESS]    R3993;VDD.$1567.18;VDD.$4450.18;;27.106
[2026-08-13 17:07:52,320] [SUBPROCESS]    R3994;VDD.$1567.18;VDD.$4484.18;;0.0
[2026-08-13 17:07:52,320] [SUBPROCESS]    R3995;VDD.$1568.15;VDD.$1569.18;;585.0
[2026-08-13 17:07:52,321] [SUBPROCESS]    R3996;VDD.$1568.15;VDD.$1682.15;;0.0
[2026-08-13 17:07:52,321] [SUBPROCESS]    R3997;VDD.$1568.15;VDD.$1690.15;;0.0
[2026-08-13 17:07:52,322] [SUBPROCESS]    R3998;VDD.$1569.18;VDD.$4588.18;;27.106
[2026-08-13 17:07:52,323] [SUBPROCESS]    R3999;VDD.$1569.18;VDD.$4610.18;;0.0
[2026-08-13 17:07:52,323] [SUBPROCESS]    R4000;VDD.$157.18;VDD.$1752.18;;0.0
[2026-08-13 17:07:52,324] [SUBPROCESS]    R4001;VDD.$157.18;VDD.$1760.18;;27.106
[2026-08-13 17:07:52,324] [SUBPROCESS]    R4002;VDD.$1570.15;VDD.$1571.18;;585.0
[2026-08-13 17:07:52,325] [SUBPROCESS]    R4003;VDD.$1570.15;VDD.$1684.15;;0.0
[2026-08-13 17:07:52,326] [SUBPROCESS]    R4004;VDD.$1571.18;VDD.$4590.18;;27.106
[2026-08-13 17:07:52,326] [SUBPROCESS]    R4005;VDD.$1571.18;VDD.$4612.18;;0.0
[2026-08-13 17:07:52,327] [SUBPROCESS]    R4006;VDD.$1572.15;VDD.$1573.18;;585.0
[2026-08-13 17:07:52,327] [SUBPROCESS]    R4007;VDD.$1572.15;VDD.$1632.15;;0.0
[2026-08-13 17:07:52,328] [SUBPROCESS]    R4008;VDD.$1572.15;VDD.P29.15;;0.0
[2026-08-13 17:07:52,329] [SUBPROCESS]    R4009;VDD.$1573.18;VDD.$4574.18;;27.106
[2026-08-13 17:07:52,329] [SUBPROCESS]    R4010;VDD.$1573.18;VDD.$4614.18;;0.0
[2026-08-13 17:07:52,329] [SUBPROCESS]    R4011;VDD.$1574.15;VDD.$1575.18;;585.0
[2026-08-13 17:07:52,330] [SUBPROCESS]    R4012;VDD.$1574.15;VDD.$1698.15;;0.0
[2026-08-13 17:07:52,330] [SUBPROCESS]    R4013;VDD.$1575.18;VDD.$3872.18;;27.106
[2026-08-13 17:07:52,331] [SUBPROCESS]    R4014;VDD.$1575.18;VDD.$4420.18;;0.0
[2026-08-13 17:07:52,331] [SUBPROCESS]    R4015;VDD.$1576.15;VDD.$1577.18;;585.0
[2026-08-13 17:07:52,331] [SUBPROCESS]    R4016;VDD.$1576.15;VDD.$1700.15;;0.0
[2026-08-13 17:07:52,332] [SUBPROCESS]    R4017;VDD.$1577.18;VDD.$3874.18;;27.106
[2026-08-13 17:07:52,332] [SUBPROCESS]    R4018;VDD.$1577.18;VDD.$4346.18;;0.0
[2026-08-13 17:07:52,333] [SUBPROCESS]    R4019;VDD.$1578.15;VDD.$1579.18;;585.0
[2026-08-13 17:07:52,333] [SUBPROCESS]    R4020;VDD.$1578.15;VDD.$1640.15;;0.0
[2026-08-13 17:07:52,334] [SUBPROCESS]    R4021;VDD.$1578.15;VDD.$1680.15;;0.0
[2026-08-13 17:07:52,334] [SUBPROCESS]    R4022;VDD.$1579.18;VDD.$4528.18;;27.106
[2026-08-13 17:07:52,334] [SUBPROCESS]    R4023;VDD.$1579.18;VDD.$4554.18;;0.0
[2026-08-13 17:07:52,335] [SUBPROCESS]    R4024;VDD.$158.15;VDD.$159.18;;585.0
[2026-08-13 17:07:52,335] [SUBPROCESS]    R4025;VDD.$158.15;VDD.$168.15;;0.0
[2026-08-13 17:07:52,336] [SUBPROCESS]    R4026;VDD.$1580.15;VDD.$1581.18;;585.0
[2026-08-13 17:07:52,336] [SUBPROCESS]    R4027;VDD.$1580.15;VDD.$1682.15;;0.0
[2026-08-13 17:07:52,337] [SUBPROCESS]    R4028;VDD.$1580.15;VDD.$1694.15;;0.0
[2026-08-13 17:07:52,337] [SUBPROCESS]    R4029;VDD.$1581.18;VDD.$4530.18;;27.106
[2026-08-13 17:07:52,338] [SUBPROCESS]    R4030;VDD.$1581.18;VDD.$4556.18;;0.0
[2026-08-13 17:07:52,338] [SUBPROCESS]    R4031;VDD.$1582.15;VDD.$1583.18;;585.0
[2026-08-13 17:07:52,339] [SUBPROCESS]    R4032;VDD.$1582.15;VDD.$1684.15;;0.0
[2026-08-13 17:07:52,340] [SUBPROCESS]    R4033;VDD.$1582.15;VDD.$1696.15;;0.0
[2026-08-13 17:07:52,340] [SUBPROCESS]    R4034;VDD.$1583.18;VDD.$4532.18;;27.106
[2026-08-13 17:07:52,340] [SUBPROCESS]    R4035;VDD.$1583.18;VDD.$4560.18;;0.0
[2026-08-13 17:07:52,341] [SUBPROCESS]    R4036;VDD.$1584.15;VDD.$1585.18;;585.0
[2026-08-13 17:07:52,341] [SUBPROCESS]    R4037;VDD.$1584.15;VDD.$1628.15;;0.0
[2026-08-13 17:07:52,342] [SUBPROCESS]    R4038;VDD.$1585.18;VDD.$4550.18;;27.106
[2026-08-13 17:07:52,342] [SUBPROCESS]    R4039;VDD.$1585.18;VDD.$4594.18;;0.0
[2026-08-13 17:07:52,343] [SUBPROCESS]    R4040;VDD.$1586.15;VDD.$1587.18;;585.0
[2026-08-13 17:07:52,343] [SUBPROCESS]    R4041;VDD.$1586.15;VDD.$1630.15;;0.0
[2026-08-13 17:07:52,343] [SUBPROCESS]    R4042;VDD.$1587.18;VDD.$4558.18;;27.106
[2026-08-13 17:07:52,344] [SUBPROCESS]    R4043;VDD.$1587.18;VDD.$4606.18;;0.0
[2026-08-13 17:07:52,344] [SUBPROCESS]    R4044;VDD.$1588.15;VDD.$1589.18;;585.0
[2026-08-13 17:07:52,345] [SUBPROCESS]    R4045;VDD.$1588.15;VDD.$1654.15;;0.0
[2026-08-13 17:07:52,345] [SUBPROCESS]    R4046;VDD.$1589.18;VDD.$4520.18;;0.0
[2026-08-13 17:07:52,345] [SUBPROCESS]    R4047;VDD.$1589.18;VDD.$4570.18;;27.106
[2026-08-13 17:07:52,346] [SUBPROCESS]    R4048;VDD.$159.18;VDD.$1858.18;;0.0
[2026-08-13 17:07:52,346] [SUBPROCESS]    R4049;VDD.$159.18;VDD.$1866.18;;27.106
[2026-08-13 17:07:52,347] [SUBPROCESS]    R4050;VDD.$1590.15;VDD.$1591.18;;585.0
[2026-08-13 17:07:52,347] [SUBPROCESS]    R4051;VDD.$1590.15;VDD.$1624.15;;0.0
[2026-08-13 17:07:52,348] [SUBPROCESS]    R4052;VDD.$1590.15;VDD.$1706.15;;0.0
[2026-08-13 17:07:52,348] [SUBPROCESS]    R4053;VDD.$1591.18;VDD.$4460.18;;0.0
[2026-08-13 17:07:52,348] [SUBPROCESS]    R4054;VDD.$1591.18;VDD.$4498.18;;27.106
[2026-08-13 17:07:52,349] [SUBPROCESS]    R4055;VDD.$1592.15;VDD.$1593.18;;585.0
[2026-08-13 17:07:52,349] [SUBPROCESS]    R4056;VDD.$1592.15;VDD.$1702.15;;0.0
[2026-08-13 17:07:52,350] [SUBPROCESS]    R4057;VDD.$1593.18;VDD.$3876.18;;27.106
[2026-08-13 17:07:52,350] [SUBPROCESS]    R4058;VDD.$1593.18;VDD.$4348.18;;0.0
[2026-08-13 17:07:52,351] [SUBPROCESS]    R4059;VDD.$1594.15;VDD.$1595.18;;585.0
[2026-08-13 17:07:52,351] [SUBPROCESS]    R4060;VDD.$1594.15;VDD.P33.15;;0.0
[2026-08-13 17:07:52,351] [SUBPROCESS]    R4061;VDD.$1595.18;VDD.$4444.18;;0.0
[2026-08-13 17:07:52,352] [SUBPROCESS]    R4062;VDD.$1595.18;VDD.$4466.18;;27.106
[2026-08-13 17:07:52,352] [SUBPROCESS]    R4063;VDD.$1596.15;VDD.$1597.18;;585.0
[2026-08-13 17:07:52,353] [SUBPROCESS]    R4064;VDD.$1596.15;VDD.$1656.15;;0.0
[2026-08-13 17:07:52,353] [SUBPROCESS]    R4065;VDD.$1596.15;VDD.$1686.15;;0.0
[2026-08-13 17:07:52,354] [SUBPROCESS]    R4066;VDD.$1597.18;VDD.$4416.18;;0.0
[2026-08-13 17:07:52,354] [SUBPROCESS]    R4067;VDD.$1597.18;VDD.$4418.18;;27.106
[2026-08-13 17:07:52,355] [SUBPROCESS]    R4068;VDD.$1598.15;VDD.$1599.18;;585.0
[2026-08-13 17:07:52,355] [SUBPROCESS]    R4069;VDD.$1598.15;VDD.$1658.15;;0.0
[2026-08-13 17:07:52,356] [SUBPROCESS]    R4070;VDD.$1599.18;VDD.$4356.18;;27.106
[2026-08-13 17:07:52,356] [SUBPROCESS]    R4071;VDD.$1599.18;VDD.$4402.18;;0.0
[2026-08-13 17:07:52,357] [SUBPROCESS]    R4072;VDD.$16.15;VDD.$17.18;;585.0
[2026-08-13 17:07:52,357] [SUBPROCESS]    R4073;VDD.$16.15;VDD.$386.15;;0.0
[2026-08-13 17:07:52,358] [SUBPROCESS]    R4074;VDD.$16.15;VDD.P71.15;;0.0
[2026-08-13 17:07:52,358] [SUBPROCESS]    R4075;VDD.$160.15;VDD.$161.18;;585.0
[2026-08-13 17:07:52,359] [SUBPROCESS]    R4076;VDD.$160.15;VDD.$170.15;;0.0
[2026-08-13 17:07:52,359] [SUBPROCESS]    R4077;VDD.$1600.15;VDD.$1601.18;;585.0
[2026-08-13 17:07:52,359] [SUBPROCESS]    R4078;VDD.$1600.15;VDD.$1686.15;;0.0
[2026-08-13 17:07:52,360] [SUBPROCESS]    R4079;VDD.$1600.15;VDD.P26.15;;0.0
[2026-08-13 17:07:52,360] [SUBPROCESS]    R4080;VDD.$1601.18;VDD.$4408.18;;0.0
[2026-08-13 17:07:52,361] [SUBPROCESS]    R4081;VDD.$1601.18;VDD.$4412.18;;27.106
[2026-08-13 17:07:52,361] [SUBPROCESS]    R4082;VDD.$1602.15;VDD.$1603.18;;585.0
[2026-08-13 17:07:52,362] [SUBPROCESS]    R4083;VDD.$1602.15;VDD.P27.15;;0.0
[2026-08-13 17:07:52,362] [SUBPROCESS]    R4084;VDD.$1603.18;VDD.$4370.18;;0.0
[2026-08-13 17:07:52,362] [SUBPROCESS]    R4085;VDD.$1603.18;VDD.$4378.18;;27.106
[2026-08-13 17:07:52,363] [SUBPROCESS]    R4086;VDD.$1604.15;VDD.$1605.18;;585.0
[2026-08-13 17:07:52,363] [SUBPROCESS]    R4087;VDD.$1604.15;VDD.P18.15;;0.0
[2026-08-13 17:07:52,364] [SUBPROCESS]    R4088;VDD.$1605.18;VDD.$4372.18;;0.0
[2026-08-13 17:07:52,365] [SUBPROCESS]    R4089;VDD.$1605.18;VDD.$4380.18;;27.106
[2026-08-13 17:07:52,365] [SUBPROCESS]    R4090;VDD.$1606.15;VDD.$1607.18;;585.0
[2026-08-13 17:07:52,366] [SUBPROCESS]    R4091;VDD.$1606.15;VDD.P19.15;;0.0
[2026-08-13 17:07:52,366] [SUBPROCESS]    R4092;VDD.$1607.18;VDD.$4374.18;;0.0
[2026-08-13 17:07:52,367] [SUBPROCESS]    R4093;VDD.$1607.18;VDD.$4382.18;;27.106
[2026-08-13 17:07:52,367] [SUBPROCESS]    R4094;VDD.$1608.15;VDD.$1609.18;;585.0
[2026-08-13 17:07:52,368] [SUBPROCESS]    R4095;VDD.$1608.15;VDD.P28.15;;0.0
[2026-08-13 17:07:52,369] [SUBPROCESS]    R4096;VDD.$1609.18;VDD.$4454.18;;0.0
[2026-08-13 17:07:52,369] [SUBPROCESS]    R4097;VDD.$1609.18;VDD.$4484.18;;27.106
[2026-08-13 17:07:52,370] [SUBPROCESS]    R4098;VDD.$161.18;VDD.$1852.18;;27.106
[2026-08-13 17:07:52,371] [SUBPROCESS]    R4099;VDD.$161.18;VDD.$1860.18;;0.0
[2026-08-13 17:07:52,371] [SUBPROCESS]    R4100;VDD.$1610.15;VDD.$1611.18;;585.0
[2026-08-13 17:07:52,372] [SUBPROCESS]    R4101;VDD.$1610.15;VDD.$1704.15;;0.0
[2026-08-13 17:07:52,372] [SUBPROCESS]    R4102;VDD.$1611.18;VDD.$3878.18;;27.106
[2026-08-13 17:07:52,373] [SUBPROCESS]    R4103;VDD.$1611.18;VDD.$4350.18;;0.0
[2026-08-13 17:07:52,373] [SUBPROCESS]    R4104;VDD.$1612.15;VDD.$1613.18;;585.0
[2026-08-13 17:07:52,373] [SUBPROCESS]    R4105;VDD.$1612.15;VDD.$1634.15;;0.0
[2026-08-13 17:07:52,374] [SUBPROCESS]    R4106;VDD.$1612.15;VDD.P20.15;;0.0
[2026-08-13 17:07:52,374] [SUBPROCESS]    R4107;VDD.$1613.18;VDD.$4534.18;;0.0
[2026-08-13 17:07:52,375] [SUBPROCESS]    R4108;VDD.$1613.18;VDD.$4600.18;;27.106
[2026-08-13 17:07:52,375] [SUBPROCESS]    R4109;VDD.$1614.15;VDD.$1615.18;;585.0
[2026-08-13 17:07:52,376] [SUBPROCESS]    R4110;VDD.$1614.15;VDD.$1636.15;;0.0
[2026-08-13 17:07:52,376] [SUBPROCESS]    R4111;VDD.$1614.15;VDD.P21.15;;0.0
[2026-08-13 17:07:52,377] [SUBPROCESS]    R4112;VDD.$1615.18;VDD.$4540.18;;0.0
[2026-08-13 17:07:52,377] [SUBPROCESS]    R4113;VDD.$1615.18;VDD.$4604.18;;27.106
[2026-08-13 17:07:52,378] [SUBPROCESS]    R4114;VDD.$1616.15;VDD.$1617.18;;585.0
[2026-08-13 17:07:52,378] [SUBPROCESS]    R4115;VDD.$1616.15;VDD.$1664.15;;0.0
[2026-08-13 17:07:52,379] [SUBPROCESS]    R4116;VDD.$1616.15;VDD.$1668.15;;0.0
[2026-08-13 17:07:52,379] [SUBPROCESS]    R4117;VDD.$1617.18;VDD.$4440.18;;27.106
[2026-08-13 17:07:52,380] [SUBPROCESS]    R4118;VDD.$1617.18;VDD.$4488.18;;0.0
[2026-08-13 17:07:52,380] [SUBPROCESS]    R4119;VDD.$1618.15;VDD.$1619.18;;585.0
[2026-08-13 17:07:52,381] [SUBPROCESS]    R4120;VDD.$1618.15;VDD.$1660.15;;0.0
[2026-08-13 17:07:52,381] [SUBPROCESS]    R4121;VDD.$1619.18;VDD.$4358.18;;27.106
[2026-08-13 17:07:52,382] [SUBPROCESS]    R4122;VDD.$1619.18;VDD.$4404.18;;0.0
[2026-08-13 17:07:52,382] [SUBPROCESS]    R4123;VDD.$162.15;VDD.$163.18;;585.0
[2026-08-13 17:07:52,382] [SUBPROCESS]    R4124;VDD.$162.15;VDD.$172.15;;0.0
[2026-08-13 17:07:52,383] [SUBPROCESS]    R4125;VDD.$1620.15;VDD.$1621.18;;585.0
[2026-08-13 17:07:52,383] [SUBPROCESS]    R4126;VDD.$1620.15;VDD.$1692.15;;0.0
[2026-08-13 17:07:52,384] [SUBPROCESS]    R4127;VDD.$1621.18;VDD.$4340.18;;0.0
[2026-08-13 17:07:52,384] [SUBPROCESS]    R4128;VDD.$1621.18;VDD.$4360.18;;27.106
[2026-08-13 17:07:52,385] [SUBPROCESS]    R4129;VDD.$1622.15;VDD.$1623.18;;585.0
[2026-08-13 17:07:52,385] [SUBPROCESS]    R4130;VDD.$1622.15;VDD.$1626.15;;0.0
[2026-08-13 17:07:52,386] [SUBPROCESS]    R4131;VDD.$1622.15;VDD.$1708.15;;0.0
[2026-08-13 17:07:52,387] [SUBPROCESS]    R4132;VDD.$1623.18;VDD.$4486.18;;0.0
[2026-08-13 17:07:52,387] [SUBPROCESS]    R4133;VDD.$1623.18;VDD.$4500.18;;27.106
[2026-08-13 17:07:52,388] [SUBPROCESS]    R4134;VDD.$1624.15;VDD.$1625.18;;585.0
[2026-08-13 17:07:52,388] [SUBPROCESS]    R4135;VDD.$1624.15;VDD.$1644.15;;0.0
[2026-08-13 17:07:52,389] [SUBPROCESS]    R4136;VDD.$1625.18;VDD.$4442.18;;0.0
[2026-08-13 17:07:52,389] [SUBPROCESS]    R4137;VDD.$1625.18;VDD.$4460.18;;27.106
[2026-08-13 17:07:52,389] [SUBPROCESS]    R4138;VDD.$1626.15;VDD.$1627.18;;585.0
[2026-08-13 17:07:52,390] [SUBPROCESS]    R4139;VDD.$1626.15;VDD.$1662.15;;0.0
[2026-08-13 17:07:52,390] [SUBPROCESS]    R4140;VDD.$1627.18;VDD.$4456.18;;0.0
[2026-08-13 17:07:52,391] [SUBPROCESS]    R4141;VDD.$1627.18;VDD.$4486.18;;27.106
[2026-08-13 17:07:52,391] [SUBPROCESS]    R4142;VDD.$1628.15;VDD.$1629.18;;585.0
[2026-08-13 17:07:52,392] [SUBPROCESS]    R4143;VDD.$1628.15;VDD.$1632.15;;0.0
[2026-08-13 17:07:52,392] [SUBPROCESS]    R4144;VDD.$1629.18;VDD.$4550.18;;0.0
[2026-08-13 17:07:52,393] [SUBPROCESS]    R4145;VDD.$1629.18;VDD.$4576.18;;27.106
[2026-08-13 17:07:52,393] [SUBPROCESS]    R4146;VDD.$163.18;VDD.$1756.18;;0.0
[2026-08-13 17:07:52,394] [SUBPROCESS]    R4147;VDD.$163.18;VDD.$1764.18;;27.106
[2026-08-13 17:07:52,394] [SUBPROCESS]    R4148;VDD.$1630.15;VDD.$1631.18;;585.0
[2026-08-13 17:07:52,394] [SUBPROCESS]    R4149;VDD.$1630.15;VDD.$1634.15;;0.0
[2026-08-13 17:07:52,395] [SUBPROCESS]    R4150;VDD.$1631.18;VDD.$4558.18;;0.0
[2026-08-13 17:07:52,395] [SUBPROCESS]    R4151;VDD.$1631.18;VDD.$4580.18;;27.106
[2026-08-13 17:07:52,396] [SUBPROCESS]    R4152;VDD.$1632.15;VDD.$1633.18;;585.0
[2026-08-13 17:07:52,396] [SUBPROCESS]    R4153;VDD.$1633.18;VDD.$4576.18;;0.0
[2026-08-13 17:07:52,397] [SUBPROCESS]    R4154;VDD.$1633.18;VDD.$4614.18;;27.106
[2026-08-13 17:07:52,397] [SUBPROCESS]    R4155;VDD.$1634.15;VDD.$1635.18;;585.0
[2026-08-13 17:07:52,397] [SUBPROCESS]    R4156;VDD.$1635.18;VDD.$4534.18;;27.106
[2026-08-13 17:07:52,398] [SUBPROCESS]    R4157;VDD.$1635.18;VDD.$4580.18;;0.0
[2026-08-13 17:07:52,398] [SUBPROCESS]    R4158;VDD.$1636.15;VDD.$1637.18;;585.0
[2026-08-13 17:07:52,399] [SUBPROCESS]    R4159;VDD.$1636.15;VDD.$1654.15;;0.0
[2026-08-13 17:07:52,399] [SUBPROCESS]    R4160;VDD.$1637.18;VDD.$4540.18;;27.106
[2026-08-13 17:07:52,399] [SUBPROCESS]    R4161;VDD.$1637.18;VDD.$4592.18;;0.0
[2026-08-13 17:07:52,400] [SUBPROCESS]    R4162;VDD.$1638.15;VDD.$1639.18;;585.0
[2026-08-13 17:07:52,400] [SUBPROCESS]    R4163;VDD.$1638.15;VDD.$1666.15;;0.0
[2026-08-13 17:07:52,401] [SUBPROCESS]    R4164;VDD.$1638.15;VDD.$1670.15;;0.0
[2026-08-13 17:07:52,401] [SUBPROCESS]    R4165;VDD.$1639.18;VDD.$4436.18;;27.106
[2026-08-13 17:07:52,402] [SUBPROCESS]    R4166;VDD.$1639.18;VDD.$4490.18;;0.0
[2026-08-13 17:07:52,402] [SUBPROCESS]    R4167;VDD.$164.15;VDD.$165.18;;585.0
[2026-08-13 17:07:52,403] [SUBPROCESS]    R4168;VDD.$164.15;VDD.$174.15;;0.0
[2026-08-13 17:07:52,404] [SUBPROCESS]    R4169;VDD.$1640.15;VDD.$1641.18;;585.0
[2026-08-13 17:07:52,404] [SUBPROCESS]    R4170;VDD.$1640.15;VDD.P29.15;;0.0
[2026-08-13 17:07:52,405] [SUBPROCESS]    R4171;VDD.$1641.18;VDD.$4554.18;;27.106
[2026-08-13 17:07:52,406] [SUBPROCESS]    R4172;VDD.$1641.18;VDD.$4574.18;;0.0
[2026-08-13 17:07:52,406] [SUBPROCESS]    R4173;VDD.$1642.15;VDD.$1643.18;;585.0
[2026-08-13 17:07:52,407] [SUBPROCESS]    R4174;VDD.$1642.15;VDD.$1680.15;;0.0
[2026-08-13 17:07:52,407] [SUBPROCESS]    R4175;VDD.$1642.15;VDD.$1688.15;;0.0
[2026-08-13 17:07:52,408] [SUBPROCESS]    R4176;VDD.$1643.18;VDD.$4510.18;;27.106
[2026-08-13 17:07:52,408] [SUBPROCESS]    R4177;VDD.$1643.18;VDD.$4608.18;;0.0
[2026-08-13 17:07:52,409] [SUBPROCESS]    R4178;VDD.$1644.15;VDD.$1645.18;;585.0
[2026-08-13 17:07:52,409] [SUBPROCESS]    R4179;VDD.$1645.18;VDD.$4442.18;;27.106
[2026-08-13 17:07:52,410] [SUBPROCESS]    R4180;VDD.$1645.18;VDD.$4482.18;;0.0
[2026-08-13 17:07:52,410] [SUBPROCESS]    R4181;VDD.$1646.15;VDD.$1647.18;;585.0
[2026-08-13 17:07:52,410] [SUBPROCESS]    R4182;VDD.$1646.15;VDD.$1672.15;;0.0
[2026-08-13 17:07:52,411] [SUBPROCESS]    R4183;VDD.$1646.15;VDD.P26.15;;0.0
[2026-08-13 17:07:52,411] [SUBPROCESS]    R4184;VDD.$1647.18;VDD.$4406.18;;27.106
[2026-08-13 17:07:52,412] [SUBPROCESS]    R4185;VDD.$1647.18;VDD.$4412.18;;0.0
[2026-08-13 17:07:52,412] [SUBPROCESS]    R4186;VDD.$1648.15;VDD.$1649.18;;585.0
[2026-08-13 17:07:52,413] [SUBPROCESS]    R4187;VDD.$1648.15;VDD.$1674.15;;0.0
[2026-08-13 17:07:52,413] [SUBPROCESS]    R4188;VDD.$1648.15;VDD.P27.15;;0.0
[2026-08-13 17:07:52,413] [SUBPROCESS]    R4189;VDD.$1649.18;VDD.$4378.18;;0.0
[2026-08-13 17:07:52,414] [SUBPROCESS]    R4190;VDD.$1649.18;VDD.$4394.18;;27.106
[2026-08-13 17:07:52,414] [SUBPROCESS]    R4191;VDD.$165.18;VDD.$1758.18;;0.0
[2026-08-13 17:07:52,415] [SUBPROCESS]    R4192;VDD.$165.18;VDD.$1766.18;;27.106
[2026-08-13 17:07:52,416] [SUBPROCESS]    R4193;VDD.$1650.15;VDD.$1651.18;;585.0
[2026-08-13 17:07:52,416] [SUBPROCESS]    R4194;VDD.$1650.15;VDD.$1676.15;;0.0
[2026-08-13 17:07:52,416] [SUBPROCESS]    R4195;VDD.$1650.15;VDD.P18.15;;0.0
[2026-08-13 17:07:52,417] [SUBPROCESS]    R4196;VDD.$1651.18;VDD.$4380.18;;0.0
[2026-08-13 17:07:52,417] [SUBPROCESS]    R4197;VDD.$1651.18;VDD.$4396.18;;27.106
[2026-08-13 17:07:52,418] [SUBPROCESS]    R4198;VDD.$1652.15;VDD.$1653.18;;585.0
[2026-08-13 17:07:52,418] [SUBPROCESS]    R4199;VDD.$1652.15;VDD.$1678.15;;0.0
[2026-08-13 17:07:52,419] [SUBPROCESS]    R4200;VDD.$1652.15;VDD.P19.15;;0.0
[2026-08-13 17:07:52,420] [SUBPROCESS]    R4201;VDD.$1653.18;VDD.$4382.18;;0.0
[2026-08-13 17:07:52,420] [SUBPROCESS]    R4202;VDD.$1653.18;VDD.$4398.18;;27.106
[2026-08-13 17:07:52,421] [SUBPROCESS]    R4203;VDD.$1654.15;VDD.$1655.18;;585.0
[2026-08-13 17:07:52,421] [SUBPROCESS]    R4204;VDD.$1655.18;VDD.$4570.18;;0.0
[2026-08-13 17:07:52,422] [SUBPROCESS]    R4205;VDD.$1655.18;VDD.$4592.18;;27.106
[2026-08-13 17:07:52,422] [SUBPROCESS]    R4206;VDD.$1656.15;VDD.$1657.18;;585.0
[2026-08-13 17:07:52,423] [SUBPROCESS]    R4207;VDD.$1657.18;VDD.$4410.18;;0.0
[2026-08-13 17:07:52,423] [SUBPROCESS]    R4208;VDD.$1657.18;VDD.$4416.18;;27.106
[2026-08-13 17:07:52,424] [SUBPROCESS]    R4209;VDD.$1658.15;VDD.$1659.18;;585.0
[2026-08-13 17:07:52,424] [SUBPROCESS]    R4210;VDD.$1659.18;VDD.$4386.18;;0.0
[2026-08-13 17:07:52,424] [SUBPROCESS]    R4211;VDD.$1659.18;VDD.$4402.18;;27.106
[2026-08-13 17:07:52,425] [SUBPROCESS]    R4212;VDD.$166.15;VDD.$167.18;;585.0
[2026-08-13 17:07:52,425] [SUBPROCESS]    R4213;VDD.$166.15;VDD.$176.15;;0.0
[2026-08-13 17:07:52,426] [SUBPROCESS]    R4214;VDD.$1660.15;VDD.$1661.18;;585.0
[2026-08-13 17:07:52,426] [SUBPROCESS]    R4215;VDD.$1661.18;VDD.$4388.18;;0.0
[2026-08-13 17:07:52,427] [SUBPROCESS]    R4216;VDD.$1661.18;VDD.$4404.18;;27.106
[2026-08-13 17:07:52,427] [SUBPROCESS]    R4217;VDD.$1662.15;VDD.$1663.18;;585.0
[2026-08-13 17:07:52,428] [SUBPROCESS]    R4218;VDD.$1663.18;VDD.$4422.18;;0.0
[2026-08-13 17:07:52,428] [SUBPROCESS]    R4219;VDD.$1663.18;VDD.$4456.18;;27.106
[2026-08-13 17:07:52,429] [SUBPROCESS]    R4220;VDD.$1664.15;VDD.$1665.18;;585.0
[2026-08-13 17:07:52,429] [SUBPROCESS]    R4221;VDD.$1665.18;VDD.$4446.18;;0.0
[2026-08-13 17:07:52,430] [SUBPROCESS]    R4222;VDD.$1665.18;VDD.$4488.18;;27.106
[2026-08-13 17:07:52,430] [SUBPROCESS]    R4223;VDD.$1666.15;VDD.$1667.18;;585.0
[2026-08-13 17:07:52,431] [SUBPROCESS]    R4224;VDD.$1667.18;VDD.$4450.18;;0.0
[2026-08-13 17:07:52,431] [SUBPROCESS]    R4225;VDD.$1667.18;VDD.$4490.18;;27.106
[2026-08-13 17:07:52,432] [SUBPROCESS]    R4226;VDD.$1668.15;VDD.$1669.18;;585.0
[2026-08-13 17:07:52,432] [SUBPROCESS]    R4227;VDD.$1669.18;VDD.$4440.18;;0.0
[2026-08-13 17:07:52,432] [SUBPROCESS]    R4228;VDD.$167.18;VDD.$1760.18;;0.0
[2026-08-13 17:07:52,433] [SUBPROCESS]    R4229;VDD.$167.18;VDD.$1768.18;;27.106
[2026-08-13 17:07:52,433] [SUBPROCESS]    R4230;VDD.$1670.15;VDD.$1671.18;;585.0
[2026-08-13 17:07:52,434] [SUBPROCESS]    R4231;VDD.$1671.18;VDD.$4436.18;;0.0
[2026-08-13 17:07:52,434] [SUBPROCESS]    R4232;VDD.$1672.15;VDD.$1673.18;;585.0
[2026-08-13 17:07:52,435] [SUBPROCESS]    R4233;VDD.$1672.15;VDD.$1698.15;;0.0
[2026-08-13 17:07:52,436] [SUBPROCESS]    R4234;VDD.$1673.18;VDD.$4406.18;;0.0
[2026-08-13 17:07:52,436] [SUBPROCESS]    R4235;VDD.$1673.18;VDD.$4414.18;;27.106
[2026-08-13 17:07:52,437] [SUBPROCESS]    R4236;VDD.$1674.15;VDD.$1675.18;;585.0
[2026-08-13 17:07:52,437] [SUBPROCESS]    R4237;VDD.$1674.15;VDD.$1700.15;;0.0
[2026-08-13 17:07:52,438] [SUBPROCESS]    R4238;VDD.$1675.18;VDD.$4354.18;;27.106
[2026-08-13 17:07:52,438] [SUBPROCESS]    R4239;VDD.$1675.18;VDD.$4394.18;;0.0
[2026-08-13 17:07:52,439] [SUBPROCESS]    R4240;VDD.$1676.15;VDD.$1677.18;;585.0
[2026-08-13 17:07:52,439] [SUBPROCESS]    R4241;VDD.$1676.15;VDD.$1702.15;;0.0
[2026-08-13 17:07:52,440] [SUBPROCESS]    R4242;VDD.$1677.18;VDD.$4336.18;;27.106
[2026-08-13 17:07:52,440] [SUBPROCESS]    R4243;VDD.$1677.18;VDD.$4396.18;;0.0
[2026-08-13 17:07:52,440] [SUBPROCESS]    R4244;VDD.$1678.15;VDD.$1679.18;;585.0
[2026-08-13 17:07:52,441] [SUBPROCESS]    R4245;VDD.$1678.15;VDD.$1704.15;;0.0
[2026-08-13 17:07:52,441] [SUBPROCESS]    R4246;VDD.$1679.18;VDD.$4338.18;;27.106
[2026-08-13 17:07:52,442] [SUBPROCESS]    R4247;VDD.$1679.18;VDD.$4398.18;;0.0
[2026-08-13 17:07:52,442] [SUBPROCESS]    R4248;VDD.$168.15;VDD.$169.18;;585.0
[2026-08-13 17:07:52,443] [SUBPROCESS]    R4249;VDD.$168.15;VDD.$178.15;;0.0
[2026-08-13 17:07:52,443] [SUBPROCESS]    R4250;VDD.$1680.15;VDD.$1681.18;;585.0
[2026-08-13 17:07:52,443] [SUBPROCESS]    R4251;VDD.$1681.18;VDD.$4528.18;;0.0
[2026-08-13 17:07:52,444] [SUBPROCESS]    R4252;VDD.$1681.18;VDD.$4608.18;;27.106
[2026-08-13 17:07:52,445] [SUBPROCESS]    R4253;VDD.$1682.15;VDD.$1683.18;;585.0
[2026-08-13 17:07:52,445] [SUBPROCESS]    R4254;VDD.$1683.18;VDD.$4530.18;;0.0
[2026-08-13 17:07:52,446] [SUBPROCESS]    R4255;VDD.$1683.18;VDD.$4610.18;;27.106
[2026-08-13 17:07:52,446] [SUBPROCESS]    R4256;VDD.$1684.15;VDD.$1685.18;;585.0
[2026-08-13 17:07:52,447] [SUBPROCESS]    R4257;VDD.$1685.18;VDD.$4532.18;;0.0
[2026-08-13 17:07:52,448] [SUBPROCESS]    R4258;VDD.$1685.18;VDD.$4612.18;;27.106
[2026-08-13 17:07:52,448] [SUBPROCESS]    R4259;VDD.$1686.15;VDD.$1687.18;;585.0
[2026-08-13 17:07:52,449] [SUBPROCESS]    R4260;VDD.$1687.18;VDD.$4408.18;;27.106
[2026-08-13 17:07:52,449] [SUBPROCESS]    R4261;VDD.$1687.18;VDD.$4418.18;;0.0
[2026-08-13 17:07:52,450] [SUBPROCESS]    R4262;VDD.$1688.15;VDD.$1689.18;;585.0
[2026-08-13 17:07:52,450] [SUBPROCESS]    R4263;VDD.$1689.18;VDD.$4510.18;;0.0
[2026-08-13 17:07:52,451] [SUBPROCESS]    R4264;VDD.$169.18;VDD.$1862.18;;27.106
[2026-08-13 17:07:52,451] [SUBPROCESS]    R4265;VDD.$169.18;VDD.$1866.18;;0.0
[2026-08-13 17:07:52,452] [SUBPROCESS]    R4266;VDD.$1690.15;VDD.$1691.18;;585.0
[2026-08-13 17:07:52,452] [SUBPROCESS]    R4267;VDD.$1691.18;VDD.$4588.18;;0.0
[2026-08-13 17:07:52,453] [SUBPROCESS]    R4268;VDD.$1692.15;VDD.$1693.18;;585.0
[2026-08-13 17:07:52,454] [SUBPROCESS]    R4269;VDD.$1693.18;VDD.$4340.18;;27.106
[2026-08-13 17:07:52,454] [SUBPROCESS]    R4270;VDD.$1693.18;VDD.$4390.18;;0.0
[2026-08-13 17:07:52,455] [SUBPROCESS]    R4271;VDD.$1694.15;VDD.$1695.18;;585.0
[2026-08-13 17:07:52,455] [SUBPROCESS]    R4272;VDD.$1694.15;VDD.P20.15;;0.0
[2026-08-13 17:07:52,456] [SUBPROCESS]    R4273;VDD.$1695.18;VDD.$4556.18;;27.106
[2026-08-13 17:07:52,456] [SUBPROCESS]    R4274;VDD.$1695.18;VDD.$4600.18;;0.0
[2026-08-13 17:07:52,457] [SUBPROCESS]    R4275;VDD.$1696.15;VDD.$1697.18;;585.0
[2026-08-13 17:07:52,457] [SUBPROCESS]    R4276;VDD.$1696.15;VDD.P21.15;;0.0
[2026-08-13 17:07:52,458] [SUBPROCESS]    R4277;VDD.$1697.18;VDD.$4560.18;;27.106
[2026-08-13 17:07:52,458] [SUBPROCESS]    R4278;VDD.$1697.18;VDD.$4604.18;;0.0
[2026-08-13 17:07:52,458] [SUBPROCESS]    R4279;VDD.$1698.15;VDD.$1699.18;;585.0
[2026-08-13 17:07:52,459] [SUBPROCESS]    R4280;VDD.$1699.18;VDD.$4414.18;;0.0
[2026-08-13 17:07:52,459] [SUBPROCESS]    R4281;VDD.$1699.18;VDD.$4420.18;;27.106
[2026-08-13 17:07:52,460] [SUBPROCESS]    R4282;VDD.$17.18;VDD.$3856.18;;0.0
[2026-08-13 17:07:52,460] [SUBPROCESS]    R4283;VDD.$17.18;VDD.$3864.18;;27.106
[2026-08-13 17:07:52,460] [SUBPROCESS]    R4284;VDD.$170.15;VDD.$171.18;;585.0
[2026-08-13 17:07:52,461] [SUBPROCESS]    R4285;VDD.$170.15;VDD.$180.15;;0.0
[2026-08-13 17:07:52,461] [SUBPROCESS]    R4286;VDD.$1700.15;VDD.$1701.18;;585.0
[2026-08-13 17:07:52,462] [SUBPROCESS]    R4287;VDD.$1701.18;VDD.$4346.18;;27.106
[2026-08-13 17:07:52,462] [SUBPROCESS]    R4288;VDD.$1701.18;VDD.$4354.18;;0.0
[2026-08-13 17:07:52,463] [SUBPROCESS]    R4289;VDD.$1702.15;VDD.$1703.18;;585.0
[2026-08-13 17:07:52,463] [SUBPROCESS]    R4290;VDD.$1703.18;VDD.$4336.18;;0.0
[2026-08-13 17:07:52,463] [SUBPROCESS]    R4291;VDD.$1703.18;VDD.$4348.18;;27.106
[2026-08-13 17:07:52,464] [SUBPROCESS]    R4292;VDD.$1704.15;VDD.$1705.18;;585.0
[2026-08-13 17:07:52,464] [SUBPROCESS]    R4293;VDD.$1705.18;VDD.$4338.18;;0.0
[2026-08-13 17:07:52,465] [SUBPROCESS]    R4294;VDD.$1705.18;VDD.$4350.18;;27.106
[2026-08-13 17:07:52,465] [SUBPROCESS]    R4295;VDD.$1706.15;VDD.$1707.18;;585.0
[2026-08-13 17:07:52,466] [SUBPROCESS]    R4296;VDD.$1706.15;VDD.P33.15;;0.0
[2026-08-13 17:07:52,466] [SUBPROCESS]    R4297;VDD.$1707.18;VDD.$4444.18;;27.106
[2026-08-13 17:07:52,466] [SUBPROCESS]    R4298;VDD.$1707.18;VDD.$4498.18;;0.0
[2026-08-13 17:07:52,467] [SUBPROCESS]    R4299;VDD.$1708.15;VDD.$1709.18;;585.0
[2026-08-13 17:07:52,467] [SUBPROCESS]    R4300;VDD.$1708.15;VDD.P28.15;;0.0
[2026-08-13 17:07:52,468] [SUBPROCESS]    R4301;VDD.$1709.18;VDD.$4454.18;;27.106
[2026-08-13 17:07:52,468] [SUBPROCESS]    R4302;VDD.$1709.18;VDD.$4500.18;;0.0
[2026-08-13 17:07:52,469] [SUBPROCESS]    R4303;VDD.$171.18;VDD.$1852.18;;0.0
[2026-08-13 17:07:52,469] [SUBPROCESS]    R4304;VDD.$171.18;VDD.$1864.18;;27.106
[2026-08-13 17:07:52,470] [SUBPROCESS]    R4305;VDD.$1710.18;VDD.$1711.25;;9.3
[2026-08-13 17:07:52,471] [SUBPROCESS]    R4306;VDD.$1710.18;VDD.$729.18;;0.0
[2026-08-13 17:07:52,471] [SUBPROCESS]    R4307;VDD.$1710.18;VDD.$773.18;;27.106
[2026-08-13 17:07:52,472] [SUBPROCESS]    R4308;VDD.$1711.25;VDD.$3091.25;;0.025
[2026-08-13 17:07:52,473] [SUBPROCESS]    R4309;VDD.$1711.25;VDD.$3303.25;;0.02
[2026-08-13 17:07:52,473] [SUBPROCESS]    R4310;VDD.$1712.18;VDD.$1713.25;;9.3
[2026-08-13 17:07:52,473] [SUBPROCESS]    R4311;VDD.$1712.18;VDD.$775.18;;27.106
[2026-08-13 17:07:52,474] [SUBPROCESS]    R4312;VDD.$1712.18;VDD.$801.18;;0.0
[2026-08-13 17:07:52,474] [SUBPROCESS]    R4313;VDD.$1713.25;VDD.$1715.25;;0.0
[2026-08-13 17:07:52,475] [SUBPROCESS]    R4314;VDD.$1713.25;VDD.$3087.25;;0.036
[2026-08-13 17:07:52,475] [SUBPROCESS]    R4315;VDD.$1714.18;VDD.$1715.25;;9.3
[2026-08-13 17:07:52,475] [SUBPROCESS]    R4316;VDD.$1714.18;VDD.$749.18;;27.106
[2026-08-13 17:07:52,476] [SUBPROCESS]    R4317;VDD.$1714.18;VDD.$805.18;;0.0
[2026-08-13 17:07:52,476] [SUBPROCESS]    R4318;VDD.$1715.25;VDD.$3299.25;;0.036
[2026-08-13 17:07:52,477] [SUBPROCESS]    R4319;VDD.$1716.18;VDD.$1717.25;;9.3
[2026-08-13 17:07:52,477] [SUBPROCESS]    R4320;VDD.$1716.18;VDD.$765.18;;27.106
[2026-08-13 17:07:52,478] [SUBPROCESS]    R4321;VDD.$1716.18;VDD.$807.18;;0.0
[2026-08-13 17:07:52,478] [SUBPROCESS]    R4322;VDD.$1717.25;VDD.$3157.25;;0.072
[2026-08-13 17:07:52,478] [SUBPROCESS]    R4323;VDD.$1717.25;VDD.$3231.25;;0.072
[2026-08-13 17:07:52,479] [SUBPROCESS]    R4324;VDD.$1718.18;VDD.$1719.25;;9.3
[2026-08-13 17:07:52,479] [SUBPROCESS]    R4325;VDD.$1718.18;VDD.$853.18;;0.0
[2026-08-13 17:07:52,480] [SUBPROCESS]    R4326;VDD.$1718.18;VDD.$863.18;;27.106
[2026-08-13 17:07:52,480] [SUBPROCESS]    R4327;VDD.$1719.25;VDD.$3159.25;;0.072
[2026-08-13 17:07:52,480] [SUBPROCESS]    R4328;VDD.$1719.25;VDD.$3233.25;;0.072
[2026-08-13 17:07:52,481] [SUBPROCESS]    R4329;VDD.$172.15;VDD.$173.18;;585.0
[2026-08-13 17:07:52,481] [SUBPROCESS]    R4330;VDD.$172.15;VDD.$182.15;;0.0
[2026-08-13 17:07:52,482] [SUBPROCESS]    R4331;VDD.$1720.18;VDD.$1721.25;;9.3
[2026-08-13 17:07:52,482] [SUBPROCESS]    R4332;VDD.$1720.18;VDD.$817.18;;0.0
[2026-08-13 17:07:52,482] [SUBPROCESS]    R4333;VDD.$1720.18;VDD.$865.18;;27.106
[2026-08-13 17:07:52,483] [SUBPROCESS]    R4334;VDD.$1721.25;VDD.$2217.25;;0.072
[2026-08-13 17:07:52,483] [SUBPROCESS]    R4335;VDD.$1721.25;VDD.$4003.25;;0.072
[2026-08-13 17:07:52,484] [SUBPROCESS]    R4336;VDD.$1722.18;VDD.$1723.25;;9.3
[2026-08-13 17:07:52,484] [SUBPROCESS]    R4337;VDD.$1722.18;VDD.$335.18;;27.106
[2026-08-13 17:07:52,485] [SUBPROCESS]    R4338;VDD.$1722.18;VDD.$339.18;;0.0
[2026-08-13 17:07:52,486] [SUBPROCESS]    R4339;VDD.$1723.25;VDD.$2219.25;;0.072
[2026-08-13 17:07:52,486] [SUBPROCESS]    R4340;VDD.$1723.25;VDD.$4005.25;;0.072
[2026-08-13 17:07:52,487] [SUBPROCESS]    R4341;VDD.$1724.18;VDD.$1725.25;;9.3
[2026-08-13 17:07:52,488] [SUBPROCESS]    R4342;VDD.$1724.18;VDD.$337.18;;27.106
[2026-08-13 17:07:52,488] [SUBPROCESS]    R4343;VDD.$1724.18;VDD.$341.18;;0.0
[2026-08-13 17:07:52,489] [SUBPROCESS]    R4344;VDD.$1725.25;VDD.$2221.25;;0.072
[2026-08-13 17:07:52,490] [SUBPROCESS]    R4345;VDD.$1725.25;VDD.$4019.25;;0.072
[2026-08-13 17:07:52,490] [SUBPROCESS]    R4346;VDD.$1726.18;VDD.$1727.25;;9.3
[2026-08-13 17:07:52,490] [SUBPROCESS]    R4347;VDD.$1726.18;VDD.$387.18;;27.106
[2026-08-13 17:07:52,491] [SUBPROCESS]    R4348;VDD.$1726.18;VDD.$415.18;;0.0
[2026-08-13 17:07:52,491] [SUBPROCESS]    R4349;VDD.$1727.25;VDD.$2459.25;;0.072
[2026-08-13 17:07:52,492] [SUBPROCESS]    R4350;VDD.$1727.25;VDD.$3865.25;;0.072
[2026-08-13 17:07:52,492] [SUBPROCESS]    R4351;VDD.$1728.18;VDD.$1729.25;;9.3
[2026-08-13 17:07:52,493] [SUBPROCESS]    R4352;VDD.$1728.18;VDD.$357.18;;0.0
[2026-08-13 17:07:52,493] [SUBPROCESS]    R4353;VDD.$1728.18;VDD.$407.18;;27.106
[2026-08-13 17:07:52,494] [SUBPROCESS]    R4354;VDD.$1729.25;VDD.$2311.25;;0.072
[2026-08-13 17:07:52,495] [SUBPROCESS]    R4355;VDD.$1729.25;VDD.$3867.25;;0.072
[2026-08-13 17:07:52,496] [SUBPROCESS]    R4356;VDD.$173.18;VDD.$1764.18;;0.0
[2026-08-13 17:07:52,496] [SUBPROCESS]    R4357;VDD.$173.18;VDD.$1772.18;;27.106
[2026-08-13 17:07:52,497] [SUBPROCESS]    R4358;VDD.$1730.18;VDD.$1731.25;;9.3
[2026-08-13 17:07:52,497] [SUBPROCESS]    R4359;VDD.$1730.18;VDD.$359.18;;0.0
[2026-08-13 17:07:52,497] [SUBPROCESS]    R4360;VDD.$1730.18;VDD.$379.18;;27.106
[2026-08-13 17:07:52,498] [SUBPROCESS]    R4361;VDD.$1731.25;VDD.$2433.25;;0.025
[2026-08-13 17:07:52,498] [SUBPROCESS]    R4362;VDD.$1731.25;VDD.$3871.25;;0.02
[2026-08-13 17:07:52,499] [SUBPROCESS]    R4363;VDD.$1732.18;VDD.$1733.25;;9.3
[2026-08-13 17:07:52,499] [SUBPROCESS]    R4364;VDD.$1732.18;VDD.$3016.18;;18.432
[2026-08-13 17:07:52,500] [SUBPROCESS]    R4365;VDD.$1732.18;VDD.$3342.18;;18.432
[2026-08-13 17:07:52,500] [SUBPROCESS]    R4366;VDD.$1733.25;VDD.$3017.25;;0.18
[2026-08-13 17:07:52,500] [SUBPROCESS]    R4367;VDD.$1733.25;VDD.$3343.25;;0.18
[2026-08-13 17:07:52,501] [SUBPROCESS]    R4368;VDD.$1734.18;VDD.$1735.25;;9.3
[2026-08-13 17:07:52,501] [SUBPROCESS]    R4369;VDD.$1734.18;VDD.$3020.18;;18.432
[2026-08-13 17:07:52,502] [SUBPROCESS]    R4370;VDD.$1734.18;VDD.$3344.18;;18.432
[2026-08-13 17:07:52,502] [SUBPROCESS]    R4371;VDD.$1735.25;VDD.$3021.25;;0.18
[2026-08-13 17:07:52,503] [SUBPROCESS]    R4372;VDD.$1735.25;VDD.$3345.25;;0.18
[2026-08-13 17:07:52,504] [SUBPROCESS]    R4373;VDD.$1736.18;VDD.$1737.25;;9.3
[2026-08-13 17:07:52,504] [SUBPROCESS]    R4374;VDD.$1737.25;VDD.$1855.25;;0.119
[2026-08-13 17:07:52,505] [SUBPROCESS]    R4375;VDD.$1737.25;VDD.$1901.25;;0.108
[2026-08-13 17:07:52,505] [SUBPROCESS]    R4376;VDD.$1738.18;VDD.$1739.25;;9.3
[2026-08-13 17:07:52,506] [SUBPROCESS]    R4377;VDD.$1739.25;VDD.$1857.25;;0.052
[2026-08-13 17:07:52,506] [SUBPROCESS]    R4378;VDD.$1739.25;VDD.$1903.25;;0.054
[2026-08-13 17:07:52,507] [SUBPROCESS]    R4379;VDD.$174.15;VDD.$175.18;;585.0
[2026-08-13 17:07:52,507] [SUBPROCESS]    R4380;VDD.$174.15;VDD.$184.15;;0.0
[2026-08-13 17:07:52,508] [SUBPROCESS]    R4381;VDD.$1740.18;VDD.$1741.25;;9.3
[2026-08-13 17:07:52,508] [SUBPROCESS]    R4382;VDD.$1741.25;VDD.$1749.25;;0.205
[2026-08-13 17:07:52,508] [SUBPROCESS]    R4383;VDD.$1741.25;VDD.$1963.25;;0.186
[2026-08-13 17:07:52,509] [SUBPROCESS]    R4384;VDD.$1742.18;VDD.$1743.25;;9.3
[2026-08-13 17:07:52,509] [SUBPROCESS]    R4385;VDD.$1743.25;VDD.$1751.25;;0.044
[2026-08-13 17:07:52,510] [SUBPROCESS]    R4386;VDD.$1743.25;VDD.$1965.25;;0.045
[2026-08-13 17:07:52,510] [SUBPROCESS]    R4387;VDD.$1744.18;VDD.$1745.25;;9.3
[2026-08-13 17:07:52,510] [SUBPROCESS]    R4388;VDD.$1745.25;VDD.$1747.25;;0.003
[2026-08-13 17:07:52,511] [SUBPROCESS]    R4389;VDD.$1745.25;VDD.$1969.25;;0.043
[2026-08-13 17:07:52,511] [SUBPROCESS]    R4390;VDD.$1746.18;VDD.$1747.25;;9.3
[2026-08-13 17:07:52,512] [SUBPROCESS]    R4391;VDD.$1746.18;VDD.$1754.18;;18.432
[2026-08-13 17:07:52,512] [SUBPROCESS]    R4392;VDD.$1746.18;VDD.$1968.18;;18.432
[2026-08-13 17:07:52,513] [SUBPROCESS]    R4393;VDD.$1747.25;VDD.$1753.25;;0.043
[2026-08-13 17:07:52,513] [SUBPROCESS]    R4394;VDD.$1748.18;VDD.$1749.25;;9.3
[2026-08-13 17:07:52,513] [SUBPROCESS]    R4395;VDD.$1749.25;VDD.$1757.25;;0.228
[2026-08-13 17:07:52,514] [SUBPROCESS]    R4396;VDD.$175.18;VDD.$1766.18;;0.0
[2026-08-13 17:07:52,514] [SUBPROCESS]    R4397;VDD.$175.18;VDD.$1774.18;;27.106
[2026-08-13 17:07:52,515] [SUBPROCESS]    R4398;VDD.$1750.18;VDD.$1751.25;;9.3
[2026-08-13 17:07:52,515] [SUBPROCESS]    R4399;VDD.$1751.25;VDD.$1759.25;;0.043
[2026-08-13 17:07:52,515] [SUBPROCESS]    R4400;VDD.$1752.18;VDD.$1753.25;;9.3
[2026-08-13 17:07:52,516] [SUBPROCESS]    R4401;VDD.$1753.25;VDD.$1755.25;;0.003
[2026-08-13 17:07:52,516] [SUBPROCESS]    R4402;VDD.$1754.18;VDD.$1755.25;;9.3
[2026-08-13 17:07:52,517] [SUBPROCESS]    R4403;VDD.$1754.18;VDD.$1762.18;;18.432
[2026-08-13 17:07:52,517] [SUBPROCESS]    R4404;VDD.$1755.25;VDD.$1761.25;;0.043
[2026-08-13 17:07:52,518] [SUBPROCESS]    R4405;VDD.$1756.18;VDD.$1757.25;;9.3
[2026-08-13 17:07:52,518] [SUBPROCESS]    R4406;VDD.$1757.25;VDD.$1765.25;;0.257
[2026-08-13 17:07:52,518] [SUBPROCESS]    R4407;VDD.$1758.18;VDD.$1759.25;;9.3
[2026-08-13 17:07:52,519] [SUBPROCESS]    R4408;VDD.$1759.25;VDD.$1767.25;;0.042
[2026-08-13 17:07:52,520] [SUBPROCESS]    R4409;VDD.$176.15;VDD.$177.18;;585.0
[2026-08-13 17:07:52,521] [SUBPROCESS]    R4410;VDD.$176.15;VDD.$186.15;;0.0
[2026-08-13 17:07:52,521] [SUBPROCESS]    R4411;VDD.$1760.18;VDD.$1761.25;;9.3
[2026-08-13 17:07:52,521] [SUBPROCESS]    R4412;VDD.$1761.25;VDD.$1763.25;;0.003
[2026-08-13 17:07:52,522] [SUBPROCESS]    R4413;VDD.$1762.18;VDD.$1763.25;;9.3
[2026-08-13 17:07:52,523] [SUBPROCESS]    R4414;VDD.$1762.18;VDD.$1770.18;;18.432
[2026-08-13 17:07:52,523] [SUBPROCESS]    R4415;VDD.$1763.25;VDD.$1769.25;;0.043
[2026-08-13 17:07:52,523] [SUBPROCESS]    R4416;VDD.$1764.18;VDD.$1765.25;;9.3
[2026-08-13 17:07:52,524] [SUBPROCESS]    R4417;VDD.$1766.18;VDD.$1767.25;;9.3
[2026-08-13 17:07:52,524] [SUBPROCESS]    R4418;VDD.$1767.25;VDD.$1775.25;;0.041
[2026-08-13 17:07:52,525] [SUBPROCESS]    R4419;VDD.$1768.18;VDD.$1769.25;;9.3
[2026-08-13 17:07:52,526] [SUBPROCESS]    R4420;VDD.$1768.18;VDD.$177.18;;0.0
[2026-08-13 17:07:52,526] [SUBPROCESS]    R4421;VDD.$1769.25;VDD.$1771.25;;0.003
[2026-08-13 17:07:52,527] [SUBPROCESS]    R4422;VDD.$177.18;VDD.$1776.18;;27.106
[2026-08-13 17:07:52,527] [SUBPROCESS]    R4423;VDD.$1770.18;VDD.$1771.25;;9.3
[2026-08-13 17:07:52,528] [SUBPROCESS]    R4424;VDD.$1770.18;VDD.$1778.18;;18.432
[2026-08-13 17:07:52,529] [SUBPROCESS]    R4425;VDD.$1771.25;VDD.$1777.25;;0.043
[2026-08-13 17:07:52,529] [SUBPROCESS]    R4426;VDD.$1772.18;VDD.$1773.25;;9.3
[2026-08-13 17:07:52,530] [SUBPROCESS]    R4427;VDD.$1772.18;VDD.$183.18;;0.0
[2026-08-13 17:07:52,530] [SUBPROCESS]    R4428;VDD.$1773.25;VDD.$1775.25;;0.0
[2026-08-13 17:07:52,531] [SUBPROCESS]    R4429;VDD.$1773.25;VDD.$4629.25;;0.244
[2026-08-13 17:07:52,532] [SUBPROCESS]    R4430;VDD.$1774.18;VDD.$1775.25;;9.3
[2026-08-13 17:07:52,532] [SUBPROCESS]    R4431;VDD.$1774.18;VDD.$185.18;;0.0
[2026-08-13 17:07:52,532] [SUBPROCESS]    R4432;VDD.$1776.18;VDD.$1777.25;;9.3
[2026-08-13 17:07:52,533] [SUBPROCESS]    R4433;VDD.$1776.18;VDD.$187.18;;0.0
[2026-08-13 17:07:52,533] [SUBPROCESS]    R4434;VDD.$1777.25;VDD.$1779.25;;0.003
[2026-08-13 17:07:52,534] [SUBPROCESS]    R4435;VDD.$1778.18;VDD.$1779.25;;9.3
[2026-08-13 17:07:52,534] [SUBPROCESS]    R4436;VDD.$1778.18;VDD.$1780.18;;18.432
[2026-08-13 17:07:52,535] [SUBPROCESS]    R4437;VDD.$1779.25;VDD.$1781.25;;0.045
[2026-08-13 17:07:52,535] [SUBPROCESS]    R4438;VDD.$178.15;VDD.$179.18;;585.0
[2026-08-13 17:07:52,536] [SUBPROCESS]    R4439;VDD.$1780.18;VDD.$1781.25;;9.3
[2026-08-13 17:07:52,536] [SUBPROCESS]    R4440;VDD.$1780.18;VDD.$1782.18;;18.432
[2026-08-13 17:07:52,537] [SUBPROCESS]    R4441;VDD.$1781.25;VDD.$1783.25;;0.045
[2026-08-13 17:07:52,538] [SUBPROCESS]    R4442;VDD.$1782.18;VDD.$1783.25;;9.3
[2026-08-13 17:07:52,538] [SUBPROCESS]    R4443;VDD.$1782.18;VDD.$1784.18;;18.432
[2026-08-13 17:07:52,538] [SUBPROCESS]    R4444;VDD.$1783.25;VDD.$1785.25;;0.045
[2026-08-13 17:07:52,539] [SUBPROCESS]    R4445;VDD.$1784.18;VDD.$1785.25;;9.3
[2026-08-13 17:07:52,540] [SUBPROCESS]    R4446;VDD.$1784.18;VDD.$1786.18;;18.432
[2026-08-13 17:07:52,540] [SUBPROCESS]    R4447;VDD.$1785.25;VDD.$1787.25;;0.045
[2026-08-13 17:07:52,540] [SUBPROCESS]    R4448;VDD.$1786.18;VDD.$1787.25;;9.3
[2026-08-13 17:07:52,541] [SUBPROCESS]    R4449;VDD.$1786.18;VDD.$1788.18;;18.432
[2026-08-13 17:07:52,541] [SUBPROCESS]    R4450;VDD.$1787.25;VDD.$1789.25;;0.045
[2026-08-13 17:07:52,542] [SUBPROCESS]    R4451;VDD.$1788.18;VDD.$1789.25;;9.3
[2026-08-13 17:07:52,542] [SUBPROCESS]    R4452;VDD.$1788.18;VDD.$1832.18;;59.985
[2026-08-13 17:07:52,543] [SUBPROCESS]    R4453;VDD.$1789.25;VDD.$1833.25;;0.172
[2026-08-13 17:07:52,543] [SUBPROCESS]    R4454;VDD.$179.18;VDD.$1862.18;;0.0
[2026-08-13 17:07:52,543] [SUBPROCESS]    R4455;VDD.$1790.18;VDD.$1791.25;;9.3
[2026-08-13 17:07:52,544] [SUBPROCESS]    R4456;VDD.$1790.18;VDD.$1792.18;;18.432
[2026-08-13 17:07:52,544] [SUBPROCESS]    R4457;VDD.$1790.18;VDD.$1850.18;;18.432
[2026-08-13 17:07:52,545] [SUBPROCESS]    R4458;VDD.$1791.25;VDD.$1793.25;;0.18
[2026-08-13 17:07:52,545] [SUBPROCESS]    R4459;VDD.$1791.25;VDD.$1851.25;;0.18
[2026-08-13 17:07:52,546] [SUBPROCESS]    R4460;VDD.$1792.18;VDD.$1793.25;;9.3
[2026-08-13 17:07:52,546] [SUBPROCESS]    R4461;VDD.$1792.18;VDD.$1794.18;;18.432
[2026-08-13 17:07:52,546] [SUBPROCESS]    R4462;VDD.$1793.25;VDD.$1795.25;;0.18
[2026-08-13 17:07:52,547] [SUBPROCESS]    R4463;VDD.$1794.18;VDD.$1795.25;;9.3
[2026-08-13 17:07:52,547] [SUBPROCESS]    R4464;VDD.$1794.18;VDD.$1796.18;;18.432
[2026-08-13 17:07:52,548] [SUBPROCESS]    R4465;VDD.$1795.25;VDD.$1797.25;;0.18
[2026-08-13 17:07:52,548] [SUBPROCESS]    R4466;VDD.$1796.18;VDD.$1797.25;;9.3
[2026-08-13 17:07:52,549] [SUBPROCESS]    R4467;VDD.$1796.18;VDD.$1798.18;;18.432
[2026-08-13 17:07:52,549] [SUBPROCESS]    R4468;VDD.$1797.25;VDD.$1799.25;;0.18
[2026-08-13 17:07:52,549] [SUBPROCESS]    R4469;VDD.$1798.18;VDD.$1799.25;;9.3
[2026-08-13 17:07:52,550] [SUBPROCESS]    R4470;VDD.$1798.18;VDD.$1800.18;;18.432
[2026-08-13 17:07:52,550] [SUBPROCESS]    R4471;VDD.$1799.25;VDD.$4629.25;;0.047
[2026-08-13 17:07:52,551] [SUBPROCESS]    R4472;VDD.$18.15;VDD.$19.18;;585.0
[2026-08-13 17:07:52,551] [SUBPROCESS]    R4473;VDD.$18.15;VDD.$406.15;;0.0
[2026-08-13 17:07:52,552] [SUBPROCESS]    R4474;VDD.$18.15;VDD.P14.15;;0.0
[2026-08-13 17:07:52,553] [SUBPROCESS]    R4475;VDD.$180.15;VDD.$181.18;;585.0
[2026-08-13 17:07:52,553] [SUBPROCESS]    R4476;VDD.$1800.18;VDD.$1801.25;;9.3
[2026-08-13 17:07:52,554] [SUBPROCESS]    R4477;VDD.$1800.18;VDD.$1802.18;;18.432
[2026-08-13 17:07:52,554] [SUBPROCESS]    R4478;VDD.$1801.25;VDD.$1803.25;;0.18
[2026-08-13 17:07:52,555] [SUBPROCESS]    R4479;VDD.$1801.25;VDD.$4629.25;;0.133
[2026-08-13 17:07:52,555] [SUBPROCESS]    R4480;VDD.$1802.18;VDD.$1803.25;;9.3
[2026-08-13 17:07:52,556] [SUBPROCESS]    R4481;VDD.$1802.18;VDD.$1804.18;;18.432
[2026-08-13 17:07:52,556] [SUBPROCESS]    R4482;VDD.$1803.25;VDD.$1805.25;;0.18
[2026-08-13 17:07:52,557] [SUBPROCESS]    R4483;VDD.$1804.18;VDD.$1805.25;;9.3
[2026-08-13 17:07:52,557] [SUBPROCESS]    R4484;VDD.$1804.18;VDD.$1806.18;;18.432
[2026-08-13 17:07:52,558] [SUBPROCESS]    R4485;VDD.$1805.25;VDD.$1807.25;;0.18
[2026-08-13 17:07:52,558] [SUBPROCESS]    R4486;VDD.$1806.18;VDD.$1807.25;;9.3
[2026-08-13 17:07:52,558] [SUBPROCESS]    R4487;VDD.$1806.18;VDD.$1808.18;;18.432
[2026-08-13 17:07:52,559] [SUBPROCESS]    R4488;VDD.$1807.25;VDD.$1809.25;;0.18
[2026-08-13 17:07:52,559] [SUBPROCESS]    R4489;VDD.$1808.18;VDD.$1809.25;;9.3
[2026-08-13 17:07:52,560] [SUBPROCESS]    R4490;VDD.$1808.18;VDD.$1810.18;;18.432
[2026-08-13 17:07:52,560] [SUBPROCESS]    R4491;VDD.$1809.25;VDD.$1811.25;;0.18
[2026-08-13 17:07:52,561] [SUBPROCESS]    R4492;VDD.$181.18;VDD.$1864.18;;0.0
[2026-08-13 17:07:52,561] [SUBPROCESS]    R4493;VDD.$1810.18;VDD.$1811.25;;9.3
[2026-08-13 17:07:52,561] [SUBPROCESS]    R4494;VDD.$1810.18;VDD.$1812.18;;18.432
[2026-08-13 17:07:52,562] [SUBPROCESS]    R4495;VDD.$1811.25;VDD.$1813.25;;0.18
[2026-08-13 17:07:52,562] [SUBPROCESS]    R4496;VDD.$1812.18;VDD.$1813.25;;9.3
[2026-08-13 17:07:52,563] [SUBPROCESS]    R4497;VDD.$1812.18;VDD.$1814.18;;18.432
[2026-08-13 17:07:52,563] [SUBPROCESS]    R4498;VDD.$1813.25;VDD.$1815.25;;0.18
[2026-08-13 17:07:52,564] [SUBPROCESS]    R4499;VDD.$1814.18;VDD.$1815.25;;9.3
[2026-08-13 17:07:52,564] [SUBPROCESS]    R4500;VDD.$1814.18;VDD.$1816.18;;18.432
[2026-08-13 17:07:52,565] [SUBPROCESS]    R4501;VDD.$1815.25;VDD.$1817.25;;0.18
[2026-08-13 17:07:52,565] [SUBPROCESS]    R4502;VDD.$1816.18;VDD.$1817.25;;9.3
[2026-08-13 17:07:52,566] [SUBPROCESS]    R4503;VDD.$1816.18;VDD.$1818.18;;18.432
[2026-08-13 17:07:52,566] [SUBPROCESS]    R4504;VDD.$1817.25;VDD.$1819.25;;0.18
[2026-08-13 17:07:52,567] [SUBPROCESS]    R4505;VDD.$1818.18;VDD.$1819.25;;9.3
[2026-08-13 17:07:52,567] [SUBPROCESS]    R4506;VDD.$1818.18;VDD.$1820.18;;18.432
[2026-08-13 17:07:52,567] [SUBPROCESS]    R4507;VDD.$1819.25;VDD.$1821.25;;0.18
[2026-08-13 17:07:52,568] [SUBPROCESS]    R4508;VDD.$182.15;VDD.$183.18;;585.0
[2026-08-13 17:07:52,569] [SUBPROCESS]    R4509;VDD.$1820.18;VDD.$1821.25;;9.3
[2026-08-13 17:07:52,569] [SUBPROCESS]    R4510;VDD.$1820.18;VDD.$1822.18;;18.432
[2026-08-13 17:07:52,570] [SUBPROCESS]    R4511;VDD.$1821.25;VDD.$1823.25;;0.18
[2026-08-13 17:07:52,571] [SUBPROCESS]    R4512;VDD.$1822.18;VDD.$1823.25;;9.3
[2026-08-13 17:07:52,571] [SUBPROCESS]    R4513;VDD.$1822.18;VDD.$1824.18;;18.432
[2026-08-13 17:07:52,571] [SUBPROCESS]    R4514;VDD.$1823.25;VDD.$1825.25;;0.18
[2026-08-13 17:07:52,572] [SUBPROCESS]    R4515;VDD.$1824.18;VDD.$1825.25;;9.3
[2026-08-13 17:07:52,572] [SUBPROCESS]    R4516;VDD.$1824.18;VDD.$1826.18;;18.432
[2026-08-13 17:07:52,573] [SUBPROCESS]    R4517;VDD.$1825.25;VDD.$1827.25;;0.18
[2026-08-13 17:07:52,573] [SUBPROCESS]    R4518;VDD.$1826.18;VDD.$1827.25;;9.3
[2026-08-13 17:07:52,574] [SUBPROCESS]    R4519;VDD.$1826.18;VDD.$1828.18;;18.432
[2026-08-13 17:07:52,574] [SUBPROCESS]    R4520;VDD.$1827.25;VDD.$1829.25;;0.18
[2026-08-13 17:07:52,575] [SUBPROCESS]    R4521;VDD.$1828.18;VDD.$1829.25;;9.3
[2026-08-13 17:07:52,575] [SUBPROCESS]    R4522;VDD.$1828.18;VDD.$1830.18;;18.432
[2026-08-13 17:07:52,575] [SUBPROCESS]    R4523;VDD.$1829.25;VDD.$1831.25;;0.18
[2026-08-13 17:07:52,576] [SUBPROCESS]    R4524;VDD.$1830.18;VDD.$1831.25;;9.3
[2026-08-13 17:07:52,576] [SUBPROCESS]    R4525;VDD.$1830.18;VDD.$1832.18;;18.432
[2026-08-13 17:07:52,577] [SUBPROCESS]    R4526;VDD.$1831.25;VDD.$1833.25;;0.235
[2026-08-13 17:07:52,577] [SUBPROCESS]    R4527;VDD.$1832.18;VDD.$1833.25;;9.3
[2026-08-13 17:07:52,578] [SUBPROCESS]    R4528;VDD.$1834.18;VDD.$1835.25;;9.3
[2026-08-13 17:07:52,578] [SUBPROCESS]    R4529;VDD.$1834.18;VDD.$1836.18;;18.432
[2026-08-13 17:07:52,578] [SUBPROCESS]    R4530;VDD.$1834.18;VDD.$1894.18;;18.432
[2026-08-13 17:07:52,579] [SUBPROCESS]    R4531;VDD.$1835.25;VDD.$1837.25;;0.18
[2026-08-13 17:07:52,579] [SUBPROCESS]    R4532;VDD.$1835.25;VDD.$1895.25;;0.18
[2026-08-13 17:07:52,580] [SUBPROCESS]    R4533;VDD.$1836.18;VDD.$1837.25;;9.3
[2026-08-13 17:07:52,580] [SUBPROCESS]    R4534;VDD.$1836.18;VDD.$1838.18;;18.432
[2026-08-13 17:07:52,580] [SUBPROCESS]    R4535;VDD.$1837.25;VDD.$1839.25;;0.18
[2026-08-13 17:07:52,581] [SUBPROCESS]    R4536;VDD.$1838.18;VDD.$1839.25;;9.3
[2026-08-13 17:07:52,581] [SUBPROCESS]    R4537;VDD.$1838.18;VDD.$1840.18;;18.432
[2026-08-13 17:07:52,582] [SUBPROCESS]    R4538;VDD.$1839.25;VDD.$1841.25;;0.18
[2026-08-13 17:07:52,582] [SUBPROCESS]    R4539;VDD.$184.15;VDD.$185.18;;585.0
[2026-08-13 17:07:52,583] [SUBPROCESS]    R4540;VDD.$1840.18;VDD.$1841.25;;9.3
[2026-08-13 17:07:52,583] [SUBPROCESS]    R4541;VDD.$1840.18;VDD.$1842.18;;18.432
[2026-08-13 17:07:52,583] [SUBPROCESS]    R4542;VDD.$1841.25;VDD.$1843.25;;0.18
[2026-08-13 17:07:52,584] [SUBPROCESS]    R4543;VDD.$1842.18;VDD.$1843.25;;9.3
[2026-08-13 17:07:52,584] [SUBPROCESS]    R4544;VDD.$1842.18;VDD.$1844.18;;18.432
[2026-08-13 17:07:52,585] [SUBPROCESS]    R4545;VDD.$1843.25;VDD.$1845.25;;0.18
[2026-08-13 17:07:52,585] [SUBPROCESS]    R4546;VDD.$1844.18;VDD.$1845.25;;9.3
[2026-08-13 17:07:52,586] [SUBPROCESS]    R4547;VDD.$1844.18;VDD.$1846.18;;18.432
[2026-08-13 17:07:52,586] [SUBPROCESS]    R4548;VDD.$1845.25;VDD.$1847.25;;0.18
[2026-08-13 17:07:52,587] [SUBPROCESS]    R4549;VDD.$1846.18;VDD.$1847.25;;9.3
[2026-08-13 17:07:52,587] [SUBPROCESS]    R4550;VDD.$1846.18;VDD.$1848.18;;18.432
[2026-08-13 17:07:52,588] [SUBPROCESS]    R4551;VDD.$1847.25;VDD.$1849.25;;0.18
[2026-08-13 17:07:52,588] [SUBPROCESS]    R4552;VDD.$1848.18;VDD.$1849.25;;9.3
[2026-08-13 17:07:52,589] [SUBPROCESS]    R4553;VDD.$1848.18;VDD.$1850.18;;18.432
[2026-08-13 17:07:52,589] [SUBPROCESS]    R4554;VDD.$1849.25;VDD.$1851.25;;0.18
[2026-08-13 17:07:52,590] [SUBPROCESS]    R4555;VDD.$1850.18;VDD.$1851.25;;9.3
[2026-08-13 17:07:52,590] [SUBPROCESS]    R4556;VDD.$1852.18;VDD.$1853.25;;9.3
[2026-08-13 17:07:52,590] [SUBPROCESS]    R4557;VDD.$1853.25;VDD.$1865.25;;0.046
[2026-08-13 17:07:52,591] [SUBPROCESS]    R4558;VDD.$1853.25;VDD.$4625.25;;0.036
[2026-08-13 17:07:52,592] [SUBPROCESS]    R4559;VDD.$1854.18;VDD.$1855.25;;9.3
[2026-08-13 17:07:52,592] [SUBPROCESS]    R4560;VDD.$1855.25;VDD.$1859.25;;0.132
[2026-08-13 17:07:52,592] [SUBPROCESS]    R4561;VDD.$1856.18;VDD.$1857.25;;9.3
[2026-08-13 17:07:52,593] [SUBPROCESS]    R4562;VDD.$1857.25;VDD.$1861.25;;0.049
[2026-08-13 17:07:52,593] [SUBPROCESS]    R4563;VDD.$1858.18;VDD.$1859.25;;9.3
[2026-08-13 17:07:52,594] [SUBPROCESS]    R4564;VDD.$1859.25;VDD.$4625.25;;0.033
[2026-08-13 17:07:52,594] [SUBPROCESS]    R4565;VDD.$186.15;VDD.$187.18;;585.0
[2026-08-13 17:07:52,594] [SUBPROCESS]    R4566;VDD.$1860.18;VDD.$1861.25;;9.3
[2026-08-13 17:07:52,595] [SUBPROCESS]    R4567;VDD.$1861.25;VDD.$4625.25;;0.011
[2026-08-13 17:07:52,595] [SUBPROCESS]    R4568;VDD.$1862.18;VDD.$1863.25;;9.3
[2026-08-13 17:07:52,596] [SUBPROCESS]    R4569;VDD.$1863.25;VDD.$1867.25;;0.171
[2026-08-13 17:07:52,596] [SUBPROCESS]    R4570;VDD.$1864.18;VDD.$1865.25;;9.3
[2026-08-13 17:07:52,597] [SUBPROCESS]    R4571;VDD.$1865.25;VDD.$4624.25;;0.255
[2026-08-13 17:07:52,597] [SUBPROCESS]    R4572;VDD.$1866.18;VDD.$1867.25;;9.3
[2026-08-13 17:07:52,597] [SUBPROCESS]    R4573;VDD.$1867.25;VDD.$4625.25;;0.116
[2026-08-13 17:07:52,598] [SUBPROCESS]    R4574;VDD.$1868.18;VDD.$1869.25;;9.3
[2026-08-13 17:07:52,598] [SUBPROCESS]    R4575;VDD.$1868.18;VDD.$1870.18;;18.432
[2026-08-13 17:07:52,599] [SUBPROCESS]    R4576;VDD.$1868.18;VDD.$2048.18;;18.432
[2026-08-13 17:07:52,599] [SUBPROCESS]    R4577;VDD.$1869.25;VDD.$1871.25;;0.18
[2026-08-13 17:07:52,600] [SUBPROCESS]    R4578;VDD.$1869.25;VDD.$2049.25;;0.18
[2026-08-13 17:07:52,600] [SUBPROCESS]    R4579;VDD.$1870.18;VDD.$1871.25;;9.3
[2026-08-13 17:07:52,600] [SUBPROCESS]    R4580;VDD.$1870.18;VDD.$1872.18;;18.432
[2026-08-13 17:07:52,601] [SUBPROCESS]    R4581;VDD.$1871.25;VDD.$1873.25;;0.18
[2026-08-13 17:07:52,601] [SUBPROCESS]    R4582;VDD.$1872.18;VDD.$1873.25;;9.3
[2026-08-13 17:07:52,602] [SUBPROCESS]    R4583;VDD.$1872.18;VDD.$1874.18;;18.432
[2026-08-13 17:07:52,602] [SUBPROCESS]    R4584;VDD.$1873.25;VDD.$1875.25;;0.18
[2026-08-13 17:07:52,603] [SUBPROCESS]    R4585;VDD.$1874.18;VDD.$1875.25;;9.3
[2026-08-13 17:07:52,603] [SUBPROCESS]    R4586;VDD.$1874.18;VDD.$1876.18;;18.432
[2026-08-13 17:07:52,604] [SUBPROCESS]    R4587;VDD.$1875.25;VDD.$1877.25;;0.18
[2026-08-13 17:07:52,604] [SUBPROCESS]    R4588;VDD.$1876.18;VDD.$1877.25;;9.3
[2026-08-13 17:07:52,605] [SUBPROCESS]    R4589;VDD.$1876.18;VDD.$1878.18;;18.432
[2026-08-13 17:07:52,606] [SUBPROCESS]    R4590;VDD.$1877.25;VDD.$1879.25;;0.18
[2026-08-13 17:07:52,606] [SUBPROCESS]    R4591;VDD.$1878.18;VDD.$1879.25;;9.3
[2026-08-13 17:07:52,606] [SUBPROCESS]    R4592;VDD.$1878.18;VDD.$1880.18;;18.432
[2026-08-13 17:07:52,607] [SUBPROCESS]    R4593;VDD.$1879.25;VDD.$1881.25;;0.18
[2026-08-13 17:07:52,607] [SUBPROCESS]    R4594;VDD.$188.15;VDD.$189.18;;585.0
[2026-08-13 17:07:52,608] [SUBPROCESS]    R4595;VDD.$188.15;VDD.$266.15;;0.0
[2026-08-13 17:07:52,608] [SUBPROCESS]    R4596;VDD.$188.15;VDD.P35.15;;0.0
[2026-08-13 17:07:52,609] [SUBPROCESS]    R4597;VDD.$1880.18;VDD.$1881.25;;9.3
[2026-08-13 17:07:52,609] [SUBPROCESS]    R4598;VDD.$1880.18;VDD.$1882.18;;18.432
[2026-08-13 17:07:52,610] [SUBPROCESS]    R4599;VDD.$1881.25;VDD.$1883.25;;0.18
[2026-08-13 17:07:52,610] [SUBPROCESS]    R4600;VDD.$1882.18;VDD.$1883.25;;9.3
[2026-08-13 17:07:52,611] [SUBPROCESS]    R4601;VDD.$1882.18;VDD.$1884.18;;18.432
[2026-08-13 17:07:52,611] [SUBPROCESS]    R4602;VDD.$1883.25;VDD.$1885.25;;0.18
[2026-08-13 17:07:52,612] [SUBPROCESS]    R4603;VDD.$1884.18;VDD.$1885.25;;9.3
[2026-08-13 17:07:52,612] [SUBPROCESS]    R4604;VDD.$1884.18;VDD.$1886.18;;18.432
[2026-08-13 17:07:52,613] [SUBPROCESS]    R4605;VDD.$1885.25;VDD.$1887.25;;0.18
[2026-08-13 17:07:52,613] [SUBPROCESS]    R4606;VDD.$1886.18;VDD.$1887.25;;9.3
[2026-08-13 17:07:52,614] [SUBPROCESS]    R4607;VDD.$1886.18;VDD.$1888.18;;18.432
[2026-08-13 17:07:52,614] [SUBPROCESS]    R4608;VDD.$1887.25;VDD.$4624.25;;0.163
[2026-08-13 17:07:52,614] [SUBPROCESS]    R4609;VDD.$1888.18;VDD.$1889.25;;9.3
[2026-08-13 17:07:52,615] [SUBPROCESS]    R4610;VDD.$1888.18;VDD.$1890.18;;18.432
[2026-08-13 17:07:52,615] [SUBPROCESS]    R4611;VDD.$1889.25;VDD.$1891.25;;0.18
[2026-08-13 17:07:52,616] [SUBPROCESS]    R4612;VDD.$1889.25;VDD.$4624.25;;0.018
[2026-08-13 17:07:52,616] [SUBPROCESS]    R4613;VDD.$189.18;VDD.$2010.18;;27.106
[2026-08-13 17:07:52,617] [SUBPROCESS]    R4614;VDD.$189.18;VDD.$2208.18;;0.0
[2026-08-13 17:07:52,617] [SUBPROCESS]    R4615;VDD.$1890.18;VDD.$1891.25;;9.3
[2026-08-13 17:07:52,617] [SUBPROCESS]    R4616;VDD.$1890.18;VDD.$1892.18;;18.432
[2026-08-13 17:07:52,618] [SUBPROCESS]    R4617;VDD.$1891.25;VDD.$1893.25;;0.18
[2026-08-13 17:07:52,618] [SUBPROCESS]    R4618;VDD.$1892.18;VDD.$1893.25;;9.3
[2026-08-13 17:07:52,619] [SUBPROCESS]    R4619;VDD.$1892.18;VDD.$1894.18;;18.432
[2026-08-13 17:07:52,619] [SUBPROCESS]    R4620;VDD.$1893.25;VDD.$1895.25;;0.18
[2026-08-13 17:07:52,620] [SUBPROCESS]    R4621;VDD.$1894.18;VDD.$1895.25;;9.3
[2026-08-13 17:07:52,620] [SUBPROCESS]    R4622;VDD.$1896.18;VDD.$1897.25;;9.3
[2026-08-13 17:07:52,621] [SUBPROCESS]    R4623;VDD.$1897.25;VDD.$1901.25;;0.099
[2026-08-13 17:07:52,622] [SUBPROCESS]    R4624;VDD.$1897.25;VDD.$1917.25;;0.091
[2026-08-13 17:07:52,622] [SUBPROCESS]    R4625;VDD.$1898.18;VDD.$1899.25;;9.3
[2026-08-13 17:07:52,623] [SUBPROCESS]    R4626;VDD.$1899.25;VDD.$1903.25;;0.057
[2026-08-13 17:07:52,623] [SUBPROCESS]    R4627;VDD.$1899.25;VDD.$1919.25;;0.06
[2026-08-13 17:07:52,624] [SUBPROCESS]    R4628;VDD.$19.18;VDD.$3858.18;;0.0
[2026-08-13 17:07:52,624] [SUBPROCESS]    R4629;VDD.$19.18;VDD.$3866.18;;27.106
[2026-08-13 17:07:52,624] [SUBPROCESS]    R4630;VDD.$190.15;VDD.$191.18;;585.0
[2026-08-13 17:07:52,625] [SUBPROCESS]    R4631;VDD.$190.15;VDD.$268.15;;0.0
[2026-08-13 17:07:52,625] [SUBPROCESS]    R4632;VDD.$190.15;VDD.P30.15;;0.0
[2026-08-13 17:07:52,626] [SUBPROCESS]    R4633;VDD.$1900.18;VDD.$1901.25;;9.3
[2026-08-13 17:07:52,626] [SUBPROCESS]    R4634;VDD.$1902.18;VDD.$1903.25;;9.3
[2026-08-13 17:07:52,626] [SUBPROCESS]    R4635;VDD.$1904.18;VDD.$1905.25;;9.3
[2026-08-13 17:07:52,627] [SUBPROCESS]    R4636;VDD.$1904.18;VDD.$59.18;;27.106
[2026-08-13 17:07:52,627] [SUBPROCESS]    R4637;VDD.$1904.18;VDD.$67.18;;0.0
[2026-08-13 17:07:52,628] [SUBPROCESS]    R4638;VDD.$1905.25;VDD.$1907.25;;0.072
[2026-08-13 17:07:52,628] [SUBPROCESS]    R4639;VDD.$1905.25;VDD.$2425.25;;0.072
[2026-08-13 17:07:52,629] [SUBPROCESS]    R4640;VDD.$1906.18;VDD.$1907.25;;9.3
[2026-08-13 17:07:52,629] [SUBPROCESS]    R4641;VDD.$1906.18;VDD.$67.18;;27.106
[2026-08-13 17:07:52,629] [SUBPROCESS]    R4642;VDD.$1906.18;VDD.$75.18;;0.0
[2026-08-13 17:07:52,630] [SUBPROCESS]    R4643;VDD.$1907.25;VDD.$1909.25;;0.072
[2026-08-13 17:07:52,630] [SUBPROCESS]    R4644;VDD.$1908.18;VDD.$1909.25;;9.3
[2026-08-13 17:07:52,631] [SUBPROCESS]    R4645;VDD.$1908.18;VDD.$75.18;;27.106
[2026-08-13 17:07:52,631] [SUBPROCESS]    R4646;VDD.$1908.18;VDD.$83.18;;0.0
[2026-08-13 17:07:52,631] [SUBPROCESS]    R4647;VDD.$1909.25;VDD.$1911.25;;0.072
[2026-08-13 17:07:52,632] [SUBPROCESS]    R4648;VDD.$191.18;VDD.$2012.18;;27.106
[2026-08-13 17:07:52,632] [SUBPROCESS]    R4649;VDD.$191.18;VDD.$2192.18;;0.0
[2026-08-13 17:07:52,633] [SUBPROCESS]    R4650;VDD.$1910.18;VDD.$1911.25;;9.3
[2026-08-13 17:07:52,633] [SUBPROCESS]    R4651;VDD.$1910.18;VDD.$83.18;;27.106
[2026-08-13 17:07:52,634] [SUBPROCESS]    R4652;VDD.$1910.18;VDD.$91.18;;0.0
[2026-08-13 17:07:52,634] [SUBPROCESS]    R4653;VDD.$1911.25;VDD.$1915.25;;0.305
[2026-08-13 17:07:52,634] [SUBPROCESS]    R4654;VDD.$1912.18;VDD.$1913.25;;9.3
[2026-08-13 17:07:52,635] [SUBPROCESS]    R4655;VDD.$1912.18;VDD.$99.18;;0.0
[2026-08-13 17:07:52,635] [SUBPROCESS]    R4656;VDD.$1913.25;VDD.$1917.25;;0.085
[2026-08-13 17:07:52,636] [SUBPROCESS]    R4657;VDD.$1914.18;VDD.$1915.25;;9.3
[2026-08-13 17:07:52,636] [SUBPROCESS]    R4658;VDD.$1915.25;VDD.$1919.25;;0.063
[2026-08-13 17:07:52,637] [SUBPROCESS]    R4659;VDD.$1916.18;VDD.$1917.25;;9.3
[2026-08-13 17:07:52,637] [SUBPROCESS]    R4660;VDD.$1916.18;VDD.$99.18;;27.106
[2026-08-13 17:07:52,638] [SUBPROCESS]    R4661;VDD.$1918.18;VDD.$1919.25;;9.3
[2026-08-13 17:07:52,638] [SUBPROCESS]    R4662;VDD.$192.15;VDD.$193.18;;585.0
[2026-08-13 17:07:52,639] [SUBPROCESS]    R4663;VDD.$192.15;VDD.$236.15;;0.0
[2026-08-13 17:07:52,639] [SUBPROCESS]    R4664;VDD.$192.15;VDD.$248.15;;0.0
[2026-08-13 17:07:52,640] [SUBPROCESS]    R4665;VDD.$1920.18;VDD.$1921.25;;9.3
[2026-08-13 17:07:52,640] [SUBPROCESS]    R4666;VDD.$1920.18;VDD.$1932.18;;18.432
[2026-08-13 17:07:52,641] [SUBPROCESS]    R4667;VDD.$1920.18;VDD.$1988.18;;18.432
[2026-08-13 17:07:52,641] [SUBPROCESS]    R4668;VDD.$1921.25;VDD.$1931.25;;0.043
[2026-08-13 17:07:52,642] [SUBPROCESS]    R4669;VDD.$1921.25;VDD.$1989.25;;0.045
[2026-08-13 17:07:52,642] [SUBPROCESS]    R4670;VDD.$1922.18;VDD.$1923.25;;9.3
[2026-08-13 17:07:52,642] [SUBPROCESS]    R4671;VDD.$1922.18;VDD.$65.18;;27.106
[2026-08-13 17:07:52,643] [SUBPROCESS]    R4672;VDD.$1922.18;VDD.$73.18;;0.0
[2026-08-13 17:07:52,643] [SUBPROCESS]    R4673;VDD.$1923.25;VDD.$1925.25;;0.04
[2026-08-13 17:07:52,644] [SUBPROCESS]    R4674;VDD.$1923.25;VDD.$1935.25;;0.005
[2026-08-13 17:07:52,644] [SUBPROCESS]    R4675;VDD.$1924.18;VDD.$1925.25;;9.3
[2026-08-13 17:07:52,645] [SUBPROCESS]    R4676;VDD.$1924.18;VDD.$1934.18;;18.432
[2026-08-13 17:07:52,645] [SUBPROCESS]    R4677;VDD.$1924.18;VDD.$1958.18;;18.432
[2026-08-13 17:07:52,646] [SUBPROCESS]    R4678;VDD.$1925.25;VDD.$1949.25;;0.005
[2026-08-13 17:07:52,646] [SUBPROCESS]    R4679;VDD.$1926.18;VDD.$1927.25;;9.3
[2026-08-13 17:07:52,647] [SUBPROCESS]    R4680;VDD.$1927.25;VDD.$1981.25;;0.479
[2026-08-13 17:07:52,648] [SUBPROCESS]    R4681;VDD.$1927.25;VDD.$4642.25;;0.045
[2026-08-13 17:07:52,648] [SUBPROCESS]    R4682;VDD.$1928.18;VDD.$1929.25;;9.3
[2026-08-13 17:07:52,649] [SUBPROCESS]    R4683;VDD.$1929.25;VDD.$1983.25;;0.194
[2026-08-13 17:07:52,649] [SUBPROCESS]    R4684;VDD.$1929.25;VDD.$4642.25;;0.015
[2026-08-13 17:07:52,650] [SUBPROCESS]    R4685;VDD.$193.18;VDD.$2210.18;;27.106
[2026-08-13 17:07:52,651] [SUBPROCESS]    R4686;VDD.$193.18;VDD.$2212.18;;0.0
[2026-08-13 17:07:52,651] [SUBPROCESS]    R4687;VDD.$1930.18;VDD.$1931.25;;9.3
[2026-08-13 17:07:52,651] [SUBPROCESS]    R4688;VDD.$1931.25;VDD.$1933.25;;0.003
[2026-08-13 17:07:52,652] [SUBPROCESS]    R4689;VDD.$1932.18;VDD.$1933.25;;9.3
[2026-08-13 17:07:52,653] [SUBPROCESS]    R4690;VDD.$1932.18;VDD.$1944.18;;18.432
[2026-08-13 17:07:52,654] [SUBPROCESS]    R4691;VDD.$1933.25;VDD.$1943.25;;0.043
[2026-08-13 17:07:52,654] [SUBPROCESS]    R4692;VDD.$1934.18;VDD.$1935.25;;9.3
[2026-08-13 17:07:52,655] [SUBPROCESS]    R4693;VDD.$1934.18;VDD.$2416.18;;18.432
[2026-08-13 17:07:52,655] [SUBPROCESS]    R4694;VDD.$1935.25;VDD.$2431.25;;0.04
[2026-08-13 17:07:52,656] [SUBPROCESS]    R4695;VDD.$1936.18;VDD.$1937.25;;9.3
[2026-08-13 17:07:52,656] [SUBPROCESS]    R4696;VDD.$1936.18;VDD.$69.18;;27.106
[2026-08-13 17:07:52,656] [SUBPROCESS]    R4697;VDD.$1936.18;VDD.$77.18;;0.0
[2026-08-13 17:07:52,657] [SUBPROCESS]    R4698;VDD.$1937.25;VDD.$1961.25;;0.098
[2026-08-13 17:07:52,657] [SUBPROCESS]    R4699;VDD.$1937.25;VDD.$1971.25;;0.103
[2026-08-13 17:07:52,658] [SUBPROCESS]    R4700;VDD.$1938.18;VDD.$1939.25;;9.3
[2026-08-13 17:07:52,658] [SUBPROCESS]    R4701;VDD.$1939.25;VDD.$1951.25;;0.157
[2026-08-13 17:07:52,659] [SUBPROCESS]    R4702;VDD.$1939.25;VDD.$4642.25;;0.101
[2026-08-13 17:07:52,659] [SUBPROCESS]    R4703;VDD.$194.15;VDD.$195.18;;585.0
[2026-08-13 17:07:52,659] [SUBPROCESS]    R4704;VDD.$194.15;VDD.$228.15;;0.0
[2026-08-13 17:07:52,660] [SUBPROCESS]    R4705;VDD.$1940.18;VDD.$1941.25;;9.3
[2026-08-13 17:07:52,660] [SUBPROCESS]    R4706;VDD.$1941.25;VDD.$1953.25;;0.047
[2026-08-13 17:07:52,661] [SUBPROCESS]    R4707;VDD.$1941.25;VDD.$4642.25;;0.033
[2026-08-13 17:07:52,661] [SUBPROCESS]    R4708;VDD.$1942.18;VDD.$1943.25;;9.3
[2026-08-13 17:07:52,662] [SUBPROCESS]    R4709;VDD.$1943.25;VDD.$1945.25;;0.003
[2026-08-13 17:07:52,662] [SUBPROCESS]    R4710;VDD.$1944.18;VDD.$1945.25;;9.3
[2026-08-13 17:07:52,662] [SUBPROCESS]    R4711;VDD.$1944.18;VDD.$1956.18;;18.432
[2026-08-13 17:07:52,663] [SUBPROCESS]    R4712;VDD.$1945.25;VDD.$1955.25;;0.043
[2026-08-13 17:07:52,663] [SUBPROCESS]    R4713;VDD.$1946.18;VDD.$1947.25;;9.3
[2026-08-13 17:07:52,664] [SUBPROCESS]    R4714;VDD.$1946.18;VDD.$71.18;;27.106
[2026-08-13 17:07:52,664] [SUBPROCESS]    R4715;VDD.$1946.18;VDD.$79.18;;0.0
[2026-08-13 17:07:52,664] [SUBPROCESS]    R4716;VDD.$1947.25;VDD.$1973.25;;0.055
[2026-08-13 17:07:52,665] [SUBPROCESS]    R4717;VDD.$1947.25;VDD.$1979.25;;0.057
[2026-08-13 17:07:52,665] [SUBPROCESS]    R4718;VDD.$1948.18;VDD.$1949.25;;9.3
[2026-08-13 17:07:52,666] [SUBPROCESS]    R4719;VDD.$1948.18;VDD.$73.18;;27.106
[2026-08-13 17:07:52,666] [SUBPROCESS]    R4720;VDD.$1948.18;VDD.$81.18;;0.0
[2026-08-13 17:07:52,667] [SUBPROCESS]    R4721;VDD.$1949.25;VDD.$1959.25;;0.04
[2026-08-13 17:07:52,667] [SUBPROCESS]    R4722;VDD.$195.18;VDD.$2160.18;;0.0
[2026-08-13 17:07:52,667] [SUBPROCESS]    R4723;VDD.$195.18;VDD.$2182.18;;27.106
[2026-08-13 17:07:52,668] [SUBPROCESS]    R4724;VDD.$1950.18;VDD.$1951.25;;9.3
[2026-08-13 17:07:52,668] [SUBPROCESS]    R4725;VDD.$1951.25;VDD.$1963.25;;0.171
[2026-08-13 17:07:52,669] [SUBPROCESS]    R4726;VDD.$1952.18;VDD.$1953.25;;9.3
[2026-08-13 17:07:52,669] [SUBPROCESS]    R4727;VDD.$1953.25;VDD.$1965.25;;0.046
[2026-08-13 17:07:52,670] [SUBPROCESS]    R4728;VDD.$1954.18;VDD.$1955.25;;9.3
[2026-08-13 17:07:52,671] [SUBPROCESS]    R4729;VDD.$1955.25;VDD.$1957.25;;0.003
[2026-08-13 17:07:52,671] [SUBPROCESS]    R4730;VDD.$1956.18;VDD.$1957.25;;9.3
[2026-08-13 17:07:52,672] [SUBPROCESS]    R4731;VDD.$1956.18;VDD.$1968.18;;18.432
[2026-08-13 17:07:52,672] [SUBPROCESS]    R4732;VDD.$1957.25;VDD.$1967.25;;0.043
[2026-08-13 17:07:52,673] [SUBPROCESS]    R4733;VDD.$1958.18;VDD.$1959.25;;9.3
[2026-08-13 17:07:52,673] [SUBPROCESS]    R4734;VDD.$1958.18;VDD.$1976.18;;18.432
[2026-08-13 17:07:52,674] [SUBPROCESS]    R4735;VDD.$1959.25;VDD.$1975.25;;0.005
[2026-08-13 17:07:52,674] [SUBPROCESS]    R4736;VDD.$196.15;VDD.$197.18;;585.0
[2026-08-13 17:07:52,674] [SUBPROCESS]    R4737;VDD.$196.15;VDD.$230.15;;0.0
[2026-08-13 17:07:52,675] [SUBPROCESS]    R4738;VDD.$1960.18;VDD.$1961.25;;9.3
[2026-08-13 17:07:52,675] [SUBPROCESS]    R4739;VDD.$1960.18;VDD.$61.18;;27.106
[2026-08-13 17:07:52,676] [SUBPROCESS]    R4740;VDD.$1960.18;VDD.$69.18;;0.0
[2026-08-13 17:07:52,676] [SUBPROCESS]    R4741;VDD.$1961.25;VDD.$2427.25;;0.093
[2026-08-13 17:07:52,677] [SUBPROCESS]    R4742;VDD.$1962.18;VDD.$1963.25;;9.3
[2026-08-13 17:07:52,677] [SUBPROCESS]    R4743;VDD.$1964.18;VDD.$1965.25;;9.3
[2026-08-13 17:07:52,678] [SUBPROCESS]    R4744;VDD.$1966.18;VDD.$1967.25;;9.3
[2026-08-13 17:07:52,678] [SUBPROCESS]    R4745;VDD.$1967.25;VDD.$1969.25;;0.003
[2026-08-13 17:07:52,678] [SUBPROCESS]    R4746;VDD.$1968.18;VDD.$1969.25;;9.3
[2026-08-13 17:07:52,679] [SUBPROCESS]    R4747;VDD.$197.18;VDD.$1990.18;;0.0
[2026-08-13 17:07:52,679] [SUBPROCESS]    R4748;VDD.$197.18;VDD.$2014.18;;27.106
[2026-08-13 17:07:52,680] [SUBPROCESS]    R4749;VDD.$1970.18;VDD.$1971.25;;9.3
[2026-08-13 17:07:52,680] [SUBPROCESS]    R4750;VDD.$1970.18;VDD.$77.18;;27.106
[2026-08-13 17:07:52,681] [SUBPROCESS]    R4751;VDD.$1970.18;VDD.$85.18;;0.0
[2026-08-13 17:07:52,681] [SUBPROCESS]    R4752;VDD.$1971.25;VDD.$1981.25;;0.108
[2026-08-13 17:07:52,682] [SUBPROCESS]    R4753;VDD.$1972.18;VDD.$1973.25;;9.3
[2026-08-13 17:07:52,682] [SUBPROCESS]    R4754;VDD.$1972.18;VDD.$79.18;;27.106
[2026-08-13 17:07:52,682] [SUBPROCESS]    R4755;VDD.$1972.18;VDD.$87.18;;0.0
[2026-08-13 17:07:52,683] [SUBPROCESS]    R4756;VDD.$1973.25;VDD.$1983.25;;0.054
[2026-08-13 17:07:52,683] [SUBPROCESS]    R4757;VDD.$1974.18;VDD.$1975.25;;9.3
[2026-08-13 17:07:52,684] [SUBPROCESS]    R4758;VDD.$1974.18;VDD.$81.18;;27.106
[2026-08-13 17:07:52,684] [SUBPROCESS]    R4759;VDD.$1974.18;VDD.$89.18;;0.0
[2026-08-13 17:07:52,685] [SUBPROCESS]    R4760;VDD.$1975.25;VDD.$1977.25;;0.04
[2026-08-13 17:07:52,685] [SUBPROCESS]    R4761;VDD.$1976.18;VDD.$1977.25;;9.3
[2026-08-13 17:07:52,686] [SUBPROCESS]    R4762;VDD.$1976.18;VDD.$1986.18;;18.432
[2026-08-13 17:07:52,687] [SUBPROCESS]    R4763;VDD.$1977.25;VDD.$1985.25;;0.005
[2026-08-13 17:07:52,687] [SUBPROCESS]    R4764;VDD.$1978.18;VDD.$1979.25;;9.3
[2026-08-13 17:07:52,688] [SUBPROCESS]    R4765;VDD.$1978.18;VDD.$63.18;;27.106
[2026-08-13 17:07:52,689] [SUBPROCESS]    R4766;VDD.$1978.18;VDD.$71.18;;0.0
[2026-08-13 17:07:52,689] [SUBPROCESS]    R4767;VDD.$1979.25;VDD.$2429.25;;0.059
[2026-08-13 17:07:52,690] [SUBPROCESS]    R4768;VDD.$198.15;VDD.$199.18;;585.0
[2026-08-13 17:07:52,691] [SUBPROCESS]    R4769;VDD.$198.15;VDD.$232.15;;0.0
[2026-08-13 17:07:52,691] [SUBPROCESS]    R4770;VDD.$1980.18;VDD.$1981.25;;9.3
[2026-08-13 17:07:52,692] [SUBPROCESS]    R4771;VDD.$1980.18;VDD.$85.18;;27.106
[2026-08-13 17:07:52,692] [SUBPROCESS]    R4772;VDD.$1980.18;VDD.$93.18;;0.0
[2026-08-13 17:07:52,693] [SUBPROCESS]    R4773;VDD.$1982.18;VDD.$1983.25;;9.3
[2026-08-13 17:07:52,693] [SUBPROCESS]    R4774;VDD.$1982.18;VDD.$87.18;;27.106
[2026-08-13 17:07:52,694] [SUBPROCESS]    R4775;VDD.$1982.18;VDD.$95.18;;0.0
[2026-08-13 17:07:52,694] [SUBPROCESS]    R4776;VDD.$1984.18;VDD.$1985.25;;9.3
[2026-08-13 17:07:52,694] [SUBPROCESS]    R4777;VDD.$1984.18;VDD.$89.18;;27.106
[2026-08-13 17:07:52,695] [SUBPROCESS]    R4778;VDD.$1984.18;VDD.$97.18;;0.0
[2026-08-13 17:07:52,695] [SUBPROCESS]    R4779;VDD.$1985.25;VDD.$1987.25;;0.04
[2026-08-13 17:07:52,696] [SUBPROCESS]    R4780;VDD.$1986.18;VDD.$1987.25;;9.3
[2026-08-13 17:07:52,696] [SUBPROCESS]    R4781;VDD.$1986.18;VDD.$1988.18;;18.432
[2026-08-13 17:07:52,697] [SUBPROCESS]    R4782;VDD.$1987.25;VDD.$1989.25;;0.045
[2026-08-13 17:07:52,697] [SUBPROCESS]    R4783;VDD.$1988.18;VDD.$1989.25;;9.3
[2026-08-13 17:07:52,697] [SUBPROCESS]    R4784;VDD.$199.18;VDD.$2200.18;;0.0
[2026-08-13 17:07:52,698] [SUBPROCESS]    R4785;VDD.$199.18;VDD.$2204.18;;27.106
[2026-08-13 17:07:52,698] [SUBPROCESS]    R4786;VDD.$1990.18;VDD.$1991.25;;9.3
[2026-08-13 17:07:52,699] [SUBPROCESS]    R4787;VDD.$1991.25;VDD.$1999.25;;0.285
[2026-08-13 17:07:52,699] [SUBPROCESS]    R4788;VDD.$1991.25;VDD.$2015.25;;0.085
[2026-08-13 17:07:52,699] [SUBPROCESS]    R4789;VDD.$1992.18;VDD.$1993.25;;9.3
[2026-08-13 17:07:52,700] [SUBPROCESS]    R4790;VDD.$1992.18;VDD.$259.18;;27.106
[2026-08-13 17:07:52,700] [SUBPROCESS]    R4791;VDD.$1992.18;VDD.$277.18;;0.0
[2026-08-13 17:07:52,701] [SUBPROCESS]    R4792;VDD.$1993.25;VDD.$2025.25;;0.171
[2026-08-13 17:07:52,701] [SUBPROCESS]    R4793;VDD.$1994.18;VDD.$1995.25;;9.3
[2026-08-13 17:07:52,702] [SUBPROCESS]    R4794;VDD.$1994.18;VDD.$265.18;;27.106
[2026-08-13 17:07:52,702] [SUBPROCESS]    R4795;VDD.$1994.18;VDD.$291.18;;0.0
[2026-08-13 17:07:52,703] [SUBPROCESS]    R4796;VDD.$1995.25;VDD.$2009.25;;0.108
[2026-08-13 17:07:52,703] [SUBPROCESS]    R4797;VDD.$1995.25;VDD.$2023.25;;0.099
[2026-08-13 17:07:52,704] [SUBPROCESS]    R4798;VDD.$1996.18;VDD.$1997.25;;9.3
[2026-08-13 17:07:52,705] [SUBPROCESS]    R4799;VDD.$1996.18;VDD.$247.18;;0.0
[2026-08-13 17:07:52,705] [SUBPROCESS]    R4800;VDD.$1996.18;VDD.$283.18;;27.106
[2026-08-13 17:07:52,706] [SUBPROCESS]    R4801;VDD.$1997.25;VDD.$2001.25;;0.072
[2026-08-13 17:07:52,706] [SUBPROCESS]    R4802;VDD.$1997.25;VDD.$2309.25;;0.072
[2026-08-13 17:07:52,706] [SUBPROCESS]    R4803;VDD.$1998.18;VDD.$1999.25;;9.3
[2026-08-13 17:07:52,707] [SUBPROCESS]    R4804;VDD.$1998.18;VDD.$219.18;;27.106
[2026-08-13 17:07:52,707] [SUBPROCESS]    R4805;VDD.$1998.18;VDD.$271.18;;0.0
[2026-08-13 17:07:52,708] [SUBPROCESS]    R4806;VDD.$1999.25;VDD.$2019.25;;0.072
[2026-08-13 17:07:52,708] [SUBPROCESS]    R4807;VDD.$2.15;VDD.$3.18;;585.0
[2026-08-13 17:07:52,709] [SUBPROCESS]    R4808;VDD.$2.15;VDD.$774.15;;0.0
[2026-08-13 17:07:52,709] [SUBPROCESS]    R4809;VDD.$2.15;VDD.P65.15;;0.0
[2026-08-13 17:07:52,709] [SUBPROCESS]    R4810;VDD.$20.15;VDD.$21.18;;585.0
[2026-08-13 17:07:52,710] [SUBPROCESS]    R4811;VDD.$20.15;VDD.$378.15;;0.0
[2026-08-13 17:07:52,710] [SUBPROCESS]    R4812;VDD.$20.15;VDD.P15.15;;0.0
[2026-08-13 17:07:52,711] [SUBPROCESS]    R4813;VDD.$200.15;VDD.$201.18;;585.0
[2026-08-13 17:07:52,711] [SUBPROCESS]    R4814;VDD.$200.15;VDD.$234.15;;0.0
[2026-08-13 17:07:52,712] [SUBPROCESS]    R4815;VDD.$2000.18;VDD.$2001.25;;9.3
[2026-08-13 17:07:52,712] [SUBPROCESS]    R4816;VDD.$2000.18;VDD.$247.18;;27.106
[2026-08-13 17:07:52,712] [SUBPROCESS]    R4817;VDD.$2000.18;VDD.$287.18;;0.0
[2026-08-13 17:07:52,713] [SUBPROCESS]    R4818;VDD.$2001.25;VDD.$2019.25;;0.072
[2026-08-13 17:07:52,713] [SUBPROCESS]    R4819;VDD.$2002.18;VDD.$2003.25;;9.3
[2026-08-13 17:07:52,714] [SUBPROCESS]    R4820;VDD.$2002.18;VDD.$477.18;;27.106
[2026-08-13 17:07:52,714] [SUBPROCESS]    R4821;VDD.$2002.18;VDD.$493.18;;0.0
[2026-08-13 17:07:52,714] [SUBPROCESS]    R4822;VDD.$2003.25;VDD.$2119.25;;0.052
[2026-08-13 17:07:52,715] [SUBPROCESS]    R4823;VDD.$2003.25;VDD.$2163.25;;0.054
[2026-08-13 17:07:52,715] [SUBPROCESS]    R4824;VDD.$2004.18;VDD.$2005.25;;9.3
[2026-08-13 17:07:52,716] [SUBPROCESS]    R4825;VDD.$2004.18;VDD.$479.18;;27.106
[2026-08-13 17:07:52,716] [SUBPROCESS]    R4826;VDD.$2004.18;VDD.$495.18;;0.0
[2026-08-13 17:07:52,717] [SUBPROCESS]    R4827;VDD.$2005.25;VDD.$2121.25;;0.119
[2026-08-13 17:07:52,717] [SUBPROCESS]    R4828;VDD.$2005.25;VDD.$2185.25;;0.108
[2026-08-13 17:07:52,718] [SUBPROCESS]    R4829;VDD.$2006.18;VDD.$2007.25;;9.3
[2026-08-13 17:07:52,718] [SUBPROCESS]    R4830;VDD.$2006.18;VDD.$203.18;;0.0
[2026-08-13 17:07:52,718] [SUBPROCESS]    R4831;VDD.$2006.18;VDD.$289.18;;27.106
[2026-08-13 17:07:52,719] [SUBPROCESS]    R4832;VDD.$2007.25;VDD.$2123.25;;0.052
[2026-08-13 17:07:52,719] [SUBPROCESS]    R4833;VDD.$2007.25;VDD.$2159.25;;0.054
[2026-08-13 17:07:52,720] [SUBPROCESS]    R4834;VDD.$2008.18;VDD.$2009.25;;9.3
[2026-08-13 17:07:52,721] [SUBPROCESS]    R4835;VDD.$2008.18;VDD.$205.18;;0.0
[2026-08-13 17:07:52,721] [SUBPROCESS]    R4836;VDD.$2008.18;VDD.$291.18;;27.106
[2026-08-13 17:07:52,722] [SUBPROCESS]    R4837;VDD.$2009.25;VDD.$2017.25;;0.119
[2026-08-13 17:07:52,722] [SUBPROCESS]    R4838;VDD.$201.18;VDD.$2202.18;;0.0
[2026-08-13 17:07:52,723] [SUBPROCESS]    R4839;VDD.$201.18;VDD.$2206.18;;27.106
[2026-08-13 17:07:52,723] [SUBPROCESS]    R4840;VDD.$2010.18;VDD.$2011.25;;9.3
[2026-08-13 17:07:52,724] [SUBPROCESS]    R4841;VDD.$2010.18;VDD.$207.18;;0.0
[2026-08-13 17:07:52,724] [SUBPROCESS]    R4842;VDD.$2011.25;VDD.$2069.25;;0.119
[2026-08-13 17:07:52,724] [SUBPROCESS]    R4843;VDD.$2011.25;VDD.$2209.25;;0.108
[2026-08-13 17:07:52,725] [SUBPROCESS]    R4844;VDD.$2012.18;VDD.$2013.25;;9.3
[2026-08-13 17:07:52,725] [SUBPROCESS]    R4845;VDD.$2012.18;VDD.$209.18;;0.0
[2026-08-13 17:07:52,726] [SUBPROCESS]    R4846;VDD.$2013.25;VDD.$2071.25;;0.052
[2026-08-13 17:07:52,727] [SUBPROCESS]    R4847;VDD.$2013.25;VDD.$2193.25;;0.054
[2026-08-13 17:07:52,727] [SUBPROCESS]    R4848;VDD.$2014.18;VDD.$2015.25;;9.3
[2026-08-13 17:07:52,728] [SUBPROCESS]    R4849;VDD.$2014.18;VDD.$231.18;;0.0
[2026-08-13 17:07:52,728] [SUBPROCESS]    R4850;VDD.$2015.25;VDD.$2023.25;;0.091
[2026-08-13 17:07:52,729] [SUBPROCESS]    R4851;VDD.$2016.18;VDD.$2017.25;;9.3
[2026-08-13 17:07:52,730] [SUBPROCESS]    R4852;VDD.$2016.18;VDD.$205.18;;27.106
[2026-08-13 17:07:52,730] [SUBPROCESS]    R4853;VDD.$2016.18;VDD.$223.18;;0.0
[2026-08-13 17:07:52,731] [SUBPROCESS]    R4854;VDD.$2017.25;VDD.$2021.25;;0.132
[2026-08-13 17:07:52,731] [SUBPROCESS]    R4855;VDD.$2018.18;VDD.$2019.25;;9.3
[2026-08-13 17:07:52,732] [SUBPROCESS]    R4856;VDD.$2018.18;VDD.$219.18;;0.0
[2026-08-13 17:07:52,732] [SUBPROCESS]    R4857;VDD.$2018.18;VDD.$287.18;;27.106
[2026-08-13 17:07:52,732] [SUBPROCESS]    R4858;VDD.$202.15;VDD.$203.18;;585.0
[2026-08-13 17:07:52,733] [SUBPROCESS]    R4859;VDD.$202.15;VDD.$220.15;;0.0
[2026-08-13 17:07:52,733] [SUBPROCESS]    R4860;VDD.$202.15;VDD.P39.15;;0.0
[2026-08-13 17:07:52,734] [SUBPROCESS]    R4861;VDD.$2020.18;VDD.$2021.25;;9.3
[2026-08-13 17:07:52,734] [SUBPROCESS]    R4862;VDD.$2020.18;VDD.$223.18;;27.106
[2026-08-13 17:07:52,735] [SUBPROCESS]    R4863;VDD.$2020.18;VDD.$241.18;;0.0
[2026-08-13 17:07:52,735] [SUBPROCESS]    R4864;VDD.$2021.25;VDD.$4627.25;;0.033
[2026-08-13 17:07:52,735] [SUBPROCESS]    R4865;VDD.$2022.18;VDD.$2023.25;;9.3
[2026-08-13 17:07:52,736] [SUBPROCESS]    R4866;VDD.$2022.18;VDD.$231.18;;27.106
[2026-08-13 17:07:52,737] [SUBPROCESS]    R4867;VDD.$2022.18;VDD.$265.18;;0.0
[2026-08-13 17:07:52,737] [SUBPROCESS]    R4868;VDD.$2024.18;VDD.$2025.25;;9.3
[2026-08-13 17:07:52,738] [SUBPROCESS]    R4869;VDD.$2024.18;VDD.$241.18;;27.106
[2026-08-13 17:07:52,738] [SUBPROCESS]    R4870;VDD.$2024.18;VDD.$259.18;;0.0
[2026-08-13 17:07:52,739] [SUBPROCESS]    R4871;VDD.$2025.25;VDD.$4627.25;;0.116
[2026-08-13 17:07:52,739] [SUBPROCESS]    R4872;VDD.$2026.18;VDD.$2027.25;;9.3
[2026-08-13 17:07:52,740] [SUBPROCESS]    R4873;VDD.$2026.18;VDD.$2028.18;;18.432
[2026-08-13 17:07:52,740] [SUBPROCESS]    R4874;VDD.$2026.18;VDD.$2082.18;;18.432
[2026-08-13 17:07:52,740] [SUBPROCESS]    R4875;VDD.$2027.25;VDD.$2029.25;;0.18
[2026-08-13 17:07:52,741] [SUBPROCESS]    R4876;VDD.$2027.25;VDD.$2083.25;;0.18
[2026-08-13 17:07:52,741] [SUBPROCESS]    R4877;VDD.$2028.18;VDD.$2029.25;;9.3
[2026-08-13 17:07:52,742] [SUBPROCESS]    R4878;VDD.$2028.18;VDD.$2030.18;;18.432
[2026-08-13 17:07:52,742] [SUBPROCESS]    R4879;VDD.$2029.25;VDD.$2031.25;;0.18
[2026-08-13 17:07:52,743] [SUBPROCESS]    R4880;VDD.$203.18;VDD.$2122.18;;27.106
[2026-08-13 17:07:52,743] [SUBPROCESS]    R4881;VDD.$2030.18;VDD.$2031.25;;9.3
[2026-08-13 17:07:52,744] [SUBPROCESS]    R4882;VDD.$2030.18;VDD.$2032.18;;18.432
[2026-08-13 17:07:52,744] [SUBPROCESS]    R4883;VDD.$2031.25;VDD.$2033.25;;0.18
[2026-08-13 17:07:52,744] [SUBPROCESS]    R4884;VDD.$2032.18;VDD.$2033.25;;9.3
[2026-08-13 17:07:52,745] [SUBPROCESS]    R4885;VDD.$2032.18;VDD.$2034.18;;18.432
[2026-08-13 17:07:52,745] [SUBPROCESS]    R4886;VDD.$2033.25;VDD.$2035.25;;0.18
[2026-08-13 17:07:52,746] [SUBPROCESS]    R4887;VDD.$2034.18;VDD.$2035.25;;9.3
[2026-08-13 17:07:52,746] [SUBPROCESS]    R4888;VDD.$2034.18;VDD.$2036.18;;18.432
[2026-08-13 17:07:52,747] [SUBPROCESS]    R4889;VDD.$2035.25;VDD.$4630.25;;0.098
[2026-08-13 17:07:52,747] [SUBPROCESS]    R4890;VDD.$2036.18;VDD.$2037.25;;9.3
[2026-08-13 17:07:52,747] [SUBPROCESS]    R4891;VDD.$2036.18;VDD.$2038.18;;18.432
[2026-08-13 17:07:52,748] [SUBPROCESS]    R4892;VDD.$2037.25;VDD.$2039.25;;0.18
[2026-08-13 17:07:52,748] [SUBPROCESS]    R4893;VDD.$2037.25;VDD.$4630.25;;0.083
[2026-08-13 17:07:52,749] [SUBPROCESS]    R4894;VDD.$2038.18;VDD.$2039.25;;9.3
[2026-08-13 17:07:52,749] [SUBPROCESS]    R4895;VDD.$2038.18;VDD.$2040.18;;18.432
[2026-08-13 17:07:52,750] [SUBPROCESS]    R4896;VDD.$2039.25;VDD.$2041.25;;0.18
[2026-08-13 17:07:52,750] [SUBPROCESS]    R4897;VDD.$204.15;VDD.$205.18;;585.0
[2026-08-13 17:07:52,750] [SUBPROCESS]    R4898;VDD.$204.15;VDD.$222.15;;0.0
[2026-08-13 17:07:52,751] [SUBPROCESS]    R4899;VDD.$204.15;VDD.P34.15;;0.0
[2026-08-13 17:07:52,751] [SUBPROCESS]    R4900;VDD.$2040.18;VDD.$2041.25;;9.3
[2026-08-13 17:07:52,752] [SUBPROCESS]    R4901;VDD.$2040.18;VDD.$2042.18;;18.432
[2026-08-13 17:07:52,752] [SUBPROCESS]    R4902;VDD.$2041.25;VDD.$2043.25;;0.18
[2026-08-13 17:07:52,753] [SUBPROCESS]    R4903;VDD.$2042.18;VDD.$2043.25;;9.3
[2026-08-13 17:07:52,753] [SUBPROCESS]    R4904;VDD.$2042.18;VDD.$2044.18;;18.432
[2026-08-13 17:07:52,754] [SUBPROCESS]    R4905;VDD.$2043.25;VDD.$2045.25;;0.18
[2026-08-13 17:07:52,754] [SUBPROCESS]    R4906;VDD.$2044.18;VDD.$2045.25;;9.3
[2026-08-13 17:07:52,755] [SUBPROCESS]    R4907;VDD.$2044.18;VDD.$2046.18;;18.432
[2026-08-13 17:07:52,755] [SUBPROCESS]    R4908;VDD.$2045.25;VDD.$2047.25;;0.18
[2026-08-13 17:07:52,756] [SUBPROCESS]    R4909;VDD.$2046.18;VDD.$2047.25;;9.3
[2026-08-13 17:07:52,756] [SUBPROCESS]    R4910;VDD.$2046.18;VDD.$2048.18;;18.432
[2026-08-13 17:07:52,756] [SUBPROCESS]    R4911;VDD.$2047.25;VDD.$2049.25;;0.18
[2026-08-13 17:07:52,757] [SUBPROCESS]    R4912;VDD.$2048.18;VDD.$2049.25;;9.3
[2026-08-13 17:07:52,757] [SUBPROCESS]    R4913;VDD.$2050.18;VDD.$2051.25;;9.3
[2026-08-13 17:07:52,758] [SUBPROCESS]    R4914;VDD.$2050.18;VDD.$263.18;;27.106
[2026-08-13 17:07:52,758] [SUBPROCESS]    R4915;VDD.$2050.18;VDD.$281.18;;0.0
[2026-08-13 17:07:52,759] [SUBPROCESS]    R4916;VDD.$2051.25;VDD.$2087.25;;0.046
[2026-08-13 17:07:52,759] [SUBPROCESS]    R4917;VDD.$2051.25;VDD.$4630.25;;0.255
[2026-08-13 17:07:52,759] [SUBPROCESS]    R4918;VDD.$2052.18;VDD.$2053.25;;9.3
[2026-08-13 17:07:52,760] [SUBPROCESS]    R4919;VDD.$2052.18;VDD.$261.18;;27.106
[2026-08-13 17:07:52,760] [SUBPROCESS]    R4920;VDD.$2052.18;VDD.$279.18;;0.0
[2026-08-13 17:07:52,761] [SUBPROCESS]    R4921;VDD.$2053.25;VDD.$2085.25;;0.171
[2026-08-13 17:07:52,761] [SUBPROCESS]    R4922;VDD.$2054.18;VDD.$2055.25;;9.3
[2026-08-13 17:07:52,762] [SUBPROCESS]    R4923;VDD.$2054.18;VDD.$2056.18;;18.432
[2026-08-13 17:07:52,762] [SUBPROCESS]    R4924;VDD.$2054.18;VDD.$2106.18;;18.432
[2026-08-13 17:07:52,762] [SUBPROCESS]    R4925;VDD.$2055.25;VDD.$2057.25;;0.18
[2026-08-13 17:07:52,763] [SUBPROCESS]    R4926;VDD.$2055.25;VDD.$2107.25;;0.18
[2026-08-13 17:07:52,763] [SUBPROCESS]    R4927;VDD.$2056.18;VDD.$2057.25;;9.3
[2026-08-13 17:07:52,764] [SUBPROCESS]    R4928;VDD.$2056.18;VDD.$2058.18;;18.432
[2026-08-13 17:07:52,764] [SUBPROCESS]    R4929;VDD.$2057.25;VDD.$2059.25;;0.18
[2026-08-13 17:07:52,765] [SUBPROCESS]    R4930;VDD.$2058.18;VDD.$2059.25;;9.3
[2026-08-13 17:07:52,765] [SUBPROCESS]    R4931;VDD.$2058.18;VDD.$2060.18;;18.432
[2026-08-13 17:07:52,766] [SUBPROCESS]    R4932;VDD.$2059.25;VDD.$2061.25;;0.18
[2026-08-13 17:07:52,766] [SUBPROCESS]    R4933;VDD.$206.15;VDD.$207.18;;585.0
[2026-08-13 17:07:52,767] [SUBPROCESS]    R4934;VDD.$206.15;VDD.$224.15;;0.0
[2026-08-13 17:07:52,767] [SUBPROCESS]    R4935;VDD.$206.15;VDD.P35.15;;0.0
[2026-08-13 17:07:52,768] [SUBPROCESS]    R4936;VDD.$2060.18;VDD.$2061.25;;9.3
[2026-08-13 17:07:52,769] [SUBPROCESS]    R4937;VDD.$2060.18;VDD.$2062.18;;18.432
[2026-08-13 17:07:52,769] [SUBPROCESS]    R4938;VDD.$2061.25;VDD.$2063.25;;0.18
[2026-08-13 17:07:52,770] [SUBPROCESS]    R4939;VDD.$2062.18;VDD.$2063.25;;9.3
[2026-08-13 17:07:52,771] [SUBPROCESS]    R4940;VDD.$2062.18;VDD.$2064.18;;18.432
[2026-08-13 17:07:52,771] [SUBPROCESS]    R4941;VDD.$2063.25;VDD.$2065.25;;0.18
[2026-08-13 17:07:52,772] [SUBPROCESS]    R4942;VDD.$2064.18;VDD.$2065.25;;9.3
[2026-08-13 17:07:52,773] [SUBPROCESS]    R4943;VDD.$2064.18;VDD.$2066.18;;18.432
[2026-08-13 17:07:52,774] [SUBPROCESS]    R4944;VDD.$2065.25;VDD.$2067.25;;0.18
[2026-08-13 17:07:52,774] [SUBPROCESS]    R4945;VDD.$2066.18;VDD.$2067.25;;9.3
[2026-08-13 17:07:52,774] [SUBPROCESS]    R4946;VDD.$2066.18;VDD.$2072.18;;18.432
[2026-08-13 17:07:52,775] [SUBPROCESS]    R4947;VDD.$2067.25;VDD.$2073.25;;0.18
[2026-08-13 17:07:52,775] [SUBPROCESS]    R4948;VDD.$2068.18;VDD.$2069.25;;9.3
[2026-08-13 17:07:52,776] [SUBPROCESS]    R4949;VDD.$2068.18;VDD.$207.18;;27.106
[2026-08-13 17:07:52,776] [SUBPROCESS]    R4950;VDD.$2068.18;VDD.$225.18;;0.0
[2026-08-13 17:07:52,777] [SUBPROCESS]    R4951;VDD.$2069.25;VDD.$2077.25;;0.132
[2026-08-13 17:07:52,777] [SUBPROCESS]    R4952;VDD.$2070.18;VDD.$2071.25;;9.3
[2026-08-13 17:07:52,778] [SUBPROCESS]    R4953;VDD.$2070.18;VDD.$209.18;;27.106
[2026-08-13 17:07:52,778] [SUBPROCESS]    R4954;VDD.$2070.18;VDD.$227.18;;0.0
[2026-08-13 17:07:52,779] [SUBPROCESS]    R4955;VDD.$2071.25;VDD.$2079.25;;0.049
[2026-08-13 17:07:52,779] [SUBPROCESS]    R4956;VDD.$2072.18;VDD.$2073.25;;9.3
[2026-08-13 17:07:52,780] [SUBPROCESS]    R4957;VDD.$2072.18;VDD.$2074.18;;18.432
[2026-08-13 17:07:52,780] [SUBPROCESS]    R4958;VDD.$2073.25;VDD.$2075.25;;0.18
[2026-08-13 17:07:52,781] [SUBPROCESS]    R4959;VDD.$2074.18;VDD.$2075.25;;9.3
[2026-08-13 17:07:52,781] [SUBPROCESS]    R4960;VDD.$2074.18;VDD.$2080.18;;18.432
[2026-08-13 17:07:52,782] [SUBPROCESS]    R4961;VDD.$2075.25;VDD.$2081.25;;0.18
[2026-08-13 17:07:52,782] [SUBPROCESS]    R4962;VDD.$2076.18;VDD.$2077.25;;9.3
[2026-08-13 17:07:52,782] [SUBPROCESS]    R4963;VDD.$2076.18;VDD.$225.18;;27.106
[2026-08-13 17:07:52,783] [SUBPROCESS]    R4964;VDD.$2076.18;VDD.$243.18;;0.0
[2026-08-13 17:07:52,783] [SUBPROCESS]    R4965;VDD.$2077.25;VDD.$4639.25;;0.033
[2026-08-13 17:07:52,784] [SUBPROCESS]    R4966;VDD.$2078.18;VDD.$2079.25;;9.3
[2026-08-13 17:07:52,784] [SUBPROCESS]    R4967;VDD.$2078.18;VDD.$227.18;;27.106
[2026-08-13 17:07:52,785] [SUBPROCESS]    R4968;VDD.$2078.18;VDD.$245.18;;0.0
[2026-08-13 17:07:52,786] [SUBPROCESS]    R4969;VDD.$2079.25;VDD.$4639.25;;0.011
[2026-08-13 17:07:52,786] [SUBPROCESS]    R4970;VDD.$208.15;VDD.$209.18;;585.0
[2026-08-13 17:07:52,787] [SUBPROCESS]    R4971;VDD.$208.15;VDD.$226.15;;0.0
[2026-08-13 17:07:52,787] [SUBPROCESS]    R4972;VDD.$208.15;VDD.P30.15;;0.0
[2026-08-13 17:07:52,788] [SUBPROCESS]    R4973;VDD.$2080.18;VDD.$2081.25;;9.3
[2026-08-13 17:07:52,788] [SUBPROCESS]    R4974;VDD.$2080.18;VDD.$2082.18;;18.432
[2026-08-13 17:07:52,789] [SUBPROCESS]    R4975;VDD.$2081.25;VDD.$2083.25;;0.18
[2026-08-13 17:07:52,789] [SUBPROCESS]    R4976;VDD.$2082.18;VDD.$2083.25;;9.3
[2026-08-13 17:07:52,790] [SUBPROCESS]    R4977;VDD.$2084.18;VDD.$2085.25;;9.3
[2026-08-13 17:07:52,790] [SUBPROCESS]    R4978;VDD.$2084.18;VDD.$243.18;;27.106
[2026-08-13 17:07:52,790] [SUBPROCESS]    R4979;VDD.$2084.18;VDD.$261.18;;0.0
[2026-08-13 17:07:52,791] [SUBPROCESS]    R4980;VDD.$2085.25;VDD.$4639.25;;0.116
[2026-08-13 17:07:52,791] [SUBPROCESS]    R4981;VDD.$2086.18;VDD.$2087.25;;9.3
[2026-08-13 17:07:52,792] [SUBPROCESS]    R4982;VDD.$2086.18;VDD.$245.18;;27.106
[2026-08-13 17:07:52,792] [SUBPROCESS]    R4983;VDD.$2086.18;VDD.$263.18;;0.0
[2026-08-13 17:07:52,793] [SUBPROCESS]    R4984;VDD.$2087.25;VDD.$4639.25;;0.036
[2026-08-13 17:07:52,793] [SUBPROCESS]    R4985;VDD.$2088.18;VDD.$2089.25;;9.3
[2026-08-13 17:07:52,794] [SUBPROCESS]    R4986;VDD.$2088.18;VDD.$2090.18;;18.432
[2026-08-13 17:07:52,794] [SUBPROCESS]    R4987;VDD.$2088.18;VDD.$2156.18;;18.432
[2026-08-13 17:07:52,795] [SUBPROCESS]    R4988;VDD.$2089.25;VDD.$2091.25;;0.18
[2026-08-13 17:07:52,795] [SUBPROCESS]    R4989;VDD.$2089.25;VDD.$2157.25;;0.18
[2026-08-13 17:07:52,796] [SUBPROCESS]    R4990;VDD.$2090.18;VDD.$2091.25;;9.3
[2026-08-13 17:07:52,796] [SUBPROCESS]    R4991;VDD.$2090.18;VDD.$2092.18;;18.432
[2026-08-13 17:07:52,797] [SUBPROCESS]    R4992;VDD.$2091.25;VDD.$2093.25;;0.18
[2026-08-13 17:07:52,797] [SUBPROCESS]    R4993;VDD.$2092.18;VDD.$2093.25;;9.3
[2026-08-13 17:07:52,797] [SUBPROCESS]    R4994;VDD.$2092.18;VDD.$2094.18;;18.432
[2026-08-13 17:07:52,798] [SUBPROCESS]    R4995;VDD.$2093.25;VDD.$2095.25;;0.18
[2026-08-13 17:07:52,798] [SUBPROCESS]    R4996;VDD.$2094.18;VDD.$2095.25;;9.3
[2026-08-13 17:07:52,799] [SUBPROCESS]    R4997;VDD.$2094.18;VDD.$2096.18;;18.432
[2026-08-13 17:07:52,799] [SUBPROCESS]    R4998;VDD.$2095.25;VDD.$2097.25;;0.18
[2026-08-13 17:07:52,800] [SUBPROCESS]    R4999;VDD.$2096.18;VDD.$2097.25;;9.3
[2026-08-13 17:07:52,800] [SUBPROCESS]    R5000;VDD.$2096.18;VDD.$2098.18;;18.432
[2026-08-13 17:07:52,801] [SUBPROCESS]    R5001;VDD.$2097.25;VDD.$2099.25;;0.18
[2026-08-13 17:07:52,801] [SUBPROCESS]    R5002;VDD.$2098.18;VDD.$2099.25;;9.3
[2026-08-13 17:07:52,802] [SUBPROCESS]    R5003;VDD.$2098.18;VDD.$2100.18;;18.432
[2026-08-13 17:07:52,802] [SUBPROCESS]    R5004;VDD.$2099.25;VDD.$2101.25;;0.18
[2026-08-13 17:07:52,803] [SUBPROCESS]    R5005;VDD.$21.18;VDD.$3860.18;;0.0
[2026-08-13 17:07:52,804] [SUBPROCESS]    R5006;VDD.$21.18;VDD.$3868.18;;27.106
[2026-08-13 17:07:52,804] [SUBPROCESS]    R5007;VDD.$210.15;VDD.$211.18;;585.0
[2026-08-13 17:07:52,804] [SUBPROCESS]    R5008;VDD.$210.15;VDD.$250.15;;0.0
[2026-08-13 17:07:52,805] [SUBPROCESS]    R5009;VDD.$210.15;VDD.P78.15;;0.0
[2026-08-13 17:07:52,806] [SUBPROCESS]    R5010;VDD.$2100.18;VDD.$2101.25;;9.3
[2026-08-13 17:07:52,806] [SUBPROCESS]    R5011;VDD.$2100.18;VDD.$2102.18;;18.432
[2026-08-13 17:07:52,807] [SUBPROCESS]    R5012;VDD.$2101.25;VDD.$2103.25;;0.18
[2026-08-13 17:07:52,807] [SUBPROCESS]    R5013;VDD.$2102.18;VDD.$2103.25;;9.3
[2026-08-13 17:07:52,808] [SUBPROCESS]    R5014;VDD.$2102.18;VDD.$2104.18;;18.432
[2026-08-13 17:07:52,809] [SUBPROCESS]    R5015;VDD.$2103.25;VDD.$2105.25;;0.18
[2026-08-13 17:07:52,809] [SUBPROCESS]    R5016;VDD.$2104.18;VDD.$2105.25;;9.3
[2026-08-13 17:07:52,810] [SUBPROCESS]    R5017;VDD.$2104.18;VDD.$2106.18;;18.432
[2026-08-13 17:07:52,811] [SUBPROCESS]    R5018;VDD.$2105.25;VDD.$4626.25;;0.033
[2026-08-13 17:07:52,811] [SUBPROCESS]    R5019;VDD.$2106.18;VDD.$2107.25;;9.3
[2026-08-13 17:07:52,812] [SUBPROCESS]    R5020;VDD.$2107.25;VDD.$4626.25;;0.147
[2026-08-13 17:07:52,812] [SUBPROCESS]    R5021;VDD.$2108.18;VDD.$2109.25;;9.3
[2026-08-13 17:07:52,812] [SUBPROCESS]    R5022;VDD.$2108.18;VDD.$525.18;;27.106
[2026-08-13 17:07:52,813] [SUBPROCESS]    R5023;VDD.$2108.18;VDD.$537.18;;0.0
[2026-08-13 17:07:52,813] [SUBPROCESS]    R5024;VDD.$2109.25;VDD.$2147.25;;0.046
[2026-08-13 17:07:52,814] [SUBPROCESS]    R5025;VDD.$2109.25;VDD.$4631.25;;0.255
[2026-08-13 17:07:52,814] [SUBPROCESS]    R5026;VDD.$211.18;VDD.$2302.18;;0.0
[2026-08-13 17:07:52,814] [SUBPROCESS]    R5027;VDD.$211.18;VDD.$2308.18;;27.106
[2026-08-13 17:07:52,815] [SUBPROCESS]    R5028;VDD.$2110.18;VDD.$2111.25;;9.3
[2026-08-13 17:07:52,815] [SUBPROCESS]    R5029;VDD.$2110.18;VDD.$527.18;;27.106
[2026-08-13 17:07:52,816] [SUBPROCESS]    R5030;VDD.$2110.18;VDD.$539.18;;0.0
[2026-08-13 17:07:52,816] [SUBPROCESS]    R5031;VDD.$2111.25;VDD.$2149.25;;0.171
[2026-08-13 17:07:52,816] [SUBPROCESS]    R5032;VDD.$2112.18;VDD.$2113.25;;9.3
[2026-08-13 17:07:52,817] [SUBPROCESS]    R5033;VDD.$2112.18;VDD.$257.18;;27.106
[2026-08-13 17:07:52,817] [SUBPROCESS]    R5034;VDD.$2112.18;VDD.$275.18;;0.0
[2026-08-13 17:07:52,818] [SUBPROCESS]    R5035;VDD.$2113.25;VDD.$2151.25;;0.046
[2026-08-13 17:07:52,818] [SUBPROCESS]    R5036;VDD.$2113.25;VDD.$4626.25;;0.255
[2026-08-13 17:07:52,819] [SUBPROCESS]    R5037;VDD.$2114.18;VDD.$2115.25;;9.3
[2026-08-13 17:07:52,819] [SUBPROCESS]    R5038;VDD.$2114.18;VDD.$2116.18;;18.432
[2026-08-13 17:07:52,820] [SUBPROCESS]    R5039;VDD.$2114.18;VDD.$2614.18;;18.432
[2026-08-13 17:07:52,820] [SUBPROCESS]    R5040;VDD.$2115.25;VDD.$2117.25;;0.18
[2026-08-13 17:07:52,821] [SUBPROCESS]    R5041;VDD.$2115.25;VDD.$2615.25;;0.18
[2026-08-13 17:07:52,821] [SUBPROCESS]    R5042;VDD.$2116.18;VDD.$2117.25;;9.3
[2026-08-13 17:07:52,822] [SUBPROCESS]    R5043;VDD.$2116.18;VDD.$2124.18;;18.432
[2026-08-13 17:07:52,822] [SUBPROCESS]    R5044;VDD.$2117.25;VDD.$2125.25;;0.18
[2026-08-13 17:07:52,823] [SUBPROCESS]    R5045;VDD.$2118.18;VDD.$2119.25;;9.3
[2026-08-13 17:07:52,823] [SUBPROCESS]    R5046;VDD.$2118.18;VDD.$493.18;;27.106
[2026-08-13 17:07:52,823] [SUBPROCESS]    R5047;VDD.$2118.18;VDD.$505.18;;0.0
[2026-08-13 17:07:52,824] [SUBPROCESS]    R5048;VDD.$2119.25;VDD.$2133.25;;0.049
[2026-08-13 17:07:52,824] [SUBPROCESS]    R5049;VDD.$212.15;VDD.$213.18;;585.0
[2026-08-13 17:07:52,825] [SUBPROCESS]    R5050;VDD.$212.15;VDD.$252.15;;0.0
[2026-08-13 17:07:52,825] [SUBPROCESS]    R5051;VDD.$212.15;VDD.P73.15;;0.0
[2026-08-13 17:07:52,826] [SUBPROCESS]    R5052;VDD.$2120.18;VDD.$2121.25;;9.3
[2026-08-13 17:07:52,826] [SUBPROCESS]    R5053;VDD.$2120.18;VDD.$495.18;;27.106
[2026-08-13 17:07:52,826] [SUBPROCESS]    R5054;VDD.$2120.18;VDD.$507.18;;0.0
[2026-08-13 17:07:52,827] [SUBPROCESS]    R5055;VDD.$2121.25;VDD.$2135.25;;0.132
[2026-08-13 17:07:52,827] [SUBPROCESS]    R5056;VDD.$2122.18;VDD.$2123.25;;9.3
[2026-08-13 17:07:52,828] [SUBPROCESS]    R5057;VDD.$2122.18;VDD.$221.18;;0.0
[2026-08-13 17:07:52,828] [SUBPROCESS]    R5058;VDD.$2123.25;VDD.$2137.25;;0.049
[2026-08-13 17:07:52,829] [SUBPROCESS]    R5059;VDD.$2124.18;VDD.$2125.25;;9.3
[2026-08-13 17:07:52,829] [SUBPROCESS]    R5060;VDD.$2124.18;VDD.$2126.18;;18.432
[2026-08-13 17:07:52,830] [SUBPROCESS]    R5061;VDD.$2125.25;VDD.$2127.25;;0.18
[2026-08-13 17:07:52,830] [SUBPROCESS]    R5062;VDD.$2126.18;VDD.$2127.25;;9.3
[2026-08-13 17:07:52,830] [SUBPROCESS]    R5063;VDD.$2126.18;VDD.$2128.18;;18.432
[2026-08-13 17:07:52,831] [SUBPROCESS]    R5064;VDD.$2127.25;VDD.$4631.25;;0.147
[2026-08-13 17:07:52,831] [SUBPROCESS]    R5065;VDD.$2128.18;VDD.$2129.25;;9.3
[2026-08-13 17:07:52,832] [SUBPROCESS]    R5066;VDD.$2128.18;VDD.$2130.18;;18.432
[2026-08-13 17:07:52,832] [SUBPROCESS]    R5067;VDD.$2129.25;VDD.$2131.25;;0.18
[2026-08-13 17:07:52,833] [SUBPROCESS]    R5068;VDD.$2129.25;VDD.$4631.25;;0.033
[2026-08-13 17:07:52,833] [SUBPROCESS]    R5069;VDD.$213.18;VDD.$2214.18;;27.106
[2026-08-13 17:07:52,833] [SUBPROCESS]    R5070;VDD.$213.18;VDD.$2304.18;;0.0
[2026-08-13 17:07:52,834] [SUBPROCESS]    R5071;VDD.$2130.18;VDD.$2131.25;;9.3
[2026-08-13 17:07:52,834] [SUBPROCESS]    R5072;VDD.$2130.18;VDD.$2138.18;;18.432
[2026-08-13 17:07:52,835] [SUBPROCESS]    R5073;VDD.$2131.25;VDD.$2139.25;;0.18
[2026-08-13 17:07:52,835] [SUBPROCESS]    R5074;VDD.$2132.18;VDD.$2133.25;;9.3
[2026-08-13 17:07:52,836] [SUBPROCESS]    R5075;VDD.$2132.18;VDD.$505.18;;27.106
[2026-08-13 17:07:52,836] [SUBPROCESS]    R5076;VDD.$2132.18;VDD.$513.18;;0.0
[2026-08-13 17:07:52,837] [SUBPROCESS]    R5077;VDD.$2133.25;VDD.$4635.25;;0.011
[2026-08-13 17:07:52,837] [SUBPROCESS]    R5078;VDD.$2134.18;VDD.$2135.25;;9.3
[2026-08-13 17:07:52,838] [SUBPROCESS]    R5079;VDD.$2134.18;VDD.$507.18;;27.106
[2026-08-13 17:07:52,838] [SUBPROCESS]    R5080;VDD.$2134.18;VDD.$515.18;;0.0
[2026-08-13 17:07:52,839] [SUBPROCESS]    R5081;VDD.$2135.25;VDD.$4635.25;;0.033
[2026-08-13 17:07:52,839] [SUBPROCESS]    R5082;VDD.$2136.18;VDD.$2137.25;;9.3
[2026-08-13 17:07:52,840] [SUBPROCESS]    R5083;VDD.$2136.18;VDD.$221.18;;27.106
[2026-08-13 17:07:52,840] [SUBPROCESS]    R5084;VDD.$2136.18;VDD.$239.18;;0.0
[2026-08-13 17:07:52,840] [SUBPROCESS]    R5085;VDD.$2137.25;VDD.$4627.25;;0.011
[2026-08-13 17:07:52,841] [SUBPROCESS]    R5086;VDD.$2138.18;VDD.$2139.25;;9.3
[2026-08-13 17:07:52,841] [SUBPROCESS]    R5087;VDD.$2138.18;VDD.$2140.18;;18.432
[2026-08-13 17:07:52,842] [SUBPROCESS]    R5088;VDD.$2139.25;VDD.$2141.25;;0.18
[2026-08-13 17:07:52,842] [SUBPROCESS]    R5089;VDD.$214.15;VDD.$215.18;;585.0
[2026-08-13 17:07:52,843] [SUBPROCESS]    R5090;VDD.$214.15;VDD.$22.15;;0.0
[2026-08-13 17:07:52,843] [SUBPROCESS]    R5091;VDD.$214.15;VDD.$250.15;;0.0
[2026-08-13 17:07:52,843] [SUBPROCESS]    R5092;VDD.$2140.18;VDD.$2141.25;;9.3
[2026-08-13 17:07:52,844] [SUBPROCESS]    R5093;VDD.$2140.18;VDD.$2142.18;;18.432
[2026-08-13 17:07:52,844] [SUBPROCESS]    R5094;VDD.$2141.25;VDD.$2143.25;;0.18
[2026-08-13 17:07:52,845] [SUBPROCESS]    R5095;VDD.$2142.18;VDD.$2143.25;;9.3
[2026-08-13 17:07:52,845] [SUBPROCESS]    R5096;VDD.$2142.18;VDD.$2144.18;;18.432
[2026-08-13 17:07:52,846] [SUBPROCESS]    R5097;VDD.$2143.25;VDD.$2145.25;;0.18
[2026-08-13 17:07:52,846] [SUBPROCESS]    R5098;VDD.$2144.18;VDD.$2145.25;;9.3
[2026-08-13 17:07:52,847] [SUBPROCESS]    R5099;VDD.$2144.18;VDD.$2152.18;;18.432
[2026-08-13 17:07:52,847] [SUBPROCESS]    R5100;VDD.$2145.25;VDD.$2153.25;;0.18
[2026-08-13 17:07:52,848] [SUBPROCESS]    R5101;VDD.$2146.18;VDD.$2147.25;;9.3
[2026-08-13 17:07:52,849] [SUBPROCESS]    R5102;VDD.$2146.18;VDD.$513.18;;27.106
[2026-08-13 17:07:52,849] [SUBPROCESS]    R5103;VDD.$2146.18;VDD.$525.18;;0.0
[2026-08-13 17:07:52,850] [SUBPROCESS]    R5104;VDD.$2147.25;VDD.$4635.25;;0.036
[2026-08-13 17:07:52,850] [SUBPROCESS]    R5105;VDD.$2148.18;VDD.$2149.25;;9.3
[2026-08-13 17:07:52,851] [SUBPROCESS]    R5106;VDD.$2148.18;VDD.$515.18;;27.106
[2026-08-13 17:07:52,852] [SUBPROCESS]    R5107;VDD.$2148.18;VDD.$527.18;;0.0
[2026-08-13 17:07:52,852] [SUBPROCESS]    R5108;VDD.$2149.25;VDD.$4635.25;;0.116
[2026-08-13 17:07:52,853] [SUBPROCESS]    R5109;VDD.$215.18;VDD.$2290.18;;0.0
[2026-08-13 17:07:52,854] [SUBPROCESS]    R5110;VDD.$215.18;VDD.$2296.18;;27.106
[2026-08-13 17:07:52,854] [SUBPROCESS]    R5111;VDD.$2150.18;VDD.$2151.25;;9.3
[2026-08-13 17:07:52,855] [SUBPROCESS]    R5112;VDD.$2150.18;VDD.$239.18;;27.106
[2026-08-13 17:07:52,855] [SUBPROCESS]    R5113;VDD.$2150.18;VDD.$257.18;;0.0
[2026-08-13 17:07:52,856] [SUBPROCESS]    R5114;VDD.$2151.25;VDD.$4627.25;;0.036
[2026-08-13 17:07:52,856] [SUBPROCESS]    R5115;VDD.$2152.18;VDD.$2153.25;;9.3
[2026-08-13 17:07:52,856] [SUBPROCESS]    R5116;VDD.$2152.18;VDD.$2154.18;;18.432
[2026-08-13 17:07:52,857] [SUBPROCESS]    R5117;VDD.$2153.25;VDD.$2155.25;;0.18
[2026-08-13 17:07:52,857] [SUBPROCESS]    R5118;VDD.$2154.18;VDD.$2155.25;;9.3
[2026-08-13 17:07:52,858] [SUBPROCESS]    R5119;VDD.$2154.18;VDD.$2156.18;;18.432
[2026-08-13 17:07:52,858] [SUBPROCESS]    R5120;VDD.$2155.25;VDD.$2157.25;;0.18
[2026-08-13 17:07:52,859] [SUBPROCESS]    R5121;VDD.$2156.18;VDD.$2157.25;;9.3
[2026-08-13 17:07:52,859] [SUBPROCESS]    R5122;VDD.$2158.18;VDD.$2159.25;;9.3
[2026-08-13 17:07:52,859] [SUBPROCESS]    R5123;VDD.$2158.18;VDD.$255.18;;27.106
[2026-08-13 17:07:52,860] [SUBPROCESS]    R5124;VDD.$2158.18;VDD.$289.18;;0.0
[2026-08-13 17:07:52,860] [SUBPROCESS]    R5125;VDD.$2159.25;VDD.$2171.25;;0.057
[2026-08-13 17:07:52,861] [SUBPROCESS]    R5126;VDD.$216.15;VDD.$217.18;;585.0
[2026-08-13 17:07:52,861] [SUBPROCESS]    R5127;VDD.$216.15;VDD.$24.15;;0.0
[2026-08-13 17:07:52,862] [SUBPROCESS]    R5128;VDD.$216.15;VDD.$252.15;;0.0
[2026-08-13 17:07:52,862] [SUBPROCESS]    R5129;VDD.$2160.18;VDD.$2161.25;;9.3
[2026-08-13 17:07:52,862] [SUBPROCESS]    R5130;VDD.$2161.25;VDD.$2183.25;;0.063
[2026-08-13 17:07:52,863] [SUBPROCESS]    R5131;VDD.$2162.18;VDD.$2163.25;;9.3
[2026-08-13 17:07:52,863] [SUBPROCESS]    R5132;VDD.$2162.18;VDD.$463.18;;27.106
[2026-08-13 17:07:52,864] [SUBPROCESS]    R5133;VDD.$2162.18;VDD.$477.18;;0.0
[2026-08-13 17:07:52,864] [SUBPROCESS]    R5134;VDD.$2163.25;VDD.$2167.25;;0.057
[2026-08-13 17:07:52,864] [SUBPROCESS]    R5135;VDD.$2164.18;VDD.$2165.25;;9.3
[2026-08-13 17:07:52,865] [SUBPROCESS]    R5136;VDD.$2164.18;VDD.$481.18;;27.106
[2026-08-13 17:07:52,865] [SUBPROCESS]    R5137;VDD.$2164.18;VDD.$485.18;;0.0
[2026-08-13 17:07:52,866] [SUBPROCESS]    R5138;VDD.$2165.25;VDD.$2177.25;;0.072
[2026-08-13 17:07:52,866] [SUBPROCESS]    R5139;VDD.$2165.25;VDD.$2181.25;;0.072
[2026-08-13 17:07:52,867] [SUBPROCESS]    R5140;VDD.$2166.18;VDD.$2167.25;;9.3
[2026-08-13 17:07:52,867] [SUBPROCESS]    R5141;VDD.$2166.18;VDD.$455.18;;27.106
[2026-08-13 17:07:52,867] [SUBPROCESS]    R5142;VDD.$2166.18;VDD.$463.18;;0.0
[2026-08-13 17:07:52,868] [SUBPROCESS]    R5143;VDD.$2167.25;VDD.$2175.25;;0.06
[2026-08-13 17:07:52,868] [SUBPROCESS]    R5144;VDD.$2168.18;VDD.$2169.25;;9.3
[2026-08-13 17:07:52,869] [SUBPROCESS]    R5145;VDD.$2168.18;VDD.$457.18;;27.106
[2026-08-13 17:07:52,869] [SUBPROCESS]    R5146;VDD.$2168.18;VDD.$465.18;;0.0
[2026-08-13 17:07:52,870] [SUBPROCESS]    R5147;VDD.$2169.25;VDD.$2179.25;;0.091
[2026-08-13 17:07:52,871] [SUBPROCESS]    R5148;VDD.$2169.25;VDD.$2185.25;;0.099
[2026-08-13 17:07:52,871] [SUBPROCESS]    R5149;VDD.$217.18;VDD.$2292.18;;0.0
[2026-08-13 17:07:52,871] [SUBPROCESS]    R5150;VDD.$217.18;VDD.$2298.18;;27.106
[2026-08-13 17:07:52,872] [SUBPROCESS]    R5151;VDD.$2170.18;VDD.$2171.25;;9.3
[2026-08-13 17:07:52,872] [SUBPROCESS]    R5152;VDD.$2170.18;VDD.$229.18;;27.106
[2026-08-13 17:07:52,873] [SUBPROCESS]    R5153;VDD.$2170.18;VDD.$255.18;;0.0
[2026-08-13 17:07:52,873] [SUBPROCESS]    R5154;VDD.$2171.25;VDD.$2183.25;;0.06
[2026-08-13 17:07:52,874] [SUBPROCESS]    R5155;VDD.$2172.18;VDD.$2173.25;;9.3
[2026-08-13 17:07:52,874] [SUBPROCESS]    R5156;VDD.$2172.18;VDD.$437.18;;27.106
[2026-08-13 17:07:52,875] [SUBPROCESS]    R5157;VDD.$2172.18;VDD.$441.18;;0.0
[2026-08-13 17:07:52,875] [SUBPROCESS]    R5158;VDD.$2173.25;VDD.$2177.25;;0.072
[2026-08-13 17:07:52,876] [SUBPROCESS]    R5159;VDD.$2173.25;VDD.$2189.25;;0.285
[2026-08-13 17:07:52,876] [SUBPROCESS]    R5160;VDD.$2174.18;VDD.$2175.25;;9.3
[2026-08-13 17:07:52,877] [SUBPROCESS]    R5161;VDD.$2174.18;VDD.$447.18;;27.106
[2026-08-13 17:07:52,877] [SUBPROCESS]    R5162;VDD.$2174.18;VDD.$455.18;;0.0
[2026-08-13 17:07:52,877] [SUBPROCESS]    R5163;VDD.$2175.25;VDD.$2187.25;;0.063
[2026-08-13 17:07:52,878] [SUBPROCESS]    R5164;VDD.$2176.18;VDD.$2177.25;;9.3
[2026-08-13 17:07:52,878] [SUBPROCESS]    R5165;VDD.$2176.18;VDD.$437.18;;0.0
[2026-08-13 17:07:52,879] [SUBPROCESS]    R5166;VDD.$2176.18;VDD.$485.18;;27.106
[2026-08-13 17:07:52,879] [SUBPROCESS]    R5167;VDD.$2178.18;VDD.$2179.25;;9.3
[2026-08-13 17:07:52,880] [SUBPROCESS]    R5168;VDD.$2178.18;VDD.$449.18;;27.106
[2026-08-13 17:07:52,880] [SUBPROCESS]    R5169;VDD.$2178.18;VDD.$457.18;;0.0
[2026-08-13 17:07:52,880] [SUBPROCESS]    R5170;VDD.$2179.25;VDD.$2189.25;;0.085
[2026-08-13 17:07:52,881] [SUBPROCESS]    R5171;VDD.$218.15;VDD.$219.18;;585.0
[2026-08-13 17:07:52,881] [SUBPROCESS]    R5172;VDD.$218.15;VDD.$270.15;;0.0
[2026-08-13 17:07:52,882] [SUBPROCESS]    R5173;VDD.$218.15;VDD.$286.15;;0.0
[2026-08-13 17:07:52,882] [SUBPROCESS]    R5174;VDD.$2180.18;VDD.$2181.25;;9.3
[2026-08-13 17:07:52,882] [SUBPROCESS]    R5175;VDD.$2180.18;VDD.$469.18;;27.106
[2026-08-13 17:07:52,883] [SUBPROCESS]    R5176;VDD.$2180.18;VDD.$481.18;;0.0
[2026-08-13 17:07:52,883] [SUBPROCESS]    R5177;VDD.$2181.25;VDD.$2307.25;;0.072
[2026-08-13 17:07:52,884] [SUBPROCESS]    R5178;VDD.$2182.18;VDD.$2183.25;;9.3
[2026-08-13 17:07:52,884] [SUBPROCESS]    R5179;VDD.$2182.18;VDD.$229.18;;0.0
[2026-08-13 17:07:52,885] [SUBPROCESS]    R5180;VDD.$2184.18;VDD.$2185.25;;9.3
[2026-08-13 17:07:52,885] [SUBPROCESS]    R5181;VDD.$2184.18;VDD.$465.18;;27.106
[2026-08-13 17:07:52,886] [SUBPROCESS]    R5182;VDD.$2184.18;VDD.$479.18;;0.0
[2026-08-13 17:07:52,886] [SUBPROCESS]    R5183;VDD.$2186.18;VDD.$2187.25;;9.3
[2026-08-13 17:07:52,887] [SUBPROCESS]    R5184;VDD.$2186.18;VDD.$447.18;;0.0
[2026-08-13 17:07:52,887] [SUBPROCESS]    R5185;VDD.$2188.18;VDD.$2189.25;;9.3
[2026-08-13 17:07:52,888] [SUBPROCESS]    R5186;VDD.$2188.18;VDD.$449.18;;0.0
[2026-08-13 17:07:52,888] [SUBPROCESS]    R5187;VDD.$2190.18;VDD.$2191.25;;9.3
[2026-08-13 17:07:52,889] [SUBPROCESS]    R5188;VDD.$2190.18;VDD.$249.18;;0.0
[2026-08-13 17:07:52,889] [SUBPROCESS]    R5189;VDD.$2190.18;VDD.$285.18;;27.106
[2026-08-13 17:07:52,890] [SUBPROCESS]    R5190;VDD.$2191.25;VDD.$2213.25;;0.072
[2026-08-13 17:07:52,890] [SUBPROCESS]    R5191;VDD.$2191.25;VDD.$2215.25;;0.072
[2026-08-13 17:07:52,891] [SUBPROCESS]    R5192;VDD.$2192.18;VDD.$2193.25;;9.3
[2026-08-13 17:07:52,891] [SUBPROCESS]    R5193;VDD.$2192.18;VDD.$269.18;;27.106
[2026-08-13 17:07:52,892] [SUBPROCESS]    R5194;VDD.$2193.25;VDD.$2197.25;;0.057
[2026-08-13 17:07:52,892] [SUBPROCESS]    R5195;VDD.$2194.18;VDD.$2195.25;;9.3
[2026-08-13 17:07:52,892] [SUBPROCESS]    R5196;VDD.$2194.18;VDD.$233.18;;27.106
[2026-08-13 17:07:52,893] [SUBPROCESS]    R5197;VDD.$2194.18;VDD.$267.18;;0.0
[2026-08-13 17:07:52,893] [SUBPROCESS]    R5198;VDD.$2195.25;VDD.$2205.25;;0.091
[2026-08-13 17:07:52,894] [SUBPROCESS]    R5199;VDD.$2195.25;VDD.$2209.25;;0.099
[2026-08-13 17:07:52,894] [SUBPROCESS]    R5200;VDD.$2196.18;VDD.$2197.25;;9.3
[2026-08-13 17:07:52,895] [SUBPROCESS]    R5201;VDD.$2196.18;VDD.$235.18;;27.106
[2026-08-13 17:07:52,895] [SUBPROCESS]    R5202;VDD.$2196.18;VDD.$269.18;;0.0
[2026-08-13 17:07:52,895] [SUBPROCESS]    R5203;VDD.$2197.25;VDD.$2207.25;;0.06
[2026-08-13 17:07:52,896] [SUBPROCESS]    R5204;VDD.$2198.18;VDD.$2199.25;;9.3
[2026-08-13 17:07:52,896] [SUBPROCESS]    R5205;VDD.$2198.18;VDD.$237.18;;27.106
[2026-08-13 17:07:52,897] [SUBPROCESS]    R5206;VDD.$2198.18;VDD.$273.18;;0.0
[2026-08-13 17:07:52,897] [SUBPROCESS]    R5207;VDD.$2199.25;VDD.$2203.25;;0.272
[2026-08-13 17:07:52,898] [SUBPROCESS]    R5208;VDD.$2199.25;VDD.$2211.25;;0.072
[2026-08-13 17:07:52,898] [SUBPROCESS]    R5209;VDD.$22.15;VDD.$23.18;;585.0
[2026-08-13 17:07:52,899] [SUBPROCESS]    R5210;VDD.$220.15;VDD.$221.18;;585.0
[2026-08-13 17:07:52,899] [SUBPROCESS]    R5211;VDD.$220.15;VDD.$238.15;;0.0
[2026-08-13 17:07:52,899] [SUBPROCESS]    R5212;VDD.$2200.18;VDD.$2201.25;;9.3
[2026-08-13 17:07:52,900] [SUBPROCESS]    R5213;VDD.$2201.25;VDD.$2205.25;;0.085
[2026-08-13 17:07:52,900] [SUBPROCESS]    R5214;VDD.$2202.18;VDD.$2203.25;;9.3
[2026-08-13 17:07:52,901] [SUBPROCESS]    R5215;VDD.$2203.25;VDD.$2207.25;;0.063
[2026-08-13 17:07:52,901] [SUBPROCESS]    R5216;VDD.$2204.18;VDD.$2205.25;;9.3
[2026-08-13 17:07:52,902] [SUBPROCESS]    R5217;VDD.$2204.18;VDD.$233.18;;0.0
[2026-08-13 17:07:52,902] [SUBPROCESS]    R5218;VDD.$2206.18;VDD.$2207.25;;9.3
[2026-08-13 17:07:52,903] [SUBPROCESS]    R5219;VDD.$2206.18;VDD.$235.18;;0.0
[2026-08-13 17:07:52,904] [SUBPROCESS]    R5220;VDD.$2208.18;VDD.$2209.25;;9.3
[2026-08-13 17:07:52,904] [SUBPROCESS]    R5221;VDD.$2208.18;VDD.$267.18;;27.106
[2026-08-13 17:07:52,905] [SUBPROCESS]    R5222;VDD.$2210.18;VDD.$2211.25;;9.3
[2026-08-13 17:07:52,905] [SUBPROCESS]    R5223;VDD.$2210.18;VDD.$237.18;;0.0
[2026-08-13 17:07:52,906] [SUBPROCESS]    R5224;VDD.$2211.25;VDD.$2213.25;;0.072
[2026-08-13 17:07:52,906] [SUBPROCESS]    R5225;VDD.$2212.18;VDD.$2213.25;;9.3
[2026-08-13 17:07:52,907] [SUBPROCESS]    R5226;VDD.$2212.18;VDD.$249.18;;27.106
[2026-08-13 17:07:52,907] [SUBPROCESS]    R5227;VDD.$2214.18;VDD.$2215.25;;9.3
[2026-08-13 17:07:52,907] [SUBPROCESS]    R5228;VDD.$2214.18;VDD.$285.18;;0.0
[2026-08-13 17:07:52,908] [SUBPROCESS]    R5229;VDD.$2215.25;VDD.$2305.25;;0.072
[2026-08-13 17:07:52,908] [SUBPROCESS]    R5230;VDD.$2216.18;VDD.$2217.25;;9.3
[2026-08-13 17:07:52,909] [SUBPROCESS]    R5231;VDD.$2216.18;VDD.$817.18;;27.106
[2026-08-13 17:07:52,909] [SUBPROCESS]    R5232;VDD.$2216.18;VDD.$859.18;;0.0
[2026-08-13 17:07:52,909] [SUBPROCESS]    R5233;VDD.$2217.25;VDD.$2223.25;;0.072
[2026-08-13 17:07:52,910] [SUBPROCESS]    R5234;VDD.$2218.18;VDD.$2219.25;;9.3
[2026-08-13 17:07:52,910] [SUBPROCESS]    R5235;VDD.$2218.18;VDD.$339.18;;27.106
[2026-08-13 17:07:52,911] [SUBPROCESS]    R5236;VDD.$2218.18;VDD.$343.18;;0.0
[2026-08-13 17:07:52,911] [SUBPROCESS]    R5237;VDD.$2219.25;VDD.$2225.25;;0.072
[2026-08-13 17:07:52,912] [SUBPROCESS]    R5238;VDD.$222.15;VDD.$223.18;;585.0
[2026-08-13 17:07:52,912] [SUBPROCESS]    R5239;VDD.$222.15;VDD.$240.15;;0.0
[2026-08-13 17:07:52,912] [SUBPROCESS]    R5240;VDD.$2220.18;VDD.$2221.25;;9.3
[2026-08-13 17:07:52,913] [SUBPROCESS]    R5241;VDD.$2220.18;VDD.$293.18;;0.0
[2026-08-13 17:07:52,913] [SUBPROCESS]    R5242;VDD.$2220.18;VDD.$341.18;;27.106
[2026-08-13 17:07:52,914] [SUBPROCESS]    R5243;VDD.$2221.25;VDD.$2227.25;;0.072
[2026-08-13 17:07:52,914] [SUBPROCESS]    R5244;VDD.$2222.18;VDD.$2223.25;;9.3
[2026-08-13 17:07:52,915] [SUBPROCESS]    R5245;VDD.$2222.18;VDD.$851.18;;0.0
[2026-08-13 17:07:52,915] [SUBPROCESS]    R5246;VDD.$2222.18;VDD.$859.18;;27.106
[2026-08-13 17:07:52,915] [SUBPROCESS]    R5247;VDD.$2223.25;VDD.$2229.25;;0.276
[2026-08-13 17:07:52,916] [SUBPROCESS]    R5248;VDD.$2224.18;VDD.$2225.25;;9.3
[2026-08-13 17:07:52,916] [SUBPROCESS]    R5249;VDD.$2224.18;VDD.$295.18;;0.0
[2026-08-13 17:07:52,917] [SUBPROCESS]    R5250;VDD.$2224.18;VDD.$343.18;;27.106
[2026-08-13 17:07:52,917] [SUBPROCESS]    R5251;VDD.$2225.25;VDD.$2231.25;;0.276
[2026-08-13 17:07:52,918] [SUBPROCESS]    R5252;VDD.$2226.18;VDD.$2227.25;;9.3
[2026-08-13 17:07:52,918] [SUBPROCESS]    R5253;VDD.$2226.18;VDD.$293.18;;27.106
[2026-08-13 17:07:52,919] [SUBPROCESS]    R5254;VDD.$2226.18;VDD.$297.18;;0.0
[2026-08-13 17:07:52,919] [SUBPROCESS]    R5255;VDD.$2227.25;VDD.$2233.25;;0.276
[2026-08-13 17:07:52,920] [SUBPROCESS]    R5256;VDD.$2228.18;VDD.$2229.25;;9.3
[2026-08-13 17:07:52,920] [SUBPROCESS]    R5257;VDD.$2228.18;VDD.$823.18;;0.0
[2026-08-13 17:07:52,921] [SUBPROCESS]    R5258;VDD.$2229.25;VDD.$2235.25;;0.072
[2026-08-13 17:07:52,921] [SUBPROCESS]    R5259;VDD.$2230.18;VDD.$2231.25;;9.3
[2026-08-13 17:07:52,922] [SUBPROCESS]    R5260;VDD.$2230.18;VDD.$299.18;;0.0
[2026-08-13 17:07:52,922] [SUBPROCESS]    R5261;VDD.$2231.25;VDD.$2237.25;;0.072
[2026-08-13 17:07:52,923] [SUBPROCESS]    R5262;VDD.$2232.18;VDD.$2233.25;;9.3
[2026-08-13 17:07:52,923] [SUBPROCESS]    R5263;VDD.$2232.18;VDD.$301.18;;0.0
[2026-08-13 17:07:52,923] [SUBPROCESS]    R5264;VDD.$2233.25;VDD.$2239.25;;0.072
[2026-08-13 17:07:52,924] [SUBPROCESS]    R5265;VDD.$2234.18;VDD.$2235.25;;9.3
[2026-08-13 17:07:52,924] [SUBPROCESS]    R5266;VDD.$2234.18;VDD.$823.18;;27.106
[2026-08-13 17:07:52,925] [SUBPROCESS]    R5267;VDD.$2234.18;VDD.$847.18;;0.0
[2026-08-13 17:07:52,925] [SUBPROCESS]    R5268;VDD.$2235.25;VDD.$2241.25;;0.072
[2026-08-13 17:07:52,926] [SUBPROCESS]    R5269;VDD.$2236.18;VDD.$2237.25;;9.3
[2026-08-13 17:07:52,926] [SUBPROCESS]    R5270;VDD.$2236.18;VDD.$299.18;;27.106
[2026-08-13 17:07:52,927] [SUBPROCESS]    R5271;VDD.$2236.18;VDD.$303.18;;0.0
[2026-08-13 17:07:52,927] [SUBPROCESS]    R5272;VDD.$2237.25;VDD.$2243.25;;0.072
[2026-08-13 17:07:52,928] [SUBPROCESS]    R5273;VDD.$2238.18;VDD.$2239.25;;9.3
[2026-08-13 17:07:52,928] [SUBPROCESS]    R5274;VDD.$2238.18;VDD.$301.18;;27.106
[2026-08-13 17:07:52,929] [SUBPROCESS]    R5275;VDD.$2238.18;VDD.$305.18;;0.0
[2026-08-13 17:07:52,929] [SUBPROCESS]    R5276;VDD.$2239.25;VDD.$2245.25;;0.072
[2026-08-13 17:07:52,929] [SUBPROCESS]    R5277;VDD.$224.15;VDD.$225.18;;585.0
[2026-08-13 17:07:52,930] [SUBPROCESS]    R5278;VDD.$224.15;VDD.$242.15;;0.0
[2026-08-13 17:07:52,930] [SUBPROCESS]    R5279;VDD.$2240.18;VDD.$2241.25;;9.3
[2026-08-13 17:07:52,931] [SUBPROCESS]    R5280;VDD.$2240.18;VDD.$847.18;;27.106
[2026-08-13 17:07:52,932] [SUBPROCESS]    R5281;VDD.$2240.18;VDD.$861.18;;0.0
[2026-08-13 17:07:52,932] [SUBPROCESS]    R5282;VDD.$2241.25;VDD.$2247.25;;0.072
[2026-08-13 17:07:52,933] [SUBPROCESS]    R5283;VDD.$2242.18;VDD.$2243.25;;9.3
[2026-08-13 17:07:52,933] [SUBPROCESS]    R5284;VDD.$2242.18;VDD.$303.18;;27.106
[2026-08-13 17:07:52,934] [SUBPROCESS]    R5285;VDD.$2242.18;VDD.$307.18;;0.0
[2026-08-13 17:07:52,934] [SUBPROCESS]    R5286;VDD.$2243.25;VDD.$2249.25;;0.072
[2026-08-13 17:07:52,934] [SUBPROCESS]    R5287;VDD.$2244.18;VDD.$2245.25;;9.3
[2026-08-13 17:07:52,935] [SUBPROCESS]    R5288;VDD.$2244.18;VDD.$305.18;;27.106
[2026-08-13 17:07:52,935] [SUBPROCESS]    R5289;VDD.$2244.18;VDD.$309.18;;0.0
[2026-08-13 17:07:52,936] [SUBPROCESS]    R5290;VDD.$2245.25;VDD.$2251.25;;0.072
[2026-08-13 17:07:52,937] [SUBPROCESS]    R5291;VDD.$2246.18;VDD.$2247.25;;9.3
[2026-08-13 17:07:52,937] [SUBPROCESS]    R5292;VDD.$2246.18;VDD.$839.18;;0.0
[2026-08-13 17:07:52,938] [SUBPROCESS]    R5293;VDD.$2246.18;VDD.$861.18;;27.106
[2026-08-13 17:07:52,938] [SUBPROCESS]    R5294;VDD.$2247.25;VDD.$2253.25;;0.072
[2026-08-13 17:07:52,939] [SUBPROCESS]    R5295;VDD.$2248.18;VDD.$2249.25;;9.3
[2026-08-13 17:07:52,939] [SUBPROCESS]    R5296;VDD.$2248.18;VDD.$307.18;;27.106
[2026-08-13 17:07:52,939] [SUBPROCESS]    R5297;VDD.$2248.18;VDD.$311.18;;0.0
[2026-08-13 17:07:52,940] [SUBPROCESS]    R5298;VDD.$2249.25;VDD.$2255.25;;0.072
[2026-08-13 17:07:52,940] [SUBPROCESS]    R5299;VDD.$2250.18;VDD.$2251.25;;9.3
[2026-08-13 17:07:52,941] [SUBPROCESS]    R5300;VDD.$2250.18;VDD.$309.18;;27.106
[2026-08-13 17:07:52,941] [SUBPROCESS]    R5301;VDD.$2250.18;VDD.$313.18;;0.0
[2026-08-13 17:07:52,942] [SUBPROCESS]    R5302;VDD.$2251.25;VDD.$2257.25;;0.072
[2026-08-13 17:07:52,942] [SUBPROCESS]    R5303;VDD.$2252.18;VDD.$2253.25;;9.3
[2026-08-13 17:07:52,943] [SUBPROCESS]    R5304;VDD.$2252.18;VDD.$815.18;;0.0
[2026-08-13 17:07:52,943] [SUBPROCESS]    R5305;VDD.$2252.18;VDD.$839.18;;27.106
[2026-08-13 17:07:52,943] [SUBPROCESS]    R5306;VDD.$2253.25;VDD.$2259.25;;0.072
[2026-08-13 17:07:52,944] [SUBPROCESS]    R5307;VDD.$2254.18;VDD.$2255.25;;9.3
[2026-08-13 17:07:52,945] [SUBPROCESS]    R5308;VDD.$2254.18;VDD.$311.18;;27.106
[2026-08-13 17:07:52,945] [SUBPROCESS]    R5309;VDD.$2254.18;VDD.$315.18;;0.0
[2026-08-13 17:07:52,946] [SUBPROCESS]    R5310;VDD.$2255.25;VDD.$2261.25;;0.072
[2026-08-13 17:07:52,946] [SUBPROCESS]    R5311;VDD.$2256.18;VDD.$2257.25;;9.3
[2026-08-13 17:07:52,946] [SUBPROCESS]    R5312;VDD.$2256.18;VDD.$313.18;;27.106
[2026-08-13 17:07:52,947] [SUBPROCESS]    R5313;VDD.$2256.18;VDD.$317.18;;0.0
[2026-08-13 17:07:52,947] [SUBPROCESS]    R5314;VDD.$2257.25;VDD.$2263.25;;0.072
[2026-08-13 17:07:52,948] [SUBPROCESS]    R5315;VDD.$2258.18;VDD.$2259.25;;9.3
[2026-08-13 17:07:52,948] [SUBPROCESS]    R5316;VDD.$2258.18;VDD.$815.18;;27.106
[2026-08-13 17:07:52,949] [SUBPROCESS]    R5317;VDD.$2258.18;VDD.$827.18;;0.0
[2026-08-13 17:07:52,949] [SUBPROCESS]    R5318;VDD.$2259.25;VDD.$2265.25;;0.072
[2026-08-13 17:07:52,950] [SUBPROCESS]    R5319;VDD.$226.15;VDD.$227.18;;585.0
[2026-08-13 17:07:52,950] [SUBPROCESS]    R5320;VDD.$226.15;VDD.$244.15;;0.0
[2026-08-13 17:07:52,950] [SUBPROCESS]    R5321;VDD.$2260.18;VDD.$2261.25;;9.3
[2026-08-13 17:07:52,951] [SUBPROCESS]    R5322;VDD.$2260.18;VDD.$315.18;;27.106
[2026-08-13 17:07:52,952] [SUBPROCESS]    R5323;VDD.$2260.18;VDD.$319.18;;0.0
[2026-08-13 17:07:52,952] [SUBPROCESS]    R5324;VDD.$2261.25;VDD.$2267.25;;0.072
[2026-08-13 17:07:52,953] [SUBPROCESS]    R5325;VDD.$2262.18;VDD.$2263.25;;9.3
[2026-08-13 17:07:52,953] [SUBPROCESS]    R5326;VDD.$2262.18;VDD.$317.18;;27.106
[2026-08-13 17:07:52,954] [SUBPROCESS]    R5327;VDD.$2262.18;VDD.$321.18;;0.0
[2026-08-13 17:07:52,954] [SUBPROCESS]    R5328;VDD.$2263.25;VDD.$2269.25;;0.072
[2026-08-13 17:07:52,955] [SUBPROCESS]    R5329;VDD.$2264.18;VDD.$2265.25;;9.3
[2026-08-13 17:07:52,955] [SUBPROCESS]    R5330;VDD.$2264.18;VDD.$827.18;;27.106
[2026-08-13 17:07:52,956] [SUBPROCESS]    R5331;VDD.$2264.18;VDD.$855.18;;0.0
[2026-08-13 17:07:52,956] [SUBPROCESS]    R5332;VDD.$2265.25;VDD.$2271.25;;0.072
[2026-08-13 17:07:52,957] [SUBPROCESS]    R5333;VDD.$2266.18;VDD.$2267.25;;9.3
[2026-08-13 17:07:52,957] [SUBPROCESS]    R5334;VDD.$2266.18;VDD.$319.18;;27.106
[2026-08-13 17:07:52,958] [SUBPROCESS]    R5335;VDD.$2266.18;VDD.$323.18;;0.0
[2026-08-13 17:07:52,958] [SUBPROCESS]    R5336;VDD.$2267.25;VDD.$2273.25;;0.072
[2026-08-13 17:07:52,959] [SUBPROCESS]    R5337;VDD.$2268.18;VDD.$2269.25;;9.3
[2026-08-13 17:07:52,959] [SUBPROCESS]    R5338;VDD.$2268.18;VDD.$321.18;;27.106
[2026-08-13 17:07:52,959] [SUBPROCESS]    R5339;VDD.$2268.18;VDD.$325.18;;0.0
[2026-08-13 17:07:52,960] [SUBPROCESS]    R5340;VDD.$2269.25;VDD.$2275.25;;0.072
[2026-08-13 17:07:52,960] [SUBPROCESS]    R5341;VDD.$2270.18;VDD.$2271.25;;9.3
[2026-08-13 17:07:52,961] [SUBPROCESS]    R5342;VDD.$2270.18;VDD.$833.18;;0.0
[2026-08-13 17:07:52,961] [SUBPROCESS]    R5343;VDD.$2270.18;VDD.$855.18;;27.106
[2026-08-13 17:07:52,962] [SUBPROCESS]    R5344;VDD.$2271.25;VDD.$2277.25;;0.072
[2026-08-13 17:07:52,962] [SUBPROCESS]    R5345;VDD.$2272.18;VDD.$2273.25;;9.3
[2026-08-13 17:07:52,963] [SUBPROCESS]    R5346;VDD.$2272.18;VDD.$323.18;;27.106
[2026-08-13 17:07:52,963] [SUBPROCESS]    R5347;VDD.$2272.18;VDD.$327.18;;0.0
[2026-08-13 17:07:52,964] [SUBPROCESS]    R5348;VDD.$2273.25;VDD.$2279.25;;0.072
[2026-08-13 17:07:52,964] [SUBPROCESS]    R5349;VDD.$2274.18;VDD.$2275.25;;9.3
[2026-08-13 17:07:52,965] [SUBPROCESS]    R5350;VDD.$2274.18;VDD.$325.18;;27.106
[2026-08-13 17:07:52,965] [SUBPROCESS]    R5351;VDD.$2274.18;VDD.$329.18;;0.0
[2026-08-13 17:07:52,965] [SUBPROCESS]    R5352;VDD.$2275.25;VDD.$2281.25;;0.072
[2026-08-13 17:07:52,966] [SUBPROCESS]    R5353;VDD.$2276.18;VDD.$2277.25;;9.3
[2026-08-13 17:07:52,966] [SUBPROCESS]    R5354;VDD.$2276.18;VDD.$833.18;;27.106
[2026-08-13 17:07:52,967] [SUBPROCESS]    R5355;VDD.$2276.18;VDD.$845.18;;0.0
[2026-08-13 17:07:52,967] [SUBPROCESS]    R5356;VDD.$2277.25;VDD.$2283.25;;0.276
[2026-08-13 17:07:52,968] [SUBPROCESS]    R5357;VDD.$2278.18;VDD.$2279.25;;9.3
[2026-08-13 17:07:52,969] [SUBPROCESS]    R5358;VDD.$2278.18;VDD.$327.18;;27.106
[2026-08-13 17:07:52,969] [SUBPROCESS]    R5359;VDD.$2278.18;VDD.$331.18;;0.0
[2026-08-13 17:07:52,970] [SUBPROCESS]    R5360;VDD.$2279.25;VDD.$2285.25;;0.276
[2026-08-13 17:07:52,971] [SUBPROCESS]    R5361;VDD.$228.15;VDD.$229.18;;585.0
[2026-08-13 17:07:52,971] [SUBPROCESS]    R5362;VDD.$228.15;VDD.$254.15;;0.0
[2026-08-13 17:07:52,972] [SUBPROCESS]    R5363;VDD.$2280.18;VDD.$2281.25;;9.3
[2026-08-13 17:07:52,973] [SUBPROCESS]    R5364;VDD.$2280.18;VDD.$329.18;;27.106
[2026-08-13 17:07:52,973] [SUBPROCESS]    R5365;VDD.$2280.18;VDD.$333.18;;0.0
[2026-08-13 17:07:52,974] [SUBPROCESS]    R5366;VDD.$2281.25;VDD.$2287.25;;0.276
[2026-08-13 17:07:52,974] [SUBPROCESS]    R5367;VDD.$2282.18;VDD.$2283.25;;9.3
[2026-08-13 17:07:52,975] [SUBPROCESS]    R5368;VDD.$2282.18;VDD.$435.18;;0.0
[2026-08-13 17:07:52,976] [SUBPROCESS]    R5369;VDD.$2283.25;VDD.$2289.25;;0.072
[2026-08-13 17:07:52,976] [SUBPROCESS]    R5370;VDD.$2284.18;VDD.$2285.25;;9.3
[2026-08-13 17:07:52,976] [SUBPROCESS]    R5371;VDD.$2284.18;VDD.$23.18;;0.0
[2026-08-13 17:07:52,977] [SUBPROCESS]    R5372;VDD.$2285.25;VDD.$2291.25;;0.072
[2026-08-13 17:07:52,977] [SUBPROCESS]    R5373;VDD.$2286.18;VDD.$2287.25;;9.3
[2026-08-13 17:07:52,978] [SUBPROCESS]    R5374;VDD.$2286.18;VDD.$25.18;;0.0
[2026-08-13 17:07:52,978] [SUBPROCESS]    R5375;VDD.$2287.25;VDD.$2293.25;;0.072
[2026-08-13 17:07:52,979] [SUBPROCESS]    R5376;VDD.$2288.18;VDD.$2289.25;;9.3
[2026-08-13 17:07:52,979] [SUBPROCESS]    R5377;VDD.$2288.18;VDD.$435.18;;27.106
[2026-08-13 17:07:52,980] [SUBPROCESS]    R5378;VDD.$2288.18;VDD.$499.18;;0.0
[2026-08-13 17:07:52,980] [SUBPROCESS]    R5379;VDD.$2289.25;VDD.$2295.25;;0.072
[2026-08-13 17:07:52,980] [SUBPROCESS]    R5380;VDD.$2290.18;VDD.$2291.25;;9.3
[2026-08-13 17:07:52,981] [SUBPROCESS]    R5381;VDD.$2290.18;VDD.$23.18;;27.106
[2026-08-13 17:07:52,981] [SUBPROCESS]    R5382;VDD.$2291.25;VDD.$2297.25;;0.072
[2026-08-13 17:07:52,982] [SUBPROCESS]    R5383;VDD.$2292.18;VDD.$2293.25;;9.3
[2026-08-13 17:07:52,982] [SUBPROCESS]    R5384;VDD.$2292.18;VDD.$25.18;;27.106
[2026-08-13 17:07:52,983] [SUBPROCESS]    R5385;VDD.$2293.25;VDD.$2299.25;;0.072
[2026-08-13 17:07:52,983] [SUBPROCESS]    R5386;VDD.$2294.18;VDD.$2295.25;;9.3
[2026-08-13 17:07:52,984] [SUBPROCESS]    R5387;VDD.$2294.18;VDD.$499.18;;27.106
[2026-08-13 17:07:52,984] [SUBPROCESS]    R5388;VDD.$2294.18;VDD.$519.18;;0.0
[2026-08-13 17:07:52,984] [SUBPROCESS]    R5389;VDD.$2295.25;VDD.$2301.25;;0.072
[2026-08-13 17:07:52,985] [SUBPROCESS]    R5390;VDD.$2296.18;VDD.$2297.25;;9.3
[2026-08-13 17:07:52,986] [SUBPROCESS]    R5391;VDD.$2296.18;VDD.$251.18;;0.0
[2026-08-13 17:07:52,986] [SUBPROCESS]    R5392;VDD.$2297.25;VDD.$2303.25;;0.072
[2026-08-13 17:07:52,987] [SUBPROCESS]    R5393;VDD.$2298.18;VDD.$2299.25;;9.3
[2026-08-13 17:07:52,987] [SUBPROCESS]    R5394;VDD.$2298.18;VDD.$253.18;;0.0
[2026-08-13 17:07:52,988] [SUBPROCESS]    R5395;VDD.$2299.25;VDD.$2305.25;;0.072
[2026-08-13 17:07:52,988] [SUBPROCESS]    R5396;VDD.$230.15;VDD.$231.18;;585.0
[2026-08-13 17:07:52,989] [SUBPROCESS]    R5397;VDD.$230.15;VDD.$264.15;;0.0
[2026-08-13 17:07:52,989] [SUBPROCESS]    R5398;VDD.$2300.18;VDD.$2301.25;;9.3
[2026-08-13 17:07:52,990] [SUBPROCESS]    R5399;VDD.$2300.18;VDD.$519.18;;27.106
[2026-08-13 17:07:52,990] [SUBPROCESS]    R5400;VDD.$2300.18;VDD.$531.18;;0.0
[2026-08-13 17:07:52,991] [SUBPROCESS]    R5401;VDD.$2301.25;VDD.$2307.25;;0.072
[2026-08-13 17:07:52,991] [SUBPROCESS]    R5402;VDD.$2302.18;VDD.$2303.25;;9.3
[2026-08-13 17:07:52,992] [SUBPROCESS]    R5403;VDD.$2302.18;VDD.$251.18;;27.106
[2026-08-13 17:07:52,992] [SUBPROCESS]    R5404;VDD.$2303.25;VDD.$2309.25;;0.072
[2026-08-13 17:07:52,992] [SUBPROCESS]    R5405;VDD.$2304.18;VDD.$2305.25;;9.3
[2026-08-13 17:07:52,993] [SUBPROCESS]    R5406;VDD.$2304.18;VDD.$253.18;;27.106
[2026-08-13 17:07:52,993] [SUBPROCESS]    R5407;VDD.$2306.18;VDD.$2307.25;;9.3
[2026-08-13 17:07:52,994] [SUBPROCESS]    R5408;VDD.$2306.18;VDD.$469.18;;0.0
[2026-08-13 17:07:52,994] [SUBPROCESS]    R5409;VDD.$2306.18;VDD.$531.18;;27.106
[2026-08-13 17:07:52,995] [SUBPROCESS]    R5410;VDD.$2308.18;VDD.$2309.25;;9.3
[2026-08-13 17:07:52,995] [SUBPROCESS]    R5411;VDD.$2308.18;VDD.$283.18;;0.0
[2026-08-13 17:07:52,996] [SUBPROCESS]    R5412;VDD.$2310.18;VDD.$2311.25;;9.3
[2026-08-13 17:07:52,996] [SUBPROCESS]    R5413;VDD.$2310.18;VDD.$357.18;;27.106
[2026-08-13 17:07:52,997] [SUBPROCESS]    R5414;VDD.$2310.18;VDD.$397.18;;0.0
[2026-08-13 17:07:52,997] [SUBPROCESS]    R5415;VDD.$2311.25;VDD.$2339.25;;0.072
[2026-08-13 17:07:52,997] [SUBPROCESS]    R5416;VDD.$2312.18;VDD.$2313.25;;9.3
[2026-08-13 17:07:52,998] [SUBPROCESS]    R5417;VDD.$2312.18;VDD.$351.18;;27.106
[2026-08-13 17:07:52,998] [SUBPROCESS]    R5418;VDD.$2312.18;VDD.$361.18;;0.0
[2026-08-13 17:07:52,999] [SUBPROCESS]    R5419;VDD.$2313.25;VDD.$2327.25;;0.072
[2026-08-13 17:07:52,999] [SUBPROCESS]    R5420;VDD.$2313.25;VDD.$2449.25;;0.072
[2026-08-13 17:07:53,000] [SUBPROCESS]    R5421;VDD.$2314.18;VDD.$2315.25;;9.3
[2026-08-13 17:07:53,000] [SUBPROCESS]    R5422;VDD.$2314.18;VDD.$353.18;;27.106
[2026-08-13 17:07:53,001] [SUBPROCESS]    R5423;VDD.$2314.18;VDD.$363.18;;0.0
[2026-08-13 17:07:53,001] [SUBPROCESS]    R5424;VDD.$2315.25;VDD.$2329.25;;0.184
[2026-08-13 17:07:53,002] [SUBPROCESS]    R5425;VDD.$2316.18;VDD.$2317.25;;9.3
[2026-08-13 17:07:53,002] [SUBPROCESS]    R5426;VDD.$2316.18;VDD.$355.18;;27.106
[2026-08-13 17:07:53,003] [SUBPROCESS]    R5427;VDD.$2316.18;VDD.$365.18;;0.0
[2026-08-13 17:07:53,003] [SUBPROCESS]    R5428;VDD.$2317.25;VDD.$2319.25;;0.033
[2026-08-13 17:07:53,004] [SUBPROCESS]    R5429;VDD.$2317.25;VDD.$2455.25;;0.013
[2026-08-13 17:07:53,004] [SUBPROCESS]    R5430;VDD.$2318.18;VDD.$2319.25;;9.3
[2026-08-13 17:07:53,005] [SUBPROCESS]    R5431;VDD.$2318.18;VDD.$2332.18;;18.432
[2026-08-13 17:07:53,005] [SUBPROCESS]    R5432;VDD.$2318.18;VDD.$2454.18;;18.432
[2026-08-13 17:07:53,006] [SUBPROCESS]    R5433;VDD.$2319.25;VDD.$2331.25;;0.013
[2026-08-13 17:07:53,006] [SUBPROCESS]    R5434;VDD.$232.15;VDD.$233.18;;585.0
[2026-08-13 17:07:53,007] [SUBPROCESS]    R5435;VDD.$232.15;VDD.$266.15;;0.0
[2026-08-13 17:07:53,007] [SUBPROCESS]    R5436;VDD.$2320.18;VDD.$2321.25;;9.3
[2026-08-13 17:07:53,008] [SUBPROCESS]    R5437;VDD.$2320.18;VDD.$395.18;;27.106
[2026-08-13 17:07:53,008] [SUBPROCESS]    R5438;VDD.$2320.18;VDD.$417.18;;0.0
[2026-08-13 17:07:53,009] [SUBPROCESS]    R5439;VDD.$2321.25;VDD.$2443.25;;0.276
[2026-08-13 17:07:53,009] [SUBPROCESS]    R5440;VDD.$2321.25;VDD.$2459.25;;0.072
[2026-08-13 17:07:53,010] [SUBPROCESS]    R5441;VDD.$2322.18;VDD.$2323.25;;9.3
[2026-08-13 17:07:53,011] [SUBPROCESS]    R5442;VDD.$2322.18;VDD.$367.18;;27.106
[2026-08-13 17:07:53,011] [SUBPROCESS]    R5443;VDD.$2322.18;VDD.$389.18;;0.0
[2026-08-13 17:07:53,012] [SUBPROCESS]    R5444;VDD.$2323.25;VDD.$2359.25;;0.072
[2026-08-13 17:07:53,012] [SUBPROCESS]    R5445;VDD.$2323.25;VDD.$2443.25;;0.072
[2026-08-13 17:07:53,013] [SUBPROCESS]    R5446;VDD.$2324.18;VDD.$2325.25;;9.3
[2026-08-13 17:07:53,014] [SUBPROCESS]    R5447;VDD.$2324.18;VDD.$369.18;;27.106
[2026-08-13 17:07:53,014] [SUBPROCESS]    R5448;VDD.$2324.18;VDD.$391.18;;0.0
[2026-08-13 17:07:53,015] [SUBPROCESS]    R5449;VDD.$2325.25;VDD.$2371.25;;0.072
[2026-08-13 17:07:53,015] [SUBPROCESS]    R5450;VDD.$2325.25;VDD.$2445.25;;0.072
[2026-08-13 17:07:53,016] [SUBPROCESS]    R5451;VDD.$2326.18;VDD.$2327.25;;9.3
[2026-08-13 17:07:53,016] [SUBPROCESS]    R5452;VDD.$2326.18;VDD.$361.18;;27.106
[2026-08-13 17:07:53,017] [SUBPROCESS]    R5453;VDD.$2326.18;VDD.$371.18;;0.0
[2026-08-13 17:07:53,017] [SUBPROCESS]    R5454;VDD.$2327.25;VDD.$2341.25;;0.072
[2026-08-13 17:07:53,018] [SUBPROCESS]    R5455;VDD.$2328.18;VDD.$2329.25;;9.3
[2026-08-13 17:07:53,018] [SUBPROCESS]    R5456;VDD.$2328.18;VDD.$363.18;;27.106
[2026-08-13 17:07:53,019] [SUBPROCESS]    R5457;VDD.$2328.18;VDD.$373.18;;0.0
[2026-08-13 17:07:53,019] [SUBPROCESS]    R5458;VDD.$2329.25;VDD.$4641.25;;0.011
[2026-08-13 17:07:53,020] [SUBPROCESS]    R5459;VDD.$2330.18;VDD.$2331.25;;9.3
[2026-08-13 17:07:53,020] [SUBPROCESS]    R5460;VDD.$2330.18;VDD.$365.18;;27.106
[2026-08-13 17:07:53,021] [SUBPROCESS]    R5461;VDD.$2330.18;VDD.$375.18;;0.0
[2026-08-13 17:07:53,021] [SUBPROCESS]    R5462;VDD.$2331.25;VDD.$2333.25;;0.033
[2026-08-13 17:07:53,022] [SUBPROCESS]    R5463;VDD.$2332.18;VDD.$2333.25;;9.3
[2026-08-13 17:07:53,022] [SUBPROCESS]    R5464;VDD.$2332.18;VDD.$2346.18;;18.432
[2026-08-13 17:07:53,023] [SUBPROCESS]    R5465;VDD.$2333.25;VDD.$2345.25;;0.013
[2026-08-13 17:07:53,023] [SUBPROCESS]    R5466;VDD.$2334.18;VDD.$2335.25;;9.3
[2026-08-13 17:07:53,024] [SUBPROCESS]    R5467;VDD.$2334.18;VDD.$377.18;;27.106
[2026-08-13 17:07:53,024] [SUBPROCESS]    R5468;VDD.$2334.18;VDD.$393.18;;0.0
[2026-08-13 17:07:53,024] [SUBPROCESS]    R5469;VDD.$2335.25;VDD.$2337.25;;0.033
[2026-08-13 17:07:53,025] [SUBPROCESS]    R5470;VDD.$2335.25;VDD.$2457.25;;0.013
[2026-08-13 17:07:53,025] [SUBPROCESS]    R5471;VDD.$2336.18;VDD.$2337.25;;9.3
[2026-08-13 17:07:53,026] [SUBPROCESS]    R5472;VDD.$2336.18;VDD.$2374.18;;18.432
[2026-08-13 17:07:53,026] [SUBPROCESS]    R5473;VDD.$2336.18;VDD.$2456.18;;18.432
[2026-08-13 17:07:53,027] [SUBPROCESS]    R5474;VDD.$2337.25;VDD.$2373.25;;0.013
[2026-08-13 17:07:53,027] [SUBPROCESS]    R5475;VDD.$2338.18;VDD.$2339.25;;9.3
[2026-08-13 17:07:53,027] [SUBPROCESS]    R5476;VDD.$2338.18;VDD.$347.18;;0.0
[2026-08-13 17:07:53,028] [SUBPROCESS]    R5477;VDD.$2338.18;VDD.$397.18;;27.106
[2026-08-13 17:07:53,028] [SUBPROCESS]    R5478;VDD.$2339.25;VDD.$2445.25;;0.276
[2026-08-13 17:07:53,029] [SUBPROCESS]    R5479;VDD.$234.15;VDD.$235.18;;585.0
[2026-08-13 17:07:53,029] [SUBPROCESS]    R5480;VDD.$234.15;VDD.$268.15;;0.0
[2026-08-13 17:07:53,030] [SUBPROCESS]    R5481;VDD.$2340.18;VDD.$2341.25;;9.3
[2026-08-13 17:07:53,030] [SUBPROCESS]    R5482;VDD.$2340.18;VDD.$371.18;;27.106
[2026-08-13 17:07:53,030] [SUBPROCESS]    R5483;VDD.$2340.18;VDD.$381.18;;0.0
[2026-08-13 17:07:53,031] [SUBPROCESS]    R5484;VDD.$2341.25;VDD.$2361.25;;0.276
[2026-08-13 17:07:53,031] [SUBPROCESS]    R5485;VDD.$2342.18;VDD.$2343.25;;9.3
[2026-08-13 17:07:53,032] [SUBPROCESS]    R5486;VDD.$2342.18;VDD.$373.18;;27.106
[2026-08-13 17:07:53,032] [SUBPROCESS]    R5487;VDD.$2342.18;VDD.$383.18;;0.0
[2026-08-13 17:07:53,033] [SUBPROCESS]    R5488;VDD.$2343.25;VDD.$2365.25;;0.302
[2026-08-13 17:07:53,033] [SUBPROCESS]    R5489;VDD.$2343.25;VDD.$4641.25;;0.115
[2026-08-13 17:07:53,033] [SUBPROCESS]    R5490;VDD.$2344.18;VDD.$2345.25;;9.3
[2026-08-13 17:07:53,034] [SUBPROCESS]    R5491;VDD.$2344.18;VDD.$375.18;;27.106
[2026-08-13 17:07:53,034] [SUBPROCESS]    R5492;VDD.$2344.18;VDD.$385.18;;0.0
[2026-08-13 17:07:53,035] [SUBPROCESS]    R5493;VDD.$2345.25;VDD.$2347.25;;0.033
[2026-08-13 17:07:53,035] [SUBPROCESS]    R5494;VDD.$2346.18;VDD.$2347.25;;9.3
[2026-08-13 17:07:53,036] [SUBPROCESS]    R5495;VDD.$2346.18;VDD.$2348.18;;18.432
[2026-08-13 17:07:53,037] [SUBPROCESS]    R5496;VDD.$2347.25;VDD.$2349.25;;0.045
[2026-08-13 17:07:53,037] [SUBPROCESS]    R5497;VDD.$2348.18;VDD.$2349.25;;9.3
[2026-08-13 17:07:53,038] [SUBPROCESS]    R5498;VDD.$2348.18;VDD.$2350.18;;18.432
[2026-08-13 17:07:53,038] [SUBPROCESS]    R5499;VDD.$2349.25;VDD.$2351.25;;0.045
[2026-08-13 17:07:53,039] [SUBPROCESS]    R5500;VDD.$2350.18;VDD.$2351.25;;9.3
[2026-08-13 17:07:53,039] [SUBPROCESS]    R5501;VDD.$2350.18;VDD.$2352.18;;18.432
[2026-08-13 17:07:53,040] [SUBPROCESS]    R5502;VDD.$2351.25;VDD.$2353.25;;0.045
[2026-08-13 17:07:53,040] [SUBPROCESS]    R5503;VDD.$2352.18;VDD.$2353.25;;9.3
[2026-08-13 17:07:53,041] [SUBPROCESS]    R5504;VDD.$2352.18;VDD.$2368.18;;18.432
[2026-08-13 17:07:53,041] [SUBPROCESS]    R5505;VDD.$2353.25;VDD.$2367.25;;0.005
[2026-08-13 17:07:53,041] [SUBPROCESS]    R5506;VDD.$2354.18;VDD.$2355.25;;9.3
[2026-08-13 17:07:53,042] [SUBPROCESS]    R5507;VDD.$2354.18;VDD.$349.18;;0.0
[2026-08-13 17:07:53,042] [SUBPROCESS]    R5508;VDD.$2354.18;VDD.$405.18;;27.106
[2026-08-13 17:07:53,043] [SUBPROCESS]    R5509;VDD.$2355.25;VDD.$2357.25;;0.025
[2026-08-13 17:07:53,043] [SUBPROCESS]    R5510;VDD.$2355.25;VDD.$2423.25;;0.02
[2026-08-13 17:07:53,044] [SUBPROCESS]    R5511;VDD.$2356.18;VDD.$2357.25;;9.3
[2026-08-13 17:07:53,044] [SUBPROCESS]    R5512;VDD.$2356.18;VDD.$2386.18;;18.432
[2026-08-13 17:07:53,044] [SUBPROCESS]    R5513;VDD.$2356.18;VDD.$2422.18;;18.432
[2026-08-13 17:07:53,045] [SUBPROCESS]    R5514;VDD.$2357.25;VDD.$2387.25;;0.045
[2026-08-13 17:07:53,045] [SUBPROCESS]    R5515;VDD.$2358.18;VDD.$2359.25;;9.3
[2026-08-13 17:07:53,046] [SUBPROCESS]    R5516;VDD.$2358.18;VDD.$389.18;;27.106
[2026-08-13 17:07:53,046] [SUBPROCESS]    R5517;VDD.$2358.18;VDD.$399.18;;0.0
[2026-08-13 17:07:53,047] [SUBPROCESS]    R5518;VDD.$2359.25;VDD.$2403.25;;0.072
[2026-08-13 17:07:53,047] [SUBPROCESS]    R5519;VDD.$236.15;VDD.$237.18;;585.0
[2026-08-13 17:07:53,048] [SUBPROCESS]    R5520;VDD.$236.15;VDD.$272.15;;0.0
[2026-08-13 17:07:53,048] [SUBPROCESS]    R5521;VDD.$2360.18;VDD.$2361.25;;9.3
[2026-08-13 17:07:53,049] [SUBPROCESS]    R5522;VDD.$2360.18;VDD.$27.18;;0.0
[2026-08-13 17:07:53,049] [SUBPROCESS]    R5523;VDD.$2361.25;VDD.$2377.25;;0.072
[2026-08-13 17:07:53,050] [SUBPROCESS]    R5524;VDD.$2362.18;VDD.$2363.25;;9.3
[2026-08-13 17:07:53,051] [SUBPROCESS]    R5525;VDD.$2362.18;VDD.$29.18;;0.0
[2026-08-13 17:07:53,051] [SUBPROCESS]    R5526;VDD.$2363.25;VDD.$2379.25;;0.079
[2026-08-13 17:07:53,052] [SUBPROCESS]    R5527;VDD.$2364.18;VDD.$2365.25;;9.3
[2026-08-13 17:07:53,052] [SUBPROCESS]    R5528;VDD.$2364.18;VDD.$31.18;;0.0
[2026-08-13 17:07:53,053] [SUBPROCESS]    R5529;VDD.$2365.25;VDD.$2381.25;;0.066
[2026-08-13 17:07:53,054] [SUBPROCESS]    R5530;VDD.$2366.18;VDD.$2367.25;;9.3
[2026-08-13 17:07:53,055] [SUBPROCESS]    R5531;VDD.$2366.18;VDD.$33.18;;0.0
[2026-08-13 17:07:53,055] [SUBPROCESS]    R5532;VDD.$2367.25;VDD.$2369.25;;0.04
[2026-08-13 17:07:53,056] [SUBPROCESS]    R5533;VDD.$2368.18;VDD.$2369.25;;9.3
[2026-08-13 17:07:53,057] [SUBPROCESS]    R5534;VDD.$2368.18;VDD.$2384.18;;18.432
[2026-08-13 17:07:53,057] [SUBPROCESS]    R5535;VDD.$2369.25;VDD.$2383.25;;0.005
[2026-08-13 17:07:53,058] [SUBPROCESS]    R5536;VDD.$2370.18;VDD.$2371.25;;9.3
[2026-08-13 17:07:53,058] [SUBPROCESS]    R5537;VDD.$2370.18;VDD.$391.18;;27.106
[2026-08-13 17:07:53,059] [SUBPROCESS]    R5538;VDD.$2370.18;VDD.$401.18;;0.0
[2026-08-13 17:07:53,059] [SUBPROCESS]    R5539;VDD.$2371.25;VDD.$2405.25;;0.072
[2026-08-13 17:07:53,059] [SUBPROCESS]    R5540;VDD.$2372.18;VDD.$2373.25;;9.3
[2026-08-13 17:07:53,060] [SUBPROCESS]    R5541;VDD.$2372.18;VDD.$393.18;;27.106
[2026-08-13 17:07:53,060] [SUBPROCESS]    R5542;VDD.$2372.18;VDD.$403.18;;0.0
[2026-08-13 17:07:53,061] [SUBPROCESS]    R5543;VDD.$2373.25;VDD.$2375.25;;0.033
[2026-08-13 17:07:53,061] [SUBPROCESS]    R5544;VDD.$2374.18;VDD.$2375.25;;9.3
[2026-08-13 17:07:53,062] [SUBPROCESS]    R5545;VDD.$2374.18;VDD.$2418.18;;18.432
[2026-08-13 17:07:53,062] [SUBPROCESS]    R5546;VDD.$2375.25;VDD.$2407.25;;0.013
[2026-08-13 17:07:53,063] [SUBPROCESS]    R5547;VDD.$2376.18;VDD.$2377.25;;9.3
[2026-08-13 17:07:53,063] [SUBPROCESS]    R5548;VDD.$2376.18;VDD.$27.18;;27.106
[2026-08-13 17:07:53,064] [SUBPROCESS]    R5549;VDD.$2376.18;VDD.$35.18;;0.0
[2026-08-13 17:07:53,064] [SUBPROCESS]    R5550;VDD.$2377.25;VDD.$2393.25;;0.072
[2026-08-13 17:07:53,065] [SUBPROCESS]    R5551;VDD.$2378.18;VDD.$2379.25;;9.3
[2026-08-13 17:07:53,065] [SUBPROCESS]    R5552;VDD.$2378.18;VDD.$29.18;;27.106
[2026-08-13 17:07:53,066] [SUBPROCESS]    R5553;VDD.$2378.18;VDD.$37.18;;0.0
[2026-08-13 17:07:53,066] [SUBPROCESS]    R5554;VDD.$2379.25;VDD.$2395.25;;0.082
[2026-08-13 17:07:53,066] [SUBPROCESS]    R5555;VDD.$238.15;VDD.$239.18;;585.0
[2026-08-13 17:07:53,067] [SUBPROCESS]    R5556;VDD.$238.15;VDD.$256.15;;0.0
[2026-08-13 17:07:53,067] [SUBPROCESS]    R5557;VDD.$2380.18;VDD.$2381.25;;9.3
[2026-08-13 17:07:53,068] [SUBPROCESS]    R5558;VDD.$2380.18;VDD.$31.18;;27.106
[2026-08-13 17:07:53,068] [SUBPROCESS]    R5559;VDD.$2380.18;VDD.$39.18;;0.0
[2026-08-13 17:07:53,069] [SUBPROCESS]    R5560;VDD.$2381.25;VDD.$2397.25;;0.064
[2026-08-13 17:07:53,070] [SUBPROCESS]    R5561;VDD.$2382.18;VDD.$2383.25;;9.3
[2026-08-13 17:07:53,070] [SUBPROCESS]    R5562;VDD.$2382.18;VDD.$33.18;;27.106
[2026-08-13 17:07:53,071] [SUBPROCESS]    R5563;VDD.$2382.18;VDD.$41.18;;0.0
[2026-08-13 17:07:53,071] [SUBPROCESS]    R5564;VDD.$2383.25;VDD.$2385.25;;0.04
[2026-08-13 17:07:53,072] [SUBPROCESS]    R5565;VDD.$2384.18;VDD.$2385.25;;9.3
[2026-08-13 17:07:53,072] [SUBPROCESS]    R5566;VDD.$2384.18;VDD.$2400.18;;18.432
[2026-08-13 17:07:53,073] [SUBPROCESS]    R5567;VDD.$2385.25;VDD.$2399.25;;0.005
[2026-08-13 17:07:53,073] [SUBPROCESS]    R5568;VDD.$2386.18;VDD.$2387.25;;9.3
[2026-08-13 17:07:53,074] [SUBPROCESS]    R5569;VDD.$2386.18;VDD.$2388.18;;18.432
[2026-08-13 17:07:53,074] [SUBPROCESS]    R5570;VDD.$2387.25;VDD.$2389.25;;0.045
[2026-08-13 17:07:53,074] [SUBPROCESS]    R5571;VDD.$2388.18;VDD.$2389.25;;9.3
[2026-08-13 17:07:53,075] [SUBPROCESS]    R5572;VDD.$2388.18;VDD.$2390.18;;18.432
[2026-08-13 17:07:53,075] [SUBPROCESS]    R5573;VDD.$2389.25;VDD.$2391.25;;0.045
[2026-08-13 17:07:53,076] [SUBPROCESS]    R5574;VDD.$2390.18;VDD.$2391.25;;9.3
[2026-08-13 17:07:53,076] [SUBPROCESS]    R5575;VDD.$2390.18;VDD.$2456.18;;18.432
[2026-08-13 17:07:53,077] [SUBPROCESS]    R5576;VDD.$2391.25;VDD.$2447.25;;0.013
[2026-08-13 17:07:53,077] [SUBPROCESS]    R5577;VDD.$2392.18;VDD.$2393.25;;9.3
[2026-08-13 17:07:53,078] [SUBPROCESS]    R5578;VDD.$2392.18;VDD.$35.18;;27.106
[2026-08-13 17:07:53,078] [SUBPROCESS]    R5579;VDD.$2392.18;VDD.$43.18;;0.0
[2026-08-13 17:07:53,079] [SUBPROCESS]    R5580;VDD.$2393.25;VDD.$2409.25;;0.072
[2026-08-13 17:07:53,079] [SUBPROCESS]    R5581;VDD.$2394.18;VDD.$2395.25;;9.3
[2026-08-13 17:07:53,079] [SUBPROCESS]    R5582;VDD.$2394.18;VDD.$37.18;;27.106
[2026-08-13 17:07:53,080] [SUBPROCESS]    R5583;VDD.$2394.18;VDD.$45.18;;0.0
[2026-08-13 17:07:53,080] [SUBPROCESS]    R5584;VDD.$2395.25;VDD.$2411.25;;0.085
[2026-08-13 17:07:53,081] [SUBPROCESS]    R5585;VDD.$2396.18;VDD.$2397.25;;9.3
[2026-08-13 17:07:53,081] [SUBPROCESS]    R5586;VDD.$2396.18;VDD.$39.18;;27.106
[2026-08-13 17:07:53,082] [SUBPROCESS]    R5587;VDD.$2396.18;VDD.$47.18;;0.0
[2026-08-13 17:07:53,082] [SUBPROCESS]    R5588;VDD.$2397.25;VDD.$2413.25;;0.062
[2026-08-13 17:07:53,083] [SUBPROCESS]    R5589;VDD.$2398.18;VDD.$2399.25;;9.3
[2026-08-13 17:07:53,083] [SUBPROCESS]    R5590;VDD.$2398.18;VDD.$41.18;;27.106
[2026-08-13 17:07:53,084] [SUBPROCESS]    R5591;VDD.$2398.18;VDD.$49.18;;0.0
[2026-08-13 17:07:53,084] [SUBPROCESS]    R5592;VDD.$2399.25;VDD.$2401.25;;0.04
[2026-08-13 17:07:53,085] [SUBPROCESS]    R5593;VDD.$24.15;VDD.$25.18;;585.0
[2026-08-13 17:07:53,085] [SUBPROCESS]    R5594;VDD.$240.15;VDD.$241.18;;585.0
[2026-08-13 17:07:53,086] [SUBPROCESS]    R5595;VDD.$240.15;VDD.$258.15;;0.0
[2026-08-13 17:07:53,087] [SUBPROCESS]    R5596;VDD.$2400.18;VDD.$2401.25;;9.3
[2026-08-13 17:07:53,087] [SUBPROCESS]    R5597;VDD.$2400.18;VDD.$2416.18;;18.432
[2026-08-13 17:07:53,088] [SUBPROCESS]    R5598;VDD.$2401.25;VDD.$2415.25;;0.005
[2026-08-13 17:07:53,089] [SUBPROCESS]    R5599;VDD.$2402.18;VDD.$2403.25;;9.3
[2026-08-13 17:07:53,089] [SUBPROCESS]    R5600;VDD.$2402.18;VDD.$399.18;;27.106
[2026-08-13 17:07:53,090] [SUBPROCESS]    R5601;VDD.$2402.18;VDD.$409.18;;0.0
[2026-08-13 17:07:53,090] [SUBPROCESS]    R5602;VDD.$2403.25;VDD.$2435.25;;0.072
[2026-08-13 17:07:53,091] [SUBPROCESS]    R5603;VDD.$2404.18;VDD.$2405.25;;9.3
[2026-08-13 17:07:53,091] [SUBPROCESS]    R5604;VDD.$2404.18;VDD.$401.18;;27.106
[2026-08-13 17:07:53,092] [SUBPROCESS]    R5605;VDD.$2404.18;VDD.$411.18;;0.0
[2026-08-13 17:07:53,092] [SUBPROCESS]    R5606;VDD.$2405.25;VDD.$2437.25;;0.072
[2026-08-13 17:07:53,093] [SUBPROCESS]    R5607;VDD.$2406.18;VDD.$2407.25;;9.3
[2026-08-13 17:07:53,093] [SUBPROCESS]    R5608;VDD.$2406.18;VDD.$403.18;;27.106
[2026-08-13 17:07:53,093] [SUBPROCESS]    R5609;VDD.$2406.18;VDD.$413.18;;0.0
[2026-08-13 17:07:53,094] [SUBPROCESS]    R5610;VDD.$2407.25;VDD.$2419.25;;0.033
[2026-08-13 17:07:53,094] [SUBPROCESS]    R5611;VDD.$2408.18;VDD.$2409.25;;9.3
[2026-08-13 17:07:53,095] [SUBPROCESS]    R5612;VDD.$2408.18;VDD.$43.18;;27.106
[2026-08-13 17:07:53,095] [SUBPROCESS]    R5613;VDD.$2408.18;VDD.$51.18;;0.0
[2026-08-13 17:07:53,096] [SUBPROCESS]    R5614;VDD.$2409.25;VDD.$2425.25;;0.072
[2026-08-13 17:07:53,096] [SUBPROCESS]    R5615;VDD.$2410.18;VDD.$2411.25;;9.3
[2026-08-13 17:07:53,096] [SUBPROCESS]    R5616;VDD.$2410.18;VDD.$45.18;;27.106
[2026-08-13 17:07:53,097] [SUBPROCESS]    R5617;VDD.$2410.18;VDD.$53.18;;0.0
[2026-08-13 17:07:53,097] [SUBPROCESS]    R5618;VDD.$2411.25;VDD.$2427.25;;0.089
[2026-08-13 17:07:53,098] [SUBPROCESS]    R5619;VDD.$2412.18;VDD.$2413.25;;9.3
[2026-08-13 17:07:53,098] [SUBPROCESS]    R5620;VDD.$2412.18;VDD.$47.18;;27.106
[2026-08-13 17:07:53,098] [SUBPROCESS]    R5621;VDD.$2412.18;VDD.$55.18;;0.0
[2026-08-13 17:07:53,099] [SUBPROCESS]    R5622;VDD.$2413.25;VDD.$2429.25;;0.06
[2026-08-13 17:07:53,099] [SUBPROCESS]    R5623;VDD.$2414.18;VDD.$2415.25;;9.3
[2026-08-13 17:07:53,100] [SUBPROCESS]    R5624;VDD.$2414.18;VDD.$49.18;;27.106
[2026-08-13 17:07:53,100] [SUBPROCESS]    R5625;VDD.$2414.18;VDD.$57.18;;0.0
[2026-08-13 17:07:53,101] [SUBPROCESS]    R5626;VDD.$2415.25;VDD.$2417.25;;0.04
[2026-08-13 17:07:53,101] [SUBPROCESS]    R5627;VDD.$2416.18;VDD.$2417.25;;9.3
[2026-08-13 17:07:53,101] [SUBPROCESS]    R5628;VDD.$2417.25;VDD.$2431.25;;0.005
[2026-08-13 17:07:53,102] [SUBPROCESS]    R5629;VDD.$2418.18;VDD.$2419.25;;9.3
[2026-08-13 17:07:53,103] [SUBPROCESS]    R5630;VDD.$2418.18;VDD.$2440.18;;18.432
[2026-08-13 17:07:53,104] [SUBPROCESS]    R5631;VDD.$2419.25;VDD.$2439.25;;0.013
[2026-08-13 17:07:53,104] [SUBPROCESS]    R5632;VDD.$242.15;VDD.$243.18;;585.0
[2026-08-13 17:07:53,105] [SUBPROCESS]    R5633;VDD.$242.15;VDD.$260.15;;0.0
[2026-08-13 17:07:53,105] [SUBPROCESS]    R5634;VDD.$2420.18;VDD.$2421.25;;9.3
[2026-08-13 17:07:53,106] [SUBPROCESS]    R5635;VDD.$2420.18;VDD.$359.18;;27.106
[2026-08-13 17:07:53,106] [SUBPROCESS]    R5636;VDD.$2420.18;VDD.$405.18;;0.0
[2026-08-13 17:07:53,107] [SUBPROCESS]    R5637;VDD.$2421.25;VDD.$2423.25;;0.025
[2026-08-13 17:07:53,107] [SUBPROCESS]    R5638;VDD.$2421.25;VDD.$2433.25;;0.02
[2026-08-13 17:07:53,108] [SUBPROCESS]    R5639;VDD.$2422.18;VDD.$2423.25;;9.3
[2026-08-13 17:07:53,108] [SUBPROCESS]    R5640;VDD.$2422.18;VDD.$2432.18;;18.432
[2026-08-13 17:07:53,108] [SUBPROCESS]    R5641;VDD.$2424.18;VDD.$2425.25;;9.3
[2026-08-13 17:07:53,109] [SUBPROCESS]    R5642;VDD.$2424.18;VDD.$51.18;;27.106
[2026-08-13 17:07:53,109] [SUBPROCESS]    R5643;VDD.$2424.18;VDD.$59.18;;0.0
[2026-08-13 17:07:53,110] [SUBPROCESS]    R5644;VDD.$2426.18;VDD.$2427.25;;9.3
[2026-08-13 17:07:53,110] [SUBPROCESS]    R5645;VDD.$2426.18;VDD.$53.18;;27.106
[2026-08-13 17:07:53,110] [SUBPROCESS]    R5646;VDD.$2426.18;VDD.$61.18;;0.0
[2026-08-13 17:07:53,111] [SUBPROCESS]    R5647;VDD.$2428.18;VDD.$2429.25;;9.3
[2026-08-13 17:07:53,111] [SUBPROCESS]    R5648;VDD.$2428.18;VDD.$55.18;;27.106
[2026-08-13 17:07:53,112] [SUBPROCESS]    R5649;VDD.$2428.18;VDD.$63.18;;0.0
[2026-08-13 17:07:53,112] [SUBPROCESS]    R5650;VDD.$2430.18;VDD.$2431.25;;9.3
[2026-08-13 17:07:53,113] [SUBPROCESS]    R5651;VDD.$2430.18;VDD.$57.18;;27.106
[2026-08-13 17:07:53,113] [SUBPROCESS]    R5652;VDD.$2430.18;VDD.$65.18;;0.0
[2026-08-13 17:07:53,113] [SUBPROCESS]    R5653;VDD.$2432.18;VDD.$2433.25;;9.3
[2026-08-13 17:07:53,114] [SUBPROCESS]    R5654;VDD.$2432.18;VDD.$3870.18;;18.432
[2026-08-13 17:07:53,114] [SUBPROCESS]    R5655;VDD.$2434.18;VDD.$2435.25;;9.3
[2026-08-13 17:07:53,115] [SUBPROCESS]    R5656;VDD.$2434.18;VDD.$409.18;;27.106
[2026-08-13 17:07:53,115] [SUBPROCESS]    R5657;VDD.$2434.18;VDD.$419.18;;0.0
[2026-08-13 17:07:53,115] [SUBPROCESS]    R5658;VDD.$2435.25;VDD.$2449.25;;0.072
[2026-08-13 17:07:53,116] [SUBPROCESS]    R5659;VDD.$2436.18;VDD.$2437.25;;9.3
[2026-08-13 17:07:53,116] [SUBPROCESS]    R5660;VDD.$2436.18;VDD.$411.18;;27.106
[2026-08-13 17:07:53,117] [SUBPROCESS]    R5661;VDD.$2436.18;VDD.$421.18;;0.0
[2026-08-13 17:07:53,117] [SUBPROCESS]    R5662;VDD.$2437.25;VDD.$2451.25;;0.076
[2026-08-13 17:07:53,118] [SUBPROCESS]    R5663;VDD.$2438.18;VDD.$2439.25;;9.3
[2026-08-13 17:07:53,118] [SUBPROCESS]    R5664;VDD.$2438.18;VDD.$345.18;;0.0
[2026-08-13 17:07:53,118] [SUBPROCESS]    R5665;VDD.$2438.18;VDD.$413.18;;27.106
[2026-08-13 17:07:53,119] [SUBPROCESS]    R5666;VDD.$2439.25;VDD.$2441.25;;0.033
[2026-08-13 17:07:53,120] [SUBPROCESS]    R5667;VDD.$244.15;VDD.$245.18;;585.0
[2026-08-13 17:07:53,120] [SUBPROCESS]    R5668;VDD.$244.15;VDD.$262.15;;0.0
[2026-08-13 17:07:53,121] [SUBPROCESS]    R5669;VDD.$2440.18;VDD.$2441.25;;9.3
[2026-08-13 17:07:53,122] [SUBPROCESS]    R5670;VDD.$2440.18;VDD.$2454.18;;18.432
[2026-08-13 17:07:53,122] [SUBPROCESS]    R5671;VDD.$2441.25;VDD.$2453.25;;0.013
[2026-08-13 17:07:53,123] [SUBPROCESS]    R5672;VDD.$2442.18;VDD.$2443.25;;9.3
[2026-08-13 17:07:53,123] [SUBPROCESS]    R5673;VDD.$2442.18;VDD.$367.18;;0.0
[2026-08-13 17:07:53,123] [SUBPROCESS]    R5674;VDD.$2444.18;VDD.$2445.25;;9.3
[2026-08-13 17:07:53,124] [SUBPROCESS]    R5675;VDD.$2444.18;VDD.$369.18;;0.0
[2026-08-13 17:07:53,124] [SUBPROCESS]    R5676;VDD.$2446.18;VDD.$2447.25;;9.3
[2026-08-13 17:07:53,125] [SUBPROCESS]    R5677;VDD.$2446.18;VDD.$377.18;;0.0
[2026-08-13 17:07:53,125] [SUBPROCESS]    R5678;VDD.$2447.25;VDD.$2457.25;;0.033
[2026-08-13 17:07:53,126] [SUBPROCESS]    R5679;VDD.$2448.18;VDD.$2449.25;;9.3
[2026-08-13 17:07:53,126] [SUBPROCESS]    R5680;VDD.$2448.18;VDD.$351.18;;0.0
[2026-08-13 17:07:53,127] [SUBPROCESS]    R5681;VDD.$2448.18;VDD.$419.18;;27.106
[2026-08-13 17:07:53,127] [SUBPROCESS]    R5682;VDD.$2450.18;VDD.$2451.25;;9.3
[2026-08-13 17:07:53,128] [SUBPROCESS]    R5683;VDD.$2450.18;VDD.$353.18;;0.0
[2026-08-13 17:07:53,128] [SUBPROCESS]    R5684;VDD.$2450.18;VDD.$421.18;;27.106
[2026-08-13 17:07:53,129] [SUBPROCESS]    R5685;VDD.$2451.25;VDD.$4641.25;;0.225
[2026-08-13 17:07:53,129] [SUBPROCESS]    R5686;VDD.$2452.18;VDD.$2453.25;;9.3
[2026-08-13 17:07:53,130] [SUBPROCESS]    R5687;VDD.$2452.18;VDD.$345.18;;27.106
[2026-08-13 17:07:53,130] [SUBPROCESS]    R5688;VDD.$2452.18;VDD.$355.18;;0.0
[2026-08-13 17:07:53,130] [SUBPROCESS]    R5689;VDD.$2453.25;VDD.$2455.25;;0.033
[2026-08-13 17:07:53,131] [SUBPROCESS]    R5690;VDD.$2454.18;VDD.$2455.25;;9.3
[2026-08-13 17:07:53,131] [SUBPROCESS]    R5691;VDD.$2456.18;VDD.$2457.25;;9.3
[2026-08-13 17:07:53,132] [SUBPROCESS]    R5692;VDD.$2458.18;VDD.$2459.25;;9.3
[2026-08-13 17:07:53,132] [SUBPROCESS]    R5693;VDD.$2458.18;VDD.$395.18;;0.0
[2026-08-13 17:07:53,133] [SUBPROCESS]    R5694;VDD.$2458.18;VDD.$415.18;;27.106
[2026-08-13 17:07:53,134] [SUBPROCESS]    R5695;VDD.$246.15;VDD.$247.18;;585.0
[2026-08-13 17:07:53,134] [SUBPROCESS]    R5696;VDD.$246.15;VDD.$282.15;;0.0
[2026-08-13 17:07:53,135] [SUBPROCESS]    R5697;VDD.$246.15;VDD.$286.15;;0.0
[2026-08-13 17:07:53,136] [SUBPROCESS]    R5698;VDD.$2460.18;VDD.$2461.25;;9.3
[2026-08-13 17:07:53,137] [SUBPROCESS]    R5699;VDD.$2460.18;VDD.$2746.18;;18.432
[2026-08-13 17:07:53,137] [SUBPROCESS]    R5700;VDD.$2460.18;VDD.$2968.18;;18.432
[2026-08-13 17:07:53,138] [SUBPROCESS]    R5701;VDD.$2461.25;VDD.$2747.25;;0.18
[2026-08-13 17:07:53,138] [SUBPROCESS]    R5702;VDD.$2461.25;VDD.$2969.25;;0.18
[2026-08-13 17:07:53,139] [SUBPROCESS]    R5703;VDD.$2462.18;VDD.$2463.25;;9.3
[2026-08-13 17:07:53,139] [SUBPROCESS]    R5704;VDD.$2462.18;VDD.$2748.18;;18.432
[2026-08-13 17:07:53,140] [SUBPROCESS]    R5705;VDD.$2462.18;VDD.$2970.18;;18.432
[2026-08-13 17:07:53,140] [SUBPROCESS]    R5706;VDD.$2463.25;VDD.$2749.25;;0.18
[2026-08-13 17:07:53,141] [SUBPROCESS]    R5707;VDD.$2463.25;VDD.$2971.25;;0.18
[2026-08-13 17:07:53,141] [SUBPROCESS]    R5708;VDD.$2464.18;VDD.$2465.25;;9.3
[2026-08-13 17:07:53,141] [SUBPROCESS]    R5709;VDD.$2464.18;VDD.$443.18;;27.106
[2026-08-13 17:07:53,142] [SUBPROCESS]    R5710;VDD.$2464.18;VDD.$451.18;;0.0
[2026-08-13 17:07:53,142] [SUBPROCESS]    R5711;VDD.$2465.25;VDD.$2473.25;;0.06
[2026-08-13 17:07:53,143] [SUBPROCESS]    R5712;VDD.$2465.25;VDD.$2649.25;;0.063
[2026-08-13 17:07:53,143] [SUBPROCESS]    R5713;VDD.$2466.18;VDD.$2467.25;;9.3
[2026-08-13 17:07:53,143] [SUBPROCESS]    R5714;VDD.$2466.18;VDD.$445.18;;27.106
[2026-08-13 17:07:53,144] [SUBPROCESS]    R5715;VDD.$2466.18;VDD.$453.18;;0.0
[2026-08-13 17:07:53,144] [SUBPROCESS]    R5716;VDD.$2467.25;VDD.$2475.25;;0.091
[2026-08-13 17:07:53,145] [SUBPROCESS]    R5717;VDD.$2467.25;VDD.$2651.25;;0.085
[2026-08-13 17:07:53,145] [SUBPROCESS]    R5718;VDD.$2468.18;VDD.$2469.25;;9.3
[2026-08-13 17:07:53,145] [SUBPROCESS]    R5719;VDD.$2468.18;VDD.$617.18;;27.106
[2026-08-13 17:07:53,146] [SUBPROCESS]    R5720;VDD.$2468.18;VDD.$665.18;;0.0
[2026-08-13 17:07:53,146] [SUBPROCESS]    R5721;VDD.$2469.25;VDD.$2471.25;;0.0
[2026-08-13 17:07:53,147] [SUBPROCESS]    R5722;VDD.$2469.25;VDD.$2479.25;;0.036
[2026-08-13 17:07:53,147] [SUBPROCESS]    R5723;VDD.$2470.18;VDD.$2471.25;;9.3
[2026-08-13 17:07:53,148] [SUBPROCESS]    R5724;VDD.$2470.18;VDD.$637.18;;27.106
[2026-08-13 17:07:53,148] [SUBPROCESS]    R5725;VDD.$2470.18;VDD.$667.18;;0.0
[2026-08-13 17:07:53,148] [SUBPROCESS]    R5726;VDD.$2471.25;VDD.$2617.25;;0.036
[2026-08-13 17:07:53,149] [SUBPROCESS]    R5727;VDD.$2472.18;VDD.$2473.25;;9.3
[2026-08-13 17:07:53,149] [SUBPROCESS]    R5728;VDD.$2472.18;VDD.$451.18;;27.106
[2026-08-13 17:07:53,150] [SUBPROCESS]    R5729;VDD.$2472.18;VDD.$459.18;;0.0
[2026-08-13 17:07:53,150] [SUBPROCESS]    R5730;VDD.$2473.25;VDD.$2481.25;;0.057
[2026-08-13 17:07:53,150] [SUBPROCESS]    R5731;VDD.$2474.18;VDD.$2475.25;;9.3
[2026-08-13 17:07:53,151] [SUBPROCESS]    R5732;VDD.$2474.18;VDD.$453.18;;27.106
[2026-08-13 17:07:53,151] [SUBPROCESS]    R5733;VDD.$2474.18;VDD.$461.18;;0.0
[2026-08-13 17:07:53,152] [SUBPROCESS]    R5734;VDD.$2475.25;VDD.$2483.25;;0.099
[2026-08-13 17:07:53,153] [SUBPROCESS]    R5735;VDD.$2476.18;VDD.$2477.25;;9.3
[2026-08-13 17:07:53,153] [SUBPROCESS]    R5736;VDD.$2476.18;VDD.$549.18;;0.0
[2026-08-13 17:07:53,154] [SUBPROCESS]    R5737;VDD.$2476.18;VDD.$665.18;;27.106
[2026-08-13 17:07:53,154] [SUBPROCESS]    R5738;VDD.$2477.25;VDD.$2479.25;;0.0
[2026-08-13 17:07:53,155] [SUBPROCESS]    R5739;VDD.$2477.25;VDD.$2487.25;;0.036
[2026-08-13 17:07:53,155] [SUBPROCESS]    R5740;VDD.$2478.18;VDD.$2479.25;;9.3
[2026-08-13 17:07:53,156] [SUBPROCESS]    R5741;VDD.$2478.18;VDD.$551.18;;0.0
[2026-08-13 17:07:53,156] [SUBPROCESS]    R5742;VDD.$2478.18;VDD.$667.18;;27.106
[2026-08-13 17:07:53,157] [SUBPROCESS]    R5743;VDD.$248.15;VDD.$249.18;;585.0
[2026-08-13 17:07:53,157] [SUBPROCESS]    R5744;VDD.$248.15;VDD.$284.15;;0.0
[2026-08-13 17:07:53,158] [SUBPROCESS]    R5745;VDD.$2480.18;VDD.$2481.25;;9.3
[2026-08-13 17:07:53,158] [SUBPROCESS]    R5746;VDD.$2480.18;VDD.$459.18;;27.106
[2026-08-13 17:07:53,158] [SUBPROCESS]    R5747;VDD.$2480.18;VDD.$473.18;;0.0
[2026-08-13 17:07:53,159] [SUBPROCESS]    R5748;VDD.$2481.25;VDD.$2489.25;;0.054
[2026-08-13 17:07:53,159] [SUBPROCESS]    R5749;VDD.$2482.18;VDD.$2483.25;;9.3
[2026-08-13 17:07:53,160] [SUBPROCESS]    R5750;VDD.$2482.18;VDD.$461.18;;27.106
[2026-08-13 17:07:53,160] [SUBPROCESS]    R5751;VDD.$2482.18;VDD.$475.18;;0.0
[2026-08-13 17:07:53,161] [SUBPROCESS]    R5752;VDD.$2483.25;VDD.$2491.25;;0.108
[2026-08-13 17:07:53,161] [SUBPROCESS]    R5753;VDD.$2484.18;VDD.$2485.25;;9.3
[2026-08-13 17:07:53,162] [SUBPROCESS]    R5754;VDD.$2484.18;VDD.$549.18;;27.106
[2026-08-13 17:07:53,162] [SUBPROCESS]    R5755;VDD.$2484.18;VDD.$575.18;;0.0
[2026-08-13 17:07:53,163] [SUBPROCESS]    R5756;VDD.$2485.25;VDD.$2487.25;;0.0
[2026-08-13 17:07:53,163] [SUBPROCESS]    R5757;VDD.$2485.25;VDD.$2495.25;;0.036
[2026-08-13 17:07:53,163] [SUBPROCESS]    R5758;VDD.$2486.18;VDD.$2487.25;;9.3
[2026-08-13 17:07:53,164] [SUBPROCESS]    R5759;VDD.$2486.18;VDD.$551.18;;27.106
[2026-08-13 17:07:53,164] [SUBPROCESS]    R5760;VDD.$2486.18;VDD.$577.18;;0.0
[2026-08-13 17:07:53,165] [SUBPROCESS]    R5761;VDD.$2488.18;VDD.$2489.25;;9.3
[2026-08-13 17:07:53,165] [SUBPROCESS]    R5762;VDD.$2488.18;VDD.$473.18;;27.106
[2026-08-13 17:07:53,165] [SUBPROCESS]    R5763;VDD.$2488.18;VDD.$489.18;;0.0
[2026-08-13 17:07:53,166] [SUBPROCESS]    R5764;VDD.$2489.25;VDD.$2497.25;;0.052
[2026-08-13 17:07:53,166] [SUBPROCESS]    R5765;VDD.$2490.18;VDD.$2491.25;;9.3
[2026-08-13 17:07:53,167] [SUBPROCESS]    R5766;VDD.$2490.18;VDD.$475.18;;27.106
[2026-08-13 17:07:53,167] [SUBPROCESS]    R5767;VDD.$2490.18;VDD.$491.18;;0.0
[2026-08-13 17:07:53,168] [SUBPROCESS]    R5768;VDD.$2491.25;VDD.$2499.25;;0.119
[2026-08-13 17:07:53,168] [SUBPROCESS]    R5769;VDD.$2492.18;VDD.$2493.25;;9.3
[2026-08-13 17:07:53,169] [SUBPROCESS]    R5770;VDD.$2492.18;VDD.$575.18;;27.106
[2026-08-13 17:07:53,169] [SUBPROCESS]    R5771;VDD.$2492.18;VDD.$607.18;;0.0
[2026-08-13 17:07:53,171] [SUBPROCESS]    R5772;VDD.$2493.25;VDD.$2495.25;;0.0
[2026-08-13 17:07:53,171] [SUBPROCESS]    R5773;VDD.$2493.25;VDD.$2503.25;;0.036
[2026-08-13 17:07:53,171] [SUBPROCESS]    R5774;VDD.$2494.18;VDD.$2495.25;;9.3
[2026-08-13 17:07:53,172] [SUBPROCESS]    R5775;VDD.$2494.18;VDD.$577.18;;27.106
[2026-08-13 17:07:53,173] [SUBPROCESS]    R5776;VDD.$2494.18;VDD.$609.18;;0.0
[2026-08-13 17:07:53,173] [SUBPROCESS]    R5777;VDD.$2496.18;VDD.$2497.25;;9.3
[2026-08-13 17:07:53,174] [SUBPROCESS]    R5778;VDD.$2496.18;VDD.$489.18;;27.106
[2026-08-13 17:07:53,174] [SUBPROCESS]    R5779;VDD.$2496.18;VDD.$501.18;;0.0
[2026-08-13 17:07:53,175] [SUBPROCESS]    R5780;VDD.$2497.25;VDD.$2505.25;;0.049
[2026-08-13 17:07:53,175] [SUBPROCESS]    R5781;VDD.$2498.18;VDD.$2499.25;;9.3
[2026-08-13 17:07:53,175] [SUBPROCESS]    R5782;VDD.$2498.18;VDD.$491.18;;27.106
[2026-08-13 17:07:53,176] [SUBPROCESS]    R5783;VDD.$2498.18;VDD.$503.18;;0.0
[2026-08-13 17:07:53,176] [SUBPROCESS]    R5784;VDD.$2499.25;VDD.$2507.25;;0.132
[2026-08-13 17:07:53,177] [SUBPROCESS]    R5785;VDD.$250.15;VDD.$251.18;;585.0
[2026-08-13 17:07:53,177] [SUBPROCESS]    R5786;VDD.$2500.18;VDD.$2501.25;;9.3
[2026-08-13 17:07:53,178] [SUBPROCESS]    R5787;VDD.$2500.18;VDD.$607.18;;27.106
[2026-08-13 17:07:53,178] [SUBPROCESS]    R5788;VDD.$2500.18;VDD.$633.18;;0.0
[2026-08-13 17:07:53,178] [SUBPROCESS]    R5789;VDD.$2501.25;VDD.$2503.25;;0.0
[2026-08-13 17:07:53,179] [SUBPROCESS]    R5790;VDD.$2501.25;VDD.$2511.25;;0.036
[2026-08-13 17:07:53,179] [SUBPROCESS]    R5791;VDD.$2502.18;VDD.$2503.25;;9.3
[2026-08-13 17:07:53,180] [SUBPROCESS]    R5792;VDD.$2502.18;VDD.$609.18;;27.106
[2026-08-13 17:07:53,180] [SUBPROCESS]    R5793;VDD.$2502.18;VDD.$635.18;;0.0
[2026-08-13 17:07:53,181] [SUBPROCESS]    R5794;VDD.$2504.18;VDD.$2505.25;;9.3
[2026-08-13 17:07:53,181] [SUBPROCESS]    R5795;VDD.$2504.18;VDD.$501.18;;27.106
[2026-08-13 17:07:53,181] [SUBPROCESS]    R5796;VDD.$2504.18;VDD.$509.18;;0.0
[2026-08-13 17:07:53,182] [SUBPROCESS]    R5797;VDD.$2505.25;VDD.$4637.25;;0.011
[2026-08-13 17:07:53,182] [SUBPROCESS]    R5798;VDD.$2506.18;VDD.$2507.25;;9.3
[2026-08-13 17:07:53,183] [SUBPROCESS]    R5799;VDD.$2506.18;VDD.$503.18;;27.106
[2026-08-13 17:07:53,183] [SUBPROCESS]    R5800;VDD.$2506.18;VDD.$511.18;;0.0
[2026-08-13 17:07:53,183] [SUBPROCESS]    R5801;VDD.$2507.25;VDD.$4637.25;;0.034
[2026-08-13 17:07:53,184] [SUBPROCESS]    R5802;VDD.$2508.18;VDD.$2509.25;;9.3
[2026-08-13 17:07:53,184] [SUBPROCESS]    R5803;VDD.$2508.18;VDD.$633.18;;27.106
[2026-08-13 17:07:53,185] [SUBPROCESS]    R5804;VDD.$2508.18;VDD.$657.18;;0.0
[2026-08-13 17:07:53,185] [SUBPROCESS]    R5805;VDD.$2509.25;VDD.$2511.25;;0.0
[2026-08-13 17:07:53,186] [SUBPROCESS]    R5806;VDD.$2509.25;VDD.$2519.25;;0.036
[2026-08-13 17:07:53,187] [SUBPROCESS]    R5807;VDD.$2510.18;VDD.$2511.25;;9.3
[2026-08-13 17:07:53,187] [SUBPROCESS]    R5808;VDD.$2510.18;VDD.$635.18;;27.106
[2026-08-13 17:07:53,188] [SUBPROCESS]    R5809;VDD.$2510.18;VDD.$659.18;;0.0
[2026-08-13 17:07:53,188] [SUBPROCESS]    R5810;VDD.$2512.18;VDD.$2513.25;;9.3
[2026-08-13 17:07:53,189] [SUBPROCESS]    R5811;VDD.$2512.18;VDD.$509.18;;27.106
[2026-08-13 17:07:53,189] [SUBPROCESS]    R5812;VDD.$2512.18;VDD.$521.18;;0.0
[2026-08-13 17:07:53,189] [SUBPROCESS]    R5813;VDD.$2513.25;VDD.$2521.25;;0.046
[2026-08-13 17:07:53,190] [SUBPROCESS]    R5814;VDD.$2513.25;VDD.$4637.25;;0.036
[2026-08-13 17:07:53,190] [SUBPROCESS]    R5815;VDD.$2514.18;VDD.$2515.25;;9.3
[2026-08-13 17:07:53,191] [SUBPROCESS]    R5816;VDD.$2514.18;VDD.$511.18;;27.106
[2026-08-13 17:07:53,191] [SUBPROCESS]    R5817;VDD.$2514.18;VDD.$523.18;;0.0
[2026-08-13 17:07:53,192] [SUBPROCESS]    R5818;VDD.$2515.25;VDD.$2523.25;;0.171
[2026-08-13 17:07:53,192] [SUBPROCESS]    R5819;VDD.$2515.25;VDD.$4637.25;;0.116
[2026-08-13 17:07:53,192] [SUBPROCESS]    R5820;VDD.$2516.18;VDD.$2517.25;;9.3
[2026-08-13 17:07:53,193] [SUBPROCESS]    R5821;VDD.$2516.18;VDD.$657.18;;27.106
[2026-08-13 17:07:53,193] [SUBPROCESS]    R5822;VDD.$2516.18;VDD.$689.18;;0.0
[2026-08-13 17:07:53,194] [SUBPROCESS]    R5823;VDD.$2517.25;VDD.$2519.25;;0.0
[2026-08-13 17:07:53,194] [SUBPROCESS]    R5824;VDD.$2517.25;VDD.$4633.25;;0.23
[2026-08-13 17:07:53,195] [SUBPROCESS]    R5825;VDD.$2518.18;VDD.$2519.25;;9.3
[2026-08-13 17:07:53,195] [SUBPROCESS]    R5826;VDD.$2518.18;VDD.$659.18;;27.106
[2026-08-13 17:07:53,195] [SUBPROCESS]    R5827;VDD.$2518.18;VDD.$691.18;;0.0
[2026-08-13 17:07:53,196] [SUBPROCESS]    R5828;VDD.$252.15;VDD.$253.18;;585.0
[2026-08-13 17:07:53,196] [SUBPROCESS]    R5829;VDD.$2520.18;VDD.$2521.25;;9.3
[2026-08-13 17:07:53,197] [SUBPROCESS]    R5830;VDD.$2520.18;VDD.$521.18;;27.106
[2026-08-13 17:07:53,197] [SUBPROCESS]    R5831;VDD.$2520.18;VDD.$533.18;;0.0
[2026-08-13 17:07:53,198] [SUBPROCESS]    R5832;VDD.$2521.25;VDD.$4632.25;;0.255
[2026-08-13 17:07:53,198] [SUBPROCESS]    R5833;VDD.$2522.18;VDD.$2523.25;;9.3
[2026-08-13 17:07:53,199] [SUBPROCESS]    R5834;VDD.$2522.18;VDD.$523.18;;27.106
[2026-08-13 17:07:53,199] [SUBPROCESS]    R5835;VDD.$2522.18;VDD.$535.18;;0.0
[2026-08-13 17:07:53,199] [SUBPROCESS]    R5836;VDD.$2524.18;VDD.$2525.25;;9.3
[2026-08-13 17:07:53,200] [SUBPROCESS]    R5837;VDD.$2524.18;VDD.$2526.18;;18.432
[2026-08-13 17:07:53,200] [SUBPROCESS]    R5838;VDD.$2524.18;VDD.$2668.18;;18.432
[2026-08-13 17:07:53,201] [SUBPROCESS]    R5839;VDD.$2525.25;VDD.$2527.25;;0.18
[2026-08-13 17:07:53,201] [SUBPROCESS]    R5840;VDD.$2525.25;VDD.$2669.25;;0.18
[2026-08-13 17:07:53,202] [SUBPROCESS]    R5841;VDD.$2526.18;VDD.$2527.25;;9.3
[2026-08-13 17:07:53,202] [SUBPROCESS]    R5842;VDD.$2526.18;VDD.$2528.18;;18.432
[2026-08-13 17:07:53,203] [SUBPROCESS]    R5843;VDD.$2527.25;VDD.$2529.25;;0.18
[2026-08-13 17:07:53,203] [SUBPROCESS]    R5844;VDD.$2528.18;VDD.$2529.25;;9.3
[2026-08-13 17:07:53,204] [SUBPROCESS]    R5845;VDD.$2528.18;VDD.$2530.18;;18.432
[2026-08-13 17:07:53,204] [SUBPROCESS]    R5846;VDD.$2529.25;VDD.$2531.25;;0.18
[2026-08-13 17:07:53,205] [SUBPROCESS]    R5847;VDD.$2530.18;VDD.$2531.25;;9.3
[2026-08-13 17:07:53,206] [SUBPROCESS]    R5848;VDD.$2530.18;VDD.$2532.18;;18.432
[2026-08-13 17:07:53,206] [SUBPROCESS]    R5849;VDD.$2531.25;VDD.$2533.25;;0.18
[2026-08-13 17:07:53,206] [SUBPROCESS]    R5850;VDD.$2532.18;VDD.$2533.25;;9.3
[2026-08-13 17:07:53,207] [SUBPROCESS]    R5851;VDD.$2532.18;VDD.$2534.18;;18.432
[2026-08-13 17:07:53,208] [SUBPROCESS]    R5852;VDD.$2533.25;VDD.$2535.25;;0.18
[2026-08-13 17:07:53,208] [SUBPROCESS]    R5853;VDD.$2534.18;VDD.$2535.25;;9.3
[2026-08-13 17:07:53,209] [SUBPROCESS]    R5854;VDD.$2534.18;VDD.$2536.18;;18.432
[2026-08-13 17:07:53,209] [SUBPROCESS]    R5855;VDD.$2535.25;VDD.$2537.25;;0.18
[2026-08-13 17:07:53,209] [SUBPROCESS]    R5856;VDD.$2536.18;VDD.$2537.25;;9.3
[2026-08-13 17:07:53,210] [SUBPROCESS]    R5857;VDD.$2536.18;VDD.$2538.18;;18.432
[2026-08-13 17:07:53,210] [SUBPROCESS]    R5858;VDD.$2537.25;VDD.$2539.25;;0.18
[2026-08-13 17:07:53,211] [SUBPROCESS]    R5859;VDD.$2538.18;VDD.$2539.25;;9.3
[2026-08-13 17:07:53,211] [SUBPROCESS]    R5860;VDD.$2538.18;VDD.$2540.18;;18.432
[2026-08-13 17:07:53,212] [SUBPROCESS]    R5861;VDD.$2539.25;VDD.$2541.25;;0.18
[2026-08-13 17:07:53,212] [SUBPROCESS]    R5862;VDD.$254.15;VDD.$255.18;;585.0
[2026-08-13 17:07:53,213] [SUBPROCESS]    R5863;VDD.$254.15;VDD.$288.15;;0.0
[2026-08-13 17:07:53,213] [SUBPROCESS]    R5864;VDD.$2540.18;VDD.$2541.25;;9.3
[2026-08-13 17:07:53,214] [SUBPROCESS]    R5865;VDD.$2540.18;VDD.$2542.18;;18.432
[2026-08-13 17:07:53,214] [SUBPROCESS]    R5866;VDD.$2541.25;VDD.$2543.25;;0.18
[2026-08-13 17:07:53,215] [SUBPROCESS]    R5867;VDD.$2542.18;VDD.$2543.25;;9.3
[2026-08-13 17:07:53,215] [SUBPROCESS]    R5868;VDD.$2542.18;VDD.$2544.18;;18.432
[2026-08-13 17:07:53,216] [SUBPROCESS]    R5869;VDD.$2543.25;VDD.$2545.25;;0.18
[2026-08-13 17:07:53,216] [SUBPROCESS]    R5870;VDD.$2544.18;VDD.$2545.25;;9.3
[2026-08-13 17:07:53,217] [SUBPROCESS]    R5871;VDD.$2544.18;VDD.$2546.18;;18.432
[2026-08-13 17:07:53,217] [SUBPROCESS]    R5872;VDD.$2545.25;VDD.$2547.25;;0.18
[2026-08-13 17:07:53,218] [SUBPROCESS]    R5873;VDD.$2546.18;VDD.$2547.25;;9.3
[2026-08-13 17:07:53,218] [SUBPROCESS]    R5874;VDD.$2546.18;VDD.$2548.18;;18.432
[2026-08-13 17:07:53,219] [SUBPROCESS]    R5875;VDD.$2547.25;VDD.$2549.25;;0.18
[2026-08-13 17:07:53,219] [SUBPROCESS]    R5876;VDD.$2548.18;VDD.$2549.25;;9.3
[2026-08-13 17:07:53,220] [SUBPROCESS]    R5877;VDD.$2548.18;VDD.$2550.18;;18.432
[2026-08-13 17:07:53,221] [SUBPROCESS]    R5878;VDD.$2549.25;VDD.$2551.25;;0.18
[2026-08-13 17:07:53,221] [SUBPROCESS]    R5879;VDD.$2550.18;VDD.$2551.25;;9.3
[2026-08-13 17:07:53,221] [SUBPROCESS]    R5880;VDD.$2550.18;VDD.$2552.18;;18.432
[2026-08-13 17:07:53,222] [SUBPROCESS]    R5881;VDD.$2551.25;VDD.$2553.25;;0.18
[2026-08-13 17:07:53,223] [SUBPROCESS]    R5882;VDD.$2552.18;VDD.$2553.25;;9.3
[2026-08-13 17:07:53,223] [SUBPROCESS]    R5883;VDD.$2552.18;VDD.$2554.18;;18.432
[2026-08-13 17:07:53,223] [SUBPROCESS]    R5884;VDD.$2553.25;VDD.$2555.25;;0.18
[2026-08-13 17:07:53,224] [SUBPROCESS]    R5885;VDD.$2554.18;VDD.$2555.25;;9.3
[2026-08-13 17:07:53,224] [SUBPROCESS]    R5886;VDD.$2554.18;VDD.$2556.18;;18.432
[2026-08-13 17:07:53,225] [SUBPROCESS]    R5887;VDD.$2555.25;VDD.$4633.25;;0.018
[2026-08-13 17:07:53,225] [SUBPROCESS]    R5888;VDD.$2556.18;VDD.$2557.25;;9.3
[2026-08-13 17:07:53,225] [SUBPROCESS]    R5889;VDD.$2556.18;VDD.$2558.18;;18.432
[2026-08-13 17:07:53,226] [SUBPROCESS]    R5890;VDD.$2557.25;VDD.$2559.25;;0.18
[2026-08-13 17:07:53,226] [SUBPROCESS]    R5891;VDD.$2557.25;VDD.$4633.25;;0.163
[2026-08-13 17:07:53,227] [SUBPROCESS]    R5892;VDD.$2558.18;VDD.$2559.25;;9.3
[2026-08-13 17:07:53,227] [SUBPROCESS]    R5893;VDD.$2558.18;VDD.$2560.18;;18.432
[2026-08-13 17:07:53,228] [SUBPROCESS]    R5894;VDD.$2559.25;VDD.$2561.25;;0.18
[2026-08-13 17:07:53,228] [SUBPROCESS]    R5895;VDD.$256.15;VDD.$257.18;;585.0
[2026-08-13 17:07:53,228] [SUBPROCESS]    R5896;VDD.$256.15;VDD.$274.15;;0.0
[2026-08-13 17:07:53,229] [SUBPROCESS]    R5897;VDD.$2560.18;VDD.$2561.25;;9.3
[2026-08-13 17:07:53,229] [SUBPROCESS]    R5898;VDD.$2560.18;VDD.$2562.18;;18.432
[2026-08-13 17:07:53,230] [SUBPROCESS]    R5899;VDD.$2561.25;VDD.$2563.25;;0.18
[2026-08-13 17:07:53,230] [SUBPROCESS]    R5900;VDD.$2562.18;VDD.$2563.25;;9.3
[2026-08-13 17:07:53,231] [SUBPROCESS]    R5901;VDD.$2562.18;VDD.$2564.18;;18.432
[2026-08-13 17:07:53,231] [SUBPROCESS]    R5902;VDD.$2563.25;VDD.$2565.25;;0.18
[2026-08-13 17:07:53,231] [SUBPROCESS]    R5903;VDD.$2564.18;VDD.$2565.25;;9.3
[2026-08-13 17:07:53,232] [SUBPROCESS]    R5904;VDD.$2564.18;VDD.$2566.18;;18.432
[2026-08-13 17:07:53,232] [SUBPROCESS]    R5905;VDD.$2565.25;VDD.$2567.25;;0.18
[2026-08-13 17:07:53,233] [SUBPROCESS]    R5906;VDD.$2566.18;VDD.$2567.25;;9.3
[2026-08-13 17:07:53,233] [SUBPROCESS]    R5907;VDD.$2566.18;VDD.$2568.18;;18.432
[2026-08-13 17:07:53,234] [SUBPROCESS]    R5908;VDD.$2567.25;VDD.$2569.25;;0.18
[2026-08-13 17:07:53,234] [SUBPROCESS]    R5909;VDD.$2568.18;VDD.$2569.25;;9.3
[2026-08-13 17:07:53,234] [SUBPROCESS]    R5910;VDD.$2568.18;VDD.$2570.18;;18.432
[2026-08-13 17:07:53,235] [SUBPROCESS]    R5911;VDD.$2569.25;VDD.$2571.25;;0.18
[2026-08-13 17:07:53,235] [SUBPROCESS]    R5912;VDD.$2570.18;VDD.$2571.25;;9.3
[2026-08-13 17:07:53,236] [SUBPROCESS]    R5913;VDD.$2570.18;VDD.$2572.18;;18.432
[2026-08-13 17:07:53,237] [SUBPROCESS]    R5914;VDD.$2571.25;VDD.$2573.25;;0.18
[2026-08-13 17:07:53,237] [SUBPROCESS]    R5915;VDD.$2572.18;VDD.$2573.25;;9.3
[2026-08-13 17:07:53,238] [SUBPROCESS]    R5916;VDD.$2572.18;VDD.$2574.18;;18.432
[2026-08-13 17:07:53,238] [SUBPROCESS]    R5917;VDD.$2573.25;VDD.$2575.25;;0.18
[2026-08-13 17:07:53,239] [SUBPROCESS]    R5918;VDD.$2574.18;VDD.$2575.25;;9.3
[2026-08-13 17:07:53,239] [SUBPROCESS]    R5919;VDD.$2574.18;VDD.$2576.18;;18.432
[2026-08-13 17:07:53,240] [SUBPROCESS]    R5920;VDD.$2575.25;VDD.$2577.25;;0.18
[2026-08-13 17:07:53,240] [SUBPROCESS]    R5921;VDD.$2576.18;VDD.$2577.25;;9.3
[2026-08-13 17:07:53,241] [SUBPROCESS]    R5922;VDD.$2576.18;VDD.$2578.18;;18.432
[2026-08-13 17:07:53,241] [SUBPROCESS]    R5923;VDD.$2577.25;VDD.$2579.25;;0.18
[2026-08-13 17:07:53,241] [SUBPROCESS]    R5924;VDD.$2578.18;VDD.$2579.25;;9.3
[2026-08-13 17:07:53,242] [SUBPROCESS]    R5925;VDD.$2578.18;VDD.$2580.18;;18.432
[2026-08-13 17:07:53,242] [SUBPROCESS]    R5926;VDD.$2579.25;VDD.$2581.25;;0.18
[2026-08-13 17:07:53,243] [SUBPROCESS]    R5927;VDD.$258.15;VDD.$259.18;;585.0
[2026-08-13 17:07:53,243] [SUBPROCESS]    R5928;VDD.$258.15;VDD.$276.15;;0.0
[2026-08-13 17:07:53,244] [SUBPROCESS]    R5929;VDD.$2580.18;VDD.$2581.25;;9.3
[2026-08-13 17:07:53,244] [SUBPROCESS]    R5930;VDD.$2580.18;VDD.$2582.18;;18.432
[2026-08-13 17:07:53,245] [SUBPROCESS]    R5931;VDD.$2581.25;VDD.$2583.25;;0.18
[2026-08-13 17:07:53,245] [SUBPROCESS]    R5932;VDD.$2582.18;VDD.$2583.25;;9.3
[2026-08-13 17:07:53,246] [SUBPROCESS]    R5933;VDD.$2582.18;VDD.$2584.18;;18.432
[2026-08-13 17:07:53,246] [SUBPROCESS]    R5934;VDD.$2583.25;VDD.$2585.25;;0.18
[2026-08-13 17:07:53,247] [SUBPROCESS]    R5935;VDD.$2584.18;VDD.$2585.25;;9.3
[2026-08-13 17:07:53,247] [SUBPROCESS]    R5936;VDD.$2584.18;VDD.$2586.18;;18.432
[2026-08-13 17:07:53,248] [SUBPROCESS]    R5937;VDD.$2585.25;VDD.$2587.25;;0.18
[2026-08-13 17:07:53,248] [SUBPROCESS]    R5938;VDD.$2586.18;VDD.$2587.25;;9.3
[2026-08-13 17:07:53,248] [SUBPROCESS]    R5939;VDD.$2586.18;VDD.$2588.18;;18.432
[2026-08-13 17:07:53,249] [SUBPROCESS]    R5940;VDD.$2587.25;VDD.$2589.25;;0.18
[2026-08-13 17:07:53,249] [SUBPROCESS]    R5941;VDD.$2588.18;VDD.$2589.25;;9.3
[2026-08-13 17:07:53,250] [SUBPROCESS]    R5942;VDD.$2588.18;VDD.$2590.18;;18.432
[2026-08-13 17:07:53,250] [SUBPROCESS]    R5943;VDD.$2589.25;VDD.$4632.25;;0.083
[2026-08-13 17:07:53,251] [SUBPROCESS]    R5944;VDD.$2590.18;VDD.$2591.25;;9.3
[2026-08-13 17:07:53,252] [SUBPROCESS]    R5945;VDD.$2590.18;VDD.$2592.18;;18.432
[2026-08-13 17:07:53,252] [SUBPROCESS]    R5946;VDD.$2591.25;VDD.$2593.25;;0.18
[2026-08-13 17:07:53,253] [SUBPROCESS]    R5947;VDD.$2591.25;VDD.$4632.25;;0.098
[2026-08-13 17:07:53,254] [SUBPROCESS]    R5948;VDD.$2592.18;VDD.$2593.25;;9.3
[2026-08-13 17:07:53,254] [SUBPROCESS]    R5949;VDD.$2592.18;VDD.$2594.18;;18.432
[2026-08-13 17:07:53,255] [SUBPROCESS]    R5950;VDD.$2593.25;VDD.$2595.25;;0.18
[2026-08-13 17:07:53,255] [SUBPROCESS]    R5951;VDD.$2594.18;VDD.$2595.25;;9.3
[2026-08-13 17:07:53,256] [SUBPROCESS]    R5952;VDD.$2594.18;VDD.$2596.18;;18.432
[2026-08-13 17:07:53,256] [SUBPROCESS]    R5953;VDD.$2595.25;VDD.$2597.25;;0.18
[2026-08-13 17:07:53,257] [SUBPROCESS]    R5954;VDD.$2596.18;VDD.$2597.25;;9.3
[2026-08-13 17:07:53,257] [SUBPROCESS]    R5955;VDD.$2596.18;VDD.$2598.18;;18.432
[2026-08-13 17:07:53,257] [SUBPROCESS]    R5956;VDD.$2597.25;VDD.$2599.25;;0.18
[2026-08-13 17:07:53,258] [SUBPROCESS]    R5957;VDD.$2598.18;VDD.$2599.25;;9.3
[2026-08-13 17:07:53,258] [SUBPROCESS]    R5958;VDD.$2598.18;VDD.$2600.18;;18.432
[2026-08-13 17:07:53,259] [SUBPROCESS]    R5959;VDD.$2599.25;VDD.$2601.25;;0.18
[2026-08-13 17:07:53,259] [SUBPROCESS]    R5960;VDD.$26.15;VDD.$27.18;;585.0
[2026-08-13 17:07:53,260] [SUBPROCESS]    R5961;VDD.$26.15;VDD.$34.15;;0.0
[2026-08-13 17:07:53,260] [SUBPROCESS]    R5962;VDD.$260.15;VDD.$261.18;;585.0
[2026-08-13 17:07:53,261] [SUBPROCESS]    R5963;VDD.$260.15;VDD.$278.15;;0.0
[2026-08-13 17:07:53,261] [SUBPROCESS]    R5964;VDD.$2600.18;VDD.$2601.25;;9.3
[2026-08-13 17:07:53,262] [SUBPROCESS]    R5965;VDD.$2600.18;VDD.$2602.18;;18.432
[2026-08-13 17:07:53,262] [SUBPROCESS]    R5966;VDD.$2601.25;VDD.$2603.25;;0.18
[2026-08-13 17:07:53,263] [SUBPROCESS]    R5967;VDD.$2602.18;VDD.$2603.25;;9.3
[2026-08-13 17:07:53,263] [SUBPROCESS]    R5968;VDD.$2602.18;VDD.$2604.18;;18.432
[2026-08-13 17:07:53,263] [SUBPROCESS]    R5969;VDD.$2603.25;VDD.$2605.25;;0.18
[2026-08-13 17:07:53,264] [SUBPROCESS]    R5970;VDD.$2604.18;VDD.$2605.25;;9.3
[2026-08-13 17:07:53,264] [SUBPROCESS]    R5971;VDD.$2604.18;VDD.$2606.18;;18.432
[2026-08-13 17:07:53,265] [SUBPROCESS]    R5972;VDD.$2605.25;VDD.$2607.25;;0.18
[2026-08-13 17:07:53,265] [SUBPROCESS]    R5973;VDD.$2606.18;VDD.$2607.25;;9.3
[2026-08-13 17:07:53,266] [SUBPROCESS]    R5974;VDD.$2606.18;VDD.$2608.18;;18.432
[2026-08-13 17:07:53,266] [SUBPROCESS]    R5975;VDD.$2607.25;VDD.$2609.25;;0.18
[2026-08-13 17:07:53,267] [SUBPROCESS]    R5976;VDD.$2608.18;VDD.$2609.25;;9.3
[2026-08-13 17:07:53,267] [SUBPROCESS]    R5977;VDD.$2608.18;VDD.$2610.18;;18.432
[2026-08-13 17:07:53,267] [SUBPROCESS]    R5978;VDD.$2609.25;VDD.$2611.25;;0.18
[2026-08-13 17:07:53,268] [SUBPROCESS]    R5979;VDD.$2610.18;VDD.$2611.25;;9.3
[2026-08-13 17:07:53,269] [SUBPROCESS]    R5980;VDD.$2610.18;VDD.$2612.18;;18.432
[2026-08-13 17:07:53,269] [SUBPROCESS]    R5981;VDD.$2611.25;VDD.$2613.25;;0.18
[2026-08-13 17:07:53,270] [SUBPROCESS]    R5982;VDD.$2612.18;VDD.$2613.25;;9.3
[2026-08-13 17:07:53,270] [SUBPROCESS]    R5983;VDD.$2612.18;VDD.$2614.18;;18.432
[2026-08-13 17:07:53,271] [SUBPROCESS]    R5984;VDD.$2613.25;VDD.$2615.25;;0.18
[2026-08-13 17:07:53,271] [SUBPROCESS]    R5985;VDD.$2614.18;VDD.$2615.25;;9.3
[2026-08-13 17:07:53,272] [SUBPROCESS]    R5986;VDD.$2616.18;VDD.$2617.25;;9.3
[2026-08-13 17:07:53,273] [SUBPROCESS]    R5987;VDD.$2616.18;VDD.$579.18;;27.106
[2026-08-13 17:07:53,273] [SUBPROCESS]    R5988;VDD.$2616.18;VDD.$617.18;;0.0
[2026-08-13 17:07:53,273] [SUBPROCESS]    R5989;VDD.$2617.25;VDD.$2619.25;;0.0
[2026-08-13 17:07:53,274] [SUBPROCESS]    R5990;VDD.$2618.18;VDD.$2619.25;;9.3
[2026-08-13 17:07:53,274] [SUBPROCESS]    R5991;VDD.$2618.18;VDD.$581.18;;27.106
[2026-08-13 17:07:53,275] [SUBPROCESS]    R5992;VDD.$2618.18;VDD.$637.18;;0.0
[2026-08-13 17:07:53,275] [SUBPROCESS]    R5993;VDD.$2619.25;VDD.$2645.25;;0.036
[2026-08-13 17:07:53,276] [SUBPROCESS]    R5994;VDD.$262.15;VDD.$263.18;;585.0
[2026-08-13 17:07:53,276] [SUBPROCESS]    R5995;VDD.$262.15;VDD.$280.15;;0.0
[2026-08-13 17:07:53,277] [SUBPROCESS]    R5996;VDD.$2620.18;VDD.$2621.25;;9.3
[2026-08-13 17:07:53,277] [SUBPROCESS]    R5997;VDD.$2620.18;VDD.$641.18;;0.0
[2026-08-13 17:07:53,278] [SUBPROCESS]    R5998;VDD.$2620.18;VDD.$707.18;;27.106
[2026-08-13 17:07:53,278] [SUBPROCESS]    R5999;VDD.$2621.25;VDD.$2623.25;;0.0
[2026-08-13 17:07:53,278] [SUBPROCESS]    R6000;VDD.$2621.25;VDD.$2629.25;;0.036
[2026-08-13 17:07:53,279] [SUBPROCESS]    R6001;VDD.$2622.18;VDD.$2623.25;;9.3
[2026-08-13 17:07:53,279] [SUBPROCESS]    R6002;VDD.$2622.18;VDD.$695.18;;0.0
[2026-08-13 17:07:53,280] [SUBPROCESS]    R6003;VDD.$2622.18;VDD.$709.18;;27.106
[2026-08-13 17:07:53,280] [SUBPROCESS]    R6004;VDD.$2623.25;VDD.$3123.25;;0.036
[2026-08-13 17:07:53,281] [SUBPROCESS]    R6005;VDD.$2624.18;VDD.$2625.25;;9.3
[2026-08-13 17:07:53,281] [SUBPROCESS]    R6006;VDD.$2624.18;VDD.$467.18;;27.106
[2026-08-13 17:07:53,282] [SUBPROCESS]    R6007;VDD.$2624.18;VDD.$471.18;;0.0
[2026-08-13 17:07:53,282] [SUBPROCESS]    R6008;VDD.$2625.25;VDD.$2631.25;;0.072
[2026-08-13 17:07:53,282] [SUBPROCESS]    R6009;VDD.$2625.25;VDD.$3133.25;;0.072
[2026-08-13 17:07:53,283] [SUBPROCESS]    R6010;VDD.$2626.18;VDD.$2627.25;;9.3
[2026-08-13 17:07:53,283] [SUBPROCESS]    R6011;VDD.$2626.18;VDD.$597.18;;0.0
[2026-08-13 17:07:53,284] [SUBPROCESS]    R6012;VDD.$2626.18;VDD.$641.18;;27.106
[2026-08-13 17:07:53,284] [SUBPROCESS]    R6013;VDD.$2627.25;VDD.$2629.25;;0.0
[2026-08-13 17:07:53,285] [SUBPROCESS]    R6014;VDD.$2627.25;VDD.$2635.25;;0.036
[2026-08-13 17:07:53,285] [SUBPROCESS]    R6015;VDD.$2628.18;VDD.$2629.25;;9.3
[2026-08-13 17:07:53,286] [SUBPROCESS]    R6016;VDD.$2628.18;VDD.$599.18;;0.0
[2026-08-13 17:07:53,287] [SUBPROCESS]    R6017;VDD.$2628.18;VDD.$695.18;;27.106
[2026-08-13 17:07:53,287] [SUBPROCESS]    R6018;VDD.$2630.18;VDD.$2631.25;;9.3
[2026-08-13 17:07:53,288] [SUBPROCESS]    R6019;VDD.$2630.18;VDD.$471.18;;27.106
[2026-08-13 17:07:53,288] [SUBPROCESS]    R6020;VDD.$2630.18;VDD.$483.18;;0.0
[2026-08-13 17:07:53,289] [SUBPROCESS]    R6021;VDD.$2631.25;VDD.$2637.25;;0.072
[2026-08-13 17:07:53,289] [SUBPROCESS]    R6022;VDD.$2632.18;VDD.$2633.25;;9.3
[2026-08-13 17:07:53,290] [SUBPROCESS]    R6023;VDD.$2632.18;VDD.$597.18;;27.106
[2026-08-13 17:07:53,290] [SUBPROCESS]    R6024;VDD.$2632.18;VDD.$681.18;;0.0
[2026-08-13 17:07:53,290] [SUBPROCESS]    R6025;VDD.$2633.25;VDD.$2635.25;;0.0
[2026-08-13 17:07:53,291] [SUBPROCESS]    R6026;VDD.$2633.25;VDD.$2641.25;;0.036
[2026-08-13 17:07:53,291] [SUBPROCESS]    R6027;VDD.$2634.18;VDD.$2635.25;;9.3
[2026-08-13 17:07:53,292] [SUBPROCESS]    R6028;VDD.$2634.18;VDD.$599.18;;27.106
[2026-08-13 17:07:53,293] [SUBPROCESS]    R6029;VDD.$2634.18;VDD.$693.18;;0.0
[2026-08-13 17:07:53,293] [SUBPROCESS]    R6030;VDD.$2636.18;VDD.$2637.25;;9.3
[2026-08-13 17:07:53,294] [SUBPROCESS]    R6031;VDD.$2636.18;VDD.$483.18;;27.106
[2026-08-13 17:07:53,294] [SUBPROCESS]    R6032;VDD.$2636.18;VDD.$487.18;;0.0
[2026-08-13 17:07:53,295] [SUBPROCESS]    R6033;VDD.$2637.25;VDD.$2643.25;;0.072
[2026-08-13 17:07:53,295] [SUBPROCESS]    R6034;VDD.$2638.18;VDD.$2639.25;;9.3
[2026-08-13 17:07:53,296] [SUBPROCESS]    R6035;VDD.$2638.18;VDD.$555.18;;0.0
[2026-08-13 17:07:53,296] [SUBPROCESS]    R6036;VDD.$2638.18;VDD.$681.18;;27.106
[2026-08-13 17:07:53,297] [SUBPROCESS]    R6037;VDD.$2639.25;VDD.$2641.25;;0.0
[2026-08-13 17:07:53,297] [SUBPROCESS]    R6038;VDD.$2639.25;VDD.$2647.25;;0.138
[2026-08-13 17:07:53,298] [SUBPROCESS]    R6039;VDD.$264.15;VDD.$265.18;;585.0
[2026-08-13 17:07:53,298] [SUBPROCESS]    R6040;VDD.$264.15;VDD.$290.15;;0.0
[2026-08-13 17:07:53,299] [SUBPROCESS]    R6041;VDD.$2640.18;VDD.$2641.25;;9.3
[2026-08-13 17:07:53,299] [SUBPROCESS]    R6042;VDD.$2640.18;VDD.$557.18;;0.0
[2026-08-13 17:07:53,300] [SUBPROCESS]    R6043;VDD.$2640.18;VDD.$693.18;;27.106
[2026-08-13 17:07:53,300] [SUBPROCESS]    R6044;VDD.$2642.18;VDD.$2643.25;;9.3
[2026-08-13 17:07:53,300] [SUBPROCESS]    R6045;VDD.$2642.18;VDD.$439.18;;0.0
[2026-08-13 17:07:53,301] [SUBPROCESS]    R6046;VDD.$2642.18;VDD.$487.18;;27.106
[2026-08-13 17:07:53,301] [SUBPROCESS]    R6047;VDD.$2643.25;VDD.$2651.25;;0.285
[2026-08-13 17:07:53,302] [SUBPROCESS]    R6048;VDD.$2644.18;VDD.$2645.25;;9.3
[2026-08-13 17:07:53,303] [SUBPROCESS]    R6049;VDD.$2644.18;VDD.$579.18;;0.0
[2026-08-13 17:07:53,303] [SUBPROCESS]    R6050;VDD.$2645.25;VDD.$2647.25;;0.0
[2026-08-13 17:07:53,304] [SUBPROCESS]    R6051;VDD.$2646.18;VDD.$2647.25;;9.3
[2026-08-13 17:07:53,304] [SUBPROCESS]    R6052;VDD.$2646.18;VDD.$581.18;;0.0
[2026-08-13 17:07:53,305] [SUBPROCESS]    R6053;VDD.$2648.18;VDD.$2649.25;;9.3
[2026-08-13 17:07:53,305] [SUBPROCESS]    R6054;VDD.$2648.18;VDD.$443.18;;0.0
[2026-08-13 17:07:53,306] [SUBPROCESS]    R6055;VDD.$2650.18;VDD.$2651.25;;9.3
[2026-08-13 17:07:53,306] [SUBPROCESS]    R6056;VDD.$2650.18;VDD.$445.18;;0.0
[2026-08-13 17:07:53,307] [SUBPROCESS]    R6057;VDD.$2652.18;VDD.$2653.25;;9.3
[2026-08-13 17:07:53,307] [SUBPROCESS]    R6058;VDD.$2652.18;VDD.$543.18;;27.106
[2026-08-13 17:07:53,308] [SUBPROCESS]    R6059;VDD.$2652.18;VDD.$569.18;;0.0
[2026-08-13 17:07:53,308] [SUBPROCESS]    R6060;VDD.$2653.25;VDD.$2679.25;;0.06
[2026-08-13 17:07:53,308] [SUBPROCESS]    R6061;VDD.$2653.25;VDD.$2835.25;;0.054
[2026-08-13 17:07:53,309] [SUBPROCESS]    R6062;VDD.$2654.18;VDD.$2655.25;;9.3
[2026-08-13 17:07:53,309] [SUBPROCESS]    R6063;VDD.$2654.18;VDD.$545.18;;27.106
[2026-08-13 17:07:53,310] [SUBPROCESS]    R6064;VDD.$2654.18;VDD.$571.18;;0.0
[2026-08-13 17:07:53,310] [SUBPROCESS]    R6065;VDD.$2655.25;VDD.$2657.25;;0.0
[2026-08-13 17:07:53,311] [SUBPROCESS]    R6066;VDD.$2655.25;VDD.$2683.25;;0.036
[2026-08-13 17:07:53,311] [SUBPROCESS]    R6067;VDD.$2656.18;VDD.$2657.25;;9.3
[2026-08-13 17:07:53,311] [SUBPROCESS]    R6068;VDD.$2656.18;VDD.$547.18;;27.106
[2026-08-13 17:07:53,312] [SUBPROCESS]    R6069;VDD.$2656.18;VDD.$573.18;;0.0
[2026-08-13 17:07:53,312] [SUBPROCESS]    R6070;VDD.$2657.25;VDD.$2863.25;;0.036
[2026-08-13 17:07:53,313] [SUBPROCESS]    R6071;VDD.$2658.18;VDD.$2659.25;;9.3
[2026-08-13 17:07:53,313] [SUBPROCESS]    R6072;VDD.$2658.18;VDD.$2684.18;;18.432
[2026-08-13 17:07:53,314] [SUBPROCESS]    R6073;VDD.$2658.18;VDD.$2864.18;;18.432
[2026-08-13 17:07:53,314] [SUBPROCESS]    R6074;VDD.$2659.25;VDD.$2685.25;;0.0
[2026-08-13 17:07:53,315] [SUBPROCESS]    R6075;VDD.$2659.25;VDD.$4640.25;;0.082
[2026-08-13 17:07:53,315] [SUBPROCESS]    R6076;VDD.$266.15;VDD.$267.18;;585.0
[2026-08-13 17:07:53,316] [SUBPROCESS]    R6077;VDD.$2660.18;VDD.$2661.25;;9.3
[2026-08-13 17:07:53,316] [SUBPROCESS]    R6078;VDD.$2660.18;VDD.$2662.18;;18.432
[2026-08-13 17:07:53,317] [SUBPROCESS]    R6079;VDD.$2660.18;VDD.$2676.18;;18.432
[2026-08-13 17:07:53,317] [SUBPROCESS]    R6080;VDD.$2661.25;VDD.$2663.25;;0.18
[2026-08-13 17:07:53,317] [SUBPROCESS]    R6081;VDD.$2661.25;VDD.$2677.25;;0.18
[2026-08-13 17:07:53,318] [SUBPROCESS]    R6082;VDD.$2662.18;VDD.$2663.25;;9.3
[2026-08-13 17:07:53,319] [SUBPROCESS]    R6083;VDD.$2662.18;VDD.$2664.18;;18.432
[2026-08-13 17:07:53,319] [SUBPROCESS]    R6084;VDD.$2663.25;VDD.$2665.25;;0.18
[2026-08-13 17:07:53,320] [SUBPROCESS]    R6085;VDD.$2664.18;VDD.$2665.25;;9.3
[2026-08-13 17:07:53,320] [SUBPROCESS]    R6086;VDD.$2664.18;VDD.$2666.18;;18.432
[2026-08-13 17:07:53,321] [SUBPROCESS]    R6087;VDD.$2665.25;VDD.$4634.25;;0.133
[2026-08-13 17:07:53,321] [SUBPROCESS]    R6088;VDD.$2666.18;VDD.$2667.25;;9.3
[2026-08-13 17:07:53,322] [SUBPROCESS]    R6089;VDD.$2666.18;VDD.$2668.18;;18.432
[2026-08-13 17:07:53,322] [SUBPROCESS]    R6090;VDD.$2667.25;VDD.$2669.25;;0.18
[2026-08-13 17:07:53,323] [SUBPROCESS]    R6091;VDD.$2667.25;VDD.$4634.25;;0.047
[2026-08-13 17:07:53,323] [SUBPROCESS]    R6092;VDD.$2668.18;VDD.$2669.25;;9.3
[2026-08-13 17:07:53,324] [SUBPROCESS]    R6093;VDD.$2670.18;VDD.$2671.25;;9.3
[2026-08-13 17:07:53,324] [SUBPROCESS]    R6094;VDD.$2670.18;VDD.$2672.18;;18.432
[2026-08-13 17:07:53,325] [SUBPROCESS]    R6095;VDD.$2670.18;VDD.$2738.18;;18.432
[2026-08-13 17:07:53,325] [SUBPROCESS]    R6096;VDD.$2671.25;VDD.$2673.25;;0.18
[2026-08-13 17:07:53,325] [SUBPROCESS]    R6097;VDD.$2671.25;VDD.$2739.25;;0.18
[2026-08-13 17:07:53,326] [SUBPROCESS]    R6098;VDD.$2672.18;VDD.$2673.25;;9.3
[2026-08-13 17:07:53,326] [SUBPROCESS]    R6099;VDD.$2672.18;VDD.$2674.18;;18.432
[2026-08-13 17:07:53,327] [SUBPROCESS]    R6100;VDD.$2673.25;VDD.$2675.25;;0.18
[2026-08-13 17:07:53,327] [SUBPROCESS]    R6101;VDD.$2674.18;VDD.$2675.25;;9.3
[2026-08-13 17:07:53,327] [SUBPROCESS]    R6102;VDD.$2674.18;VDD.$2676.18;;18.432
[2026-08-13 17:07:53,328] [SUBPROCESS]    R6103;VDD.$2675.25;VDD.$2677.25;;0.18
[2026-08-13 17:07:53,328] [SUBPROCESS]    R6104;VDD.$2676.18;VDD.$2677.25;;9.3
[2026-08-13 17:07:53,329] [SUBPROCESS]    R6105;VDD.$2678.18;VDD.$2679.25;;9.3
[2026-08-13 17:07:53,329] [SUBPROCESS]    R6106;VDD.$2678.18;VDD.$569.18;;27.106
[2026-08-13 17:07:53,330] [SUBPROCESS]    R6107;VDD.$2678.18;VDD.$601.18;;0.0
[2026-08-13 17:07:53,330] [SUBPROCESS]    R6108;VDD.$2679.25;VDD.$2687.25;;0.067
[2026-08-13 17:07:53,330] [SUBPROCESS]    R6109;VDD.$268.15;VDD.$269.18;;585.0
[2026-08-13 17:07:53,331] [SUBPROCESS]    R6110;VDD.$2680.18;VDD.$2681.25;;9.3
[2026-08-13 17:07:53,331] [SUBPROCESS]    R6111;VDD.$2680.18;VDD.$571.18;;27.106
[2026-08-13 17:07:53,332] [SUBPROCESS]    R6112;VDD.$2680.18;VDD.$603.18;;0.0
[2026-08-13 17:07:53,332] [SUBPROCESS]    R6113;VDD.$2681.25;VDD.$2683.25;;0.0
[2026-08-13 17:07:53,333] [SUBPROCESS]    R6114;VDD.$2681.25;VDD.$2691.25;;0.036
[2026-08-13 17:07:53,334] [SUBPROCESS]    R6115;VDD.$2682.18;VDD.$2683.25;;9.3
[2026-08-13 17:07:53,334] [SUBPROCESS]    R6116;VDD.$2682.18;VDD.$573.18;;27.106
[2026-08-13 17:07:53,335] [SUBPROCESS]    R6117;VDD.$2682.18;VDD.$605.18;;0.0
[2026-08-13 17:07:53,335] [SUBPROCESS]    R6118;VDD.$2684.18;VDD.$2685.25;;9.3
[2026-08-13 17:07:53,336] [SUBPROCESS]    R6119;VDD.$2684.18;VDD.$2692.18;;18.432
[2026-08-13 17:07:53,337] [SUBPROCESS]    R6120;VDD.$2685.25;VDD.$2693.25;;0.0
[2026-08-13 17:07:53,338] [SUBPROCESS]    R6121;VDD.$2686.18;VDD.$2687.25;;9.3
[2026-08-13 17:07:53,338] [SUBPROCESS]    R6122;VDD.$2686.18;VDD.$601.18;;27.106
[2026-08-13 17:07:53,339] [SUBPROCESS]    R6123;VDD.$2686.18;VDD.$627.18;;0.0
[2026-08-13 17:07:53,339] [SUBPROCESS]    R6124;VDD.$2687.25;VDD.$2695.25;;0.075
[2026-08-13 17:07:53,340] [SUBPROCESS]    R6125;VDD.$2688.18;VDD.$2689.25;;9.3
[2026-08-13 17:07:53,340] [SUBPROCESS]    R6126;VDD.$2688.18;VDD.$603.18;;27.106
[2026-08-13 17:07:53,341] [SUBPROCESS]    R6127;VDD.$2688.18;VDD.$629.18;;0.0
[2026-08-13 17:07:53,341] [SUBPROCESS]    R6128;VDD.$2689.25;VDD.$2691.25;;0.0
[2026-08-13 17:07:53,342] [SUBPROCESS]    R6129;VDD.$2689.25;VDD.$2699.25;;0.036
[2026-08-13 17:07:53,342] [SUBPROCESS]    R6130;VDD.$2690.18;VDD.$2691.25;;9.3
[2026-08-13 17:07:53,343] [SUBPROCESS]    R6131;VDD.$2690.18;VDD.$605.18;;27.106
[2026-08-13 17:07:53,343] [SUBPROCESS]    R6132;VDD.$2690.18;VDD.$631.18;;0.0
[2026-08-13 17:07:53,344] [SUBPROCESS]    R6133;VDD.$2692.18;VDD.$2693.25;;9.3
[2026-08-13 17:07:53,344] [SUBPROCESS]    R6134;VDD.$2692.18;VDD.$2700.18;;18.432
[2026-08-13 17:07:53,344] [SUBPROCESS]    R6135;VDD.$2693.25;VDD.$2701.25;;0.0
[2026-08-13 17:07:53,345] [SUBPROCESS]    R6136;VDD.$2694.18;VDD.$2695.25;;9.3
[2026-08-13 17:07:53,345] [SUBPROCESS]    R6137;VDD.$2694.18;VDD.$627.18;;27.106
[2026-08-13 17:07:53,346] [SUBPROCESS]    R6138;VDD.$2694.18;VDD.$651.18;;0.0
[2026-08-13 17:07:53,346] [SUBPROCESS]    R6139;VDD.$2695.25;VDD.$4636.25;;0.068
[2026-08-13 17:07:53,347] [SUBPROCESS]    R6140;VDD.$2696.18;VDD.$2697.25;;9.3
[2026-08-13 17:07:53,347] [SUBPROCESS]    R6141;VDD.$2696.18;VDD.$629.18;;27.106
[2026-08-13 17:07:53,347] [SUBPROCESS]    R6142;VDD.$2696.18;VDD.$653.18;;0.0
[2026-08-13 17:07:53,348] [SUBPROCESS]    R6143;VDD.$2697.25;VDD.$2699.25;;0.0
[2026-08-13 17:07:53,348] [SUBPROCESS]    R6144;VDD.$2697.25;VDD.$2707.25;;0.036
[2026-08-13 17:07:53,349] [SUBPROCESS]    R6145;VDD.$2698.18;VDD.$2699.25;;9.3
[2026-08-13 17:07:53,349] [SUBPROCESS]    R6146;VDD.$2698.18;VDD.$631.18;;27.106
[2026-08-13 17:07:53,350] [SUBPROCESS]    R6147;VDD.$2698.18;VDD.$655.18;;0.0
[2026-08-13 17:07:53,350] [SUBPROCESS]    R6148;VDD.$270.15;VDD.$271.18;;585.0
[2026-08-13 17:07:53,350] [SUBPROCESS]    R6149;VDD.$2700.18;VDD.$2701.25;;9.3
[2026-08-13 17:07:53,351] [SUBPROCESS]    R6150;VDD.$2700.18;VDD.$2708.18;;18.432
[2026-08-13 17:07:53,351] [SUBPROCESS]    R6151;VDD.$2701.25;VDD.$2709.25;;0.0
[2026-08-13 17:07:53,352] [SUBPROCESS]    R6152;VDD.$2702.18;VDD.$2703.25;;9.3
[2026-08-13 17:07:53,352] [SUBPROCESS]    R6153;VDD.$2702.18;VDD.$651.18;;27.106
[2026-08-13 17:07:53,353] [SUBPROCESS]    R6154;VDD.$2702.18;VDD.$683.18;;0.0
[2026-08-13 17:07:53,353] [SUBPROCESS]    R6155;VDD.$2703.25;VDD.$4636.25;;0.018
[2026-08-13 17:07:53,354] [SUBPROCESS]    R6156;VDD.$2704.18;VDD.$2705.25;;9.3
[2026-08-13 17:07:53,354] [SUBPROCESS]    R6157;VDD.$2704.18;VDD.$653.18;;27.106
[2026-08-13 17:07:53,355] [SUBPROCESS]    R6158;VDD.$2704.18;VDD.$685.18;;0.0
[2026-08-13 17:07:53,355] [SUBPROCESS]    R6159;VDD.$2705.25;VDD.$2707.25;;0.0
[2026-08-13 17:07:53,356] [SUBPROCESS]    R6160;VDD.$2705.25;VDD.$4634.25;;0.23
[2026-08-13 17:07:53,356] [SUBPROCESS]    R6161;VDD.$2706.18;VDD.$2707.25;;9.3
[2026-08-13 17:07:53,357] [SUBPROCESS]    R6162;VDD.$2706.18;VDD.$655.18;;27.106
[2026-08-13 17:07:53,357] [SUBPROCESS]    R6163;VDD.$2706.18;VDD.$687.18;;0.0
[2026-08-13 17:07:53,358] [SUBPROCESS]    R6164;VDD.$2708.18;VDD.$2709.25;;9.3
[2026-08-13 17:07:53,358] [SUBPROCESS]    R6165;VDD.$2708.18;VDD.$2710.18;;18.432
[2026-08-13 17:07:53,358] [SUBPROCESS]    R6166;VDD.$2709.25;VDD.$2711.25;;0.0
[2026-08-13 17:07:53,359] [SUBPROCESS]    R6167;VDD.$2710.18;VDD.$2711.25;;9.3
[2026-08-13 17:07:53,359] [SUBPROCESS]    R6168;VDD.$2710.18;VDD.$2712.18;;18.432
[2026-08-13 17:07:53,360] [SUBPROCESS]    R6169;VDD.$2711.25;VDD.$2713.25;;0.0
[2026-08-13 17:07:53,360] [SUBPROCESS]    R6170;VDD.$2712.18;VDD.$2713.25;;9.3
[2026-08-13 17:07:53,361] [SUBPROCESS]    R6171;VDD.$2712.18;VDD.$2714.18;;18.432
[2026-08-13 17:07:53,361] [SUBPROCESS]    R6172;VDD.$2713.25;VDD.$2715.25;;0.0
[2026-08-13 17:07:53,361] [SUBPROCESS]    R6173;VDD.$2714.18;VDD.$2715.25;;9.3
[2026-08-13 17:07:53,362] [SUBPROCESS]    R6174;VDD.$2714.18;VDD.$2716.18;;18.432
[2026-08-13 17:07:53,362] [SUBPROCESS]    R6175;VDD.$2715.25;VDD.$2717.25;;0.0
[2026-08-13 17:07:53,363] [SUBPROCESS]    R6176;VDD.$2716.18;VDD.$2717.25;;9.3
[2026-08-13 17:07:53,363] [SUBPROCESS]    R6177;VDD.$2716.18;VDD.$2718.18;;18.432
[2026-08-13 17:07:53,364] [SUBPROCESS]    R6178;VDD.$2717.25;VDD.$2719.25;;0.0
[2026-08-13 17:07:53,364] [SUBPROCESS]    R6179;VDD.$2718.18;VDD.$2719.25;;9.3
[2026-08-13 17:07:53,364] [SUBPROCESS]    R6180;VDD.$2718.18;VDD.$2720.18;;59.985
[2026-08-13 17:07:53,365] [SUBPROCESS]    R6181;VDD.$2719.25;VDD.$2865.25;;0.0
[2026-08-13 17:07:53,365] [SUBPROCESS]    R6182;VDD.$272.15;VDD.$273.18;;585.0
[2026-08-13 17:07:53,366] [SUBPROCESS]    R6183;VDD.$2720.18;VDD.$2721.25;;9.3
[2026-08-13 17:07:53,366] [SUBPROCESS]    R6184;VDD.$2720.18;VDD.$2722.18;;18.432
[2026-08-13 17:07:53,366] [SUBPROCESS]    R6185;VDD.$2721.25;VDD.$2723.25;;0.184
[2026-08-13 17:07:53,367] [SUBPROCESS]    R6186;VDD.$2721.25;VDD.$4628.25;;3.407
[2026-08-13 17:07:53,367] [SUBPROCESS]    R6187;VDD.$2722.18;VDD.$2723.25;;9.3
[2026-08-13 17:07:53,368] [SUBPROCESS]    R6188;VDD.$2722.18;VDD.$2724.18;;18.432
[2026-08-13 17:07:53,368] [SUBPROCESS]    R6189;VDD.$2723.25;VDD.$2725.25;;0.18
[2026-08-13 17:07:53,369] [SUBPROCESS]    R6190;VDD.$2724.18;VDD.$2725.25;;9.3
[2026-08-13 17:07:53,369] [SUBPROCESS]    R6191;VDD.$2724.18;VDD.$2726.18;;18.432
[2026-08-13 17:07:53,370] [SUBPROCESS]    R6192;VDD.$2725.25;VDD.$2727.25;;0.18
[2026-08-13 17:07:53,371] [SUBPROCESS]    R6193;VDD.$2726.18;VDD.$2727.25;;9.3
[2026-08-13 17:07:53,371] [SUBPROCESS]    R6194;VDD.$2726.18;VDD.$2728.18;;18.432
[2026-08-13 17:07:53,372] [SUBPROCESS]    R6195;VDD.$2727.25;VDD.$2729.25;;0.18
[2026-08-13 17:07:53,373] [SUBPROCESS]    R6196;VDD.$2728.18;VDD.$2729.25;;9.3
[2026-08-13 17:07:53,373] [SUBPROCESS]    R6197;VDD.$2728.18;VDD.$2730.18;;18.432
[2026-08-13 17:07:53,374] [SUBPROCESS]    R6198;VDD.$2729.25;VDD.$2731.25;;0.18
[2026-08-13 17:07:53,374] [SUBPROCESS]    R6199;VDD.$2730.18;VDD.$2731.25;;9.3
[2026-08-13 17:07:53,375] [SUBPROCESS]    R6200;VDD.$2730.18;VDD.$2732.18;;18.432
[2026-08-13 17:07:53,375] [SUBPROCESS]    R6201;VDD.$2731.25;VDD.$2733.25;;0.18
[2026-08-13 17:07:53,376] [SUBPROCESS]    R6202;VDD.$2732.18;VDD.$2733.25;;9.3
[2026-08-13 17:07:53,376] [SUBPROCESS]    R6203;VDD.$2732.18;VDD.$2734.18;;18.432
[2026-08-13 17:07:53,376] [SUBPROCESS]    R6204;VDD.$2733.25;VDD.$2735.25;;0.18
[2026-08-13 17:07:53,377] [SUBPROCESS]    R6205;VDD.$2734.18;VDD.$2735.25;;9.3
[2026-08-13 17:07:53,377] [SUBPROCESS]    R6206;VDD.$2734.18;VDD.$2736.18;;18.432
[2026-08-13 17:07:53,378] [SUBPROCESS]    R6207;VDD.$2735.25;VDD.$2737.25;;0.18
[2026-08-13 17:07:53,378] [SUBPROCESS]    R6208;VDD.$2736.18;VDD.$2737.25;;9.3
[2026-08-13 17:07:53,379] [SUBPROCESS]    R6209;VDD.$2736.18;VDD.$2738.18;;18.432
[2026-08-13 17:07:53,379] [SUBPROCESS]    R6210;VDD.$2737.25;VDD.$2739.25;;0.18
[2026-08-13 17:07:53,380] [SUBPROCESS]    R6211;VDD.$2738.18;VDD.$2739.25;;9.3
[2026-08-13 17:07:53,380] [SUBPROCESS]    R6212;VDD.$274.15;VDD.$275.18;;585.0
[2026-08-13 17:07:53,381] [SUBPROCESS]    R6213;VDD.$2740.18;VDD.$2741.25;;9.3
[2026-08-13 17:07:53,381] [SUBPROCESS]    R6214;VDD.$2740.18;VDD.$2742.18;;18.432
[2026-08-13 17:07:53,381] [SUBPROCESS]    R6215;VDD.$2740.18;VDD.$2798.18;;18.432
[2026-08-13 17:07:53,382] [SUBPROCESS]    R6216;VDD.$2741.25;VDD.$2743.25;;0.009
[2026-08-13 17:07:53,382] [SUBPROCESS]    R6217;VDD.$2741.25;VDD.$2799.25;;0.009
[2026-08-13 17:07:53,383] [SUBPROCESS]    R6218;VDD.$2742.18;VDD.$2743.25;;9.3
[2026-08-13 17:07:53,383] [SUBPROCESS]    R6219;VDD.$2742.18;VDD.$2772.18;;18.432
[2026-08-13 17:07:53,384] [SUBPROCESS]    R6220;VDD.$2743.25;VDD.$2773.25;;0.009
[2026-08-13 17:07:53,384] [SUBPROCESS]    R6221;VDD.$2744.18;VDD.$2745.25;;9.3
[2026-08-13 17:07:53,385] [SUBPROCESS]    R6222;VDD.$2744.18;VDD.$2762.18;;18.432
[2026-08-13 17:07:53,385] [SUBPROCESS]    R6223;VDD.$2744.18;VDD.$2788.18;;62.289
[2026-08-13 17:07:53,386] [SUBPROCESS]    R6224;VDD.$2745.25;VDD.$2763.25;;0.009
[2026-08-13 17:07:53,387] [SUBPROCESS]    R6225;VDD.$2746.18;VDD.$2747.25;;9.3
[2026-08-13 17:07:53,387] [SUBPROCESS]    R6226;VDD.$2746.18;VDD.$2756.18;;18.432
[2026-08-13 17:07:53,387] [SUBPROCESS]    R6227;VDD.$2747.25;VDD.$2757.25;;0.18
[2026-08-13 17:07:53,388] [SUBPROCESS]    R6228;VDD.$2748.18;VDD.$2749.25;;9.3
[2026-08-13 17:07:53,389] [SUBPROCESS]    R6229;VDD.$2748.18;VDD.$2758.18;;18.432
[2026-08-13 17:07:53,389] [SUBPROCESS]    R6230;VDD.$2749.25;VDD.$2759.25;;0.18
[2026-08-13 17:07:53,389] [SUBPROCESS]    R6231;VDD.$2750.18;VDD.$2751.25;;9.3
[2026-08-13 17:07:53,390] [SUBPROCESS]    R6232;VDD.$2750.18;VDD.$2752.18;;18.432
[2026-08-13 17:07:53,390] [SUBPROCESS]    R6233;VDD.$2750.18;VDD.$2796.18;;18.432
[2026-08-13 17:07:53,391] [SUBPROCESS]    R6234;VDD.$2751.25;VDD.$2753.25;;0.009
[2026-08-13 17:07:53,391] [SUBPROCESS]    R6235;VDD.$2751.25;VDD.$2797.25;;0.009
[2026-08-13 17:07:53,392] [SUBPROCESS]    R6236;VDD.$2752.18;VDD.$2753.25;;9.3
[2026-08-13 17:07:53,392] [SUBPROCESS]    R6237;VDD.$2752.18;VDD.$2754.18;;18.432
[2026-08-13 17:07:53,393] [SUBPROCESS]    R6238;VDD.$2753.25;VDD.$4628.25;;0.008
[2026-08-13 17:07:53,393] [SUBPROCESS]    R6239;VDD.$2754.18;VDD.$2755.25;;9.3
[2026-08-13 17:07:53,394] [SUBPROCESS]    R6240;VDD.$2754.18;VDD.$2760.18;;18.432
[2026-08-13 17:07:53,394] [SUBPROCESS]    R6241;VDD.$2755.25;VDD.$2761.25;;0.009
[2026-08-13 17:07:53,395] [SUBPROCESS]    R6242;VDD.$2755.25;VDD.$4628.25;;0.001
[2026-08-13 17:07:53,395] [SUBPROCESS]    R6243;VDD.$2756.18;VDD.$2757.25;;9.3
[2026-08-13 17:07:53,396] [SUBPROCESS]    R6244;VDD.$2756.18;VDD.$2766.18;;18.432
[2026-08-13 17:07:53,396] [SUBPROCESS]    R6245;VDD.$2757.25;VDD.$2767.25;;0.18
[2026-08-13 17:07:53,397] [SUBPROCESS]    R6246;VDD.$2758.18;VDD.$2759.25;;9.3
[2026-08-13 17:07:53,397] [SUBPROCESS]    R6247;VDD.$2758.18;VDD.$2768.18;;18.432
[2026-08-13 17:07:53,398] [SUBPROCESS]    R6248;VDD.$2759.25;VDD.$2769.25;;0.18
[2026-08-13 17:07:53,398] [SUBPROCESS]    R6249;VDD.$276.15;VDD.$277.18;;585.0
[2026-08-13 17:07:53,399] [SUBPROCESS]    R6250;VDD.$2760.18;VDD.$2761.25;;9.3
[2026-08-13 17:07:53,399] [SUBPROCESS]    R6251;VDD.$2760.18;VDD.$2774.18;;18.432
[2026-08-13 17:07:53,399] [SUBPROCESS]    R6252;VDD.$2761.25;VDD.$2775.25;;0.009
[2026-08-13 17:07:53,400] [SUBPROCESS]    R6253;VDD.$2762.18;VDD.$2763.25;;9.3
[2026-08-13 17:07:53,400] [SUBPROCESS]    R6254;VDD.$2762.18;VDD.$2764.18;;18.432
[2026-08-13 17:07:53,401] [SUBPROCESS]    R6255;VDD.$2763.25;VDD.$2765.25;;0.009
[2026-08-13 17:07:53,401] [SUBPROCESS]    R6256;VDD.$2764.18;VDD.$2765.25;;9.3
[2026-08-13 17:07:53,402] [SUBPROCESS]    R6257;VDD.$2764.18;VDD.$2770.18;;18.432
[2026-08-13 17:07:53,403] [SUBPROCESS]    R6258;VDD.$2765.25;VDD.$2771.25;;0.009
[2026-08-13 17:07:53,403] [SUBPROCESS]    R6259;VDD.$2766.18;VDD.$2767.25;;9.3
[2026-08-13 17:07:53,404] [SUBPROCESS]    R6260;VDD.$2766.18;VDD.$2776.18;;18.432
[2026-08-13 17:07:53,404] [SUBPROCESS]    R6261;VDD.$2767.25;VDD.$2777.25;;0.18
[2026-08-13 17:07:53,405] [SUBPROCESS]    R6262;VDD.$2768.18;VDD.$2769.25;;9.3
[2026-08-13 17:07:53,405] [SUBPROCESS]    R6263;VDD.$2768.18;VDD.$2778.18;;18.432
[2026-08-13 17:07:53,406] [SUBPROCESS]    R6264;VDD.$2769.25;VDD.$2779.25;;0.18
[2026-08-13 17:07:53,406] [SUBPROCESS]    R6265;VDD.$2770.18;VDD.$2771.25;;9.3
[2026-08-13 17:07:53,407] [SUBPROCESS]    R6266;VDD.$2770.18;VDD.$2798.18;;18.432
[2026-08-13 17:07:53,407] [SUBPROCESS]    R6267;VDD.$2771.25;VDD.$2799.25;;0.009
[2026-08-13 17:07:53,408] [SUBPROCESS]    R6268;VDD.$2772.18;VDD.$2773.25;;9.3
[2026-08-13 17:07:53,408] [SUBPROCESS]    R6269;VDD.$2772.18;VDD.$2792.18;;18.432
[2026-08-13 17:07:53,409] [SUBPROCESS]    R6270;VDD.$2773.25;VDD.$2793.25;;0.009
[2026-08-13 17:07:53,409] [SUBPROCESS]    R6271;VDD.$2774.18;VDD.$2775.25;;9.3
[2026-08-13 17:07:53,410] [SUBPROCESS]    R6272;VDD.$2774.18;VDD.$2790.18;;62.289
[2026-08-13 17:07:53,410] [SUBPROCESS]    R6273;VDD.$2775.25;VDD.$4640.25;;0.012
[2026-08-13 17:07:53,411] [SUBPROCESS]    R6274;VDD.$2776.18;VDD.$2777.25;;9.3
[2026-08-13 17:07:53,411] [SUBPROCESS]    R6275;VDD.$2776.18;VDD.$2780.18;;18.432
[2026-08-13 17:07:53,412] [SUBPROCESS]    R6276;VDD.$2777.25;VDD.$2781.25;;0.18
[2026-08-13 17:07:53,412] [SUBPROCESS]    R6277;VDD.$2778.18;VDD.$2779.25;;9.3
[2026-08-13 17:07:53,413] [SUBPROCESS]    R6278;VDD.$2778.18;VDD.$2782.18;;18.432
[2026-08-13 17:07:53,413] [SUBPROCESS]    R6279;VDD.$2779.25;VDD.$2783.25;;0.18
[2026-08-13 17:07:53,413] [SUBPROCESS]    R6280;VDD.$278.15;VDD.$279.18;;585.0
[2026-08-13 17:07:53,414] [SUBPROCESS]    R6281;VDD.$2780.18;VDD.$2781.25;;9.3
[2026-08-13 17:07:53,414] [SUBPROCESS]    R6282;VDD.$2780.18;VDD.$2784.18;;18.432
[2026-08-13 17:07:53,415] [SUBPROCESS]    R6283;VDD.$2781.25;VDD.$2785.25;;0.18
[2026-08-13 17:07:53,415] [SUBPROCESS]    R6284;VDD.$2782.18;VDD.$2783.25;;9.3
[2026-08-13 17:07:53,416] [SUBPROCESS]    R6285;VDD.$2782.18;VDD.$2786.18;;18.432
[2026-08-13 17:07:53,416] [SUBPROCESS]    R6286;VDD.$2783.25;VDD.$2787.25;;0.18
[2026-08-13 17:07:53,416] [SUBPROCESS]    R6287;VDD.$2784.18;VDD.$2785.25;;9.3
[2026-08-13 17:07:53,417] [SUBPROCESS]    R6288;VDD.$2784.18;VDD.$2788.18;;18.432
[2026-08-13 17:07:53,417] [SUBPROCESS]    R6289;VDD.$2785.25;VDD.$2789.25;;0.18
[2026-08-13 17:07:53,418] [SUBPROCESS]    R6290;VDD.$2786.18;VDD.$2787.25;;9.3
[2026-08-13 17:07:53,418] [SUBPROCESS]    R6291;VDD.$2786.18;VDD.$2790.18;;18.432
[2026-08-13 17:07:53,419] [SUBPROCESS]    R6292;VDD.$2787.25;VDD.$2791.25;;0.18
[2026-08-13 17:07:53,419] [SUBPROCESS]    R6293;VDD.$2788.18;VDD.$2789.25;;9.3
[2026-08-13 17:07:53,420] [SUBPROCESS]    R6294;VDD.$2790.18;VDD.$2791.25;;9.3
[2026-08-13 17:07:53,421] [SUBPROCESS]    R6295;VDD.$2791.25;VDD.$4640.25;;0.273
[2026-08-13 17:07:53,421] [SUBPROCESS]    R6296;VDD.$2792.18;VDD.$2793.25;;9.3
[2026-08-13 17:07:53,422] [SUBPROCESS]    R6297;VDD.$2792.18;VDD.$2794.18;;18.432
[2026-08-13 17:07:53,422] [SUBPROCESS]    R6298;VDD.$2793.25;VDD.$2795.25;;0.009
[2026-08-13 17:07:53,423] [SUBPROCESS]    R6299;VDD.$2794.18;VDD.$2795.25;;9.3
[2026-08-13 17:07:53,423] [SUBPROCESS]    R6300;VDD.$2794.18;VDD.$2796.18;;18.432
[2026-08-13 17:07:53,424] [SUBPROCESS]    R6301;VDD.$2795.25;VDD.$2797.25;;0.009
[2026-08-13 17:07:53,424] [SUBPROCESS]    R6302;VDD.$2796.18;VDD.$2797.25;;9.3
[2026-08-13 17:07:53,424] [SUBPROCESS]    R6303;VDD.$2798.18;VDD.$2799.25;;9.3
[2026-08-13 17:07:53,425] [SUBPROCESS]    R6304;VDD.$28.15;VDD.$29.18;;585.0
[2026-08-13 17:07:53,425] [SUBPROCESS]    R6305;VDD.$28.15;VDD.$36.15;;0.0
[2026-08-13 17:07:53,426] [SUBPROCESS]    R6306;VDD.$280.15;VDD.$281.18;;585.0
[2026-08-13 17:07:53,426] [SUBPROCESS]    R6307;VDD.$2800.18;VDD.$2801.25;;9.3
[2026-08-13 17:07:53,426] [SUBPROCESS]    R6308;VDD.$2800.18;VDD.$2850.18;;18.432
[2026-08-13 17:07:53,427] [SUBPROCESS]    R6309;VDD.$2800.18;VDD.$2868.18;;18.432
[2026-08-13 17:07:53,427] [SUBPROCESS]    R6310;VDD.$2801.25;VDD.$2811.25;;0.043
[2026-08-13 17:07:53,428] [SUBPROCESS]    R6311;VDD.$2801.25;VDD.$2857.25;;0.003
[2026-08-13 17:07:53,428] [SUBPROCESS]    R6312;VDD.$2802.18;VDD.$2803.25;;9.3
[2026-08-13 17:07:53,429] [SUBPROCESS]    R6313;VDD.$2802.18;VDD.$2820.18;;18.432
[2026-08-13 17:07:53,429] [SUBPROCESS]    R6314;VDD.$2802.18;VDD.$2846.18;;18.432
[2026-08-13 17:07:53,429] [SUBPROCESS]    R6315;VDD.$2803.25;VDD.$2805.25;;0.005
[2026-08-13 17:07:53,430] [SUBPROCESS]    R6316;VDD.$2803.25;VDD.$2849.25;;0.04
[2026-08-13 17:07:53,430] [SUBPROCESS]    R6317;VDD.$2804.18;VDD.$2805.25;;9.3
[2026-08-13 17:07:53,431] [SUBPROCESS]    R6318;VDD.$2804.18;VDD.$561.18;;27.106
[2026-08-13 17:07:53,431] [SUBPROCESS]    R6319;VDD.$2804.18;VDD.$643.18;;0.0
[2026-08-13 17:07:53,432] [SUBPROCESS]    R6320;VDD.$2805.25;VDD.$2821.25;;0.04
[2026-08-13 17:07:53,432] [SUBPROCESS]    R6321;VDD.$2806.18;VDD.$2807.25;;9.3
[2026-08-13 17:07:53,432] [SUBPROCESS]    R6322;VDD.$2806.18;VDD.$583.18;;27.106
[2026-08-13 17:07:53,433] [SUBPROCESS]    R6323;VDD.$2806.18;VDD.$647.18;;0.0
[2026-08-13 17:07:53,433] [SUBPROCESS]    R6324;VDD.$2807.25;VDD.$2809.25;;0.0
[2026-08-13 17:07:53,434] [SUBPROCESS]    R6325;VDD.$2807.25;VDD.$2827.25;;0.036
[2026-08-13 17:07:53,434] [SUBPROCESS]    R6326;VDD.$2808.18;VDD.$2809.25;;9.3
[2026-08-13 17:07:53,435] [SUBPROCESS]    R6327;VDD.$2808.18;VDD.$585.18;;27.106
[2026-08-13 17:07:53,435] [SUBPROCESS]    R6328;VDD.$2808.18;VDD.$679.18;;0.0
[2026-08-13 17:07:53,435] [SUBPROCESS]    R6329;VDD.$2809.25;VDD.$2853.25;;0.036
[2026-08-13 17:07:53,436] [SUBPROCESS]    R6330;VDD.$2810.18;VDD.$2811.25;;9.3
[2026-08-13 17:07:53,437] [SUBPROCESS]    R6331;VDD.$2810.18;VDD.$563.18;;27.106
[2026-08-13 17:07:53,437] [SUBPROCESS]    R6332;VDD.$2810.18;VDD.$611.18;;0.0
[2026-08-13 17:07:53,438] [SUBPROCESS]    R6333;VDD.$2811.25;VDD.$2869.25;;0.003
[2026-08-13 17:07:53,438] [SUBPROCESS]    R6334;VDD.$2812.18;VDD.$2813.25;;9.3
[2026-08-13 17:07:53,439] [SUBPROCESS]    R6335;VDD.$2812.18;VDD.$565.18;;27.106
[2026-08-13 17:07:53,439] [SUBPROCESS]    R6336;VDD.$2812.18;VDD.$613.18;;0.0
[2026-08-13 17:07:53,440] [SUBPROCESS]    R6337;VDD.$2813.25;VDD.$2815.25;;0.0
[2026-08-13 17:07:53,440] [SUBPROCESS]    R6338;VDD.$2813.25;VDD.$2843.25;;0.036
[2026-08-13 17:07:53,441] [SUBPROCESS]    R6339;VDD.$2814.18;VDD.$2815.25;;9.3
[2026-08-13 17:07:53,441] [SUBPROCESS]    R6340;VDD.$2814.18;VDD.$567.18;;27.106
[2026-08-13 17:07:53,442] [SUBPROCESS]    R6341;VDD.$2814.18;VDD.$615.18;;0.0
[2026-08-13 17:07:53,442] [SUBPROCESS]    R6342;VDD.$2815.25;VDD.$2859.25;;0.036
[2026-08-13 17:07:53,442] [SUBPROCESS]    R6343;VDD.$2816.18;VDD.$2817.25;;9.3
[2026-08-13 17:07:53,443] [SUBPROCESS]    R6344;VDD.$2816.18;VDD.$2846.18;;18.432
[2026-08-13 17:07:53,443] [SUBPROCESS]    R6345;VDD.$2816.18;VDD.$2886.18;;18.432
[2026-08-13 17:07:53,444] [SUBPROCESS]    R6346;VDD.$2817.25;VDD.$2819.25;;0.005
[2026-08-13 17:07:53,444] [SUBPROCESS]    R6347;VDD.$2817.25;VDD.$2889.25;;0.04
[2026-08-13 17:07:53,445] [SUBPROCESS]    R6348;VDD.$2818.18;VDD.$2819.25;;9.3
[2026-08-13 17:07:53,445] [SUBPROCESS]    R6349;VDD.$2818.18;VDD.$697.18;;0.0
[2026-08-13 17:07:53,445] [SUBPROCESS]    R6350;VDD.$2818.18;VDD.$701.18;;27.106
[2026-08-13 17:07:53,446] [SUBPROCESS]    R6351;VDD.$2819.25;VDD.$2847.25;;0.04
[2026-08-13 17:07:53,446] [SUBPROCESS]    R6352;VDD.$282.15;VDD.$283.18;;585.0
[2026-08-13 17:07:53,447] [SUBPROCESS]    R6353;VDD.$282.15;VDD.P78.15;;0.0
[2026-08-13 17:07:53,447] [SUBPROCESS]    R6354;VDD.$2820.18;VDD.$2821.25;;9.3
[2026-08-13 17:07:53,448] [SUBPROCESS]    R6355;VDD.$2820.18;VDD.$2838.18;;18.432
[2026-08-13 17:07:53,448] [SUBPROCESS]    R6356;VDD.$2821.25;VDD.$2823.25;;0.005
[2026-08-13 17:07:53,449] [SUBPROCESS]    R6357;VDD.$2822.18;VDD.$2823.25;;9.3
[2026-08-13 17:07:53,449] [SUBPROCESS]    R6358;VDD.$2822.18;VDD.$643.18;;27.106
[2026-08-13 17:07:53,450] [SUBPROCESS]    R6359;VDD.$2822.18;VDD.$699.18;;0.0
[2026-08-13 17:07:53,451] [SUBPROCESS]    R6360;VDD.$2823.25;VDD.$2839.25;;0.04
[2026-08-13 17:07:53,451] [SUBPROCESS]    R6361;VDD.$2824.18;VDD.$2825.25;;9.3
[2026-08-13 17:07:53,452] [SUBPROCESS]    R6362;VDD.$2824.18;VDD.$541.18;;0.0
[2026-08-13 17:07:53,452] [SUBPROCESS]    R6363;VDD.$2824.18;VDD.$647.18;;27.106
[2026-08-13 17:07:53,453] [SUBPROCESS]    R6364;VDD.$2825.25;VDD.$2827.25;;0.0
[2026-08-13 17:07:53,454] [SUBPROCESS]    R6365;VDD.$2825.25;VDD.$2861.25;;0.138
[2026-08-13 17:07:53,454] [SUBPROCESS]    R6366;VDD.$2826.18;VDD.$2827.25;;9.3
[2026-08-13 17:07:53,455] [SUBPROCESS]    R6367;VDD.$2826.18;VDD.$553.18;;0.0
[2026-08-13 17:07:53,456] [SUBPROCESS]    R6368;VDD.$2826.18;VDD.$679.18;;27.106
[2026-08-13 17:07:53,456] [SUBPROCESS]    R6369;VDD.$2828.18;VDD.$2829.25;;9.3
[2026-08-13 17:07:53,456] [SUBPROCESS]    R6370;VDD.$2828.18;VDD.$559.18;;0.0
[2026-08-13 17:07:53,457] [SUBPROCESS]    R6371;VDD.$2828.18;VDD.$703.18;;27.106
[2026-08-13 17:07:53,457] [SUBPROCESS]    R6372;VDD.$2829.25;VDD.$2831.25;;0.0
[2026-08-13 17:07:53,458] [SUBPROCESS]    R6373;VDD.$2829.25;VDD.$2855.25;;0.036
[2026-08-13 17:07:53,458] [SUBPROCESS]    R6374;VDD.$2830.18;VDD.$2831.25;;9.3
[2026-08-13 17:07:53,459] [SUBPROCESS]    R6375;VDD.$2830.18;VDD.$639.18;;0.0
[2026-08-13 17:07:53,459] [SUBPROCESS]    R6376;VDD.$2830.18;VDD.$705.18;;27.106
[2026-08-13 17:07:53,460] [SUBPROCESS]    R6377;VDD.$2831.25;VDD.$2891.25;;0.036
[2026-08-13 17:07:53,460] [SUBPROCESS]    R6378;VDD.$2832.18;VDD.$2833.25;;9.3
[2026-08-13 17:07:53,461] [SUBPROCESS]    R6379;VDD.$2832.18;VDD.$2864.18;;18.432
[2026-08-13 17:07:53,461] [SUBPROCESS]    R6380;VDD.$2832.18;VDD.$2868.18;;18.432
[2026-08-13 17:07:53,462] [SUBPROCESS]    R6381;VDD.$2833.25;VDD.$2835.25;;0.047
[2026-08-13 17:07:53,462] [SUBPROCESS]    R6382;VDD.$2833.25;VDD.$2837.25;;0.003
[2026-08-13 17:07:53,463] [SUBPROCESS]    R6383;VDD.$2834.18;VDD.$2835.25;;9.3
[2026-08-13 17:07:53,463] [SUBPROCESS]    R6384;VDD.$2834.18;VDD.$543.18;;0.0
[2026-08-13 17:07:53,464] [SUBPROCESS]    R6385;VDD.$2834.18;VDD.$649.18;;27.106
[2026-08-13 17:07:53,464] [SUBPROCESS]    R6386;VDD.$2836.18;VDD.$2837.25;;9.3
[2026-08-13 17:07:53,465] [SUBPROCESS]    R6387;VDD.$2836.18;VDD.$611.18;;27.106
[2026-08-13 17:07:53,465] [SUBPROCESS]    R6388;VDD.$2836.18;VDD.$649.18;;0.0
[2026-08-13 17:07:53,466] [SUBPROCESS]    R6389;VDD.$2837.25;VDD.$2869.25;;0.044
[2026-08-13 17:07:53,466] [SUBPROCESS]    R6390;VDD.$2838.18;VDD.$2839.25;;9.3
[2026-08-13 17:07:53,467] [SUBPROCESS]    R6391;VDD.$2838.18;VDD.$2844.18;;18.432
[2026-08-13 17:07:53,467] [SUBPROCESS]    R6392;VDD.$2839.25;VDD.$2845.25;;0.045
[2026-08-13 17:07:53,467] [SUBPROCESS]    R6393;VDD.$284.15;VDD.$285.18;;585.0
[2026-08-13 17:07:53,468] [SUBPROCESS]    R6394;VDD.$284.15;VDD.P73.15;;0.0
[2026-08-13 17:07:53,469] [SUBPROCESS]    R6395;VDD.$2840.18;VDD.$2841.25;;9.3
[2026-08-13 17:07:53,469] [SUBPROCESS]    R6396;VDD.$2840.18;VDD.$613.18;;27.106
[2026-08-13 17:07:53,470] [SUBPROCESS]    R6397;VDD.$2840.18;VDD.$661.18;;0.0
[2026-08-13 17:07:53,470] [SUBPROCESS]    R6398;VDD.$2841.25;VDD.$2843.25;;0.0
[2026-08-13 17:07:53,471] [SUBPROCESS]    R6399;VDD.$2841.25;VDD.$2867.25;;0.036
[2026-08-13 17:07:53,471] [SUBPROCESS]    R6400;VDD.$2842.18;VDD.$2843.25;;9.3
[2026-08-13 17:07:53,472] [SUBPROCESS]    R6401;VDD.$2842.18;VDD.$615.18;;27.106
[2026-08-13 17:07:53,472] [SUBPROCESS]    R6402;VDD.$2842.18;VDD.$663.18;;0.0
[2026-08-13 17:07:53,473] [SUBPROCESS]    R6403;VDD.$2844.18;VDD.$2845.25;;9.3
[2026-08-13 17:07:53,473] [SUBPROCESS]    R6404;VDD.$2844.18;VDD.$2850.18;;18.432
[2026-08-13 17:07:53,474] [SUBPROCESS]    R6405;VDD.$2845.25;VDD.$2851.25;;0.045
[2026-08-13 17:07:53,474] [SUBPROCESS]    R6406;VDD.$2846.18;VDD.$2847.25;;9.3
[2026-08-13 17:07:53,474] [SUBPROCESS]    R6407;VDD.$2847.25;VDD.$2849.25;;0.005
[2026-08-13 17:07:53,475] [SUBPROCESS]    R6408;VDD.$2848.18;VDD.$2849.25;;9.3
[2026-08-13 17:07:53,475] [SUBPROCESS]    R6409;VDD.$2848.18;VDD.$561.18;;0.0
[2026-08-13 17:07:53,476] [SUBPROCESS]    R6410;VDD.$2848.18;VDD.$697.18;;27.106
[2026-08-13 17:07:53,476] [SUBPROCESS]    R6411;VDD.$2850.18;VDD.$2851.25;;9.3
[2026-08-13 17:07:53,477] [SUBPROCESS]    R6412;VDD.$2851.25;VDD.$2857.25;;0.043
[2026-08-13 17:07:53,477] [SUBPROCESS]    R6413;VDD.$2852.18;VDD.$2853.25;;9.3
[2026-08-13 17:07:53,477] [SUBPROCESS]    R6414;VDD.$2852.18;VDD.$559.18;;27.106
[2026-08-13 17:07:53,478] [SUBPROCESS]    R6415;VDD.$2852.18;VDD.$583.18;;0.0
[2026-08-13 17:07:53,478] [SUBPROCESS]    R6416;VDD.$2853.25;VDD.$2855.25;;0.0
[2026-08-13 17:07:53,479] [SUBPROCESS]    R6417;VDD.$2854.18;VDD.$2855.25;;9.3
[2026-08-13 17:07:53,479] [SUBPROCESS]    R6418;VDD.$2854.18;VDD.$585.18;;0.0
[2026-08-13 17:07:53,479] [SUBPROCESS]    R6419;VDD.$2854.18;VDD.$639.18;;27.106
[2026-08-13 17:07:53,480] [SUBPROCESS]    R6420;VDD.$2856.18;VDD.$2857.25;;9.3
[2026-08-13 17:07:53,480] [SUBPROCESS]    R6421;VDD.$2856.18;VDD.$563.18;;0.0
[2026-08-13 17:07:53,481] [SUBPROCESS]    R6422;VDD.$2858.18;VDD.$2859.25;;9.3
[2026-08-13 17:07:53,481] [SUBPROCESS]    R6423;VDD.$2858.18;VDD.$565.18;;0.0
[2026-08-13 17:07:53,482] [SUBPROCESS]    R6424;VDD.$2859.25;VDD.$2861.25;;0.0
[2026-08-13 17:07:53,482] [SUBPROCESS]    R6425;VDD.$286.15;VDD.$287.18;;585.0
[2026-08-13 17:07:53,482] [SUBPROCESS]    R6426;VDD.$2860.18;VDD.$2861.25;;9.3
[2026-08-13 17:07:53,483] [SUBPROCESS]    R6427;VDD.$2860.18;VDD.$567.18;;0.0
[2026-08-13 17:07:53,483] [SUBPROCESS]    R6428;VDD.$2862.18;VDD.$2863.25;;9.3
[2026-08-13 17:07:53,484] [SUBPROCESS]    R6429;VDD.$2862.18;VDD.$545.18;;0.0
[2026-08-13 17:07:53,484] [SUBPROCESS]    R6430;VDD.$2862.18;VDD.$661.18;;27.106
[2026-08-13 17:07:53,484] [SUBPROCESS]    R6431;VDD.$2863.25;VDD.$2867.25;;0.0
[2026-08-13 17:07:53,485] [SUBPROCESS]    R6432;VDD.$2864.18;VDD.$2865.25;;9.3
[2026-08-13 17:07:53,485] [SUBPROCESS]    R6433;VDD.$2865.25;VDD.$4636.25;;0.015
[2026-08-13 17:07:53,486] [SUBPROCESS]    R6434;VDD.$2866.18;VDD.$2867.25;;9.3
[2026-08-13 17:07:53,487] [SUBPROCESS]    R6435;VDD.$2866.18;VDD.$547.18;;0.0
[2026-08-13 17:07:53,488] [SUBPROCESS]    R6436;VDD.$2866.18;VDD.$663.18;;27.106
[2026-08-13 17:07:53,488] [SUBPROCESS]    R6437;VDD.$2868.18;VDD.$2869.25;;9.3
[2026-08-13 17:07:53,489] [SUBPROCESS]    R6438;VDD.$2870.18;VDD.$2871.25;;9.3
[2026-08-13 17:07:53,490] [SUBPROCESS]    R6439;VDD.$2870.18;VDD.$2978.18;;18.432
[2026-08-13 17:07:53,490] [SUBPROCESS]    R6440;VDD.$2870.18;VDD.$3018.18;;18.432
[2026-08-13 17:07:53,490] [SUBPROCESS]    R6441;VDD.$2871.25;VDD.$2979.25;;0.18
[2026-08-13 17:07:53,491] [SUBPROCESS]    R6442;VDD.$2871.25;VDD.$3019.25;;0.18
[2026-08-13 17:07:53,491] [SUBPROCESS]    R6443;VDD.$2872.18;VDD.$2873.25;;9.3
[2026-08-13 17:07:53,492] [SUBPROCESS]    R6444;VDD.$2872.18;VDD.$2980.18;;18.432
[2026-08-13 17:07:53,492] [SUBPROCESS]    R6445;VDD.$2872.18;VDD.$3010.18;;18.432
[2026-08-13 17:07:53,493] [SUBPROCESS]    R6446;VDD.$2873.25;VDD.$2981.25;;0.18
[2026-08-13 17:07:53,493] [SUBPROCESS]    R6447;VDD.$2873.25;VDD.$3011.25;;0.18
[2026-08-13 17:07:53,494] [SUBPROCESS]    R6448;VDD.$2874.18;VDD.$2875.25;;9.3
[2026-08-13 17:07:53,494] [SUBPROCESS]    R6449;VDD.$2874.18;VDD.$757.18;;0.0
[2026-08-13 17:07:53,494] [SUBPROCESS]    R6450;VDD.$2874.18;VDD.$797.18;;27.106
[2026-08-13 17:07:53,495] [SUBPROCESS]    R6451;VDD.$2875.25;VDD.$2897.25;;0.033
[2026-08-13 17:07:53,495] [SUBPROCESS]    R6452;VDD.$2875.25;VDD.$2921.25;;0.013
[2026-08-13 17:07:53,496] [SUBPROCESS]    R6453;VDD.$2876.18;VDD.$2877.25;;9.3
[2026-08-13 17:07:53,496] [SUBPROCESS]    R6454;VDD.$2876.18;VDD.$759.18;;0.0
[2026-08-13 17:07:53,496] [SUBPROCESS]    R6455;VDD.$2876.18;VDD.$799.18;;27.106
[2026-08-13 17:07:53,497] [SUBPROCESS]    R6456;VDD.$2877.25;VDD.$2879.25;;0.0
[2026-08-13 17:07:53,497] [SUBPROCESS]    R6457;VDD.$2877.25;VDD.$2943.25;;0.138
[2026-08-13 17:07:53,498] [SUBPROCESS]    R6458;VDD.$2878.18;VDD.$2879.25;;9.3
[2026-08-13 17:07:53,498] [SUBPROCESS]    R6459;VDD.$2878.18;VDD.$761.18;;0.0
[2026-08-13 17:07:53,499] [SUBPROCESS]    R6460;VDD.$2878.18;VDD.$813.18;;27.106
[2026-08-13 17:07:53,499] [SUBPROCESS]    R6461;VDD.$2879.25;VDD.$2927.25;;0.036
[2026-08-13 17:07:53,499] [SUBPROCESS]    R6462;VDD.$288.15;VDD.$289.18;;585.0
[2026-08-13 17:07:53,500] [SUBPROCESS]    R6463;VDD.$288.15;VDD.P39.15;;0.0
[2026-08-13 17:07:53,500] [SUBPROCESS]    R6464;VDD.$2880.18;VDD.$2881.25;;9.3
[2026-08-13 17:07:53,501] [SUBPROCESS]    R6465;VDD.$2880.18;VDD.$619.18;;27.106
[2026-08-13 17:07:53,501] [SUBPROCESS]    R6466;VDD.$2880.18;VDD.$669.18;;0.0
[2026-08-13 17:07:53,502] [SUBPROCESS]    R6467;VDD.$2881.25;VDD.$2887.25;;0.04
[2026-08-13 17:07:53,502] [SUBPROCESS]    R6468;VDD.$2881.25;VDD.$2899.25;;0.005
[2026-08-13 17:07:53,503] [SUBPROCESS]    R6469;VDD.$2882.18;VDD.$2883.25;;9.3
[2026-08-13 17:07:53,504] [SUBPROCESS]    R6470;VDD.$2882.18;VDD.$621.18;;27.106
[2026-08-13 17:07:53,504] [SUBPROCESS]    R6471;VDD.$2882.18;VDD.$671.18;;0.0
[2026-08-13 17:07:53,505] [SUBPROCESS]    R6472;VDD.$2883.25;VDD.$2885.25;;0.0
[2026-08-13 17:07:53,505] [SUBPROCESS]    R6473;VDD.$2883.25;VDD.$2893.25;;0.036
[2026-08-13 17:07:53,506] [SUBPROCESS]    R6474;VDD.$2884.18;VDD.$2885.25;;9.3
[2026-08-13 17:07:53,506] [SUBPROCESS]    R6475;VDD.$2884.18;VDD.$623.18;;27.106
[2026-08-13 17:07:53,507] [SUBPROCESS]    R6476;VDD.$2884.18;VDD.$673.18;;0.0
[2026-08-13 17:07:53,507] [SUBPROCESS]    R6477;VDD.$2885.25;VDD.$2935.25;;0.036
[2026-08-13 17:07:53,507] [SUBPROCESS]    R6478;VDD.$2886.18;VDD.$2887.25;;9.3
[2026-08-13 17:07:53,508] [SUBPROCESS]    R6479;VDD.$2886.18;VDD.$2898.18;;18.432
[2026-08-13 17:07:53,508] [SUBPROCESS]    R6480;VDD.$2887.25;VDD.$2889.25;;0.005
[2026-08-13 17:07:53,509] [SUBPROCESS]    R6481;VDD.$2888.18;VDD.$2889.25;;9.3
[2026-08-13 17:07:53,509] [SUBPROCESS]    R6482;VDD.$2888.18;VDD.$669.18;;27.106
[2026-08-13 17:07:53,510] [SUBPROCESS]    R6483;VDD.$2888.18;VDD.$701.18;;0.0
[2026-08-13 17:07:53,510] [SUBPROCESS]    R6484;VDD.$2890.18;VDD.$2891.25;;9.3
[2026-08-13 17:07:53,510] [SUBPROCESS]    R6485;VDD.$2890.18;VDD.$671.18;;27.106
[2026-08-13 17:07:53,511] [SUBPROCESS]    R6486;VDD.$2890.18;VDD.$703.18;;0.0
[2026-08-13 17:07:53,511] [SUBPROCESS]    R6487;VDD.$2891.25;VDD.$2893.25;;0.0
[2026-08-13 17:07:53,512] [SUBPROCESS]    R6488;VDD.$2892.18;VDD.$2893.25;;9.3
[2026-08-13 17:07:53,512] [SUBPROCESS]    R6489;VDD.$2892.18;VDD.$673.18;;27.106
[2026-08-13 17:07:53,513] [SUBPROCESS]    R6490;VDD.$2892.18;VDD.$705.18;;0.0
[2026-08-13 17:07:53,513] [SUBPROCESS]    R6491;VDD.$2894.18;VDD.$2895.25;;9.3
[2026-08-13 17:07:53,513] [SUBPROCESS]    R6492;VDD.$2894.18;VDD.$427.18;;0.0
[2026-08-13 17:07:53,514] [SUBPROCESS]    R6493;VDD.$2895.25;VDD.$2917.25;;0.036
[2026-08-13 17:07:53,514] [SUBPROCESS]    R6494;VDD.$2895.25;VDD.$2943.25;;0.0
[2026-08-13 17:07:53,515] [SUBPROCESS]    R6495;VDD.$2896.18;VDD.$2897.25;;9.3
[2026-08-13 17:07:53,515] [SUBPROCESS]    R6496;VDD.$2896.18;VDD.$2908.18;;18.432
[2026-08-13 17:07:53,515] [SUBPROCESS]    R6497;VDD.$2896.18;VDD.$2920.18;;18.432
[2026-08-13 17:07:53,516] [SUBPROCESS]    R6498;VDD.$2897.25;VDD.$2909.25;;0.045
[2026-08-13 17:07:53,516] [SUBPROCESS]    R6499;VDD.$2898.18;VDD.$2899.25;;9.3
[2026-08-13 17:07:53,517] [SUBPROCESS]    R6500;VDD.$2898.18;VDD.$2930.18;;18.432
[2026-08-13 17:07:53,517] [SUBPROCESS]    R6501;VDD.$2899.25;VDD.$2933.25;;0.04
[2026-08-13 17:07:53,518] [SUBPROCESS]    R6502;VDD.$290.15;VDD.$291.18;;585.0
[2026-08-13 17:07:53,518] [SUBPROCESS]    R6503;VDD.$290.15;VDD.P34.15;;0.0
[2026-08-13 17:07:53,518] [SUBPROCESS]    R6504;VDD.$2900.18;VDD.$2901.25;;9.3
[2026-08-13 17:07:53,519] [SUBPROCESS]    R6505;VDD.$2900.18;VDD.$2918.18;;18.432
[2026-08-13 17:07:53,520] [SUBPROCESS]    R6506;VDD.$2900.18;VDD.$3030.18;;18.432
[2026-08-13 17:07:53,521] [SUBPROCESS]    R6507;VDD.$2901.25;VDD.$2903.25;;0.013
[2026-08-13 17:07:53,521] [SUBPROCESS]    R6508;VDD.$2901.25;VDD.$3039.25;;0.033
[2026-08-13 17:07:53,521] [SUBPROCESS]    R6509;VDD.$2902.18;VDD.$2903.25;;9.3
[2026-08-13 17:07:53,522] [SUBPROCESS]    R6510;VDD.$2902.18;VDD.$715.18;;27.106
[2026-08-13 17:07:53,523] [SUBPROCESS]    R6511;VDD.$2902.18;VDD.$785.18;;0.0
[2026-08-13 17:07:53,523] [SUBPROCESS]    R6512;VDD.$2903.25;VDD.$2919.25;;0.033
[2026-08-13 17:07:53,524] [SUBPROCESS]    R6513;VDD.$2904.18;VDD.$2905.25;;9.3
[2026-08-13 17:07:53,524] [SUBPROCESS]    R6514;VDD.$2904.18;VDD.$725.18;;27.106
[2026-08-13 17:07:53,524] [SUBPROCESS]    R6515;VDD.$2904.18;VDD.$789.18;;0.0
[2026-08-13 17:07:53,525] [SUBPROCESS]    R6516;VDD.$2905.25;VDD.$2907.25;;0.0
[2026-08-13 17:07:53,525] [SUBPROCESS]    R6517;VDD.$2905.25;VDD.$2929.25;;0.036
[2026-08-13 17:07:53,526] [SUBPROCESS]    R6518;VDD.$2906.18;VDD.$2907.25;;9.3
[2026-08-13 17:07:53,526] [SUBPROCESS]    R6519;VDD.$2906.18;VDD.$717.18;;27.106
[2026-08-13 17:07:53,527] [SUBPROCESS]    R6520;VDD.$2906.18;VDD.$791.18;;0.0
[2026-08-13 17:07:53,527] [SUBPROCESS]    R6521;VDD.$2907.25;VDD.$3043.25;;0.036
[2026-08-13 17:07:53,527] [SUBPROCESS]    R6522;VDD.$2908.18;VDD.$2909.25;;9.3
[2026-08-13 17:07:53,528] [SUBPROCESS]    R6523;VDD.$2908.18;VDD.$2922.18;;18.432
[2026-08-13 17:07:53,528] [SUBPROCESS]    R6524;VDD.$2909.25;VDD.$2923.25;;0.045
[2026-08-13 17:07:53,529] [SUBPROCESS]    R6525;VDD.$2910.18;VDD.$2911.25;;9.3
[2026-08-13 17:07:53,529] [SUBPROCESS]    R6526;VDD.$2910.18;VDD.$2930.18;;18.432
[2026-08-13 17:07:53,530] [SUBPROCESS]    R6527;VDD.$2910.18;VDD.$2938.18;;18.432
[2026-08-13 17:07:53,530] [SUBPROCESS]    R6528;VDD.$2911.25;VDD.$2913.25;;0.005
[2026-08-13 17:07:53,531] [SUBPROCESS]    R6529;VDD.$2911.25;VDD.$2941.25;;0.04
[2026-08-13 17:07:53,531] [SUBPROCESS]    R6530;VDD.$2912.18;VDD.$2913.25;;9.3
[2026-08-13 17:07:53,531] [SUBPROCESS]    R6531;VDD.$2912.18;VDD.$423.18;;27.106
[2026-08-13 17:07:53,532] [SUBPROCESS]    R6532;VDD.$2912.18;VDD.$587.18;;0.0
[2026-08-13 17:07:53,533] [SUBPROCESS]    R6533;VDD.$2913.25;VDD.$2931.25;;0.04
[2026-08-13 17:07:53,533] [SUBPROCESS]    R6534;VDD.$2914.18;VDD.$2915.25;;9.3
[2026-08-13 17:07:53,534] [SUBPROCESS]    R6535;VDD.$2914.18;VDD.$425.18;;27.106
[2026-08-13 17:07:53,534] [SUBPROCESS]    R6536;VDD.$2914.18;VDD.$589.18;;0.0
[2026-08-13 17:07:53,535] [SUBPROCESS]    R6537;VDD.$2915.25;VDD.$2917.25;;0.0
[2026-08-13 17:07:53,536] [SUBPROCESS]    R6538;VDD.$2915.25;VDD.$2937.25;;0.036
[2026-08-13 17:07:53,536] [SUBPROCESS]    R6539;VDD.$2916.18;VDD.$2917.25;;9.3
[2026-08-13 17:07:53,537] [SUBPROCESS]    R6540;VDD.$2916.18;VDD.$427.18;;27.106
[2026-08-13 17:07:53,537] [SUBPROCESS]    R6541;VDD.$2916.18;VDD.$591.18;;0.0
[2026-08-13 17:07:53,538] [SUBPROCESS]    R6542;VDD.$2918.18;VDD.$2919.25;;9.3
[2026-08-13 17:07:53,538] [SUBPROCESS]    R6543;VDD.$2918.18;VDD.$2920.18;;18.432
[2026-08-13 17:07:53,539] [SUBPROCESS]    R6544;VDD.$2919.25;VDD.$2925.25;;0.013
[2026-08-13 17:07:53,539] [SUBPROCESS]    R6545;VDD.$292.15;VDD.$293.18;;585.0
[2026-08-13 17:07:53,540] [SUBPROCESS]    R6546;VDD.$292.15;VDD.$296.15;;0.0
[2026-08-13 17:07:53,540] [SUBPROCESS]    R6547;VDD.$292.15;VDD.$340.15;;0.0
[2026-08-13 17:07:53,541] [SUBPROCESS]    R6548;VDD.$2920.18;VDD.$2921.25;;9.3
[2026-08-13 17:07:53,541] [SUBPROCESS]    R6549;VDD.$2921.25;VDD.$2925.25;;0.033
[2026-08-13 17:07:53,541] [SUBPROCESS]    R6550;VDD.$2922.18;VDD.$2923.25;;9.3
[2026-08-13 17:07:53,542] [SUBPROCESS]    R6551;VDD.$2922.18;VDD.$2938.18;;18.432
[2026-08-13 17:07:53,542] [SUBPROCESS]    R6552;VDD.$2923.25;VDD.$2939.25;;0.045
[2026-08-13 17:07:53,543] [SUBPROCESS]    R6553;VDD.$2924.18;VDD.$2925.25;;9.3
[2026-08-13 17:07:53,543] [SUBPROCESS]    R6554;VDD.$2924.18;VDD.$785.18;;27.106
[2026-08-13 17:07:53,543] [SUBPROCESS]    R6555;VDD.$2924.18;VDD.$797.18;;0.0
[2026-08-13 17:07:53,544] [SUBPROCESS]    R6556;VDD.$2926.18;VDD.$2927.25;;9.3
[2026-08-13 17:07:53,544] [SUBPROCESS]    R6557;VDD.$2926.18;VDD.$789.18;;27.106
[2026-08-13 17:07:53,545] [SUBPROCESS]    R6558;VDD.$2926.18;VDD.$799.18;;0.0
[2026-08-13 17:07:53,545] [SUBPROCESS]    R6559;VDD.$2927.25;VDD.$2929.25;;0.0
[2026-08-13 17:07:53,546] [SUBPROCESS]    R6560;VDD.$2928.18;VDD.$2929.25;;9.3
[2026-08-13 17:07:53,546] [SUBPROCESS]    R6561;VDD.$2928.18;VDD.$791.18;;27.106
[2026-08-13 17:07:53,546] [SUBPROCESS]    R6562;VDD.$2928.18;VDD.$813.18;;0.0
[2026-08-13 17:07:53,547] [SUBPROCESS]    R6563;VDD.$2930.18;VDD.$2931.25;;9.3
[2026-08-13 17:07:53,547] [SUBPROCESS]    R6564;VDD.$2931.25;VDD.$2933.25;;0.005
[2026-08-13 17:07:53,548] [SUBPROCESS]    R6565;VDD.$2932.18;VDD.$2933.25;;9.3
[2026-08-13 17:07:53,548] [SUBPROCESS]    R6566;VDD.$2932.18;VDD.$587.18;;27.106
[2026-08-13 17:07:53,548] [SUBPROCESS]    R6567;VDD.$2932.18;VDD.$619.18;;0.0
[2026-08-13 17:07:53,549] [SUBPROCESS]    R6568;VDD.$2934.18;VDD.$2935.25;;9.3
[2026-08-13 17:07:53,549] [SUBPROCESS]    R6569;VDD.$2934.18;VDD.$589.18;;27.106
[2026-08-13 17:07:53,550] [SUBPROCESS]    R6570;VDD.$2934.18;VDD.$621.18;;0.0
[2026-08-13 17:07:53,550] [SUBPROCESS]    R6571;VDD.$2935.25;VDD.$2937.25;;0.0
[2026-08-13 17:07:53,550] [SUBPROCESS]    R6572;VDD.$2936.18;VDD.$2937.25;;9.3
[2026-08-13 17:07:53,551] [SUBPROCESS]    R6573;VDD.$2936.18;VDD.$591.18;;27.106
[2026-08-13 17:07:53,551] [SUBPROCESS]    R6574;VDD.$2936.18;VDD.$623.18;;0.0
[2026-08-13 17:07:53,552] [SUBPROCESS]    R6575;VDD.$2938.18;VDD.$2939.25;;9.3
[2026-08-13 17:07:53,553] [SUBPROCESS]    R6576;VDD.$2939.25;VDD.$2941.25;;0.005
[2026-08-13 17:07:53,553] [SUBPROCESS]    R6577;VDD.$294.15;VDD.$295.18;;585.0
[2026-08-13 17:07:53,554] [SUBPROCESS]    R6578;VDD.$294.15;VDD.$342.15;;0.0
[2026-08-13 17:07:53,554] [SUBPROCESS]    R6579;VDD.$2940.18;VDD.$2941.25;;9.3
[2026-08-13 17:07:53,555] [SUBPROCESS]    R6580;VDD.$2940.18;VDD.$423.18;;0.0
[2026-08-13 17:07:53,555] [SUBPROCESS]    R6581;VDD.$2942.18;VDD.$2943.25;;9.3
[2026-08-13 17:07:53,556] [SUBPROCESS]    R6582;VDD.$2942.18;VDD.$425.18;;0.0
[2026-08-13 17:07:53,556] [SUBPROCESS]    R6583;VDD.$2944.18;VDD.$2945.25;;9.3
[2026-08-13 17:07:53,557] [SUBPROCESS]    R6584;VDD.$2944.18;VDD.$2952.18;;18.432
[2026-08-13 17:07:53,557] [SUBPROCESS]    R6585;VDD.$2944.18;VDD.$2960.18;;18.432
[2026-08-13 17:07:53,557] [SUBPROCESS]    R6586;VDD.$2945.25;VDD.$2953.25;;0.18
[2026-08-13 17:07:53,558] [SUBPROCESS]    R6587;VDD.$2945.25;VDD.$2961.25;;0.18
[2026-08-13 17:07:53,558] [SUBPROCESS]    R6588;VDD.$2946.18;VDD.$2947.25;;9.3
[2026-08-13 17:07:53,559] [SUBPROCESS]    R6589;VDD.$2946.18;VDD.$2960.18;;18.432
[2026-08-13 17:07:53,559] [SUBPROCESS]    R6590;VDD.$2946.18;VDD.$2980.18;;18.432
[2026-08-13 17:07:53,560] [SUBPROCESS]    R6591;VDD.$2947.25;VDD.$2961.25;;0.18
[2026-08-13 17:07:53,560] [SUBPROCESS]    R6592;VDD.$2947.25;VDD.$2981.25;;0.18
[2026-08-13 17:07:53,560] [SUBPROCESS]    R6593;VDD.$2948.18;VDD.$2949.25;;9.3
[2026-08-13 17:07:53,561] [SUBPROCESS]    R6594;VDD.$2948.18;VDD.$2962.18;;18.432
[2026-08-13 17:07:53,561] [SUBPROCESS]    R6595;VDD.$2948.18;VDD.$2968.18;;18.432
[2026-08-13 17:07:53,562] [SUBPROCESS]    R6596;VDD.$2949.25;VDD.$2963.25;;0.18
[2026-08-13 17:07:53,562] [SUBPROCESS]    R6597;VDD.$2949.25;VDD.$2969.25;;0.18
[2026-08-13 17:07:53,563] [SUBPROCESS]    R6598;VDD.$2950.18;VDD.$2951.25;;9.3
[2026-08-13 17:07:53,563] [SUBPROCESS]    R6599;VDD.$2950.18;VDD.$2972.18;;18.432
[2026-08-13 17:07:53,563] [SUBPROCESS]    R6600;VDD.$2950.18;VDD.$2974.18;;18.432
[2026-08-13 17:07:53,564] [SUBPROCESS]    R6601;VDD.$2951.25;VDD.$2973.25;;0.18
[2026-08-13 17:07:53,564] [SUBPROCESS]    R6602;VDD.$2951.25;VDD.$2975.25;;0.18
[2026-08-13 17:07:53,565] [SUBPROCESS]    R6603;VDD.$2952.18;VDD.$2953.25;;9.3
[2026-08-13 17:07:53,565] [SUBPROCESS]    R6604;VDD.$2952.18;VDD.$2976.18;;18.432
[2026-08-13 17:07:53,565] [SUBPROCESS]    R6605;VDD.$2953.25;VDD.$2977.25;;0.18
[2026-08-13 17:07:53,566] [SUBPROCESS]    R6606;VDD.$2954.18;VDD.$2955.25;;9.3
[2026-08-13 17:07:53,566] [SUBPROCESS]    R6607;VDD.$2954.18;VDD.$2964.18;;18.432
[2026-08-13 17:07:53,567] [SUBPROCESS]    R6608;VDD.$2954.18;VDD.$2970.18;;18.432
[2026-08-13 17:07:53,567] [SUBPROCESS]    R6609;VDD.$2955.25;VDD.$2965.25;;0.18
[2026-08-13 17:07:53,568] [SUBPROCESS]    R6610;VDD.$2955.25;VDD.$2971.25;;0.18
[2026-08-13 17:07:53,568] [SUBPROCESS]    R6611;VDD.$2956.18;VDD.$2957.25;;9.3
[2026-08-13 17:07:53,569] [SUBPROCESS]    R6612;VDD.$2956.18;VDD.$2972.18;;18.432
[2026-08-13 17:07:53,569] [SUBPROCESS]    R6613;VDD.$2956.18;VDD.$2982.18;;18.432
[2026-08-13 17:07:53,570] [SUBPROCESS]    R6614;VDD.$2957.25;VDD.$2973.25;;0.18
[2026-08-13 17:07:53,571] [SUBPROCESS]    R6615;VDD.$2957.25;VDD.$2983.25;;0.18
[2026-08-13 17:07:53,571] [SUBPROCESS]    R6616;VDD.$2958.18;VDD.$2959.25;;9.3
[2026-08-13 17:07:53,572] [SUBPROCESS]    R6617;VDD.$2958.18;VDD.$2962.18;;18.432
[2026-08-13 17:07:53,573] [SUBPROCESS]    R6618;VDD.$2958.18;VDD.$2974.18;;18.432
[2026-08-13 17:07:53,573] [SUBPROCESS]    R6619;VDD.$2959.25;VDD.$2963.25;;0.18
[2026-08-13 17:07:53,574] [SUBPROCESS]    R6620;VDD.$2959.25;VDD.$2975.25;;0.18
[2026-08-13 17:07:53,575] [SUBPROCESS]    R6621;VDD.$296.15;VDD.$297.18;;585.0
[2026-08-13 17:07:53,575] [SUBPROCESS]    R6622;VDD.$2960.18;VDD.$2961.25;;9.3
[2026-08-13 17:07:53,576] [SUBPROCESS]    R6623;VDD.$2962.18;VDD.$2963.25;;9.3
[2026-08-13 17:07:53,576] [SUBPROCESS]    R6624;VDD.$2964.18;VDD.$2965.25;;9.3
[2026-08-13 17:07:53,577] [SUBPROCESS]    R6625;VDD.$2964.18;VDD.$2966.18;;18.432
[2026-08-13 17:07:53,577] [SUBPROCESS]    R6626;VDD.$2965.25;VDD.$2967.25;;0.18
[2026-08-13 17:07:53,577] [SUBPROCESS]    R6627;VDD.$2966.18;VDD.$2967.25;;9.3
[2026-08-13 17:07:53,578] [SUBPROCESS]    R6628;VDD.$2966.18;VDD.$2976.18;;18.432
[2026-08-13 17:07:53,578] [SUBPROCESS]    R6629;VDD.$2967.25;VDD.$2977.25;;0.18
[2026-08-13 17:07:53,579] [SUBPROCESS]    R6630;VDD.$2968.18;VDD.$2969.25;;9.3
[2026-08-13 17:07:53,579] [SUBPROCESS]    R6631;VDD.$2970.18;VDD.$2971.25;;9.3
[2026-08-13 17:07:53,580] [SUBPROCESS]    R6632;VDD.$2972.18;VDD.$2973.25;;9.3
[2026-08-13 17:07:53,580] [SUBPROCESS]    R6633;VDD.$2974.18;VDD.$2975.25;;9.3
[2026-08-13 17:07:53,580] [SUBPROCESS]    R6634;VDD.$2976.18;VDD.$2977.25;;9.3
[2026-08-13 17:07:53,581] [SUBPROCESS]    R6635;VDD.$2978.18;VDD.$2979.25;;9.3
[2026-08-13 17:07:53,581] [SUBPROCESS]    R6636;VDD.$2978.18;VDD.$2982.18;;18.432
[2026-08-13 17:07:53,582] [SUBPROCESS]    R6637;VDD.$2979.25;VDD.$2983.25;;0.18
[2026-08-13 17:07:53,582] [SUBPROCESS]    R6638;VDD.$298.15;VDD.$299.18;;585.0
[2026-08-13 17:07:53,582] [SUBPROCESS]    R6639;VDD.$298.15;VDD.$302.15;;0.0
[2026-08-13 17:07:53,583] [SUBPROCESS]    R6640;VDD.$2980.18;VDD.$2981.25;;9.3
[2026-08-13 17:07:53,583] [SUBPROCESS]    R6641;VDD.$2982.18;VDD.$2983.25;;9.3
[2026-08-13 17:07:53,584] [SUBPROCESS]    R6642;VDD.$2984.18;VDD.$2985.25;;9.3
[2026-08-13 17:07:53,584] [SUBPROCESS]    R6643;VDD.$2984.18;VDD.$2992.18;;18.432
[2026-08-13 17:07:53,585] [SUBPROCESS]    R6644;VDD.$2984.18;VDD.$2994.18;;18.432
[2026-08-13 17:07:53,585] [SUBPROCESS]    R6645;VDD.$2985.25;VDD.$2993.25;;0.18
[2026-08-13 17:07:53,586] [SUBPROCESS]    R6646;VDD.$2985.25;VDD.$2995.25;;0.18
[2026-08-13 17:07:53,586] [SUBPROCESS]    R6647;VDD.$2986.18;VDD.$2987.25;;9.3
[2026-08-13 17:07:53,587] [SUBPROCESS]    R6648;VDD.$2986.18;VDD.$2996.18;;18.432
[2026-08-13 17:07:53,587] [SUBPROCESS]    R6649;VDD.$2986.18;VDD.$3022.18;;18.432
[2026-08-13 17:07:53,588] [SUBPROCESS]    R6650;VDD.$2987.25;VDD.$2997.25;;0.18
[2026-08-13 17:07:53,588] [SUBPROCESS]    R6651;VDD.$2987.25;VDD.$3023.25;;0.18
[2026-08-13 17:07:53,589] [SUBPROCESS]    R6652;VDD.$2988.18;VDD.$2989.25;;9.3
[2026-08-13 17:07:53,589] [SUBPROCESS]    R6653;VDD.$2988.18;VDD.$3006.18;;18.432
[2026-08-13 17:07:53,589] [SUBPROCESS]    R6654;VDD.$2988.18;VDD.$3016.18;;18.432
[2026-08-13 17:07:53,590] [SUBPROCESS]    R6655;VDD.$2989.25;VDD.$3007.25;;0.18
[2026-08-13 17:07:53,590] [SUBPROCESS]    R6656;VDD.$2989.25;VDD.$3017.25;;0.18
[2026-08-13 17:07:53,591] [SUBPROCESS]    R6657;VDD.$2990.18;VDD.$2991.25;;9.3
[2026-08-13 17:07:53,591] [SUBPROCESS]    R6658;VDD.$2990.18;VDD.$2994.18;;18.432
[2026-08-13 17:07:53,591] [SUBPROCESS]    R6659;VDD.$2990.18;VDD.$3004.18;;18.432
[2026-08-13 17:07:53,592] [SUBPROCESS]    R6660;VDD.$2991.25;VDD.$2995.25;;0.18
[2026-08-13 17:07:53,592] [SUBPROCESS]    R6661;VDD.$2991.25;VDD.$3005.25;;0.18
[2026-08-13 17:07:53,593] [SUBPROCESS]    R6662;VDD.$2992.18;VDD.$2993.25;;9.3
[2026-08-13 17:07:53,593] [SUBPROCESS]    R6663;VDD.$2992.18;VDD.$3020.18;;18.432
[2026-08-13 17:07:53,594] [SUBPROCESS]    R6664;VDD.$2993.25;VDD.$3021.25;;0.18
[2026-08-13 17:07:53,594] [SUBPROCESS]    R6665;VDD.$2994.18;VDD.$2995.25;;9.3
[2026-08-13 17:07:53,594] [SUBPROCESS]    R6666;VDD.$2996.18;VDD.$2997.25;;9.3
[2026-08-13 17:07:53,595] [SUBPROCESS]    R6667;VDD.$2996.18;VDD.$3010.18;;18.432
[2026-08-13 17:07:53,595] [SUBPROCESS]    R6668;VDD.$2997.25;VDD.$3011.25;;0.18
[2026-08-13 17:07:53,596] [SUBPROCESS]    R6669;VDD.$2998.18;VDD.$2999.25;;9.3
[2026-08-13 17:07:53,596] [SUBPROCESS]    R6670;VDD.$2998.18;VDD.$3000.18;;18.432
[2026-08-13 17:07:53,597] [SUBPROCESS]    R6671;VDD.$2998.18;VDD.$3014.18;;18.432
[2026-08-13 17:07:53,597] [SUBPROCESS]    R6672;VDD.$2999.25;VDD.$3001.25;;0.18
[2026-08-13 17:07:53,597] [SUBPROCESS]    R6673;VDD.$2999.25;VDD.$3015.25;;0.18
[2026-08-13 17:07:53,598] [SUBPROCESS]    R6674;VDD.$3.18;VDD.$3290.18;;0.0
[2026-08-13 17:07:53,598] [SUBPROCESS]    R6675;VDD.$3.18;VDD.$3298.18;;27.106
[2026-08-13 17:07:53,599] [SUBPROCESS]    R6676;VDD.$30.15;VDD.$31.18;;585.0
[2026-08-13 17:07:53,599] [SUBPROCESS]    R6677;VDD.$30.15;VDD.$38.15;;0.0
[2026-08-13 17:07:53,599] [SUBPROCESS]    R6678;VDD.$300.15;VDD.$301.18;;585.0
[2026-08-13 17:07:53,600] [SUBPROCESS]    R6679;VDD.$300.15;VDD.$304.15;;0.0
[2026-08-13 17:07:53,600] [SUBPROCESS]    R6680;VDD.$3000.18;VDD.$3001.25;;9.3
[2026-08-13 17:07:53,601] [SUBPROCESS]    R6681;VDD.$3000.18;VDD.$3002.18;;18.432
[2026-08-13 17:07:53,601] [SUBPROCESS]    R6682;VDD.$3001.25;VDD.$3003.25;;0.18
[2026-08-13 17:07:53,602] [SUBPROCESS]    R6683;VDD.$3002.18;VDD.$3003.25;;9.3
[2026-08-13 17:07:53,602] [SUBPROCESS]    R6684;VDD.$3002.18;VDD.$3012.18;;18.432
[2026-08-13 17:07:53,603] [SUBPROCESS]    R6685;VDD.$3003.25;VDD.$3013.25;;0.18
[2026-08-13 17:07:53,603] [SUBPROCESS]    R6686;VDD.$3004.18;VDD.$3005.25;;9.3
[2026-08-13 17:07:53,604] [SUBPROCESS]    R6687;VDD.$3004.18;VDD.$3022.18;;18.432
[2026-08-13 17:07:53,604] [SUBPROCESS]    R6688;VDD.$3005.25;VDD.$3023.25;;0.18
[2026-08-13 17:07:53,605] [SUBPROCESS]    R6689;VDD.$3006.18;VDD.$3007.25;;9.3
[2026-08-13 17:07:53,605] [SUBPROCESS]    R6690;VDD.$3006.18;VDD.$3014.18;;18.432
[2026-08-13 17:07:53,606] [SUBPROCESS]    R6691;VDD.$3007.25;VDD.$3015.25;;0.18
[2026-08-13 17:07:53,606] [SUBPROCESS]    R6692;VDD.$3008.18;VDD.$3009.25;;9.3
[2026-08-13 17:07:53,606] [SUBPROCESS]    R6693;VDD.$3008.18;VDD.$3012.18;;18.432
[2026-08-13 17:07:53,607] [SUBPROCESS]    R6694;VDD.$3008.18;VDD.$3018.18;;18.432
[2026-08-13 17:07:53,607] [SUBPROCESS]    R6695;VDD.$3009.25;VDD.$3013.25;;0.18
[2026-08-13 17:07:53,608] [SUBPROCESS]    R6696;VDD.$3009.25;VDD.$3019.25;;0.18
[2026-08-13 17:07:53,608] [SUBPROCESS]    R6697;VDD.$3010.18;VDD.$3011.25;;9.3
[2026-08-13 17:07:53,609] [SUBPROCESS]    R6698;VDD.$3012.18;VDD.$3013.25;;9.3
[2026-08-13 17:07:53,609] [SUBPROCESS]    R6699;VDD.$3014.18;VDD.$3015.25;;9.3
[2026-08-13 17:07:53,610] [SUBPROCESS]    R6700;VDD.$3016.18;VDD.$3017.25;;9.3
[2026-08-13 17:07:53,611] [SUBPROCESS]    R6701;VDD.$3018.18;VDD.$3019.25;;9.3
[2026-08-13 17:07:53,611] [SUBPROCESS]    R6702;VDD.$302.15;VDD.$303.18;;585.0
[2026-08-13 17:07:53,612] [SUBPROCESS]    R6703;VDD.$302.15;VDD.$306.15;;0.0
[2026-08-13 17:07:53,612] [SUBPROCESS]    R6704;VDD.$3020.18;VDD.$3021.25;;9.3
[2026-08-13 17:07:53,613] [SUBPROCESS]    R6705;VDD.$3022.18;VDD.$3023.25;;9.3
[2026-08-13 17:07:53,614] [SUBPROCESS]    R6706;VDD.$3024.18;VDD.$3025.25;;9.3
[2026-08-13 17:07:53,614] [SUBPROCESS]    R6707;VDD.$3024.18;VDD.$733.18;;27.106
[2026-08-13 17:07:53,615] [SUBPROCESS]    R6708;VDD.$3024.18;VDD.$743.18;;0.0
[2026-08-13 17:07:53,615] [SUBPROCESS]    R6709;VDD.$3025.25;VDD.$3035.25;;0.036
[2026-08-13 17:07:53,615] [SUBPROCESS]    R6710;VDD.$3025.25;VDD.$3077.25;;0.0
[2026-08-13 17:07:53,616] [SUBPROCESS]    R6711;VDD.$3026.18;VDD.$3027.25;;9.3
[2026-08-13 17:07:53,616] [SUBPROCESS]    R6712;VDD.$3026.18;VDD.$741.18;;27.106
[2026-08-13 17:07:53,617] [SUBPROCESS]    R6713;VDD.$3026.18;VDD.$803.18;;0.0
[2026-08-13 17:07:53,617] [SUBPROCESS]    R6714;VDD.$3027.25;VDD.$3031.25;;0.033
[2026-08-13 17:07:53,617] [SUBPROCESS]    R6715;VDD.$3027.25;VDD.$3037.25;;0.013
[2026-08-13 17:07:53,618] [SUBPROCESS]    R6716;VDD.$3028.18;VDD.$3029.25;;9.3
[2026-08-13 17:07:53,618] [SUBPROCESS]    R6717;VDD.$3028.18;VDD.$743.18;;27.106
[2026-08-13 17:07:53,619] [SUBPROCESS]    R6718;VDD.$3028.18;VDD.$771.18;;0.0
[2026-08-13 17:07:53,619] [SUBPROCESS]    R6719;VDD.$3029.25;VDD.$3035.25;;0.0
[2026-08-13 17:07:53,620] [SUBPROCESS]    R6720;VDD.$3029.25;VDD.$3063.25;;0.036
[2026-08-13 17:07:53,620] [SUBPROCESS]    R6721;VDD.$3030.18;VDD.$3031.25;;9.3
[2026-08-13 17:07:53,621] [SUBPROCESS]    R6722;VDD.$3030.18;VDD.$3036.18;;18.432
[2026-08-13 17:07:53,621] [SUBPROCESS]    R6723;VDD.$3031.25;VDD.$3039.25;;0.013
[2026-08-13 17:07:53,622] [SUBPROCESS]    R6724;VDD.$3032.18;VDD.$3033.25;;9.3
[2026-08-13 17:07:53,623] [SUBPROCESS]    R6725;VDD.$3032.18;VDD.$3064.18;;18.432
[2026-08-13 17:07:53,623] [SUBPROCESS]    R6726;VDD.$3032.18;VDD.$3088.18;;18.432
[2026-08-13 17:07:53,623] [SUBPROCESS]    R6727;VDD.$3033.25;VDD.$3065.25;;0.045
[2026-08-13 17:07:53,624] [SUBPROCESS]    R6728;VDD.$3033.25;VDD.$3089.25;;0.045
[2026-08-13 17:07:53,624] [SUBPROCESS]    R6729;VDD.$3034.18;VDD.$3035.25;;9.3
[2026-08-13 17:07:53,625] [SUBPROCESS]    R6730;VDD.$3034.18;VDD.$727.18;;0.0
[2026-08-13 17:07:53,625] [SUBPROCESS]    R6731;VDD.$3034.18;VDD.$745.18;;27.106
[2026-08-13 17:07:53,626] [SUBPROCESS]    R6732;VDD.$3036.18;VDD.$3037.25;;9.3
[2026-08-13 17:07:53,626] [SUBPROCESS]    R6733;VDD.$3036.18;VDD.$3080.18;;18.432
[2026-08-13 17:07:53,627] [SUBPROCESS]    R6734;VDD.$3037.25;VDD.$3093.25;;0.033
[2026-08-13 17:07:53,627] [SUBPROCESS]    R6735;VDD.$3038.18;VDD.$3039.25;;9.3
[2026-08-13 17:07:53,627] [SUBPROCESS]    R6736;VDD.$3038.18;VDD.$715.18;;0.0
[2026-08-13 17:07:53,628] [SUBPROCESS]    R6737;VDD.$3038.18;VDD.$803.18;;27.106
[2026-08-13 17:07:53,628] [SUBPROCESS]    R6738;VDD.$304.15;VDD.$305.18;;585.0
[2026-08-13 17:07:53,629] [SUBPROCESS]    R6739;VDD.$304.15;VDD.$308.15;;0.0
[2026-08-13 17:07:53,629] [SUBPROCESS]    R6740;VDD.$3040.18;VDD.$3041.25;;9.3
[2026-08-13 17:07:53,629] [SUBPROCESS]    R6741;VDD.$3040.18;VDD.$733.18;;0.0
[2026-08-13 17:07:53,630] [SUBPROCESS]    R6742;VDD.$3040.18;VDD.$751.18;;27.106
[2026-08-13 17:07:53,630] [SUBPROCESS]    R6743;VDD.$3041.25;VDD.$3053.25;;0.0
[2026-08-13 17:07:53,631] [SUBPROCESS]    R6744;VDD.$3041.25;VDD.$3077.25;;0.036
[2026-08-13 17:07:53,631] [SUBPROCESS]    R6745;VDD.$3042.18;VDD.$3043.25;;9.3
[2026-08-13 17:07:53,632] [SUBPROCESS]    R6746;VDD.$3042.18;VDD.$725.18;;0.0
[2026-08-13 17:07:53,632] [SUBPROCESS]    R6747;VDD.$3042.18;VDD.$771.18;;27.106
[2026-08-13 17:07:53,632] [SUBPROCESS]    R6748;VDD.$3043.25;VDD.$3063.25;;0.0
[2026-08-13 17:07:53,633] [SUBPROCESS]    R6749;VDD.$3044.18;VDD.$3045.25;;9.3
[2026-08-13 17:07:53,633] [SUBPROCESS]    R6750;VDD.$3044.18;VDD.$723.18;;0.0
[2026-08-13 17:07:53,634] [SUBPROCESS]    R6751;VDD.$3045.25;VDD.$3079.25;;0.0
[2026-08-13 17:07:53,634] [SUBPROCESS]    R6752;VDD.$3045.25;VDD.$3085.25;;0.036
[2026-08-13 17:07:53,635] [SUBPROCESS]    R6753;VDD.$3046.18;VDD.$3047.25;;9.3
[2026-08-13 17:07:53,635] [SUBPROCESS]    R6754;VDD.$3046.18;VDD.$713.18;;0.0
[2026-08-13 17:07:53,635] [SUBPROCESS]    R6755;VDD.$3046.18;VDD.$777.18;;27.106
[2026-08-13 17:07:53,636] [SUBPROCESS]    R6756;VDD.$3047.25;VDD.$3061.25;;0.033
[2026-08-13 17:07:53,637] [SUBPROCESS]    R6757;VDD.$3047.25;VDD.$3083.25;;0.013
[2026-08-13 17:07:53,637] [SUBPROCESS]    R6758;VDD.$3048.18;VDD.$3049.25;;9.3
[2026-08-13 17:07:53,638] [SUBPROCESS]    R6759;VDD.$3048.18;VDD.$793.18;;27.106
[2026-08-13 17:07:53,638] [SUBPROCESS]    R6760;VDD.$3048.18;VDD.$811.18;;0.0
[2026-08-13 17:07:53,639] [SUBPROCESS]    R6761;VDD.$3049.25;VDD.$3057.25;;0.0
[2026-08-13 17:07:53,639] [SUBPROCESS]    R6762;VDD.$3049.25;VDD.$3079.25;;0.138
[2026-08-13 17:07:53,640] [SUBPROCESS]    R6763;VDD.$3050.18;VDD.$3051.25;;9.3
[2026-08-13 17:07:53,640] [SUBPROCESS]    R6764;VDD.$3050.18;VDD.$3064.18;;18.432
[2026-08-13 17:07:53,640] [SUBPROCESS]    R6765;VDD.$3050.18;VDD.$3090.18;;18.432
[2026-08-13 17:07:53,641] [SUBPROCESS]    R6766;VDD.$3051.25;VDD.$3059.25;;0.02
[2026-08-13 17:07:53,641] [SUBPROCESS]    R6767;VDD.$3051.25;VDD.$3067.25;;0.025
[2026-08-13 17:07:53,642] [SUBPROCESS]    R6768;VDD.$3052.18;VDD.$3053.25;;9.3
[2026-08-13 17:07:53,642] [SUBPROCESS]    R6769;VDD.$3052.18;VDD.$735.18;;0.0
[2026-08-13 17:07:53,643] [SUBPROCESS]    R6770;VDD.$3052.18;VDD.$753.18;;27.106
[2026-08-13 17:07:53,643] [SUBPROCESS]    R6771;VDD.$3053.25;VDD.$3071.25;;0.036
[2026-08-13 17:07:53,644] [SUBPROCESS]    R6772;VDD.$3054.18;VDD.$3055.25;;9.3
[2026-08-13 17:07:53,644] [SUBPROCESS]    R6773;VDD.$3054.18;VDD.$3082.18;;18.432
[2026-08-13 17:07:53,644] [SUBPROCESS]    R6774;VDD.$3054.18;VDD.$3088.18;;18.432
[2026-08-13 17:07:53,645] [SUBPROCESS]    R6775;VDD.$3055.25;VDD.$3069.25;;0.013
[2026-08-13 17:07:53,645] [SUBPROCESS]    R6776;VDD.$3055.25;VDD.$3089.25;;0.045
[2026-08-13 17:07:53,646] [SUBPROCESS]    R6777;VDD.$3056.18;VDD.$3057.25;;9.3
[2026-08-13 17:07:53,646] [SUBPROCESS]    R6778;VDD.$3056.18;VDD.$781.18;;0.0
[2026-08-13 17:07:53,646] [SUBPROCESS]    R6779;VDD.$3056.18;VDD.$795.18;;27.106
[2026-08-13 17:07:53,647] [SUBPROCESS]    R6780;VDD.$3057.25;VDD.$3075.25;;0.036
[2026-08-13 17:07:53,647] [SUBPROCESS]    R6781;VDD.$3058.18;VDD.$3059.25;;9.3
[2026-08-13 17:07:53,648] [SUBPROCESS]    R6782;VDD.$3058.18;VDD.$767.18;;27.106
[2026-08-13 17:07:53,648] [SUBPROCESS]    R6783;VDD.$3058.18;VDD.$809.18;;0.0
[2026-08-13 17:07:53,649] [SUBPROCESS]    R6784;VDD.$3059.25;VDD.$3065.25;;0.025
[2026-08-13 17:07:53,650] [SUBPROCESS]    R6785;VDD.$306.15;VDD.$307.18;;585.0
[2026-08-13 17:07:53,650] [SUBPROCESS]    R6786;VDD.$306.15;VDD.$310.15;;0.0
[2026-08-13 17:07:53,651] [SUBPROCESS]    R6787;VDD.$3060.18;VDD.$3061.25;;9.3
[2026-08-13 17:07:53,651] [SUBPROCESS]    R6788;VDD.$3060.18;VDD.$3080.18;;18.432
[2026-08-13 17:07:53,652] [SUBPROCESS]    R6789;VDD.$3060.18;VDD.$3082.18;;18.432
[2026-08-13 17:07:53,653] [SUBPROCESS]    R6790;VDD.$3061.25;VDD.$3073.25;;0.013
[2026-08-13 17:07:53,654] [SUBPROCESS]    R6791;VDD.$3062.18;VDD.$3063.25;;9.3
[2026-08-13 17:07:53,654] [SUBPROCESS]    R6792;VDD.$3062.18;VDD.$717.18;;0.0
[2026-08-13 17:07:53,655] [SUBPROCESS]    R6793;VDD.$3062.18;VDD.$727.18;;27.106
[2026-08-13 17:07:53,655] [SUBPROCESS]    R6794;VDD.$3064.18;VDD.$3065.25;;9.3
[2026-08-13 17:07:53,656] [SUBPROCESS]    R6795;VDD.$3066.18;VDD.$3067.25;;9.3
[2026-08-13 17:07:53,656] [SUBPROCESS]    R6796;VDD.$3066.18;VDD.$729.18;;27.106
[2026-08-13 17:07:53,657] [SUBPROCESS]    R6797;VDD.$3066.18;VDD.$767.18;;0.0
[2026-08-13 17:07:53,657] [SUBPROCESS]    R6798;VDD.$3067.25;VDD.$3091.25;;0.02
[2026-08-13 17:07:53,658] [SUBPROCESS]    R6799;VDD.$3068.18;VDD.$3069.25;;9.3
[2026-08-13 17:07:53,658] [SUBPROCESS]    R6800;VDD.$3068.18;VDD.$777.18;;0.0
[2026-08-13 17:07:53,659] [SUBPROCESS]    R6801;VDD.$3069.25;VDD.$3083.25;;0.033
[2026-08-13 17:07:53,659] [SUBPROCESS]    R6802;VDD.$3070.18;VDD.$3071.25;;9.3
[2026-08-13 17:07:53,660] [SUBPROCESS]    R6803;VDD.$3070.18;VDD.$721.18;;27.106
[2026-08-13 17:07:53,660] [SUBPROCESS]    R6804;VDD.$3070.18;VDD.$751.18;;0.0
[2026-08-13 17:07:53,661] [SUBPROCESS]    R6805;VDD.$3071.25;VDD.$3085.25;;0.0
[2026-08-13 17:07:53,661] [SUBPROCESS]    R6806;VDD.$3072.18;VDD.$3073.25;;9.3
[2026-08-13 17:07:53,662] [SUBPROCESS]    R6807;VDD.$3072.18;VDD.$713.18;;27.106
[2026-08-13 17:07:53,662] [SUBPROCESS]    R6808;VDD.$3072.18;VDD.$731.18;;0.0
[2026-08-13 17:07:53,662] [SUBPROCESS]    R6809;VDD.$3073.25;VDD.$3081.25;;0.033
[2026-08-13 17:07:53,663] [SUBPROCESS]    R6810;VDD.$3074.18;VDD.$3075.25;;9.3
[2026-08-13 17:07:53,664] [SUBPROCESS]    R6811;VDD.$3074.18;VDD.$793.18;;0.0
[2026-08-13 17:07:53,664] [SUBPROCESS]    R6812;VDD.$3074.18;VDD.$801.18;;27.106
[2026-08-13 17:07:53,665] [SUBPROCESS]    R6813;VDD.$3075.25;VDD.$3087.25;;0.0
[2026-08-13 17:07:53,665] [SUBPROCESS]    R6814;VDD.$3076.18;VDD.$3077.25;;9.3
[2026-08-13 17:07:53,666] [SUBPROCESS]    R6815;VDD.$3076.18;VDD.$735.18;;27.106
[2026-08-13 17:07:53,666] [SUBPROCESS]    R6816;VDD.$3076.18;VDD.$745.18;;0.0
[2026-08-13 17:07:53,666] [SUBPROCESS]    R6817;VDD.$3078.18;VDD.$3079.25;;9.3
[2026-08-13 17:07:53,667] [SUBPROCESS]    R6818;VDD.$3078.18;VDD.$721.18;;0.0
[2026-08-13 17:07:53,667] [SUBPROCESS]    R6819;VDD.$308.15;VDD.$309.18;;585.0
[2026-08-13 17:07:53,668] [SUBPROCESS]    R6820;VDD.$308.15;VDD.$312.15;;0.0
[2026-08-13 17:07:53,668] [SUBPROCESS]    R6821;VDD.$3080.18;VDD.$3081.25;;9.3
[2026-08-13 17:07:53,669] [SUBPROCESS]    R6822;VDD.$3081.25;VDD.$3093.25;;0.013
[2026-08-13 17:07:53,670] [SUBPROCESS]    R6823;VDD.$3082.18;VDD.$3083.25;;9.3
[2026-08-13 17:07:53,670] [SUBPROCESS]    R6824;VDD.$3084.18;VDD.$3085.25;;9.3
[2026-08-13 17:07:53,671] [SUBPROCESS]    R6825;VDD.$3084.18;VDD.$723.18;;27.106
[2026-08-13 17:07:53,671] [SUBPROCESS]    R6826;VDD.$3084.18;VDD.$753.18;;0.0
[2026-08-13 17:07:53,672] [SUBPROCESS]    R6827;VDD.$3086.18;VDD.$3087.25;;9.3
[2026-08-13 17:07:53,672] [SUBPROCESS]    R6828;VDD.$3086.18;VDD.$795.18;;0.0
[2026-08-13 17:07:53,673] [SUBPROCESS]    R6829;VDD.$3086.18;VDD.$805.18;;27.106
[2026-08-13 17:07:53,673] [SUBPROCESS]    R6830;VDD.$3088.18;VDD.$3089.25;;9.3
[2026-08-13 17:07:53,674] [SUBPROCESS]    R6831;VDD.$3090.18;VDD.$3091.25;;9.3
[2026-08-13 17:07:53,674] [SUBPROCESS]    R6832;VDD.$3090.18;VDD.$3302.18;;18.432
[2026-08-13 17:07:53,674] [SUBPROCESS]    R6833;VDD.$3092.18;VDD.$3093.25;;9.3
[2026-08-13 17:07:53,675] [SUBPROCESS]    R6834;VDD.$3092.18;VDD.$731.18;;27.106
[2026-08-13 17:07:53,675] [SUBPROCESS]    R6835;VDD.$3092.18;VDD.$741.18;;0.0
[2026-08-13 17:07:53,676] [SUBPROCESS]    R6836;VDD.$3094.18;VDD.$3095.25;;9.3
[2026-08-13 17:07:53,676] [SUBPROCESS]    R6837;VDD.$3094.18;VDD.$429.18;;0.0
[2026-08-13 17:07:53,676] [SUBPROCESS]    R6838;VDD.$3095.25;VDD.$3099.25;;0.0
[2026-08-13 17:07:53,677] [SUBPROCESS]    R6839;VDD.$3095.25;VDD.$3111.25;;0.036
[2026-08-13 17:07:53,677] [SUBPROCESS]    R6840;VDD.$3096.18;VDD.$3097.25;;9.3
[2026-08-13 17:07:53,678] [SUBPROCESS]    R6841;VDD.$3096.18;VDD.$497.18;;27.106
[2026-08-13 17:07:53,678] [SUBPROCESS]    R6842;VDD.$3096.18;VDD.$517.18;;0.0
[2026-08-13 17:07:53,679] [SUBPROCESS]    R6843;VDD.$3097.25;VDD.$3135.25;;0.072
[2026-08-13 17:07:53,679] [SUBPROCESS]    R6844;VDD.$3097.25;VDD.$3147.25;;0.072
[2026-08-13 17:07:53,679] [SUBPROCESS]    R6845;VDD.$3098.18;VDD.$3099.25;;9.3
[2026-08-13 17:07:53,680] [SUBPROCESS]    R6846;VDD.$3098.18;VDD.$431.18;;0.0
[2026-08-13 17:07:53,680] [SUBPROCESS]    R6847;VDD.$3099.25;VDD.$3161.25;;0.248
[2026-08-13 17:07:53,681] [SUBPROCESS]    R6848;VDD.$310.15;VDD.$311.18;;585.0
[2026-08-13 17:07:53,681] [SUBPROCESS]    R6849;VDD.$310.15;VDD.P79.15;;0.0
[2026-08-13 17:07:53,682] [SUBPROCESS]    R6850;VDD.$3100.18;VDD.$3101.25;;9.3
[2026-08-13 17:07:53,682] [SUBPROCESS]    R6851;VDD.$3100.18;VDD.$783.18;;0.0
[2026-08-13 17:07:53,682] [SUBPROCESS]    R6852;VDD.$3100.18;VDD.$787.18;;27.106
[2026-08-13 17:07:53,683] [SUBPROCESS]    R6853;VDD.$3101.25;VDD.$3141.25;;0.276
[2026-08-13 17:07:53,683] [SUBPROCESS]    R6854;VDD.$3101.25;VDD.$3157.25;;0.072
[2026-08-13 17:07:53,684] [SUBPROCESS]    R6855;VDD.$3102.18;VDD.$3103.25;;9.3
[2026-08-13 17:07:53,684] [SUBPROCESS]    R6856;VDD.$3102.18;VDD.$433.18;;0.0
[2026-08-13 17:07:53,684] [SUBPROCESS]    R6857;VDD.$3103.25;VDD.$3105.25;;0.276
[2026-08-13 17:07:53,685] [SUBPROCESS]    R6858;VDD.$3103.25;VDD.$3147.25;;0.072
[2026-08-13 17:07:53,685] [SUBPROCESS]    R6859;VDD.$3104.18;VDD.$3105.25;;9.3
[2026-08-13 17:07:53,686] [SUBPROCESS]    R6860;VDD.$3104.18;VDD.$819.18;;0.0
[2026-08-13 17:07:53,686] [SUBPROCESS]    R6861;VDD.$3104.18;VDD.$831.18;;27.106
[2026-08-13 17:07:53,687] [SUBPROCESS]    R6862;VDD.$3105.25;VDD.$3121.25;;0.072
[2026-08-13 17:07:53,687] [SUBPROCESS]    R6863;VDD.$3106.18;VDD.$3107.25;;9.3
[2026-08-13 17:07:53,688] [SUBPROCESS]    R6864;VDD.$3106.18;VDD.$429.18;;27.106
[2026-08-13 17:07:53,689] [SUBPROCESS]    R6865;VDD.$3106.18;VDD.$593.18;;0.0
[2026-08-13 17:07:53,689] [SUBPROCESS]    R6866;VDD.$3107.25;VDD.$3111.25;;0.0
[2026-08-13 17:07:53,690] [SUBPROCESS]    R6867;VDD.$3107.25;VDD.$3139.25;;0.036
[2026-08-13 17:07:53,691] [SUBPROCESS]    R6868;VDD.$3108.18;VDD.$3109.25;;9.3
[2026-08-13 17:07:53,691] [SUBPROCESS]    R6869;VDD.$3108.18;VDD.$593.18;;27.106
[2026-08-13 17:07:53,692] [SUBPROCESS]    R6870;VDD.$3108.18;VDD.$625.18;;0.0
[2026-08-13 17:07:53,692] [SUBPROCESS]    R6871;VDD.$3109.25;VDD.$3117.25;;0.036
[2026-08-13 17:07:53,693] [SUBPROCESS]    R6872;VDD.$3109.25;VDD.$3139.25;;0.0
[2026-08-13 17:07:53,694] [SUBPROCESS]    R6873;VDD.$3110.18;VDD.$3111.25;;9.3
[2026-08-13 17:07:53,694] [SUBPROCESS]    R6874;VDD.$3110.18;VDD.$431.18;;27.106
[2026-08-13 17:07:53,694] [SUBPROCESS]    R6875;VDD.$3110.18;VDD.$595.18;;0.0
[2026-08-13 17:07:53,695] [SUBPROCESS]    R6876;VDD.$3112.18;VDD.$3113.25;;9.3
[2026-08-13 17:07:53,695] [SUBPROCESS]    R6877;VDD.$3112.18;VDD.$625.18;;27.106
[2026-08-13 17:07:53,696] [SUBPROCESS]    R6878;VDD.$3112.18;VDD.$675.18;;0.0
[2026-08-13 17:07:53,696] [SUBPROCESS]    R6879;VDD.$3113.25;VDD.$3117.25;;0.0
[2026-08-13 17:07:53,696] [SUBPROCESS]    R6880;VDD.$3113.25;VDD.$3125.25;;0.036
[2026-08-13 17:07:53,697] [SUBPROCESS]    R6881;VDD.$3114.18;VDD.$3115.25;;9.3
[2026-08-13 17:07:53,697] [SUBPROCESS]    R6882;VDD.$3114.18;VDD.$719.18;;0.0
[2026-08-13 17:07:53,698] [SUBPROCESS]    R6883;VDD.$3114.18;VDD.$769.18;;27.106
[2026-08-13 17:07:53,698] [SUBPROCESS]    R6884;VDD.$3115.25;VDD.$3127.25;;0.072
[2026-08-13 17:07:53,698] [SUBPROCESS]    R6885;VDD.$3115.25;VDD.$3163.25;;0.072
[2026-08-13 17:07:53,699] [SUBPROCESS]    R6886;VDD.$3116.18;VDD.$3117.25;;9.3
[2026-08-13 17:07:53,699] [SUBPROCESS]    R6887;VDD.$3116.18;VDD.$645.18;;27.106
[2026-08-13 17:07:53,700] [SUBPROCESS]    R6888;VDD.$3116.18;VDD.$677.18;;0.0
[2026-08-13 17:07:53,700] [SUBPROCESS]    R6889;VDD.$3118.18;VDD.$3119.25;;9.3
[2026-08-13 17:07:53,701] [SUBPROCESS]    R6890;VDD.$3118.18;VDD.$711.18;;0.0
[2026-08-13 17:07:53,701] [SUBPROCESS]    R6891;VDD.$3118.18;VDD.$739.18;;27.106
[2026-08-13 17:07:53,701] [SUBPROCESS]    R6892;VDD.$3119.25;VDD.$3127.25;;0.072
[2026-08-13 17:07:53,702] [SUBPROCESS]    R6893;VDD.$3119.25;VDD.$3161.25;;0.072
[2026-08-13 17:07:53,702] [SUBPROCESS]    R6894;VDD.$312.15;VDD.$313.18;;585.0
[2026-08-13 17:07:53,703] [SUBPROCESS]    R6895;VDD.$312.15;VDD.P74.15;;0.0
[2026-08-13 17:07:53,703] [SUBPROCESS]    R6896;VDD.$3120.18;VDD.$3121.25;;9.3
[2026-08-13 17:07:53,704] [SUBPROCESS]    R6897;VDD.$3120.18;VDD.$831.18;;0.0
[2026-08-13 17:07:53,704] [SUBPROCESS]    R6898;VDD.$3120.18;VDD.$841.18;;27.106
[2026-08-13 17:07:53,705] [SUBPROCESS]    R6899;VDD.$3121.25;VDD.$3129.25;;0.072
[2026-08-13 17:07:53,705] [SUBPROCESS]    R6900;VDD.$3122.18;VDD.$3123.25;;9.3
[2026-08-13 17:07:53,706] [SUBPROCESS]    R6901;VDD.$3122.18;VDD.$675.18;;27.106
[2026-08-13 17:07:53,706] [SUBPROCESS]    R6902;VDD.$3122.18;VDD.$707.18;;0.0
[2026-08-13 17:07:53,707] [SUBPROCESS]    R6903;VDD.$3123.25;VDD.$3125.25;;0.0
[2026-08-13 17:07:53,707] [SUBPROCESS]    R6904;VDD.$3124.18;VDD.$3125.25;;9.3
[2026-08-13 17:07:53,708] [SUBPROCESS]    R6905;VDD.$3124.18;VDD.$677.18;;27.106
[2026-08-13 17:07:53,708] [SUBPROCESS]    R6906;VDD.$3124.18;VDD.$709.18;;0.0
[2026-08-13 17:07:53,708] [SUBPROCESS]    R6907;VDD.$3126.18;VDD.$3127.25;;9.3
[2026-08-13 17:07:53,709] [SUBPROCESS]    R6908;VDD.$3126.18;VDD.$719.18;;27.106
[2026-08-13 17:07:53,709] [SUBPROCESS]    R6909;VDD.$3126.18;VDD.$739.18;;0.0
[2026-08-13 17:07:53,710] [SUBPROCESS]    R6910;VDD.$3128.18;VDD.$3129.25;;9.3
[2026-08-13 17:07:53,710] [SUBPROCESS]    R6911;VDD.$3128.18;VDD.$825.18;;27.106
[2026-08-13 17:07:53,711] [SUBPROCESS]    R6912;VDD.$3128.18;VDD.$841.18;;0.0
[2026-08-13 17:07:53,711] [SUBPROCESS]    R6913;VDD.$3129.25;VDD.$3131.25;;0.072
[2026-08-13 17:07:53,712] [SUBPROCESS]    R6914;VDD.$3130.18;VDD.$3131.25;;9.3
[2026-08-13 17:07:53,712] [SUBPROCESS]    R6915;VDD.$3130.18;VDD.$825.18;;0.0
[2026-08-13 17:07:53,713] [SUBPROCESS]    R6916;VDD.$3130.18;VDD.$829.18;;27.106
[2026-08-13 17:07:53,713] [SUBPROCESS]    R6917;VDD.$3131.25;VDD.$3137.25;;0.072
[2026-08-13 17:07:53,714] [SUBPROCESS]    R6918;VDD.$3132.18;VDD.$3133.25;;9.3
[2026-08-13 17:07:53,714] [SUBPROCESS]    R6919;VDD.$3132.18;VDD.$467.18;;0.0
[2026-08-13 17:07:53,715] [SUBPROCESS]    R6920;VDD.$3132.18;VDD.$529.18;;27.106
[2026-08-13 17:07:53,715] [SUBPROCESS]    R6921;VDD.$3133.25;VDD.$3135.25;;0.072
[2026-08-13 17:07:53,716] [SUBPROCESS]    R6922;VDD.$3134.18;VDD.$3135.25;;9.3
[2026-08-13 17:07:53,716] [SUBPROCESS]    R6923;VDD.$3134.18;VDD.$517.18;;27.106
[2026-08-13 17:07:53,716] [SUBPROCESS]    R6924;VDD.$3134.18;VDD.$529.18;;0.0
[2026-08-13 17:07:53,717] [SUBPROCESS]    R6925;VDD.$3136.18;VDD.$3137.25;;9.3
[2026-08-13 17:07:53,717] [SUBPROCESS]    R6926;VDD.$3136.18;VDD.$829.18;;0.0
[2026-08-13 17:07:53,718] [SUBPROCESS]    R6927;VDD.$3136.18;VDD.$837.18;;27.106
[2026-08-13 17:07:53,718] [SUBPROCESS]    R6928;VDD.$3137.25;VDD.$3151.25;;0.072
[2026-08-13 17:07:53,719] [SUBPROCESS]    R6929;VDD.$3138.18;VDD.$3139.25;;9.3
[2026-08-13 17:07:53,720] [SUBPROCESS]    R6930;VDD.$3138.18;VDD.$595.18;;27.106
[2026-08-13 17:07:53,721] [SUBPROCESS]    R6931;VDD.$3138.18;VDD.$645.18;;0.0
[2026-08-13 17:07:53,721] [SUBPROCESS]    R6932;VDD.$314.15;VDD.$315.18;;585.0
[2026-08-13 17:07:53,721] [SUBPROCESS]    R6933;VDD.$314.15;VDD.$318.15;;0.0
[2026-08-13 17:07:53,722] [SUBPROCESS]    R6934;VDD.$314.15;VDD.P79.15;;0.0
[2026-08-13 17:07:53,723] [SUBPROCESS]    R6935;VDD.$3140.18;VDD.$3141.25;;9.3
[2026-08-13 17:07:53,723] [SUBPROCESS]    R6936;VDD.$3140.18;VDD.$779.18;;0.0
[2026-08-13 17:07:53,723] [SUBPROCESS]    R6937;VDD.$3141.25;VDD.$3153.25;;0.072
[2026-08-13 17:07:53,724] [SUBPROCESS]    R6938;VDD.$3142.18;VDD.$3143.25;;9.3
[2026-08-13 17:07:53,724] [SUBPROCESS]    R6939;VDD.$3142.18;VDD.$821.18;;0.0
[2026-08-13 17:07:53,725] [SUBPROCESS]    R6940;VDD.$3143.25;VDD.$3145.25;;0.276
[2026-08-13 17:07:53,725] [SUBPROCESS]    R6941;VDD.$3143.25;VDD.$3155.25;;0.072
[2026-08-13 17:07:53,726] [SUBPROCESS]    R6942;VDD.$3144.18;VDD.$3145.25;;9.3
[2026-08-13 17:07:53,726] [SUBPROCESS]    R6943;VDD.$3144.18;VDD.$849.18;;0.0
[2026-08-13 17:07:53,727] [SUBPROCESS]    R6944;VDD.$3144.18;VDD.$857.18;;27.106
[2026-08-13 17:07:53,727] [SUBPROCESS]    R6945;VDD.$3145.25;VDD.$3159.25;;0.072
[2026-08-13 17:07:53,728] [SUBPROCESS]    R6946;VDD.$3146.18;VDD.$3147.25;;9.3
[2026-08-13 17:07:53,728] [SUBPROCESS]    R6947;VDD.$3146.18;VDD.$433.18;;27.106
[2026-08-13 17:07:53,729] [SUBPROCESS]    R6948;VDD.$3146.18;VDD.$497.18;;0.0
[2026-08-13 17:07:53,729] [SUBPROCESS]    R6949;VDD.$3148.18;VDD.$3149.25;;9.3
[2026-08-13 17:07:53,730] [SUBPROCESS]    R6950;VDD.$3148.18;VDD.$737.18;;27.106
[2026-08-13 17:07:53,730] [SUBPROCESS]    R6951;VDD.$3148.18;VDD.$747.18;;0.0
[2026-08-13 17:07:53,730] [SUBPROCESS]    R6952;VDD.$3149.25;VDD.$3163.25;;0.072
[2026-08-13 17:07:53,731] [SUBPROCESS]    R6953;VDD.$3149.25;VDD.$3165.25;;0.072
[2026-08-13 17:07:53,731] [SUBPROCESS]    R6954;VDD.$3150.18;VDD.$3151.25;;9.3
[2026-08-13 17:07:53,732] [SUBPROCESS]    R6955;VDD.$3150.18;VDD.$835.18;;27.106
[2026-08-13 17:07:53,732] [SUBPROCESS]    R6956;VDD.$3150.18;VDD.$837.18;;0.0
[2026-08-13 17:07:53,733] [SUBPROCESS]    R6957;VDD.$3151.25;VDD.$3167.25;;0.072
[2026-08-13 17:07:53,733] [SUBPROCESS]    R6958;VDD.$3152.18;VDD.$3153.25;;9.3
[2026-08-13 17:07:53,734] [SUBPROCESS]    R6959;VDD.$3152.18;VDD.$755.18;;0.0
[2026-08-13 17:07:53,734] [SUBPROCESS]    R6960;VDD.$3152.18;VDD.$779.18;;27.106
[2026-08-13 17:07:53,734] [SUBPROCESS]    R6961;VDD.$3153.25;VDD.$3165.25;;0.072
[2026-08-13 17:07:53,735] [SUBPROCESS]    R6962;VDD.$3154.18;VDD.$3155.25;;9.3
[2026-08-13 17:07:53,736] [SUBPROCESS]    R6963;VDD.$3154.18;VDD.$821.18;;27.106
[2026-08-13 17:07:53,736] [SUBPROCESS]    R6964;VDD.$3154.18;VDD.$843.18;;0.0
[2026-08-13 17:07:53,737] [SUBPROCESS]    R6965;VDD.$3155.25;VDD.$3167.25;;0.072
[2026-08-13 17:07:53,737] [SUBPROCESS]    R6966;VDD.$3156.18;VDD.$3157.25;;9.3
[2026-08-13 17:07:53,738] [SUBPROCESS]    R6967;VDD.$3156.18;VDD.$787.18;;0.0
[2026-08-13 17:07:53,738] [SUBPROCESS]    R6968;VDD.$3156.18;VDD.$807.18;;27.106
[2026-08-13 17:07:53,739] [SUBPROCESS]    R6969;VDD.$3158.18;VDD.$3159.25;;9.3
[2026-08-13 17:07:53,739] [SUBPROCESS]    R6970;VDD.$3158.18;VDD.$853.18;;27.106
[2026-08-13 17:07:53,740] [SUBPROCESS]    R6971;VDD.$3158.18;VDD.$857.18;;0.0
[2026-08-13 17:07:53,740] [SUBPROCESS]    R6972;VDD.$316.15;VDD.$317.18;;585.0
[2026-08-13 17:07:53,741] [SUBPROCESS]    R6973;VDD.$316.15;VDD.$320.15;;0.0
[2026-08-13 17:07:53,741] [SUBPROCESS]    R6974;VDD.$316.15;VDD.P74.15;;0.0
[2026-08-13 17:07:53,742] [SUBPROCESS]    R6975;VDD.$3160.18;VDD.$3161.25;;9.3
[2026-08-13 17:07:53,742] [SUBPROCESS]    R6976;VDD.$3160.18;VDD.$711.18;;27.106
[2026-08-13 17:07:53,743] [SUBPROCESS]    R6977;VDD.$3160.18;VDD.$763.18;;0.0
[2026-08-13 17:07:53,743] [SUBPROCESS]    R6978;VDD.$3162.18;VDD.$3163.25;;9.3
[2026-08-13 17:07:53,744] [SUBPROCESS]    R6979;VDD.$3162.18;VDD.$747.18;;27.106
[2026-08-13 17:07:53,744] [SUBPROCESS]    R6980;VDD.$3162.18;VDD.$769.18;;0.0
[2026-08-13 17:07:53,745] [SUBPROCESS]    R6981;VDD.$3164.18;VDD.$3165.25;;9.3
[2026-08-13 17:07:53,745] [SUBPROCESS]    R6982;VDD.$3164.18;VDD.$737.18;;0.0
[2026-08-13 17:07:53,746] [SUBPROCESS]    R6983;VDD.$3164.18;VDD.$755.18;;27.106
[2026-08-13 17:07:53,746] [SUBPROCESS]    R6984;VDD.$3166.18;VDD.$3167.25;;9.3
[2026-08-13 17:07:53,747] [SUBPROCESS]    R6985;VDD.$3166.18;VDD.$835.18;;0.0
[2026-08-13 17:07:53,747] [SUBPROCESS]    R6986;VDD.$3166.18;VDD.$843.18;;27.106
[2026-08-13 17:07:53,748] [SUBPROCESS]    R6987;VDD.$3168.18;VDD.$3169.25;;9.3
[2026-08-13 17:07:53,748] [SUBPROCESS]    R6988;VDD.$3168.18;VDD.$873.18;;0.0
[2026-08-13 17:07:53,748] [SUBPROCESS]    R6989;VDD.$3169.25;VDD.$3171.25;;0.0
[2026-08-13 17:07:53,749] [SUBPROCESS]    R6990;VDD.$3169.25;VDD.$3175.25;;0.252
[2026-08-13 17:07:53,749] [SUBPROCESS]    R6991;VDD.$3170.18;VDD.$3171.25;;9.3
[2026-08-13 17:07:53,750] [SUBPROCESS]    R6992;VDD.$3170.18;VDD.$875.18;;0.0
[2026-08-13 17:07:53,750] [SUBPROCESS]    R6993;VDD.$3171.25;VDD.$3679.25;;0.036
[2026-08-13 17:07:53,751] [SUBPROCESS]    R6994;VDD.$3172.18;VDD.$3173.25;;9.3
[2026-08-13 17:07:53,751] [SUBPROCESS]    R6995;VDD.$3172.18;VDD.$877.18;;0.0
[2026-08-13 17:07:53,752] [SUBPROCESS]    R6996;VDD.$3173.25;VDD.$3177.25;;0.276
[2026-08-13 17:07:53,752] [SUBPROCESS]    R6997;VDD.$3173.25;VDD.$3651.25;;0.072
[2026-08-13 17:07:53,753] [SUBPROCESS]    R6998;VDD.$3174.18;VDD.$3175.25;;9.3
[2026-08-13 17:07:53,754] [SUBPROCESS]    R6999;VDD.$3174.18;VDD.$971.18;;0.0
[2026-08-13 17:07:53,754] [SUBPROCESS]    R7000;VDD.$3175.25;VDD.$3179.25;;0.072
[2026-08-13 17:07:53,754] [SUBPROCESS]    R7001;VDD.$3176.18;VDD.$3177.25;;9.3
[2026-08-13 17:07:53,755] [SUBPROCESS]    R7002;VDD.$3176.18;VDD.$889.18;;0.0
[2026-08-13 17:07:53,756] [SUBPROCESS]    R7003;VDD.$3177.25;VDD.$3181.25;;0.072
[2026-08-13 17:07:53,756] [SUBPROCESS]    R7004;VDD.$3178.18;VDD.$3179.25;;9.3
[2026-08-13 17:07:53,756] [SUBPROCESS]    R7005;VDD.$3178.18;VDD.$971.18;;27.106
[2026-08-13 17:07:53,757] [SUBPROCESS]    R7006;VDD.$3179.25;VDD.$3183.25;;0.072
[2026-08-13 17:07:53,757] [SUBPROCESS]    R7007;VDD.$318.15;VDD.$319.18;;585.0
[2026-08-13 17:07:53,758] [SUBPROCESS]    R7008;VDD.$318.15;VDD.$322.15;;0.0
[2026-08-13 17:07:53,758] [SUBPROCESS]    R7009;VDD.$3180.18;VDD.$3181.25;;9.3
[2026-08-13 17:07:53,759] [SUBPROCESS]    R7010;VDD.$3180.18;VDD.$889.18;;27.106
[2026-08-13 17:07:53,759] [SUBPROCESS]    R7011;VDD.$3180.18;VDD.$893.18;;0.0
[2026-08-13 17:07:53,759] [SUBPROCESS]    R7012;VDD.$3181.25;VDD.$3185.25;;0.072
[2026-08-13 17:07:53,760] [SUBPROCESS]    R7013;VDD.$3182.18;VDD.$3183.25;;9.3
[2026-08-13 17:07:53,760] [SUBPROCESS]    R7014;VDD.$3182.18;VDD.$933.18;;0.0
[2026-08-13 17:07:53,761] [SUBPROCESS]    R7015;VDD.$3183.25;VDD.$3187.25;;0.072
[2026-08-13 17:07:53,761] [SUBPROCESS]    R7016;VDD.$3184.18;VDD.$3185.25;;9.3
[2026-08-13 17:07:53,762] [SUBPROCESS]    R7017;VDD.$3184.18;VDD.$893.18;;27.106
[2026-08-13 17:07:53,762] [SUBPROCESS]    R7018;VDD.$3184.18;VDD.$897.18;;0.0
[2026-08-13 17:07:53,763] [SUBPROCESS]    R7019;VDD.$3185.25;VDD.$3189.25;;0.072
[2026-08-13 17:07:53,763] [SUBPROCESS]    R7020;VDD.$3186.18;VDD.$3187.25;;9.3
[2026-08-13 17:07:53,764] [SUBPROCESS]    R7021;VDD.$3186.18;VDD.$933.18;;27.106
[2026-08-13 17:07:53,764] [SUBPROCESS]    R7022;VDD.$3186.18;VDD.$945.18;;0.0
[2026-08-13 17:07:53,765] [SUBPROCESS]    R7023;VDD.$3187.25;VDD.$3191.25;;0.072
[2026-08-13 17:07:53,765] [SUBPROCESS]    R7024;VDD.$3188.18;VDD.$3189.25;;9.3
[2026-08-13 17:07:53,765] [SUBPROCESS]    R7025;VDD.$3188.18;VDD.$897.18;;27.106
[2026-08-13 17:07:53,766] [SUBPROCESS]    R7026;VDD.$3188.18;VDD.$901.18;;0.0
[2026-08-13 17:07:53,766] [SUBPROCESS]    R7027;VDD.$3189.25;VDD.$3193.25;;0.072
[2026-08-13 17:07:53,767] [SUBPROCESS]    R7028;VDD.$3190.18;VDD.$3191.25;;9.3
[2026-08-13 17:07:53,767] [SUBPROCESS]    R7029;VDD.$3190.18;VDD.$945.18;;27.106
[2026-08-13 17:07:53,768] [SUBPROCESS]    R7030;VDD.$3190.18;VDD.$957.18;;0.0
[2026-08-13 17:07:53,768] [SUBPROCESS]    R7031;VDD.$3191.25;VDD.$3195.25;;0.072
[2026-08-13 17:07:53,769] [SUBPROCESS]    R7032;VDD.$3192.18;VDD.$3193.25;;9.3
[2026-08-13 17:07:53,770] [SUBPROCESS]    R7033;VDD.$3192.18;VDD.$901.18;;27.106
[2026-08-13 17:07:53,770] [SUBPROCESS]    R7034;VDD.$3192.18;VDD.$905.18;;0.0
[2026-08-13 17:07:53,771] [SUBPROCESS]    R7035;VDD.$3193.25;VDD.$3197.25;;0.072
[2026-08-13 17:07:53,771] [SUBPROCESS]    R7036;VDD.$3194.18;VDD.$3195.25;;9.3
[2026-08-13 17:07:53,772] [SUBPROCESS]    R7037;VDD.$3194.18;VDD.$957.18;;27.106
[2026-08-13 17:07:53,772] [SUBPROCESS]    R7038;VDD.$3194.18;VDD.$969.18;;0.0
[2026-08-13 17:07:53,773] [SUBPROCESS]    R7039;VDD.$3195.25;VDD.$3199.25;;0.072
[2026-08-13 17:07:53,773] [SUBPROCESS]    R7040;VDD.$3196.18;VDD.$3197.25;;9.3
[2026-08-13 17:07:53,774] [SUBPROCESS]    R7041;VDD.$3196.18;VDD.$905.18;;27.106
[2026-08-13 17:07:53,774] [SUBPROCESS]    R7042;VDD.$3196.18;VDD.$909.18;;0.0
[2026-08-13 17:07:53,775] [SUBPROCESS]    R7043;VDD.$3197.25;VDD.$3201.25;;0.072
[2026-08-13 17:07:53,775] [SUBPROCESS]    R7044;VDD.$3198.18;VDD.$3199.25;;9.3
[2026-08-13 17:07:53,776] [SUBPROCESS]    R7045;VDD.$3198.18;VDD.$969.18;;27.106
[2026-08-13 17:07:53,776] [SUBPROCESS]    R7046;VDD.$3198.18;VDD.$981.18;;0.0
[2026-08-13 17:07:53,776] [SUBPROCESS]    R7047;VDD.$3199.25;VDD.$3203.25;;0.072
[2026-08-13 17:07:53,777] [SUBPROCESS]    R7048;VDD.$32.15;VDD.$33.18;;585.0
[2026-08-13 17:07:53,777] [SUBPROCESS]    R7049;VDD.$32.15;VDD.$40.15;;0.0
[2026-08-13 17:07:53,778] [SUBPROCESS]    R7050;VDD.$320.15;VDD.$321.18;;585.0
[2026-08-13 17:07:53,778] [SUBPROCESS]    R7051;VDD.$320.15;VDD.$324.15;;0.0
[2026-08-13 17:07:53,779] [SUBPROCESS]    R7052;VDD.$3200.18;VDD.$3201.25;;9.3
[2026-08-13 17:07:53,779] [SUBPROCESS]    R7053;VDD.$3200.18;VDD.$909.18;;27.106
[2026-08-13 17:07:53,779] [SUBPROCESS]    R7054;VDD.$3200.18;VDD.$913.18;;0.0
[2026-08-13 17:07:53,780] [SUBPROCESS]    R7055;VDD.$3201.25;VDD.$3205.25;;0.072
[2026-08-13 17:07:53,780] [SUBPROCESS]    R7056;VDD.$3202.18;VDD.$3203.25;;9.3
[2026-08-13 17:07:53,781] [SUBPROCESS]    R7057;VDD.$3202.18;VDD.$981.18;;27.106
[2026-08-13 17:07:53,781] [SUBPROCESS]    R7058;VDD.$3202.18;VDD.$993.18;;0.0
[2026-08-13 17:07:53,781] [SUBPROCESS]    R7059;VDD.$3203.25;VDD.$3207.25;;0.072
[2026-08-13 17:07:53,782] [SUBPROCESS]    R7060;VDD.$3204.18;VDD.$3205.25;;9.3
[2026-08-13 17:07:53,782] [SUBPROCESS]    R7061;VDD.$3204.18;VDD.$913.18;;27.106
[2026-08-13 17:07:53,783] [SUBPROCESS]    R7062;VDD.$3204.18;VDD.$917.18;;0.0
[2026-08-13 17:07:53,783] [SUBPROCESS]    R7063;VDD.$3205.25;VDD.$3209.25;;0.072
[2026-08-13 17:07:53,784] [SUBPROCESS]    R7064;VDD.$3206.18;VDD.$3207.25;;9.3
[2026-08-13 17:07:53,784] [SUBPROCESS]    R7065;VDD.$3206.18;VDD.$993.18;;27.106
[2026-08-13 17:07:53,784] [SUBPROCESS]    R7066;VDD.$3207.25;VDD.$3211.25;;0.276
[2026-08-13 17:07:53,785] [SUBPROCESS]    R7067;VDD.$3208.18;VDD.$3209.25;;9.3
[2026-08-13 17:07:53,786] [SUBPROCESS]    R7068;VDD.$3208.18;VDD.$917.18;;27.106
[2026-08-13 17:07:53,786] [SUBPROCESS]    R7069;VDD.$3208.18;VDD.$921.18;;0.0
[2026-08-13 17:07:53,787] [SUBPROCESS]    R7070;VDD.$3209.25;VDD.$3213.25;;0.276
[2026-08-13 17:07:53,787] [SUBPROCESS]    R7071;VDD.$3210.18;VDD.$3211.25;;9.3
[2026-08-13 17:07:53,788] [SUBPROCESS]    R7072;VDD.$3211.25;VDD.$3215.25;;0.072
[2026-08-13 17:07:53,788] [SUBPROCESS]    R7073;VDD.$3212.18;VDD.$3213.25;;9.3
[2026-08-13 17:07:53,789] [SUBPROCESS]    R7074;VDD.$3212.18;VDD.$925.18;;0.0
[2026-08-13 17:07:53,789] [SUBPROCESS]    R7075;VDD.$3213.25;VDD.$3217.25;;0.072
[2026-08-13 17:07:53,790] [SUBPROCESS]    R7076;VDD.$3214.18;VDD.$3215.25;;9.3
[2026-08-13 17:07:53,790] [SUBPROCESS]    R7077;VDD.$3215.25;VDD.$3219.25;;0.072
[2026-08-13 17:07:53,791] [SUBPROCESS]    R7078;VDD.$3216.18;VDD.$3217.25;;9.3
[2026-08-13 17:07:53,791] [SUBPROCESS]    R7079;VDD.$3216.18;VDD.$925.18;;27.106
[2026-08-13 17:07:53,792] [SUBPROCESS]    R7080;VDD.$3216.18;VDD.$929.18;;0.0
[2026-08-13 17:07:53,792] [SUBPROCESS]    R7081;VDD.$3217.25;VDD.$3221.25;;0.072
[2026-08-13 17:07:53,793] [SUBPROCESS]    R7082;VDD.$3218.18;VDD.$3219.25;;9.3
[2026-08-13 17:07:53,793] [SUBPROCESS]    R7083;VDD.$3218.18;VDD.$937.18;;0.0
[2026-08-13 17:07:53,793] [SUBPROCESS]    R7084;VDD.$3219.25;VDD.$3223.25;;0.072
[2026-08-13 17:07:53,794] [SUBPROCESS]    R7085;VDD.$322.15;VDD.$323.18;;585.0
[2026-08-13 17:07:53,794] [SUBPROCESS]    R7086;VDD.$322.15;VDD.$326.15;;0.0
[2026-08-13 17:07:53,795] [SUBPROCESS]    R7087;VDD.$3220.18;VDD.$3221.25;;9.3
[2026-08-13 17:07:53,796] [SUBPROCESS]    R7088;VDD.$3220.18;VDD.$883.18;;0.0
[2026-08-13 17:07:53,796] [SUBPROCESS]    R7089;VDD.$3220.18;VDD.$929.18;;27.106
[2026-08-13 17:07:53,796] [SUBPROCESS]    R7090;VDD.$3221.25;VDD.$3225.25;;0.072
[2026-08-13 17:07:53,797] [SUBPROCESS]    R7091;VDD.$3222.18;VDD.$3223.25;;9.3
[2026-08-13 17:07:53,797] [SUBPROCESS]    R7092;VDD.$3222.18;VDD.$935.18;;0.0
[2026-08-13 17:07:53,798] [SUBPROCESS]    R7093;VDD.$3222.18;VDD.$937.18;;27.106
[2026-08-13 17:07:53,798] [SUBPROCESS]    R7094;VDD.$3223.25;VDD.$3227.25;;0.072
[2026-08-13 17:07:53,799] [SUBPROCESS]    R7095;VDD.$3224.18;VDD.$3225.25;;9.3
[2026-08-13 17:07:53,799] [SUBPROCESS]    R7096;VDD.$3224.18;VDD.$883.18;;27.106
[2026-08-13 17:07:53,800] [SUBPROCESS]    R7097;VDD.$3224.18;VDD.$887.18;;0.0
[2026-08-13 17:07:53,800] [SUBPROCESS]    R7098;VDD.$3225.25;VDD.$3229.25;;0.072
[2026-08-13 17:07:53,800] [SUBPROCESS]    R7099;VDD.$3226.18;VDD.$3227.25;;9.3
[2026-08-13 17:07:53,801] [SUBPROCESS]    R7100;VDD.$3226.18;VDD.$7.18;;0.0
[2026-08-13 17:07:53,802] [SUBPROCESS]    R7101;VDD.$3226.18;VDD.$935.18;;27.106
[2026-08-13 17:07:53,802] [SUBPROCESS]    R7102;VDD.$3227.25;VDD.$3231.25;;0.072
[2026-08-13 17:07:53,803] [SUBPROCESS]    R7103;VDD.$3228.18;VDD.$3229.25;;9.3
[2026-08-13 17:07:53,803] [SUBPROCESS]    R7104;VDD.$3228.18;VDD.$887.18;;27.106
[2026-08-13 17:07:53,804] [SUBPROCESS]    R7105;VDD.$3228.18;VDD.$9.18;;0.0
[2026-08-13 17:07:53,804] [SUBPROCESS]    R7106;VDD.$3229.25;VDD.$3233.25;;0.072
[2026-08-13 17:07:53,805] [SUBPROCESS]    R7107;VDD.$3230.18;VDD.$3231.25;;9.3
[2026-08-13 17:07:53,805] [SUBPROCESS]    R7108;VDD.$3230.18;VDD.$7.18;;27.106
[2026-08-13 17:07:53,806] [SUBPROCESS]    R7109;VDD.$3230.18;VDD.$765.18;;0.0
[2026-08-13 17:07:53,806] [SUBPROCESS]    R7110;VDD.$3232.18;VDD.$3233.25;;9.3
[2026-08-13 17:07:53,807] [SUBPROCESS]    R7111;VDD.$3232.18;VDD.$863.18;;0.0
[2026-08-13 17:07:53,807] [SUBPROCESS]    R7112;VDD.$3232.18;VDD.$9.18;;27.106
[2026-08-13 17:07:53,808] [SUBPROCESS]    R7113;VDD.$3234.18;VDD.$3235.25;;9.3
[2026-08-13 17:07:53,808] [SUBPROCESS]    R7114;VDD.$3234.18;VDD.$975.18;;27.106
[2026-08-13 17:07:53,809] [SUBPROCESS]    R7115;VDD.$3234.18;VDD.$987.18;;0.0
[2026-08-13 17:07:53,809] [SUBPROCESS]    R7116;VDD.$3235.25;VDD.$3241.25;;0.018
[2026-08-13 17:07:53,810] [SUBPROCESS]    R7117;VDD.$3235.25;VDD.$3411.25;;0.027
[2026-08-13 17:07:53,811] [SUBPROCESS]    R7118;VDD.$3236.18;VDD.$3237.25;;9.3
[2026-08-13 17:07:53,811] [SUBPROCESS]    R7119;VDD.$3236.18;VDD.$977.18;;27.106
[2026-08-13 17:07:53,812] [SUBPROCESS]    R7120;VDD.$3236.18;VDD.$989.18;;0.0
[2026-08-13 17:07:53,812] [SUBPROCESS]    R7121;VDD.$3237.25;VDD.$3239.25;;0.0
[2026-08-13 17:07:53,813] [SUBPROCESS]    R7122;VDD.$3237.25;VDD.$3247.25;;0.036
[2026-08-13 17:07:53,813] [SUBPROCESS]    R7123;VDD.$3238.18;VDD.$3239.25;;9.3
[2026-08-13 17:07:53,814] [SUBPROCESS]    R7124;VDD.$3238.18;VDD.$979.18;;27.106
[2026-08-13 17:07:53,815] [SUBPROCESS]    R7125;VDD.$3238.18;VDD.$991.18;;0.0
[2026-08-13 17:07:53,815] [SUBPROCESS]    R7126;VDD.$3239.25;VDD.$3395.25;;0.036
[2026-08-13 17:07:53,816] [SUBPROCESS]    R7127;VDD.$324.15;VDD.$325.18;;585.0
[2026-08-13 17:07:53,816] [SUBPROCESS]    R7128;VDD.$324.15;VDD.$328.15;;0.0
[2026-08-13 17:07:53,816] [SUBPROCESS]    R7129;VDD.$3240.18;VDD.$3241.25;;9.3
[2026-08-13 17:07:53,817] [SUBPROCESS]    R7130;VDD.$3240.18;VDD.$3248.18;;18.432
[2026-08-13 17:07:53,817] [SUBPROCESS]    R7131;VDD.$3240.18;VDD.$3410.18;;18.432
[2026-08-13 17:07:53,818] [SUBPROCESS]    R7132;VDD.$3241.25;VDD.$3243.25;;0.027
[2026-08-13 17:07:53,818] [SUBPROCESS]    R7133;VDD.$3242.18;VDD.$3243.25;;9.3
[2026-08-13 17:07:53,819] [SUBPROCESS]    R7134;VDD.$3242.18;VDD.$987.18;;27.106
[2026-08-13 17:07:53,819] [SUBPROCESS]    R7135;VDD.$3242.18;VDD.$999.18;;0.0
[2026-08-13 17:07:53,820] [SUBPROCESS]    R7136;VDD.$3243.25;VDD.$3249.25;;0.018
[2026-08-13 17:07:53,820] [SUBPROCESS]    R7137;VDD.$3244.18;VDD.$3245.25;;9.3
[2026-08-13 17:07:53,821] [SUBPROCESS]    R7138;VDD.$3244.18;VDD.$989.18;;27.106
[2026-08-13 17:07:53,821] [SUBPROCESS]    R7139;VDD.$3245.25;VDD.$3247.25;;0.0
[2026-08-13 17:07:53,822] [SUBPROCESS]    R7140;VDD.$3245.25;VDD.$3261.25;;0.138
[2026-08-13 17:07:53,822] [SUBPROCESS]    R7141;VDD.$3246.18;VDD.$3247.25;;9.3
[2026-08-13 17:07:53,823] [SUBPROCESS]    R7142;VDD.$3246.18;VDD.$991.18;;27.106
[2026-08-13 17:07:53,823] [SUBPROCESS]    R7143;VDD.$3248.18;VDD.$3249.25;;9.3
[2026-08-13 17:07:53,824] [SUBPROCESS]    R7144;VDD.$3248.18;VDD.$3250.18;;18.432
[2026-08-13 17:07:53,824] [SUBPROCESS]    R7145;VDD.$3249.25;VDD.$3251.25;;0.045
[2026-08-13 17:07:53,824] [SUBPROCESS]    R7146;VDD.$3250.18;VDD.$3251.25;;9.3
[2026-08-13 17:07:53,825] [SUBPROCESS]    R7147;VDD.$3250.18;VDD.$3252.18;;18.432
[2026-08-13 17:07:53,825] [SUBPROCESS]    R7148;VDD.$3251.25;VDD.$3253.25;;0.045
[2026-08-13 17:07:53,826] [SUBPROCESS]    R7149;VDD.$3252.18;VDD.$3253.25;;9.3
[2026-08-13 17:07:53,826] [SUBPROCESS]    R7150;VDD.$3252.18;VDD.$3254.18;;18.432
[2026-08-13 17:07:53,826] [SUBPROCESS]    R7151;VDD.$3253.25;VDD.$3255.25;;0.045
[2026-08-13 17:07:53,827] [SUBPROCESS]    R7152;VDD.$3254.18;VDD.$3255.25;;9.3
[2026-08-13 17:07:53,827] [SUBPROCESS]    R7153;VDD.$3254.18;VDD.$3262.18;;18.432
[2026-08-13 17:07:53,828] [SUBPROCESS]    R7154;VDD.$3255.25;VDD.$3257.25;;0.02
[2026-08-13 17:07:53,828] [SUBPROCESS]    R7155;VDD.$3256.18;VDD.$3257.25;;9.3
[2026-08-13 17:07:53,829] [SUBPROCESS]    R7156;VDD.$3257.25;VDD.$3263.25;;0.025
[2026-08-13 17:07:53,829] [SUBPROCESS]    R7157;VDD.$3258.18;VDD.$3259.25;;9.3
[2026-08-13 17:07:53,829] [SUBPROCESS]    R7158;VDD.$3259.25;VDD.$3261.25;;0.0
[2026-08-13 17:07:53,830] [SUBPROCESS]    R7159;VDD.$3259.25;VDD.$3269.25;;0.036
[2026-08-13 17:07:53,830] [SUBPROCESS]    R7160;VDD.$326.15;VDD.$327.18;;585.0
[2026-08-13 17:07:53,831] [SUBPROCESS]    R7161;VDD.$326.15;VDD.$330.15;;0.0
[2026-08-13 17:07:53,831] [SUBPROCESS]    R7162;VDD.$3260.18;VDD.$3261.25;;9.3
[2026-08-13 17:07:53,831] [SUBPROCESS]    R7163;VDD.$3262.18;VDD.$3263.25;;9.3
[2026-08-13 17:07:53,832] [SUBPROCESS]    R7164;VDD.$3262.18;VDD.$3270.18;;18.432
[2026-08-13 17:07:53,832] [SUBPROCESS]    R7165;VDD.$3263.25;VDD.$3265.25;;0.02
[2026-08-13 17:07:53,833] [SUBPROCESS]    R7166;VDD.$3264.18;VDD.$3265.25;;9.3
[2026-08-13 17:07:53,833] [SUBPROCESS]    R7167;VDD.$3265.25;VDD.$3271.25;;0.025
[2026-08-13 17:07:53,834] [SUBPROCESS]    R7168;VDD.$3266.18;VDD.$3267.25;;9.3
[2026-08-13 17:07:53,834] [SUBPROCESS]    R7169;VDD.$3267.25;VDD.$3269.25;;0.0
[2026-08-13 17:07:53,835] [SUBPROCESS]    R7170;VDD.$3267.25;VDD.$3277.25;;0.036
[2026-08-13 17:07:53,835] [SUBPROCESS]    R7171;VDD.$3268.18;VDD.$3269.25;;9.3
[2026-08-13 17:07:53,836] [SUBPROCESS]    R7172;VDD.$3270.18;VDD.$3271.25;;9.3
[2026-08-13 17:07:53,837] [SUBPROCESS]    R7173;VDD.$3270.18;VDD.$3278.18;;18.432
[2026-08-13 17:07:53,837] [SUBPROCESS]    R7174;VDD.$3271.25;VDD.$3273.25;;0.02
[2026-08-13 17:07:53,838] [SUBPROCESS]    R7175;VDD.$3272.18;VDD.$3273.25;;9.3
[2026-08-13 17:07:53,838] [SUBPROCESS]    R7176;VDD.$3273.25;VDD.$3279.25;;0.025
[2026-08-13 17:07:53,839] [SUBPROCESS]    R7177;VDD.$3274.18;VDD.$3275.25;;9.3
[2026-08-13 17:07:53,839] [SUBPROCESS]    R7178;VDD.$3274.18;VDD.$947.18;;0.0
[2026-08-13 17:07:53,840] [SUBPROCESS]    R7179;VDD.$3275.25;VDD.$3277.25;;0.0
[2026-08-13 17:07:53,840] [SUBPROCESS]    R7180;VDD.$3275.25;VDD.$3285.25;;0.036
[2026-08-13 17:07:53,841] [SUBPROCESS]    R7181;VDD.$3276.18;VDD.$3277.25;;9.3
[2026-08-13 17:07:53,841] [SUBPROCESS]    R7182;VDD.$3276.18;VDD.$973.18;;0.0
[2026-08-13 17:07:53,841] [SUBPROCESS]    R7183;VDD.$3278.18;VDD.$3279.25;;9.3
[2026-08-13 17:07:53,842] [SUBPROCESS]    R7184;VDD.$3278.18;VDD.$3286.18;;18.432
[2026-08-13 17:07:53,842] [SUBPROCESS]    R7185;VDD.$3279.25;VDD.$3281.25;;0.02
[2026-08-13 17:07:53,843] [SUBPROCESS]    R7186;VDD.$328.15;VDD.$329.18;;585.0
[2026-08-13 17:07:53,843] [SUBPROCESS]    R7187;VDD.$328.15;VDD.$332.15;;0.0
[2026-08-13 17:07:53,844] [SUBPROCESS]    R7188;VDD.$3280.18;VDD.$3281.25;;9.3
[2026-08-13 17:07:53,844] [SUBPROCESS]    R7189;VDD.$3280.18;VDD.$983.18;;0.0
[2026-08-13 17:07:53,844] [SUBPROCESS]    R7190;VDD.$3281.25;VDD.$3287.25;;0.025
[2026-08-13 17:07:53,845] [SUBPROCESS]    R7191;VDD.$3282.18;VDD.$3283.25;;9.3
[2026-08-13 17:07:53,845] [SUBPROCESS]    R7192;VDD.$3282.18;VDD.$947.18;;27.106
[2026-08-13 17:07:53,846] [SUBPROCESS]    R7193;VDD.$3283.25;VDD.$3285.25;;0.0
[2026-08-13 17:07:53,846] [SUBPROCESS]    R7194;VDD.$3283.25;VDD.$3293.25;;0.036
[2026-08-13 17:07:53,847] [SUBPROCESS]    R7195;VDD.$3284.18;VDD.$3285.25;;9.3
[2026-08-13 17:07:53,847] [SUBPROCESS]    R7196;VDD.$3284.18;VDD.$973.18;;27.106
[2026-08-13 17:07:53,848] [SUBPROCESS]    R7197;VDD.$3286.18;VDD.$3287.25;;9.3
[2026-08-13 17:07:53,848] [SUBPROCESS]    R7198;VDD.$3286.18;VDD.$3294.18;;18.432
[2026-08-13 17:07:53,848] [SUBPROCESS]    R7199;VDD.$3287.25;VDD.$3289.25;;0.02
[2026-08-13 17:07:53,849] [SUBPROCESS]    R7200;VDD.$3288.18;VDD.$3289.25;;9.3
[2026-08-13 17:07:53,850] [SUBPROCESS]    R7201;VDD.$3288.18;VDD.$983.18;;27.106
[2026-08-13 17:07:53,850] [SUBPROCESS]    R7202;VDD.$3289.25;VDD.$3295.25;;0.025
[2026-08-13 17:07:53,851] [SUBPROCESS]    R7203;VDD.$3290.18;VDD.$3291.25;;9.3
[2026-08-13 17:07:53,851] [SUBPROCESS]    R7204;VDD.$3291.25;VDD.$3293.25;;0.0
[2026-08-13 17:07:53,852] [SUBPROCESS]    R7205;VDD.$3291.25;VDD.$3301.25;;0.036
[2026-08-13 17:07:53,853] [SUBPROCESS]    R7206;VDD.$3292.18;VDD.$3293.25;;9.3
[2026-08-13 17:07:53,854] [SUBPROCESS]    R7207;VDD.$3292.18;VDD.$5.18;;0.0
[2026-08-13 17:07:53,854] [SUBPROCESS]    R7208;VDD.$3294.18;VDD.$3295.25;;9.3
[2026-08-13 17:07:53,855] [SUBPROCESS]    R7209;VDD.$3294.18;VDD.$3302.18;;18.432
[2026-08-13 17:07:53,856] [SUBPROCESS]    R7210;VDD.$3295.25;VDD.$3297.25;;0.02
[2026-08-13 17:07:53,856] [SUBPROCESS]    R7211;VDD.$3296.18;VDD.$3297.25;;9.3
[2026-08-13 17:07:53,857] [SUBPROCESS]    R7212;VDD.$3296.18;VDD.$773.18;;0.0
[2026-08-13 17:07:53,857] [SUBPROCESS]    R7213;VDD.$3297.25;VDD.$3303.25;;0.025
[2026-08-13 17:07:53,858] [SUBPROCESS]    R7214;VDD.$3298.18;VDD.$3299.25;;9.3
[2026-08-13 17:07:53,858] [SUBPROCESS]    R7215;VDD.$3298.18;VDD.$775.18;;0.0
[2026-08-13 17:07:53,858] [SUBPROCESS]    R7216;VDD.$3299.25;VDD.$3301.25;;0.0
[2026-08-13 17:07:53,859] [SUBPROCESS]    R7217;VDD.$330.15;VDD.$331.18;;585.0
[2026-08-13 17:07:53,859] [SUBPROCESS]    R7218;VDD.$3300.18;VDD.$3301.25;;9.3
[2026-08-13 17:07:53,860] [SUBPROCESS]    R7219;VDD.$3300.18;VDD.$5.18;;27.106
[2026-08-13 17:07:53,860] [SUBPROCESS]    R7220;VDD.$3300.18;VDD.$749.18;;0.0
[2026-08-13 17:07:53,860] [SUBPROCESS]    R7221;VDD.$3302.18;VDD.$3303.25;;9.3
[2026-08-13 17:07:53,861] [SUBPROCESS]    R7222;VDD.$3304.18;VDD.$3305.25;;9.3
[2026-08-13 17:07:53,861] [SUBPROCESS]    R7223;VDD.$3304.18;VDD.$3328.18;;18.432
[2026-08-13 17:07:53,862] [SUBPROCESS]    R7224;VDD.$3304.18;VDD.$3374.18;;18.432
[2026-08-13 17:07:53,862] [SUBPROCESS]    R7225;VDD.$3305.25;VDD.$3329.25;;0.18
[2026-08-13 17:07:53,862] [SUBPROCESS]    R7226;VDD.$3305.25;VDD.$3375.25;;0.18
[2026-08-13 17:07:53,863] [SUBPROCESS]    R7227;VDD.$3306.18;VDD.$3307.25;;9.3
[2026-08-13 17:07:53,863] [SUBPROCESS]    R7228;VDD.$3306.18;VDD.$3318.18;;18.432
[2026-08-13 17:07:53,864] [SUBPROCESS]    R7229;VDD.$3306.18;VDD.$3334.18;;18.432
[2026-08-13 17:07:53,864] [SUBPROCESS]    R7230;VDD.$3307.25;VDD.$3319.25;;0.18
[2026-08-13 17:07:53,865] [SUBPROCESS]    R7231;VDD.$3307.25;VDD.$3335.25;;0.18
[2026-08-13 17:07:53,865] [SUBPROCESS]    R7232;VDD.$3308.18;VDD.$3309.25;;9.3
[2026-08-13 17:07:53,865] [SUBPROCESS]    R7233;VDD.$3308.18;VDD.$3320.18;;18.432
[2026-08-13 17:07:53,866] [SUBPROCESS]    R7234;VDD.$3308.18;VDD.$3336.18;;18.432
[2026-08-13 17:07:53,866] [SUBPROCESS]    R7235;VDD.$3309.25;VDD.$3321.25;;0.18
[2026-08-13 17:07:53,867] [SUBPROCESS]    R7236;VDD.$3309.25;VDD.$3337.25;;0.18
[2026-08-13 17:07:53,867] [SUBPROCESS]    R7237;VDD.$3310.18;VDD.$3311.25;;9.3
[2026-08-13 17:07:53,867] [SUBPROCESS]    R7238;VDD.$3310.18;VDD.$3324.18;;18.432
[2026-08-13 17:07:53,868] [SUBPROCESS]    R7239;VDD.$3310.18;VDD.$3328.18;;18.432
[2026-08-13 17:07:53,868] [SUBPROCESS]    R7240;VDD.$3311.25;VDD.$3325.25;;0.18
[2026-08-13 17:07:53,869] [SUBPROCESS]    R7241;VDD.$3311.25;VDD.$3329.25;;0.18
[2026-08-13 17:07:53,870] [SUBPROCESS]    R7242;VDD.$3312.18;VDD.$3313.25;;9.3
[2026-08-13 17:07:53,870] [SUBPROCESS]    R7243;VDD.$3312.18;VDD.$3326.18;;18.432
[2026-08-13 17:07:53,871] [SUBPROCESS]    R7244;VDD.$3312.18;VDD.$3346.18;;18.432
[2026-08-13 17:07:53,872] [SUBPROCESS]    R7245;VDD.$3313.25;VDD.$3327.25;;0.18
[2026-08-13 17:07:53,872] [SUBPROCESS]    R7246;VDD.$3313.25;VDD.$3347.25;;0.18
[2026-08-13 17:07:53,873] [SUBPROCESS]    R7247;VDD.$3314.18;VDD.$3315.25;;9.3
[2026-08-13 17:07:53,873] [SUBPROCESS]    R7248;VDD.$3314.18;VDD.$3334.18;;18.432
[2026-08-13 17:07:53,873] [SUBPROCESS]    R7249;VDD.$3314.18;VDD.$3338.18;;18.432
[2026-08-13 17:07:53,874] [SUBPROCESS]    R7250;VDD.$3315.25;VDD.$3335.25;;0.18
[2026-08-13 17:07:53,874] [SUBPROCESS]    R7251;VDD.$3315.25;VDD.$3339.25;;0.18
[2026-08-13 17:07:53,875] [SUBPROCESS]    R7252;VDD.$3316.18;VDD.$3317.25;;9.3
[2026-08-13 17:07:53,875] [SUBPROCESS]    R7253;VDD.$3316.18;VDD.$3336.18;;18.432
[2026-08-13 17:07:53,876] [SUBPROCESS]    R7254;VDD.$3316.18;VDD.$3340.18;;18.432
[2026-08-13 17:07:53,876] [SUBPROCESS]    R7255;VDD.$3317.25;VDD.$3337.25;;0.18
[2026-08-13 17:07:53,876] [SUBPROCESS]    R7256;VDD.$3317.25;VDD.$3341.25;;0.18
[2026-08-13 17:07:53,877] [SUBPROCESS]    R7257;VDD.$3318.18;VDD.$3319.25;;9.3
[2026-08-13 17:07:53,877] [SUBPROCESS]    R7258;VDD.$3318.18;VDD.$3330.18;;18.432
[2026-08-13 17:07:53,878] [SUBPROCESS]    R7259;VDD.$3319.25;VDD.$3331.25;;0.18
[2026-08-13 17:07:53,878] [SUBPROCESS]    R7260;VDD.$332.15;VDD.$333.18;;585.0
[2026-08-13 17:07:53,878] [SUBPROCESS]    R7261;VDD.$3320.18;VDD.$3321.25;;9.3
[2026-08-13 17:07:53,879] [SUBPROCESS]    R7262;VDD.$3320.18;VDD.$3332.18;;18.432
[2026-08-13 17:07:53,879] [SUBPROCESS]    R7263;VDD.$3321.25;VDD.$3333.25;;0.18
[2026-08-13 17:07:53,880] [SUBPROCESS]    R7264;VDD.$3322.18;VDD.$3323.25;;9.3
[2026-08-13 17:07:53,880] [SUBPROCESS]    R7265;VDD.$3322.18;VDD.$3346.18;;18.432
[2026-08-13 17:07:53,880] [SUBPROCESS]    R7266;VDD.$3322.18;VDD.$3376.18;;18.432
[2026-08-13 17:07:53,881] [SUBPROCESS]    R7267;VDD.$3323.25;VDD.$3347.25;;0.18
[2026-08-13 17:07:53,881] [SUBPROCESS]    R7268;VDD.$3323.25;VDD.$3377.25;;0.18
[2026-08-13 17:07:53,882] [SUBPROCESS]    R7269;VDD.$3324.18;VDD.$3325.25;;9.3
[2026-08-13 17:07:53,882] [SUBPROCESS]    R7270;VDD.$3324.18;VDD.$3338.18;;18.432
[2026-08-13 17:07:53,883] [SUBPROCESS]    R7271;VDD.$3325.25;VDD.$3339.25;;0.18
[2026-08-13 17:07:53,883] [SUBPROCESS]    R7272;VDD.$3326.18;VDD.$3327.25;;9.3
[2026-08-13 17:07:53,883] [SUBPROCESS]    R7273;VDD.$3326.18;VDD.$3340.18;;18.432
[2026-08-13 17:07:53,884] [SUBPROCESS]    R7274;VDD.$3327.25;VDD.$3341.25;;0.18
[2026-08-13 17:07:53,884] [SUBPROCESS]    R7275;VDD.$3328.18;VDD.$3329.25;;9.3
[2026-08-13 17:07:53,885] [SUBPROCESS]    R7276;VDD.$3330.18;VDD.$3331.25;;9.3
[2026-08-13 17:07:53,885] [SUBPROCESS]    R7277;VDD.$3330.18;VDD.$3342.18;;18.432
[2026-08-13 17:07:53,886] [SUBPROCESS]    R7278;VDD.$3331.25;VDD.$3343.25;;0.18
[2026-08-13 17:07:53,887] [SUBPROCESS]    R7279;VDD.$3332.18;VDD.$3333.25;;9.3
[2026-08-13 17:07:53,887] [SUBPROCESS]    R7280;VDD.$3332.18;VDD.$3344.18;;18.432
[2026-08-13 17:07:53,888] [SUBPROCESS]    R7281;VDD.$3333.25;VDD.$3345.25;;0.18
[2026-08-13 17:07:53,888] [SUBPROCESS]    R7282;VDD.$3334.18;VDD.$3335.25;;9.3
[2026-08-13 17:07:53,889] [SUBPROCESS]    R7283;VDD.$3336.18;VDD.$3337.25;;9.3
[2026-08-13 17:07:53,889] [SUBPROCESS]    R7284;VDD.$3338.18;VDD.$3339.25;;9.3
[2026-08-13 17:07:53,890] [SUBPROCESS]    R7285;VDD.$334.15;VDD.$335.18;;585.0
[2026-08-13 17:07:53,890] [SUBPROCESS]    R7286;VDD.$334.15;VDD.$338.15;;0.0
[2026-08-13 17:07:53,891] [SUBPROCESS]    R7287;VDD.$3340.18;VDD.$3341.25;;9.3
[2026-08-13 17:07:53,891] [SUBPROCESS]    R7288;VDD.$3342.18;VDD.$3343.25;;9.3
[2026-08-13 17:07:53,892] [SUBPROCESS]    R7289;VDD.$3344.18;VDD.$3345.25;;9.3
[2026-08-13 17:07:53,892] [SUBPROCESS]    R7290;VDD.$3346.18;VDD.$3347.25;;9.3
[2026-08-13 17:07:53,893] [SUBPROCESS]    R7291;VDD.$3348.18;VDD.$3349.25;;9.3
[2026-08-13 17:07:53,893] [SUBPROCESS]    R7292;VDD.$3348.18;VDD.$3350.18;;18.432
[2026-08-13 17:07:53,894] [SUBPROCESS]    R7293;VDD.$3348.18;VDD.$3382.18;;18.432
[2026-08-13 17:07:53,894] [SUBPROCESS]    R7294;VDD.$3349.25;VDD.$3351.25;;0.18
[2026-08-13 17:07:53,895] [SUBPROCESS]    R7295;VDD.$3349.25;VDD.$3383.25;;0.18
[2026-08-13 17:07:53,895] [SUBPROCESS]    R7296;VDD.$335.18;VDD.$4004.18;;0.0
[2026-08-13 17:07:53,895] [SUBPROCESS]    R7297;VDD.$3350.18;VDD.$3351.25;;9.3
[2026-08-13 17:07:53,896] [SUBPROCESS]    R7298;VDD.$3350.18;VDD.$3352.18;;18.432
[2026-08-13 17:07:53,896] [SUBPROCESS]    R7299;VDD.$3351.25;VDD.$3353.25;;0.18
[2026-08-13 17:07:53,897] [SUBPROCESS]    R7300;VDD.$3352.18;VDD.$3353.25;;9.3
[2026-08-13 17:07:53,897] [SUBPROCESS]    R7301;VDD.$3352.18;VDD.$3354.18;;18.432
[2026-08-13 17:07:53,897] [SUBPROCESS]    R7302;VDD.$3353.25;VDD.$3355.25;;0.18
[2026-08-13 17:07:53,898] [SUBPROCESS]    R7303;VDD.$3354.18;VDD.$3355.25;;9.3
[2026-08-13 17:07:53,898] [SUBPROCESS]    R7304;VDD.$3354.18;VDD.$3356.18;;18.432
[2026-08-13 17:07:53,899] [SUBPROCESS]    R7305;VDD.$3355.25;VDD.$3357.25;;0.18
[2026-08-13 17:07:53,899] [SUBPROCESS]    R7306;VDD.$3356.18;VDD.$3357.25;;9.3
[2026-08-13 17:07:53,900] [SUBPROCESS]    R7307;VDD.$3356.18;VDD.$3358.18;;18.432
[2026-08-13 17:07:53,900] [SUBPROCESS]    R7308;VDD.$3357.25;VDD.$3359.25;;0.18
[2026-08-13 17:07:53,900] [SUBPROCESS]    R7309;VDD.$3358.18;VDD.$3359.25;;9.3
[2026-08-13 17:07:53,901] [SUBPROCESS]    R7310;VDD.$3358.18;VDD.$3360.18;;18.432
[2026-08-13 17:07:53,901] [SUBPROCESS]    R7311;VDD.$3359.25;VDD.$3361.25;;0.18
[2026-08-13 17:07:53,902] [SUBPROCESS]    R7312;VDD.$336.15;VDD.$337.18;;585.0
[2026-08-13 17:07:53,903] [SUBPROCESS]    R7313;VDD.$336.15;VDD.$340.15;;0.0
[2026-08-13 17:07:53,904] [SUBPROCESS]    R7314;VDD.$3360.18;VDD.$3361.25;;9.3
[2026-08-13 17:07:53,904] [SUBPROCESS]    R7315;VDD.$3360.18;VDD.$3362.18;;18.432
[2026-08-13 17:07:53,904] [SUBPROCESS]    R7316;VDD.$3361.25;VDD.$3363.25;;0.18
[2026-08-13 17:07:53,905] [SUBPROCESS]    R7317;VDD.$3362.18;VDD.$3363.25;;9.3
[2026-08-13 17:07:53,905] [SUBPROCESS]    R7318;VDD.$3362.18;VDD.$3364.18;;18.432
[2026-08-13 17:07:53,906] [SUBPROCESS]    R7319;VDD.$3363.25;VDD.$3365.25;;0.18
[2026-08-13 17:07:53,906] [SUBPROCESS]    R7320;VDD.$3364.18;VDD.$3365.25;;9.3
[2026-08-13 17:07:53,907] [SUBPROCESS]    R7321;VDD.$3364.18;VDD.$3366.18;;18.432
[2026-08-13 17:07:53,907] [SUBPROCESS]    R7322;VDD.$3365.25;VDD.$3367.25;;0.18
[2026-08-13 17:07:53,908] [SUBPROCESS]    R7323;VDD.$3366.18;VDD.$3367.25;;9.3
[2026-08-13 17:07:53,908] [SUBPROCESS]    R7324;VDD.$3366.18;VDD.$3368.18;;18.432
[2026-08-13 17:07:53,908] [SUBPROCESS]    R7325;VDD.$3367.25;VDD.$3369.25;;0.18
[2026-08-13 17:07:53,909] [SUBPROCESS]    R7326;VDD.$3368.18;VDD.$3369.25;;9.3
[2026-08-13 17:07:53,909] [SUBPROCESS]    R7327;VDD.$3368.18;VDD.$3370.18;;18.432
[2026-08-13 17:07:53,910] [SUBPROCESS]    R7328;VDD.$3369.25;VDD.$3371.25;;0.18
[2026-08-13 17:07:53,910] [SUBPROCESS]    R7329;VDD.$337.18;VDD.$4018.18;;0.0
[2026-08-13 17:07:53,911] [SUBPROCESS]    R7330;VDD.$3370.18;VDD.$3371.25;;9.3
[2026-08-13 17:07:53,911] [SUBPROCESS]    R7331;VDD.$3370.18;VDD.$3372.18;;18.432
[2026-08-13 17:07:53,912] [SUBPROCESS]    R7332;VDD.$3371.25;VDD.$3373.25;;0.18
[2026-08-13 17:07:53,912] [SUBPROCESS]    R7333;VDD.$3372.18;VDD.$3373.25;;9.3
[2026-08-13 17:07:53,913] [SUBPROCESS]    R7334;VDD.$3372.18;VDD.$3376.18;;62.289
[2026-08-13 17:07:53,913] [SUBPROCESS]    R7335;VDD.$3373.25;VDD.$3377.25;;0.608
[2026-08-13 17:07:53,914] [SUBPROCESS]    R7336;VDD.$3374.18;VDD.$3375.25;;9.3
[2026-08-13 17:07:53,914] [SUBPROCESS]    R7337;VDD.$3374.18;VDD.$3378.18;;62.289
[2026-08-13 17:07:53,914] [SUBPROCESS]    R7338;VDD.$3375.25;VDD.$3379.25;;0.608
[2026-08-13 17:07:53,915] [SUBPROCESS]    R7339;VDD.$3376.18;VDD.$3377.25;;9.3
[2026-08-13 17:07:53,915] [SUBPROCESS]    R7340;VDD.$3378.18;VDD.$3379.25;;9.3
[2026-08-13 17:07:53,916] [SUBPROCESS]    R7341;VDD.$3378.18;VDD.$3380.18;;18.432
[2026-08-13 17:07:53,916] [SUBPROCESS]    R7342;VDD.$3379.25;VDD.$3381.25;;0.18
[2026-08-13 17:07:53,916] [SUBPROCESS]    R7343;VDD.$338.15;VDD.$339.18;;585.0
[2026-08-13 17:07:53,917] [SUBPROCESS]    R7344;VDD.$338.15;VDD.$342.15;;0.0
[2026-08-13 17:07:53,917] [SUBPROCESS]    R7345;VDD.$3380.18;VDD.$3381.25;;9.3
[2026-08-13 17:07:53,918] [SUBPROCESS]    R7346;VDD.$3380.18;VDD.$3382.18;;18.432
[2026-08-13 17:07:53,918] [SUBPROCESS]    R7347;VDD.$3381.25;VDD.$3383.25;;0.18
[2026-08-13 17:07:53,919] [SUBPROCESS]    R7348;VDD.$3382.18;VDD.$3383.25;;9.3
[2026-08-13 17:07:53,919] [SUBPROCESS]    R7349;VDD.$3384.18;VDD.$3385.25;;9.3
[2026-08-13 17:07:53,920] [SUBPROCESS]    R7350;VDD.$3384.18;VDD.$871.18;;0.0
[2026-08-13 17:07:53,920] [SUBPROCESS]    R7351;VDD.$3385.25;VDD.$3389.25;;0.0
[2026-08-13 17:07:53,921] [SUBPROCESS]    R7352;VDD.$3385.25;VDD.$3409.25;;0.138
[2026-08-13 17:07:53,921] [SUBPROCESS]    R7353;VDD.$3386.18;VDD.$3387.25;;9.3
[2026-08-13 17:07:53,922] [SUBPROCESS]    R7354;VDD.$3386.18;VDD.$3396.18;;18.432
[2026-08-13 17:07:53,922] [SUBPROCESS]    R7355;VDD.$3386.18;VDD.$3454.18;;18.432
[2026-08-13 17:07:53,923] [SUBPROCESS]    R7356;VDD.$3387.25;VDD.$3397.25;;0.045
[2026-08-13 17:07:53,923] [SUBPROCESS]    R7357;VDD.$3387.25;VDD.$3449.25;;0.01
[2026-08-13 17:07:53,923] [SUBPROCESS]    R7358;VDD.$3388.18;VDD.$3389.25;;9.3
[2026-08-13 17:07:53,924] [SUBPROCESS]    R7359;VDD.$3388.18;VDD.$869.18;;0.0
[2026-08-13 17:07:53,924] [SUBPROCESS]    R7360;VDD.$3389.25;VDD.$3595.25;;0.036
[2026-08-13 17:07:53,925] [SUBPROCESS]    R7361;VDD.$3390.18;VDD.$3391.25;;9.3
[2026-08-13 17:07:53,925] [SUBPROCESS]    R7362;VDD.$3390.18;VDD.$3410.18;;18.432
[2026-08-13 17:07:53,926] [SUBPROCESS]    R7363;VDD.$3390.18;VDD.$3436.18;;18.432
[2026-08-13 17:07:53,926] [SUBPROCESS]    R7364;VDD.$3391.25;VDD.$3393.25;;0.027
[2026-08-13 17:07:53,926] [SUBPROCESS]    R7365;VDD.$3391.25;VDD.$3439.25;;0.018
[2026-08-13 17:07:53,927] [SUBPROCESS]    R7366;VDD.$3392.18;VDD.$3393.25;;9.3
[2026-08-13 17:07:53,927] [SUBPROCESS]    R7367;VDD.$3392.18;VDD.$963.18;;27.106
[2026-08-13 17:07:53,928] [SUBPROCESS]    R7368;VDD.$3392.18;VDD.$975.18;;0.0
[2026-08-13 17:07:53,928] [SUBPROCESS]    R7369;VDD.$3393.25;VDD.$3411.25;;0.018
[2026-08-13 17:07:53,928] [SUBPROCESS]    R7370;VDD.$3394.18;VDD.$3395.25;;9.3
[2026-08-13 17:07:53,929] [SUBPROCESS]    R7371;VDD.$3394.18;VDD.$965.18;;27.106
[2026-08-13 17:07:53,930] [SUBPROCESS]    R7372;VDD.$3394.18;VDD.$977.18;;0.0
[2026-08-13 17:07:53,930] [SUBPROCESS]    R7373;VDD.$3395.25;VDD.$3401.25;;0.0
[2026-08-13 17:07:53,931] [SUBPROCESS]    R7374;VDD.$3396.18;VDD.$3397.25;;9.3
[2026-08-13 17:07:53,931] [SUBPROCESS]    R7375;VDD.$3396.18;VDD.$3398.18;;18.432
[2026-08-13 17:07:53,932] [SUBPROCESS]    R7376;VDD.$3397.25;VDD.$3399.25;;0.045
[2026-08-13 17:07:53,932] [SUBPROCESS]    R7377;VDD.$3398.18;VDD.$3399.25;;9.3
[2026-08-13 17:07:53,933] [SUBPROCESS]    R7378;VDD.$3398.18;VDD.$3444.18;;18.432
[2026-08-13 17:07:53,934] [SUBPROCESS]    R7379;VDD.$3399.25;VDD.$3445.25;;0.045
[2026-08-13 17:07:53,934] [SUBPROCESS]    R7380;VDD.$34.15;VDD.$35.18;;585.0
[2026-08-13 17:07:53,935] [SUBPROCESS]    R7381;VDD.$34.15;VDD.$42.15;;0.0
[2026-08-13 17:07:53,936] [SUBPROCESS]    R7382;VDD.$340.15;VDD.$341.18;;585.0
[2026-08-13 17:07:53,936] [SUBPROCESS]    R7383;VDD.$3400.18;VDD.$3401.25;;9.3
[2026-08-13 17:07:53,937] [SUBPROCESS]    R7384;VDD.$3400.18;VDD.$967.18;;27.106
[2026-08-13 17:07:53,937] [SUBPROCESS]    R7385;VDD.$3400.18;VDD.$979.18;;0.0
[2026-08-13 17:07:53,938] [SUBPROCESS]    R7386;VDD.$3401.25;VDD.$3441.25;;0.036
[2026-08-13 17:07:53,938] [SUBPROCESS]    R7387;VDD.$3402.18;VDD.$3403.25;;9.3
[2026-08-13 17:07:53,939] [SUBPROCESS]    R7388;VDD.$3402.18;VDD.$3426.18;;18.432
[2026-08-13 17:07:53,939] [SUBPROCESS]    R7389;VDD.$3402.18;VDD.$3444.18;;18.432
[2026-08-13 17:07:53,940] [SUBPROCESS]    R7390;VDD.$3403.25;VDD.$3405.25;;0.027
[2026-08-13 17:07:53,940] [SUBPROCESS]    R7391;VDD.$3403.25;VDD.$3447.25;;0.018
[2026-08-13 17:07:53,940] [SUBPROCESS]    R7392;VDD.$3404.18;VDD.$3405.25;;9.3
[2026-08-13 17:07:53,941] [SUBPROCESS]    R7393;VDD.$3404.18;VDD.$949.18;;27.106
[2026-08-13 17:07:53,941] [SUBPROCESS]    R7394;VDD.$3404.18;VDD.$985.18;;0.0
[2026-08-13 17:07:53,942] [SUBPROCESS]    R7395;VDD.$3405.25;VDD.$3427.25;;0.018
[2026-08-13 17:07:53,942] [SUBPROCESS]    R7396;VDD.$3406.18;VDD.$3407.25;;9.3
[2026-08-13 17:07:53,943] [SUBPROCESS]    R7397;VDD.$3406.18;VDD.$959.18;;0.0
[2026-08-13 17:07:53,943] [SUBPROCESS]    R7398;VDD.$3407.25;VDD.$3409.25;;0.0
[2026-08-13 17:07:53,943] [SUBPROCESS]    R7399;VDD.$3407.25;VDD.$3425.25;;0.036
[2026-08-13 17:07:53,944] [SUBPROCESS]    R7400;VDD.$3408.18;VDD.$3409.25;;9.3
[2026-08-13 17:07:53,944] [SUBPROCESS]    R7401;VDD.$3408.18;VDD.$961.18;;0.0
[2026-08-13 17:07:53,945] [SUBPROCESS]    R7402;VDD.$3410.18;VDD.$3411.25;;9.3
[2026-08-13 17:07:53,945] [SUBPROCESS]    R7403;VDD.$3412.18;VDD.$3413.25;;9.3
[2026-08-13 17:07:53,946] [SUBPROCESS]    R7404;VDD.$3412.18;VDD.$3416.18;;18.432
[2026-08-13 17:07:53,946] [SUBPROCESS]    R7405;VDD.$3412.18;VDD.$3426.18;;18.432
[2026-08-13 17:07:53,946] [SUBPROCESS]    R7406;VDD.$3413.25;VDD.$3415.25;;0.027
[2026-08-13 17:07:53,947] [SUBPROCESS]    R7407;VDD.$3413.25;VDD.$3433.25;;0.018
[2026-08-13 17:07:53,947] [SUBPROCESS]    R7408;VDD.$3414.18;VDD.$3415.25;;9.3
[2026-08-13 17:07:53,948] [SUBPROCESS]    R7409;VDD.$3414.18;VDD.$939.18;;0.0
[2026-08-13 17:07:53,948] [SUBPROCESS]    R7410;VDD.$3415.25;VDD.$3417.25;;0.018
[2026-08-13 17:07:53,948] [SUBPROCESS]    R7411;VDD.$3416.18;VDD.$3417.25;;9.3
[2026-08-13 17:07:53,949] [SUBPROCESS]    R7412;VDD.$3416.18;VDD.$3436.18;;18.432
[2026-08-13 17:07:53,949] [SUBPROCESS]    R7413;VDD.$3417.25;VDD.$3419.25;;0.027
[2026-08-13 17:07:53,950] [SUBPROCESS]    R7414;VDD.$3418.18;VDD.$3419.25;;9.3
[2026-08-13 17:07:53,950] [SUBPROCESS]    R7415;VDD.$3418.18;VDD.$939.18;;27.106
[2026-08-13 17:07:53,951] [SUBPROCESS]    R7416;VDD.$3418.18;VDD.$951.18;;0.0
[2026-08-13 17:07:53,951] [SUBPROCESS]    R7417;VDD.$3419.25;VDD.$3437.25;;0.018
[2026-08-13 17:07:53,951] [SUBPROCESS]    R7418;VDD.$342.15;VDD.$343.18;;585.0
[2026-08-13 17:07:53,952] [SUBPROCESS]    R7419;VDD.$3420.18;VDD.$3421.25;;9.3
[2026-08-13 17:07:53,952] [SUBPROCESS]    R7420;VDD.$3420.18;VDD.$941.18;;27.106
[2026-08-13 17:07:53,953] [SUBPROCESS]    R7421;VDD.$3420.18;VDD.$953.18;;0.0
[2026-08-13 17:07:53,954] [SUBPROCESS]    R7422;VDD.$3421.25;VDD.$3435.25;;0.0
[2026-08-13 17:07:53,954] [SUBPROCESS]    R7423;VDD.$3421.25;VDD.$3443.25;;0.036
[2026-08-13 17:07:53,955] [SUBPROCESS]    R7424;VDD.$3422.18;VDD.$3423.25;;9.3
[2026-08-13 17:07:53,955] [SUBPROCESS]    R7425;VDD.$3422.18;VDD.$959.18;;27.106
[2026-08-13 17:07:53,956] [SUBPROCESS]    R7426;VDD.$3422.18;VDD.$995.18;;0.0
[2026-08-13 17:07:53,956] [SUBPROCESS]    R7427;VDD.$3423.25;VDD.$3425.25;;0.0
[2026-08-13 17:07:53,957] [SUBPROCESS]    R7428;VDD.$3423.25;VDD.$3453.25;;0.036
[2026-08-13 17:07:53,957] [SUBPROCESS]    R7429;VDD.$3424.18;VDD.$3425.25;;9.3
[2026-08-13 17:07:53,957] [SUBPROCESS]    R7430;VDD.$3424.18;VDD.$961.18;;27.106
[2026-08-13 17:07:53,958] [SUBPROCESS]    R7431;VDD.$3424.18;VDD.$997.18;;0.0
[2026-08-13 17:07:53,958] [SUBPROCESS]    R7432;VDD.$3426.18;VDD.$3427.25;;9.3
[2026-08-13 17:07:53,959] [SUBPROCESS]    R7433;VDD.$3427.25;VDD.$3433.25;;0.027
[2026-08-13 17:07:53,959] [SUBPROCESS]    R7434;VDD.$3428.18;VDD.$3429.25;;9.3
[2026-08-13 17:07:53,959] [SUBPROCESS]    R7435;VDD.$3428.18;VDD.$941.18;;0.0
[2026-08-13 17:07:53,960] [SUBPROCESS]    R7436;VDD.$3429.25;VDD.$3431.25;;0.0
[2026-08-13 17:07:53,960] [SUBPROCESS]    R7437;VDD.$3429.25;VDD.$3435.25;;0.036
[2026-08-13 17:07:53,961] [SUBPROCESS]    R7438;VDD.$3430.18;VDD.$3431.25;;9.3
[2026-08-13 17:07:53,961] [SUBPROCESS]    R7439;VDD.$3430.18;VDD.$943.18;;0.0
[2026-08-13 17:07:53,962] [SUBPROCESS]    R7440;VDD.$3431.25;VDD.$3451.25;;0.036
[2026-08-13 17:07:53,962] [SUBPROCESS]    R7441;VDD.$3432.18;VDD.$3433.25;;9.3
[2026-08-13 17:07:53,962] [SUBPROCESS]    R7442;VDD.$3432.18;VDD.$985.18;;27.106
[2026-08-13 17:07:53,963] [SUBPROCESS]    R7443;VDD.$3434.18;VDD.$3435.25;;9.3
[2026-08-13 17:07:53,963] [SUBPROCESS]    R7444;VDD.$3434.18;VDD.$943.18;;27.106
[2026-08-13 17:07:53,964] [SUBPROCESS]    R7445;VDD.$3434.18;VDD.$955.18;;0.0
[2026-08-13 17:07:53,964] [SUBPROCESS]    R7446;VDD.$3436.18;VDD.$3437.25;;9.3
[2026-08-13 17:07:53,965] [SUBPROCESS]    R7447;VDD.$3437.25;VDD.$3439.25;;0.027
[2026-08-13 17:07:53,965] [SUBPROCESS]    R7448;VDD.$3438.18;VDD.$3439.25;;9.3
[2026-08-13 17:07:53,966] [SUBPROCESS]    R7449;VDD.$3438.18;VDD.$951.18;;27.106
[2026-08-13 17:07:53,966] [SUBPROCESS]    R7450;VDD.$3438.18;VDD.$963.18;;0.0
[2026-08-13 17:07:53,967] [SUBPROCESS]    R7451;VDD.$344.15;VDD.$345.18;;585.0
[2026-08-13 17:07:53,967] [SUBPROCESS]    R7452;VDD.$344.15;VDD.$354.15;;0.0
[2026-08-13 17:07:53,968] [SUBPROCESS]    R7453;VDD.$344.15;VDD.P13.15;;0.0
[2026-08-13 17:07:53,968] [SUBPROCESS]    R7454;VDD.$3440.18;VDD.$3441.25;;9.3
[2026-08-13 17:07:53,968] [SUBPROCESS]    R7455;VDD.$3440.18;VDD.$953.18;;27.106
[2026-08-13 17:07:53,969] [SUBPROCESS]    R7456;VDD.$3440.18;VDD.$965.18;;0.0
[2026-08-13 17:07:53,969] [SUBPROCESS]    R7457;VDD.$3441.25;VDD.$3443.25;;0.0
[2026-08-13 17:07:53,970] [SUBPROCESS]    R7458;VDD.$3442.18;VDD.$3443.25;;9.3
[2026-08-13 17:07:53,971] [SUBPROCESS]    R7459;VDD.$3442.18;VDD.$955.18;;27.106
[2026-08-13 17:07:53,971] [SUBPROCESS]    R7460;VDD.$3442.18;VDD.$967.18;;0.0
[2026-08-13 17:07:53,972] [SUBPROCESS]    R7461;VDD.$3444.18;VDD.$3445.25;;9.3
[2026-08-13 17:07:53,973] [SUBPROCESS]    R7462;VDD.$3445.25;VDD.$3447.25;;0.027
[2026-08-13 17:07:53,973] [SUBPROCESS]    R7463;VDD.$3446.18;VDD.$3447.25;;9.3
[2026-08-13 17:07:53,974] [SUBPROCESS]    R7464;VDD.$3446.18;VDD.$949.18;;0.0
[2026-08-13 17:07:53,974] [SUBPROCESS]    R7465;VDD.$3448.18;VDD.$3449.25;;9.3
[2026-08-13 17:07:53,975] [SUBPROCESS]    R7466;VDD.$3448.18;VDD.$867.18;;0.0
[2026-08-13 17:07:53,976] [SUBPROCESS]    R7467;VDD.$3449.25;VDD.$3455.25;;0.035
[2026-08-13 17:07:53,976] [SUBPROCESS]    R7468;VDD.$3450.18;VDD.$3451.25;;9.3
[2026-08-13 17:07:53,977] [SUBPROCESS]    R7469;VDD.$3450.18;VDD.$995.18;;27.106
[2026-08-13 17:07:53,977] [SUBPROCESS]    R7470;VDD.$3451.25;VDD.$3453.25;;0.0
[2026-08-13 17:07:53,978] [SUBPROCESS]    R7471;VDD.$3452.18;VDD.$3453.25;;9.3
[2026-08-13 17:07:53,978] [SUBPROCESS]    R7472;VDD.$3452.18;VDD.$997.18;;27.106
[2026-08-13 17:07:53,978] [SUBPROCESS]    R7473;VDD.$3454.18;VDD.$3455.25;;9.3
[2026-08-13 17:07:53,979] [SUBPROCESS]    R7474;VDD.$3454.18;VDD.$3590.18;;18.432
[2026-08-13 17:07:53,979] [SUBPROCESS]    R7475;VDD.$3455.25;VDD.$3593.25;;0.01
[2026-08-13 17:07:53,980] [SUBPROCESS]    R7476;VDD.$3456.18;VDD.$3457.25;;9.3
[2026-08-13 17:07:53,980] [SUBPROCESS]    R7477;VDD.$3456.18;VDD.$3464.18;;18.432
[2026-08-13 17:07:53,980] [SUBPROCESS]    R7478;VDD.$3456.18;VDD.$3598.18;;59.985
[2026-08-13 17:07:53,981] [SUBPROCESS]    R7479;VDD.$3457.25;VDD.$3459.25;;0.043
[2026-08-13 17:07:53,981] [SUBPROCESS]    R7480;VDD.$3457.25;VDD.$3599.25;;0.172
[2026-08-13 17:07:53,982] [SUBPROCESS]    R7481;VDD.$3458.18;VDD.$3459.25;;9.3
[2026-08-13 17:07:53,982] [SUBPROCESS]    R7482;VDD.$3459.25;VDD.$3465.25;;0.003
[2026-08-13 17:07:53,983] [SUBPROCESS]    R7483;VDD.$346.15;VDD.$347.18;;585.0
[2026-08-13 17:07:53,983] [SUBPROCESS]    R7484;VDD.$346.15;VDD.$396.15;;0.0
[2026-08-13 17:07:53,983] [SUBPROCESS]    R7485;VDD.$3460.18;VDD.$3461.25;;9.3
[2026-08-13 17:07:53,984] [SUBPROCESS]    R7486;VDD.$3461.25;VDD.$3463.25;;0.0
[2026-08-13 17:07:53,984] [SUBPROCESS]    R7487;VDD.$3461.25;VDD.$3471.25;;0.036
[2026-08-13 17:07:53,985] [SUBPROCESS]    R7488;VDD.$3462.18;VDD.$3463.25;;9.3
[2026-08-13 17:07:53,985] [SUBPROCESS]    R7489;VDD.$3463.25;VDD.$4638.25;;0.082
[2026-08-13 17:07:53,985] [SUBPROCESS]    R7490;VDD.$3464.18;VDD.$3465.25;;9.3
[2026-08-13 17:07:53,986] [SUBPROCESS]    R7491;VDD.$3464.18;VDD.$3472.18;;18.432
[2026-08-13 17:07:53,986] [SUBPROCESS]    R7492;VDD.$3465.25;VDD.$3467.25;;0.043
[2026-08-13 17:07:53,987] [SUBPROCESS]    R7493;VDD.$3466.18;VDD.$3467.25;;9.3
[2026-08-13 17:07:53,988] [SUBPROCESS]    R7494;VDD.$3467.25;VDD.$3473.25;;0.003
[2026-08-13 17:07:53,988] [SUBPROCESS]    R7495;VDD.$3468.18;VDD.$3469.25;;9.3
[2026-08-13 17:07:53,989] [SUBPROCESS]    R7496;VDD.$3469.25;VDD.$3471.25;;0.0
[2026-08-13 17:07:53,989] [SUBPROCESS]    R7497;VDD.$3469.25;VDD.$3479.25;;0.036
[2026-08-13 17:07:53,990] [SUBPROCESS]    R7498;VDD.$3470.18;VDD.$3471.25;;9.3
[2026-08-13 17:07:53,990] [SUBPROCESS]    R7499;VDD.$3472.18;VDD.$3473.25;;9.3
[2026-08-13 17:07:53,990] [SUBPROCESS]    R7500;VDD.$3472.18;VDD.$3480.18;;18.432
[2026-08-13 17:07:53,991] [SUBPROCESS]    R7501;VDD.$3473.25;VDD.$3475.25;;0.043
[2026-08-13 17:07:53,991] [SUBPROCESS]    R7502;VDD.$3474.18;VDD.$3475.25;;9.3
[2026-08-13 17:07:53,992] [SUBPROCESS]    R7503;VDD.$3475.25;VDD.$3481.25;;0.003
[2026-08-13 17:07:53,992] [SUBPROCESS]    R7504;VDD.$3476.18;VDD.$3477.25;;9.3
[2026-08-13 17:07:53,992] [SUBPROCESS]    R7505;VDD.$3477.25;VDD.$3479.25;;0.0
[2026-08-13 17:07:53,993] [SUBPROCESS]    R7506;VDD.$3477.25;VDD.$3487.25;;0.036
[2026-08-13 17:07:53,993] [SUBPROCESS]    R7507;VDD.$3478.18;VDD.$3479.25;;9.3
[2026-08-13 17:07:53,994] [SUBPROCESS]    R7508;VDD.$348.15;VDD.$349.18;;585.0
[2026-08-13 17:07:53,994] [SUBPROCESS]    R7509;VDD.$348.15;VDD.$404.15;;0.0
[2026-08-13 17:07:53,995] [SUBPROCESS]    R7510;VDD.$3480.18;VDD.$3481.25;;9.3
[2026-08-13 17:07:53,995] [SUBPROCESS]    R7511;VDD.$3480.18;VDD.$3488.18;;18.432
[2026-08-13 17:07:53,995] [SUBPROCESS]    R7512;VDD.$3481.25;VDD.$3483.25;;0.043
[2026-08-13 17:07:53,996] [SUBPROCESS]    R7513;VDD.$3482.18;VDD.$3483.25;;9.3
[2026-08-13 17:07:53,996] [SUBPROCESS]    R7514;VDD.$3483.25;VDD.$3489.25;;0.003
[2026-08-13 17:07:53,997] [SUBPROCESS]    R7515;VDD.$3484.18;VDD.$3485.25;;9.3
[2026-08-13 17:07:53,997] [SUBPROCESS]    R7516;VDD.$3485.25;VDD.$3487.25;;0.0
[2026-08-13 17:07:53,998] [SUBPROCESS]    R7517;VDD.$3485.25;VDD.$3495.25;;0.036
[2026-08-13 17:07:53,998] [SUBPROCESS]    R7518;VDD.$3486.18;VDD.$3487.25;;9.3
[2026-08-13 17:07:53,998] [SUBPROCESS]    R7519;VDD.$3488.18;VDD.$3489.25;;9.3
[2026-08-13 17:07:53,999] [SUBPROCESS]    R7520;VDD.$3488.18;VDD.$3496.18;;18.432
[2026-08-13 17:07:53,999] [SUBPROCESS]    R7521;VDD.$3489.25;VDD.$3491.25;;0.043
[2026-08-13 17:07:54,000] [SUBPROCESS]    R7522;VDD.$3490.18;VDD.$3491.25;;9.3
[2026-08-13 17:07:54,000] [SUBPROCESS]    R7523;VDD.$3491.25;VDD.$3497.25;;0.003
[2026-08-13 17:07:54,001] [SUBPROCESS]    R7524;VDD.$3492.18;VDD.$3493.25;;9.3
[2026-08-13 17:07:54,001] [SUBPROCESS]    R7525;VDD.$3493.25;VDD.$3495.25;;0.0
[2026-08-13 17:07:54,002] [SUBPROCESS]    R7526;VDD.$3493.25;VDD.$3503.25;;0.036
[2026-08-13 17:07:54,002] [SUBPROCESS]    R7527;VDD.$3494.18;VDD.$3495.25;;9.3
[2026-08-13 17:07:54,003] [SUBPROCESS]    R7528;VDD.$3496.18;VDD.$3497.25;;9.3
[2026-08-13 17:07:54,003] [SUBPROCESS]    R7529;VDD.$3496.18;VDD.$3504.18;;18.432
[2026-08-13 17:07:54,004] [SUBPROCESS]    R7530;VDD.$3497.25;VDD.$3499.25;;0.043
[2026-08-13 17:07:54,005] [SUBPROCESS]    R7531;VDD.$3498.18;VDD.$3499.25;;9.3
[2026-08-13 17:07:54,005] [SUBPROCESS]    R7532;VDD.$3499.25;VDD.$3505.25;;0.003
[2026-08-13 17:07:54,006] [SUBPROCESS]    R7533;VDD.$350.15;VDD.$351.18;;585.0
[2026-08-13 17:07:54,006] [SUBPROCESS]    R7534;VDD.$350.15;VDD.$360.15;;0.0
[2026-08-13 17:07:54,006] [SUBPROCESS]    R7535;VDD.$350.15;VDD.$418.15;;0.0
[2026-08-13 17:07:54,007] [SUBPROCESS]    R7536;VDD.$3500.18;VDD.$3501.25;;9.3
[2026-08-13 17:07:54,007] [SUBPROCESS]    R7537;VDD.$3501.25;VDD.$3503.25;;0.0
[2026-08-13 17:07:54,008] [SUBPROCESS]    R7538;VDD.$3501.25;VDD.$3511.25;;0.036
[2026-08-13 17:07:54,008] [SUBPROCESS]    R7539;VDD.$3502.18;VDD.$3503.25;;9.3
[2026-08-13 17:07:54,009] [SUBPROCESS]    R7540;VDD.$3504.18;VDD.$3505.25;;9.3
[2026-08-13 17:07:54,009] [SUBPROCESS]    R7541;VDD.$3504.18;VDD.$3512.18;;18.432
[2026-08-13 17:07:54,010] [SUBPROCESS]    R7542;VDD.$3505.25;VDD.$3507.25;;0.043
[2026-08-13 17:07:54,010] [SUBPROCESS]    R7543;VDD.$3506.18;VDD.$3507.25;;9.3
[2026-08-13 17:07:54,011] [SUBPROCESS]    R7544;VDD.$3507.25;VDD.$3513.25;;0.003
[2026-08-13 17:07:54,012] [SUBPROCESS]    R7545;VDD.$3508.18;VDD.$3509.25;;9.3
[2026-08-13 17:07:54,012] [SUBPROCESS]    R7546;VDD.$3509.25;VDD.$3511.25;;0.0
[2026-08-13 17:07:54,013] [SUBPROCESS]    R7547;VDD.$3509.25;VDD.$3519.25;;0.036
[2026-08-13 17:07:54,013] [SUBPROCESS]    R7548;VDD.$3510.18;VDD.$3511.25;;9.3
[2026-08-13 17:07:54,014] [SUBPROCESS]    R7549;VDD.$3512.18;VDD.$3513.25;;9.3
[2026-08-13 17:07:54,014] [SUBPROCESS]    R7550;VDD.$3512.18;VDD.$3520.18;;18.432
[2026-08-13 17:07:54,015] [SUBPROCESS]    R7551;VDD.$3513.25;VDD.$3515.25;;0.043
[2026-08-13 17:07:54,016] [SUBPROCESS]    R7552;VDD.$3514.18;VDD.$3515.25;;9.3
[2026-08-13 17:07:54,016] [SUBPROCESS]    R7553;VDD.$3515.25;VDD.$3521.25;;0.003
[2026-08-13 17:07:54,017] [SUBPROCESS]    R7554;VDD.$3516.18;VDD.$3517.25;;9.3
[2026-08-13 17:07:54,018] [SUBPROCESS]    R7555;VDD.$3517.25;VDD.$3519.25;;0.0
[2026-08-13 17:07:54,018] [SUBPROCESS]    R7556;VDD.$3517.25;VDD.$3527.25;;0.036
[2026-08-13 17:07:54,019] [SUBPROCESS]    R7557;VDD.$3518.18;VDD.$3519.25;;9.3
[2026-08-13 17:07:54,019] [SUBPROCESS]    R7558;VDD.$352.15;VDD.$353.18;;585.0
[2026-08-13 17:07:54,020] [SUBPROCESS]    R7559;VDD.$352.15;VDD.$362.15;;0.0
[2026-08-13 17:07:54,020] [SUBPROCESS]    R7560;VDD.$352.15;VDD.$420.15;;0.0
[2026-08-13 17:07:54,021] [SUBPROCESS]    R7561;VDD.$3520.18;VDD.$3521.25;;9.3
[2026-08-13 17:07:54,021] [SUBPROCESS]    R7562;VDD.$3520.18;VDD.$3528.18;;18.432
[2026-08-13 17:07:54,022] [SUBPROCESS]    R7563;VDD.$3521.25;VDD.$3523.25;;0.043
[2026-08-13 17:07:54,023] [SUBPROCESS]    R7564;VDD.$3522.18;VDD.$3523.25;;9.3
[2026-08-13 17:07:54,023] [SUBPROCESS]    R7565;VDD.$3523.25;VDD.$3529.25;;0.003
[2026-08-13 17:07:54,023] [SUBPROCESS]    R7566;VDD.$3524.18;VDD.$3525.25;;9.3
[2026-08-13 17:07:54,024] [SUBPROCESS]    R7567;VDD.$3525.25;VDD.$3527.25;;0.0
[2026-08-13 17:07:54,024] [SUBPROCESS]    R7568;VDD.$3525.25;VDD.$3541.25;;0.138
[2026-08-13 17:07:54,025] [SUBPROCESS]    R7569;VDD.$3526.18;VDD.$3527.25;;9.3
[2026-08-13 17:07:54,025] [SUBPROCESS]    R7570;VDD.$3528.18;VDD.$3529.25;;9.3
[2026-08-13 17:07:54,026] [SUBPROCESS]    R7571;VDD.$3528.18;VDD.$3530.18;;18.432
[2026-08-13 17:07:54,026] [SUBPROCESS]    R7572;VDD.$3529.25;VDD.$3531.25;;0.045
[2026-08-13 17:07:54,026] [SUBPROCESS]    R7573;VDD.$3530.18;VDD.$3531.25;;9.3
[2026-08-13 17:07:54,027] [SUBPROCESS]    R7574;VDD.$3530.18;VDD.$3532.18;;18.432
[2026-08-13 17:07:54,027] [SUBPROCESS]    R7575;VDD.$3531.25;VDD.$3533.25;;0.045
[2026-08-13 17:07:54,028] [SUBPROCESS]    R7576;VDD.$3532.18;VDD.$3533.25;;9.3
[2026-08-13 17:07:54,028] [SUBPROCESS]    R7577;VDD.$3532.18;VDD.$3534.18;;18.432
[2026-08-13 17:07:54,028] [SUBPROCESS]    R7578;VDD.$3533.25;VDD.$3535.25;;0.045
[2026-08-13 17:07:54,029] [SUBPROCESS]    R7579;VDD.$3534.18;VDD.$3535.25;;9.3
[2026-08-13 17:07:54,029] [SUBPROCESS]    R7580;VDD.$3534.18;VDD.$3542.18;;18.432
[2026-08-13 17:07:54,030] [SUBPROCESS]    R7581;VDD.$3535.25;VDD.$3537.25;;0.035
[2026-08-13 17:07:54,030] [SUBPROCESS]    R7582;VDD.$3536.18;VDD.$3537.25;;9.3
[2026-08-13 17:07:54,030] [SUBPROCESS]    R7583;VDD.$3537.25;VDD.$3543.25;;0.01
[2026-08-13 17:07:54,031] [SUBPROCESS]    R7584;VDD.$3538.18;VDD.$3539.25;;9.3
[2026-08-13 17:07:54,031] [SUBPROCESS]    R7585;VDD.$3539.25;VDD.$3541.25;;0.0
[2026-08-13 17:07:54,032] [SUBPROCESS]    R7586;VDD.$3539.25;VDD.$3549.25;;0.036
[2026-08-13 17:07:54,032] [SUBPROCESS]    R7587;VDD.$354.15;VDD.$355.18;;585.0
[2026-08-13 17:07:54,033] [SUBPROCESS]    R7588;VDD.$354.15;VDD.$364.15;;0.0
[2026-08-13 17:07:54,033] [SUBPROCESS]    R7589;VDD.$3540.18;VDD.$3541.25;;9.3
[2026-08-13 17:07:54,033] [SUBPROCESS]    R7590;VDD.$3542.18;VDD.$3543.25;;9.3
[2026-08-13 17:07:54,034] [SUBPROCESS]    R7591;VDD.$3542.18;VDD.$3550.18;;18.432
[2026-08-13 17:07:54,034] [SUBPROCESS]    R7592;VDD.$3543.25;VDD.$3545.25;;0.035
[2026-08-13 17:07:54,035] [SUBPROCESS]    R7593;VDD.$3544.18;VDD.$3545.25;;9.3
[2026-08-13 17:07:54,035] [SUBPROCESS]    R7594;VDD.$3545.25;VDD.$3551.25;;0.01
[2026-08-13 17:07:54,035] [SUBPROCESS]    R7595;VDD.$3546.18;VDD.$3547.25;;9.3
[2026-08-13 17:07:54,036] [SUBPROCESS]    R7596;VDD.$3547.25;VDD.$3549.25;;0.0
[2026-08-13 17:07:54,037] [SUBPROCESS]    R7597;VDD.$3547.25;VDD.$3557.25;;0.036
[2026-08-13 17:07:54,037] [SUBPROCESS]    R7598;VDD.$3548.18;VDD.$3549.25;;9.3
[2026-08-13 17:07:54,038] [SUBPROCESS]    R7599;VDD.$3550.18;VDD.$3551.25;;9.3
[2026-08-13 17:07:54,039] [SUBPROCESS]    R7600;VDD.$3550.18;VDD.$3558.18;;18.432
[2026-08-13 17:07:54,039] [SUBPROCESS]    R7601;VDD.$3551.25;VDD.$3553.25;;0.035
[2026-08-13 17:07:54,040] [SUBPROCESS]    R7602;VDD.$3552.18;VDD.$3553.25;;9.3
[2026-08-13 17:07:54,040] [SUBPROCESS]    R7603;VDD.$3553.25;VDD.$3559.25;;0.01
[2026-08-13 17:07:54,040] [SUBPROCESS]    R7604;VDD.$3554.18;VDD.$3555.25;;9.3
[2026-08-13 17:07:54,041] [SUBPROCESS]    R7605;VDD.$3555.25;VDD.$3557.25;;0.0
[2026-08-13 17:07:54,041] [SUBPROCESS]    R7606;VDD.$3555.25;VDD.$3565.25;;0.036
[2026-08-13 17:07:54,042] [SUBPROCESS]    R7607;VDD.$3556.18;VDD.$3557.25;;9.3
[2026-08-13 17:07:54,042] [SUBPROCESS]    R7608;VDD.$3558.18;VDD.$3559.25;;9.3
[2026-08-13 17:07:54,043] [SUBPROCESS]    R7609;VDD.$3558.18;VDD.$3566.18;;18.432
[2026-08-13 17:07:54,043] [SUBPROCESS]    R7610;VDD.$3559.25;VDD.$3561.25;;0.035
[2026-08-13 17:07:54,043] [SUBPROCESS]    R7611;VDD.$356.15;VDD.$357.18;;585.0
[2026-08-13 17:07:54,044] [SUBPROCESS]    R7612;VDD.$356.15;VDD.$396.15;;0.0
[2026-08-13 17:07:54,044] [SUBPROCESS]    R7613;VDD.$356.15;VDD.$406.15;;0.0
[2026-08-13 17:07:54,045] [SUBPROCESS]    R7614;VDD.$3560.18;VDD.$3561.25;;9.3
[2026-08-13 17:07:54,045] [SUBPROCESS]    R7615;VDD.$3561.25;VDD.$3567.25;;0.01
[2026-08-13 17:07:54,045] [SUBPROCESS]    R7616;VDD.$3562.18;VDD.$3563.25;;9.3
[2026-08-13 17:07:54,046] [SUBPROCESS]    R7617;VDD.$3563.25;VDD.$3565.25;;0.0
[2026-08-13 17:07:54,046] [SUBPROCESS]    R7618;VDD.$3563.25;VDD.$3573.25;;0.036
[2026-08-13 17:07:54,047] [SUBPROCESS]    R7619;VDD.$3564.18;VDD.$3565.25;;9.3
[2026-08-13 17:07:54,047] [SUBPROCESS]    R7620;VDD.$3566.18;VDD.$3567.25;;9.3
[2026-08-13 17:07:54,047] [SUBPROCESS]    R7621;VDD.$3566.18;VDD.$3574.18;;18.432
[2026-08-13 17:07:54,048] [SUBPROCESS]    R7622;VDD.$3567.25;VDD.$3569.25;;0.035
[2026-08-13 17:07:54,048] [SUBPROCESS]    R7623;VDD.$3568.18;VDD.$3569.25;;9.3
[2026-08-13 17:07:54,049] [SUBPROCESS]    R7624;VDD.$3569.25;VDD.$3575.25;;0.01
[2026-08-13 17:07:54,049] [SUBPROCESS]    R7625;VDD.$3570.18;VDD.$3571.25;;9.3
[2026-08-13 17:07:54,050] [SUBPROCESS]    R7626;VDD.$3571.25;VDD.$3573.25;;0.0
[2026-08-13 17:07:54,050] [SUBPROCESS]    R7627;VDD.$3571.25;VDD.$3581.25;;0.036
[2026-08-13 17:07:54,051] [SUBPROCESS]    R7628;VDD.$3572.18;VDD.$3573.25;;9.3
[2026-08-13 17:07:54,051] [SUBPROCESS]    R7629;VDD.$3574.18;VDD.$3575.25;;9.3
[2026-08-13 17:07:54,051] [SUBPROCESS]    R7630;VDD.$3574.18;VDD.$3582.18;;18.432
[2026-08-13 17:07:54,052] [SUBPROCESS]    R7631;VDD.$3575.25;VDD.$3577.25;;0.035
[2026-08-13 17:07:54,053] [SUBPROCESS]    R7632;VDD.$3576.18;VDD.$3577.25;;9.3
[2026-08-13 17:07:54,053] [SUBPROCESS]    R7633;VDD.$3577.25;VDD.$3583.25;;0.01
[2026-08-13 17:07:54,054] [SUBPROCESS]    R7634;VDD.$3578.18;VDD.$3579.25;;9.3
[2026-08-13 17:07:54,054] [SUBPROCESS]    R7635;VDD.$3579.25;VDD.$3581.25;;0.0
[2026-08-13 17:07:54,055] [SUBPROCESS]    R7636;VDD.$3579.25;VDD.$3589.25;;0.036
[2026-08-13 17:07:54,056] [SUBPROCESS]    R7637;VDD.$358.15;VDD.$359.18;;585.0
[2026-08-13 17:07:54,056] [SUBPROCESS]    R7638;VDD.$358.15;VDD.$378.15;;0.0
[2026-08-13 17:07:54,057] [SUBPROCESS]    R7639;VDD.$358.15;VDD.$404.15;;0.0
[2026-08-13 17:07:54,057] [SUBPROCESS]    R7640;VDD.$3580.18;VDD.$3581.25;;9.3
[2026-08-13 17:07:54,058] [SUBPROCESS]    R7641;VDD.$3582.18;VDD.$3583.25;;9.3
[2026-08-13 17:07:54,058] [SUBPROCESS]    R7642;VDD.$3582.18;VDD.$3590.18;;18.432
[2026-08-13 17:07:54,059] [SUBPROCESS]    R7643;VDD.$3583.25;VDD.$3585.25;;0.035
[2026-08-13 17:07:54,059] [SUBPROCESS]    R7644;VDD.$3584.18;VDD.$3585.25;;9.3
[2026-08-13 17:07:54,059] [SUBPROCESS]    R7645;VDD.$3585.25;VDD.$3591.25;;0.01
[2026-08-13 17:07:54,060] [SUBPROCESS]    R7646;VDD.$3586.18;VDD.$3587.25;;9.3
[2026-08-13 17:07:54,060] [SUBPROCESS]    R7647;VDD.$3587.25;VDD.$3589.25;;0.0
[2026-08-13 17:07:54,061] [SUBPROCESS]    R7648;VDD.$3587.25;VDD.$3597.25;;0.036
[2026-08-13 17:07:54,061] [SUBPROCESS]    R7649;VDD.$3588.18;VDD.$3589.25;;9.3
[2026-08-13 17:07:54,062] [SUBPROCESS]    R7650;VDD.$3590.18;VDD.$3591.25;;9.3
[2026-08-13 17:07:54,062] [SUBPROCESS]    R7651;VDD.$3591.25;VDD.$3593.25;;0.035
[2026-08-13 17:07:54,063] [SUBPROCESS]    R7652;VDD.$3592.18;VDD.$3593.25;;9.3
[2026-08-13 17:07:54,063] [SUBPROCESS]    R7653;VDD.$3594.18;VDD.$3595.25;;9.3
[2026-08-13 17:07:54,063] [SUBPROCESS]    R7654;VDD.$3595.25;VDD.$3597.25;;0.0
[2026-08-13 17:07:54,064] [SUBPROCESS]    R7655;VDD.$3596.18;VDD.$3597.25;;9.3
[2026-08-13 17:07:54,065] [SUBPROCESS]    R7656;VDD.$3598.18;VDD.$3599.25;;9.3
[2026-08-13 17:07:54,065] [SUBPROCESS]    R7657;VDD.$3598.18;VDD.$3600.18;;18.432
[2026-08-13 17:07:54,065] [SUBPROCESS]    R7658;VDD.$3599.25;VDD.$3601.25;;0.235
[2026-08-13 17:07:54,066] [SUBPROCESS]    R7659;VDD.$36.15;VDD.$37.18;;585.0
[2026-08-13 17:07:54,066] [SUBPROCESS]    R7660;VDD.$36.15;VDD.$44.15;;0.0
[2026-08-13 17:07:54,067] [SUBPROCESS]    R7661;VDD.$360.15;VDD.$361.18;;585.0
[2026-08-13 17:07:54,067] [SUBPROCESS]    R7662;VDD.$360.15;VDD.$370.15;;0.0
[2026-08-13 17:07:54,068] [SUBPROCESS]    R7663;VDD.$3600.18;VDD.$3601.25;;9.3
[2026-08-13 17:07:54,068] [SUBPROCESS]    R7664;VDD.$3600.18;VDD.$3602.18;;18.432
[2026-08-13 17:07:54,069] [SUBPROCESS]    R7665;VDD.$3601.25;VDD.$3603.25;;0.18
[2026-08-13 17:07:54,069] [SUBPROCESS]    R7666;VDD.$3602.18;VDD.$3603.25;;9.3
[2026-08-13 17:07:54,070] [SUBPROCESS]    R7667;VDD.$3602.18;VDD.$3604.18;;18.432
[2026-08-13 17:07:54,071] [SUBPROCESS]    R7668;VDD.$3603.25;VDD.$3605.25;;0.18
[2026-08-13 17:07:54,071] [SUBPROCESS]    R7669;VDD.$3604.18;VDD.$3605.25;;9.3
[2026-08-13 17:07:54,072] [SUBPROCESS]    R7670;VDD.$3604.18;VDD.$3606.18;;18.432
[2026-08-13 17:07:54,072] [SUBPROCESS]    R7671;VDD.$3605.25;VDD.$3607.25;;0.18
[2026-08-13 17:07:54,073] [SUBPROCESS]    R7672;VDD.$3606.18;VDD.$3607.25;;9.3
[2026-08-13 17:07:54,073] [SUBPROCESS]    R7673;VDD.$3606.18;VDD.$3608.18;;18.432
[2026-08-13 17:07:54,074] [SUBPROCESS]    R7674;VDD.$3607.25;VDD.$3609.25;;0.18
[2026-08-13 17:07:54,074] [SUBPROCESS]    R7675;VDD.$3608.18;VDD.$3609.25;;9.3
[2026-08-13 17:07:54,075] [SUBPROCESS]    R7676;VDD.$3608.18;VDD.$3610.18;;18.432
[2026-08-13 17:07:54,075] [SUBPROCESS]    R7677;VDD.$3609.25;VDD.$3611.25;;0.18
[2026-08-13 17:07:54,075] [SUBPROCESS]    R7678;VDD.$3610.18;VDD.$3611.25;;9.3
[2026-08-13 17:07:54,076] [SUBPROCESS]    R7679;VDD.$3610.18;VDD.$3612.18;;18.432
[2026-08-13 17:07:54,076] [SUBPROCESS]    R7680;VDD.$3611.25;VDD.$3613.25;;0.18
[2026-08-13 17:07:54,077] [SUBPROCESS]    R7681;VDD.$3612.18;VDD.$3613.25;;9.3
[2026-08-13 17:07:54,077] [SUBPROCESS]    R7682;VDD.$3612.18;VDD.$3614.18;;18.432
[2026-08-13 17:07:54,078] [SUBPROCESS]    R7683;VDD.$3613.25;VDD.$3615.25;;0.18
[2026-08-13 17:07:54,078] [SUBPROCESS]    R7684;VDD.$3614.18;VDD.$3615.25;;9.3
[2026-08-13 17:07:54,079] [SUBPROCESS]    R7685;VDD.$3614.18;VDD.$3616.18;;18.432
[2026-08-13 17:07:54,079] [SUBPROCESS]    R7686;VDD.$3615.25;VDD.$3617.25;;0.18
[2026-08-13 17:07:54,079] [SUBPROCESS]    R7687;VDD.$3616.18;VDD.$3617.25;;9.3
[2026-08-13 17:07:54,080] [SUBPROCESS]    R7688;VDD.$3616.18;VDD.$3618.18;;18.432
[2026-08-13 17:07:54,080] [SUBPROCESS]    R7689;VDD.$3617.25;VDD.$3619.25;;0.18
[2026-08-13 17:07:54,081] [SUBPROCESS]    R7690;VDD.$3618.18;VDD.$3619.25;;9.3
[2026-08-13 17:07:54,081] [SUBPROCESS]    R7691;VDD.$3618.18;VDD.$3620.18;;18.432
[2026-08-13 17:07:54,082] [SUBPROCESS]    R7692;VDD.$3619.25;VDD.$3621.25;;0.18
[2026-08-13 17:07:54,082] [SUBPROCESS]    R7693;VDD.$362.15;VDD.$363.18;;585.0
[2026-08-13 17:07:54,083] [SUBPROCESS]    R7694;VDD.$362.15;VDD.$372.15;;0.0
[2026-08-13 17:07:54,083] [SUBPROCESS]    R7695;VDD.$3620.18;VDD.$3621.25;;9.3
[2026-08-13 17:07:54,083] [SUBPROCESS]    R7696;VDD.$3620.18;VDD.$3622.18;;18.432
[2026-08-13 17:07:54,084] [SUBPROCESS]    R7697;VDD.$3621.25;VDD.$3623.25;;0.18
[2026-08-13 17:07:54,084] [SUBPROCESS]    R7698;VDD.$3622.18;VDD.$3623.25;;9.3
[2026-08-13 17:07:54,085] [SUBPROCESS]    R7699;VDD.$3622.18;VDD.$3624.18;;18.432
[2026-08-13 17:07:54,086] [SUBPROCESS]    R7700;VDD.$3623.25;VDD.$3625.25;;0.18
[2026-08-13 17:07:54,086] [SUBPROCESS]    R7701;VDD.$3624.18;VDD.$3625.25;;9.3
[2026-08-13 17:07:54,087] [SUBPROCESS]    R7702;VDD.$3624.18;VDD.$3626.18;;18.432
[2026-08-13 17:07:54,087] [SUBPROCESS]    R7703;VDD.$3625.25;VDD.$3627.25;;0.18
[2026-08-13 17:07:54,088] [SUBPROCESS]    R7704;VDD.$3626.18;VDD.$3627.25;;9.3
[2026-08-13 17:07:54,088] [SUBPROCESS]    R7705;VDD.$3626.18;VDD.$3628.18;;18.432
[2026-08-13 17:07:54,089] [SUBPROCESS]    R7706;VDD.$3627.25;VDD.$3629.25;;0.18
[2026-08-13 17:07:54,089] [SUBPROCESS]    R7707;VDD.$3628.18;VDD.$3629.25;;9.3
[2026-08-13 17:07:54,090] [SUBPROCESS]    R7708;VDD.$3628.18;VDD.$3630.18;;18.432
[2026-08-13 17:07:54,090] [SUBPROCESS]    R7709;VDD.$3629.25;VDD.$3631.25;;0.18
[2026-08-13 17:07:54,091] [SUBPROCESS]    R7710;VDD.$3630.18;VDD.$3631.25;;9.3
[2026-08-13 17:07:54,091] [SUBPROCESS]    R7711;VDD.$3630.18;VDD.$3632.18;;18.432
[2026-08-13 17:07:54,091] [SUBPROCESS]    R7712;VDD.$3631.25;VDD.$4638.25;;0.133
[2026-08-13 17:07:54,092] [SUBPROCESS]    R7713;VDD.$3632.18;VDD.$3633.25;;9.3
[2026-08-13 17:07:54,092] [SUBPROCESS]    R7714;VDD.$3632.18;VDD.$3634.18;;18.432
[2026-08-13 17:07:54,093] [SUBPROCESS]    R7715;VDD.$3633.25;VDD.$3635.25;;0.18
[2026-08-13 17:07:54,094] [SUBPROCESS]    R7716;VDD.$3633.25;VDD.$4638.25;;0.047
[2026-08-13 17:07:54,094] [SUBPROCESS]    R7717;VDD.$3634.18;VDD.$3635.25;;9.3
[2026-08-13 17:07:54,095] [SUBPROCESS]    R7718;VDD.$3634.18;VDD.$3720.18;;18.432
[2026-08-13 17:07:54,095] [SUBPROCESS]    R7719;VDD.$3635.25;VDD.$3721.25;;0.18
[2026-08-13 17:07:54,096] [SUBPROCESS]    R7720;VDD.$3636.18;VDD.$3637.25;;9.3
[2026-08-13 17:07:54,096] [SUBPROCESS]    R7721;VDD.$3637.25;VDD.$3639.25;;0.072
[2026-08-13 17:07:54,097] [SUBPROCESS]    R7722;VDD.$3637.25;VDD.$3803.25;;0.207
[2026-08-13 17:07:54,097] [SUBPROCESS]    R7723;VDD.$3638.18;VDD.$3639.25;;9.3
[2026-08-13 17:07:54,097] [SUBPROCESS]    R7724;VDD.$3639.25;VDD.$3641.25;;0.072
[2026-08-13 17:07:54,098] [SUBPROCESS]    R7725;VDD.$364.15;VDD.$365.18;;585.0
[2026-08-13 17:07:54,098] [SUBPROCESS]    R7726;VDD.$364.15;VDD.$374.15;;0.0
[2026-08-13 17:07:54,099] [SUBPROCESS]    R7727;VDD.$3640.18;VDD.$3641.25;;9.3
[2026-08-13 17:07:54,099] [SUBPROCESS]    R7728;VDD.$3641.25;VDD.$3643.25;;0.072
[2026-08-13 17:07:54,100] [SUBPROCESS]    R7729;VDD.$3642.18;VDD.$3643.25;;9.3
[2026-08-13 17:07:54,100] [SUBPROCESS]    R7730;VDD.$3643.25;VDD.$3645.25;;0.072
[2026-08-13 17:07:54,101] [SUBPROCESS]    R7731;VDD.$3644.18;VDD.$3645.25;;9.3
[2026-08-13 17:07:54,101] [SUBPROCESS]    R7732;VDD.$3645.25;VDD.$3647.25;;0.072
[2026-08-13 17:07:54,102] [SUBPROCESS]    R7733;VDD.$3646.18;VDD.$3647.25;;9.3
[2026-08-13 17:07:54,102] [SUBPROCESS]    R7734;VDD.$3647.25;VDD.$3649.25;;0.072
[2026-08-13 17:07:54,103] [SUBPROCESS]    R7735;VDD.$3648.18;VDD.$3649.25;;9.3
[2026-08-13 17:07:54,104] [SUBPROCESS]    R7736;VDD.$3649.25;VDD.$3651.25;;0.072
[2026-08-13 17:07:54,104] [SUBPROCESS]    R7737;VDD.$3650.18;VDD.$3651.25;;9.3
[2026-08-13 17:07:54,104] [SUBPROCESS]    R7738;VDD.$3652.18;VDD.$3653.25;;9.3
[2026-08-13 17:07:54,105] [SUBPROCESS]    R7739;VDD.$3653.25;VDD.$3665.25;;0.036
[2026-08-13 17:07:54,106] [SUBPROCESS]    R7740;VDD.$3653.25;VDD.$3671.25;;0.0
[2026-08-13 17:07:54,106] [SUBPROCESS]    R7741;VDD.$3654.18;VDD.$3655.25;;9.3
[2026-08-13 17:07:54,106] [SUBPROCESS]    R7742;VDD.$3655.25;VDD.$3657.25;;0.0
[2026-08-13 17:07:54,107] [SUBPROCESS]    R7743;VDD.$3655.25;VDD.$3663.25;;0.036
[2026-08-13 17:07:54,107] [SUBPROCESS]    R7744;VDD.$3656.18;VDD.$3657.25;;9.3
[2026-08-13 17:07:54,108] [SUBPROCESS]    R7745;VDD.$3657.25;VDD.$3677.25;;0.036
[2026-08-13 17:07:54,108] [SUBPROCESS]    R7746;VDD.$3658.18;VDD.$3659.25;;9.3
[2026-08-13 17:07:54,109] [SUBPROCESS]    R7747;VDD.$3659.25;VDD.$3665.25;;0.0
[2026-08-13 17:07:54,109] [SUBPROCESS]    R7748;VDD.$3659.25;VDD.$3683.25;;0.036
[2026-08-13 17:07:54,110] [SUBPROCESS]    R7749;VDD.$366.15;VDD.$367.18;;585.0
[2026-08-13 17:07:54,110] [SUBPROCESS]    R7750;VDD.$366.15;VDD.$388.15;;0.0
[2026-08-13 17:07:54,111] [SUBPROCESS]    R7751;VDD.$3660.18;VDD.$3661.25;;9.3
[2026-08-13 17:07:54,111] [SUBPROCESS]    R7752;VDD.$3661.25;VDD.$3663.25;;0.0
[2026-08-13 17:07:54,112] [SUBPROCESS]    R7753;VDD.$3661.25;VDD.$3669.25;;0.036
[2026-08-13 17:07:54,112] [SUBPROCESS]    R7754;VDD.$3662.18;VDD.$3663.25;;9.3
[2026-08-13 17:07:54,113] [SUBPROCESS]    R7755;VDD.$3664.18;VDD.$3665.25;;9.3
[2026-08-13 17:07:54,113] [SUBPROCESS]    R7756;VDD.$3666.18;VDD.$3667.25;;9.3
[2026-08-13 17:07:54,114] [SUBPROCESS]    R7757;VDD.$3667.25;VDD.$3669.25;;0.0
[2026-08-13 17:07:54,114] [SUBPROCESS]    R7758;VDD.$3667.25;VDD.$3675.25;;0.036
[2026-08-13 17:07:54,115] [SUBPROCESS]    R7759;VDD.$3668.18;VDD.$3669.25;;9.3
[2026-08-13 17:07:54,115] [SUBPROCESS]    R7760;VDD.$3670.18;VDD.$3671.25;;9.3
[2026-08-13 17:07:54,116] [SUBPROCESS]    R7761;VDD.$3671.25;VDD.$3697.25;;0.138
[2026-08-13 17:07:54,116] [SUBPROCESS]    R7762;VDD.$3672.18;VDD.$3673.25;;9.3
[2026-08-13 17:07:54,116] [SUBPROCESS]    R7763;VDD.$3673.25;VDD.$3675.25;;0.0
[2026-08-13 17:07:54,117] [SUBPROCESS]    R7764;VDD.$3673.25;VDD.$3681.25;;0.036
[2026-08-13 17:07:54,117] [SUBPROCESS]    R7765;VDD.$3674.18;VDD.$3675.25;;9.3
[2026-08-13 17:07:54,118] [SUBPROCESS]    R7766;VDD.$3676.18;VDD.$3677.25;;9.3
[2026-08-13 17:07:54,119] [SUBPROCESS]    R7767;VDD.$3677.25;VDD.$3683.25;;0.0
[2026-08-13 17:07:54,119] [SUBPROCESS]    R7768;VDD.$3678.18;VDD.$3679.25;;9.3
[2026-08-13 17:07:54,120] [SUBPROCESS]    R7769;VDD.$3679.25;VDD.$3681.25;;0.0
[2026-08-13 17:07:54,120] [SUBPROCESS]    R7770;VDD.$368.15;VDD.$369.18;;585.0
[2026-08-13 17:07:54,121] [SUBPROCESS]    R7771;VDD.$368.15;VDD.$390.15;;0.0
[2026-08-13 17:07:54,121] [SUBPROCESS]    R7772;VDD.$3680.18;VDD.$3681.25;;9.3
[2026-08-13 17:07:54,122] [SUBPROCESS]    R7773;VDD.$3682.18;VDD.$3683.25;;9.3
[2026-08-13 17:07:54,122] [SUBPROCESS]    R7774;VDD.$3684.18;VDD.$3685.25;;9.3
[2026-08-13 17:07:54,123] [SUBPROCESS]    R7775;VDD.$3685.25;VDD.$3693.25;;0.036
[2026-08-13 17:07:54,123] [SUBPROCESS]    R7776;VDD.$3685.25;VDD.$3711.25;;0.0
[2026-08-13 17:07:54,124] [SUBPROCESS]    R7777;VDD.$3686.18;VDD.$3687.25;;9.3
[2026-08-13 17:07:54,124] [SUBPROCESS]    R7778;VDD.$3687.25;VDD.$3689.25;;0.0
[2026-08-13 17:07:54,124] [SUBPROCESS]    R7779;VDD.$3687.25;VDD.$3705.25;;0.036
[2026-08-13 17:07:54,125] [SUBPROCESS]    R7780;VDD.$3688.18;VDD.$3689.25;;9.3
[2026-08-13 17:07:54,125] [SUBPROCESS]    R7781;VDD.$3689.25;VDD.$3691.25;;0.036
[2026-08-13 17:07:54,126] [SUBPROCESS]    R7782;VDD.$3690.18;VDD.$3691.25;;9.3
[2026-08-13 17:07:54,126] [SUBPROCESS]    R7783;VDD.$3691.25;VDD.$3693.25;;0.0
[2026-08-13 17:07:54,127] [SUBPROCESS]    R7784;VDD.$3692.18;VDD.$3693.25;;9.3
[2026-08-13 17:07:54,127] [SUBPROCESS]    R7785;VDD.$3694.18;VDD.$3695.25;;9.3
[2026-08-13 17:07:54,128] [SUBPROCESS]    R7786;VDD.$3695.25;VDD.$3709.25;;0.0
[2026-08-13 17:07:54,128] [SUBPROCESS]    R7787;VDD.$3695.25;VDD.$3711.25;;0.036
[2026-08-13 17:07:54,129] [SUBPROCESS]    R7788;VDD.$3696.18;VDD.$3697.25;;9.3
[2026-08-13 17:07:54,129] [SUBPROCESS]    R7789;VDD.$3697.25;VDD.$3699.25;;0.0
[2026-08-13 17:07:54,130] [SUBPROCESS]    R7790;VDD.$3698.18;VDD.$3699.25;;9.3
[2026-08-13 17:07:54,130] [SUBPROCESS]    R7791;VDD.$3699.25;VDD.$3717.25;;0.036
[2026-08-13 17:07:54,131] [SUBPROCESS]    R7792;VDD.$370.15;VDD.$371.18;;585.0
[2026-08-13 17:07:54,131] [SUBPROCESS]    R7793;VDD.$370.15;VDD.$380.15;;0.0
[2026-08-13 17:07:54,132] [SUBPROCESS]    R7794;VDD.$3700.18;VDD.$3701.25;;9.3
[2026-08-13 17:07:54,133] [SUBPROCESS]    R7795;VDD.$3701.25;VDD.$3707.25;;0.0
[2026-08-13 17:07:54,133] [SUBPROCESS]    R7796;VDD.$3701.25;VDD.$3715.25;;0.036
[2026-08-13 17:07:54,134] [SUBPROCESS]    R7797;VDD.$3702.18;VDD.$3703.25;;9.3
[2026-08-13 17:07:54,134] [SUBPROCESS]    R7798;VDD.$3703.25;VDD.$3705.25;;0.0
[2026-08-13 17:07:54,135] [SUBPROCESS]    R7799;VDD.$3703.25;VDD.$3719.25;;0.036
[2026-08-13 17:07:54,136] [SUBPROCESS]    R7800;VDD.$3704.18;VDD.$3705.25;;9.3
[2026-08-13 17:07:54,136] [SUBPROCESS]    R7801;VDD.$3706.18;VDD.$3707.25;;9.3
[2026-08-13 17:07:54,137] [SUBPROCESS]    R7802;VDD.$3707.25;VDD.$3749.25;;0.094
[2026-08-13 17:07:54,138] [SUBPROCESS]    R7803;VDD.$3708.18;VDD.$3709.25;;9.3
[2026-08-13 17:07:54,138] [SUBPROCESS]    R7804;VDD.$3709.25;VDD.$3713.25;;0.036
[2026-08-13 17:07:54,139] [SUBPROCESS]    R7805;VDD.$3710.18;VDD.$3711.25;;9.3
[2026-08-13 17:07:54,139] [SUBPROCESS]    R7806;VDD.$3712.18;VDD.$3713.25;;9.3
[2026-08-13 17:07:54,140] [SUBPROCESS]    R7807;VDD.$3713.25;VDD.$3715.25;;0.0
[2026-08-13 17:07:54,140] [SUBPROCESS]    R7808;VDD.$3714.18;VDD.$3715.25;;9.3
[2026-08-13 17:07:54,141] [SUBPROCESS]    R7809;VDD.$3716.18;VDD.$3717.25;;9.3
[2026-08-13 17:07:54,141] [SUBPROCESS]    R7810;VDD.$3717.25;VDD.$3719.25;;0.0
[2026-08-13 17:07:54,142] [SUBPROCESS]    R7811;VDD.$3718.18;VDD.$3719.25;;9.3
[2026-08-13 17:07:54,142] [SUBPROCESS]    R7812;VDD.$372.15;VDD.$373.18;;585.0
[2026-08-13 17:07:54,142] [SUBPROCESS]    R7813;VDD.$372.15;VDD.$382.15;;0.0
[2026-08-13 17:07:54,143] [SUBPROCESS]    R7814;VDD.$3720.18;VDD.$3721.25;;9.3
[2026-08-13 17:07:54,143] [SUBPROCESS]    R7815;VDD.$3720.18;VDD.$3722.18;;18.432
[2026-08-13 17:07:54,144] [SUBPROCESS]    R7816;VDD.$3721.25;VDD.$3723.25;;0.18
[2026-08-13 17:07:54,144] [SUBPROCESS]    R7817;VDD.$3722.18;VDD.$3723.25;;9.3
[2026-08-13 17:07:54,145] [SUBPROCESS]    R7818;VDD.$3722.18;VDD.$3724.18;;18.432
[2026-08-13 17:07:54,145] [SUBPROCESS]    R7819;VDD.$3723.25;VDD.$3725.25;;0.18
[2026-08-13 17:07:54,146] [SUBPROCESS]    R7820;VDD.$3724.18;VDD.$3725.25;;9.3
[2026-08-13 17:07:54,146] [SUBPROCESS]    R7821;VDD.$3724.18;VDD.$3726.18;;18.432
[2026-08-13 17:07:54,147] [SUBPROCESS]    R7822;VDD.$3725.25;VDD.$3727.25;;0.18
[2026-08-13 17:07:54,147] [SUBPROCESS]    R7823;VDD.$3726.18;VDD.$3727.25;;9.3
[2026-08-13 17:07:54,147] [SUBPROCESS]    R7824;VDD.$3726.18;VDD.$3728.18;;18.432
[2026-08-13 17:07:54,148] [SUBPROCESS]    R7825;VDD.$3727.25;VDD.$3729.25;;0.18
[2026-08-13 17:07:54,148] [SUBPROCESS]    R7826;VDD.$3728.18;VDD.$3729.25;;9.3
[2026-08-13 17:07:54,149] [SUBPROCESS]    R7827;VDD.$3728.18;VDD.$3730.18;;18.432
[2026-08-13 17:07:54,149] [SUBPROCESS]    R7828;VDD.$3729.25;VDD.$3731.25;;0.18
[2026-08-13 17:07:54,150] [SUBPROCESS]    R7829;VDD.$3730.18;VDD.$3731.25;;9.3
[2026-08-13 17:07:54,150] [SUBPROCESS]    R7830;VDD.$3730.18;VDD.$3732.18;;18.432
[2026-08-13 17:07:54,151] [SUBPROCESS]    R7831;VDD.$3731.25;VDD.$3733.25;;0.18
[2026-08-13 17:07:54,151] [SUBPROCESS]    R7832;VDD.$3732.18;VDD.$3733.25;;9.3
[2026-08-13 17:07:54,151] [SUBPROCESS]    R7833;VDD.$3732.18;VDD.$3734.18;;18.432
[2026-08-13 17:07:54,152] [SUBPROCESS]    R7834;VDD.$3733.25;VDD.$3735.25;;0.18
[2026-08-13 17:07:54,153] [SUBPROCESS]    R7835;VDD.$3734.18;VDD.$3735.25;;9.3
[2026-08-13 17:07:54,153] [SUBPROCESS]    R7836;VDD.$3734.18;VDD.$3736.18;;18.432
[2026-08-13 17:07:54,154] [SUBPROCESS]    R7837;VDD.$3735.25;VDD.$3737.25;;0.18
[2026-08-13 17:07:54,154] [SUBPROCESS]    R7838;VDD.$3736.18;VDD.$3737.25;;9.3
[2026-08-13 17:07:54,155] [SUBPROCESS]    R7839;VDD.$3736.18;VDD.$3738.18;;18.432
[2026-08-13 17:07:54,156] [SUBPROCESS]    R7840;VDD.$3737.25;VDD.$3739.25;;0.18
[2026-08-13 17:07:54,156] [SUBPROCESS]    R7841;VDD.$3738.18;VDD.$3739.25;;9.3
[2026-08-13 17:07:54,157] [SUBPROCESS]    R7842;VDD.$3738.18;VDD.$3740.18;;18.432
[2026-08-13 17:07:54,157] [SUBPROCESS]    R7843;VDD.$3739.25;VDD.$3741.25;;0.18
[2026-08-13 17:07:54,158] [SUBPROCESS]    R7844;VDD.$374.15;VDD.$375.18;;585.0
[2026-08-13 17:07:54,158] [SUBPROCESS]    R7845;VDD.$374.15;VDD.$384.15;;0.0
[2026-08-13 17:07:54,158] [SUBPROCESS]    R7846;VDD.$3740.18;VDD.$3741.25;;9.3
[2026-08-13 17:07:54,159] [SUBPROCESS]    R7847;VDD.$3740.18;VDD.$3742.18;;18.432
[2026-08-13 17:07:54,160] [SUBPROCESS]    R7848;VDD.$3741.25;VDD.$3743.25;;0.18
[2026-08-13 17:07:54,160] [SUBPROCESS]    R7849;VDD.$3742.18;VDD.$3743.25;;9.3
[2026-08-13 17:07:54,160] [SUBPROCESS]    R7850;VDD.$3742.18;VDD.$3744.18;;18.432
[2026-08-13 17:07:54,161] [SUBPROCESS]    R7851;VDD.$3743.25;VDD.$3745.25;;0.18
[2026-08-13 17:07:54,161] [SUBPROCESS]    R7852;VDD.$3744.18;VDD.$3745.25;;9.3
[2026-08-13 17:07:54,162] [SUBPROCESS]    R7853;VDD.$3744.18;VDD.$3746.18;;18.432
[2026-08-13 17:07:54,162] [SUBPROCESS]    R7854;VDD.$3745.25;VDD.$3747.25;;0.18
[2026-08-13 17:07:54,163] [SUBPROCESS]    R7855;VDD.$3746.18;VDD.$3747.25;;9.3
[2026-08-13 17:07:54,163] [SUBPROCESS]    R7856;VDD.$3746.18;VDD.$3748.18;;18.432
[2026-08-13 17:07:54,164] [SUBPROCESS]    R7857;VDD.$3747.25;VDD.$3749.25;;0.065
[2026-08-13 17:07:54,164] [SUBPROCESS]    R7858;VDD.$3748.18;VDD.$3749.25;;9.3
[2026-08-13 17:07:54,165] [SUBPROCESS]    R7859;VDD.$3748.18;VDD.$3750.18;;18.432
[2026-08-13 17:07:54,165] [SUBPROCESS]    R7860;VDD.$3749.25;VDD.$3751.25;;0.0
[2026-08-13 17:07:54,166] [SUBPROCESS]    R7861;VDD.$3749.25;VDD.$3755.25;;0.03
[2026-08-13 17:07:54,166] [SUBPROCESS]    R7862;VDD.$3750.18;VDD.$3751.25;;9.3
[2026-08-13 17:07:54,167] [SUBPROCESS]    R7863;VDD.$3750.18;VDD.$3752.18;;18.432
[2026-08-13 17:07:54,167] [SUBPROCESS]    R7864;VDD.$3751.25;VDD.$3753.25;;0.0
[2026-08-13 17:07:54,167] [SUBPROCESS]    R7865;VDD.$3752.18;VDD.$3753.25;;9.3
[2026-08-13 17:07:54,168] [SUBPROCESS]    R7866;VDD.$3752.18;VDD.$3754.18;;18.432
[2026-08-13 17:07:54,169] [SUBPROCESS]    R7867;VDD.$3754.18;VDD.$3755.25;;9.3
[2026-08-13 17:07:54,169] [SUBPROCESS]    R7868;VDD.$3754.18;VDD.$3756.18;;18.432
[2026-08-13 17:07:54,170] [SUBPROCESS]    R7869;VDD.$3755.25;VDD.$3757.25;;0.18
[2026-08-13 17:07:54,170] [SUBPROCESS]    R7870;VDD.$3756.18;VDD.$3757.25;;9.3
[2026-08-13 17:07:54,171] [SUBPROCESS]    R7871;VDD.$3756.18;VDD.$3758.18;;18.432
[2026-08-13 17:07:54,172] [SUBPROCESS]    R7872;VDD.$3757.25;VDD.$3759.25;;0.18
[2026-08-13 17:07:54,172] [SUBPROCESS]    R7873;VDD.$3758.18;VDD.$3759.25;;9.3
[2026-08-13 17:07:54,173] [SUBPROCESS]    R7874;VDD.$3758.18;VDD.$3760.18;;18.432
[2026-08-13 17:07:54,174] [SUBPROCESS]    R7875;VDD.$3759.25;VDD.$3761.25;;0.18
[2026-08-13 17:07:54,174] [SUBPROCESS]    R7876;VDD.$376.15;VDD.$377.18;;585.0
[2026-08-13 17:07:54,175] [SUBPROCESS]    R7877;VDD.$376.15;VDD.$392.15;;0.0
[2026-08-13 17:07:54,176] [SUBPROCESS]    R7878;VDD.$3760.18;VDD.$3761.25;;9.3
[2026-08-13 17:07:54,176] [SUBPROCESS]    R7879;VDD.$3760.18;VDD.$3762.18;;18.432
[2026-08-13 17:07:54,176] [SUBPROCESS]    R7880;VDD.$3761.25;VDD.$3763.25;;0.18
[2026-08-13 17:07:54,177] [SUBPROCESS]    R7881;VDD.$3762.18;VDD.$3763.25;;9.3
[2026-08-13 17:07:54,177] [SUBPROCESS]    R7882;VDD.$3762.18;VDD.$3764.18;;18.432
[2026-08-13 17:07:54,178] [SUBPROCESS]    R7883;VDD.$3763.25;VDD.$3765.25;;0.18
[2026-08-13 17:07:54,178] [SUBPROCESS]    R7884;VDD.$3764.18;VDD.$3765.25;;9.3
[2026-08-13 17:07:54,179] [SUBPROCESS]    R7885;VDD.$3764.18;VDD.$3834.18;;18.432
[2026-08-13 17:07:54,179] [SUBPROCESS]    R7886;VDD.$3765.25;VDD.$3835.25;;0.18
[2026-08-13 17:07:54,179] [SUBPROCESS]    R7887;VDD.$3766.18;VDD.$3767.25;;9.3
[2026-08-13 17:07:54,180] [SUBPROCESS]    R7888;VDD.$3767.25;VDD.$3783.25;;0.036
[2026-08-13 17:07:54,180] [SUBPROCESS]    R7889;VDD.$3767.25;VDD.$3827.25;;0.0
[2026-08-13 17:07:54,181] [SUBPROCESS]    R7890;VDD.$3768.18;VDD.$3769.25;;9.3
[2026-08-13 17:07:54,181] [SUBPROCESS]    R7891;VDD.$3769.25;VDD.$3829.25;;0.0
[2026-08-13 17:07:54,181] [SUBPROCESS]    R7892;VDD.$3769.25;VDD.$3831.25;;0.036
[2026-08-13 17:07:54,182] [SUBPROCESS]    R7893;VDD.$3770.18;VDD.$3771.25;;9.3
[2026-08-13 17:07:54,182] [SUBPROCESS]    R7894;VDD.$3770.18;VDD.$3778.18;;18.432
[2026-08-13 17:07:54,183] [SUBPROCESS]    R7895;VDD.$3770.18;VDD.$3824.18;;18.432
[2026-08-13 17:07:54,183] [SUBPROCESS]    R7896;VDD.$3771.25;VDD.$3779.25;;0.18
[2026-08-13 17:07:54,183] [SUBPROCESS]    R7897;VDD.$3771.25;VDD.$3825.25;;0.18
[2026-08-13 17:07:54,184] [SUBPROCESS]    R7898;VDD.$3772.18;VDD.$3773.25;;9.3
[2026-08-13 17:07:54,184] [SUBPROCESS]    R7899;VDD.$3773.25;VDD.$3775.25;;0.0
[2026-08-13 17:07:54,185] [SUBPROCESS]    R7900;VDD.$3773.25;VDD.$3829.25;;0.036
[2026-08-13 17:07:54,185] [SUBPROCESS]    R7901;VDD.$3774.18;VDD.$3775.25;;9.3
[2026-08-13 17:07:54,186] [SUBPROCESS]    R7902;VDD.$3775.25;VDD.$3777.25;;0.036
[2026-08-13 17:07:54,186] [SUBPROCESS]    R7903;VDD.$3776.18;VDD.$3777.25;;9.3
[2026-08-13 17:07:54,187] [SUBPROCESS]    R7904;VDD.$3777.25;VDD.$3793.25;;0.0
[2026-08-13 17:07:54,187] [SUBPROCESS]    R7905;VDD.$3778.18;VDD.$3779.25;;9.3
[2026-08-13 17:07:54,188] [SUBPROCESS]    R7906;VDD.$3778.18;VDD.$3800.18;;18.432
[2026-08-13 17:07:54,188] [SUBPROCESS]    R7907;VDD.$3779.25;VDD.$3801.25;;0.18
[2026-08-13 17:07:54,189] [SUBPROCESS]    R7908;VDD.$378.15;VDD.$379.18;;585.0
[2026-08-13 17:07:54,189] [SUBPROCESS]    R7909;VDD.$3780.18;VDD.$3781.25;;9.3
[2026-08-13 17:07:54,190] [SUBPROCESS]    R7910;VDD.$3781.25;VDD.$3783.25;;0.0
[2026-08-13 17:07:54,190] [SUBPROCESS]    R7911;VDD.$3781.25;VDD.$3805.25;;0.036
[2026-08-13 17:07:54,191] [SUBPROCESS]    R7912;VDD.$3782.18;VDD.$3783.25;;9.3
[2026-08-13 17:07:54,191] [SUBPROCESS]    R7913;VDD.$3784.18;VDD.$3785.25;;9.3
[2026-08-13 17:07:54,191] [SUBPROCESS]    R7914;VDD.$3784.18;VDD.$3786.18;;18.432
[2026-08-13 17:07:54,192] [SUBPROCESS]    R7915;VDD.$3784.18;VDD.$3820.18;;18.432
[2026-08-13 17:07:54,192] [SUBPROCESS]    R7916;VDD.$3785.25;VDD.$3787.25;;0.18
[2026-08-13 17:07:54,193] [SUBPROCESS]    R7917;VDD.$3785.25;VDD.$3821.25;;0.18
[2026-08-13 17:07:54,193] [SUBPROCESS]    R7918;VDD.$3786.18;VDD.$3787.25;;9.3
[2026-08-13 17:07:54,194] [SUBPROCESS]    R7919;VDD.$3786.18;VDD.$3816.18;;18.432
[2026-08-13 17:07:54,194] [SUBPROCESS]    R7920;VDD.$3787.25;VDD.$3817.25;;0.18
[2026-08-13 17:07:54,194] [SUBPROCESS]    R7921;VDD.$3788.18;VDD.$3789.25;;9.3
[2026-08-13 17:07:54,195] [SUBPROCESS]    R7922;VDD.$3789.25;VDD.$3831.25;;0.0
[2026-08-13 17:07:54,195] [SUBPROCESS]    R7923;VDD.$3789.25;VDD.$3833.25;;0.036
[2026-08-13 17:07:54,196] [SUBPROCESS]    R7924;VDD.$379.18;VDD.$3868.18;;0.0
[2026-08-13 17:07:54,196] [SUBPROCESS]    R7925;VDD.$3790.18;VDD.$3791.25;;9.3
[2026-08-13 17:07:54,197] [SUBPROCESS]    R7926;VDD.$3790.18;VDD.$3794.18;;18.432
[2026-08-13 17:07:54,197] [SUBPROCESS]    R7927;VDD.$3790.18;VDD.$3846.18;;18.432
[2026-08-13 17:07:54,197] [SUBPROCESS]    R7928;VDD.$3791.25;VDD.$3795.25;;0.18
[2026-08-13 17:07:54,198] [SUBPROCESS]    R7929;VDD.$3791.25;VDD.$3847.25;;0.18
[2026-08-13 17:07:54,198] [SUBPROCESS]    R7930;VDD.$3792.18;VDD.$3793.25;;9.3
[2026-08-13 17:07:54,199] [SUBPROCESS]    R7931;VDD.$3793.25;VDD.$4620.25;;0.082
[2026-08-13 17:07:54,199] [SUBPROCESS]    R7932;VDD.$3794.18;VDD.$3795.25;;9.3
[2026-08-13 17:07:54,200] [SUBPROCESS]    R7933;VDD.$3794.18;VDD.$3796.18;;18.432
[2026-08-13 17:07:54,200] [SUBPROCESS]    R7934;VDD.$3795.25;VDD.$3797.25;;0.18
[2026-08-13 17:07:54,201] [SUBPROCESS]    R7935;VDD.$3796.18;VDD.$3797.25;;9.3
[2026-08-13 17:07:54,201] [SUBPROCESS]    R7936;VDD.$3796.18;VDD.$3814.18;;18.432
[2026-08-13 17:07:54,201] [SUBPROCESS]    R7937;VDD.$3797.25;VDD.$4620.25;;0.083
[2026-08-13 17:07:54,202] [SUBPROCESS]    R7938;VDD.$3798.18;VDD.$3799.25;;9.3
[2026-08-13 17:07:54,203] [SUBPROCESS]    R7939;VDD.$3799.25;VDD.$3807.25;;0.0
[2026-08-13 17:07:54,203] [SUBPROCESS]    R7940;VDD.$3799.25;VDD.$3827.25;;0.036
[2026-08-13 17:07:54,204] [SUBPROCESS]    R7941;VDD.$38.15;VDD.$39.18;;585.0
[2026-08-13 17:07:54,204] [SUBPROCESS]    R7942;VDD.$38.15;VDD.$46.15;;0.0
[2026-08-13 17:07:54,205] [SUBPROCESS]    R7943;VDD.$380.15;VDD.$381.18;;585.0
[2026-08-13 17:07:54,205] [SUBPROCESS]    R7944;VDD.$3800.18;VDD.$3801.25;;9.3
[2026-08-13 17:07:54,206] [SUBPROCESS]    R7945;VDD.$3800.18;VDD.$3818.18;;18.432
[2026-08-13 17:07:54,206] [SUBPROCESS]    R7946;VDD.$3801.25;VDD.$3819.25;;0.18
[2026-08-13 17:07:54,207] [SUBPROCESS]    R7947;VDD.$3802.18;VDD.$3803.25;;9.3
[2026-08-13 17:07:54,207] [SUBPROCESS]    R7948;VDD.$3803.25;VDD.$3805.25;;0.0
[2026-08-13 17:07:54,207] [SUBPROCESS]    R7949;VDD.$3804.18;VDD.$3805.25;;9.3
[2026-08-13 17:07:54,208] [SUBPROCESS]    R7950;VDD.$3806.18;VDD.$3807.25;;9.3
[2026-08-13 17:07:54,208] [SUBPROCESS]    R7951;VDD.$3807.25;VDD.$3823.25;;0.036
[2026-08-13 17:07:54,209] [SUBPROCESS]    R7952;VDD.$3808.18;VDD.$3809.25;;9.3
[2026-08-13 17:07:54,209] [SUBPROCESS]    R7953;VDD.$3808.18;VDD.$3810.18;;18.432
[2026-08-13 17:07:54,210] [SUBPROCESS]    R7954;VDD.$3808.18;VDD.$3814.18;;18.432
[2026-08-13 17:07:54,210] [SUBPROCESS]    R7955;VDD.$3809.25;VDD.$3811.25;;0.18
[2026-08-13 17:07:54,211] [SUBPROCESS]    R7956;VDD.$3809.25;VDD.$3815.25;;0.18
[2026-08-13 17:07:54,212] [SUBPROCESS]    R7957;VDD.$3810.18;VDD.$3811.25;;9.3
[2026-08-13 17:07:54,212] [SUBPROCESS]    R7958;VDD.$3810.18;VDD.$3812.18;;18.432
[2026-08-13 17:07:54,213] [SUBPROCESS]    R7959;VDD.$3811.25;VDD.$3813.25;;0.18
[2026-08-13 17:07:54,213] [SUBPROCESS]    R7960;VDD.$3812.18;VDD.$3813.25;;9.3
[2026-08-13 17:07:54,214] [SUBPROCESS]    R7961;VDD.$3812.18;VDD.$3820.18;;18.432
[2026-08-13 17:07:54,215] [SUBPROCESS]    R7962;VDD.$3813.25;VDD.$3821.25;;0.18
[2026-08-13 17:07:54,215] [SUBPROCESS]    R7963;VDD.$3814.18;VDD.$3815.25;;9.3
[2026-08-13 17:07:54,216] [SUBPROCESS]    R7964;VDD.$3815.25;VDD.$4620.25;;0.098
[2026-08-13 17:07:54,216] [SUBPROCESS]    R7965;VDD.$3816.18;VDD.$3817.25;;9.3
[2026-08-13 17:07:54,217] [SUBPROCESS]    R7966;VDD.$3816.18;VDD.$3824.18;;18.432
[2026-08-13 17:07:54,217] [SUBPROCESS]    R7967;VDD.$3817.25;VDD.$3825.25;;0.18
[2026-08-13 17:07:54,218] [SUBPROCESS]    R7968;VDD.$3818.18;VDD.$3819.25;;9.3
[2026-08-13 17:07:54,218] [SUBPROCESS]    R7969;VDD.$3818.18;VDD.$4220.18;;18.432
[2026-08-13 17:07:54,219] [SUBPROCESS]    R7970;VDD.$3819.25;VDD.$4221.25;;0.18
[2026-08-13 17:07:54,219] [SUBPROCESS]    R7971;VDD.$382.15;VDD.$383.18;;585.0
[2026-08-13 17:07:54,220] [SUBPROCESS]    R7972;VDD.$3820.18;VDD.$3821.25;;9.3
[2026-08-13 17:07:54,220] [SUBPROCESS]    R7973;VDD.$3822.18;VDD.$3823.25;;9.3
[2026-08-13 17:07:54,221] [SUBPROCESS]    R7974;VDD.$3823.25;VDD.$3833.25;;0.0
[2026-08-13 17:07:54,222] [SUBPROCESS]    R7975;VDD.$3824.18;VDD.$3825.25;;9.3
[2026-08-13 17:07:54,222] [SUBPROCESS]    R7976;VDD.$3826.18;VDD.$3827.25;;9.3
[2026-08-13 17:07:54,222] [SUBPROCESS]    R7977;VDD.$3828.18;VDD.$3829.25;;9.3
[2026-08-13 17:07:54,223] [SUBPROCESS]    R7978;VDD.$3830.18;VDD.$3831.25;;9.3
[2026-08-13 17:07:54,223] [SUBPROCESS]    R7979;VDD.$3832.18;VDD.$3833.25;;9.3
[2026-08-13 17:07:54,224] [SUBPROCESS]    R7980;VDD.$3834.18;VDD.$3835.25;;9.3
[2026-08-13 17:07:54,224] [SUBPROCESS]    R7981;VDD.$3834.18;VDD.$3836.18;;18.432
[2026-08-13 17:07:54,225] [SUBPROCESS]    R7982;VDD.$3835.25;VDD.$3837.25;;0.18
[2026-08-13 17:07:54,225] [SUBPROCESS]    R7983;VDD.$3836.18;VDD.$3837.25;;9.3
[2026-08-13 17:07:54,225] [SUBPROCESS]    R7984;VDD.$3836.18;VDD.$3838.18;;18.432
[2026-08-13 17:07:54,226] [SUBPROCESS]    R7985;VDD.$3837.25;VDD.$3839.25;;0.18
[2026-08-13 17:07:54,226] [SUBPROCESS]    R7986;VDD.$3838.18;VDD.$3839.25;;9.3
[2026-08-13 17:07:54,227] [SUBPROCESS]    R7987;VDD.$3838.18;VDD.$3840.18;;18.432
[2026-08-13 17:07:54,227] [SUBPROCESS]    R7988;VDD.$3839.25;VDD.$3841.25;;0.18
[2026-08-13 17:07:54,228] [SUBPROCESS]    R7989;VDD.$384.15;VDD.$385.18;;585.0
[2026-08-13 17:07:54,228] [SUBPROCESS]    R7990;VDD.$3840.18;VDD.$3841.25;;9.3
[2026-08-13 17:07:54,229] [SUBPROCESS]    R7991;VDD.$3840.18;VDD.$3842.18;;18.432
[2026-08-13 17:07:54,229] [SUBPROCESS]    R7992;VDD.$3841.25;VDD.$3843.25;;0.18
[2026-08-13 17:07:54,230] [SUBPROCESS]    R7993;VDD.$3842.18;VDD.$3843.25;;9.3
[2026-08-13 17:07:54,230] [SUBPROCESS]    R7994;VDD.$3842.18;VDD.$3844.18;;18.432
[2026-08-13 17:07:54,231] [SUBPROCESS]    R7995;VDD.$3843.25;VDD.$3845.25;;0.18
[2026-08-13 17:07:54,231] [SUBPROCESS]    R7996;VDD.$3844.18;VDD.$3845.25;;9.3
[2026-08-13 17:07:54,232] [SUBPROCESS]    R7997;VDD.$3844.18;VDD.$3846.18;;18.432
[2026-08-13 17:07:54,232] [SUBPROCESS]    R7998;VDD.$3845.25;VDD.$3847.25;;0.18
[2026-08-13 17:07:54,232] [SUBPROCESS]    R7999;VDD.$3846.18;VDD.$3847.25;;9.3
[2026-08-13 17:07:54,233] [SUBPROCESS]    R8000;VDD.$3848.18;VDD.$3849.25;;9.3
[2026-08-13 17:07:54,233] [SUBPROCESS]    R8001;VDD.$3849.25;VDD.$3857.25;;0.072
[2026-08-13 17:07:54,234] [SUBPROCESS]    R8002;VDD.$3849.25;VDD.$3983.25;;0.072
[2026-08-13 17:07:54,234] [SUBPROCESS]    R8003;VDD.$3850.18;VDD.$3851.25;;9.3
[2026-08-13 17:07:54,235] [SUBPROCESS]    R8004;VDD.$3851.25;VDD.$3859.25;;0.072
[2026-08-13 17:07:54,235] [SUBPROCESS]    R8005;VDD.$3851.25;VDD.$3985.25;;0.072
[2026-08-13 17:07:54,236] [SUBPROCESS]    R8006;VDD.$3852.18;VDD.$3853.25;;9.3
[2026-08-13 17:07:54,237] [SUBPROCESS]    R8007;VDD.$3853.25;VDD.$3855.25;;0.025
[2026-08-13 17:07:54,237] [SUBPROCESS]    R8008;VDD.$3853.25;VDD.$3989.25;;0.02
[2026-08-13 17:07:54,238] [SUBPROCESS]    R8009;VDD.$3854.18;VDD.$3855.25;;9.3
[2026-08-13 17:07:54,238] [SUBPROCESS]    R8010;VDD.$3854.18;VDD.$3862.18;;18.432
[2026-08-13 17:07:54,239] [SUBPROCESS]    R8011;VDD.$3854.18;VDD.$3988.18;;18.432
[2026-08-13 17:07:54,239] [SUBPROCESS]    R8012;VDD.$3855.25;VDD.$3861.25;;0.02
[2026-08-13 17:07:54,240] [SUBPROCESS]    R8013;VDD.$3856.18;VDD.$3857.25;;9.3
[2026-08-13 17:07:54,240] [SUBPROCESS]    R8014;VDD.$3857.25;VDD.$3865.25;;0.072
[2026-08-13 17:07:54,240] [SUBPROCESS]    R8015;VDD.$3858.18;VDD.$3859.25;;9.3
[2026-08-13 17:07:54,241] [SUBPROCESS]    R8016;VDD.$3859.25;VDD.$3867.25;;0.072
[2026-08-13 17:07:54,241] [SUBPROCESS]    R8017;VDD.$386.15;VDD.$387.18;;585.0
[2026-08-13 17:07:54,242] [SUBPROCESS]    R8018;VDD.$386.15;VDD.$414.15;;0.0
[2026-08-13 17:07:54,242] [SUBPROCESS]    R8019;VDD.$3860.18;VDD.$3861.25;;9.3
[2026-08-13 17:07:54,243] [SUBPROCESS]    R8020;VDD.$3861.25;VDD.$3863.25;;0.025
[2026-08-13 17:07:54,243] [SUBPROCESS]    R8021;VDD.$3862.18;VDD.$3863.25;;9.3
[2026-08-13 17:07:54,244] [SUBPROCESS]    R8022;VDD.$3862.18;VDD.$3870.18;;18.432
[2026-08-13 17:07:54,244] [SUBPROCESS]    R8023;VDD.$3863.25;VDD.$3869.25;;0.02
[2026-08-13 17:07:54,244] [SUBPROCESS]    R8024;VDD.$3864.18;VDD.$3865.25;;9.3
[2026-08-13 17:07:54,245] [SUBPROCESS]    R8025;VDD.$3864.18;VDD.$387.18;;0.0
[2026-08-13 17:07:54,245] [SUBPROCESS]    R8026;VDD.$3866.18;VDD.$3867.25;;9.3
[2026-08-13 17:07:54,246] [SUBPROCESS]    R8027;VDD.$3866.18;VDD.$407.18;;0.0
[2026-08-13 17:07:54,247] [SUBPROCESS]    R8028;VDD.$3868.18;VDD.$3869.25;;9.3
[2026-08-13 17:07:54,247] [SUBPROCESS]    R8029;VDD.$3869.25;VDD.$3871.25;;0.025
[2026-08-13 17:07:54,247] [SUBPROCESS]    R8030;VDD.$3870.18;VDD.$3871.25;;9.3
[2026-08-13 17:07:54,248] [SUBPROCESS]    R8031;VDD.$3872.18;VDD.$3873.25;;9.3
[2026-08-13 17:07:54,248] [SUBPROCESS]    R8032;VDD.$3873.25;VDD.$3889.25;;0.276
[2026-08-13 17:07:54,249] [SUBPROCESS]    R8033;VDD.$3873.25;VDD.$4421.25;;0.072
[2026-08-13 17:07:54,249] [SUBPROCESS]    R8034;VDD.$3874.18;VDD.$3875.25;;9.3
[2026-08-13 17:07:54,250] [SUBPROCESS]    R8035;VDD.$3875.25;VDD.$3877.25;;0.0
[2026-08-13 17:07:54,250] [SUBPROCESS]    R8036;VDD.$3875.25;VDD.$3891.25;;0.267
[2026-08-13 17:07:54,251] [SUBPROCESS]    R8037;VDD.$3876.18;VDD.$3877.25;;9.3
[2026-08-13 17:07:54,251] [SUBPROCESS]    R8038;VDD.$3877.25;VDD.$4347.25;;0.036
[2026-08-13 17:07:54,251] [SUBPROCESS]    R8039;VDD.$3878.18;VDD.$3879.25;;9.3
[2026-08-13 17:07:54,252] [SUBPROCESS]    R8040;VDD.$3879.25;VDD.$3881.25;;0.01
[2026-08-13 17:07:54,252] [SUBPROCESS]    R8041;VDD.$3879.25;VDD.$4353.25;;0.035
[2026-08-13 17:07:54,253] [SUBPROCESS]    R8042;VDD.$388.15;VDD.$389.18;;585.0
[2026-08-13 17:07:54,254] [SUBPROCESS]    R8043;VDD.$388.15;VDD.$398.15;;0.0
[2026-08-13 17:07:54,255] [SUBPROCESS]    R8044;VDD.$3880.18;VDD.$3881.25;;9.3
[2026-08-13 17:07:54,255] [SUBPROCESS]    R8045;VDD.$3880.18;VDD.$3882.18;;18.432
[2026-08-13 17:07:54,256] [SUBPROCESS]    R8046;VDD.$3880.18;VDD.$4352.18;;18.432
[2026-08-13 17:07:54,257] [SUBPROCESS]    R8047;VDD.$3881.25;VDD.$3883.25;;0.045
[2026-08-13 17:07:54,257] [SUBPROCESS]    R8048;VDD.$3882.18;VDD.$3883.25;;9.3
[2026-08-13 17:07:54,257] [SUBPROCESS]    R8049;VDD.$3882.18;VDD.$3884.18;;18.432
[2026-08-13 17:07:54,258] [SUBPROCESS]    R8050;VDD.$3883.25;VDD.$3885.25;;0.045
[2026-08-13 17:07:54,258] [SUBPROCESS]    R8051;VDD.$3884.18;VDD.$3885.25;;9.3
[2026-08-13 17:07:54,259] [SUBPROCESS]    R8052;VDD.$3884.18;VDD.$3886.18;;18.432
[2026-08-13 17:07:54,259] [SUBPROCESS]    R8053;VDD.$3885.25;VDD.$3887.25;;0.045
[2026-08-13 17:07:54,260] [SUBPROCESS]    R8054;VDD.$3886.18;VDD.$3887.25;;9.3
[2026-08-13 17:07:54,260] [SUBPROCESS]    R8055;VDD.$3886.18;VDD.$3894.18;;18.432
[2026-08-13 17:07:54,261] [SUBPROCESS]    R8056;VDD.$3887.25;VDD.$3893.25;;0.027
[2026-08-13 17:07:54,261] [SUBPROCESS]    R8057;VDD.$3888.18;VDD.$3889.25;;9.3
[2026-08-13 17:07:54,261] [SUBPROCESS]    R8058;VDD.$3889.25;VDD.$3897.25;;0.072
[2026-08-13 17:07:54,262] [SUBPROCESS]    R8059;VDD.$3890.18;VDD.$3891.25;;9.3
[2026-08-13 17:07:54,262] [SUBPROCESS]    R8060;VDD.$3891.25;VDD.$3899.25;;0.072
[2026-08-13 17:07:54,263] [SUBPROCESS]    R8061;VDD.$3892.18;VDD.$3893.25;;9.3
[2026-08-13 17:07:54,263] [SUBPROCESS]    R8062;VDD.$3893.25;VDD.$3895.25;;0.018
[2026-08-13 17:07:54,263] [SUBPROCESS]    R8063;VDD.$3894.18;VDD.$3895.25;;9.3
[2026-08-13 17:07:54,264] [SUBPROCESS]    R8064;VDD.$3894.18;VDD.$3902.18;;18.432
[2026-08-13 17:07:54,264] [SUBPROCESS]    R8065;VDD.$3895.25;VDD.$3901.25;;0.027
[2026-08-13 17:07:54,265] [SUBPROCESS]    R8066;VDD.$3896.18;VDD.$3897.25;;9.3
[2026-08-13 17:07:54,265] [SUBPROCESS]    R8067;VDD.$3897.25;VDD.$3905.25;;0.072
[2026-08-13 17:07:54,266] [SUBPROCESS]    R8068;VDD.$3898.18;VDD.$3899.25;;9.3
[2026-08-13 17:07:54,266] [SUBPROCESS]    R8069;VDD.$3899.25;VDD.$3907.25;;0.072
[2026-08-13 17:07:54,266] [SUBPROCESS]    R8070;VDD.$390.15;VDD.$391.18;;585.0
[2026-08-13 17:07:54,267] [SUBPROCESS]    R8071;VDD.$390.15;VDD.$400.15;;0.0
[2026-08-13 17:07:54,267] [SUBPROCESS]    R8072;VDD.$3900.18;VDD.$3901.25;;9.3
[2026-08-13 17:07:54,268] [SUBPROCESS]    R8073;VDD.$3901.25;VDD.$3903.25;;0.018
[2026-08-13 17:07:54,268] [SUBPROCESS]    R8074;VDD.$3902.18;VDD.$3903.25;;9.3
[2026-08-13 17:07:54,268] [SUBPROCESS]    R8075;VDD.$3902.18;VDD.$3910.18;;18.432
[2026-08-13 17:07:54,269] [SUBPROCESS]    R8076;VDD.$3903.25;VDD.$3909.25;;0.027
[2026-08-13 17:07:54,269] [SUBPROCESS]    R8077;VDD.$3904.18;VDD.$3905.25;;9.3
[2026-08-13 17:07:54,270] [SUBPROCESS]    R8078;VDD.$3905.25;VDD.$3913.25;;0.072
[2026-08-13 17:07:54,271] [SUBPROCESS]    R8079;VDD.$3906.18;VDD.$3907.25;;9.3
[2026-08-13 17:07:54,271] [SUBPROCESS]    R8080;VDD.$3907.25;VDD.$3915.25;;0.072
[2026-08-13 17:07:54,272] [SUBPROCESS]    R8081;VDD.$3908.18;VDD.$3909.25;;9.3
[2026-08-13 17:07:54,272] [SUBPROCESS]    R8082;VDD.$3909.25;VDD.$3911.25;;0.018
[2026-08-13 17:07:54,273] [SUBPROCESS]    R8083;VDD.$3910.18;VDD.$3911.25;;9.3
[2026-08-13 17:07:54,273] [SUBPROCESS]    R8084;VDD.$3910.18;VDD.$3918.18;;18.432
[2026-08-13 17:07:54,274] [SUBPROCESS]    R8085;VDD.$3911.25;VDD.$3917.25;;0.027
[2026-08-13 17:07:54,274] [SUBPROCESS]    R8086;VDD.$3912.18;VDD.$3913.25;;9.3
[2026-08-13 17:07:54,274] [SUBPROCESS]    R8087;VDD.$3913.25;VDD.$3921.25;;0.072
[2026-08-13 17:07:54,275] [SUBPROCESS]    R8088;VDD.$3914.18;VDD.$3915.25;;9.3
[2026-08-13 17:07:54,275] [SUBPROCESS]    R8089;VDD.$3915.25;VDD.$3923.25;;0.072
[2026-08-13 17:07:54,276] [SUBPROCESS]    R8090;VDD.$3916.18;VDD.$3917.25;;9.3
[2026-08-13 17:07:54,276] [SUBPROCESS]    R8091;VDD.$3917.25;VDD.$3919.25;;0.018
[2026-08-13 17:07:54,277] [SUBPROCESS]    R8092;VDD.$3918.18;VDD.$3919.25;;9.3
[2026-08-13 17:07:54,277] [SUBPROCESS]    R8093;VDD.$3918.18;VDD.$3926.18;;18.432
[2026-08-13 17:07:54,277] [SUBPROCESS]    R8094;VDD.$3919.25;VDD.$3925.25;;0.027
[2026-08-13 17:07:54,278] [SUBPROCESS]    R8095;VDD.$392.15;VDD.$393.18;;585.0
[2026-08-13 17:07:54,278] [SUBPROCESS]    R8096;VDD.$392.15;VDD.$402.15;;0.0
[2026-08-13 17:07:54,279] [SUBPROCESS]    R8097;VDD.$3920.18;VDD.$3921.25;;9.3
[2026-08-13 17:07:54,279] [SUBPROCESS]    R8098;VDD.$3921.25;VDD.$3929.25;;0.072
[2026-08-13 17:07:54,280] [SUBPROCESS]    R8099;VDD.$3922.18;VDD.$3923.25;;9.3
[2026-08-13 17:07:54,280] [SUBPROCESS]    R8100;VDD.$3923.25;VDD.$3931.25;;0.072
[2026-08-13 17:07:54,281] [SUBPROCESS]    R8101;VDD.$3924.18;VDD.$3925.25;;9.3
[2026-08-13 17:07:54,281] [SUBPROCESS]    R8102;VDD.$3925.25;VDD.$3927.25;;0.018
[2026-08-13 17:07:54,281] [SUBPROCESS]    R8103;VDD.$3926.18;VDD.$3927.25;;9.3
[2026-08-13 17:07:54,282] [SUBPROCESS]    R8104;VDD.$3926.18;VDD.$3934.18;;18.432
[2026-08-13 17:07:54,283] [SUBPROCESS]    R8105;VDD.$3927.25;VDD.$3933.25;;0.027
[2026-08-13 17:07:54,283] [SUBPROCESS]    R8106;VDD.$3928.18;VDD.$3929.25;;9.3
[2026-08-13 17:07:54,283] [SUBPROCESS]    R8107;VDD.$3929.25;VDD.$3937.25;;0.072
[2026-08-13 17:07:54,284] [SUBPROCESS]    R8108;VDD.$3930.18;VDD.$3931.25;;9.3
[2026-08-13 17:07:54,284] [SUBPROCESS]    R8109;VDD.$3931.25;VDD.$3939.25;;0.072
[2026-08-13 17:07:54,285] [SUBPROCESS]    R8110;VDD.$3932.18;VDD.$3933.25;;9.3
[2026-08-13 17:07:54,285] [SUBPROCESS]    R8111;VDD.$3933.25;VDD.$3935.25;;0.018
[2026-08-13 17:07:54,286] [SUBPROCESS]    R8112;VDD.$3934.18;VDD.$3935.25;;9.3
[2026-08-13 17:07:54,286] [SUBPROCESS]    R8113;VDD.$3934.18;VDD.$3942.18;;18.432
[2026-08-13 17:07:54,287] [SUBPROCESS]    R8114;VDD.$3935.25;VDD.$3941.25;;0.027
[2026-08-13 17:07:54,287] [SUBPROCESS]    R8115;VDD.$3936.18;VDD.$3937.25;;9.3
[2026-08-13 17:07:54,288] [SUBPROCESS]    R8116;VDD.$3937.25;VDD.$3945.25;;0.072
[2026-08-13 17:07:54,289] [SUBPROCESS]    R8117;VDD.$3938.18;VDD.$3939.25;;9.3
[2026-08-13 17:07:54,289] [SUBPROCESS]    R8118;VDD.$3939.25;VDD.$3947.25;;0.072
[2026-08-13 17:07:54,289] [SUBPROCESS]    R8119;VDD.$394.15;VDD.$395.18;;585.0
[2026-08-13 17:07:54,290] [SUBPROCESS]    R8120;VDD.$394.15;VDD.$414.15;;0.0
[2026-08-13 17:07:54,290] [SUBPROCESS]    R8121;VDD.$394.15;VDD.$416.15;;0.0
[2026-08-13 17:07:54,291] [SUBPROCESS]    R8122;VDD.$3940.18;VDD.$3941.25;;9.3
[2026-08-13 17:07:54,291] [SUBPROCESS]    R8123;VDD.$3941.25;VDD.$3943.25;;0.018
[2026-08-13 17:07:54,292] [SUBPROCESS]    R8124;VDD.$3942.18;VDD.$3943.25;;9.3
[2026-08-13 17:07:54,292] [SUBPROCESS]    R8125;VDD.$3942.18;VDD.$3950.18;;18.432
[2026-08-13 17:07:54,292] [SUBPROCESS]    R8126;VDD.$3943.25;VDD.$3949.25;;0.027
[2026-08-13 17:07:54,293] [SUBPROCESS]    R8127;VDD.$3944.18;VDD.$3945.25;;9.3
[2026-08-13 17:07:54,293] [SUBPROCESS]    R8128;VDD.$3945.25;VDD.$3953.25;;0.072
[2026-08-13 17:07:54,294] [SUBPROCESS]    R8129;VDD.$3946.18;VDD.$3947.25;;9.3
[2026-08-13 17:07:54,294] [SUBPROCESS]    R8130;VDD.$3947.25;VDD.$3955.25;;0.072
[2026-08-13 17:07:54,295] [SUBPROCESS]    R8131;VDD.$3948.18;VDD.$3949.25;;9.3
[2026-08-13 17:07:54,295] [SUBPROCESS]    R8132;VDD.$3949.25;VDD.$3951.25;;0.018
[2026-08-13 17:07:54,295] [SUBPROCESS]    R8133;VDD.$3950.18;VDD.$3951.25;;9.3
[2026-08-13 17:07:54,296] [SUBPROCESS]    R8134;VDD.$3950.18;VDD.$3958.18;;18.432
[2026-08-13 17:07:54,296] [SUBPROCESS]    R8135;VDD.$3951.25;VDD.$3957.25;;0.027
[2026-08-13 17:07:54,297] [SUBPROCESS]    R8136;VDD.$3952.18;VDD.$3953.25;;9.3
[2026-08-13 17:07:54,297] [SUBPROCESS]    R8137;VDD.$3953.25;VDD.$3967.25;;0.276
[2026-08-13 17:07:54,298] [SUBPROCESS]    R8138;VDD.$3954.18;VDD.$3955.25;;9.3
[2026-08-13 17:07:54,298] [SUBPROCESS]    R8139;VDD.$3955.25;VDD.$3969.25;;0.276
[2026-08-13 17:07:54,298] [SUBPROCESS]    R8140;VDD.$3956.18;VDD.$3957.25;;9.3
[2026-08-13 17:07:54,299] [SUBPROCESS]    R8141;VDD.$3957.25;VDD.$3959.25;;0.018
[2026-08-13 17:07:54,299] [SUBPROCESS]    R8142;VDD.$3958.18;VDD.$3959.25;;9.3
[2026-08-13 17:07:54,300] [SUBPROCESS]    R8143;VDD.$3958.18;VDD.$3960.18;;18.432
[2026-08-13 17:07:54,300] [SUBPROCESS]    R8144;VDD.$3959.25;VDD.$3961.25;;0.045
[2026-08-13 17:07:54,300] [SUBPROCESS]    R8145;VDD.$396.15;VDD.$397.18;;585.0
[2026-08-13 17:07:54,301] [SUBPROCESS]    R8146;VDD.$3960.18;VDD.$3961.25;;9.3
[2026-08-13 17:07:54,301] [SUBPROCESS]    R8147;VDD.$3960.18;VDD.$3962.18;;18.432
[2026-08-13 17:07:54,302] [SUBPROCESS]    R8148;VDD.$3961.25;VDD.$3963.25;;0.045
[2026-08-13 17:07:54,303] [SUBPROCESS]    R8149;VDD.$3962.18;VDD.$3963.25;;9.3
[2026-08-13 17:07:54,304] [SUBPROCESS]    R8150;VDD.$3962.18;VDD.$3964.18;;18.432
[2026-08-13 17:07:54,304] [SUBPROCESS]    R8151;VDD.$3963.25;VDD.$3965.25;;0.045
[2026-08-13 17:07:54,304] [SUBPROCESS]    R8152;VDD.$3964.18;VDD.$3965.25;;9.3
[2026-08-13 17:07:54,305] [SUBPROCESS]    R8153;VDD.$3964.18;VDD.$3972.18;;18.432
[2026-08-13 17:07:54,306] [SUBPROCESS]    R8154;VDD.$3965.25;VDD.$3971.25;;0.02
[2026-08-13 17:07:54,306] [SUBPROCESS]    R8155;VDD.$3966.18;VDD.$3967.25;;9.3
[2026-08-13 17:07:54,307] [SUBPROCESS]    R8156;VDD.$3967.25;VDD.$3975.25;;0.072
[2026-08-13 17:07:54,307] [SUBPROCESS]    R8157;VDD.$3968.18;VDD.$3969.25;;9.3
[2026-08-13 17:07:54,307] [SUBPROCESS]    R8158;VDD.$3969.25;VDD.$3977.25;;0.072
[2026-08-13 17:07:54,308] [SUBPROCESS]    R8159;VDD.$3970.18;VDD.$3971.25;;9.3
[2026-08-13 17:07:54,308] [SUBPROCESS]    R8160;VDD.$3971.25;VDD.$3973.25;;0.025
[2026-08-13 17:07:54,309] [SUBPROCESS]    R8161;VDD.$3972.18;VDD.$3973.25;;9.3
[2026-08-13 17:07:54,309] [SUBPROCESS]    R8162;VDD.$3972.18;VDD.$3980.18;;18.432
[2026-08-13 17:07:54,309] [SUBPROCESS]    R8163;VDD.$3973.25;VDD.$3979.25;;0.02
[2026-08-13 17:07:54,310] [SUBPROCESS]    R8164;VDD.$3974.18;VDD.$3975.25;;9.3
[2026-08-13 17:07:54,310] [SUBPROCESS]    R8165;VDD.$3975.25;VDD.$3983.25;;0.072
[2026-08-13 17:07:54,311] [SUBPROCESS]    R8166;VDD.$3976.18;VDD.$3977.25;;9.3
[2026-08-13 17:07:54,311] [SUBPROCESS]    R8167;VDD.$3977.25;VDD.$3985.25;;0.072
[2026-08-13 17:07:54,311] [SUBPROCESS]    R8168;VDD.$3978.18;VDD.$3979.25;;9.3
[2026-08-13 17:07:54,312] [SUBPROCESS]    R8169;VDD.$3979.25;VDD.$3981.25;;0.025
[2026-08-13 17:07:54,312] [SUBPROCESS]    R8170;VDD.$398.15;VDD.$399.18;;585.0
[2026-08-13 17:07:54,313] [SUBPROCESS]    R8171;VDD.$398.15;VDD.$408.15;;0.0
[2026-08-13 17:07:54,313] [SUBPROCESS]    R8172;VDD.$3980.18;VDD.$3981.25;;9.3
[2026-08-13 17:07:54,314] [SUBPROCESS]    R8173;VDD.$3980.18;VDD.$3988.18;;18.432
[2026-08-13 17:07:54,314] [SUBPROCESS]    R8174;VDD.$3981.25;VDD.$3987.25;;0.02
[2026-08-13 17:07:54,314] [SUBPROCESS]    R8175;VDD.$3982.18;VDD.$3983.25;;9.3
[2026-08-13 17:07:54,315] [SUBPROCESS]    R8176;VDD.$3984.18;VDD.$3985.25;;9.3
[2026-08-13 17:07:54,315] [SUBPROCESS]    R8177;VDD.$3986.18;VDD.$3987.25;;9.3
[2026-08-13 17:07:54,316] [SUBPROCESS]    R8178;VDD.$3987.25;VDD.$3989.25;;0.025
[2026-08-13 17:07:54,316] [SUBPROCESS]    R8179;VDD.$3988.18;VDD.$3989.25;;9.3
[2026-08-13 17:07:54,316] [SUBPROCESS]    R8180;VDD.$3990.18;VDD.$3991.25;;9.3
[2026-08-13 17:07:54,317] [SUBPROCESS]    R8181;VDD.$3991.25;VDD.$4017.25;;0.072
[2026-08-13 17:07:54,317] [SUBPROCESS]    R8182;VDD.$3991.25;VDD.$4043.25;;0.072
[2026-08-13 17:07:54,318] [SUBPROCESS]    R8183;VDD.$3992.18;VDD.$3993.25;;9.3
[2026-08-13 17:07:54,318] [SUBPROCESS]    R8184;VDD.$3992.18;VDD.$881.18;;0.0
[2026-08-13 17:07:54,318] [SUBPROCESS]    R8185;VDD.$3992.18;VDD.$885.18;;27.106
[2026-08-13 17:07:54,319] [SUBPROCESS]    R8186;VDD.$3993.25;VDD.$3995.25;;0.072
[2026-08-13 17:07:54,320] [SUBPROCESS]    R8187;VDD.$3993.25;VDD.$4073.25;;0.072
[2026-08-13 17:07:54,321] [SUBPROCESS]    R8188;VDD.$3994.18;VDD.$3995.25;;9.3
[2026-08-13 17:07:54,321] [SUBPROCESS]    R8189;VDD.$3994.18;VDD.$881.18;;27.106
[2026-08-13 17:07:54,322] [SUBPROCESS]    R8190;VDD.$3995.25;VDD.$4003.25;;0.072
[2026-08-13 17:07:54,322] [SUBPROCESS]    R8191;VDD.$3996.18;VDD.$3997.25;;9.3
[2026-08-13 17:07:54,323] [SUBPROCESS]    R8192;VDD.$3996.18;VDD.$911.18;;27.106
[2026-08-13 17:07:54,323] [SUBPROCESS]    R8193;VDD.$3996.18;VDD.$915.18;;0.0
[2026-08-13 17:07:54,324] [SUBPROCESS]    R8194;VDD.$3997.25;VDD.$4011.25;;0.072
[2026-08-13 17:07:54,324] [SUBPROCESS]    R8195;VDD.$3997.25;VDD.$4079.25;;0.072
[2026-08-13 17:07:54,324] [SUBPROCESS]    R8196;VDD.$3998.18;VDD.$3999.25;;9.3
[2026-08-13 17:07:54,325] [SUBPROCESS]    R8197;VDD.$3999.25;VDD.$4013.25;;0.072
[2026-08-13 17:07:54,325] [SUBPROCESS]    R8198;VDD.$3999.25;VDD.$4081.25;;0.072
[2026-08-13 17:07:54,326] [SUBPROCESS]    R8199;VDD.$4.15;VDD.$5.18;;585.0
[2026-08-13 17:07:54,326] [SUBPROCESS]    R8200;VDD.$4.15;VDD.$748.15;;0.0
[2026-08-13 17:07:54,327] [SUBPROCESS]    R8201;VDD.$4.15;VDD.P93.15;;0.0
[2026-08-13 17:07:54,327] [SUBPROCESS]    R8202;VDD.$40.15;VDD.$41.18;;585.0
[2026-08-13 17:07:54,328] [SUBPROCESS]    R8203;VDD.$40.15;VDD.$48.15;;0.0
[2026-08-13 17:07:54,328] [SUBPROCESS]    R8204;VDD.$400.15;VDD.$401.18;;585.0
[2026-08-13 17:07:54,329] [SUBPROCESS]    R8205;VDD.$400.15;VDD.$410.15;;0.0
[2026-08-13 17:07:54,329] [SUBPROCESS]    R8206;VDD.$4000.18;VDD.$4001.25;;9.3
[2026-08-13 17:07:54,329] [SUBPROCESS]    R8207;VDD.$4001.25;VDD.$4015.25;;0.072
[2026-08-13 17:07:54,330] [SUBPROCESS]    R8208;VDD.$4001.25;VDD.$4083.25;;0.072
[2026-08-13 17:07:54,330] [SUBPROCESS]    R8209;VDD.$4002.18;VDD.$4003.25;;9.3
[2026-08-13 17:07:54,331] [SUBPROCESS]    R8210;VDD.$4002.18;VDD.$865.18;;0.0
[2026-08-13 17:07:54,331] [SUBPROCESS]    R8211;VDD.$4004.18;VDD.$4005.25;;9.3
[2026-08-13 17:07:54,332] [SUBPROCESS]    R8212;VDD.$4005.25;VDD.$4021.25;;0.072
[2026-08-13 17:07:54,332] [SUBPROCESS]    R8213;VDD.$4006.18;VDD.$4007.25;;9.3
[2026-08-13 17:07:54,332] [SUBPROCESS]    R8214;VDD.$4006.18;VDD.$895.18;;27.106
[2026-08-13 17:07:54,333] [SUBPROCESS]    R8215;VDD.$4006.18;VDD.$899.18;;0.0
[2026-08-13 17:07:54,333] [SUBPROCESS]    R8216;VDD.$4007.25;VDD.$4033.25;;0.072
[2026-08-13 17:07:54,334] [SUBPROCESS]    R8217;VDD.$4007.25;VDD.$4071.25;;0.072
[2026-08-13 17:07:54,334] [SUBPROCESS]    R8218;VDD.$4008.18;VDD.$4009.25;;9.3
[2026-08-13 17:07:54,335] [SUBPROCESS]    R8219;VDD.$4009.25;VDD.$4035.25;;0.072
[2026-08-13 17:07:54,336] [SUBPROCESS]    R8220;VDD.$4009.25;VDD.$4085.25;;0.072
[2026-08-13 17:07:54,337] [SUBPROCESS]    R8221;VDD.$4010.18;VDD.$4011.25;;9.3
[2026-08-13 17:07:54,337] [SUBPROCESS]    R8222;VDD.$4010.18;VDD.$915.18;;27.106
[2026-08-13 17:07:54,338] [SUBPROCESS]    R8223;VDD.$4010.18;VDD.$919.18;;0.0
[2026-08-13 17:07:54,338] [SUBPROCESS]    R8224;VDD.$4011.25;VDD.$4025.25;;0.072
[2026-08-13 17:07:54,339] [SUBPROCESS]    R8225;VDD.$4012.18;VDD.$4013.25;;9.3
[2026-08-13 17:07:54,339] [SUBPROCESS]    R8226;VDD.$4013.25;VDD.$4027.25;;0.072
[2026-08-13 17:07:54,340] [SUBPROCESS]    R8227;VDD.$4014.18;VDD.$4015.25;;9.3
[2026-08-13 17:07:54,340] [SUBPROCESS]    R8228;VDD.$4015.25;VDD.$4029.25;;0.072
[2026-08-13 17:07:54,341] [SUBPROCESS]    R8229;VDD.$4016.18;VDD.$4017.25;;9.3
[2026-08-13 17:07:54,341] [SUBPROCESS]    R8230;VDD.$4017.25;VDD.$4037.25;;0.072
[2026-08-13 17:07:54,342] [SUBPROCESS]    R8231;VDD.$4018.18;VDD.$4019.25;;9.3
[2026-08-13 17:07:54,342] [SUBPROCESS]    R8232;VDD.$4019.25;VDD.$4023.25;;0.072
[2026-08-13 17:07:54,342] [SUBPROCESS]    R8233;VDD.$402.15;VDD.$403.18;;585.0
[2026-08-13 17:07:54,343] [SUBPROCESS]    R8234;VDD.$402.15;VDD.$412.15;;0.0
[2026-08-13 17:07:54,343] [SUBPROCESS]    R8235;VDD.$4020.18;VDD.$4021.25;;9.3
[2026-08-13 17:07:54,344] [SUBPROCESS]    R8236;VDD.$4021.25;VDD.$4031.25;;0.072
[2026-08-13 17:07:54,344] [SUBPROCESS]    R8237;VDD.$4022.18;VDD.$4023.25;;9.3
[2026-08-13 17:07:54,344] [SUBPROCESS]    R8238;VDD.$4023.25;VDD.$4051.25;;0.072
[2026-08-13 17:07:54,345] [SUBPROCESS]    R8239;VDD.$4024.18;VDD.$4025.25;;9.3
[2026-08-13 17:07:54,345] [SUBPROCESS]    R8240;VDD.$4024.18;VDD.$919.18;;27.106
[2026-08-13 17:07:54,346] [SUBPROCESS]    R8241;VDD.$4024.18;VDD.$923.18;;0.0
[2026-08-13 17:07:54,346] [SUBPROCESS]    R8242;VDD.$4025.25;VDD.$4045.25;;0.276
[2026-08-13 17:07:54,346] [SUBPROCESS]    R8243;VDD.$4026.18;VDD.$4027.25;;9.3
[2026-08-13 17:07:54,347] [SUBPROCESS]    R8244;VDD.$4027.25;VDD.$4047.25;;0.276
[2026-08-13 17:07:54,347] [SUBPROCESS]    R8245;VDD.$4028.18;VDD.$4029.25;;9.3
[2026-08-13 17:07:54,348] [SUBPROCESS]    R8246;VDD.$4029.25;VDD.$4049.25;;0.276
[2026-08-13 17:07:54,348] [SUBPROCESS]    R8247;VDD.$4030.18;VDD.$4031.25;;9.3
[2026-08-13 17:07:54,349] [SUBPROCESS]    R8248;VDD.$4031.25;VDD.$4075.25;;0.072
[2026-08-13 17:07:54,349] [SUBPROCESS]    R8249;VDD.$4032.18;VDD.$4033.25;;9.3
[2026-08-13 17:07:54,349] [SUBPROCESS]    R8250;VDD.$4032.18;VDD.$899.18;;27.106
[2026-08-13 17:07:54,350] [SUBPROCESS]    R8251;VDD.$4032.18;VDD.$903.18;;0.0
[2026-08-13 17:07:54,350] [SUBPROCESS]    R8252;VDD.$4033.25;VDD.$4053.25;;0.072
[2026-08-13 17:07:54,351] [SUBPROCESS]    R8253;VDD.$4034.18;VDD.$4035.25;;9.3
[2026-08-13 17:07:54,351] [SUBPROCESS]    R8254;VDD.$4035.25;VDD.$4055.25;;0.072
[2026-08-13 17:07:54,351] [SUBPROCESS]    R8255;VDD.$4036.18;VDD.$4037.25;;9.3
[2026-08-13 17:07:54,352] [SUBPROCESS]    R8256;VDD.$4037.25;VDD.$4057.25;;0.072
[2026-08-13 17:07:54,352] [SUBPROCESS]    R8257;VDD.$4038.18;VDD.$4039.25;;9.3
[2026-08-13 17:07:54,353] [SUBPROCESS]    R8258;VDD.$4038.18;VDD.$891.18;;0.0
[2026-08-13 17:07:54,353] [SUBPROCESS]    R8259;VDD.$4039.25;VDD.$4065.25;;0.276
[2026-08-13 17:07:54,354] [SUBPROCESS]    R8260;VDD.$4039.25;VDD.$4071.25;;0.072
[2026-08-13 17:07:54,354] [SUBPROCESS]    R8261;VDD.$404.15;VDD.$405.18;;585.0
[2026-08-13 17:07:54,355] [SUBPROCESS]    R8262;VDD.$4040.18;VDD.$4041.25;;9.3
[2026-08-13 17:07:54,356] [SUBPROCESS]    R8263;VDD.$4041.25;VDD.$4067.25;;0.276
[2026-08-13 17:07:54,356] [SUBPROCESS]    R8264;VDD.$4041.25;VDD.$4085.25;;0.072
[2026-08-13 17:07:54,356] [SUBPROCESS]    R8265;VDD.$4042.18;VDD.$4043.25;;9.3
[2026-08-13 17:07:54,357] [SUBPROCESS]    R8266;VDD.$4043.25;VDD.$4069.25;;0.276
[2026-08-13 17:07:54,357] [SUBPROCESS]    R8267;VDD.$4044.18;VDD.$4045.25;;9.3
[2026-08-13 17:07:54,358] [SUBPROCESS]    R8268;VDD.$4044.18;VDD.$927.18;;0.0
[2026-08-13 17:07:54,358] [SUBPROCESS]    R8269;VDD.$4045.25;VDD.$4059.25;;0.072
[2026-08-13 17:07:54,359] [SUBPROCESS]    R8270;VDD.$4046.18;VDD.$4047.25;;9.3
[2026-08-13 17:07:54,359] [SUBPROCESS]    R8271;VDD.$4047.25;VDD.$4061.25;;0.072
[2026-08-13 17:07:54,360] [SUBPROCESS]    R8272;VDD.$4048.18;VDD.$4049.25;;9.3
[2026-08-13 17:07:54,360] [SUBPROCESS]    R8273;VDD.$4049.25;VDD.$4063.25;;0.072
[2026-08-13 17:07:54,360] [SUBPROCESS]    R8274;VDD.$4050.18;VDD.$4051.25;;9.3
[2026-08-13 17:07:54,361] [SUBPROCESS]    R8275;VDD.$4051.25;VDD.$4077.25;;0.072
[2026-08-13 17:07:54,361] [SUBPROCESS]    R8276;VDD.$4052.18;VDD.$4053.25;;9.3
[2026-08-13 17:07:54,362] [SUBPROCESS]    R8277;VDD.$4052.18;VDD.$903.18;;27.106
[2026-08-13 17:07:54,362] [SUBPROCESS]    R8278;VDD.$4052.18;VDD.$907.18;;0.0
[2026-08-13 17:07:54,363] [SUBPROCESS]    R8279;VDD.$4053.25;VDD.$4079.25;;0.072
[2026-08-13 17:07:54,363] [SUBPROCESS]    R8280;VDD.$4054.18;VDD.$4055.25;;9.3
[2026-08-13 17:07:54,363] [SUBPROCESS]    R8281;VDD.$4055.25;VDD.$4081.25;;0.072
[2026-08-13 17:07:54,364] [SUBPROCESS]    R8282;VDD.$4056.18;VDD.$4057.25;;9.3
[2026-08-13 17:07:54,364] [SUBPROCESS]    R8283;VDD.$4057.25;VDD.$4083.25;;0.072
[2026-08-13 17:07:54,365] [SUBPROCESS]    R8284;VDD.$4058.18;VDD.$4059.25;;9.3
[2026-08-13 17:07:54,365] [SUBPROCESS]    R8285;VDD.$4058.18;VDD.$927.18;;27.106
[2026-08-13 17:07:54,365] [SUBPROCESS]    R8286;VDD.$4058.18;VDD.$931.18;;0.0
[2026-08-13 17:07:54,366] [SUBPROCESS]    R8287;VDD.$4059.25;VDD.$4073.25;;0.072
[2026-08-13 17:07:54,366] [SUBPROCESS]    R8288;VDD.$406.15;VDD.$407.18;;585.0
[2026-08-13 17:07:54,367] [SUBPROCESS]    R8289;VDD.$4060.18;VDD.$4061.25;;9.3
[2026-08-13 17:07:54,367] [SUBPROCESS]    R8290;VDD.$4061.25;VDD.$4075.25;;0.072
[2026-08-13 17:07:54,368] [SUBPROCESS]    R8291;VDD.$4062.18;VDD.$4063.25;;9.3
[2026-08-13 17:07:54,368] [SUBPROCESS]    R8292;VDD.$4063.25;VDD.$4077.25;;0.072
[2026-08-13 17:07:54,368] [SUBPROCESS]    R8293;VDD.$4064.18;VDD.$4065.25;;9.3
[2026-08-13 17:07:54,369] [SUBPROCESS]    R8294;VDD.$4064.18;VDD.$879.18;;0.0
[2026-08-13 17:07:54,370] [SUBPROCESS]    R8295;VDD.$4065.25;VDD.$4147.25;;0.072
[2026-08-13 17:07:54,370] [SUBPROCESS]    R8296;VDD.$4066.18;VDD.$4067.25;;9.3
[2026-08-13 17:07:54,371] [SUBPROCESS]    R8297;VDD.$4067.25;VDD.$4103.25;;0.072
[2026-08-13 17:07:54,371] [SUBPROCESS]    R8298;VDD.$4068.18;VDD.$4069.25;;9.3
[2026-08-13 17:07:54,372] [SUBPROCESS]    R8299;VDD.$4069.25;VDD.$4125.25;;0.072
[2026-08-13 17:07:54,372] [SUBPROCESS]    R8300;VDD.$4070.18;VDD.$4071.25;;9.3
[2026-08-13 17:07:54,373] [SUBPROCESS]    R8301;VDD.$4070.18;VDD.$891.18;;27.106
[2026-08-13 17:07:54,373] [SUBPROCESS]    R8302;VDD.$4070.18;VDD.$895.18;;0.0
[2026-08-13 17:07:54,374] [SUBPROCESS]    R8303;VDD.$4072.18;VDD.$4073.25;;9.3
[2026-08-13 17:07:54,374] [SUBPROCESS]    R8304;VDD.$4072.18;VDD.$885.18;;0.0
[2026-08-13 17:07:54,375] [SUBPROCESS]    R8305;VDD.$4072.18;VDD.$931.18;;27.106
[2026-08-13 17:07:54,376] [SUBPROCESS]    R8306;VDD.$4074.18;VDD.$4075.25;;9.3
[2026-08-13 17:07:54,376] [SUBPROCESS]    R8307;VDD.$4076.18;VDD.$4077.25;;9.3
[2026-08-13 17:07:54,376] [SUBPROCESS]    R8308;VDD.$4078.18;VDD.$4079.25;;9.3
[2026-08-13 17:07:54,377] [SUBPROCESS]    R8309;VDD.$4078.18;VDD.$907.18;;27.106
[2026-08-13 17:07:54,377] [SUBPROCESS]    R8310;VDD.$4078.18;VDD.$911.18;;0.0
[2026-08-13 17:07:54,378] [SUBPROCESS]    R8311;VDD.$408.15;VDD.$409.18;;585.0
[2026-08-13 17:07:54,378] [SUBPROCESS]    R8312;VDD.$408.15;VDD.P70.15;;0.0
[2026-08-13 17:07:54,379] [SUBPROCESS]    R8313;VDD.$4080.18;VDD.$4081.25;;9.3
[2026-08-13 17:07:54,379] [SUBPROCESS]    R8314;VDD.$4082.18;VDD.$4083.25;;9.3
[2026-08-13 17:07:54,379] [SUBPROCESS]    R8315;VDD.$4084.18;VDD.$4085.25;;9.3
[2026-08-13 17:07:54,380] [SUBPROCESS]    R8316;VDD.$4086.18;VDD.$4087.25;;9.3
[2026-08-13 17:07:54,380] [SUBPROCESS]    R8317;VDD.$4087.25;VDD.$4093.25;;0.072
[2026-08-13 17:07:54,381] [SUBPROCESS]    R8318;VDD.$4087.25;VDD.$4117.25;;0.072
[2026-08-13 17:07:54,381] [SUBPROCESS]    R8319;VDD.$4088.18;VDD.$4089.25;;9.3
[2026-08-13 17:07:54,381] [SUBPROCESS]    R8320;VDD.$4089.25;VDD.$4189.25;;0.0
[2026-08-13 17:07:54,382] [SUBPROCESS]    R8321;VDD.$4089.25;VDD.$4231.25;;0.036
[2026-08-13 17:07:54,382] [SUBPROCESS]    R8322;VDD.$4090.18;VDD.$4091.25;;9.3
[2026-08-13 17:07:54,383] [SUBPROCESS]    R8323;VDD.$4091.25;VDD.$4161.25;;0.0
[2026-08-13 17:07:54,383] [SUBPROCESS]    R8324;VDD.$4091.25;VDD.$4209.25;;0.036
[2026-08-13 17:07:54,384] [SUBPROCESS]    R8325;VDD.$4092.18;VDD.$4093.25;;9.3
[2026-08-13 17:07:54,384] [SUBPROCESS]    R8326;VDD.$4093.25;VDD.$4095.25;;0.072
[2026-08-13 17:07:54,384] [SUBPROCESS]    R8327;VDD.$4094.18;VDD.$4095.25;;9.3
[2026-08-13 17:07:54,385] [SUBPROCESS]    R8328;VDD.$4095.25;VDD.$4101.25;;0.072
[2026-08-13 17:07:54,386] [SUBPROCESS]    R8329;VDD.$4096.18;VDD.$4097.25;;9.3
[2026-08-13 17:07:54,387] [SUBPROCESS]    R8330;VDD.$4097.25;VDD.$4171.25;;0.036
[2026-08-13 17:07:54,387] [SUBPROCESS]    R8331;VDD.$4097.25;VDD.$4209.25;;0.0
[2026-08-13 17:07:54,387] [SUBPROCESS]    R8332;VDD.$4098.18;VDD.$4099.25;;9.3
[2026-08-13 17:07:54,388] [SUBPROCESS]    R8333;VDD.$4099.25;VDD.$4215.25;;0.036
[2026-08-13 17:07:54,389] [SUBPROCESS]    R8334;VDD.$4099.25;VDD.$4231.25;;0.0
[2026-08-13 17:07:54,389] [SUBPROCESS]    R8335;VDD.$410.15;VDD.$411.18;;585.0
[2026-08-13 17:07:54,390] [SUBPROCESS]    R8336;VDD.$410.15;VDD.P12.15;;0.0
[2026-08-13 17:07:54,390] [SUBPROCESS]    R8337;VDD.$4100.18;VDD.$4101.25;;9.3
[2026-08-13 17:07:54,390] [SUBPROCESS]    R8338;VDD.$4101.25;VDD.$4103.25;;0.072
[2026-08-13 17:07:54,391] [SUBPROCESS]    R8339;VDD.$4102.18;VDD.$4103.25;;9.3
[2026-08-13 17:07:54,391] [SUBPROCESS]    R8340;VDD.$4104.18;VDD.$4105.25;;9.3
[2026-08-13 17:07:54,392] [SUBPROCESS]    R8341;VDD.$4105.25;VDD.$4171.25;;0.0
[2026-08-13 17:07:54,392] [SUBPROCESS]    R8342;VDD.$4105.25;VDD.$4203.25;;0.036
[2026-08-13 17:07:54,393] [SUBPROCESS]    R8343;VDD.$4106.18;VDD.$4107.25;;9.3
[2026-08-13 17:07:54,393] [SUBPROCESS]    R8344;VDD.$4107.25;VDD.$4109.25;;0.207
[2026-08-13 17:07:54,393] [SUBPROCESS]    R8345;VDD.$4107.25;VDD.$4187.25;;0.0
[2026-08-13 17:07:54,394] [SUBPROCESS]    R8346;VDD.$4108.18;VDD.$4109.25;;9.3
[2026-08-13 17:07:54,394] [SUBPROCESS]    R8347;VDD.$4109.25;VDD.$4113.25;;0.072
[2026-08-13 17:07:54,395] [SUBPROCESS]    R8348;VDD.$4110.18;VDD.$4111.25;;9.3
[2026-08-13 17:07:54,395] [SUBPROCESS]    R8349;VDD.$4111.25;VDD.$4203.25;;0.0
[2026-08-13 17:07:54,395] [SUBPROCESS]    R8350;VDD.$4111.25;VDD.$4237.25;;0.036
[2026-08-13 17:07:54,396] [SUBPROCESS]    R8351;VDD.$4112.18;VDD.$4113.25;;9.3
[2026-08-13 17:07:54,396] [SUBPROCESS]    R8352;VDD.$4113.25;VDD.$4117.25;;0.072
[2026-08-13 17:07:54,397] [SUBPROCESS]    R8353;VDD.$4114.18;VDD.$4115.25;;9.3
[2026-08-13 17:07:54,397] [SUBPROCESS]    R8354;VDD.$4115.25;VDD.$4161.25;;0.036
[2026-08-13 17:07:54,397] [SUBPROCESS]    R8355;VDD.$4115.25;VDD.$4215.25;;0.0
[2026-08-13 17:07:54,398] [SUBPROCESS]    R8356;VDD.$4116.18;VDD.$4117.25;;9.3
[2026-08-13 17:07:54,398] [SUBPROCESS]    R8357;VDD.$4118.18;VDD.$4119.25;;9.3
[2026-08-13 17:07:54,399] [SUBPROCESS]    R8358;VDD.$4119.25;VDD.$4187.25;;0.036
[2026-08-13 17:07:54,399] [SUBPROCESS]    R8359;VDD.$4119.25;VDD.$4237.25;;0.0
[2026-08-13 17:07:54,400] [SUBPROCESS]    R8360;VDD.$412.15;VDD.$413.18;;585.0
[2026-08-13 17:07:54,400] [SUBPROCESS]    R8361;VDD.$412.15;VDD.P13.15;;0.0
[2026-08-13 17:07:54,400] [SUBPROCESS]    R8362;VDD.$4120.18;VDD.$4121.25;;9.3
[2026-08-13 17:07:54,401] [SUBPROCESS]    R8363;VDD.$4121.25;VDD.$4129.25;;0.072
[2026-08-13 17:07:54,401] [SUBPROCESS]    R8364;VDD.$4121.25;VDD.$4327.25;;0.207
[2026-08-13 17:07:54,402] [SUBPROCESS]    R8365;VDD.$4122.18;VDD.$4123.25;;9.3
[2026-08-13 17:07:54,402] [SUBPROCESS]    R8366;VDD.$4123.25;VDD.$4127.25;;0.072
[2026-08-13 17:07:54,403] [SUBPROCESS]    R8367;VDD.$4123.25;VDD.$4131.25;;0.072
[2026-08-13 17:07:54,404] [SUBPROCESS]    R8368;VDD.$4124.18;VDD.$4125.25;;9.3
[2026-08-13 17:07:54,404] [SUBPROCESS]    R8369;VDD.$4125.25;VDD.$4133.25;;0.072
[2026-08-13 17:07:54,405] [SUBPROCESS]    R8370;VDD.$4126.18;VDD.$4127.25;;9.3
[2026-08-13 17:07:54,405] [SUBPROCESS]    R8371;VDD.$4127.25;VDD.$4135.25;;0.072
[2026-08-13 17:07:54,406] [SUBPROCESS]    R8372;VDD.$4128.18;VDD.$4129.25;;9.3
[2026-08-13 17:07:54,407] [SUBPROCESS]    R8373;VDD.$4129.25;VDD.$4135.25;;0.072
[2026-08-13 17:07:54,407] [SUBPROCESS]    R8374;VDD.$4130.18;VDD.$4131.25;;9.3
[2026-08-13 17:07:54,407] [SUBPROCESS]    R8375;VDD.$4131.25;VDD.$4133.25;;0.072
[2026-08-13 17:07:54,408] [SUBPROCESS]    R8376;VDD.$4132.18;VDD.$4133.25;;9.3
[2026-08-13 17:07:54,408] [SUBPROCESS]    R8377;VDD.$4134.18;VDD.$4135.25;;9.3
[2026-08-13 17:07:54,409] [SUBPROCESS]    R8378;VDD.$4136.18;VDD.$4137.25;;9.3
[2026-08-13 17:07:54,409] [SUBPROCESS]    R8379;VDD.$4137.25;VDD.$4143.25;;0.072
[2026-08-13 17:07:54,410] [SUBPROCESS]    R8380;VDD.$4137.25;VDD.$4145.25;;0.072
[2026-08-13 17:07:54,410] [SUBPROCESS]    R8381;VDD.$4138.18;VDD.$4139.25;;9.3
[2026-08-13 17:07:54,411] [SUBPROCESS]    R8382;VDD.$4139.25;VDD.$4141.25;;0.072
[2026-08-13 17:07:54,411] [SUBPROCESS]    R8383;VDD.$4139.25;VDD.$4149.25;;0.072
[2026-08-13 17:07:54,412] [SUBPROCESS]    R8384;VDD.$414.15;VDD.$415.18;;585.0
[2026-08-13 17:07:54,412] [SUBPROCESS]    R8385;VDD.$4140.18;VDD.$4141.25;;9.3
[2026-08-13 17:07:54,413] [SUBPROCESS]    R8386;VDD.$4141.25;VDD.$4151.25;;0.072
[2026-08-13 17:07:54,413] [SUBPROCESS]    R8387;VDD.$4142.18;VDD.$4143.25;;9.3
[2026-08-13 17:07:54,414] [SUBPROCESS]    R8388;VDD.$4143.25;VDD.$4183.25;;0.207
[2026-08-13 17:07:54,415] [SUBPROCESS]    R8389;VDD.$4144.18;VDD.$4145.25;;9.3
[2026-08-13 17:07:54,415] [SUBPROCESS]    R8390;VDD.$4145.25;VDD.$4149.25;;0.072
[2026-08-13 17:07:54,416] [SUBPROCESS]    R8391;VDD.$4146.18;VDD.$4147.25;;9.3
[2026-08-13 17:07:54,416] [SUBPROCESS]    R8392;VDD.$4147.25;VDD.$4151.25;;0.072
[2026-08-13 17:07:54,417] [SUBPROCESS]    R8393;VDD.$4148.18;VDD.$4149.25;;9.3
[2026-08-13 17:07:54,417] [SUBPROCESS]    R8394;VDD.$4150.18;VDD.$4151.25;;9.3
[2026-08-13 17:07:54,417] [SUBPROCESS]    R8395;VDD.$4152.18;VDD.$4153.25;;9.3
[2026-08-13 17:07:54,418] [SUBPROCESS]    R8396;VDD.$4152.18;VDD.$4154.18;;18.432
[2026-08-13 17:07:54,418] [SUBPROCESS]    R8397;VDD.$4152.18;VDD.$4240.18;;18.432
[2026-08-13 17:07:54,419] [SUBPROCESS]    R8398;VDD.$4153.25;VDD.$4155.25;;0.18
[2026-08-13 17:07:54,420] [SUBPROCESS]    R8399;VDD.$4153.25;VDD.$4241.25;;0.18
[2026-08-13 17:07:54,420] [SUBPROCESS]    R8400;VDD.$4154.18;VDD.$4155.25;;9.3
[2026-08-13 17:07:54,421] [SUBPROCESS]    R8401;VDD.$4154.18;VDD.$4156.18;;18.432
[2026-08-13 17:07:54,421] [SUBPROCESS]    R8402;VDD.$4155.25;VDD.$4157.25;;0.18
[2026-08-13 17:07:54,422] [SUBPROCESS]    R8403;VDD.$4156.18;VDD.$4157.25;;9.3
[2026-08-13 17:07:54,422] [SUBPROCESS]    R8404;VDD.$4156.18;VDD.$4158.18;;18.432
[2026-08-13 17:07:54,423] [SUBPROCESS]    R8405;VDD.$4157.25;VDD.$4159.25;;0.18
[2026-08-13 17:07:54,423] [SUBPROCESS]    R8406;VDD.$4158.18;VDD.$4159.25;;9.3
[2026-08-13 17:07:54,424] [SUBPROCESS]    R8407;VDD.$4158.18;VDD.$4190.18;;18.432
[2026-08-13 17:07:54,424] [SUBPROCESS]    R8408;VDD.$4159.25;VDD.$4191.25;;0.18
[2026-08-13 17:07:54,425] [SUBPROCESS]    R8409;VDD.$416.15;VDD.$417.18;;585.0
[2026-08-13 17:07:54,425] [SUBPROCESS]    R8410;VDD.$4160.18;VDD.$4161.25;;9.3
[2026-08-13 17:07:54,425] [SUBPROCESS]    R8411;VDD.$4162.18;VDD.$4163.25;;9.3
[2026-08-13 17:07:54,426] [SUBPROCESS]    R8412;VDD.$4162.18;VDD.$4168.18;;18.432
[2026-08-13 17:07:54,426] [SUBPROCESS]    R8413;VDD.$4162.18;VDD.$4216.18;;18.432
[2026-08-13 17:07:54,427] [SUBPROCESS]    R8414;VDD.$4163.25;VDD.$4169.25;;0.18
[2026-08-13 17:07:54,427] [SUBPROCESS]    R8415;VDD.$4163.25;VDD.$4217.25;;0.18
[2026-08-13 17:07:54,428] [SUBPROCESS]    R8416;VDD.$4164.18;VDD.$4165.25;;9.3
[2026-08-13 17:07:54,428] [SUBPROCESS]    R8417;VDD.$4165.25;VDD.$4167.25;;0.0
[2026-08-13 17:07:54,429] [SUBPROCESS]    R8418;VDD.$4165.25;VDD.$4201.25;;0.036
[2026-08-13 17:07:54,429] [SUBPROCESS]    R8419;VDD.$4166.18;VDD.$4167.25;;9.3
[2026-08-13 17:07:54,430] [SUBPROCESS]    R8420;VDD.$4167.25;VDD.$4199.25;;0.036
[2026-08-13 17:07:54,430] [SUBPROCESS]    R8421;VDD.$4168.18;VDD.$4169.25;;9.3
[2026-08-13 17:07:54,431] [SUBPROCESS]    R8422;VDD.$4168.18;VDD.$4174.18;;18.432
[2026-08-13 17:07:54,431] [SUBPROCESS]    R8423;VDD.$4169.25;VDD.$4175.25;;0.18
[2026-08-13 17:07:54,432] [SUBPROCESS]    R8424;VDD.$4170.18;VDD.$4171.25;;9.3
[2026-08-13 17:07:54,432] [SUBPROCESS]    R8425;VDD.$4172.18;VDD.$4173.25;;9.3
[2026-08-13 17:07:54,432] [SUBPROCESS]    R8426;VDD.$4173.25;VDD.$4229.25;;0.036
[2026-08-13 17:07:54,433] [SUBPROCESS]    R8427;VDD.$4173.25;VDD.$4251.25;;0.0
[2026-08-13 17:07:54,433] [SUBPROCESS]    R8428;VDD.$4174.18;VDD.$4175.25;;9.3
[2026-08-13 17:07:54,434] [SUBPROCESS]    R8429;VDD.$4174.18;VDD.$4176.18;;18.432
[2026-08-13 17:07:54,434] [SUBPROCESS]    R8430;VDD.$4175.25;VDD.$4177.25;;0.18
[2026-08-13 17:07:54,435] [SUBPROCESS]    R8431;VDD.$4176.18;VDD.$4177.25;;9.3
[2026-08-13 17:07:54,436] [SUBPROCESS]    R8432;VDD.$4176.18;VDD.$4178.18;;18.432
[2026-08-13 17:07:54,436] [SUBPROCESS]    R8433;VDD.$4177.25;VDD.$4179.25;;0.18
[2026-08-13 17:07:54,437] [SUBPROCESS]    R8434;VDD.$4178.18;VDD.$4179.25;;9.3
[2026-08-13 17:07:54,437] [SUBPROCESS]    R8435;VDD.$4178.18;VDD.$4180.18;;18.432
[2026-08-13 17:07:54,438] [SUBPROCESS]    R8436;VDD.$4179.25;VDD.$4181.25;;0.18
[2026-08-13 17:07:54,438] [SUBPROCESS]    R8437;VDD.$418.15;VDD.$419.18;;585.0
[2026-08-13 17:07:54,439] [SUBPROCESS]    R8438;VDD.$418.15;VDD.P70.15;;0.0
[2026-08-13 17:07:54,439] [SUBPROCESS]    R8439;VDD.$4180.18;VDD.$4181.25;;9.3
[2026-08-13 17:07:54,440] [SUBPROCESS]    R8440;VDD.$4180.18;VDD.$4192.18;;18.432
[2026-08-13 17:07:54,440] [SUBPROCESS]    R8441;VDD.$4181.25;VDD.$4622.25;;0.033
[2026-08-13 17:07:54,441] [SUBPROCESS]    R8442;VDD.$4182.18;VDD.$4183.25;;9.3
[2026-08-13 17:07:54,441] [SUBPROCESS]    R8443;VDD.$4183.25;VDD.$4185.25;;0.0
[2026-08-13 17:07:54,441] [SUBPROCESS]    R8444;VDD.$4184.18;VDD.$4185.25;;9.3
[2026-08-13 17:07:54,442] [SUBPROCESS]    R8445;VDD.$4185.25;VDD.$4233.25;;0.036
[2026-08-13 17:07:54,442] [SUBPROCESS]    R8446;VDD.$4186.18;VDD.$4187.25;;9.3
[2026-08-13 17:07:54,443] [SUBPROCESS]    R8447;VDD.$4188.18;VDD.$4189.25;;9.3
[2026-08-13 17:07:54,443] [SUBPROCESS]    R8448;VDD.$4189.25;VDD.$4622.25;;0.082
[2026-08-13 17:07:54,444] [SUBPROCESS]    R8449;VDD.$4190.18;VDD.$4191.25;;9.3
[2026-08-13 17:07:54,444] [SUBPROCESS]    R8450;VDD.$4190.18;VDD.$4194.18;;18.432
[2026-08-13 17:07:54,445] [SUBPROCESS]    R8451;VDD.$4191.25;VDD.$4195.25;;0.18
[2026-08-13 17:07:54,445] [SUBPROCESS]    R8452;VDD.$4192.18;VDD.$4193.25;;9.3
[2026-08-13 17:07:54,446] [SUBPROCESS]    R8453;VDD.$4192.18;VDD.$4260.18;;18.432
[2026-08-13 17:07:54,446] [SUBPROCESS]    R8454;VDD.$4193.25;VDD.$4261.25;;0.18
[2026-08-13 17:07:54,447] [SUBPROCESS]    R8455;VDD.$4193.25;VDD.$4622.25;;0.147
[2026-08-13 17:07:54,447] [SUBPROCESS]    R8456;VDD.$4194.18;VDD.$4195.25;;9.3
[2026-08-13 17:07:54,448] [SUBPROCESS]    R8457;VDD.$4194.18;VDD.$4216.18;;18.432
[2026-08-13 17:07:54,448] [SUBPROCESS]    R8458;VDD.$4195.25;VDD.$4217.25;;0.18
[2026-08-13 17:07:54,448] [SUBPROCESS]    R8459;VDD.$4196.18;VDD.$4197.25;;9.3
[2026-08-13 17:07:54,449] [SUBPROCESS]    R8460;VDD.$4197.25;VDD.$4201.25;;0.0
[2026-08-13 17:07:54,449] [SUBPROCESS]    R8461;VDD.$4197.25;VDD.$4235.25;;0.036
[2026-08-13 17:07:54,450] [SUBPROCESS]    R8462;VDD.$4198.18;VDD.$4199.25;;9.3
[2026-08-13 17:07:54,450] [SUBPROCESS]    R8463;VDD.$4199.25;VDD.$4205.25;;0.0
[2026-08-13 17:07:54,451] [SUBPROCESS]    R8464;VDD.$42.15;VDD.$43.18;;585.0
[2026-08-13 17:07:54,451] [SUBPROCESS]    R8465;VDD.$42.15;VDD.$50.15;;0.0
[2026-08-13 17:07:54,452] [SUBPROCESS]    R8466;VDD.$420.15;VDD.$421.18;;585.0
[2026-08-13 17:07:54,453] [SUBPROCESS]    R8467;VDD.$420.15;VDD.P12.15;;0.0
[2026-08-13 17:07:54,453] [SUBPROCESS]    R8468;VDD.$4200.18;VDD.$4201.25;;9.3
[2026-08-13 17:07:54,454] [SUBPROCESS]    R8469;VDD.$4202.18;VDD.$4203.25;;9.3
[2026-08-13 17:07:54,455] [SUBPROCESS]    R8470;VDD.$4204.18;VDD.$4205.25;;9.3
[2026-08-13 17:07:54,456] [SUBPROCESS]    R8471;VDD.$4205.25;VDD.$4213.25;;0.036
[2026-08-13 17:07:54,456] [SUBPROCESS]    R8472;VDD.$4206.18;VDD.$4207.25;;9.3
[2026-08-13 17:07:54,457] [SUBPROCESS]    R8473;VDD.$4207.25;VDD.$4211.25;;0.0
[2026-08-13 17:07:54,457] [SUBPROCESS]    R8474;VDD.$4207.25;VDD.$4239.25;;0.036
[2026-08-13 17:07:54,458] [SUBPROCESS]    R8475;VDD.$4208.18;VDD.$4209.25;;9.3
[2026-08-13 17:07:54,458] [SUBPROCESS]    R8476;VDD.$4210.18;VDD.$4211.25;;9.3
[2026-08-13 17:07:54,458] [SUBPROCESS]    R8477;VDD.$4211.25;VDD.$4219.25;;0.036
[2026-08-13 17:07:54,459] [SUBPROCESS]    R8478;VDD.$4212.18;VDD.$4213.25;;9.3
[2026-08-13 17:07:54,459] [SUBPROCESS]    R8479;VDD.$4213.25;VDD.$4239.25;;0.0
[2026-08-13 17:07:54,460] [SUBPROCESS]    R8480;VDD.$4214.18;VDD.$4215.25;;9.3
[2026-08-13 17:07:54,460] [SUBPROCESS]    R8481;VDD.$4216.18;VDD.$4217.25;;9.3
[2026-08-13 17:07:54,461] [SUBPROCESS]    R8482;VDD.$4218.18;VDD.$4219.25;;9.3
[2026-08-13 17:07:54,461] [SUBPROCESS]    R8483;VDD.$4219.25;VDD.$4229.25;;0.0
[2026-08-13 17:07:54,461] [SUBPROCESS]    R8484;VDD.$422.15;VDD.$423.18;;585.0
[2026-08-13 17:07:54,462] [SUBPROCESS]    R8485;VDD.$422.15;VDD.$586.15;;0.0
[2026-08-13 17:07:54,462] [SUBPROCESS]    R8486;VDD.$4220.18;VDD.$4221.25;;9.3
[2026-08-13 17:07:54,463] [SUBPROCESS]    R8487;VDD.$4220.18;VDD.$4222.18;;18.432
[2026-08-13 17:07:54,463] [SUBPROCESS]    R8488;VDD.$4221.25;VDD.$4223.25;;0.18
[2026-08-13 17:07:54,463] [SUBPROCESS]    R8489;VDD.$4222.18;VDD.$4223.25;;9.3
[2026-08-13 17:07:54,464] [SUBPROCESS]    R8490;VDD.$4222.18;VDD.$4224.18;;18.432
[2026-08-13 17:07:54,464] [SUBPROCESS]    R8491;VDD.$4223.25;VDD.$4225.25;;0.18
[2026-08-13 17:07:54,465] [SUBPROCESS]    R8492;VDD.$4224.18;VDD.$4225.25;;9.3
[2026-08-13 17:07:54,465] [SUBPROCESS]    R8493;VDD.$4224.18;VDD.$4226.18;;18.432
[2026-08-13 17:07:54,465] [SUBPROCESS]    R8494;VDD.$4225.25;VDD.$4227.25;;0.18
[2026-08-13 17:07:54,466] [SUBPROCESS]    R8495;VDD.$4226.18;VDD.$4227.25;;9.3
[2026-08-13 17:07:54,466] [SUBPROCESS]    R8496;VDD.$4226.18;VDD.$4242.18;;18.432
[2026-08-13 17:07:54,467] [SUBPROCESS]    R8497;VDD.$4227.25;VDD.$4621.25;;0.147
[2026-08-13 17:07:54,467] [SUBPROCESS]    R8498;VDD.$4228.18;VDD.$4229.25;;9.3
[2026-08-13 17:07:54,468] [SUBPROCESS]    R8499;VDD.$4230.18;VDD.$4231.25;;9.3
[2026-08-13 17:07:54,468] [SUBPROCESS]    R8500;VDD.$4232.18;VDD.$4233.25;;9.3
[2026-08-13 17:07:54,468] [SUBPROCESS]    R8501;VDD.$4233.25;VDD.$4235.25;;0.0
[2026-08-13 17:07:54,469] [SUBPROCESS]    R8502;VDD.$4234.18;VDD.$4235.25;;9.3
[2026-08-13 17:07:54,470] [SUBPROCESS]    R8503;VDD.$4236.18;VDD.$4237.25;;9.3
[2026-08-13 17:07:54,471] [SUBPROCESS]    R8504;VDD.$4238.18;VDD.$4239.25;;9.3
[2026-08-13 17:07:54,471] [SUBPROCESS]    R8505;VDD.$424.15;VDD.$425.18;;585.0
[2026-08-13 17:07:54,471] [SUBPROCESS]    R8506;VDD.$424.15;VDD.$588.15;;0.0
[2026-08-13 17:07:54,472] [SUBPROCESS]    R8507;VDD.$4240.18;VDD.$4241.25;;9.3
[2026-08-13 17:07:54,473] [SUBPROCESS]    R8508;VDD.$4240.18;VDD.$4248.18;;18.432
[2026-08-13 17:07:54,473] [SUBPROCESS]    R8509;VDD.$4241.25;VDD.$4249.25;;0.18
[2026-08-13 17:07:54,473] [SUBPROCESS]    R8510;VDD.$4242.18;VDD.$4243.25;;9.3
[2026-08-13 17:07:54,474] [SUBPROCESS]    R8511;VDD.$4242.18;VDD.$4244.18;;18.432
[2026-08-13 17:07:54,474] [SUBPROCESS]    R8512;VDD.$4243.25;VDD.$4245.25;;0.18
[2026-08-13 17:07:54,475] [SUBPROCESS]    R8513;VDD.$4243.25;VDD.$4621.25;;0.033
[2026-08-13 17:07:54,475] [SUBPROCESS]    R8514;VDD.$4244.18;VDD.$4245.25;;9.3
[2026-08-13 17:07:54,476] [SUBPROCESS]    R8515;VDD.$4244.18;VDD.$4246.18;;18.432
[2026-08-13 17:07:54,476] [SUBPROCESS]    R8516;VDD.$4245.25;VDD.$4247.25;;0.18
[2026-08-13 17:07:54,477] [SUBPROCESS]    R8517;VDD.$4246.18;VDD.$4247.25;;9.3
[2026-08-13 17:07:54,477] [SUBPROCESS]    R8518;VDD.$4246.18;VDD.$4248.18;;18.432
[2026-08-13 17:07:54,478] [SUBPROCESS]    R8519;VDD.$4247.25;VDD.$4249.25;;0.18
[2026-08-13 17:07:54,478] [SUBPROCESS]    R8520;VDD.$4248.18;VDD.$4249.25;;9.3
[2026-08-13 17:07:54,479] [SUBPROCESS]    R8521;VDD.$4250.18;VDD.$4251.25;;9.3
[2026-08-13 17:07:54,479] [SUBPROCESS]    R8522;VDD.$4251.25;VDD.$4621.25;;0.082
[2026-08-13 17:07:54,480] [SUBPROCESS]    R8523;VDD.$4252.18;VDD.$4253.25;;9.3
[2026-08-13 17:07:54,480] [SUBPROCESS]    R8524;VDD.$4253.25;VDD.$4257.25;;0.0
[2026-08-13 17:07:54,480] [SUBPROCESS]    R8525;VDD.$4253.25;VDD.$4281.25;;0.036
[2026-08-13 17:07:54,481] [SUBPROCESS]    R8526;VDD.$4254.18;VDD.$4255.25;;9.3
[2026-08-13 17:07:54,481] [SUBPROCESS]    R8527;VDD.$4254.18;VDD.$4258.18;;18.432
[2026-08-13 17:07:54,482] [SUBPROCESS]    R8528;VDD.$4254.18;VDD.$4330.18;;18.432
[2026-08-13 17:07:54,482] [SUBPROCESS]    R8529;VDD.$4255.25;VDD.$4259.25;;0.18
[2026-08-13 17:07:54,483] [SUBPROCESS]    R8530;VDD.$4255.25;VDD.$4331.25;;0.18
[2026-08-13 17:07:54,483] [SUBPROCESS]    R8531;VDD.$4256.18;VDD.$4257.25;;9.3
[2026-08-13 17:07:54,484] [SUBPROCESS]    R8532;VDD.$4257.25;VDD.$4623.25;;0.082
[2026-08-13 17:07:54,484] [SUBPROCESS]    R8533;VDD.$4258.18;VDD.$4259.25;;9.3
[2026-08-13 17:07:54,484] [SUBPROCESS]    R8534;VDD.$4258.18;VDD.$4264.18;;18.432
[2026-08-13 17:07:54,485] [SUBPROCESS]    R8535;VDD.$4259.25;VDD.$4265.25;;0.18
[2026-08-13 17:07:54,486] [SUBPROCESS]    R8536;VDD.$426.15;VDD.$427.18;;585.0
[2026-08-13 17:07:54,486] [SUBPROCESS]    R8537;VDD.$426.15;VDD.$590.15;;0.0
[2026-08-13 17:07:54,487] [SUBPROCESS]    R8538;VDD.$4260.18;VDD.$4261.25;;9.3
[2026-08-13 17:07:54,487] [SUBPROCESS]    R8539;VDD.$4260.18;VDD.$4312.18;;18.432
[2026-08-13 17:07:54,488] [SUBPROCESS]    R8540;VDD.$4261.25;VDD.$4313.25;;0.18
[2026-08-13 17:07:54,489] [SUBPROCESS]    R8541;VDD.$4262.18;VDD.$4263.25;;9.3
[2026-08-13 17:07:54,489] [SUBPROCESS]    R8542;VDD.$4262.18;VDD.$4266.18;;18.432
[2026-08-13 17:07:54,490] [SUBPROCESS]    R8543;VDD.$4262.18;VDD.$4322.18;;18.432
[2026-08-13 17:07:54,490] [SUBPROCESS]    R8544;VDD.$4263.25;VDD.$4267.25;;0.18
[2026-08-13 17:07:54,491] [SUBPROCESS]    R8545;VDD.$4263.25;VDD.$4323.25;;0.18
[2026-08-13 17:07:54,491] [SUBPROCESS]    R8546;VDD.$4264.18;VDD.$4265.25;;9.3
[2026-08-13 17:07:54,492] [SUBPROCESS]    R8547;VDD.$4264.18;VDD.$4282.18;;18.432
[2026-08-13 17:07:54,492] [SUBPROCESS]    R8548;VDD.$4265.25;VDD.$4283.25;;0.18
[2026-08-13 17:07:54,493] [SUBPROCESS]    R8549;VDD.$4266.18;VDD.$4267.25;;9.3
[2026-08-13 17:07:54,493] [SUBPROCESS]    R8550;VDD.$4266.18;VDD.$4268.18;;18.432
[2026-08-13 17:07:54,493] [SUBPROCESS]    R8551;VDD.$4267.25;VDD.$4269.25;;0.18
[2026-08-13 17:07:54,494] [SUBPROCESS]    R8552;VDD.$4268.18;VDD.$4269.25;;9.3
[2026-08-13 17:07:54,495] [SUBPROCESS]    R8553;VDD.$4268.18;VDD.$4270.18;;18.432
[2026-08-13 17:07:54,495] [SUBPROCESS]    R8554;VDD.$4269.25;VDD.$4271.25;;0.18
[2026-08-13 17:07:54,496] [SUBPROCESS]    R8555;VDD.$4270.18;VDD.$4271.25;;9.3
[2026-08-13 17:07:54,496] [SUBPROCESS]    R8556;VDD.$4270.18;VDD.$4272.18;;18.432
[2026-08-13 17:07:54,497] [SUBPROCESS]    R8557;VDD.$4271.25;VDD.$4273.25;;0.18
[2026-08-13 17:07:54,497] [SUBPROCESS]    R8558;VDD.$4272.18;VDD.$4273.25;;9.3
[2026-08-13 17:07:54,498] [SUBPROCESS]    R8559;VDD.$4272.18;VDD.$4480.18;;18.432
[2026-08-13 17:07:54,498] [SUBPROCESS]    R8560;VDD.$4273.25;VDD.$4481.25;;0.18
[2026-08-13 17:07:54,498] [SUBPROCESS]    R8561;VDD.$4274.18;VDD.$4275.25;;9.3
[2026-08-13 17:07:54,499] [SUBPROCESS]    R8562;VDD.$4275.25;VDD.$4277.25;;0.0
[2026-08-13 17:07:54,499] [SUBPROCESS]    R8563;VDD.$4275.25;VDD.$4319.25;;0.036
[2026-08-13 17:07:54,500] [SUBPROCESS]    R8564;VDD.$4276.18;VDD.$4277.25;;9.3
[2026-08-13 17:07:54,500] [SUBPROCESS]    R8565;VDD.$4277.25;VDD.$4305.25;;0.036
[2026-08-13 17:07:54,501] [SUBPROCESS]    R8566;VDD.$4278.18;VDD.$4279.25;;9.3
[2026-08-13 17:07:54,501] [SUBPROCESS]    R8567;VDD.$4279.25;VDD.$4281.25;;0.0
[2026-08-13 17:07:54,502] [SUBPROCESS]    R8568;VDD.$4279.25;VDD.$4291.25;;0.036
[2026-08-13 17:07:54,502] [SUBPROCESS]    R8569;VDD.$428.15;VDD.$429.18;;585.0
[2026-08-13 17:07:54,503] [SUBPROCESS]    R8570;VDD.$428.15;VDD.$592.15;;0.0
[2026-08-13 17:07:54,504] [SUBPROCESS]    R8571;VDD.$4280.18;VDD.$4281.25;;9.3
[2026-08-13 17:07:54,504] [SUBPROCESS]    R8572;VDD.$4282.18;VDD.$4283.25;;9.3
[2026-08-13 17:07:54,505] [SUBPROCESS]    R8573;VDD.$4282.18;VDD.$4284.18;;18.432
[2026-08-13 17:07:54,505] [SUBPROCESS]    R8574;VDD.$4283.25;VDD.$4285.25;;0.18
[2026-08-13 17:07:54,506] [SUBPROCESS]    R8575;VDD.$4284.18;VDD.$4285.25;;9.3
[2026-08-13 17:07:54,506] [SUBPROCESS]    R8576;VDD.$4284.18;VDD.$4286.18;;18.432
[2026-08-13 17:07:54,507] [SUBPROCESS]    R8577;VDD.$4285.25;VDD.$4287.25;;0.18
[2026-08-13 17:07:54,507] [SUBPROCESS]    R8578;VDD.$4286.18;VDD.$4287.25;;9.3
[2026-08-13 17:07:54,507] [SUBPROCESS]    R8579;VDD.$4286.18;VDD.$4292.18;;18.432
[2026-08-13 17:07:54,508] [SUBPROCESS]    R8580;VDD.$4287.25;VDD.$4293.25;;0.18
[2026-08-13 17:07:54,508] [SUBPROCESS]    R8581;VDD.$4288.18;VDD.$4289.25;;9.3
[2026-08-13 17:07:54,509] [SUBPROCESS]    R8582;VDD.$4289.25;VDD.$4291.25;;0.0
[2026-08-13 17:07:54,509] [SUBPROCESS]    R8583;VDD.$4289.25;VDD.$4325.25;;0.036
[2026-08-13 17:07:54,510] [SUBPROCESS]    R8584;VDD.$4290.18;VDD.$4291.25;;9.3
[2026-08-13 17:07:54,510] [SUBPROCESS]    R8585;VDD.$4292.18;VDD.$4293.25;;9.3
[2026-08-13 17:07:54,510] [SUBPROCESS]    R8586;VDD.$4292.18;VDD.$4294.18;;18.432
[2026-08-13 17:07:54,511] [SUBPROCESS]    R8587;VDD.$4293.25;VDD.$4295.25;;0.18
[2026-08-13 17:07:54,511] [SUBPROCESS]    R8588;VDD.$4294.18;VDD.$4295.25;;9.3
[2026-08-13 17:07:54,512] [SUBPROCESS]    R8589;VDD.$4294.18;VDD.$4296.18;;18.432
[2026-08-13 17:07:54,512] [SUBPROCESS]    R8590;VDD.$4295.25;VDD.$4623.25;;0.098
[2026-08-13 17:07:54,513] [SUBPROCESS]    R8591;VDD.$4296.18;VDD.$4297.25;;9.3
[2026-08-13 17:07:54,513] [SUBPROCESS]    R8592;VDD.$4296.18;VDD.$4322.18;;18.432
[2026-08-13 17:07:54,514] [SUBPROCESS]    R8593;VDD.$4297.25;VDD.$4323.25;;0.18
[2026-08-13 17:07:54,514] [SUBPROCESS]    R8594;VDD.$4297.25;VDD.$4623.25;;0.083
[2026-08-13 17:07:54,515] [SUBPROCESS]    R8595;VDD.$4298.18;VDD.$4299.25;;9.3
[2026-08-13 17:07:54,515] [SUBPROCESS]    R8596;VDD.$4298.18;VDD.$4300.18;;18.432
[2026-08-13 17:07:54,516] [SUBPROCESS]    R8597;VDD.$4298.18;VDD.$4332.18;;18.432
[2026-08-13 17:07:54,516] [SUBPROCESS]    R8598;VDD.$4299.25;VDD.$4301.25;;0.18
[2026-08-13 17:07:54,517] [SUBPROCESS]    R8599;VDD.$4299.25;VDD.$4333.25;;0.18
[2026-08-13 17:07:54,517] [SUBPROCESS]    R8600;VDD.$430.15;VDD.$431.18;;585.0
[2026-08-13 17:07:54,518] [SUBPROCESS]    R8601;VDD.$430.15;VDD.$594.15;;0.0
[2026-08-13 17:07:54,518] [SUBPROCESS]    R8602;VDD.$4300.18;VDD.$4301.25;;9.3
[2026-08-13 17:07:54,519] [SUBPROCESS]    R8603;VDD.$4300.18;VDD.$4308.18;;18.432
[2026-08-13 17:07:54,519] [SUBPROCESS]    R8604;VDD.$4301.25;VDD.$4309.25;;0.18
[2026-08-13 17:07:54,520] [SUBPROCESS]    R8605;VDD.$4302.18;VDD.$4303.25;;9.3
[2026-08-13 17:07:54,521] [SUBPROCESS]    R8606;VDD.$4303.25;VDD.$4315.25;;0.036
[2026-08-13 17:07:54,521] [SUBPROCESS]    R8607;VDD.$4303.25;VDD.$4325.25;;0.0
[2026-08-13 17:07:54,521] [SUBPROCESS]    R8608;VDD.$4304.18;VDD.$4305.25;;9.3
[2026-08-13 17:07:54,522] [SUBPROCESS]    R8609;VDD.$4305.25;VDD.$4307.25;;0.0
[2026-08-13 17:07:54,523] [SUBPROCESS]    R8610;VDD.$4306.18;VDD.$4307.25;;9.3
[2026-08-13 17:07:54,523] [SUBPROCESS]    R8611;VDD.$4307.25;VDD.$4311.25;;0.036
[2026-08-13 17:07:54,524] [SUBPROCESS]    R8612;VDD.$4308.18;VDD.$4309.25;;9.3
[2026-08-13 17:07:54,524] [SUBPROCESS]    R8613;VDD.$4308.18;VDD.$4320.18;;18.432
[2026-08-13 17:07:54,524] [SUBPROCESS]    R8614;VDD.$4309.25;VDD.$4321.25;;0.18
[2026-08-13 17:07:54,525] [SUBPROCESS]    R8615;VDD.$4310.18;VDD.$4311.25;;9.3
[2026-08-13 17:07:54,525] [SUBPROCESS]    R8616;VDD.$4311.25;VDD.$4315.25;;0.0
[2026-08-13 17:07:54,526] [SUBPROCESS]    R8617;VDD.$4312.18;VDD.$4313.25;;9.3
[2026-08-13 17:07:54,526] [SUBPROCESS]    R8618;VDD.$4312.18;VDD.$4332.18;;18.432
[2026-08-13 17:07:54,526] [SUBPROCESS]    R8619;VDD.$4313.25;VDD.$4333.25;;0.18
[2026-08-13 17:07:54,527] [SUBPROCESS]    R8620;VDD.$4314.18;VDD.$4315.25;;9.3
[2026-08-13 17:07:54,527] [SUBPROCESS]    R8621;VDD.$4316.18;VDD.$4317.25;;9.3
[2026-08-13 17:07:54,528] [SUBPROCESS]    R8622;VDD.$4317.25;VDD.$4319.25;;0.0
[2026-08-13 17:07:54,528] [SUBPROCESS]    R8623;VDD.$4317.25;VDD.$4329.25;;0.036
[2026-08-13 17:07:54,529] [SUBPROCESS]    R8624;VDD.$4318.18;VDD.$4319.25;;9.3
[2026-08-13 17:07:54,529] [SUBPROCESS]    R8625;VDD.$432.15;VDD.$433.18;;585.0
[2026-08-13 17:07:54,529] [SUBPROCESS]    R8626;VDD.$432.15;VDD.$496.15;;0.0
[2026-08-13 17:07:54,530] [SUBPROCESS]    R8627;VDD.$4320.18;VDD.$4321.25;;9.3
[2026-08-13 17:07:54,530] [SUBPROCESS]    R8628;VDD.$4320.18;VDD.$4330.18;;18.432
[2026-08-13 17:07:54,531] [SUBPROCESS]    R8629;VDD.$4321.25;VDD.$4331.25;;0.18
[2026-08-13 17:07:54,531] [SUBPROCESS]    R8630;VDD.$4322.18;VDD.$4323.25;;9.3
[2026-08-13 17:07:54,532] [SUBPROCESS]    R8631;VDD.$4324.18;VDD.$4325.25;;9.3
[2026-08-13 17:07:54,532] [SUBPROCESS]    R8632;VDD.$4326.18;VDD.$4327.25;;9.3
[2026-08-13 17:07:54,533] [SUBPROCESS]    R8633;VDD.$4327.25;VDD.$4329.25;;0.0
[2026-08-13 17:07:54,533] [SUBPROCESS]    R8634;VDD.$4328.18;VDD.$4329.25;;9.3
[2026-08-13 17:07:54,533] [SUBPROCESS]    R8635;VDD.$4330.18;VDD.$4331.25;;9.3
[2026-08-13 17:07:54,534] [SUBPROCESS]    R8636;VDD.$4332.18;VDD.$4333.25;;9.3
[2026-08-13 17:07:54,535] [SUBPROCESS]    R8637;VDD.$4334.18;VDD.$4335.25;;9.3
[2026-08-13 17:07:54,536] [SUBPROCESS]    R8638;VDD.$4334.18;VDD.$4364.18;;18.432
[2026-08-13 17:07:54,536] [SUBPROCESS]    R8639;VDD.$4334.18;VDD.$4618.18;;18.432
[2026-08-13 17:07:54,537] [SUBPROCESS]    R8640;VDD.$4335.25;VDD.$4365.25;;0.045
[2026-08-13 17:07:54,538] [SUBPROCESS]    R8641;VDD.$4335.25;VDD.$4591.25;;0.003
[2026-08-13 17:07:54,538] [SUBPROCESS]    R8642;VDD.$4336.18;VDD.$4337.25;;9.3
[2026-08-13 17:07:54,539] [SUBPROCESS]    R8643;VDD.$4337.25;VDD.$4349.25;;0.036
[2026-08-13 17:07:54,539] [SUBPROCESS]    R8644;VDD.$4337.25;VDD.$4355.25;;0.0
[2026-08-13 17:07:54,540] [SUBPROCESS]    R8645;VDD.$4338.18;VDD.$4339.25;;9.3
[2026-08-13 17:07:54,540] [SUBPROCESS]    R8646;VDD.$4339.25;VDD.$4343.25;;0.01
[2026-08-13 17:07:54,541] [SUBPROCESS]    R8647;VDD.$4339.25;VDD.$4401.25;;0.035
[2026-08-13 17:07:54,541] [SUBPROCESS]    R8648;VDD.$434.15;VDD.$435.18;;585.0
[2026-08-13 17:07:54,541] [SUBPROCESS]    R8649;VDD.$434.15;VDD.$498.15;;0.0
[2026-08-13 17:07:54,542] [SUBPROCESS]    R8650;VDD.$4340.18;VDD.$4341.25;;9.3
[2026-08-13 17:07:54,542] [SUBPROCESS]    R8651;VDD.$4341.25;VDD.$4345.25;;0.01
[2026-08-13 17:07:54,543] [SUBPROCESS]    R8652;VDD.$4341.25;VDD.$4393.25;;0.035
[2026-08-13 17:07:54,543] [SUBPROCESS]    R8653;VDD.$4342.18;VDD.$4343.25;;9.3
[2026-08-13 17:07:54,543] [SUBPROCESS]    R8654;VDD.$4342.18;VDD.$4352.18;;18.432
[2026-08-13 17:07:54,544] [SUBPROCESS]    R8655;VDD.$4342.18;VDD.$4400.18;;18.432
[2026-08-13 17:07:54,544] [SUBPROCESS]    R8656;VDD.$4343.25;VDD.$4351.25;;0.035
[2026-08-13 17:07:54,545] [SUBPROCESS]    R8657;VDD.$4344.18;VDD.$4345.25;;9.3
[2026-08-13 17:07:54,545] [SUBPROCESS]    R8658;VDD.$4344.18;VDD.$4362.18;;18.432
[2026-08-13 17:07:54,546] [SUBPROCESS]    R8659;VDD.$4344.18;VDD.$4392.18;;18.432
[2026-08-13 17:07:54,546] [SUBPROCESS]    R8660;VDD.$4345.25;VDD.$4361.25;;0.035
[2026-08-13 17:07:54,546] [SUBPROCESS]    R8661;VDD.$4346.18;VDD.$4347.25;;9.3
[2026-08-13 17:07:54,547] [SUBPROCESS]    R8662;VDD.$4347.25;VDD.$4349.25;;0.0
[2026-08-13 17:07:54,547] [SUBPROCESS]    R8663;VDD.$4348.18;VDD.$4349.25;;9.3
[2026-08-13 17:07:54,548] [SUBPROCESS]    R8664;VDD.$4350.18;VDD.$4351.25;;9.3
[2026-08-13 17:07:54,548] [SUBPROCESS]    R8665;VDD.$4351.25;VDD.$4353.25;;0.01
[2026-08-13 17:07:54,548] [SUBPROCESS]    R8666;VDD.$4352.18;VDD.$4353.25;;9.3
[2026-08-13 17:07:54,549] [SUBPROCESS]    R8667;VDD.$4354.18;VDD.$4355.25;;9.3
[2026-08-13 17:07:54,549] [SUBPROCESS]    R8668;VDD.$4355.25;VDD.$4395.25;;0.036
[2026-08-13 17:07:54,550] [SUBPROCESS]    R8669;VDD.$4356.18;VDD.$4357.25;;9.3
[2026-08-13 17:07:54,550] [SUBPROCESS]    R8670;VDD.$4357.25;VDD.$4359.25;;0.0
[2026-08-13 17:07:54,550] [SUBPROCESS]    R8671;VDD.$4357.25;VDD.$4373.25;;0.036
[2026-08-13 17:07:54,551] [SUBPROCESS]    R8672;VDD.$4358.18;VDD.$4359.25;;9.3
[2026-08-13 17:07:54,551] [SUBPROCESS]    R8673;VDD.$4359.25;VDD.$4403.25;;0.036
[2026-08-13 17:07:54,552] [SUBPROCESS]    R8674;VDD.$436.15;VDD.$437.18;;585.0
[2026-08-13 17:07:54,553] [SUBPROCESS]    R8675;VDD.$436.15;VDD.$440.15;;0.0
[2026-08-13 17:07:54,553] [SUBPROCESS]    R8676;VDD.$436.15;VDD.$484.15;;0.0
[2026-08-13 17:07:54,554] [SUBPROCESS]    R8677;VDD.$4360.18;VDD.$4361.25;;9.3
[2026-08-13 17:07:54,554] [SUBPROCESS]    R8678;VDD.$4361.25;VDD.$4363.25;;0.01
[2026-08-13 17:07:54,555] [SUBPROCESS]    R8679;VDD.$4362.18;VDD.$4363.25;;9.3
[2026-08-13 17:07:54,555] [SUBPROCESS]    R8680;VDD.$4362.18;VDD.$4376.18;;18.432
[2026-08-13 17:07:54,556] [SUBPROCESS]    R8681;VDD.$4363.25;VDD.$4375.25;;0.035
[2026-08-13 17:07:54,556] [SUBPROCESS]    R8682;VDD.$4364.18;VDD.$4365.25;;9.3
[2026-08-13 17:07:54,557] [SUBPROCESS]    R8683;VDD.$4364.18;VDD.$4366.18;;18.432
[2026-08-13 17:07:54,557] [SUBPROCESS]    R8684;VDD.$4365.25;VDD.$4367.25;;0.045
[2026-08-13 17:07:54,558] [SUBPROCESS]    R8685;VDD.$4366.18;VDD.$4367.25;;9.3
[2026-08-13 17:07:54,558] [SUBPROCESS]    R8686;VDD.$4366.18;VDD.$4368.18;;18.432
[2026-08-13 17:07:54,558] [SUBPROCESS]    R8687;VDD.$4367.25;VDD.$4369.25;;0.045
[2026-08-13 17:07:54,559] [SUBPROCESS]    R8688;VDD.$4368.18;VDD.$4369.25;;9.3
[2026-08-13 17:07:54,559] [SUBPROCESS]    R8689;VDD.$4368.18;VDD.$4392.18;;18.432
[2026-08-13 17:07:54,560] [SUBPROCESS]    R8690;VDD.$4369.25;VDD.$4391.25;;0.035
[2026-08-13 17:07:54,560] [SUBPROCESS]    R8691;VDD.$4370.18;VDD.$4371.25;;9.3
[2026-08-13 17:07:54,561] [SUBPROCESS]    R8692;VDD.$4371.25;VDD.$4373.25;;0.0
[2026-08-13 17:07:54,561] [SUBPROCESS]    R8693;VDD.$4371.25;VDD.$4381.25;;0.036
[2026-08-13 17:07:54,562] [SUBPROCESS]    R8694;VDD.$4372.18;VDD.$4373.25;;9.3
[2026-08-13 17:07:54,562] [SUBPROCESS]    R8695;VDD.$4374.18;VDD.$4375.25;;9.3
[2026-08-13 17:07:54,563] [SUBPROCESS]    R8696;VDD.$4375.25;VDD.$4377.25;;0.01
[2026-08-13 17:07:54,563] [SUBPROCESS]    R8697;VDD.$4376.18;VDD.$4377.25;;9.3
[2026-08-13 17:07:54,564] [SUBPROCESS]    R8698;VDD.$4376.18;VDD.$4384.18;;18.432
[2026-08-13 17:07:54,564] [SUBPROCESS]    R8699;VDD.$4377.25;VDD.$4383.25;;0.035
[2026-08-13 17:07:54,565] [SUBPROCESS]    R8700;VDD.$4378.18;VDD.$4379.25;;9.3
[2026-08-13 17:07:54,565] [SUBPROCESS]    R8701;VDD.$4379.25;VDD.$4381.25;;0.0
[2026-08-13 17:07:54,565] [SUBPROCESS]    R8702;VDD.$4379.25;VDD.$4397.25;;0.036
[2026-08-13 17:07:54,566] [SUBPROCESS]    R8703;VDD.$438.15;VDD.$439.18;;585.0
[2026-08-13 17:07:54,566] [SUBPROCESS]    R8704;VDD.$438.15;VDD.$486.15;;0.0
[2026-08-13 17:07:54,567] [SUBPROCESS]    R8705;VDD.$4380.18;VDD.$4381.25;;9.3
[2026-08-13 17:07:54,567] [SUBPROCESS]    R8706;VDD.$4382.18;VDD.$4383.25;;9.3
[2026-08-13 17:07:54,568] [SUBPROCESS]    R8707;VDD.$4383.25;VDD.$4385.25;;0.01
[2026-08-13 17:07:54,568] [SUBPROCESS]    R8708;VDD.$4384.18;VDD.$4385.25;;9.3
[2026-08-13 17:07:54,569] [SUBPROCESS]    R8709;VDD.$4384.18;VDD.$4400.18;;18.432
[2026-08-13 17:07:54,570] [SUBPROCESS]    R8710;VDD.$4385.25;VDD.$4399.25;;0.035
[2026-08-13 17:07:54,570] [SUBPROCESS]    R8711;VDD.$4386.18;VDD.$4387.25;;9.3
[2026-08-13 17:07:54,571] [SUBPROCESS]    R8712;VDD.$4387.25;VDD.$4389.25;;0.0
[2026-08-13 17:07:54,572] [SUBPROCESS]    R8713;VDD.$4387.25;VDD.$4405.25;;0.036
[2026-08-13 17:07:54,572] [SUBPROCESS]    R8714;VDD.$4388.18;VDD.$4389.25;;9.3
[2026-08-13 17:07:54,573] [SUBPROCESS]    R8715;VDD.$4389.25;VDD.$4511.25;;0.138
[2026-08-13 17:07:54,573] [SUBPROCESS]    R8716;VDD.$4390.18;VDD.$4391.25;;9.3
[2026-08-13 17:07:54,574] [SUBPROCESS]    R8717;VDD.$4391.25;VDD.$4393.25;;0.01
[2026-08-13 17:07:54,575] [SUBPROCESS]    R8718;VDD.$4392.18;VDD.$4393.25;;9.3
[2026-08-13 17:07:54,575] [SUBPROCESS]    R8719;VDD.$4394.18;VDD.$4395.25;;9.3
[2026-08-13 17:07:54,576] [SUBPROCESS]    R8720;VDD.$4395.25;VDD.$4397.25;;0.0
[2026-08-13 17:07:54,576] [SUBPROCESS]    R8721;VDD.$4396.18;VDD.$4397.25;;9.3
[2026-08-13 17:07:54,577] [SUBPROCESS]    R8722;VDD.$4398.18;VDD.$4399.25;;9.3
[2026-08-13 17:07:54,577] [SUBPROCESS]    R8723;VDD.$4399.25;VDD.$4401.25;;0.01
[2026-08-13 17:07:54,578] [SUBPROCESS]    R8724;VDD.$44.15;VDD.$45.18;;585.0
[2026-08-13 17:07:54,578] [SUBPROCESS]    R8725;VDD.$44.15;VDD.$52.15;;0.0
[2026-08-13 17:07:54,578] [SUBPROCESS]    R8726;VDD.$440.15;VDD.$441.18;;585.0
[2026-08-13 17:07:54,579] [SUBPROCESS]    R8727;VDD.$4400.18;VDD.$4401.25;;9.3
[2026-08-13 17:07:54,579] [SUBPROCESS]    R8728;VDD.$4402.18;VDD.$4403.25;;9.3
[2026-08-13 17:07:54,580] [SUBPROCESS]    R8729;VDD.$4403.25;VDD.$4405.25;;0.0
[2026-08-13 17:07:54,580] [SUBPROCESS]    R8730;VDD.$4404.18;VDD.$4405.25;;9.3
[2026-08-13 17:07:54,581] [SUBPROCESS]    R8731;VDD.$4406.18;VDD.$4407.25;;9.3
[2026-08-13 17:07:54,581] [SUBPROCESS]    R8732;VDD.$4407.25;VDD.$4413.25;;0.072
[2026-08-13 17:07:54,581] [SUBPROCESS]    R8733;VDD.$4407.25;VDD.$4415.25;;0.072
[2026-08-13 17:07:54,582] [SUBPROCESS]    R8734;VDD.$4408.18;VDD.$4409.25;;9.3
[2026-08-13 17:07:54,582] [SUBPROCESS]    R8735;VDD.$4409.25;VDD.$4413.25;;0.072
[2026-08-13 17:07:54,583] [SUBPROCESS]    R8736;VDD.$4409.25;VDD.$4419.25;;0.072
[2026-08-13 17:07:54,583] [SUBPROCESS]    R8737;VDD.$4410.18;VDD.$4411.25;;9.3
[2026-08-13 17:07:54,583] [SUBPROCESS]    R8738;VDD.$4411.25;VDD.$4417.25;;0.072
[2026-08-13 17:07:54,584] [SUBPROCESS]    R8739;VDD.$4411.25;VDD.$4437.25;;0.254
[2026-08-13 17:07:54,584] [SUBPROCESS]    R8740;VDD.$4412.18;VDD.$4413.25;;9.3
[2026-08-13 17:07:54,585] [SUBPROCESS]    R8741;VDD.$4414.18;VDD.$4415.25;;9.3
[2026-08-13 17:07:54,585] [SUBPROCESS]    R8742;VDD.$4415.25;VDD.$4421.25;;0.072
[2026-08-13 17:07:54,586] [SUBPROCESS]    R8743;VDD.$4416.18;VDD.$4417.25;;9.3
[2026-08-13 17:07:54,586] [SUBPROCESS]    R8744;VDD.$4417.25;VDD.$4419.25;;0.072
[2026-08-13 17:07:54,587] [SUBPROCESS]    R8745;VDD.$4418.18;VDD.$4419.25;;9.3
[2026-08-13 17:07:54,587] [SUBPROCESS]    R8746;VDD.$442.15;VDD.$443.18;;585.0
[2026-08-13 17:07:54,588] [SUBPROCESS]    R8747;VDD.$442.15;VDD.$450.15;;0.0
[2026-08-13 17:07:54,588] [SUBPROCESS]    R8748;VDD.$4420.18;VDD.$4421.25;;9.3
[2026-08-13 17:07:54,589] [SUBPROCESS]    R8749;VDD.$4422.18;VDD.$4423.25;;9.3
[2026-08-13 17:07:54,589] [SUBPROCESS]    R8750;VDD.$4423.25;VDD.$4457.25;;0.036
[2026-08-13 17:07:54,590] [SUBPROCESS]    R8751;VDD.$4423.25;VDD.$4483.25;;0.0
[2026-08-13 17:07:54,590] [SUBPROCESS]    R8752;VDD.$4424.18;VDD.$4425.25;;9.3
[2026-08-13 17:07:54,591] [SUBPROCESS]    R8753;VDD.$4424.18;VDD.$4426.18;;18.432
[2026-08-13 17:07:54,591] [SUBPROCESS]    R8754;VDD.$4424.18;VDD.$4496.18;;18.432
[2026-08-13 17:07:54,592] [SUBPROCESS]    R8755;VDD.$4425.25;VDD.$4427.25;;0.18
[2026-08-13 17:07:54,592] [SUBPROCESS]    R8756;VDD.$4425.25;VDD.$4497.25;;0.18
[2026-08-13 17:07:54,593] [SUBPROCESS]    R8757;VDD.$4426.18;VDD.$4427.25;;9.3
[2026-08-13 17:07:54,593] [SUBPROCESS]    R8758;VDD.$4426.18;VDD.$4428.18;;18.432
[2026-08-13 17:07:54,593] [SUBPROCESS]    R8759;VDD.$4427.25;VDD.$4429.25;;0.18
[2026-08-13 17:07:54,594] [SUBPROCESS]    R8760;VDD.$4428.18;VDD.$4429.25;;9.3
[2026-08-13 17:07:54,594] [SUBPROCESS]    R8761;VDD.$4428.18;VDD.$4430.18;;18.432
[2026-08-13 17:07:54,595] [SUBPROCESS]    R8762;VDD.$4429.25;VDD.$4431.25;;0.18
[2026-08-13 17:07:54,595] [SUBPROCESS]    R8763;VDD.$4430.18;VDD.$4431.25;;9.3
[2026-08-13 17:07:54,595] [SUBPROCESS]    R8764;VDD.$4430.18;VDD.$4432.18;;18.432
[2026-08-13 17:07:54,596] [SUBPROCESS]    R8765;VDD.$4431.25;VDD.$4433.25;;0.03
[2026-08-13 17:07:54,596] [SUBPROCESS]    R8766;VDD.$4432.18;VDD.$4433.25;;9.3
[2026-08-13 17:07:54,597] [SUBPROCESS]    R8767;VDD.$4432.18;VDD.$4452.18;;18.432
[2026-08-13 17:07:54,597] [SUBPROCESS]    R8768;VDD.$4433.25;VDD.$4453.25;;0.0
[2026-08-13 17:07:54,597] [SUBPROCESS]    R8769;VDD.$4433.25;VDD.$4465.25;;0.065
[2026-08-13 17:07:54,598] [SUBPROCESS]    R8770;VDD.$4433.25;VDD.$4483.25;;0.094
[2026-08-13 17:07:54,598] [SUBPROCESS]    R8771;VDD.$4434.18;VDD.$4435.25;;9.3
[2026-08-13 17:07:54,599] [SUBPROCESS]    R8772;VDD.$4434.18;VDD.$4458.18;;18.432
[2026-08-13 17:07:54,599] [SUBPROCESS]    R8773;VDD.$4434.18;VDD.$4502.18;;18.432
[2026-08-13 17:07:54,600] [SUBPROCESS]    R8774;VDD.$4435.25;VDD.$4459.25;;0.18
[2026-08-13 17:07:54,600] [SUBPROCESS]    R8775;VDD.$4435.25;VDD.$4503.25;;0.18
[2026-08-13 17:07:54,600] [SUBPROCESS]    R8776;VDD.$4436.18;VDD.$4437.25;;9.3
[2026-08-13 17:07:54,601] [SUBPROCESS]    R8777;VDD.$4437.25;VDD.$4441.25;;0.0
[2026-08-13 17:07:54,601] [SUBPROCESS]    R8778;VDD.$4438.18;VDD.$4439.25;;9.3
[2026-08-13 17:07:54,602] [SUBPROCESS]    R8779;VDD.$4438.18;VDD.$4478.18;;18.432
[2026-08-13 17:07:54,602] [SUBPROCESS]    R8780;VDD.$4438.18;VDD.$4524.18;;18.432
[2026-08-13 17:07:54,603] [SUBPROCESS]    R8781;VDD.$4439.25;VDD.$4479.25;;0.18
[2026-08-13 17:07:54,603] [SUBPROCESS]    R8782;VDD.$4439.25;VDD.$4525.25;;0.18
[2026-08-13 17:07:54,604] [SUBPROCESS]    R8783;VDD.$444.15;VDD.$445.18;;585.0
[2026-08-13 17:07:54,605] [SUBPROCESS]    R8784;VDD.$444.15;VDD.$452.15;;0.0
[2026-08-13 17:07:54,605] [SUBPROCESS]    R8785;VDD.$4440.18;VDD.$4441.25;;9.3
[2026-08-13 17:07:54,606] [SUBPROCESS]    R8786;VDD.$4441.25;VDD.$4489.25;;0.036
[2026-08-13 17:07:54,606] [SUBPROCESS]    R8787;VDD.$4442.18;VDD.$4443.25;;9.3
[2026-08-13 17:07:54,607] [SUBPROCESS]    R8788;VDD.$4443.25;VDD.$4457.25;;0.0
[2026-08-13 17:07:54,607] [SUBPROCESS]    R8789;VDD.$4443.25;VDD.$4487.25;;0.036
[2026-08-13 17:07:54,607] [SUBPROCESS]    R8790;VDD.$4444.18;VDD.$4445.25;;9.3
[2026-08-13 17:07:54,608] [SUBPROCESS]    R8791;VDD.$4445.25;VDD.$4455.25;;0.0
[2026-08-13 17:07:54,608] [SUBPROCESS]    R8792;VDD.$4445.25;VDD.$4485.25;;0.036
[2026-08-13 17:07:54,609] [SUBPROCESS]    R8793;VDD.$4446.18;VDD.$4447.25;;9.3
[2026-08-13 17:07:54,609] [SUBPROCESS]    R8794;VDD.$4447.25;VDD.$4451.25;;0.0
[2026-08-13 17:07:54,609] [SUBPROCESS]    R8795;VDD.$4447.25;VDD.$4491.25;;0.036
[2026-08-13 17:07:54,610] [SUBPROCESS]    R8796;VDD.$4448.18;VDD.$4449.25;;9.3
[2026-08-13 17:07:54,611] [SUBPROCESS]    R8797;VDD.$4448.18;VDD.$4480.18;;18.432
[2026-08-13 17:07:54,611] [SUBPROCESS]    R8798;VDD.$4448.18;VDD.$4492.18;;18.432
[2026-08-13 17:07:54,612] [SUBPROCESS]    R8799;VDD.$4449.25;VDD.$4481.25;;0.18
[2026-08-13 17:07:54,612] [SUBPROCESS]    R8800;VDD.$4449.25;VDD.$4493.25;;0.18
[2026-08-13 17:07:54,613] [SUBPROCESS]    R8801;VDD.$4450.18;VDD.$4451.25;;9.3
[2026-08-13 17:07:54,614] [SUBPROCESS]    R8802;VDD.$4451.25;VDD.$4467.25;;0.036
[2026-08-13 17:07:54,614] [SUBPROCESS]    R8803;VDD.$4452.18;VDD.$4453.25;;9.3
[2026-08-13 17:07:54,615] [SUBPROCESS]    R8804;VDD.$4452.18;VDD.$4462.18;;18.432
[2026-08-13 17:07:54,615] [SUBPROCESS]    R8805;VDD.$4453.25;VDD.$4463.25;;0.0
[2026-08-13 17:07:54,616] [SUBPROCESS]    R8806;VDD.$4454.18;VDD.$4455.25;;9.3
[2026-08-13 17:07:54,616] [SUBPROCESS]    R8807;VDD.$4455.25;VDD.$4499.25;;0.036
[2026-08-13 17:07:54,617] [SUBPROCESS]    R8808;VDD.$4456.18;VDD.$4457.25;;9.3
[2026-08-13 17:07:54,617] [SUBPROCESS]    R8809;VDD.$4458.18;VDD.$4459.25;;9.3
[2026-08-13 17:07:54,618] [SUBPROCESS]    R8810;VDD.$4458.18;VDD.$4478.18;;18.432
[2026-08-13 17:07:54,619] [SUBPROCESS]    R8811;VDD.$4459.25;VDD.$4479.25;;0.18
[2026-08-13 17:07:54,619] [SUBPROCESS]    R8812;VDD.$446.15;VDD.$447.18;;585.0
[2026-08-13 17:07:54,620] [SUBPROCESS]    R8813;VDD.$446.15;VDD.$454.15;;0.0
[2026-08-13 17:07:54,620] [SUBPROCESS]    R8814;VDD.$4460.18;VDD.$4461.25;;9.3
[2026-08-13 17:07:54,621] [SUBPROCESS]    R8815;VDD.$4461.25;VDD.$4487.25;;0.0
[2026-08-13 17:07:54,621] [SUBPROCESS]    R8816;VDD.$4461.25;VDD.$4501.25;;0.036
[2026-08-13 17:07:54,622] [SUBPROCESS]    R8817;VDD.$4462.18;VDD.$4463.25;;9.3
[2026-08-13 17:07:54,622] [SUBPROCESS]    R8818;VDD.$4462.18;VDD.$4464.18;;18.432
[2026-08-13 17:07:54,623] [SUBPROCESS]    R8819;VDD.$4464.18;VDD.$4465.25;;9.3
[2026-08-13 17:07:54,623] [SUBPROCESS]    R8820;VDD.$4464.18;VDD.$4468.18;;18.432
[2026-08-13 17:07:54,624] [SUBPROCESS]    R8821;VDD.$4465.25;VDD.$4469.25;;0.18
[2026-08-13 17:07:54,624] [SUBPROCESS]    R8822;VDD.$4466.18;VDD.$4467.25;;9.3
[2026-08-13 17:07:54,625] [SUBPROCESS]    R8823;VDD.$4467.25;VDD.$4485.25;;0.0
[2026-08-13 17:07:54,625] [SUBPROCESS]    R8824;VDD.$4468.18;VDD.$4469.25;;9.3
[2026-08-13 17:07:54,625] [SUBPROCESS]    R8825;VDD.$4468.18;VDD.$4470.18;;18.432
[2026-08-13 17:07:54,626] [SUBPROCESS]    R8826;VDD.$4469.25;VDD.$4471.25;;0.18
[2026-08-13 17:07:54,626] [SUBPROCESS]    R8827;VDD.$4470.18;VDD.$4471.25;;9.3
[2026-08-13 17:07:54,627] [SUBPROCESS]    R8828;VDD.$4470.18;VDD.$4472.18;;18.432
[2026-08-13 17:07:54,627] [SUBPROCESS]    R8829;VDD.$4471.25;VDD.$4473.25;;0.18
[2026-08-13 17:07:54,628] [SUBPROCESS]    R8830;VDD.$4472.18;VDD.$4473.25;;9.3
[2026-08-13 17:07:54,628] [SUBPROCESS]    R8831;VDD.$4472.18;VDD.$4474.18;;18.432
[2026-08-13 17:07:54,629] [SUBPROCESS]    R8832;VDD.$4473.25;VDD.$4475.25;;0.18
[2026-08-13 17:07:54,629] [SUBPROCESS]    R8833;VDD.$4474.18;VDD.$4475.25;;9.3
[2026-08-13 17:07:54,630] [SUBPROCESS]    R8834;VDD.$4474.18;VDD.$4476.18;;18.432
[2026-08-13 17:07:54,630] [SUBPROCESS]    R8835;VDD.$4475.25;VDD.$4477.25;;0.18
[2026-08-13 17:07:54,631] [SUBPROCESS]    R8836;VDD.$4476.18;VDD.$4477.25;;9.3
[2026-08-13 17:07:54,631] [SUBPROCESS]    R8837;VDD.$4476.18;VDD.$4502.18;;18.432
[2026-08-13 17:07:54,632] [SUBPROCESS]    R8838;VDD.$4477.25;VDD.$4503.25;;0.18
[2026-08-13 17:07:54,632] [SUBPROCESS]    R8839;VDD.$4478.18;VDD.$4479.25;;9.3
[2026-08-13 17:07:54,632] [SUBPROCESS]    R8840;VDD.$448.15;VDD.$449.18;;585.0
[2026-08-13 17:07:54,633] [SUBPROCESS]    R8841;VDD.$448.15;VDD.$456.15;;0.0
[2026-08-13 17:07:54,633] [SUBPROCESS]    R8842;VDD.$4480.18;VDD.$4481.25;;9.3
[2026-08-13 17:07:54,634] [SUBPROCESS]    R8843;VDD.$4482.18;VDD.$4483.25;;9.3
[2026-08-13 17:07:54,634] [SUBPROCESS]    R8844;VDD.$4484.18;VDD.$4485.25;;9.3
[2026-08-13 17:07:54,635] [SUBPROCESS]    R8845;VDD.$4486.18;VDD.$4487.25;;9.3
[2026-08-13 17:07:54,635] [SUBPROCESS]    R8846;VDD.$4488.18;VDD.$4489.25;;9.3
[2026-08-13 17:07:54,636] [SUBPROCESS]    R8847;VDD.$4489.25;VDD.$4491.25;;0.0
[2026-08-13 17:07:54,637] [SUBPROCESS]    R8848;VDD.$4490.18;VDD.$4491.25;;9.3
[2026-08-13 17:07:54,637] [SUBPROCESS]    R8849;VDD.$4492.18;VDD.$4493.25;;9.3
[2026-08-13 17:07:54,638] [SUBPROCESS]    R8850;VDD.$4492.18;VDD.$4494.18;;18.432
[2026-08-13 17:07:54,638] [SUBPROCESS]    R8851;VDD.$4493.25;VDD.$4495.25;;0.18
[2026-08-13 17:07:54,639] [SUBPROCESS]    R8852;VDD.$4494.18;VDD.$4495.25;;9.3
[2026-08-13 17:07:54,639] [SUBPROCESS]    R8853;VDD.$4494.18;VDD.$4496.18;;18.432
[2026-08-13 17:07:54,640] [SUBPROCESS]    R8854;VDD.$4495.25;VDD.$4497.25;;0.18
[2026-08-13 17:07:54,640] [SUBPROCESS]    R8855;VDD.$4496.18;VDD.$4497.25;;9.3
[2026-08-13 17:07:54,641] [SUBPROCESS]    R8856;VDD.$4498.18;VDD.$4499.25;;9.3
[2026-08-13 17:07:54,641] [SUBPROCESS]    R8857;VDD.$4499.25;VDD.$4501.25;;0.0
[2026-08-13 17:07:54,641] [SUBPROCESS]    R8858;VDD.$450.15;VDD.$451.18;;585.0
[2026-08-13 17:07:54,642] [SUBPROCESS]    R8859;VDD.$450.15;VDD.$458.15;;0.0
[2026-08-13 17:07:54,642] [SUBPROCESS]    R8860;VDD.$4500.18;VDD.$4501.25;;9.3
[2026-08-13 17:07:54,643] [SUBPROCESS]    R8861;VDD.$4502.18;VDD.$4503.25;;9.3
[2026-08-13 17:07:54,643] [SUBPROCESS]    R8862;VDD.$4504.18;VDD.$4505.25;;9.3
[2026-08-13 17:07:54,644] [SUBPROCESS]    R8863;VDD.$4504.18;VDD.$4538.18;;18.432
[2026-08-13 17:07:54,644] [SUBPROCESS]    R8864;VDD.$4504.18;VDD.$4598.18;;18.432
[2026-08-13 17:07:54,645] [SUBPROCESS]    R8865;VDD.$4505.25;VDD.$4571.25;;0.003
[2026-08-13 17:07:54,645] [SUBPROCESS]    R8866;VDD.$4505.25;VDD.$4593.25;;0.043
[2026-08-13 17:07:54,646] [SUBPROCESS]    R8867;VDD.$4506.18;VDD.$4507.25;;9.3
[2026-08-13 17:07:54,646] [SUBPROCESS]    R8868;VDD.$4506.18;VDD.$4522.18;;18.432
[2026-08-13 17:07:54,647] [SUBPROCESS]    R8869;VDD.$4506.18;VDD.$4564.18;;18.432
[2026-08-13 17:07:54,647] [SUBPROCESS]    R8870;VDD.$4507.25;VDD.$4561.25;;0.043
[2026-08-13 17:07:54,648] [SUBPROCESS]    R8871;VDD.$4507.25;VDD.$4605.25;;0.003
[2026-08-13 17:07:54,648] [SUBPROCESS]    R8872;VDD.$4508.18;VDD.$4509.25;;9.3
[2026-08-13 17:07:54,649] [SUBPROCESS]    R8873;VDD.$4508.18;VDD.$4512.18;;18.432
[2026-08-13 17:07:54,649] [SUBPROCESS]    R8874;VDD.$4508.18;VDD.$4616.18;;18.432
[2026-08-13 17:07:54,649] [SUBPROCESS]    R8875;VDD.$4509.25;VDD.$4513.25;;0.18
[2026-08-13 17:07:54,650] [SUBPROCESS]    R8876;VDD.$4509.25;VDD.$4617.25;;0.18
[2026-08-13 17:07:54,651] [SUBPROCESS]    R8877;VDD.$4510.18;VDD.$4511.25;;9.3
[2026-08-13 17:07:54,651] [SUBPROCESS]    R8878;VDD.$4511.25;VDD.$4589.25;;0.0
[2026-08-13 17:07:54,652] [SUBPROCESS]    R8879;VDD.$4512.18;VDD.$4513.25;;9.3
[2026-08-13 17:07:54,652] [SUBPROCESS]    R8880;VDD.$4512.18;VDD.$4514.18;;18.432
[2026-08-13 17:07:54,653] [SUBPROCESS]    R8881;VDD.$4513.25;VDD.$4515.25;;0.18
[2026-08-13 17:07:54,654] [SUBPROCESS]    R8882;VDD.$4514.18;VDD.$4515.25;;9.3
[2026-08-13 17:07:54,655] [SUBPROCESS]    R8883;VDD.$4514.18;VDD.$4536.18;;18.432
[2026-08-13 17:07:54,656] [SUBPROCESS]    R8884;VDD.$4515.25;VDD.$4537.25;;0.18
[2026-08-13 17:07:54,656] [SUBPROCESS]    R8885;VDD.$4516.18;VDD.$4517.25;;9.3
[2026-08-13 17:07:54,657] [SUBPROCESS]    R8886;VDD.$4516.18;VDD.$4552.18;;59.985
[2026-08-13 17:07:54,657] [SUBPROCESS]    R8887;VDD.$4516.18;VDD.$4572.18;;18.432
[2026-08-13 17:07:54,657] [SUBPROCESS]    R8888;VDD.$4517.25;VDD.$4553.25;;0.075
[2026-08-13 17:07:54,658] [SUBPROCESS]    R8889;VDD.$4517.25;VDD.$4573.25;;0.0
[2026-08-13 17:07:54,658] [SUBPROCESS]    R8890;VDD.$4517.25;VDD.$4587.25;;0.16
[2026-08-13 17:07:54,659] [SUBPROCESS]    R8891;VDD.$4518.18;VDD.$4519.25;;9.3
[2026-08-13 17:07:54,659] [SUBPROCESS]    R8892;VDD.$4518.18;VDD.$4526.18;;18.432
[2026-08-13 17:07:54,660] [SUBPROCESS]    R8893;VDD.$4518.18;VDD.$4596.18;;18.432
[2026-08-13 17:07:54,660] [SUBPROCESS]    R8894;VDD.$4519.25;VDD.$4527.25;;0.18
[2026-08-13 17:07:54,661] [SUBPROCESS]    R8895;VDD.$4519.25;VDD.$4563.25;;0.095
[2026-08-13 17:07:54,661] [SUBPROCESS]    R8896;VDD.$452.15;VDD.$453.18;;585.0
[2026-08-13 17:07:54,661] [SUBPROCESS]    R8897;VDD.$452.15;VDD.$460.15;;0.0
[2026-08-13 17:07:54,662] [SUBPROCESS]    R8898;VDD.$4520.18;VDD.$4521.25;;9.3
[2026-08-13 17:07:54,662] [SUBPROCESS]    R8899;VDD.$4521.25;VDD.$4539.25;;0.003
[2026-08-13 17:07:54,663] [SUBPROCESS]    R8900;VDD.$4521.25;VDD.$4553.25;;0.043
[2026-08-13 17:07:54,663] [SUBPROCESS]    R8901;VDD.$4522.18;VDD.$4523.25;;9.3
[2026-08-13 17:07:54,664] [SUBPROCESS]    R8902;VDD.$4522.18;VDD.$4598.18;;18.432
[2026-08-13 17:07:54,664] [SUBPROCESS]    R8903;VDD.$4523.25;VDD.$4541.25;;0.003
[2026-08-13 17:07:54,665] [SUBPROCESS]    R8904;VDD.$4523.25;VDD.$4605.25;;0.043
[2026-08-13 17:07:54,665] [SUBPROCESS]    R8905;VDD.$4524.18;VDD.$4525.25;;9.3
[2026-08-13 17:07:54,666] [SUBPROCESS]    R8906;VDD.$4524.18;VDD.$4526.18;;18.432
[2026-08-13 17:07:54,666] [SUBPROCESS]    R8907;VDD.$4525.25;VDD.$4527.25;;0.18
[2026-08-13 17:07:54,666] [SUBPROCESS]    R8908;VDD.$4526.18;VDD.$4527.25;;9.3
[2026-08-13 17:07:54,667] [SUBPROCESS]    R8909;VDD.$4528.18;VDD.$4529.25;;9.3
[2026-08-13 17:07:54,667] [SUBPROCESS]    R8910;VDD.$4529.25;VDD.$4531.25;;0.0
[2026-08-13 17:07:54,668] [SUBPROCESS]    R8911;VDD.$4529.25;VDD.$4611.25;;0.036
[2026-08-13 17:07:54,668] [SUBPROCESS]    R8912;VDD.$4530.18;VDD.$4531.25;;9.3
[2026-08-13 17:07:54,669] [SUBPROCESS]    R8913;VDD.$4531.25;VDD.$4555.25;;0.036
[2026-08-13 17:07:54,670] [SUBPROCESS]    R8914;VDD.$4532.18;VDD.$4533.25;;9.3
[2026-08-13 17:07:54,670] [SUBPROCESS]    R8915;VDD.$4533.25;VDD.$4549.25;;0.003
[2026-08-13 17:07:54,671] [SUBPROCESS]    R8916;VDD.$4533.25;VDD.$4565.25;;0.043
[2026-08-13 17:07:54,671] [SUBPROCESS]    R8917;VDD.$4534.18;VDD.$4535.25;;9.3
[2026-08-13 17:07:54,672] [SUBPROCESS]    R8918;VDD.$4535.25;VDD.$4601.25;;0.036
[2026-08-13 17:07:54,672] [SUBPROCESS]    R8919;VDD.$4535.25;VDD.$4615.25;;0.0
[2026-08-13 17:07:54,673] [SUBPROCESS]    R8920;VDD.$4536.18;VDD.$4537.25;;9.3
[2026-08-13 17:07:54,673] [SUBPROCESS]    R8921;VDD.$4536.18;VDD.$4542.18;;18.432
[2026-08-13 17:07:54,674] [SUBPROCESS]    R8922;VDD.$4537.25;VDD.$4543.25;;0.18
[2026-08-13 17:07:54,674] [SUBPROCESS]    R8923;VDD.$4538.18;VDD.$4539.25;;9.3
[2026-08-13 17:07:54,674] [SUBPROCESS]    R8924;VDD.$4538.18;VDD.$4552.18;;18.432
[2026-08-13 17:07:54,675] [SUBPROCESS]    R8925;VDD.$4539.25;VDD.$4571.25;;0.043
[2026-08-13 17:07:54,675] [SUBPROCESS]    R8926;VDD.$454.15;VDD.$455.18;;585.0
[2026-08-13 17:07:54,676] [SUBPROCESS]    R8927;VDD.$454.15;VDD.$462.15;;0.0
[2026-08-13 17:07:54,676] [SUBPROCESS]    R8928;VDD.$4540.18;VDD.$4541.25;;9.3
[2026-08-13 17:07:54,676] [SUBPROCESS]    R8929;VDD.$4541.25;VDD.$4599.25;;0.043
[2026-08-13 17:07:54,677] [SUBPROCESS]    R8930;VDD.$4542.18;VDD.$4543.25;;9.3
[2026-08-13 17:07:54,677] [SUBPROCESS]    R8931;VDD.$4542.18;VDD.$4544.18;;18.432
[2026-08-13 17:07:54,678] [SUBPROCESS]    R8932;VDD.$4543.25;VDD.$4545.25;;0.18
[2026-08-13 17:07:54,678] [SUBPROCESS]    R8933;VDD.$4544.18;VDD.$4545.25;;9.3
[2026-08-13 17:07:54,679] [SUBPROCESS]    R8934;VDD.$4544.18;VDD.$4546.18;;18.432
[2026-08-13 17:07:54,679] [SUBPROCESS]    R8935;VDD.$4545.25;VDD.$4547.25;;0.18
[2026-08-13 17:07:54,679] [SUBPROCESS]    R8936;VDD.$4546.18;VDD.$4547.25;;9.3
[2026-08-13 17:07:54,680] [SUBPROCESS]    R8937;VDD.$4546.18;VDD.$4566.18;;18.432
[2026-08-13 17:07:54,680] [SUBPROCESS]    R8938;VDD.$4547.25;VDD.$4567.25;;0.18
[2026-08-13 17:07:54,681] [SUBPROCESS]    R8939;VDD.$4548.18;VDD.$4549.25;;9.3
[2026-08-13 17:07:54,681] [SUBPROCESS]    R8940;VDD.$4548.18;VDD.$4564.18;;18.432
[2026-08-13 17:07:54,682] [SUBPROCESS]    R8941;VDD.$4548.18;VDD.$4618.18;;18.432
[2026-08-13 17:07:54,682] [SUBPROCESS]    R8942;VDD.$4549.25;VDD.$4613.25;;0.043
[2026-08-13 17:07:54,682] [SUBPROCESS]    R8943;VDD.$4550.18;VDD.$4551.25;;9.3
[2026-08-13 17:07:54,683] [SUBPROCESS]    R8944;VDD.$4551.25;VDD.$4559.25;;0.0
[2026-08-13 17:07:54,683] [SUBPROCESS]    R8945;VDD.$4551.25;VDD.$4581.25;;0.036
[2026-08-13 17:07:54,684] [SUBPROCESS]    R8946;VDD.$4552.18;VDD.$4553.25;;9.3
[2026-08-13 17:07:54,684] [SUBPROCESS]    R8947;VDD.$4554.18;VDD.$4555.25;;9.3
[2026-08-13 17:07:54,685] [SUBPROCESS]    R8948;VDD.$4555.25;VDD.$4557.25;;0.0
[2026-08-13 17:07:54,685] [SUBPROCESS]    R8949;VDD.$4556.18;VDD.$4557.25;;9.3
[2026-08-13 17:07:54,686] [SUBPROCESS]    R8950;VDD.$4557.25;VDD.$4575.25;;0.036
[2026-08-13 17:07:54,686] [SUBPROCESS]    R8951;VDD.$4558.18;VDD.$4559.25;;9.3
[2026-08-13 17:07:54,687] [SUBPROCESS]    R8952;VDD.$4559.25;VDD.$4595.25;;0.036
[2026-08-13 17:07:54,687] [SUBPROCESS]    R8953;VDD.$456.15;VDD.$457.18;;585.0
[2026-08-13 17:07:54,688] [SUBPROCESS]    R8954;VDD.$456.15;VDD.$464.15;;0.0
[2026-08-13 17:07:54,688] [SUBPROCESS]    R8955;VDD.$4560.18;VDD.$4561.25;;9.3
[2026-08-13 17:07:54,689] [SUBPROCESS]    R8956;VDD.$4561.25;VDD.$4565.25;;0.003
[2026-08-13 17:07:54,689] [SUBPROCESS]    R8957;VDD.$4562.18;VDD.$4563.25;;9.3
[2026-08-13 17:07:54,690] [SUBPROCESS]    R8958;VDD.$4562.18;VDD.$4596.18;;18.432
[2026-08-13 17:07:54,691] [SUBPROCESS]    R8959;VDD.$4562.18;VDD.$4602.18;;18.432
[2026-08-13 17:07:54,691] [SUBPROCESS]    R8960;VDD.$4563.25;VDD.$4597.25;;0.0
[2026-08-13 17:07:54,692] [SUBPROCESS]    R8961;VDD.$4563.25;VDD.$4607.25;;0.094
[2026-08-13 17:07:54,692] [SUBPROCESS]    R8962;VDD.$4563.25;VDD.$4617.25;;0.0
[2026-08-13 17:07:54,693] [SUBPROCESS]    R8963;VDD.$4564.18;VDD.$4565.25;;9.3
[2026-08-13 17:07:54,693] [SUBPROCESS]    R8964;VDD.$4566.18;VDD.$4567.25;;9.3
[2026-08-13 17:07:54,694] [SUBPROCESS]    R8965;VDD.$4566.18;VDD.$4568.18;;18.432
[2026-08-13 17:07:54,695] [SUBPROCESS]    R8966;VDD.$4567.25;VDD.$4569.25;;0.18
[2026-08-13 17:07:54,695] [SUBPROCESS]    R8967;VDD.$4568.18;VDD.$4569.25;;9.3
[2026-08-13 17:07:54,696] [SUBPROCESS]    R8968;VDD.$4568.18;VDD.$4578.18;;18.432
[2026-08-13 17:07:54,696] [SUBPROCESS]    R8969;VDD.$4569.25;VDD.$4579.25;;0.18
[2026-08-13 17:07:54,697] [SUBPROCESS]    R8970;VDD.$4570.18;VDD.$4571.25;;9.3
[2026-08-13 17:07:54,697] [SUBPROCESS]    R8971;VDD.$4572.18;VDD.$4573.25;;9.3
[2026-08-13 17:07:54,698] [SUBPROCESS]    R8972;VDD.$4572.18;VDD.$4586.18;;18.432
[2026-08-13 17:07:54,698] [SUBPROCESS]    R8973;VDD.$4574.18;VDD.$4575.25;;9.3
[2026-08-13 17:07:54,699] [SUBPROCESS]    R8974;VDD.$4575.25;VDD.$4601.25;;0.0
[2026-08-13 17:07:54,699] [SUBPROCESS]    R8975;VDD.$4576.18;VDD.$4577.25;;9.3
[2026-08-13 17:07:54,699] [SUBPROCESS]    R8976;VDD.$4577.25;VDD.$4581.25;;0.0
[2026-08-13 17:07:54,700] [SUBPROCESS]    R8977;VDD.$4577.25;VDD.$4615.25;;0.036
[2026-08-13 17:07:54,700] [SUBPROCESS]    R8978;VDD.$4578.18;VDD.$4579.25;;9.3
[2026-08-13 17:07:54,701] [SUBPROCESS]    R8979;VDD.$4578.18;VDD.$4582.18;;18.432
[2026-08-13 17:07:54,701] [SUBPROCESS]    R8980;VDD.$4579.25;VDD.$4583.25;;0.18
[2026-08-13 17:07:54,702] [SUBPROCESS]    R8981;VDD.$458.15;VDD.$459.18;;585.0
[2026-08-13 17:07:54,703] [SUBPROCESS]    R8982;VDD.$458.15;VDD.$472.15;;0.0
[2026-08-13 17:07:54,704] [SUBPROCESS]    R8983;VDD.$4580.18;VDD.$4581.25;;9.3
[2026-08-13 17:07:54,704] [SUBPROCESS]    R8984;VDD.$4582.18;VDD.$4583.25;;9.3
[2026-08-13 17:07:54,704] [SUBPROCESS]    R8985;VDD.$4582.18;VDD.$4584.18;;18.432
[2026-08-13 17:07:54,705] [SUBPROCESS]    R8986;VDD.$4583.25;VDD.$4585.25;;0.18
[2026-08-13 17:07:54,706] [SUBPROCESS]    R8987;VDD.$4584.18;VDD.$4585.25;;9.3
[2026-08-13 17:07:54,706] [SUBPROCESS]    R8988;VDD.$4584.18;VDD.$4586.18;;18.432
[2026-08-13 17:07:54,706] [SUBPROCESS]    R8989;VDD.$4585.25;VDD.$4587.25;;0.18
[2026-08-13 17:07:54,707] [SUBPROCESS]    R8990;VDD.$4586.18;VDD.$4587.25;;9.3
[2026-08-13 17:07:54,707] [SUBPROCESS]    R8991;VDD.$4588.18;VDD.$4589.25;;9.3
[2026-08-13 17:07:54,708] [SUBPROCESS]    R8992;VDD.$4589.25;VDD.$4609.25;;0.036
[2026-08-13 17:07:54,708] [SUBPROCESS]    R8993;VDD.$4590.18;VDD.$4591.25;;9.3
[2026-08-13 17:07:54,709] [SUBPROCESS]    R8994;VDD.$4591.25;VDD.$4619.25;;0.043
[2026-08-13 17:07:54,709] [SUBPROCESS]    R8995;VDD.$4592.18;VDD.$4593.25;;9.3
[2026-08-13 17:07:54,710] [SUBPROCESS]    R8996;VDD.$4593.25;VDD.$4599.25;;0.003
[2026-08-13 17:07:54,710] [SUBPROCESS]    R8997;VDD.$4594.18;VDD.$4595.25;;9.3
[2026-08-13 17:07:54,710] [SUBPROCESS]    R8998;VDD.$4595.25;VDD.$4607.25;;0.0
[2026-08-13 17:07:54,711] [SUBPROCESS]    R8999;VDD.$4596.18;VDD.$4597.25;;9.3
[2026-08-13 17:07:54,711] [SUBPROCESS]    R9000;VDD.$4597.25;VDD.$4603.25;;0.0
[2026-08-13 17:07:54,712] [SUBPROCESS]    R9001;VDD.$4598.18;VDD.$4599.25;;9.3
[2026-08-13 17:07:54,712] [SUBPROCESS]    R9002;VDD.$46.15;VDD.$47.18;;585.0
[2026-08-13 17:07:54,712] [SUBPROCESS]    R9003;VDD.$46.15;VDD.$54.15;;0.0
[2026-08-13 17:07:54,713] [SUBPROCESS]    R9004;VDD.$460.15;VDD.$461.18;;585.0
[2026-08-13 17:07:54,713] [SUBPROCESS]    R9005;VDD.$460.15;VDD.$474.15;;0.0
[2026-08-13 17:07:54,714] [SUBPROCESS]    R9006;VDD.$4600.18;VDD.$4601.25;;9.3
[2026-08-13 17:07:54,714] [SUBPROCESS]    R9007;VDD.$4602.18;VDD.$4603.25;;9.3
[2026-08-13 17:07:54,715] [SUBPROCESS]    R9008;VDD.$4602.18;VDD.$4616.18;;18.432
[2026-08-13 17:07:54,715] [SUBPROCESS]    R9009;VDD.$4603.25;VDD.$4617.25;;0.0
[2026-08-13 17:07:54,715] [SUBPROCESS]    R9010;VDD.$4604.18;VDD.$4605.25;;9.3
[2026-08-13 17:07:54,716] [SUBPROCESS]    R9011;VDD.$4606.18;VDD.$4607.25;;9.3
[2026-08-13 17:07:54,716] [SUBPROCESS]    R9012;VDD.$4608.18;VDD.$4609.25;;9.3
[2026-08-13 17:07:54,717] [SUBPROCESS]    R9013;VDD.$4609.25;VDD.$4611.25;;0.0
[2026-08-13 17:07:54,717] [SUBPROCESS]    R9014;VDD.$4610.18;VDD.$4611.25;;9.3
[2026-08-13 17:07:54,718] [SUBPROCESS]    R9015;VDD.$4612.18;VDD.$4613.25;;9.3
[2026-08-13 17:07:54,718] [SUBPROCESS]    R9016;VDD.$4613.25;VDD.$4619.25;;0.003
[2026-08-13 17:07:54,718] [SUBPROCESS]    R9017;VDD.$4614.18;VDD.$4615.25;;9.3
[2026-08-13 17:07:54,719] [SUBPROCESS]    R9018;VDD.$4616.18;VDD.$4617.25;;9.3
[2026-08-13 17:07:54,719] [SUBPROCESS]    R9019;VDD.$4618.18;VDD.$4619.25;;9.3
[2026-08-13 17:07:54,720] [SUBPROCESS]    R9020;VDD.$462.15;VDD.$463.18;;585.0
[2026-08-13 17:07:54,720] [SUBPROCESS]    R9021;VDD.$462.15;VDD.$476.15;;0.0
[2026-08-13 17:07:54,721] [SUBPROCESS]    R9022;VDD.$464.15;VDD.$465.18;;585.0
[2026-08-13 17:07:54,722] [SUBPROCESS]    R9023;VDD.$464.15;VDD.$478.15;;0.0
[2026-08-13 17:07:54,722] [SUBPROCESS]    R9024;VDD.$466.15;VDD.$467.18;;585.0
[2026-08-13 17:07:54,723] [SUBPROCESS]    R9025;VDD.$466.15;VDD.$470.15;;0.0
[2026-08-13 17:07:54,723] [SUBPROCESS]    R9026;VDD.$466.15;VDD.P83.15;;0.0
[2026-08-13 17:07:54,724] [SUBPROCESS]    R9027;VDD.$468.15;VDD.$469.18;;585.0
[2026-08-13 17:07:54,724] [SUBPROCESS]    R9028;VDD.$468.15;VDD.$480.15;;0.0
[2026-08-13 17:07:54,724] [SUBPROCESS]    R9029;VDD.$468.15;VDD.P1.15;;0.0
[2026-08-13 17:07:54,725] [SUBPROCESS]    R9030;VDD.$470.15;VDD.$471.18;;585.0
[2026-08-13 17:07:54,725] [SUBPROCESS]    R9031;VDD.$470.15;VDD.$482.15;;0.0
[2026-08-13 17:07:54,726] [SUBPROCESS]    R9032;VDD.$472.15;VDD.$473.18;;585.0
[2026-08-13 17:07:54,726] [SUBPROCESS]    R9033;VDD.$472.15;VDD.P47.15;;0.0
[2026-08-13 17:07:54,726] [SUBPROCESS]    R9034;VDD.$474.15;VDD.$475.18;;585.0
[2026-08-13 17:07:54,727] [SUBPROCESS]    R9035;VDD.$474.15;VDD.P42.15;;0.0
[2026-08-13 17:07:54,727] [SUBPROCESS]    R9036;VDD.$476.15;VDD.$477.18;;585.0
[2026-08-13 17:07:54,728] [SUBPROCESS]    R9037;VDD.$476.15;VDD.P43.15;;0.0
[2026-08-13 17:07:54,728] [SUBPROCESS]    R9038;VDD.$478.15;VDD.$479.18;;585.0
[2026-08-13 17:07:54,729] [SUBPROCESS]    R9039;VDD.$478.15;VDD.P38.15;;0.0
[2026-08-13 17:07:54,729] [SUBPROCESS]    R9040;VDD.$48.15;VDD.$49.18;;585.0
[2026-08-13 17:07:54,730] [SUBPROCESS]    R9041;VDD.$48.15;VDD.$56.15;;0.0
[2026-08-13 17:07:54,730] [SUBPROCESS]    R9042;VDD.$480.15;VDD.$481.18;;585.0
[2026-08-13 17:07:54,731] [SUBPROCESS]    R9043;VDD.$480.15;VDD.$484.15;;0.0
[2026-08-13 17:07:54,731] [SUBPROCESS]    R9044;VDD.$482.15;VDD.$483.18;;585.0
[2026-08-13 17:07:54,732] [SUBPROCESS]    R9045;VDD.$482.15;VDD.$486.15;;0.0
[2026-08-13 17:07:54,732] [SUBPROCESS]    R9046;VDD.$484.15;VDD.$485.18;;585.0
[2026-08-13 17:07:54,733] [SUBPROCESS]    R9047;VDD.$486.15;VDD.$487.18;;585.0
[2026-08-13 17:07:54,734] [SUBPROCESS]    R9048;VDD.$488.15;VDD.$489.18;;585.0
[2026-08-13 17:07:54,734] [SUBPROCESS]    R9049;VDD.$488.15;VDD.$500.15;;0.0
[2026-08-13 17:07:54,735] [SUBPROCESS]    R9050;VDD.$488.15;VDD.P47.15;;0.0
[2026-08-13 17:07:54,736] [SUBPROCESS]    R9051;VDD.$490.15;VDD.$491.18;;585.0
[2026-08-13 17:07:54,736] [SUBPROCESS]    R9052;VDD.$490.15;VDD.$502.15;;0.0
[2026-08-13 17:07:54,737] [SUBPROCESS]    R9053;VDD.$490.15;VDD.P42.15;;0.0
[2026-08-13 17:07:54,737] [SUBPROCESS]    R9054;VDD.$492.15;VDD.$493.18;;585.0
[2026-08-13 17:07:54,738] [SUBPROCESS]    R9055;VDD.$492.15;VDD.$504.15;;0.0
[2026-08-13 17:07:54,738] [SUBPROCESS]    R9056;VDD.$492.15;VDD.P43.15;;0.0
[2026-08-13 17:07:54,739] [SUBPROCESS]    R9057;VDD.$494.15;VDD.$495.18;;585.0
[2026-08-13 17:07:54,740] [SUBPROCESS]    R9058;VDD.$494.15;VDD.$506.15;;0.0
[2026-08-13 17:07:54,740] [SUBPROCESS]    R9059;VDD.$494.15;VDD.P38.15;;0.0
[2026-08-13 17:07:54,740] [SUBPROCESS]    R9060;VDD.$496.15;VDD.$497.18;;585.0
[2026-08-13 17:07:54,741] [SUBPROCESS]    R9061;VDD.$496.15;VDD.$516.15;;0.0
[2026-08-13 17:07:54,741] [SUBPROCESS]    R9062;VDD.$498.15;VDD.$499.18;;585.0
[2026-08-13 17:07:54,742] [SUBPROCESS]    R9063;VDD.$498.15;VDD.$518.15;;0.0
[2026-08-13 17:07:54,742] [SUBPROCESS]    R9064;VDD.$50.15;VDD.$51.18;;585.0
[2026-08-13 17:07:54,743] [SUBPROCESS]    R9065;VDD.$50.15;VDD.P24.15;;0.0
[2026-08-13 17:07:54,743] [SUBPROCESS]    R9066;VDD.$500.15;VDD.$501.18;;585.0
[2026-08-13 17:07:54,743] [SUBPROCESS]    R9067;VDD.$500.15;VDD.$508.15;;0.0
[2026-08-13 17:07:54,744] [SUBPROCESS]    R9068;VDD.$502.15;VDD.$503.18;;585.0
[2026-08-13 17:07:54,744] [SUBPROCESS]    R9069;VDD.$502.15;VDD.$510.15;;0.0
[2026-08-13 17:07:54,745] [SUBPROCESS]    R9070;VDD.$504.15;VDD.$505.18;;585.0
[2026-08-13 17:07:54,745] [SUBPROCESS]    R9071;VDD.$504.15;VDD.$512.15;;0.0
[2026-08-13 17:07:54,745] [SUBPROCESS]    R9072;VDD.$506.15;VDD.$507.18;;585.0
[2026-08-13 17:07:54,746] [SUBPROCESS]    R9073;VDD.$506.15;VDD.$514.15;;0.0
[2026-08-13 17:07:54,746] [SUBPROCESS]    R9074;VDD.$508.15;VDD.$509.18;;585.0
[2026-08-13 17:07:54,747] [SUBPROCESS]    R9075;VDD.$508.15;VDD.$520.15;;0.0
[2026-08-13 17:07:54,747] [SUBPROCESS]    R9076;VDD.$510.15;VDD.$511.18;;585.0
[2026-08-13 17:07:54,747] [SUBPROCESS]    R9077;VDD.$510.15;VDD.$522.15;;0.0
[2026-08-13 17:07:54,748] [SUBPROCESS]    R9078;VDD.$512.15;VDD.$513.18;;585.0
[2026-08-13 17:07:54,748] [SUBPROCESS]    R9079;VDD.$512.15;VDD.$524.15;;0.0
[2026-08-13 17:07:54,749] [SUBPROCESS]    R9080;VDD.$514.15;VDD.$515.18;;585.0
[2026-08-13 17:07:54,749] [SUBPROCESS]    R9081;VDD.$514.15;VDD.$526.15;;0.0
[2026-08-13 17:07:54,749] [SUBPROCESS]    R9082;VDD.$516.15;VDD.$517.18;;585.0
[2026-08-13 17:07:54,750] [SUBPROCESS]    R9083;VDD.$516.15;VDD.$528.15;;0.0
[2026-08-13 17:07:54,750] [SUBPROCESS]    R9084;VDD.$518.15;VDD.$519.18;;585.0
[2026-08-13 17:07:54,751] [SUBPROCESS]    R9085;VDD.$518.15;VDD.$530.15;;0.0
[2026-08-13 17:07:54,751] [SUBPROCESS]    R9086;VDD.$52.15;VDD.$53.18;;585.0
[2026-08-13 17:07:54,752] [SUBPROCESS]    R9087;VDD.$52.15;VDD.P25.15;;0.0
[2026-08-13 17:07:54,752] [SUBPROCESS]    R9088;VDD.$520.15;VDD.$521.18;;585.0
[2026-08-13 17:07:54,752] [SUBPROCESS]    R9089;VDD.$520.15;VDD.$532.15;;0.0
[2026-08-13 17:07:54,753] [SUBPROCESS]    R9090;VDD.$522.15;VDD.$523.18;;585.0
[2026-08-13 17:07:54,753] [SUBPROCESS]    R9091;VDD.$522.15;VDD.$534.15;;0.0
[2026-08-13 17:07:54,754] [SUBPROCESS]    R9092;VDD.$524.15;VDD.$525.18;;585.0
[2026-08-13 17:07:54,754] [SUBPROCESS]    R9093;VDD.$524.15;VDD.$536.15;;0.0
[2026-08-13 17:07:54,755] [SUBPROCESS]    R9094;VDD.$526.15;VDD.$527.18;;585.0
[2026-08-13 17:07:54,756] [SUBPROCESS]    R9095;VDD.$526.15;VDD.$538.15;;0.0
[2026-08-13 17:07:54,756] [SUBPROCESS]    R9096;VDD.$528.15;VDD.$529.18;;585.0
[2026-08-13 17:07:54,757] [SUBPROCESS]    R9097;VDD.$528.15;VDD.P83.15;;0.0
[2026-08-13 17:07:54,757] [SUBPROCESS]    R9098;VDD.$530.15;VDD.$531.18;;585.0
[2026-08-13 17:07:54,757] [SUBPROCESS]    R9099;VDD.$530.15;VDD.P1.15;;0.0
[2026-08-13 17:07:54,758] [SUBPROCESS]    R9100;VDD.$532.15;VDD.$533.18;;585.0
[2026-08-13 17:07:54,758] [SUBPROCESS]    R9101;VDD.$534.15;VDD.$535.18;;585.0
[2026-08-13 17:07:54,759] [SUBPROCESS]    R9102;VDD.$536.15;VDD.$537.18;;585.0
[2026-08-13 17:07:54,759] [SUBPROCESS]    R9103;VDD.$538.15;VDD.$539.18;;585.0
[2026-08-13 17:07:54,759] [SUBPROCESS]    R9104;VDD.$54.15;VDD.$55.18;;585.0
[2026-08-13 17:07:54,760] [SUBPROCESS]    R9105;VDD.$54.15;VDD.P10.15;;0.0
[2026-08-13 17:07:54,760] [SUBPROCESS]    R9106;VDD.$540.15;VDD.$541.18;;585.0
[2026-08-13 17:07:54,761] [SUBPROCESS]    R9107;VDD.$540.15;VDD.$646.15;;0.0
[2026-08-13 17:07:54,761] [SUBPROCESS]    R9108;VDD.$542.15;VDD.$543.18;;585.0
[2026-08-13 17:07:54,762] [SUBPROCESS]    R9109;VDD.$542.15;VDD.$648.15;;0.0
[2026-08-13 17:07:54,762] [SUBPROCESS]    R9110;VDD.$542.15;VDD.P58.15;;0.0
[2026-08-13 17:07:54,763] [SUBPROCESS]    R9111;VDD.$544.15;VDD.$545.18;;585.0
[2026-08-13 17:07:54,763] [SUBPROCESS]    R9112;VDD.$544.15;VDD.$660.15;;0.0
[2026-08-13 17:07:54,764] [SUBPROCESS]    R9113;VDD.$544.15;VDD.P59.15;;0.0
[2026-08-13 17:07:54,764] [SUBPROCESS]    R9114;VDD.$546.15;VDD.$547.18;;585.0
[2026-08-13 17:07:54,765] [SUBPROCESS]    R9115;VDD.$546.15;VDD.$662.15;;0.0
[2026-08-13 17:07:54,765] [SUBPROCESS]    R9116;VDD.$546.15;VDD.P50.15;;0.0
[2026-08-13 17:07:54,765] [SUBPROCESS]    R9117;VDD.$548.15;VDD.$549.18;;585.0
[2026-08-13 17:07:54,766] [SUBPROCESS]    R9118;VDD.$548.15;VDD.$664.15;;0.0
[2026-08-13 17:07:54,766] [SUBPROCESS]    R9119;VDD.$548.15;VDD.P51.15;;0.0
[2026-08-13 17:07:54,767] [SUBPROCESS]    R9120;VDD.$550.15;VDD.$551.18;;585.0
[2026-08-13 17:07:54,767] [SUBPROCESS]    R9121;VDD.$550.15;VDD.$666.15;;0.0
[2026-08-13 17:07:54,767] [SUBPROCESS]    R9122;VDD.$550.15;VDD.P46.15;;0.0
[2026-08-13 17:07:54,768] [SUBPROCESS]    R9123;VDD.$552.15;VDD.$553.18;;585.0
[2026-08-13 17:07:54,768] [SUBPROCESS]    R9124;VDD.$552.15;VDD.$678.15;;0.0
[2026-08-13 17:07:54,769] [SUBPROCESS]    R9125;VDD.$554.15;VDD.$555.18;;585.0
[2026-08-13 17:07:54,769] [SUBPROCESS]    R9126;VDD.$554.15;VDD.$680.15;;0.0
[2026-08-13 17:07:54,770] [SUBPROCESS]    R9127;VDD.$556.15;VDD.$557.18;;585.0
[2026-08-13 17:07:54,771] [SUBPROCESS]    R9128;VDD.$556.15;VDD.$692.15;;0.0
[2026-08-13 17:07:54,771] [SUBPROCESS]    R9129;VDD.$558.15;VDD.$559.18;;585.0
[2026-08-13 17:07:54,772] [SUBPROCESS]    R9130;VDD.$558.15;VDD.$582.15;;0.0
[2026-08-13 17:07:54,772] [SUBPROCESS]    R9131;VDD.$558.15;VDD.$702.15;;0.0
[2026-08-13 17:07:54,773] [SUBPROCESS]    R9132;VDD.$56.15;VDD.$57.18;;585.0
[2026-08-13 17:07:54,774] [SUBPROCESS]    R9133;VDD.$56.15;VDD.P11.15;;0.0
[2026-08-13 17:07:54,774] [SUBPROCESS]    R9134;VDD.$560.15;VDD.$561.18;;585.0
[2026-08-13 17:07:54,775] [SUBPROCESS]    R9135;VDD.$560.15;VDD.$642.15;;0.0
[2026-08-13 17:07:54,775] [SUBPROCESS]    R9136;VDD.$560.15;VDD.$696.15;;0.0
[2026-08-13 17:07:54,776] [SUBPROCESS]    R9137;VDD.$562.15;VDD.$563.18;;585.0
[2026-08-13 17:07:54,777] [SUBPROCESS]    R9138;VDD.$562.15;VDD.$610.15;;0.0
[2026-08-13 17:07:54,777] [SUBPROCESS]    R9139;VDD.$564.15;VDD.$565.18;;585.0
[2026-08-13 17:07:54,778] [SUBPROCESS]    R9140;VDD.$564.15;VDD.$612.15;;0.0
[2026-08-13 17:07:54,778] [SUBPROCESS]    R9141;VDD.$566.15;VDD.$567.18;;585.0
[2026-08-13 17:07:54,779] [SUBPROCESS]    R9142;VDD.$566.15;VDD.$614.15;;0.0
[2026-08-13 17:07:54,779] [SUBPROCESS]    R9143;VDD.$568.15;VDD.$569.18;;585.0
[2026-08-13 17:07:54,779] [SUBPROCESS]    R9144;VDD.$568.15;VDD.$600.15;;0.0
[2026-08-13 17:07:54,780] [SUBPROCESS]    R9145;VDD.$568.15;VDD.P58.15;;0.0
[2026-08-13 17:07:54,780] [SUBPROCESS]    R9146;VDD.$570.15;VDD.$571.18;;585.0
[2026-08-13 17:07:54,781] [SUBPROCESS]    R9147;VDD.$570.15;VDD.$602.15;;0.0
[2026-08-13 17:07:54,781] [SUBPROCESS]    R9148;VDD.$570.15;VDD.P59.15;;0.0
[2026-08-13 17:07:54,782] [SUBPROCESS]    R9149;VDD.$572.15;VDD.$573.18;;585.0
[2026-08-13 17:07:54,782] [SUBPROCESS]    R9150;VDD.$572.15;VDD.$604.15;;0.0
[2026-08-13 17:07:54,783] [SUBPROCESS]    R9151;VDD.$572.15;VDD.P50.15;;0.0
[2026-08-13 17:07:54,783] [SUBPROCESS]    R9152;VDD.$574.15;VDD.$575.18;;585.0
[2026-08-13 17:07:54,783] [SUBPROCESS]    R9153;VDD.$574.15;VDD.$606.15;;0.0
[2026-08-13 17:07:54,784] [SUBPROCESS]    R9154;VDD.$574.15;VDD.P51.15;;0.0
[2026-08-13 17:07:54,784] [SUBPROCESS]    R9155;VDD.$576.15;VDD.$577.18;;585.0
[2026-08-13 17:07:54,785] [SUBPROCESS]    R9156;VDD.$576.15;VDD.$608.15;;0.0
[2026-08-13 17:07:54,786] [SUBPROCESS]    R9157;VDD.$576.15;VDD.P46.15;;0.0
[2026-08-13 17:07:54,786] [SUBPROCESS]    R9158;VDD.$578.15;VDD.$579.18;;585.0
[2026-08-13 17:07:54,787] [SUBPROCESS]    R9159;VDD.$578.15;VDD.$616.15;;0.0
[2026-08-13 17:07:54,787] [SUBPROCESS]    R9160;VDD.$58.15;VDD.$59.18;;585.0
[2026-08-13 17:07:54,788] [SUBPROCESS]    R9161;VDD.$58.15;VDD.$66.15;;0.0
[2026-08-13 17:07:54,788] [SUBPROCESS]    R9162;VDD.$58.15;VDD.P24.15;;0.0
[2026-08-13 17:07:54,789] [SUBPROCESS]    R9163;VDD.$580.15;VDD.$581.18;;585.0
[2026-08-13 17:07:54,789] [SUBPROCESS]    R9164;VDD.$580.15;VDD.$636.15;;0.0
[2026-08-13 17:07:54,790] [SUBPROCESS]    R9165;VDD.$582.15;VDD.$583.18;;585.0
[2026-08-13 17:07:54,790] [SUBPROCESS]    R9166;VDD.$582.15;VDD.$646.15;;0.0
[2026-08-13 17:07:54,791] [SUBPROCESS]    R9167;VDD.$584.15;VDD.$585.18;;585.0
[2026-08-13 17:07:54,791] [SUBPROCESS]    R9168;VDD.$584.15;VDD.$638.15;;0.0
[2026-08-13 17:07:54,791] [SUBPROCESS]    R9169;VDD.$584.15;VDD.$678.15;;0.0
[2026-08-13 17:07:54,792] [SUBPROCESS]    R9170;VDD.$586.15;VDD.$587.18;;585.0
[2026-08-13 17:07:54,792] [SUBPROCESS]    R9171;VDD.$586.15;VDD.$618.15;;0.0
[2026-08-13 17:07:54,793] [SUBPROCESS]    R9172;VDD.$588.15;VDD.$589.18;;585.0
[2026-08-13 17:07:54,793] [SUBPROCESS]    R9173;VDD.$588.15;VDD.$620.15;;0.0
[2026-08-13 17:07:54,794] [SUBPROCESS]    R9174;VDD.$590.15;VDD.$591.18;;585.0
[2026-08-13 17:07:54,794] [SUBPROCESS]    R9175;VDD.$590.15;VDD.$622.15;;0.0
[2026-08-13 17:07:54,794] [SUBPROCESS]    R9176;VDD.$592.15;VDD.$593.18;;585.0
[2026-08-13 17:07:54,795] [SUBPROCESS]    R9177;VDD.$592.15;VDD.$624.15;;0.0
[2026-08-13 17:07:54,795] [SUBPROCESS]    R9178;VDD.$594.15;VDD.$595.18;;585.0
[2026-08-13 17:07:54,796] [SUBPROCESS]    R9179;VDD.$594.15;VDD.$644.15;;0.0
[2026-08-13 17:07:54,797] [SUBPROCESS]    R9180;VDD.$596.15;VDD.$597.18;;585.0
[2026-08-13 17:07:54,797] [SUBPROCESS]    R9181;VDD.$596.15;VDD.$640.15;;0.0
[2026-08-13 17:07:54,797] [SUBPROCESS]    R9182;VDD.$596.15;VDD.$680.15;;0.0
[2026-08-13 17:07:54,798] [SUBPROCESS]    R9183;VDD.$598.15;VDD.$599.18;;585.0
[2026-08-13 17:07:54,798] [SUBPROCESS]    R9184;VDD.$598.15;VDD.$692.15;;0.0
[2026-08-13 17:07:54,799] [SUBPROCESS]    R9185;VDD.$598.15;VDD.$694.15;;0.0
[2026-08-13 17:07:54,799] [SUBPROCESS]    R9186;VDD.$6.15;VDD.$7.18;;585.0
[2026-08-13 17:07:54,800] [SUBPROCESS]    R9187;VDD.$6.15;VDD.$764.15;;0.0
[2026-08-13 17:07:54,800] [SUBPROCESS]    R9188;VDD.$6.15;VDD.P89.15;;0.0
[2026-08-13 17:07:54,800] [SUBPROCESS]    R9189;VDD.$60.15;VDD.$61.18;;585.0
[2026-08-13 17:07:54,801] [SUBPROCESS]    R9190;VDD.$60.15;VDD.$68.15;;0.0
[2026-08-13 17:07:54,801] [SUBPROCESS]    R9191;VDD.$60.15;VDD.P25.15;;0.0
[2026-08-13 17:07:54,802] [SUBPROCESS]    R9192;VDD.$600.15;VDD.$601.18;;585.0
[2026-08-13 17:07:54,803] [SUBPROCESS]    R9193;VDD.$600.15;VDD.$626.15;;0.0
[2026-08-13 17:07:54,803] [SUBPROCESS]    R9194;VDD.$602.15;VDD.$603.18;;585.0
[2026-08-13 17:07:54,804] [SUBPROCESS]    R9195;VDD.$602.15;VDD.$628.15;;0.0
[2026-08-13 17:07:54,804] [SUBPROCESS]    R9196;VDD.$604.15;VDD.$605.18;;585.0
[2026-08-13 17:07:54,805] [SUBPROCESS]    R9197;VDD.$604.15;VDD.$630.15;;0.0
[2026-08-13 17:07:54,805] [SUBPROCESS]    R9198;VDD.$606.15;VDD.$607.18;;585.0
[2026-08-13 17:07:54,806] [SUBPROCESS]    R9199;VDD.$606.15;VDD.$632.15;;0.0
[2026-08-13 17:07:54,806] [SUBPROCESS]    R9200;VDD.$608.15;VDD.$609.18;;585.0
[2026-08-13 17:07:54,807] [SUBPROCESS]    R9201;VDD.$608.15;VDD.$634.15;;0.0
[2026-08-13 17:07:54,807] [SUBPROCESS]    R9202;VDD.$610.15;VDD.$611.18;;585.0
[2026-08-13 17:07:54,807] [SUBPROCESS]    R9203;VDD.$610.15;VDD.$648.15;;0.0
[2026-08-13 17:07:54,808] [SUBPROCESS]    R9204;VDD.$612.15;VDD.$613.18;;585.0
[2026-08-13 17:07:54,808] [SUBPROCESS]    R9205;VDD.$612.15;VDD.$660.15;;0.0
[2026-08-13 17:07:54,809] [SUBPROCESS]    R9206;VDD.$614.15;VDD.$615.18;;585.0
[2026-08-13 17:07:54,809] [SUBPROCESS]    R9207;VDD.$614.15;VDD.$662.15;;0.0
[2026-08-13 17:07:54,810] [SUBPROCESS]    R9208;VDD.$616.15;VDD.$617.18;;585.0
[2026-08-13 17:07:54,810] [SUBPROCESS]    R9209;VDD.$616.15;VDD.$664.15;;0.0
[2026-08-13 17:07:54,811] [SUBPROCESS]    R9210;VDD.$618.15;VDD.$619.18;;585.0
[2026-08-13 17:07:54,812] [SUBPROCESS]    R9211;VDD.$618.15;VDD.$668.15;;0.0
[2026-08-13 17:07:54,812] [SUBPROCESS]    R9212;VDD.$62.15;VDD.$63.18;;585.0
[2026-08-13 17:07:54,813] [SUBPROCESS]    R9213;VDD.$62.15;VDD.$70.15;;0.0
[2026-08-13 17:07:54,813] [SUBPROCESS]    R9214;VDD.$62.15;VDD.P10.15;;0.0
[2026-08-13 17:07:54,814] [SUBPROCESS]    R9215;VDD.$620.15;VDD.$621.18;;585.0
[2026-08-13 17:07:54,814] [SUBPROCESS]    R9216;VDD.$620.15;VDD.$670.15;;0.0
[2026-08-13 17:07:54,815] [SUBPROCESS]    R9217;VDD.$622.15;VDD.$623.18;;585.0
[2026-08-13 17:07:54,816] [SUBPROCESS]    R9218;VDD.$622.15;VDD.$672.15;;0.0
[2026-08-13 17:07:54,816] [SUBPROCESS]    R9219;VDD.$624.15;VDD.$625.18;;585.0
[2026-08-13 17:07:54,817] [SUBPROCESS]    R9220;VDD.$624.15;VDD.$674.15;;0.0
[2026-08-13 17:07:54,817] [SUBPROCESS]    R9221;VDD.$626.15;VDD.$627.18;;585.0
[2026-08-13 17:07:54,818] [SUBPROCESS]    R9222;VDD.$626.15;VDD.$650.15;;0.0
[2026-08-13 17:07:54,818] [SUBPROCESS]    R9223;VDD.$628.15;VDD.$629.18;;585.0
[2026-08-13 17:07:54,818] [SUBPROCESS]    R9224;VDD.$628.15;VDD.$652.15;;0.0
[2026-08-13 17:07:54,819] [SUBPROCESS]    R9225;VDD.$630.15;VDD.$631.18;;585.0
[2026-08-13 17:07:54,819] [SUBPROCESS]    R9226;VDD.$630.15;VDD.$654.15;;0.0
[2026-08-13 17:07:54,820] [SUBPROCESS]    R9227;VDD.$632.15;VDD.$633.18;;585.0
[2026-08-13 17:07:54,821] [SUBPROCESS]    R9228;VDD.$632.15;VDD.$656.15;;0.0
[2026-08-13 17:07:54,821] [SUBPROCESS]    R9229;VDD.$634.15;VDD.$635.18;;585.0
[2026-08-13 17:07:54,822] [SUBPROCESS]    R9230;VDD.$634.15;VDD.$658.15;;0.0
[2026-08-13 17:07:54,822] [SUBPROCESS]    R9231;VDD.$636.15;VDD.$637.18;;585.0
[2026-08-13 17:07:54,823] [SUBPROCESS]    R9232;VDD.$636.15;VDD.$666.15;;0.0
[2026-08-13 17:07:54,823] [SUBPROCESS]    R9233;VDD.$638.15;VDD.$639.18;;585.0
[2026-08-13 17:07:54,823] [SUBPROCESS]    R9234;VDD.$638.15;VDD.$704.15;;0.0
[2026-08-13 17:07:54,824] [SUBPROCESS]    R9235;VDD.$64.15;VDD.$65.18;;585.0
[2026-08-13 17:07:54,824] [SUBPROCESS]    R9236;VDD.$64.15;VDD.$72.15;;0.0
[2026-08-13 17:07:54,825] [SUBPROCESS]    R9237;VDD.$64.15;VDD.P11.15;;0.0
[2026-08-13 17:07:54,825] [SUBPROCESS]    R9238;VDD.$640.15;VDD.$641.18;;585.0
[2026-08-13 17:07:54,826] [SUBPROCESS]    R9239;VDD.$640.15;VDD.$706.15;;0.0
[2026-08-13 17:07:54,826] [SUBPROCESS]    R9240;VDD.$642.15;VDD.$643.18;;585.0
[2026-08-13 17:07:54,826] [SUBPROCESS]    R9241;VDD.$642.15;VDD.$698.15;;0.0
[2026-08-13 17:07:54,827] [SUBPROCESS]    R9242;VDD.$644.15;VDD.$645.18;;585.0
[2026-08-13 17:07:54,827] [SUBPROCESS]    R9243;VDD.$644.15;VDD.$676.15;;0.0
[2026-08-13 17:07:54,828] [SUBPROCESS]    R9244;VDD.$646.15;VDD.$647.18;;585.0
[2026-08-13 17:07:54,828] [SUBPROCESS]    R9245;VDD.$648.15;VDD.$649.18;;585.0
[2026-08-13 17:07:54,828] [SUBPROCESS]    R9246;VDD.$650.15;VDD.$651.18;;585.0
[2026-08-13 17:07:54,829] [SUBPROCESS]    R9247;VDD.$650.15;VDD.$682.15;;0.0
[2026-08-13 17:07:54,829] [SUBPROCESS]    R9248;VDD.$652.15;VDD.$653.18;;585.0
[2026-08-13 17:07:54,830] [SUBPROCESS]    R9249;VDD.$652.15;VDD.$684.15;;0.0
[2026-08-13 17:07:54,830] [SUBPROCESS]    R9250;VDD.$654.15;VDD.$655.18;;585.0
[2026-08-13 17:07:54,831] [SUBPROCESS]    R9251;VDD.$654.15;VDD.$686.15;;0.0
[2026-08-13 17:07:54,831] [SUBPROCESS]    R9252;VDD.$656.15;VDD.$657.18;;585.0
[2026-08-13 17:07:54,832] [SUBPROCESS]    R9253;VDD.$656.15;VDD.$688.15;;0.0
[2026-08-13 17:07:54,832] [SUBPROCESS]    R9254;VDD.$658.15;VDD.$659.18;;585.0
[2026-08-13 17:07:54,832] [SUBPROCESS]    R9255;VDD.$658.15;VDD.$690.15;;0.0
[2026-08-13 17:07:54,833] [SUBPROCESS]    R9256;VDD.$66.15;VDD.$67.18;;585.0
[2026-08-13 17:07:54,833] [SUBPROCESS]    R9257;VDD.$66.15;VDD.$74.15;;0.0
[2026-08-13 17:07:54,834] [SUBPROCESS]    R9258;VDD.$660.15;VDD.$661.18;;585.0
[2026-08-13 17:07:54,834] [SUBPROCESS]    R9259;VDD.$662.15;VDD.$663.18;;585.0
[2026-08-13 17:07:54,835] [SUBPROCESS]    R9260;VDD.$664.15;VDD.$665.18;;585.0
[2026-08-13 17:07:54,835] [SUBPROCESS]    R9261;VDD.$666.15;VDD.$667.18;;585.0
[2026-08-13 17:07:54,836] [SUBPROCESS]    R9262;VDD.$668.15;VDD.$669.18;;585.0
[2026-08-13 17:07:54,836] [SUBPROCESS]    R9263;VDD.$668.15;VDD.P60.15;;0.0
[2026-08-13 17:07:54,837] [SUBPROCESS]    R9264;VDD.$670.15;VDD.$671.18;;585.0
[2026-08-13 17:07:54,837] [SUBPROCESS]    R9265;VDD.$670.15;VDD.P61.15;;0.0
[2026-08-13 17:07:54,838] [SUBPROCESS]    R9266;VDD.$672.15;VDD.$673.18;;585.0
[2026-08-13 17:07:54,838] [SUBPROCESS]    R9267;VDD.$672.15;VDD.P52.15;;0.0
[2026-08-13 17:07:54,839] [SUBPROCESS]    R9268;VDD.$674.15;VDD.$675.18;;585.0
[2026-08-13 17:07:54,839] [SUBPROCESS]    R9269;VDD.$674.15;VDD.P53.15;;0.0
[2026-08-13 17:07:54,840] [SUBPROCESS]    R9270;VDD.$676.15;VDD.$677.18;;585.0
[2026-08-13 17:07:54,840] [SUBPROCESS]    R9271;VDD.$676.15;VDD.P87.15;;0.0
[2026-08-13 17:07:54,841] [SUBPROCESS]    R9272;VDD.$678.15;VDD.$679.18;;585.0
[2026-08-13 17:07:54,841] [SUBPROCESS]    R9273;VDD.$68.15;VDD.$69.18;;585.0
[2026-08-13 17:07:54,842] [SUBPROCESS]    R9274;VDD.$68.15;VDD.$76.15;;0.0
[2026-08-13 17:07:54,842] [SUBPROCESS]    R9275;VDD.$680.15;VDD.$681.18;;585.0
[2026-08-13 17:07:54,843] [SUBPROCESS]    R9276;VDD.$682.15;VDD.$683.18;;585.0
[2026-08-13 17:07:54,843] [SUBPROCESS]    R9277;VDD.$684.15;VDD.$685.18;;585.0
[2026-08-13 17:07:54,843] [SUBPROCESS]    R9278;VDD.$686.15;VDD.$687.18;;585.0
[2026-08-13 17:07:54,844] [SUBPROCESS]    R9279;VDD.$688.15;VDD.$689.18;;585.0
[2026-08-13 17:07:54,844] [SUBPROCESS]    R9280;VDD.$690.15;VDD.$691.18;;585.0
[2026-08-13 17:07:54,845] [SUBPROCESS]    R9281;VDD.$692.15;VDD.$693.18;;585.0
[2026-08-13 17:07:54,845] [SUBPROCESS]    R9282;VDD.$694.15;VDD.$695.18;;585.0
[2026-08-13 17:07:54,846] [SUBPROCESS]    R9283;VDD.$694.15;VDD.$708.15;;0.0
[2026-08-13 17:07:54,846] [SUBPROCESS]    R9284;VDD.$696.15;VDD.$697.18;;585.0
[2026-08-13 17:07:54,846] [SUBPROCESS]    R9285;VDD.$696.15;VDD.$700.15;;0.0
[2026-08-13 17:07:54,847] [SUBPROCESS]    R9286;VDD.$698.15;VDD.$699.18;;585.0
[2026-08-13 17:07:54,847] [SUBPROCESS]    R9287;VDD.$70.15;VDD.$71.18;;585.0
[2026-08-13 17:07:54,848] [SUBPROCESS]    R9288;VDD.$70.15;VDD.$78.15;;0.0
[2026-08-13 17:07:54,848] [SUBPROCESS]    R9289;VDD.$700.15;VDD.$701.18;;585.0
[2026-08-13 17:07:54,849] [SUBPROCESS]    R9290;VDD.$700.15;VDD.P60.15;;0.0
[2026-08-13 17:07:54,849] [SUBPROCESS]    R9291;VDD.$702.15;VDD.$703.18;;585.0
[2026-08-13 17:07:54,850] [SUBPROCESS]    R9292;VDD.$702.15;VDD.P61.15;;0.0
[2026-08-13 17:07:54,850] [SUBPROCESS]    R9293;VDD.$704.15;VDD.$705.18;;585.0
[2026-08-13 17:07:54,850] [SUBPROCESS]    R9294;VDD.$704.15;VDD.P52.15;;0.0
[2026-08-13 17:07:54,851] [SUBPROCESS]    R9295;VDD.$706.15;VDD.$707.18;;585.0
[2026-08-13 17:07:54,851] [SUBPROCESS]    R9296;VDD.$706.15;VDD.P53.15;;0.0
[2026-08-13 17:07:54,852] [SUBPROCESS]    R9297;VDD.$708.15;VDD.$709.18;;585.0
[2026-08-13 17:07:54,853] [SUBPROCESS]    R9298;VDD.$708.15;VDD.P87.15;;0.0
[2026-08-13 17:07:54,854] [SUBPROCESS]    R9299;VDD.$710.15;VDD.$711.18;;585.0
[2026-08-13 17:07:54,854] [SUBPROCESS]    R9300;VDD.$710.15;VDD.$738.15;;0.0
[2026-08-13 17:07:54,855] [SUBPROCESS]    R9301;VDD.$710.15;VDD.$762.15;;0.0
[2026-08-13 17:07:54,856] [SUBPROCESS]    R9302;VDD.$712.15;VDD.$713.18;;585.0
[2026-08-13 17:07:54,856] [SUBPROCESS]    R9303;VDD.$712.15;VDD.$730.15;;0.0
[2026-08-13 17:07:54,857] [SUBPROCESS]    R9304;VDD.$712.15;VDD.$776.15;;0.0
[2026-08-13 17:07:54,857] [SUBPROCESS]    R9305;VDD.$714.15;VDD.$715.18;;585.0
[2026-08-13 17:07:54,858] [SUBPROCESS]    R9306;VDD.$714.15;VDD.$784.15;;0.0
[2026-08-13 17:07:54,858] [SUBPROCESS]    R9307;VDD.$714.15;VDD.$802.15;;0.0
[2026-08-13 17:07:54,859] [SUBPROCESS]    R9308;VDD.$716.15;VDD.$717.18;;585.0
[2026-08-13 17:07:54,859] [SUBPROCESS]    R9309;VDD.$716.15;VDD.$726.15;;0.0
[2026-08-13 17:07:54,859] [SUBPROCESS]    R9310;VDD.$716.15;VDD.$790.15;;0.0
[2026-08-13 17:07:54,860] [SUBPROCESS]    R9311;VDD.$718.15;VDD.$719.18;;585.0
[2026-08-13 17:07:54,860] [SUBPROCESS]    R9312;VDD.$718.15;VDD.$738.15;;0.0
[2026-08-13 17:07:54,861] [SUBPROCESS]    R9313;VDD.$718.15;VDD.$768.15;;0.0
[2026-08-13 17:07:54,861] [SUBPROCESS]    R9314;VDD.$72.15;VDD.$73.18;;585.0
[2026-08-13 17:07:54,861] [SUBPROCESS]    R9315;VDD.$72.15;VDD.$80.15;;0.0
[2026-08-13 17:07:54,862] [SUBPROCESS]    R9316;VDD.$720.15;VDD.$721.18;;585.0
[2026-08-13 17:07:54,862] [SUBPROCESS]    R9317;VDD.$720.15;VDD.$750.15;;0.0
[2026-08-13 17:07:54,863] [SUBPROCESS]    R9318;VDD.$722.15;VDD.$723.18;;585.0
[2026-08-13 17:07:54,863] [SUBPROCESS]    R9319;VDD.$722.15;VDD.$752.15;;0.0
[2026-08-13 17:07:54,864] [SUBPROCESS]    R9320;VDD.$724.15;VDD.$725.18;;585.0
[2026-08-13 17:07:54,864] [SUBPROCESS]    R9321;VDD.$724.15;VDD.$770.15;;0.0
[2026-08-13 17:07:54,864] [SUBPROCESS]    R9322;VDD.$724.15;VDD.$788.15;;0.0
[2026-08-13 17:07:54,865] [SUBPROCESS]    R9323;VDD.$726.15;VDD.$727.18;;585.0
[2026-08-13 17:07:54,865] [SUBPROCESS]    R9324;VDD.$726.15;VDD.P92.15;;0.0
[2026-08-13 17:07:54,866] [SUBPROCESS]    R9325;VDD.$728.15;VDD.$729.18;;585.0
[2026-08-13 17:07:54,866] [SUBPROCESS]    R9326;VDD.$728.15;VDD.$766.15;;0.0
[2026-08-13 17:07:54,866] [SUBPROCESS]    R9327;VDD.$728.15;VDD.$772.15;;0.0
[2026-08-13 17:07:54,867] [SUBPROCESS]    R9328;VDD.$730.15;VDD.$731.18;;585.0
[2026-08-13 17:07:54,867] [SUBPROCESS]    R9329;VDD.$730.15;VDD.$740.15;;0.0
[2026-08-13 17:07:54,868] [SUBPROCESS]    R9330;VDD.$732.15;VDD.$733.18;;585.0
[2026-08-13 17:07:54,868] [SUBPROCESS]    R9331;VDD.$732.15;VDD.$742.15;;0.0
[2026-08-13 17:07:54,868] [SUBPROCESS]    R9332;VDD.$732.15;VDD.$750.15;;0.0
[2026-08-13 17:07:54,869] [SUBPROCESS]    R9333;VDD.$734.15;VDD.$735.18;;585.0
[2026-08-13 17:07:54,870] [SUBPROCESS]    R9334;VDD.$734.15;VDD.$744.15;;0.0
[2026-08-13 17:07:54,871] [SUBPROCESS]    R9335;VDD.$734.15;VDD.$752.15;;0.0
[2026-08-13 17:07:54,871] [SUBPROCESS]    R9336;VDD.$736.15;VDD.$737.18;;585.0
[2026-08-13 17:07:54,871] [SUBPROCESS]    R9337;VDD.$736.15;VDD.$746.15;;0.0
[2026-08-13 17:07:54,872] [SUBPROCESS]    R9338;VDD.$736.15;VDD.$754.15;;0.0
[2026-08-13 17:07:54,873] [SUBPROCESS]    R9339;VDD.$738.15;VDD.$739.18;;585.0
[2026-08-13 17:07:54,873] [SUBPROCESS]    R9340;VDD.$74.15;VDD.$75.18;;585.0
[2026-08-13 17:07:54,874] [SUBPROCESS]    R9341;VDD.$74.15;VDD.$82.15;;0.0
[2026-08-13 17:07:54,874] [SUBPROCESS]    R9342;VDD.$740.15;VDD.$741.18;;585.0
[2026-08-13 17:07:54,874] [SUBPROCESS]    R9343;VDD.$740.15;VDD.P62.15;;0.0
[2026-08-13 17:07:54,875] [SUBPROCESS]    R9344;VDD.$742.15;VDD.$743.18;;585.0
[2026-08-13 17:07:54,875] [SUBPROCESS]    R9345;VDD.$742.15;VDD.P63.15;;0.0
[2026-08-13 17:07:54,876] [SUBPROCESS]    R9346;VDD.$744.15;VDD.$745.18;;585.0
[2026-08-13 17:07:54,876] [SUBPROCESS]    R9347;VDD.$744.15;VDD.P92.15;;0.0
[2026-08-13 17:07:54,876] [SUBPROCESS]    R9348;VDD.$746.15;VDD.$747.18;;585.0
[2026-08-13 17:07:54,877] [SUBPROCESS]    R9349;VDD.$746.15;VDD.P88.15;;0.0
[2026-08-13 17:07:54,877] [SUBPROCESS]    R9350;VDD.$748.15;VDD.$749.18;;585.0
[2026-08-13 17:07:54,878] [SUBPROCESS]    R9351;VDD.$748.15;VDD.$804.15;;0.0
[2026-08-13 17:07:54,878] [SUBPROCESS]    R9352;VDD.$750.15;VDD.$751.18;;585.0
[2026-08-13 17:07:54,878] [SUBPROCESS]    R9353;VDD.$752.15;VDD.$753.18;;585.0
[2026-08-13 17:07:54,879] [SUBPROCESS]    R9354;VDD.$754.15;VDD.$755.18;;585.0
[2026-08-13 17:07:54,879] [SUBPROCESS]    R9355;VDD.$754.15;VDD.$778.15;;0.0
[2026-08-13 17:07:54,880] [SUBPROCESS]    R9356;VDD.$756.15;VDD.$757.18;;585.0
[2026-08-13 17:07:54,880] [SUBPROCESS]    R9357;VDD.$756.15;VDD.$796.15;;0.0
[2026-08-13 17:07:54,881] [SUBPROCESS]    R9358;VDD.$758.15;VDD.$759.18;;585.0
[2026-08-13 17:07:54,881] [SUBPROCESS]    R9359;VDD.$758.15;VDD.$798.15;;0.0
[2026-08-13 17:07:54,881] [SUBPROCESS]    R9360;VDD.$76.15;VDD.$77.18;;585.0
[2026-08-13 17:07:54,882] [SUBPROCESS]    R9361;VDD.$76.15;VDD.$84.15;;0.0
[2026-08-13 17:07:54,882] [SUBPROCESS]    R9362;VDD.$760.15;VDD.$761.18;;585.0
[2026-08-13 17:07:54,883] [SUBPROCESS]    R9363;VDD.$760.15;VDD.$812.15;;0.0
[2026-08-13 17:07:54,883] [SUBPROCESS]    R9364;VDD.$762.15;VDD.$763.18;;585.0
[2026-08-13 17:07:54,883] [SUBPROCESS]    R9365;VDD.$764.15;VDD.$765.18;;585.0
[2026-08-13 17:07:54,884] [SUBPROCESS]    R9366;VDD.$764.15;VDD.$806.15;;0.0
[2026-08-13 17:07:54,884] [SUBPROCESS]    R9367;VDD.$766.15;VDD.$767.18;;585.0
[2026-08-13 17:07:54,885] [SUBPROCESS]    R9368;VDD.$766.15;VDD.$808.15;;0.0
[2026-08-13 17:07:54,886] [SUBPROCESS]    R9369;VDD.$768.15;VDD.$769.18;;585.0
[2026-08-13 17:07:54,886] [SUBPROCESS]    R9370;VDD.$768.15;VDD.P88.15;;0.0
[2026-08-13 17:07:54,887] [SUBPROCESS]    R9371;VDD.$770.15;VDD.$771.18;;585.0
[2026-08-13 17:07:54,887] [SUBPROCESS]    R9372;VDD.$770.15;VDD.P63.15;;0.0
[2026-08-13 17:07:54,888] [SUBPROCESS]    R9373;VDD.$772.15;VDD.$773.18;;585.0
[2026-08-13 17:07:54,888] [SUBPROCESS]    R9374;VDD.$774.15;VDD.$775.18;;585.0
[2026-08-13 17:07:54,889] [SUBPROCESS]    R9375;VDD.$774.15;VDD.$800.15;;0.0
[2026-08-13 17:07:54,889] [SUBPROCESS]    R9376;VDD.$776.15;VDD.$777.18;;585.0
[2026-08-13 17:07:54,890] [SUBPROCESS]    R9377;VDD.$778.15;VDD.$779.18;;585.0
[2026-08-13 17:07:54,890] [SUBPROCESS]    R9378;VDD.$78.15;VDD.$79.18;;585.0
[2026-08-13 17:07:54,890] [SUBPROCESS]    R9379;VDD.$78.15;VDD.$86.15;;0.0
[2026-08-13 17:07:54,891] [SUBPROCESS]    R9380;VDD.$780.15;VDD.$781.18;;585.0
[2026-08-13 17:07:54,892] [SUBPROCESS]    R9381;VDD.$780.15;VDD.$794.15;;0.0
[2026-08-13 17:07:54,892] [SUBPROCESS]    R9382;VDD.$782.15;VDD.$783.18;;585.0
[2026-08-13 17:07:54,893] [SUBPROCESS]    R9383;VDD.$782.15;VDD.$786.15;;0.0
[2026-08-13 17:07:54,893] [SUBPROCESS]    R9384;VDD.$784.15;VDD.$785.18;;585.0
[2026-08-13 17:07:54,894] [SUBPROCESS]    R9385;VDD.$784.15;VDD.$796.15;;0.0
[2026-08-13 17:07:54,895] [SUBPROCESS]    R9386;VDD.$786.15;VDD.$787.18;;585.0
[2026-08-13 17:07:54,895] [SUBPROCESS]    R9387;VDD.$786.15;VDD.$806.15;;0.0
[2026-08-13 17:07:54,896] [SUBPROCESS]    R9388;VDD.$788.15;VDD.$789.18;;585.0
[2026-08-13 17:07:54,896] [SUBPROCESS]    R9389;VDD.$788.15;VDD.$798.15;;0.0
[2026-08-13 17:07:54,897] [SUBPROCESS]    R9390;VDD.$790.15;VDD.$791.18;;585.0
[2026-08-13 17:07:54,897] [SUBPROCESS]    R9391;VDD.$790.15;VDD.$812.15;;0.0
[2026-08-13 17:07:54,898] [SUBPROCESS]    R9392;VDD.$792.15;VDD.$793.18;;585.0
[2026-08-13 17:07:54,898] [SUBPROCESS]    R9393;VDD.$792.15;VDD.$800.15;;0.0
[2026-08-13 17:07:54,899] [SUBPROCESS]    R9394;VDD.$792.15;VDD.$810.15;;0.0
[2026-08-13 17:07:54,899] [SUBPROCESS]    R9395;VDD.$794.15;VDD.$795.18;;585.0
[2026-08-13 17:07:54,899] [SUBPROCESS]    R9396;VDD.$794.15;VDD.$804.15;;0.0
[2026-08-13 17:07:54,900] [SUBPROCESS]    R9397;VDD.$796.15;VDD.$797.18;;585.0
[2026-08-13 17:07:54,900] [SUBPROCESS]    R9398;VDD.$798.15;VDD.$799.18;;585.0
[2026-08-13 17:07:54,901] [SUBPROCESS]    R9399;VDD.$8.15;VDD.$862.15;;0.0
[2026-08-13 17:07:54,901] [SUBPROCESS]    R9400;VDD.$8.15;VDD.$9.18;;585.0
[2026-08-13 17:07:54,902] [SUBPROCESS]    R9401;VDD.$8.15;VDD.P3.15;;0.0
[2026-08-13 17:07:54,902] [SUBPROCESS]    R9402;VDD.$80.15;VDD.$81.18;;585.0
[2026-08-13 17:07:54,903] [SUBPROCESS]    R9403;VDD.$80.15;VDD.$88.15;;0.0
[2026-08-13 17:07:54,903] [SUBPROCESS]    R9404;VDD.$800.15;VDD.$801.18;;585.0
[2026-08-13 17:07:54,904] [SUBPROCESS]    R9405;VDD.$802.15;VDD.$803.18;;585.0
[2026-08-13 17:07:54,904] [SUBPROCESS]    R9406;VDD.$802.15;VDD.P62.15;;0.0
[2026-08-13 17:07:54,905] [SUBPROCESS]    R9407;VDD.$804.15;VDD.$805.18;;585.0
[2026-08-13 17:07:54,905] [SUBPROCESS]    R9408;VDD.$806.15;VDD.$807.18;;585.0
[2026-08-13 17:07:54,906] [SUBPROCESS]    R9409;VDD.$808.15;VDD.$809.18;;585.0
[2026-08-13 17:07:54,906] [SUBPROCESS]    R9410;VDD.$810.15;VDD.$811.18;;585.0
[2026-08-13 17:07:54,906] [SUBPROCESS]    R9411;VDD.$812.15;VDD.$813.18;;585.0
[2026-08-13 17:07:54,907] [SUBPROCESS]    R9412;VDD.$814.15;VDD.$815.18;;585.0
[2026-08-13 17:07:54,907] [SUBPROCESS]    R9413;VDD.$814.15;VDD.$826.15;;0.0
[2026-08-13 17:07:54,908] [SUBPROCESS]    R9414;VDD.$814.15;VDD.P4.15;;0.0
[2026-08-13 17:07:54,908] [SUBPROCESS]    R9415;VDD.$816.15;VDD.$817.18;;585.0
[2026-08-13 17:07:54,909] [SUBPROCESS]    R9416;VDD.$816.15;VDD.$858.15;;0.0
[2026-08-13 17:07:54,909] [SUBPROCESS]    R9417;VDD.$816.15;VDD.$864.15;;0.0
[2026-08-13 17:07:54,910] [SUBPROCESS]    R9418;VDD.$818.15;VDD.$819.18;;585.0
[2026-08-13 17:07:54,910] [SUBPROCESS]    R9419;VDD.$818.15;VDD.$830.15;;0.0
[2026-08-13 17:07:54,910] [SUBPROCESS]    R9420;VDD.$82.15;VDD.$83.18;;585.0
[2026-08-13 17:07:54,911] [SUBPROCESS]    R9421;VDD.$82.15;VDD.$90.15;;0.0
[2026-08-13 17:07:54,911] [SUBPROCESS]    R9422;VDD.$820.15;VDD.$821.18;;585.0
[2026-08-13 17:07:54,912] [SUBPROCESS]    R9423;VDD.$820.15;VDD.$842.15;;0.0
[2026-08-13 17:07:54,912] [SUBPROCESS]    R9424;VDD.$822.15;VDD.$823.18;;585.0
[2026-08-13 17:07:54,913] [SUBPROCESS]    R9425;VDD.$822.15;VDD.$846.15;;0.0
[2026-08-13 17:07:54,913] [SUBPROCESS]    R9426;VDD.$824.15;VDD.$825.18;;585.0
[2026-08-13 17:07:54,913] [SUBPROCESS]    R9427;VDD.$824.15;VDD.$828.15;;0.0
[2026-08-13 17:07:54,914] [SUBPROCESS]    R9428;VDD.$824.15;VDD.$840.15;;0.0
[2026-08-13 17:07:54,914] [SUBPROCESS]    R9429;VDD.$826.15;VDD.$827.18;;585.0
[2026-08-13 17:07:54,915] [SUBPROCESS]    R9430;VDD.$826.15;VDD.$854.15;;0.0
[2026-08-13 17:07:54,915] [SUBPROCESS]    R9431;VDD.$828.15;VDD.$829.18;;585.0
[2026-08-13 17:07:54,916] [SUBPROCESS]    R9432;VDD.$828.15;VDD.P84.15;;0.0
[2026-08-13 17:07:54,916] [SUBPROCESS]    R9433;VDD.$830.15;VDD.$831.18;;585.0
[2026-08-13 17:07:54,917] [SUBPROCESS]    R9434;VDD.$830.15;VDD.$840.15;;0.0
[2026-08-13 17:07:54,917] [SUBPROCESS]    R9435;VDD.$832.15;VDD.$833.18;;585.0
[2026-08-13 17:07:54,918] [SUBPROCESS]    R9436;VDD.$832.15;VDD.$844.15;;0.0
[2026-08-13 17:07:54,918] [SUBPROCESS]    R9437;VDD.$832.15;VDD.$854.15;;0.0
[2026-08-13 17:07:54,919] [SUBPROCESS]    R9438;VDD.$834.15;VDD.$835.18;;585.0
[2026-08-13 17:07:54,919] [SUBPROCESS]    R9439;VDD.$834.15;VDD.$836.15;;0.0
[2026-08-13 17:07:54,920] [SUBPROCESS]    R9440;VDD.$834.15;VDD.$842.15;;0.0
[2026-08-13 17:07:54,920] [SUBPROCESS]    R9441;VDD.$836.15;VDD.$837.18;;585.0
[2026-08-13 17:07:54,921] [SUBPROCESS]    R9442;VDD.$836.15;VDD.P84.15;;0.0
[2026-08-13 17:07:54,921] [SUBPROCESS]    R9443;VDD.$838.15;VDD.$839.18;;585.0
[2026-08-13 17:07:54,922] [SUBPROCESS]    R9444;VDD.$838.15;VDD.$860.15;;0.0
[2026-08-13 17:07:54,922] [SUBPROCESS]    R9445;VDD.$838.15;VDD.P4.15;;0.0
[2026-08-13 17:07:54,922] [SUBPROCESS]    R9446;VDD.$84.15;VDD.$85.18;;585.0
[2026-08-13 17:07:54,923] [SUBPROCESS]    R9447;VDD.$84.15;VDD.$92.15;;0.0
[2026-08-13 17:07:54,923] [SUBPROCESS]    R9448;VDD.$840.15;VDD.$841.18;;585.0
[2026-08-13 17:07:54,924] [SUBPROCESS]    R9449;VDD.$842.15;VDD.$843.18;;585.0
[2026-08-13 17:07:54,924] [SUBPROCESS]    R9450;VDD.$844.15;VDD.$845.18;;585.0
[2026-08-13 17:07:54,925] [SUBPROCESS]    R9451;VDD.$846.15;VDD.$847.18;;585.0
[2026-08-13 17:07:54,925] [SUBPROCESS]    R9452;VDD.$846.15;VDD.$860.15;;0.0
[2026-08-13 17:07:54,925] [SUBPROCESS]    R9453;VDD.$848.15;VDD.$849.18;;585.0
[2026-08-13 17:07:54,926] [SUBPROCESS]    R9454;VDD.$848.15;VDD.$856.15;;0.0
[2026-08-13 17:07:54,926] [SUBPROCESS]    R9455;VDD.$850.15;VDD.$851.18;;585.0
[2026-08-13 17:07:54,927] [SUBPROCESS]    R9456;VDD.$850.15;VDD.$858.15;;0.0
[2026-08-13 17:07:54,927] [SUBPROCESS]    R9457;VDD.$852.15;VDD.$853.18;;585.0
[2026-08-13 17:07:54,928] [SUBPROCESS]    R9458;VDD.$852.15;VDD.$856.15;;0.0
[2026-08-13 17:07:54,928] [SUBPROCESS]    R9459;VDD.$852.15;VDD.$862.15;;0.0
[2026-08-13 17:07:54,928] [SUBPROCESS]    R9460;VDD.$854.15;VDD.$855.18;;585.0
[2026-08-13 17:07:54,929] [SUBPROCESS]    R9461;VDD.$856.15;VDD.$857.18;;585.0
[2026-08-13 17:07:54,929] [SUBPROCESS]    R9462;VDD.$858.15;VDD.$859.18;;585.0
[2026-08-13 17:07:54,930] [SUBPROCESS]    R9463;VDD.$86.15;VDD.$87.18;;585.0
[2026-08-13 17:07:54,930] [SUBPROCESS]    R9464;VDD.$86.15;VDD.$94.15;;0.0
[2026-08-13 17:07:54,931] [SUBPROCESS]    R9465;VDD.$860.15;VDD.$861.18;;585.0
[2026-08-13 17:07:54,931] [SUBPROCESS]    R9466;VDD.$862.15;VDD.$863.18;;585.0
[2026-08-13 17:07:54,932] [SUBPROCESS]    R9467;VDD.$864.15;VDD.$865.18;;585.0
[2026-08-13 17:07:54,932] [SUBPROCESS]    R9468;VDD.$866.15;VDD.$867.18;;585.0
[2026-08-13 17:07:54,933] [SUBPROCESS]    R9469;VDD.$868.15;VDD.$869.18;;585.0
[2026-08-13 17:07:54,933] [SUBPROCESS]    R9470;VDD.$870.15;VDD.$871.18;;585.0
[2026-08-13 17:07:54,934] [SUBPROCESS]    R9471;VDD.$872.15;VDD.$873.18;;585.0
[2026-08-13 17:07:54,935] [SUBPROCESS]    R9472;VDD.$874.15;VDD.$875.18;;585.0
[2026-08-13 17:07:54,935] [SUBPROCESS]    R9473;VDD.$876.15;VDD.$877.18;;585.0
[2026-08-13 17:07:54,936] [SUBPROCESS]    R9474;VDD.$878.15;VDD.$879.18;;585.0
[2026-08-13 17:07:54,937] [SUBPROCESS]    R9475;VDD.$88.15;VDD.$89.18;;585.0
[2026-08-13 17:07:54,938] [SUBPROCESS]    R9476;VDD.$88.15;VDD.$96.15;;0.0
[2026-08-13 17:07:54,938] [SUBPROCESS]    R9477;VDD.$880.15;VDD.$881.18;;585.0
[2026-08-13 17:07:54,938] [SUBPROCESS]    R9478;VDD.$880.15;VDD.$884.15;;0.0
[2026-08-13 17:07:54,939] [SUBPROCESS]    R9479;VDD.$880.15;VDD.P82.15;;0.0
[2026-08-13 17:07:54,939] [SUBPROCESS]    R9480;VDD.$882.15;VDD.$883.18;;585.0
[2026-08-13 17:07:54,940] [SUBPROCESS]    R9481;VDD.$882.15;VDD.$886.15;;0.0
[2026-08-13 17:07:54,941] [SUBPROCESS]    R9482;VDD.$882.15;VDD.$928.15;;0.0
[2026-08-13 17:07:54,941] [SUBPROCESS]    R9483;VDD.$884.15;VDD.$885.18;;585.0
[2026-08-13 17:07:54,941] [SUBPROCESS]    R9484;VDD.$884.15;VDD.$930.15;;0.0
[2026-08-13 17:07:54,942] [SUBPROCESS]    R9485;VDD.$886.15;VDD.$887.18;;585.0
[2026-08-13 17:07:54,942] [SUBPROCESS]    R9486;VDD.$886.15;VDD.P3.15;;0.0
[2026-08-13 17:07:54,943] [SUBPROCESS]    R9487;VDD.$888.15;VDD.$889.18;;585.0
[2026-08-13 17:07:54,943] [SUBPROCESS]    R9488;VDD.$888.15;VDD.$892.15;;0.0
[2026-08-13 17:07:54,944] [SUBPROCESS]    R9489;VDD.$890.15;VDD.$891.18;;585.0
[2026-08-13 17:07:54,944] [SUBPROCESS]    R9490;VDD.$890.15;VDD.$894.15;;0.0
[2026-08-13 17:07:54,944] [SUBPROCESS]    R9491;VDD.$892.15;VDD.$893.18;;585.0
[2026-08-13 17:07:54,945] [SUBPROCESS]    R9492;VDD.$892.15;VDD.$896.15;;0.0
[2026-08-13 17:07:54,945] [SUBPROCESS]    R9493;VDD.$894.15;VDD.$895.18;;585.0
[2026-08-13 17:07:54,946] [SUBPROCESS]    R9494;VDD.$894.15;VDD.$898.15;;0.0
[2026-08-13 17:07:54,946] [SUBPROCESS]    R9495;VDD.$896.15;VDD.$897.18;;585.0
[2026-08-13 17:07:54,947] [SUBPROCESS]    R9496;VDD.$896.15;VDD.$900.15;;0.0
[2026-08-13 17:07:54,947] [SUBPROCESS]    R9497;VDD.$898.15;VDD.$899.18;;585.0
[2026-08-13 17:07:54,948] [SUBPROCESS]    R9498;VDD.$898.15;VDD.$902.15;;0.0
[2026-08-13 17:07:54,948] [SUBPROCESS]    R9499;VDD.$90.15;VDD.$91.18;;585.0
[2026-08-13 17:07:54,949] [SUBPROCESS]    R9500;VDD.$900.15;VDD.$901.18;;585.0
[2026-08-13 17:07:54,949] [SUBPROCESS]    R9501;VDD.$900.15;VDD.P85.15;;0.0
[2026-08-13 17:07:54,949] [SUBPROCESS]    R9502;VDD.$902.15;VDD.$903.18;;585.0
[2026-08-13 17:07:54,950] [SUBPROCESS]    R9503;VDD.$902.15;VDD.P5.15;;0.0
[2026-08-13 17:07:54,950] [SUBPROCESS]    R9504;VDD.$904.15;VDD.$905.18;;585.0
[2026-08-13 17:07:54,951] [SUBPROCESS]    R9505;VDD.$904.15;VDD.$908.15;;0.0
[2026-08-13 17:07:54,951] [SUBPROCESS]    R9506;VDD.$904.15;VDD.P85.15;;0.0
[2026-08-13 17:07:54,952] [SUBPROCESS]    R9507;VDD.$906.15;VDD.$907.18;;585.0
[2026-08-13 17:07:54,952] [SUBPROCESS]    R9508;VDD.$906.15;VDD.$910.15;;0.0
[2026-08-13 17:07:54,953] [SUBPROCESS]    R9509;VDD.$906.15;VDD.P5.15;;0.0
[2026-08-13 17:07:54,954] [SUBPROCESS]    R9510;VDD.$908.15;VDD.$909.18;;585.0
[2026-08-13 17:07:54,954] [SUBPROCESS]    R9511;VDD.$908.15;VDD.$912.15;;0.0
[2026-08-13 17:07:54,955] [SUBPROCESS]    R9512;VDD.$910.15;VDD.$911.18;;585.0
[2026-08-13 17:07:54,955] [SUBPROCESS]    R9513;VDD.$910.15;VDD.$914.15;;0.0
[2026-08-13 17:07:54,956] [SUBPROCESS]    R9514;VDD.$912.15;VDD.$913.18;;585.0
[2026-08-13 17:07:54,956] [SUBPROCESS]    R9515;VDD.$912.15;VDD.$916.15;;0.0
[2026-08-13 17:07:54,957] [SUBPROCESS]    R9516;VDD.$914.15;VDD.$915.18;;585.0
[2026-08-13 17:07:54,957] [SUBPROCESS]    R9517;VDD.$914.15;VDD.$918.15;;0.0
[2026-08-13 17:07:54,957] [SUBPROCESS]    R9518;VDD.$916.15;VDD.$917.18;;585.0
[2026-08-13 17:07:54,958] [SUBPROCESS]    R9519;VDD.$916.15;VDD.$920.15;;0.0
[2026-08-13 17:07:54,958] [SUBPROCESS]    R9520;VDD.$918.15;VDD.$919.18;;585.0
[2026-08-13 17:07:54,959] [SUBPROCESS]    R9521;VDD.$918.15;VDD.$922.15;;0.0
[2026-08-13 17:07:54,959] [SUBPROCESS]    R9522;VDD.$92.15;VDD.$93.18;;585.0
[2026-08-13 17:07:54,959] [SUBPROCESS]    R9523;VDD.$920.15;VDD.$921.18;;585.0
[2026-08-13 17:07:54,960] [SUBPROCESS]    R9524;VDD.$922.15;VDD.$923.18;;585.0
[2026-08-13 17:07:54,960] [SUBPROCESS]    R9525;VDD.$924.15;VDD.$925.18;;585.0
[2026-08-13 17:07:54,961] [SUBPROCESS]    R9526;VDD.$924.15;VDD.$928.15;;0.0
[2026-08-13 17:07:54,961] [SUBPROCESS]    R9527;VDD.$926.15;VDD.$927.18;;585.0
[2026-08-13 17:07:54,962] [SUBPROCESS]    R9528;VDD.$926.15;VDD.$930.15;;0.0
[2026-08-13 17:07:54,962] [SUBPROCESS]    R9529;VDD.$928.15;VDD.$929.18;;585.0
[2026-08-13 17:07:54,962] [SUBPROCESS]    R9530;VDD.$930.15;VDD.$931.18;;585.0
[2026-08-13 17:07:54,963] [SUBPROCESS]    R9531;VDD.$932.15;VDD.$933.18;;585.0
[2026-08-13 17:07:54,963] [SUBPROCESS]    R9532;VDD.$932.15;VDD.$944.15;;0.0
[2026-08-13 17:07:54,964] [SUBPROCESS]    R9533;VDD.$934.15;VDD.$935.18;;585.0
[2026-08-13 17:07:54,964] [SUBPROCESS]    R9534;VDD.$934.15;VDD.$936.15;;0.0
[2026-08-13 17:07:54,965] [SUBPROCESS]    R9535;VDD.$934.15;VDD.P89.15;;0.0
[2026-08-13 17:07:54,965] [SUBPROCESS]    R9536;VDD.$936.15;VDD.$937.18;;585.0
[2026-08-13 17:07:54,965] [SUBPROCESS]    R9537;VDD.$938.15;VDD.$939.18;;585.0
[2026-08-13 17:07:54,966] [SUBPROCESS]    R9538;VDD.$938.15;VDD.P66.15;;0.0
[2026-08-13 17:07:54,966] [SUBPROCESS]    R9539;VDD.$94.15;VDD.$95.18;;585.0
[2026-08-13 17:07:54,967] [SUBPROCESS]    R9540;VDD.$940.15;VDD.$941.18;;585.0
[2026-08-13 17:07:54,967] [SUBPROCESS]    R9541;VDD.$940.15;VDD.P67.15;;0.0
[2026-08-13 17:07:54,968] [SUBPROCESS]    R9542;VDD.$942.15;VDD.$943.18;;585.0
[2026-08-13 17:07:54,968] [SUBPROCESS]    R9543;VDD.$942.15;VDD.P94.15;;0.0
[2026-08-13 17:07:54,968] [SUBPROCESS]    R9544;VDD.$944.15;VDD.$945.18;;585.0
[2026-08-13 17:07:54,969] [SUBPROCESS]    R9545;VDD.$944.15;VDD.P90.15;;0.0
[2026-08-13 17:07:54,969] [SUBPROCESS]    R9546;VDD.$946.15;VDD.$947.18;;585.0
[2026-08-13 17:07:54,970] [SUBPROCESS]    R9547;VDD.$948.15;VDD.$949.18;;585.0
[2026-08-13 17:07:54,971] [SUBPROCESS]    R9548;VDD.$948.15;VDD.$984.15;;0.0
[2026-08-13 17:07:54,971] [SUBPROCESS]    R9549;VDD.$950.15;VDD.$951.18;;585.0
[2026-08-13 17:07:54,972] [SUBPROCESS]    R9550;VDD.$950.15;VDD.$962.15;;0.0
[2026-08-13 17:07:54,973] [SUBPROCESS]    R9551;VDD.$950.15;VDD.P66.15;;0.0
[2026-08-13 17:07:54,973] [SUBPROCESS]    R9552;VDD.$952.15;VDD.$953.18;;585.0
[2026-08-13 17:07:54,974] [SUBPROCESS]    R9553;VDD.$952.15;VDD.$964.15;;0.0
[2026-08-13 17:07:54,974] [SUBPROCESS]    R9554;VDD.$952.15;VDD.P67.15;;0.0
[2026-08-13 17:07:54,975] [SUBPROCESS]    R9555;VDD.$954.15;VDD.$955.18;;585.0
[2026-08-13 17:07:54,975] [SUBPROCESS]    R9556;VDD.$954.15;VDD.$966.15;;0.0
[2026-08-13 17:07:54,976] [SUBPROCESS]    R9557;VDD.$954.15;VDD.P94.15;;0.0
[2026-08-13 17:07:54,977] [SUBPROCESS]    R9558;VDD.$956.15;VDD.$957.18;;585.0
[2026-08-13 17:07:54,977] [SUBPROCESS]    R9559;VDD.$956.15;VDD.$968.15;;0.0
[2026-08-13 17:07:54,978] [SUBPROCESS]    R9560;VDD.$956.15;VDD.P90.15;;0.0
[2026-08-13 17:07:54,978] [SUBPROCESS]    R9561;VDD.$958.15;VDD.$959.18;;585.0
[2026-08-13 17:07:54,979] [SUBPROCESS]    R9562;VDD.$958.15;VDD.$994.15;;0.0
[2026-08-13 17:07:54,979] [SUBPROCESS]    R9563;VDD.$96.15;VDD.$97.18;;585.0
[2026-08-13 17:07:54,979] [SUBPROCESS]    R9564;VDD.$960.15;VDD.$961.18;;585.0
[2026-08-13 17:07:54,980] [SUBPROCESS]    R9565;VDD.$960.15;VDD.$996.15;;0.0
[2026-08-13 17:07:54,980] [SUBPROCESS]    R9566;VDD.$962.15;VDD.$963.18;;585.0
[2026-08-13 17:07:54,981] [SUBPROCESS]    R9567;VDD.$962.15;VDD.$974.15;;0.0
[2026-08-13 17:07:54,981] [SUBPROCESS]    R9568;VDD.$964.15;VDD.$965.18;;585.0
[2026-08-13 17:07:54,982] [SUBPROCESS]    R9569;VDD.$964.15;VDD.$976.15;;0.0
[2026-08-13 17:07:54,982] [SUBPROCESS]    R9570;VDD.$966.15;VDD.$967.18;;585.0
[2026-08-13 17:07:54,983] [SUBPROCESS]    R9571;VDD.$966.15;VDD.$978.15;;0.0
[2026-08-13 17:07:54,983] [SUBPROCESS]    R9572;VDD.$968.15;VDD.$969.18;;585.0
[2026-08-13 17:07:54,983] [SUBPROCESS]    R9573;VDD.$968.15;VDD.$980.15;;0.0
[2026-08-13 17:07:54,984] [SUBPROCESS]    R9574;VDD.$970.15;VDD.$971.18;;585.0
[2026-08-13 17:07:54,984] [SUBPROCESS]    R9575;VDD.$972.15;VDD.$973.18;;585.0
[2026-08-13 17:07:54,985] [SUBPROCESS]    R9576;VDD.$974.15;VDD.$975.18;;585.0
[2026-08-13 17:07:54,986] [SUBPROCESS]    R9577;VDD.$974.15;VDD.$986.15;;0.0
[2026-08-13 17:07:54,986] [SUBPROCESS]    R9578;VDD.$976.15;VDD.$977.18;;585.0
[2026-08-13 17:07:54,987] [SUBPROCESS]    R9579;VDD.$976.15;VDD.$988.15;;0.0
[2026-08-13 17:07:54,987] [SUBPROCESS]    R9580;VDD.$978.15;VDD.$979.18;;585.0
[2026-08-13 17:07:54,988] [SUBPROCESS]    R9581;VDD.$978.15;VDD.$990.15;;0.0
[2026-08-13 17:07:54,988] [SUBPROCESS]    R9582;VDD.$98.15;VDD.$99.18;;585.0
[2026-08-13 17:07:54,989] [SUBPROCESS]    R9583;VDD.$980.15;VDD.$981.18;;585.0
[2026-08-13 17:07:54,989] [SUBPROCESS]    R9584;VDD.$980.15;VDD.$992.15;;0.0
[2026-08-13 17:07:54,990] [SUBPROCESS]    R9585;VDD.$982.15;VDD.$983.18;;585.0
[2026-08-13 17:07:54,990] [SUBPROCESS]    R9586;VDD.$982.15;VDD.P64.15;;0.0
[2026-08-13 17:07:54,990] [SUBPROCESS]    R9587;VDD.$984.15;VDD.$985.18;;585.0
[2026-08-13 17:07:54,991] [SUBPROCESS]    R9588;VDD.$986.15;VDD.$987.18;;585.0
[2026-08-13 17:07:54,991] [SUBPROCESS]    R9589;VDD.$986.15;VDD.$998.15;;0.0
[2026-08-13 17:07:54,992] [SUBPROCESS]    R9590;VDD.$988.15;VDD.$989.18;;585.0
[2026-08-13 17:07:54,992] [SUBPROCESS]    R9591;VDD.$990.15;VDD.$991.18;;585.0
[2026-08-13 17:07:54,993] [SUBPROCESS]    R9592;VDD.$992.15;VDD.$993.18;;585.0
[2026-08-13 17:07:54,993] [SUBPROCESS]    R9593;VDD.$994.15;VDD.$995.18;;585.0
[2026-08-13 17:07:54,993] [SUBPROCESS]    R9594;VDD.$996.15;VDD.$997.18;;585.0
[2026-08-13 17:07:54,994] [SUBPROCESS]    R9595;VDD.$998.15;VDD.$999.18;;585.0
[2026-08-13 17:07:54,995] [SUBPROCESS]    /foss/designs/lab2/klayout/output/DAC_CORE_5bit__DAC_CORE_5bit/DAC_CORE_5bit_k25d_pex_netlist.csv
[2026-08-13 17:07:55,237] [SUBPROCESS]    Wrote expanded netlist to: /foss/designs/lab2/klayout/output/DAC_CORE_5bit__DAC_CORE_5bit/DAC_CORE_5bit_k25d_pex_netlist.spice
[2026-08-13 17:07:55,283] [INFO]    Copied expanded SPICE netlist to: DAC_CORE_5bit_pex.spice
