GDS input file passed, running in LVS mode
Found cell DAC_CORE_5bit in GDS DAC_CORE_5bit.gds (only top cell)
Cache hit: Reusing cached LVSDB
output/.kpex_cache/sky130A/foss/designs/lab2/klayout/DAC_CORE_5bit.gds/DAC_CORE_5bit.lvsdb.gz
Unable to find info about extracted LVS layer 'tap'
Unable to find info about extracted LVS layer 'licon'
(64, 20) -> (nwell)
(94, 20) -> (psd)
(65, 144) -> (ntap_conn)
(66, 20) -> (poly_con)
(67, 20) -> (li_con)
(66, 4403) -> (licon_poly_con)
(66, 4402) -> (licon_psd_con)
(67, 44) -> (mcon_con)
(68, 44) -> (via1_con)
(68, 20) -> (met1_con)
(69, 20) -> (met2_con)
(68, 16) -> (met1_pin_con)
(69, 16) -> (met2_pin_con)
LVSDB: found 8pins
Device;Net1;Net2;Capacitance [fF];Resistance [Ω]
C1;$10;$12;1.137;
C2;$10;$2;2.103;
C3;$10;$3;1.957;
C4;$10;$39;1.5;
C5;$10;B[2];0.293;
C6;$10;B[3];1.82;
C7;$10;DAC_REF;8.495;
C8;$10;I_DAC;1.136;
C9;$10;VDD;6.633;
C10;$10;VSUBS;1.803;
C11;$12;$2;0.423;
C12;$12;$3;0.904;
C13;$12;$39;0.613;
C14;$12;B[0];0.184;
C15;$12;DAC_REF;1.721;
C16;$12;I_DAC;0.179;
C17;$12;VDD;1.749;
C18;$12;VSUBS;0.588;
C19;$2;$3;0.901;
C20;$2;$39;1.041;
C21;$2;B[0];0.113;
C22;$2;B[1];0.207;
C23;$2;B[2];0.628;
C24;$2;B[3];0.002;
C25;$2;B[4];0.002;
C26;$2;DAC_REF;7.205;
C27;$2;I_DAC;0.478;
C28;$2;VDD;4.768;
C29;$2;VSUBS;1.341;
C30;$3;$39;0.614;
C31;$3;B[0];0.259;
C32;$3;B[1];0.184;
C33;$3;B[2];0.009;
C34;$3;DAC_REF;4.115;
C35;$3;I_DAC;0.371;
C36;$3;VDD;2.137;
C37;$3;VSUBS;0.607;
C38;$39;B[3];0.293;
C39;$39;B[4];4.189;
C40;$39;DAC_REF;14.666;
C41;$39;I_DAC;2.375;
C42;$39;VDD;13.852;
C43;$39;VSUBS;3.76;
C44;B[0];B[1];0.058;
C45;B[0];B[2];0.018;
C46;B[0];DAC_REF;0.005;
C47;B[0];I_DAC;0.569;
C48;B[0];VDD;0.758;
C49;B[0];VSUBS;1.1;
C50;B[1];B[2];0.146;
C51;B[1];I_DAC;0.445;
C52;B[1];VDD;0.115;
C53;B[1];VSUBS;0.781;
C54;B[2];B[3];0.143;
C55;B[2];DAC_REF;0.004;
C56;B[2];I_DAC;0.464;
C57;B[2];VDD;0.132;
C58;B[2];VSUBS;0.892;
C59;B[3];B[4];0.144;
C60;B[3];DAC_REF;0.009;
C61;B[3];I_DAC;0.929;
C62;B[3];VDD;0.238;
C63;B[3];VSUBS;1.797;
C64;B[4];DAC_REF;0.015;
C65;B[4];I_DAC;1.823;
C66;B[4];VDD;0.714;
C67;B[4];VSUBS;3.599;
C68;DAC_REF;I_DAC;0.025;
C69;DAC_REF;VDD;47.036;
C70;DAC_REF;VSUBS;181.311;
C71;I_DAC;VDD;1.424;
C72;I_DAC;VSUBS;2.921;
C73;VDD;VSUBS;38.545;
R1;$10.$0.15;$10.$1.18;;585.0
R2;$10.$0.15;$10.$4.15;;0.0
R3;$10.$1.18;$10.$160.18;;0.0
R4;$10.$1.18;$10.$164.18;;27.106
R5;$10.$10.15;$10.$11.18;;585.0
R6;$10.$10.15;$10.$14.15;;0.0
R7;$10.$10.15;$10.$6.15;;0.0
R8;$10.$100.15;$10.$101.18;;585.0
R9;$10.$100.15;$10.$88.15;;0.0
R10;$10.$100.15;$10.P5.15;;0.0
R11;$10.$101.18;$10.$260.18;;0.0
R12;$10.$101.18;$10.$264.18;;27.106
R13;$10.$102.15;$10.$103.18;;585.0
R14;$10.$102.15;$10.$90.15;;0.0
R15;$10.$102.15;$10.P1.15;;0.0
R16;$10.$103.18;$10.$262.18;;0.0
R17;$10.$103.18;$10.$266.18;;27.106
R18;$10.$104.15;$10.$105.18;;585.0
R19;$10.$104.15;$10.$108.15;;0.0
R20;$10.$104.15;$10.P5.15;;0.0
R21;$10.$105.18;$10.$264.18;;0.0
R22;$10.$105.18;$10.$268.18;;27.106
R23;$10.$106.15;$10.$107.18;;585.0
R24;$10.$106.15;$10.$110.15;;0.0
R25;$10.$106.15;$10.P1.15;;0.0
R26;$10.$107.18;$10.$266.18;;0.0
R27;$10.$107.18;$10.$270.18;;27.106
R28;$10.$108.15;$10.$109.18;;585.0
R29;$10.$108.15;$10.$112.15;;0.0
R30;$10.$109.18;$10.$268.18;;0.0
R31;$10.$109.18;$10.$272.18;;27.106
R32;$10.$11.18;$10.$170.18;;0.0
R33;$10.$11.18;$10.$174.18;;27.106
R34;$10.$110.15;$10.$111.18;;585.0
R35;$10.$110.15;$10.$114.15;;0.0
R36;$10.$111.18;$10.$270.18;;0.0
R37;$10.$111.18;$10.$274.18;;27.106
R38;$10.$112.15;$10.$113.18;;585.0
R39;$10.$112.15;$10.$116.15;;0.0
R40;$10.$113.18;$10.$272.18;;0.0
R41;$10.$113.18;$10.$276.18;;27.106
R42;$10.$114.15;$10.$115.18;;585.0
R43;$10.$114.15;$10.$118.15;;0.0
R44;$10.$115.18;$10.$274.18;;0.0
R45;$10.$115.18;$10.$278.18;;27.106
R46;$10.$116.15;$10.$117.18;;585.0
R47;$10.$116.15;$10.$120.15;;0.0
R48;$10.$117.18;$10.$276.18;;0.0
R49;$10.$117.18;$10.$280.18;;27.106
R50;$10.$118.15;$10.$119.18;;585.0
R51;$10.$118.15;$10.$122.15;;0.0
R52;$10.$119.18;$10.$278.18;;0.0
R53;$10.$119.18;$10.$282.18;;27.106
R54;$10.$12.15;$10.$13.18;;585.0
R55;$10.$12.15;$10.$8.15;;0.0
R56;$10.$12.15;$10.P7.15;;0.0
R57;$10.$120.15;$10.$121.18;;585.0
R58;$10.$121.18;$10.$280.18;;0.0
R59;$10.$122.15;$10.$123.18;;585.0
R60;$10.$123.18;$10.$282.18;;0.0
R61;$10.$124.15;$10.$125.18;;585.0
R62;$10.$124.15;$10.$128.15;;0.0
R63;$10.$125.18;$10.$284.18;;0.0
R64;$10.$125.18;$10.$288.18;;27.106
R65;$10.$126.15;$10.$127.18;;585.0
R66;$10.$126.15;$10.$130.15;;0.0
R67;$10.$127.18;$10.$286.18;;0.0
R68;$10.$127.18;$10.$290.18;;27.106
R69;$10.$128.15;$10.$129.18;;585.0
R70;$10.$128.15;$10.$132.15;;0.0
R71;$10.$129.18;$10.$288.18;;0.0
R72;$10.$129.18;$10.$292.18;;27.106
R73;$10.$13.18;$10.$172.18;;0.0
R74;$10.$13.18;$10.$176.18;;27.106
R75;$10.$130.15;$10.$131.18;;585.0
R76;$10.$130.15;$10.$134.15;;0.0
R77;$10.$131.18;$10.$290.18;;0.0
R78;$10.$131.18;$10.$294.18;;27.106
R79;$10.$132.15;$10.$133.18;;585.0
R80;$10.$132.15;$10.$136.15;;0.0
R81;$10.$133.18;$10.$292.18;;0.0
R82;$10.$133.18;$10.$296.18;;27.106
R83;$10.$134.15;$10.$135.18;;585.0
R84;$10.$134.15;$10.$138.15;;0.0
R85;$10.$135.18;$10.$294.18;;0.0
R86;$10.$135.18;$10.$298.18;;27.106
R87;$10.$136.15;$10.$137.18;;585.0
R88;$10.$136.15;$10.P4.15;;0.0
R89;$10.$137.18;$10.$296.18;;0.0
R90;$10.$137.18;$10.$300.18;;27.106
R91;$10.$138.15;$10.$139.18;;585.0
R92;$10.$138.15;$10.P0.15;;0.0
R93;$10.$139.18;$10.$298.18;;0.0
R94;$10.$139.18;$10.$302.18;;27.106
R95;$10.$14.15;$10.$15.18;;585.0
R96;$10.$14.15;$10.P3.15;;0.0
R97;$10.$140.15;$10.$141.18;;585.0
R98;$10.$140.15;$10.$144.15;;0.0
R99;$10.$140.15;$10.P4.15;;0.0
R100;$10.$141.18;$10.$300.18;;0.0
R101;$10.$141.18;$10.$304.18;;27.106
R102;$10.$142.15;$10.$143.18;;585.0
R103;$10.$142.15;$10.$146.15;;0.0
R104;$10.$142.15;$10.P0.15;;0.0
R105;$10.$143.18;$10.$302.18;;0.0
R106;$10.$143.18;$10.$306.18;;27.106
R107;$10.$144.15;$10.$145.18;;585.0
R108;$10.$144.15;$10.$148.15;;0.0
R109;$10.$145.18;$10.$304.18;;0.0
R110;$10.$145.18;$10.$308.18;;27.106
R111;$10.$146.15;$10.$147.18;;585.0
R112;$10.$146.15;$10.$150.15;;0.0
R113;$10.$147.18;$10.$306.18;;0.0
R114;$10.$147.18;$10.$310.18;;27.106
R115;$10.$148.15;$10.$149.18;;585.0
R116;$10.$148.15;$10.$152.15;;0.0
R117;$10.$149.18;$10.$308.18;;0.0
R118;$10.$149.18;$10.$312.18;;27.106
R119;$10.$15.18;$10.$174.18;;0.0
R120;$10.$15.18;$10.$178.18;;27.106
R121;$10.$150.15;$10.$151.18;;585.0
R122;$10.$150.15;$10.$154.15;;0.0
R123;$10.$151.18;$10.$310.18;;0.0
R124;$10.$151.18;$10.$314.18;;27.106
R125;$10.$152.15;$10.$153.18;;585.0
R126;$10.$152.15;$10.$156.15;;0.0
R127;$10.$153.18;$10.$312.18;;0.0
R128;$10.$153.18;$10.$316.18;;27.106
R129;$10.$154.15;$10.$155.18;;585.0
R130;$10.$154.15;$10.$158.15;;0.0
R131;$10.$155.18;$10.$314.18;;0.0
R132;$10.$155.18;$10.$318.18;;27.106
R133;$10.$156.15;$10.$157.18;;585.0
R134;$10.$157.18;$10.$316.18;;0.0
R135;$10.$158.15;$10.$159.18;;585.0
R136;$10.$159.18;$10.$318.18;;0.0
R137;$10.$16.15;$10.$17.18;;585.0
R138;$10.$16.15;$10.$20.15;;0.0
R139;$10.$16.15;$10.P7.15;;0.0
R140;$10.$160.18;$10.$161.25;;9.3
R141;$10.$161.25;$10.$165.25;;0.029
R142;$10.$162.18;$10.$163.25;;9.3
R143;$10.$162.18;$10.$3.18;;0.0
R144;$10.$163.25;$10.$167.25;;0.029
R145;$10.$164.18;$10.$165.25;;9.3
R146;$10.$164.18;$10.$5.18;;0.0
R147;$10.$165.25;$10.$169.25;;0.029
R148;$10.$166.18;$10.$167.25;;9.3
R149;$10.$166.18;$10.$3.18;;27.106
R150;$10.$166.18;$10.$7.18;;0.0
R151;$10.$167.25;$10.$171.25;;0.029
R152;$10.$168.18;$10.$169.25;;9.3
R153;$10.$168.18;$10.$5.18;;27.106
R154;$10.$168.18;$10.$9.18;;0.0
R155;$10.$169.25;$10.$173.25;;0.029
R156;$10.$17.18;$10.$176.18;;0.0
R157;$10.$17.18;$10.$180.18;;27.106
R158;$10.$170.18;$10.$171.25;;9.3
R159;$10.$170.18;$10.$7.18;;27.106
R160;$10.$171.25;$10.$175.25;;0.029
R161;$10.$172.18;$10.$173.25;;9.3
R162;$10.$172.18;$10.$9.18;;27.106
R163;$10.$173.25;$10.$177.25;;0.029
R164;$10.$174.18;$10.$175.25;;9.3
R165;$10.$175.25;$10.$179.25;;0.029
R166;$10.$176.18;$10.$177.25;;9.3
R167;$10.$177.25;$10.$181.25;;0.029
R168;$10.$178.18;$10.$179.25;;9.3
R169;$10.$178.18;$10.$19.18;;0.0
R170;$10.$179.25;$10.$183.25;;0.029
R171;$10.$18.15;$10.$19.18;;585.0
R172;$10.$18.15;$10.$22.15;;0.0
R173;$10.$18.15;$10.P3.15;;0.0
R174;$10.$180.18;$10.$181.25;;9.3
R175;$10.$180.18;$10.$21.18;;0.0
R176;$10.$181.25;$10.$185.25;;0.029
R177;$10.$182.18;$10.$183.25;;9.3
R178;$10.$182.18;$10.$19.18;;27.106
R179;$10.$182.18;$10.$23.18;;0.0
R180;$10.$183.25;$10.$187.25;;0.029
R181;$10.$184.18;$10.$185.25;;9.3
R182;$10.$184.18;$10.$21.18;;27.106
R183;$10.$184.18;$10.$25.18;;0.0
R184;$10.$185.25;$10.$189.25;;0.029
R185;$10.$186.18;$10.$187.25;;9.3
R186;$10.$186.18;$10.$23.18;;27.106
R187;$10.$186.18;$10.$27.18;;0.0
R188;$10.$187.25;$10.$191.25;;0.029
R189;$10.$188.18;$10.$189.25;;9.3
R190;$10.$188.18;$10.$25.18;;27.106
R191;$10.$188.18;$10.$29.18;;0.0
R192;$10.$189.25;$10.$193.25;;0.029
R193;$10.$190.18;$10.$191.25;;9.3
R194;$10.$190.18;$10.$27.18;;27.106
R195;$10.$190.18;$10.$31.18;;0.0
R196;$10.$191.25;$10.$195.25;;0.029
R197;$10.$192.18;$10.$193.25;;9.3
R198;$10.$192.18;$10.$29.18;;27.106
R199;$10.$192.18;$10.$33.18;;0.0
R200;$10.$193.25;$10.$197.25;;0.111
R201;$10.$194.18;$10.$195.25;;9.3
R202;$10.$194.18;$10.$31.18;;27.106
R203;$10.$194.18;$10.$35.18;;0.0
R204;$10.$195.25;$10.$199.25;;0.111
R205;$10.$196.18;$10.$197.25;;9.3
R206;$10.$196.18;$10.$37.18;;0.0
R207;$10.$197.25;$10.$201.25;;0.029
R208;$10.$198.18;$10.$199.25;;9.3
R209;$10.$198.18;$10.$39.18;;0.0
R210;$10.$199.25;$10.$203.25;;0.029
R211;$10.$2.15;$10.$3.18;;585.0
R212;$10.$2.15;$10.$6.15;;0.0
R213;$10.$20.15;$10.$21.18;;585.0
R214;$10.$20.15;$10.$24.15;;0.0
R215;$10.$200.18;$10.$201.25;;9.3
R216;$10.$200.18;$10.$37.18;;27.106
R217;$10.$200.18;$10.$41.18;;0.0
R218;$10.$201.25;$10.$205.25;;0.029
R219;$10.$202.18;$10.$203.25;;9.3
R220;$10.$202.18;$10.$39.18;;27.106
R221;$10.$202.18;$10.$43.18;;0.0
R222;$10.$203.25;$10.$207.25;;0.029
R223;$10.$204.18;$10.$205.25;;9.3
R224;$10.$204.18;$10.$41.18;;27.106
R225;$10.$204.18;$10.$45.18;;0.0
R226;$10.$205.25;$10.$209.25;;0.029
R227;$10.$206.18;$10.$207.25;;9.3
R228;$10.$206.18;$10.$43.18;;27.106
R229;$10.$206.18;$10.$47.18;;0.0
R230;$10.$207.25;$10.$211.25;;0.029
R231;$10.$208.18;$10.$209.25;;9.3
R232;$10.$208.18;$10.$45.18;;27.106
R233;$10.$208.18;$10.$49.18;;0.0
R234;$10.$209.25;$10.$213.25;;0.029
R235;$10.$210.18;$10.$211.25;;9.3
R236;$10.$210.18;$10.$47.18;;27.106
R237;$10.$210.18;$10.$51.18;;0.0
R238;$10.$211.25;$10.$215.25;;0.029
R239;$10.$212.18;$10.$213.25;;9.3
R240;$10.$212.18;$10.$49.18;;27.106
R241;$10.$212.18;$10.$53.18;;0.0
R242;$10.$213.25;$10.$217.25;;0.029
R243;$10.$214.18;$10.$215.25;;9.3
R244;$10.$214.18;$10.$51.18;;27.106
R245;$10.$214.18;$10.$55.18;;0.0
R246;$10.$215.25;$10.$219.25;;0.029
R247;$10.$216.18;$10.$217.25;;9.3
R248;$10.$216.18;$10.$53.18;;27.106
R249;$10.$216.18;$10.$57.18;;0.0
R250;$10.$217.25;$10.$221.25;;0.029
R251;$10.$218.18;$10.$219.25;;9.3
R252;$10.$218.18;$10.$55.18;;27.106
R253;$10.$218.18;$10.$59.18;;0.0
R254;$10.$219.25;$10.$223.25;;0.029
R255;$10.$22.15;$10.$23.18;;585.0
R256;$10.$22.15;$10.$26.15;;0.0
R257;$10.$220.18;$10.$221.25;;9.3
R258;$10.$220.18;$10.$57.18;;27.106
R259;$10.$220.18;$10.$61.18;;0.0
R260;$10.$221.25;$10.$326.25;;0.027
R261;$10.$222.18;$10.$223.25;;9.3
R262;$10.$222.18;$10.$59.18;;27.106
R263;$10.$222.18;$10.$63.18;;0.0
R264;$10.$223.25;$10.$330.25;;0.027
R265;$10.$224.18;$10.$225.25;;9.3
R266;$10.$224.18;$10.$61.18;;27.106
R267;$10.$224.18;$10.$65.18;;0.0
R268;$10.$225.25;$10.$324.25;;0.002
R269;$10.$225.25;$10.$338.25;;0.024
R270;$10.$226.18;$10.$227.25;;9.3
R271;$10.$226.18;$10.$63.18;;27.106
R272;$10.$226.18;$10.$67.18;;0.0
R273;$10.$227.25;$10.$328.25;;0.002
R274;$10.$227.25;$10.$342.25;;0.024
R275;$10.$228.18;$10.$229.25;;9.3
R276;$10.$228.18;$10.$65.18;;27.106
R277;$10.$228.18;$10.$69.18;;0.0
R278;$10.$229.25;$10.$336.25;;0.005
R279;$10.$230.18;$10.$231.25;;9.3
R280;$10.$230.18;$10.$67.18;;27.106
R281;$10.$230.18;$10.$71.18;;0.0
R282;$10.$231.25;$10.$340.25;;0.005
R283;$10.$232.18;$10.$233.25;;9.3
R284;$10.$232.18;$10.$73.18;;0.0
R285;$10.$233.25;$10.$344.25;;0.062
R286;$10.$234.18;$10.$235.25;;9.3
R287;$10.$234.18;$10.$75.18;;0.0
R288;$10.$235.25;$10.$346.25;;0.179
R289;$10.$236.18;$10.$237.25;;9.3
R290;$10.$236.18;$10.$77.18;;0.0
R291;$10.$237.25;$10.$380.25;;0.182
R292;$10.$238.18;$10.$239.25;;9.3
R293;$10.$238.18;$10.$79.18;;0.0
R294;$10.$239.25;$10.$348.25;;0.134
R295;$10.$24.15;$10.$25.18;;585.0
R296;$10.$24.15;$10.$28.15;;0.0
R297;$10.$240.18;$10.$241.25;;9.3
R298;$10.$240.18;$10.$81.18;;0.0
R299;$10.$241.25;$10.$356.25;;0.005
R300;$10.$242.18;$10.$243.25;;9.3
R301;$10.$242.18;$10.$83.18;;0.0
R302;$10.$243.25;$10.$360.25;;0.005
R303;$10.$244.18;$10.$245.25;;9.3
R304;$10.$244.18;$10.$81.18;;27.106
R305;$10.$244.18;$10.$85.18;;0.0
R306;$10.$245.25;$10.$354.25;;0.024
R307;$10.$245.25;$10.$368.25;;0.002
R308;$10.$246.18;$10.$247.25;;9.3
R309;$10.$246.18;$10.$83.18;;27.106
R310;$10.$246.18;$10.$87.18;;0.0
R311;$10.$247.25;$10.$358.25;;0.024
R312;$10.$247.25;$10.$372.25;;0.002
R313;$10.$248.18;$10.$249.25;;9.3
R314;$10.$248.18;$10.$85.18;;27.106
R315;$10.$248.18;$10.$89.18;;0.0
R316;$10.$249.25;$10.$261.25;;0.029
R317;$10.$249.25;$10.$366.25;;0.027
R318;$10.$250.18;$10.$251.25;;9.3
R319;$10.$250.18;$10.$87.18;;27.106
R320;$10.$250.18;$10.$91.18;;0.0
R321;$10.$251.25;$10.$263.25;;0.029
R322;$10.$251.25;$10.$370.25;;0.027
R323;$10.$252.18;$10.$253.25;;9.3
R324;$10.$252.18;$10.$93.18;;0.0
R325;$10.$253.25;$10.$374.25;;0.134
R326;$10.$254.18;$10.$255.25;;9.3
R327;$10.$254.18;$10.$95.18;;0.0
R328;$10.$255.25;$10.$376.25;;0.179
R329;$10.$256.18;$10.$257.25;;9.3
R330;$10.$256.18;$10.$97.18;;0.0
R331;$10.$257.25;$10.$381.25;;0.182
R332;$10.$258.18;$10.$259.25;;9.3
R333;$10.$258.18;$10.$99.18;;0.0
R334;$10.$259.25;$10.$378.25;;0.062
R335;$10.$26.15;$10.$27.18;;585.0
R336;$10.$26.15;$10.$30.15;;0.0
R337;$10.$260.18;$10.$261.25;;9.3
R338;$10.$260.18;$10.$89.18;;27.106
R339;$10.$261.25;$10.$265.25;;0.029
R340;$10.$262.18;$10.$263.25;;9.3
R341;$10.$262.18;$10.$91.18;;27.106
R342;$10.$263.25;$10.$267.25;;0.029
R343;$10.$264.18;$10.$265.25;;9.3
R344;$10.$265.25;$10.$269.25;;0.029
R345;$10.$266.18;$10.$267.25;;9.3
R346;$10.$267.25;$10.$271.25;;0.029
R347;$10.$268.18;$10.$269.25;;9.3
R348;$10.$269.25;$10.$273.25;;0.029
R349;$10.$270.18;$10.$271.25;;9.3
R350;$10.$271.25;$10.$275.25;;0.029
R351;$10.$272.18;$10.$273.25;;9.3
R352;$10.$273.25;$10.$277.25;;0.029
R353;$10.$274.18;$10.$275.25;;9.3
R354;$10.$275.25;$10.$279.25;;0.029
R355;$10.$276.18;$10.$277.25;;9.3
R356;$10.$277.25;$10.$281.25;;0.029
R357;$10.$278.18;$10.$279.25;;9.3
R358;$10.$279.25;$10.$283.25;;0.029
R359;$10.$28.15;$10.$29.18;;585.0
R360;$10.$28.15;$10.$32.15;;0.0
R361;$10.$280.18;$10.$281.25;;9.3
R362;$10.$281.25;$10.$285.25;;0.111
R363;$10.$282.18;$10.$283.25;;9.3
R364;$10.$283.25;$10.$287.25;;0.111
R365;$10.$284.18;$10.$285.25;;9.3
R366;$10.$285.25;$10.$289.25;;0.029
R367;$10.$286.18;$10.$287.25;;9.3
R368;$10.$287.25;$10.$291.25;;0.029
R369;$10.$288.18;$10.$289.25;;9.3
R370;$10.$289.25;$10.$293.25;;0.029
R371;$10.$290.18;$10.$291.25;;9.3
R372;$10.$291.25;$10.$295.25;;0.029
R373;$10.$292.18;$10.$293.25;;9.3
R374;$10.$293.25;$10.$297.25;;0.029
R375;$10.$294.18;$10.$295.25;;9.3
R376;$10.$295.25;$10.$299.25;;0.029
R377;$10.$296.18;$10.$297.25;;9.3
R378;$10.$297.25;$10.$301.25;;0.029
R379;$10.$298.18;$10.$299.25;;9.3
R380;$10.$299.25;$10.$303.25;;0.029
R381;$10.$30.15;$10.$31.18;;585.0
R382;$10.$30.15;$10.$34.15;;0.0
R383;$10.$300.18;$10.$301.25;;9.3
R384;$10.$301.25;$10.$305.25;;0.029
R385;$10.$302.18;$10.$303.25;;9.3
R386;$10.$303.25;$10.$307.25;;0.029
R387;$10.$304.18;$10.$305.25;;9.3
R388;$10.$305.25;$10.$309.25;;0.029
R389;$10.$306.18;$10.$307.25;;9.3
R390;$10.$307.25;$10.$311.25;;0.029
R391;$10.$308.18;$10.$309.25;;9.3
R392;$10.$309.25;$10.$313.25;;0.029
R393;$10.$310.18;$10.$311.25;;9.3
R394;$10.$311.25;$10.$315.25;;0.029
R395;$10.$312.18;$10.$313.25;;9.3
R396;$10.$313.25;$10.$317.25;;0.029
R397;$10.$314.18;$10.$315.25;;9.3
R398;$10.$315.25;$10.$319.25;;0.029
R399;$10.$316.18;$10.$317.25;;9.3
R400;$10.$318.18;$10.$319.25;;9.3
R401;$10.$32.15;$10.$33.18;;585.0
R402;$10.$320.25;$10.$321.26;;4.5
R403;$10.$320.25;$10.$332.25;;0.0
R404;$10.$321.26;$10.$333.26;;0.0
R405;$10.$322.25;$10.$323.26;;4.5
R406;$10.$322.25;$10.$332.25;;0.062
R407;$10.$322.25;$10.$334.25;;0.076
R408;$10.$323.26;$10.$382.26;;0.038
R409;$10.$324.25;$10.$325.26;;4.5
R410;$10.$324.25;$10.$326.25;;0.0
R411;$10.$325.26;$10.$384.26;;0.059
R412;$10.$326.25;$10.$327.26;;4.5
R413;$10.$327.26;$10.$384.26;;0.059
R414;$10.$328.25;$10.$329.26;;4.5
R415;$10.$328.25;$10.$330.25;;0.0
R416;$10.$329.26;$10.$383.26;;0.038
R417;$10.$330.25;$10.$331.26;;4.5
R418;$10.$331.26;$10.$343.26;;0.0
R419;$10.$331.26;$10.$383.26;;0.033
R420;$10.$332.25;$10.$333.26;;4.5
R421;$10.$333.26;$10.$382.26;;0.033
R422;$10.$334.25;$10.$335.26;;4.5
R423;$10.$334.25;$10.$352.25;;1.59
R424;$10.$335.26;$10.$337.26;;5.356
R425;$10.$335.26;$10.$382.26;;0.073
R426;$10.$336.25;$10.$337.26;;4.5
R427;$10.$336.25;$10.$338.25;;0.0
R428;$10.$337.26;$10.$384.26;;0.043
R429;$10.$338.25;$10.$339.26;;4.5
R430;$10.$339.26;$10.$341.26;;3.322
R431;$10.$339.26;$10.$384.26;;0.043
R432;$10.$34.15;$10.$35.18;;585.0
R433;$10.$340.25;$10.$341.26;;4.5
R434;$10.$340.25;$10.$342.25;;0.0
R435;$10.$341.26;$10.$383.26;;0.073
R436;$10.$342.25;$10.$343.26;;4.5
R437;$10.$344.25;$10.$345.26;;4.5
R438;$10.$344.25;$10.$374.25;;0.885
R439;$10.$345.26;$10.$347.26;;1.312
R440;$10.$346.25;$10.$347.26;;4.5
R441;$10.$346.25;$10.$380.25;;0.002
R442;$10.$347.26;$10.$349.26;;1.318
R443;$10.$348.25;$10.$349.26;;4.5
R444;$10.$348.25;$10.$378.25;;0.885
R445;$10.$349.26;$10.$387.26;;1.116
R446;$10.$350.25;$10.$351.26;;4.5
R447;$10.$350.25;$10.$362.25;;0.0
R448;$10.$351.26;$10.$387.26;;1.516
R449;$10.$351.26;$10.$388.26;;0.043
R450;$10.$352.25;$10.$353.26;;4.5
R451;$10.$352.25;$10.$364.25;;0.076
R452;$10.$353.26;$10.$355.26;;5.344
R453;$10.$353.26;$10.$388.26;;0.043
R454;$10.$354.25;$10.$355.26;;4.5
R455;$10.$354.25;$10.$356.25;;0.0
R456;$10.$355.26;$10.$385.26;;0.043
R457;$10.$356.25;$10.$357.26;;4.5
R458;$10.$357.26;$10.$359.26;;3.322
R459;$10.$357.26;$10.$385.26;;0.043
R460;$10.$358.25;$10.$359.26;;4.5
R461;$10.$358.25;$10.$360.25;;0.0
R462;$10.$359.26;$10.$386.26;;0.073
R463;$10.$36.15;$10.$37.18;;585.0
R464;$10.$36.15;$10.$40.15;;0.0
R465;$10.$360.25;$10.$361.26;;4.5
R466;$10.$361.26;$10.$373.26;;0.0
R467;$10.$361.26;$10.$386.26;;0.033
R468;$10.$362.25;$10.$363.26;;4.5
R469;$10.$362.25;$10.$364.25;;0.062
R470;$10.$363.26;$10.$388.26;;0.059
R471;$10.$364.25;$10.$365.26;;4.5
R472;$10.$365.26;$10.$388.26;;0.059
R473;$10.$366.25;$10.$367.26;;4.5
R474;$10.$366.25;$10.$368.25;;0.0
R475;$10.$367.26;$10.$385.26;;0.059
R476;$10.$368.25;$10.$369.26;;4.5
R477;$10.$369.26;$10.$385.26;;0.059
R478;$10.$370.25;$10.$371.26;;4.5
R479;$10.$370.25;$10.$372.25;;0.0
R480;$10.$371.26;$10.$386.26;;0.038
R481;$10.$372.25;$10.$373.26;;4.5
R482;$10.$374.25;$10.$375.26;;4.5
R483;$10.$375.26;$10.$377.26;;1.312
R484;$10.$376.25;$10.$377.26;;4.5
R485;$10.$376.25;$10.$381.25;;0.002
R486;$10.$377.26;$10.$379.26;;1.318
R487;$10.$378.25;$10.$379.26;;4.5
R488;$10.$379.26;$10.$387.26;;0.992
R489;$10.$38.15;$10.$39.18;;585.0
R490;$10.$38.15;$10.$42.15;;0.0
R491;$10.$380.25;$10.$381.25;;0.688
R492;$10.$4.15;$10.$5.18;;585.0
R493;$10.$4.15;$10.$8.15;;0.0
R494;$10.$40.15;$10.$41.18;;585.0
R495;$10.$40.15;$10.$44.15;;0.0
R496;$10.$42.15;$10.$43.18;;585.0
R497;$10.$42.15;$10.$46.15;;0.0
R498;$10.$44.15;$10.$45.18;;585.0
R499;$10.$44.15;$10.$48.15;;0.0
R500;$10.$46.15;$10.$47.18;;585.0
R501;$10.$46.15;$10.$50.15;;0.0
R502;$10.$48.15;$10.$49.18;;585.0
R503;$10.$48.15;$10.P6.15;;0.0
R504;$10.$50.15;$10.$51.18;;585.0
R505;$10.$50.15;$10.P2.15;;0.0
R506;$10.$52.15;$10.$53.18;;585.0
R507;$10.$52.15;$10.$56.15;;0.0
R508;$10.$52.15;$10.P6.15;;0.0
R509;$10.$54.15;$10.$55.18;;585.0
R510;$10.$54.15;$10.$58.15;;0.0
R511;$10.$54.15;$10.P2.15;;0.0
R512;$10.$56.15;$10.$57.18;;585.0
R513;$10.$56.15;$10.$60.15;;0.0
R514;$10.$58.15;$10.$59.18;;585.0
R515;$10.$58.15;$10.$62.15;;0.0
R516;$10.$6.15;$10.$7.18;;585.0
R517;$10.$60.15;$10.$61.18;;585.0
R518;$10.$60.15;$10.$64.15;;0.0
R519;$10.$62.15;$10.$63.18;;585.0
R520;$10.$62.15;$10.$66.15;;0.0
R521;$10.$64.15;$10.$65.18;;585.0
R522;$10.$64.15;$10.$68.15;;0.0
R523;$10.$66.15;$10.$67.18;;585.0
R524;$10.$66.15;$10.$70.15;;0.0
R525;$10.$68.15;$10.$69.18;;585.0
R526;$10.$70.15;$10.$71.18;;585.0
R527;$10.$72.15;$10.$73.18;;585.0
R528;$10.$72.15;$10.P9.15;;0.0
R529;$10.$74.15;$10.$75.18;;585.0
R530;$10.$74.15;$10.P13.15;;0.0
R531;$10.$76.15;$10.$77.18;;585.0
R532;$10.$76.15;$10.P11.15;;0.0
R533;$10.$78.15;$10.$79.18;;585.0
R534;$10.$78.15;$10.P15.15;;0.0
R535;$10.$8.15;$10.$9.18;;585.0
R536;$10.$80.15;$10.$81.18;;585.0
R537;$10.$80.15;$10.$84.15;;0.0
R538;$10.$82.15;$10.$83.18;;585.0
R539;$10.$82.15;$10.$86.15;;0.0
R540;$10.$84.15;$10.$85.18;;585.0
R541;$10.$84.15;$10.$88.15;;0.0
R542;$10.$86.15;$10.$87.18;;585.0
R543;$10.$86.15;$10.$90.15;;0.0
R544;$10.$88.15;$10.$89.18;;585.0
R545;$10.$90.15;$10.$91.18;;585.0
R546;$10.$92.15;$10.$93.18;;585.0
R547;$10.$92.15;$10.P8.15;;0.0
R548;$10.$94.15;$10.$95.18;;585.0
R549;$10.$94.15;$10.P12.15;;0.0
R550;$10.$96.15;$10.$97.18;;585.0
R551;$10.$96.15;$10.P10.15;;0.0
R552;$10.$98.15;$10.$99.18;;585.0
R553;$10.$98.15;$10.P14.15;;0.0
R554;$12.$0.15;$12.$1.18;;585.0
R555;$12.$0.15;$12.P1.15;;0.0
R556;$12.$1.18;$12.$20.18;;0.0
R557;$12.$10.15;$12.$11.18;;585.0
R558;$12.$10.15;$12.$12.15;;0.0
R559;$12.$10.15;$12.P0.15;;0.0
R560;$12.$11.18;$12.$30.18;;0.0
R561;$12.$11.18;$12.$32.18;;27.106
R562;$12.$12.15;$12.$13.18;;585.0
R563;$12.$12.15;$12.$14.15;;0.0
R564;$12.$13.18;$12.$32.18;;0.0
R565;$12.$13.18;$12.$34.18;;27.106
R566;$12.$14.15;$12.$15.18;;585.0
R567;$12.$14.15;$12.$16.15;;0.0
R568;$12.$15.18;$12.$34.18;;0.0
R569;$12.$15.18;$12.$36.18;;27.106
R570;$12.$16.15;$12.$17.18;;585.0
R571;$12.$16.15;$12.$18.15;;0.0
R572;$12.$17.18;$12.$36.18;;0.0
R573;$12.$17.18;$12.$38.18;;27.106
R574;$12.$18.15;$12.$19.18;;585.0
R575;$12.$19.18;$12.$38.18;;0.0
R576;$12.$2.15;$12.$3.18;;585.0
R577;$12.$2.15;$12.$4.15;;0.0
R578;$12.$20.18;$12.$21.25;;9.3
R579;$12.$21.25;$12.$40.25;;0.657
R580;$12.$22.18;$12.$23.25;;9.3
R581;$12.$22.18;$12.$3.18;;0.0
R582;$12.$23.25;$12.$25.25;;0.029
R583;$12.$24.18;$12.$25.25;;9.3
R584;$12.$24.18;$12.$3.18;;27.106
R585;$12.$24.18;$12.$5.18;;0.0
R586;$12.$25.25;$12.$27.25;;0.029
R587;$12.$26.18;$12.$27.25;;9.3
R588;$12.$26.18;$12.$5.18;;27.106
R589;$12.$26.18;$12.$7.18;;0.0
R590;$12.$27.25;$12.$29.25;;0.029
R591;$12.$28.18;$12.$29.25;;9.3
R592;$12.$28.18;$12.$7.18;;27.106
R593;$12.$28.18;$12.$9.18;;0.0
R594;$12.$29.25;$12.$46.25;;0.016
R595;$12.$30.18;$12.$31.25;;9.3
R596;$12.$30.18;$12.$9.18;;27.106
R597;$12.$31.25;$12.$44.25;;0.013
R598;$12.$31.25;$12.$52.25;;0.013
R599;$12.$32.18;$12.$33.25;;9.3
R600;$12.$33.25;$12.$35.25;;0.029
R601;$12.$33.25;$12.$50.25;;0.016
R602;$12.$34.18;$12.$35.25;;9.3
R603;$12.$35.25;$12.$37.25;;0.029
R604;$12.$36.18;$12.$37.25;;9.3
R605;$12.$37.25;$12.$39.25;;0.029
R606;$12.$38.18;$12.$39.25;;9.3
R607;$12.$4.15;$12.$5.18;;585.0
R608;$12.$4.15;$12.$6.15;;0.0
R609;$12.$40.25;$12.$41.26;;4.5
R610;$12.$41.26;$12.$43.26;;1.135
R611;$12.$42.25;$12.$43.26;;4.5
R612;$12.$42.25;$12.$48.25;;1.035
R613;$12.$44.25;$12.$45.26;;4.5
R614;$12.$44.25;$12.$46.25;;0.0
R615;$12.$45.26;$12.$49.26;;10.046
R616;$12.$45.26;$12.$51.26;;0.0
R617;$12.$46.25;$12.$47.26;;4.5
R618;$12.$47.26;$12.$51.26;;0.05
R619;$12.$47.26;$12.$53.26;;0.0
R620;$12.$48.25;$12.$49.26;;4.5
R621;$12.$50.25;$12.$51.26;;4.5
R622;$12.$50.25;$12.$52.25;;0.0
R623;$12.$52.25;$12.$53.26;;4.5
R624;$12.$6.15;$12.$7.18;;585.0
R625;$12.$6.15;$12.$8.15;;0.0
R626;$12.$8.15;$12.$9.18;;585.0
R627;$12.$8.15;$12.P0.15;;0.0
R628;$2.$0.15;$2.$1.18;;585.0
R629;$2.$0.15;$2.$2.15;;0.0
R630;$2.$1.18;$2.$80.18;;0.0
R631;$2.$1.18;$2.$82.18;;27.106
R632;$2.$10.15;$2.$11.18;;585.0
R633;$2.$10.15;$2.$12.15;;0.0
R634;$2.$10.15;$2.$8.15;;0.0
R635;$2.$100.18;$2.$101.25;;9.3
R636;$2.$100.18;$2.$21.18;;0.0
R637;$2.$101.25;$2.$105.25;;0.029
R638;$2.$102.18;$2.$103.25;;9.3
R639;$2.$102.18;$2.$19.18;;27.106
R640;$2.$102.18;$2.$23.18;;0.0
R641;$2.$103.25;$2.$107.25;;0.029
R642;$2.$103.25;$2.$99.25;;0.029
R643;$2.$104.18;$2.$105.25;;9.3
R644;$2.$104.18;$2.$21.18;;27.106
R645;$2.$104.18;$2.$25.18;;0.0
R646;$2.$105.25;$2.$109.25;;0.029
R647;$2.$106.18;$2.$107.25;;9.3
R648;$2.$106.18;$2.$23.18;;27.106
R649;$2.$106.18;$2.$27.18;;0.0
R650;$2.$107.25;$2.$111.25;;0.029
R651;$2.$108.18;$2.$109.25;;9.3
R652;$2.$108.18;$2.$25.18;;27.106
R653;$2.$108.18;$2.$29.18;;0.0
R654;$2.$109.25;$2.$113.25;;0.029
R655;$2.$11.18;$2.$90.18;;0.0
R656;$2.$11.18;$2.$92.18;;27.106
R657;$2.$110.18;$2.$111.25;;9.3
R658;$2.$110.18;$2.$27.18;;27.106
R659;$2.$110.18;$2.$31.18;;0.0
R660;$2.$111.25;$2.$115.25;;0.029
R661;$2.$112.18;$2.$113.25;;9.3
R662;$2.$112.18;$2.$29.18;;27.106
R663;$2.$112.18;$2.$33.18;;0.0
R664;$2.$113.25;$2.$117.25;;0.029
R665;$2.$114.18;$2.$115.25;;9.3
R666;$2.$114.18;$2.$31.18;;27.106
R667;$2.$114.18;$2.$35.18;;0.0
R668;$2.$115.25;$2.$127.25;;0.029
R669;$2.$116.18;$2.$117.25;;9.3
R670;$2.$116.18;$2.$33.18;;27.106
R671;$2.$116.18;$2.$37.18;;0.0
R672;$2.$117.25;$2.$129.25;;0.029
R673;$2.$118.18;$2.$119.25;;9.3
R674;$2.$118.18;$2.$39.18;;0.0
R675;$2.$119.25;$2.$160.25;;0.125
R676;$2.$12.15;$2.$13.18;;585.0
R677;$2.$12.15;$2.$14.15;;0.0
R678;$2.$120.18;$2.$121.25;;9.3
R679;$2.$120.18;$2.$41.18;;0.0
R680;$2.$121.25;$2.$162.25;;0.183
R681;$2.$122.18;$2.$123.25;;9.3
R682;$2.$122.18;$2.$43.18;;0.0
R683;$2.$123.25;$2.$162.25;;0.179
R684;$2.$124.18;$2.$125.25;;9.3
R685;$2.$124.18;$2.$45.18;;0.0
R686;$2.$125.25;$2.$164.25;;0.125
R687;$2.$126.18;$2.$127.25;;9.3
R688;$2.$126.18;$2.$35.18;;27.106
R689;$2.$126.18;$2.$47.18;;0.0
R690;$2.$127.25;$2.$131.25;;0.029
R691;$2.$128.18;$2.$129.25;;9.3
R692;$2.$128.18;$2.$37.18;;27.106
R693;$2.$128.18;$2.$49.18;;0.0
R694;$2.$129.25;$2.$133.25;;0.029
R695;$2.$13.18;$2.$92.18;;0.0
R696;$2.$13.18;$2.$94.18;;27.106
R697;$2.$130.18;$2.$131.25;;9.3
R698;$2.$130.18;$2.$47.18;;27.106
R699;$2.$130.18;$2.$51.18;;0.0
R700;$2.$131.25;$2.$135.25;;0.029
R701;$2.$132.18;$2.$133.25;;9.3
R702;$2.$132.18;$2.$49.18;;27.106
R703;$2.$132.18;$2.$53.18;;0.0
R704;$2.$133.25;$2.$137.25;;0.029
R705;$2.$134.18;$2.$135.25;;9.3
R706;$2.$134.18;$2.$51.18;;27.106
R707;$2.$134.18;$2.$55.18;;0.0
R708;$2.$135.25;$2.$201.25;;0.034
R709;$2.$136.18;$2.$137.25;;9.3
R710;$2.$136.18;$2.$53.18;;27.106
R711;$2.$136.18;$2.$57.18;;0.0
R712;$2.$137.25;$2.$203.25;;0.034
R713;$2.$138.18;$2.$139.25;;9.3
R714;$2.$138.18;$2.$55.18;;27.106
R715;$2.$138.18;$2.$59.18;;0.0
R716;$2.$139.25;$2.$201.25;;0.003
R717;$2.$14.15;$2.$15.18;;585.0
R718;$2.$14.15;$2.$16.15;;0.0
R719;$2.$140.18;$2.$141.25;;9.3
R720;$2.$140.18;$2.$57.18;;27.106
R721;$2.$140.18;$2.$61.18;;0.0
R722;$2.$141.25;$2.$203.25;;0.003
R723;$2.$142.18;$2.$143.25;;9.3
R724;$2.$142.18;$2.$63.18;;0.0
R725;$2.$143.25;$2.$206.25;;0.017
R726;$2.$144.18;$2.$145.25;;9.3
R727;$2.$144.18;$2.$63.18;;27.106
R728;$2.$144.18;$2.$65.18;;0.0
R729;$2.$145.25;$2.$147.25;;0.029
R730;$2.$145.25;$2.$206.25;;0.012
R731;$2.$146.18;$2.$147.25;;9.3
R732;$2.$146.18;$2.$65.18;;27.106
R733;$2.$146.18;$2.$67.18;;0.0
R734;$2.$147.25;$2.$149.25;;0.029
R735;$2.$148.18;$2.$149.25;;9.3
R736;$2.$148.18;$2.$67.18;;27.106
R737;$2.$148.18;$2.$69.18;;0.0
R738;$2.$149.25;$2.$151.25;;0.029
R739;$2.$15.18;$2.$94.18;;0.0
R740;$2.$15.18;$2.$96.18;;27.106
R741;$2.$150.18;$2.$151.25;;9.3
R742;$2.$150.18;$2.$69.18;;27.106
R743;$2.$150.18;$2.$71.18;;0.0
R744;$2.$151.25;$2.$153.25;;0.029
R745;$2.$152.18;$2.$153.25;;9.3
R746;$2.$152.18;$2.$71.18;;27.106
R747;$2.$152.18;$2.$73.18;;0.0
R748;$2.$153.25;$2.$155.25;;0.029
R749;$2.$154.18;$2.$155.25;;9.3
R750;$2.$154.18;$2.$73.18;;27.106
R751;$2.$154.18;$2.$75.18;;0.0
R752;$2.$155.25;$2.$157.25;;0.029
R753;$2.$156.18;$2.$157.25;;9.3
R754;$2.$156.18;$2.$75.18;;27.106
R755;$2.$156.18;$2.$77.18;;0.0
R756;$2.$157.25;$2.$159.25;;0.029
R757;$2.$158.18;$2.$159.25;;9.3
R758;$2.$158.18;$2.$77.18;;27.106
R759;$2.$158.18;$2.$79.18;;0.0
R760;$2.$16.15;$2.$17.18;;585.0
R761;$2.$160.25;$2.$161.26;;4.5
R762;$2.$161.26;$2.$163.26;;1.318
R763;$2.$162.25;$2.$163.26;;4.5
R764;$2.$163.26;$2.$165.26;;1.312
R765;$2.$164.25;$2.$165.26;;4.5
R766;$2.$165.26;$2.$167.26;;0.672
R767;$2.$166.25;$2.$167.26;;4.5
R768;$2.$166.25;$2.$168.25;;2.652
R769;$2.$168.25;$2.$169.26;;4.5
R770;$2.$168.25;$2.$184.25;;0.0
R771;$2.$169.26;$2.$185.26;;0.0
R772;$2.$17.18;$2.$96.18;;0.0
R773;$2.$170.25;$2.$171.26;;4.5
R774;$2.$170.25;$2.$184.25;;0.05
R775;$2.$170.25;$2.$186.25;;0.0
R776;$2.$171.26;$2.$185.26;;0.05
R777;$2.$171.26;$2.$187.26;;0.0
R778;$2.$172.25;$2.$173.26;;4.5
R779;$2.$172.25;$2.$188.25;;0.0
R780;$2.$173.26;$2.$187.26;;6.071
R781;$2.$173.26;$2.$189.26;;0.0
R782;$2.$174.25;$2.$175.26;;4.5
R783;$2.$174.25;$2.$190.25;;0.0
R784;$2.$174.25;$2.$200.25;;0.026
R785;$2.$175.26;$2.$189.26;;0.05
R786;$2.$175.26;$2.$191.26;;0.0
R787;$2.$176.25;$2.$177.26;;4.5
R788;$2.$176.25;$2.$192.25;;0.0
R789;$2.$177.26;$2.$191.26;;1.269
R790;$2.$177.26;$2.$193.26;;0.0
R791;$2.$178.25;$2.$179.26;;4.5
R792;$2.$178.25;$2.$194.25;;0.0
R793;$2.$178.25;$2.$205.25;;0.025
R794;$2.$179.26;$2.$193.26;;0.05
R795;$2.$179.26;$2.$195.26;;0.0
R796;$2.$18.15;$2.$19.18;;585.0
R797;$2.$18.15;$2.$22.15;;0.0
R798;$2.$180.25;$2.$181.26;;4.5
R799;$2.$180.25;$2.$196.25;;0.0
R800;$2.$181.26;$2.$195.26;;1.841
R801;$2.$181.26;$2.$197.26;;0.0
R802;$2.$182.25;$2.$183.26;;4.5
R803;$2.$182.25;$2.$198.25;;0.0
R804;$2.$182.25;$2.$202.25;;0.025
R805;$2.$183.26;$2.$197.26;;0.05
R806;$2.$183.26;$2.$199.26;;0.0
R807;$2.$184.25;$2.$185.26;;4.5
R808;$2.$186.25;$2.$187.26;;4.5
R809;$2.$188.25;$2.$189.26;;4.5
R810;$2.$188.25;$2.$200.25;;0.024
R811;$2.$19.18;$2.$98.18;;0.0
R812;$2.$190.25;$2.$191.26;;4.5
R813;$2.$192.25;$2.$193.26;;4.5
R814;$2.$192.25;$2.$205.25;;0.025
R815;$2.$194.25;$2.$195.26;;4.5
R816;$2.$194.25;$2.$206.25;;0.733
R817;$2.$196.25;$2.$197.26;;4.5
R818;$2.$196.25;$2.$202.25;;0.025
R819;$2.$198.25;$2.$199.26;;4.5
R820;$2.$2.15;$2.$3.18;;585.0
R821;$2.$2.15;$2.$4.15;;0.0
R822;$2.$20.15;$2.$21.18;;585.0
R823;$2.$20.15;$2.$24.15;;0.0
R824;$2.$200.25;$2.$201.25;;2.586
R825;$2.$202.25;$2.$203.25;;2.586
R826;$2.$204.25;$2.$205.25;;5.576
R827;$2.$204.25;$2.$95.25;;0.034
R828;$2.$204.25;$2.$97.25;;0.003
R829;$2.$22.15;$2.$23.18;;585.0
R830;$2.$22.15;$2.$26.15;;0.0
R831;$2.$24.15;$2.$25.18;;585.0
R832;$2.$24.15;$2.$28.15;;0.0
R833;$2.$26.15;$2.$27.18;;585.0
R834;$2.$26.15;$2.$30.15;;0.0
R835;$2.$28.15;$2.$29.18;;585.0
R836;$2.$28.15;$2.$32.15;;0.0
R837;$2.$3.18;$2.$82.18;;0.0
R838;$2.$3.18;$2.$84.18;;27.106
R839;$2.$30.15;$2.$31.18;;585.0
R840;$2.$30.15;$2.P3.15;;0.0
R841;$2.$32.15;$2.$33.18;;585.0
R842;$2.$32.15;$2.P0.15;;0.0
R843;$2.$34.15;$2.$35.18;;585.0
R844;$2.$34.15;$2.$46.15;;0.0
R845;$2.$34.15;$2.P3.15;;0.0
R846;$2.$36.15;$2.$37.18;;585.0
R847;$2.$36.15;$2.$48.15;;0.0
R848;$2.$36.15;$2.P0.15;;0.0
R849;$2.$38.15;$2.$39.18;;585.0
R850;$2.$38.15;$2.P4.15;;0.0
R851;$2.$4.15;$2.$5.18;;585.0
R852;$2.$4.15;$2.$6.15;;0.0
R853;$2.$40.15;$2.$41.18;;585.0
R854;$2.$40.15;$2.P6.15;;0.0
R855;$2.$42.15;$2.$43.18;;585.0
R856;$2.$42.15;$2.P5.15;;0.0
R857;$2.$44.15;$2.$45.18;;585.0
R858;$2.$44.15;$2.P7.15;;0.0
R859;$2.$46.15;$2.$47.18;;585.0
R860;$2.$46.15;$2.$50.15;;0.0
R861;$2.$48.15;$2.$49.18;;585.0
R862;$2.$48.15;$2.$52.15;;0.0
R863;$2.$5.18;$2.$84.18;;0.0
R864;$2.$5.18;$2.$86.18;;27.106
R865;$2.$50.15;$2.$51.18;;585.0
R866;$2.$50.15;$2.$54.15;;0.0
R867;$2.$52.15;$2.$53.18;;585.0
R868;$2.$52.15;$2.$56.15;;0.0
R869;$2.$54.15;$2.$55.18;;585.0
R870;$2.$54.15;$2.$58.15;;0.0
R871;$2.$56.15;$2.$57.18;;585.0
R872;$2.$56.15;$2.$60.15;;0.0
R873;$2.$58.15;$2.$59.18;;585.0
R874;$2.$6.15;$2.$7.18;;585.0
R875;$2.$6.15;$2.P2.15;;0.0
R876;$2.$60.15;$2.$61.18;;585.0
R877;$2.$62.15;$2.$63.18;;585.0
R878;$2.$62.15;$2.$64.15;;0.0
R879;$2.$64.15;$2.$65.18;;585.0
R880;$2.$64.15;$2.$66.15;;0.0
R881;$2.$66.15;$2.$67.18;;585.0
R882;$2.$66.15;$2.$68.15;;0.0
R883;$2.$68.15;$2.$69.18;;585.0
R884;$2.$68.15;$2.P1.15;;0.0
R885;$2.$7.18;$2.$86.18;;0.0
R886;$2.$7.18;$2.$88.18;;27.106
R887;$2.$70.15;$2.$71.18;;585.0
R888;$2.$70.15;$2.$72.15;;0.0
R889;$2.$70.15;$2.P1.15;;0.0
R890;$2.$72.15;$2.$73.18;;585.0
R891;$2.$72.15;$2.$74.15;;0.0
R892;$2.$74.15;$2.$75.18;;585.0
R893;$2.$74.15;$2.$76.15;;0.0
R894;$2.$76.15;$2.$77.18;;585.0
R895;$2.$76.15;$2.$78.15;;0.0
R896;$2.$78.15;$2.$79.18;;585.0
R897;$2.$8.15;$2.$9.18;;585.0
R898;$2.$8.15;$2.P2.15;;0.0
R899;$2.$80.18;$2.$81.25;;9.3
R900;$2.$81.25;$2.$83.25;;0.029
R901;$2.$82.18;$2.$83.25;;9.3
R902;$2.$83.25;$2.$85.25;;0.029
R903;$2.$84.18;$2.$85.25;;9.3
R904;$2.$85.25;$2.$87.25;;0.029
R905;$2.$86.18;$2.$87.25;;9.3
R906;$2.$87.25;$2.$89.25;;0.029
R907;$2.$88.18;$2.$89.25;;9.3
R908;$2.$88.18;$2.$9.18;;0.0
R909;$2.$89.25;$2.$91.25;;0.029
R910;$2.$9.18;$2.$90.18;;27.106
R911;$2.$90.18;$2.$91.25;;9.3
R912;$2.$91.25;$2.$93.25;;0.029
R913;$2.$92.18;$2.$93.25;;9.3
R914;$2.$93.25;$2.$95.25;;0.029
R915;$2.$94.18;$2.$95.25;;9.3
R916;$2.$96.18;$2.$97.25;;9.3
R917;$2.$98.18;$2.$99.25;;9.3
R918;$3.$0.15;$3.$1.18;;585.0
R919;$3.$0.15;$3.$2.15;;0.0
R920;$3.$1.18;$3.$40.18;;0.0
R921;$3.$1.18;$3.$42.18;;27.106
R922;$3.$10.15;$3.$11.18;;585.0
R923;$3.$10.15;$3.$12.15;;0.0
R924;$3.$10.15;$3.$8.15;;0.0
R925;$3.$100.25;$3.$101.26;;4.5
R926;$3.$100.25;$3.$102.25;;0.062
R927;$3.$100.25;$3.$104.25;;0.0
R928;$3.$101.26;$3.$105.26;;0.0
R929;$3.$101.26;$3.$110.26;;0.031
R930;$3.$102.25;$3.$103.26;;4.5
R931;$3.$102.25;$3.$98.25;;0.076
R932;$3.$103.26;$3.$110.26;;0.035
R933;$3.$104.25;$3.$105.26;;4.5
R934;$3.$106.25;$3.$41.25;;0.052
R935;$3.$106.25;$3.$43.25;;0.019
R936;$3.$106.25;$3.$94.25;;0.337
R937;$3.$107.25;$3.$63.25;;0.003
R938;$3.$107.25;$3.$65.25;;0.034
R939;$3.$107.25;$3.$92.25;;3.4
R940;$3.$108.26;$3.$83.26;;0.038
R941;$3.$108.26;$3.$89.26;;0.033
R942;$3.$108.26;$3.$91.26;;0.073
R943;$3.$109.26;$3.$85.26;;0.038
R944;$3.$109.26;$3.$87.26;;0.033
R945;$3.$109.26;$3.$93.26;;0.073
R946;$3.$11.18;$3.$50.18;;0.0
R947;$3.$11.18;$3.$52.18;;27.106
R948;$3.$110.26;$3.$99.26;;0.089
R949;$3.$12.15;$3.$13.18;;585.0
R950;$3.$12.15;$3.$14.15;;0.0
R951;$3.$13.18;$3.$52.18;;0.0
R952;$3.$13.18;$3.$54.18;;27.106
R953;$3.$14.15;$3.$15.18;;585.0
R954;$3.$14.15;$3.$16.15;;0.0
R955;$3.$15.18;$3.$54.18;;0.0
R956;$3.$15.18;$3.$56.18;;27.106
R957;$3.$16.15;$3.$17.18;;585.0
R958;$3.$17.18;$3.$56.18;;0.0
R959;$3.$18.15;$3.$19.18;;585.0
R960;$3.$18.15;$3.P3.15;;0.0
R961;$3.$19.18;$3.$58.18;;0.0
R962;$3.$2.15;$3.$3.18;;585.0
R963;$3.$2.15;$3.$4.15;;0.0
R964;$3.$20.15;$3.$21.18;;585.0
R965;$3.$20.15;$3.P2.15;;0.0
R966;$3.$21.18;$3.$60.18;;0.0
R967;$3.$22.15;$3.$23.18;;585.0
R968;$3.$22.15;$3.$24.15;;0.0
R969;$3.$23.18;$3.$62.18;;0.0
R970;$3.$23.18;$3.$64.18;;27.106
R971;$3.$24.15;$3.$25.18;;585.0
R972;$3.$24.15;$3.$26.15;;0.0
R973;$3.$25.18;$3.$64.18;;0.0
R974;$3.$25.18;$3.$66.18;;27.106
R975;$3.$26.15;$3.$27.18;;585.0
R976;$3.$26.15;$3.$28.15;;0.0
R977;$3.$27.18;$3.$66.18;;0.0
R978;$3.$27.18;$3.$68.18;;27.106
R979;$3.$28.15;$3.$29.18;;585.0
R980;$3.$28.15;$3.P0.15;;0.0
R981;$3.$29.18;$3.$68.18;;0.0
R982;$3.$29.18;$3.$70.18;;27.106
R983;$3.$3.18;$3.$42.18;;0.0
R984;$3.$3.18;$3.$44.18;;27.106
R985;$3.$30.15;$3.$31.18;;585.0
R986;$3.$30.15;$3.$32.15;;0.0
R987;$3.$30.15;$3.P0.15;;0.0
R988;$3.$31.18;$3.$70.18;;0.0
R989;$3.$31.18;$3.$72.18;;27.106
R990;$3.$32.15;$3.$33.18;;585.0
R991;$3.$32.15;$3.$34.15;;0.0
R992;$3.$33.18;$3.$72.18;;0.0
R993;$3.$33.18;$3.$74.18;;27.106
R994;$3.$34.15;$3.$35.18;;585.0
R995;$3.$34.15;$3.$36.15;;0.0
R996;$3.$35.18;$3.$74.18;;0.0
R997;$3.$35.18;$3.$76.18;;27.106
R998;$3.$36.15;$3.$37.18;;585.0
R999;$3.$36.15;$3.$38.15;;0.0
R1000;$3.$37.18;$3.$76.18;;0.0
R1001;$3.$37.18;$3.$78.18;;27.106
R1002;$3.$38.15;$3.$39.18;;585.0
R1003;$3.$39.18;$3.$78.18;;0.0
R1004;$3.$4.15;$3.$5.18;;585.0
R1005;$3.$4.15;$3.$6.15;;0.0
R1006;$3.$40.18;$3.$41.25;;9.3
R1007;$3.$42.18;$3.$43.25;;9.3
R1008;$3.$43.25;$3.$45.25;;0.033
R1009;$3.$44.18;$3.$45.25;;9.3
R1010;$3.$44.18;$3.$5.18;;0.0
R1011;$3.$45.25;$3.$47.25;;0.029
R1012;$3.$46.18;$3.$47.25;;9.3
R1013;$3.$46.18;$3.$5.18;;27.106
R1014;$3.$46.18;$3.$7.18;;0.0
R1015;$3.$47.25;$3.$49.25;;0.029
R1016;$3.$48.18;$3.$49.25;;9.3
R1017;$3.$48.18;$3.$7.18;;27.106
R1018;$3.$48.18;$3.$9.18;;0.0
R1019;$3.$49.25;$3.$51.25;;0.029
R1020;$3.$50.18;$3.$51.25;;9.3
R1021;$3.$50.18;$3.$9.18;;27.106
R1022;$3.$51.25;$3.$53.25;;0.029
R1023;$3.$52.18;$3.$53.25;;9.3
R1024;$3.$53.25;$3.$55.25;;0.029
R1025;$3.$54.18;$3.$55.25;;9.3
R1026;$3.$55.25;$3.$57.25;;0.029
R1027;$3.$56.18;$3.$57.25;;9.3
R1028;$3.$58.18;$3.$59.25;;9.3
R1029;$3.$59.25;$3.$96.25;;0.181
R1030;$3.$6.15;$3.$7.18;;585.0
R1031;$3.$6.15;$3.P1.15;;0.0
R1032;$3.$60.18;$3.$61.25;;9.3
R1033;$3.$61.25;$3.$96.25;;0.181
R1034;$3.$62.18;$3.$63.25;;9.3
R1035;$3.$64.18;$3.$65.25;;9.3
R1036;$3.$65.25;$3.$67.25;;0.029
R1037;$3.$66.18;$3.$67.25;;9.3
R1038;$3.$67.25;$3.$69.25;;0.029
R1039;$3.$68.18;$3.$69.25;;9.3
R1040;$3.$69.25;$3.$71.25;;0.029
R1041;$3.$70.18;$3.$71.25;;9.3
R1042;$3.$71.25;$3.$73.25;;0.029
R1043;$3.$72.18;$3.$73.25;;9.3
R1044;$3.$73.25;$3.$75.25;;0.029
R1045;$3.$74.18;$3.$75.25;;9.3
R1046;$3.$75.25;$3.$77.25;;0.029
R1047;$3.$76.18;$3.$77.25;;9.3
R1048;$3.$77.25;$3.$79.25;;0.029
R1049;$3.$78.18;$3.$79.25;;9.3
R1050;$3.$8.15;$3.$9.18;;585.0
R1051;$3.$8.15;$3.P1.15;;0.0
R1052;$3.$80.25;$3.$81.26;;4.5
R1053;$3.$80.25;$3.$88.25;;0.0
R1054;$3.$81.26;$3.$89.26;;0.0
R1055;$3.$82.25;$3.$83.26;;4.5
R1056;$3.$82.25;$3.$88.25;;0.062
R1057;$3.$82.25;$3.$90.25;;0.076
R1058;$3.$84.25;$3.$85.26;;4.5
R1059;$3.$84.25;$3.$86.25;;0.057
R1060;$3.$84.25;$3.$92.25;;0.096
R1061;$3.$86.25;$3.$87.26;;4.5
R1062;$3.$86.25;$3.$94.25;;0.0
R1063;$3.$87.26;$3.$95.26;;0.0
R1064;$3.$88.25;$3.$89.26;;4.5
R1065;$3.$90.25;$3.$91.26;;4.5
R1066;$3.$90.25;$3.$98.25;;1.724
R1067;$3.$91.26;$3.$93.26;;6.995
R1068;$3.$92.25;$3.$93.26;;4.5
R1069;$3.$94.25;$3.$95.26;;4.5
R1070;$3.$96.25;$3.$97.26;;4.5
R1071;$3.$97.26;$3.$99.26;;4.69
R1072;$3.$98.25;$3.$99.26;;4.5
R1073;$39.$0.15;$39.$1.18;;585.0
R1074;$39.$0.15;$39.$292.15;;0.0
R1075;$39.$0.15;$39.$4.15;;0.0
R1076;$39.$1.18;$39.$320.18;;0.0
R1077;$39.$1.18;$39.$324.18;;27.106
R1078;$39.$10.15;$39.$11.18;;585.0
R1079;$39.$10.15;$39.$14.15;;0.0
R1080;$39.$10.15;$39.$6.15;;0.0
R1081;$39.$100.15;$39.$101.18;;585.0
R1082;$39.$100.15;$39.$138.15;;0.0
R1083;$39.$100.15;$39.$76.15;;0.0
R1084;$39.$101.18;$39.$396.18;;27.106
R1085;$39.$101.18;$39.$420.18;;0.0
R1086;$39.$102.15;$39.$103.18;;585.0
R1087;$39.$102.15;$39.$150.15;;0.0
R1088;$39.$102.15;$39.$78.15;;0.0
R1089;$39.$103.18;$39.$398.18;;27.106
R1090;$39.$103.18;$39.$422.18;;0.0
R1091;$39.$104.15;$39.$105.18;;585.0
R1092;$39.$104.15;$39.$96.15;;0.0
R1093;$39.$105.18;$39.$424.18;;0.0
R1094;$39.$106.15;$39.$107.18;;585.0
R1095;$39.$106.15;$39.$98.15;;0.0
R1096;$39.$107.18;$39.$426.18;;0.0
R1097;$39.$108.15;$39.$109.18;;585.0
R1098;$39.$108.15;$39.$130.15;;0.0
R1099;$39.$108.15;$39.$84.15;;0.0
R1100;$39.$109.18;$39.$428.18;;0.0
R1101;$39.$109.18;$39.$450.18;;27.106
R1102;$39.$11.18;$39.$330.18;;0.0
R1103;$39.$11.18;$39.$334.18;;27.106
R1104;$39.$110.15;$39.$111.18;;585.0
R1105;$39.$110.15;$39.$134.15;;0.0
R1106;$39.$110.15;$39.$86.15;;0.0
R1107;$39.$111.18;$39.$430.18;;0.0
R1108;$39.$111.18;$39.$454.18;;27.106
R1109;$39.$112.15;$39.$113.18;;585.0
R1110;$39.$112.15;$39.P18.15;;0.0
R1111;$39.$113.18;$39.$432.18;;0.0
R1112;$39.$114.15;$39.$115.18;;585.0
R1113;$39.$114.15;$39.P26.15;;0.0
R1114;$39.$115.18;$39.$434.18;;0.0
R1115;$39.$116.15;$39.$117.18;;585.0
R1116;$39.$116.15;$39.P22.15;;0.0
R1117;$39.$117.18;$39.$436.18;;0.0
R1118;$39.$118.15;$39.$119.18;;585.0
R1119;$39.$118.15;$39.P30.15;;0.0
R1120;$39.$119.18;$39.$438.18;;0.0
R1121;$39.$12.15;$39.$13.18;;585.0
R1122;$39.$12.15;$39.$8.15;;0.0
R1123;$39.$120.15;$39.$121.18;;585.0
R1124;$39.$120.15;$39.$124.15;;0.0
R1125;$39.$121.18;$39.$440.18;;0.0
R1126;$39.$121.18;$39.$444.18;;27.106
R1127;$39.$122.15;$39.$123.18;;585.0
R1128;$39.$122.15;$39.$76.15;;0.0
R1129;$39.$123.18;$39.$442.18;;0.0
R1130;$39.$124.15;$39.$125.18;;585.0
R1131;$39.$124.15;$39.$128.15;;0.0
R1132;$39.$125.18;$39.$444.18;;0.0
R1133;$39.$125.18;$39.$448.18;;27.106
R1134;$39.$126.15;$39.$127.18;;585.0
R1135;$39.$126.15;$39.$78.15;;0.0
R1136;$39.$127.18;$39.$446.18;;0.0
R1137;$39.$128.15;$39.$129.18;;585.0
R1138;$39.$128.15;$39.$132.15;;0.0
R1139;$39.$129.18;$39.$448.18;;0.0
R1140;$39.$129.18;$39.$452.18;;27.106
R1141;$39.$13.18;$39.$332.18;;0.0
R1142;$39.$130.15;$39.$131.18;;585.0
R1143;$39.$130.15;$39.P13.15;;0.0
R1144;$39.$131.18;$39.$450.18;;0.0
R1145;$39.$131.18;$39.$474.18;;27.106
R1146;$39.$132.15;$39.$133.18;;585.0
R1147;$39.$132.15;$39.P8.15;;0.0
R1148;$39.$133.18;$39.$452.18;;0.0
R1149;$39.$133.18;$39.$456.18;;27.106
R1150;$39.$134.15;$39.$135.18;;585.0
R1151;$39.$134.15;$39.P9.15;;0.0
R1152;$39.$135.18;$39.$454.18;;0.0
R1153;$39.$135.18;$39.$478.18;;27.106
R1154;$39.$136.15;$39.$137.18;;585.0
R1155;$39.$136.15;$39.$148.15;;0.0
R1156;$39.$136.15;$39.P8.15;;0.0
R1157;$39.$137.18;$39.$456.18;;0.0
R1158;$39.$137.18;$39.$468.18;;27.106
R1159;$39.$138.15;$39.$139.18;;585.0
R1160;$39.$138.15;$39.$218.15;;0.0
R1161;$39.$139.18;$39.$420.18;;27.106
R1162;$39.$139.18;$39.$458.18;;0.0
R1163;$39.$14.15;$39.$15.18;;585.0
R1164;$39.$140.15;$39.$141.18;;585.0
R1165;$39.$140.15;$39.P17.15;;0.0
R1166;$39.$141.18;$39.$460.18;;0.0
R1167;$39.$142.15;$39.$143.18;;585.0
R1168;$39.$142.15;$39.P25.15;;0.0
R1169;$39.$143.18;$39.$462.18;;0.0
R1170;$39.$144.15;$39.$145.18;;585.0
R1171;$39.$144.15;$39.P21.15;;0.0
R1172;$39.$145.18;$39.$464.18;;0.0
R1173;$39.$146.15;$39.$147.18;;585.0
R1174;$39.$146.15;$39.P29.15;;0.0
R1175;$39.$147.18;$39.$466.18;;0.0
R1176;$39.$148.15;$39.$149.18;;585.0
R1177;$39.$148.15;$39.$152.15;;0.0
R1178;$39.$149.18;$39.$468.18;;0.0
R1179;$39.$149.18;$39.$472.18;;27.106
R1180;$39.$15.18;$39.$334.18;;0.0
R1181;$39.$150.15;$39.$151.18;;585.0
R1182;$39.$150.15;$39.$220.15;;0.0
R1183;$39.$151.18;$39.$422.18;;27.106
R1184;$39.$151.18;$39.$470.18;;0.0
R1185;$39.$152.15;$39.$153.18;;585.0
R1186;$39.$152.15;$39.$156.15;;0.0
R1187;$39.$153.18;$39.$472.18;;0.0
R1188;$39.$153.18;$39.$476.18;;27.106
R1189;$39.$154.15;$39.$155.18;;585.0
R1190;$39.$154.15;$39.$72.15;;0.0
R1191;$39.$154.15;$39.P13.15;;0.0
R1192;$39.$155.18;$39.$392.18;;27.106
R1193;$39.$155.18;$39.$474.18;;0.0
R1194;$39.$156.15;$39.$157.18;;585.0
R1195;$39.$156.15;$39.$160.15;;0.0
R1196;$39.$157.18;$39.$476.18;;0.0
R1197;$39.$157.18;$39.$480.18;;27.106
R1198;$39.$158.15;$39.$159.18;;585.0
R1199;$39.$158.15;$39.$74.15;;0.0
R1200;$39.$158.15;$39.P9.15;;0.0
R1201;$39.$159.18;$39.$394.18;;27.106
R1202;$39.$159.18;$39.$478.18;;0.0
R1203;$39.$16.15;$39.$17.18;;585.0
R1204;$39.$16.15;$39.$20.15;;0.0
R1205;$39.$160.15;$39.$161.18;;585.0
R1206;$39.$161.18;$39.$480.18;;0.0
R1207;$39.$162.15;$39.$163.18;;585.0
R1208;$39.$162.15;$39.$84.15;;0.0
R1209;$39.$163.18;$39.$404.18;;27.106
R1210;$39.$163.18;$39.$482.18;;0.0
R1211;$39.$164.15;$39.$165.18;;585.0
R1212;$39.$164.15;$39.P16.15;;0.0
R1213;$39.$165.18;$39.$484.18;;0.0
R1214;$39.$166.15;$39.$167.18;;585.0
R1215;$39.$166.15;$39.P24.15;;0.0
R1216;$39.$167.18;$39.$486.18;;0.0
R1217;$39.$168.15;$39.$169.18;;585.0
R1218;$39.$168.15;$39.P20.15;;0.0
R1219;$39.$169.18;$39.$488.18;;0.0
R1220;$39.$17.18;$39.$336.18;;0.0
R1221;$39.$17.18;$39.$340.18;;27.106
R1222;$39.$170.15;$39.$171.18;;585.0
R1223;$39.$170.15;$39.P28.15;;0.0
R1224;$39.$171.18;$39.$490.18;;0.0
R1225;$39.$172.15;$39.$173.18;;585.0
R1226;$39.$172.15;$39.$176.15;;0.0
R1227;$39.$172.15;$39.$242.15;;0.0
R1228;$39.$173.18;$39.$492.18;;0.0
R1229;$39.$173.18;$39.$496.18;;27.106
R1230;$39.$174.15;$39.$175.18;;585.0
R1231;$39.$174.15;$39.$178.15;;0.0
R1232;$39.$174.15;$39.$244.15;;0.0
R1233;$39.$175.18;$39.$494.18;;0.0
R1234;$39.$175.18;$39.$498.18;;27.106
R1235;$39.$176.15;$39.$177.18;;585.0
R1236;$39.$176.15;$39.$180.15;;0.0
R1237;$39.$177.18;$39.$496.18;;0.0
R1238;$39.$177.18;$39.$500.18;;27.106
R1239;$39.$178.15;$39.$179.18;;585.0
R1240;$39.$178.15;$39.P15.15;;0.0
R1241;$39.$179.18;$39.$498.18;;0.0
R1242;$39.$179.18;$39.$502.18;;27.106
R1243;$39.$18.15;$39.$19.18;;585.0
R1244;$39.$18.15;$39.$22.15;;0.0
R1245;$39.$180.15;$39.$181.18;;585.0
R1246;$39.$180.15;$39.P11.15;;0.0
R1247;$39.$181.18;$39.$500.18;;0.0
R1248;$39.$181.18;$39.$504.18;;27.106
R1249;$39.$182.15;$39.$183.18;;585.0
R1250;$39.$182.15;$39.$186.15;;0.0
R1251;$39.$182.15;$39.P15.15;;0.0
R1252;$39.$183.18;$39.$502.18;;0.0
R1253;$39.$183.18;$39.$506.18;;27.106
R1254;$39.$184.15;$39.$185.18;;585.0
R1255;$39.$184.15;$39.$188.15;;0.0
R1256;$39.$184.15;$39.P11.15;;0.0
R1257;$39.$185.18;$39.$504.18;;0.0
R1258;$39.$185.18;$39.$508.18;;27.106
R1259;$39.$186.15;$39.$187.18;;585.0
R1260;$39.$186.15;$39.$190.15;;0.0
R1261;$39.$187.18;$39.$506.18;;0.0
R1262;$39.$187.18;$39.$510.18;;27.106
R1263;$39.$188.15;$39.$189.18;;585.0
R1264;$39.$188.15;$39.$192.15;;0.0
R1265;$39.$189.18;$39.$508.18;;0.0
R1266;$39.$189.18;$39.$512.18;;27.106
R1267;$39.$19.18;$39.$338.18;;0.0
R1268;$39.$19.18;$39.$342.18;;27.106
R1269;$39.$190.15;$39.$191.18;;585.0
R1270;$39.$190.15;$39.$194.15;;0.0
R1271;$39.$191.18;$39.$510.18;;0.0
R1272;$39.$191.18;$39.$514.18;;27.106
R1273;$39.$192.15;$39.$193.18;;585.0
R1274;$39.$192.15;$39.$196.15;;0.0
R1275;$39.$193.18;$39.$512.18;;0.0
R1276;$39.$193.18;$39.$516.18;;27.106
R1277;$39.$194.15;$39.$195.18;;585.0
R1278;$39.$194.15;$39.$198.15;;0.0
R1279;$39.$195.18;$39.$514.18;;0.0
R1280;$39.$195.18;$39.$518.18;;27.106
R1281;$39.$196.15;$39.$197.18;;585.0
R1282;$39.$196.15;$39.$200.15;;0.0
R1283;$39.$197.18;$39.$516.18;;0.0
R1284;$39.$197.18;$39.$520.18;;27.106
R1285;$39.$198.15;$39.$199.18;;585.0
R1286;$39.$199.18;$39.$518.18;;0.0
R1287;$39.$2.15;$39.$294.15;;0.0
R1288;$39.$2.15;$39.$3.18;;585.0
R1289;$39.$2.15;$39.$6.15;;0.0
R1290;$39.$20.15;$39.$21.18;;585.0
R1291;$39.$20.15;$39.$24.15;;0.0
R1292;$39.$200.15;$39.$201.18;;585.0
R1293;$39.$201.18;$39.$520.18;;0.0
R1294;$39.$202.15;$39.$203.18;;585.0
R1295;$39.$202.15;$39.$206.15;;0.0
R1296;$39.$203.18;$39.$522.18;;0.0
R1297;$39.$203.18;$39.$526.18;;27.106
R1298;$39.$204.15;$39.$205.18;;585.0
R1299;$39.$204.15;$39.$208.15;;0.0
R1300;$39.$205.18;$39.$524.18;;0.0
R1301;$39.$205.18;$39.$528.18;;27.106
R1302;$39.$206.15;$39.$207.18;;585.0
R1303;$39.$206.15;$39.$210.15;;0.0
R1304;$39.$207.18;$39.$526.18;;0.0
R1305;$39.$207.18;$39.$530.18;;27.106
R1306;$39.$208.15;$39.$209.18;;585.0
R1307;$39.$208.15;$39.$212.15;;0.0
R1308;$39.$209.18;$39.$528.18;;0.0
R1309;$39.$209.18;$39.$532.18;;27.106
R1310;$39.$21.18;$39.$340.18;;0.0
R1311;$39.$21.18;$39.$344.18;;27.106
R1312;$39.$210.15;$39.$211.18;;585.0
R1313;$39.$210.15;$39.$214.15;;0.0
R1314;$39.$211.18;$39.$530.18;;0.0
R1315;$39.$211.18;$39.$534.18;;27.106
R1316;$39.$212.15;$39.$213.18;;585.0
R1317;$39.$212.15;$39.$216.15;;0.0
R1318;$39.$213.18;$39.$532.18;;0.0
R1319;$39.$213.18;$39.$536.18;;27.106
R1320;$39.$214.15;$39.$215.18;;585.0
R1321;$39.$214.15;$39.P14.15;;0.0
R1322;$39.$215.18;$39.$534.18;;0.0
R1323;$39.$215.18;$39.$538.18;;27.106
R1324;$39.$216.15;$39.$217.18;;585.0
R1325;$39.$216.15;$39.P10.15;;0.0
R1326;$39.$217.18;$39.$536.18;;0.0
R1327;$39.$217.18;$39.$540.18;;27.106
R1328;$39.$218.15;$39.$219.18;;585.0
R1329;$39.$218.15;$39.P14.15;;0.0
R1330;$39.$219.18;$39.$458.18;;27.106
R1331;$39.$219.18;$39.$538.18;;0.0
R1332;$39.$22.15;$39.$23.18;;585.0
R1333;$39.$22.15;$39.$26.15;;0.0
R1334;$39.$220.15;$39.$221.18;;585.0
R1335;$39.$220.15;$39.P10.15;;0.0
R1336;$39.$221.18;$39.$470.18;;27.106
R1337;$39.$221.18;$39.$540.18;;0.0
R1338;$39.$222.15;$39.$223.18;;585.0
R1339;$39.$222.15;$39.$224.15;;0.0
R1340;$39.$223.18;$39.$542.18;;0.0
R1341;$39.$223.18;$39.$544.18;;27.106
R1342;$39.$224.15;$39.$225.18;;585.0
R1343;$39.$224.15;$39.$226.15;;0.0
R1344;$39.$225.18;$39.$544.18;;0.0
R1345;$39.$225.18;$39.$546.18;;27.106
R1346;$39.$226.15;$39.$227.18;;585.0
R1347;$39.$226.15;$39.$228.15;;0.0
R1348;$39.$227.18;$39.$546.18;;0.0
R1349;$39.$227.18;$39.$548.18;;27.106
R1350;$39.$228.15;$39.$229.18;;585.0
R1351;$39.$228.15;$39.P12.15;;0.0
R1352;$39.$229.18;$39.$548.18;;0.0
R1353;$39.$229.18;$39.$550.18;;27.106
R1354;$39.$23.18;$39.$342.18;;0.0
R1355;$39.$23.18;$39.$346.18;;27.106
R1356;$39.$230.15;$39.$231.18;;585.0
R1357;$39.$230.15;$39.$232.15;;0.0
R1358;$39.$230.15;$39.P12.15;;0.0
R1359;$39.$231.18;$39.$550.18;;0.0
R1360;$39.$231.18;$39.$552.18;;27.106
R1361;$39.$232.15;$39.$233.18;;585.0
R1362;$39.$232.15;$39.$234.15;;0.0
R1363;$39.$233.18;$39.$552.18;;0.0
R1364;$39.$233.18;$39.$554.18;;27.106
R1365;$39.$234.15;$39.$235.18;;585.0
R1366;$39.$234.15;$39.$236.15;;0.0
R1367;$39.$235.18;$39.$554.18;;0.0
R1368;$39.$235.18;$39.$556.18;;27.106
R1369;$39.$236.15;$39.$237.18;;585.0
R1370;$39.$236.15;$39.$238.15;;0.0
R1371;$39.$237.18;$39.$556.18;;0.0
R1372;$39.$237.18;$39.$558.18;;27.106
R1373;$39.$238.15;$39.$239.18;;585.0
R1374;$39.$239.18;$39.$558.18;;0.0
R1375;$39.$24.15;$39.$25.18;;585.0
R1376;$39.$24.15;$39.$28.15;;0.0
R1377;$39.$240.15;$39.$241.18;;585.0
R1378;$39.$240.15;$39.$244.15;;0.0
R1379;$39.$241.18;$39.$560.18;;0.0
R1380;$39.$241.18;$39.$564.18;;27.106
R1381;$39.$242.15;$39.$243.18;;585.0
R1382;$39.$243.18;$39.$492.18;;27.106
R1383;$39.$243.18;$39.$562.18;;0.0
R1384;$39.$244.15;$39.$245.18;;585.0
R1385;$39.$245.18;$39.$494.18;;27.106
R1386;$39.$245.18;$39.$564.18;;0.0
R1387;$39.$246.15;$39.$247.18;;585.0
R1388;$39.$246.15;$39.$254.15;;0.0
R1389;$39.$246.15;$39.$312.15;;0.0
R1390;$39.$247.18;$39.$566.18;;0.0
R1391;$39.$247.18;$39.$574.18;;27.106
R1392;$39.$248.15;$39.$249.18;;585.0
R1393;$39.$248.15;$39.$264.15;;0.0
R1394;$39.$248.15;$39.$306.15;;0.0
R1395;$39.$249.18;$39.$568.18;;0.0
R1396;$39.$249.18;$39.$584.18;;27.106
R1397;$39.$25.18;$39.$344.18;;0.0
R1398;$39.$25.18;$39.$348.18;;27.106
R1399;$39.$250.15;$39.$251.18;;585.0
R1400;$39.$250.15;$39.$266.15;;0.0
R1401;$39.$250.15;$39.$308.15;;0.0
R1402;$39.$251.18;$39.$570.18;;0.0
R1403;$39.$251.18;$39.$586.18;;27.106
R1404;$39.$252.15;$39.$253.18;;585.0
R1405;$39.$252.15;$39.$318.15;;0.0
R1406;$39.$253.18;$39.$572.18;;0.0
R1407;$39.$254.15;$39.$255.18;;585.0
R1408;$39.$255.18;$39.$574.18;;0.0
R1409;$39.$256.15;$39.$257.18;;585.0
R1410;$39.$256.15;$39.$298.15;;0.0
R1411;$39.$256.15;$39.P7.15;;0.0
R1412;$39.$257.18;$39.$576.18;;0.0
R1413;$39.$257.18;$39.$608.18;;27.106
R1414;$39.$258.15;$39.$259.18;;585.0
R1415;$39.$258.15;$39.$274.15;;0.0
R1416;$39.$258.15;$39.$316.15;;0.0
R1417;$39.$259.18;$39.$578.18;;0.0
R1418;$39.$259.18;$39.$594.18;;27.106
R1419;$39.$26.15;$39.$27.18;;585.0
R1420;$39.$26.15;$39.$30.15;;0.0
R1421;$39.$260.15;$39.$261.18;;585.0
R1422;$39.$260.15;$39.$268.15;;0.0
R1423;$39.$261.18;$39.$580.18;;0.0
R1424;$39.$261.18;$39.$588.18;;27.106
R1425;$39.$262.15;$39.$263.18;;585.0
R1426;$39.$262.15;$39.$270.15;;0.0
R1427;$39.$263.18;$39.$582.18;;0.0
R1428;$39.$263.18;$39.$590.18;;27.106
R1429;$39.$264.15;$39.$265.18;;585.0
R1430;$39.$264.15;$39.$280.15;;0.0
R1431;$39.$265.18;$39.$584.18;;0.0
R1432;$39.$265.18;$39.$600.18;;27.106
R1433;$39.$266.15;$39.$267.18;;585.0
R1434;$39.$266.15;$39.$282.15;;0.0
R1435;$39.$267.18;$39.$586.18;;0.0
R1436;$39.$267.18;$39.$602.18;;27.106
R1437;$39.$268.15;$39.$269.18;;585.0
R1438;$39.$268.15;$39.$276.15;;0.0
R1439;$39.$269.18;$39.$588.18;;0.0
R1440;$39.$269.18;$39.$596.18;;27.106
R1441;$39.$27.18;$39.$346.18;;0.0
R1442;$39.$27.18;$39.$350.18;;27.106
R1443;$39.$270.15;$39.$271.18;;585.0
R1444;$39.$270.15;$39.$278.15;;0.0
R1445;$39.$271.18;$39.$590.18;;0.0
R1446;$39.$271.18;$39.$598.18;;27.106
R1447;$39.$272.15;$39.$273.18;;585.0
R1448;$39.$272.15;$39.$314.15;;0.0
R1449;$39.$273.18;$39.$592.18;;0.0
R1450;$39.$273.18;$39.$634.18;;27.106
R1451;$39.$274.15;$39.$275.18;;585.0
R1452;$39.$274.15;$39.P6.15;;0.0
R1453;$39.$275.18;$39.$594.18;;0.0
R1454;$39.$275.18;$39.$610.18;;27.106
R1455;$39.$276.15;$39.$277.18;;585.0
R1456;$39.$276.15;$39.$284.15;;0.0
R1457;$39.$277.18;$39.$596.18;;0.0
R1458;$39.$277.18;$39.$604.18;;27.106
R1459;$39.$278.15;$39.$279.18;;585.0
R1460;$39.$278.15;$39.$286.15;;0.0
R1461;$39.$279.18;$39.$598.18;;0.0
R1462;$39.$279.18;$39.$606.18;;27.106
R1463;$39.$28.15;$39.$29.18;;585.0
R1464;$39.$28.15;$39.P4.15;;0.0
R1465;$39.$280.15;$39.$281.18;;585.0
R1466;$39.$280.15;$39.P2.15;;0.0
R1467;$39.$281.18;$39.$600.18;;0.0
R1468;$39.$281.18;$39.$616.18;;27.106
R1469;$39.$282.15;$39.$283.18;;585.0
R1470;$39.$283.18;$39.$602.18;;0.0
R1471;$39.$284.15;$39.$285.18;;585.0
R1472;$39.$284.15;$39.P5.15;;0.0
R1473;$39.$285.18;$39.$604.18;;0.0
R1474;$39.$285.18;$39.$612.18;;27.106
R1475;$39.$286.15;$39.$287.18;;585.0
R1476;$39.$286.15;$39.P1.15;;0.0
R1477;$39.$287.18;$39.$606.18;;0.0
R1478;$39.$287.18;$39.$614.18;;27.106
R1479;$39.$288.15;$39.$289.18;;585.0
R1480;$39.$288.15;$39.$308.15;;0.0
R1481;$39.$288.15;$39.P7.15;;0.0
R1482;$39.$289.18;$39.$608.18;;0.0
R1483;$39.$289.18;$39.$628.18;;27.106
R1484;$39.$29.18;$39.$348.18;;0.0
R1485;$39.$29.18;$39.$352.18;;27.106
R1486;$39.$290.15;$39.$291.18;;585.0
R1487;$39.$290.15;$39.$302.15;;0.0
R1488;$39.$290.15;$39.P6.15;;0.0
R1489;$39.$291.18;$39.$610.18;;0.0
R1490;$39.$291.18;$39.$622.18;;27.106
R1491;$39.$292.15;$39.$293.18;;585.0
R1492;$39.$292.15;$39.P5.15;;0.0
R1493;$39.$293.18;$39.$320.18;;27.106
R1494;$39.$293.18;$39.$612.18;;0.0
R1495;$39.$294.15;$39.$295.18;;585.0
R1496;$39.$294.15;$39.P1.15;;0.0
R1497;$39.$295.18;$39.$322.18;;27.106
R1498;$39.$295.18;$39.$614.18;;0.0
R1499;$39.$296.15;$39.$297.18;;585.0
R1500;$39.$296.15;$39.$304.15;;0.0
R1501;$39.$296.15;$39.P2.15;;0.0
R1502;$39.$297.18;$39.$616.18;;0.0
R1503;$39.$297.18;$39.$624.18;;27.106
R1504;$39.$298.15;$39.$299.18;;585.0
R1505;$39.$298.15;$39.$314.15;;0.0
R1506;$39.$299.18;$39.$576.18;;27.106
R1507;$39.$299.18;$39.$618.18;;0.0
R1508;$39.$3.18;$39.$322.18;;0.0
R1509;$39.$3.18;$39.$326.18;;27.106
R1510;$39.$30.15;$39.$31.18;;585.0
R1511;$39.$30.15;$39.P0.15;;0.0
R1512;$39.$300.15;$39.$301.18;;585.0
R1513;$39.$300.15;$39.$316.15;;0.0
R1514;$39.$301.18;$39.$620.18;;0.0
R1515;$39.$301.18;$39.$636.18;;27.106
R1516;$39.$302.15;$39.$303.18;;585.0
R1517;$39.$302.15;$39.$310.15;;0.0
R1518;$39.$303.18;$39.$622.18;;0.0
R1519;$39.$303.18;$39.$630.18;;27.106
R1520;$39.$304.15;$39.$305.18;;585.0
R1521;$39.$304.15;$39.$312.15;;0.0
R1522;$39.$305.18;$39.$624.18;;0.0
R1523;$39.$305.18;$39.$632.18;;27.106
R1524;$39.$306.15;$39.$307.18;;585.0
R1525;$39.$307.18;$39.$568.18;;27.106
R1526;$39.$307.18;$39.$626.18;;0.0
R1527;$39.$308.15;$39.$309.18;;585.0
R1528;$39.$309.18;$39.$570.18;;27.106
R1529;$39.$309.18;$39.$628.18;;0.0
R1530;$39.$31.18;$39.$350.18;;0.0
R1531;$39.$31.18;$39.$354.18;;27.106
R1532;$39.$310.15;$39.$311.18;;585.0
R1533;$39.$310.15;$39.$318.15;;0.0
R1534;$39.$311.18;$39.$630.18;;0.0
R1535;$39.$311.18;$39.$638.18;;27.106
R1536;$39.$312.15;$39.$313.18;;585.0
R1537;$39.$313.18;$39.$566.18;;27.106
R1538;$39.$313.18;$39.$632.18;;0.0
R1539;$39.$314.15;$39.$315.18;;585.0
R1540;$39.$315.18;$39.$618.18;;27.106
R1541;$39.$315.18;$39.$634.18;;0.0
R1542;$39.$316.15;$39.$317.18;;585.0
R1543;$39.$317.18;$39.$578.18;;27.106
R1544;$39.$317.18;$39.$636.18;;0.0
R1545;$39.$318.15;$39.$319.18;;585.0
R1546;$39.$319.18;$39.$572.18;;27.106
R1547;$39.$319.18;$39.$638.18;;0.0
R1548;$39.$32.15;$39.$33.18;;585.0
R1549;$39.$32.15;$39.$36.15;;0.0
R1550;$39.$32.15;$39.P4.15;;0.0
R1551;$39.$320.18;$39.$321.25;;9.3
R1552;$39.$321.25;$39.$325.25;;0.029
R1553;$39.$321.25;$39.$613.25;;0.029
R1554;$39.$322.18;$39.$323.25;;9.3
R1555;$39.$323.25;$39.$327.25;;0.029
R1556;$39.$323.25;$39.$615.25;;0.029
R1557;$39.$324.18;$39.$325.25;;9.3
R1558;$39.$324.18;$39.$5.18;;0.0
R1559;$39.$325.25;$39.$329.25;;0.029
R1560;$39.$326.18;$39.$327.25;;9.3
R1561;$39.$326.18;$39.$7.18;;0.0
R1562;$39.$327.25;$39.$331.25;;0.029
R1563;$39.$328.18;$39.$329.25;;9.3
R1564;$39.$328.18;$39.$5.18;;27.106
R1565;$39.$328.18;$39.$9.18;;0.0
R1566;$39.$329.25;$39.$333.25;;0.029
R1567;$39.$33.18;$39.$352.18;;0.0
R1568;$39.$33.18;$39.$356.18;;27.106
R1569;$39.$330.18;$39.$331.25;;9.3
R1570;$39.$330.18;$39.$7.18;;27.106
R1571;$39.$331.25;$39.$335.25;;0.029
R1572;$39.$332.18;$39.$333.25;;9.3
R1573;$39.$332.18;$39.$9.18;;27.106
R1574;$39.$333.25;$39.$337.25;;0.111
R1575;$39.$334.18;$39.$335.25;;9.3
R1576;$39.$335.25;$39.$339.25;;0.111
R1577;$39.$336.18;$39.$337.25;;9.3
R1578;$39.$337.25;$39.$341.25;;0.029
R1579;$39.$338.18;$39.$339.25;;9.3
R1580;$39.$339.25;$39.$343.25;;0.029
R1581;$39.$34.15;$39.$35.18;;585.0
R1582;$39.$34.15;$39.$38.15;;0.0
R1583;$39.$34.15;$39.P0.15;;0.0
R1584;$39.$340.18;$39.$341.25;;9.3
R1585;$39.$341.25;$39.$345.25;;0.029
R1586;$39.$342.18;$39.$343.25;;9.3
R1587;$39.$343.25;$39.$347.25;;0.029
R1588;$39.$344.18;$39.$345.25;;9.3
R1589;$39.$345.25;$39.$349.25;;0.029
R1590;$39.$346.18;$39.$347.25;;9.3
R1591;$39.$347.25;$39.$351.25;;0.029
R1592;$39.$348.18;$39.$349.25;;9.3
R1593;$39.$349.25;$39.$353.25;;0.029
R1594;$39.$35.18;$39.$354.18;;0.0
R1595;$39.$35.18;$39.$358.18;;27.106
R1596;$39.$350.18;$39.$351.25;;9.3
R1597;$39.$351.25;$39.$355.25;;0.029
R1598;$39.$352.18;$39.$353.25;;9.3
R1599;$39.$353.25;$39.$357.25;;0.029
R1600;$39.$354.18;$39.$355.25;;9.3
R1601;$39.$355.25;$39.$359.25;;0.029
R1602;$39.$356.18;$39.$357.25;;9.3
R1603;$39.$356.18;$39.$37.18;;0.0
R1604;$39.$357.25;$39.$361.25;;0.029
R1605;$39.$358.18;$39.$359.25;;9.3
R1606;$39.$358.18;$39.$39.18;;0.0
R1607;$39.$359.25;$39.$363.25;;0.029
R1608;$39.$36.15;$39.$37.18;;585.0
R1609;$39.$36.15;$39.$40.15;;0.0
R1610;$39.$360.18;$39.$361.25;;9.3
R1611;$39.$360.18;$39.$37.18;;27.106
R1612;$39.$360.18;$39.$41.18;;0.0
R1613;$39.$361.25;$39.$365.25;;0.029
R1614;$39.$362.18;$39.$363.25;;9.3
R1615;$39.$362.18;$39.$39.18;;27.106
R1616;$39.$362.18;$39.$43.18;;0.0
R1617;$39.$363.25;$39.$367.25;;0.029
R1618;$39.$364.18;$39.$365.25;;9.3
R1619;$39.$364.18;$39.$41.18;;27.106
R1620;$39.$364.18;$39.$45.18;;0.0
R1621;$39.$365.25;$39.$369.25;;0.029
R1622;$39.$366.18;$39.$367.25;;9.3
R1623;$39.$366.18;$39.$43.18;;27.106
R1624;$39.$366.18;$39.$47.18;;0.0
R1625;$39.$367.25;$39.$371.25;;0.029
R1626;$39.$368.18;$39.$369.25;;9.3
R1627;$39.$368.18;$39.$45.18;;27.106
R1628;$39.$368.18;$39.$49.18;;0.0
R1629;$39.$369.25;$39.$373.25;;0.111
R1630;$39.$370.18;$39.$371.25;;9.3
R1631;$39.$370.18;$39.$47.18;;27.106
R1632;$39.$370.18;$39.$51.18;;0.0
R1633;$39.$371.25;$39.$703.25;;2.557
R1634;$39.$372.18;$39.$373.25;;9.3
R1635;$39.$372.18;$39.$53.18;;0.0
R1636;$39.$373.25;$39.$375.25;;0.029
R1637;$39.$374.18;$39.$375.25;;9.3
R1638;$39.$374.18;$39.$53.18;;27.106
R1639;$39.$374.18;$39.$55.18;;0.0
R1640;$39.$375.25;$39.$377.25;;0.029
R1641;$39.$376.18;$39.$377.25;;9.3
R1642;$39.$376.18;$39.$55.18;;27.106
R1643;$39.$376.18;$39.$57.18;;0.0
R1644;$39.$377.25;$39.$379.25;;0.029
R1645;$39.$378.18;$39.$379.25;;9.3
R1646;$39.$378.18;$39.$57.18;;27.106
R1647;$39.$378.18;$39.$59.18;;0.0
R1648;$39.$379.25;$39.$381.25;;0.029
R1649;$39.$38.15;$39.$39.18;;585.0
R1650;$39.$38.15;$39.$42.15;;0.0
R1651;$39.$380.18;$39.$381.25;;9.3
R1652;$39.$380.18;$39.$59.18;;27.106
R1653;$39.$380.18;$39.$61.18;;0.0
R1654;$39.$381.25;$39.$383.25;;0.029
R1655;$39.$382.18;$39.$383.25;;9.3
R1656;$39.$382.18;$39.$61.18;;27.106
R1657;$39.$382.18;$39.$63.18;;0.0
R1658;$39.$383.25;$39.$385.25;;0.029
R1659;$39.$384.18;$39.$385.25;;9.3
R1660;$39.$384.18;$39.$63.18;;27.106
R1661;$39.$384.18;$39.$65.18;;0.0
R1662;$39.$385.25;$39.$387.25;;0.029
R1663;$39.$386.18;$39.$387.25;;9.3
R1664;$39.$386.18;$39.$65.18;;27.106
R1665;$39.$386.18;$39.$67.18;;0.0
R1666;$39.$387.25;$39.$389.25;;0.029
R1667;$39.$388.18;$39.$389.25;;9.3
R1668;$39.$388.18;$39.$67.18;;27.106
R1669;$39.$388.18;$39.$69.18;;0.0
R1670;$39.$389.25;$39.$702.25;;0.893
R1671;$39.$390.18;$39.$391.25;;9.3
R1672;$39.$390.18;$39.$71.18;;0.0
R1673;$39.$391.25;$39.$407.25;;0.029
R1674;$39.$391.25;$39.$447.25;;0.111
R1675;$39.$392.18;$39.$393.25;;9.3
R1676;$39.$392.18;$39.$73.18;;0.0
R1677;$39.$393.25;$39.$401.25;;0.029
R1678;$39.$393.25;$39.$475.25;;0.029
R1679;$39.$394.18;$39.$395.25;;9.3
R1680;$39.$394.18;$39.$75.18;;0.0
R1681;$39.$395.25;$39.$403.25;;0.029
R1682;$39.$395.25;$39.$479.25;;0.029
R1683;$39.$396.18;$39.$397.25;;9.3
R1684;$39.$396.18;$39.$77.18;;0.0
R1685;$39.$397.25;$39.$421.25;;0.029
R1686;$39.$397.25;$39.$443.25;;0.029
R1687;$39.$398.18;$39.$399.25;;9.3
R1688;$39.$398.18;$39.$79.18;;0.0
R1689;$39.$399.25;$39.$423.25;;0.029
R1690;$39.$399.25;$39.$447.25;;0.029
R1691;$39.$4.15;$39.$5.18;;585.0
R1692;$39.$4.15;$39.$8.15;;0.0
R1693;$39.$40.15;$39.$41.18;;585.0
R1694;$39.$40.15;$39.$44.15;;0.0
R1695;$39.$400.18;$39.$401.25;;9.3
R1696;$39.$400.18;$39.$73.18;;27.106
R1697;$39.$400.18;$39.$81.18;;0.0
R1698;$39.$401.25;$39.$417.25;;0.029
R1699;$39.$402.18;$39.$403.25;;9.3
R1700;$39.$402.18;$39.$75.18;;27.106
R1701;$39.$402.18;$39.$83.18;;0.0
R1702;$39.$403.25;$39.$419.25;;0.029
R1703;$39.$404.18;$39.$405.25;;9.3
R1704;$39.$404.18;$39.$85.18;;0.0
R1705;$39.$405.25;$39.$429.25;;0.029
R1706;$39.$405.25;$39.$483.25;;0.029
R1707;$39.$406.18;$39.$407.25;;9.3
R1708;$39.$406.18;$39.$71.18;;27.106
R1709;$39.$406.18;$39.$87.18;;0.0
R1710;$39.$407.25;$39.$431.25;;0.029
R1711;$39.$408.18;$39.$409.25;;9.3
R1712;$39.$408.18;$39.$89.18;;0.0
R1713;$39.$409.25;$39.$640.25;;0.062
R1714;$39.$410.18;$39.$411.25;;9.3
R1715;$39.$410.18;$39.$91.18;;0.0
R1716;$39.$411.25;$39.$642.25;;0.179
R1717;$39.$412.18;$39.$413.25;;9.3
R1718;$39.$412.18;$39.$93.18;;0.0
R1719;$39.$413.25;$39.$696.25;;0.182
R1720;$39.$414.18;$39.$415.25;;9.3
R1721;$39.$414.18;$39.$95.18;;0.0
R1722;$39.$415.25;$39.$644.25;;0.134
R1723;$39.$416.18;$39.$417.25;;9.3
R1724;$39.$416.18;$39.$81.18;;27.106
R1725;$39.$416.18;$39.$97.18;;0.0
R1726;$39.$417.25;$39.$425.25;;0.029
R1727;$39.$418.18;$39.$419.25;;9.3
R1728;$39.$418.18;$39.$83.18;;27.106
R1729;$39.$418.18;$39.$99.18;;0.0
R1730;$39.$419.25;$39.$427.25;;0.029
R1731;$39.$42.15;$39.$43.18;;585.0
R1732;$39.$42.15;$39.$46.15;;0.0
R1733;$39.$420.18;$39.$421.25;;9.3
R1734;$39.$421.25;$39.$459.25;;0.029
R1735;$39.$422.18;$39.$423.25;;9.3
R1736;$39.$423.25;$39.$471.25;;0.029
R1737;$39.$424.18;$39.$425.25;;9.3
R1738;$39.$424.18;$39.$97.18;;27.106
R1739;$39.$425.25;$39.$700.25;;2.557
R1740;$39.$426.18;$39.$427.25;;9.3
R1741;$39.$426.18;$39.$99.18;;27.106
R1742;$39.$427.25;$39.$441.25;;0.111
R1743;$39.$428.18;$39.$429.25;;9.3
R1744;$39.$428.18;$39.$85.18;;27.106
R1745;$39.$429.25;$39.$451.25;;0.029
R1746;$39.$430.18;$39.$431.25;;9.3
R1747;$39.$430.18;$39.$87.18;;27.106
R1748;$39.$431.25;$39.$455.25;;0.029
R1749;$39.$432.18;$39.$433.25;;9.3
R1750;$39.$433.25;$39.$646.25;;0.062
R1751;$39.$434.18;$39.$435.25;;9.3
R1752;$39.$435.25;$39.$648.25;;0.179
R1753;$39.$436.18;$39.$437.25;;9.3
R1754;$39.$437.25;$39.$699.25;;0.182
R1755;$39.$438.18;$39.$439.25;;9.3
R1756;$39.$439.25;$39.$650.25;;0.062
R1757;$39.$44.15;$39.$45.18;;585.0
R1758;$39.$44.15;$39.$48.15;;0.0
R1759;$39.$440.18;$39.$441.25;;9.3
R1760;$39.$441.25;$39.$445.25;;0.029
R1761;$39.$442.18;$39.$443.25;;9.3
R1762;$39.$442.18;$39.$77.18;;27.106
R1763;$39.$443.25;$39.$483.25;;0.111
R1764;$39.$444.18;$39.$445.25;;9.3
R1765;$39.$445.25;$39.$449.25;;0.029
R1766;$39.$446.18;$39.$447.25;;9.3
R1767;$39.$446.18;$39.$79.18;;27.106
R1768;$39.$448.18;$39.$449.25;;9.3
R1769;$39.$449.25;$39.$453.25;;0.029
R1770;$39.$450.18;$39.$451.25;;9.3
R1771;$39.$451.25;$39.$475.25;;0.029
R1772;$39.$452.18;$39.$453.25;;9.3
R1773;$39.$453.25;$39.$457.25;;0.029
R1774;$39.$454.18;$39.$455.25;;9.3
R1775;$39.$455.25;$39.$479.25;;0.029
R1776;$39.$456.18;$39.$457.25;;9.3
R1777;$39.$457.25;$39.$469.25;;0.029
R1778;$39.$458.18;$39.$459.25;;9.3
R1779;$39.$459.25;$39.$539.25;;0.029
R1780;$39.$46.15;$39.$47.18;;585.0
R1781;$39.$46.15;$39.$50.15;;0.0
R1782;$39.$460.18;$39.$461.25;;9.3
R1783;$39.$461.25;$39.$652.25;;0.062
R1784;$39.$462.18;$39.$463.25;;9.3
R1785;$39.$463.25;$39.$654.25;;0.179
R1786;$39.$464.18;$39.$465.25;;9.3
R1787;$39.$465.25;$39.$698.25;;0.182
R1788;$39.$466.18;$39.$467.25;;9.3
R1789;$39.$467.25;$39.$656.25;;0.062
R1790;$39.$468.18;$39.$469.25;;9.3
R1791;$39.$469.25;$39.$473.25;;0.029
R1792;$39.$470.18;$39.$471.25;;9.3
R1793;$39.$471.25;$39.$541.25;;0.029
R1794;$39.$472.18;$39.$473.25;;9.3
R1795;$39.$473.25;$39.$477.25;;0.029
R1796;$39.$474.18;$39.$475.25;;9.3
R1797;$39.$476.18;$39.$477.25;;9.3
R1798;$39.$477.25;$39.$481.25;;0.029
R1799;$39.$478.18;$39.$479.25;;9.3
R1800;$39.$48.15;$39.$49.18;;585.0
R1801;$39.$480.18;$39.$481.25;;9.3
R1802;$39.$481.25;$39.$701.25;;0.893
R1803;$39.$482.18;$39.$483.25;;9.3
R1804;$39.$484.18;$39.$485.25;;9.3
R1805;$39.$485.25;$39.$658.25;;0.134
R1806;$39.$486.18;$39.$487.25;;9.3
R1807;$39.$487.25;$39.$660.25;;0.179
R1808;$39.$488.18;$39.$489.25;;9.3
R1809;$39.$489.25;$39.$697.25;;0.182
R1810;$39.$490.18;$39.$491.25;;9.3
R1811;$39.$491.25;$39.$662.25;;0.062
R1812;$39.$492.18;$39.$493.25;;9.3
R1813;$39.$493.25;$39.$497.25;;0.029
R1814;$39.$493.25;$39.$563.25;;0.029
R1815;$39.$494.18;$39.$495.25;;9.3
R1816;$39.$495.25;$39.$499.25;;0.029
R1817;$39.$495.25;$39.$565.25;;0.029
R1818;$39.$496.18;$39.$497.25;;9.3
R1819;$39.$497.25;$39.$501.25;;0.029
R1820;$39.$498.18;$39.$499.25;;9.3
R1821;$39.$499.25;$39.$503.25;;0.029
R1822;$39.$50.15;$39.$51.18;;585.0
R1823;$39.$500.18;$39.$501.25;;9.3
R1824;$39.$501.25;$39.$505.25;;0.029
R1825;$39.$502.18;$39.$503.25;;9.3
R1826;$39.$503.25;$39.$507.25;;0.029
R1827;$39.$504.18;$39.$505.25;;9.3
R1828;$39.$505.25;$39.$509.25;;0.029
R1829;$39.$506.18;$39.$507.25;;9.3
R1830;$39.$507.25;$39.$511.25;;0.029
R1831;$39.$508.18;$39.$509.25;;9.3
R1832;$39.$509.25;$39.$513.25;;0.029
R1833;$39.$510.18;$39.$511.25;;9.3
R1834;$39.$511.25;$39.$515.25;;0.029
R1835;$39.$512.18;$39.$513.25;;9.3
R1836;$39.$513.25;$39.$517.25;;0.029
R1837;$39.$514.18;$39.$515.25;;9.3
R1838;$39.$515.25;$39.$519.25;;0.029
R1839;$39.$516.18;$39.$517.25;;9.3
R1840;$39.$517.25;$39.$521.25;;0.029
R1841;$39.$518.18;$39.$519.25;;9.3
R1842;$39.$519.25;$39.$523.25;;0.111
R1843;$39.$52.15;$39.$53.18;;585.0
R1844;$39.$52.15;$39.$54.15;;0.0
R1845;$39.$520.18;$39.$521.25;;9.3
R1846;$39.$521.25;$39.$525.25;;0.111
R1847;$39.$522.18;$39.$523.25;;9.3
R1848;$39.$523.25;$39.$527.25;;0.029
R1849;$39.$524.18;$39.$525.25;;9.3
R1850;$39.$525.25;$39.$529.25;;0.029
R1851;$39.$526.18;$39.$527.25;;9.3
R1852;$39.$527.25;$39.$531.25;;0.029
R1853;$39.$528.18;$39.$529.25;;9.3
R1854;$39.$529.25;$39.$533.25;;0.029
R1855;$39.$530.18;$39.$531.25;;9.3
R1856;$39.$531.25;$39.$535.25;;0.029
R1857;$39.$532.18;$39.$533.25;;9.3
R1858;$39.$533.25;$39.$537.25;;0.029
R1859;$39.$534.18;$39.$535.25;;9.3
R1860;$39.$535.25;$39.$539.25;;0.029
R1861;$39.$536.18;$39.$537.25;;9.3
R1862;$39.$537.25;$39.$541.25;;0.029
R1863;$39.$538.18;$39.$539.25;;9.3
R1864;$39.$54.15;$39.$55.18;;585.0
R1865;$39.$54.15;$39.$56.15;;0.0
R1866;$39.$540.18;$39.$541.25;;9.3
R1867;$39.$542.18;$39.$543.25;;9.3
R1868;$39.$543.25;$39.$545.25;;0.029
R1869;$39.$544.18;$39.$545.25;;9.3
R1870;$39.$545.25;$39.$547.25;;0.029
R1871;$39.$546.18;$39.$547.25;;9.3
R1872;$39.$547.25;$39.$549.25;;0.029
R1873;$39.$548.18;$39.$549.25;;9.3
R1874;$39.$549.25;$39.$551.25;;0.029
R1875;$39.$550.18;$39.$551.25;;9.3
R1876;$39.$551.25;$39.$553.25;;0.029
R1877;$39.$552.18;$39.$553.25;;9.3
R1878;$39.$553.25;$39.$555.25;;0.029
R1879;$39.$554.18;$39.$555.25;;9.3
R1880;$39.$555.25;$39.$557.25;;0.029
R1881;$39.$556.18;$39.$557.25;;9.3
R1882;$39.$557.25;$39.$559.25;;0.029
R1883;$39.$558.18;$39.$559.25;;9.3
R1884;$39.$559.25;$39.$563.25;;0.111
R1885;$39.$56.15;$39.$57.18;;585.0
R1886;$39.$56.15;$39.$58.15;;0.0
R1887;$39.$560.18;$39.$561.25;;9.3
R1888;$39.$561.25;$39.$565.25;;0.029
R1889;$39.$562.18;$39.$563.25;;9.3
R1890;$39.$564.18;$39.$565.25;;9.3
R1891;$39.$566.18;$39.$567.25;;9.3
R1892;$39.$567.25;$39.$575.25;;0.029
R1893;$39.$567.25;$39.$633.25;;0.029
R1894;$39.$568.18;$39.$569.25;;9.3
R1895;$39.$569.25;$39.$585.25;;0.029
R1896;$39.$569.25;$39.$627.25;;0.029
R1897;$39.$570.18;$39.$571.25;;9.3
R1898;$39.$571.25;$39.$587.25;;0.029
R1899;$39.$571.25;$39.$629.25;;0.029
R1900;$39.$572.18;$39.$573.25;;9.3
R1901;$39.$573.25;$39.$581.25;;0.111
R1902;$39.$573.25;$39.$639.25;;0.029
R1903;$39.$574.18;$39.$575.25;;9.3
R1904;$39.$575.25;$39.$583.25;;0.111
R1905;$39.$576.18;$39.$577.25;;9.3
R1906;$39.$577.25;$39.$609.25;;0.029
R1907;$39.$577.25;$39.$619.25;;0.029
R1908;$39.$578.18;$39.$579.25;;9.3
R1909;$39.$579.25;$39.$595.25;;0.029
R1910;$39.$579.25;$39.$637.25;;0.029
R1911;$39.$58.15;$39.$59.18;;585.0
R1912;$39.$58.15;$39.P3.15;;0.0
R1913;$39.$580.18;$39.$581.25;;9.3
R1914;$39.$581.25;$39.$589.25;;0.029
R1915;$39.$582.18;$39.$583.25;;9.3
R1916;$39.$583.25;$39.$591.25;;0.029
R1917;$39.$584.18;$39.$585.25;;9.3
R1918;$39.$585.25;$39.$601.25;;0.029
R1919;$39.$586.18;$39.$587.25;;9.3
R1920;$39.$587.25;$39.$603.25;;0.029
R1921;$39.$588.18;$39.$589.25;;9.3
R1922;$39.$589.25;$39.$597.25;;0.029
R1923;$39.$590.18;$39.$591.25;;9.3
R1924;$39.$591.25;$39.$599.25;;0.029
R1925;$39.$592.18;$39.$593.25;;9.3
R1926;$39.$593.25;$39.$635.25;;0.029
R1927;$39.$594.18;$39.$595.25;;9.3
R1928;$39.$595.25;$39.$611.25;;0.029
R1929;$39.$596.18;$39.$597.25;;9.3
R1930;$39.$597.25;$39.$605.25;;0.029
R1931;$39.$598.18;$39.$599.25;;9.3
R1932;$39.$599.25;$39.$607.25;;0.029
R1933;$39.$6.15;$39.$7.18;;585.0
R1934;$39.$60.15;$39.$61.18;;585.0
R1935;$39.$60.15;$39.$62.15;;0.0
R1936;$39.$60.15;$39.P3.15;;0.0
R1937;$39.$600.18;$39.$601.25;;9.3
R1938;$39.$601.25;$39.$617.25;;0.029
R1939;$39.$602.18;$39.$603.25;;9.3
R1940;$39.$603.25;$39.$621.25;;0.111
R1941;$39.$604.18;$39.$605.25;;9.3
R1942;$39.$605.25;$39.$613.25;;0.029
R1943;$39.$606.18;$39.$607.25;;9.3
R1944;$39.$607.25;$39.$615.25;;0.029
R1945;$39.$608.18;$39.$609.25;;9.3
R1946;$39.$609.25;$39.$629.25;;0.029
R1947;$39.$610.18;$39.$611.25;;9.3
R1948;$39.$611.25;$39.$623.25;;0.029
R1949;$39.$612.18;$39.$613.25;;9.3
R1950;$39.$614.18;$39.$615.25;;9.3
R1951;$39.$616.18;$39.$617.25;;9.3
R1952;$39.$617.25;$39.$625.25;;0.029
R1953;$39.$618.18;$39.$619.25;;9.3
R1954;$39.$619.25;$39.$635.25;;0.029
R1955;$39.$62.15;$39.$63.18;;585.0
R1956;$39.$62.15;$39.$64.15;;0.0
R1957;$39.$620.18;$39.$621.25;;9.3
R1958;$39.$621.25;$39.$637.25;;0.029
R1959;$39.$622.18;$39.$623.25;;9.3
R1960;$39.$623.25;$39.$631.25;;0.029
R1961;$39.$624.18;$39.$625.25;;9.3
R1962;$39.$625.25;$39.$633.25;;0.029
R1963;$39.$626.18;$39.$627.25;;9.3
R1964;$39.$628.18;$39.$629.25;;9.3
R1965;$39.$630.18;$39.$631.25;;9.3
R1966;$39.$631.25;$39.$639.25;;0.029
R1967;$39.$632.18;$39.$633.25;;9.3
R1968;$39.$634.18;$39.$635.25;;9.3
R1969;$39.$636.18;$39.$637.25;;9.3
R1970;$39.$638.18;$39.$639.25;;9.3
R1971;$39.$64.15;$39.$65.18;;585.0
R1972;$39.$64.15;$39.$66.15;;0.0
R1973;$39.$640.25;$39.$641.26;;4.5
R1974;$39.$640.25;$39.$646.25;;0.885
R1975;$39.$641.26;$39.$643.26;;1.312
R1976;$39.$642.25;$39.$643.26;;4.5
R1977;$39.$642.25;$39.$696.25;;0.002
R1978;$39.$643.26;$39.$645.26;;1.318
R1979;$39.$644.25;$39.$645.26;;4.5
R1980;$39.$644.25;$39.$650.25;;0.885
R1981;$39.$645.26;$39.$704.26;;1.321
R1982;$39.$646.25;$39.$647.26;;4.5
R1983;$39.$646.25;$39.$652.25;;0.885
R1984;$39.$647.26;$39.$649.26;;1.312
R1985;$39.$648.25;$39.$649.26;;4.5
R1986;$39.$648.25;$39.$699.25;;0.002
R1987;$39.$649.26;$39.$651.26;;1.318
R1988;$39.$650.25;$39.$651.26;;4.5
R1989;$39.$650.25;$39.$656.25;;0.885
R1990;$39.$651.26;$39.$704.26;;0.609
R1991;$39.$652.25;$39.$653.26;;4.5
R1992;$39.$652.25;$39.$658.25;;0.885
R1993;$39.$653.26;$39.$655.26;;1.312
R1994;$39.$654.25;$39.$655.26;;4.5
R1995;$39.$654.25;$39.$698.25;;0.002
R1996;$39.$655.26;$39.$657.26;;1.318
R1997;$39.$656.25;$39.$657.26;;4.5
R1998;$39.$656.25;$39.$662.25;;0.885
R1999;$39.$657.26;$39.$705.26;;0.609
R2000;$39.$658.25;$39.$659.26;;4.5
R2001;$39.$659.26;$39.$661.26;;1.312
R2002;$39.$66.15;$39.$67.18;;585.0
R2003;$39.$66.15;$39.$68.15;;0.0
R2004;$39.$660.25;$39.$661.26;;4.5
R2005;$39.$660.25;$39.$697.25;;0.002
R2006;$39.$661.26;$39.$663.26;;1.318
R2007;$39.$662.25;$39.$663.26;;4.5
R2008;$39.$663.26;$39.$706.26;;0.609
R2009;$39.$664.25;$39.$665.26;;4.5
R2010;$39.$664.25;$39.$680.25;;0.0
R2011;$39.$665.26;$39.$681.26;;0.0
R2012;$39.$665.26;$39.$706.26;;4.416
R2013;$39.$666.25;$39.$667.26;;4.5
R2014;$39.$666.25;$39.$682.25;;0.0
R2015;$39.$666.25;$39.$700.25;;0.025
R2016;$39.$667.26;$39.$681.26;;0.05
R2017;$39.$667.26;$39.$683.26;;0.0
R2018;$39.$668.25;$39.$669.26;;4.5
R2019;$39.$668.25;$39.$684.25;;0.0
R2020;$39.$669.26;$39.$683.26;;1.556
R2021;$39.$669.26;$39.$685.26;;0.0
R2022;$39.$670.25;$39.$671.26;;4.5
R2023;$39.$670.25;$39.$686.25;;0.0
R2024;$39.$670.25;$39.$701.25;;0.025
R2025;$39.$671.26;$39.$685.26;;0.05
R2026;$39.$671.26;$39.$687.26;;0.0
R2027;$39.$672.25;$39.$673.26;;4.5
R2028;$39.$672.25;$39.$688.25;;0.0
R2029;$39.$673.26;$39.$687.26;;6.651
R2030;$39.$673.26;$39.$689.26;;0.0
R2031;$39.$674.25;$39.$675.26;;4.5
R2032;$39.$674.25;$39.$690.25;;0.0
R2033;$39.$674.25;$39.$702.25;;0.025
R2034;$39.$675.26;$39.$689.26;;0.05
R2035;$39.$675.26;$39.$691.26;;0.0
R2036;$39.$676.25;$39.$677.26;;4.5
R2037;$39.$676.25;$39.$692.25;;0.0
R2038;$39.$677.26;$39.$691.26;;1.556
R2039;$39.$677.26;$39.$693.26;;0.0
R2040;$39.$678.25;$39.$679.26;;4.5
R2041;$39.$678.25;$39.$694.25;;0.0
R2042;$39.$678.25;$39.$703.25;;0.025
R2043;$39.$679.26;$39.$693.26;;0.05
R2044;$39.$679.26;$39.$695.26;;0.0
R2045;$39.$68.15;$39.$69.18;;585.0
R2046;$39.$680.25;$39.$681.26;;4.5
R2047;$39.$680.25;$39.$700.25;;0.025
R2048;$39.$682.25;$39.$683.26;;4.5
R2049;$39.$684.25;$39.$685.26;;4.5
R2050;$39.$684.25;$39.$701.25;;0.025
R2051;$39.$686.25;$39.$687.26;;4.5
R2052;$39.$688.25;$39.$689.26;;4.5
R2053;$39.$688.25;$39.$702.25;;0.025
R2054;$39.$690.25;$39.$691.26;;4.5
R2055;$39.$692.25;$39.$693.26;;4.5
R2056;$39.$692.25;$39.$703.25;;0.025
R2057;$39.$694.25;$39.$695.26;;4.5
R2058;$39.$696.25;$39.$699.25;;0.688
R2059;$39.$697.25;$39.$698.25;;0.688
R2060;$39.$698.25;$39.$699.25;;0.688
R2061;$39.$70.15;$39.$71.18;;585.0
R2062;$39.$70.15;$39.$86.15;;0.0
R2063;$39.$704.26;$39.$705.26;;0.559
R2064;$39.$705.26;$39.$706.26;;0.559
R2065;$39.$72.15;$39.$73.18;;585.0
R2066;$39.$72.15;$39.$80.15;;0.0
R2067;$39.$74.15;$39.$75.18;;585.0
R2068;$39.$74.15;$39.$82.15;;0.0
R2069;$39.$76.15;$39.$77.18;;585.0
R2070;$39.$78.15;$39.$79.18;;585.0
R2071;$39.$8.15;$39.$9.18;;585.0
R2072;$39.$80.15;$39.$81.18;;585.0
R2073;$39.$80.15;$39.$96.15;;0.0
R2074;$39.$82.15;$39.$83.18;;585.0
R2075;$39.$82.15;$39.$98.15;;0.0
R2076;$39.$84.15;$39.$85.18;;585.0
R2077;$39.$86.15;$39.$87.18;;585.0
R2078;$39.$88.15;$39.$89.18;;585.0
R2079;$39.$88.15;$39.P19.15;;0.0
R2080;$39.$90.15;$39.$91.18;;585.0
R2081;$39.$90.15;$39.P27.15;;0.0
R2082;$39.$92.15;$39.$93.18;;585.0
R2083;$39.$92.15;$39.P23.15;;0.0
R2084;$39.$94.15;$39.$95.18;;585.0
R2085;$39.$94.15;$39.P31.15;;0.0
R2086;$39.$96.15;$39.$97.18;;585.0
R2087;$39.$98.15;$39.$99.18;;585.0
R2088;B[0];B[0].$5.26;;0.788
R2089;B[0].$0.17;B[0].$1.18;;152.0
R2090;B[0].$0.17;B[0].P0.17;;205.248
R2091;B[0].$1.18;B[0].$2.18;;0.0
R2092;B[0].$2.18;B[0].$3.25;;9.3
R2093;B[0].$3.25;B[0].$6.25;;0.023
R2094;B[0].$4.25;B[0].$5.26;;4.5
R2095;B[0].$4.25;B[0].$8.25;;4.932
R2096;B[0].$6.25;B[0].$7.26;;4.5
R2097;B[0].$7.26;B[0].$9.26;;0.65
R2098;B[0].$8.25;B[0].$9.26;;4.5
R2099;B[1];B[1].$13.26;;1.549
R2100;B[1].$0.17;B[1].$1.18;;152.0
R2101;B[1].$0.17;B[1].P0.17;;205.248
R2102;B[1].$1.18;B[1].$6.18;;0.0
R2103;B[1].$10.18;B[1].$11.25;;9.3
R2104;B[1].$10.18;B[1].$5.18;;0.0
R2105;B[1].$11.25;B[1].$16.25;;0.009
R2106;B[1].$12.25;B[1].$13.26;;4.5
R2107;B[1].$12.25;B[1].$7.25;;0.009
R2108;B[1].$13.26;B[1].$15.26;;0.646
R2109;B[1].$14.25;B[1].$15.26;;4.5
R2110;B[1].$14.25;B[1].$9.25;;0.023
R2111;B[1].$15.26;B[1].$17.26;;0.471
R2112;B[1].$16.25;B[1].$17.26;;4.5
R2113;B[1].$2.17;B[1].$3.18;;152.0
R2114;B[1].$2.17;B[1].P2.17;;205.248
R2115;B[1].$3.18;B[1].$8.18;;0.0
R2116;B[1].$4.17;B[1].$5.18;;152.0
R2117;B[1].$4.17;B[1].P1.17;;205.248
R2118;B[1].$6.18;B[1].$7.25;;9.3
R2119;B[1].$8.18;B[1].$9.25;;9.3
R2120;B[2];B[2].$17.26;;1.549
R2121;B[2].$0.17;B[2].$1.18;;152.0
R2122;B[2].$0.17;B[2].P0.17;;205.248
R2123;B[2].$1.18;B[2].$8.18;;0.0
R2124;B[2].$10.18;B[2].$11.25;;9.3
R2125;B[2].$10.18;B[2].$3.18;;0.0
R2126;B[2].$11.25;B[2].$18.25;;0.023
R2127;B[2].$12.18;B[2].$13.25;;9.3
R2128;B[2].$12.18;B[2].$5.18;;0.0
R2129;B[2].$13.25;B[2].$20.25;;0.009
R2130;B[2].$14.18;B[2].$15.25;;9.3
R2131;B[2].$14.18;B[2].$7.18;;0.0
R2132;B[2].$15.25;B[2].$22.25;;0.023
R2133;B[2].$16.25;B[2].$17.26;;4.5
R2134;B[2].$16.25;B[2].$9.25;;0.009
R2135;B[2].$17.26;B[2].$19.26;;0.646
R2136;B[2].$18.25;B[2].$19.26;;4.5
R2137;B[2].$19.26;B[2].$21.26;;0.471
R2138;B[2].$2.17;B[2].$3.18;;152.0
R2139;B[2].$2.17;B[2].P2.17;;205.248
R2140;B[2].$20.25;B[2].$21.26;;4.5
R2141;B[2].$21.26;B[2].$23.26;;0.646
R2142;B[2].$22.25;B[2].$23.26;;4.5
R2143;B[2].$4.17;B[2].$5.18;;152.0
R2144;B[2].$4.17;B[2].P1.17;;205.248
R2145;B[2].$6.17;B[2].$7.18;;152.0
R2146;B[2].$6.17;B[2].P3.17;;205.248
R2147;B[2].$8.18;B[2].$9.25;;9.3
R2148;B[3];B[3].$48.26;;0.845
R2149;B[3].$0.17;B[3].$1.18;;152.0
R2150;B[3].$0.17;B[3].P1.17;;205.248
R2151;B[3].$1.18;B[3].$16.18;;0.0
R2152;B[3].$10.17;B[3].$11.18;;152.0
R2153;B[3].$10.17;B[3].P4.17;;205.248
R2154;B[3].$11.18;B[3].$26.18;;0.0
R2155;B[3].$12.17;B[3].$13.18;;152.0
R2156;B[3].$12.17;B[3].P2.17;;205.248
R2157;B[3].$13.18;B[3].$28.18;;0.0
R2158;B[3].$14.17;B[3].$15.18;;152.0
R2159;B[3].$14.17;B[3].P6.17;;205.248
R2160;B[3].$15.18;B[3].$30.18;;0.0
R2161;B[3].$16.18;B[3].$17.25;;9.3
R2162;B[3].$17.25;B[3].$32.25;;0.009
R2163;B[3].$18.18;B[3].$19.25;;9.3
R2164;B[3].$18.18;B[3].$3.18;;0.0
R2165;B[3].$19.25;B[3].$34.25;;0.023
R2166;B[3].$2.17;B[3].$3.18;;152.0
R2167;B[3].$2.17;B[3].P5.17;;205.248
R2168;B[3].$20.18;B[3].$21.25;;9.3
R2169;B[3].$20.18;B[3].$5.18;;0.0
R2170;B[3].$21.25;B[3].$36.25;;0.009
R2171;B[3].$22.18;B[3].$23.25;;9.3
R2172;B[3].$22.18;B[3].$7.18;;0.0
R2173;B[3].$23.25;B[3].$38.25;;0.023
R2174;B[3].$24.18;B[3].$25.25;;9.3
R2175;B[3].$24.18;B[3].$9.18;;0.0
R2176;B[3].$25.25;B[3].$40.25;;0.009
R2177;B[3].$26.18;B[3].$27.25;;9.3
R2178;B[3].$27.25;B[3].$42.25;;0.023
R2179;B[3].$28.18;B[3].$29.25;;9.3
R2180;B[3].$29.25;B[3].$44.25;;0.009
R2181;B[3].$30.18;B[3].$31.25;;9.3
R2182;B[3].$31.25;B[3].$46.25;;0.023
R2183;B[3].$32.25;B[3].$33.26;;4.5
R2184;B[3].$33.26;B[3].$35.26;;0.646
R2185;B[3].$33.26;B[3].$48.26;;1.398
R2186;B[3].$34.25;B[3].$35.26;;4.5
R2187;B[3].$35.26;B[3].$37.26;;0.471
R2188;B[3].$36.25;B[3].$37.26;;4.5
R2189;B[3].$37.26;B[3].$39.26;;0.646
R2190;B[3].$38.25;B[3].$39.26;;4.5
R2191;B[3].$4.17;B[3].$5.18;;152.0
R2192;B[3].$4.17;B[3].P3.17;;205.248
R2193;B[3].$40.25;B[3].$41.26;;4.5
R2194;B[3].$41.26;B[3].$43.26;;0.646
R2195;B[3].$41.26;B[3].$48.26;;0.704
R2196;B[3].$42.25;B[3].$43.26;;4.5
R2197;B[3].$43.26;B[3].$45.26;;0.471
R2198;B[3].$44.25;B[3].$45.26;;4.5
R2199;B[3].$45.26;B[3].$47.26;;0.646
R2200;B[3].$46.25;B[3].$47.26;;4.5
R2201;B[3].$6.17;B[3].$7.18;;152.0
R2202;B[3].$6.17;B[3].P7.17;;205.248
R2203;B[3].$8.17;B[3].$9.18;;152.0
R2204;B[3].$8.17;B[3].P0.17;;205.248
R2205;B[4];B[4].$96.26;;0.845
R2206;B[4].$0.17;B[4].$1.18;;152.0
R2207;B[4].$0.17;B[4].P3.17;;205.248
R2208;B[4].$1.18;B[4].$32.18;;0.0
R2209;B[4].$10.17;B[4].$11.18;;152.0
R2210;B[4].$10.17;B[4].P10.17;;205.248
R2211;B[4].$11.18;B[4].$42.18;;0.0
R2212;B[4].$12.17;B[4].$13.18;;152.0
R2213;B[4].$12.17;B[4].P6.17;;205.248
R2214;B[4].$13.18;B[4].$44.18;;0.0
R2215;B[4].$14.17;B[4].$15.18;;152.0
R2216;B[4].$14.17;B[4].P14.17;;205.248
R2217;B[4].$15.18;B[4].$46.18;;0.0
R2218;B[4].$16.17;B[4].$17.18;;152.0
R2219;B[4].$16.17;B[4].P1.17;;205.248
R2220;B[4].$17.18;B[4].$48.18;;0.0
R2221;B[4].$18.17;B[4].$19.18;;152.0
R2222;B[4].$18.17;B[4].P9.17;;205.248
R2223;B[4].$19.18;B[4].$50.18;;0.0
R2224;B[4].$2.17;B[4].$3.18;;152.0
R2225;B[4].$2.17;B[4].P11.17;;205.248
R2226;B[4].$20.17;B[4].$21.18;;152.0
R2227;B[4].$20.17;B[4].P5.17;;205.248
R2228;B[4].$21.18;B[4].$52.18;;0.0
R2229;B[4].$22.17;B[4].$23.18;;152.0
R2230;B[4].$22.17;B[4].P13.17;;205.248
R2231;B[4].$23.18;B[4].$54.18;;0.0
R2232;B[4].$24.17;B[4].$25.18;;152.0
R2233;B[4].$24.17;B[4].P0.17;;205.248
R2234;B[4].$25.18;B[4].$56.18;;0.0
R2235;B[4].$26.17;B[4].$27.18;;152.0
R2236;B[4].$26.17;B[4].P8.17;;205.248
R2237;B[4].$27.18;B[4].$58.18;;0.0
R2238;B[4].$28.17;B[4].$29.18;;152.0
R2239;B[4].$28.17;B[4].P4.17;;205.248
R2240;B[4].$29.18;B[4].$60.18;;0.0
R2241;B[4].$3.18;B[4].$34.18;;0.0
R2242;B[4].$30.17;B[4].$31.18;;152.0
R2243;B[4].$30.17;B[4].P12.17;;205.248
R2244;B[4].$31.18;B[4].$62.18;;0.0
R2245;B[4].$32.18;B[4].$33.25;;9.3
R2246;B[4].$33.25;B[4].$64.25;;0.009
R2247;B[4].$34.18;B[4].$35.25;;9.3
R2248;B[4].$35.25;B[4].$66.25;;0.023
R2249;B[4].$36.18;B[4].$37.25;;9.3
R2250;B[4].$36.18;B[4].$5.18;;0.0
R2251;B[4].$37.25;B[4].$68.25;;0.009
R2252;B[4].$38.18;B[4].$39.25;;9.3
R2253;B[4].$38.18;B[4].$7.18;;0.0
R2254;B[4].$39.25;B[4].$70.25;;0.023
R2255;B[4].$4.17;B[4].$5.18;;152.0
R2256;B[4].$4.17;B[4].P7.17;;205.248
R2257;B[4].$40.18;B[4].$41.25;;9.3
R2258;B[4].$40.18;B[4].$9.18;;0.0
R2259;B[4].$41.25;B[4].$72.25;;0.009
R2260;B[4].$42.18;B[4].$43.25;;9.3
R2261;B[4].$43.25;B[4].$74.25;;0.023
R2262;B[4].$44.18;B[4].$45.25;;9.3
R2263;B[4].$45.25;B[4].$76.25;;0.009
R2264;B[4].$46.18;B[4].$47.25;;9.3
R2265;B[4].$47.25;B[4].$78.25;;0.023
R2266;B[4].$48.18;B[4].$49.25;;9.3
R2267;B[4].$49.25;B[4].$80.25;;0.009
R2268;B[4].$50.18;B[4].$51.25;;9.3
R2269;B[4].$51.25;B[4].$82.25;;0.023
R2270;B[4].$52.18;B[4].$53.25;;9.3
R2271;B[4].$53.25;B[4].$84.25;;0.009
R2272;B[4].$54.18;B[4].$55.25;;9.3
R2273;B[4].$55.25;B[4].$86.25;;0.023
R2274;B[4].$56.18;B[4].$57.25;;9.3
R2275;B[4].$57.25;B[4].$88.25;;0.009
R2276;B[4].$58.18;B[4].$59.25;;9.3
R2277;B[4].$59.25;B[4].$90.25;;0.023
R2278;B[4].$6.17;B[4].$7.18;;152.0
R2279;B[4].$6.17;B[4].P15.17;;205.248
R2280;B[4].$60.18;B[4].$61.25;;9.3
R2281;B[4].$61.25;B[4].$92.25;;0.009
R2282;B[4].$62.18;B[4].$63.25;;9.3
R2283;B[4].$63.25;B[4].$94.25;;0.023
R2284;B[4].$64.25;B[4].$65.26;;4.5
R2285;B[4].$65.26;B[4].$67.26;;0.646
R2286;B[4].$65.26;B[4].$98.26;;1.461
R2287;B[4].$66.25;B[4].$67.26;;4.5
R2288;B[4].$67.26;B[4].$69.26;;0.471
R2289;B[4].$68.25;B[4].$69.26;;4.5
R2290;B[4].$69.26;B[4].$71.26;;0.646
R2291;B[4].$70.25;B[4].$71.26;;4.5
R2292;B[4].$72.25;B[4].$73.26;;4.5
R2293;B[4].$73.26;B[4].$75.26;;0.646
R2294;B[4].$73.26;B[4].$98.26;;0.642
R2295;B[4].$74.25;B[4].$75.26;;4.5
R2296;B[4].$75.26;B[4].$77.26;;0.471
R2297;B[4].$76.25;B[4].$77.26;;4.5
R2298;B[4].$77.26;B[4].$79.26;;0.646
R2299;B[4].$78.25;B[4].$79.26;;4.5
R2300;B[4].$8.17;B[4].$9.18;;152.0
R2301;B[4].$8.17;B[4].P2.17;;205.248
R2302;B[4].$80.25;B[4].$81.26;;4.5
R2303;B[4].$81.26;B[4].$83.26;;0.646
R2304;B[4].$81.26;B[4].$97.26;;0.642
R2305;B[4].$82.25;B[4].$83.26;;4.5
R2306;B[4].$83.26;B[4].$85.26;;0.471
R2307;B[4].$84.25;B[4].$85.26;;4.5
R2308;B[4].$85.26;B[4].$87.26;;0.646
R2309;B[4].$86.25;B[4].$87.26;;4.5
R2310;B[4].$88.25;B[4].$89.26;;4.5
R2311;B[4].$89.26;B[4].$91.26;;0.646
R2312;B[4].$89.26;B[4].$96.26;;0.704
R2313;B[4].$90.25;B[4].$91.26;;4.5
R2314;B[4].$91.26;B[4].$93.26;;0.471
R2315;B[4].$92.25;B[4].$93.26;;4.5
R2316;B[4].$93.26;B[4].$95.26;;0.646
R2317;B[4].$94.25;B[4].$95.26;;4.5
R2318;B[4].$96.26;B[4].$97.26;;0.646
R2319;B[4].$97.26;B[4].$98.26;;0.708
R2320;DAC_REF;DAC_REF.$53.26;;0.003
R2321;DAC_REF.$0.17;DAC_REF.$1.18;;152.0
R2322;DAC_REF.$0.17;DAC_REF.$2.17;;0.0
R2323;DAC_REF.$0.17;DAC_REF.$80.17;;2.78
R2324;DAC_REF.$1.18;DAC_REF.$15.18;;0.0
R2325;DAC_REF.$10.17;DAC_REF.$11.18;;152.0
R2326;DAC_REF.$10.17;DAC_REF.$8.17;;0.0
R2327;DAC_REF.$10.17;DAC_REF.P32.17;;28.587
R2328;DAC_REF.$11.18;DAC_REF.$25.18;;0.0
R2329;DAC_REF.$11.18;DAC_REF.$48.18;;2.24
R2330;DAC_REF.$12.17;DAC_REF.$13.18;;152.0
R2331;DAC_REF.$12.17;DAC_REF.$24.17;;26.8
R2332;DAC_REF.$12.17;DAC_REF.$26.17;;0.0
R2333;DAC_REF.$13.18;DAC_REF.$27.18;;0.0
R2334;DAC_REF.$13.18;DAC_REF.$50.18;;1.92
R2335;DAC_REF.$14.17;DAC_REF.$15.18;;152.0
R2336;DAC_REF.$14.17;DAC_REF.$80.17;;4.116
R2337;DAC_REF.$15.18;DAC_REF.$28.18;;1.92
R2338;DAC_REF.$16.17;DAC_REF.$17.18;;152.0
R2339;DAC_REF.$16.17;DAC_REF.$18.17;;44.733
R2340;DAC_REF.$17.18;DAC_REF.$3.18;;0.0
R2341;DAC_REF.$17.18;DAC_REF.$30.18;;2.24
R2342;DAC_REF.$18.17;DAC_REF.$19.18;;152.0
R2343;DAC_REF.$18.17;DAC_REF.$80.17;;33.017
R2344;DAC_REF.$19.18;DAC_REF.$32.18;;2.56
R2345;DAC_REF.$19.18;DAC_REF.$5.18;;0.0
R2346;DAC_REF.$2.17;DAC_REF.$3.18;;152.0
R2347;DAC_REF.$2.17;DAC_REF.$4.17;;0.0
R2348;DAC_REF.$20.17;DAC_REF.$21.18;;152.0
R2349;DAC_REF.$20.17;DAC_REF.$22.17;;33.516
R2350;DAC_REF.$20.17;DAC_REF.$80.17;;5.303
R2351;DAC_REF.$21.18;DAC_REF.$34.18;;2.88
R2352;DAC_REF.$21.18;DAC_REF.$7.18;;0.0
R2353;DAC_REF.$22.17;DAC_REF.$23.18;;152.0
R2354;DAC_REF.$22.17;DAC_REF.$24.17;;29.784
R2355;DAC_REF.$23.18;DAC_REF.$36.18;;3.2
R2356;DAC_REF.$23.18;DAC_REF.$9.18;;0.0
R2357;DAC_REF.$24.17;DAC_REF.$25.18;;152.0
R2358;DAC_REF.$25.18;DAC_REF.$38.18;;3.52
R2359;DAC_REF.$26.17;DAC_REF.$27.18;;152.0
R2360;DAC_REF.$26.17;DAC_REF.$87.17;;291.04
R2361;DAC_REF.$28.18;DAC_REF.$29.25;;9.3
R2362;DAC_REF.$28.18;DAC_REF.$40.18;;0.0
R2363;DAC_REF.$29.25;DAC_REF.$41.25;;0.0
R2364;DAC_REF.$29.25;DAC_REF.$66.25;;0.009
R2365;DAC_REF.$3.18;DAC_REF.$40.18;;3.52
R2366;DAC_REF.$30.18;DAC_REF.$31.25;;9.3
R2367;DAC_REF.$30.18;DAC_REF.$42.18;;0.0
R2368;DAC_REF.$31.25;DAC_REF.$43.25;;0.0
R2369;DAC_REF.$31.25;DAC_REF.$68.25;;0.016
R2370;DAC_REF.$32.18;DAC_REF.$33.25;;9.3
R2371;DAC_REF.$32.18;DAC_REF.$44.18;;0.0
R2372;DAC_REF.$33.25;DAC_REF.$45.25;;0.0
R2373;DAC_REF.$33.25;DAC_REF.$70.25;;0.022
R2374;DAC_REF.$34.18;DAC_REF.$35.25;;9.3
R2375;DAC_REF.$34.18;DAC_REF.$46.18;;0.0
R2376;DAC_REF.$35.25;DAC_REF.$47.25;;0.0
R2377;DAC_REF.$35.25;DAC_REF.$72.25;;0.028
R2378;DAC_REF.$36.18;DAC_REF.$37.25;;9.3
R2379;DAC_REF.$36.18;DAC_REF.$48.18;;0.0
R2380;DAC_REF.$37.25;DAC_REF.$49.25;;0.0
R2381;DAC_REF.$37.25;DAC_REF.$74.25;;0.034
R2382;DAC_REF.$38.18;DAC_REF.$39.25;;9.3
R2383;DAC_REF.$38.18;DAC_REF.$50.18;;0.0
R2384;DAC_REF.$39.25;DAC_REF.$51.25;;0.0
R2385;DAC_REF.$39.25;DAC_REF.$76.25;;0.041
R2386;DAC_REF.$4.17;DAC_REF.$5.18;;152.0
R2387;DAC_REF.$4.17;DAC_REF.$6.17;;0.0
R2388;DAC_REF.$40.18;DAC_REF.$41.25;;9.3
R2389;DAC_REF.$41.25;DAC_REF.$54.25;;0.041
R2390;DAC_REF.$42.18;DAC_REF.$43.25;;9.3
R2391;DAC_REF.$42.18;DAC_REF.$5.18;;3.2
R2392;DAC_REF.$43.25;DAC_REF.$56.25;;0.034
R2393;DAC_REF.$44.18;DAC_REF.$45.25;;9.3
R2394;DAC_REF.$44.18;DAC_REF.$7.18;;2.88
R2395;DAC_REF.$45.25;DAC_REF.$58.25;;0.028
R2396;DAC_REF.$46.18;DAC_REF.$47.25;;9.3
R2397;DAC_REF.$46.18;DAC_REF.$9.18;;2.56
R2398;DAC_REF.$47.25;DAC_REF.$60.25;;0.022
R2399;DAC_REF.$48.18;DAC_REF.$49.25;;9.3
R2400;DAC_REF.$49.25;DAC_REF.$62.25;;0.016
R2401;DAC_REF.$50.18;DAC_REF.$51.25;;9.3
R2402;DAC_REF.$51.25;DAC_REF.$64.25;;0.009
R2403;DAC_REF.$52.25;DAC_REF.$53.26;;4.5
R2404;DAC_REF.$52.25;DAC_REF.$66.25;;0.0
R2405;DAC_REF.$53.26;DAC_REF.$67.26;;0.0
R2406;DAC_REF.$54.25;DAC_REF.$55.26;;4.5
R2407;DAC_REF.$54.25;DAC_REF.$68.25;;0.0
R2408;DAC_REF.$55.26;DAC_REF.$67.26;;0.019
R2409;DAC_REF.$55.26;DAC_REF.$69.26;;0.0
R2410;DAC_REF.$56.25;DAC_REF.$57.26;;4.5
R2411;DAC_REF.$56.25;DAC_REF.$70.25;;0.0
R2412;DAC_REF.$57.26;DAC_REF.$69.26;;0.019
R2413;DAC_REF.$57.26;DAC_REF.$71.26;;0.0
R2414;DAC_REF.$58.25;DAC_REF.$59.26;;4.5
R2415;DAC_REF.$58.25;DAC_REF.$72.25;;0.0
R2416;DAC_REF.$59.26;DAC_REF.$71.26;;0.019
R2417;DAC_REF.$59.26;DAC_REF.$73.26;;0.0
R2418;DAC_REF.$6.17;DAC_REF.$7.18;;152.0
R2419;DAC_REF.$6.17;DAC_REF.$8.17;;0.0
R2420;DAC_REF.$60.25;DAC_REF.$61.26;;4.5
R2421;DAC_REF.$60.25;DAC_REF.$74.25;;0.0
R2422;DAC_REF.$61.26;DAC_REF.$73.26;;0.019
R2423;DAC_REF.$61.26;DAC_REF.$75.26;;0.0
R2424;DAC_REF.$62.25;DAC_REF.$63.26;;4.5
R2425;DAC_REF.$62.25;DAC_REF.$76.25;;0.0
R2426;DAC_REF.$63.26;DAC_REF.$75.26;;0.019
R2427;DAC_REF.$63.26;DAC_REF.$77.26;;0.0
R2428;DAC_REF.$64.25;DAC_REF.$65.26;;4.5
R2429;DAC_REF.$64.25;DAC_REF.$78.25;;0.0
R2430;DAC_REF.$65.26;DAC_REF.$77.26;;0.019
R2431;DAC_REF.$65.26;DAC_REF.$79.26;;0.0
R2432;DAC_REF.$66.25;DAC_REF.$67.26;;4.5
R2433;DAC_REF.$68.25;DAC_REF.$69.26;;4.5
R2434;DAC_REF.$70.25;DAC_REF.$71.26;;4.5
R2435;DAC_REF.$72.25;DAC_REF.$73.26;;4.5
R2436;DAC_REF.$74.25;DAC_REF.$75.26;;4.5
R2437;DAC_REF.$76.25;DAC_REF.$77.26;;4.5
R2438;DAC_REF.$78.25;DAC_REF.$79.26;;4.5
R2439;DAC_REF.$8.17;DAC_REF.$9.18;;152.0
R2440;DAC_REF.$81.17;DAC_REF.$82.17;;334.722
R2441;DAC_REF.$81.17;DAC_REF.P14.17;;25.353
R2442;DAC_REF.$81.17;DAC_REF.P7.17;;417.81
R2443;DAC_REF.$82.17;DAC_REF.$83.17;;334.722
R2444;DAC_REF.$82.17;DAC_REF.P18.17;;25.353
R2445;DAC_REF.$83.17;DAC_REF.$84.17;;334.722
R2446;DAC_REF.$83.17;DAC_REF.P20.17;;25.353
R2447;DAC_REF.$84.17;DAC_REF.$85.17;;334.722
R2448;DAC_REF.$84.17;DAC_REF.P22.17;;25.353
R2449;DAC_REF.$85.17;DAC_REF.$86.17;;334.722
R2450;DAC_REF.$85.17;DAC_REF.P24.17;;25.353
R2451;DAC_REF.$86.17;DAC_REF.$87.17;;334.722
R2452;DAC_REF.$86.17;DAC_REF.P26.17;;25.353
R2453;DAC_REF.$87.17;DAC_REF.P28.17;;25.353
R2454;DAC_REF.P0.17;DAC_REF.P47.17;;41.066
R2455;DAC_REF.P0.17;DAC_REF.P48.17;;41.066
R2456;DAC_REF.P1.17;DAC_REF.P22.17;;41.066
R2457;DAC_REF.P1.17;DAC_REF.P4.17;;41.066
R2458;DAC_REF.P10.17;DAC_REF.P11.17;;41.066
R2459;DAC_REF.P10.17;DAC_REF.P9.17;;41.066
R2460;DAC_REF.P11.17;DAC_REF.P12.17;;41.066
R2461;DAC_REF.P12.17;DAC_REF.P13.17;;41.066
R2462;DAC_REF.P14.17;DAC_REF.P15.17;;41.066
R2463;DAC_REF.P15.17;DAC_REF.P38.17;;41.066
R2464;DAC_REF.P16.17;DAC_REF.P17.17;;41.066
R2465;DAC_REF.P16.17;DAC_REF.P40.17;;41.066
R2466;DAC_REF.P18.17;DAC_REF.P41.17;;41.066
R2467;DAC_REF.P19.17;DAC_REF.P45.17;;41.066
R2468;DAC_REF.P2.17;DAC_REF.P23.17;;41.066
R2469;DAC_REF.P2.17;DAC_REF.P5.17;;41.066
R2470;DAC_REF.P20.17;DAC_REF.P46.17;;41.066
R2471;DAC_REF.P21.17;DAC_REF.P49.17;;41.066
R2472;DAC_REF.P24.17;DAC_REF.P51.17;;41.066
R2473;DAC_REF.P25.17;DAC_REF.P54.17;;41.066
R2474;DAC_REF.P26.17;DAC_REF.P55.17;;41.066
R2475;DAC_REF.P27.17;DAC_REF.P59.17;;41.066
R2476;DAC_REF.P28.17;DAC_REF.P29.17;;41.066
R2477;DAC_REF.P29.17;DAC_REF.P60.17;;41.066
R2478;DAC_REF.P3.17;DAC_REF.P52.17;;41.066
R2479;DAC_REF.P3.17;DAC_REF.P53.17;;41.066
R2480;DAC_REF.P30.17;DAC_REF.P31.17;;41.066
R2481;DAC_REF.P30.17;DAC_REF.P62.17;;41.066
R2482;DAC_REF.P32.17;DAC_REF.P33.17;;41.066
R2483;DAC_REF.P33.17;DAC_REF.P34.17;;41.066
R2484;DAC_REF.P34.17;DAC_REF.P35.17;;41.066
R2485;DAC_REF.P35.17;DAC_REF.P36.17;;41.066
R2486;DAC_REF.P36.17;DAC_REF.P37.17;;41.066
R2487;DAC_REF.P37.17;DAC_REF.P6.17;;41.066
R2488;DAC_REF.P38.17;DAC_REF.P39.17;;41.066
R2489;DAC_REF.P39.17;DAC_REF.P40.17;;41.066
R2490;DAC_REF.P4.17;DAC_REF.P50.17;;41.066
R2491;DAC_REF.P41.17;DAC_REF.P42.17;;41.066
R2492;DAC_REF.P42.17;DAC_REF.P43.17;;41.066
R2493;DAC_REF.P43.17;DAC_REF.P44.17;;41.066
R2494;DAC_REF.P44.17;DAC_REF.P45.17;;41.066
R2495;DAC_REF.P46.17;DAC_REF.P47.17;;41.066
R2496;DAC_REF.P48.17;DAC_REF.P49.17;;41.066
R2497;DAC_REF.P5.17;DAC_REF.P50.17;;41.066
R2498;DAC_REF.P51.17;DAC_REF.P52.17;;41.066
R2499;DAC_REF.P53.17;DAC_REF.P54.17;;41.066
R2500;DAC_REF.P55.17;DAC_REF.P56.17;;41.066
R2501;DAC_REF.P56.17;DAC_REF.P57.17;;41.066
R2502;DAC_REF.P57.17;DAC_REF.P58.17;;41.066
R2503;DAC_REF.P58.17;DAC_REF.P59.17;;41.066
R2504;DAC_REF.P60.17;DAC_REF.P61.17;;41.066
R2505;DAC_REF.P61.17;DAC_REF.P62.17;;41.066
R2506;DAC_REF.P7.17;DAC_REF.P8.17;;41.066
R2507;DAC_REF.P8.17;DAC_REF.P9.17;;41.066
R2508;I_DAC;I_DAC.$143.26;;0.169
R2509;I_DAC.$0.15;I_DAC.$1.18;;585.0
R2510;I_DAC.$0.15;I_DAC.P1.15;;0.0
R2511;I_DAC.$1.18;I_DAC.$66.18;;0.0
R2512;I_DAC.$10.15;I_DAC.$11.18;;585.0
R2513;I_DAC.$10.15;I_DAC.P8.15;;0.0
R2514;I_DAC.$100.18;I_DAC.$101.25;;9.3
R2515;I_DAC.$100.18;I_DAC.$35.18;;0.0
R2516;I_DAC.$101.25;I_DAC.$103.25;;0.0
R2517;I_DAC.$102.18;I_DAC.$103.25;;9.3
R2518;I_DAC.$102.18;I_DAC.$37.18;;0.0
R2519;I_DAC.$103.25;I_DAC.$109.25;;0.272
R2520;I_DAC.$103.25;I_DAC.$95.25;;0.272
R2521;I_DAC.$104.18;I_DAC.$105.25;;9.3
R2522;I_DAC.$104.18;I_DAC.$39.18;;0.0
R2523;I_DAC.$105.25;I_DAC.$107.25;;0.0
R2524;I_DAC.$105.25;I_DAC.$113.25;;0.272
R2525;I_DAC.$105.25;I_DAC.$97.25;;0.272
R2526;I_DAC.$106.18;I_DAC.$107.25;;9.3
R2527;I_DAC.$106.18;I_DAC.$41.18;;0.0
R2528;I_DAC.$108.18;I_DAC.$109.25;;9.3
R2529;I_DAC.$108.18;I_DAC.$43.18;;0.0
R2530;I_DAC.$109.25;I_DAC.$111.25;;0.0
R2531;I_DAC.$109.25;I_DAC.$117.25;;0.272
R2532;I_DAC.$11.18;I_DAC.$76.18;;0.0
R2533;I_DAC.$110.18;I_DAC.$111.25;;9.3
R2534;I_DAC.$110.18;I_DAC.$45.18;;0.0
R2535;I_DAC.$112.18;I_DAC.$113.25;;9.3
R2536;I_DAC.$112.18;I_DAC.$47.18;;0.0
R2537;I_DAC.$113.25;I_DAC.$115.25;;0.0
R2538;I_DAC.$113.25;I_DAC.$123.25;;0.272
R2539;I_DAC.$114.18;I_DAC.$115.25;;9.3
R2540;I_DAC.$114.18;I_DAC.$49.18;;0.0
R2541;I_DAC.$116.18;I_DAC.$117.25;;9.3
R2542;I_DAC.$116.18;I_DAC.$51.18;;0.0
R2543;I_DAC.$117.25;I_DAC.$119.25;;0.0
R2544;I_DAC.$117.25;I_DAC.$127.25;;0.272
R2545;I_DAC.$118.18;I_DAC.$119.25;;9.3
R2546;I_DAC.$118.18;I_DAC.$53.18;;0.0
R2547;I_DAC.$12.15;I_DAC.$13.18;;585.0
R2548;I_DAC.$12.15;I_DAC.P24.15;;0.0
R2549;I_DAC.$120.18;I_DAC.$121.25;;9.3
R2550;I_DAC.$120.18;I_DAC.$55.18;;0.0
R2551;I_DAC.$121.25;I_DAC.$123.25;;0.0
R2552;I_DAC.$122.18;I_DAC.$123.25;;9.3
R2553;I_DAC.$122.18;I_DAC.$57.18;;0.0
R2554;I_DAC.$123.25;I_DAC.$129.25;;0.272
R2555;I_DAC.$124.18;I_DAC.$125.25;;9.3
R2556;I_DAC.$124.18;I_DAC.$59.18;;0.0
R2557;I_DAC.$125.25;I_DAC.$127.25;;0.0
R2558;I_DAC.$126.18;I_DAC.$127.25;;9.3
R2559;I_DAC.$126.18;I_DAC.$61.18;;0.0
R2560;I_DAC.$128.18;I_DAC.$129.25;;9.3
R2561;I_DAC.$128.18;I_DAC.$63.18;;0.0
R2562;I_DAC.$129.25;I_DAC.$131.25;;0.0
R2563;I_DAC.$13.18;I_DAC.$78.18;;0.0
R2564;I_DAC.$130.18;I_DAC.$131.25;;9.3
R2565;I_DAC.$130.18;I_DAC.$65.18;;0.0
R2566;I_DAC.$132.25;I_DAC.$133.26;;4.5
R2567;I_DAC.$132.25;I_DAC.$144.25;;0.0
R2568;I_DAC.$132.25;I_DAC.$67.25;;0.988
R2569;I_DAC.$133.26;I_DAC.$135.26;;0.0
R2570;I_DAC.$133.26;I_DAC.$155.26;;0.01
R2571;I_DAC.$134.25;I_DAC.$135.26;;4.5
R2572;I_DAC.$134.25;I_DAC.$146.25;;0.0
R2573;I_DAC.$134.25;I_DAC.$156.25;;0.04
R2574;I_DAC.$135.26;I_DAC.$137.26;;0.0
R2575;I_DAC.$136.25;I_DAC.$137.26;;4.5
R2576;I_DAC.$136.25;I_DAC.$148.25;;0.0
R2577;I_DAC.$136.25;I_DAC.$168.25;;0.039
R2578;I_DAC.$137.26;I_DAC.$139.26;;0.0
R2579;I_DAC.$138.25;I_DAC.$139.26;;4.5
R2580;I_DAC.$138.25;I_DAC.$150.25;;0.0
R2581;I_DAC.$139.26;I_DAC.$141.26;;0.0
R2582;I_DAC.$14.15;I_DAC.$15.18;;585.0
R2583;I_DAC.$14.15;I_DAC.P15.15;;0.0
R2584;I_DAC.$140.25;I_DAC.$141.26;;4.5
R2585;I_DAC.$140.25;I_DAC.$152.25;;0.0
R2586;I_DAC.$140.25;I_DAC.$169.25;;0.001
R2587;I_DAC.$141.26;I_DAC.$143.26;;0.0
R2588;I_DAC.$142.25;I_DAC.$143.26;;4.5
R2589;I_DAC.$142.25;I_DAC.$154.25;;0.0
R2590;I_DAC.$142.25;I_DAC.$164.25;;0.04
R2591;I_DAC.$144.25;I_DAC.$145.26;;4.5
R2592;I_DAC.$144.25;I_DAC.$156.25;;0.0
R2593;I_DAC.$145.26;I_DAC.$147.26;;0.0
R2594;I_DAC.$145.26;I_DAC.$167.26;;0.01
R2595;I_DAC.$146.25;I_DAC.$147.26;;4.5
R2596;I_DAC.$146.25;I_DAC.$158.25;;0.0
R2597;I_DAC.$147.26;I_DAC.$149.26;;0.0
R2598;I_DAC.$148.25;I_DAC.$149.26;;4.5
R2599;I_DAC.$148.25;I_DAC.$160.25;;0.0
R2600;I_DAC.$149.26;I_DAC.$151.26;;0.0
R2601;I_DAC.$15.18;I_DAC.$80.18;;0.0
R2602;I_DAC.$150.25;I_DAC.$151.26;;4.5
R2603;I_DAC.$150.25;I_DAC.$162.25;;0.0
R2604;I_DAC.$151.26;I_DAC.$153.26;;0.0
R2605;I_DAC.$152.25;I_DAC.$153.26;;4.5
R2606;I_DAC.$152.25;I_DAC.$164.25;;0.0
R2607;I_DAC.$153.26;I_DAC.$155.26;;0.0
R2608;I_DAC.$154.25;I_DAC.$155.26;;4.5
R2609;I_DAC.$154.25;I_DAC.$166.25;;0.0
R2610;I_DAC.$156.25;I_DAC.$157.26;;4.5
R2611;I_DAC.$157.26;I_DAC.$159.26;;0.0
R2612;I_DAC.$158.25;I_DAC.$159.26;;4.5
R2613;I_DAC.$158.25;I_DAC.$168.25;;0.001
R2614;I_DAC.$159.26;I_DAC.$161.26;;0.0
R2615;I_DAC.$16.15;I_DAC.$17.18;;585.0
R2616;I_DAC.$16.15;I_DAC.P32.15;;0.0
R2617;I_DAC.$160.25;I_DAC.$161.26;;4.5
R2618;I_DAC.$161.26;I_DAC.$163.26;;0.0
R2619;I_DAC.$162.25;I_DAC.$163.26;;4.5
R2620;I_DAC.$162.25;I_DAC.$169.25;;0.039
R2621;I_DAC.$163.26;I_DAC.$165.26;;0.0
R2622;I_DAC.$164.25;I_DAC.$165.26;;4.5
R2623;I_DAC.$165.26;I_DAC.$167.26;;0.0
R2624;I_DAC.$166.25;I_DAC.$167.26;;4.5
R2625;I_DAC.$168.25;I_DAC.$71.25;;0.168
R2626;I_DAC.$169.25;I_DAC.$75.25;;0.168
R2627;I_DAC.$17.18;I_DAC.$82.18;;0.0
R2628;I_DAC.$18.15;I_DAC.$19.18;;585.0
R2629;I_DAC.$18.15;I_DAC.P7.15;;0.0
R2630;I_DAC.$19.18;I_DAC.$84.18;;0.0
R2631;I_DAC.$2.15;I_DAC.$3.18;;585.0
R2632;I_DAC.$2.15;I_DAC.P0.15;;0.0
R2633;I_DAC.$20.15;I_DAC.$21.18;;585.0
R2634;I_DAC.$20.15;I_DAC.P23.15;;0.0
R2635;I_DAC.$21.18;I_DAC.$86.18;;0.0
R2636;I_DAC.$22.15;I_DAC.$23.18;;585.0
R2637;I_DAC.$22.15;I_DAC.P14.15;;0.0
R2638;I_DAC.$23.18;I_DAC.$88.18;;0.0
R2639;I_DAC.$24.15;I_DAC.$25.18;;585.0
R2640;I_DAC.$24.15;I_DAC.P31.15;;0.0
R2641;I_DAC.$25.18;I_DAC.$90.18;;0.0
R2642;I_DAC.$26.15;I_DAC.$27.18;;585.0
R2643;I_DAC.$26.15;I_DAC.P6.15;;0.0
R2644;I_DAC.$27.18;I_DAC.$92.18;;0.0
R2645;I_DAC.$28.15;I_DAC.$29.18;;585.0
R2646;I_DAC.$28.15;I_DAC.P22.15;;0.0
R2647;I_DAC.$29.18;I_DAC.$94.18;;0.0
R2648;I_DAC.$3.18;I_DAC.$68.18;;0.0
R2649;I_DAC.$30.15;I_DAC.$31.18;;585.0
R2650;I_DAC.$30.15;I_DAC.P13.15;;0.0
R2651;I_DAC.$31.18;I_DAC.$96.18;;0.0
R2652;I_DAC.$32.15;I_DAC.$33.18;;585.0
R2653;I_DAC.$32.15;I_DAC.P30.15;;0.0
R2654;I_DAC.$33.18;I_DAC.$98.18;;0.0
R2655;I_DAC.$34.15;I_DAC.$35.18;;585.0
R2656;I_DAC.$34.15;I_DAC.P5.15;;0.0
R2657;I_DAC.$36.15;I_DAC.$37.18;;585.0
R2658;I_DAC.$36.15;I_DAC.P21.15;;0.0
R2659;I_DAC.$38.15;I_DAC.$39.18;;585.0
R2660;I_DAC.$38.15;I_DAC.P12.15;;0.0
R2661;I_DAC.$4.15;I_DAC.$5.18;;585.0
R2662;I_DAC.$4.15;I_DAC.P25.15;;0.0
R2663;I_DAC.$40.15;I_DAC.$41.18;;585.0
R2664;I_DAC.$40.15;I_DAC.P29.15;;0.0
R2665;I_DAC.$42.15;I_DAC.$43.18;;585.0
R2666;I_DAC.$42.15;I_DAC.P4.15;;0.0
R2667;I_DAC.$44.15;I_DAC.$45.18;;585.0
R2668;I_DAC.$44.15;I_DAC.P20.15;;0.0
R2669;I_DAC.$46.15;I_DAC.$47.18;;585.0
R2670;I_DAC.$46.15;I_DAC.P11.15;;0.0
R2671;I_DAC.$48.15;I_DAC.$49.18;;585.0
R2672;I_DAC.$48.15;I_DAC.P28.15;;0.0
R2673;I_DAC.$5.18;I_DAC.$70.18;;0.0
R2674;I_DAC.$50.15;I_DAC.$51.18;;585.0
R2675;I_DAC.$50.15;I_DAC.P3.15;;0.0
R2676;I_DAC.$52.15;I_DAC.$53.18;;585.0
R2677;I_DAC.$52.15;I_DAC.P19.15;;0.0
R2678;I_DAC.$54.15;I_DAC.$55.18;;585.0
R2679;I_DAC.$54.15;I_DAC.P10.15;;0.0
R2680;I_DAC.$56.15;I_DAC.$57.18;;585.0
R2681;I_DAC.$56.15;I_DAC.P27.15;;0.0
R2682;I_DAC.$58.15;I_DAC.$59.18;;585.0
R2683;I_DAC.$58.15;I_DAC.P2.15;;0.0
R2684;I_DAC.$6.15;I_DAC.$7.18;;585.0
R2685;I_DAC.$6.15;I_DAC.P16.15;;0.0
R2686;I_DAC.$60.15;I_DAC.$61.18;;585.0
R2687;I_DAC.$60.15;I_DAC.P18.15;;0.0
R2688;I_DAC.$62.15;I_DAC.$63.18;;585.0
R2689;I_DAC.$62.15;I_DAC.P9.15;;0.0
R2690;I_DAC.$64.15;I_DAC.$65.18;;585.0
R2691;I_DAC.$64.15;I_DAC.P26.15;;0.0
R2692;I_DAC.$66.18;I_DAC.$67.25;;9.3
R2693;I_DAC.$68.18;I_DAC.$69.25;;9.3
R2694;I_DAC.$69.25;I_DAC.$71.25;;0.0
R2695;I_DAC.$7.18;I_DAC.$72.18;;0.0
R2696;I_DAC.$70.18;I_DAC.$71.25;;9.3
R2697;I_DAC.$71.25;I_DAC.$79.25;;0.272
R2698;I_DAC.$72.18;I_DAC.$73.25;;9.3
R2699;I_DAC.$73.25;I_DAC.$75.25;;0.0
R2700;I_DAC.$74.18;I_DAC.$75.25;;9.3
R2701;I_DAC.$74.18;I_DAC.$9.18;;0.0
R2702;I_DAC.$75.25;I_DAC.$83.25;;0.272
R2703;I_DAC.$76.18;I_DAC.$77.25;;9.3
R2704;I_DAC.$77.25;I_DAC.$79.25;;0.0
R2705;I_DAC.$78.18;I_DAC.$79.25;;9.3
R2706;I_DAC.$79.25;I_DAC.$87.25;;0.272
R2707;I_DAC.$8.15;I_DAC.$9.18;;585.0
R2708;I_DAC.$8.15;I_DAC.P17.15;;0.0
R2709;I_DAC.$80.18;I_DAC.$81.25;;9.3
R2710;I_DAC.$81.25;I_DAC.$83.25;;0.0
R2711;I_DAC.$82.18;I_DAC.$83.25;;9.3
R2712;I_DAC.$83.25;I_DAC.$89.25;;0.272
R2713;I_DAC.$84.18;I_DAC.$85.25;;9.3
R2714;I_DAC.$85.25;I_DAC.$87.25;;0.0
R2715;I_DAC.$86.18;I_DAC.$87.25;;9.3
R2716;I_DAC.$87.25;I_DAC.$95.25;;0.272
R2717;I_DAC.$88.18;I_DAC.$89.25;;9.3
R2718;I_DAC.$89.25;I_DAC.$91.25;;0.0
R2719;I_DAC.$89.25;I_DAC.$97.25;;0.272
R2720;I_DAC.$90.18;I_DAC.$91.25;;9.3
R2721;I_DAC.$92.18;I_DAC.$93.25;;9.3
R2722;I_DAC.$93.25;I_DAC.$95.25;;0.0
R2723;I_DAC.$94.18;I_DAC.$95.25;;9.3
R2724;I_DAC.$96.18;I_DAC.$97.25;;9.3
R2725;I_DAC.$97.25;I_DAC.$99.25;;0.0
R2726;I_DAC.$98.18;I_DAC.$99.25;;9.3
R2727;VDD;VDD.$2745.25;;0.004
R2728;VDD;VDD.$2789.25;;2.01
R2729;VDD.$0.15;VDD.$1.18;;585.0
R2730;VDD.$0.15;VDD.$772.15;;0.0
R2731;VDD.$0.15;VDD.P64.15;;0.0
R2732;VDD.$1.18;VDD.$3288.18;;0.0
R2733;VDD.$1.18;VDD.$3296.18;;27.106
R2734;VDD.$10.15;VDD.$11.18;;585.0
R2735;VDD.$10.15;VDD.$864.15;;0.0
R2736;VDD.$10.15;VDD.P82.15;;0.0
R2737;VDD.$100.15;VDD.$101.18;;585.0
R2738;VDD.$100.15;VDD.$110.15;;0.0
R2739;VDD.$1000.15;VDD.$1001.18;;585.0
R2740;VDD.$1000.15;VDD.$988.15;;0.0
R2741;VDD.$1001.18;VDD.$3244.18;;0.0
R2742;VDD.$1002.15;VDD.$1003.18;;585.0
R2743;VDD.$1002.15;VDD.$990.15;;0.0
R2744;VDD.$1003.18;VDD.$3246.18;;0.0
R2745;VDD.$1004.15;VDD.$1005.18;;585.0
R2746;VDD.$1004.15;VDD.$992.15;;0.0
R2747;VDD.$1005.18;VDD.$3206.18;;0.0
R2748;VDD.$1006.15;VDD.$1007.18;;585.0
R2749;VDD.$1006.15;VDD.$932.15;;0.0
R2750;VDD.$1006.15;VDD.$970.15;;0.0
R2751;VDD.$1007.18;VDD.$3178.18;;0.0
R2752;VDD.$1007.18;VDD.$3182.18;;27.106
R2753;VDD.$1008.15;VDD.$1009.18;;585.0
R2754;VDD.$1008.15;VDD.$946.15;;0.0
R2755;VDD.$1008.15;VDD.P65.15;;0.0
R2756;VDD.$1009.18;VDD.$3282.18;;0.0
R2757;VDD.$1009.18;VDD.$3290.18;;27.106
R2758;VDD.$101.18;VDD.$1914.18;;0.0
R2759;VDD.$101.18;VDD.$1918.18;;27.106
R2760;VDD.$1010.15;VDD.$1011.18;;585.0
R2761;VDD.$1010.15;VDD.$1022.15;;0.0
R2762;VDD.$1011.18;VDD.$3256.18;;0.0
R2763;VDD.$1011.18;VDD.$3264.18;;27.106
R2764;VDD.$1012.15;VDD.$1013.18;;585.0
R2765;VDD.$1012.15;VDD.$1024.15;;0.0
R2766;VDD.$1013.18;VDD.$3258.18;;0.0
R2767;VDD.$1013.18;VDD.$3266.18;;27.106
R2768;VDD.$1014.15;VDD.$1015.18;;585.0
R2769;VDD.$1014.15;VDD.$1026.15;;0.0
R2770;VDD.$1015.18;VDD.$3260.18;;0.0
R2771;VDD.$1015.18;VDD.$3268.18;;27.106
R2772;VDD.$1016.15;VDD.$1017.18;;585.0
R2773;VDD.$1016.15;VDD.$1028.15;;0.0
R2774;VDD.$1017.18;VDD.$3210.18;;0.0
R2775;VDD.$1017.18;VDD.$3214.18;;27.106
R2776;VDD.$1018.15;VDD.$1019.18;;585.0
R2777;VDD.$1018.15;VDD.$972.15;;0.0
R2778;VDD.$1018.15;VDD.P93.15;;0.0
R2779;VDD.$1019.18;VDD.$3284.18;;0.0
R2780;VDD.$1019.18;VDD.$3292.18;;27.106
R2781;VDD.$102.15;VDD.$103.18;;585.0
R2782;VDD.$102.15;VDD.$112.15;;0.0
R2783;VDD.$1020.15;VDD.$1021.18;;585.0
R2784;VDD.$1020.15;VDD.$938.15;;0.0
R2785;VDD.$1020.15;VDD.$984.15;;0.0
R2786;VDD.$1021.18;VDD.$3414.18;;27.106
R2787;VDD.$1021.18;VDD.$3432.18;;0.0
R2788;VDD.$1022.15;VDD.$1023.18;;585.0
R2789;VDD.$1022.15;VDD.$1034.15;;0.0
R2790;VDD.$1023.18;VDD.$3264.18;;0.0
R2791;VDD.$1023.18;VDD.$3272.18;;27.106
R2792;VDD.$1024.15;VDD.$1025.18;;585.0
R2793;VDD.$1024.15;VDD.$946.15;;0.0
R2794;VDD.$1025.18;VDD.$3266.18;;0.0
R2795;VDD.$1025.18;VDD.$3274.18;;27.106
R2796;VDD.$1026.15;VDD.$1027.18;;585.0
R2797;VDD.$1026.15;VDD.$972.15;;0.0
R2798;VDD.$1027.18;VDD.$3268.18;;0.0
R2799;VDD.$1027.18;VDD.$3276.18;;27.106
R2800;VDD.$1028.15;VDD.$1029.18;;585.0
R2801;VDD.$1028.15;VDD.$936.15;;0.0
R2802;VDD.$1029.18;VDD.$3214.18;;0.0
R2803;VDD.$1029.18;VDD.$3218.18;;27.106
R2804;VDD.$103.18;VDD.$1926.18;;0.0
R2805;VDD.$103.18;VDD.$1938.18;;27.106
R2806;VDD.$1030.15;VDD.$1031.18;;585.0
R2807;VDD.$1030.15;VDD.$940.15;;0.0
R2808;VDD.$1030.15;VDD.$994.15;;0.0
R2809;VDD.$1031.18;VDD.$3428.18;;27.106
R2810;VDD.$1031.18;VDD.$3450.18;;0.0
R2811;VDD.$1032.15;VDD.$1033.18;;585.0
R2812;VDD.$1032.15;VDD.$942.15;;0.0
R2813;VDD.$1032.15;VDD.$996.15;;0.0
R2814;VDD.$1033.18;VDD.$3430.18;;27.106
R2815;VDD.$1033.18;VDD.$3452.18;;0.0
R2816;VDD.$1034.15;VDD.$1035.18;;585.0
R2817;VDD.$1034.15;VDD.$982.15;;0.0
R2818;VDD.$1035.18;VDD.$3272.18;;0.0
R2819;VDD.$1035.18;VDD.$3280.18;;27.106
R2820;VDD.$1036.15;VDD.$1037.18;;585.0
R2821;VDD.$1036.15;VDD.$1046.15;;0.0
R2822;VDD.$1036.15;VDD.$1196.15;;0.0
R2823;VDD.$1037.18;VDD.$3668.18;;0.0
R2824;VDD.$1037.18;VDD.$3674.18;;27.106
R2825;VDD.$1038.15;VDD.$1039.18;;585.0
R2826;VDD.$1038.15;VDD.$1048.15;;0.0
R2827;VDD.$1038.15;VDD.$1198.15;;0.0
R2828;VDD.$1039.18;VDD.$3584.18;;0.0
R2829;VDD.$1039.18;VDD.$3592.18;;27.106
R2830;VDD.$104.15;VDD.$105.18;;585.0
R2831;VDD.$104.15;VDD.$114.15;;0.0
R2832;VDD.$1040.15;VDD.$1041.18;;585.0
R2833;VDD.$1040.15;VDD.$1050.15;;0.0
R2834;VDD.$1040.15;VDD.$1200.15;;0.0
R2835;VDD.$1041.18;VDD.$3586.18;;0.0
R2836;VDD.$1041.18;VDD.$3594.18;;27.106
R2837;VDD.$1042.15;VDD.$1043.18;;585.0
R2838;VDD.$1042.15;VDD.$1052.15;;0.0
R2839;VDD.$1042.15;VDD.$1202.15;;0.0
R2840;VDD.$1043.18;VDD.$3588.18;;0.0
R2841;VDD.$1043.18;VDD.$3596.18;;27.106
R2842;VDD.$1044.15;VDD.$1045.18;;585.0
R2843;VDD.$1044.15;VDD.$1054.15;;0.0
R2844;VDD.$1044.15;VDD.$1204.15;;0.0
R2845;VDD.$1045.18;VDD.$3672.18;;0.0
R2846;VDD.$1045.18;VDD.$3678.18;;27.106
R2847;VDD.$1046.15;VDD.$1047.18;;585.0
R2848;VDD.$1046.15;VDD.$1056.15;;0.0
R2849;VDD.$1047.18;VDD.$3674.18;;0.0
R2850;VDD.$1047.18;VDD.$3680.18;;27.106
R2851;VDD.$1048.15;VDD.$1049.18;;585.0
R2852;VDD.$1048.15;VDD.$866.15;;0.0
R2853;VDD.$1049.18;VDD.$3448.18;;27.106
R2854;VDD.$1049.18;VDD.$3592.18;;0.0
R2855;VDD.$105.18;VDD.$1928.18;;0.0
R2856;VDD.$105.18;VDD.$1940.18;;27.106
R2857;VDD.$1050.15;VDD.$1051.18;;585.0
R2858;VDD.$1050.15;VDD.$868.15;;0.0
R2859;VDD.$1051.18;VDD.$3388.18;;27.106
R2860;VDD.$1051.18;VDD.$3594.18;;0.0
R2861;VDD.$1052.15;VDD.$1053.18;;585.0
R2862;VDD.$1052.15;VDD.$870.15;;0.0
R2863;VDD.$1053.18;VDD.$3384.18;;27.106
R2864;VDD.$1053.18;VDD.$3596.18;;0.0
R2865;VDD.$1054.15;VDD.$1055.18;;585.0
R2866;VDD.$1054.15;VDD.$872.15;;0.0
R2867;VDD.$1055.18;VDD.$3168.18;;27.106
R2868;VDD.$1055.18;VDD.$3678.18;;0.0
R2869;VDD.$1056.15;VDD.$1057.18;;585.0
R2870;VDD.$1056.15;VDD.$874.15;;0.0
R2871;VDD.$1057.18;VDD.$3170.18;;27.106
R2872;VDD.$1057.18;VDD.$3680.18;;0.0
R2873;VDD.$1058.15;VDD.$1059.18;;585.0
R2874;VDD.$1058.15;VDD.$1068.15;;0.0
R2875;VDD.$1059.18;VDD.$3458.18;;0.0
R2876;VDD.$1059.18;VDD.$3466.18;;27.106
R2877;VDD.$106.15;VDD.$107.18;;585.0
R2878;VDD.$106.15;VDD.$116.15;;0.0
R2879;VDD.$1060.15;VDD.$1061.18;;585.0
R2880;VDD.$1060.15;VDD.$1070.15;;0.0
R2881;VDD.$1061.18;VDD.$3460.18;;0.0
R2882;VDD.$1061.18;VDD.$3468.18;;27.106
R2883;VDD.$1062.15;VDD.$1063.18;;585.0
R2884;VDD.$1062.15;VDD.$1072.15;;0.0
R2885;VDD.$1063.18;VDD.$3462.18;;0.0
R2886;VDD.$1063.18;VDD.$3470.18;;27.106
R2887;VDD.$1064.15;VDD.$1065.18;;585.0
R2888;VDD.$1064.15;VDD.$1074.15;;0.0
R2889;VDD.$1065.18;VDD.$3700.18;;0.0
R2890;VDD.$1065.18;VDD.$3712.18;;27.106
R2891;VDD.$1066.15;VDD.$1067.18;;585.0
R2892;VDD.$1066.15;VDD.$1076.15;;0.0
R2893;VDD.$1067.18;VDD.$3706.18;;0.0
R2894;VDD.$1067.18;VDD.$3714.18;;27.106
R2895;VDD.$1068.15;VDD.$1069.18;;585.0
R2896;VDD.$1068.15;VDD.$1078.15;;0.0
R2897;VDD.$1069.18;VDD.$3466.18;;0.0
R2898;VDD.$1069.18;VDD.$3474.18;;27.106
R2899;VDD.$107.18;VDD.$1930.18;;0.0
R2900;VDD.$107.18;VDD.$1942.18;;27.106
R2901;VDD.$1070.15;VDD.$1071.18;;585.0
R2902;VDD.$1070.15;VDD.$1080.15;;0.0
R2903;VDD.$1071.18;VDD.$3468.18;;0.0
R2904;VDD.$1071.18;VDD.$3476.18;;27.106
R2905;VDD.$1072.15;VDD.$1073.18;;585.0
R2906;VDD.$1072.15;VDD.$1082.15;;0.0
R2907;VDD.$1073.18;VDD.$3470.18;;0.0
R2908;VDD.$1073.18;VDD.$3478.18;;27.106
R2909;VDD.$1074.15;VDD.$1075.18;;585.0
R2910;VDD.$1074.15;VDD.$1084.15;;0.0
R2911;VDD.$1075.18;VDD.$3708.18;;27.106
R2912;VDD.$1075.18;VDD.$3712.18;;0.0
R2913;VDD.$1076.15;VDD.$1077.18;;585.0
R2914;VDD.$1076.15;VDD.$1086.15;;0.0
R2915;VDD.$1077.18;VDD.$3694.18;;27.106
R2916;VDD.$1077.18;VDD.$3714.18;;0.0
R2917;VDD.$1078.15;VDD.$1079.18;;585.0
R2918;VDD.$1078.15;VDD.$1088.15;;0.0
R2919;VDD.$1079.18;VDD.$3474.18;;0.0
R2920;VDD.$1079.18;VDD.$3482.18;;27.106
R2921;VDD.$108.15;VDD.$109.18;;585.0
R2922;VDD.$108.15;VDD.$118.15;;0.0
R2923;VDD.$108.15;VDD.$98.15;;0.0
R2924;VDD.$1080.15;VDD.$1081.18;;585.0
R2925;VDD.$1080.15;VDD.$1090.15;;0.0
R2926;VDD.$1081.18;VDD.$3476.18;;0.0
R2927;VDD.$1081.18;VDD.$3484.18;;27.106
R2928;VDD.$1082.15;VDD.$1083.18;;585.0
R2929;VDD.$1082.15;VDD.$1092.15;;0.0
R2930;VDD.$1083.18;VDD.$3478.18;;0.0
R2931;VDD.$1083.18;VDD.$3486.18;;27.106
R2932;VDD.$1084.15;VDD.$1085.18;;585.0
R2933;VDD.$1084.15;VDD.$1094.15;;0.0
R2934;VDD.$1085.18;VDD.$3708.18;;0.0
R2935;VDD.$1085.18;VDD.$3710.18;;27.106
R2936;VDD.$1086.15;VDD.$1087.18;;585.0
R2937;VDD.$1086.15;VDD.$1096.15;;0.0
R2938;VDD.$1087.18;VDD.$3684.18;;27.106
R2939;VDD.$1087.18;VDD.$3694.18;;0.0
R2940;VDD.$1088.15;VDD.$1089.18;;585.0
R2941;VDD.$1088.15;VDD.P6.15;;0.0
R2942;VDD.$1089.18;VDD.$3482.18;;0.0
R2943;VDD.$1089.18;VDD.$3490.18;;27.106
R2944;VDD.$109.18;VDD.$1896.18;;27.106
R2945;VDD.$109.18;VDD.$1916.18;;0.0
R2946;VDD.$1090.15;VDD.$1091.18;;585.0
R2947;VDD.$1090.15;VDD.P7.15;;0.0
R2948;VDD.$1091.18;VDD.$3484.18;;0.0
R2949;VDD.$1091.18;VDD.$3492.18;;27.106
R2950;VDD.$1092.15;VDD.$1093.18;;585.0
R2951;VDD.$1092.15;VDD.P56.15;;0.0
R2952;VDD.$1093.18;VDD.$3486.18;;0.0
R2953;VDD.$1093.18;VDD.$3494.18;;27.106
R2954;VDD.$1094.15;VDD.$1095.18;;585.0
R2955;VDD.$1094.15;VDD.P57.15;;0.0
R2956;VDD.$1095.18;VDD.$3690.18;;27.106
R2957;VDD.$1095.18;VDD.$3710.18;;0.0
R2958;VDD.$1096.15;VDD.$1097.18;;585.0
R2959;VDD.$1096.15;VDD.P48.15;;0.0
R2960;VDD.$1097.18;VDD.$3684.18;;0.0
R2961;VDD.$1097.18;VDD.$3692.18;;27.106
R2962;VDD.$1098.15;VDD.$1099.18;;585.0
R2963;VDD.$1098.15;VDD.$1108.15;;0.0
R2964;VDD.$1098.15;VDD.P6.15;;0.0
R2965;VDD.$1099.18;VDD.$3490.18;;0.0
R2966;VDD.$1099.18;VDD.$3498.18;;27.106
R2967;VDD.$11.18;VDD.$3994.18;;0.0
R2968;VDD.$11.18;VDD.$4002.18;;27.106
R2969;VDD.$110.15;VDD.$111.18;;585.0
R2970;VDD.$110.15;VDD.$120.15;;0.0
R2971;VDD.$1100.15;VDD.$1101.18;;585.0
R2972;VDD.$1100.15;VDD.$1110.15;;0.0
R2973;VDD.$1100.15;VDD.P7.15;;0.0
R2974;VDD.$1101.18;VDD.$3492.18;;0.0
R2975;VDD.$1101.18;VDD.$3500.18;;27.106
R2976;VDD.$1102.15;VDD.$1103.18;;585.0
R2977;VDD.$1102.15;VDD.$1112.15;;0.0
R2978;VDD.$1102.15;VDD.P56.15;;0.0
R2979;VDD.$1103.18;VDD.$3494.18;;0.0
R2980;VDD.$1103.18;VDD.$3502.18;;27.106
R2981;VDD.$1104.15;VDD.$1105.18;;585.0
R2982;VDD.$1104.15;VDD.$1114.15;;0.0
R2983;VDD.$1104.15;VDD.P57.15;;0.0
R2984;VDD.$1105.18;VDD.$3686.18;;27.106
R2985;VDD.$1105.18;VDD.$3690.18;;0.0
R2986;VDD.$1106.15;VDD.$1107.18;;585.0
R2987;VDD.$1106.15;VDD.$1116.15;;0.0
R2988;VDD.$1106.15;VDD.P48.15;;0.0
R2989;VDD.$1107.18;VDD.$3688.18;;27.106
R2990;VDD.$1107.18;VDD.$3692.18;;0.0
R2991;VDD.$1108.15;VDD.$1109.18;;585.0
R2992;VDD.$1108.15;VDD.$1118.15;;0.0
R2993;VDD.$1109.18;VDD.$3498.18;;0.0
R2994;VDD.$1109.18;VDD.$3506.18;;27.106
R2995;VDD.$111.18;VDD.$1898.18;;27.106
R2996;VDD.$111.18;VDD.$1918.18;;0.0
R2997;VDD.$1110.15;VDD.$1111.18;;585.0
R2998;VDD.$1110.15;VDD.$1120.15;;0.0
R2999;VDD.$1111.18;VDD.$3500.18;;0.0
R3000;VDD.$1111.18;VDD.$3508.18;;27.106
R3001;VDD.$1112.15;VDD.$1113.18;;585.0
R3002;VDD.$1112.15;VDD.$1122.15;;0.0
R3003;VDD.$1113.18;VDD.$3502.18;;0.0
R3004;VDD.$1113.18;VDD.$3510.18;;27.106
R3005;VDD.$1114.15;VDD.$1115.18;;585.0
R3006;VDD.$1114.15;VDD.$1124.15;;0.0
R3007;VDD.$1115.18;VDD.$3686.18;;0.0
R3008;VDD.$1115.18;VDD.$3702.18;;27.106
R3009;VDD.$1116.15;VDD.$1117.18;;585.0
R3010;VDD.$1116.15;VDD.$1126.15;;0.0
R3011;VDD.$1117.18;VDD.$3688.18;;0.0
R3012;VDD.$1117.18;VDD.$3704.18;;27.106
R3013;VDD.$1118.15;VDD.$1119.18;;585.0
R3014;VDD.$1118.15;VDD.$1128.15;;0.0
R3015;VDD.$1119.18;VDD.$3506.18;;0.0
R3016;VDD.$1119.18;VDD.$3514.18;;27.106
R3017;VDD.$112.15;VDD.$113.18;;585.0
R3018;VDD.$112.15;VDD.$122.15;;0.0
R3019;VDD.$1120.15;VDD.$1121.18;;585.0
R3020;VDD.$1120.15;VDD.$1130.15;;0.0
R3021;VDD.$1121.18;VDD.$3508.18;;0.0
R3022;VDD.$1121.18;VDD.$3516.18;;27.106
R3023;VDD.$1122.15;VDD.$1123.18;;585.0
R3024;VDD.$1122.15;VDD.$1132.15;;0.0
R3025;VDD.$1123.18;VDD.$3510.18;;0.0
R3026;VDD.$1123.18;VDD.$3518.18;;27.106
R3027;VDD.$1124.15;VDD.$1125.18;;585.0
R3028;VDD.$1124.15;VDD.$1134.15;;0.0
R3029;VDD.$1125.18;VDD.$3702.18;;0.0
R3030;VDD.$1125.18;VDD.$3716.18;;27.106
R3031;VDD.$1126.15;VDD.$1127.18;;585.0
R3032;VDD.$1126.15;VDD.$1136.15;;0.0
R3033;VDD.$1127.18;VDD.$3704.18;;0.0
R3034;VDD.$1127.18;VDD.$3718.18;;27.106
R3035;VDD.$1128.15;VDD.$1129.18;;585.0
R3036;VDD.$1128.15;VDD.$1138.15;;0.0
R3037;VDD.$1129.18;VDD.$3514.18;;0.0
R3038;VDD.$1129.18;VDD.$3522.18;;27.106
R3039;VDD.$113.18;VDD.$1938.18;;0.0
R3040;VDD.$113.18;VDD.$1950.18;;27.106
R3041;VDD.$1130.15;VDD.$1131.18;;585.0
R3042;VDD.$1130.15;VDD.$1140.15;;0.0
R3043;VDD.$1131.18;VDD.$3516.18;;0.0
R3044;VDD.$1131.18;VDD.$3524.18;;27.106
R3045;VDD.$1132.15;VDD.$1133.18;;585.0
R3046;VDD.$1132.15;VDD.$1142.15;;0.0
R3047;VDD.$1133.18;VDD.$3518.18;;0.0
R3048;VDD.$1133.18;VDD.$3526.18;;27.106
R3049;VDD.$1134.15;VDD.$1135.18;;585.0
R3050;VDD.$1134.15;VDD.$1144.15;;0.0
R3051;VDD.$1135.18;VDD.$3696.18;;27.106
R3052;VDD.$1135.18;VDD.$3716.18;;0.0
R3053;VDD.$1136.15;VDD.$1137.18;;585.0
R3054;VDD.$1136.15;VDD.$1146.15;;0.0
R3055;VDD.$1137.18;VDD.$3698.18;;27.106
R3056;VDD.$1137.18;VDD.$3718.18;;0.0
R3057;VDD.$1138.15;VDD.$1139.18;;585.0
R3058;VDD.$1139.18;VDD.$3522.18;;0.0
R3059;VDD.$114.15;VDD.$115.18;;585.0
R3060;VDD.$114.15;VDD.$124.15;;0.0
R3061;VDD.$1140.15;VDD.$1141.18;;585.0
R3062;VDD.$1141.18;VDD.$3524.18;;0.0
R3063;VDD.$1142.15;VDD.$1143.18;;585.0
R3064;VDD.$1143.18;VDD.$3526.18;;0.0
R3065;VDD.$1144.15;VDD.$1145.18;;585.0
R3066;VDD.$1145.18;VDD.$3696.18;;0.0
R3067;VDD.$1146.15;VDD.$1147.18;;585.0
R3068;VDD.$1147.18;VDD.$3698.18;;0.0
R3069;VDD.$1148.15;VDD.$1149.18;;585.0
R3070;VDD.$1148.15;VDD.$1158.15;;0.0
R3071;VDD.$1149.18;VDD.$3536.18;;0.0
R3072;VDD.$1149.18;VDD.$3544.18;;27.106
R3073;VDD.$115.18;VDD.$1940.18;;0.0
R3074;VDD.$115.18;VDD.$1952.18;;27.106
R3075;VDD.$1150.15;VDD.$1151.18;;585.0
R3076;VDD.$1150.15;VDD.$1160.15;;0.0
R3077;VDD.$1151.18;VDD.$3538.18;;0.0
R3078;VDD.$1151.18;VDD.$3546.18;;27.106
R3079;VDD.$1152.15;VDD.$1153.18;;585.0
R3080;VDD.$1152.15;VDD.$1162.15;;0.0
R3081;VDD.$1153.18;VDD.$3540.18;;0.0
R3082;VDD.$1153.18;VDD.$3548.18;;27.106
R3083;VDD.$1154.15;VDD.$1155.18;;585.0
R3084;VDD.$1154.15;VDD.$1164.15;;0.0
R3085;VDD.$1155.18;VDD.$3652.18;;0.0
R3086;VDD.$1155.18;VDD.$3658.18;;27.106
R3087;VDD.$1156.15;VDD.$1157.18;;585.0
R3088;VDD.$1156.15;VDD.$1166.15;;0.0
R3089;VDD.$1157.18;VDD.$3664.18;;27.106
R3090;VDD.$1157.18;VDD.$3670.18;;0.0
R3091;VDD.$1158.15;VDD.$1159.18;;585.0
R3092;VDD.$1158.15;VDD.$1168.15;;0.0
R3093;VDD.$1159.18;VDD.$3544.18;;0.0
R3094;VDD.$1159.18;VDD.$3552.18;;27.106
R3095;VDD.$116.15;VDD.$117.18;;585.0
R3096;VDD.$116.15;VDD.$126.15;;0.0
R3097;VDD.$1160.15;VDD.$1161.18;;585.0
R3098;VDD.$1160.15;VDD.$1170.15;;0.0
R3099;VDD.$1161.18;VDD.$3546.18;;0.0
R3100;VDD.$1161.18;VDD.$3554.18;;27.106
R3101;VDD.$1162.15;VDD.$1163.18;;585.0
R3102;VDD.$1162.15;VDD.$1172.15;;0.0
R3103;VDD.$1163.18;VDD.$3548.18;;0.0
R3104;VDD.$1163.18;VDD.$3556.18;;27.106
R3105;VDD.$1164.15;VDD.$1165.18;;585.0
R3106;VDD.$1164.15;VDD.$1174.15;;0.0
R3107;VDD.$1165.18;VDD.$3658.18;;0.0
R3108;VDD.$1165.18;VDD.$3676.18;;27.106
R3109;VDD.$1166.15;VDD.$1167.18;;585.0
R3110;VDD.$1166.15;VDD.$1176.15;;0.0
R3111;VDD.$1167.18;VDD.$3664.18;;0.0
R3112;VDD.$1167.18;VDD.$3682.18;;27.106
R3113;VDD.$1168.15;VDD.$1169.18;;585.0
R3114;VDD.$1168.15;VDD.$1178.15;;0.0
R3115;VDD.$1169.18;VDD.$3552.18;;0.0
R3116;VDD.$1169.18;VDD.$3560.18;;27.106
R3117;VDD.$117.18;VDD.$1942.18;;0.0
R3118;VDD.$117.18;VDD.$1954.18;;27.106
R3119;VDD.$1170.15;VDD.$1171.18;;585.0
R3120;VDD.$1170.15;VDD.$1180.15;;0.0
R3121;VDD.$1171.18;VDD.$3554.18;;0.0
R3122;VDD.$1171.18;VDD.$3562.18;;27.106
R3123;VDD.$1172.15;VDD.$1173.18;;585.0
R3124;VDD.$1172.15;VDD.$1182.15;;0.0
R3125;VDD.$1173.18;VDD.$3556.18;;0.0
R3126;VDD.$1173.18;VDD.$3564.18;;27.106
R3127;VDD.$1174.15;VDD.$1175.18;;585.0
R3128;VDD.$1174.15;VDD.$1184.15;;0.0
R3129;VDD.$1175.18;VDD.$3654.18;;27.106
R3130;VDD.$1175.18;VDD.$3676.18;;0.0
R3131;VDD.$1176.15;VDD.$1177.18;;585.0
R3132;VDD.$1176.15;VDD.$1186.15;;0.0
R3133;VDD.$1177.18;VDD.$3656.18;;27.106
R3134;VDD.$1177.18;VDD.$3682.18;;0.0
R3135;VDD.$1178.15;VDD.$1179.18;;585.0
R3136;VDD.$1178.15;VDD.P68.15;;0.0
R3137;VDD.$1179.18;VDD.$3560.18;;0.0
R3138;VDD.$1179.18;VDD.$3568.18;;27.106
R3139;VDD.$118.15;VDD.$119.18;;585.0
R3140;VDD.$118.15;VDD.$128.15;;0.0
R3141;VDD.$1180.15;VDD.$1181.18;;585.0
R3142;VDD.$1180.15;VDD.P69.15;;0.0
R3143;VDD.$1181.18;VDD.$3562.18;;0.0
R3144;VDD.$1181.18;VDD.$3570.18;;27.106
R3145;VDD.$1182.15;VDD.$1183.18;;585.0
R3146;VDD.$1182.15;VDD.P54.15;;0.0
R3147;VDD.$1183.18;VDD.$3564.18;;0.0
R3148;VDD.$1183.18;VDD.$3572.18;;27.106
R3149;VDD.$1184.15;VDD.$1185.18;;585.0
R3150;VDD.$1184.15;VDD.P55.15;;0.0
R3151;VDD.$1185.18;VDD.$3654.18;;0.0
R3152;VDD.$1185.18;VDD.$3660.18;;27.106
R3153;VDD.$1186.15;VDD.$1187.18;;585.0
R3154;VDD.$1186.15;VDD.P91.15;;0.0
R3155;VDD.$1187.18;VDD.$3656.18;;0.0
R3156;VDD.$1187.18;VDD.$3662.18;;27.106
R3157;VDD.$1188.15;VDD.$1189.18;;585.0
R3158;VDD.$1188.15;VDD.$1198.15;;0.0
R3159;VDD.$1188.15;VDD.P68.15;;0.0
R3160;VDD.$1189.18;VDD.$3568.18;;0.0
R3161;VDD.$1189.18;VDD.$3576.18;;27.106
R3162;VDD.$119.18;VDD.$1896.18;;0.0
R3163;VDD.$119.18;VDD.$1900.18;;27.106
R3164;VDD.$1190.15;VDD.$1191.18;;585.0
R3165;VDD.$1190.15;VDD.$1200.15;;0.0
R3166;VDD.$1190.15;VDD.P69.15;;0.0
R3167;VDD.$1191.18;VDD.$3570.18;;0.0
R3168;VDD.$1191.18;VDD.$3578.18;;27.106
R3169;VDD.$1192.15;VDD.$1193.18;;585.0
R3170;VDD.$1192.15;VDD.$1202.15;;0.0
R3171;VDD.$1192.15;VDD.P54.15;;0.0
R3172;VDD.$1193.18;VDD.$3572.18;;0.0
R3173;VDD.$1193.18;VDD.$3580.18;;27.106
R3174;VDD.$1194.15;VDD.$1195.18;;585.0
R3175;VDD.$1194.15;VDD.$1204.15;;0.0
R3176;VDD.$1194.15;VDD.P55.15;;0.0
R3177;VDD.$1195.18;VDD.$3660.18;;0.0
R3178;VDD.$1195.18;VDD.$3666.18;;27.106
R3179;VDD.$1196.15;VDD.$1197.18;;585.0
R3180;VDD.$1196.15;VDD.P91.15;;0.0
R3181;VDD.$1197.18;VDD.$3662.18;;0.0
R3182;VDD.$1197.18;VDD.$3668.18;;27.106
R3183;VDD.$1198.15;VDD.$1199.18;;585.0
R3184;VDD.$1199.18;VDD.$3576.18;;0.0
R3185;VDD.$1199.18;VDD.$3584.18;;27.106
R3186;VDD.$12.15;VDD.$13.18;;585.0
R3187;VDD.$12.15;VDD.$334.15;;0.0
R3188;VDD.$12.15;VDD.P0.15;;0.0
R3189;VDD.$120.15;VDD.$121.18;;585.0
R3190;VDD.$120.15;VDD.$130.15;;0.0
R3191;VDD.$1200.15;VDD.$1201.18;;585.0
R3192;VDD.$1201.18;VDD.$3578.18;;0.0
R3193;VDD.$1201.18;VDD.$3586.18;;27.106
R3194;VDD.$1202.15;VDD.$1203.18;;585.0
R3195;VDD.$1203.18;VDD.$3580.18;;0.0
R3196;VDD.$1203.18;VDD.$3588.18;;27.106
R3197;VDD.$1204.15;VDD.$1205.18;;585.0
R3198;VDD.$1205.18;VDD.$3666.18;;0.0
R3199;VDD.$1205.18;VDD.$3672.18;;27.106
R3200;VDD.$1206.15;VDD.$1207.18;;585.0
R3201;VDD.$1206.15;VDD.$1296.15;;0.0
R3202;VDD.$1206.15;VDD.P86.15;;0.0
R3203;VDD.$1207.18;VDD.$3642.18;;0.0
R3204;VDD.$1207.18;VDD.$3644.18;;27.106
R3205;VDD.$1208.15;VDD.$1209.18;;585.0
R3206;VDD.$1208.15;VDD.$1298.15;;0.0
R3207;VDD.$1208.15;VDD.P2.15;;0.0
R3208;VDD.$1209.18;VDD.$4138.18;;27.106
R3209;VDD.$1209.18;VDD.$4148.18;;0.0
R3210;VDD.$121.18;VDD.$1898.18;;0.0
R3211;VDD.$121.18;VDD.$1902.18;;27.106
R3212;VDD.$1210.15;VDD.$1211.18;;585.0
R3213;VDD.$1210.15;VDD.$1212.15;;0.0
R3214;VDD.$1211.18;VDD.$3772.18;;27.106
R3215;VDD.$1211.18;VDD.$3776.18;;0.0
R3216;VDD.$1212.15;VDD.$1213.18;;585.0
R3217;VDD.$1212.15;VDD.$1214.15;;0.0
R3218;VDD.$1213.18;VDD.$3772.18;;0.0
R3219;VDD.$1213.18;VDD.$3828.18;;27.106
R3220;VDD.$1214.15;VDD.$1215.18;;585.0
R3221;VDD.$1214.15;VDD.$1288.15;;0.0
R3222;VDD.$1215.18;VDD.$3828.18;;0.0
R3223;VDD.$1215.18;VDD.$3830.18;;27.106
R3224;VDD.$1216.15;VDD.$1217.18;;585.0
R3225;VDD.$1216.15;VDD.$1242.15;;0.0
R3226;VDD.$1216.15;VDD.$1294.15;;0.0
R3227;VDD.$1217.18;VDD.$3780.18;;0.0
R3228;VDD.$1217.18;VDD.$3802.18;;27.106
R3229;VDD.$1218.15;VDD.$1219.18;;585.0
R3230;VDD.$1218.15;VDD.$1244.15;;0.0
R3231;VDD.$1218.15;VDD.$1300.15;;0.0
R3232;VDD.$1219.18;VDD.$3782.18;;0.0
R3233;VDD.$1219.18;VDD.$3804.18;;27.106
R3234;VDD.$122.15;VDD.$123.18;;585.0
R3235;VDD.$122.15;VDD.$132.15;;0.0
R3236;VDD.$1220.15;VDD.$1221.18;;585.0
R3237;VDD.$1220.15;VDD.$1234.15;;0.0
R3238;VDD.$1220.15;VDD.P86.15;;0.0
R3239;VDD.$1221.18;VDD.$3644.18;;0.0
R3240;VDD.$1221.18;VDD.$3646.18;;27.106
R3241;VDD.$1222.15;VDD.$1223.18;;585.0
R3242;VDD.$1222.15;VDD.$1236.15;;0.0
R3243;VDD.$1222.15;VDD.P2.15;;0.0
R3244;VDD.$1223.18;VDD.$4138.18;;0.0
R3245;VDD.$1223.18;VDD.$4140.18;;27.106
R3246;VDD.$1224.15;VDD.$1225.18;;585.0
R3247;VDD.$1224.15;VDD.$1246.15;;0.0
R3248;VDD.$1224.15;VDD.$1302.15;;0.0
R3249;VDD.$1225.18;VDD.$4182.18;;27.106
R3250;VDD.$1225.18;VDD.$4232.18;;0.0
R3251;VDD.$1226.15;VDD.$1227.18;;585.0
R3252;VDD.$1226.15;VDD.$1252.15;;0.0
R3253;VDD.$1226.15;VDD.$1304.15;;0.0
R3254;VDD.$1227.18;VDD.$4184.18;;27.106
R3255;VDD.$1227.18;VDD.$4234.18;;0.0
R3256;VDD.$1228.15;VDD.$1229.18;;585.0
R3257;VDD.$1228.15;VDD.$1258.15;;0.0
R3258;VDD.$1228.15;VDD.$1290.15;;0.0
R3259;VDD.$1229.18;VDD.$3768.18;;0.0
R3260;VDD.$1229.18;VDD.$3788.18;;27.106
R3261;VDD.$123.18;VDD.$1950.18;;0.0
R3262;VDD.$123.18;VDD.$1962.18;;27.106
R3263;VDD.$1230.15;VDD.$1231.18;;585.0
R3264;VDD.$1230.15;VDD.$1272.15;;0.0
R3265;VDD.$1230.15;VDD.P49.15;;0.0
R3266;VDD.$1231.18;VDD.$3798.18;;27.106
R3267;VDD.$1231.18;VDD.$3822.18;;0.0
R3268;VDD.$1232.15;VDD.$1233.18;;585.0
R3269;VDD.$1232.15;VDD.$1274.15;;0.0
R3270;VDD.$1232.15;VDD.P44.15;;0.0
R3271;VDD.$1233.18;VDD.$3806.18;;27.106
R3272;VDD.$1233.18;VDD.$3832.18;;0.0
R3273;VDD.$1234.15;VDD.$1235.18;;585.0
R3274;VDD.$1234.15;VDD.$1248.15;;0.0
R3275;VDD.$1235.18;VDD.$3646.18;;0.0
R3276;VDD.$1235.18;VDD.$3648.18;;27.106
R3277;VDD.$1236.15;VDD.$1237.18;;585.0
R3278;VDD.$1236.15;VDD.$1250.15;;0.0
R3279;VDD.$1237.18;VDD.$4140.18;;0.0
R3280;VDD.$1237.18;VDD.$4150.18;;27.106
R3281;VDD.$1238.15;VDD.$1239.18;;585.0
R3282;VDD.$1238.15;VDD.$1276.15;;0.0
R3283;VDD.$1238.15;VDD.P45.15;;0.0
R3284;VDD.$1239.18;VDD.$4164.18;;27.106
R3285;VDD.$1239.18;VDD.$4198.18;;0.0
R3286;VDD.$124.15;VDD.$125.18;;585.0
R3287;VDD.$124.15;VDD.$134.15;;0.0
R3288;VDD.$1240.15;VDD.$1241.18;;585.0
R3289;VDD.$1240.15;VDD.$1278.15;;0.0
R3290;VDD.$1240.15;VDD.P40.15;;0.0
R3291;VDD.$1241.18;VDD.$4166.18;;27.106
R3292;VDD.$1241.18;VDD.$4204.18;;0.0
R3293;VDD.$1242.15;VDD.$1243.18;;585.0
R3294;VDD.$1243.18;VDD.$3802.18;;0.0
R3295;VDD.$1244.15;VDD.$1245.18;;585.0
R3296;VDD.$1245.18;VDD.$3804.18;;0.0
R3297;VDD.$1246.15;VDD.$1247.18;;585.0
R3298;VDD.$1247.18;VDD.$4182.18;;0.0
R3299;VDD.$1248.15;VDD.$1249.18;;585.0
R3300;VDD.$1248.15;VDD.$1262.15;;0.0
R3301;VDD.$1249.18;VDD.$3648.18;;0.0
R3302;VDD.$1249.18;VDD.$3650.18;;27.106
R3303;VDD.$125.18;VDD.$1952.18;;0.0
R3304;VDD.$125.18;VDD.$1964.18;;27.106
R3305;VDD.$1250.15;VDD.$1251.18;;585.0
R3306;VDD.$1250.15;VDD.$1264.15;;0.0
R3307;VDD.$1251.18;VDD.$4146.18;;27.106
R3308;VDD.$1251.18;VDD.$4150.18;;0.0
R3309;VDD.$1252.15;VDD.$1253.18;;585.0
R3310;VDD.$1253.18;VDD.$4184.18;;0.0
R3311;VDD.$1254.15;VDD.$1255.18;;585.0
R3312;VDD.$1254.15;VDD.$1260.15;;0.0
R3313;VDD.$1254.15;VDD.$1292.15;;0.0
R3314;VDD.$1255.18;VDD.$4206.18;;0.0
R3315;VDD.$1255.18;VDD.$4212.18;;27.106
R3316;VDD.$1256.15;VDD.$1257.18;;585.0
R3317;VDD.$1256.15;VDD.$1266.15;;0.0
R3318;VDD.$1256.15;VDD.$1306.15;;0.0
R3319;VDD.$1257.18;VDD.$4210.18;;0.0
R3320;VDD.$1257.18;VDD.$4238.18;;27.106
R3321;VDD.$1258.15;VDD.$1259.18;;585.0
R3322;VDD.$1258.15;VDD.$1280.15;;0.0
R3323;VDD.$1259.18;VDD.$3768.18;;27.106
R3324;VDD.$1259.18;VDD.$3774.18;;0.0
R3325;VDD.$126.15;VDD.$127.18;;585.0
R3326;VDD.$126.15;VDD.$136.15;;0.0
R3327;VDD.$1260.15;VDD.$1261.18;;585.0
R3328;VDD.$1260.15;VDD.$1286.15;;0.0
R3329;VDD.$1261.18;VDD.$4206.18;;27.106
R3330;VDD.$1261.18;VDD.$4218.18;;0.0
R3331;VDD.$1262.15;VDD.$1263.18;;585.0
R3332;VDD.$1262.15;VDD.$876.15;;0.0
R3333;VDD.$1263.18;VDD.$3172.18;;27.106
R3334;VDD.$1263.18;VDD.$3650.18;;0.0
R3335;VDD.$1264.15;VDD.$1265.18;;585.0
R3336;VDD.$1264.15;VDD.$878.15;;0.0
R3337;VDD.$1265.18;VDD.$4064.18;;27.106
R3338;VDD.$1265.18;VDD.$4146.18;;0.0
R3339;VDD.$1266.15;VDD.$1267.18;;585.0
R3340;VDD.$1266.15;VDD.$1308.15;;0.0
R3341;VDD.$1267.18;VDD.$4210.18;;27.106
R3342;VDD.$1267.18;VDD.$4228.18;;0.0
R3343;VDD.$1268.15;VDD.$1269.18;;585.0
R3344;VDD.$1268.15;VDD.$1282.15;;0.0
R3345;VDD.$1269.18;VDD.$3636.18;;0.0
R3346;VDD.$1269.18;VDD.$3638.18;;27.106
R3347;VDD.$127.18;VDD.$1954.18;;0.0
R3348;VDD.$127.18;VDD.$1966.18;;27.106
R3349;VDD.$1270.15;VDD.$1271.18;;585.0
R3350;VDD.$1270.15;VDD.$1284.15;;0.0
R3351;VDD.$1271.18;VDD.$4136.18;;27.106
R3352;VDD.$1271.18;VDD.$4142.18;;0.0
R3353;VDD.$1272.15;VDD.$1273.18;;585.0
R3354;VDD.$1272.15;VDD.$1294.15;;0.0
R3355;VDD.$1273.18;VDD.$3798.18;;0.0
R3356;VDD.$1273.18;VDD.$3826.18;;27.106
R3357;VDD.$1274.15;VDD.$1275.18;;585.0
R3358;VDD.$1274.15;VDD.$1300.15;;0.0
R3359;VDD.$1275.18;VDD.$3766.18;;27.106
R3360;VDD.$1275.18;VDD.$3806.18;;0.0
R3361;VDD.$1276.15;VDD.$1277.18;;585.0
R3362;VDD.$1276.15;VDD.$1302.15;;0.0
R3363;VDD.$1277.18;VDD.$4164.18;;0.0
R3364;VDD.$1277.18;VDD.$4196.18;;27.106
R3365;VDD.$1278.15;VDD.$1279.18;;585.0
R3366;VDD.$1278.15;VDD.$1304.15;;0.0
R3367;VDD.$1279.18;VDD.$4166.18;;0.0
R3368;VDD.$1279.18;VDD.$4200.18;;27.106
R3369;VDD.$128.15;VDD.$129.18;;585.0
R3370;VDD.$128.15;VDD.P31.15;;0.0
R3371;VDD.$1280.15;VDD.$1281.18;;585.0
R3372;VDD.$1281.18;VDD.$3774.18;;27.106
R3373;VDD.$1281.18;VDD.$3792.18;;0.0
R3374;VDD.$1282.15;VDD.$1283.18;;585.0
R3375;VDD.$1282.15;VDD.$1296.15;;0.0
R3376;VDD.$1283.18;VDD.$3638.18;;0.0
R3377;VDD.$1283.18;VDD.$3640.18;;27.106
R3378;VDD.$1284.15;VDD.$1285.18;;585.0
R3379;VDD.$1284.15;VDD.$1298.15;;0.0
R3380;VDD.$1285.18;VDD.$4136.18;;0.0
R3381;VDD.$1285.18;VDD.$4144.18;;27.106
R3382;VDD.$1286.15;VDD.$1287.18;;585.0
R3383;VDD.$1287.18;VDD.$4218.18;;27.106
R3384;VDD.$1287.18;VDD.$4250.18;;0.0
R3385;VDD.$1288.15;VDD.$1289.18;;585.0
R3386;VDD.$1288.15;VDD.P49.15;;0.0
R3387;VDD.$1289.18;VDD.$3822.18;;27.106
R3388;VDD.$1289.18;VDD.$3830.18;;0.0
R3389;VDD.$129.18;VDD.$1736.18;;27.106
R3390;VDD.$129.18;VDD.$1900.18;;0.0
R3391;VDD.$1290.15;VDD.$1291.18;;585.0
R3392;VDD.$1290.15;VDD.P44.15;;0.0
R3393;VDD.$1291.18;VDD.$3788.18;;0.0
R3394;VDD.$1291.18;VDD.$3832.18;;27.106
R3395;VDD.$1292.15;VDD.$1293.18;;585.0
R3396;VDD.$1292.15;VDD.P45.15;;0.0
R3397;VDD.$1293.18;VDD.$4198.18;;27.106
R3398;VDD.$1293.18;VDD.$4212.18;;0.0
R3399;VDD.$1294.15;VDD.$1295.18;;585.0
R3400;VDD.$1295.18;VDD.$3780.18;;27.106
R3401;VDD.$1295.18;VDD.$3826.18;;0.0
R3402;VDD.$1296.15;VDD.$1297.18;;585.0
R3403;VDD.$1297.18;VDD.$3640.18;;0.0
R3404;VDD.$1297.18;VDD.$3642.18;;27.106
R3405;VDD.$1298.15;VDD.$1299.18;;585.0
R3406;VDD.$1299.18;VDD.$4144.18;;0.0
R3407;VDD.$1299.18;VDD.$4148.18;;27.106
R3408;VDD.$13.18;VDD.$4004.18;;27.106
R3409;VDD.$13.18;VDD.$4020.18;;0.0
R3410;VDD.$130.15;VDD.$131.18;;585.0
R3411;VDD.$130.15;VDD.P22.15;;0.0
R3412;VDD.$1300.15;VDD.$1301.18;;585.0
R3413;VDD.$1301.18;VDD.$3766.18;;0.0
R3414;VDD.$1301.18;VDD.$3782.18;;27.106
R3415;VDD.$1302.15;VDD.$1303.18;;585.0
R3416;VDD.$1303.18;VDD.$4196.18;;0.0
R3417;VDD.$1303.18;VDD.$4232.18;;27.106
R3418;VDD.$1304.15;VDD.$1305.18;;585.0
R3419;VDD.$1305.18;VDD.$4200.18;;0.0
R3420;VDD.$1305.18;VDD.$4234.18;;27.106
R3421;VDD.$1306.15;VDD.$1307.18;;585.0
R3422;VDD.$1306.15;VDD.P40.15;;0.0
R3423;VDD.$1307.18;VDD.$4204.18;;27.106
R3424;VDD.$1307.18;VDD.$4238.18;;0.0
R3425;VDD.$1308.15;VDD.$1309.18;;585.0
R3426;VDD.$1309.18;VDD.$4172.18;;0.0
R3427;VDD.$1309.18;VDD.$4228.18;;27.106
R3428;VDD.$131.18;VDD.$1738.18;;27.106
R3429;VDD.$131.18;VDD.$1902.18;;0.0
R3430;VDD.$1310.15;VDD.$1311.18;;585.0
R3431;VDD.$1310.15;VDD.$1484.15;;0.0
R3432;VDD.$1311.18;VDD.$4066.18;;0.0
R3433;VDD.$1312.15;VDD.$1313.18;;585.0
R3434;VDD.$1312.15;VDD.$1492.15;;0.0
R3435;VDD.$1313.18;VDD.$4068.18;;0.0
R3436;VDD.$1314.15;VDD.$1315.18;;585.0
R3437;VDD.$1314.15;VDD.$1574.15;;0.0
R3438;VDD.$1315.18;VDD.$3872.18;;0.0
R3439;VDD.$1316.15;VDD.$1317.18;;585.0
R3440;VDD.$1316.15;VDD.$1576.15;;0.0
R3441;VDD.$1317.18;VDD.$3874.18;;0.0
R3442;VDD.$1318.15;VDD.$1319.18;;585.0
R3443;VDD.$1318.15;VDD.$1592.15;;0.0
R3444;VDD.$1319.18;VDD.$3876.18;;0.0
R3445;VDD.$132.15;VDD.$133.18;;585.0
R3446;VDD.$132.15;VDD.P23.15;;0.0
R3447;VDD.$1320.15;VDD.$1321.18;;585.0
R3448;VDD.$1320.15;VDD.$1610.15;;0.0
R3449;VDD.$1321.18;VDD.$3878.18;;0.0
R3450;VDD.$1322.15;VDD.$1323.18;;585.0
R3451;VDD.$1322.15;VDD.$1328.15;;0.0
R3452;VDD.$1323.18;VDD.$3888.18;;0.0
R3453;VDD.$1323.18;VDD.$3896.18;;27.106
R3454;VDD.$1324.15;VDD.$1325.18;;585.0
R3455;VDD.$1324.15;VDD.$1330.15;;0.0
R3456;VDD.$1325.18;VDD.$3890.18;;0.0
R3457;VDD.$1325.18;VDD.$3898.18;;27.106
R3458;VDD.$1326.15;VDD.$1327.18;;585.0
R3459;VDD.$1326.15;VDD.$1332.15;;0.0
R3460;VDD.$1327.18;VDD.$3892.18;;0.0
R3461;VDD.$1327.18;VDD.$3900.18;;27.106
R3462;VDD.$1328.15;VDD.$1329.18;;585.0
R3463;VDD.$1328.15;VDD.$1334.15;;0.0
R3464;VDD.$1329.18;VDD.$3896.18;;0.0
R3465;VDD.$1329.18;VDD.$3904.18;;27.106
R3466;VDD.$133.18;VDD.$1740.18;;27.106
R3467;VDD.$133.18;VDD.$1962.18;;0.0
R3468;VDD.$1330.15;VDD.$1331.18;;585.0
R3469;VDD.$1330.15;VDD.$1336.15;;0.0
R3470;VDD.$1331.18;VDD.$3898.18;;0.0
R3471;VDD.$1331.18;VDD.$3906.18;;27.106
R3472;VDD.$1332.15;VDD.$1333.18;;585.0
R3473;VDD.$1332.15;VDD.$1338.15;;0.0
R3474;VDD.$1333.18;VDD.$3900.18;;0.0
R3475;VDD.$1333.18;VDD.$3908.18;;27.106
R3476;VDD.$1334.15;VDD.$1335.18;;585.0
R3477;VDD.$1334.15;VDD.$1340.15;;0.0
R3478;VDD.$1335.18;VDD.$3904.18;;0.0
R3479;VDD.$1335.18;VDD.$3912.18;;27.106
R3480;VDD.$1336.15;VDD.$1337.18;;585.0
R3481;VDD.$1336.15;VDD.$1342.15;;0.0
R3482;VDD.$1337.18;VDD.$3906.18;;0.0
R3483;VDD.$1337.18;VDD.$3914.18;;27.106
R3484;VDD.$1338.15;VDD.$1339.18;;585.0
R3485;VDD.$1338.15;VDD.$1344.15;;0.0
R3486;VDD.$1339.18;VDD.$3908.18;;0.0
R3487;VDD.$1339.18;VDD.$3916.18;;27.106
R3488;VDD.$134.15;VDD.$135.18;;585.0
R3489;VDD.$134.15;VDD.P8.15;;0.0
R3490;VDD.$1340.15;VDD.$1341.18;;585.0
R3491;VDD.$1340.15;VDD.P72.15;;0.0
R3492;VDD.$1341.18;VDD.$3912.18;;0.0
R3493;VDD.$1341.18;VDD.$3920.18;;27.106
R3494;VDD.$1342.15;VDD.$1343.18;;585.0
R3495;VDD.$1342.15;VDD.P16.15;;0.0
R3496;VDD.$1343.18;VDD.$3914.18;;0.0
R3497;VDD.$1343.18;VDD.$3922.18;;27.106
R3498;VDD.$1344.15;VDD.$1345.18;;585.0
R3499;VDD.$1344.15;VDD.P17.15;;0.0
R3500;VDD.$1345.18;VDD.$3916.18;;0.0
R3501;VDD.$1345.18;VDD.$3924.18;;27.106
R3502;VDD.$1346.15;VDD.$1347.18;;585.0
R3503;VDD.$1346.15;VDD.$1352.15;;0.0
R3504;VDD.$1346.15;VDD.P72.15;;0.0
R3505;VDD.$1347.18;VDD.$3920.18;;0.0
R3506;VDD.$1347.18;VDD.$3928.18;;27.106
R3507;VDD.$1348.15;VDD.$1349.18;;585.0
R3508;VDD.$1348.15;VDD.$1354.15;;0.0
R3509;VDD.$1348.15;VDD.P16.15;;0.0
R3510;VDD.$1349.18;VDD.$3922.18;;0.0
R3511;VDD.$1349.18;VDD.$3930.18;;27.106
R3512;VDD.$135.18;VDD.$1742.18;;27.106
R3513;VDD.$135.18;VDD.$1964.18;;0.0
R3514;VDD.$1350.15;VDD.$1351.18;;585.0
R3515;VDD.$1350.15;VDD.$1356.15;;0.0
R3516;VDD.$1350.15;VDD.P17.15;;0.0
R3517;VDD.$1351.18;VDD.$3924.18;;0.0
R3518;VDD.$1351.18;VDD.$3932.18;;27.106
R3519;VDD.$1352.15;VDD.$1353.18;;585.0
R3520;VDD.$1352.15;VDD.$1358.15;;0.0
R3521;VDD.$1353.18;VDD.$3928.18;;0.0
R3522;VDD.$1353.18;VDD.$3936.18;;27.106
R3523;VDD.$1354.15;VDD.$1355.18;;585.0
R3524;VDD.$1354.15;VDD.$1360.15;;0.0
R3525;VDD.$1355.18;VDD.$3930.18;;0.0
R3526;VDD.$1355.18;VDD.$3938.18;;27.106
R3527;VDD.$1356.15;VDD.$1357.18;;585.0
R3528;VDD.$1356.15;VDD.$1362.15;;0.0
R3529;VDD.$1357.18;VDD.$3932.18;;0.0
R3530;VDD.$1357.18;VDD.$3940.18;;27.106
R3531;VDD.$1358.15;VDD.$1359.18;;585.0
R3532;VDD.$1358.15;VDD.$1364.15;;0.0
R3533;VDD.$1359.18;VDD.$3936.18;;0.0
R3534;VDD.$1359.18;VDD.$3944.18;;27.106
R3535;VDD.$136.15;VDD.$137.18;;585.0
R3536;VDD.$136.15;VDD.P9.15;;0.0
R3537;VDD.$1360.15;VDD.$1361.18;;585.0
R3538;VDD.$1360.15;VDD.$1366.15;;0.0
R3539;VDD.$1361.18;VDD.$3938.18;;0.0
R3540;VDD.$1361.18;VDD.$3946.18;;27.106
R3541;VDD.$1362.15;VDD.$1363.18;;585.0
R3542;VDD.$1362.15;VDD.$1368.15;;0.0
R3543;VDD.$1363.18;VDD.$3940.18;;0.0
R3544;VDD.$1363.18;VDD.$3948.18;;27.106
R3545;VDD.$1364.15;VDD.$1365.18;;585.0
R3546;VDD.$1364.15;VDD.$1370.15;;0.0
R3547;VDD.$1365.18;VDD.$3944.18;;0.0
R3548;VDD.$1365.18;VDD.$3952.18;;27.106
R3549;VDD.$1366.15;VDD.$1367.18;;585.0
R3550;VDD.$1366.15;VDD.$1372.15;;0.0
R3551;VDD.$1367.18;VDD.$3946.18;;0.0
R3552;VDD.$1367.18;VDD.$3954.18;;27.106
R3553;VDD.$1368.15;VDD.$1369.18;;585.0
R3554;VDD.$1368.15;VDD.$1374.15;;0.0
R3555;VDD.$1369.18;VDD.$3948.18;;0.0
R3556;VDD.$1369.18;VDD.$3956.18;;27.106
R3557;VDD.$137.18;VDD.$1744.18;;27.106
R3558;VDD.$137.18;VDD.$1966.18;;0.0
R3559;VDD.$1370.15;VDD.$1371.18;;585.0
R3560;VDD.$1371.18;VDD.$3952.18;;0.0
R3561;VDD.$1372.15;VDD.$1373.18;;585.0
R3562;VDD.$1373.18;VDD.$3954.18;;0.0
R3563;VDD.$1374.15;VDD.$1375.18;;585.0
R3564;VDD.$1375.18;VDD.$3956.18;;0.0
R3565;VDD.$1376.15;VDD.$1377.18;;585.0
R3566;VDD.$1376.15;VDD.$1382.15;;0.0
R3567;VDD.$1377.18;VDD.$3966.18;;0.0
R3568;VDD.$1377.18;VDD.$3974.18;;27.106
R3569;VDD.$1378.15;VDD.$1379.18;;585.0
R3570;VDD.$1378.15;VDD.$1384.15;;0.0
R3571;VDD.$1379.18;VDD.$3968.18;;0.0
R3572;VDD.$1379.18;VDD.$3976.18;;27.106
R3573;VDD.$138.15;VDD.$139.18;;585.0
R3574;VDD.$138.15;VDD.$148.15;;0.0
R3575;VDD.$138.15;VDD.P31.15;;0.0
R3576;VDD.$1380.15;VDD.$1381.18;;585.0
R3577;VDD.$1380.15;VDD.$1386.15;;0.0
R3578;VDD.$1381.18;VDD.$3970.18;;0.0
R3579;VDD.$1381.18;VDD.$3978.18;;27.106
R3580;VDD.$1382.15;VDD.$1383.18;;585.0
R3581;VDD.$1382.15;VDD.$1388.15;;0.0
R3582;VDD.$1383.18;VDD.$3974.18;;0.0
R3583;VDD.$1383.18;VDD.$3982.18;;27.106
R3584;VDD.$1384.15;VDD.$1385.18;;585.0
R3585;VDD.$1384.15;VDD.$1390.15;;0.0
R3586;VDD.$1385.18;VDD.$3976.18;;0.0
R3587;VDD.$1385.18;VDD.$3984.18;;27.106
R3588;VDD.$1386.15;VDD.$1387.18;;585.0
R3589;VDD.$1386.15;VDD.$1392.15;;0.0
R3590;VDD.$1387.18;VDD.$3978.18;;0.0
R3591;VDD.$1387.18;VDD.$3986.18;;27.106
R3592;VDD.$1388.15;VDD.$1389.18;;585.0
R3593;VDD.$1388.15;VDD.$1394.15;;0.0
R3594;VDD.$1389.18;VDD.$3848.18;;27.106
R3595;VDD.$1389.18;VDD.$3982.18;;0.0
R3596;VDD.$139.18;VDD.$1736.18;;0.0
R3597;VDD.$139.18;VDD.$1854.18;;27.106
R3598;VDD.$1390.15;VDD.$1391.18;;585.0
R3599;VDD.$1390.15;VDD.$1396.15;;0.0
R3600;VDD.$1391.18;VDD.$3850.18;;27.106
R3601;VDD.$1391.18;VDD.$3984.18;;0.0
R3602;VDD.$1392.15;VDD.$1393.18;;585.0
R3603;VDD.$1392.15;VDD.$1398.15;;0.0
R3604;VDD.$1393.18;VDD.$3852.18;;27.106
R3605;VDD.$1393.18;VDD.$3986.18;;0.0
R3606;VDD.$1394.15;VDD.$1395.18;;585.0
R3607;VDD.$1394.15;VDD.P71.15;;0.0
R3608;VDD.$1395.18;VDD.$3848.18;;0.0
R3609;VDD.$1395.18;VDD.$3856.18;;27.106
R3610;VDD.$1396.15;VDD.$1397.18;;585.0
R3611;VDD.$1396.15;VDD.P14.15;;0.0
R3612;VDD.$1397.18;VDD.$3850.18;;0.0
R3613;VDD.$1397.18;VDD.$3858.18;;27.106
R3614;VDD.$1398.15;VDD.$1399.18;;585.0
R3615;VDD.$1398.15;VDD.P15.15;;0.0
R3616;VDD.$1399.18;VDD.$3852.18;;0.0
R3617;VDD.$1399.18;VDD.$3860.18;;27.106
R3618;VDD.$14.15;VDD.$15.18;;585.0
R3619;VDD.$14.15;VDD.$336.15;;0.0
R3620;VDD.$14.15;VDD.P75.15;;0.0
R3621;VDD.$140.15;VDD.$141.18;;585.0
R3622;VDD.$140.15;VDD.$150.15;;0.0
R3623;VDD.$140.15;VDD.P22.15;;0.0
R3624;VDD.$1400.15;VDD.$1401.18;;585.0
R3625;VDD.$1400.15;VDD.$1450.15;;0.0
R3626;VDD.$1401.18;VDD.$3990.18;;27.106
R3627;VDD.$1401.18;VDD.$4042.18;;0.0
R3628;VDD.$1402.15;VDD.$1403.18;;585.0
R3629;VDD.$1402.15;VDD.$1440.15;;0.0
R3630;VDD.$1403.18;VDD.$4026.18;;0.0
R3631;VDD.$1404.15;VDD.$1405.18;;585.0
R3632;VDD.$1404.15;VDD.$1446.15;;0.0
R3633;VDD.$1405.18;VDD.$4028.18;;0.0
R3634;VDD.$1406.15;VDD.$1407.18;;585.0
R3635;VDD.$1406.15;VDD.$1420.15;;0.0
R3636;VDD.$1407.18;VDD.$4040.18;;0.0
R3637;VDD.$1407.18;VDD.$4084.18;;27.106
R3638;VDD.$1408.15;VDD.$1409.18;;585.0
R3639;VDD.$1408.15;VDD.$1426.15;;0.0
R3640;VDD.$1408.15;VDD.$1438.15;;0.0
R3641;VDD.$1409.18;VDD.$3998.18;;27.106
R3642;VDD.$1409.18;VDD.$4080.18;;0.0
R3643;VDD.$141.18;VDD.$1738.18;;0.0
R3644;VDD.$141.18;VDD.$1856.18;;27.106
R3645;VDD.$1410.15;VDD.$1411.18;;585.0
R3646;VDD.$1410.15;VDD.$1428.15;;0.0
R3647;VDD.$1410.15;VDD.$1448.15;;0.0
R3648;VDD.$1411.18;VDD.$4000.18;;27.106
R3649;VDD.$1411.18;VDD.$4082.18;;0.0
R3650;VDD.$1412.15;VDD.$1413.18;;585.0
R3651;VDD.$1412.15;VDD.$1422.15;;0.0
R3652;VDD.$1413.18;VDD.$4046.18;;0.0
R3653;VDD.$1413.18;VDD.$4060.18;;27.106
R3654;VDD.$1414.15;VDD.$1415.18;;585.0
R3655;VDD.$1414.15;VDD.$1424.15;;0.0
R3656;VDD.$1415.18;VDD.$4048.18;;0.0
R3657;VDD.$1415.18;VDD.$4062.18;;27.106
R3658;VDD.$1416.15;VDD.$1417.18;;585.0
R3659;VDD.$1416.15;VDD.$1430.15;;0.0
R3660;VDD.$1416.15;VDD.P80.15;;0.0
R3661;VDD.$1417.18;VDD.$4034.18;;0.0
R3662;VDD.$1417.18;VDD.$4054.18;;27.106
R3663;VDD.$1418.15;VDD.$1419.18;;585.0
R3664;VDD.$1418.15;VDD.$1436.15;;0.0
R3665;VDD.$1418.15;VDD.P76.15;;0.0
R3666;VDD.$1419.18;VDD.$4036.18;;0.0
R3667;VDD.$1419.18;VDD.$4056.18;;27.106
R3668;VDD.$142.15;VDD.$143.18;;585.0
R3669;VDD.$142.15;VDD.$152.15;;0.0
R3670;VDD.$142.15;VDD.P23.15;;0.0
R3671;VDD.$1420.15;VDD.$1421.18;;585.0
R3672;VDD.$1420.15;VDD.$1430.15;;0.0
R3673;VDD.$1421.18;VDD.$4008.18;;27.106
R3674;VDD.$1421.18;VDD.$4084.18;;0.0
R3675;VDD.$1422.15;VDD.$1423.18;;585.0
R3676;VDD.$1422.15;VDD.$1432.15;;0.0
R3677;VDD.$1423.18;VDD.$4060.18;;0.0
R3678;VDD.$1423.18;VDD.$4074.18;;27.106
R3679;VDD.$1424.15;VDD.$1425.18;;585.0
R3680;VDD.$1424.15;VDD.$1434.15;;0.0
R3681;VDD.$1425.18;VDD.$4062.18;;0.0
R3682;VDD.$1425.18;VDD.$4076.18;;27.106
R3683;VDD.$1426.15;VDD.$1427.18;;585.0
R3684;VDD.$1426.15;VDD.$1440.15;;0.0
R3685;VDD.$1427.18;VDD.$3998.18;;0.0
R3686;VDD.$1427.18;VDD.$4012.18;;27.106
R3687;VDD.$1428.15;VDD.$1429.18;;585.0
R3688;VDD.$1428.15;VDD.$1446.15;;0.0
R3689;VDD.$1429.18;VDD.$4000.18;;0.0
R3690;VDD.$1429.18;VDD.$4014.18;;27.106
R3691;VDD.$143.18;VDD.$1740.18;;0.0
R3692;VDD.$143.18;VDD.$1748.18;;27.106
R3693;VDD.$1430.15;VDD.$1431.18;;585.0
R3694;VDD.$1431.18;VDD.$4008.18;;0.0
R3695;VDD.$1431.18;VDD.$4034.18;;27.106
R3696;VDD.$1432.15;VDD.$1433.18;;585.0
R3697;VDD.$1432.15;VDD.$1442.15;;0.0
R3698;VDD.$1433.18;VDD.$4030.18;;27.106
R3699;VDD.$1433.18;VDD.$4074.18;;0.0
R3700;VDD.$1434.15;VDD.$1435.18;;585.0
R3701;VDD.$1434.15;VDD.$1444.15;;0.0
R3702;VDD.$1435.18;VDD.$4050.18;;27.106
R3703;VDD.$1435.18;VDD.$4076.18;;0.0
R3704;VDD.$1436.15;VDD.$1437.18;;585.0
R3705;VDD.$1436.15;VDD.$1450.15;;0.0
R3706;VDD.$1437.18;VDD.$4016.18;;0.0
R3707;VDD.$1437.18;VDD.$4036.18;;27.106
R3708;VDD.$1438.15;VDD.$1439.18;;585.0
R3709;VDD.$1438.15;VDD.P80.15;;0.0
R3710;VDD.$1439.18;VDD.$4054.18;;0.0
R3711;VDD.$1439.18;VDD.$4080.18;;27.106
R3712;VDD.$144.15;VDD.$145.18;;585.0
R3713;VDD.$144.15;VDD.$154.15;;0.0
R3714;VDD.$144.15;VDD.P8.15;;0.0
R3715;VDD.$1440.15;VDD.$1441.18;;585.0
R3716;VDD.$1441.18;VDD.$4012.18;;0.0
R3717;VDD.$1441.18;VDD.$4026.18;;27.106
R3718;VDD.$1442.15;VDD.$1443.18;;585.0
R3719;VDD.$1442.15;VDD.P0.15;;0.0
R3720;VDD.$1443.18;VDD.$4020.18;;27.106
R3721;VDD.$1443.18;VDD.$4030.18;;0.0
R3722;VDD.$1444.15;VDD.$1445.18;;585.0
R3723;VDD.$1444.15;VDD.P75.15;;0.0
R3724;VDD.$1445.18;VDD.$4022.18;;27.106
R3725;VDD.$1445.18;VDD.$4050.18;;0.0
R3726;VDD.$1446.15;VDD.$1447.18;;585.0
R3727;VDD.$1447.18;VDD.$4014.18;;0.0
R3728;VDD.$1447.18;VDD.$4028.18;;27.106
R3729;VDD.$1448.15;VDD.$1449.18;;585.0
R3730;VDD.$1448.15;VDD.P76.15;;0.0
R3731;VDD.$1449.18;VDD.$4056.18;;0.0
R3732;VDD.$1449.18;VDD.$4082.18;;27.106
R3733;VDD.$145.18;VDD.$1742.18;;0.0
R3734;VDD.$145.18;VDD.$1750.18;;27.106
R3735;VDD.$1450.15;VDD.$1451.18;;585.0
R3736;VDD.$1451.18;VDD.$3990.18;;0.0
R3737;VDD.$1451.18;VDD.$4016.18;;27.106
R3738;VDD.$1452.15;VDD.$1453.18;;585.0
R3739;VDD.$1452.15;VDD.$1506.15;;0.0
R3740;VDD.$1453.18;VDD.$4120.18;;0.0
R3741;VDD.$1453.18;VDD.$4128.18;;27.106
R3742;VDD.$1454.15;VDD.$1455.18;;585.0
R3743;VDD.$1454.15;VDD.$1496.15;;0.0
R3744;VDD.$1454.15;VDD.$1532.15;;0.0
R3745;VDD.$1455.18;VDD.$4170.18;;0.0
R3746;VDD.$1455.18;VDD.$4202.18;;27.106
R3747;VDD.$1456.15;VDD.$1457.18;;585.0
R3748;VDD.$1456.15;VDD.$1508.15;;0.0
R3749;VDD.$1456.15;VDD.$1534.15;;0.0
R3750;VDD.$1457.18;VDD.$4104.18;;0.0
R3751;VDD.$1457.18;VDD.$4110.18;;27.106
R3752;VDD.$1458.15;VDD.$1459.18;;585.0
R3753;VDD.$1458.15;VDD.$1510.15;;0.0
R3754;VDD.$1458.15;VDD.$1536.15;;0.0
R3755;VDD.$1459.18;VDD.$4274.18;;27.106
R3756;VDD.$1459.18;VDD.$4304.18;;0.0
R3757;VDD.$146.15;VDD.$147.18;;585.0
R3758;VDD.$146.15;VDD.$156.15;;0.0
R3759;VDD.$146.15;VDD.P9.15;;0.0
R3760;VDD.$1460.15;VDD.$1461.18;;585.0
R3761;VDD.$1460.15;VDD.$1488.15;;0.0
R3762;VDD.$1460.15;VDD.$1500.15;;0.0
R3763;VDD.$1461.18;VDD.$4086.18;;27.106
R3764;VDD.$1461.18;VDD.$4116.18;;0.0
R3765;VDD.$1462.15;VDD.$1463.18;;585.0
R3766;VDD.$1462.15;VDD.$1490.15;;0.0
R3767;VDD.$1462.15;VDD.$1506.15;;0.0
R3768;VDD.$1463.18;VDD.$4126.18;;27.106
R3769;VDD.$1463.18;VDD.$4134.18;;0.0
R3770;VDD.$1464.15;VDD.$1465.18;;585.0
R3771;VDD.$1464.15;VDD.$1502.15;;0.0
R3772;VDD.$1465.18;VDD.$4088.18;;0.0
R3773;VDD.$1465.18;VDD.$4098.18;;27.106
R3774;VDD.$1466.15;VDD.$1467.18;;585.0
R3775;VDD.$1466.15;VDD.$1504.15;;0.0
R3776;VDD.$1467.18;VDD.$4252.18;;0.0
R3777;VDD.$1467.18;VDD.$4278.18;;27.106
R3778;VDD.$1468.15;VDD.$1469.18;;585.0
R3779;VDD.$1468.15;VDD.$1516.15;;0.0
R3780;VDD.$1469.18;VDD.$4256.18;;0.0
R3781;VDD.$1469.18;VDD.$4280.18;;27.106
R3782;VDD.$147.18;VDD.$1744.18;;0.0
R3783;VDD.$147.18;VDD.$1752.18;;27.106
R3784;VDD.$1470.15;VDD.$1471.18;;585.0
R3785;VDD.$1470.15;VDD.$1524.15;;0.0
R3786;VDD.$1471.18;VDD.$4328.18;;0.0
R3787;VDD.$1472.15;VDD.$1473.18;;585.0
R3788;VDD.$1472.15;VDD.$1514.15;;0.0
R3789;VDD.$1472.15;VDD.$1532.15;;0.0
R3790;VDD.$1473.18;VDD.$4186.18;;27.106
R3791;VDD.$1473.18;VDD.$4236.18;;0.0
R3792;VDD.$1474.15;VDD.$1475.18;;585.0
R3793;VDD.$1474.15;VDD.$1512.15;;0.0
R3794;VDD.$1474.15;VDD.$1538.15;;0.0
R3795;VDD.$1475.18;VDD.$4276.18;;27.106
R3796;VDD.$1475.18;VDD.$4306.18;;0.0
R3797;VDD.$1476.15;VDD.$1477.18;;585.0
R3798;VDD.$1476.15;VDD.$1486.15;;0.0
R3799;VDD.$1476.15;VDD.$1544.15;;0.0
R3800;VDD.$1477.18;VDD.$4160.18;;27.106
R3801;VDD.$1477.18;VDD.$4214.18;;0.0
R3802;VDD.$1478.15;VDD.$1479.18;;585.0
R3803;VDD.$1478.15;VDD.$1502.15;;0.0
R3804;VDD.$1478.15;VDD.$1546.15;;0.0
R3805;VDD.$1479.18;VDD.$4090.18;;27.106
R3806;VDD.$1479.18;VDD.$4114.18;;0.0
R3807;VDD.$148.15;VDD.$149.18;;585.0
R3808;VDD.$148.15;VDD.$158.15;;0.0
R3809;VDD.$1480.15;VDD.$1481.18;;585.0
R3810;VDD.$1480.15;VDD.$1504.15;;0.0
R3811;VDD.$1480.15;VDD.$1548.15;;0.0
R3812;VDD.$1481.18;VDD.$4288.18;;0.0
R3813;VDD.$1481.18;VDD.$4324.18;;27.106
R3814;VDD.$1482.15;VDD.$1483.18;;585.0
R3815;VDD.$1482.15;VDD.$1520.15;;0.0
R3816;VDD.$1482.15;VDD.$1534.15;;0.0
R3817;VDD.$1483.18;VDD.$4106.18;;27.106
R3818;VDD.$1483.18;VDD.$4118.18;;0.0
R3819;VDD.$1484.15;VDD.$1485.18;;585.0
R3820;VDD.$1484.15;VDD.$1552.15;;0.0
R3821;VDD.$1485.18;VDD.$4066.18;;27.106
R3822;VDD.$1485.18;VDD.$4102.18;;0.0
R3823;VDD.$1486.15;VDD.$1487.18;;585.0
R3824;VDD.$1486.15;VDD.$1526.15;;0.0
R3825;VDD.$1487.18;VDD.$4214.18;;27.106
R3826;VDD.$1487.18;VDD.$4230.18;;0.0
R3827;VDD.$1488.15;VDD.$1489.18;;585.0
R3828;VDD.$1488.15;VDD.P81.15;;0.0
R3829;VDD.$1489.18;VDD.$4086.18;;0.0
R3830;VDD.$1489.18;VDD.$4092.18;;27.106
R3831;VDD.$149.18;VDD.$1854.18;;0.0
R3832;VDD.$149.18;VDD.$1858.18;;27.106
R3833;VDD.$1490.15;VDD.$1491.18;;585.0
R3834;VDD.$1490.15;VDD.P77.15;;0.0
R3835;VDD.$1491.18;VDD.$4122.18;;27.106
R3836;VDD.$1491.18;VDD.$4126.18;;0.0
R3837;VDD.$1492.15;VDD.$1493.18;;585.0
R3838;VDD.$1492.15;VDD.$1554.15;;0.0
R3839;VDD.$1493.18;VDD.$4068.18;;27.106
R3840;VDD.$1493.18;VDD.$4124.18;;0.0
R3841;VDD.$1494.15;VDD.$1495.18;;585.0
R3842;VDD.$1494.15;VDD.$1522.15;;0.0
R3843;VDD.$1494.15;VDD.$1536.15;;0.0
R3844;VDD.$1495.18;VDD.$4316.18;;0.0
R3845;VDD.$1495.18;VDD.$4326.18;;27.106
R3846;VDD.$1496.15;VDD.$1497.18;;585.0
R3847;VDD.$1496.15;VDD.P41.15;;0.0
R3848;VDD.$1497.18;VDD.$4170.18;;27.106
R3849;VDD.$1497.18;VDD.$4208.18;;0.0
R3850;VDD.$1498.15;VDD.$1499.18;;585.0
R3851;VDD.$1498.15;VDD.$1516.15;;0.0
R3852;VDD.$1498.15;VDD.$1550.15;;0.0
R3853;VDD.$1499.18;VDD.$4290.18;;0.0
R3854;VDD.$1499.18;VDD.$4302.18;;27.106
R3855;VDD.$15.18;VDD.$4018.18;;27.106
R3856;VDD.$15.18;VDD.$4022.18;;0.0
R3857;VDD.$150.15;VDD.$151.18;;585.0
R3858;VDD.$150.15;VDD.$160.15;;0.0
R3859;VDD.$1500.15;VDD.$1501.18;;585.0
R3860;VDD.$1500.15;VDD.$1528.15;;0.0
R3861;VDD.$1501.18;VDD.$4112.18;;0.0
R3862;VDD.$1501.18;VDD.$4116.18;;27.106
R3863;VDD.$1502.15;VDD.$1503.18;;585.0
R3864;VDD.$1503.18;VDD.$4098.18;;0.0
R3865;VDD.$1503.18;VDD.$4114.18;;27.106
R3866;VDD.$1504.15;VDD.$1505.18;;585.0
R3867;VDD.$1505.18;VDD.$4278.18;;0.0
R3868;VDD.$1505.18;VDD.$4288.18;;27.106
R3869;VDD.$1506.15;VDD.$1507.18;;585.0
R3870;VDD.$1507.18;VDD.$4128.18;;0.0
R3871;VDD.$1507.18;VDD.$4134.18;;27.106
R3872;VDD.$1508.15;VDD.$1509.18;;585.0
R3873;VDD.$1508.15;VDD.P36.15;;0.0
R3874;VDD.$1509.18;VDD.$4096.18;;0.0
R3875;VDD.$1509.18;VDD.$4104.18;;27.106
R3876;VDD.$151.18;VDD.$1856.18;;0.0
R3877;VDD.$151.18;VDD.$1860.18;;27.106
R3878;VDD.$1510.15;VDD.$1511.18;;585.0
R3879;VDD.$1510.15;VDD.P37.15;;0.0
R3880;VDD.$1511.18;VDD.$4304.18;;27.106
R3881;VDD.$1511.18;VDD.$4310.18;;0.0
R3882;VDD.$1512.15;VDD.$1513.18;;585.0
R3883;VDD.$1512.15;VDD.P32.15;;0.0
R3884;VDD.$1513.18;VDD.$4306.18;;27.106
R3885;VDD.$1513.18;VDD.$4314.18;;0.0
R3886;VDD.$1514.15;VDD.$1515.18;;585.0
R3887;VDD.$1515.18;VDD.$4186.18;;0.0
R3888;VDD.$1516.15;VDD.$1517.18;;585.0
R3889;VDD.$1517.18;VDD.$4280.18;;0.0
R3890;VDD.$1517.18;VDD.$4290.18;;27.106
R3891;VDD.$1518.15;VDD.$1519.18;;585.0
R3892;VDD.$1518.15;VDD.$1540.15;;0.0
R3893;VDD.$1518.15;VDD.P81.15;;0.0
R3894;VDD.$1519.18;VDD.$4092.18;;0.0
R3895;VDD.$1519.18;VDD.$4094.18;;27.106
R3896;VDD.$152.15;VDD.$153.18;;585.0
R3897;VDD.$152.15;VDD.$162.15;;0.0
R3898;VDD.$1520.15;VDD.$1521.18;;585.0
R3899;VDD.$1521.18;VDD.$4106.18;;0.0
R3900;VDD.$1522.15;VDD.$1523.18;;585.0
R3901;VDD.$1523.18;VDD.$4326.18;;0.0
R3902;VDD.$1524.15;VDD.$1525.18;;585.0
R3903;VDD.$1524.15;VDD.$1538.15;;0.0
R3904;VDD.$1525.18;VDD.$4318.18;;0.0
R3905;VDD.$1525.18;VDD.$4328.18;;27.106
R3906;VDD.$1526.15;VDD.$1527.18;;585.0
R3907;VDD.$1527.18;VDD.$4188.18;;0.0
R3908;VDD.$1527.18;VDD.$4230.18;;27.106
R3909;VDD.$1528.15;VDD.$1529.18;;585.0
R3910;VDD.$1529.18;VDD.$4108.18;;0.0
R3911;VDD.$1529.18;VDD.$4112.18;;27.106
R3912;VDD.$153.18;VDD.$1748.18;;0.0
R3913;VDD.$153.18;VDD.$1756.18;;27.106
R3914;VDD.$1530.15;VDD.$1531.18;;585.0
R3915;VDD.$1530.15;VDD.$1542.15;;0.0
R3916;VDD.$1530.15;VDD.P77.15;;0.0
R3917;VDD.$1531.18;VDD.$4122.18;;0.0
R3918;VDD.$1531.18;VDD.$4130.18;;27.106
R3919;VDD.$1532.15;VDD.$1533.18;;585.0
R3920;VDD.$1533.18;VDD.$4202.18;;0.0
R3921;VDD.$1533.18;VDD.$4236.18;;27.106
R3922;VDD.$1534.15;VDD.$1535.18;;585.0
R3923;VDD.$1535.18;VDD.$4110.18;;0.0
R3924;VDD.$1535.18;VDD.$4118.18;;27.106
R3925;VDD.$1536.15;VDD.$1537.18;;585.0
R3926;VDD.$1537.18;VDD.$4274.18;;0.0
R3927;VDD.$1537.18;VDD.$4316.18;;27.106
R3928;VDD.$1538.15;VDD.$1539.18;;585.0
R3929;VDD.$1539.18;VDD.$4276.18;;0.0
R3930;VDD.$1539.18;VDD.$4318.18;;27.106
R3931;VDD.$154.15;VDD.$155.18;;585.0
R3932;VDD.$154.15;VDD.$164.15;;0.0
R3933;VDD.$1540.15;VDD.$1541.18;;585.0
R3934;VDD.$1540.15;VDD.$1552.15;;0.0
R3935;VDD.$1541.18;VDD.$4094.18;;0.0
R3936;VDD.$1541.18;VDD.$4100.18;;27.106
R3937;VDD.$1542.15;VDD.$1543.18;;585.0
R3938;VDD.$1542.15;VDD.$1554.15;;0.0
R3939;VDD.$1543.18;VDD.$4130.18;;0.0
R3940;VDD.$1543.18;VDD.$4132.18;;27.106
R3941;VDD.$1544.15;VDD.$1545.18;;585.0
R3942;VDD.$1544.15;VDD.P41.15;;0.0
R3943;VDD.$1545.18;VDD.$4160.18;;0.0
R3944;VDD.$1545.18;VDD.$4208.18;;27.106
R3945;VDD.$1546.15;VDD.$1547.18;;585.0
R3946;VDD.$1546.15;VDD.P36.15;;0.0
R3947;VDD.$1547.18;VDD.$4090.18;;0.0
R3948;VDD.$1547.18;VDD.$4096.18;;27.106
R3949;VDD.$1548.15;VDD.$1549.18;;585.0
R3950;VDD.$1548.15;VDD.P37.15;;0.0
R3951;VDD.$1549.18;VDD.$4310.18;;27.106
R3952;VDD.$1549.18;VDD.$4324.18;;0.0
R3953;VDD.$155.18;VDD.$1750.18;;0.0
R3954;VDD.$155.18;VDD.$1758.18;;27.106
R3955;VDD.$1550.15;VDD.$1551.18;;585.0
R3956;VDD.$1550.15;VDD.P32.15;;0.0
R3957;VDD.$1551.18;VDD.$4302.18;;0.0
R3958;VDD.$1551.18;VDD.$4314.18;;27.106
R3959;VDD.$1552.15;VDD.$1553.18;;585.0
R3960;VDD.$1553.18;VDD.$4100.18;;0.0
R3961;VDD.$1553.18;VDD.$4102.18;;27.106
R3962;VDD.$1554.15;VDD.$1555.18;;585.0
R3963;VDD.$1555.18;VDD.$4124.18;;27.106
R3964;VDD.$1555.18;VDD.$4132.18;;0.0
R3965;VDD.$1556.15;VDD.$1557.18;;585.0
R3966;VDD.$1556.15;VDD.$1598.15;;0.0
R3967;VDD.$1556.15;VDD.$1602.15;;0.0
R3968;VDD.$1557.18;VDD.$4356.18;;0.0
R3969;VDD.$1557.18;VDD.$4370.18;;27.106
R3970;VDD.$1558.15;VDD.$1559.18;;585.0
R3971;VDD.$1558.15;VDD.$1604.15;;0.0
R3972;VDD.$1558.15;VDD.$1618.15;;0.0
R3973;VDD.$1559.18;VDD.$4358.18;;0.0
R3974;VDD.$1559.18;VDD.$4372.18;;27.106
R3975;VDD.$156.15;VDD.$157.18;;585.0
R3976;VDD.$156.15;VDD.$166.15;;0.0
R3977;VDD.$1560.15;VDD.$1561.18;;585.0
R3978;VDD.$1560.15;VDD.$1606.15;;0.0
R3979;VDD.$1560.15;VDD.$1620.15;;0.0
R3980;VDD.$1561.18;VDD.$4360.18;;0.0
R3981;VDD.$1561.18;VDD.$4374.18;;27.106
R3982;VDD.$1562.15;VDD.$1563.18;;585.0
R3983;VDD.$1562.15;VDD.$1570.15;;0.0
R3984;VDD.$1563.18;VDD.$4590.18;;0.0
R3985;VDD.$1564.15;VDD.$1565.18;;585.0
R3986;VDD.$1564.15;VDD.$1594.15;;0.0
R3987;VDD.$1564.15;VDD.$1664.15;;0.0
R3988;VDD.$1565.18;VDD.$4446.18;;27.106
R3989;VDD.$1565.18;VDD.$4466.18;;0.0
R3990;VDD.$1566.15;VDD.$1567.18;;585.0
R3991;VDD.$1566.15;VDD.$1608.15;;0.0
R3992;VDD.$1566.15;VDD.$1666.15;;0.0
R3993;VDD.$1567.18;VDD.$4450.18;;27.106
R3994;VDD.$1567.18;VDD.$4484.18;;0.0
R3995;VDD.$1568.15;VDD.$1569.18;;585.0
R3996;VDD.$1568.15;VDD.$1682.15;;0.0
R3997;VDD.$1568.15;VDD.$1690.15;;0.0
R3998;VDD.$1569.18;VDD.$4588.18;;27.106
R3999;VDD.$1569.18;VDD.$4610.18;;0.0
R4000;VDD.$157.18;VDD.$1752.18;;0.0
R4001;VDD.$157.18;VDD.$1760.18;;27.106
R4002;VDD.$1570.15;VDD.$1571.18;;585.0
R4003;VDD.$1570.15;VDD.$1684.15;;0.0
R4004;VDD.$1571.18;VDD.$4590.18;;27.106
R4005;VDD.$1571.18;VDD.$4612.18;;0.0
R4006;VDD.$1572.15;VDD.$1573.18;;585.0
R4007;VDD.$1572.15;VDD.$1632.15;;0.0
R4008;VDD.$1572.15;VDD.P29.15;;0.0
R4009;VDD.$1573.18;VDD.$4574.18;;27.106
R4010;VDD.$1573.18;VDD.$4614.18;;0.0
R4011;VDD.$1574.15;VDD.$1575.18;;585.0
R4012;VDD.$1574.15;VDD.$1698.15;;0.0
R4013;VDD.$1575.18;VDD.$3872.18;;27.106
R4014;VDD.$1575.18;VDD.$4420.18;;0.0
R4015;VDD.$1576.15;VDD.$1577.18;;585.0
R4016;VDD.$1576.15;VDD.$1700.15;;0.0
R4017;VDD.$1577.18;VDD.$3874.18;;27.106
R4018;VDD.$1577.18;VDD.$4346.18;;0.0
R4019;VDD.$1578.15;VDD.$1579.18;;585.0
R4020;VDD.$1578.15;VDD.$1640.15;;0.0
R4021;VDD.$1578.15;VDD.$1680.15;;0.0
R4022;VDD.$1579.18;VDD.$4528.18;;27.106
R4023;VDD.$1579.18;VDD.$4554.18;;0.0
R4024;VDD.$158.15;VDD.$159.18;;585.0
R4025;VDD.$158.15;VDD.$168.15;;0.0
R4026;VDD.$1580.15;VDD.$1581.18;;585.0
R4027;VDD.$1580.15;VDD.$1682.15;;0.0
R4028;VDD.$1580.15;VDD.$1694.15;;0.0
R4029;VDD.$1581.18;VDD.$4530.18;;27.106
R4030;VDD.$1581.18;VDD.$4556.18;;0.0
R4031;VDD.$1582.15;VDD.$1583.18;;585.0
R4032;VDD.$1582.15;VDD.$1684.15;;0.0
R4033;VDD.$1582.15;VDD.$1696.15;;0.0
R4034;VDD.$1583.18;VDD.$4532.18;;27.106
R4035;VDD.$1583.18;VDD.$4560.18;;0.0
R4036;VDD.$1584.15;VDD.$1585.18;;585.0
R4037;VDD.$1584.15;VDD.$1628.15;;0.0
R4038;VDD.$1585.18;VDD.$4550.18;;27.106
R4039;VDD.$1585.18;VDD.$4594.18;;0.0
R4040;VDD.$1586.15;VDD.$1587.18;;585.0
R4041;VDD.$1586.15;VDD.$1630.15;;0.0
R4042;VDD.$1587.18;VDD.$4558.18;;27.106
R4043;VDD.$1587.18;VDD.$4606.18;;0.0
R4044;VDD.$1588.15;VDD.$1589.18;;585.0
R4045;VDD.$1588.15;VDD.$1654.15;;0.0
R4046;VDD.$1589.18;VDD.$4520.18;;0.0
R4047;VDD.$1589.18;VDD.$4570.18;;27.106
R4048;VDD.$159.18;VDD.$1858.18;;0.0
R4049;VDD.$159.18;VDD.$1866.18;;27.106
R4050;VDD.$1590.15;VDD.$1591.18;;585.0
R4051;VDD.$1590.15;VDD.$1624.15;;0.0
R4052;VDD.$1590.15;VDD.$1706.15;;0.0
R4053;VDD.$1591.18;VDD.$4460.18;;0.0
R4054;VDD.$1591.18;VDD.$4498.18;;27.106
R4055;VDD.$1592.15;VDD.$1593.18;;585.0
R4056;VDD.$1592.15;VDD.$1702.15;;0.0
R4057;VDD.$1593.18;VDD.$3876.18;;27.106
R4058;VDD.$1593.18;VDD.$4348.18;;0.0
R4059;VDD.$1594.15;VDD.$1595.18;;585.0
R4060;VDD.$1594.15;VDD.P33.15;;0.0
R4061;VDD.$1595.18;VDD.$4444.18;;0.0
R4062;VDD.$1595.18;VDD.$4466.18;;27.106
R4063;VDD.$1596.15;VDD.$1597.18;;585.0
R4064;VDD.$1596.15;VDD.$1656.15;;0.0
R4065;VDD.$1596.15;VDD.$1686.15;;0.0
R4066;VDD.$1597.18;VDD.$4416.18;;0.0
R4067;VDD.$1597.18;VDD.$4418.18;;27.106
R4068;VDD.$1598.15;VDD.$1599.18;;585.0
R4069;VDD.$1598.15;VDD.$1658.15;;0.0
R4070;VDD.$1599.18;VDD.$4356.18;;27.106
R4071;VDD.$1599.18;VDD.$4402.18;;0.0
R4072;VDD.$16.15;VDD.$17.18;;585.0
R4073;VDD.$16.15;VDD.$386.15;;0.0
R4074;VDD.$16.15;VDD.P71.15;;0.0
R4075;VDD.$160.15;VDD.$161.18;;585.0
R4076;VDD.$160.15;VDD.$170.15;;0.0
R4077;VDD.$1600.15;VDD.$1601.18;;585.0
R4078;VDD.$1600.15;VDD.$1686.15;;0.0
R4079;VDD.$1600.15;VDD.P26.15;;0.0
R4080;VDD.$1601.18;VDD.$4408.18;;0.0
R4081;VDD.$1601.18;VDD.$4412.18;;27.106
R4082;VDD.$1602.15;VDD.$1603.18;;585.0
R4083;VDD.$1602.15;VDD.P27.15;;0.0
R4084;VDD.$1603.18;VDD.$4370.18;;0.0
R4085;VDD.$1603.18;VDD.$4378.18;;27.106
R4086;VDD.$1604.15;VDD.$1605.18;;585.0
R4087;VDD.$1604.15;VDD.P18.15;;0.0
R4088;VDD.$1605.18;VDD.$4372.18;;0.0
R4089;VDD.$1605.18;VDD.$4380.18;;27.106
R4090;VDD.$1606.15;VDD.$1607.18;;585.0
R4091;VDD.$1606.15;VDD.P19.15;;0.0
R4092;VDD.$1607.18;VDD.$4374.18;;0.0
R4093;VDD.$1607.18;VDD.$4382.18;;27.106
R4094;VDD.$1608.15;VDD.$1609.18;;585.0
R4095;VDD.$1608.15;VDD.P28.15;;0.0
R4096;VDD.$1609.18;VDD.$4454.18;;0.0
R4097;VDD.$1609.18;VDD.$4484.18;;27.106
R4098;VDD.$161.18;VDD.$1852.18;;27.106
R4099;VDD.$161.18;VDD.$1860.18;;0.0
R4100;VDD.$1610.15;VDD.$1611.18;;585.0
R4101;VDD.$1610.15;VDD.$1704.15;;0.0
R4102;VDD.$1611.18;VDD.$3878.18;;27.106
R4103;VDD.$1611.18;VDD.$4350.18;;0.0
R4104;VDD.$1612.15;VDD.$1613.18;;585.0
R4105;VDD.$1612.15;VDD.$1634.15;;0.0
R4106;VDD.$1612.15;VDD.P20.15;;0.0
R4107;VDD.$1613.18;VDD.$4534.18;;0.0
R4108;VDD.$1613.18;VDD.$4600.18;;27.106
R4109;VDD.$1614.15;VDD.$1615.18;;585.0
R4110;VDD.$1614.15;VDD.$1636.15;;0.0
R4111;VDD.$1614.15;VDD.P21.15;;0.0
R4112;VDD.$1615.18;VDD.$4540.18;;0.0
R4113;VDD.$1615.18;VDD.$4604.18;;27.106
R4114;VDD.$1616.15;VDD.$1617.18;;585.0
R4115;VDD.$1616.15;VDD.$1664.15;;0.0
R4116;VDD.$1616.15;VDD.$1668.15;;0.0
R4117;VDD.$1617.18;VDD.$4440.18;;27.106
R4118;VDD.$1617.18;VDD.$4488.18;;0.0
R4119;VDD.$1618.15;VDD.$1619.18;;585.0
R4120;VDD.$1618.15;VDD.$1660.15;;0.0
R4121;VDD.$1619.18;VDD.$4358.18;;27.106
R4122;VDD.$1619.18;VDD.$4404.18;;0.0
R4123;VDD.$162.15;VDD.$163.18;;585.0
R4124;VDD.$162.15;VDD.$172.15;;0.0
R4125;VDD.$1620.15;VDD.$1621.18;;585.0
R4126;VDD.$1620.15;VDD.$1692.15;;0.0
R4127;VDD.$1621.18;VDD.$4340.18;;0.0
R4128;VDD.$1621.18;VDD.$4360.18;;27.106
R4129;VDD.$1622.15;VDD.$1623.18;;585.0
R4130;VDD.$1622.15;VDD.$1626.15;;0.0
R4131;VDD.$1622.15;VDD.$1708.15;;0.0
R4132;VDD.$1623.18;VDD.$4486.18;;0.0
R4133;VDD.$1623.18;VDD.$4500.18;;27.106
R4134;VDD.$1624.15;VDD.$1625.18;;585.0
R4135;VDD.$1624.15;VDD.$1644.15;;0.0
R4136;VDD.$1625.18;VDD.$4442.18;;0.0
R4137;VDD.$1625.18;VDD.$4460.18;;27.106
R4138;VDD.$1626.15;VDD.$1627.18;;585.0
R4139;VDD.$1626.15;VDD.$1662.15;;0.0
R4140;VDD.$1627.18;VDD.$4456.18;;0.0
R4141;VDD.$1627.18;VDD.$4486.18;;27.106
R4142;VDD.$1628.15;VDD.$1629.18;;585.0
R4143;VDD.$1628.15;VDD.$1632.15;;0.0
R4144;VDD.$1629.18;VDD.$4550.18;;0.0
R4145;VDD.$1629.18;VDD.$4576.18;;27.106
R4146;VDD.$163.18;VDD.$1756.18;;0.0
R4147;VDD.$163.18;VDD.$1764.18;;27.106
R4148;VDD.$1630.15;VDD.$1631.18;;585.0
R4149;VDD.$1630.15;VDD.$1634.15;;0.0
R4150;VDD.$1631.18;VDD.$4558.18;;0.0
R4151;VDD.$1631.18;VDD.$4580.18;;27.106
R4152;VDD.$1632.15;VDD.$1633.18;;585.0
R4153;VDD.$1633.18;VDD.$4576.18;;0.0
R4154;VDD.$1633.18;VDD.$4614.18;;27.106
R4155;VDD.$1634.15;VDD.$1635.18;;585.0
R4156;VDD.$1635.18;VDD.$4534.18;;27.106
R4157;VDD.$1635.18;VDD.$4580.18;;0.0
R4158;VDD.$1636.15;VDD.$1637.18;;585.0
R4159;VDD.$1636.15;VDD.$1654.15;;0.0
R4160;VDD.$1637.18;VDD.$4540.18;;27.106
R4161;VDD.$1637.18;VDD.$4592.18;;0.0
R4162;VDD.$1638.15;VDD.$1639.18;;585.0
R4163;VDD.$1638.15;VDD.$1666.15;;0.0
R4164;VDD.$1638.15;VDD.$1670.15;;0.0
R4165;VDD.$1639.18;VDD.$4436.18;;27.106
R4166;VDD.$1639.18;VDD.$4490.18;;0.0
R4167;VDD.$164.15;VDD.$165.18;;585.0
R4168;VDD.$164.15;VDD.$174.15;;0.0
R4169;VDD.$1640.15;VDD.$1641.18;;585.0
R4170;VDD.$1640.15;VDD.P29.15;;0.0
R4171;VDD.$1641.18;VDD.$4554.18;;27.106
R4172;VDD.$1641.18;VDD.$4574.18;;0.0
R4173;VDD.$1642.15;VDD.$1643.18;;585.0
R4174;VDD.$1642.15;VDD.$1680.15;;0.0
R4175;VDD.$1642.15;VDD.$1688.15;;0.0
R4176;VDD.$1643.18;VDD.$4510.18;;27.106
R4177;VDD.$1643.18;VDD.$4608.18;;0.0
R4178;VDD.$1644.15;VDD.$1645.18;;585.0
R4179;VDD.$1645.18;VDD.$4442.18;;27.106
R4180;VDD.$1645.18;VDD.$4482.18;;0.0
R4181;VDD.$1646.15;VDD.$1647.18;;585.0
R4182;VDD.$1646.15;VDD.$1672.15;;0.0
R4183;VDD.$1646.15;VDD.P26.15;;0.0
R4184;VDD.$1647.18;VDD.$4406.18;;27.106
R4185;VDD.$1647.18;VDD.$4412.18;;0.0
R4186;VDD.$1648.15;VDD.$1649.18;;585.0
R4187;VDD.$1648.15;VDD.$1674.15;;0.0
R4188;VDD.$1648.15;VDD.P27.15;;0.0
R4189;VDD.$1649.18;VDD.$4378.18;;0.0
R4190;VDD.$1649.18;VDD.$4394.18;;27.106
R4191;VDD.$165.18;VDD.$1758.18;;0.0
R4192;VDD.$165.18;VDD.$1766.18;;27.106
R4193;VDD.$1650.15;VDD.$1651.18;;585.0
R4194;VDD.$1650.15;VDD.$1676.15;;0.0
R4195;VDD.$1650.15;VDD.P18.15;;0.0
R4196;VDD.$1651.18;VDD.$4380.18;;0.0
R4197;VDD.$1651.18;VDD.$4396.18;;27.106
R4198;VDD.$1652.15;VDD.$1653.18;;585.0
R4199;VDD.$1652.15;VDD.$1678.15;;0.0
R4200;VDD.$1652.15;VDD.P19.15;;0.0
R4201;VDD.$1653.18;VDD.$4382.18;;0.0
R4202;VDD.$1653.18;VDD.$4398.18;;27.106
R4203;VDD.$1654.15;VDD.$1655.18;;585.0
R4204;VDD.$1655.18;VDD.$4570.18;;0.0
R4205;VDD.$1655.18;VDD.$4592.18;;27.106
R4206;VDD.$1656.15;VDD.$1657.18;;585.0
R4207;VDD.$1657.18;VDD.$4410.18;;0.0
R4208;VDD.$1657.18;VDD.$4416.18;;27.106
R4209;VDD.$1658.15;VDD.$1659.18;;585.0
R4210;VDD.$1659.18;VDD.$4386.18;;0.0
R4211;VDD.$1659.18;VDD.$4402.18;;27.106
R4212;VDD.$166.15;VDD.$167.18;;585.0
R4213;VDD.$166.15;VDD.$176.15;;0.0
R4214;VDD.$1660.15;VDD.$1661.18;;585.0
R4215;VDD.$1661.18;VDD.$4388.18;;0.0
R4216;VDD.$1661.18;VDD.$4404.18;;27.106
R4217;VDD.$1662.15;VDD.$1663.18;;585.0
R4218;VDD.$1663.18;VDD.$4422.18;;0.0
R4219;VDD.$1663.18;VDD.$4456.18;;27.106
R4220;VDD.$1664.15;VDD.$1665.18;;585.0
R4221;VDD.$1665.18;VDD.$4446.18;;0.0
R4222;VDD.$1665.18;VDD.$4488.18;;27.106
R4223;VDD.$1666.15;VDD.$1667.18;;585.0
R4224;VDD.$1667.18;VDD.$4450.18;;0.0
R4225;VDD.$1667.18;VDD.$4490.18;;27.106
R4226;VDD.$1668.15;VDD.$1669.18;;585.0
R4227;VDD.$1669.18;VDD.$4440.18;;0.0
R4228;VDD.$167.18;VDD.$1760.18;;0.0
R4229;VDD.$167.18;VDD.$1768.18;;27.106
R4230;VDD.$1670.15;VDD.$1671.18;;585.0
R4231;VDD.$1671.18;VDD.$4436.18;;0.0
R4232;VDD.$1672.15;VDD.$1673.18;;585.0
R4233;VDD.$1672.15;VDD.$1698.15;;0.0
R4234;VDD.$1673.18;VDD.$4406.18;;0.0
R4235;VDD.$1673.18;VDD.$4414.18;;27.106
R4236;VDD.$1674.15;VDD.$1675.18;;585.0
R4237;VDD.$1674.15;VDD.$1700.15;;0.0
R4238;VDD.$1675.18;VDD.$4354.18;;27.106
R4239;VDD.$1675.18;VDD.$4394.18;;0.0
R4240;VDD.$1676.15;VDD.$1677.18;;585.0
R4241;VDD.$1676.15;VDD.$1702.15;;0.0
R4242;VDD.$1677.18;VDD.$4336.18;;27.106
R4243;VDD.$1677.18;VDD.$4396.18;;0.0
R4244;VDD.$1678.15;VDD.$1679.18;;585.0
R4245;VDD.$1678.15;VDD.$1704.15;;0.0
R4246;VDD.$1679.18;VDD.$4338.18;;27.106
R4247;VDD.$1679.18;VDD.$4398.18;;0.0
R4248;VDD.$168.15;VDD.$169.18;;585.0
R4249;VDD.$168.15;VDD.$178.15;;0.0
R4250;VDD.$1680.15;VDD.$1681.18;;585.0
R4251;VDD.$1681.18;VDD.$4528.18;;0.0
R4252;VDD.$1681.18;VDD.$4608.18;;27.106
R4253;VDD.$1682.15;VDD.$1683.18;;585.0
R4254;VDD.$1683.18;VDD.$4530.18;;0.0
R4255;VDD.$1683.18;VDD.$4610.18;;27.106
R4256;VDD.$1684.15;VDD.$1685.18;;585.0
R4257;VDD.$1685.18;VDD.$4532.18;;0.0
R4258;VDD.$1685.18;VDD.$4612.18;;27.106
R4259;VDD.$1686.15;VDD.$1687.18;;585.0
R4260;VDD.$1687.18;VDD.$4408.18;;27.106
R4261;VDD.$1687.18;VDD.$4418.18;;0.0
R4262;VDD.$1688.15;VDD.$1689.18;;585.0
R4263;VDD.$1689.18;VDD.$4510.18;;0.0
R4264;VDD.$169.18;VDD.$1862.18;;27.106
R4265;VDD.$169.18;VDD.$1866.18;;0.0
R4266;VDD.$1690.15;VDD.$1691.18;;585.0
R4267;VDD.$1691.18;VDD.$4588.18;;0.0
R4268;VDD.$1692.15;VDD.$1693.18;;585.0
R4269;VDD.$1693.18;VDD.$4340.18;;27.106
R4270;VDD.$1693.18;VDD.$4390.18;;0.0
R4271;VDD.$1694.15;VDD.$1695.18;;585.0
R4272;VDD.$1694.15;VDD.P20.15;;0.0
R4273;VDD.$1695.18;VDD.$4556.18;;27.106
R4274;VDD.$1695.18;VDD.$4600.18;;0.0
R4275;VDD.$1696.15;VDD.$1697.18;;585.0
R4276;VDD.$1696.15;VDD.P21.15;;0.0
R4277;VDD.$1697.18;VDD.$4560.18;;27.106
R4278;VDD.$1697.18;VDD.$4604.18;;0.0
R4279;VDD.$1698.15;VDD.$1699.18;;585.0
R4280;VDD.$1699.18;VDD.$4414.18;;0.0
R4281;VDD.$1699.18;VDD.$4420.18;;27.106
R4282;VDD.$17.18;VDD.$3856.18;;0.0
R4283;VDD.$17.18;VDD.$3864.18;;27.106
R4284;VDD.$170.15;VDD.$171.18;;585.0
R4285;VDD.$170.15;VDD.$180.15;;0.0
R4286;VDD.$1700.15;VDD.$1701.18;;585.0
R4287;VDD.$1701.18;VDD.$4346.18;;27.106
R4288;VDD.$1701.18;VDD.$4354.18;;0.0
R4289;VDD.$1702.15;VDD.$1703.18;;585.0
R4290;VDD.$1703.18;VDD.$4336.18;;0.0
R4291;VDD.$1703.18;VDD.$4348.18;;27.106
R4292;VDD.$1704.15;VDD.$1705.18;;585.0
R4293;VDD.$1705.18;VDD.$4338.18;;0.0
R4294;VDD.$1705.18;VDD.$4350.18;;27.106
R4295;VDD.$1706.15;VDD.$1707.18;;585.0
R4296;VDD.$1706.15;VDD.P33.15;;0.0
R4297;VDD.$1707.18;VDD.$4444.18;;27.106
R4298;VDD.$1707.18;VDD.$4498.18;;0.0
R4299;VDD.$1708.15;VDD.$1709.18;;585.0
R4300;VDD.$1708.15;VDD.P28.15;;0.0
R4301;VDD.$1709.18;VDD.$4454.18;;27.106
R4302;VDD.$1709.18;VDD.$4500.18;;0.0
R4303;VDD.$171.18;VDD.$1852.18;;0.0
R4304;VDD.$171.18;VDD.$1864.18;;27.106
R4305;VDD.$1710.18;VDD.$1711.25;;9.3
R4306;VDD.$1710.18;VDD.$729.18;;0.0
R4307;VDD.$1710.18;VDD.$773.18;;27.106
R4308;VDD.$1711.25;VDD.$3091.25;;0.025
R4309;VDD.$1711.25;VDD.$3303.25;;0.02
R4310;VDD.$1712.18;VDD.$1713.25;;9.3
R4311;VDD.$1712.18;VDD.$775.18;;27.106
R4312;VDD.$1712.18;VDD.$801.18;;0.0
R4313;VDD.$1713.25;VDD.$1715.25;;0.0
R4314;VDD.$1713.25;VDD.$3087.25;;0.036
R4315;VDD.$1714.18;VDD.$1715.25;;9.3
R4316;VDD.$1714.18;VDD.$749.18;;27.106
R4317;VDD.$1714.18;VDD.$805.18;;0.0
R4318;VDD.$1715.25;VDD.$3299.25;;0.036
R4319;VDD.$1716.18;VDD.$1717.25;;9.3
R4320;VDD.$1716.18;VDD.$765.18;;27.106
R4321;VDD.$1716.18;VDD.$807.18;;0.0
R4322;VDD.$1717.25;VDD.$3157.25;;0.072
R4323;VDD.$1717.25;VDD.$3231.25;;0.072
R4324;VDD.$1718.18;VDD.$1719.25;;9.3
R4325;VDD.$1718.18;VDD.$853.18;;0.0
R4326;VDD.$1718.18;VDD.$863.18;;27.106
R4327;VDD.$1719.25;VDD.$3159.25;;0.072
R4328;VDD.$1719.25;VDD.$3233.25;;0.072
R4329;VDD.$172.15;VDD.$173.18;;585.0
R4330;VDD.$172.15;VDD.$182.15;;0.0
R4331;VDD.$1720.18;VDD.$1721.25;;9.3
R4332;VDD.$1720.18;VDD.$817.18;;0.0
R4333;VDD.$1720.18;VDD.$865.18;;27.106
R4334;VDD.$1721.25;VDD.$2217.25;;0.072
R4335;VDD.$1721.25;VDD.$4003.25;;0.072
R4336;VDD.$1722.18;VDD.$1723.25;;9.3
R4337;VDD.$1722.18;VDD.$335.18;;27.106
R4338;VDD.$1722.18;VDD.$339.18;;0.0
R4339;VDD.$1723.25;VDD.$2219.25;;0.072
R4340;VDD.$1723.25;VDD.$4005.25;;0.072
R4341;VDD.$1724.18;VDD.$1725.25;;9.3
R4342;VDD.$1724.18;VDD.$337.18;;27.106
R4343;VDD.$1724.18;VDD.$341.18;;0.0
R4344;VDD.$1725.25;VDD.$2221.25;;0.072
R4345;VDD.$1725.25;VDD.$4019.25;;0.072
R4346;VDD.$1726.18;VDD.$1727.25;;9.3
R4347;VDD.$1726.18;VDD.$387.18;;27.106
R4348;VDD.$1726.18;VDD.$415.18;;0.0
R4349;VDD.$1727.25;VDD.$2459.25;;0.072
R4350;VDD.$1727.25;VDD.$3865.25;;0.072
R4351;VDD.$1728.18;VDD.$1729.25;;9.3
R4352;VDD.$1728.18;VDD.$357.18;;0.0
R4353;VDD.$1728.18;VDD.$407.18;;27.106
R4354;VDD.$1729.25;VDD.$2311.25;;0.072
R4355;VDD.$1729.25;VDD.$3867.25;;0.072
R4356;VDD.$173.18;VDD.$1764.18;;0.0
R4357;VDD.$173.18;VDD.$1772.18;;27.106
R4358;VDD.$1730.18;VDD.$1731.25;;9.3
R4359;VDD.$1730.18;VDD.$359.18;;0.0
R4360;VDD.$1730.18;VDD.$379.18;;27.106
R4361;VDD.$1731.25;VDD.$2433.25;;0.025
R4362;VDD.$1731.25;VDD.$3871.25;;0.02
R4363;VDD.$1732.18;VDD.$1733.25;;9.3
R4364;VDD.$1732.18;VDD.$3016.18;;18.432
R4365;VDD.$1732.18;VDD.$3342.18;;18.432
R4366;VDD.$1733.25;VDD.$3017.25;;0.18
R4367;VDD.$1733.25;VDD.$3343.25;;0.18
R4368;VDD.$1734.18;VDD.$1735.25;;9.3
R4369;VDD.$1734.18;VDD.$3020.18;;18.432
R4370;VDD.$1734.18;VDD.$3344.18;;18.432
R4371;VDD.$1735.25;VDD.$3021.25;;0.18
R4372;VDD.$1735.25;VDD.$3345.25;;0.18
R4373;VDD.$1736.18;VDD.$1737.25;;9.3
R4374;VDD.$1737.25;VDD.$1855.25;;0.119
R4375;VDD.$1737.25;VDD.$1901.25;;0.108
R4376;VDD.$1738.18;VDD.$1739.25;;9.3
R4377;VDD.$1739.25;VDD.$1857.25;;0.052
R4378;VDD.$1739.25;VDD.$1903.25;;0.054
R4379;VDD.$174.15;VDD.$175.18;;585.0
R4380;VDD.$174.15;VDD.$184.15;;0.0
R4381;VDD.$1740.18;VDD.$1741.25;;9.3
R4382;VDD.$1741.25;VDD.$1749.25;;0.205
R4383;VDD.$1741.25;VDD.$1963.25;;0.186
R4384;VDD.$1742.18;VDD.$1743.25;;9.3
R4385;VDD.$1743.25;VDD.$1751.25;;0.044
R4386;VDD.$1743.25;VDD.$1965.25;;0.045
R4387;VDD.$1744.18;VDD.$1745.25;;9.3
R4388;VDD.$1745.25;VDD.$1747.25;;0.003
R4389;VDD.$1745.25;VDD.$1969.25;;0.043
R4390;VDD.$1746.18;VDD.$1747.25;;9.3
R4391;VDD.$1746.18;VDD.$1754.18;;18.432
R4392;VDD.$1746.18;VDD.$1968.18;;18.432
R4393;VDD.$1747.25;VDD.$1753.25;;0.043
R4394;VDD.$1748.18;VDD.$1749.25;;9.3
R4395;VDD.$1749.25;VDD.$1757.25;;0.228
R4396;VDD.$175.18;VDD.$1766.18;;0.0
R4397;VDD.$175.18;VDD.$1774.18;;27.106
R4398;VDD.$1750.18;VDD.$1751.25;;9.3
R4399;VDD.$1751.25;VDD.$1759.25;;0.043
R4400;VDD.$1752.18;VDD.$1753.25;;9.3
R4401;VDD.$1753.25;VDD.$1755.25;;0.003
R4402;VDD.$1754.18;VDD.$1755.25;;9.3
R4403;VDD.$1754.18;VDD.$1762.18;;18.432
R4404;VDD.$1755.25;VDD.$1761.25;;0.043
R4405;VDD.$1756.18;VDD.$1757.25;;9.3
R4406;VDD.$1757.25;VDD.$1765.25;;0.257
R4407;VDD.$1758.18;VDD.$1759.25;;9.3
R4408;VDD.$1759.25;VDD.$1767.25;;0.042
R4409;VDD.$176.15;VDD.$177.18;;585.0
R4410;VDD.$176.15;VDD.$186.15;;0.0
R4411;VDD.$1760.18;VDD.$1761.25;;9.3
R4412;VDD.$1761.25;VDD.$1763.25;;0.003
R4413;VDD.$1762.18;VDD.$1763.25;;9.3
R4414;VDD.$1762.18;VDD.$1770.18;;18.432
R4415;VDD.$1763.25;VDD.$1769.25;;0.043
R4416;VDD.$1764.18;VDD.$1765.25;;9.3
R4417;VDD.$1766.18;VDD.$1767.25;;9.3
R4418;VDD.$1767.25;VDD.$1775.25;;0.041
R4419;VDD.$1768.18;VDD.$1769.25;;9.3
R4420;VDD.$1768.18;VDD.$177.18;;0.0
R4421;VDD.$1769.25;VDD.$1771.25;;0.003
R4422;VDD.$177.18;VDD.$1776.18;;27.106
R4423;VDD.$1770.18;VDD.$1771.25;;9.3
R4424;VDD.$1770.18;VDD.$1778.18;;18.432
R4425;VDD.$1771.25;VDD.$1777.25;;0.043
R4426;VDD.$1772.18;VDD.$1773.25;;9.3
R4427;VDD.$1772.18;VDD.$183.18;;0.0
R4428;VDD.$1773.25;VDD.$1775.25;;0.0
R4429;VDD.$1773.25;VDD.$4629.25;;0.244
R4430;VDD.$1774.18;VDD.$1775.25;;9.3
R4431;VDD.$1774.18;VDD.$185.18;;0.0
R4432;VDD.$1776.18;VDD.$1777.25;;9.3
R4433;VDD.$1776.18;VDD.$187.18;;0.0
R4434;VDD.$1777.25;VDD.$1779.25;;0.003
R4435;VDD.$1778.18;VDD.$1779.25;;9.3
R4436;VDD.$1778.18;VDD.$1780.18;;18.432
R4437;VDD.$1779.25;VDD.$1781.25;;0.045
R4438;VDD.$178.15;VDD.$179.18;;585.0
R4439;VDD.$1780.18;VDD.$1781.25;;9.3
R4440;VDD.$1780.18;VDD.$1782.18;;18.432
R4441;VDD.$1781.25;VDD.$1783.25;;0.045
R4442;VDD.$1782.18;VDD.$1783.25;;9.3
R4443;VDD.$1782.18;VDD.$1784.18;;18.432
R4444;VDD.$1783.25;VDD.$1785.25;;0.045
R4445;VDD.$1784.18;VDD.$1785.25;;9.3
R4446;VDD.$1784.18;VDD.$1786.18;;18.432
R4447;VDD.$1785.25;VDD.$1787.25;;0.045
R4448;VDD.$1786.18;VDD.$1787.25;;9.3
R4449;VDD.$1786.18;VDD.$1788.18;;18.432
R4450;VDD.$1787.25;VDD.$1789.25;;0.045
R4451;VDD.$1788.18;VDD.$1789.25;;9.3
R4452;VDD.$1788.18;VDD.$1832.18;;59.985
R4453;VDD.$1789.25;VDD.$1833.25;;0.172
R4454;VDD.$179.18;VDD.$1862.18;;0.0
R4455;VDD.$1790.18;VDD.$1791.25;;9.3
R4456;VDD.$1790.18;VDD.$1792.18;;18.432
R4457;VDD.$1790.18;VDD.$1850.18;;18.432
R4458;VDD.$1791.25;VDD.$1793.25;;0.18
R4459;VDD.$1791.25;VDD.$1851.25;;0.18
R4460;VDD.$1792.18;VDD.$1793.25;;9.3
R4461;VDD.$1792.18;VDD.$1794.18;;18.432
R4462;VDD.$1793.25;VDD.$1795.25;;0.18
R4463;VDD.$1794.18;VDD.$1795.25;;9.3
R4464;VDD.$1794.18;VDD.$1796.18;;18.432
R4465;VDD.$1795.25;VDD.$1797.25;;0.18
R4466;VDD.$1796.18;VDD.$1797.25;;9.3
R4467;VDD.$1796.18;VDD.$1798.18;;18.432
R4468;VDD.$1797.25;VDD.$1799.25;;0.18
R4469;VDD.$1798.18;VDD.$1799.25;;9.3
R4470;VDD.$1798.18;VDD.$1800.18;;18.432
R4471;VDD.$1799.25;VDD.$4629.25;;0.047
R4472;VDD.$18.15;VDD.$19.18;;585.0
R4473;VDD.$18.15;VDD.$406.15;;0.0
R4474;VDD.$18.15;VDD.P14.15;;0.0
R4475;VDD.$180.15;VDD.$181.18;;585.0
R4476;VDD.$1800.18;VDD.$1801.25;;9.3
R4477;VDD.$1800.18;VDD.$1802.18;;18.432
R4478;VDD.$1801.25;VDD.$1803.25;;0.18
R4479;VDD.$1801.25;VDD.$4629.25;;0.133
R4480;VDD.$1802.18;VDD.$1803.25;;9.3
R4481;VDD.$1802.18;VDD.$1804.18;;18.432
R4482;VDD.$1803.25;VDD.$1805.25;;0.18
R4483;VDD.$1804.18;VDD.$1805.25;;9.3
R4484;VDD.$1804.18;VDD.$1806.18;;18.432
R4485;VDD.$1805.25;VDD.$1807.25;;0.18
R4486;VDD.$1806.18;VDD.$1807.25;;9.3
R4487;VDD.$1806.18;VDD.$1808.18;;18.432
R4488;VDD.$1807.25;VDD.$1809.25;;0.18
R4489;VDD.$1808.18;VDD.$1809.25;;9.3
R4490;VDD.$1808.18;VDD.$1810.18;;18.432
R4491;VDD.$1809.25;VDD.$1811.25;;0.18
R4492;VDD.$181.18;VDD.$1864.18;;0.0
R4493;VDD.$1810.18;VDD.$1811.25;;9.3
R4494;VDD.$1810.18;VDD.$1812.18;;18.432
R4495;VDD.$1811.25;VDD.$1813.25;;0.18
R4496;VDD.$1812.18;VDD.$1813.25;;9.3
R4497;VDD.$1812.18;VDD.$1814.18;;18.432
R4498;VDD.$1813.25;VDD.$1815.25;;0.18
R4499;VDD.$1814.18;VDD.$1815.25;;9.3
R4500;VDD.$1814.18;VDD.$1816.18;;18.432
R4501;VDD.$1815.25;VDD.$1817.25;;0.18
R4502;VDD.$1816.18;VDD.$1817.25;;9.3
R4503;VDD.$1816.18;VDD.$1818.18;;18.432
R4504;VDD.$1817.25;VDD.$1819.25;;0.18
R4505;VDD.$1818.18;VDD.$1819.25;;9.3
R4506;VDD.$1818.18;VDD.$1820.18;;18.432
R4507;VDD.$1819.25;VDD.$1821.25;;0.18
R4508;VDD.$182.15;VDD.$183.18;;585.0
R4509;VDD.$1820.18;VDD.$1821.25;;9.3
R4510;VDD.$1820.18;VDD.$1822.18;;18.432
R4511;VDD.$1821.25;VDD.$1823.25;;0.18
R4512;VDD.$1822.18;VDD.$1823.25;;9.3
R4513;VDD.$1822.18;VDD.$1824.18;;18.432
R4514;VDD.$1823.25;VDD.$1825.25;;0.18
R4515;VDD.$1824.18;VDD.$1825.25;;9.3
R4516;VDD.$1824.18;VDD.$1826.18;;18.432
R4517;VDD.$1825.25;VDD.$1827.25;;0.18
R4518;VDD.$1826.18;VDD.$1827.25;;9.3
R4519;VDD.$1826.18;VDD.$1828.18;;18.432
R4520;VDD.$1827.25;VDD.$1829.25;;0.18
R4521;VDD.$1828.18;VDD.$1829.25;;9.3
R4522;VDD.$1828.18;VDD.$1830.18;;18.432
R4523;VDD.$1829.25;VDD.$1831.25;;0.18
R4524;VDD.$1830.18;VDD.$1831.25;;9.3
R4525;VDD.$1830.18;VDD.$1832.18;;18.432
R4526;VDD.$1831.25;VDD.$1833.25;;0.235
R4527;VDD.$1832.18;VDD.$1833.25;;9.3
R4528;VDD.$1834.18;VDD.$1835.25;;9.3
R4529;VDD.$1834.18;VDD.$1836.18;;18.432
R4530;VDD.$1834.18;VDD.$1894.18;;18.432
R4531;VDD.$1835.25;VDD.$1837.25;;0.18
R4532;VDD.$1835.25;VDD.$1895.25;;0.18
R4533;VDD.$1836.18;VDD.$1837.25;;9.3
R4534;VDD.$1836.18;VDD.$1838.18;;18.432
R4535;VDD.$1837.25;VDD.$1839.25;;0.18
R4536;VDD.$1838.18;VDD.$1839.25;;9.3
R4537;VDD.$1838.18;VDD.$1840.18;;18.432
R4538;VDD.$1839.25;VDD.$1841.25;;0.18
R4539;VDD.$184.15;VDD.$185.18;;585.0
R4540;VDD.$1840.18;VDD.$1841.25;;9.3
R4541;VDD.$1840.18;VDD.$1842.18;;18.432
R4542;VDD.$1841.25;VDD.$1843.25;;0.18
R4543;VDD.$1842.18;VDD.$1843.25;;9.3
R4544;VDD.$1842.18;VDD.$1844.18;;18.432
R4545;VDD.$1843.25;VDD.$1845.25;;0.18
R4546;VDD.$1844.18;VDD.$1845.25;;9.3
R4547;VDD.$1844.18;VDD.$1846.18;;18.432
R4548;VDD.$1845.25;VDD.$1847.25;;0.18
R4549;VDD.$1846.18;VDD.$1847.25;;9.3
R4550;VDD.$1846.18;VDD.$1848.18;;18.432
R4551;VDD.$1847.25;VDD.$1849.25;;0.18
R4552;VDD.$1848.18;VDD.$1849.25;;9.3
R4553;VDD.$1848.18;VDD.$1850.18;;18.432
R4554;VDD.$1849.25;VDD.$1851.25;;0.18
R4555;VDD.$1850.18;VDD.$1851.25;;9.3
R4556;VDD.$1852.18;VDD.$1853.25;;9.3
R4557;VDD.$1853.25;VDD.$1865.25;;0.046
R4558;VDD.$1853.25;VDD.$4625.25;;0.036
R4559;VDD.$1854.18;VDD.$1855.25;;9.3
R4560;VDD.$1855.25;VDD.$1859.25;;0.132
R4561;VDD.$1856.18;VDD.$1857.25;;9.3
R4562;VDD.$1857.25;VDD.$1861.25;;0.049
R4563;VDD.$1858.18;VDD.$1859.25;;9.3
R4564;VDD.$1859.25;VDD.$4625.25;;0.033
R4565;VDD.$186.15;VDD.$187.18;;585.0
R4566;VDD.$1860.18;VDD.$1861.25;;9.3
R4567;VDD.$1861.25;VDD.$4625.25;;0.011
R4568;VDD.$1862.18;VDD.$1863.25;;9.3
R4569;VDD.$1863.25;VDD.$1867.25;;0.171
R4570;VDD.$1864.18;VDD.$1865.25;;9.3
R4571;VDD.$1865.25;VDD.$4624.25;;0.255
R4572;VDD.$1866.18;VDD.$1867.25;;9.3
R4573;VDD.$1867.25;VDD.$4625.25;;0.116
R4574;VDD.$1868.18;VDD.$1869.25;;9.3
R4575;VDD.$1868.18;VDD.$1870.18;;18.432
R4576;VDD.$1868.18;VDD.$2048.18;;18.432
R4577;VDD.$1869.25;VDD.$1871.25;;0.18
R4578;VDD.$1869.25;VDD.$2049.25;;0.18
R4579;VDD.$1870.18;VDD.$1871.25;;9.3
R4580;VDD.$1870.18;VDD.$1872.18;;18.432
R4581;VDD.$1871.25;VDD.$1873.25;;0.18
R4582;VDD.$1872.18;VDD.$1873.25;;9.3
R4583;VDD.$1872.18;VDD.$1874.18;;18.432
R4584;VDD.$1873.25;VDD.$1875.25;;0.18
R4585;VDD.$1874.18;VDD.$1875.25;;9.3
R4586;VDD.$1874.18;VDD.$1876.18;;18.432
R4587;VDD.$1875.25;VDD.$1877.25;;0.18
R4588;VDD.$1876.18;VDD.$1877.25;;9.3
R4589;VDD.$1876.18;VDD.$1878.18;;18.432
R4590;VDD.$1877.25;VDD.$1879.25;;0.18
R4591;VDD.$1878.18;VDD.$1879.25;;9.3
R4592;VDD.$1878.18;VDD.$1880.18;;18.432
R4593;VDD.$1879.25;VDD.$1881.25;;0.18
R4594;VDD.$188.15;VDD.$189.18;;585.0
R4595;VDD.$188.15;VDD.$266.15;;0.0
R4596;VDD.$188.15;VDD.P35.15;;0.0
R4597;VDD.$1880.18;VDD.$1881.25;;9.3
R4598;VDD.$1880.18;VDD.$1882.18;;18.432
R4599;VDD.$1881.25;VDD.$1883.25;;0.18
R4600;VDD.$1882.18;VDD.$1883.25;;9.3
R4601;VDD.$1882.18;VDD.$1884.18;;18.432
R4602;VDD.$1883.25;VDD.$1885.25;;0.18
R4603;VDD.$1884.18;VDD.$1885.25;;9.3
R4604;VDD.$1884.18;VDD.$1886.18;;18.432
R4605;VDD.$1885.25;VDD.$1887.25;;0.18
R4606;VDD.$1886.18;VDD.$1887.25;;9.3
R4607;VDD.$1886.18;VDD.$1888.18;;18.432
R4608;VDD.$1887.25;VDD.$4624.25;;0.163
R4609;VDD.$1888.18;VDD.$1889.25;;9.3
R4610;VDD.$1888.18;VDD.$1890.18;;18.432
R4611;VDD.$1889.25;VDD.$1891.25;;0.18
R4612;VDD.$1889.25;VDD.$4624.25;;0.018
R4613;VDD.$189.18;VDD.$2010.18;;27.106
R4614;VDD.$189.18;VDD.$2208.18;;0.0
R4615;VDD.$1890.18;VDD.$1891.25;;9.3
R4616;VDD.$1890.18;VDD.$1892.18;;18.432
R4617;VDD.$1891.25;VDD.$1893.25;;0.18
R4618;VDD.$1892.18;VDD.$1893.25;;9.3
R4619;VDD.$1892.18;VDD.$1894.18;;18.432
R4620;VDD.$1893.25;VDD.$1895.25;;0.18
R4621;VDD.$1894.18;VDD.$1895.25;;9.3
R4622;VDD.$1896.18;VDD.$1897.25;;9.3
R4623;VDD.$1897.25;VDD.$1901.25;;0.099
R4624;VDD.$1897.25;VDD.$1917.25;;0.091
R4625;VDD.$1898.18;VDD.$1899.25;;9.3
R4626;VDD.$1899.25;VDD.$1903.25;;0.057
R4627;VDD.$1899.25;VDD.$1919.25;;0.06
R4628;VDD.$19.18;VDD.$3858.18;;0.0
R4629;VDD.$19.18;VDD.$3866.18;;27.106
R4630;VDD.$190.15;VDD.$191.18;;585.0
R4631;VDD.$190.15;VDD.$268.15;;0.0
R4632;VDD.$190.15;VDD.P30.15;;0.0
R4633;VDD.$1900.18;VDD.$1901.25;;9.3
R4634;VDD.$1902.18;VDD.$1903.25;;9.3
R4635;VDD.$1904.18;VDD.$1905.25;;9.3
R4636;VDD.$1904.18;VDD.$59.18;;27.106
R4637;VDD.$1904.18;VDD.$67.18;;0.0
R4638;VDD.$1905.25;VDD.$1907.25;;0.072
R4639;VDD.$1905.25;VDD.$2425.25;;0.072
R4640;VDD.$1906.18;VDD.$1907.25;;9.3
R4641;VDD.$1906.18;VDD.$67.18;;27.106
R4642;VDD.$1906.18;VDD.$75.18;;0.0
R4643;VDD.$1907.25;VDD.$1909.25;;0.072
R4644;VDD.$1908.18;VDD.$1909.25;;9.3
R4645;VDD.$1908.18;VDD.$75.18;;27.106
R4646;VDD.$1908.18;VDD.$83.18;;0.0
R4647;VDD.$1909.25;VDD.$1911.25;;0.072
R4648;VDD.$191.18;VDD.$2012.18;;27.106
R4649;VDD.$191.18;VDD.$2192.18;;0.0
R4650;VDD.$1910.18;VDD.$1911.25;;9.3
R4651;VDD.$1910.18;VDD.$83.18;;27.106
R4652;VDD.$1910.18;VDD.$91.18;;0.0
R4653;VDD.$1911.25;VDD.$1915.25;;0.305
R4654;VDD.$1912.18;VDD.$1913.25;;9.3
R4655;VDD.$1912.18;VDD.$99.18;;0.0
R4656;VDD.$1913.25;VDD.$1917.25;;0.085
R4657;VDD.$1914.18;VDD.$1915.25;;9.3
R4658;VDD.$1915.25;VDD.$1919.25;;0.063
R4659;VDD.$1916.18;VDD.$1917.25;;9.3
R4660;VDD.$1916.18;VDD.$99.18;;27.106
R4661;VDD.$1918.18;VDD.$1919.25;;9.3
R4662;VDD.$192.15;VDD.$193.18;;585.0
R4663;VDD.$192.15;VDD.$236.15;;0.0
R4664;VDD.$192.15;VDD.$248.15;;0.0
R4665;VDD.$1920.18;VDD.$1921.25;;9.3
R4666;VDD.$1920.18;VDD.$1932.18;;18.432
R4667;VDD.$1920.18;VDD.$1988.18;;18.432
R4668;VDD.$1921.25;VDD.$1931.25;;0.043
R4669;VDD.$1921.25;VDD.$1989.25;;0.045
R4670;VDD.$1922.18;VDD.$1923.25;;9.3
R4671;VDD.$1922.18;VDD.$65.18;;27.106
R4672;VDD.$1922.18;VDD.$73.18;;0.0
R4673;VDD.$1923.25;VDD.$1925.25;;0.04
R4674;VDD.$1923.25;VDD.$1935.25;;0.005
R4675;VDD.$1924.18;VDD.$1925.25;;9.3
R4676;VDD.$1924.18;VDD.$1934.18;;18.432
R4677;VDD.$1924.18;VDD.$1958.18;;18.432
R4678;VDD.$1925.25;VDD.$1949.25;;0.005
R4679;VDD.$1926.18;VDD.$1927.25;;9.3
R4680;VDD.$1927.25;VDD.$1981.25;;0.479
R4681;VDD.$1927.25;VDD.$4642.25;;0.045
R4682;VDD.$1928.18;VDD.$1929.25;;9.3
R4683;VDD.$1929.25;VDD.$1983.25;;0.194
R4684;VDD.$1929.25;VDD.$4642.25;;0.015
R4685;VDD.$193.18;VDD.$2210.18;;27.106
R4686;VDD.$193.18;VDD.$2212.18;;0.0
R4687;VDD.$1930.18;VDD.$1931.25;;9.3
R4688;VDD.$1931.25;VDD.$1933.25;;0.003
R4689;VDD.$1932.18;VDD.$1933.25;;9.3
R4690;VDD.$1932.18;VDD.$1944.18;;18.432
R4691;VDD.$1933.25;VDD.$1943.25;;0.043
R4692;VDD.$1934.18;VDD.$1935.25;;9.3
R4693;VDD.$1934.18;VDD.$2416.18;;18.432
R4694;VDD.$1935.25;VDD.$2431.25;;0.04
R4695;VDD.$1936.18;VDD.$1937.25;;9.3
R4696;VDD.$1936.18;VDD.$69.18;;27.106
R4697;VDD.$1936.18;VDD.$77.18;;0.0
R4698;VDD.$1937.25;VDD.$1961.25;;0.098
R4699;VDD.$1937.25;VDD.$1971.25;;0.103
R4700;VDD.$1938.18;VDD.$1939.25;;9.3
R4701;VDD.$1939.25;VDD.$1951.25;;0.157
R4702;VDD.$1939.25;VDD.$4642.25;;0.101
R4703;VDD.$194.15;VDD.$195.18;;585.0
R4704;VDD.$194.15;VDD.$228.15;;0.0
R4705;VDD.$1940.18;VDD.$1941.25;;9.3
R4706;VDD.$1941.25;VDD.$1953.25;;0.047
R4707;VDD.$1941.25;VDD.$4642.25;;0.033
R4708;VDD.$1942.18;VDD.$1943.25;;9.3
R4709;VDD.$1943.25;VDD.$1945.25;;0.003
R4710;VDD.$1944.18;VDD.$1945.25;;9.3
R4711;VDD.$1944.18;VDD.$1956.18;;18.432
R4712;VDD.$1945.25;VDD.$1955.25;;0.043
R4713;VDD.$1946.18;VDD.$1947.25;;9.3
R4714;VDD.$1946.18;VDD.$71.18;;27.106
R4715;VDD.$1946.18;VDD.$79.18;;0.0
R4716;VDD.$1947.25;VDD.$1973.25;;0.055
R4717;VDD.$1947.25;VDD.$1979.25;;0.057
R4718;VDD.$1948.18;VDD.$1949.25;;9.3
R4719;VDD.$1948.18;VDD.$73.18;;27.106
R4720;VDD.$1948.18;VDD.$81.18;;0.0
R4721;VDD.$1949.25;VDD.$1959.25;;0.04
R4722;VDD.$195.18;VDD.$2160.18;;0.0
R4723;VDD.$195.18;VDD.$2182.18;;27.106
R4724;VDD.$1950.18;VDD.$1951.25;;9.3
R4725;VDD.$1951.25;VDD.$1963.25;;0.171
R4726;VDD.$1952.18;VDD.$1953.25;;9.3
R4727;VDD.$1953.25;VDD.$1965.25;;0.046
R4728;VDD.$1954.18;VDD.$1955.25;;9.3
R4729;VDD.$1955.25;VDD.$1957.25;;0.003
R4730;VDD.$1956.18;VDD.$1957.25;;9.3
R4731;VDD.$1956.18;VDD.$1968.18;;18.432
R4732;VDD.$1957.25;VDD.$1967.25;;0.043
R4733;VDD.$1958.18;VDD.$1959.25;;9.3
R4734;VDD.$1958.18;VDD.$1976.18;;18.432
R4735;VDD.$1959.25;VDD.$1975.25;;0.005
R4736;VDD.$196.15;VDD.$197.18;;585.0
R4737;VDD.$196.15;VDD.$230.15;;0.0
R4738;VDD.$1960.18;VDD.$1961.25;;9.3
R4739;VDD.$1960.18;VDD.$61.18;;27.106
R4740;VDD.$1960.18;VDD.$69.18;;0.0
R4741;VDD.$1961.25;VDD.$2427.25;;0.093
R4742;VDD.$1962.18;VDD.$1963.25;;9.3
R4743;VDD.$1964.18;VDD.$1965.25;;9.3
R4744;VDD.$1966.18;VDD.$1967.25;;9.3
R4745;VDD.$1967.25;VDD.$1969.25;;0.003
R4746;VDD.$1968.18;VDD.$1969.25;;9.3
R4747;VDD.$197.18;VDD.$1990.18;;0.0
R4748;VDD.$197.18;VDD.$2014.18;;27.106
R4749;VDD.$1970.18;VDD.$1971.25;;9.3
R4750;VDD.$1970.18;VDD.$77.18;;27.106
R4751;VDD.$1970.18;VDD.$85.18;;0.0
R4752;VDD.$1971.25;VDD.$1981.25;;0.108
R4753;VDD.$1972.18;VDD.$1973.25;;9.3
R4754;VDD.$1972.18;VDD.$79.18;;27.106
R4755;VDD.$1972.18;VDD.$87.18;;0.0
R4756;VDD.$1973.25;VDD.$1983.25;;0.054
R4757;VDD.$1974.18;VDD.$1975.25;;9.3
R4758;VDD.$1974.18;VDD.$81.18;;27.106
R4759;VDD.$1974.18;VDD.$89.18;;0.0
R4760;VDD.$1975.25;VDD.$1977.25;;0.04
R4761;VDD.$1976.18;VDD.$1977.25;;9.3
R4762;VDD.$1976.18;VDD.$1986.18;;18.432
R4763;VDD.$1977.25;VDD.$1985.25;;0.005
R4764;VDD.$1978.18;VDD.$1979.25;;9.3
R4765;VDD.$1978.18;VDD.$63.18;;27.106
R4766;VDD.$1978.18;VDD.$71.18;;0.0
R4767;VDD.$1979.25;VDD.$2429.25;;0.059
R4768;VDD.$198.15;VDD.$199.18;;585.0
R4769;VDD.$198.15;VDD.$232.15;;0.0
R4770;VDD.$1980.18;VDD.$1981.25;;9.3
R4771;VDD.$1980.18;VDD.$85.18;;27.106
R4772;VDD.$1980.18;VDD.$93.18;;0.0
R4773;VDD.$1982.18;VDD.$1983.25;;9.3
R4774;VDD.$1982.18;VDD.$87.18;;27.106
R4775;VDD.$1982.18;VDD.$95.18;;0.0
R4776;VDD.$1984.18;VDD.$1985.25;;9.3
R4777;VDD.$1984.18;VDD.$89.18;;27.106
R4778;VDD.$1984.18;VDD.$97.18;;0.0
R4779;VDD.$1985.25;VDD.$1987.25;;0.04
R4780;VDD.$1986.18;VDD.$1987.25;;9.3
R4781;VDD.$1986.18;VDD.$1988.18;;18.432
R4782;VDD.$1987.25;VDD.$1989.25;;0.045
R4783;VDD.$1988.18;VDD.$1989.25;;9.3
R4784;VDD.$199.18;VDD.$2200.18;;0.0
R4785;VDD.$199.18;VDD.$2204.18;;27.106
R4786;VDD.$1990.18;VDD.$1991.25;;9.3
R4787;VDD.$1991.25;VDD.$1999.25;;0.285
R4788;VDD.$1991.25;VDD.$2015.25;;0.085
R4789;VDD.$1992.18;VDD.$1993.25;;9.3
R4790;VDD.$1992.18;VDD.$259.18;;27.106
R4791;VDD.$1992.18;VDD.$277.18;;0.0
R4792;VDD.$1993.25;VDD.$2025.25;;0.171
R4793;VDD.$1994.18;VDD.$1995.25;;9.3
R4794;VDD.$1994.18;VDD.$265.18;;27.106
R4795;VDD.$1994.18;VDD.$291.18;;0.0
R4796;VDD.$1995.25;VDD.$2009.25;;0.108
R4797;VDD.$1995.25;VDD.$2023.25;;0.099
R4798;VDD.$1996.18;VDD.$1997.25;;9.3
R4799;VDD.$1996.18;VDD.$247.18;;0.0
R4800;VDD.$1996.18;VDD.$283.18;;27.106
R4801;VDD.$1997.25;VDD.$2001.25;;0.072
R4802;VDD.$1997.25;VDD.$2309.25;;0.072
R4803;VDD.$1998.18;VDD.$1999.25;;9.3
R4804;VDD.$1998.18;VDD.$219.18;;27.106
R4805;VDD.$1998.18;VDD.$271.18;;0.0
R4806;VDD.$1999.25;VDD.$2019.25;;0.072
R4807;VDD.$2.15;VDD.$3.18;;585.0
R4808;VDD.$2.15;VDD.$774.15;;0.0
R4809;VDD.$2.15;VDD.P65.15;;0.0
R4810;VDD.$20.15;VDD.$21.18;;585.0
R4811;VDD.$20.15;VDD.$378.15;;0.0
R4812;VDD.$20.15;VDD.P15.15;;0.0
R4813;VDD.$200.15;VDD.$201.18;;585.0
R4814;VDD.$200.15;VDD.$234.15;;0.0
R4815;VDD.$2000.18;VDD.$2001.25;;9.3
R4816;VDD.$2000.18;VDD.$247.18;;27.106
R4817;VDD.$2000.18;VDD.$287.18;;0.0
R4818;VDD.$2001.25;VDD.$2019.25;;0.072
R4819;VDD.$2002.18;VDD.$2003.25;;9.3
R4820;VDD.$2002.18;VDD.$477.18;;27.106
R4821;VDD.$2002.18;VDD.$493.18;;0.0
R4822;VDD.$2003.25;VDD.$2119.25;;0.052
R4823;VDD.$2003.25;VDD.$2163.25;;0.054
R4824;VDD.$2004.18;VDD.$2005.25;;9.3
R4825;VDD.$2004.18;VDD.$479.18;;27.106
R4826;VDD.$2004.18;VDD.$495.18;;0.0
R4827;VDD.$2005.25;VDD.$2121.25;;0.119
R4828;VDD.$2005.25;VDD.$2185.25;;0.108
R4829;VDD.$2006.18;VDD.$2007.25;;9.3
R4830;VDD.$2006.18;VDD.$203.18;;0.0
R4831;VDD.$2006.18;VDD.$289.18;;27.106
R4832;VDD.$2007.25;VDD.$2123.25;;0.052
R4833;VDD.$2007.25;VDD.$2159.25;;0.054
R4834;VDD.$2008.18;VDD.$2009.25;;9.3
R4835;VDD.$2008.18;VDD.$205.18;;0.0
R4836;VDD.$2008.18;VDD.$291.18;;27.106
R4837;VDD.$2009.25;VDD.$2017.25;;0.119
R4838;VDD.$201.18;VDD.$2202.18;;0.0
R4839;VDD.$201.18;VDD.$2206.18;;27.106
R4840;VDD.$2010.18;VDD.$2011.25;;9.3
R4841;VDD.$2010.18;VDD.$207.18;;0.0
R4842;VDD.$2011.25;VDD.$2069.25;;0.119
R4843;VDD.$2011.25;VDD.$2209.25;;0.108
R4844;VDD.$2012.18;VDD.$2013.25;;9.3
R4845;VDD.$2012.18;VDD.$209.18;;0.0
R4846;VDD.$2013.25;VDD.$2071.25;;0.052
R4847;VDD.$2013.25;VDD.$2193.25;;0.054
R4848;VDD.$2014.18;VDD.$2015.25;;9.3
R4849;VDD.$2014.18;VDD.$231.18;;0.0
R4850;VDD.$2015.25;VDD.$2023.25;;0.091
R4851;VDD.$2016.18;VDD.$2017.25;;9.3
R4852;VDD.$2016.18;VDD.$205.18;;27.106
R4853;VDD.$2016.18;VDD.$223.18;;0.0
R4854;VDD.$2017.25;VDD.$2021.25;;0.132
R4855;VDD.$2018.18;VDD.$2019.25;;9.3
R4856;VDD.$2018.18;VDD.$219.18;;0.0
R4857;VDD.$2018.18;VDD.$287.18;;27.106
R4858;VDD.$202.15;VDD.$203.18;;585.0
R4859;VDD.$202.15;VDD.$220.15;;0.0
R4860;VDD.$202.15;VDD.P39.15;;0.0
R4861;VDD.$2020.18;VDD.$2021.25;;9.3
R4862;VDD.$2020.18;VDD.$223.18;;27.106
R4863;VDD.$2020.18;VDD.$241.18;;0.0
R4864;VDD.$2021.25;VDD.$4627.25;;0.033
R4865;VDD.$2022.18;VDD.$2023.25;;9.3
R4866;VDD.$2022.18;VDD.$231.18;;27.106
R4867;VDD.$2022.18;VDD.$265.18;;0.0
R4868;VDD.$2024.18;VDD.$2025.25;;9.3
R4869;VDD.$2024.18;VDD.$241.18;;27.106
R4870;VDD.$2024.18;VDD.$259.18;;0.0
R4871;VDD.$2025.25;VDD.$4627.25;;0.116
R4872;VDD.$2026.18;VDD.$2027.25;;9.3
R4873;VDD.$2026.18;VDD.$2028.18;;18.432
R4874;VDD.$2026.18;VDD.$2082.18;;18.432
R4875;VDD.$2027.25;VDD.$2029.25;;0.18
R4876;VDD.$2027.25;VDD.$2083.25;;0.18
R4877;VDD.$2028.18;VDD.$2029.25;;9.3
R4878;VDD.$2028.18;VDD.$2030.18;;18.432
R4879;VDD.$2029.25;VDD.$2031.25;;0.18
R4880;VDD.$203.18;VDD.$2122.18;;27.106
R4881;VDD.$2030.18;VDD.$2031.25;;9.3
R4882;VDD.$2030.18;VDD.$2032.18;;18.432
R4883;VDD.$2031.25;VDD.$2033.25;;0.18
R4884;VDD.$2032.18;VDD.$2033.25;;9.3
R4885;VDD.$2032.18;VDD.$2034.18;;18.432
R4886;VDD.$2033.25;VDD.$2035.25;;0.18
R4887;VDD.$2034.18;VDD.$2035.25;;9.3
R4888;VDD.$2034.18;VDD.$2036.18;;18.432
R4889;VDD.$2035.25;VDD.$4630.25;;0.098
R4890;VDD.$2036.18;VDD.$2037.25;;9.3
R4891;VDD.$2036.18;VDD.$2038.18;;18.432
R4892;VDD.$2037.25;VDD.$2039.25;;0.18
R4893;VDD.$2037.25;VDD.$4630.25;;0.083
R4894;VDD.$2038.18;VDD.$2039.25;;9.3
R4895;VDD.$2038.18;VDD.$2040.18;;18.432
R4896;VDD.$2039.25;VDD.$2041.25;;0.18
R4897;VDD.$204.15;VDD.$205.18;;585.0
R4898;VDD.$204.15;VDD.$222.15;;0.0
R4899;VDD.$204.15;VDD.P34.15;;0.0
R4900;VDD.$2040.18;VDD.$2041.25;;9.3
R4901;VDD.$2040.18;VDD.$2042.18;;18.432
R4902;VDD.$2041.25;VDD.$2043.25;;0.18
R4903;VDD.$2042.18;VDD.$2043.25;;9.3
R4904;VDD.$2042.18;VDD.$2044.18;;18.432
R4905;VDD.$2043.25;VDD.$2045.25;;0.18
R4906;VDD.$2044.18;VDD.$2045.25;;9.3
R4907;VDD.$2044.18;VDD.$2046.18;;18.432
R4908;VDD.$2045.25;VDD.$2047.25;;0.18
R4909;VDD.$2046.18;VDD.$2047.25;;9.3
R4910;VDD.$2046.18;VDD.$2048.18;;18.432
R4911;VDD.$2047.25;VDD.$2049.25;;0.18
R4912;VDD.$2048.18;VDD.$2049.25;;9.3
R4913;VDD.$2050.18;VDD.$2051.25;;9.3
R4914;VDD.$2050.18;VDD.$263.18;;27.106
R4915;VDD.$2050.18;VDD.$281.18;;0.0
R4916;VDD.$2051.25;VDD.$2087.25;;0.046
R4917;VDD.$2051.25;VDD.$4630.25;;0.255
R4918;VDD.$2052.18;VDD.$2053.25;;9.3
R4919;VDD.$2052.18;VDD.$261.18;;27.106
R4920;VDD.$2052.18;VDD.$279.18;;0.0
R4921;VDD.$2053.25;VDD.$2085.25;;0.171
R4922;VDD.$2054.18;VDD.$2055.25;;9.3
R4923;VDD.$2054.18;VDD.$2056.18;;18.432
R4924;VDD.$2054.18;VDD.$2106.18;;18.432
R4925;VDD.$2055.25;VDD.$2057.25;;0.18
R4926;VDD.$2055.25;VDD.$2107.25;;0.18
R4927;VDD.$2056.18;VDD.$2057.25;;9.3
R4928;VDD.$2056.18;VDD.$2058.18;;18.432
R4929;VDD.$2057.25;VDD.$2059.25;;0.18
R4930;VDD.$2058.18;VDD.$2059.25;;9.3
R4931;VDD.$2058.18;VDD.$2060.18;;18.432
R4932;VDD.$2059.25;VDD.$2061.25;;0.18
R4933;VDD.$206.15;VDD.$207.18;;585.0
R4934;VDD.$206.15;VDD.$224.15;;0.0
R4935;VDD.$206.15;VDD.P35.15;;0.0
R4936;VDD.$2060.18;VDD.$2061.25;;9.3
R4937;VDD.$2060.18;VDD.$2062.18;;18.432
R4938;VDD.$2061.25;VDD.$2063.25;;0.18
R4939;VDD.$2062.18;VDD.$2063.25;;9.3
R4940;VDD.$2062.18;VDD.$2064.18;;18.432
R4941;VDD.$2063.25;VDD.$2065.25;;0.18
R4942;VDD.$2064.18;VDD.$2065.25;;9.3
R4943;VDD.$2064.18;VDD.$2066.18;;18.432
R4944;VDD.$2065.25;VDD.$2067.25;;0.18
R4945;VDD.$2066.18;VDD.$2067.25;;9.3
R4946;VDD.$2066.18;VDD.$2072.18;;18.432
R4947;VDD.$2067.25;VDD.$2073.25;;0.18
R4948;VDD.$2068.18;VDD.$2069.25;;9.3
R4949;VDD.$2068.18;VDD.$207.18;;27.106
R4950;VDD.$2068.18;VDD.$225.18;;0.0
R4951;VDD.$2069.25;VDD.$2077.25;;0.132
R4952;VDD.$2070.18;VDD.$2071.25;;9.3
R4953;VDD.$2070.18;VDD.$209.18;;27.106
R4954;VDD.$2070.18;VDD.$227.18;;0.0
R4955;VDD.$2071.25;VDD.$2079.25;;0.049
R4956;VDD.$2072.18;VDD.$2073.25;;9.3
R4957;VDD.$2072.18;VDD.$2074.18;;18.432
R4958;VDD.$2073.25;VDD.$2075.25;;0.18
R4959;VDD.$2074.18;VDD.$2075.25;;9.3
R4960;VDD.$2074.18;VDD.$2080.18;;18.432
R4961;VDD.$2075.25;VDD.$2081.25;;0.18
R4962;VDD.$2076.18;VDD.$2077.25;;9.3
R4963;VDD.$2076.18;VDD.$225.18;;27.106
R4964;VDD.$2076.18;VDD.$243.18;;0.0
R4965;VDD.$2077.25;VDD.$4639.25;;0.033
R4966;VDD.$2078.18;VDD.$2079.25;;9.3
R4967;VDD.$2078.18;VDD.$227.18;;27.106
R4968;VDD.$2078.18;VDD.$245.18;;0.0
R4969;VDD.$2079.25;VDD.$4639.25;;0.011
R4970;VDD.$208.15;VDD.$209.18;;585.0
R4971;VDD.$208.15;VDD.$226.15;;0.0
R4972;VDD.$208.15;VDD.P30.15;;0.0
R4973;VDD.$2080.18;VDD.$2081.25;;9.3
R4974;VDD.$2080.18;VDD.$2082.18;;18.432
R4975;VDD.$2081.25;VDD.$2083.25;;0.18
R4976;VDD.$2082.18;VDD.$2083.25;;9.3
R4977;VDD.$2084.18;VDD.$2085.25;;9.3
R4978;VDD.$2084.18;VDD.$243.18;;27.106
R4979;VDD.$2084.18;VDD.$261.18;;0.0
R4980;VDD.$2085.25;VDD.$4639.25;;0.116
R4981;VDD.$2086.18;VDD.$2087.25;;9.3
R4982;VDD.$2086.18;VDD.$245.18;;27.106
R4983;VDD.$2086.18;VDD.$263.18;;0.0
R4984;VDD.$2087.25;VDD.$4639.25;;0.036
R4985;VDD.$2088.18;VDD.$2089.25;;9.3
R4986;VDD.$2088.18;VDD.$2090.18;;18.432
R4987;VDD.$2088.18;VDD.$2156.18;;18.432
R4988;VDD.$2089.25;VDD.$2091.25;;0.18
R4989;VDD.$2089.25;VDD.$2157.25;;0.18
R4990;VDD.$2090.18;VDD.$2091.25;;9.3
R4991;VDD.$2090.18;VDD.$2092.18;;18.432
R4992;VDD.$2091.25;VDD.$2093.25;;0.18
R4993;VDD.$2092.18;VDD.$2093.25;;9.3
R4994;VDD.$2092.18;VDD.$2094.18;;18.432
R4995;VDD.$2093.25;VDD.$2095.25;;0.18
R4996;VDD.$2094.18;VDD.$2095.25;;9.3
R4997;VDD.$2094.18;VDD.$2096.18;;18.432
R4998;VDD.$2095.25;VDD.$2097.25;;0.18
R4999;VDD.$2096.18;VDD.$2097.25;;9.3
R5000;VDD.$2096.18;VDD.$2098.18;;18.432
R5001;VDD.$2097.25;VDD.$2099.25;;0.18
R5002;VDD.$2098.18;VDD.$2099.25;;9.3
R5003;VDD.$2098.18;VDD.$2100.18;;18.432
R5004;VDD.$2099.25;VDD.$2101.25;;0.18
R5005;VDD.$21.18;VDD.$3860.18;;0.0
R5006;VDD.$21.18;VDD.$3868.18;;27.106
R5007;VDD.$210.15;VDD.$211.18;;585.0
R5008;VDD.$210.15;VDD.$250.15;;0.0
R5009;VDD.$210.15;VDD.P78.15;;0.0
R5010;VDD.$2100.18;VDD.$2101.25;;9.3
R5011;VDD.$2100.18;VDD.$2102.18;;18.432
R5012;VDD.$2101.25;VDD.$2103.25;;0.18
R5013;VDD.$2102.18;VDD.$2103.25;;9.3
R5014;VDD.$2102.18;VDD.$2104.18;;18.432
R5015;VDD.$2103.25;VDD.$2105.25;;0.18
R5016;VDD.$2104.18;VDD.$2105.25;;9.3
R5017;VDD.$2104.18;VDD.$2106.18;;18.432
R5018;VDD.$2105.25;VDD.$4626.25;;0.033
R5019;VDD.$2106.18;VDD.$2107.25;;9.3
R5020;VDD.$2107.25;VDD.$4626.25;;0.147
R5021;VDD.$2108.18;VDD.$2109.25;;9.3
R5022;VDD.$2108.18;VDD.$525.18;;27.106
R5023;VDD.$2108.18;VDD.$537.18;;0.0
R5024;VDD.$2109.25;VDD.$2147.25;;0.046
R5025;VDD.$2109.25;VDD.$4631.25;;0.255
R5026;VDD.$211.18;VDD.$2302.18;;0.0
R5027;VDD.$211.18;VDD.$2308.18;;27.106
R5028;VDD.$2110.18;VDD.$2111.25;;9.3
R5029;VDD.$2110.18;VDD.$527.18;;27.106
R5030;VDD.$2110.18;VDD.$539.18;;0.0
R5031;VDD.$2111.25;VDD.$2149.25;;0.171
R5032;VDD.$2112.18;VDD.$2113.25;;9.3
R5033;VDD.$2112.18;VDD.$257.18;;27.106
R5034;VDD.$2112.18;VDD.$275.18;;0.0
R5035;VDD.$2113.25;VDD.$2151.25;;0.046
R5036;VDD.$2113.25;VDD.$4626.25;;0.255
R5037;VDD.$2114.18;VDD.$2115.25;;9.3
R5038;VDD.$2114.18;VDD.$2116.18;;18.432
R5039;VDD.$2114.18;VDD.$2614.18;;18.432
R5040;VDD.$2115.25;VDD.$2117.25;;0.18
R5041;VDD.$2115.25;VDD.$2615.25;;0.18
R5042;VDD.$2116.18;VDD.$2117.25;;9.3
R5043;VDD.$2116.18;VDD.$2124.18;;18.432
R5044;VDD.$2117.25;VDD.$2125.25;;0.18
R5045;VDD.$2118.18;VDD.$2119.25;;9.3
R5046;VDD.$2118.18;VDD.$493.18;;27.106
R5047;VDD.$2118.18;VDD.$505.18;;0.0
R5048;VDD.$2119.25;VDD.$2133.25;;0.049
R5049;VDD.$212.15;VDD.$213.18;;585.0
R5050;VDD.$212.15;VDD.$252.15;;0.0
R5051;VDD.$212.15;VDD.P73.15;;0.0
R5052;VDD.$2120.18;VDD.$2121.25;;9.3
R5053;VDD.$2120.18;VDD.$495.18;;27.106
R5054;VDD.$2120.18;VDD.$507.18;;0.0
R5055;VDD.$2121.25;VDD.$2135.25;;0.132
R5056;VDD.$2122.18;VDD.$2123.25;;9.3
R5057;VDD.$2122.18;VDD.$221.18;;0.0
R5058;VDD.$2123.25;VDD.$2137.25;;0.049
R5059;VDD.$2124.18;VDD.$2125.25;;9.3
R5060;VDD.$2124.18;VDD.$2126.18;;18.432
R5061;VDD.$2125.25;VDD.$2127.25;;0.18
R5062;VDD.$2126.18;VDD.$2127.25;;9.3
R5063;VDD.$2126.18;VDD.$2128.18;;18.432
R5064;VDD.$2127.25;VDD.$4631.25;;0.147
R5065;VDD.$2128.18;VDD.$2129.25;;9.3
R5066;VDD.$2128.18;VDD.$2130.18;;18.432
R5067;VDD.$2129.25;VDD.$2131.25;;0.18
R5068;VDD.$2129.25;VDD.$4631.25;;0.033
R5069;VDD.$213.18;VDD.$2214.18;;27.106
R5070;VDD.$213.18;VDD.$2304.18;;0.0
R5071;VDD.$2130.18;VDD.$2131.25;;9.3
R5072;VDD.$2130.18;VDD.$2138.18;;18.432
R5073;VDD.$2131.25;VDD.$2139.25;;0.18
R5074;VDD.$2132.18;VDD.$2133.25;;9.3
R5075;VDD.$2132.18;VDD.$505.18;;27.106
R5076;VDD.$2132.18;VDD.$513.18;;0.0
R5077;VDD.$2133.25;VDD.$4635.25;;0.011
R5078;VDD.$2134.18;VDD.$2135.25;;9.3
R5079;VDD.$2134.18;VDD.$507.18;;27.106
R5080;VDD.$2134.18;VDD.$515.18;;0.0
R5081;VDD.$2135.25;VDD.$4635.25;;0.033
R5082;VDD.$2136.18;VDD.$2137.25;;9.3
R5083;VDD.$2136.18;VDD.$221.18;;27.106
R5084;VDD.$2136.18;VDD.$239.18;;0.0
R5085;VDD.$2137.25;VDD.$4627.25;;0.011
R5086;VDD.$2138.18;VDD.$2139.25;;9.3
R5087;VDD.$2138.18;VDD.$2140.18;;18.432
R5088;VDD.$2139.25;VDD.$2141.25;;0.18
R5089;VDD.$214.15;VDD.$215.18;;585.0
R5090;VDD.$214.15;VDD.$22.15;;0.0
R5091;VDD.$214.15;VDD.$250.15;;0.0
R5092;VDD.$2140.18;VDD.$2141.25;;9.3
R5093;VDD.$2140.18;VDD.$2142.18;;18.432
R5094;VDD.$2141.25;VDD.$2143.25;;0.18
R5095;VDD.$2142.18;VDD.$2143.25;;9.3
R5096;VDD.$2142.18;VDD.$2144.18;;18.432
R5097;VDD.$2143.25;VDD.$2145.25;;0.18
R5098;VDD.$2144.18;VDD.$2145.25;;9.3
R5099;VDD.$2144.18;VDD.$2152.18;;18.432
R5100;VDD.$2145.25;VDD.$2153.25;;0.18
R5101;VDD.$2146.18;VDD.$2147.25;;9.3
R5102;VDD.$2146.18;VDD.$513.18;;27.106
R5103;VDD.$2146.18;VDD.$525.18;;0.0
R5104;VDD.$2147.25;VDD.$4635.25;;0.036
R5105;VDD.$2148.18;VDD.$2149.25;;9.3
R5106;VDD.$2148.18;VDD.$515.18;;27.106
R5107;VDD.$2148.18;VDD.$527.18;;0.0
R5108;VDD.$2149.25;VDD.$4635.25;;0.116
R5109;VDD.$215.18;VDD.$2290.18;;0.0
R5110;VDD.$215.18;VDD.$2296.18;;27.106
R5111;VDD.$2150.18;VDD.$2151.25;;9.3
R5112;VDD.$2150.18;VDD.$239.18;;27.106
R5113;VDD.$2150.18;VDD.$257.18;;0.0
R5114;VDD.$2151.25;VDD.$4627.25;;0.036
R5115;VDD.$2152.18;VDD.$2153.25;;9.3
R5116;VDD.$2152.18;VDD.$2154.18;;18.432
R5117;VDD.$2153.25;VDD.$2155.25;;0.18
R5118;VDD.$2154.18;VDD.$2155.25;;9.3
R5119;VDD.$2154.18;VDD.$2156.18;;18.432
R5120;VDD.$2155.25;VDD.$2157.25;;0.18
R5121;VDD.$2156.18;VDD.$2157.25;;9.3
R5122;VDD.$2158.18;VDD.$2159.25;;9.3
R5123;VDD.$2158.18;VDD.$255.18;;27.106
R5124;VDD.$2158.18;VDD.$289.18;;0.0
R5125;VDD.$2159.25;VDD.$2171.25;;0.057
R5126;VDD.$216.15;VDD.$217.18;;585.0
R5127;VDD.$216.15;VDD.$24.15;;0.0
R5128;VDD.$216.15;VDD.$252.15;;0.0
R5129;VDD.$2160.18;VDD.$2161.25;;9.3
R5130;VDD.$2161.25;VDD.$2183.25;;0.063
R5131;VDD.$2162.18;VDD.$2163.25;;9.3
R5132;VDD.$2162.18;VDD.$463.18;;27.106
R5133;VDD.$2162.18;VDD.$477.18;;0.0
R5134;VDD.$2163.25;VDD.$2167.25;;0.057
R5135;VDD.$2164.18;VDD.$2165.25;;9.3
R5136;VDD.$2164.18;VDD.$481.18;;27.106
R5137;VDD.$2164.18;VDD.$485.18;;0.0
R5138;VDD.$2165.25;VDD.$2177.25;;0.072
R5139;VDD.$2165.25;VDD.$2181.25;;0.072
R5140;VDD.$2166.18;VDD.$2167.25;;9.3
R5141;VDD.$2166.18;VDD.$455.18;;27.106
R5142;VDD.$2166.18;VDD.$463.18;;0.0
R5143;VDD.$2167.25;VDD.$2175.25;;0.06
R5144;VDD.$2168.18;VDD.$2169.25;;9.3
R5145;VDD.$2168.18;VDD.$457.18;;27.106
R5146;VDD.$2168.18;VDD.$465.18;;0.0
R5147;VDD.$2169.25;VDD.$2179.25;;0.091
R5148;VDD.$2169.25;VDD.$2185.25;;0.099
R5149;VDD.$217.18;VDD.$2292.18;;0.0
R5150;VDD.$217.18;VDD.$2298.18;;27.106
R5151;VDD.$2170.18;VDD.$2171.25;;9.3
R5152;VDD.$2170.18;VDD.$229.18;;27.106
R5153;VDD.$2170.18;VDD.$255.18;;0.0
R5154;VDD.$2171.25;VDD.$2183.25;;0.06
R5155;VDD.$2172.18;VDD.$2173.25;;9.3
R5156;VDD.$2172.18;VDD.$437.18;;27.106
R5157;VDD.$2172.18;VDD.$441.18;;0.0
R5158;VDD.$2173.25;VDD.$2177.25;;0.072
R5159;VDD.$2173.25;VDD.$2189.25;;0.285
R5160;VDD.$2174.18;VDD.$2175.25;;9.3
R5161;VDD.$2174.18;VDD.$447.18;;27.106
R5162;VDD.$2174.18;VDD.$455.18;;0.0
R5163;VDD.$2175.25;VDD.$2187.25;;0.063
R5164;VDD.$2176.18;VDD.$2177.25;;9.3
R5165;VDD.$2176.18;VDD.$437.18;;0.0
R5166;VDD.$2176.18;VDD.$485.18;;27.106
R5167;VDD.$2178.18;VDD.$2179.25;;9.3
R5168;VDD.$2178.18;VDD.$449.18;;27.106
R5169;VDD.$2178.18;VDD.$457.18;;0.0
R5170;VDD.$2179.25;VDD.$2189.25;;0.085
R5171;VDD.$218.15;VDD.$219.18;;585.0
R5172;VDD.$218.15;VDD.$270.15;;0.0
R5173;VDD.$218.15;VDD.$286.15;;0.0
R5174;VDD.$2180.18;VDD.$2181.25;;9.3
R5175;VDD.$2180.18;VDD.$469.18;;27.106
R5176;VDD.$2180.18;VDD.$481.18;;0.0
R5177;VDD.$2181.25;VDD.$2307.25;;0.072
R5178;VDD.$2182.18;VDD.$2183.25;;9.3
R5179;VDD.$2182.18;VDD.$229.18;;0.0
R5180;VDD.$2184.18;VDD.$2185.25;;9.3
R5181;VDD.$2184.18;VDD.$465.18;;27.106
R5182;VDD.$2184.18;VDD.$479.18;;0.0
R5183;VDD.$2186.18;VDD.$2187.25;;9.3
R5184;VDD.$2186.18;VDD.$447.18;;0.0
R5185;VDD.$2188.18;VDD.$2189.25;;9.3
R5186;VDD.$2188.18;VDD.$449.18;;0.0
R5187;VDD.$2190.18;VDD.$2191.25;;9.3
R5188;VDD.$2190.18;VDD.$249.18;;0.0
R5189;VDD.$2190.18;VDD.$285.18;;27.106
R5190;VDD.$2191.25;VDD.$2213.25;;0.072
R5191;VDD.$2191.25;VDD.$2215.25;;0.072
R5192;VDD.$2192.18;VDD.$2193.25;;9.3
R5193;VDD.$2192.18;VDD.$269.18;;27.106
R5194;VDD.$2193.25;VDD.$2197.25;;0.057
R5195;VDD.$2194.18;VDD.$2195.25;;9.3
R5196;VDD.$2194.18;VDD.$233.18;;27.106
R5197;VDD.$2194.18;VDD.$267.18;;0.0
R5198;VDD.$2195.25;VDD.$2205.25;;0.091
R5199;VDD.$2195.25;VDD.$2209.25;;0.099
R5200;VDD.$2196.18;VDD.$2197.25;;9.3
R5201;VDD.$2196.18;VDD.$235.18;;27.106
R5202;VDD.$2196.18;VDD.$269.18;;0.0
R5203;VDD.$2197.25;VDD.$2207.25;;0.06
R5204;VDD.$2198.18;VDD.$2199.25;;9.3
R5205;VDD.$2198.18;VDD.$237.18;;27.106
R5206;VDD.$2198.18;VDD.$273.18;;0.0
R5207;VDD.$2199.25;VDD.$2203.25;;0.272
R5208;VDD.$2199.25;VDD.$2211.25;;0.072
R5209;VDD.$22.15;VDD.$23.18;;585.0
R5210;VDD.$220.15;VDD.$221.18;;585.0
R5211;VDD.$220.15;VDD.$238.15;;0.0
R5212;VDD.$2200.18;VDD.$2201.25;;9.3
R5213;VDD.$2201.25;VDD.$2205.25;;0.085
R5214;VDD.$2202.18;VDD.$2203.25;;9.3
R5215;VDD.$2203.25;VDD.$2207.25;;0.063
R5216;VDD.$2204.18;VDD.$2205.25;;9.3
R5217;VDD.$2204.18;VDD.$233.18;;0.0
R5218;VDD.$2206.18;VDD.$2207.25;;9.3
R5219;VDD.$2206.18;VDD.$235.18;;0.0
R5220;VDD.$2208.18;VDD.$2209.25;;9.3
R5221;VDD.$2208.18;VDD.$267.18;;27.106
R5222;VDD.$2210.18;VDD.$2211.25;;9.3
R5223;VDD.$2210.18;VDD.$237.18;;0.0
R5224;VDD.$2211.25;VDD.$2213.25;;0.072
R5225;VDD.$2212.18;VDD.$2213.25;;9.3
R5226;VDD.$2212.18;VDD.$249.18;;27.106
R5227;VDD.$2214.18;VDD.$2215.25;;9.3
R5228;VDD.$2214.18;VDD.$285.18;;0.0
R5229;VDD.$2215.25;VDD.$2305.25;;0.072
R5230;VDD.$2216.18;VDD.$2217.25;;9.3
R5231;VDD.$2216.18;VDD.$817.18;;27.106
R5232;VDD.$2216.18;VDD.$859.18;;0.0
R5233;VDD.$2217.25;VDD.$2223.25;;0.072
R5234;VDD.$2218.18;VDD.$2219.25;;9.3
R5235;VDD.$2218.18;VDD.$339.18;;27.106
R5236;VDD.$2218.18;VDD.$343.18;;0.0
R5237;VDD.$2219.25;VDD.$2225.25;;0.072
R5238;VDD.$222.15;VDD.$223.18;;585.0
R5239;VDD.$222.15;VDD.$240.15;;0.0
R5240;VDD.$2220.18;VDD.$2221.25;;9.3
R5241;VDD.$2220.18;VDD.$293.18;;0.0
R5242;VDD.$2220.18;VDD.$341.18;;27.106
R5243;VDD.$2221.25;VDD.$2227.25;;0.072
R5244;VDD.$2222.18;VDD.$2223.25;;9.3
R5245;VDD.$2222.18;VDD.$851.18;;0.0
R5246;VDD.$2222.18;VDD.$859.18;;27.106
R5247;VDD.$2223.25;VDD.$2229.25;;0.276
R5248;VDD.$2224.18;VDD.$2225.25;;9.3
R5249;VDD.$2224.18;VDD.$295.18;;0.0
R5250;VDD.$2224.18;VDD.$343.18;;27.106
R5251;VDD.$2225.25;VDD.$2231.25;;0.276
R5252;VDD.$2226.18;VDD.$2227.25;;9.3
R5253;VDD.$2226.18;VDD.$293.18;;27.106
R5254;VDD.$2226.18;VDD.$297.18;;0.0
R5255;VDD.$2227.25;VDD.$2233.25;;0.276
R5256;VDD.$2228.18;VDD.$2229.25;;9.3
R5257;VDD.$2228.18;VDD.$823.18;;0.0
R5258;VDD.$2229.25;VDD.$2235.25;;0.072
R5259;VDD.$2230.18;VDD.$2231.25;;9.3
R5260;VDD.$2230.18;VDD.$299.18;;0.0
R5261;VDD.$2231.25;VDD.$2237.25;;0.072
R5262;VDD.$2232.18;VDD.$2233.25;;9.3
R5263;VDD.$2232.18;VDD.$301.18;;0.0
R5264;VDD.$2233.25;VDD.$2239.25;;0.072
R5265;VDD.$2234.18;VDD.$2235.25;;9.3
R5266;VDD.$2234.18;VDD.$823.18;;27.106
R5267;VDD.$2234.18;VDD.$847.18;;0.0
R5268;VDD.$2235.25;VDD.$2241.25;;0.072
R5269;VDD.$2236.18;VDD.$2237.25;;9.3
R5270;VDD.$2236.18;VDD.$299.18;;27.106
R5271;VDD.$2236.18;VDD.$303.18;;0.0
R5272;VDD.$2237.25;VDD.$2243.25;;0.072
R5273;VDD.$2238.18;VDD.$2239.25;;9.3
R5274;VDD.$2238.18;VDD.$301.18;;27.106
R5275;VDD.$2238.18;VDD.$305.18;;0.0
R5276;VDD.$2239.25;VDD.$2245.25;;0.072
R5277;VDD.$224.15;VDD.$225.18;;585.0
R5278;VDD.$224.15;VDD.$242.15;;0.0
R5279;VDD.$2240.18;VDD.$2241.25;;9.3
R5280;VDD.$2240.18;VDD.$847.18;;27.106
R5281;VDD.$2240.18;VDD.$861.18;;0.0
R5282;VDD.$2241.25;VDD.$2247.25;;0.072
R5283;VDD.$2242.18;VDD.$2243.25;;9.3
R5284;VDD.$2242.18;VDD.$303.18;;27.106
R5285;VDD.$2242.18;VDD.$307.18;;0.0
R5286;VDD.$2243.25;VDD.$2249.25;;0.072
R5287;VDD.$2244.18;VDD.$2245.25;;9.3
R5288;VDD.$2244.18;VDD.$305.18;;27.106
R5289;VDD.$2244.18;VDD.$309.18;;0.0
R5290;VDD.$2245.25;VDD.$2251.25;;0.072
R5291;VDD.$2246.18;VDD.$2247.25;;9.3
R5292;VDD.$2246.18;VDD.$839.18;;0.0
R5293;VDD.$2246.18;VDD.$861.18;;27.106
R5294;VDD.$2247.25;VDD.$2253.25;;0.072
R5295;VDD.$2248.18;VDD.$2249.25;;9.3
R5296;VDD.$2248.18;VDD.$307.18;;27.106
R5297;VDD.$2248.18;VDD.$311.18;;0.0
R5298;VDD.$2249.25;VDD.$2255.25;;0.072
R5299;VDD.$2250.18;VDD.$2251.25;;9.3
R5300;VDD.$2250.18;VDD.$309.18;;27.106
R5301;VDD.$2250.18;VDD.$313.18;;0.0
R5302;VDD.$2251.25;VDD.$2257.25;;0.072
R5303;VDD.$2252.18;VDD.$2253.25;;9.3
R5304;VDD.$2252.18;VDD.$815.18;;0.0
R5305;VDD.$2252.18;VDD.$839.18;;27.106
R5306;VDD.$2253.25;VDD.$2259.25;;0.072
R5307;VDD.$2254.18;VDD.$2255.25;;9.3
R5308;VDD.$2254.18;VDD.$311.18;;27.106
R5309;VDD.$2254.18;VDD.$315.18;;0.0
R5310;VDD.$2255.25;VDD.$2261.25;;0.072
R5311;VDD.$2256.18;VDD.$2257.25;;9.3
R5312;VDD.$2256.18;VDD.$313.18;;27.106
R5313;VDD.$2256.18;VDD.$317.18;;0.0
R5314;VDD.$2257.25;VDD.$2263.25;;0.072
R5315;VDD.$2258.18;VDD.$2259.25;;9.3
R5316;VDD.$2258.18;VDD.$815.18;;27.106
R5317;VDD.$2258.18;VDD.$827.18;;0.0
R5318;VDD.$2259.25;VDD.$2265.25;;0.072
R5319;VDD.$226.15;VDD.$227.18;;585.0
R5320;VDD.$226.15;VDD.$244.15;;0.0
R5321;VDD.$2260.18;VDD.$2261.25;;9.3
R5322;VDD.$2260.18;VDD.$315.18;;27.106
R5323;VDD.$2260.18;VDD.$319.18;;0.0
R5324;VDD.$2261.25;VDD.$2267.25;;0.072
R5325;VDD.$2262.18;VDD.$2263.25;;9.3
R5326;VDD.$2262.18;VDD.$317.18;;27.106
R5327;VDD.$2262.18;VDD.$321.18;;0.0
R5328;VDD.$2263.25;VDD.$2269.25;;0.072
R5329;VDD.$2264.18;VDD.$2265.25;;9.3
R5330;VDD.$2264.18;VDD.$827.18;;27.106
R5331;VDD.$2264.18;VDD.$855.18;;0.0
R5332;VDD.$2265.25;VDD.$2271.25;;0.072
R5333;VDD.$2266.18;VDD.$2267.25;;9.3
R5334;VDD.$2266.18;VDD.$319.18;;27.106
R5335;VDD.$2266.18;VDD.$323.18;;0.0
R5336;VDD.$2267.25;VDD.$2273.25;;0.072
R5337;VDD.$2268.18;VDD.$2269.25;;9.3
R5338;VDD.$2268.18;VDD.$321.18;;27.106
R5339;VDD.$2268.18;VDD.$325.18;;0.0
R5340;VDD.$2269.25;VDD.$2275.25;;0.072
R5341;VDD.$2270.18;VDD.$2271.25;;9.3
R5342;VDD.$2270.18;VDD.$833.18;;0.0
R5343;VDD.$2270.18;VDD.$855.18;;27.106
R5344;VDD.$2271.25;VDD.$2277.25;;0.072
R5345;VDD.$2272.18;VDD.$2273.25;;9.3
R5346;VDD.$2272.18;VDD.$323.18;;27.106
R5347;VDD.$2272.18;VDD.$327.18;;0.0
R5348;VDD.$2273.25;VDD.$2279.25;;0.072
R5349;VDD.$2274.18;VDD.$2275.25;;9.3
R5350;VDD.$2274.18;VDD.$325.18;;27.106
R5351;VDD.$2274.18;VDD.$329.18;;0.0
R5352;VDD.$2275.25;VDD.$2281.25;;0.072
R5353;VDD.$2276.18;VDD.$2277.25;;9.3
R5354;VDD.$2276.18;VDD.$833.18;;27.106
R5355;VDD.$2276.18;VDD.$845.18;;0.0
R5356;VDD.$2277.25;VDD.$2283.25;;0.276
R5357;VDD.$2278.18;VDD.$2279.25;;9.3
R5358;VDD.$2278.18;VDD.$327.18;;27.106
R5359;VDD.$2278.18;VDD.$331.18;;0.0
R5360;VDD.$2279.25;VDD.$2285.25;;0.276
R5361;VDD.$228.15;VDD.$229.18;;585.0
R5362;VDD.$228.15;VDD.$254.15;;0.0
R5363;VDD.$2280.18;VDD.$2281.25;;9.3
R5364;VDD.$2280.18;VDD.$329.18;;27.106
R5365;VDD.$2280.18;VDD.$333.18;;0.0
R5366;VDD.$2281.25;VDD.$2287.25;;0.276
R5367;VDD.$2282.18;VDD.$2283.25;;9.3
R5368;VDD.$2282.18;VDD.$435.18;;0.0
R5369;VDD.$2283.25;VDD.$2289.25;;0.072
R5370;VDD.$2284.18;VDD.$2285.25;;9.3
R5371;VDD.$2284.18;VDD.$23.18;;0.0
R5372;VDD.$2285.25;VDD.$2291.25;;0.072
R5373;VDD.$2286.18;VDD.$2287.25;;9.3
R5374;VDD.$2286.18;VDD.$25.18;;0.0
R5375;VDD.$2287.25;VDD.$2293.25;;0.072
R5376;VDD.$2288.18;VDD.$2289.25;;9.3
R5377;VDD.$2288.18;VDD.$435.18;;27.106
R5378;VDD.$2288.18;VDD.$499.18;;0.0
R5379;VDD.$2289.25;VDD.$2295.25;;0.072
R5380;VDD.$2290.18;VDD.$2291.25;;9.3
R5381;VDD.$2290.18;VDD.$23.18;;27.106
R5382;VDD.$2291.25;VDD.$2297.25;;0.072
R5383;VDD.$2292.18;VDD.$2293.25;;9.3
R5384;VDD.$2292.18;VDD.$25.18;;27.106
R5385;VDD.$2293.25;VDD.$2299.25;;0.072
R5386;VDD.$2294.18;VDD.$2295.25;;9.3
R5387;VDD.$2294.18;VDD.$499.18;;27.106
R5388;VDD.$2294.18;VDD.$519.18;;0.0
R5389;VDD.$2295.25;VDD.$2301.25;;0.072
R5390;VDD.$2296.18;VDD.$2297.25;;9.3
R5391;VDD.$2296.18;VDD.$251.18;;0.0
R5392;VDD.$2297.25;VDD.$2303.25;;0.072
R5393;VDD.$2298.18;VDD.$2299.25;;9.3
R5394;VDD.$2298.18;VDD.$253.18;;0.0
R5395;VDD.$2299.25;VDD.$2305.25;;0.072
R5396;VDD.$230.15;VDD.$231.18;;585.0
R5397;VDD.$230.15;VDD.$264.15;;0.0
R5398;VDD.$2300.18;VDD.$2301.25;;9.3
R5399;VDD.$2300.18;VDD.$519.18;;27.106
R5400;VDD.$2300.18;VDD.$531.18;;0.0
R5401;VDD.$2301.25;VDD.$2307.25;;0.072
R5402;VDD.$2302.18;VDD.$2303.25;;9.3
R5403;VDD.$2302.18;VDD.$251.18;;27.106
R5404;VDD.$2303.25;VDD.$2309.25;;0.072
R5405;VDD.$2304.18;VDD.$2305.25;;9.3
R5406;VDD.$2304.18;VDD.$253.18;;27.106
R5407;VDD.$2306.18;VDD.$2307.25;;9.3
R5408;VDD.$2306.18;VDD.$469.18;;0.0
R5409;VDD.$2306.18;VDD.$531.18;;27.106
R5410;VDD.$2308.18;VDD.$2309.25;;9.3
R5411;VDD.$2308.18;VDD.$283.18;;0.0
R5412;VDD.$2310.18;VDD.$2311.25;;9.3
R5413;VDD.$2310.18;VDD.$357.18;;27.106
R5414;VDD.$2310.18;VDD.$397.18;;0.0
R5415;VDD.$2311.25;VDD.$2339.25;;0.072
R5416;VDD.$2312.18;VDD.$2313.25;;9.3
R5417;VDD.$2312.18;VDD.$351.18;;27.106
R5418;VDD.$2312.18;VDD.$361.18;;0.0
R5419;VDD.$2313.25;VDD.$2327.25;;0.072
R5420;VDD.$2313.25;VDD.$2449.25;;0.072
R5421;VDD.$2314.18;VDD.$2315.25;;9.3
R5422;VDD.$2314.18;VDD.$353.18;;27.106
R5423;VDD.$2314.18;VDD.$363.18;;0.0
R5424;VDD.$2315.25;VDD.$2329.25;;0.184
R5425;VDD.$2316.18;VDD.$2317.25;;9.3
R5426;VDD.$2316.18;VDD.$355.18;;27.106
R5427;VDD.$2316.18;VDD.$365.18;;0.0
R5428;VDD.$2317.25;VDD.$2319.25;;0.033
R5429;VDD.$2317.25;VDD.$2455.25;;0.013
R5430;VDD.$2318.18;VDD.$2319.25;;9.3
R5431;VDD.$2318.18;VDD.$2332.18;;18.432
R5432;VDD.$2318.18;VDD.$2454.18;;18.432
R5433;VDD.$2319.25;VDD.$2331.25;;0.013
R5434;VDD.$232.15;VDD.$233.18;;585.0
R5435;VDD.$232.15;VDD.$266.15;;0.0
R5436;VDD.$2320.18;VDD.$2321.25;;9.3
R5437;VDD.$2320.18;VDD.$395.18;;27.106
R5438;VDD.$2320.18;VDD.$417.18;;0.0
R5439;VDD.$2321.25;VDD.$2443.25;;0.276
R5440;VDD.$2321.25;VDD.$2459.25;;0.072
R5441;VDD.$2322.18;VDD.$2323.25;;9.3
R5442;VDD.$2322.18;VDD.$367.18;;27.106
R5443;VDD.$2322.18;VDD.$389.18;;0.0
R5444;VDD.$2323.25;VDD.$2359.25;;0.072
R5445;VDD.$2323.25;VDD.$2443.25;;0.072
R5446;VDD.$2324.18;VDD.$2325.25;;9.3
R5447;VDD.$2324.18;VDD.$369.18;;27.106
R5448;VDD.$2324.18;VDD.$391.18;;0.0
R5449;VDD.$2325.25;VDD.$2371.25;;0.072
R5450;VDD.$2325.25;VDD.$2445.25;;0.072
R5451;VDD.$2326.18;VDD.$2327.25;;9.3
R5452;VDD.$2326.18;VDD.$361.18;;27.106
R5453;VDD.$2326.18;VDD.$371.18;;0.0
R5454;VDD.$2327.25;VDD.$2341.25;;0.072
R5455;VDD.$2328.18;VDD.$2329.25;;9.3
R5456;VDD.$2328.18;VDD.$363.18;;27.106
R5457;VDD.$2328.18;VDD.$373.18;;0.0
R5458;VDD.$2329.25;VDD.$4641.25;;0.011
R5459;VDD.$2330.18;VDD.$2331.25;;9.3
R5460;VDD.$2330.18;VDD.$365.18;;27.106
R5461;VDD.$2330.18;VDD.$375.18;;0.0
R5462;VDD.$2331.25;VDD.$2333.25;;0.033
R5463;VDD.$2332.18;VDD.$2333.25;;9.3
R5464;VDD.$2332.18;VDD.$2346.18;;18.432
R5465;VDD.$2333.25;VDD.$2345.25;;0.013
R5466;VDD.$2334.18;VDD.$2335.25;;9.3
R5467;VDD.$2334.18;VDD.$377.18;;27.106
R5468;VDD.$2334.18;VDD.$393.18;;0.0
R5469;VDD.$2335.25;VDD.$2337.25;;0.033
R5470;VDD.$2335.25;VDD.$2457.25;;0.013
R5471;VDD.$2336.18;VDD.$2337.25;;9.3
R5472;VDD.$2336.18;VDD.$2374.18;;18.432
R5473;VDD.$2336.18;VDD.$2456.18;;18.432
R5474;VDD.$2337.25;VDD.$2373.25;;0.013
R5475;VDD.$2338.18;VDD.$2339.25;;9.3
R5476;VDD.$2338.18;VDD.$347.18;;0.0
R5477;VDD.$2338.18;VDD.$397.18;;27.106
R5478;VDD.$2339.25;VDD.$2445.25;;0.276
R5479;VDD.$234.15;VDD.$235.18;;585.0
R5480;VDD.$234.15;VDD.$268.15;;0.0
R5481;VDD.$2340.18;VDD.$2341.25;;9.3
R5482;VDD.$2340.18;VDD.$371.18;;27.106
R5483;VDD.$2340.18;VDD.$381.18;;0.0
R5484;VDD.$2341.25;VDD.$2361.25;;0.276
R5485;VDD.$2342.18;VDD.$2343.25;;9.3
R5486;VDD.$2342.18;VDD.$373.18;;27.106
R5487;VDD.$2342.18;VDD.$383.18;;0.0
R5488;VDD.$2343.25;VDD.$2365.25;;0.302
R5489;VDD.$2343.25;VDD.$4641.25;;0.115
R5490;VDD.$2344.18;VDD.$2345.25;;9.3
R5491;VDD.$2344.18;VDD.$375.18;;27.106
R5492;VDD.$2344.18;VDD.$385.18;;0.0
R5493;VDD.$2345.25;VDD.$2347.25;;0.033
R5494;VDD.$2346.18;VDD.$2347.25;;9.3
R5495;VDD.$2346.18;VDD.$2348.18;;18.432
R5496;VDD.$2347.25;VDD.$2349.25;;0.045
R5497;VDD.$2348.18;VDD.$2349.25;;9.3
R5498;VDD.$2348.18;VDD.$2350.18;;18.432
R5499;VDD.$2349.25;VDD.$2351.25;;0.045
R5500;VDD.$2350.18;VDD.$2351.25;;9.3
R5501;VDD.$2350.18;VDD.$2352.18;;18.432
R5502;VDD.$2351.25;VDD.$2353.25;;0.045
R5503;VDD.$2352.18;VDD.$2353.25;;9.3
R5504;VDD.$2352.18;VDD.$2368.18;;18.432
R5505;VDD.$2353.25;VDD.$2367.25;;0.005
R5506;VDD.$2354.18;VDD.$2355.25;;9.3
R5507;VDD.$2354.18;VDD.$349.18;;0.0
R5508;VDD.$2354.18;VDD.$405.18;;27.106
R5509;VDD.$2355.25;VDD.$2357.25;;0.025
R5510;VDD.$2355.25;VDD.$2423.25;;0.02
R5511;VDD.$2356.18;VDD.$2357.25;;9.3
R5512;VDD.$2356.18;VDD.$2386.18;;18.432
R5513;VDD.$2356.18;VDD.$2422.18;;18.432
R5514;VDD.$2357.25;VDD.$2387.25;;0.045
R5515;VDD.$2358.18;VDD.$2359.25;;9.3
R5516;VDD.$2358.18;VDD.$389.18;;27.106
R5517;VDD.$2358.18;VDD.$399.18;;0.0
R5518;VDD.$2359.25;VDD.$2403.25;;0.072
R5519;VDD.$236.15;VDD.$237.18;;585.0
R5520;VDD.$236.15;VDD.$272.15;;0.0
R5521;VDD.$2360.18;VDD.$2361.25;;9.3
R5522;VDD.$2360.18;VDD.$27.18;;0.0
R5523;VDD.$2361.25;VDD.$2377.25;;0.072
R5524;VDD.$2362.18;VDD.$2363.25;;9.3
R5525;VDD.$2362.18;VDD.$29.18;;0.0
R5526;VDD.$2363.25;VDD.$2379.25;;0.079
R5527;VDD.$2364.18;VDD.$2365.25;;9.3
R5528;VDD.$2364.18;VDD.$31.18;;0.0
R5529;VDD.$2365.25;VDD.$2381.25;;0.066
R5530;VDD.$2366.18;VDD.$2367.25;;9.3
R5531;VDD.$2366.18;VDD.$33.18;;0.0
R5532;VDD.$2367.25;VDD.$2369.25;;0.04
R5533;VDD.$2368.18;VDD.$2369.25;;9.3
R5534;VDD.$2368.18;VDD.$2384.18;;18.432
R5535;VDD.$2369.25;VDD.$2383.25;;0.005
R5536;VDD.$2370.18;VDD.$2371.25;;9.3
R5537;VDD.$2370.18;VDD.$391.18;;27.106
R5538;VDD.$2370.18;VDD.$401.18;;0.0
R5539;VDD.$2371.25;VDD.$2405.25;;0.072
R5540;VDD.$2372.18;VDD.$2373.25;;9.3
R5541;VDD.$2372.18;VDD.$393.18;;27.106
R5542;VDD.$2372.18;VDD.$403.18;;0.0
R5543;VDD.$2373.25;VDD.$2375.25;;0.033
R5544;VDD.$2374.18;VDD.$2375.25;;9.3
R5545;VDD.$2374.18;VDD.$2418.18;;18.432
R5546;VDD.$2375.25;VDD.$2407.25;;0.013
R5547;VDD.$2376.18;VDD.$2377.25;;9.3
R5548;VDD.$2376.18;VDD.$27.18;;27.106
R5549;VDD.$2376.18;VDD.$35.18;;0.0
R5550;VDD.$2377.25;VDD.$2393.25;;0.072
R5551;VDD.$2378.18;VDD.$2379.25;;9.3
R5552;VDD.$2378.18;VDD.$29.18;;27.106
R5553;VDD.$2378.18;VDD.$37.18;;0.0
R5554;VDD.$2379.25;VDD.$2395.25;;0.082
R5555;VDD.$238.15;VDD.$239.18;;585.0
R5556;VDD.$238.15;VDD.$256.15;;0.0
R5557;VDD.$2380.18;VDD.$2381.25;;9.3
R5558;VDD.$2380.18;VDD.$31.18;;27.106
R5559;VDD.$2380.18;VDD.$39.18;;0.0
R5560;VDD.$2381.25;VDD.$2397.25;;0.064
R5561;VDD.$2382.18;VDD.$2383.25;;9.3
R5562;VDD.$2382.18;VDD.$33.18;;27.106
R5563;VDD.$2382.18;VDD.$41.18;;0.0
R5564;VDD.$2383.25;VDD.$2385.25;;0.04
R5565;VDD.$2384.18;VDD.$2385.25;;9.3
R5566;VDD.$2384.18;VDD.$2400.18;;18.432
R5567;VDD.$2385.25;VDD.$2399.25;;0.005
R5568;VDD.$2386.18;VDD.$2387.25;;9.3
R5569;VDD.$2386.18;VDD.$2388.18;;18.432
R5570;VDD.$2387.25;VDD.$2389.25;;0.045
R5571;VDD.$2388.18;VDD.$2389.25;;9.3
R5572;VDD.$2388.18;VDD.$2390.18;;18.432
R5573;VDD.$2389.25;VDD.$2391.25;;0.045
R5574;VDD.$2390.18;VDD.$2391.25;;9.3
R5575;VDD.$2390.18;VDD.$2456.18;;18.432
R5576;VDD.$2391.25;VDD.$2447.25;;0.013
R5577;VDD.$2392.18;VDD.$2393.25;;9.3
R5578;VDD.$2392.18;VDD.$35.18;;27.106
R5579;VDD.$2392.18;VDD.$43.18;;0.0
R5580;VDD.$2393.25;VDD.$2409.25;;0.072
R5581;VDD.$2394.18;VDD.$2395.25;;9.3
R5582;VDD.$2394.18;VDD.$37.18;;27.106
R5583;VDD.$2394.18;VDD.$45.18;;0.0
R5584;VDD.$2395.25;VDD.$2411.25;;0.085
R5585;VDD.$2396.18;VDD.$2397.25;;9.3
R5586;VDD.$2396.18;VDD.$39.18;;27.106
R5587;VDD.$2396.18;VDD.$47.18;;0.0
R5588;VDD.$2397.25;VDD.$2413.25;;0.062
R5589;VDD.$2398.18;VDD.$2399.25;;9.3
R5590;VDD.$2398.18;VDD.$41.18;;27.106
R5591;VDD.$2398.18;VDD.$49.18;;0.0
R5592;VDD.$2399.25;VDD.$2401.25;;0.04
R5593;VDD.$24.15;VDD.$25.18;;585.0
R5594;VDD.$240.15;VDD.$241.18;;585.0
R5595;VDD.$240.15;VDD.$258.15;;0.0
R5596;VDD.$2400.18;VDD.$2401.25;;9.3
R5597;VDD.$2400.18;VDD.$2416.18;;18.432
R5598;VDD.$2401.25;VDD.$2415.25;;0.005
R5599;VDD.$2402.18;VDD.$2403.25;;9.3
R5600;VDD.$2402.18;VDD.$399.18;;27.106
R5601;VDD.$2402.18;VDD.$409.18;;0.0
R5602;VDD.$2403.25;VDD.$2435.25;;0.072
R5603;VDD.$2404.18;VDD.$2405.25;;9.3
R5604;VDD.$2404.18;VDD.$401.18;;27.106
R5605;VDD.$2404.18;VDD.$411.18;;0.0
R5606;VDD.$2405.25;VDD.$2437.25;;0.072
R5607;VDD.$2406.18;VDD.$2407.25;;9.3
R5608;VDD.$2406.18;VDD.$403.18;;27.106
R5609;VDD.$2406.18;VDD.$413.18;;0.0
R5610;VDD.$2407.25;VDD.$2419.25;;0.033
R5611;VDD.$2408.18;VDD.$2409.25;;9.3
R5612;VDD.$2408.18;VDD.$43.18;;27.106
R5613;VDD.$2408.18;VDD.$51.18;;0.0
R5614;VDD.$2409.25;VDD.$2425.25;;0.072
R5615;VDD.$2410.18;VDD.$2411.25;;9.3
R5616;VDD.$2410.18;VDD.$45.18;;27.106
R5617;VDD.$2410.18;VDD.$53.18;;0.0
R5618;VDD.$2411.25;VDD.$2427.25;;0.089
R5619;VDD.$2412.18;VDD.$2413.25;;9.3
R5620;VDD.$2412.18;VDD.$47.18;;27.106
R5621;VDD.$2412.18;VDD.$55.18;;0.0
R5622;VDD.$2413.25;VDD.$2429.25;;0.06
R5623;VDD.$2414.18;VDD.$2415.25;;9.3
R5624;VDD.$2414.18;VDD.$49.18;;27.106
R5625;VDD.$2414.18;VDD.$57.18;;0.0
R5626;VDD.$2415.25;VDD.$2417.25;;0.04
R5627;VDD.$2416.18;VDD.$2417.25;;9.3
R5628;VDD.$2417.25;VDD.$2431.25;;0.005
R5629;VDD.$2418.18;VDD.$2419.25;;9.3
R5630;VDD.$2418.18;VDD.$2440.18;;18.432
R5631;VDD.$2419.25;VDD.$2439.25;;0.013
R5632;VDD.$242.15;VDD.$243.18;;585.0
R5633;VDD.$242.15;VDD.$260.15;;0.0
R5634;VDD.$2420.18;VDD.$2421.25;;9.3
R5635;VDD.$2420.18;VDD.$359.18;;27.106
R5636;VDD.$2420.18;VDD.$405.18;;0.0
R5637;VDD.$2421.25;VDD.$2423.25;;0.025
R5638;VDD.$2421.25;VDD.$2433.25;;0.02
R5639;VDD.$2422.18;VDD.$2423.25;;9.3
R5640;VDD.$2422.18;VDD.$2432.18;;18.432
R5641;VDD.$2424.18;VDD.$2425.25;;9.3
R5642;VDD.$2424.18;VDD.$51.18;;27.106
R5643;VDD.$2424.18;VDD.$59.18;;0.0
R5644;VDD.$2426.18;VDD.$2427.25;;9.3
R5645;VDD.$2426.18;VDD.$53.18;;27.106
R5646;VDD.$2426.18;VDD.$61.18;;0.0
R5647;VDD.$2428.18;VDD.$2429.25;;9.3
R5648;VDD.$2428.18;VDD.$55.18;;27.106
R5649;VDD.$2428.18;VDD.$63.18;;0.0
R5650;VDD.$2430.18;VDD.$2431.25;;9.3
R5651;VDD.$2430.18;VDD.$57.18;;27.106
R5652;VDD.$2430.18;VDD.$65.18;;0.0
R5653;VDD.$2432.18;VDD.$2433.25;;9.3
R5654;VDD.$2432.18;VDD.$3870.18;;18.432
R5655;VDD.$2434.18;VDD.$2435.25;;9.3
R5656;VDD.$2434.18;VDD.$409.18;;27.106
R5657;VDD.$2434.18;VDD.$419.18;;0.0
R5658;VDD.$2435.25;VDD.$2449.25;;0.072
R5659;VDD.$2436.18;VDD.$2437.25;;9.3
R5660;VDD.$2436.18;VDD.$411.18;;27.106
R5661;VDD.$2436.18;VDD.$421.18;;0.0
R5662;VDD.$2437.25;VDD.$2451.25;;0.076
R5663;VDD.$2438.18;VDD.$2439.25;;9.3
R5664;VDD.$2438.18;VDD.$345.18;;0.0
R5665;VDD.$2438.18;VDD.$413.18;;27.106
R5666;VDD.$2439.25;VDD.$2441.25;;0.033
R5667;VDD.$244.15;VDD.$245.18;;585.0
R5668;VDD.$244.15;VDD.$262.15;;0.0
R5669;VDD.$2440.18;VDD.$2441.25;;9.3
R5670;VDD.$2440.18;VDD.$2454.18;;18.432
R5671;VDD.$2441.25;VDD.$2453.25;;0.013
R5672;VDD.$2442.18;VDD.$2443.25;;9.3
R5673;VDD.$2442.18;VDD.$367.18;;0.0
R5674;VDD.$2444.18;VDD.$2445.25;;9.3
R5675;VDD.$2444.18;VDD.$369.18;;0.0
R5676;VDD.$2446.18;VDD.$2447.25;;9.3
R5677;VDD.$2446.18;VDD.$377.18;;0.0
R5678;VDD.$2447.25;VDD.$2457.25;;0.033
R5679;VDD.$2448.18;VDD.$2449.25;;9.3
R5680;VDD.$2448.18;VDD.$351.18;;0.0
R5681;VDD.$2448.18;VDD.$419.18;;27.106
R5682;VDD.$2450.18;VDD.$2451.25;;9.3
R5683;VDD.$2450.18;VDD.$353.18;;0.0
R5684;VDD.$2450.18;VDD.$421.18;;27.106
R5685;VDD.$2451.25;VDD.$4641.25;;0.225
R5686;VDD.$2452.18;VDD.$2453.25;;9.3
R5687;VDD.$2452.18;VDD.$345.18;;27.106
R5688;VDD.$2452.18;VDD.$355.18;;0.0
R5689;VDD.$2453.25;VDD.$2455.25;;0.033
R5690;VDD.$2454.18;VDD.$2455.25;;9.3
R5691;VDD.$2456.18;VDD.$2457.25;;9.3
R5692;VDD.$2458.18;VDD.$2459.25;;9.3
R5693;VDD.$2458.18;VDD.$395.18;;0.0
R5694;VDD.$2458.18;VDD.$415.18;;27.106
R5695;VDD.$246.15;VDD.$247.18;;585.0
R5696;VDD.$246.15;VDD.$282.15;;0.0
R5697;VDD.$246.15;VDD.$286.15;;0.0
R5698;VDD.$2460.18;VDD.$2461.25;;9.3
R5699;VDD.$2460.18;VDD.$2746.18;;18.432
R5700;VDD.$2460.18;VDD.$2968.18;;18.432
R5701;VDD.$2461.25;VDD.$2747.25;;0.18
R5702;VDD.$2461.25;VDD.$2969.25;;0.18
R5703;VDD.$2462.18;VDD.$2463.25;;9.3
R5704;VDD.$2462.18;VDD.$2748.18;;18.432
R5705;VDD.$2462.18;VDD.$2970.18;;18.432
R5706;VDD.$2463.25;VDD.$2749.25;;0.18
R5707;VDD.$2463.25;VDD.$2971.25;;0.18
R5708;VDD.$2464.18;VDD.$2465.25;;9.3
R5709;VDD.$2464.18;VDD.$443.18;;27.106
R5710;VDD.$2464.18;VDD.$451.18;;0.0
R5711;VDD.$2465.25;VDD.$2473.25;;0.06
R5712;VDD.$2465.25;VDD.$2649.25;;0.063
R5713;VDD.$2466.18;VDD.$2467.25;;9.3
R5714;VDD.$2466.18;VDD.$445.18;;27.106
R5715;VDD.$2466.18;VDD.$453.18;;0.0
R5716;VDD.$2467.25;VDD.$2475.25;;0.091
R5717;VDD.$2467.25;VDD.$2651.25;;0.085
R5718;VDD.$2468.18;VDD.$2469.25;;9.3
R5719;VDD.$2468.18;VDD.$617.18;;27.106
R5720;VDD.$2468.18;VDD.$665.18;;0.0
R5721;VDD.$2469.25;VDD.$2471.25;;0.0
R5722;VDD.$2469.25;VDD.$2479.25;;0.036
R5723;VDD.$2470.18;VDD.$2471.25;;9.3
R5724;VDD.$2470.18;VDD.$637.18;;27.106
R5725;VDD.$2470.18;VDD.$667.18;;0.0
R5726;VDD.$2471.25;VDD.$2617.25;;0.036
R5727;VDD.$2472.18;VDD.$2473.25;;9.3
R5728;VDD.$2472.18;VDD.$451.18;;27.106
R5729;VDD.$2472.18;VDD.$459.18;;0.0
R5730;VDD.$2473.25;VDD.$2481.25;;0.057
R5731;VDD.$2474.18;VDD.$2475.25;;9.3
R5732;VDD.$2474.18;VDD.$453.18;;27.106
R5733;VDD.$2474.18;VDD.$461.18;;0.0
R5734;VDD.$2475.25;VDD.$2483.25;;0.099
R5735;VDD.$2476.18;VDD.$2477.25;;9.3
R5736;VDD.$2476.18;VDD.$549.18;;0.0
R5737;VDD.$2476.18;VDD.$665.18;;27.106
R5738;VDD.$2477.25;VDD.$2479.25;;0.0
R5739;VDD.$2477.25;VDD.$2487.25;;0.036
R5740;VDD.$2478.18;VDD.$2479.25;;9.3
R5741;VDD.$2478.18;VDD.$551.18;;0.0
R5742;VDD.$2478.18;VDD.$667.18;;27.106
R5743;VDD.$248.15;VDD.$249.18;;585.0
R5744;VDD.$248.15;VDD.$284.15;;0.0
R5745;VDD.$2480.18;VDD.$2481.25;;9.3
R5746;VDD.$2480.18;VDD.$459.18;;27.106
R5747;VDD.$2480.18;VDD.$473.18;;0.0
R5748;VDD.$2481.25;VDD.$2489.25;;0.054
R5749;VDD.$2482.18;VDD.$2483.25;;9.3
R5750;VDD.$2482.18;VDD.$461.18;;27.106
R5751;VDD.$2482.18;VDD.$475.18;;0.0
R5752;VDD.$2483.25;VDD.$2491.25;;0.108
R5753;VDD.$2484.18;VDD.$2485.25;;9.3
R5754;VDD.$2484.18;VDD.$549.18;;27.106
R5755;VDD.$2484.18;VDD.$575.18;;0.0
R5756;VDD.$2485.25;VDD.$2487.25;;0.0
R5757;VDD.$2485.25;VDD.$2495.25;;0.036
R5758;VDD.$2486.18;VDD.$2487.25;;9.3
R5759;VDD.$2486.18;VDD.$551.18;;27.106
R5760;VDD.$2486.18;VDD.$577.18;;0.0
R5761;VDD.$2488.18;VDD.$2489.25;;9.3
R5762;VDD.$2488.18;VDD.$473.18;;27.106
R5763;VDD.$2488.18;VDD.$489.18;;0.0
R5764;VDD.$2489.25;VDD.$2497.25;;0.052
R5765;VDD.$2490.18;VDD.$2491.25;;9.3
R5766;VDD.$2490.18;VDD.$475.18;;27.106
R5767;VDD.$2490.18;VDD.$491.18;;0.0
R5768;VDD.$2491.25;VDD.$2499.25;;0.119
R5769;VDD.$2492.18;VDD.$2493.25;;9.3
R5770;VDD.$2492.18;VDD.$575.18;;27.106
R5771;VDD.$2492.18;VDD.$607.18;;0.0
R5772;VDD.$2493.25;VDD.$2495.25;;0.0
R5773;VDD.$2493.25;VDD.$2503.25;;0.036
R5774;VDD.$2494.18;VDD.$2495.25;;9.3
R5775;VDD.$2494.18;VDD.$577.18;;27.106
R5776;VDD.$2494.18;VDD.$609.18;;0.0
R5777;VDD.$2496.18;VDD.$2497.25;;9.3
R5778;VDD.$2496.18;VDD.$489.18;;27.106
R5779;VDD.$2496.18;VDD.$501.18;;0.0
R5780;VDD.$2497.25;VDD.$2505.25;;0.049
R5781;VDD.$2498.18;VDD.$2499.25;;9.3
R5782;VDD.$2498.18;VDD.$491.18;;27.106
R5783;VDD.$2498.18;VDD.$503.18;;0.0
R5784;VDD.$2499.25;VDD.$2507.25;;0.132
R5785;VDD.$250.15;VDD.$251.18;;585.0
R5786;VDD.$2500.18;VDD.$2501.25;;9.3
R5787;VDD.$2500.18;VDD.$607.18;;27.106
R5788;VDD.$2500.18;VDD.$633.18;;0.0
R5789;VDD.$2501.25;VDD.$2503.25;;0.0
R5790;VDD.$2501.25;VDD.$2511.25;;0.036
R5791;VDD.$2502.18;VDD.$2503.25;;9.3
R5792;VDD.$2502.18;VDD.$609.18;;27.106
R5793;VDD.$2502.18;VDD.$635.18;;0.0
R5794;VDD.$2504.18;VDD.$2505.25;;9.3
R5795;VDD.$2504.18;VDD.$501.18;;27.106
R5796;VDD.$2504.18;VDD.$509.18;;0.0
R5797;VDD.$2505.25;VDD.$4637.25;;0.011
R5798;VDD.$2506.18;VDD.$2507.25;;9.3
R5799;VDD.$2506.18;VDD.$503.18;;27.106
R5800;VDD.$2506.18;VDD.$511.18;;0.0
R5801;VDD.$2507.25;VDD.$4637.25;;0.034
R5802;VDD.$2508.18;VDD.$2509.25;;9.3
R5803;VDD.$2508.18;VDD.$633.18;;27.106
R5804;VDD.$2508.18;VDD.$657.18;;0.0
R5805;VDD.$2509.25;VDD.$2511.25;;0.0
R5806;VDD.$2509.25;VDD.$2519.25;;0.036
R5807;VDD.$2510.18;VDD.$2511.25;;9.3
R5808;VDD.$2510.18;VDD.$635.18;;27.106
R5809;VDD.$2510.18;VDD.$659.18;;0.0
R5810;VDD.$2512.18;VDD.$2513.25;;9.3
R5811;VDD.$2512.18;VDD.$509.18;;27.106
R5812;VDD.$2512.18;VDD.$521.18;;0.0
R5813;VDD.$2513.25;VDD.$2521.25;;0.046
R5814;VDD.$2513.25;VDD.$4637.25;;0.036
R5815;VDD.$2514.18;VDD.$2515.25;;9.3
R5816;VDD.$2514.18;VDD.$511.18;;27.106
R5817;VDD.$2514.18;VDD.$523.18;;0.0
R5818;VDD.$2515.25;VDD.$2523.25;;0.171
R5819;VDD.$2515.25;VDD.$4637.25;;0.116
R5820;VDD.$2516.18;VDD.$2517.25;;9.3
R5821;VDD.$2516.18;VDD.$657.18;;27.106
R5822;VDD.$2516.18;VDD.$689.18;;0.0
R5823;VDD.$2517.25;VDD.$2519.25;;0.0
R5824;VDD.$2517.25;VDD.$4633.25;;0.23
R5825;VDD.$2518.18;VDD.$2519.25;;9.3
R5826;VDD.$2518.18;VDD.$659.18;;27.106
R5827;VDD.$2518.18;VDD.$691.18;;0.0
R5828;VDD.$252.15;VDD.$253.18;;585.0
R5829;VDD.$2520.18;VDD.$2521.25;;9.3
R5830;VDD.$2520.18;VDD.$521.18;;27.106
R5831;VDD.$2520.18;VDD.$533.18;;0.0
R5832;VDD.$2521.25;VDD.$4632.25;;0.255
R5833;VDD.$2522.18;VDD.$2523.25;;9.3
R5834;VDD.$2522.18;VDD.$523.18;;27.106
R5835;VDD.$2522.18;VDD.$535.18;;0.0
R5836;VDD.$2524.18;VDD.$2525.25;;9.3
R5837;VDD.$2524.18;VDD.$2526.18;;18.432
R5838;VDD.$2524.18;VDD.$2668.18;;18.432
R5839;VDD.$2525.25;VDD.$2527.25;;0.18
R5840;VDD.$2525.25;VDD.$2669.25;;0.18
R5841;VDD.$2526.18;VDD.$2527.25;;9.3
R5842;VDD.$2526.18;VDD.$2528.18;;18.432
R5843;VDD.$2527.25;VDD.$2529.25;;0.18
R5844;VDD.$2528.18;VDD.$2529.25;;9.3
R5845;VDD.$2528.18;VDD.$2530.18;;18.432
R5846;VDD.$2529.25;VDD.$2531.25;;0.18
R5847;VDD.$2530.18;VDD.$2531.25;;9.3
R5848;VDD.$2530.18;VDD.$2532.18;;18.432
R5849;VDD.$2531.25;VDD.$2533.25;;0.18
R5850;VDD.$2532.18;VDD.$2533.25;;9.3
R5851;VDD.$2532.18;VDD.$2534.18;;18.432
R5852;VDD.$2533.25;VDD.$2535.25;;0.18
R5853;VDD.$2534.18;VDD.$2535.25;;9.3
R5854;VDD.$2534.18;VDD.$2536.18;;18.432
R5855;VDD.$2535.25;VDD.$2537.25;;0.18
R5856;VDD.$2536.18;VDD.$2537.25;;9.3
R5857;VDD.$2536.18;VDD.$2538.18;;18.432
R5858;VDD.$2537.25;VDD.$2539.25;;0.18
R5859;VDD.$2538.18;VDD.$2539.25;;9.3
R5860;VDD.$2538.18;VDD.$2540.18;;18.432
R5861;VDD.$2539.25;VDD.$2541.25;;0.18
R5862;VDD.$254.15;VDD.$255.18;;585.0
R5863;VDD.$254.15;VDD.$288.15;;0.0
R5864;VDD.$2540.18;VDD.$2541.25;;9.3
R5865;VDD.$2540.18;VDD.$2542.18;;18.432
R5866;VDD.$2541.25;VDD.$2543.25;;0.18
R5867;VDD.$2542.18;VDD.$2543.25;;9.3
R5868;VDD.$2542.18;VDD.$2544.18;;18.432
R5869;VDD.$2543.25;VDD.$2545.25;;0.18
R5870;VDD.$2544.18;VDD.$2545.25;;9.3
R5871;VDD.$2544.18;VDD.$2546.18;;18.432
R5872;VDD.$2545.25;VDD.$2547.25;;0.18
R5873;VDD.$2546.18;VDD.$2547.25;;9.3
R5874;VDD.$2546.18;VDD.$2548.18;;18.432
R5875;VDD.$2547.25;VDD.$2549.25;;0.18
R5876;VDD.$2548.18;VDD.$2549.25;;9.3
R5877;VDD.$2548.18;VDD.$2550.18;;18.432
R5878;VDD.$2549.25;VDD.$2551.25;;0.18
R5879;VDD.$2550.18;VDD.$2551.25;;9.3
R5880;VDD.$2550.18;VDD.$2552.18;;18.432
R5881;VDD.$2551.25;VDD.$2553.25;;0.18
R5882;VDD.$2552.18;VDD.$2553.25;;9.3
R5883;VDD.$2552.18;VDD.$2554.18;;18.432
R5884;VDD.$2553.25;VDD.$2555.25;;0.18
R5885;VDD.$2554.18;VDD.$2555.25;;9.3
R5886;VDD.$2554.18;VDD.$2556.18;;18.432
R5887;VDD.$2555.25;VDD.$4633.25;;0.018
R5888;VDD.$2556.18;VDD.$2557.25;;9.3
R5889;VDD.$2556.18;VDD.$2558.18;;18.432
R5890;VDD.$2557.25;VDD.$2559.25;;0.18
R5891;VDD.$2557.25;VDD.$4633.25;;0.163
R5892;VDD.$2558.18;VDD.$2559.25;;9.3
R5893;VDD.$2558.18;VDD.$2560.18;;18.432
R5894;VDD.$2559.25;VDD.$2561.25;;0.18
R5895;VDD.$256.15;VDD.$257.18;;585.0
R5896;VDD.$256.15;VDD.$274.15;;0.0
R5897;VDD.$2560.18;VDD.$2561.25;;9.3
R5898;VDD.$2560.18;VDD.$2562.18;;18.432
R5899;VDD.$2561.25;VDD.$2563.25;;0.18
R5900;VDD.$2562.18;VDD.$2563.25;;9.3
R5901;VDD.$2562.18;VDD.$2564.18;;18.432
R5902;VDD.$2563.25;VDD.$2565.25;;0.18
R5903;VDD.$2564.18;VDD.$2565.25;;9.3
R5904;VDD.$2564.18;VDD.$2566.18;;18.432
R5905;VDD.$2565.25;VDD.$2567.25;;0.18
R5906;VDD.$2566.18;VDD.$2567.25;;9.3
R5907;VDD.$2566.18;VDD.$2568.18;;18.432
R5908;VDD.$2567.25;VDD.$2569.25;;0.18
R5909;VDD.$2568.18;VDD.$2569.25;;9.3
R5910;VDD.$2568.18;VDD.$2570.18;;18.432
R5911;VDD.$2569.25;VDD.$2571.25;;0.18
R5912;VDD.$2570.18;VDD.$2571.25;;9.3
R5913;VDD.$2570.18;VDD.$2572.18;;18.432
R5914;VDD.$2571.25;VDD.$2573.25;;0.18
R5915;VDD.$2572.18;VDD.$2573.25;;9.3
R5916;VDD.$2572.18;VDD.$2574.18;;18.432
R5917;VDD.$2573.25;VDD.$2575.25;;0.18
R5918;VDD.$2574.18;VDD.$2575.25;;9.3
R5919;VDD.$2574.18;VDD.$2576.18;;18.432
R5920;VDD.$2575.25;VDD.$2577.25;;0.18
R5921;VDD.$2576.18;VDD.$2577.25;;9.3
R5922;VDD.$2576.18;VDD.$2578.18;;18.432
R5923;VDD.$2577.25;VDD.$2579.25;;0.18
R5924;VDD.$2578.18;VDD.$2579.25;;9.3
R5925;VDD.$2578.18;VDD.$2580.18;;18.432
R5926;VDD.$2579.25;VDD.$2581.25;;0.18
R5927;VDD.$258.15;VDD.$259.18;;585.0
R5928;VDD.$258.15;VDD.$276.15;;0.0
R5929;VDD.$2580.18;VDD.$2581.25;;9.3
R5930;VDD.$2580.18;VDD.$2582.18;;18.432
R5931;VDD.$2581.25;VDD.$2583.25;;0.18
R5932;VDD.$2582.18;VDD.$2583.25;;9.3
R5933;VDD.$2582.18;VDD.$2584.18;;18.432
R5934;VDD.$2583.25;VDD.$2585.25;;0.18
R5935;VDD.$2584.18;VDD.$2585.25;;9.3
R5936;VDD.$2584.18;VDD.$2586.18;;18.432
R5937;VDD.$2585.25;VDD.$2587.25;;0.18
R5938;VDD.$2586.18;VDD.$2587.25;;9.3
R5939;VDD.$2586.18;VDD.$2588.18;;18.432
R5940;VDD.$2587.25;VDD.$2589.25;;0.18
R5941;VDD.$2588.18;VDD.$2589.25;;9.3
R5942;VDD.$2588.18;VDD.$2590.18;;18.432
R5943;VDD.$2589.25;VDD.$4632.25;;0.083
R5944;VDD.$2590.18;VDD.$2591.25;;9.3
R5945;VDD.$2590.18;VDD.$2592.18;;18.432
R5946;VDD.$2591.25;VDD.$2593.25;;0.18
R5947;VDD.$2591.25;VDD.$4632.25;;0.098
R5948;VDD.$2592.18;VDD.$2593.25;;9.3
R5949;VDD.$2592.18;VDD.$2594.18;;18.432
R5950;VDD.$2593.25;VDD.$2595.25;;0.18
R5951;VDD.$2594.18;VDD.$2595.25;;9.3
R5952;VDD.$2594.18;VDD.$2596.18;;18.432
R5953;VDD.$2595.25;VDD.$2597.25;;0.18
R5954;VDD.$2596.18;VDD.$2597.25;;9.3
R5955;VDD.$2596.18;VDD.$2598.18;;18.432
R5956;VDD.$2597.25;VDD.$2599.25;;0.18
R5957;VDD.$2598.18;VDD.$2599.25;;9.3
R5958;VDD.$2598.18;VDD.$2600.18;;18.432
R5959;VDD.$2599.25;VDD.$2601.25;;0.18
R5960;VDD.$26.15;VDD.$27.18;;585.0
R5961;VDD.$26.15;VDD.$34.15;;0.0
R5962;VDD.$260.15;VDD.$261.18;;585.0
R5963;VDD.$260.15;VDD.$278.15;;0.0
R5964;VDD.$2600.18;VDD.$2601.25;;9.3
R5965;VDD.$2600.18;VDD.$2602.18;;18.432
R5966;VDD.$2601.25;VDD.$2603.25;;0.18
R5967;VDD.$2602.18;VDD.$2603.25;;9.3
R5968;VDD.$2602.18;VDD.$2604.18;;18.432
R5969;VDD.$2603.25;VDD.$2605.25;;0.18
R5970;VDD.$2604.18;VDD.$2605.25;;9.3
R5971;VDD.$2604.18;VDD.$2606.18;;18.432
R5972;VDD.$2605.25;VDD.$2607.25;;0.18
R5973;VDD.$2606.18;VDD.$2607.25;;9.3
R5974;VDD.$2606.18;VDD.$2608.18;;18.432
R5975;VDD.$2607.25;VDD.$2609.25;;0.18
R5976;VDD.$2608.18;VDD.$2609.25;;9.3
R5977;VDD.$2608.18;VDD.$2610.18;;18.432
R5978;VDD.$2609.25;VDD.$2611.25;;0.18
R5979;VDD.$2610.18;VDD.$2611.25;;9.3
R5980;VDD.$2610.18;VDD.$2612.18;;18.432
R5981;VDD.$2611.25;VDD.$2613.25;;0.18
R5982;VDD.$2612.18;VDD.$2613.25;;9.3
R5983;VDD.$2612.18;VDD.$2614.18;;18.432
R5984;VDD.$2613.25;VDD.$2615.25;;0.18
R5985;VDD.$2614.18;VDD.$2615.25;;9.3
R5986;VDD.$2616.18;VDD.$2617.25;;9.3
R5987;VDD.$2616.18;VDD.$579.18;;27.106
R5988;VDD.$2616.18;VDD.$617.18;;0.0
R5989;VDD.$2617.25;VDD.$2619.25;;0.0
R5990;VDD.$2618.18;VDD.$2619.25;;9.3
R5991;VDD.$2618.18;VDD.$581.18;;27.106
R5992;VDD.$2618.18;VDD.$637.18;;0.0
R5993;VDD.$2619.25;VDD.$2645.25;;0.036
R5994;VDD.$262.15;VDD.$263.18;;585.0
R5995;VDD.$262.15;VDD.$280.15;;0.0
R5996;VDD.$2620.18;VDD.$2621.25;;9.3
R5997;VDD.$2620.18;VDD.$641.18;;0.0
R5998;VDD.$2620.18;VDD.$707.18;;27.106
R5999;VDD.$2621.25;VDD.$2623.25;;0.0
R6000;VDD.$2621.25;VDD.$2629.25;;0.036
R6001;VDD.$2622.18;VDD.$2623.25;;9.3
R6002;VDD.$2622.18;VDD.$695.18;;0.0
R6003;VDD.$2622.18;VDD.$709.18;;27.106
R6004;VDD.$2623.25;VDD.$3123.25;;0.036
R6005;VDD.$2624.18;VDD.$2625.25;;9.3
R6006;VDD.$2624.18;VDD.$467.18;;27.106
R6007;VDD.$2624.18;VDD.$471.18;;0.0
R6008;VDD.$2625.25;VDD.$2631.25;;0.072
R6009;VDD.$2625.25;VDD.$3133.25;;0.072
R6010;VDD.$2626.18;VDD.$2627.25;;9.3
R6011;VDD.$2626.18;VDD.$597.18;;0.0
R6012;VDD.$2626.18;VDD.$641.18;;27.106
R6013;VDD.$2627.25;VDD.$2629.25;;0.0
R6014;VDD.$2627.25;VDD.$2635.25;;0.036
R6015;VDD.$2628.18;VDD.$2629.25;;9.3
R6016;VDD.$2628.18;VDD.$599.18;;0.0
R6017;VDD.$2628.18;VDD.$695.18;;27.106
R6018;VDD.$2630.18;VDD.$2631.25;;9.3
R6019;VDD.$2630.18;VDD.$471.18;;27.106
R6020;VDD.$2630.18;VDD.$483.18;;0.0
R6021;VDD.$2631.25;VDD.$2637.25;;0.072
R6022;VDD.$2632.18;VDD.$2633.25;;9.3
R6023;VDD.$2632.18;VDD.$597.18;;27.106
R6024;VDD.$2632.18;VDD.$681.18;;0.0
R6025;VDD.$2633.25;VDD.$2635.25;;0.0
R6026;VDD.$2633.25;VDD.$2641.25;;0.036
R6027;VDD.$2634.18;VDD.$2635.25;;9.3
R6028;VDD.$2634.18;VDD.$599.18;;27.106
R6029;VDD.$2634.18;VDD.$693.18;;0.0
R6030;VDD.$2636.18;VDD.$2637.25;;9.3
R6031;VDD.$2636.18;VDD.$483.18;;27.106
R6032;VDD.$2636.18;VDD.$487.18;;0.0
R6033;VDD.$2637.25;VDD.$2643.25;;0.072
R6034;VDD.$2638.18;VDD.$2639.25;;9.3
R6035;VDD.$2638.18;VDD.$555.18;;0.0
R6036;VDD.$2638.18;VDD.$681.18;;27.106
R6037;VDD.$2639.25;VDD.$2641.25;;0.0
R6038;VDD.$2639.25;VDD.$2647.25;;0.138
R6039;VDD.$264.15;VDD.$265.18;;585.0
R6040;VDD.$264.15;VDD.$290.15;;0.0
R6041;VDD.$2640.18;VDD.$2641.25;;9.3
R6042;VDD.$2640.18;VDD.$557.18;;0.0
R6043;VDD.$2640.18;VDD.$693.18;;27.106
R6044;VDD.$2642.18;VDD.$2643.25;;9.3
R6045;VDD.$2642.18;VDD.$439.18;;0.0
R6046;VDD.$2642.18;VDD.$487.18;;27.106
R6047;VDD.$2643.25;VDD.$2651.25;;0.285
R6048;VDD.$2644.18;VDD.$2645.25;;9.3
R6049;VDD.$2644.18;VDD.$579.18;;0.0
R6050;VDD.$2645.25;VDD.$2647.25;;0.0
R6051;VDD.$2646.18;VDD.$2647.25;;9.3
R6052;VDD.$2646.18;VDD.$581.18;;0.0
R6053;VDD.$2648.18;VDD.$2649.25;;9.3
R6054;VDD.$2648.18;VDD.$443.18;;0.0
R6055;VDD.$2650.18;VDD.$2651.25;;9.3
R6056;VDD.$2650.18;VDD.$445.18;;0.0
R6057;VDD.$2652.18;VDD.$2653.25;;9.3
R6058;VDD.$2652.18;VDD.$543.18;;27.106
R6059;VDD.$2652.18;VDD.$569.18;;0.0
R6060;VDD.$2653.25;VDD.$2679.25;;0.06
R6061;VDD.$2653.25;VDD.$2835.25;;0.054
R6062;VDD.$2654.18;VDD.$2655.25;;9.3
R6063;VDD.$2654.18;VDD.$545.18;;27.106
R6064;VDD.$2654.18;VDD.$571.18;;0.0
R6065;VDD.$2655.25;VDD.$2657.25;;0.0
R6066;VDD.$2655.25;VDD.$2683.25;;0.036
R6067;VDD.$2656.18;VDD.$2657.25;;9.3
R6068;VDD.$2656.18;VDD.$547.18;;27.106
R6069;VDD.$2656.18;VDD.$573.18;;0.0
R6070;VDD.$2657.25;VDD.$2863.25;;0.036
R6071;VDD.$2658.18;VDD.$2659.25;;9.3
R6072;VDD.$2658.18;VDD.$2684.18;;18.432
R6073;VDD.$2658.18;VDD.$2864.18;;18.432
R6074;VDD.$2659.25;VDD.$2685.25;;0.0
R6075;VDD.$2659.25;VDD.$4640.25;;0.082
R6076;VDD.$266.15;VDD.$267.18;;585.0
R6077;VDD.$2660.18;VDD.$2661.25;;9.3
R6078;VDD.$2660.18;VDD.$2662.18;;18.432
R6079;VDD.$2660.18;VDD.$2676.18;;18.432
R6080;VDD.$2661.25;VDD.$2663.25;;0.18
R6081;VDD.$2661.25;VDD.$2677.25;;0.18
R6082;VDD.$2662.18;VDD.$2663.25;;9.3
R6083;VDD.$2662.18;VDD.$2664.18;;18.432
R6084;VDD.$2663.25;VDD.$2665.25;;0.18
R6085;VDD.$2664.18;VDD.$2665.25;;9.3
R6086;VDD.$2664.18;VDD.$2666.18;;18.432
R6087;VDD.$2665.25;VDD.$4634.25;;0.133
R6088;VDD.$2666.18;VDD.$2667.25;;9.3
R6089;VDD.$2666.18;VDD.$2668.18;;18.432
R6090;VDD.$2667.25;VDD.$2669.25;;0.18
R6091;VDD.$2667.25;VDD.$4634.25;;0.047
R6092;VDD.$2668.18;VDD.$2669.25;;9.3
R6093;VDD.$2670.18;VDD.$2671.25;;9.3
R6094;VDD.$2670.18;VDD.$2672.18;;18.432
R6095;VDD.$2670.18;VDD.$2738.18;;18.432
R6096;VDD.$2671.25;VDD.$2673.25;;0.18
R6097;VDD.$2671.25;VDD.$2739.25;;0.18
R6098;VDD.$2672.18;VDD.$2673.25;;9.3
R6099;VDD.$2672.18;VDD.$2674.18;;18.432
R6100;VDD.$2673.25;VDD.$2675.25;;0.18
R6101;VDD.$2674.18;VDD.$2675.25;;9.3
R6102;VDD.$2674.18;VDD.$2676.18;;18.432
R6103;VDD.$2675.25;VDD.$2677.25;;0.18
R6104;VDD.$2676.18;VDD.$2677.25;;9.3
R6105;VDD.$2678.18;VDD.$2679.25;;9.3
R6106;VDD.$2678.18;VDD.$569.18;;27.106
R6107;VDD.$2678.18;VDD.$601.18;;0.0
R6108;VDD.$2679.25;VDD.$2687.25;;0.067
R6109;VDD.$268.15;VDD.$269.18;;585.0
R6110;VDD.$2680.18;VDD.$2681.25;;9.3
R6111;VDD.$2680.18;VDD.$571.18;;27.106
R6112;VDD.$2680.18;VDD.$603.18;;0.0
R6113;VDD.$2681.25;VDD.$2683.25;;0.0
R6114;VDD.$2681.25;VDD.$2691.25;;0.036
R6115;VDD.$2682.18;VDD.$2683.25;;9.3
R6116;VDD.$2682.18;VDD.$573.18;;27.106
R6117;VDD.$2682.18;VDD.$605.18;;0.0
R6118;VDD.$2684.18;VDD.$2685.25;;9.3
R6119;VDD.$2684.18;VDD.$2692.18;;18.432
R6120;VDD.$2685.25;VDD.$2693.25;;0.0
R6121;VDD.$2686.18;VDD.$2687.25;;9.3
R6122;VDD.$2686.18;VDD.$601.18;;27.106
R6123;VDD.$2686.18;VDD.$627.18;;0.0
R6124;VDD.$2687.25;VDD.$2695.25;;0.075
R6125;VDD.$2688.18;VDD.$2689.25;;9.3
R6126;VDD.$2688.18;VDD.$603.18;;27.106
R6127;VDD.$2688.18;VDD.$629.18;;0.0
R6128;VDD.$2689.25;VDD.$2691.25;;0.0
R6129;VDD.$2689.25;VDD.$2699.25;;0.036
R6130;VDD.$2690.18;VDD.$2691.25;;9.3
R6131;VDD.$2690.18;VDD.$605.18;;27.106
R6132;VDD.$2690.18;VDD.$631.18;;0.0
R6133;VDD.$2692.18;VDD.$2693.25;;9.3
R6134;VDD.$2692.18;VDD.$2700.18;;18.432
R6135;VDD.$2693.25;VDD.$2701.25;;0.0
R6136;VDD.$2694.18;VDD.$2695.25;;9.3
R6137;VDD.$2694.18;VDD.$627.18;;27.106
R6138;VDD.$2694.18;VDD.$651.18;;0.0
R6139;VDD.$2695.25;VDD.$4636.25;;0.068
R6140;VDD.$2696.18;VDD.$2697.25;;9.3
R6141;VDD.$2696.18;VDD.$629.18;;27.106
R6142;VDD.$2696.18;VDD.$653.18;;0.0
R6143;VDD.$2697.25;VDD.$2699.25;;0.0
R6144;VDD.$2697.25;VDD.$2707.25;;0.036
R6145;VDD.$2698.18;VDD.$2699.25;;9.3
R6146;VDD.$2698.18;VDD.$631.18;;27.106
R6147;VDD.$2698.18;VDD.$655.18;;0.0
R6148;VDD.$270.15;VDD.$271.18;;585.0
R6149;VDD.$2700.18;VDD.$2701.25;;9.3
R6150;VDD.$2700.18;VDD.$2708.18;;18.432
R6151;VDD.$2701.25;VDD.$2709.25;;0.0
R6152;VDD.$2702.18;VDD.$2703.25;;9.3
R6153;VDD.$2702.18;VDD.$651.18;;27.106
R6154;VDD.$2702.18;VDD.$683.18;;0.0
R6155;VDD.$2703.25;VDD.$4636.25;;0.018
R6156;VDD.$2704.18;VDD.$2705.25;;9.3
R6157;VDD.$2704.18;VDD.$653.18;;27.106
R6158;VDD.$2704.18;VDD.$685.18;;0.0
R6159;VDD.$2705.25;VDD.$2707.25;;0.0
R6160;VDD.$2705.25;VDD.$4634.25;;0.23
R6161;VDD.$2706.18;VDD.$2707.25;;9.3
R6162;VDD.$2706.18;VDD.$655.18;;27.106
R6163;VDD.$2706.18;VDD.$687.18;;0.0
R6164;VDD.$2708.18;VDD.$2709.25;;9.3
R6165;VDD.$2708.18;VDD.$2710.18;;18.432
R6166;VDD.$2709.25;VDD.$2711.25;;0.0
R6167;VDD.$2710.18;VDD.$2711.25;;9.3
R6168;VDD.$2710.18;VDD.$2712.18;;18.432
R6169;VDD.$2711.25;VDD.$2713.25;;0.0
R6170;VDD.$2712.18;VDD.$2713.25;;9.3
R6171;VDD.$2712.18;VDD.$2714.18;;18.432
R6172;VDD.$2713.25;VDD.$2715.25;;0.0
R6173;VDD.$2714.18;VDD.$2715.25;;9.3
R6174;VDD.$2714.18;VDD.$2716.18;;18.432
R6175;VDD.$2715.25;VDD.$2717.25;;0.0
R6176;VDD.$2716.18;VDD.$2717.25;;9.3
R6177;VDD.$2716.18;VDD.$2718.18;;18.432
R6178;VDD.$2717.25;VDD.$2719.25;;0.0
R6179;VDD.$2718.18;VDD.$2719.25;;9.3
R6180;VDD.$2718.18;VDD.$2720.18;;59.985
R6181;VDD.$2719.25;VDD.$2865.25;;0.0
R6182;VDD.$272.15;VDD.$273.18;;585.0
R6183;VDD.$2720.18;VDD.$2721.25;;9.3
R6184;VDD.$2720.18;VDD.$2722.18;;18.432
R6185;VDD.$2721.25;VDD.$2723.25;;0.184
R6186;VDD.$2721.25;VDD.$4628.25;;3.407
R6187;VDD.$2722.18;VDD.$2723.25;;9.3
R6188;VDD.$2722.18;VDD.$2724.18;;18.432
R6189;VDD.$2723.25;VDD.$2725.25;;0.18
R6190;VDD.$2724.18;VDD.$2725.25;;9.3
R6191;VDD.$2724.18;VDD.$2726.18;;18.432
R6192;VDD.$2725.25;VDD.$2727.25;;0.18
R6193;VDD.$2726.18;VDD.$2727.25;;9.3
R6194;VDD.$2726.18;VDD.$2728.18;;18.432
R6195;VDD.$2727.25;VDD.$2729.25;;0.18
R6196;VDD.$2728.18;VDD.$2729.25;;9.3
R6197;VDD.$2728.18;VDD.$2730.18;;18.432
R6198;VDD.$2729.25;VDD.$2731.25;;0.18
R6199;VDD.$2730.18;VDD.$2731.25;;9.3
R6200;VDD.$2730.18;VDD.$2732.18;;18.432
R6201;VDD.$2731.25;VDD.$2733.25;;0.18
R6202;VDD.$2732.18;VDD.$2733.25;;9.3
R6203;VDD.$2732.18;VDD.$2734.18;;18.432
R6204;VDD.$2733.25;VDD.$2735.25;;0.18
R6205;VDD.$2734.18;VDD.$2735.25;;9.3
R6206;VDD.$2734.18;VDD.$2736.18;;18.432
R6207;VDD.$2735.25;VDD.$2737.25;;0.18
R6208;VDD.$2736.18;VDD.$2737.25;;9.3
R6209;VDD.$2736.18;VDD.$2738.18;;18.432
R6210;VDD.$2737.25;VDD.$2739.25;;0.18
R6211;VDD.$2738.18;VDD.$2739.25;;9.3
R6212;VDD.$274.15;VDD.$275.18;;585.0
R6213;VDD.$2740.18;VDD.$2741.25;;9.3
R6214;VDD.$2740.18;VDD.$2742.18;;18.432
R6215;VDD.$2740.18;VDD.$2798.18;;18.432
R6216;VDD.$2741.25;VDD.$2743.25;;0.009
R6217;VDD.$2741.25;VDD.$2799.25;;0.009
R6218;VDD.$2742.18;VDD.$2743.25;;9.3
R6219;VDD.$2742.18;VDD.$2772.18;;18.432
R6220;VDD.$2743.25;VDD.$2773.25;;0.009
R6221;VDD.$2744.18;VDD.$2745.25;;9.3
R6222;VDD.$2744.18;VDD.$2762.18;;18.432
R6223;VDD.$2744.18;VDD.$2788.18;;62.289
R6224;VDD.$2745.25;VDD.$2763.25;;0.009
R6225;VDD.$2746.18;VDD.$2747.25;;9.3
R6226;VDD.$2746.18;VDD.$2756.18;;18.432
R6227;VDD.$2747.25;VDD.$2757.25;;0.18
R6228;VDD.$2748.18;VDD.$2749.25;;9.3
R6229;VDD.$2748.18;VDD.$2758.18;;18.432
R6230;VDD.$2749.25;VDD.$2759.25;;0.18
R6231;VDD.$2750.18;VDD.$2751.25;;9.3
R6232;VDD.$2750.18;VDD.$2752.18;;18.432
R6233;VDD.$2750.18;VDD.$2796.18;;18.432
R6234;VDD.$2751.25;VDD.$2753.25;;0.009
R6235;VDD.$2751.25;VDD.$2797.25;;0.009
R6236;VDD.$2752.18;VDD.$2753.25;;9.3
R6237;VDD.$2752.18;VDD.$2754.18;;18.432
R6238;VDD.$2753.25;VDD.$4628.25;;0.008
R6239;VDD.$2754.18;VDD.$2755.25;;9.3
R6240;VDD.$2754.18;VDD.$2760.18;;18.432
R6241;VDD.$2755.25;VDD.$2761.25;;0.009
R6242;VDD.$2755.25;VDD.$4628.25;;0.001
R6243;VDD.$2756.18;VDD.$2757.25;;9.3
R6244;VDD.$2756.18;VDD.$2766.18;;18.432
R6245;VDD.$2757.25;VDD.$2767.25;;0.18
R6246;VDD.$2758.18;VDD.$2759.25;;9.3
R6247;VDD.$2758.18;VDD.$2768.18;;18.432
R6248;VDD.$2759.25;VDD.$2769.25;;0.18
R6249;VDD.$276.15;VDD.$277.18;;585.0
R6250;VDD.$2760.18;VDD.$2761.25;;9.3
R6251;VDD.$2760.18;VDD.$2774.18;;18.432
R6252;VDD.$2761.25;VDD.$2775.25;;0.009
R6253;VDD.$2762.18;VDD.$2763.25;;9.3
R6254;VDD.$2762.18;VDD.$2764.18;;18.432
R6255;VDD.$2763.25;VDD.$2765.25;;0.009
R6256;VDD.$2764.18;VDD.$2765.25;;9.3
R6257;VDD.$2764.18;VDD.$2770.18;;18.432
R6258;VDD.$2765.25;VDD.$2771.25;;0.009
R6259;VDD.$2766.18;VDD.$2767.25;;9.3
R6260;VDD.$2766.18;VDD.$2776.18;;18.432
R6261;VDD.$2767.25;VDD.$2777.25;;0.18
R6262;VDD.$2768.18;VDD.$2769.25;;9.3
R6263;VDD.$2768.18;VDD.$2778.18;;18.432
R6264;VDD.$2769.25;VDD.$2779.25;;0.18
R6265;VDD.$2770.18;VDD.$2771.25;;9.3
R6266;VDD.$2770.18;VDD.$2798.18;;18.432
R6267;VDD.$2771.25;VDD.$2799.25;;0.009
R6268;VDD.$2772.18;VDD.$2773.25;;9.3
R6269;VDD.$2772.18;VDD.$2792.18;;18.432
R6270;VDD.$2773.25;VDD.$2793.25;;0.009
R6271;VDD.$2774.18;VDD.$2775.25;;9.3
R6272;VDD.$2774.18;VDD.$2790.18;;62.289
R6273;VDD.$2775.25;VDD.$4640.25;;0.012
R6274;VDD.$2776.18;VDD.$2777.25;;9.3
R6275;VDD.$2776.18;VDD.$2780.18;;18.432
R6276;VDD.$2777.25;VDD.$2781.25;;0.18
R6277;VDD.$2778.18;VDD.$2779.25;;9.3
R6278;VDD.$2778.18;VDD.$2782.18;;18.432
R6279;VDD.$2779.25;VDD.$2783.25;;0.18
R6280;VDD.$278.15;VDD.$279.18;;585.0
R6281;VDD.$2780.18;VDD.$2781.25;;9.3
R6282;VDD.$2780.18;VDD.$2784.18;;18.432
R6283;VDD.$2781.25;VDD.$2785.25;;0.18
R6284;VDD.$2782.18;VDD.$2783.25;;9.3
R6285;VDD.$2782.18;VDD.$2786.18;;18.432
R6286;VDD.$2783.25;VDD.$2787.25;;0.18
R6287;VDD.$2784.18;VDD.$2785.25;;9.3
R6288;VDD.$2784.18;VDD.$2788.18;;18.432
R6289;VDD.$2785.25;VDD.$2789.25;;0.18
R6290;VDD.$2786.18;VDD.$2787.25;;9.3
R6291;VDD.$2786.18;VDD.$2790.18;;18.432
R6292;VDD.$2787.25;VDD.$2791.25;;0.18
R6293;VDD.$2788.18;VDD.$2789.25;;9.3
R6294;VDD.$2790.18;VDD.$2791.25;;9.3
R6295;VDD.$2791.25;VDD.$4640.25;;0.273
R6296;VDD.$2792.18;VDD.$2793.25;;9.3
R6297;VDD.$2792.18;VDD.$2794.18;;18.432
R6298;VDD.$2793.25;VDD.$2795.25;;0.009
R6299;VDD.$2794.18;VDD.$2795.25;;9.3
R6300;VDD.$2794.18;VDD.$2796.18;;18.432
R6301;VDD.$2795.25;VDD.$2797.25;;0.009
R6302;VDD.$2796.18;VDD.$2797.25;;9.3
R6303;VDD.$2798.18;VDD.$2799.25;;9.3
R6304;VDD.$28.15;VDD.$29.18;;585.0
R6305;VDD.$28.15;VDD.$36.15;;0.0
R6306;VDD.$280.15;VDD.$281.18;;585.0
R6307;VDD.$2800.18;VDD.$2801.25;;9.3
R6308;VDD.$2800.18;VDD.$2850.18;;18.432
R6309;VDD.$2800.18;VDD.$2868.18;;18.432
R6310;VDD.$2801.25;VDD.$2811.25;;0.043
R6311;VDD.$2801.25;VDD.$2857.25;;0.003
R6312;VDD.$2802.18;VDD.$2803.25;;9.3
R6313;VDD.$2802.18;VDD.$2820.18;;18.432
R6314;VDD.$2802.18;VDD.$2846.18;;18.432
R6315;VDD.$2803.25;VDD.$2805.25;;0.005
R6316;VDD.$2803.25;VDD.$2849.25;;0.04
R6317;VDD.$2804.18;VDD.$2805.25;;9.3
R6318;VDD.$2804.18;VDD.$561.18;;27.106
R6319;VDD.$2804.18;VDD.$643.18;;0.0
R6320;VDD.$2805.25;VDD.$2821.25;;0.04
R6321;VDD.$2806.18;VDD.$2807.25;;9.3
R6322;VDD.$2806.18;VDD.$583.18;;27.106
R6323;VDD.$2806.18;VDD.$647.18;;0.0
R6324;VDD.$2807.25;VDD.$2809.25;;0.0
R6325;VDD.$2807.25;VDD.$2827.25;;0.036
R6326;VDD.$2808.18;VDD.$2809.25;;9.3
R6327;VDD.$2808.18;VDD.$585.18;;27.106
R6328;VDD.$2808.18;VDD.$679.18;;0.0
R6329;VDD.$2809.25;VDD.$2853.25;;0.036
R6330;VDD.$2810.18;VDD.$2811.25;;9.3
R6331;VDD.$2810.18;VDD.$563.18;;27.106
R6332;VDD.$2810.18;VDD.$611.18;;0.0
R6333;VDD.$2811.25;VDD.$2869.25;;0.003
R6334;VDD.$2812.18;VDD.$2813.25;;9.3
R6335;VDD.$2812.18;VDD.$565.18;;27.106
R6336;VDD.$2812.18;VDD.$613.18;;0.0
R6337;VDD.$2813.25;VDD.$2815.25;;0.0
R6338;VDD.$2813.25;VDD.$2843.25;;0.036
R6339;VDD.$2814.18;VDD.$2815.25;;9.3
R6340;VDD.$2814.18;VDD.$567.18;;27.106
R6341;VDD.$2814.18;VDD.$615.18;;0.0
R6342;VDD.$2815.25;VDD.$2859.25;;0.036
R6343;VDD.$2816.18;VDD.$2817.25;;9.3
R6344;VDD.$2816.18;VDD.$2846.18;;18.432
R6345;VDD.$2816.18;VDD.$2886.18;;18.432
R6346;VDD.$2817.25;VDD.$2819.25;;0.005
R6347;VDD.$2817.25;VDD.$2889.25;;0.04
R6348;VDD.$2818.18;VDD.$2819.25;;9.3
R6349;VDD.$2818.18;VDD.$697.18;;0.0
R6350;VDD.$2818.18;VDD.$701.18;;27.106
R6351;VDD.$2819.25;VDD.$2847.25;;0.04
R6352;VDD.$282.15;VDD.$283.18;;585.0
R6353;VDD.$282.15;VDD.P78.15;;0.0
R6354;VDD.$2820.18;VDD.$2821.25;;9.3
R6355;VDD.$2820.18;VDD.$2838.18;;18.432
R6356;VDD.$2821.25;VDD.$2823.25;;0.005
R6357;VDD.$2822.18;VDD.$2823.25;;9.3
R6358;VDD.$2822.18;VDD.$643.18;;27.106
R6359;VDD.$2822.18;VDD.$699.18;;0.0
R6360;VDD.$2823.25;VDD.$2839.25;;0.04
R6361;VDD.$2824.18;VDD.$2825.25;;9.3
R6362;VDD.$2824.18;VDD.$541.18;;0.0
R6363;VDD.$2824.18;VDD.$647.18;;27.106
R6364;VDD.$2825.25;VDD.$2827.25;;0.0
R6365;VDD.$2825.25;VDD.$2861.25;;0.138
R6366;VDD.$2826.18;VDD.$2827.25;;9.3
R6367;VDD.$2826.18;VDD.$553.18;;0.0
R6368;VDD.$2826.18;VDD.$679.18;;27.106
R6369;VDD.$2828.18;VDD.$2829.25;;9.3
R6370;VDD.$2828.18;VDD.$559.18;;0.0
R6371;VDD.$2828.18;VDD.$703.18;;27.106
R6372;VDD.$2829.25;VDD.$2831.25;;0.0
R6373;VDD.$2829.25;VDD.$2855.25;;0.036
R6374;VDD.$2830.18;VDD.$2831.25;;9.3
R6375;VDD.$2830.18;VDD.$639.18;;0.0
R6376;VDD.$2830.18;VDD.$705.18;;27.106
R6377;VDD.$2831.25;VDD.$2891.25;;0.036
R6378;VDD.$2832.18;VDD.$2833.25;;9.3
R6379;VDD.$2832.18;VDD.$2864.18;;18.432
R6380;VDD.$2832.18;VDD.$2868.18;;18.432
R6381;VDD.$2833.25;VDD.$2835.25;;0.047
R6382;VDD.$2833.25;VDD.$2837.25;;0.003
R6383;VDD.$2834.18;VDD.$2835.25;;9.3
R6384;VDD.$2834.18;VDD.$543.18;;0.0
R6385;VDD.$2834.18;VDD.$649.18;;27.106
R6386;VDD.$2836.18;VDD.$2837.25;;9.3
R6387;VDD.$2836.18;VDD.$611.18;;27.106
R6388;VDD.$2836.18;VDD.$649.18;;0.0
R6389;VDD.$2837.25;VDD.$2869.25;;0.044
R6390;VDD.$2838.18;VDD.$2839.25;;9.3
R6391;VDD.$2838.18;VDD.$2844.18;;18.432
R6392;VDD.$2839.25;VDD.$2845.25;;0.045
R6393;VDD.$284.15;VDD.$285.18;;585.0
R6394;VDD.$284.15;VDD.P73.15;;0.0
R6395;VDD.$2840.18;VDD.$2841.25;;9.3
R6396;VDD.$2840.18;VDD.$613.18;;27.106
R6397;VDD.$2840.18;VDD.$661.18;;0.0
R6398;VDD.$2841.25;VDD.$2843.25;;0.0
R6399;VDD.$2841.25;VDD.$2867.25;;0.036
R6400;VDD.$2842.18;VDD.$2843.25;;9.3
R6401;VDD.$2842.18;VDD.$615.18;;27.106
R6402;VDD.$2842.18;VDD.$663.18;;0.0
R6403;VDD.$2844.18;VDD.$2845.25;;9.3
R6404;VDD.$2844.18;VDD.$2850.18;;18.432
R6405;VDD.$2845.25;VDD.$2851.25;;0.045
R6406;VDD.$2846.18;VDD.$2847.25;;9.3
R6407;VDD.$2847.25;VDD.$2849.25;;0.005
R6408;VDD.$2848.18;VDD.$2849.25;;9.3
R6409;VDD.$2848.18;VDD.$561.18;;0.0
R6410;VDD.$2848.18;VDD.$697.18;;27.106
R6411;VDD.$2850.18;VDD.$2851.25;;9.3
R6412;VDD.$2851.25;VDD.$2857.25;;0.043
R6413;VDD.$2852.18;VDD.$2853.25;;9.3
R6414;VDD.$2852.18;VDD.$559.18;;27.106
R6415;VDD.$2852.18;VDD.$583.18;;0.0
R6416;VDD.$2853.25;VDD.$2855.25;;0.0
R6417;VDD.$2854.18;VDD.$2855.25;;9.3
R6418;VDD.$2854.18;VDD.$585.18;;0.0
R6419;VDD.$2854.18;VDD.$639.18;;27.106
R6420;VDD.$2856.18;VDD.$2857.25;;9.3
R6421;VDD.$2856.18;VDD.$563.18;;0.0
R6422;VDD.$2858.18;VDD.$2859.25;;9.3
R6423;VDD.$2858.18;VDD.$565.18;;0.0
R6424;VDD.$2859.25;VDD.$2861.25;;0.0
R6425;VDD.$286.15;VDD.$287.18;;585.0
R6426;VDD.$2860.18;VDD.$2861.25;;9.3
R6427;VDD.$2860.18;VDD.$567.18;;0.0
R6428;VDD.$2862.18;VDD.$2863.25;;9.3
R6429;VDD.$2862.18;VDD.$545.18;;0.0
R6430;VDD.$2862.18;VDD.$661.18;;27.106
R6431;VDD.$2863.25;VDD.$2867.25;;0.0
R6432;VDD.$2864.18;VDD.$2865.25;;9.3
R6433;VDD.$2865.25;VDD.$4636.25;;0.015
R6434;VDD.$2866.18;VDD.$2867.25;;9.3
R6435;VDD.$2866.18;VDD.$547.18;;0.0
R6436;VDD.$2866.18;VDD.$663.18;;27.106
R6437;VDD.$2868.18;VDD.$2869.25;;9.3
R6438;VDD.$2870.18;VDD.$2871.25;;9.3
R6439;VDD.$2870.18;VDD.$2978.18;;18.432
R6440;VDD.$2870.18;VDD.$3018.18;;18.432
R6441;VDD.$2871.25;VDD.$2979.25;;0.18
R6442;VDD.$2871.25;VDD.$3019.25;;0.18
R6443;VDD.$2872.18;VDD.$2873.25;;9.3
R6444;VDD.$2872.18;VDD.$2980.18;;18.432
R6445;VDD.$2872.18;VDD.$3010.18;;18.432
R6446;VDD.$2873.25;VDD.$2981.25;;0.18
R6447;VDD.$2873.25;VDD.$3011.25;;0.18
R6448;VDD.$2874.18;VDD.$2875.25;;9.3
R6449;VDD.$2874.18;VDD.$757.18;;0.0
R6450;VDD.$2874.18;VDD.$797.18;;27.106
R6451;VDD.$2875.25;VDD.$2897.25;;0.033
R6452;VDD.$2875.25;VDD.$2921.25;;0.013
R6453;VDD.$2876.18;VDD.$2877.25;;9.3
R6454;VDD.$2876.18;VDD.$759.18;;0.0
R6455;VDD.$2876.18;VDD.$799.18;;27.106
R6456;VDD.$2877.25;VDD.$2879.25;;0.0
R6457;VDD.$2877.25;VDD.$2943.25;;0.138
R6458;VDD.$2878.18;VDD.$2879.25;;9.3
R6459;VDD.$2878.18;VDD.$761.18;;0.0
R6460;VDD.$2878.18;VDD.$813.18;;27.106
R6461;VDD.$2879.25;VDD.$2927.25;;0.036
R6462;VDD.$288.15;VDD.$289.18;;585.0
R6463;VDD.$288.15;VDD.P39.15;;0.0
R6464;VDD.$2880.18;VDD.$2881.25;;9.3
R6465;VDD.$2880.18;VDD.$619.18;;27.106
R6466;VDD.$2880.18;VDD.$669.18;;0.0
R6467;VDD.$2881.25;VDD.$2887.25;;0.04
R6468;VDD.$2881.25;VDD.$2899.25;;0.005
R6469;VDD.$2882.18;VDD.$2883.25;;9.3
R6470;VDD.$2882.18;VDD.$621.18;;27.106
R6471;VDD.$2882.18;VDD.$671.18;;0.0
R6472;VDD.$2883.25;VDD.$2885.25;;0.0
R6473;VDD.$2883.25;VDD.$2893.25;;0.036
R6474;VDD.$2884.18;VDD.$2885.25;;9.3
R6475;VDD.$2884.18;VDD.$623.18;;27.106
R6476;VDD.$2884.18;VDD.$673.18;;0.0
R6477;VDD.$2885.25;VDD.$2935.25;;0.036
R6478;VDD.$2886.18;VDD.$2887.25;;9.3
R6479;VDD.$2886.18;VDD.$2898.18;;18.432
R6480;VDD.$2887.25;VDD.$2889.25;;0.005
R6481;VDD.$2888.18;VDD.$2889.25;;9.3
R6482;VDD.$2888.18;VDD.$669.18;;27.106
R6483;VDD.$2888.18;VDD.$701.18;;0.0
R6484;VDD.$2890.18;VDD.$2891.25;;9.3
R6485;VDD.$2890.18;VDD.$671.18;;27.106
R6486;VDD.$2890.18;VDD.$703.18;;0.0
R6487;VDD.$2891.25;VDD.$2893.25;;0.0
R6488;VDD.$2892.18;VDD.$2893.25;;9.3
R6489;VDD.$2892.18;VDD.$673.18;;27.106
R6490;VDD.$2892.18;VDD.$705.18;;0.0
R6491;VDD.$2894.18;VDD.$2895.25;;9.3
R6492;VDD.$2894.18;VDD.$427.18;;0.0
R6493;VDD.$2895.25;VDD.$2917.25;;0.036
R6494;VDD.$2895.25;VDD.$2943.25;;0.0
R6495;VDD.$2896.18;VDD.$2897.25;;9.3
R6496;VDD.$2896.18;VDD.$2908.18;;18.432
R6497;VDD.$2896.18;VDD.$2920.18;;18.432
R6498;VDD.$2897.25;VDD.$2909.25;;0.045
R6499;VDD.$2898.18;VDD.$2899.25;;9.3
R6500;VDD.$2898.18;VDD.$2930.18;;18.432
R6501;VDD.$2899.25;VDD.$2933.25;;0.04
R6502;VDD.$290.15;VDD.$291.18;;585.0
R6503;VDD.$290.15;VDD.P34.15;;0.0
R6504;VDD.$2900.18;VDD.$2901.25;;9.3
R6505;VDD.$2900.18;VDD.$2918.18;;18.432
R6506;VDD.$2900.18;VDD.$3030.18;;18.432
R6507;VDD.$2901.25;VDD.$2903.25;;0.013
R6508;VDD.$2901.25;VDD.$3039.25;;0.033
R6509;VDD.$2902.18;VDD.$2903.25;;9.3
R6510;VDD.$2902.18;VDD.$715.18;;27.106
R6511;VDD.$2902.18;VDD.$785.18;;0.0
R6512;VDD.$2903.25;VDD.$2919.25;;0.033
R6513;VDD.$2904.18;VDD.$2905.25;;9.3
R6514;VDD.$2904.18;VDD.$725.18;;27.106
R6515;VDD.$2904.18;VDD.$789.18;;0.0
R6516;VDD.$2905.25;VDD.$2907.25;;0.0
R6517;VDD.$2905.25;VDD.$2929.25;;0.036
R6518;VDD.$2906.18;VDD.$2907.25;;9.3
R6519;VDD.$2906.18;VDD.$717.18;;27.106
R6520;VDD.$2906.18;VDD.$791.18;;0.0
R6521;VDD.$2907.25;VDD.$3043.25;;0.036
R6522;VDD.$2908.18;VDD.$2909.25;;9.3
R6523;VDD.$2908.18;VDD.$2922.18;;18.432
R6524;VDD.$2909.25;VDD.$2923.25;;0.045
R6525;VDD.$2910.18;VDD.$2911.25;;9.3
R6526;VDD.$2910.18;VDD.$2930.18;;18.432
R6527;VDD.$2910.18;VDD.$2938.18;;18.432
R6528;VDD.$2911.25;VDD.$2913.25;;0.005
R6529;VDD.$2911.25;VDD.$2941.25;;0.04
R6530;VDD.$2912.18;VDD.$2913.25;;9.3
R6531;VDD.$2912.18;VDD.$423.18;;27.106
R6532;VDD.$2912.18;VDD.$587.18;;0.0
R6533;VDD.$2913.25;VDD.$2931.25;;0.04
R6534;VDD.$2914.18;VDD.$2915.25;;9.3
R6535;VDD.$2914.18;VDD.$425.18;;27.106
R6536;VDD.$2914.18;VDD.$589.18;;0.0
R6537;VDD.$2915.25;VDD.$2917.25;;0.0
R6538;VDD.$2915.25;VDD.$2937.25;;0.036
R6539;VDD.$2916.18;VDD.$2917.25;;9.3
R6540;VDD.$2916.18;VDD.$427.18;;27.106
R6541;VDD.$2916.18;VDD.$591.18;;0.0
R6542;VDD.$2918.18;VDD.$2919.25;;9.3
R6543;VDD.$2918.18;VDD.$2920.18;;18.432
R6544;VDD.$2919.25;VDD.$2925.25;;0.013
R6545;VDD.$292.15;VDD.$293.18;;585.0
R6546;VDD.$292.15;VDD.$296.15;;0.0
R6547;VDD.$292.15;VDD.$340.15;;0.0
R6548;VDD.$2920.18;VDD.$2921.25;;9.3
R6549;VDD.$2921.25;VDD.$2925.25;;0.033
R6550;VDD.$2922.18;VDD.$2923.25;;9.3
R6551;VDD.$2922.18;VDD.$2938.18;;18.432
R6552;VDD.$2923.25;VDD.$2939.25;;0.045
R6553;VDD.$2924.18;VDD.$2925.25;;9.3
R6554;VDD.$2924.18;VDD.$785.18;;27.106
R6555;VDD.$2924.18;VDD.$797.18;;0.0
R6556;VDD.$2926.18;VDD.$2927.25;;9.3
R6557;VDD.$2926.18;VDD.$789.18;;27.106
R6558;VDD.$2926.18;VDD.$799.18;;0.0
R6559;VDD.$2927.25;VDD.$2929.25;;0.0
R6560;VDD.$2928.18;VDD.$2929.25;;9.3
R6561;VDD.$2928.18;VDD.$791.18;;27.106
R6562;VDD.$2928.18;VDD.$813.18;;0.0
R6563;VDD.$2930.18;VDD.$2931.25;;9.3
R6564;VDD.$2931.25;VDD.$2933.25;;0.005
R6565;VDD.$2932.18;VDD.$2933.25;;9.3
R6566;VDD.$2932.18;VDD.$587.18;;27.106
R6567;VDD.$2932.18;VDD.$619.18;;0.0
R6568;VDD.$2934.18;VDD.$2935.25;;9.3
R6569;VDD.$2934.18;VDD.$589.18;;27.106
R6570;VDD.$2934.18;VDD.$621.18;;0.0
R6571;VDD.$2935.25;VDD.$2937.25;;0.0
R6572;VDD.$2936.18;VDD.$2937.25;;9.3
R6573;VDD.$2936.18;VDD.$591.18;;27.106
R6574;VDD.$2936.18;VDD.$623.18;;0.0
R6575;VDD.$2938.18;VDD.$2939.25;;9.3
R6576;VDD.$2939.25;VDD.$2941.25;;0.005
R6577;VDD.$294.15;VDD.$295.18;;585.0
R6578;VDD.$294.15;VDD.$342.15;;0.0
R6579;VDD.$2940.18;VDD.$2941.25;;9.3
R6580;VDD.$2940.18;VDD.$423.18;;0.0
R6581;VDD.$2942.18;VDD.$2943.25;;9.3
R6582;VDD.$2942.18;VDD.$425.18;;0.0
R6583;VDD.$2944.18;VDD.$2945.25;;9.3
R6584;VDD.$2944.18;VDD.$2952.18;;18.432
R6585;VDD.$2944.18;VDD.$2960.18;;18.432
R6586;VDD.$2945.25;VDD.$2953.25;;0.18
R6587;VDD.$2945.25;VDD.$2961.25;;0.18
R6588;VDD.$2946.18;VDD.$2947.25;;9.3
R6589;VDD.$2946.18;VDD.$2960.18;;18.432
R6590;VDD.$2946.18;VDD.$2980.18;;18.432
R6591;VDD.$2947.25;VDD.$2961.25;;0.18
R6592;VDD.$2947.25;VDD.$2981.25;;0.18
R6593;VDD.$2948.18;VDD.$2949.25;;9.3
R6594;VDD.$2948.18;VDD.$2962.18;;18.432
R6595;VDD.$2948.18;VDD.$2968.18;;18.432
R6596;VDD.$2949.25;VDD.$2963.25;;0.18
R6597;VDD.$2949.25;VDD.$2969.25;;0.18
R6598;VDD.$2950.18;VDD.$2951.25;;9.3
R6599;VDD.$2950.18;VDD.$2972.18;;18.432
R6600;VDD.$2950.18;VDD.$2974.18;;18.432
R6601;VDD.$2951.25;VDD.$2973.25;;0.18
R6602;VDD.$2951.25;VDD.$2975.25;;0.18
R6603;VDD.$2952.18;VDD.$2953.25;;9.3
R6604;VDD.$2952.18;VDD.$2976.18;;18.432
R6605;VDD.$2953.25;VDD.$2977.25;;0.18
R6606;VDD.$2954.18;VDD.$2955.25;;9.3
R6607;VDD.$2954.18;VDD.$2964.18;;18.432
R6608;VDD.$2954.18;VDD.$2970.18;;18.432
R6609;VDD.$2955.25;VDD.$2965.25;;0.18
R6610;VDD.$2955.25;VDD.$2971.25;;0.18
R6611;VDD.$2956.18;VDD.$2957.25;;9.3
R6612;VDD.$2956.18;VDD.$2972.18;;18.432
R6613;VDD.$2956.18;VDD.$2982.18;;18.432
R6614;VDD.$2957.25;VDD.$2973.25;;0.18
R6615;VDD.$2957.25;VDD.$2983.25;;0.18
R6616;VDD.$2958.18;VDD.$2959.25;;9.3
R6617;VDD.$2958.18;VDD.$2962.18;;18.432
R6618;VDD.$2958.18;VDD.$2974.18;;18.432
R6619;VDD.$2959.25;VDD.$2963.25;;0.18
R6620;VDD.$2959.25;VDD.$2975.25;;0.18
R6621;VDD.$296.15;VDD.$297.18;;585.0
R6622;VDD.$2960.18;VDD.$2961.25;;9.3
R6623;VDD.$2962.18;VDD.$2963.25;;9.3
R6624;VDD.$2964.18;VDD.$2965.25;;9.3
R6625;VDD.$2964.18;VDD.$2966.18;;18.432
R6626;VDD.$2965.25;VDD.$2967.25;;0.18
R6627;VDD.$2966.18;VDD.$2967.25;;9.3
R6628;VDD.$2966.18;VDD.$2976.18;;18.432
R6629;VDD.$2967.25;VDD.$2977.25;;0.18
R6630;VDD.$2968.18;VDD.$2969.25;;9.3
R6631;VDD.$2970.18;VDD.$2971.25;;9.3
R6632;VDD.$2972.18;VDD.$2973.25;;9.3
R6633;VDD.$2974.18;VDD.$2975.25;;9.3
R6634;VDD.$2976.18;VDD.$2977.25;;9.3
R6635;VDD.$2978.18;VDD.$2979.25;;9.3
R6636;VDD.$2978.18;VDD.$2982.18;;18.432
R6637;VDD.$2979.25;VDD.$2983.25;;0.18
R6638;VDD.$298.15;VDD.$299.18;;585.0
R6639;VDD.$298.15;VDD.$302.15;;0.0
R6640;VDD.$2980.18;VDD.$2981.25;;9.3
R6641;VDD.$2982.18;VDD.$2983.25;;9.3
R6642;VDD.$2984.18;VDD.$2985.25;;9.3
R6643;VDD.$2984.18;VDD.$2992.18;;18.432
R6644;VDD.$2984.18;VDD.$2994.18;;18.432
R6645;VDD.$2985.25;VDD.$2993.25;;0.18
R6646;VDD.$2985.25;VDD.$2995.25;;0.18
R6647;VDD.$2986.18;VDD.$2987.25;;9.3
R6648;VDD.$2986.18;VDD.$2996.18;;18.432
R6649;VDD.$2986.18;VDD.$3022.18;;18.432
R6650;VDD.$2987.25;VDD.$2997.25;;0.18
R6651;VDD.$2987.25;VDD.$3023.25;;0.18
R6652;VDD.$2988.18;VDD.$2989.25;;9.3
R6653;VDD.$2988.18;VDD.$3006.18;;18.432
R6654;VDD.$2988.18;VDD.$3016.18;;18.432
R6655;VDD.$2989.25;VDD.$3007.25;;0.18
R6656;VDD.$2989.25;VDD.$3017.25;;0.18
R6657;VDD.$2990.18;VDD.$2991.25;;9.3
R6658;VDD.$2990.18;VDD.$2994.18;;18.432
R6659;VDD.$2990.18;VDD.$3004.18;;18.432
R6660;VDD.$2991.25;VDD.$2995.25;;0.18
R6661;VDD.$2991.25;VDD.$3005.25;;0.18
R6662;VDD.$2992.18;VDD.$2993.25;;9.3
R6663;VDD.$2992.18;VDD.$3020.18;;18.432
R6664;VDD.$2993.25;VDD.$3021.25;;0.18
R6665;VDD.$2994.18;VDD.$2995.25;;9.3
R6666;VDD.$2996.18;VDD.$2997.25;;9.3
R6667;VDD.$2996.18;VDD.$3010.18;;18.432
R6668;VDD.$2997.25;VDD.$3011.25;;0.18
R6669;VDD.$2998.18;VDD.$2999.25;;9.3
R6670;VDD.$2998.18;VDD.$3000.18;;18.432
R6671;VDD.$2998.18;VDD.$3014.18;;18.432
R6672;VDD.$2999.25;VDD.$3001.25;;0.18
R6673;VDD.$2999.25;VDD.$3015.25;;0.18
R6674;VDD.$3.18;VDD.$3290.18;;0.0
R6675;VDD.$3.18;VDD.$3298.18;;27.106
R6676;VDD.$30.15;VDD.$31.18;;585.0
R6677;VDD.$30.15;VDD.$38.15;;0.0
R6678;VDD.$300.15;VDD.$301.18;;585.0
R6679;VDD.$300.15;VDD.$304.15;;0.0
R6680;VDD.$3000.18;VDD.$3001.25;;9.3
R6681;VDD.$3000.18;VDD.$3002.18;;18.432
R6682;VDD.$3001.25;VDD.$3003.25;;0.18
R6683;VDD.$3002.18;VDD.$3003.25;;9.3
R6684;VDD.$3002.18;VDD.$3012.18;;18.432
R6685;VDD.$3003.25;VDD.$3013.25;;0.18
R6686;VDD.$3004.18;VDD.$3005.25;;9.3
R6687;VDD.$3004.18;VDD.$3022.18;;18.432
R6688;VDD.$3005.25;VDD.$3023.25;;0.18
R6689;VDD.$3006.18;VDD.$3007.25;;9.3
R6690;VDD.$3006.18;VDD.$3014.18;;18.432
R6691;VDD.$3007.25;VDD.$3015.25;;0.18
R6692;VDD.$3008.18;VDD.$3009.25;;9.3
R6693;VDD.$3008.18;VDD.$3012.18;;18.432
R6694;VDD.$3008.18;VDD.$3018.18;;18.432
R6695;VDD.$3009.25;VDD.$3013.25;;0.18
R6696;VDD.$3009.25;VDD.$3019.25;;0.18
R6697;VDD.$3010.18;VDD.$3011.25;;9.3
R6698;VDD.$3012.18;VDD.$3013.25;;9.3
R6699;VDD.$3014.18;VDD.$3015.25;;9.3
R6700;VDD.$3016.18;VDD.$3017.25;;9.3
R6701;VDD.$3018.18;VDD.$3019.25;;9.3
R6702;VDD.$302.15;VDD.$303.18;;585.0
R6703;VDD.$302.15;VDD.$306.15;;0.0
R6704;VDD.$3020.18;VDD.$3021.25;;9.3
R6705;VDD.$3022.18;VDD.$3023.25;;9.3
R6706;VDD.$3024.18;VDD.$3025.25;;9.3
R6707;VDD.$3024.18;VDD.$733.18;;27.106
R6708;VDD.$3024.18;VDD.$743.18;;0.0
R6709;VDD.$3025.25;VDD.$3035.25;;0.036
R6710;VDD.$3025.25;VDD.$3077.25;;0.0
R6711;VDD.$3026.18;VDD.$3027.25;;9.3
R6712;VDD.$3026.18;VDD.$741.18;;27.106
R6713;VDD.$3026.18;VDD.$803.18;;0.0
R6714;VDD.$3027.25;VDD.$3031.25;;0.033
R6715;VDD.$3027.25;VDD.$3037.25;;0.013
R6716;VDD.$3028.18;VDD.$3029.25;;9.3
R6717;VDD.$3028.18;VDD.$743.18;;27.106
R6718;VDD.$3028.18;VDD.$771.18;;0.0
R6719;VDD.$3029.25;VDD.$3035.25;;0.0
R6720;VDD.$3029.25;VDD.$3063.25;;0.036
R6721;VDD.$3030.18;VDD.$3031.25;;9.3
R6722;VDD.$3030.18;VDD.$3036.18;;18.432
R6723;VDD.$3031.25;VDD.$3039.25;;0.013
R6724;VDD.$3032.18;VDD.$3033.25;;9.3
R6725;VDD.$3032.18;VDD.$3064.18;;18.432
R6726;VDD.$3032.18;VDD.$3088.18;;18.432
R6727;VDD.$3033.25;VDD.$3065.25;;0.045
R6728;VDD.$3033.25;VDD.$3089.25;;0.045
R6729;VDD.$3034.18;VDD.$3035.25;;9.3
R6730;VDD.$3034.18;VDD.$727.18;;0.0
R6731;VDD.$3034.18;VDD.$745.18;;27.106
R6732;VDD.$3036.18;VDD.$3037.25;;9.3
R6733;VDD.$3036.18;VDD.$3080.18;;18.432
R6734;VDD.$3037.25;VDD.$3093.25;;0.033
R6735;VDD.$3038.18;VDD.$3039.25;;9.3
R6736;VDD.$3038.18;VDD.$715.18;;0.0
R6737;VDD.$3038.18;VDD.$803.18;;27.106
R6738;VDD.$304.15;VDD.$305.18;;585.0
R6739;VDD.$304.15;VDD.$308.15;;0.0
R6740;VDD.$3040.18;VDD.$3041.25;;9.3
R6741;VDD.$3040.18;VDD.$733.18;;0.0
R6742;VDD.$3040.18;VDD.$751.18;;27.106
R6743;VDD.$3041.25;VDD.$3053.25;;0.0
R6744;VDD.$3041.25;VDD.$3077.25;;0.036
R6745;VDD.$3042.18;VDD.$3043.25;;9.3
R6746;VDD.$3042.18;VDD.$725.18;;0.0
R6747;VDD.$3042.18;VDD.$771.18;;27.106
R6748;VDD.$3043.25;VDD.$3063.25;;0.0
R6749;VDD.$3044.18;VDD.$3045.25;;9.3
R6750;VDD.$3044.18;VDD.$723.18;;0.0
R6751;VDD.$3045.25;VDD.$3079.25;;0.0
R6752;VDD.$3045.25;VDD.$3085.25;;0.036
R6753;VDD.$3046.18;VDD.$3047.25;;9.3
R6754;VDD.$3046.18;VDD.$713.18;;0.0
R6755;VDD.$3046.18;VDD.$777.18;;27.106
R6756;VDD.$3047.25;VDD.$3061.25;;0.033
R6757;VDD.$3047.25;VDD.$3083.25;;0.013
R6758;VDD.$3048.18;VDD.$3049.25;;9.3
R6759;VDD.$3048.18;VDD.$793.18;;27.106
R6760;VDD.$3048.18;VDD.$811.18;;0.0
R6761;VDD.$3049.25;VDD.$3057.25;;0.0
R6762;VDD.$3049.25;VDD.$3079.25;;0.138
R6763;VDD.$3050.18;VDD.$3051.25;;9.3
R6764;VDD.$3050.18;VDD.$3064.18;;18.432
R6765;VDD.$3050.18;VDD.$3090.18;;18.432
R6766;VDD.$3051.25;VDD.$3059.25;;0.02
R6767;VDD.$3051.25;VDD.$3067.25;;0.025
R6768;VDD.$3052.18;VDD.$3053.25;;9.3
R6769;VDD.$3052.18;VDD.$735.18;;0.0
R6770;VDD.$3052.18;VDD.$753.18;;27.106
R6771;VDD.$3053.25;VDD.$3071.25;;0.036
R6772;VDD.$3054.18;VDD.$3055.25;;9.3
R6773;VDD.$3054.18;VDD.$3082.18;;18.432
R6774;VDD.$3054.18;VDD.$3088.18;;18.432
R6775;VDD.$3055.25;VDD.$3069.25;;0.013
R6776;VDD.$3055.25;VDD.$3089.25;;0.045
R6777;VDD.$3056.18;VDD.$3057.25;;9.3
R6778;VDD.$3056.18;VDD.$781.18;;0.0
R6779;VDD.$3056.18;VDD.$795.18;;27.106
R6780;VDD.$3057.25;VDD.$3075.25;;0.036
R6781;VDD.$3058.18;VDD.$3059.25;;9.3
R6782;VDD.$3058.18;VDD.$767.18;;27.106
R6783;VDD.$3058.18;VDD.$809.18;;0.0
R6784;VDD.$3059.25;VDD.$3065.25;;0.025
R6785;VDD.$306.15;VDD.$307.18;;585.0
R6786;VDD.$306.15;VDD.$310.15;;0.0
R6787;VDD.$3060.18;VDD.$3061.25;;9.3
R6788;VDD.$3060.18;VDD.$3080.18;;18.432
R6789;VDD.$3060.18;VDD.$3082.18;;18.432
R6790;VDD.$3061.25;VDD.$3073.25;;0.013
R6791;VDD.$3062.18;VDD.$3063.25;;9.3
R6792;VDD.$3062.18;VDD.$717.18;;0.0
R6793;VDD.$3062.18;VDD.$727.18;;27.106
R6794;VDD.$3064.18;VDD.$3065.25;;9.3
R6795;VDD.$3066.18;VDD.$3067.25;;9.3
R6796;VDD.$3066.18;VDD.$729.18;;27.106
R6797;VDD.$3066.18;VDD.$767.18;;0.0
R6798;VDD.$3067.25;VDD.$3091.25;;0.02
R6799;VDD.$3068.18;VDD.$3069.25;;9.3
R6800;VDD.$3068.18;VDD.$777.18;;0.0
R6801;VDD.$3069.25;VDD.$3083.25;;0.033
R6802;VDD.$3070.18;VDD.$3071.25;;9.3
R6803;VDD.$3070.18;VDD.$721.18;;27.106
R6804;VDD.$3070.18;VDD.$751.18;;0.0
R6805;VDD.$3071.25;VDD.$3085.25;;0.0
R6806;VDD.$3072.18;VDD.$3073.25;;9.3
R6807;VDD.$3072.18;VDD.$713.18;;27.106
R6808;VDD.$3072.18;VDD.$731.18;;0.0
R6809;VDD.$3073.25;VDD.$3081.25;;0.033
R6810;VDD.$3074.18;VDD.$3075.25;;9.3
R6811;VDD.$3074.18;VDD.$793.18;;0.0
R6812;VDD.$3074.18;VDD.$801.18;;27.106
R6813;VDD.$3075.25;VDD.$3087.25;;0.0
R6814;VDD.$3076.18;VDD.$3077.25;;9.3
R6815;VDD.$3076.18;VDD.$735.18;;27.106
R6816;VDD.$3076.18;VDD.$745.18;;0.0
R6817;VDD.$3078.18;VDD.$3079.25;;9.3
R6818;VDD.$3078.18;VDD.$721.18;;0.0
R6819;VDD.$308.15;VDD.$309.18;;585.0
R6820;VDD.$308.15;VDD.$312.15;;0.0
R6821;VDD.$3080.18;VDD.$3081.25;;9.3
R6822;VDD.$3081.25;VDD.$3093.25;;0.013
R6823;VDD.$3082.18;VDD.$3083.25;;9.3
R6824;VDD.$3084.18;VDD.$3085.25;;9.3
R6825;VDD.$3084.18;VDD.$723.18;;27.106
R6826;VDD.$3084.18;VDD.$753.18;;0.0
R6827;VDD.$3086.18;VDD.$3087.25;;9.3
R6828;VDD.$3086.18;VDD.$795.18;;0.0
R6829;VDD.$3086.18;VDD.$805.18;;27.106
R6830;VDD.$3088.18;VDD.$3089.25;;9.3
R6831;VDD.$3090.18;VDD.$3091.25;;9.3
R6832;VDD.$3090.18;VDD.$3302.18;;18.432
R6833;VDD.$3092.18;VDD.$3093.25;;9.3
R6834;VDD.$3092.18;VDD.$731.18;;27.106
R6835;VDD.$3092.18;VDD.$741.18;;0.0
R6836;VDD.$3094.18;VDD.$3095.25;;9.3
R6837;VDD.$3094.18;VDD.$429.18;;0.0
R6838;VDD.$3095.25;VDD.$3099.25;;0.0
R6839;VDD.$3095.25;VDD.$3111.25;;0.036
R6840;VDD.$3096.18;VDD.$3097.25;;9.3
R6841;VDD.$3096.18;VDD.$497.18;;27.106
R6842;VDD.$3096.18;VDD.$517.18;;0.0
R6843;VDD.$3097.25;VDD.$3135.25;;0.072
R6844;VDD.$3097.25;VDD.$3147.25;;0.072
R6845;VDD.$3098.18;VDD.$3099.25;;9.3
R6846;VDD.$3098.18;VDD.$431.18;;0.0
R6847;VDD.$3099.25;VDD.$3161.25;;0.248
R6848;VDD.$310.15;VDD.$311.18;;585.0
R6849;VDD.$310.15;VDD.P79.15;;0.0
R6850;VDD.$3100.18;VDD.$3101.25;;9.3
R6851;VDD.$3100.18;VDD.$783.18;;0.0
R6852;VDD.$3100.18;VDD.$787.18;;27.106
R6853;VDD.$3101.25;VDD.$3141.25;;0.276
R6854;VDD.$3101.25;VDD.$3157.25;;0.072
R6855;VDD.$3102.18;VDD.$3103.25;;9.3
R6856;VDD.$3102.18;VDD.$433.18;;0.0
R6857;VDD.$3103.25;VDD.$3105.25;;0.276
R6858;VDD.$3103.25;VDD.$3147.25;;0.072
R6859;VDD.$3104.18;VDD.$3105.25;;9.3
R6860;VDD.$3104.18;VDD.$819.18;;0.0
R6861;VDD.$3104.18;VDD.$831.18;;27.106
R6862;VDD.$3105.25;VDD.$3121.25;;0.072
R6863;VDD.$3106.18;VDD.$3107.25;;9.3
R6864;VDD.$3106.18;VDD.$429.18;;27.106
R6865;VDD.$3106.18;VDD.$593.18;;0.0
R6866;VDD.$3107.25;VDD.$3111.25;;0.0
R6867;VDD.$3107.25;VDD.$3139.25;;0.036
R6868;VDD.$3108.18;VDD.$3109.25;;9.3
R6869;VDD.$3108.18;VDD.$593.18;;27.106
R6870;VDD.$3108.18;VDD.$625.18;;0.0
R6871;VDD.$3109.25;VDD.$3117.25;;0.036
R6872;VDD.$3109.25;VDD.$3139.25;;0.0
R6873;VDD.$3110.18;VDD.$3111.25;;9.3
R6874;VDD.$3110.18;VDD.$431.18;;27.106
R6875;VDD.$3110.18;VDD.$595.18;;0.0
R6876;VDD.$3112.18;VDD.$3113.25;;9.3
R6877;VDD.$3112.18;VDD.$625.18;;27.106
R6878;VDD.$3112.18;VDD.$675.18;;0.0
R6879;VDD.$3113.25;VDD.$3117.25;;0.0
R6880;VDD.$3113.25;VDD.$3125.25;;0.036
R6881;VDD.$3114.18;VDD.$3115.25;;9.3
R6882;VDD.$3114.18;VDD.$719.18;;0.0
R6883;VDD.$3114.18;VDD.$769.18;;27.106
R6884;VDD.$3115.25;VDD.$3127.25;;0.072
R6885;VDD.$3115.25;VDD.$3163.25;;0.072
R6886;VDD.$3116.18;VDD.$3117.25;;9.3
R6887;VDD.$3116.18;VDD.$645.18;;27.106
R6888;VDD.$3116.18;VDD.$677.18;;0.0
R6889;VDD.$3118.18;VDD.$3119.25;;9.3
R6890;VDD.$3118.18;VDD.$711.18;;0.0
R6891;VDD.$3118.18;VDD.$739.18;;27.106
R6892;VDD.$3119.25;VDD.$3127.25;;0.072
R6893;VDD.$3119.25;VDD.$3161.25;;0.072
R6894;VDD.$312.15;VDD.$313.18;;585.0
R6895;VDD.$312.15;VDD.P74.15;;0.0
R6896;VDD.$3120.18;VDD.$3121.25;;9.3
R6897;VDD.$3120.18;VDD.$831.18;;0.0
R6898;VDD.$3120.18;VDD.$841.18;;27.106
R6899;VDD.$3121.25;VDD.$3129.25;;0.072
R6900;VDD.$3122.18;VDD.$3123.25;;9.3
R6901;VDD.$3122.18;VDD.$675.18;;27.106
R6902;VDD.$3122.18;VDD.$707.18;;0.0
R6903;VDD.$3123.25;VDD.$3125.25;;0.0
R6904;VDD.$3124.18;VDD.$3125.25;;9.3
R6905;VDD.$3124.18;VDD.$677.18;;27.106
R6906;VDD.$3124.18;VDD.$709.18;;0.0
R6907;VDD.$3126.18;VDD.$3127.25;;9.3
R6908;VDD.$3126.18;VDD.$719.18;;27.106
R6909;VDD.$3126.18;VDD.$739.18;;0.0
R6910;VDD.$3128.18;VDD.$3129.25;;9.3
R6911;VDD.$3128.18;VDD.$825.18;;27.106
R6912;VDD.$3128.18;VDD.$841.18;;0.0
R6913;VDD.$3129.25;VDD.$3131.25;;0.072
R6914;VDD.$3130.18;VDD.$3131.25;;9.3
R6915;VDD.$3130.18;VDD.$825.18;;0.0
R6916;VDD.$3130.18;VDD.$829.18;;27.106
R6917;VDD.$3131.25;VDD.$3137.25;;0.072
R6918;VDD.$3132.18;VDD.$3133.25;;9.3
R6919;VDD.$3132.18;VDD.$467.18;;0.0
R6920;VDD.$3132.18;VDD.$529.18;;27.106
R6921;VDD.$3133.25;VDD.$3135.25;;0.072
R6922;VDD.$3134.18;VDD.$3135.25;;9.3
R6923;VDD.$3134.18;VDD.$517.18;;27.106
R6924;VDD.$3134.18;VDD.$529.18;;0.0
R6925;VDD.$3136.18;VDD.$3137.25;;9.3
R6926;VDD.$3136.18;VDD.$829.18;;0.0
R6927;VDD.$3136.18;VDD.$837.18;;27.106
R6928;VDD.$3137.25;VDD.$3151.25;;0.072
R6929;VDD.$3138.18;VDD.$3139.25;;9.3
R6930;VDD.$3138.18;VDD.$595.18;;27.106
R6931;VDD.$3138.18;VDD.$645.18;;0.0
R6932;VDD.$314.15;VDD.$315.18;;585.0
R6933;VDD.$314.15;VDD.$318.15;;0.0
R6934;VDD.$314.15;VDD.P79.15;;0.0
R6935;VDD.$3140.18;VDD.$3141.25;;9.3
R6936;VDD.$3140.18;VDD.$779.18;;0.0
R6937;VDD.$3141.25;VDD.$3153.25;;0.072
R6938;VDD.$3142.18;VDD.$3143.25;;9.3
R6939;VDD.$3142.18;VDD.$821.18;;0.0
R6940;VDD.$3143.25;VDD.$3145.25;;0.276
R6941;VDD.$3143.25;VDD.$3155.25;;0.072
R6942;VDD.$3144.18;VDD.$3145.25;;9.3
R6943;VDD.$3144.18;VDD.$849.18;;0.0
R6944;VDD.$3144.18;VDD.$857.18;;27.106
R6945;VDD.$3145.25;VDD.$3159.25;;0.072
R6946;VDD.$3146.18;VDD.$3147.25;;9.3
R6947;VDD.$3146.18;VDD.$433.18;;27.106
R6948;VDD.$3146.18;VDD.$497.18;;0.0
R6949;VDD.$3148.18;VDD.$3149.25;;9.3
R6950;VDD.$3148.18;VDD.$737.18;;27.106
R6951;VDD.$3148.18;VDD.$747.18;;0.0
R6952;VDD.$3149.25;VDD.$3163.25;;0.072
R6953;VDD.$3149.25;VDD.$3165.25;;0.072
R6954;VDD.$3150.18;VDD.$3151.25;;9.3
R6955;VDD.$3150.18;VDD.$835.18;;27.106
R6956;VDD.$3150.18;VDD.$837.18;;0.0
R6957;VDD.$3151.25;VDD.$3167.25;;0.072
R6958;VDD.$3152.18;VDD.$3153.25;;9.3
R6959;VDD.$3152.18;VDD.$755.18;;0.0
R6960;VDD.$3152.18;VDD.$779.18;;27.106
R6961;VDD.$3153.25;VDD.$3165.25;;0.072
R6962;VDD.$3154.18;VDD.$3155.25;;9.3
R6963;VDD.$3154.18;VDD.$821.18;;27.106
R6964;VDD.$3154.18;VDD.$843.18;;0.0
R6965;VDD.$3155.25;VDD.$3167.25;;0.072
R6966;VDD.$3156.18;VDD.$3157.25;;9.3
R6967;VDD.$3156.18;VDD.$787.18;;0.0
R6968;VDD.$3156.18;VDD.$807.18;;27.106
R6969;VDD.$3158.18;VDD.$3159.25;;9.3
R6970;VDD.$3158.18;VDD.$853.18;;27.106
R6971;VDD.$3158.18;VDD.$857.18;;0.0
R6972;VDD.$316.15;VDD.$317.18;;585.0
R6973;VDD.$316.15;VDD.$320.15;;0.0
R6974;VDD.$316.15;VDD.P74.15;;0.0
R6975;VDD.$3160.18;VDD.$3161.25;;9.3
R6976;VDD.$3160.18;VDD.$711.18;;27.106
R6977;VDD.$3160.18;VDD.$763.18;;0.0
R6978;VDD.$3162.18;VDD.$3163.25;;9.3
R6979;VDD.$3162.18;VDD.$747.18;;27.106
R6980;VDD.$3162.18;VDD.$769.18;;0.0
R6981;VDD.$3164.18;VDD.$3165.25;;9.3
R6982;VDD.$3164.18;VDD.$737.18;;0.0
R6983;VDD.$3164.18;VDD.$755.18;;27.106
R6984;VDD.$3166.18;VDD.$3167.25;;9.3
R6985;VDD.$3166.18;VDD.$835.18;;0.0
R6986;VDD.$3166.18;VDD.$843.18;;27.106
R6987;VDD.$3168.18;VDD.$3169.25;;9.3
R6988;VDD.$3168.18;VDD.$873.18;;0.0
R6989;VDD.$3169.25;VDD.$3171.25;;0.0
R6990;VDD.$3169.25;VDD.$3175.25;;0.252
R6991;VDD.$3170.18;VDD.$3171.25;;9.3
R6992;VDD.$3170.18;VDD.$875.18;;0.0
R6993;VDD.$3171.25;VDD.$3679.25;;0.036
R6994;VDD.$3172.18;VDD.$3173.25;;9.3
R6995;VDD.$3172.18;VDD.$877.18;;0.0
R6996;VDD.$3173.25;VDD.$3177.25;;0.276
R6997;VDD.$3173.25;VDD.$3651.25;;0.072
R6998;VDD.$3174.18;VDD.$3175.25;;9.3
R6999;VDD.$3174.18;VDD.$971.18;;0.0
R7000;VDD.$3175.25;VDD.$3179.25;;0.072
R7001;VDD.$3176.18;VDD.$3177.25;;9.3
R7002;VDD.$3176.18;VDD.$889.18;;0.0
R7003;VDD.$3177.25;VDD.$3181.25;;0.072
R7004;VDD.$3178.18;VDD.$3179.25;;9.3
R7005;VDD.$3178.18;VDD.$971.18;;27.106
R7006;VDD.$3179.25;VDD.$3183.25;;0.072
R7007;VDD.$318.15;VDD.$319.18;;585.0
R7008;VDD.$318.15;VDD.$322.15;;0.0
R7009;VDD.$3180.18;VDD.$3181.25;;9.3
R7010;VDD.$3180.18;VDD.$889.18;;27.106
R7011;VDD.$3180.18;VDD.$893.18;;0.0
R7012;VDD.$3181.25;VDD.$3185.25;;0.072
R7013;VDD.$3182.18;VDD.$3183.25;;9.3
R7014;VDD.$3182.18;VDD.$933.18;;0.0
R7015;VDD.$3183.25;VDD.$3187.25;;0.072
R7016;VDD.$3184.18;VDD.$3185.25;;9.3
R7017;VDD.$3184.18;VDD.$893.18;;27.106
R7018;VDD.$3184.18;VDD.$897.18;;0.0
R7019;VDD.$3185.25;VDD.$3189.25;;0.072
R7020;VDD.$3186.18;VDD.$3187.25;;9.3
R7021;VDD.$3186.18;VDD.$933.18;;27.106
R7022;VDD.$3186.18;VDD.$945.18;;0.0
R7023;VDD.$3187.25;VDD.$3191.25;;0.072
R7024;VDD.$3188.18;VDD.$3189.25;;9.3
R7025;VDD.$3188.18;VDD.$897.18;;27.106
R7026;VDD.$3188.18;VDD.$901.18;;0.0
R7027;VDD.$3189.25;VDD.$3193.25;;0.072
R7028;VDD.$3190.18;VDD.$3191.25;;9.3
R7029;VDD.$3190.18;VDD.$945.18;;27.106
R7030;VDD.$3190.18;VDD.$957.18;;0.0
R7031;VDD.$3191.25;VDD.$3195.25;;0.072
R7032;VDD.$3192.18;VDD.$3193.25;;9.3
R7033;VDD.$3192.18;VDD.$901.18;;27.106
R7034;VDD.$3192.18;VDD.$905.18;;0.0
R7035;VDD.$3193.25;VDD.$3197.25;;0.072
R7036;VDD.$3194.18;VDD.$3195.25;;9.3
R7037;VDD.$3194.18;VDD.$957.18;;27.106
R7038;VDD.$3194.18;VDD.$969.18;;0.0
R7039;VDD.$3195.25;VDD.$3199.25;;0.072
R7040;VDD.$3196.18;VDD.$3197.25;;9.3
R7041;VDD.$3196.18;VDD.$905.18;;27.106
R7042;VDD.$3196.18;VDD.$909.18;;0.0
R7043;VDD.$3197.25;VDD.$3201.25;;0.072
R7044;VDD.$3198.18;VDD.$3199.25;;9.3
R7045;VDD.$3198.18;VDD.$969.18;;27.106
R7046;VDD.$3198.18;VDD.$981.18;;0.0
R7047;VDD.$3199.25;VDD.$3203.25;;0.072
R7048;VDD.$32.15;VDD.$33.18;;585.0
R7049;VDD.$32.15;VDD.$40.15;;0.0
R7050;VDD.$320.15;VDD.$321.18;;585.0
R7051;VDD.$320.15;VDD.$324.15;;0.0
R7052;VDD.$3200.18;VDD.$3201.25;;9.3
R7053;VDD.$3200.18;VDD.$909.18;;27.106
R7054;VDD.$3200.18;VDD.$913.18;;0.0
R7055;VDD.$3201.25;VDD.$3205.25;;0.072
R7056;VDD.$3202.18;VDD.$3203.25;;9.3
R7057;VDD.$3202.18;VDD.$981.18;;27.106
R7058;VDD.$3202.18;VDD.$993.18;;0.0
R7059;VDD.$3203.25;VDD.$3207.25;;0.072
R7060;VDD.$3204.18;VDD.$3205.25;;9.3
R7061;VDD.$3204.18;VDD.$913.18;;27.106
R7062;VDD.$3204.18;VDD.$917.18;;0.0
R7063;VDD.$3205.25;VDD.$3209.25;;0.072
R7064;VDD.$3206.18;VDD.$3207.25;;9.3
R7065;VDD.$3206.18;VDD.$993.18;;27.106
R7066;VDD.$3207.25;VDD.$3211.25;;0.276
R7067;VDD.$3208.18;VDD.$3209.25;;9.3
R7068;VDD.$3208.18;VDD.$917.18;;27.106
R7069;VDD.$3208.18;VDD.$921.18;;0.0
R7070;VDD.$3209.25;VDD.$3213.25;;0.276
R7071;VDD.$3210.18;VDD.$3211.25;;9.3
R7072;VDD.$3211.25;VDD.$3215.25;;0.072
R7073;VDD.$3212.18;VDD.$3213.25;;9.3
R7074;VDD.$3212.18;VDD.$925.18;;0.0
R7075;VDD.$3213.25;VDD.$3217.25;;0.072
R7076;VDD.$3214.18;VDD.$3215.25;;9.3
R7077;VDD.$3215.25;VDD.$3219.25;;0.072
R7078;VDD.$3216.18;VDD.$3217.25;;9.3
R7079;VDD.$3216.18;VDD.$925.18;;27.106
R7080;VDD.$3216.18;VDD.$929.18;;0.0
R7081;VDD.$3217.25;VDD.$3221.25;;0.072
R7082;VDD.$3218.18;VDD.$3219.25;;9.3
R7083;VDD.$3218.18;VDD.$937.18;;0.0
R7084;VDD.$3219.25;VDD.$3223.25;;0.072
R7085;VDD.$322.15;VDD.$323.18;;585.0
R7086;VDD.$322.15;VDD.$326.15;;0.0
R7087;VDD.$3220.18;VDD.$3221.25;;9.3
R7088;VDD.$3220.18;VDD.$883.18;;0.0
R7089;VDD.$3220.18;VDD.$929.18;;27.106
R7090;VDD.$3221.25;VDD.$3225.25;;0.072
R7091;VDD.$3222.18;VDD.$3223.25;;9.3
R7092;VDD.$3222.18;VDD.$935.18;;0.0
R7093;VDD.$3222.18;VDD.$937.18;;27.106
R7094;VDD.$3223.25;VDD.$3227.25;;0.072
R7095;VDD.$3224.18;VDD.$3225.25;;9.3
R7096;VDD.$3224.18;VDD.$883.18;;27.106
R7097;VDD.$3224.18;VDD.$887.18;;0.0
R7098;VDD.$3225.25;VDD.$3229.25;;0.072
R7099;VDD.$3226.18;VDD.$3227.25;;9.3
R7100;VDD.$3226.18;VDD.$7.18;;0.0
R7101;VDD.$3226.18;VDD.$935.18;;27.106
R7102;VDD.$3227.25;VDD.$3231.25;;0.072
R7103;VDD.$3228.18;VDD.$3229.25;;9.3
R7104;VDD.$3228.18;VDD.$887.18;;27.106
R7105;VDD.$3228.18;VDD.$9.18;;0.0
R7106;VDD.$3229.25;VDD.$3233.25;;0.072
R7107;VDD.$3230.18;VDD.$3231.25;;9.3
R7108;VDD.$3230.18;VDD.$7.18;;27.106
R7109;VDD.$3230.18;VDD.$765.18;;0.0
R7110;VDD.$3232.18;VDD.$3233.25;;9.3
R7111;VDD.$3232.18;VDD.$863.18;;0.0
R7112;VDD.$3232.18;VDD.$9.18;;27.106
R7113;VDD.$3234.18;VDD.$3235.25;;9.3
R7114;VDD.$3234.18;VDD.$975.18;;27.106
R7115;VDD.$3234.18;VDD.$987.18;;0.0
R7116;VDD.$3235.25;VDD.$3241.25;;0.018
R7117;VDD.$3235.25;VDD.$3411.25;;0.027
R7118;VDD.$3236.18;VDD.$3237.25;;9.3
R7119;VDD.$3236.18;VDD.$977.18;;27.106
R7120;VDD.$3236.18;VDD.$989.18;;0.0
R7121;VDD.$3237.25;VDD.$3239.25;;0.0
R7122;VDD.$3237.25;VDD.$3247.25;;0.036
R7123;VDD.$3238.18;VDD.$3239.25;;9.3
R7124;VDD.$3238.18;VDD.$979.18;;27.106
R7125;VDD.$3238.18;VDD.$991.18;;0.0
R7126;VDD.$3239.25;VDD.$3395.25;;0.036
R7127;VDD.$324.15;VDD.$325.18;;585.0
R7128;VDD.$324.15;VDD.$328.15;;0.0
R7129;VDD.$3240.18;VDD.$3241.25;;9.3
R7130;VDD.$3240.18;VDD.$3248.18;;18.432
R7131;VDD.$3240.18;VDD.$3410.18;;18.432
R7132;VDD.$3241.25;VDD.$3243.25;;0.027
R7133;VDD.$3242.18;VDD.$3243.25;;9.3
R7134;VDD.$3242.18;VDD.$987.18;;27.106
R7135;VDD.$3242.18;VDD.$999.18;;0.0
R7136;VDD.$3243.25;VDD.$3249.25;;0.018
R7137;VDD.$3244.18;VDD.$3245.25;;9.3
R7138;VDD.$3244.18;VDD.$989.18;;27.106
R7139;VDD.$3245.25;VDD.$3247.25;;0.0
R7140;VDD.$3245.25;VDD.$3261.25;;0.138
R7141;VDD.$3246.18;VDD.$3247.25;;9.3
R7142;VDD.$3246.18;VDD.$991.18;;27.106
R7143;VDD.$3248.18;VDD.$3249.25;;9.3
R7144;VDD.$3248.18;VDD.$3250.18;;18.432
R7145;VDD.$3249.25;VDD.$3251.25;;0.045
R7146;VDD.$3250.18;VDD.$3251.25;;9.3
R7147;VDD.$3250.18;VDD.$3252.18;;18.432
R7148;VDD.$3251.25;VDD.$3253.25;;0.045
R7149;VDD.$3252.18;VDD.$3253.25;;9.3
R7150;VDD.$3252.18;VDD.$3254.18;;18.432
R7151;VDD.$3253.25;VDD.$3255.25;;0.045
R7152;VDD.$3254.18;VDD.$3255.25;;9.3
R7153;VDD.$3254.18;VDD.$3262.18;;18.432
R7154;VDD.$3255.25;VDD.$3257.25;;0.02
R7155;VDD.$3256.18;VDD.$3257.25;;9.3
R7156;VDD.$3257.25;VDD.$3263.25;;0.025
R7157;VDD.$3258.18;VDD.$3259.25;;9.3
R7158;VDD.$3259.25;VDD.$3261.25;;0.0
R7159;VDD.$3259.25;VDD.$3269.25;;0.036
R7160;VDD.$326.15;VDD.$327.18;;585.0
R7161;VDD.$326.15;VDD.$330.15;;0.0
R7162;VDD.$3260.18;VDD.$3261.25;;9.3
R7163;VDD.$3262.18;VDD.$3263.25;;9.3
R7164;VDD.$3262.18;VDD.$3270.18;;18.432
R7165;VDD.$3263.25;VDD.$3265.25;;0.02
R7166;VDD.$3264.18;VDD.$3265.25;;9.3
R7167;VDD.$3265.25;VDD.$3271.25;;0.025
R7168;VDD.$3266.18;VDD.$3267.25;;9.3
R7169;VDD.$3267.25;VDD.$3269.25;;0.0
R7170;VDD.$3267.25;VDD.$3277.25;;0.036
R7171;VDD.$3268.18;VDD.$3269.25;;9.3
R7172;VDD.$3270.18;VDD.$3271.25;;9.3
R7173;VDD.$3270.18;VDD.$3278.18;;18.432
R7174;VDD.$3271.25;VDD.$3273.25;;0.02
R7175;VDD.$3272.18;VDD.$3273.25;;9.3
R7176;VDD.$3273.25;VDD.$3279.25;;0.025
R7177;VDD.$3274.18;VDD.$3275.25;;9.3
R7178;VDD.$3274.18;VDD.$947.18;;0.0
R7179;VDD.$3275.25;VDD.$3277.25;;0.0
R7180;VDD.$3275.25;VDD.$3285.25;;0.036
R7181;VDD.$3276.18;VDD.$3277.25;;9.3
R7182;VDD.$3276.18;VDD.$973.18;;0.0
R7183;VDD.$3278.18;VDD.$3279.25;;9.3
R7184;VDD.$3278.18;VDD.$3286.18;;18.432
R7185;VDD.$3279.25;VDD.$3281.25;;0.02
R7186;VDD.$328.15;VDD.$329.18;;585.0
R7187;VDD.$328.15;VDD.$332.15;;0.0
R7188;VDD.$3280.18;VDD.$3281.25;;9.3
R7189;VDD.$3280.18;VDD.$983.18;;0.0
R7190;VDD.$3281.25;VDD.$3287.25;;0.025
R7191;VDD.$3282.18;VDD.$3283.25;;9.3
R7192;VDD.$3282.18;VDD.$947.18;;27.106
R7193;VDD.$3283.25;VDD.$3285.25;;0.0
R7194;VDD.$3283.25;VDD.$3293.25;;0.036
R7195;VDD.$3284.18;VDD.$3285.25;;9.3
R7196;VDD.$3284.18;VDD.$973.18;;27.106
R7197;VDD.$3286.18;VDD.$3287.25;;9.3
R7198;VDD.$3286.18;VDD.$3294.18;;18.432
R7199;VDD.$3287.25;VDD.$3289.25;;0.02
R7200;VDD.$3288.18;VDD.$3289.25;;9.3
R7201;VDD.$3288.18;VDD.$983.18;;27.106
R7202;VDD.$3289.25;VDD.$3295.25;;0.025
R7203;VDD.$3290.18;VDD.$3291.25;;9.3
R7204;VDD.$3291.25;VDD.$3293.25;;0.0
R7205;VDD.$3291.25;VDD.$3301.25;;0.036
R7206;VDD.$3292.18;VDD.$3293.25;;9.3
R7207;VDD.$3292.18;VDD.$5.18;;0.0
R7208;VDD.$3294.18;VDD.$3295.25;;9.3
R7209;VDD.$3294.18;VDD.$3302.18;;18.432
R7210;VDD.$3295.25;VDD.$3297.25;;0.02
R7211;VDD.$3296.18;VDD.$3297.25;;9.3
R7212;VDD.$3296.18;VDD.$773.18;;0.0
R7213;VDD.$3297.25;VDD.$3303.25;;0.025
R7214;VDD.$3298.18;VDD.$3299.25;;9.3
R7215;VDD.$3298.18;VDD.$775.18;;0.0
R7216;VDD.$3299.25;VDD.$3301.25;;0.0
R7217;VDD.$330.15;VDD.$331.18;;585.0
R7218;VDD.$3300.18;VDD.$3301.25;;9.3
R7219;VDD.$3300.18;VDD.$5.18;;27.106
R7220;VDD.$3300.18;VDD.$749.18;;0.0
R7221;VDD.$3302.18;VDD.$3303.25;;9.3
R7222;VDD.$3304.18;VDD.$3305.25;;9.3
R7223;VDD.$3304.18;VDD.$3328.18;;18.432
R7224;VDD.$3304.18;VDD.$3374.18;;18.432
R7225;VDD.$3305.25;VDD.$3329.25;;0.18
R7226;VDD.$3305.25;VDD.$3375.25;;0.18
R7227;VDD.$3306.18;VDD.$3307.25;;9.3
R7228;VDD.$3306.18;VDD.$3318.18;;18.432
R7229;VDD.$3306.18;VDD.$3334.18;;18.432
R7230;VDD.$3307.25;VDD.$3319.25;;0.18
R7231;VDD.$3307.25;VDD.$3335.25;;0.18
R7232;VDD.$3308.18;VDD.$3309.25;;9.3
R7233;VDD.$3308.18;VDD.$3320.18;;18.432
R7234;VDD.$3308.18;VDD.$3336.18;;18.432
R7235;VDD.$3309.25;VDD.$3321.25;;0.18
R7236;VDD.$3309.25;VDD.$3337.25;;0.18
R7237;VDD.$3310.18;VDD.$3311.25;;9.3
R7238;VDD.$3310.18;VDD.$3324.18;;18.432
R7239;VDD.$3310.18;VDD.$3328.18;;18.432
R7240;VDD.$3311.25;VDD.$3325.25;;0.18
R7241;VDD.$3311.25;VDD.$3329.25;;0.18
R7242;VDD.$3312.18;VDD.$3313.25;;9.3
R7243;VDD.$3312.18;VDD.$3326.18;;18.432
R7244;VDD.$3312.18;VDD.$3346.18;;18.432
R7245;VDD.$3313.25;VDD.$3327.25;;0.18
R7246;VDD.$3313.25;VDD.$3347.25;;0.18
R7247;VDD.$3314.18;VDD.$3315.25;;9.3
R7248;VDD.$3314.18;VDD.$3334.18;;18.432
R7249;VDD.$3314.18;VDD.$3338.18;;18.432
R7250;VDD.$3315.25;VDD.$3335.25;;0.18
R7251;VDD.$3315.25;VDD.$3339.25;;0.18
R7252;VDD.$3316.18;VDD.$3317.25;;9.3
R7253;VDD.$3316.18;VDD.$3336.18;;18.432
R7254;VDD.$3316.18;VDD.$3340.18;;18.432
R7255;VDD.$3317.25;VDD.$3337.25;;0.18
R7256;VDD.$3317.25;VDD.$3341.25;;0.18
R7257;VDD.$3318.18;VDD.$3319.25;;9.3
R7258;VDD.$3318.18;VDD.$3330.18;;18.432
R7259;VDD.$3319.25;VDD.$3331.25;;0.18
R7260;VDD.$332.15;VDD.$333.18;;585.0
R7261;VDD.$3320.18;VDD.$3321.25;;9.3
R7262;VDD.$3320.18;VDD.$3332.18;;18.432
R7263;VDD.$3321.25;VDD.$3333.25;;0.18
R7264;VDD.$3322.18;VDD.$3323.25;;9.3
R7265;VDD.$3322.18;VDD.$3346.18;;18.432
R7266;VDD.$3322.18;VDD.$3376.18;;18.432
R7267;VDD.$3323.25;VDD.$3347.25;;0.18
R7268;VDD.$3323.25;VDD.$3377.25;;0.18
R7269;VDD.$3324.18;VDD.$3325.25;;9.3
R7270;VDD.$3324.18;VDD.$3338.18;;18.432
R7271;VDD.$3325.25;VDD.$3339.25;;0.18
R7272;VDD.$3326.18;VDD.$3327.25;;9.3
R7273;VDD.$3326.18;VDD.$3340.18;;18.432
R7274;VDD.$3327.25;VDD.$3341.25;;0.18
R7275;VDD.$3328.18;VDD.$3329.25;;9.3
R7276;VDD.$3330.18;VDD.$3331.25;;9.3
R7277;VDD.$3330.18;VDD.$3342.18;;18.432
R7278;VDD.$3331.25;VDD.$3343.25;;0.18
R7279;VDD.$3332.18;VDD.$3333.25;;9.3
R7280;VDD.$3332.18;VDD.$3344.18;;18.432
R7281;VDD.$3333.25;VDD.$3345.25;;0.18
R7282;VDD.$3334.18;VDD.$3335.25;;9.3
R7283;VDD.$3336.18;VDD.$3337.25;;9.3
R7284;VDD.$3338.18;VDD.$3339.25;;9.3
R7285;VDD.$334.15;VDD.$335.18;;585.0
R7286;VDD.$334.15;VDD.$338.15;;0.0
R7287;VDD.$3340.18;VDD.$3341.25;;9.3
R7288;VDD.$3342.18;VDD.$3343.25;;9.3
R7289;VDD.$3344.18;VDD.$3345.25;;9.3
R7290;VDD.$3346.18;VDD.$3347.25;;9.3
R7291;VDD.$3348.18;VDD.$3349.25;;9.3
R7292;VDD.$3348.18;VDD.$3350.18;;18.432
R7293;VDD.$3348.18;VDD.$3382.18;;18.432
R7294;VDD.$3349.25;VDD.$3351.25;;0.18
R7295;VDD.$3349.25;VDD.$3383.25;;0.18
R7296;VDD.$335.18;VDD.$4004.18;;0.0
R7297;VDD.$3350.18;VDD.$3351.25;;9.3
R7298;VDD.$3350.18;VDD.$3352.18;;18.432
R7299;VDD.$3351.25;VDD.$3353.25;;0.18
R7300;VDD.$3352.18;VDD.$3353.25;;9.3
R7301;VDD.$3352.18;VDD.$3354.18;;18.432
R7302;VDD.$3353.25;VDD.$3355.25;;0.18
R7303;VDD.$3354.18;VDD.$3355.25;;9.3
R7304;VDD.$3354.18;VDD.$3356.18;;18.432
R7305;VDD.$3355.25;VDD.$3357.25;;0.18
R7306;VDD.$3356.18;VDD.$3357.25;;9.3
R7307;VDD.$3356.18;VDD.$3358.18;;18.432
R7308;VDD.$3357.25;VDD.$3359.25;;0.18
R7309;VDD.$3358.18;VDD.$3359.25;;9.3
R7310;VDD.$3358.18;VDD.$3360.18;;18.432
R7311;VDD.$3359.25;VDD.$3361.25;;0.18
R7312;VDD.$336.15;VDD.$337.18;;585.0
R7313;VDD.$336.15;VDD.$340.15;;0.0
R7314;VDD.$3360.18;VDD.$3361.25;;9.3
R7315;VDD.$3360.18;VDD.$3362.18;;18.432
R7316;VDD.$3361.25;VDD.$3363.25;;0.18
R7317;VDD.$3362.18;VDD.$3363.25;;9.3
R7318;VDD.$3362.18;VDD.$3364.18;;18.432
R7319;VDD.$3363.25;VDD.$3365.25;;0.18
R7320;VDD.$3364.18;VDD.$3365.25;;9.3
R7321;VDD.$3364.18;VDD.$3366.18;;18.432
R7322;VDD.$3365.25;VDD.$3367.25;;0.18
R7323;VDD.$3366.18;VDD.$3367.25;;9.3
R7324;VDD.$3366.18;VDD.$3368.18;;18.432
R7325;VDD.$3367.25;VDD.$3369.25;;0.18
R7326;VDD.$3368.18;VDD.$3369.25;;9.3
R7327;VDD.$3368.18;VDD.$3370.18;;18.432
R7328;VDD.$3369.25;VDD.$3371.25;;0.18
R7329;VDD.$337.18;VDD.$4018.18;;0.0
R7330;VDD.$3370.18;VDD.$3371.25;;9.3
R7331;VDD.$3370.18;VDD.$3372.18;;18.432
R7332;VDD.$3371.25;VDD.$3373.25;;0.18
R7333;VDD.$3372.18;VDD.$3373.25;;9.3
R7334;VDD.$3372.18;VDD.$3376.18;;62.289
R7335;VDD.$3373.25;VDD.$3377.25;;0.608
R7336;VDD.$3374.18;VDD.$3375.25;;9.3
R7337;VDD.$3374.18;VDD.$3378.18;;62.289
R7338;VDD.$3375.25;VDD.$3379.25;;0.608
R7339;VDD.$3376.18;VDD.$3377.25;;9.3
R7340;VDD.$3378.18;VDD.$3379.25;;9.3
R7341;VDD.$3378.18;VDD.$3380.18;;18.432
R7342;VDD.$3379.25;VDD.$3381.25;;0.18
R7343;VDD.$338.15;VDD.$339.18;;585.0
R7344;VDD.$338.15;VDD.$342.15;;0.0
R7345;VDD.$3380.18;VDD.$3381.25;;9.3
R7346;VDD.$3380.18;VDD.$3382.18;;18.432
R7347;VDD.$3381.25;VDD.$3383.25;;0.18
R7348;VDD.$3382.18;VDD.$3383.25;;9.3
R7349;VDD.$3384.18;VDD.$3385.25;;9.3
R7350;VDD.$3384.18;VDD.$871.18;;0.0
R7351;VDD.$3385.25;VDD.$3389.25;;0.0
R7352;VDD.$3385.25;VDD.$3409.25;;0.138
R7353;VDD.$3386.18;VDD.$3387.25;;9.3
R7354;VDD.$3386.18;VDD.$3396.18;;18.432
R7355;VDD.$3386.18;VDD.$3454.18;;18.432
R7356;VDD.$3387.25;VDD.$3397.25;;0.045
R7357;VDD.$3387.25;VDD.$3449.25;;0.01
R7358;VDD.$3388.18;VDD.$3389.25;;9.3
R7359;VDD.$3388.18;VDD.$869.18;;0.0
R7360;VDD.$3389.25;VDD.$3595.25;;0.036
R7361;VDD.$3390.18;VDD.$3391.25;;9.3
R7362;VDD.$3390.18;VDD.$3410.18;;18.432
R7363;VDD.$3390.18;VDD.$3436.18;;18.432
R7364;VDD.$3391.25;VDD.$3393.25;;0.027
R7365;VDD.$3391.25;VDD.$3439.25;;0.018
R7366;VDD.$3392.18;VDD.$3393.25;;9.3
R7367;VDD.$3392.18;VDD.$963.18;;27.106
R7368;VDD.$3392.18;VDD.$975.18;;0.0
R7369;VDD.$3393.25;VDD.$3411.25;;0.018
R7370;VDD.$3394.18;VDD.$3395.25;;9.3
R7371;VDD.$3394.18;VDD.$965.18;;27.106
R7372;VDD.$3394.18;VDD.$977.18;;0.0
R7373;VDD.$3395.25;VDD.$3401.25;;0.0
R7374;VDD.$3396.18;VDD.$3397.25;;9.3
R7375;VDD.$3396.18;VDD.$3398.18;;18.432
R7376;VDD.$3397.25;VDD.$3399.25;;0.045
R7377;VDD.$3398.18;VDD.$3399.25;;9.3
R7378;VDD.$3398.18;VDD.$3444.18;;18.432
R7379;VDD.$3399.25;VDD.$3445.25;;0.045
R7380;VDD.$34.15;VDD.$35.18;;585.0
R7381;VDD.$34.15;VDD.$42.15;;0.0
R7382;VDD.$340.15;VDD.$341.18;;585.0
R7383;VDD.$3400.18;VDD.$3401.25;;9.3
R7384;VDD.$3400.18;VDD.$967.18;;27.106
R7385;VDD.$3400.18;VDD.$979.18;;0.0
R7386;VDD.$3401.25;VDD.$3441.25;;0.036
R7387;VDD.$3402.18;VDD.$3403.25;;9.3
R7388;VDD.$3402.18;VDD.$3426.18;;18.432
R7389;VDD.$3402.18;VDD.$3444.18;;18.432
R7390;VDD.$3403.25;VDD.$3405.25;;0.027
R7391;VDD.$3403.25;VDD.$3447.25;;0.018
R7392;VDD.$3404.18;VDD.$3405.25;;9.3
R7393;VDD.$3404.18;VDD.$949.18;;27.106
R7394;VDD.$3404.18;VDD.$985.18;;0.0
R7395;VDD.$3405.25;VDD.$3427.25;;0.018
R7396;VDD.$3406.18;VDD.$3407.25;;9.3
R7397;VDD.$3406.18;VDD.$959.18;;0.0
R7398;VDD.$3407.25;VDD.$3409.25;;0.0
R7399;VDD.$3407.25;VDD.$3425.25;;0.036
R7400;VDD.$3408.18;VDD.$3409.25;;9.3
R7401;VDD.$3408.18;VDD.$961.18;;0.0
R7402;VDD.$3410.18;VDD.$3411.25;;9.3
R7403;VDD.$3412.18;VDD.$3413.25;;9.3
R7404;VDD.$3412.18;VDD.$3416.18;;18.432
R7405;VDD.$3412.18;VDD.$3426.18;;18.432
R7406;VDD.$3413.25;VDD.$3415.25;;0.027
R7407;VDD.$3413.25;VDD.$3433.25;;0.018
R7408;VDD.$3414.18;VDD.$3415.25;;9.3
R7409;VDD.$3414.18;VDD.$939.18;;0.0
R7410;VDD.$3415.25;VDD.$3417.25;;0.018
R7411;VDD.$3416.18;VDD.$3417.25;;9.3
R7412;VDD.$3416.18;VDD.$3436.18;;18.432
R7413;VDD.$3417.25;VDD.$3419.25;;0.027
R7414;VDD.$3418.18;VDD.$3419.25;;9.3
R7415;VDD.$3418.18;VDD.$939.18;;27.106
R7416;VDD.$3418.18;VDD.$951.18;;0.0
R7417;VDD.$3419.25;VDD.$3437.25;;0.018
R7418;VDD.$342.15;VDD.$343.18;;585.0
R7419;VDD.$3420.18;VDD.$3421.25;;9.3
R7420;VDD.$3420.18;VDD.$941.18;;27.106
R7421;VDD.$3420.18;VDD.$953.18;;0.0
R7422;VDD.$3421.25;VDD.$3435.25;;0.0
R7423;VDD.$3421.25;VDD.$3443.25;;0.036
R7424;VDD.$3422.18;VDD.$3423.25;;9.3
R7425;VDD.$3422.18;VDD.$959.18;;27.106
R7426;VDD.$3422.18;VDD.$995.18;;0.0
R7427;VDD.$3423.25;VDD.$3425.25;;0.0
R7428;VDD.$3423.25;VDD.$3453.25;;0.036
R7429;VDD.$3424.18;VDD.$3425.25;;9.3
R7430;VDD.$3424.18;VDD.$961.18;;27.106
R7431;VDD.$3424.18;VDD.$997.18;;0.0
R7432;VDD.$3426.18;VDD.$3427.25;;9.3
R7433;VDD.$3427.25;VDD.$3433.25;;0.027
R7434;VDD.$3428.18;VDD.$3429.25;;9.3
R7435;VDD.$3428.18;VDD.$941.18;;0.0
R7436;VDD.$3429.25;VDD.$3431.25;;0.0
R7437;VDD.$3429.25;VDD.$3435.25;;0.036
R7438;VDD.$3430.18;VDD.$3431.25;;9.3
R7439;VDD.$3430.18;VDD.$943.18;;0.0
R7440;VDD.$3431.25;VDD.$3451.25;;0.036
R7441;VDD.$3432.18;VDD.$3433.25;;9.3
R7442;VDD.$3432.18;VDD.$985.18;;27.106
R7443;VDD.$3434.18;VDD.$3435.25;;9.3
R7444;VDD.$3434.18;VDD.$943.18;;27.106
R7445;VDD.$3434.18;VDD.$955.18;;0.0
R7446;VDD.$3436.18;VDD.$3437.25;;9.3
R7447;VDD.$3437.25;VDD.$3439.25;;0.027
R7448;VDD.$3438.18;VDD.$3439.25;;9.3
R7449;VDD.$3438.18;VDD.$951.18;;27.106
R7450;VDD.$3438.18;VDD.$963.18;;0.0
R7451;VDD.$344.15;VDD.$345.18;;585.0
R7452;VDD.$344.15;VDD.$354.15;;0.0
R7453;VDD.$344.15;VDD.P13.15;;0.0
R7454;VDD.$3440.18;VDD.$3441.25;;9.3
R7455;VDD.$3440.18;VDD.$953.18;;27.106
R7456;VDD.$3440.18;VDD.$965.18;;0.0
R7457;VDD.$3441.25;VDD.$3443.25;;0.0
R7458;VDD.$3442.18;VDD.$3443.25;;9.3
R7459;VDD.$3442.18;VDD.$955.18;;27.106
R7460;VDD.$3442.18;VDD.$967.18;;0.0
R7461;VDD.$3444.18;VDD.$3445.25;;9.3
R7462;VDD.$3445.25;VDD.$3447.25;;0.027
R7463;VDD.$3446.18;VDD.$3447.25;;9.3
R7464;VDD.$3446.18;VDD.$949.18;;0.0
R7465;VDD.$3448.18;VDD.$3449.25;;9.3
R7466;VDD.$3448.18;VDD.$867.18;;0.0
R7467;VDD.$3449.25;VDD.$3455.25;;0.035
R7468;VDD.$3450.18;VDD.$3451.25;;9.3
R7469;VDD.$3450.18;VDD.$995.18;;27.106
R7470;VDD.$3451.25;VDD.$3453.25;;0.0
R7471;VDD.$3452.18;VDD.$3453.25;;9.3
R7472;VDD.$3452.18;VDD.$997.18;;27.106
R7473;VDD.$3454.18;VDD.$3455.25;;9.3
R7474;VDD.$3454.18;VDD.$3590.18;;18.432
R7475;VDD.$3455.25;VDD.$3593.25;;0.01
R7476;VDD.$3456.18;VDD.$3457.25;;9.3
R7477;VDD.$3456.18;VDD.$3464.18;;18.432
R7478;VDD.$3456.18;VDD.$3598.18;;59.985
R7479;VDD.$3457.25;VDD.$3459.25;;0.043
R7480;VDD.$3457.25;VDD.$3599.25;;0.172
R7481;VDD.$3458.18;VDD.$3459.25;;9.3
R7482;VDD.$3459.25;VDD.$3465.25;;0.003
R7483;VDD.$346.15;VDD.$347.18;;585.0
R7484;VDD.$346.15;VDD.$396.15;;0.0
R7485;VDD.$3460.18;VDD.$3461.25;;9.3
R7486;VDD.$3461.25;VDD.$3463.25;;0.0
R7487;VDD.$3461.25;VDD.$3471.25;;0.036
R7488;VDD.$3462.18;VDD.$3463.25;;9.3
R7489;VDD.$3463.25;VDD.$4638.25;;0.082
R7490;VDD.$3464.18;VDD.$3465.25;;9.3
R7491;VDD.$3464.18;VDD.$3472.18;;18.432
R7492;VDD.$3465.25;VDD.$3467.25;;0.043
R7493;VDD.$3466.18;VDD.$3467.25;;9.3
R7494;VDD.$3467.25;VDD.$3473.25;;0.003
R7495;VDD.$3468.18;VDD.$3469.25;;9.3
R7496;VDD.$3469.25;VDD.$3471.25;;0.0
R7497;VDD.$3469.25;VDD.$3479.25;;0.036
R7498;VDD.$3470.18;VDD.$3471.25;;9.3
R7499;VDD.$3472.18;VDD.$3473.25;;9.3
R7500;VDD.$3472.18;VDD.$3480.18;;18.432
R7501;VDD.$3473.25;VDD.$3475.25;;0.043
R7502;VDD.$3474.18;VDD.$3475.25;;9.3
R7503;VDD.$3475.25;VDD.$3481.25;;0.003
R7504;VDD.$3476.18;VDD.$3477.25;;9.3
R7505;VDD.$3477.25;VDD.$3479.25;;0.0
R7506;VDD.$3477.25;VDD.$3487.25;;0.036
R7507;VDD.$3478.18;VDD.$3479.25;;9.3
R7508;VDD.$348.15;VDD.$349.18;;585.0
R7509;VDD.$348.15;VDD.$404.15;;0.0
R7510;VDD.$3480.18;VDD.$3481.25;;9.3
R7511;VDD.$3480.18;VDD.$3488.18;;18.432
R7512;VDD.$3481.25;VDD.$3483.25;;0.043
R7513;VDD.$3482.18;VDD.$3483.25;;9.3
R7514;VDD.$3483.25;VDD.$3489.25;;0.003
R7515;VDD.$3484.18;VDD.$3485.25;;9.3
R7516;VDD.$3485.25;VDD.$3487.25;;0.0
R7517;VDD.$3485.25;VDD.$3495.25;;0.036
R7518;VDD.$3486.18;VDD.$3487.25;;9.3
R7519;VDD.$3488.18;VDD.$3489.25;;9.3
R7520;VDD.$3488.18;VDD.$3496.18;;18.432
R7521;VDD.$3489.25;VDD.$3491.25;;0.043
R7522;VDD.$3490.18;VDD.$3491.25;;9.3
R7523;VDD.$3491.25;VDD.$3497.25;;0.003
R7524;VDD.$3492.18;VDD.$3493.25;;9.3
R7525;VDD.$3493.25;VDD.$3495.25;;0.0
R7526;VDD.$3493.25;VDD.$3503.25;;0.036
R7527;VDD.$3494.18;VDD.$3495.25;;9.3
R7528;VDD.$3496.18;VDD.$3497.25;;9.3
R7529;VDD.$3496.18;VDD.$3504.18;;18.432
R7530;VDD.$3497.25;VDD.$3499.25;;0.043
R7531;VDD.$3498.18;VDD.$3499.25;;9.3
R7532;VDD.$3499.25;VDD.$3505.25;;0.003
R7533;VDD.$350.15;VDD.$351.18;;585.0
R7534;VDD.$350.15;VDD.$360.15;;0.0
R7535;VDD.$350.15;VDD.$418.15;;0.0
R7536;VDD.$3500.18;VDD.$3501.25;;9.3
R7537;VDD.$3501.25;VDD.$3503.25;;0.0
R7538;VDD.$3501.25;VDD.$3511.25;;0.036
R7539;VDD.$3502.18;VDD.$3503.25;;9.3
R7540;VDD.$3504.18;VDD.$3505.25;;9.3
R7541;VDD.$3504.18;VDD.$3512.18;;18.432
R7542;VDD.$3505.25;VDD.$3507.25;;0.043
R7543;VDD.$3506.18;VDD.$3507.25;;9.3
R7544;VDD.$3507.25;VDD.$3513.25;;0.003
R7545;VDD.$3508.18;VDD.$3509.25;;9.3
R7546;VDD.$3509.25;VDD.$3511.25;;0.0
R7547;VDD.$3509.25;VDD.$3519.25;;0.036
R7548;VDD.$3510.18;VDD.$3511.25;;9.3
R7549;VDD.$3512.18;VDD.$3513.25;;9.3
R7550;VDD.$3512.18;VDD.$3520.18;;18.432
R7551;VDD.$3513.25;VDD.$3515.25;;0.043
R7552;VDD.$3514.18;VDD.$3515.25;;9.3
R7553;VDD.$3515.25;VDD.$3521.25;;0.003
R7554;VDD.$3516.18;VDD.$3517.25;;9.3
R7555;VDD.$3517.25;VDD.$3519.25;;0.0
R7556;VDD.$3517.25;VDD.$3527.25;;0.036
R7557;VDD.$3518.18;VDD.$3519.25;;9.3
R7558;VDD.$352.15;VDD.$353.18;;585.0
R7559;VDD.$352.15;VDD.$362.15;;0.0
R7560;VDD.$352.15;VDD.$420.15;;0.0
R7561;VDD.$3520.18;VDD.$3521.25;;9.3
R7562;VDD.$3520.18;VDD.$3528.18;;18.432
R7563;VDD.$3521.25;VDD.$3523.25;;0.043
R7564;VDD.$3522.18;VDD.$3523.25;;9.3
R7565;VDD.$3523.25;VDD.$3529.25;;0.003
R7566;VDD.$3524.18;VDD.$3525.25;;9.3
R7567;VDD.$3525.25;VDD.$3527.25;;0.0
R7568;VDD.$3525.25;VDD.$3541.25;;0.138
R7569;VDD.$3526.18;VDD.$3527.25;;9.3
R7570;VDD.$3528.18;VDD.$3529.25;;9.3
R7571;VDD.$3528.18;VDD.$3530.18;;18.432
R7572;VDD.$3529.25;VDD.$3531.25;;0.045
R7573;VDD.$3530.18;VDD.$3531.25;;9.3
R7574;VDD.$3530.18;VDD.$3532.18;;18.432
R7575;VDD.$3531.25;VDD.$3533.25;;0.045
R7576;VDD.$3532.18;VDD.$3533.25;;9.3
R7577;VDD.$3532.18;VDD.$3534.18;;18.432
R7578;VDD.$3533.25;VDD.$3535.25;;0.045
R7579;VDD.$3534.18;VDD.$3535.25;;9.3
R7580;VDD.$3534.18;VDD.$3542.18;;18.432
R7581;VDD.$3535.25;VDD.$3537.25;;0.035
R7582;VDD.$3536.18;VDD.$3537.25;;9.3
R7583;VDD.$3537.25;VDD.$3543.25;;0.01
R7584;VDD.$3538.18;VDD.$3539.25;;9.3
R7585;VDD.$3539.25;VDD.$3541.25;;0.0
R7586;VDD.$3539.25;VDD.$3549.25;;0.036
R7587;VDD.$354.15;VDD.$355.18;;585.0
R7588;VDD.$354.15;VDD.$364.15;;0.0
R7589;VDD.$3540.18;VDD.$3541.25;;9.3
R7590;VDD.$3542.18;VDD.$3543.25;;9.3
R7591;VDD.$3542.18;VDD.$3550.18;;18.432
R7592;VDD.$3543.25;VDD.$3545.25;;0.035
R7593;VDD.$3544.18;VDD.$3545.25;;9.3
R7594;VDD.$3545.25;VDD.$3551.25;;0.01
R7595;VDD.$3546.18;VDD.$3547.25;;9.3
R7596;VDD.$3547.25;VDD.$3549.25;;0.0
R7597;VDD.$3547.25;VDD.$3557.25;;0.036
R7598;VDD.$3548.18;VDD.$3549.25;;9.3
R7599;VDD.$3550.18;VDD.$3551.25;;9.3
R7600;VDD.$3550.18;VDD.$3558.18;;18.432
R7601;VDD.$3551.25;VDD.$3553.25;;0.035
R7602;VDD.$3552.18;VDD.$3553.25;;9.3
R7603;VDD.$3553.25;VDD.$3559.25;;0.01
R7604;VDD.$3554.18;VDD.$3555.25;;9.3
R7605;VDD.$3555.25;VDD.$3557.25;;0.0
R7606;VDD.$3555.25;VDD.$3565.25;;0.036
R7607;VDD.$3556.18;VDD.$3557.25;;9.3
R7608;VDD.$3558.18;VDD.$3559.25;;9.3
R7609;VDD.$3558.18;VDD.$3566.18;;18.432
R7610;VDD.$3559.25;VDD.$3561.25;;0.035
R7611;VDD.$356.15;VDD.$357.18;;585.0
R7612;VDD.$356.15;VDD.$396.15;;0.0
R7613;VDD.$356.15;VDD.$406.15;;0.0
R7614;VDD.$3560.18;VDD.$3561.25;;9.3
R7615;VDD.$3561.25;VDD.$3567.25;;0.01
R7616;VDD.$3562.18;VDD.$3563.25;;9.3
R7617;VDD.$3563.25;VDD.$3565.25;;0.0
R7618;VDD.$3563.25;VDD.$3573.25;;0.036
R7619;VDD.$3564.18;VDD.$3565.25;;9.3
R7620;VDD.$3566.18;VDD.$3567.25;;9.3
R7621;VDD.$3566.18;VDD.$3574.18;;18.432
R7622;VDD.$3567.25;VDD.$3569.25;;0.035
R7623;VDD.$3568.18;VDD.$3569.25;;9.3
R7624;VDD.$3569.25;VDD.$3575.25;;0.01
R7625;VDD.$3570.18;VDD.$3571.25;;9.3
R7626;VDD.$3571.25;VDD.$3573.25;;0.0
R7627;VDD.$3571.25;VDD.$3581.25;;0.036
R7628;VDD.$3572.18;VDD.$3573.25;;9.3
R7629;VDD.$3574.18;VDD.$3575.25;;9.3
R7630;VDD.$3574.18;VDD.$3582.18;;18.432
R7631;VDD.$3575.25;VDD.$3577.25;;0.035
R7632;VDD.$3576.18;VDD.$3577.25;;9.3
R7633;VDD.$3577.25;VDD.$3583.25;;0.01
R7634;VDD.$3578.18;VDD.$3579.25;;9.3
R7635;VDD.$3579.25;VDD.$3581.25;;0.0
R7636;VDD.$3579.25;VDD.$3589.25;;0.036
R7637;VDD.$358.15;VDD.$359.18;;585.0
R7638;VDD.$358.15;VDD.$378.15;;0.0
R7639;VDD.$358.15;VDD.$404.15;;0.0
R7640;VDD.$3580.18;VDD.$3581.25;;9.3
R7641;VDD.$3582.18;VDD.$3583.25;;9.3
R7642;VDD.$3582.18;VDD.$3590.18;;18.432
R7643;VDD.$3583.25;VDD.$3585.25;;0.035
R7644;VDD.$3584.18;VDD.$3585.25;;9.3
R7645;VDD.$3585.25;VDD.$3591.25;;0.01
R7646;VDD.$3586.18;VDD.$3587.25;;9.3
R7647;VDD.$3587.25;VDD.$3589.25;;0.0
R7648;VDD.$3587.25;VDD.$3597.25;;0.036
R7649;VDD.$3588.18;VDD.$3589.25;;9.3
R7650;VDD.$3590.18;VDD.$3591.25;;9.3
R7651;VDD.$3591.25;VDD.$3593.25;;0.035
R7652;VDD.$3592.18;VDD.$3593.25;;9.3
R7653;VDD.$3594.18;VDD.$3595.25;;9.3
R7654;VDD.$3595.25;VDD.$3597.25;;0.0
R7655;VDD.$3596.18;VDD.$3597.25;;9.3
R7656;VDD.$3598.18;VDD.$3599.25;;9.3
R7657;VDD.$3598.18;VDD.$3600.18;;18.432
R7658;VDD.$3599.25;VDD.$3601.25;;0.235
R7659;VDD.$36.15;VDD.$37.18;;585.0
R7660;VDD.$36.15;VDD.$44.15;;0.0
R7661;VDD.$360.15;VDD.$361.18;;585.0
R7662;VDD.$360.15;VDD.$370.15;;0.0
R7663;VDD.$3600.18;VDD.$3601.25;;9.3
R7664;VDD.$3600.18;VDD.$3602.18;;18.432
R7665;VDD.$3601.25;VDD.$3603.25;;0.18
R7666;VDD.$3602.18;VDD.$3603.25;;9.3
R7667;VDD.$3602.18;VDD.$3604.18;;18.432
R7668;VDD.$3603.25;VDD.$3605.25;;0.18
R7669;VDD.$3604.18;VDD.$3605.25;;9.3
R7670;VDD.$3604.18;VDD.$3606.18;;18.432
R7671;VDD.$3605.25;VDD.$3607.25;;0.18
R7672;VDD.$3606.18;VDD.$3607.25;;9.3
R7673;VDD.$3606.18;VDD.$3608.18;;18.432
R7674;VDD.$3607.25;VDD.$3609.25;;0.18
R7675;VDD.$3608.18;VDD.$3609.25;;9.3
R7676;VDD.$3608.18;VDD.$3610.18;;18.432
R7677;VDD.$3609.25;VDD.$3611.25;;0.18
R7678;VDD.$3610.18;VDD.$3611.25;;9.3
R7679;VDD.$3610.18;VDD.$3612.18;;18.432
R7680;VDD.$3611.25;VDD.$3613.25;;0.18
R7681;VDD.$3612.18;VDD.$3613.25;;9.3
R7682;VDD.$3612.18;VDD.$3614.18;;18.432
R7683;VDD.$3613.25;VDD.$3615.25;;0.18
R7684;VDD.$3614.18;VDD.$3615.25;;9.3
R7685;VDD.$3614.18;VDD.$3616.18;;18.432
R7686;VDD.$3615.25;VDD.$3617.25;;0.18
R7687;VDD.$3616.18;VDD.$3617.25;;9.3
R7688;VDD.$3616.18;VDD.$3618.18;;18.432
R7689;VDD.$3617.25;VDD.$3619.25;;0.18
R7690;VDD.$3618.18;VDD.$3619.25;;9.3
R7691;VDD.$3618.18;VDD.$3620.18;;18.432
R7692;VDD.$3619.25;VDD.$3621.25;;0.18
R7693;VDD.$362.15;VDD.$363.18;;585.0
R7694;VDD.$362.15;VDD.$372.15;;0.0
R7695;VDD.$3620.18;VDD.$3621.25;;9.3
R7696;VDD.$3620.18;VDD.$3622.18;;18.432
R7697;VDD.$3621.25;VDD.$3623.25;;0.18
R7698;VDD.$3622.18;VDD.$3623.25;;9.3
R7699;VDD.$3622.18;VDD.$3624.18;;18.432
R7700;VDD.$3623.25;VDD.$3625.25;;0.18
R7701;VDD.$3624.18;VDD.$3625.25;;9.3
R7702;VDD.$3624.18;VDD.$3626.18;;18.432
R7703;VDD.$3625.25;VDD.$3627.25;;0.18
R7704;VDD.$3626.18;VDD.$3627.25;;9.3
R7705;VDD.$3626.18;VDD.$3628.18;;18.432
R7706;VDD.$3627.25;VDD.$3629.25;;0.18
R7707;VDD.$3628.18;VDD.$3629.25;;9.3
R7708;VDD.$3628.18;VDD.$3630.18;;18.432
R7709;VDD.$3629.25;VDD.$3631.25;;0.18
R7710;VDD.$3630.18;VDD.$3631.25;;9.3
R7711;VDD.$3630.18;VDD.$3632.18;;18.432
R7712;VDD.$3631.25;VDD.$4638.25;;0.133
R7713;VDD.$3632.18;VDD.$3633.25;;9.3
R7714;VDD.$3632.18;VDD.$3634.18;;18.432
R7715;VDD.$3633.25;VDD.$3635.25;;0.18
R7716;VDD.$3633.25;VDD.$4638.25;;0.047
R7717;VDD.$3634.18;VDD.$3635.25;;9.3
R7718;VDD.$3634.18;VDD.$3720.18;;18.432
R7719;VDD.$3635.25;VDD.$3721.25;;0.18
R7720;VDD.$3636.18;VDD.$3637.25;;9.3
R7721;VDD.$3637.25;VDD.$3639.25;;0.072
R7722;VDD.$3637.25;VDD.$3803.25;;0.207
R7723;VDD.$3638.18;VDD.$3639.25;;9.3
R7724;VDD.$3639.25;VDD.$3641.25;;0.072
R7725;VDD.$364.15;VDD.$365.18;;585.0
R7726;VDD.$364.15;VDD.$374.15;;0.0
R7727;VDD.$3640.18;VDD.$3641.25;;9.3
R7728;VDD.$3641.25;VDD.$3643.25;;0.072
R7729;VDD.$3642.18;VDD.$3643.25;;9.3
R7730;VDD.$3643.25;VDD.$3645.25;;0.072
R7731;VDD.$3644.18;VDD.$3645.25;;9.3
R7732;VDD.$3645.25;VDD.$3647.25;;0.072
R7733;VDD.$3646.18;VDD.$3647.25;;9.3
R7734;VDD.$3647.25;VDD.$3649.25;;0.072
R7735;VDD.$3648.18;VDD.$3649.25;;9.3
R7736;VDD.$3649.25;VDD.$3651.25;;0.072
R7737;VDD.$3650.18;VDD.$3651.25;;9.3
R7738;VDD.$3652.18;VDD.$3653.25;;9.3
R7739;VDD.$3653.25;VDD.$3665.25;;0.036
R7740;VDD.$3653.25;VDD.$3671.25;;0.0
R7741;VDD.$3654.18;VDD.$3655.25;;9.3
R7742;VDD.$3655.25;VDD.$3657.25;;0.0
R7743;VDD.$3655.25;VDD.$3663.25;;0.036
R7744;VDD.$3656.18;VDD.$3657.25;;9.3
R7745;VDD.$3657.25;VDD.$3677.25;;0.036
R7746;VDD.$3658.18;VDD.$3659.25;;9.3
R7747;VDD.$3659.25;VDD.$3665.25;;0.0
R7748;VDD.$3659.25;VDD.$3683.25;;0.036
R7749;VDD.$366.15;VDD.$367.18;;585.0
R7750;VDD.$366.15;VDD.$388.15;;0.0
R7751;VDD.$3660.18;VDD.$3661.25;;9.3
R7752;VDD.$3661.25;VDD.$3663.25;;0.0
R7753;VDD.$3661.25;VDD.$3669.25;;0.036
R7754;VDD.$3662.18;VDD.$3663.25;;9.3
R7755;VDD.$3664.18;VDD.$3665.25;;9.3
R7756;VDD.$3666.18;VDD.$3667.25;;9.3
R7757;VDD.$3667.25;VDD.$3669.25;;0.0
R7758;VDD.$3667.25;VDD.$3675.25;;0.036
R7759;VDD.$3668.18;VDD.$3669.25;;9.3
R7760;VDD.$3670.18;VDD.$3671.25;;9.3
R7761;VDD.$3671.25;VDD.$3697.25;;0.138
R7762;VDD.$3672.18;VDD.$3673.25;;9.3
R7763;VDD.$3673.25;VDD.$3675.25;;0.0
R7764;VDD.$3673.25;VDD.$3681.25;;0.036
R7765;VDD.$3674.18;VDD.$3675.25;;9.3
R7766;VDD.$3676.18;VDD.$3677.25;;9.3
R7767;VDD.$3677.25;VDD.$3683.25;;0.0
R7768;VDD.$3678.18;VDD.$3679.25;;9.3
R7769;VDD.$3679.25;VDD.$3681.25;;0.0
R7770;VDD.$368.15;VDD.$369.18;;585.0
R7771;VDD.$368.15;VDD.$390.15;;0.0
R7772;VDD.$3680.18;VDD.$3681.25;;9.3
R7773;VDD.$3682.18;VDD.$3683.25;;9.3
R7774;VDD.$3684.18;VDD.$3685.25;;9.3
R7775;VDD.$3685.25;VDD.$3693.25;;0.036
R7776;VDD.$3685.25;VDD.$3711.25;;0.0
R7777;VDD.$3686.18;VDD.$3687.25;;9.3
R7778;VDD.$3687.25;VDD.$3689.25;;0.0
R7779;VDD.$3687.25;VDD.$3705.25;;0.036
R7780;VDD.$3688.18;VDD.$3689.25;;9.3
R7781;VDD.$3689.25;VDD.$3691.25;;0.036
R7782;VDD.$3690.18;VDD.$3691.25;;9.3
R7783;VDD.$3691.25;VDD.$3693.25;;0.0
R7784;VDD.$3692.18;VDD.$3693.25;;9.3
R7785;VDD.$3694.18;VDD.$3695.25;;9.3
R7786;VDD.$3695.25;VDD.$3709.25;;0.0
R7787;VDD.$3695.25;VDD.$3711.25;;0.036
R7788;VDD.$3696.18;VDD.$3697.25;;9.3
R7789;VDD.$3697.25;VDD.$3699.25;;0.0
R7790;VDD.$3698.18;VDD.$3699.25;;9.3
R7791;VDD.$3699.25;VDD.$3717.25;;0.036
R7792;VDD.$370.15;VDD.$371.18;;585.0
R7793;VDD.$370.15;VDD.$380.15;;0.0
R7794;VDD.$3700.18;VDD.$3701.25;;9.3
R7795;VDD.$3701.25;VDD.$3707.25;;0.0
R7796;VDD.$3701.25;VDD.$3715.25;;0.036
R7797;VDD.$3702.18;VDD.$3703.25;;9.3
R7798;VDD.$3703.25;VDD.$3705.25;;0.0
R7799;VDD.$3703.25;VDD.$3719.25;;0.036
R7800;VDD.$3704.18;VDD.$3705.25;;9.3
R7801;VDD.$3706.18;VDD.$3707.25;;9.3
R7802;VDD.$3707.25;VDD.$3749.25;;0.094
R7803;VDD.$3708.18;VDD.$3709.25;;9.3
R7804;VDD.$3709.25;VDD.$3713.25;;0.036
R7805;VDD.$3710.18;VDD.$3711.25;;9.3
R7806;VDD.$3712.18;VDD.$3713.25;;9.3
R7807;VDD.$3713.25;VDD.$3715.25;;0.0
R7808;VDD.$3714.18;VDD.$3715.25;;9.3
R7809;VDD.$3716.18;VDD.$3717.25;;9.3
R7810;VDD.$3717.25;VDD.$3719.25;;0.0
R7811;VDD.$3718.18;VDD.$3719.25;;9.3
R7812;VDD.$372.15;VDD.$373.18;;585.0
R7813;VDD.$372.15;VDD.$382.15;;0.0
R7814;VDD.$3720.18;VDD.$3721.25;;9.3
R7815;VDD.$3720.18;VDD.$3722.18;;18.432
R7816;VDD.$3721.25;VDD.$3723.25;;0.18
R7817;VDD.$3722.18;VDD.$3723.25;;9.3
R7818;VDD.$3722.18;VDD.$3724.18;;18.432
R7819;VDD.$3723.25;VDD.$3725.25;;0.18
R7820;VDD.$3724.18;VDD.$3725.25;;9.3
R7821;VDD.$3724.18;VDD.$3726.18;;18.432
R7822;VDD.$3725.25;VDD.$3727.25;;0.18
R7823;VDD.$3726.18;VDD.$3727.25;;9.3
R7824;VDD.$3726.18;VDD.$3728.18;;18.432
R7825;VDD.$3727.25;VDD.$3729.25;;0.18
R7826;VDD.$3728.18;VDD.$3729.25;;9.3
R7827;VDD.$3728.18;VDD.$3730.18;;18.432
R7828;VDD.$3729.25;VDD.$3731.25;;0.18
R7829;VDD.$3730.18;VDD.$3731.25;;9.3
R7830;VDD.$3730.18;VDD.$3732.18;;18.432
R7831;VDD.$3731.25;VDD.$3733.25;;0.18
R7832;VDD.$3732.18;VDD.$3733.25;;9.3
R7833;VDD.$3732.18;VDD.$3734.18;;18.432
R7834;VDD.$3733.25;VDD.$3735.25;;0.18
R7835;VDD.$3734.18;VDD.$3735.25;;9.3
R7836;VDD.$3734.18;VDD.$3736.18;;18.432
R7837;VDD.$3735.25;VDD.$3737.25;;0.18
R7838;VDD.$3736.18;VDD.$3737.25;;9.3
R7839;VDD.$3736.18;VDD.$3738.18;;18.432
R7840;VDD.$3737.25;VDD.$3739.25;;0.18
R7841;VDD.$3738.18;VDD.$3739.25;;9.3
R7842;VDD.$3738.18;VDD.$3740.18;;18.432
R7843;VDD.$3739.25;VDD.$3741.25;;0.18
R7844;VDD.$374.15;VDD.$375.18;;585.0
R7845;VDD.$374.15;VDD.$384.15;;0.0
R7846;VDD.$3740.18;VDD.$3741.25;;9.3
R7847;VDD.$3740.18;VDD.$3742.18;;18.432
R7848;VDD.$3741.25;VDD.$3743.25;;0.18
R7849;VDD.$3742.18;VDD.$3743.25;;9.3
R7850;VDD.$3742.18;VDD.$3744.18;;18.432
R7851;VDD.$3743.25;VDD.$3745.25;;0.18
R7852;VDD.$3744.18;VDD.$3745.25;;9.3
R7853;VDD.$3744.18;VDD.$3746.18;;18.432
R7854;VDD.$3745.25;VDD.$3747.25;;0.18
R7855;VDD.$3746.18;VDD.$3747.25;;9.3
R7856;VDD.$3746.18;VDD.$3748.18;;18.432
R7857;VDD.$3747.25;VDD.$3749.25;;0.065
R7858;VDD.$3748.18;VDD.$3749.25;;9.3
R7859;VDD.$3748.18;VDD.$3750.18;;18.432
R7860;VDD.$3749.25;VDD.$3751.25;;0.0
R7861;VDD.$3749.25;VDD.$3755.25;;0.03
R7862;VDD.$3750.18;VDD.$3751.25;;9.3
R7863;VDD.$3750.18;VDD.$3752.18;;18.432
R7864;VDD.$3751.25;VDD.$3753.25;;0.0
R7865;VDD.$3752.18;VDD.$3753.25;;9.3
R7866;VDD.$3752.18;VDD.$3754.18;;18.432
R7867;VDD.$3754.18;VDD.$3755.25;;9.3
R7868;VDD.$3754.18;VDD.$3756.18;;18.432
R7869;VDD.$3755.25;VDD.$3757.25;;0.18
R7870;VDD.$3756.18;VDD.$3757.25;;9.3
R7871;VDD.$3756.18;VDD.$3758.18;;18.432
R7872;VDD.$3757.25;VDD.$3759.25;;0.18
R7873;VDD.$3758.18;VDD.$3759.25;;9.3
R7874;VDD.$3758.18;VDD.$3760.18;;18.432
R7875;VDD.$3759.25;VDD.$3761.25;;0.18
R7876;VDD.$376.15;VDD.$377.18;;585.0
R7877;VDD.$376.15;VDD.$392.15;;0.0
R7878;VDD.$3760.18;VDD.$3761.25;;9.3
R7879;VDD.$3760.18;VDD.$3762.18;;18.432
R7880;VDD.$3761.25;VDD.$3763.25;;0.18
R7881;VDD.$3762.18;VDD.$3763.25;;9.3
R7882;VDD.$3762.18;VDD.$3764.18;;18.432
R7883;VDD.$3763.25;VDD.$3765.25;;0.18
R7884;VDD.$3764.18;VDD.$3765.25;;9.3
R7885;VDD.$3764.18;VDD.$3834.18;;18.432
R7886;VDD.$3765.25;VDD.$3835.25;;0.18
R7887;VDD.$3766.18;VDD.$3767.25;;9.3
R7888;VDD.$3767.25;VDD.$3783.25;;0.036
R7889;VDD.$3767.25;VDD.$3827.25;;0.0
R7890;VDD.$3768.18;VDD.$3769.25;;9.3
R7891;VDD.$3769.25;VDD.$3829.25;;0.0
R7892;VDD.$3769.25;VDD.$3831.25;;0.036
R7893;VDD.$3770.18;VDD.$3771.25;;9.3
R7894;VDD.$3770.18;VDD.$3778.18;;18.432
R7895;VDD.$3770.18;VDD.$3824.18;;18.432
R7896;VDD.$3771.25;VDD.$3779.25;;0.18
R7897;VDD.$3771.25;VDD.$3825.25;;0.18
R7898;VDD.$3772.18;VDD.$3773.25;;9.3
R7899;VDD.$3773.25;VDD.$3775.25;;0.0
R7900;VDD.$3773.25;VDD.$3829.25;;0.036
R7901;VDD.$3774.18;VDD.$3775.25;;9.3
R7902;VDD.$3775.25;VDD.$3777.25;;0.036
R7903;VDD.$3776.18;VDD.$3777.25;;9.3
R7904;VDD.$3777.25;VDD.$3793.25;;0.0
R7905;VDD.$3778.18;VDD.$3779.25;;9.3
R7906;VDD.$3778.18;VDD.$3800.18;;18.432
R7907;VDD.$3779.25;VDD.$3801.25;;0.18
R7908;VDD.$378.15;VDD.$379.18;;585.0
R7909;VDD.$3780.18;VDD.$3781.25;;9.3
R7910;VDD.$3781.25;VDD.$3783.25;;0.0
R7911;VDD.$3781.25;VDD.$3805.25;;0.036
R7912;VDD.$3782.18;VDD.$3783.25;;9.3
R7913;VDD.$3784.18;VDD.$3785.25;;9.3
R7914;VDD.$3784.18;VDD.$3786.18;;18.432
R7915;VDD.$3784.18;VDD.$3820.18;;18.432
R7916;VDD.$3785.25;VDD.$3787.25;;0.18
R7917;VDD.$3785.25;VDD.$3821.25;;0.18
R7918;VDD.$3786.18;VDD.$3787.25;;9.3
R7919;VDD.$3786.18;VDD.$3816.18;;18.432
R7920;VDD.$3787.25;VDD.$3817.25;;0.18
R7921;VDD.$3788.18;VDD.$3789.25;;9.3
R7922;VDD.$3789.25;VDD.$3831.25;;0.0
R7923;VDD.$3789.25;VDD.$3833.25;;0.036
R7924;VDD.$379.18;VDD.$3868.18;;0.0
R7925;VDD.$3790.18;VDD.$3791.25;;9.3
R7926;VDD.$3790.18;VDD.$3794.18;;18.432
R7927;VDD.$3790.18;VDD.$3846.18;;18.432
R7928;VDD.$3791.25;VDD.$3795.25;;0.18
R7929;VDD.$3791.25;VDD.$3847.25;;0.18
R7930;VDD.$3792.18;VDD.$3793.25;;9.3
R7931;VDD.$3793.25;VDD.$4620.25;;0.082
R7932;VDD.$3794.18;VDD.$3795.25;;9.3
R7933;VDD.$3794.18;VDD.$3796.18;;18.432
R7934;VDD.$3795.25;VDD.$3797.25;;0.18
R7935;VDD.$3796.18;VDD.$3797.25;;9.3
R7936;VDD.$3796.18;VDD.$3814.18;;18.432
R7937;VDD.$3797.25;VDD.$4620.25;;0.083
R7938;VDD.$3798.18;VDD.$3799.25;;9.3
R7939;VDD.$3799.25;VDD.$3807.25;;0.0
R7940;VDD.$3799.25;VDD.$3827.25;;0.036
R7941;VDD.$38.15;VDD.$39.18;;585.0
R7942;VDD.$38.15;VDD.$46.15;;0.0
R7943;VDD.$380.15;VDD.$381.18;;585.0
R7944;VDD.$3800.18;VDD.$3801.25;;9.3
R7945;VDD.$3800.18;VDD.$3818.18;;18.432
R7946;VDD.$3801.25;VDD.$3819.25;;0.18
R7947;VDD.$3802.18;VDD.$3803.25;;9.3
R7948;VDD.$3803.25;VDD.$3805.25;;0.0
R7949;VDD.$3804.18;VDD.$3805.25;;9.3
R7950;VDD.$3806.18;VDD.$3807.25;;9.3
R7951;VDD.$3807.25;VDD.$3823.25;;0.036
R7952;VDD.$3808.18;VDD.$3809.25;;9.3
R7953;VDD.$3808.18;VDD.$3810.18;;18.432
R7954;VDD.$3808.18;VDD.$3814.18;;18.432
R7955;VDD.$3809.25;VDD.$3811.25;;0.18
R7956;VDD.$3809.25;VDD.$3815.25;;0.18
R7957;VDD.$3810.18;VDD.$3811.25;;9.3
R7958;VDD.$3810.18;VDD.$3812.18;;18.432
R7959;VDD.$3811.25;VDD.$3813.25;;0.18
R7960;VDD.$3812.18;VDD.$3813.25;;9.3
R7961;VDD.$3812.18;VDD.$3820.18;;18.432
R7962;VDD.$3813.25;VDD.$3821.25;;0.18
R7963;VDD.$3814.18;VDD.$3815.25;;9.3
R7964;VDD.$3815.25;VDD.$4620.25;;0.098
R7965;VDD.$3816.18;VDD.$3817.25;;9.3
R7966;VDD.$3816.18;VDD.$3824.18;;18.432
R7967;VDD.$3817.25;VDD.$3825.25;;0.18
R7968;VDD.$3818.18;VDD.$3819.25;;9.3
R7969;VDD.$3818.18;VDD.$4220.18;;18.432
R7970;VDD.$3819.25;VDD.$4221.25;;0.18
R7971;VDD.$382.15;VDD.$383.18;;585.0
R7972;VDD.$3820.18;VDD.$3821.25;;9.3
R7973;VDD.$3822.18;VDD.$3823.25;;9.3
R7974;VDD.$3823.25;VDD.$3833.25;;0.0
R7975;VDD.$3824.18;VDD.$3825.25;;9.3
R7976;VDD.$3826.18;VDD.$3827.25;;9.3
R7977;VDD.$3828.18;VDD.$3829.25;;9.3
R7978;VDD.$3830.18;VDD.$3831.25;;9.3
R7979;VDD.$3832.18;VDD.$3833.25;;9.3
R7980;VDD.$3834.18;VDD.$3835.25;;9.3
R7981;VDD.$3834.18;VDD.$3836.18;;18.432
R7982;VDD.$3835.25;VDD.$3837.25;;0.18
R7983;VDD.$3836.18;VDD.$3837.25;;9.3
R7984;VDD.$3836.18;VDD.$3838.18;;18.432
R7985;VDD.$3837.25;VDD.$3839.25;;0.18
R7986;VDD.$3838.18;VDD.$3839.25;;9.3
R7987;VDD.$3838.18;VDD.$3840.18;;18.432
R7988;VDD.$3839.25;VDD.$3841.25;;0.18
R7989;VDD.$384.15;VDD.$385.18;;585.0
R7990;VDD.$3840.18;VDD.$3841.25;;9.3
R7991;VDD.$3840.18;VDD.$3842.18;;18.432
R7992;VDD.$3841.25;VDD.$3843.25;;0.18
R7993;VDD.$3842.18;VDD.$3843.25;;9.3
R7994;VDD.$3842.18;VDD.$3844.18;;18.432
R7995;VDD.$3843.25;VDD.$3845.25;;0.18
R7996;VDD.$3844.18;VDD.$3845.25;;9.3
R7997;VDD.$3844.18;VDD.$3846.18;;18.432
R7998;VDD.$3845.25;VDD.$3847.25;;0.18
R7999;VDD.$3846.18;VDD.$3847.25;;9.3
R8000;VDD.$3848.18;VDD.$3849.25;;9.3
R8001;VDD.$3849.25;VDD.$3857.25;;0.072
R8002;VDD.$3849.25;VDD.$3983.25;;0.072
R8003;VDD.$3850.18;VDD.$3851.25;;9.3
R8004;VDD.$3851.25;VDD.$3859.25;;0.072
R8005;VDD.$3851.25;VDD.$3985.25;;0.072
R8006;VDD.$3852.18;VDD.$3853.25;;9.3
R8007;VDD.$3853.25;VDD.$3855.25;;0.025
R8008;VDD.$3853.25;VDD.$3989.25;;0.02
R8009;VDD.$3854.18;VDD.$3855.25;;9.3
R8010;VDD.$3854.18;VDD.$3862.18;;18.432
R8011;VDD.$3854.18;VDD.$3988.18;;18.432
R8012;VDD.$3855.25;VDD.$3861.25;;0.02
R8013;VDD.$3856.18;VDD.$3857.25;;9.3
R8014;VDD.$3857.25;VDD.$3865.25;;0.072
R8015;VDD.$3858.18;VDD.$3859.25;;9.3
R8016;VDD.$3859.25;VDD.$3867.25;;0.072
R8017;VDD.$386.15;VDD.$387.18;;585.0
R8018;VDD.$386.15;VDD.$414.15;;0.0
R8019;VDD.$3860.18;VDD.$3861.25;;9.3
R8020;VDD.$3861.25;VDD.$3863.25;;0.025
R8021;VDD.$3862.18;VDD.$3863.25;;9.3
R8022;VDD.$3862.18;VDD.$3870.18;;18.432
R8023;VDD.$3863.25;VDD.$3869.25;;0.02
R8024;VDD.$3864.18;VDD.$3865.25;;9.3
R8025;VDD.$3864.18;VDD.$387.18;;0.0
R8026;VDD.$3866.18;VDD.$3867.25;;9.3
R8027;VDD.$3866.18;VDD.$407.18;;0.0
R8028;VDD.$3868.18;VDD.$3869.25;;9.3
R8029;VDD.$3869.25;VDD.$3871.25;;0.025
R8030;VDD.$3870.18;VDD.$3871.25;;9.3
R8031;VDD.$3872.18;VDD.$3873.25;;9.3
R8032;VDD.$3873.25;VDD.$3889.25;;0.276
R8033;VDD.$3873.25;VDD.$4421.25;;0.072
R8034;VDD.$3874.18;VDD.$3875.25;;9.3
R8035;VDD.$3875.25;VDD.$3877.25;;0.0
R8036;VDD.$3875.25;VDD.$3891.25;;0.267
R8037;VDD.$3876.18;VDD.$3877.25;;9.3
R8038;VDD.$3877.25;VDD.$4347.25;;0.036
R8039;VDD.$3878.18;VDD.$3879.25;;9.3
R8040;VDD.$3879.25;VDD.$3881.25;;0.01
R8041;VDD.$3879.25;VDD.$4353.25;;0.035
R8042;VDD.$388.15;VDD.$389.18;;585.0
R8043;VDD.$388.15;VDD.$398.15;;0.0
R8044;VDD.$3880.18;VDD.$3881.25;;9.3
R8045;VDD.$3880.18;VDD.$3882.18;;18.432
R8046;VDD.$3880.18;VDD.$4352.18;;18.432
R8047;VDD.$3881.25;VDD.$3883.25;;0.045
R8048;VDD.$3882.18;VDD.$3883.25;;9.3
R8049;VDD.$3882.18;VDD.$3884.18;;18.432
R8050;VDD.$3883.25;VDD.$3885.25;;0.045
R8051;VDD.$3884.18;VDD.$3885.25;;9.3
R8052;VDD.$3884.18;VDD.$3886.18;;18.432
R8053;VDD.$3885.25;VDD.$3887.25;;0.045
R8054;VDD.$3886.18;VDD.$3887.25;;9.3
R8055;VDD.$3886.18;VDD.$3894.18;;18.432
R8056;VDD.$3887.25;VDD.$3893.25;;0.027
R8057;VDD.$3888.18;VDD.$3889.25;;9.3
R8058;VDD.$3889.25;VDD.$3897.25;;0.072
R8059;VDD.$3890.18;VDD.$3891.25;;9.3
R8060;VDD.$3891.25;VDD.$3899.25;;0.072
R8061;VDD.$3892.18;VDD.$3893.25;;9.3
R8062;VDD.$3893.25;VDD.$3895.25;;0.018
R8063;VDD.$3894.18;VDD.$3895.25;;9.3
R8064;VDD.$3894.18;VDD.$3902.18;;18.432
R8065;VDD.$3895.25;VDD.$3901.25;;0.027
R8066;VDD.$3896.18;VDD.$3897.25;;9.3
R8067;VDD.$3897.25;VDD.$3905.25;;0.072
R8068;VDD.$3898.18;VDD.$3899.25;;9.3
R8069;VDD.$3899.25;VDD.$3907.25;;0.072
R8070;VDD.$390.15;VDD.$391.18;;585.0
R8071;VDD.$390.15;VDD.$400.15;;0.0
R8072;VDD.$3900.18;VDD.$3901.25;;9.3
R8073;VDD.$3901.25;VDD.$3903.25;;0.018
R8074;VDD.$3902.18;VDD.$3903.25;;9.3
R8075;VDD.$3902.18;VDD.$3910.18;;18.432
R8076;VDD.$3903.25;VDD.$3909.25;;0.027
R8077;VDD.$3904.18;VDD.$3905.25;;9.3
R8078;VDD.$3905.25;VDD.$3913.25;;0.072
R8079;VDD.$3906.18;VDD.$3907.25;;9.3
R8080;VDD.$3907.25;VDD.$3915.25;;0.072
R8081;VDD.$3908.18;VDD.$3909.25;;9.3
R8082;VDD.$3909.25;VDD.$3911.25;;0.018
R8083;VDD.$3910.18;VDD.$3911.25;;9.3
R8084;VDD.$3910.18;VDD.$3918.18;;18.432
R8085;VDD.$3911.25;VDD.$3917.25;;0.027
R8086;VDD.$3912.18;VDD.$3913.25;;9.3
R8087;VDD.$3913.25;VDD.$3921.25;;0.072
R8088;VDD.$3914.18;VDD.$3915.25;;9.3
R8089;VDD.$3915.25;VDD.$3923.25;;0.072
R8090;VDD.$3916.18;VDD.$3917.25;;9.3
R8091;VDD.$3917.25;VDD.$3919.25;;0.018
R8092;VDD.$3918.18;VDD.$3919.25;;9.3
R8093;VDD.$3918.18;VDD.$3926.18;;18.432
R8094;VDD.$3919.25;VDD.$3925.25;;0.027
R8095;VDD.$392.15;VDD.$393.18;;585.0
R8096;VDD.$392.15;VDD.$402.15;;0.0
R8097;VDD.$3920.18;VDD.$3921.25;;9.3
R8098;VDD.$3921.25;VDD.$3929.25;;0.072
R8099;VDD.$3922.18;VDD.$3923.25;;9.3
R8100;VDD.$3923.25;VDD.$3931.25;;0.072
R8101;VDD.$3924.18;VDD.$3925.25;;9.3
R8102;VDD.$3925.25;VDD.$3927.25;;0.018
R8103;VDD.$3926.18;VDD.$3927.25;;9.3
R8104;VDD.$3926.18;VDD.$3934.18;;18.432
R8105;VDD.$3927.25;VDD.$3933.25;;0.027
R8106;VDD.$3928.18;VDD.$3929.25;;9.3
R8107;VDD.$3929.25;VDD.$3937.25;;0.072
R8108;VDD.$3930.18;VDD.$3931.25;;9.3
R8109;VDD.$3931.25;VDD.$3939.25;;0.072
R8110;VDD.$3932.18;VDD.$3933.25;;9.3
R8111;VDD.$3933.25;VDD.$3935.25;;0.018
R8112;VDD.$3934.18;VDD.$3935.25;;9.3
R8113;VDD.$3934.18;VDD.$3942.18;;18.432
R8114;VDD.$3935.25;VDD.$3941.25;;0.027
R8115;VDD.$3936.18;VDD.$3937.25;;9.3
R8116;VDD.$3937.25;VDD.$3945.25;;0.072
R8117;VDD.$3938.18;VDD.$3939.25;;9.3
R8118;VDD.$3939.25;VDD.$3947.25;;0.072
R8119;VDD.$394.15;VDD.$395.18;;585.0
R8120;VDD.$394.15;VDD.$414.15;;0.0
R8121;VDD.$394.15;VDD.$416.15;;0.0
R8122;VDD.$3940.18;VDD.$3941.25;;9.3
R8123;VDD.$3941.25;VDD.$3943.25;;0.018
R8124;VDD.$3942.18;VDD.$3943.25;;9.3
R8125;VDD.$3942.18;VDD.$3950.18;;18.432
R8126;VDD.$3943.25;VDD.$3949.25;;0.027
R8127;VDD.$3944.18;VDD.$3945.25;;9.3
R8128;VDD.$3945.25;VDD.$3953.25;;0.072
R8129;VDD.$3946.18;VDD.$3947.25;;9.3
R8130;VDD.$3947.25;VDD.$3955.25;;0.072
R8131;VDD.$3948.18;VDD.$3949.25;;9.3
R8132;VDD.$3949.25;VDD.$3951.25;;0.018
R8133;VDD.$3950.18;VDD.$3951.25;;9.3
R8134;VDD.$3950.18;VDD.$3958.18;;18.432
R8135;VDD.$3951.25;VDD.$3957.25;;0.027
R8136;VDD.$3952.18;VDD.$3953.25;;9.3
R8137;VDD.$3953.25;VDD.$3967.25;;0.276
R8138;VDD.$3954.18;VDD.$3955.25;;9.3
R8139;VDD.$3955.25;VDD.$3969.25;;0.276
R8140;VDD.$3956.18;VDD.$3957.25;;9.3
R8141;VDD.$3957.25;VDD.$3959.25;;0.018
R8142;VDD.$3958.18;VDD.$3959.25;;9.3
R8143;VDD.$3958.18;VDD.$3960.18;;18.432
R8144;VDD.$3959.25;VDD.$3961.25;;0.045
R8145;VDD.$396.15;VDD.$397.18;;585.0
R8146;VDD.$3960.18;VDD.$3961.25;;9.3
R8147;VDD.$3960.18;VDD.$3962.18;;18.432
R8148;VDD.$3961.25;VDD.$3963.25;;0.045
R8149;VDD.$3962.18;VDD.$3963.25;;9.3
R8150;VDD.$3962.18;VDD.$3964.18;;18.432
R8151;VDD.$3963.25;VDD.$3965.25;;0.045
R8152;VDD.$3964.18;VDD.$3965.25;;9.3
R8153;VDD.$3964.18;VDD.$3972.18;;18.432
R8154;VDD.$3965.25;VDD.$3971.25;;0.02
R8155;VDD.$3966.18;VDD.$3967.25;;9.3
R8156;VDD.$3967.25;VDD.$3975.25;;0.072
R8157;VDD.$3968.18;VDD.$3969.25;;9.3
R8158;VDD.$3969.25;VDD.$3977.25;;0.072
R8159;VDD.$3970.18;VDD.$3971.25;;9.3
R8160;VDD.$3971.25;VDD.$3973.25;;0.025
R8161;VDD.$3972.18;VDD.$3973.25;;9.3
R8162;VDD.$3972.18;VDD.$3980.18;;18.432
R8163;VDD.$3973.25;VDD.$3979.25;;0.02
R8164;VDD.$3974.18;VDD.$3975.25;;9.3
R8165;VDD.$3975.25;VDD.$3983.25;;0.072
R8166;VDD.$3976.18;VDD.$3977.25;;9.3
R8167;VDD.$3977.25;VDD.$3985.25;;0.072
R8168;VDD.$3978.18;VDD.$3979.25;;9.3
R8169;VDD.$3979.25;VDD.$3981.25;;0.025
R8170;VDD.$398.15;VDD.$399.18;;585.0
R8171;VDD.$398.15;VDD.$408.15;;0.0
R8172;VDD.$3980.18;VDD.$3981.25;;9.3
R8173;VDD.$3980.18;VDD.$3988.18;;18.432
R8174;VDD.$3981.25;VDD.$3987.25;;0.02
R8175;VDD.$3982.18;VDD.$3983.25;;9.3
R8176;VDD.$3984.18;VDD.$3985.25;;9.3
R8177;VDD.$3986.18;VDD.$3987.25;;9.3
R8178;VDD.$3987.25;VDD.$3989.25;;0.025
R8179;VDD.$3988.18;VDD.$3989.25;;9.3
R8180;VDD.$3990.18;VDD.$3991.25;;9.3
R8181;VDD.$3991.25;VDD.$4017.25;;0.072
R8182;VDD.$3991.25;VDD.$4043.25;;0.072
R8183;VDD.$3992.18;VDD.$3993.25;;9.3
R8184;VDD.$3992.18;VDD.$881.18;;0.0
R8185;VDD.$3992.18;VDD.$885.18;;27.106
R8186;VDD.$3993.25;VDD.$3995.25;;0.072
R8187;VDD.$3993.25;VDD.$4073.25;;0.072
R8188;VDD.$3994.18;VDD.$3995.25;;9.3
R8189;VDD.$3994.18;VDD.$881.18;;27.106
R8190;VDD.$3995.25;VDD.$4003.25;;0.072
R8191;VDD.$3996.18;VDD.$3997.25;;9.3
R8192;VDD.$3996.18;VDD.$911.18;;27.106
R8193;VDD.$3996.18;VDD.$915.18;;0.0
R8194;VDD.$3997.25;VDD.$4011.25;;0.072
R8195;VDD.$3997.25;VDD.$4079.25;;0.072
R8196;VDD.$3998.18;VDD.$3999.25;;9.3
R8197;VDD.$3999.25;VDD.$4013.25;;0.072
R8198;VDD.$3999.25;VDD.$4081.25;;0.072
R8199;VDD.$4.15;VDD.$5.18;;585.0
R8200;VDD.$4.15;VDD.$748.15;;0.0
R8201;VDD.$4.15;VDD.P93.15;;0.0
R8202;VDD.$40.15;VDD.$41.18;;585.0
R8203;VDD.$40.15;VDD.$48.15;;0.0
R8204;VDD.$400.15;VDD.$401.18;;585.0
R8205;VDD.$400.15;VDD.$410.15;;0.0
R8206;VDD.$4000.18;VDD.$4001.25;;9.3
R8207;VDD.$4001.25;VDD.$4015.25;;0.072
R8208;VDD.$4001.25;VDD.$4083.25;;0.072
R8209;VDD.$4002.18;VDD.$4003.25;;9.3
R8210;VDD.$4002.18;VDD.$865.18;;0.0
R8211;VDD.$4004.18;VDD.$4005.25;;9.3
R8212;VDD.$4005.25;VDD.$4021.25;;0.072
R8213;VDD.$4006.18;VDD.$4007.25;;9.3
R8214;VDD.$4006.18;VDD.$895.18;;27.106
R8215;VDD.$4006.18;VDD.$899.18;;0.0
R8216;VDD.$4007.25;VDD.$4033.25;;0.072
R8217;VDD.$4007.25;VDD.$4071.25;;0.072
R8218;VDD.$4008.18;VDD.$4009.25;;9.3
R8219;VDD.$4009.25;VDD.$4035.25;;0.072
R8220;VDD.$4009.25;VDD.$4085.25;;0.072
R8221;VDD.$4010.18;VDD.$4011.25;;9.3
R8222;VDD.$4010.18;VDD.$915.18;;27.106
R8223;VDD.$4010.18;VDD.$919.18;;0.0
R8224;VDD.$4011.25;VDD.$4025.25;;0.072
R8225;VDD.$4012.18;VDD.$4013.25;;9.3
R8226;VDD.$4013.25;VDD.$4027.25;;0.072
R8227;VDD.$4014.18;VDD.$4015.25;;9.3
R8228;VDD.$4015.25;VDD.$4029.25;;0.072
R8229;VDD.$4016.18;VDD.$4017.25;;9.3
R8230;VDD.$4017.25;VDD.$4037.25;;0.072
R8231;VDD.$4018.18;VDD.$4019.25;;9.3
R8232;VDD.$4019.25;VDD.$4023.25;;0.072
R8233;VDD.$402.15;VDD.$403.18;;585.0
R8234;VDD.$402.15;VDD.$412.15;;0.0
R8235;VDD.$4020.18;VDD.$4021.25;;9.3
R8236;VDD.$4021.25;VDD.$4031.25;;0.072
R8237;VDD.$4022.18;VDD.$4023.25;;9.3
R8238;VDD.$4023.25;VDD.$4051.25;;0.072
R8239;VDD.$4024.18;VDD.$4025.25;;9.3
R8240;VDD.$4024.18;VDD.$919.18;;27.106
R8241;VDD.$4024.18;VDD.$923.18;;0.0
R8242;VDD.$4025.25;VDD.$4045.25;;0.276
R8243;VDD.$4026.18;VDD.$4027.25;;9.3
R8244;VDD.$4027.25;VDD.$4047.25;;0.276
R8245;VDD.$4028.18;VDD.$4029.25;;9.3
R8246;VDD.$4029.25;VDD.$4049.25;;0.276
R8247;VDD.$4030.18;VDD.$4031.25;;9.3
R8248;VDD.$4031.25;VDD.$4075.25;;0.072
R8249;VDD.$4032.18;VDD.$4033.25;;9.3
R8250;VDD.$4032.18;VDD.$899.18;;27.106
R8251;VDD.$4032.18;VDD.$903.18;;0.0
R8252;VDD.$4033.25;VDD.$4053.25;;0.072
R8253;VDD.$4034.18;VDD.$4035.25;;9.3
R8254;VDD.$4035.25;VDD.$4055.25;;0.072
R8255;VDD.$4036.18;VDD.$4037.25;;9.3
R8256;VDD.$4037.25;VDD.$4057.25;;0.072
R8257;VDD.$4038.18;VDD.$4039.25;;9.3
R8258;VDD.$4038.18;VDD.$891.18;;0.0
R8259;VDD.$4039.25;VDD.$4065.25;;0.276
R8260;VDD.$4039.25;VDD.$4071.25;;0.072
R8261;VDD.$404.15;VDD.$405.18;;585.0
R8262;VDD.$4040.18;VDD.$4041.25;;9.3
R8263;VDD.$4041.25;VDD.$4067.25;;0.276
R8264;VDD.$4041.25;VDD.$4085.25;;0.072
R8265;VDD.$4042.18;VDD.$4043.25;;9.3
R8266;VDD.$4043.25;VDD.$4069.25;;0.276
R8267;VDD.$4044.18;VDD.$4045.25;;9.3
R8268;VDD.$4044.18;VDD.$927.18;;0.0
R8269;VDD.$4045.25;VDD.$4059.25;;0.072
R8270;VDD.$4046.18;VDD.$4047.25;;9.3
R8271;VDD.$4047.25;VDD.$4061.25;;0.072
R8272;VDD.$4048.18;VDD.$4049.25;;9.3
R8273;VDD.$4049.25;VDD.$4063.25;;0.072
R8274;VDD.$4050.18;VDD.$4051.25;;9.3
R8275;VDD.$4051.25;VDD.$4077.25;;0.072
R8276;VDD.$4052.18;VDD.$4053.25;;9.3
R8277;VDD.$4052.18;VDD.$903.18;;27.106
R8278;VDD.$4052.18;VDD.$907.18;;0.0
R8279;VDD.$4053.25;VDD.$4079.25;;0.072
R8280;VDD.$4054.18;VDD.$4055.25;;9.3
R8281;VDD.$4055.25;VDD.$4081.25;;0.072
R8282;VDD.$4056.18;VDD.$4057.25;;9.3
R8283;VDD.$4057.25;VDD.$4083.25;;0.072
R8284;VDD.$4058.18;VDD.$4059.25;;9.3
R8285;VDD.$4058.18;VDD.$927.18;;27.106
R8286;VDD.$4058.18;VDD.$931.18;;0.0
R8287;VDD.$4059.25;VDD.$4073.25;;0.072
R8288;VDD.$406.15;VDD.$407.18;;585.0
R8289;VDD.$4060.18;VDD.$4061.25;;9.3
R8290;VDD.$4061.25;VDD.$4075.25;;0.072
R8291;VDD.$4062.18;VDD.$4063.25;;9.3
R8292;VDD.$4063.25;VDD.$4077.25;;0.072
R8293;VDD.$4064.18;VDD.$4065.25;;9.3
R8294;VDD.$4064.18;VDD.$879.18;;0.0
R8295;VDD.$4065.25;VDD.$4147.25;;0.072
R8296;VDD.$4066.18;VDD.$4067.25;;9.3
R8297;VDD.$4067.25;VDD.$4103.25;;0.072
R8298;VDD.$4068.18;VDD.$4069.25;;9.3
R8299;VDD.$4069.25;VDD.$4125.25;;0.072
R8300;VDD.$4070.18;VDD.$4071.25;;9.3
R8301;VDD.$4070.18;VDD.$891.18;;27.106
R8302;VDD.$4070.18;VDD.$895.18;;0.0
R8303;VDD.$4072.18;VDD.$4073.25;;9.3
R8304;VDD.$4072.18;VDD.$885.18;;0.0
R8305;VDD.$4072.18;VDD.$931.18;;27.106
R8306;VDD.$4074.18;VDD.$4075.25;;9.3
R8307;VDD.$4076.18;VDD.$4077.25;;9.3
R8308;VDD.$4078.18;VDD.$4079.25;;9.3
R8309;VDD.$4078.18;VDD.$907.18;;27.106
R8310;VDD.$4078.18;VDD.$911.18;;0.0
R8311;VDD.$408.15;VDD.$409.18;;585.0
R8312;VDD.$408.15;VDD.P70.15;;0.0
R8313;VDD.$4080.18;VDD.$4081.25;;9.3
R8314;VDD.$4082.18;VDD.$4083.25;;9.3
R8315;VDD.$4084.18;VDD.$4085.25;;9.3
R8316;VDD.$4086.18;VDD.$4087.25;;9.3
R8317;VDD.$4087.25;VDD.$4093.25;;0.072
R8318;VDD.$4087.25;VDD.$4117.25;;0.072
R8319;VDD.$4088.18;VDD.$4089.25;;9.3
R8320;VDD.$4089.25;VDD.$4189.25;;0.0
R8321;VDD.$4089.25;VDD.$4231.25;;0.036
R8322;VDD.$4090.18;VDD.$4091.25;;9.3
R8323;VDD.$4091.25;VDD.$4161.25;;0.0
R8324;VDD.$4091.25;VDD.$4209.25;;0.036
R8325;VDD.$4092.18;VDD.$4093.25;;9.3
R8326;VDD.$4093.25;VDD.$4095.25;;0.072
R8327;VDD.$4094.18;VDD.$4095.25;;9.3
R8328;VDD.$4095.25;VDD.$4101.25;;0.072
R8329;VDD.$4096.18;VDD.$4097.25;;9.3
R8330;VDD.$4097.25;VDD.$4171.25;;0.036
R8331;VDD.$4097.25;VDD.$4209.25;;0.0
R8332;VDD.$4098.18;VDD.$4099.25;;9.3
R8333;VDD.$4099.25;VDD.$4215.25;;0.036
R8334;VDD.$4099.25;VDD.$4231.25;;0.0
R8335;VDD.$410.15;VDD.$411.18;;585.0
R8336;VDD.$410.15;VDD.P12.15;;0.0
R8337;VDD.$4100.18;VDD.$4101.25;;9.3
R8338;VDD.$4101.25;VDD.$4103.25;;0.072
R8339;VDD.$4102.18;VDD.$4103.25;;9.3
R8340;VDD.$4104.18;VDD.$4105.25;;9.3
R8341;VDD.$4105.25;VDD.$4171.25;;0.0
R8342;VDD.$4105.25;VDD.$4203.25;;0.036
R8343;VDD.$4106.18;VDD.$4107.25;;9.3
R8344;VDD.$4107.25;VDD.$4109.25;;0.207
R8345;VDD.$4107.25;VDD.$4187.25;;0.0
R8346;VDD.$4108.18;VDD.$4109.25;;9.3
R8347;VDD.$4109.25;VDD.$4113.25;;0.072
R8348;VDD.$4110.18;VDD.$4111.25;;9.3
R8349;VDD.$4111.25;VDD.$4203.25;;0.0
R8350;VDD.$4111.25;VDD.$4237.25;;0.036
R8351;VDD.$4112.18;VDD.$4113.25;;9.3
R8352;VDD.$4113.25;VDD.$4117.25;;0.072
R8353;VDD.$4114.18;VDD.$4115.25;;9.3
R8354;VDD.$4115.25;VDD.$4161.25;;0.036
R8355;VDD.$4115.25;VDD.$4215.25;;0.0
R8356;VDD.$4116.18;VDD.$4117.25;;9.3
R8357;VDD.$4118.18;VDD.$4119.25;;9.3
R8358;VDD.$4119.25;VDD.$4187.25;;0.036
R8359;VDD.$4119.25;VDD.$4237.25;;0.0
R8360;VDD.$412.15;VDD.$413.18;;585.0
R8361;VDD.$412.15;VDD.P13.15;;0.0
R8362;VDD.$4120.18;VDD.$4121.25;;9.3
R8363;VDD.$4121.25;VDD.$4129.25;;0.072
R8364;VDD.$4121.25;VDD.$4327.25;;0.207
R8365;VDD.$4122.18;VDD.$4123.25;;9.3
R8366;VDD.$4123.25;VDD.$4127.25;;0.072
R8367;VDD.$4123.25;VDD.$4131.25;;0.072
R8368;VDD.$4124.18;VDD.$4125.25;;9.3
R8369;VDD.$4125.25;VDD.$4133.25;;0.072
R8370;VDD.$4126.18;VDD.$4127.25;;9.3
R8371;VDD.$4127.25;VDD.$4135.25;;0.072
R8372;VDD.$4128.18;VDD.$4129.25;;9.3
R8373;VDD.$4129.25;VDD.$4135.25;;0.072
R8374;VDD.$4130.18;VDD.$4131.25;;9.3
R8375;VDD.$4131.25;VDD.$4133.25;;0.072
R8376;VDD.$4132.18;VDD.$4133.25;;9.3
R8377;VDD.$4134.18;VDD.$4135.25;;9.3
R8378;VDD.$4136.18;VDD.$4137.25;;9.3
R8379;VDD.$4137.25;VDD.$4143.25;;0.072
R8380;VDD.$4137.25;VDD.$4145.25;;0.072
R8381;VDD.$4138.18;VDD.$4139.25;;9.3
R8382;VDD.$4139.25;VDD.$4141.25;;0.072
R8383;VDD.$4139.25;VDD.$4149.25;;0.072
R8384;VDD.$414.15;VDD.$415.18;;585.0
R8385;VDD.$4140.18;VDD.$4141.25;;9.3
R8386;VDD.$4141.25;VDD.$4151.25;;0.072
R8387;VDD.$4142.18;VDD.$4143.25;;9.3
R8388;VDD.$4143.25;VDD.$4183.25;;0.207
R8389;VDD.$4144.18;VDD.$4145.25;;9.3
R8390;VDD.$4145.25;VDD.$4149.25;;0.072
R8391;VDD.$4146.18;VDD.$4147.25;;9.3
R8392;VDD.$4147.25;VDD.$4151.25;;0.072
R8393;VDD.$4148.18;VDD.$4149.25;;9.3
R8394;VDD.$4150.18;VDD.$4151.25;;9.3
R8395;VDD.$4152.18;VDD.$4153.25;;9.3
R8396;VDD.$4152.18;VDD.$4154.18;;18.432
R8397;VDD.$4152.18;VDD.$4240.18;;18.432
R8398;VDD.$4153.25;VDD.$4155.25;;0.18
R8399;VDD.$4153.25;VDD.$4241.25;;0.18
R8400;VDD.$4154.18;VDD.$4155.25;;9.3
R8401;VDD.$4154.18;VDD.$4156.18;;18.432
R8402;VDD.$4155.25;VDD.$4157.25;;0.18
R8403;VDD.$4156.18;VDD.$4157.25;;9.3
R8404;VDD.$4156.18;VDD.$4158.18;;18.432
R8405;VDD.$4157.25;VDD.$4159.25;;0.18
R8406;VDD.$4158.18;VDD.$4159.25;;9.3
R8407;VDD.$4158.18;VDD.$4190.18;;18.432
R8408;VDD.$4159.25;VDD.$4191.25;;0.18
R8409;VDD.$416.15;VDD.$417.18;;585.0
R8410;VDD.$4160.18;VDD.$4161.25;;9.3
R8411;VDD.$4162.18;VDD.$4163.25;;9.3
R8412;VDD.$4162.18;VDD.$4168.18;;18.432
R8413;VDD.$4162.18;VDD.$4216.18;;18.432
R8414;VDD.$4163.25;VDD.$4169.25;;0.18
R8415;VDD.$4163.25;VDD.$4217.25;;0.18
R8416;VDD.$4164.18;VDD.$4165.25;;9.3
R8417;VDD.$4165.25;VDD.$4167.25;;0.0
R8418;VDD.$4165.25;VDD.$4201.25;;0.036
R8419;VDD.$4166.18;VDD.$4167.25;;9.3
R8420;VDD.$4167.25;VDD.$4199.25;;0.036
R8421;VDD.$4168.18;VDD.$4169.25;;9.3
R8422;VDD.$4168.18;VDD.$4174.18;;18.432
R8423;VDD.$4169.25;VDD.$4175.25;;0.18
R8424;VDD.$4170.18;VDD.$4171.25;;9.3
R8425;VDD.$4172.18;VDD.$4173.25;;9.3
R8426;VDD.$4173.25;VDD.$4229.25;;0.036
R8427;VDD.$4173.25;VDD.$4251.25;;0.0
R8428;VDD.$4174.18;VDD.$4175.25;;9.3
R8429;VDD.$4174.18;VDD.$4176.18;;18.432
R8430;VDD.$4175.25;VDD.$4177.25;;0.18
R8431;VDD.$4176.18;VDD.$4177.25;;9.3
R8432;VDD.$4176.18;VDD.$4178.18;;18.432
R8433;VDD.$4177.25;VDD.$4179.25;;0.18
R8434;VDD.$4178.18;VDD.$4179.25;;9.3
R8435;VDD.$4178.18;VDD.$4180.18;;18.432
R8436;VDD.$4179.25;VDD.$4181.25;;0.18
R8437;VDD.$418.15;VDD.$419.18;;585.0
R8438;VDD.$418.15;VDD.P70.15;;0.0
R8439;VDD.$4180.18;VDD.$4181.25;;9.3
R8440;VDD.$4180.18;VDD.$4192.18;;18.432
R8441;VDD.$4181.25;VDD.$4622.25;;0.033
R8442;VDD.$4182.18;VDD.$4183.25;;9.3
R8443;VDD.$4183.25;VDD.$4185.25;;0.0
R8444;VDD.$4184.18;VDD.$4185.25;;9.3
R8445;VDD.$4185.25;VDD.$4233.25;;0.036
R8446;VDD.$4186.18;VDD.$4187.25;;9.3
R8447;VDD.$4188.18;VDD.$4189.25;;9.3
R8448;VDD.$4189.25;VDD.$4622.25;;0.082
R8449;VDD.$4190.18;VDD.$4191.25;;9.3
R8450;VDD.$4190.18;VDD.$4194.18;;18.432
R8451;VDD.$4191.25;VDD.$4195.25;;0.18
R8452;VDD.$4192.18;VDD.$4193.25;;9.3
R8453;VDD.$4192.18;VDD.$4260.18;;18.432
R8454;VDD.$4193.25;VDD.$4261.25;;0.18
R8455;VDD.$4193.25;VDD.$4622.25;;0.147
R8456;VDD.$4194.18;VDD.$4195.25;;9.3
R8457;VDD.$4194.18;VDD.$4216.18;;18.432
R8458;VDD.$4195.25;VDD.$4217.25;;0.18
R8459;VDD.$4196.18;VDD.$4197.25;;9.3
R8460;VDD.$4197.25;VDD.$4201.25;;0.0
R8461;VDD.$4197.25;VDD.$4235.25;;0.036
R8462;VDD.$4198.18;VDD.$4199.25;;9.3
R8463;VDD.$4199.25;VDD.$4205.25;;0.0
R8464;VDD.$42.15;VDD.$43.18;;585.0
R8465;VDD.$42.15;VDD.$50.15;;0.0
R8466;VDD.$420.15;VDD.$421.18;;585.0
R8467;VDD.$420.15;VDD.P12.15;;0.0
R8468;VDD.$4200.18;VDD.$4201.25;;9.3
R8469;VDD.$4202.18;VDD.$4203.25;;9.3
R8470;VDD.$4204.18;VDD.$4205.25;;9.3
R8471;VDD.$4205.25;VDD.$4213.25;;0.036
R8472;VDD.$4206.18;VDD.$4207.25;;9.3
R8473;VDD.$4207.25;VDD.$4211.25;;0.0
R8474;VDD.$4207.25;VDD.$4239.25;;0.036
R8475;VDD.$4208.18;VDD.$4209.25;;9.3
R8476;VDD.$4210.18;VDD.$4211.25;;9.3
R8477;VDD.$4211.25;VDD.$4219.25;;0.036
R8478;VDD.$4212.18;VDD.$4213.25;;9.3
R8479;VDD.$4213.25;VDD.$4239.25;;0.0
R8480;VDD.$4214.18;VDD.$4215.25;;9.3
R8481;VDD.$4216.18;VDD.$4217.25;;9.3
R8482;VDD.$4218.18;VDD.$4219.25;;9.3
R8483;VDD.$4219.25;VDD.$4229.25;;0.0
R8484;VDD.$422.15;VDD.$423.18;;585.0
R8485;VDD.$422.15;VDD.$586.15;;0.0
R8486;VDD.$4220.18;VDD.$4221.25;;9.3
R8487;VDD.$4220.18;VDD.$4222.18;;18.432
R8488;VDD.$4221.25;VDD.$4223.25;;0.18
R8489;VDD.$4222.18;VDD.$4223.25;;9.3
R8490;VDD.$4222.18;VDD.$4224.18;;18.432
R8491;VDD.$4223.25;VDD.$4225.25;;0.18
R8492;VDD.$4224.18;VDD.$4225.25;;9.3
R8493;VDD.$4224.18;VDD.$4226.18;;18.432
R8494;VDD.$4225.25;VDD.$4227.25;;0.18
R8495;VDD.$4226.18;VDD.$4227.25;;9.3
R8496;VDD.$4226.18;VDD.$4242.18;;18.432
R8497;VDD.$4227.25;VDD.$4621.25;;0.147
R8498;VDD.$4228.18;VDD.$4229.25;;9.3
R8499;VDD.$4230.18;VDD.$4231.25;;9.3
R8500;VDD.$4232.18;VDD.$4233.25;;9.3
R8501;VDD.$4233.25;VDD.$4235.25;;0.0
R8502;VDD.$4234.18;VDD.$4235.25;;9.3
R8503;VDD.$4236.18;VDD.$4237.25;;9.3
R8504;VDD.$4238.18;VDD.$4239.25;;9.3
R8505;VDD.$424.15;VDD.$425.18;;585.0
R8506;VDD.$424.15;VDD.$588.15;;0.0
R8507;VDD.$4240.18;VDD.$4241.25;;9.3
R8508;VDD.$4240.18;VDD.$4248.18;;18.432
R8509;VDD.$4241.25;VDD.$4249.25;;0.18
R8510;VDD.$4242.18;VDD.$4243.25;;9.3
R8511;VDD.$4242.18;VDD.$4244.18;;18.432
R8512;VDD.$4243.25;VDD.$4245.25;;0.18
R8513;VDD.$4243.25;VDD.$4621.25;;0.033
R8514;VDD.$4244.18;VDD.$4245.25;;9.3
R8515;VDD.$4244.18;VDD.$4246.18;;18.432
R8516;VDD.$4245.25;VDD.$4247.25;;0.18
R8517;VDD.$4246.18;VDD.$4247.25;;9.3
R8518;VDD.$4246.18;VDD.$4248.18;;18.432
R8519;VDD.$4247.25;VDD.$4249.25;;0.18
R8520;VDD.$4248.18;VDD.$4249.25;;9.3
R8521;VDD.$4250.18;VDD.$4251.25;;9.3
R8522;VDD.$4251.25;VDD.$4621.25;;0.082
R8523;VDD.$4252.18;VDD.$4253.25;;9.3
R8524;VDD.$4253.25;VDD.$4257.25;;0.0
R8525;VDD.$4253.25;VDD.$4281.25;;0.036
R8526;VDD.$4254.18;VDD.$4255.25;;9.3
R8527;VDD.$4254.18;VDD.$4258.18;;18.432
R8528;VDD.$4254.18;VDD.$4330.18;;18.432
R8529;VDD.$4255.25;VDD.$4259.25;;0.18
R8530;VDD.$4255.25;VDD.$4331.25;;0.18
R8531;VDD.$4256.18;VDD.$4257.25;;9.3
R8532;VDD.$4257.25;VDD.$4623.25;;0.082
R8533;VDD.$4258.18;VDD.$4259.25;;9.3
R8534;VDD.$4258.18;VDD.$4264.18;;18.432
R8535;VDD.$4259.25;VDD.$4265.25;;0.18
R8536;VDD.$426.15;VDD.$427.18;;585.0
R8537;VDD.$426.15;VDD.$590.15;;0.0
R8538;VDD.$4260.18;VDD.$4261.25;;9.3
R8539;VDD.$4260.18;VDD.$4312.18;;18.432
R8540;VDD.$4261.25;VDD.$4313.25;;0.18
R8541;VDD.$4262.18;VDD.$4263.25;;9.3
R8542;VDD.$4262.18;VDD.$4266.18;;18.432
R8543;VDD.$4262.18;VDD.$4322.18;;18.432
R8544;VDD.$4263.25;VDD.$4267.25;;0.18
R8545;VDD.$4263.25;VDD.$4323.25;;0.18
R8546;VDD.$4264.18;VDD.$4265.25;;9.3
R8547;VDD.$4264.18;VDD.$4282.18;;18.432
R8548;VDD.$4265.25;VDD.$4283.25;;0.18
R8549;VDD.$4266.18;VDD.$4267.25;;9.3
R8550;VDD.$4266.18;VDD.$4268.18;;18.432
R8551;VDD.$4267.25;VDD.$4269.25;;0.18
R8552;VDD.$4268.18;VDD.$4269.25;;9.3
R8553;VDD.$4268.18;VDD.$4270.18;;18.432
R8554;VDD.$4269.25;VDD.$4271.25;;0.18
R8555;VDD.$4270.18;VDD.$4271.25;;9.3
R8556;VDD.$4270.18;VDD.$4272.18;;18.432
R8557;VDD.$4271.25;VDD.$4273.25;;0.18
R8558;VDD.$4272.18;VDD.$4273.25;;9.3
R8559;VDD.$4272.18;VDD.$4480.18;;18.432
R8560;VDD.$4273.25;VDD.$4481.25;;0.18
R8561;VDD.$4274.18;VDD.$4275.25;;9.3
R8562;VDD.$4275.25;VDD.$4277.25;;0.0
R8563;VDD.$4275.25;VDD.$4319.25;;0.036
R8564;VDD.$4276.18;VDD.$4277.25;;9.3
R8565;VDD.$4277.25;VDD.$4305.25;;0.036
R8566;VDD.$4278.18;VDD.$4279.25;;9.3
R8567;VDD.$4279.25;VDD.$4281.25;;0.0
R8568;VDD.$4279.25;VDD.$4291.25;;0.036
R8569;VDD.$428.15;VDD.$429.18;;585.0
R8570;VDD.$428.15;VDD.$592.15;;0.0
R8571;VDD.$4280.18;VDD.$4281.25;;9.3
R8572;VDD.$4282.18;VDD.$4283.25;;9.3
R8573;VDD.$4282.18;VDD.$4284.18;;18.432
R8574;VDD.$4283.25;VDD.$4285.25;;0.18
R8575;VDD.$4284.18;VDD.$4285.25;;9.3
R8576;VDD.$4284.18;VDD.$4286.18;;18.432
R8577;VDD.$4285.25;VDD.$4287.25;;0.18
R8578;VDD.$4286.18;VDD.$4287.25;;9.3
R8579;VDD.$4286.18;VDD.$4292.18;;18.432
R8580;VDD.$4287.25;VDD.$4293.25;;0.18
R8581;VDD.$4288.18;VDD.$4289.25;;9.3
R8582;VDD.$4289.25;VDD.$4291.25;;0.0
R8583;VDD.$4289.25;VDD.$4325.25;;0.036
R8584;VDD.$4290.18;VDD.$4291.25;;9.3
R8585;VDD.$4292.18;VDD.$4293.25;;9.3
R8586;VDD.$4292.18;VDD.$4294.18;;18.432
R8587;VDD.$4293.25;VDD.$4295.25;;0.18
R8588;VDD.$4294.18;VDD.$4295.25;;9.3
R8589;VDD.$4294.18;VDD.$4296.18;;18.432
R8590;VDD.$4295.25;VDD.$4623.25;;0.098
R8591;VDD.$4296.18;VDD.$4297.25;;9.3
R8592;VDD.$4296.18;VDD.$4322.18;;18.432
R8593;VDD.$4297.25;VDD.$4323.25;;0.18
R8594;VDD.$4297.25;VDD.$4623.25;;0.083
R8595;VDD.$4298.18;VDD.$4299.25;;9.3
R8596;VDD.$4298.18;VDD.$4300.18;;18.432
R8597;VDD.$4298.18;VDD.$4332.18;;18.432
R8598;VDD.$4299.25;VDD.$4301.25;;0.18
R8599;VDD.$4299.25;VDD.$4333.25;;0.18
R8600;VDD.$430.15;VDD.$431.18;;585.0
R8601;VDD.$430.15;VDD.$594.15;;0.0
R8602;VDD.$4300.18;VDD.$4301.25;;9.3
R8603;VDD.$4300.18;VDD.$4308.18;;18.432
R8604;VDD.$4301.25;VDD.$4309.25;;0.18
R8605;VDD.$4302.18;VDD.$4303.25;;9.3
R8606;VDD.$4303.25;VDD.$4315.25;;0.036
R8607;VDD.$4303.25;VDD.$4325.25;;0.0
R8608;VDD.$4304.18;VDD.$4305.25;;9.3
R8609;VDD.$4305.25;VDD.$4307.25;;0.0
R8610;VDD.$4306.18;VDD.$4307.25;;9.3
R8611;VDD.$4307.25;VDD.$4311.25;;0.036
R8612;VDD.$4308.18;VDD.$4309.25;;9.3
R8613;VDD.$4308.18;VDD.$4320.18;;18.432
R8614;VDD.$4309.25;VDD.$4321.25;;0.18
R8615;VDD.$4310.18;VDD.$4311.25;;9.3
R8616;VDD.$4311.25;VDD.$4315.25;;0.0
R8617;VDD.$4312.18;VDD.$4313.25;;9.3
R8618;VDD.$4312.18;VDD.$4332.18;;18.432
R8619;VDD.$4313.25;VDD.$4333.25;;0.18
R8620;VDD.$4314.18;VDD.$4315.25;;9.3
R8621;VDD.$4316.18;VDD.$4317.25;;9.3
R8622;VDD.$4317.25;VDD.$4319.25;;0.0
R8623;VDD.$4317.25;VDD.$4329.25;;0.036
R8624;VDD.$4318.18;VDD.$4319.25;;9.3
R8625;VDD.$432.15;VDD.$433.18;;585.0
R8626;VDD.$432.15;VDD.$496.15;;0.0
R8627;VDD.$4320.18;VDD.$4321.25;;9.3
R8628;VDD.$4320.18;VDD.$4330.18;;18.432
R8629;VDD.$4321.25;VDD.$4331.25;;0.18
R8630;VDD.$4322.18;VDD.$4323.25;;9.3
R8631;VDD.$4324.18;VDD.$4325.25;;9.3
R8632;VDD.$4326.18;VDD.$4327.25;;9.3
R8633;VDD.$4327.25;VDD.$4329.25;;0.0
R8634;VDD.$4328.18;VDD.$4329.25;;9.3
R8635;VDD.$4330.18;VDD.$4331.25;;9.3
R8636;VDD.$4332.18;VDD.$4333.25;;9.3
R8637;VDD.$4334.18;VDD.$4335.25;;9.3
R8638;VDD.$4334.18;VDD.$4364.18;;18.432
R8639;VDD.$4334.18;VDD.$4618.18;;18.432
R8640;VDD.$4335.25;VDD.$4365.25;;0.045
R8641;VDD.$4335.25;VDD.$4591.25;;0.003
R8642;VDD.$4336.18;VDD.$4337.25;;9.3
R8643;VDD.$4337.25;VDD.$4349.25;;0.036
R8644;VDD.$4337.25;VDD.$4355.25;;0.0
R8645;VDD.$4338.18;VDD.$4339.25;;9.3
R8646;VDD.$4339.25;VDD.$4343.25;;0.01
R8647;VDD.$4339.25;VDD.$4401.25;;0.035
R8648;VDD.$434.15;VDD.$435.18;;585.0
R8649;VDD.$434.15;VDD.$498.15;;0.0
R8650;VDD.$4340.18;VDD.$4341.25;;9.3
R8651;VDD.$4341.25;VDD.$4345.25;;0.01
R8652;VDD.$4341.25;VDD.$4393.25;;0.035
R8653;VDD.$4342.18;VDD.$4343.25;;9.3
R8654;VDD.$4342.18;VDD.$4352.18;;18.432
R8655;VDD.$4342.18;VDD.$4400.18;;18.432
R8656;VDD.$4343.25;VDD.$4351.25;;0.035
R8657;VDD.$4344.18;VDD.$4345.25;;9.3
R8658;VDD.$4344.18;VDD.$4362.18;;18.432
R8659;VDD.$4344.18;VDD.$4392.18;;18.432
R8660;VDD.$4345.25;VDD.$4361.25;;0.035
R8661;VDD.$4346.18;VDD.$4347.25;;9.3
R8662;VDD.$4347.25;VDD.$4349.25;;0.0
R8663;VDD.$4348.18;VDD.$4349.25;;9.3
R8664;VDD.$4350.18;VDD.$4351.25;;9.3
R8665;VDD.$4351.25;VDD.$4353.25;;0.01
R8666;VDD.$4352.18;VDD.$4353.25;;9.3
R8667;VDD.$4354.18;VDD.$4355.25;;9.3
R8668;VDD.$4355.25;VDD.$4395.25;;0.036
R8669;VDD.$4356.18;VDD.$4357.25;;9.3
R8670;VDD.$4357.25;VDD.$4359.25;;0.0
R8671;VDD.$4357.25;VDD.$4373.25;;0.036
R8672;VDD.$4358.18;VDD.$4359.25;;9.3
R8673;VDD.$4359.25;VDD.$4403.25;;0.036
R8674;VDD.$436.15;VDD.$437.18;;585.0
R8675;VDD.$436.15;VDD.$440.15;;0.0
R8676;VDD.$436.15;VDD.$484.15;;0.0
R8677;VDD.$4360.18;VDD.$4361.25;;9.3
R8678;VDD.$4361.25;VDD.$4363.25;;0.01
R8679;VDD.$4362.18;VDD.$4363.25;;9.3
R8680;VDD.$4362.18;VDD.$4376.18;;18.432
R8681;VDD.$4363.25;VDD.$4375.25;;0.035
R8682;VDD.$4364.18;VDD.$4365.25;;9.3
R8683;VDD.$4364.18;VDD.$4366.18;;18.432
R8684;VDD.$4365.25;VDD.$4367.25;;0.045
R8685;VDD.$4366.18;VDD.$4367.25;;9.3
R8686;VDD.$4366.18;VDD.$4368.18;;18.432
R8687;VDD.$4367.25;VDD.$4369.25;;0.045
R8688;VDD.$4368.18;VDD.$4369.25;;9.3
R8689;VDD.$4368.18;VDD.$4392.18;;18.432
R8690;VDD.$4369.25;VDD.$4391.25;;0.035
R8691;VDD.$4370.18;VDD.$4371.25;;9.3
R8692;VDD.$4371.25;VDD.$4373.25;;0.0
R8693;VDD.$4371.25;VDD.$4381.25;;0.036
R8694;VDD.$4372.18;VDD.$4373.25;;9.3
R8695;VDD.$4374.18;VDD.$4375.25;;9.3
R8696;VDD.$4375.25;VDD.$4377.25;;0.01
R8697;VDD.$4376.18;VDD.$4377.25;;9.3
R8698;VDD.$4376.18;VDD.$4384.18;;18.432
R8699;VDD.$4377.25;VDD.$4383.25;;0.035
R8700;VDD.$4378.18;VDD.$4379.25;;9.3
R8701;VDD.$4379.25;VDD.$4381.25;;0.0
R8702;VDD.$4379.25;VDD.$4397.25;;0.036
R8703;VDD.$438.15;VDD.$439.18;;585.0
R8704;VDD.$438.15;VDD.$486.15;;0.0
R8705;VDD.$4380.18;VDD.$4381.25;;9.3
R8706;VDD.$4382.18;VDD.$4383.25;;9.3
R8707;VDD.$4383.25;VDD.$4385.25;;0.01
R8708;VDD.$4384.18;VDD.$4385.25;;9.3
R8709;VDD.$4384.18;VDD.$4400.18;;18.432
R8710;VDD.$4385.25;VDD.$4399.25;;0.035
R8711;VDD.$4386.18;VDD.$4387.25;;9.3
R8712;VDD.$4387.25;VDD.$4389.25;;0.0
R8713;VDD.$4387.25;VDD.$4405.25;;0.036
R8714;VDD.$4388.18;VDD.$4389.25;;9.3
R8715;VDD.$4389.25;VDD.$4511.25;;0.138
R8716;VDD.$4390.18;VDD.$4391.25;;9.3
R8717;VDD.$4391.25;VDD.$4393.25;;0.01
R8718;VDD.$4392.18;VDD.$4393.25;;9.3
R8719;VDD.$4394.18;VDD.$4395.25;;9.3
R8720;VDD.$4395.25;VDD.$4397.25;;0.0
R8721;VDD.$4396.18;VDD.$4397.25;;9.3
R8722;VDD.$4398.18;VDD.$4399.25;;9.3
R8723;VDD.$4399.25;VDD.$4401.25;;0.01
R8724;VDD.$44.15;VDD.$45.18;;585.0
R8725;VDD.$44.15;VDD.$52.15;;0.0
R8726;VDD.$440.15;VDD.$441.18;;585.0
R8727;VDD.$4400.18;VDD.$4401.25;;9.3
R8728;VDD.$4402.18;VDD.$4403.25;;9.3
R8729;VDD.$4403.25;VDD.$4405.25;;0.0
R8730;VDD.$4404.18;VDD.$4405.25;;9.3
R8731;VDD.$4406.18;VDD.$4407.25;;9.3
R8732;VDD.$4407.25;VDD.$4413.25;;0.072
R8733;VDD.$4407.25;VDD.$4415.25;;0.072
R8734;VDD.$4408.18;VDD.$4409.25;;9.3
R8735;VDD.$4409.25;VDD.$4413.25;;0.072
R8736;VDD.$4409.25;VDD.$4419.25;;0.072
R8737;VDD.$4410.18;VDD.$4411.25;;9.3
R8738;VDD.$4411.25;VDD.$4417.25;;0.072
R8739;VDD.$4411.25;VDD.$4437.25;;0.254
R8740;VDD.$4412.18;VDD.$4413.25;;9.3
R8741;VDD.$4414.18;VDD.$4415.25;;9.3
R8742;VDD.$4415.25;VDD.$4421.25;;0.072
R8743;VDD.$4416.18;VDD.$4417.25;;9.3
R8744;VDD.$4417.25;VDD.$4419.25;;0.072
R8745;VDD.$4418.18;VDD.$4419.25;;9.3
R8746;VDD.$442.15;VDD.$443.18;;585.0
R8747;VDD.$442.15;VDD.$450.15;;0.0
R8748;VDD.$4420.18;VDD.$4421.25;;9.3
R8749;VDD.$4422.18;VDD.$4423.25;;9.3
R8750;VDD.$4423.25;VDD.$4457.25;;0.036
R8751;VDD.$4423.25;VDD.$4483.25;;0.0
R8752;VDD.$4424.18;VDD.$4425.25;;9.3
R8753;VDD.$4424.18;VDD.$4426.18;;18.432
R8754;VDD.$4424.18;VDD.$4496.18;;18.432
R8755;VDD.$4425.25;VDD.$4427.25;;0.18
R8756;VDD.$4425.25;VDD.$4497.25;;0.18
R8757;VDD.$4426.18;VDD.$4427.25;;9.3
R8758;VDD.$4426.18;VDD.$4428.18;;18.432
R8759;VDD.$4427.25;VDD.$4429.25;;0.18
R8760;VDD.$4428.18;VDD.$4429.25;;9.3
R8761;VDD.$4428.18;VDD.$4430.18;;18.432
R8762;VDD.$4429.25;VDD.$4431.25;;0.18
R8763;VDD.$4430.18;VDD.$4431.25;;9.3
R8764;VDD.$4430.18;VDD.$4432.18;;18.432
R8765;VDD.$4431.25;VDD.$4433.25;;0.03
R8766;VDD.$4432.18;VDD.$4433.25;;9.3
R8767;VDD.$4432.18;VDD.$4452.18;;18.432
R8768;VDD.$4433.25;VDD.$4453.25;;0.0
R8769;VDD.$4433.25;VDD.$4465.25;;0.065
R8770;VDD.$4433.25;VDD.$4483.25;;0.094
R8771;VDD.$4434.18;VDD.$4435.25;;9.3
R8772;VDD.$4434.18;VDD.$4458.18;;18.432
R8773;VDD.$4434.18;VDD.$4502.18;;18.432
R8774;VDD.$4435.25;VDD.$4459.25;;0.18
R8775;VDD.$4435.25;VDD.$4503.25;;0.18
R8776;VDD.$4436.18;VDD.$4437.25;;9.3
R8777;VDD.$4437.25;VDD.$4441.25;;0.0
R8778;VDD.$4438.18;VDD.$4439.25;;9.3
R8779;VDD.$4438.18;VDD.$4478.18;;18.432
R8780;VDD.$4438.18;VDD.$4524.18;;18.432
R8781;VDD.$4439.25;VDD.$4479.25;;0.18
R8782;VDD.$4439.25;VDD.$4525.25;;0.18
R8783;VDD.$444.15;VDD.$445.18;;585.0
R8784;VDD.$444.15;VDD.$452.15;;0.0
R8785;VDD.$4440.18;VDD.$4441.25;;9.3
R8786;VDD.$4441.25;VDD.$4489.25;;0.036
R8787;VDD.$4442.18;VDD.$4443.25;;9.3
R8788;VDD.$4443.25;VDD.$4457.25;;0.0
R8789;VDD.$4443.25;VDD.$4487.25;;0.036
R8790;VDD.$4444.18;VDD.$4445.25;;9.3
R8791;VDD.$4445.25;VDD.$4455.25;;0.0
R8792;VDD.$4445.25;VDD.$4485.25;;0.036
R8793;VDD.$4446.18;VDD.$4447.25;;9.3
R8794;VDD.$4447.25;VDD.$4451.25;;0.0
R8795;VDD.$4447.25;VDD.$4491.25;;0.036
R8796;VDD.$4448.18;VDD.$4449.25;;9.3
R8797;VDD.$4448.18;VDD.$4480.18;;18.432
R8798;VDD.$4448.18;VDD.$4492.18;;18.432
R8799;VDD.$4449.25;VDD.$4481.25;;0.18
R8800;VDD.$4449.25;VDD.$4493.25;;0.18
R8801;VDD.$4450.18;VDD.$4451.25;;9.3
R8802;VDD.$4451.25;VDD.$4467.25;;0.036
R8803;VDD.$4452.18;VDD.$4453.25;;9.3
R8804;VDD.$4452.18;VDD.$4462.18;;18.432
R8805;VDD.$4453.25;VDD.$4463.25;;0.0
R8806;VDD.$4454.18;VDD.$4455.25;;9.3
R8807;VDD.$4455.25;VDD.$4499.25;;0.036
R8808;VDD.$4456.18;VDD.$4457.25;;9.3
R8809;VDD.$4458.18;VDD.$4459.25;;9.3
R8810;VDD.$4458.18;VDD.$4478.18;;18.432
R8811;VDD.$4459.25;VDD.$4479.25;;0.18
R8812;VDD.$446.15;VDD.$447.18;;585.0
R8813;VDD.$446.15;VDD.$454.15;;0.0
R8814;VDD.$4460.18;VDD.$4461.25;;9.3
R8815;VDD.$4461.25;VDD.$4487.25;;0.0
R8816;VDD.$4461.25;VDD.$4501.25;;0.036
R8817;VDD.$4462.18;VDD.$4463.25;;9.3
R8818;VDD.$4462.18;VDD.$4464.18;;18.432
R8819;VDD.$4464.18;VDD.$4465.25;;9.3
R8820;VDD.$4464.18;VDD.$4468.18;;18.432
R8821;VDD.$4465.25;VDD.$4469.25;;0.18
R8822;VDD.$4466.18;VDD.$4467.25;;9.3
R8823;VDD.$4467.25;VDD.$4485.25;;0.0
R8824;VDD.$4468.18;VDD.$4469.25;;9.3
R8825;VDD.$4468.18;VDD.$4470.18;;18.432
R8826;VDD.$4469.25;VDD.$4471.25;;0.18
R8827;VDD.$4470.18;VDD.$4471.25;;9.3
R8828;VDD.$4470.18;VDD.$4472.18;;18.432
R8829;VDD.$4471.25;VDD.$4473.25;;0.18
R8830;VDD.$4472.18;VDD.$4473.25;;9.3
R8831;VDD.$4472.18;VDD.$4474.18;;18.432
R8832;VDD.$4473.25;VDD.$4475.25;;0.18
R8833;VDD.$4474.18;VDD.$4475.25;;9.3
R8834;VDD.$4474.18;VDD.$4476.18;;18.432
R8835;VDD.$4475.25;VDD.$4477.25;;0.18
R8836;VDD.$4476.18;VDD.$4477.25;;9.3
R8837;VDD.$4476.18;VDD.$4502.18;;18.432
R8838;VDD.$4477.25;VDD.$4503.25;;0.18
R8839;VDD.$4478.18;VDD.$4479.25;;9.3
R8840;VDD.$448.15;VDD.$449.18;;585.0
R8841;VDD.$448.15;VDD.$456.15;;0.0
R8842;VDD.$4480.18;VDD.$4481.25;;9.3
R8843;VDD.$4482.18;VDD.$4483.25;;9.3
R8844;VDD.$4484.18;VDD.$4485.25;;9.3
R8845;VDD.$4486.18;VDD.$4487.25;;9.3
R8846;VDD.$4488.18;VDD.$4489.25;;9.3
R8847;VDD.$4489.25;VDD.$4491.25;;0.0
R8848;VDD.$4490.18;VDD.$4491.25;;9.3
R8849;VDD.$4492.18;VDD.$4493.25;;9.3
R8850;VDD.$4492.18;VDD.$4494.18;;18.432
R8851;VDD.$4493.25;VDD.$4495.25;;0.18
R8852;VDD.$4494.18;VDD.$4495.25;;9.3
R8853;VDD.$4494.18;VDD.$4496.18;;18.432
R8854;VDD.$4495.25;VDD.$4497.25;;0.18
R8855;VDD.$4496.18;VDD.$4497.25;;9.3
R8856;VDD.$4498.18;VDD.$4499.25;;9.3
R8857;VDD.$4499.25;VDD.$4501.25;;0.0
R8858;VDD.$450.15;VDD.$451.18;;585.0
R8859;VDD.$450.15;VDD.$458.15;;0.0
R8860;VDD.$4500.18;VDD.$4501.25;;9.3
R8861;VDD.$4502.18;VDD.$4503.25;;9.3
R8862;VDD.$4504.18;VDD.$4505.25;;9.3
R8863;VDD.$4504.18;VDD.$4538.18;;18.432
R8864;VDD.$4504.18;VDD.$4598.18;;18.432
R8865;VDD.$4505.25;VDD.$4571.25;;0.003
R8866;VDD.$4505.25;VDD.$4593.25;;0.043
R8867;VDD.$4506.18;VDD.$4507.25;;9.3
R8868;VDD.$4506.18;VDD.$4522.18;;18.432
R8869;VDD.$4506.18;VDD.$4564.18;;18.432
R8870;VDD.$4507.25;VDD.$4561.25;;0.043
R8871;VDD.$4507.25;VDD.$4605.25;;0.003
R8872;VDD.$4508.18;VDD.$4509.25;;9.3
R8873;VDD.$4508.18;VDD.$4512.18;;18.432
R8874;VDD.$4508.18;VDD.$4616.18;;18.432
R8875;VDD.$4509.25;VDD.$4513.25;;0.18
R8876;VDD.$4509.25;VDD.$4617.25;;0.18
R8877;VDD.$4510.18;VDD.$4511.25;;9.3
R8878;VDD.$4511.25;VDD.$4589.25;;0.0
R8879;VDD.$4512.18;VDD.$4513.25;;9.3
R8880;VDD.$4512.18;VDD.$4514.18;;18.432
R8881;VDD.$4513.25;VDD.$4515.25;;0.18
R8882;VDD.$4514.18;VDD.$4515.25;;9.3
R8883;VDD.$4514.18;VDD.$4536.18;;18.432
R8884;VDD.$4515.25;VDD.$4537.25;;0.18
R8885;VDD.$4516.18;VDD.$4517.25;;9.3
R8886;VDD.$4516.18;VDD.$4552.18;;59.985
R8887;VDD.$4516.18;VDD.$4572.18;;18.432
R8888;VDD.$4517.25;VDD.$4553.25;;0.075
R8889;VDD.$4517.25;VDD.$4573.25;;0.0
R8890;VDD.$4517.25;VDD.$4587.25;;0.16
R8891;VDD.$4518.18;VDD.$4519.25;;9.3
R8892;VDD.$4518.18;VDD.$4526.18;;18.432
R8893;VDD.$4518.18;VDD.$4596.18;;18.432
R8894;VDD.$4519.25;VDD.$4527.25;;0.18
R8895;VDD.$4519.25;VDD.$4563.25;;0.095
R8896;VDD.$452.15;VDD.$453.18;;585.0
R8897;VDD.$452.15;VDD.$460.15;;0.0
R8898;VDD.$4520.18;VDD.$4521.25;;9.3
R8899;VDD.$4521.25;VDD.$4539.25;;0.003
R8900;VDD.$4521.25;VDD.$4553.25;;0.043
R8901;VDD.$4522.18;VDD.$4523.25;;9.3
R8902;VDD.$4522.18;VDD.$4598.18;;18.432
R8903;VDD.$4523.25;VDD.$4541.25;;0.003
R8904;VDD.$4523.25;VDD.$4605.25;;0.043
R8905;VDD.$4524.18;VDD.$4525.25;;9.3
R8906;VDD.$4524.18;VDD.$4526.18;;18.432
R8907;VDD.$4525.25;VDD.$4527.25;;0.18
R8908;VDD.$4526.18;VDD.$4527.25;;9.3
R8909;VDD.$4528.18;VDD.$4529.25;;9.3
R8910;VDD.$4529.25;VDD.$4531.25;;0.0
R8911;VDD.$4529.25;VDD.$4611.25;;0.036
R8912;VDD.$4530.18;VDD.$4531.25;;9.3
R8913;VDD.$4531.25;VDD.$4555.25;;0.036
R8914;VDD.$4532.18;VDD.$4533.25;;9.3
R8915;VDD.$4533.25;VDD.$4549.25;;0.003
R8916;VDD.$4533.25;VDD.$4565.25;;0.043
R8917;VDD.$4534.18;VDD.$4535.25;;9.3
R8918;VDD.$4535.25;VDD.$4601.25;;0.036
R8919;VDD.$4535.25;VDD.$4615.25;;0.0
R8920;VDD.$4536.18;VDD.$4537.25;;9.3
R8921;VDD.$4536.18;VDD.$4542.18;;18.432
R8922;VDD.$4537.25;VDD.$4543.25;;0.18
R8923;VDD.$4538.18;VDD.$4539.25;;9.3
R8924;VDD.$4538.18;VDD.$4552.18;;18.432
R8925;VDD.$4539.25;VDD.$4571.25;;0.043
R8926;VDD.$454.15;VDD.$455.18;;585.0
R8927;VDD.$454.15;VDD.$462.15;;0.0
R8928;VDD.$4540.18;VDD.$4541.25;;9.3
R8929;VDD.$4541.25;VDD.$4599.25;;0.043
R8930;VDD.$4542.18;VDD.$4543.25;;9.3
R8931;VDD.$4542.18;VDD.$4544.18;;18.432
R8932;VDD.$4543.25;VDD.$4545.25;;0.18
R8933;VDD.$4544.18;VDD.$4545.25;;9.3
R8934;VDD.$4544.18;VDD.$4546.18;;18.432
R8935;VDD.$4545.25;VDD.$4547.25;;0.18
R8936;VDD.$4546.18;VDD.$4547.25;;9.3
R8937;VDD.$4546.18;VDD.$4566.18;;18.432
R8938;VDD.$4547.25;VDD.$4567.25;;0.18
R8939;VDD.$4548.18;VDD.$4549.25;;9.3
R8940;VDD.$4548.18;VDD.$4564.18;;18.432
R8941;VDD.$4548.18;VDD.$4618.18;;18.432
R8942;VDD.$4549.25;VDD.$4613.25;;0.043
R8943;VDD.$4550.18;VDD.$4551.25;;9.3
R8944;VDD.$4551.25;VDD.$4559.25;;0.0
R8945;VDD.$4551.25;VDD.$4581.25;;0.036
R8946;VDD.$4552.18;VDD.$4553.25;;9.3
R8947;VDD.$4554.18;VDD.$4555.25;;9.3
R8948;VDD.$4555.25;VDD.$4557.25;;0.0
R8949;VDD.$4556.18;VDD.$4557.25;;9.3
R8950;VDD.$4557.25;VDD.$4575.25;;0.036
R8951;VDD.$4558.18;VDD.$4559.25;;9.3
R8952;VDD.$4559.25;VDD.$4595.25;;0.036
R8953;VDD.$456.15;VDD.$457.18;;585.0
R8954;VDD.$456.15;VDD.$464.15;;0.0
R8955;VDD.$4560.18;VDD.$4561.25;;9.3
R8956;VDD.$4561.25;VDD.$4565.25;;0.003
R8957;VDD.$4562.18;VDD.$4563.25;;9.3
R8958;VDD.$4562.18;VDD.$4596.18;;18.432
R8959;VDD.$4562.18;VDD.$4602.18;;18.432
R8960;VDD.$4563.25;VDD.$4597.25;;0.0
R8961;VDD.$4563.25;VDD.$4607.25;;0.094
R8962;VDD.$4563.25;VDD.$4617.25;;0.0
R8963;VDD.$4564.18;VDD.$4565.25;;9.3
R8964;VDD.$4566.18;VDD.$4567.25;;9.3
R8965;VDD.$4566.18;VDD.$4568.18;;18.432
R8966;VDD.$4567.25;VDD.$4569.25;;0.18
R8967;VDD.$4568.18;VDD.$4569.25;;9.3
R8968;VDD.$4568.18;VDD.$4578.18;;18.432
R8969;VDD.$4569.25;VDD.$4579.25;;0.18
R8970;VDD.$4570.18;VDD.$4571.25;;9.3
R8971;VDD.$4572.18;VDD.$4573.25;;9.3
R8972;VDD.$4572.18;VDD.$4586.18;;18.432
R8973;VDD.$4574.18;VDD.$4575.25;;9.3
R8974;VDD.$4575.25;VDD.$4601.25;;0.0
R8975;VDD.$4576.18;VDD.$4577.25;;9.3
R8976;VDD.$4577.25;VDD.$4581.25;;0.0
R8977;VDD.$4577.25;VDD.$4615.25;;0.036
R8978;VDD.$4578.18;VDD.$4579.25;;9.3
R8979;VDD.$4578.18;VDD.$4582.18;;18.432
R8980;VDD.$4579.25;VDD.$4583.25;;0.18
R8981;VDD.$458.15;VDD.$459.18;;585.0
R8982;VDD.$458.15;VDD.$472.15;;0.0
R8983;VDD.$4580.18;VDD.$4581.25;;9.3
R8984;VDD.$4582.18;VDD.$4583.25;;9.3
R8985;VDD.$4582.18;VDD.$4584.18;;18.432
R8986;VDD.$4583.25;VDD.$4585.25;;0.18
R8987;VDD.$4584.18;VDD.$4585.25;;9.3
R8988;VDD.$4584.18;VDD.$4586.18;;18.432
R8989;VDD.$4585.25;VDD.$4587.25;;0.18
R8990;VDD.$4586.18;VDD.$4587.25;;9.3
R8991;VDD.$4588.18;VDD.$4589.25;;9.3
R8992;VDD.$4589.25;VDD.$4609.25;;0.036
R8993;VDD.$4590.18;VDD.$4591.25;;9.3
R8994;VDD.$4591.25;VDD.$4619.25;;0.043
R8995;VDD.$4592.18;VDD.$4593.25;;9.3
R8996;VDD.$4593.25;VDD.$4599.25;;0.003
R8997;VDD.$4594.18;VDD.$4595.25;;9.3
R8998;VDD.$4595.25;VDD.$4607.25;;0.0
R8999;VDD.$4596.18;VDD.$4597.25;;9.3
R9000;VDD.$4597.25;VDD.$4603.25;;0.0
R9001;VDD.$4598.18;VDD.$4599.25;;9.3
R9002;VDD.$46.15;VDD.$47.18;;585.0
R9003;VDD.$46.15;VDD.$54.15;;0.0
R9004;VDD.$460.15;VDD.$461.18;;585.0
R9005;VDD.$460.15;VDD.$474.15;;0.0
R9006;VDD.$4600.18;VDD.$4601.25;;9.3
R9007;VDD.$4602.18;VDD.$4603.25;;9.3
R9008;VDD.$4602.18;VDD.$4616.18;;18.432
R9009;VDD.$4603.25;VDD.$4617.25;;0.0
R9010;VDD.$4604.18;VDD.$4605.25;;9.3
R9011;VDD.$4606.18;VDD.$4607.25;;9.3
R9012;VDD.$4608.18;VDD.$4609.25;;9.3
R9013;VDD.$4609.25;VDD.$4611.25;;0.0
R9014;VDD.$4610.18;VDD.$4611.25;;9.3
R9015;VDD.$4612.18;VDD.$4613.25;;9.3
R9016;VDD.$4613.25;VDD.$4619.25;;0.003
R9017;VDD.$4614.18;VDD.$4615.25;;9.3
R9018;VDD.$4616.18;VDD.$4617.25;;9.3
R9019;VDD.$4618.18;VDD.$4619.25;;9.3
R9020;VDD.$462.15;VDD.$463.18;;585.0
R9021;VDD.$462.15;VDD.$476.15;;0.0
R9022;VDD.$464.15;VDD.$465.18;;585.0
R9023;VDD.$464.15;VDD.$478.15;;0.0
R9024;VDD.$466.15;VDD.$467.18;;585.0
R9025;VDD.$466.15;VDD.$470.15;;0.0
R9026;VDD.$466.15;VDD.P83.15;;0.0
R9027;VDD.$468.15;VDD.$469.18;;585.0
R9028;VDD.$468.15;VDD.$480.15;;0.0
R9029;VDD.$468.15;VDD.P1.15;;0.0
R9030;VDD.$470.15;VDD.$471.18;;585.0
R9031;VDD.$470.15;VDD.$482.15;;0.0
R9032;VDD.$472.15;VDD.$473.18;;585.0
R9033;VDD.$472.15;VDD.P47.15;;0.0
R9034;VDD.$474.15;VDD.$475.18;;585.0
R9035;VDD.$474.15;VDD.P42.15;;0.0
R9036;VDD.$476.15;VDD.$477.18;;585.0
R9037;VDD.$476.15;VDD.P43.15;;0.0
R9038;VDD.$478.15;VDD.$479.18;;585.0
R9039;VDD.$478.15;VDD.P38.15;;0.0
R9040;VDD.$48.15;VDD.$49.18;;585.0
R9041;VDD.$48.15;VDD.$56.15;;0.0
R9042;VDD.$480.15;VDD.$481.18;;585.0
R9043;VDD.$480.15;VDD.$484.15;;0.0
R9044;VDD.$482.15;VDD.$483.18;;585.0
R9045;VDD.$482.15;VDD.$486.15;;0.0
R9046;VDD.$484.15;VDD.$485.18;;585.0
R9047;VDD.$486.15;VDD.$487.18;;585.0
R9048;VDD.$488.15;VDD.$489.18;;585.0
R9049;VDD.$488.15;VDD.$500.15;;0.0
R9050;VDD.$488.15;VDD.P47.15;;0.0
R9051;VDD.$490.15;VDD.$491.18;;585.0
R9052;VDD.$490.15;VDD.$502.15;;0.0
R9053;VDD.$490.15;VDD.P42.15;;0.0
R9054;VDD.$492.15;VDD.$493.18;;585.0
R9055;VDD.$492.15;VDD.$504.15;;0.0
R9056;VDD.$492.15;VDD.P43.15;;0.0
R9057;VDD.$494.15;VDD.$495.18;;585.0
R9058;VDD.$494.15;VDD.$506.15;;0.0
R9059;VDD.$494.15;VDD.P38.15;;0.0
R9060;VDD.$496.15;VDD.$497.18;;585.0
R9061;VDD.$496.15;VDD.$516.15;;0.0
R9062;VDD.$498.15;VDD.$499.18;;585.0
R9063;VDD.$498.15;VDD.$518.15;;0.0
R9064;VDD.$50.15;VDD.$51.18;;585.0
R9065;VDD.$50.15;VDD.P24.15;;0.0
R9066;VDD.$500.15;VDD.$501.18;;585.0
R9067;VDD.$500.15;VDD.$508.15;;0.0
R9068;VDD.$502.15;VDD.$503.18;;585.0
R9069;VDD.$502.15;VDD.$510.15;;0.0
R9070;VDD.$504.15;VDD.$505.18;;585.0
R9071;VDD.$504.15;VDD.$512.15;;0.0
R9072;VDD.$506.15;VDD.$507.18;;585.0
R9073;VDD.$506.15;VDD.$514.15;;0.0
R9074;VDD.$508.15;VDD.$509.18;;585.0
R9075;VDD.$508.15;VDD.$520.15;;0.0
R9076;VDD.$510.15;VDD.$511.18;;585.0
R9077;VDD.$510.15;VDD.$522.15;;0.0
R9078;VDD.$512.15;VDD.$513.18;;585.0
R9079;VDD.$512.15;VDD.$524.15;;0.0
R9080;VDD.$514.15;VDD.$515.18;;585.0
R9081;VDD.$514.15;VDD.$526.15;;0.0
R9082;VDD.$516.15;VDD.$517.18;;585.0
R9083;VDD.$516.15;VDD.$528.15;;0.0
R9084;VDD.$518.15;VDD.$519.18;;585.0
R9085;VDD.$518.15;VDD.$530.15;;0.0
R9086;VDD.$52.15;VDD.$53.18;;585.0
R9087;VDD.$52.15;VDD.P25.15;;0.0
R9088;VDD.$520.15;VDD.$521.18;;585.0
R9089;VDD.$520.15;VDD.$532.15;;0.0
R9090;VDD.$522.15;VDD.$523.18;;585.0
R9091;VDD.$522.15;VDD.$534.15;;0.0
R9092;VDD.$524.15;VDD.$525.18;;585.0
R9093;VDD.$524.15;VDD.$536.15;;0.0
R9094;VDD.$526.15;VDD.$527.18;;585.0
R9095;VDD.$526.15;VDD.$538.15;;0.0
R9096;VDD.$528.15;VDD.$529.18;;585.0
R9097;VDD.$528.15;VDD.P83.15;;0.0
R9098;VDD.$530.15;VDD.$531.18;;585.0
R9099;VDD.$530.15;VDD.P1.15;;0.0
R9100;VDD.$532.15;VDD.$533.18;;585.0
R9101;VDD.$534.15;VDD.$535.18;;585.0
R9102;VDD.$536.15;VDD.$537.18;;585.0
R9103;VDD.$538.15;VDD.$539.18;;585.0
R9104;VDD.$54.15;VDD.$55.18;;585.0
R9105;VDD.$54.15;VDD.P10.15;;0.0
R9106;VDD.$540.15;VDD.$541.18;;585.0
R9107;VDD.$540.15;VDD.$646.15;;0.0
R9108;VDD.$542.15;VDD.$543.18;;585.0
R9109;VDD.$542.15;VDD.$648.15;;0.0
R9110;VDD.$542.15;VDD.P58.15;;0.0
R9111;VDD.$544.15;VDD.$545.18;;585.0
R9112;VDD.$544.15;VDD.$660.15;;0.0
R9113;VDD.$544.15;VDD.P59.15;;0.0
R9114;VDD.$546.15;VDD.$547.18;;585.0
R9115;VDD.$546.15;VDD.$662.15;;0.0
R9116;VDD.$546.15;VDD.P50.15;;0.0
R9117;VDD.$548.15;VDD.$549.18;;585.0
R9118;VDD.$548.15;VDD.$664.15;;0.0
R9119;VDD.$548.15;VDD.P51.15;;0.0
R9120;VDD.$550.15;VDD.$551.18;;585.0
R9121;VDD.$550.15;VDD.$666.15;;0.0
R9122;VDD.$550.15;VDD.P46.15;;0.0
R9123;VDD.$552.15;VDD.$553.18;;585.0
R9124;VDD.$552.15;VDD.$678.15;;0.0
R9125;VDD.$554.15;VDD.$555.18;;585.0
R9126;VDD.$554.15;VDD.$680.15;;0.0
R9127;VDD.$556.15;VDD.$557.18;;585.0
R9128;VDD.$556.15;VDD.$692.15;;0.0
R9129;VDD.$558.15;VDD.$559.18;;585.0
R9130;VDD.$558.15;VDD.$582.15;;0.0
R9131;VDD.$558.15;VDD.$702.15;;0.0
R9132;VDD.$56.15;VDD.$57.18;;585.0
R9133;VDD.$56.15;VDD.P11.15;;0.0
R9134;VDD.$560.15;VDD.$561.18;;585.0
R9135;VDD.$560.15;VDD.$642.15;;0.0
R9136;VDD.$560.15;VDD.$696.15;;0.0
R9137;VDD.$562.15;VDD.$563.18;;585.0
R9138;VDD.$562.15;VDD.$610.15;;0.0
R9139;VDD.$564.15;VDD.$565.18;;585.0
R9140;VDD.$564.15;VDD.$612.15;;0.0
R9141;VDD.$566.15;VDD.$567.18;;585.0
R9142;VDD.$566.15;VDD.$614.15;;0.0
R9143;VDD.$568.15;VDD.$569.18;;585.0
R9144;VDD.$568.15;VDD.$600.15;;0.0
R9145;VDD.$568.15;VDD.P58.15;;0.0
R9146;VDD.$570.15;VDD.$571.18;;585.0
R9147;VDD.$570.15;VDD.$602.15;;0.0
R9148;VDD.$570.15;VDD.P59.15;;0.0
R9149;VDD.$572.15;VDD.$573.18;;585.0
R9150;VDD.$572.15;VDD.$604.15;;0.0
R9151;VDD.$572.15;VDD.P50.15;;0.0
R9152;VDD.$574.15;VDD.$575.18;;585.0
R9153;VDD.$574.15;VDD.$606.15;;0.0
R9154;VDD.$574.15;VDD.P51.15;;0.0
R9155;VDD.$576.15;VDD.$577.18;;585.0
R9156;VDD.$576.15;VDD.$608.15;;0.0
R9157;VDD.$576.15;VDD.P46.15;;0.0
R9158;VDD.$578.15;VDD.$579.18;;585.0
R9159;VDD.$578.15;VDD.$616.15;;0.0
R9160;VDD.$58.15;VDD.$59.18;;585.0
R9161;VDD.$58.15;VDD.$66.15;;0.0
R9162;VDD.$58.15;VDD.P24.15;;0.0
R9163;VDD.$580.15;VDD.$581.18;;585.0
R9164;VDD.$580.15;VDD.$636.15;;0.0
R9165;VDD.$582.15;VDD.$583.18;;585.0
R9166;VDD.$582.15;VDD.$646.15;;0.0
R9167;VDD.$584.15;VDD.$585.18;;585.0
R9168;VDD.$584.15;VDD.$638.15;;0.0
R9169;VDD.$584.15;VDD.$678.15;;0.0
R9170;VDD.$586.15;VDD.$587.18;;585.0
R9171;VDD.$586.15;VDD.$618.15;;0.0
R9172;VDD.$588.15;VDD.$589.18;;585.0
R9173;VDD.$588.15;VDD.$620.15;;0.0
R9174;VDD.$590.15;VDD.$591.18;;585.0
R9175;VDD.$590.15;VDD.$622.15;;0.0
R9176;VDD.$592.15;VDD.$593.18;;585.0
R9177;VDD.$592.15;VDD.$624.15;;0.0
R9178;VDD.$594.15;VDD.$595.18;;585.0
R9179;VDD.$594.15;VDD.$644.15;;0.0
R9180;VDD.$596.15;VDD.$597.18;;585.0
R9181;VDD.$596.15;VDD.$640.15;;0.0
R9182;VDD.$596.15;VDD.$680.15;;0.0
R9183;VDD.$598.15;VDD.$599.18;;585.0
R9184;VDD.$598.15;VDD.$692.15;;0.0
R9185;VDD.$598.15;VDD.$694.15;;0.0
R9186;VDD.$6.15;VDD.$7.18;;585.0
R9187;VDD.$6.15;VDD.$764.15;;0.0
R9188;VDD.$6.15;VDD.P89.15;;0.0
R9189;VDD.$60.15;VDD.$61.18;;585.0
R9190;VDD.$60.15;VDD.$68.15;;0.0
R9191;VDD.$60.15;VDD.P25.15;;0.0
R9192;VDD.$600.15;VDD.$601.18;;585.0
R9193;VDD.$600.15;VDD.$626.15;;0.0
R9194;VDD.$602.15;VDD.$603.18;;585.0
R9195;VDD.$602.15;VDD.$628.15;;0.0
R9196;VDD.$604.15;VDD.$605.18;;585.0
R9197;VDD.$604.15;VDD.$630.15;;0.0
R9198;VDD.$606.15;VDD.$607.18;;585.0
R9199;VDD.$606.15;VDD.$632.15;;0.0
R9200;VDD.$608.15;VDD.$609.18;;585.0
R9201;VDD.$608.15;VDD.$634.15;;0.0
R9202;VDD.$610.15;VDD.$611.18;;585.0
R9203;VDD.$610.15;VDD.$648.15;;0.0
R9204;VDD.$612.15;VDD.$613.18;;585.0
R9205;VDD.$612.15;VDD.$660.15;;0.0
R9206;VDD.$614.15;VDD.$615.18;;585.0
R9207;VDD.$614.15;VDD.$662.15;;0.0
R9208;VDD.$616.15;VDD.$617.18;;585.0
R9209;VDD.$616.15;VDD.$664.15;;0.0
R9210;VDD.$618.15;VDD.$619.18;;585.0
R9211;VDD.$618.15;VDD.$668.15;;0.0
R9212;VDD.$62.15;VDD.$63.18;;585.0
R9213;VDD.$62.15;VDD.$70.15;;0.0
R9214;VDD.$62.15;VDD.P10.15;;0.0
R9215;VDD.$620.15;VDD.$621.18;;585.0
R9216;VDD.$620.15;VDD.$670.15;;0.0
R9217;VDD.$622.15;VDD.$623.18;;585.0
R9218;VDD.$622.15;VDD.$672.15;;0.0
R9219;VDD.$624.15;VDD.$625.18;;585.0
R9220;VDD.$624.15;VDD.$674.15;;0.0
R9221;VDD.$626.15;VDD.$627.18;;585.0
R9222;VDD.$626.15;VDD.$650.15;;0.0
R9223;VDD.$628.15;VDD.$629.18;;585.0
R9224;VDD.$628.15;VDD.$652.15;;0.0
R9225;VDD.$630.15;VDD.$631.18;;585.0
R9226;VDD.$630.15;VDD.$654.15;;0.0
R9227;VDD.$632.15;VDD.$633.18;;585.0
R9228;VDD.$632.15;VDD.$656.15;;0.0
R9229;VDD.$634.15;VDD.$635.18;;585.0
R9230;VDD.$634.15;VDD.$658.15;;0.0
R9231;VDD.$636.15;VDD.$637.18;;585.0
R9232;VDD.$636.15;VDD.$666.15;;0.0
R9233;VDD.$638.15;VDD.$639.18;;585.0
R9234;VDD.$638.15;VDD.$704.15;;0.0
R9235;VDD.$64.15;VDD.$65.18;;585.0
R9236;VDD.$64.15;VDD.$72.15;;0.0
R9237;VDD.$64.15;VDD.P11.15;;0.0
R9238;VDD.$640.15;VDD.$641.18;;585.0
R9239;VDD.$640.15;VDD.$706.15;;0.0
R9240;VDD.$642.15;VDD.$643.18;;585.0
R9241;VDD.$642.15;VDD.$698.15;;0.0
R9242;VDD.$644.15;VDD.$645.18;;585.0
R9243;VDD.$644.15;VDD.$676.15;;0.0
R9244;VDD.$646.15;VDD.$647.18;;585.0
R9245;VDD.$648.15;VDD.$649.18;;585.0
R9246;VDD.$650.15;VDD.$651.18;;585.0
R9247;VDD.$650.15;VDD.$682.15;;0.0
R9248;VDD.$652.15;VDD.$653.18;;585.0
R9249;VDD.$652.15;VDD.$684.15;;0.0
R9250;VDD.$654.15;VDD.$655.18;;585.0
R9251;VDD.$654.15;VDD.$686.15;;0.0
R9252;VDD.$656.15;VDD.$657.18;;585.0
R9253;VDD.$656.15;VDD.$688.15;;0.0
R9254;VDD.$658.15;VDD.$659.18;;585.0
R9255;VDD.$658.15;VDD.$690.15;;0.0
R9256;VDD.$66.15;VDD.$67.18;;585.0
R9257;VDD.$66.15;VDD.$74.15;;0.0
R9258;VDD.$660.15;VDD.$661.18;;585.0
R9259;VDD.$662.15;VDD.$663.18;;585.0
R9260;VDD.$664.15;VDD.$665.18;;585.0
R9261;VDD.$666.15;VDD.$667.18;;585.0
R9262;VDD.$668.15;VDD.$669.18;;585.0
R9263;VDD.$668.15;VDD.P60.15;;0.0
R9264;VDD.$670.15;VDD.$671.18;;585.0
R9265;VDD.$670.15;VDD.P61.15;;0.0
R9266;VDD.$672.15;VDD.$673.18;;585.0
R9267;VDD.$672.15;VDD.P52.15;;0.0
R9268;VDD.$674.15;VDD.$675.18;;585.0
R9269;VDD.$674.15;VDD.P53.15;;0.0
R9270;VDD.$676.15;VDD.$677.18;;585.0
R9271;VDD.$676.15;VDD.P87.15;;0.0
R9272;VDD.$678.15;VDD.$679.18;;585.0
R9273;VDD.$68.15;VDD.$69.18;;585.0
R9274;VDD.$68.15;VDD.$76.15;;0.0
R9275;VDD.$680.15;VDD.$681.18;;585.0
R9276;VDD.$682.15;VDD.$683.18;;585.0
R9277;VDD.$684.15;VDD.$685.18;;585.0
R9278;VDD.$686.15;VDD.$687.18;;585.0
R9279;VDD.$688.15;VDD.$689.18;;585.0
R9280;VDD.$690.15;VDD.$691.18;;585.0
R9281;VDD.$692.15;VDD.$693.18;;585.0
R9282;VDD.$694.15;VDD.$695.18;;585.0
R9283;VDD.$694.15;VDD.$708.15;;0.0
R9284;VDD.$696.15;VDD.$697.18;;585.0
R9285;VDD.$696.15;VDD.$700.15;;0.0
R9286;VDD.$698.15;VDD.$699.18;;585.0
R9287;VDD.$70.15;VDD.$71.18;;585.0
R9288;VDD.$70.15;VDD.$78.15;;0.0
R9289;VDD.$700.15;VDD.$701.18;;585.0
R9290;VDD.$700.15;VDD.P60.15;;0.0
R9291;VDD.$702.15;VDD.$703.18;;585.0
R9292;VDD.$702.15;VDD.P61.15;;0.0
R9293;VDD.$704.15;VDD.$705.18;;585.0
R9294;VDD.$704.15;VDD.P52.15;;0.0
R9295;VDD.$706.15;VDD.$707.18;;585.0
R9296;VDD.$706.15;VDD.P53.15;;0.0
R9297;VDD.$708.15;VDD.$709.18;;585.0
R9298;VDD.$708.15;VDD.P87.15;;0.0
R9299;VDD.$710.15;VDD.$711.18;;585.0
R9300;VDD.$710.15;VDD.$738.15;;0.0
R9301;VDD.$710.15;VDD.$762.15;;0.0
R9302;VDD.$712.15;VDD.$713.18;;585.0
R9303;VDD.$712.15;VDD.$730.15;;0.0
R9304;VDD.$712.15;VDD.$776.15;;0.0
R9305;VDD.$714.15;VDD.$715.18;;585.0
R9306;VDD.$714.15;VDD.$784.15;;0.0
R9307;VDD.$714.15;VDD.$802.15;;0.0
R9308;VDD.$716.15;VDD.$717.18;;585.0
R9309;VDD.$716.15;VDD.$726.15;;0.0
R9310;VDD.$716.15;VDD.$790.15;;0.0
R9311;VDD.$718.15;VDD.$719.18;;585.0
R9312;VDD.$718.15;VDD.$738.15;;0.0
R9313;VDD.$718.15;VDD.$768.15;;0.0
R9314;VDD.$72.15;VDD.$73.18;;585.0
R9315;VDD.$72.15;VDD.$80.15;;0.0
R9316;VDD.$720.15;VDD.$721.18;;585.0
R9317;VDD.$720.15;VDD.$750.15;;0.0
R9318;VDD.$722.15;VDD.$723.18;;585.0
R9319;VDD.$722.15;VDD.$752.15;;0.0
R9320;VDD.$724.15;VDD.$725.18;;585.0
R9321;VDD.$724.15;VDD.$770.15;;0.0
R9322;VDD.$724.15;VDD.$788.15;;0.0
R9323;VDD.$726.15;VDD.$727.18;;585.0
R9324;VDD.$726.15;VDD.P92.15;;0.0
R9325;VDD.$728.15;VDD.$729.18;;585.0
R9326;VDD.$728.15;VDD.$766.15;;0.0
R9327;VDD.$728.15;VDD.$772.15;;0.0
R9328;VDD.$730.15;VDD.$731.18;;585.0
R9329;VDD.$730.15;VDD.$740.15;;0.0
R9330;VDD.$732.15;VDD.$733.18;;585.0
R9331;VDD.$732.15;VDD.$742.15;;0.0
R9332;VDD.$732.15;VDD.$750.15;;0.0
R9333;VDD.$734.15;VDD.$735.18;;585.0
R9334;VDD.$734.15;VDD.$744.15;;0.0
R9335;VDD.$734.15;VDD.$752.15;;0.0
R9336;VDD.$736.15;VDD.$737.18;;585.0
R9337;VDD.$736.15;VDD.$746.15;;0.0
R9338;VDD.$736.15;VDD.$754.15;;0.0
R9339;VDD.$738.15;VDD.$739.18;;585.0
R9340;VDD.$74.15;VDD.$75.18;;585.0
R9341;VDD.$74.15;VDD.$82.15;;0.0
R9342;VDD.$740.15;VDD.$741.18;;585.0
R9343;VDD.$740.15;VDD.P62.15;;0.0
R9344;VDD.$742.15;VDD.$743.18;;585.0
R9345;VDD.$742.15;VDD.P63.15;;0.0
R9346;VDD.$744.15;VDD.$745.18;;585.0
R9347;VDD.$744.15;VDD.P92.15;;0.0
R9348;VDD.$746.15;VDD.$747.18;;585.0
R9349;VDD.$746.15;VDD.P88.15;;0.0
R9350;VDD.$748.15;VDD.$749.18;;585.0
R9351;VDD.$748.15;VDD.$804.15;;0.0
R9352;VDD.$750.15;VDD.$751.18;;585.0
R9353;VDD.$752.15;VDD.$753.18;;585.0
R9354;VDD.$754.15;VDD.$755.18;;585.0
R9355;VDD.$754.15;VDD.$778.15;;0.0
R9356;VDD.$756.15;VDD.$757.18;;585.0
R9357;VDD.$756.15;VDD.$796.15;;0.0
R9358;VDD.$758.15;VDD.$759.18;;585.0
R9359;VDD.$758.15;VDD.$798.15;;0.0
R9360;VDD.$76.15;VDD.$77.18;;585.0
R9361;VDD.$76.15;VDD.$84.15;;0.0
R9362;VDD.$760.15;VDD.$761.18;;585.0
R9363;VDD.$760.15;VDD.$812.15;;0.0
R9364;VDD.$762.15;VDD.$763.18;;585.0
R9365;VDD.$764.15;VDD.$765.18;;585.0
R9366;VDD.$764.15;VDD.$806.15;;0.0
R9367;VDD.$766.15;VDD.$767.18;;585.0
R9368;VDD.$766.15;VDD.$808.15;;0.0
R9369;VDD.$768.15;VDD.$769.18;;585.0
R9370;VDD.$768.15;VDD.P88.15;;0.0
R9371;VDD.$770.15;VDD.$771.18;;585.0
R9372;VDD.$770.15;VDD.P63.15;;0.0
R9373;VDD.$772.15;VDD.$773.18;;585.0
R9374;VDD.$774.15;VDD.$775.18;;585.0
R9375;VDD.$774.15;VDD.$800.15;;0.0
R9376;VDD.$776.15;VDD.$777.18;;585.0
R9377;VDD.$778.15;VDD.$779.18;;585.0
R9378;VDD.$78.15;VDD.$79.18;;585.0
R9379;VDD.$78.15;VDD.$86.15;;0.0
R9380;VDD.$780.15;VDD.$781.18;;585.0
R9381;VDD.$780.15;VDD.$794.15;;0.0
R9382;VDD.$782.15;VDD.$783.18;;585.0
R9383;VDD.$782.15;VDD.$786.15;;0.0
R9384;VDD.$784.15;VDD.$785.18;;585.0
R9385;VDD.$784.15;VDD.$796.15;;0.0
R9386;VDD.$786.15;VDD.$787.18;;585.0
R9387;VDD.$786.15;VDD.$806.15;;0.0
R9388;VDD.$788.15;VDD.$789.18;;585.0
R9389;VDD.$788.15;VDD.$798.15;;0.0
R9390;VDD.$790.15;VDD.$791.18;;585.0
R9391;VDD.$790.15;VDD.$812.15;;0.0
R9392;VDD.$792.15;VDD.$793.18;;585.0
R9393;VDD.$792.15;VDD.$800.15;;0.0
R9394;VDD.$792.15;VDD.$810.15;;0.0
R9395;VDD.$794.15;VDD.$795.18;;585.0
R9396;VDD.$794.15;VDD.$804.15;;0.0
R9397;VDD.$796.15;VDD.$797.18;;585.0
R9398;VDD.$798.15;VDD.$799.18;;585.0
R9399;VDD.$8.15;VDD.$862.15;;0.0
R9400;VDD.$8.15;VDD.$9.18;;585.0
R9401;VDD.$8.15;VDD.P3.15;;0.0
R9402;VDD.$80.15;VDD.$81.18;;585.0
R9403;VDD.$80.15;VDD.$88.15;;0.0
R9404;VDD.$800.15;VDD.$801.18;;585.0
R9405;VDD.$802.15;VDD.$803.18;;585.0
R9406;VDD.$802.15;VDD.P62.15;;0.0
R9407;VDD.$804.15;VDD.$805.18;;585.0
R9408;VDD.$806.15;VDD.$807.18;;585.0
R9409;VDD.$808.15;VDD.$809.18;;585.0
R9410;VDD.$810.15;VDD.$811.18;;585.0
R9411;VDD.$812.15;VDD.$813.18;;585.0
R9412;VDD.$814.15;VDD.$815.18;;585.0
R9413;VDD.$814.15;VDD.$826.15;;0.0
R9414;VDD.$814.15;VDD.P4.15;;0.0
R9415;VDD.$816.15;VDD.$817.18;;585.0
R9416;VDD.$816.15;VDD.$858.15;;0.0
R9417;VDD.$816.15;VDD.$864.15;;0.0
R9418;VDD.$818.15;VDD.$819.18;;585.0
R9419;VDD.$818.15;VDD.$830.15;;0.0
R9420;VDD.$82.15;VDD.$83.18;;585.0
R9421;VDD.$82.15;VDD.$90.15;;0.0
R9422;VDD.$820.15;VDD.$821.18;;585.0
R9423;VDD.$820.15;VDD.$842.15;;0.0
R9424;VDD.$822.15;VDD.$823.18;;585.0
R9425;VDD.$822.15;VDD.$846.15;;0.0
R9426;VDD.$824.15;VDD.$825.18;;585.0
R9427;VDD.$824.15;VDD.$828.15;;0.0
R9428;VDD.$824.15;VDD.$840.15;;0.0
R9429;VDD.$826.15;VDD.$827.18;;585.0
R9430;VDD.$826.15;VDD.$854.15;;0.0
R9431;VDD.$828.15;VDD.$829.18;;585.0
R9432;VDD.$828.15;VDD.P84.15;;0.0
R9433;VDD.$830.15;VDD.$831.18;;585.0
R9434;VDD.$830.15;VDD.$840.15;;0.0
R9435;VDD.$832.15;VDD.$833.18;;585.0
R9436;VDD.$832.15;VDD.$844.15;;0.0
R9437;VDD.$832.15;VDD.$854.15;;0.0
R9438;VDD.$834.15;VDD.$835.18;;585.0
R9439;VDD.$834.15;VDD.$836.15;;0.0
R9440;VDD.$834.15;VDD.$842.15;;0.0
R9441;VDD.$836.15;VDD.$837.18;;585.0
R9442;VDD.$836.15;VDD.P84.15;;0.0
R9443;VDD.$838.15;VDD.$839.18;;585.0
R9444;VDD.$838.15;VDD.$860.15;;0.0
R9445;VDD.$838.15;VDD.P4.15;;0.0
R9446;VDD.$84.15;VDD.$85.18;;585.0
R9447;VDD.$84.15;VDD.$92.15;;0.0
R9448;VDD.$840.15;VDD.$841.18;;585.0
R9449;VDD.$842.15;VDD.$843.18;;585.0
R9450;VDD.$844.15;VDD.$845.18;;585.0
R9451;VDD.$846.15;VDD.$847.18;;585.0
R9452;VDD.$846.15;VDD.$860.15;;0.0
R9453;VDD.$848.15;VDD.$849.18;;585.0
R9454;VDD.$848.15;VDD.$856.15;;0.0
R9455;VDD.$850.15;VDD.$851.18;;585.0
R9456;VDD.$850.15;VDD.$858.15;;0.0
R9457;VDD.$852.15;VDD.$853.18;;585.0
R9458;VDD.$852.15;VDD.$856.15;;0.0
R9459;VDD.$852.15;VDD.$862.15;;0.0
R9460;VDD.$854.15;VDD.$855.18;;585.0
R9461;VDD.$856.15;VDD.$857.18;;585.0
R9462;VDD.$858.15;VDD.$859.18;;585.0
R9463;VDD.$86.15;VDD.$87.18;;585.0
R9464;VDD.$86.15;VDD.$94.15;;0.0
R9465;VDD.$860.15;VDD.$861.18;;585.0
R9466;VDD.$862.15;VDD.$863.18;;585.0
R9467;VDD.$864.15;VDD.$865.18;;585.0
R9468;VDD.$866.15;VDD.$867.18;;585.0
R9469;VDD.$868.15;VDD.$869.18;;585.0
R9470;VDD.$870.15;VDD.$871.18;;585.0
R9471;VDD.$872.15;VDD.$873.18;;585.0
R9472;VDD.$874.15;VDD.$875.18;;585.0
R9473;VDD.$876.15;VDD.$877.18;;585.0
R9474;VDD.$878.15;VDD.$879.18;;585.0
R9475;VDD.$88.15;VDD.$89.18;;585.0
R9476;VDD.$88.15;VDD.$96.15;;0.0
R9477;VDD.$880.15;VDD.$881.18;;585.0
R9478;VDD.$880.15;VDD.$884.15;;0.0
R9479;VDD.$880.15;VDD.P82.15;;0.0
R9480;VDD.$882.15;VDD.$883.18;;585.0
R9481;VDD.$882.15;VDD.$886.15;;0.0
R9482;VDD.$882.15;VDD.$928.15;;0.0
R9483;VDD.$884.15;VDD.$885.18;;585.0
R9484;VDD.$884.15;VDD.$930.15;;0.0
R9485;VDD.$886.15;VDD.$887.18;;585.0
R9486;VDD.$886.15;VDD.P3.15;;0.0
R9487;VDD.$888.15;VDD.$889.18;;585.0
R9488;VDD.$888.15;VDD.$892.15;;0.0
R9489;VDD.$890.15;VDD.$891.18;;585.0
R9490;VDD.$890.15;VDD.$894.15;;0.0
R9491;VDD.$892.15;VDD.$893.18;;585.0
R9492;VDD.$892.15;VDD.$896.15;;0.0
R9493;VDD.$894.15;VDD.$895.18;;585.0
R9494;VDD.$894.15;VDD.$898.15;;0.0
R9495;VDD.$896.15;VDD.$897.18;;585.0
R9496;VDD.$896.15;VDD.$900.15;;0.0
R9497;VDD.$898.15;VDD.$899.18;;585.0
R9498;VDD.$898.15;VDD.$902.15;;0.0
R9499;VDD.$90.15;VDD.$91.18;;585.0
R9500;VDD.$900.15;VDD.$901.18;;585.0
R9501;VDD.$900.15;VDD.P85.15;;0.0
R9502;VDD.$902.15;VDD.$903.18;;585.0
R9503;VDD.$902.15;VDD.P5.15;;0.0
R9504;VDD.$904.15;VDD.$905.18;;585.0
R9505;VDD.$904.15;VDD.$908.15;;0.0
R9506;VDD.$904.15;VDD.P85.15;;0.0
R9507;VDD.$906.15;VDD.$907.18;;585.0
R9508;VDD.$906.15;VDD.$910.15;;0.0
R9509;VDD.$906.15;VDD.P5.15;;0.0
R9510;VDD.$908.15;VDD.$909.18;;585.0
R9511;VDD.$908.15;VDD.$912.15;;0.0
R9512;VDD.$910.15;VDD.$911.18;;585.0
R9513;VDD.$910.15;VDD.$914.15;;0.0
R9514;VDD.$912.15;VDD.$913.18;;585.0
R9515;VDD.$912.15;VDD.$916.15;;0.0
R9516;VDD.$914.15;VDD.$915.18;;585.0
R9517;VDD.$914.15;VDD.$918.15;;0.0
R9518;VDD.$916.15;VDD.$917.18;;585.0
R9519;VDD.$916.15;VDD.$920.15;;0.0
R9520;VDD.$918.15;VDD.$919.18;;585.0
R9521;VDD.$918.15;VDD.$922.15;;0.0
R9522;VDD.$92.15;VDD.$93.18;;585.0
R9523;VDD.$920.15;VDD.$921.18;;585.0
R9524;VDD.$922.15;VDD.$923.18;;585.0
R9525;VDD.$924.15;VDD.$925.18;;585.0
R9526;VDD.$924.15;VDD.$928.15;;0.0
R9527;VDD.$926.15;VDD.$927.18;;585.0
R9528;VDD.$926.15;VDD.$930.15;;0.0
R9529;VDD.$928.15;VDD.$929.18;;585.0
R9530;VDD.$930.15;VDD.$931.18;;585.0
R9531;VDD.$932.15;VDD.$933.18;;585.0
R9532;VDD.$932.15;VDD.$944.15;;0.0
R9533;VDD.$934.15;VDD.$935.18;;585.0
R9534;VDD.$934.15;VDD.$936.15;;0.0
R9535;VDD.$934.15;VDD.P89.15;;0.0
R9536;VDD.$936.15;VDD.$937.18;;585.0
R9537;VDD.$938.15;VDD.$939.18;;585.0
R9538;VDD.$938.15;VDD.P66.15;;0.0
R9539;VDD.$94.15;VDD.$95.18;;585.0
R9540;VDD.$940.15;VDD.$941.18;;585.0
R9541;VDD.$940.15;VDD.P67.15;;0.0
R9542;VDD.$942.15;VDD.$943.18;;585.0
R9543;VDD.$942.15;VDD.P94.15;;0.0
R9544;VDD.$944.15;VDD.$945.18;;585.0
R9545;VDD.$944.15;VDD.P90.15;;0.0
R9546;VDD.$946.15;VDD.$947.18;;585.0
R9547;VDD.$948.15;VDD.$949.18;;585.0
R9548;VDD.$948.15;VDD.$984.15;;0.0
R9549;VDD.$950.15;VDD.$951.18;;585.0
R9550;VDD.$950.15;VDD.$962.15;;0.0
R9551;VDD.$950.15;VDD.P66.15;;0.0
R9552;VDD.$952.15;VDD.$953.18;;585.0
R9553;VDD.$952.15;VDD.$964.15;;0.0
R9554;VDD.$952.15;VDD.P67.15;;0.0
R9555;VDD.$954.15;VDD.$955.18;;585.0
R9556;VDD.$954.15;VDD.$966.15;;0.0
R9557;VDD.$954.15;VDD.P94.15;;0.0
R9558;VDD.$956.15;VDD.$957.18;;585.0
R9559;VDD.$956.15;VDD.$968.15;;0.0
R9560;VDD.$956.15;VDD.P90.15;;0.0
R9561;VDD.$958.15;VDD.$959.18;;585.0
R9562;VDD.$958.15;VDD.$994.15;;0.0
R9563;VDD.$96.15;VDD.$97.18;;585.0
R9564;VDD.$960.15;VDD.$961.18;;585.0
R9565;VDD.$960.15;VDD.$996.15;;0.0
R9566;VDD.$962.15;VDD.$963.18;;585.0
R9567;VDD.$962.15;VDD.$974.15;;0.0
R9568;VDD.$964.15;VDD.$965.18;;585.0
R9569;VDD.$964.15;VDD.$976.15;;0.0
R9570;VDD.$966.15;VDD.$967.18;;585.0
R9571;VDD.$966.15;VDD.$978.15;;0.0
R9572;VDD.$968.15;VDD.$969.18;;585.0
R9573;VDD.$968.15;VDD.$980.15;;0.0
R9574;VDD.$970.15;VDD.$971.18;;585.0
R9575;VDD.$972.15;VDD.$973.18;;585.0
R9576;VDD.$974.15;VDD.$975.18;;585.0
R9577;VDD.$974.15;VDD.$986.15;;0.0
R9578;VDD.$976.15;VDD.$977.18;;585.0
R9579;VDD.$976.15;VDD.$988.15;;0.0
R9580;VDD.$978.15;VDD.$979.18;;585.0
R9581;VDD.$978.15;VDD.$990.15;;0.0
R9582;VDD.$98.15;VDD.$99.18;;585.0
R9583;VDD.$980.15;VDD.$981.18;;585.0
R9584;VDD.$980.15;VDD.$992.15;;0.0
R9585;VDD.$982.15;VDD.$983.18;;585.0
R9586;VDD.$982.15;VDD.P64.15;;0.0
R9587;VDD.$984.15;VDD.$985.18;;585.0
R9588;VDD.$986.15;VDD.$987.18;;585.0
R9589;VDD.$986.15;VDD.$998.15;;0.0
R9590;VDD.$988.15;VDD.$989.18;;585.0
R9591;VDD.$990.15;VDD.$991.18;;585.0
R9592;VDD.$992.15;VDD.$993.18;;585.0
R9593;VDD.$994.15;VDD.$995.18;;585.0
R9594;VDD.$996.15;VDD.$997.18;;585.0
R9595;VDD.$998.15;VDD.$999.18;;585.0
/foss/designs/lab2/klayout/output/DAC_CORE_5bit__DAC_CORE_5bit/DAC_CORE_5bit_k25d_pex_netlist.csv
Wrote expanded netlist to: /foss/designs/lab2/klayout/output/DAC_CORE_5bit__DAC_CORE_5bit/DAC_CORE_5bit_k25d_pex_netlist.spice
Copied expanded SPICE netlist to: DAC_CORE_5bit_pex.spice
