solid stl
  facet normal 0 0 0
    outer loop
   vertex -4.67 12.79 0
   vertex -4.67 13.21 0
   vertex -4.37 13.21 0
  endloop
 endfacet
  facet normal 0 0 0
    outer loop
   vertex -4.67 12.79 0
   vertex -4.37 13.21 0
   vertex -4.37 12.79 0
  endloop
 endfacet
  facet normal 0 0 0
    outer loop
   vertex 30.3 14.53 0
   vertex 30.3 15.405 0
   vertex 30.6 14.53 0
  endloop
 endfacet
  facet normal 0 0 0
    outer loop
   vertex 30.3 15.405 0
   vertex 30.3 16.28 0
   vertex 30.6 16.28 0
  endloop
 endfacet
  facet normal 0 0 0
    outer loop
   vertex 30.6 14.53 0
   vertex 30.3 15.405 0
   vertex 30.6 16.28 0
  endloop
 endfacet
  facet normal 0 0 0
    outer loop
   vertex 30.3 12.78 0
   vertex 30.6 13.655 0
   vertex 30.6 12.78 0
  endloop
 endfacet
  facet normal 0 0 0
    outer loop
   vertex 30.6 13.655 0
   vertex 30.3 14.53 0
   vertex 30.6 14.53 0
  endloop
 endfacet
  facet normal 0 0 0
    outer loop
   vertex 30.3 12.78 0
   vertex 30.3 14.53 0
   vertex 30.6 13.655 0
  endloop
 endfacet
  facet normal 0 0 0
    outer loop
   vertex -4.37 12.79 0.1
   vertex -4.605 12.915 0.1
   vertex -4.67 12.79 0.1
  endloop
 endfacet
  facet normal 0 0 0
    outer loop
   vertex -4.435 12.915 0.1
   vertex -4.605 12.915 0.1
   vertex -4.37 12.79 0.1
  endloop
 endfacet
  facet normal 0 0 0
    outer loop
   vertex -4.37 13.21 0.1
   vertex -4.67 13.21 0.1
   vertex -4.435 13.085 0.1
  endloop
 endfacet
  facet normal 0 0 0
    outer loop
   vertex -4.435 13.085 0.1
   vertex -4.67 13.21 0.1
   vertex -4.605 13.085 0.1
  endloop
 endfacet
  facet normal 0 0 0
    outer loop
   vertex -4.605 12.915 0.1
   vertex -4.67 13 0.1
   vertex -4.67 12.79 0.1
  endloop
 endfacet
  facet normal 0 0 0
    outer loop
   vertex -4.605 13.085 0.1
   vertex -4.67 13.21 0.1
   vertex -4.67 13 0.1
  endloop
 endfacet
  facet normal 0 0 0
    outer loop
   vertex -4.605 13.085 0.1
   vertex -4.67 13 0.1
   vertex -4.605 12.915 0.1
  endloop
 endfacet
  facet normal 0 0 0
    outer loop
   vertex -4.37 13 0.1
   vertex -4.435 12.915 0.1
   vertex -4.37 12.79 0.1
  endloop
 endfacet
  facet normal 0 0 0
    outer loop
   vertex -4.37 13.21 0.1
   vertex -4.435 13.085 0.1
   vertex -4.37 13 0.1
  endloop
 endfacet
  facet normal 0 0 0
    outer loop
   vertex -4.37 13 0.1
   vertex -4.435 13.085 0.1
   vertex -4.435 12.915 0.1
  endloop
 endfacet
  facet normal 0 0 0
    outer loop
   vertex 30.6 12.78 0.1
   vertex 30.365 13.005 0.1
   vertex 30.3 12.78 0.1
  endloop
 endfacet
  facet normal 0 0 0
    outer loop
   vertex 30.535 13.005 0.1
   vertex 30.365 13.005 0.1
   vertex 30.6 12.78 0.1
  endloop
 endfacet
  facet normal 0 0 0
    outer loop
   vertex 30.535 13.175 0.1
   vertex 30.365 13.365 0.1
   vertex 30.365 13.175 0.1
  endloop
 endfacet
  facet normal 0 0 0
    outer loop
   vertex 30.535 13.365 0.1
   vertex 30.365 13.365 0.1
   vertex 30.535 13.175 0.1
  endloop
 endfacet
  facet normal 0 0 0
    outer loop
   vertex 30.535 13.535 0.1
   vertex 30.365 13.725 0.1
   vertex 30.365 13.535 0.1
  endloop
 endfacet
  facet normal 0 0 0
    outer loop
   vertex 30.535 13.725 0.1
   vertex 30.365 13.725 0.1
   vertex 30.535 13.535 0.1
  endloop
 endfacet
  facet normal 0 0 0
    outer loop
   vertex 30.535 13.895 0.1
   vertex 30.365 14.085 0.1
   vertex 30.365 13.895 0.1
  endloop
 endfacet
  facet normal 0 0 0
    outer loop
   vertex 30.535 14.085 0.1
   vertex 30.365 14.085 0.1
   vertex 30.535 13.895 0.1
  endloop
 endfacet
  facet normal 0 0 0
    outer loop
   vertex 30.535 14.255 0.1
   vertex 30.365 14.445 0.1
   vertex 30.365 14.255 0.1
  endloop
 endfacet
  facet normal 0 0 0
    outer loop
   vertex 30.535 14.445 0.1
   vertex 30.365 14.445 0.1
   vertex 30.535 14.255 0.1
  endloop
 endfacet
  facet normal 0 0 0
    outer loop
   vertex 30.535 14.615 0.1
   vertex 30.365 14.805 0.1
   vertex 30.365 14.615 0.1
  endloop
 endfacet
  facet normal 0 0 0
    outer loop
   vertex 30.535 14.805 0.1
   vertex 30.365 14.805 0.1
   vertex 30.535 14.615 0.1
  endloop
 endfacet
  facet normal 0 0 0
    outer loop
   vertex 30.535 14.975 0.1
   vertex 30.365 15.165 0.1
   vertex 30.365 14.975 0.1
  endloop
 endfacet
  facet normal 0 0 0
    outer loop
   vertex 30.535 15.165 0.1
   vertex 30.365 15.165 0.1
   vertex 30.535 14.975 0.1
  endloop
 endfacet
  facet normal 0 0 0
    outer loop
   vertex 30.535 15.335 0.1
   vertex 30.365 15.525 0.1
   vertex 30.365 15.335 0.1
  endloop
 endfacet
  facet normal 0 0 0
    outer loop
   vertex 30.535 15.525 0.1
   vertex 30.365 15.525 0.1
   vertex 30.535 15.335 0.1
  endloop
 endfacet
  facet normal 0 0 0
    outer loop
   vertex 30.535 15.695 0.1
   vertex 30.365 15.885 0.1
   vertex 30.365 15.695 0.1
  endloop
 endfacet
  facet normal 0 0 0
    outer loop
   vertex 30.535 15.885 0.1
   vertex 30.365 15.885 0.1
   vertex 30.535 15.695 0.1
  endloop
 endfacet
  facet normal 0 0 0
    outer loop
   vertex 30.6 16.28 0.1
   vertex 30.3 16.28 0.1
   vertex 30.535 16.055 0.1
  endloop
 endfacet
  facet normal 0 0 0
    outer loop
   vertex 30.535 16.055 0.1
   vertex 30.3 16.28 0.1
   vertex 30.365 16.055 0.1
  endloop
 endfacet
  facet normal 0 0 0
    outer loop
   vertex 30.6 14.53 0.1
   vertex 30.535 14.615 0.1
   vertex 30.535 14.445 0.1
  endloop
 endfacet
  facet normal 0 0 0
    outer loop
   vertex 30.365 14.615 0.1
   vertex 30.3 14.53 0.1
   vertex 30.365 14.445 0.1
  endloop
 endfacet
  facet normal 0 0 0
    outer loop
   vertex 30.365 13.725 0.1
   vertex 30.3 13.655 0.1
   vertex 30.365 13.535 0.1
  endloop
 endfacet
  facet normal 0 0 0
    outer loop
   vertex 30.365 13.725 0.1
   vertex 30.365 13.895 0.1
   vertex 30.3 13.655 0.1
  endloop
 endfacet
  facet normal 0 0 0
    outer loop
   vertex 30.6 13.655 0.1
   vertex 30.535 13.725 0.1
   vertex 30.535 13.535 0.1
  endloop
 endfacet
  facet normal 0 0 0
    outer loop
   vertex 30.535 13.895 0.1
   vertex 30.535 13.725 0.1
   vertex 30.6 13.655 0.1
  endloop
 endfacet
  facet normal 0 0 0
    outer loop
   vertex 30.365 15.525 0.1
   vertex 30.3 15.405 0.1
   vertex 30.365 15.335 0.1
  endloop
 endfacet
  facet normal 0 0 0
    outer loop
   vertex 30.365 15.335 0.1
   vertex 30.3 15.405 0.1
   vertex 30.365 15.165 0.1
  endloop
 endfacet
  facet normal 0 0 0
    outer loop
   vertex 30.6 15.405 0.1
   vertex 30.535 15.525 0.1
   vertex 30.535 15.335 0.1
  endloop
 endfacet
  facet normal 0 0 0
    outer loop
   vertex 30.6 15.405 0.1
   vertex 30.535 15.335 0.1
   vertex 30.535 15.165 0.1
  endloop
 endfacet
  facet normal 0 0 0
    outer loop
   vertex 30.6 16.28 0.1
   vertex 30.535 16.055 0.1
   vertex 30.6 15.843 0.1
  endloop
 endfacet
  facet normal 0 0 0
    outer loop
   vertex 30.535 16.055 0.1
   vertex 30.535 15.885 0.1
   vertex 30.6 15.843 0.1
  endloop
 endfacet
  facet normal 0 0 0
    outer loop
   vertex 30.6 15.843 0.1
   vertex 30.535 15.885 0.1
   vertex 30.535 15.695 0.1
  endloop
 endfacet
  facet normal 0 0 0
    outer loop
   vertex 30.365 16.055 0.1
   vertex 30.3 16.28 0.1
   vertex 30.3 15.843 0.1
  endloop
 endfacet
  facet normal 0 0 0
    outer loop
   vertex 30.365 15.885 0.1
   vertex 30.365 16.055 0.1
   vertex 30.3 15.843 0.1
  endloop
 endfacet
  facet normal 0 0 0
    outer loop
   vertex 30.365 15.885 0.1
   vertex 30.3 15.843 0.1
   vertex 30.365 15.695 0.1
  endloop
 endfacet
  facet normal 0 0 0
    outer loop
   vertex 30.6 14.093 0.1
   vertex 30.535 14.255 0.1
   vertex 30.535 14.085 0.1
  endloop
 endfacet
  facet normal 0 0 0
    outer loop
   vertex 30.6 14.093 0.1
   vertex 30.535 14.085 0.1
   vertex 30.535 13.895 0.1
  endloop
 endfacet
  facet normal 0 0 0
    outer loop
   vertex 30.6 14.093 0.1
   vertex 30.535 13.895 0.1
   vertex 30.6 13.655 0.1
  endloop
 endfacet
  facet normal 0 0 0
    outer loop
   vertex 30.6 14.968 0.1
   vertex 30.535 14.975 0.1
   vertex 30.535 14.805 0.1
  endloop
 endfacet
  facet normal 0 0 0
    outer loop
   vertex 30.535 15.165 0.1
   vertex 30.535 14.975 0.1
   vertex 30.6 14.968 0.1
  endloop
 endfacet
  facet normal 0 0 0
    outer loop
   vertex 30.6 15.405 0.1
   vertex 30.535 15.165 0.1
   vertex 30.6 14.968 0.1
  endloop
 endfacet
  facet normal 0 0 0
    outer loop
   vertex 30.365 14.255 0.1
   vertex 30.3 14.093 0.1
   vertex 30.365 14.085 0.1
  endloop
 endfacet
  facet normal 0 0 0
    outer loop
   vertex 30.365 13.895 0.1
   vertex 30.3 14.093 0.1
   vertex 30.3 13.655 0.1
  endloop
 endfacet
  facet normal 0 0 0
    outer loop
   vertex 30.365 14.085 0.1
   vertex 30.3 14.093 0.1
   vertex 30.365 13.895 0.1
  endloop
 endfacet
  facet normal 0 0 0
    outer loop
   vertex 30.365 14.975 0.1
   vertex 30.3 14.968 0.1
   vertex 30.365 14.805 0.1
  endloop
 endfacet
  facet normal 0 0 0
    outer loop
   vertex 30.365 14.975 0.1
   vertex 30.365 15.165 0.1
   vertex 30.3 14.968 0.1
  endloop
 endfacet
  facet normal 0 0 0
    outer loop
   vertex 30.365 15.165 0.1
   vertex 30.3 15.405 0.1
   vertex 30.3 14.968 0.1
  endloop
 endfacet
  facet normal 0 0 0
    outer loop
   vertex 30.365 13.005 0.1
   vertex 30.3 13.218 0.1
   vertex 30.3 12.78 0.1
  endloop
 endfacet
  facet normal 0 0 0
    outer loop
   vertex 30.365 13.175 0.1
   vertex 30.3 13.218 0.1
   vertex 30.365 13.005 0.1
  endloop
 endfacet
  facet normal 0 0 0
    outer loop
   vertex 30.365 13.365 0.1
   vertex 30.3 13.218 0.1
   vertex 30.365 13.175 0.1
  endloop
 endfacet
  facet normal 0 0 0
    outer loop
   vertex 30.6 13.218 0.1
   vertex 30.535 13.005 0.1
   vertex 30.6 12.78 0.1
  endloop
 endfacet
  facet normal 0 0 0
    outer loop
   vertex 30.6 13.218 0.1
   vertex 30.535 13.175 0.1
   vertex 30.535 13.005 0.1
  endloop
 endfacet
  facet normal 0 0 0
    outer loop
   vertex 30.6 13.218 0.1
   vertex 30.535 13.365 0.1
   vertex 30.535 13.175 0.1
  endloop
 endfacet
  facet normal 0 0 0
    outer loop
   vertex 30.365 15.695 0.1
   vertex 30.3 15.843 0.1
   vertex 30.3 15.624 0.1
  endloop
 endfacet
  facet normal 0 0 0
    outer loop
   vertex 30.365 15.695 0.1
   vertex 30.3 15.624 0.1
   vertex 30.365 15.525 0.1
  endloop
 endfacet
  facet normal 0 0 0
    outer loop
   vertex 30.365 15.525 0.1
   vertex 30.3 15.624 0.1
   vertex 30.3 15.405 0.1
  endloop
 endfacet
  facet normal 0 0 0
    outer loop
   vertex 30.6 15.843 0.1
   vertex 30.535 15.695 0.1
   vertex 30.6 15.624 0.1
  endloop
 endfacet
  facet normal 0 0 0
    outer loop
   vertex 30.6 15.624 0.1
   vertex 30.535 15.525 0.1
   vertex 30.6 15.405 0.1
  endloop
 endfacet
  facet normal 0 0 0
    outer loop
   vertex 30.6 15.624 0.1
   vertex 30.535 15.695 0.1
   vertex 30.535 15.525 0.1
  endloop
 endfacet
  facet normal 0 0 0
    outer loop
   vertex 30.6 14.311 0.1
   vertex 30.535 14.255 0.1
   vertex 30.6 14.093 0.1
  endloop
 endfacet
  facet normal 0 0 0
    outer loop
   vertex 30.6 14.311 0.1
   vertex 30.535 14.445 0.1
   vertex 30.535 14.255 0.1
  endloop
 endfacet
  facet normal 0 0 0
    outer loop
   vertex 30.6 14.53 0.1
   vertex 30.535 14.445 0.1
   vertex 30.6 14.311 0.1
  endloop
 endfacet
  facet normal 0 0 0
    outer loop
   vertex 30.6 14.968 0.1
   vertex 30.535 14.805 0.1
   vertex 30.6 14.749 0.1
  endloop
 endfacet
  facet normal 0 0 0
    outer loop
   vertex 30.6 14.749 0.1
   vertex 30.535 14.615 0.1
   vertex 30.6 14.53 0.1
  endloop
 endfacet
  facet normal 0 0 0
    outer loop
   vertex 30.6 14.749 0.1
   vertex 30.535 14.805 0.1
   vertex 30.535 14.615 0.1
  endloop
 endfacet
  facet normal 0 0 0
    outer loop
   vertex 30.365 14.255 0.1
   vertex 30.3 14.311 0.1
   vertex 30.3 14.093 0.1
  endloop
 endfacet
  facet normal 0 0 0
    outer loop
   vertex 30.365 14.445 0.1
   vertex 30.3 14.311 0.1
   vertex 30.365 14.255 0.1
  endloop
 endfacet
  facet normal 0 0 0
    outer loop
   vertex 30.365 14.445 0.1
   vertex 30.3 14.53 0.1
   vertex 30.3 14.311 0.1
  endloop
 endfacet
  facet normal 0 0 0
    outer loop
   vertex 30.365 14.805 0.1
   vertex 30.3 14.968 0.1
   vertex 30.3 14.749 0.1
  endloop
 endfacet
  facet normal 0 0 0
    outer loop
   vertex 30.365 14.805 0.1
   vertex 30.3 14.749 0.1
   vertex 30.365 14.615 0.1
  endloop
 endfacet
  facet normal 0 0 0
    outer loop
   vertex 30.365 14.615 0.1
   vertex 30.3 14.749 0.1
   vertex 30.3 14.53 0.1
  endloop
 endfacet
  facet normal 0 0 0
    outer loop
   vertex 30.365 13.365 0.1
   vertex 30.3 13.436 0.1
   vertex 30.3 13.218 0.1
  endloop
 endfacet
  facet normal 0 0 0
    outer loop
   vertex 30.365 13.535 0.1
   vertex 30.3 13.436 0.1
   vertex 30.365 13.365 0.1
  endloop
 endfacet
  facet normal 0 0 0
    outer loop
   vertex 30.365 13.535 0.1
   vertex 30.3 13.655 0.1
   vertex 30.3 13.436 0.1
  endloop
 endfacet
  facet normal 0 0 0
    outer loop
   vertex 30.6 13.436 0.1
   vertex 30.535 13.365 0.1
   vertex 30.6 13.218 0.1
  endloop
 endfacet
  facet normal 0 0 0
    outer loop
   vertex 30.6 13.436 0.1
   vertex 30.535 13.535 0.1
   vertex 30.535 13.365 0.1
  endloop
 endfacet
  facet normal 0 0 0
    outer loop
   vertex 30.6 13.655 0.1
   vertex 30.535 13.535 0.1
   vertex 30.6 13.436 0.1
  endloop
 endfacet
  facet normal 0 0 0
    outer loop
   vertex 30.6 12.78 0
   vertex 30.6 12.78 0.1
   vertex 30.3 12.78 0.1
  endloop
 endfacet
  facet normal 0 0 0
    outer loop
   vertex 30.6 12.78 0
   vertex 30.3 12.78 0.1
   vertex 30.3 12.78 0
  endloop
 endfacet
  facet normal 0 0 0
    outer loop
   vertex -4.37 13.21 0
   vertex -4.37 13.21 0.1
   vertex -4.37 13 0
  endloop
 endfacet
  facet normal 0 0 0
    outer loop
   vertex -4.37 13 0
   vertex -4.37 12.79 0.1
   vertex -4.37 12.79 0
  endloop
 endfacet
  facet normal 0 0 0
    outer loop
   vertex -4.37 13 0
   vertex -4.37 13.21 0.1
   vertex -4.37 12.79 0.1
  endloop
 endfacet
  facet normal 0 0 0
    outer loop
   vertex -4.67 12.79 0
   vertex -4.67 12.79 0.1
   vertex -4.67 13 0
  endloop
 endfacet
  facet normal 0 0 0
    outer loop
   vertex -4.67 13 0
   vertex -4.67 13.21 0.1
   vertex -4.67 13.21 0
  endloop
 endfacet
  facet normal 0 0 0
    outer loop
   vertex -4.67 13 0
   vertex -4.67 12.79 0.1
   vertex -4.67 13.21 0.1
  endloop
 endfacet
  facet normal 0 0 0
    outer loop
   vertex -4.67 13.21 0
   vertex -4.67 13.21 0.1
   vertex -4.37 13.21 0.1
  endloop
 endfacet
  facet normal 0 0 0
    outer loop
   vertex -4.67 13.21 0
   vertex -4.37 13.21 0.1
   vertex -4.37 13.21 0
  endloop
 endfacet
  facet normal 0 0 0
    outer loop
   vertex -4.37 12.79 0
   vertex -4.37 12.79 0.1
   vertex -4.67 12.79 0.1
  endloop
 endfacet
  facet normal 0 0 0
    outer loop
   vertex -4.37 12.79 0
   vertex -4.67 12.79 0.1
   vertex -4.67 12.79 0
  endloop
 endfacet
  facet normal 0 0 0
    outer loop
   vertex 30.6 16.28 0
   vertex 30.6 16.28 0.1
   vertex 30.6 16.061 0
  endloop
 endfacet
  facet normal 0 0 0
    outer loop
   vertex 30.6 16.061 0
   vertex 30.6 15.843 0.1
   vertex 30.6 15.843 0
  endloop
 endfacet
  facet normal 0 0 0
    outer loop
   vertex 30.6 16.061 0
   vertex 30.6 16.28 0.1
   vertex 30.6 15.843 0.1
  endloop
 endfacet
  facet normal 0 0 0
    outer loop
   vertex 30.6 15.843 0
   vertex 30.6 15.843 0.1
   vertex 30.6 15.624 0.1
  endloop
 endfacet
  facet normal 0 0 0
    outer loop
   vertex 30.6 15.405 0
   vertex 30.6 15.624 0.1
   vertex 30.6 15.405 0.1
  endloop
 endfacet
  facet normal 0 0 0
    outer loop
   vertex 30.6 15.843 0
   vertex 30.6 15.624 0.1
   vertex 30.6 15.405 0
  endloop
 endfacet
  facet normal 0 0 0
    outer loop
   vertex 30.6 15.186 0
   vertex 30.6 14.968 0.1
   vertex 30.6 14.968 0
  endloop
 endfacet
  facet normal 0 0 0
    outer loop
   vertex 30.6 15.405 0
   vertex 30.6 15.405 0.1
   vertex 30.6 15.186 0
  endloop
 endfacet
  facet normal 0 0 0
    outer loop
   vertex 30.6 15.186 0
   vertex 30.6 15.405 0.1
   vertex 30.6 14.968 0.1
  endloop
 endfacet
  facet normal 0 0 0
    outer loop
   vertex 30.6 14.968 0
   vertex 30.6 14.968 0.1
   vertex 30.6 14.749 0
  endloop
 endfacet
  facet normal 0 0 0
    outer loop
   vertex 30.6 14.749 0
   vertex 30.6 14.53 0.1
   vertex 30.6 14.53 0
  endloop
 endfacet
  facet normal 0 0 0
    outer loop
   vertex 30.6 14.749 0
   vertex 30.6 14.968 0.1
   vertex 30.6 14.53 0.1
  endloop
 endfacet
  facet normal 0 0 0
    outer loop
   vertex 30.6 13.436 0
   vertex 30.6 13.218 0.1
   vertex 30.6 13.218 0
  endloop
 endfacet
  facet normal 0 0 0
    outer loop
   vertex 30.6 13.655 0
   vertex 30.6 13.655 0.1
   vertex 30.6 13.436 0
  endloop
 endfacet
  facet normal 0 0 0
    outer loop
   vertex 30.6 13.436 0
   vertex 30.6 13.655 0.1
   vertex 30.6 13.218 0.1
  endloop
 endfacet
  facet normal 0 0 0
    outer loop
   vertex 30.6 13.218 0
   vertex 30.6 13.218 0.1
   vertex 30.6 12.999 0
  endloop
 endfacet
  facet normal 0 0 0
    outer loop
   vertex 30.6 12.999 0
   vertex 30.6 12.78 0.1
   vertex 30.6 12.78 0
  endloop
 endfacet
  facet normal 0 0 0
    outer loop
   vertex 30.6 12.999 0
   vertex 30.6 13.218 0.1
   vertex 30.6 12.78 0.1
  endloop
 endfacet
  facet normal 0 0 0
    outer loop
   vertex 30.6 13.655 0
   vertex 30.6 13.874 0.1
   vertex 30.6 13.655 0.1
  endloop
 endfacet
  facet normal 0 0 0
    outer loop
   vertex 30.6 14.093 0
   vertex 30.6 14.093 0.1
   vertex 30.6 13.874 0.1
  endloop
 endfacet
  facet normal 0 0 0
    outer loop
   vertex 30.6 14.093 0
   vertex 30.6 13.874 0.1
   vertex 30.6 13.655 0
  endloop
 endfacet
  facet normal 0 0 0
    outer loop
   vertex 30.6 14.311 0
   vertex 30.6 14.093 0.1
   vertex 30.6 14.093 0
  endloop
 endfacet
  facet normal 0 0 0
    outer loop
   vertex 30.6 14.53 0
   vertex 30.6 14.53 0.1
   vertex 30.6 14.311 0
  endloop
 endfacet
  facet normal 0 0 0
    outer loop
   vertex 30.6 14.311 0
   vertex 30.6 14.53 0.1
   vertex 30.6 14.093 0.1
  endloop
 endfacet
  facet normal 0 0 0
    outer loop
   vertex 30.3 12.78 0
   vertex 30.3 12.78 0.1
   vertex 30.3 12.999 0
  endloop
 endfacet
  facet normal 0 0 0
    outer loop
   vertex 30.3 12.999 0
   vertex 30.3 13.218 0.1
   vertex 30.3 13.218 0
  endloop
 endfacet
  facet normal 0 0 0
    outer loop
   vertex 30.3 12.999 0
   vertex 30.3 12.78 0.1
   vertex 30.3 13.218 0.1
  endloop
 endfacet
  facet normal 0 0 0
    outer loop
   vertex 30.3 13.218 0
   vertex 30.3 13.218 0.1
   vertex 30.3 13.436 0.1
  endloop
 endfacet
  facet normal 0 0 0
    outer loop
   vertex 30.3 13.655 0
   vertex 30.3 13.436 0.1
   vertex 30.3 13.655 0.1
  endloop
 endfacet
  facet normal 0 0 0
    outer loop
   vertex 30.3 13.218 0
   vertex 30.3 13.436 0.1
   vertex 30.3 13.655 0
  endloop
 endfacet
  facet normal 0 0 0
    outer loop
   vertex 30.3 13.874 0
   vertex 30.3 14.093 0.1
   vertex 30.3 14.093 0
  endloop
 endfacet
  facet normal 0 0 0
    outer loop
   vertex 30.3 13.655 0
   vertex 30.3 13.655 0.1
   vertex 30.3 13.874 0
  endloop
 endfacet
  facet normal 0 0 0
    outer loop
   vertex 30.3 13.874 0
   vertex 30.3 13.655 0.1
   vertex 30.3 14.093 0.1
  endloop
 endfacet
  facet normal 0 0 0
    outer loop
   vertex 30.3 14.093 0
   vertex 30.3 14.093 0.1
   vertex 30.3 14.311 0
  endloop
 endfacet
  facet normal 0 0 0
    outer loop
   vertex 30.3 14.311 0
   vertex 30.3 14.53 0.1
   vertex 30.3 14.53 0
  endloop
 endfacet
  facet normal 0 0 0
    outer loop
   vertex 30.3 14.311 0
   vertex 30.3 14.093 0.1
   vertex 30.3 14.53 0.1
  endloop
 endfacet
  facet normal 0 0 0
    outer loop
   vertex 30.3 15.624 0
   vertex 30.3 15.843 0.1
   vertex 30.3 15.843 0
  endloop
 endfacet
  facet normal 0 0 0
    outer loop
   vertex 30.3 15.405 0
   vertex 30.3 15.405 0.1
   vertex 30.3 15.624 0
  endloop
 endfacet
  facet normal 0 0 0
    outer loop
   vertex 30.3 15.624 0
   vertex 30.3 15.405 0.1
   vertex 30.3 15.843 0.1
  endloop
 endfacet
  facet normal 0 0 0
    outer loop
   vertex 30.3 15.843 0
   vertex 30.3 15.843 0.1
   vertex 30.3 16.061 0
  endloop
 endfacet
  facet normal 0 0 0
    outer loop
   vertex 30.3 16.061 0
   vertex 30.3 16.28 0.1
   vertex 30.3 16.28 0
  endloop
 endfacet
  facet normal 0 0 0
    outer loop
   vertex 30.3 16.061 0
   vertex 30.3 15.843 0.1
   vertex 30.3 16.28 0.1
  endloop
 endfacet
  facet normal 0 0 0
    outer loop
   vertex 30.3 15.405 0
   vertex 30.3 15.186 0.1
   vertex 30.3 15.405 0.1
  endloop
 endfacet
  facet normal 0 0 0
    outer loop
   vertex 30.3 14.968 0
   vertex 30.3 14.968 0.1
   vertex 30.3 15.186 0.1
  endloop
 endfacet
  facet normal 0 0 0
    outer loop
   vertex 30.3 14.968 0
   vertex 30.3 15.186 0.1
   vertex 30.3 15.405 0
  endloop
 endfacet
  facet normal 0 0 0
    outer loop
   vertex 30.3 14.749 0
   vertex 30.3 14.968 0.1
   vertex 30.3 14.968 0
  endloop
 endfacet
  facet normal 0 0 0
    outer loop
   vertex 30.3 14.53 0
   vertex 30.3 14.53 0.1
   vertex 30.3 14.749 0
  endloop
 endfacet
  facet normal 0 0 0
    outer loop
   vertex 30.3 14.749 0
   vertex 30.3 14.53 0.1
   vertex 30.3 14.968 0.1
  endloop
 endfacet
  facet normal 0 0 0
    outer loop
   vertex 30.3 16.28 0
   vertex 30.3 16.28 0.1
   vertex 30.6 16.28 0.1
  endloop
 endfacet
  facet normal 0 0 0
    outer loop
   vertex 30.3 16.28 0
   vertex 30.6 16.28 0.1
   vertex 30.6 16.28 0
  endloop
 endfacet
  facet normal 0 0 0
    outer loop
   vertex -4.435 12.915 0.1
   vertex -4.435 12.915 0.326
   vertex -4.605 12.915 0.326
  endloop
 endfacet
  facet normal 0 0 0
    outer loop
   vertex -4.435 12.915 0.1
   vertex -4.605 12.915 0.326
   vertex -4.605 12.915 0.1
  endloop
 endfacet
  facet normal 0 0 0
    outer loop
   vertex -4.605 13.085 0.1
   vertex -4.605 13.085 0.326
   vertex -4.435 13.085 0.326
  endloop
 endfacet
  facet normal 0 0 0
    outer loop
   vertex -4.605 13.085 0.1
   vertex -4.435 13.085 0.326
   vertex -4.435 13.085 0.1
  endloop
 endfacet
  facet normal 0 0 0
    outer loop
   vertex -4.605 12.915 0.1
   vertex -4.605 12.915 0.326
   vertex -4.605 13.085 0.326
  endloop
 endfacet
  facet normal 0 0 0
    outer loop
   vertex -4.605 12.915 0.1
   vertex -4.605 13.085 0.326
   vertex -4.605 13.085 0.1
  endloop
 endfacet
  facet normal 0 0 0
    outer loop
   vertex -4.435 13.085 0.1
   vertex -4.435 13.085 0.326
   vertex -4.435 12.915 0.326
  endloop
 endfacet
  facet normal 0 0 0
    outer loop
   vertex -4.435 13.085 0.1
   vertex -4.435 12.915 0.326
   vertex -4.435 12.915 0.1
  endloop
 endfacet
  facet normal 0 0 0
    outer loop
   vertex 30.365 13.175 0.1
   vertex 30.365 13.175 0.326
   vertex 30.535 13.175 0.326
  endloop
 endfacet
  facet normal 0 0 0
    outer loop
   vertex 30.365 13.175 0.1
   vertex 30.535 13.175 0.326
   vertex 30.535 13.175 0.1
  endloop
 endfacet
  facet normal 0 0 0
    outer loop
   vertex 30.365 13.005 0.1
   vertex 30.365 13.005 0.326
   vertex 30.365 13.175 0.326
  endloop
 endfacet
  facet normal 0 0 0
    outer loop
   vertex 30.365 13.005 0.1
   vertex 30.365 13.175 0.326
   vertex 30.365 13.175 0.1
  endloop
 endfacet
  facet normal 0 0 0
    outer loop
   vertex 30.365 13.365 0.1
   vertex 30.365 13.365 0.326
   vertex 30.365 13.535 0.326
  endloop
 endfacet
  facet normal 0 0 0
    outer loop
   vertex 30.365 13.365 0.1
   vertex 30.365 13.535 0.326
   vertex 30.365 13.535 0.1
  endloop
 endfacet
  facet normal 0 0 0
    outer loop
   vertex 30.365 13.725 0.1
   vertex 30.365 13.725 0.326
   vertex 30.365 13.895 0.326
  endloop
 endfacet
  facet normal 0 0 0
    outer loop
   vertex 30.365 13.725 0.1
   vertex 30.365 13.895 0.326
   vertex 30.365 13.895 0.1
  endloop
 endfacet
  facet normal 0 0 0
    outer loop
   vertex 30.365 14.085 0.1
   vertex 30.365 14.085 0.326
   vertex 30.365 14.255 0.326
  endloop
 endfacet
  facet normal 0 0 0
    outer loop
   vertex 30.365 14.085 0.1
   vertex 30.365 14.255 0.326
   vertex 30.365 14.255 0.1
  endloop
 endfacet
  facet normal 0 0 0
    outer loop
   vertex 30.365 14.445 0.1
   vertex 30.365 14.445 0.326
   vertex 30.365 14.615 0.326
  endloop
 endfacet
  facet normal 0 0 0
    outer loop
   vertex 30.365 14.445 0.1
   vertex 30.365 14.615 0.326
   vertex 30.365 14.615 0.1
  endloop
 endfacet
  facet normal 0 0 0
    outer loop
   vertex 30.365 14.805 0.1
   vertex 30.365 14.805 0.326
   vertex 30.365 14.975 0.326
  endloop
 endfacet
  facet normal 0 0 0
    outer loop
   vertex 30.365 14.805 0.1
   vertex 30.365 14.975 0.326
   vertex 30.365 14.975 0.1
  endloop
 endfacet
  facet normal 0 0 0
    outer loop
   vertex 30.365 15.165 0.1
   vertex 30.365 15.165 0.326
   vertex 30.365 15.335 0.326
  endloop
 endfacet
  facet normal 0 0 0
    outer loop
   vertex 30.365 15.165 0.1
   vertex 30.365 15.335 0.326
   vertex 30.365 15.335 0.1
  endloop
 endfacet
  facet normal 0 0 0
    outer loop
   vertex 30.365 15.525 0.1
   vertex 30.365 15.525 0.326
   vertex 30.365 15.695 0.326
  endloop
 endfacet
  facet normal 0 0 0
    outer loop
   vertex 30.365 15.525 0.1
   vertex 30.365 15.695 0.326
   vertex 30.365 15.695 0.1
  endloop
 endfacet
  facet normal 0 0 0
    outer loop
   vertex 30.365 15.885 0.1
   vertex 30.365 15.885 0.326
   vertex 30.365 16.055 0.326
  endloop
 endfacet
  facet normal 0 0 0
    outer loop
   vertex 30.365 15.885 0.1
   vertex 30.365 16.055 0.326
   vertex 30.365 16.055 0.1
  endloop
 endfacet
  facet normal 0 0 0
    outer loop
   vertex 30.535 13.005 0.1
   vertex 30.535 13.005 0.326
   vertex 30.365 13.005 0.326
  endloop
 endfacet
  facet normal 0 0 0
    outer loop
   vertex 30.535 13.005 0.1
   vertex 30.365 13.005 0.326
   vertex 30.365 13.005 0.1
  endloop
 endfacet
  facet normal 0 0 0
    outer loop
   vertex 30.535 16.055 0.1
   vertex 30.535 16.055 0.326
   vertex 30.535 15.885 0.326
  endloop
 endfacet
  facet normal 0 0 0
    outer loop
   vertex 30.535 16.055 0.1
   vertex 30.535 15.885 0.326
   vertex 30.535 15.885 0.1
  endloop
 endfacet
  facet normal 0 0 0
    outer loop
   vertex 30.535 15.695 0.1
   vertex 30.535 15.695 0.326
   vertex 30.535 15.525 0.326
  endloop
 endfacet
  facet normal 0 0 0
    outer loop
   vertex 30.535 15.695 0.1
   vertex 30.535 15.525 0.326
   vertex 30.535 15.525 0.1
  endloop
 endfacet
  facet normal 0 0 0
    outer loop
   vertex 30.535 15.335 0.1
   vertex 30.535 15.335 0.326
   vertex 30.535 15.165 0.326
  endloop
 endfacet
  facet normal 0 0 0
    outer loop
   vertex 30.535 15.335 0.1
   vertex 30.535 15.165 0.326
   vertex 30.535 15.165 0.1
  endloop
 endfacet
  facet normal 0 0 0
    outer loop
   vertex 30.535 14.975 0.1
   vertex 30.535 14.975 0.326
   vertex 30.535 14.805 0.326
  endloop
 endfacet
  facet normal 0 0 0
    outer loop
   vertex 30.535 14.975 0.1
   vertex 30.535 14.805 0.326
   vertex 30.535 14.805 0.1
  endloop
 endfacet
  facet normal 0 0 0
    outer loop
   vertex 30.535 14.615 0.1
   vertex 30.535 14.615 0.326
   vertex 30.535 14.445 0.326
  endloop
 endfacet
  facet normal 0 0 0
    outer loop
   vertex 30.535 14.615 0.1
   vertex 30.535 14.445 0.326
   vertex 30.535 14.445 0.1
  endloop
 endfacet
  facet normal 0 0 0
    outer loop
   vertex 30.535 14.255 0.1
   vertex 30.535 14.255 0.326
   vertex 30.535 14.085 0.326
  endloop
 endfacet
  facet normal 0 0 0
    outer loop
   vertex 30.535 14.255 0.1
   vertex 30.535 14.085 0.326
   vertex 30.535 14.085 0.1
  endloop
 endfacet
  facet normal 0 0 0
    outer loop
   vertex 30.535 13.895 0.1
   vertex 30.535 13.895 0.326
   vertex 30.535 13.725 0.326
  endloop
 endfacet
  facet normal 0 0 0
    outer loop
   vertex 30.535 13.895 0.1
   vertex 30.535 13.725 0.326
   vertex 30.535 13.725 0.1
  endloop
 endfacet
  facet normal 0 0 0
    outer loop
   vertex 30.535 13.535 0.1
   vertex 30.535 13.535 0.326
   vertex 30.535 13.365 0.326
  endloop
 endfacet
  facet normal 0 0 0
    outer loop
   vertex 30.535 13.535 0.1
   vertex 30.535 13.365 0.326
   vertex 30.535 13.365 0.1
  endloop
 endfacet
  facet normal 0 0 0
    outer loop
   vertex 30.535 13.175 0.1
   vertex 30.535 13.175 0.326
   vertex 30.535 13.005 0.326
  endloop
 endfacet
  facet normal 0 0 0
    outer loop
   vertex 30.535 13.175 0.1
   vertex 30.535 13.005 0.326
   vertex 30.535 13.005 0.1
  endloop
 endfacet
  facet normal 0 0 0
    outer loop
   vertex 30.535 13.365 0.1
   vertex 30.535 13.365 0.326
   vertex 30.365 13.365 0.326
  endloop
 endfacet
  facet normal 0 0 0
    outer loop
   vertex 30.535 13.365 0.1
   vertex 30.365 13.365 0.326
   vertex 30.365 13.365 0.1
  endloop
 endfacet
  facet normal 0 0 0
    outer loop
   vertex 30.365 13.535 0.1
   vertex 30.365 13.535 0.326
   vertex 30.535 13.535 0.326
  endloop
 endfacet
  facet normal 0 0 0
    outer loop
   vertex 30.365 13.535 0.1
   vertex 30.535 13.535 0.326
   vertex 30.535 13.535 0.1
  endloop
 endfacet
  facet normal 0 0 0
    outer loop
   vertex 30.365 13.895 0.1
   vertex 30.365 13.895 0.326
   vertex 30.535 13.895 0.326
  endloop
 endfacet
  facet normal 0 0 0
    outer loop
   vertex 30.365 13.895 0.1
   vertex 30.535 13.895 0.326
   vertex 30.535 13.895 0.1
  endloop
 endfacet
  facet normal 0 0 0
    outer loop
   vertex 30.535 13.725 0.1
   vertex 30.535 13.725 0.326
   vertex 30.365 13.725 0.326
  endloop
 endfacet
  facet normal 0 0 0
    outer loop
   vertex 30.535 13.725 0.1
   vertex 30.365 13.725 0.326
   vertex 30.365 13.725 0.1
  endloop
 endfacet
  facet normal 0 0 0
    outer loop
   vertex 30.535 14.085 0.1
   vertex 30.535 14.085 0.326
   vertex 30.365 14.085 0.326
  endloop
 endfacet
  facet normal 0 0 0
    outer loop
   vertex 30.535 14.085 0.1
   vertex 30.365 14.085 0.326
   vertex 30.365 14.085 0.1
  endloop
 endfacet
  facet normal 0 0 0
    outer loop
   vertex 30.365 14.255 0.1
   vertex 30.365 14.255 0.326
   vertex 30.535 14.255 0.326
  endloop
 endfacet
  facet normal 0 0 0
    outer loop
   vertex 30.365 14.255 0.1
   vertex 30.535 14.255 0.326
   vertex 30.535 14.255 0.1
  endloop
 endfacet
  facet normal 0 0 0
    outer loop
   vertex 30.535 14.445 0.1
   vertex 30.535 14.445 0.326
   vertex 30.365 14.445 0.326
  endloop
 endfacet
  facet normal 0 0 0
    outer loop
   vertex 30.535 14.445 0.1
   vertex 30.365 14.445 0.326
   vertex 30.365 14.445 0.1
  endloop
 endfacet
  facet normal 0 0 0
    outer loop
   vertex 30.365 14.615 0.1
   vertex 30.365 14.615 0.326
   vertex 30.535 14.615 0.326
  endloop
 endfacet
  facet normal 0 0 0
    outer loop
   vertex 30.365 14.615 0.1
   vertex 30.535 14.615 0.326
   vertex 30.535 14.615 0.1
  endloop
 endfacet
  facet normal 0 0 0
    outer loop
   vertex 30.365 14.975 0.1
   vertex 30.365 14.975 0.326
   vertex 30.535 14.975 0.326
  endloop
 endfacet
  facet normal 0 0 0
    outer loop
   vertex 30.365 14.975 0.1
   vertex 30.535 14.975 0.326
   vertex 30.535 14.975 0.1
  endloop
 endfacet
  facet normal 0 0 0
    outer loop
   vertex 30.535 14.805 0.1
   vertex 30.535 14.805 0.326
   vertex 30.365 14.805 0.326
  endloop
 endfacet
  facet normal 0 0 0
    outer loop
   vertex 30.535 14.805 0.1
   vertex 30.365 14.805 0.326
   vertex 30.365 14.805 0.1
  endloop
 endfacet
  facet normal 0 0 0
    outer loop
   vertex 30.535 15.165 0.1
   vertex 30.535 15.165 0.326
   vertex 30.365 15.165 0.326
  endloop
 endfacet
  facet normal 0 0 0
    outer loop
   vertex 30.535 15.165 0.1
   vertex 30.365 15.165 0.326
   vertex 30.365 15.165 0.1
  endloop
 endfacet
  facet normal 0 0 0
    outer loop
   vertex 30.365 15.335 0.1
   vertex 30.365 15.335 0.326
   vertex 30.535 15.335 0.326
  endloop
 endfacet
  facet normal 0 0 0
    outer loop
   vertex 30.365 15.335 0.1
   vertex 30.535 15.335 0.326
   vertex 30.535 15.335 0.1
  endloop
 endfacet
  facet normal 0 0 0
    outer loop
   vertex 30.535 15.525 0.1
   vertex 30.535 15.525 0.326
   vertex 30.365 15.525 0.326
  endloop
 endfacet
  facet normal 0 0 0
    outer loop
   vertex 30.535 15.525 0.1
   vertex 30.365 15.525 0.326
   vertex 30.365 15.525 0.1
  endloop
 endfacet
  facet normal 0 0 0
    outer loop
   vertex 30.365 15.695 0.1
   vertex 30.365 15.695 0.326
   vertex 30.535 15.695 0.326
  endloop
 endfacet
  facet normal 0 0 0
    outer loop
   vertex 30.365 15.695 0.1
   vertex 30.535 15.695 0.326
   vertex 30.535 15.695 0.1
  endloop
 endfacet
  facet normal 0 0 0
    outer loop
   vertex 30.365 16.055 0.1
   vertex 30.365 16.055 0.326
   vertex 30.535 16.055 0.326
  endloop
 endfacet
  facet normal 0 0 0
    outer loop
   vertex 30.365 16.055 0.1
   vertex 30.535 16.055 0.326
   vertex 30.535 16.055 0.1
  endloop
 endfacet
  facet normal 0 0 0
    outer loop
   vertex 30.535 15.885 0.1
   vertex 30.535 15.885 0.326
   vertex 30.365 15.885 0.326
  endloop
 endfacet
  facet normal 0 0 0
    outer loop
   vertex 30.535 15.885 0.1
   vertex 30.365 15.885 0.326
   vertex 30.365 15.885 0.1
  endloop
 endfacet
  facet normal 0 0 0
    outer loop
   vertex -4.605 12.835 0.936
   vertex -4.605 12.915 0.936
   vertex -4.435 12.915 0.936
  endloop
 endfacet
  facet normal 0 0 0
    outer loop
   vertex -4.605 12.835 0.936
   vertex -4.435 12.915 0.936
   vertex -4.435 12.835 0.936
  endloop
 endfacet
  facet normal 0 0 0
    outer loop
   vertex 30.365 12.925 0.936
   vertex 30.365 13.005 0.936
   vertex 30.535 13.005 0.936
  endloop
 endfacet
  facet normal 0 0 0
    outer loop
   vertex 30.365 12.925 0.936
   vertex 30.535 13.005 0.936
   vertex 30.535 12.925 0.936
  endloop
 endfacet
  facet normal 0 0 0
    outer loop
   vertex -4.605 13.085 0.936
   vertex -4.605 13.165 0.936
   vertex -4.435 13.165 0.936
  endloop
 endfacet
  facet normal 0 0 0
    outer loop
   vertex -4.605 13.085 0.936
   vertex -4.435 13.165 0.936
   vertex -4.435 13.085 0.936
  endloop
 endfacet
  facet normal 0 0 0
    outer loop
   vertex 30.365 13.175 0.936
   vertex 30.365 13.365 0.936
   vertex 30.535 13.365 0.936
  endloop
 endfacet
  facet normal 0 0 0
    outer loop
   vertex 30.365 13.175 0.936
   vertex 30.535 13.365 0.936
   vertex 30.535 13.175 0.936
  endloop
 endfacet
  facet normal 0 0 0
    outer loop
   vertex 30.365 13.535 0.936
   vertex 30.365 13.725 0.936
   vertex 30.535 13.725 0.936
  endloop
 endfacet
  facet normal 0 0 0
    outer loop
   vertex 30.365 13.535 0.936
   vertex 30.535 13.725 0.936
   vertex 30.535 13.535 0.936
  endloop
 endfacet
  facet normal 0 0 0
    outer loop
   vertex 30.365 13.895 0.936
   vertex 30.365 14.085 0.936
   vertex 30.535 14.085 0.936
  endloop
 endfacet
  facet normal 0 0 0
    outer loop
   vertex 30.365 13.895 0.936
   vertex 30.535 14.085 0.936
   vertex 30.535 13.895 0.936
  endloop
 endfacet
  facet normal 0 0 0
    outer loop
   vertex 30.365 14.255 0.936
   vertex 30.365 14.445 0.936
   vertex 30.535 14.445 0.936
  endloop
 endfacet
  facet normal 0 0 0
    outer loop
   vertex 30.365 14.255 0.936
   vertex 30.535 14.445 0.936
   vertex 30.535 14.255 0.936
  endloop
 endfacet
  facet normal 0 0 0
    outer loop
   vertex 30.365 14.615 0.936
   vertex 30.365 14.805 0.936
   vertex 30.535 14.805 0.936
  endloop
 endfacet
  facet normal 0 0 0
    outer loop
   vertex 30.365 14.615 0.936
   vertex 30.535 14.805 0.936
   vertex 30.535 14.615 0.936
  endloop
 endfacet
  facet normal 0 0 0
    outer loop
   vertex 30.365 14.975 0.936
   vertex 30.365 15.165 0.936
   vertex 30.535 15.165 0.936
  endloop
 endfacet
  facet normal 0 0 0
    outer loop
   vertex 30.365 14.975 0.936
   vertex 30.535 15.165 0.936
   vertex 30.535 14.975 0.936
  endloop
 endfacet
  facet normal 0 0 0
    outer loop
   vertex 30.365 15.335 0.936
   vertex 30.365 15.525 0.936
   vertex 30.535 15.525 0.936
  endloop
 endfacet
  facet normal 0 0 0
    outer loop
   vertex 30.365 15.335 0.936
   vertex 30.535 15.525 0.936
   vertex 30.535 15.335 0.936
  endloop
 endfacet
  facet normal 0 0 0
    outer loop
   vertex 30.365 15.695 0.936
   vertex 30.365 15.885 0.936
   vertex 30.535 15.885 0.936
  endloop
 endfacet
  facet normal 0 0 0
    outer loop
   vertex 30.365 15.695 0.936
   vertex 30.535 15.885 0.936
   vertex 30.535 15.695 0.936
  endloop
 endfacet
  facet normal 0 0 0
    outer loop
   vertex 30.365 16.055 0.936
   vertex 30.365 16.135 0.936
   vertex 30.535 16.135 0.936
  endloop
 endfacet
  facet normal 0 0 0
    outer loop
   vertex 30.365 16.055 0.936
   vertex 30.535 16.135 0.936
   vertex 30.535 16.055 0.936
  endloop
 endfacet
  facet normal 0 0 0
    outer loop
   vertex -4.435 12.915 0.326
   vertex -4.435 12.915 0.936
   vertex -4.605 12.915 0.936
  endloop
 endfacet
  facet normal 0 0 0
    outer loop
   vertex -4.435 12.915 0.326
   vertex -4.605 12.915 0.936
   vertex -4.605 12.915 0.326
  endloop
 endfacet
  facet normal 0 0 0
    outer loop
   vertex -4.605 12.915 0.326
   vertex -4.605 12.915 0.936
   vertex -4.605 13.085 0.936
  endloop
 endfacet
  facet normal 0 0 0
    outer loop
   vertex -4.605 12.915 0.326
   vertex -4.605 13.085 0.936
   vertex -4.605 13.085 0.326
  endloop
 endfacet
  facet normal 0 0 0
    outer loop
   vertex -4.605 13.085 0.326
   vertex -4.605 13.085 0.936
   vertex -4.435 13.085 0.936
  endloop
 endfacet
  facet normal 0 0 0
    outer loop
   vertex -4.605 13.085 0.326
   vertex -4.435 13.085 0.936
   vertex -4.435 13.085 0.326
  endloop
 endfacet
  facet normal 0 0 0
    outer loop
   vertex -4.435 13.085 0.326
   vertex -4.435 13.085 0.936
   vertex -4.435 12.915 0.936
  endloop
 endfacet
  facet normal 0 0 0
    outer loop
   vertex -4.435 13.085 0.326
   vertex -4.435 12.915 0.936
   vertex -4.435 12.915 0.326
  endloop
 endfacet
  facet normal 0 0 0
    outer loop
   vertex 30.535 16.055 0.326
   vertex 30.535 16.055 0.936
   vertex 30.535 15.885 0.936
  endloop
 endfacet
  facet normal 0 0 0
    outer loop
   vertex 30.535 16.055 0.326
   vertex 30.535 15.885 0.936
   vertex 30.535 15.885 0.326
  endloop
 endfacet
  facet normal 0 0 0
    outer loop
   vertex 30.535 15.695 0.326
   vertex 30.535 15.695 0.936
   vertex 30.535 15.525 0.936
  endloop
 endfacet
  facet normal 0 0 0
    outer loop
   vertex 30.535 15.695 0.326
   vertex 30.535 15.525 0.936
   vertex 30.535 15.525 0.326
  endloop
 endfacet
  facet normal 0 0 0
    outer loop
   vertex 30.535 15.335 0.326
   vertex 30.535 15.335 0.936
   vertex 30.535 15.165 0.936
  endloop
 endfacet
  facet normal 0 0 0
    outer loop
   vertex 30.535 15.335 0.326
   vertex 30.535 15.165 0.936
   vertex 30.535 15.165 0.326
  endloop
 endfacet
  facet normal 0 0 0
    outer loop
   vertex 30.535 14.975 0.326
   vertex 30.535 14.975 0.936
   vertex 30.535 14.805 0.936
  endloop
 endfacet
  facet normal 0 0 0
    outer loop
   vertex 30.535 14.975 0.326
   vertex 30.535 14.805 0.936
   vertex 30.535 14.805 0.326
  endloop
 endfacet
  facet normal 0 0 0
    outer loop
   vertex 30.535 14.615 0.326
   vertex 30.535 14.615 0.936
   vertex 30.535 14.445 0.936
  endloop
 endfacet
  facet normal 0 0 0
    outer loop
   vertex 30.535 14.615 0.326
   vertex 30.535 14.445 0.936
   vertex 30.535 14.445 0.326
  endloop
 endfacet
  facet normal 0 0 0
    outer loop
   vertex 30.535 14.255 0.326
   vertex 30.535 14.255 0.936
   vertex 30.535 14.085 0.936
  endloop
 endfacet
  facet normal 0 0 0
    outer loop
   vertex 30.535 14.255 0.326
   vertex 30.535 14.085 0.936
   vertex 30.535 14.085 0.326
  endloop
 endfacet
  facet normal 0 0 0
    outer loop
   vertex 30.535 13.895 0.326
   vertex 30.535 13.895 0.936
   vertex 30.535 13.725 0.936
  endloop
 endfacet
  facet normal 0 0 0
    outer loop
   vertex 30.535 13.895 0.326
   vertex 30.535 13.725 0.936
   vertex 30.535 13.725 0.326
  endloop
 endfacet
  facet normal 0 0 0
    outer loop
   vertex 30.535 13.535 0.326
   vertex 30.535 13.535 0.936
   vertex 30.535 13.365 0.936
  endloop
 endfacet
  facet normal 0 0 0
    outer loop
   vertex 30.535 13.535 0.326
   vertex 30.535 13.365 0.936
   vertex 30.535 13.365 0.326
  endloop
 endfacet
  facet normal 0 0 0
    outer loop
   vertex 30.535 13.175 0.326
   vertex 30.535 13.175 0.936
   vertex 30.535 13.005 0.936
  endloop
 endfacet
  facet normal 0 0 0
    outer loop
   vertex 30.535 13.175 0.326
   vertex 30.535 13.005 0.936
   vertex 30.535 13.005 0.326
  endloop
 endfacet
  facet normal 0 0 0
    outer loop
   vertex 30.365 13.005 0.326
   vertex 30.365 13.005 0.936
   vertex 30.365 13.175 0.936
  endloop
 endfacet
  facet normal 0 0 0
    outer loop
   vertex 30.365 13.005 0.326
   vertex 30.365 13.175 0.936
   vertex 30.365 13.175 0.326
  endloop
 endfacet
  facet normal 0 0 0
    outer loop
   vertex 30.365 13.365 0.326
   vertex 30.365 13.365 0.936
   vertex 30.365 13.535 0.936
  endloop
 endfacet
  facet normal 0 0 0
    outer loop
   vertex 30.365 13.365 0.326
   vertex 30.365 13.535 0.936
   vertex 30.365 13.535 0.326
  endloop
 endfacet
  facet normal 0 0 0
    outer loop
   vertex 30.365 13.725 0.326
   vertex 30.365 13.725 0.936
   vertex 30.365 13.895 0.936
  endloop
 endfacet
  facet normal 0 0 0
    outer loop
   vertex 30.365 13.725 0.326
   vertex 30.365 13.895 0.936
   vertex 30.365 13.895 0.326
  endloop
 endfacet
  facet normal 0 0 0
    outer loop
   vertex 30.365 14.085 0.326
   vertex 30.365 14.085 0.936
   vertex 30.365 14.255 0.936
  endloop
 endfacet
  facet normal 0 0 0
    outer loop
   vertex 30.365 14.085 0.326
   vertex 30.365 14.255 0.936
   vertex 30.365 14.255 0.326
  endloop
 endfacet
  facet normal 0 0 0
    outer loop
   vertex 30.365 14.445 0.326
   vertex 30.365 14.445 0.936
   vertex 30.365 14.615 0.936
  endloop
 endfacet
  facet normal 0 0 0
    outer loop
   vertex 30.365 14.445 0.326
   vertex 30.365 14.615 0.936
   vertex 30.365 14.615 0.326
  endloop
 endfacet
  facet normal 0 0 0
    outer loop
   vertex 30.365 14.805 0.326
   vertex 30.365 14.805 0.936
   vertex 30.365 14.975 0.936
  endloop
 endfacet
  facet normal 0 0 0
    outer loop
   vertex 30.365 14.805 0.326
   vertex 30.365 14.975 0.936
   vertex 30.365 14.975 0.326
  endloop
 endfacet
  facet normal 0 0 0
    outer loop
   vertex 30.365 15.165 0.326
   vertex 30.365 15.165 0.936
   vertex 30.365 15.335 0.936
  endloop
 endfacet
  facet normal 0 0 0
    outer loop
   vertex 30.365 15.165 0.326
   vertex 30.365 15.335 0.936
   vertex 30.365 15.335 0.326
  endloop
 endfacet
  facet normal 0 0 0
    outer loop
   vertex 30.365 15.525 0.326
   vertex 30.365 15.525 0.936
   vertex 30.365 15.695 0.936
  endloop
 endfacet
  facet normal 0 0 0
    outer loop
   vertex 30.365 15.525 0.326
   vertex 30.365 15.695 0.936
   vertex 30.365 15.695 0.326
  endloop
 endfacet
  facet normal 0 0 0
    outer loop
   vertex 30.365 15.885 0.326
   vertex 30.365 15.885 0.936
   vertex 30.365 16.055 0.936
  endloop
 endfacet
  facet normal 0 0 0
    outer loop
   vertex 30.365 15.885 0.326
   vertex 30.365 16.055 0.936
   vertex 30.365 16.055 0.326
  endloop
 endfacet
  facet normal 0 0 0
    outer loop
   vertex 30.365 13.175 0.326
   vertex 30.365 13.175 0.936
   vertex 30.535 13.175 0.936
  endloop
 endfacet
  facet normal 0 0 0
    outer loop
   vertex 30.365 13.175 0.326
   vertex 30.535 13.175 0.936
   vertex 30.535 13.175 0.326
  endloop
 endfacet
  facet normal 0 0 0
    outer loop
   vertex 30.535 13.365 0.326
   vertex 30.535 13.365 0.936
   vertex 30.365 13.365 0.936
  endloop
 endfacet
  facet normal 0 0 0
    outer loop
   vertex 30.535 13.365 0.326
   vertex 30.365 13.365 0.936
   vertex 30.365 13.365 0.326
  endloop
 endfacet
  facet normal 0 0 0
    outer loop
   vertex 30.535 13.005 0.326
   vertex 30.535 13.005 0.936
   vertex 30.365 13.005 0.936
  endloop
 endfacet
  facet normal 0 0 0
    outer loop
   vertex 30.535 13.005 0.326
   vertex 30.365 13.005 0.936
   vertex 30.365 13.005 0.326
  endloop
 endfacet
  facet normal 0 0 0
    outer loop
   vertex 30.365 13.895 0.326
   vertex 30.365 13.895 0.936
   vertex 30.535 13.895 0.936
  endloop
 endfacet
  facet normal 0 0 0
    outer loop
   vertex 30.365 13.895 0.326
   vertex 30.535 13.895 0.936
   vertex 30.535 13.895 0.326
  endloop
 endfacet
  facet normal 0 0 0
    outer loop
   vertex 30.365 13.535 0.326
   vertex 30.365 13.535 0.936
   vertex 30.535 13.535 0.936
  endloop
 endfacet
  facet normal 0 0 0
    outer loop
   vertex 30.365 13.535 0.326
   vertex 30.535 13.535 0.936
   vertex 30.535 13.535 0.326
  endloop
 endfacet
  facet normal 0 0 0
    outer loop
   vertex 30.535 13.725 0.326
   vertex 30.535 13.725 0.936
   vertex 30.365 13.725 0.936
  endloop
 endfacet
  facet normal 0 0 0
    outer loop
   vertex 30.535 13.725 0.326
   vertex 30.365 13.725 0.936
   vertex 30.365 13.725 0.326
  endloop
 endfacet
  facet normal 0 0 0
    outer loop
   vertex 30.535 14.085 0.326
   vertex 30.535 14.085 0.936
   vertex 30.365 14.085 0.936
  endloop
 endfacet
  facet normal 0 0 0
    outer loop
   vertex 30.535 14.085 0.326
   vertex 30.365 14.085 0.936
   vertex 30.365 14.085 0.326
  endloop
 endfacet
  facet normal 0 0 0
    outer loop
   vertex 30.365 14.255 0.326
   vertex 30.365 14.255 0.936
   vertex 30.535 14.255 0.936
  endloop
 endfacet
  facet normal 0 0 0
    outer loop
   vertex 30.365 14.255 0.326
   vertex 30.535 14.255 0.936
   vertex 30.535 14.255 0.326
  endloop
 endfacet
  facet normal 0 0 0
    outer loop
   vertex 30.535 14.445 0.326
   vertex 30.535 14.445 0.936
   vertex 30.365 14.445 0.936
  endloop
 endfacet
  facet normal 0 0 0
    outer loop
   vertex 30.535 14.445 0.326
   vertex 30.365 14.445 0.936
   vertex 30.365 14.445 0.326
  endloop
 endfacet
  facet normal 0 0 0
    outer loop
   vertex 30.365 14.615 0.326
   vertex 30.365 14.615 0.936
   vertex 30.535 14.615 0.936
  endloop
 endfacet
  facet normal 0 0 0
    outer loop
   vertex 30.365 14.615 0.326
   vertex 30.535 14.615 0.936
   vertex 30.535 14.615 0.326
  endloop
 endfacet
  facet normal 0 0 0
    outer loop
   vertex 30.365 14.975 0.326
   vertex 30.365 14.975 0.936
   vertex 30.535 14.975 0.936
  endloop
 endfacet
  facet normal 0 0 0
    outer loop
   vertex 30.365 14.975 0.326
   vertex 30.535 14.975 0.936
   vertex 30.535 14.975 0.326
  endloop
 endfacet
  facet normal 0 0 0
    outer loop
   vertex 30.535 14.805 0.326
   vertex 30.535 14.805 0.936
   vertex 30.365 14.805 0.936
  endloop
 endfacet
  facet normal 0 0 0
    outer loop
   vertex 30.535 14.805 0.326
   vertex 30.365 14.805 0.936
   vertex 30.365 14.805 0.326
  endloop
 endfacet
  facet normal 0 0 0
    outer loop
   vertex 30.535 15.165 0.326
   vertex 30.535 15.165 0.936
   vertex 30.365 15.165 0.936
  endloop
 endfacet
  facet normal 0 0 0
    outer loop
   vertex 30.535 15.165 0.326
   vertex 30.365 15.165 0.936
   vertex 30.365 15.165 0.326
  endloop
 endfacet
  facet normal 0 0 0
    outer loop
   vertex 30.365 15.695 0.326
   vertex 30.365 15.695 0.936
   vertex 30.535 15.695 0.936
  endloop
 endfacet
  facet normal 0 0 0
    outer loop
   vertex 30.365 15.695 0.326
   vertex 30.535 15.695 0.936
   vertex 30.535 15.695 0.326
  endloop
 endfacet
  facet normal 0 0 0
    outer loop
   vertex 30.365 15.335 0.326
   vertex 30.365 15.335 0.936
   vertex 30.535 15.335 0.936
  endloop
 endfacet
  facet normal 0 0 0
    outer loop
   vertex 30.365 15.335 0.326
   vertex 30.535 15.335 0.936
   vertex 30.535 15.335 0.326
  endloop
 endfacet
  facet normal 0 0 0
    outer loop
   vertex 30.535 15.525 0.326
   vertex 30.535 15.525 0.936
   vertex 30.365 15.525 0.936
  endloop
 endfacet
  facet normal 0 0 0
    outer loop
   vertex 30.535 15.525 0.326
   vertex 30.365 15.525 0.936
   vertex 30.365 15.525 0.326
  endloop
 endfacet
  facet normal 0 0 0
    outer loop
   vertex 30.535 15.885 0.326
   vertex 30.535 15.885 0.936
   vertex 30.365 15.885 0.936
  endloop
 endfacet
  facet normal 0 0 0
    outer loop
   vertex 30.535 15.885 0.326
   vertex 30.365 15.885 0.936
   vertex 30.365 15.885 0.326
  endloop
 endfacet
  facet normal 0 0 0
    outer loop
   vertex 30.365 16.055 0.326
   vertex 30.365 16.055 0.936
   vertex 30.535 16.055 0.936
  endloop
 endfacet
  facet normal 0 0 0
    outer loop
   vertex 30.365 16.055 0.326
   vertex 30.535 16.055 0.936
   vertex 30.535 16.055 0.326
  endloop
 endfacet
  facet normal 0 0 0
    outer loop
   vertex -4.435 12.915 1.036
   vertex -4.605 12.915 1.036
   vertex -4.605 12.835 1.036
  endloop
 endfacet
  facet normal 0 0 0
    outer loop
   vertex -4.435 12.835 1.036
   vertex -4.435 12.915 1.036
   vertex -4.605 12.835 1.036
  endloop
 endfacet
  facet normal 0 0 0
    outer loop
   vertex 30.535 13.005 1.036
   vertex 30.365 13.005 1.036
   vertex 30.365 12.925 1.036
  endloop
 endfacet
  facet normal 0 0 0
    outer loop
   vertex 30.535 12.925 1.036
   vertex 30.535 13.005 1.036
   vertex 30.365 12.925 1.036
  endloop
 endfacet
  facet normal 0 0 0
    outer loop
   vertex -4.435 13.165 1.036
   vertex -4.605 13.165 1.036
   vertex -4.605 13.085 1.036
  endloop
 endfacet
  facet normal 0 0 0
    outer loop
   vertex -4.435 13.085 1.036
   vertex -4.435 13.165 1.036
   vertex -4.605 13.085 1.036
  endloop
 endfacet
  facet normal 0 0 0
    outer loop
   vertex 30.535 13.365 1.036
   vertex 30.365 13.365 1.036
   vertex 30.365 13.175 1.036
  endloop
 endfacet
  facet normal 0 0 0
    outer loop
   vertex 30.535 13.175 1.036
   vertex 30.535 13.365 1.036
   vertex 30.365 13.175 1.036
  endloop
 endfacet
  facet normal 0 0 0
    outer loop
   vertex 30.535 13.725 1.036
   vertex 30.365 13.725 1.036
   vertex 30.365 13.535 1.036
  endloop
 endfacet
  facet normal 0 0 0
    outer loop
   vertex 30.535 13.535 1.036
   vertex 30.535 13.725 1.036
   vertex 30.365 13.535 1.036
  endloop
 endfacet
  facet normal 0 0 0
    outer loop
   vertex 30.535 14.085 1.036
   vertex 30.365 14.085 1.036
   vertex 30.365 13.895 1.036
  endloop
 endfacet
  facet normal 0 0 0
    outer loop
   vertex 30.535 13.895 1.036
   vertex 30.535 14.085 1.036
   vertex 30.365 13.895 1.036
  endloop
 endfacet
  facet normal 0 0 0
    outer loop
   vertex 30.535 14.445 1.036
   vertex 30.365 14.445 1.036
   vertex 30.365 14.255 1.036
  endloop
 endfacet
  facet normal 0 0 0
    outer loop
   vertex 30.535 14.255 1.036
   vertex 30.535 14.445 1.036
   vertex 30.365 14.255 1.036
  endloop
 endfacet
  facet normal 0 0 0
    outer loop
   vertex 30.535 14.805 1.036
   vertex 30.365 14.805 1.036
   vertex 30.365 14.615 1.036
  endloop
 endfacet
  facet normal 0 0 0
    outer loop
   vertex 30.535 14.615 1.036
   vertex 30.535 14.805 1.036
   vertex 30.365 14.615 1.036
  endloop
 endfacet
  facet normal 0 0 0
    outer loop
   vertex 30.535 15.165 1.036
   vertex 30.365 15.165 1.036
   vertex 30.365 14.975 1.036
  endloop
 endfacet
  facet normal 0 0 0
    outer loop
   vertex 30.535 14.975 1.036
   vertex 30.535 15.165 1.036
   vertex 30.365 14.975 1.036
  endloop
 endfacet
  facet normal 0 0 0
    outer loop
   vertex 30.535 15.525 1.036
   vertex 30.365 15.525 1.036
   vertex 30.365 15.335 1.036
  endloop
 endfacet
  facet normal 0 0 0
    outer loop
   vertex 30.535 15.335 1.036
   vertex 30.535 15.525 1.036
   vertex 30.365 15.335 1.036
  endloop
 endfacet
  facet normal 0 0 0
    outer loop
   vertex 30.535 15.885 1.036
   vertex 30.365 15.885 1.036
   vertex 30.365 15.695 1.036
  endloop
 endfacet
  facet normal 0 0 0
    outer loop
   vertex 30.535 15.695 1.036
   vertex 30.535 15.885 1.036
   vertex 30.365 15.695 1.036
  endloop
 endfacet
  facet normal 0 0 0
    outer loop
   vertex 30.535 16.135 1.036
   vertex 30.365 16.135 1.036
   vertex 30.365 16.055 1.036
  endloop
 endfacet
  facet normal 0 0 0
    outer loop
   vertex 30.535 16.055 1.036
   vertex 30.535 16.135 1.036
   vertex 30.365 16.055 1.036
  endloop
 endfacet
  facet normal 0 0 0
    outer loop
   vertex -4.435 12.835 0.936
   vertex -4.435 12.835 1.036
   vertex -4.605 12.835 1.036
  endloop
 endfacet
  facet normal 0 0 0
    outer loop
   vertex -4.435 12.835 0.936
   vertex -4.605 12.835 1.036
   vertex -4.605 12.835 0.936
  endloop
 endfacet
  facet normal 0 0 0
    outer loop
   vertex -4.605 12.835 0.936
   vertex -4.605 12.835 1.036
   vertex -4.605 12.915 1.036
  endloop
 endfacet
  facet normal 0 0 0
    outer loop
   vertex -4.605 12.915 1.036
   vertex -4.605 12.915 1.111
   vertex -4.605 13.085 1.111
  endloop
 endfacet
  facet normal 0 0 0
    outer loop
   vertex -4.605 12.835 0.936
   vertex -4.605 12.915 1.036
   vertex -4.605 13.085 1.036
  endloop
 endfacet
  facet normal 0 0 0
    outer loop
   vertex -4.605 12.915 1.036
   vertex -4.605 13.085 1.111
   vertex -4.605 13.085 1.036
  endloop
 endfacet
  facet normal 0 0 0
    outer loop
   vertex -4.605 12.835 0.936
   vertex -4.605 13.085 1.036
   vertex -4.605 13.165 0.936
  endloop
 endfacet
  facet normal 0 0 0
    outer loop
   vertex -4.605 13.165 0.936
   vertex -4.605 13.085 1.036
   vertex -4.605 13.165 1.036
  endloop
 endfacet
  facet normal 0 0 0
    outer loop
   vertex -4.605 13.165 0.936
   vertex -4.605 13.165 1.036
   vertex -4.435 13.165 1.036
  endloop
 endfacet
  facet normal 0 0 0
    outer loop
   vertex -4.605 13.165 0.936
   vertex -4.435 13.165 1.036
   vertex -4.435 13.165 0.936
  endloop
 endfacet
  facet normal 0 0 0
    outer loop
   vertex -4.435 13.165 0.936
   vertex -4.435 13.165 1.036
   vertex -4.435 13.085 1.036
  endloop
 endfacet
  facet normal 0 0 0
    outer loop
   vertex -4.435 13.085 1.036
   vertex -4.435 13.085 1.111
   vertex -4.435 12.915 1.111
  endloop
 endfacet
  facet normal 0 0 0
    outer loop
   vertex -4.435 13.165 0.936
   vertex -4.435 13.085 1.036
   vertex -4.435 12.915 1.036
  endloop
 endfacet
  facet normal 0 0 0
    outer loop
   vertex -4.435 13.085 1.036
   vertex -4.435 12.915 1.111
   vertex -4.435 12.915 1.036
  endloop
 endfacet
  facet normal 0 0 0
    outer loop
   vertex -4.435 13.165 0.936
   vertex -4.435 12.915 1.036
   vertex -4.435 12.835 0.936
  endloop
 endfacet
  facet normal 0 0 0
    outer loop
   vertex -4.435 12.835 0.936
   vertex -4.435 12.915 1.036
   vertex -4.435 12.835 1.036
  endloop
 endfacet
  facet normal 0 0 0
    outer loop
   vertex 30.535 12.925 0.936
   vertex 30.535 12.925 1.036
   vertex 30.365 12.925 1.036
  endloop
 endfacet
  facet normal 0 0 0
    outer loop
   vertex 30.535 12.925 0.936
   vertex 30.365 12.925 1.036
   vertex 30.365 12.925 0.936
  endloop
 endfacet
  facet normal 0 0 0
    outer loop
   vertex 30.535 16.135 0.936
   vertex 30.535 16.135 1.036
   vertex 30.535 16.055 1.036
  endloop
 endfacet
  facet normal 0 0 0
    outer loop
   vertex 30.535 16.055 1.036
   vertex 30.535 16.055 1.111
   vertex 30.535 15.885 1.111
  endloop
 endfacet
  facet normal 0 0 0
    outer loop
   vertex 30.535 16.135 0.936
   vertex 30.535 16.055 1.036
   vertex 30.535 15.885 1.036
  endloop
 endfacet
  facet normal 0 0 0
    outer loop
   vertex 30.535 16.055 1.036
   vertex 30.535 15.885 1.111
   vertex 30.535 15.885 1.036
  endloop
 endfacet
  facet normal 0 0 0
    outer loop
   vertex 30.535 15.695 1.036
   vertex 30.535 15.695 1.111
   vertex 30.535 15.525 1.111
  endloop
 endfacet
  facet normal 0 0 0
    outer loop
   vertex 30.535 15.695 1.036
   vertex 30.535 15.525 1.111
   vertex 30.535 15.525 1.036
  endloop
 endfacet
  facet normal 0 0 0
    outer loop
   vertex 30.535 15.335 1.036
   vertex 30.535 15.335 1.111
   vertex 30.535 15.165 1.111
  endloop
 endfacet
  facet normal 0 0 0
    outer loop
   vertex 30.535 15.335 1.036
   vertex 30.535 15.165 1.111
   vertex 30.535 15.165 1.036
  endloop
 endfacet
  facet normal 0 0 0
    outer loop
   vertex 30.535 14.975 1.036
   vertex 30.535 14.975 1.111
   vertex 30.535 14.805 1.111
  endloop
 endfacet
  facet normal 0 0 0
    outer loop
   vertex 30.535 14.975 1.036
   vertex 30.535 14.805 1.111
   vertex 30.535 14.805 1.036
  endloop
 endfacet
  facet normal 0 0 0
    outer loop
   vertex 30.535 14.615 1.036
   vertex 30.535 14.615 1.111
   vertex 30.535 14.445 1.111
  endloop
 endfacet
  facet normal 0 0 0
    outer loop
   vertex 30.535 14.615 1.036
   vertex 30.535 14.445 1.111
   vertex 30.535 14.445 1.036
  endloop
 endfacet
  facet normal 0 0 0
    outer loop
   vertex 30.535 14.255 1.036
   vertex 30.535 14.255 1.111
   vertex 30.535 14.085 1.111
  endloop
 endfacet
  facet normal 0 0 0
    outer loop
   vertex 30.535 14.255 1.036
   vertex 30.535 14.085 1.111
   vertex 30.535 14.085 1.036
  endloop
 endfacet
  facet normal 0 0 0
    outer loop
   vertex 30.535 13.895 1.036
   vertex 30.535 13.895 1.111
   vertex 30.535 13.725 1.111
  endloop
 endfacet
  facet normal 0 0 0
    outer loop
   vertex 30.535 13.895 1.036
   vertex 30.535 13.725 1.111
   vertex 30.535 13.725 1.036
  endloop
 endfacet
  facet normal 0 0 0
    outer loop
   vertex 30.535 13.535 1.036
   vertex 30.535 13.535 1.111
   vertex 30.535 13.365 1.111
  endloop
 endfacet
  facet normal 0 0 0
    outer loop
   vertex 30.535 13.535 1.036
   vertex 30.535 13.365 1.111
   vertex 30.535 13.365 1.036
  endloop
 endfacet
  facet normal 0 0 0
    outer loop
   vertex 30.535 13.175 1.036
   vertex 30.535 13.175 1.111
   vertex 30.535 13.005 1.111
  endloop
 endfacet
  facet normal 0 0 0
    outer loop
   vertex 30.535 13.175 1.036
   vertex 30.535 13.005 1.111
   vertex 30.535 13.005 1.036
  endloop
 endfacet
  facet normal 0 0 0
    outer loop
   vertex 30.535 12.925 0.936
   vertex 30.535 13.005 1.036
   vertex 30.535 12.925 1.036
  endloop
 endfacet
  facet normal 0 0 0
    outer loop
   vertex 30.535 12.925 0.936
   vertex 30.535 13.175 1.036
   vertex 30.535 13.005 1.036
  endloop
 endfacet
  facet normal 0 0 0
    outer loop
   vertex 30.535 14.53 0.936
   vertex 30.535 14.615 1.036
   vertex 30.535 14.445 1.036
  endloop
 endfacet
  facet normal 0 0 0
    outer loop
   vertex 30.535 14.53 0.936
   vertex 30.535 14.445 1.036
   vertex 30.535 14.255 1.036
  endloop
 endfacet
  facet normal 0 0 0
    outer loop
   vertex 30.535 14.53 0.936
   vertex 30.535 14.805 1.036
   vertex 30.535 14.615 1.036
  endloop
 endfacet
  facet normal 0 0 0
    outer loop
   vertex 30.535 15.333 0.936
   vertex 30.535 15.525 1.036
   vertex 30.535 15.335 1.036
  endloop
 endfacet
  facet normal 0 0 0
    outer loop
   vertex 30.535 15.333 0.936
   vertex 30.535 15.335 1.036
   vertex 30.535 15.165 1.036
  endloop
 endfacet
  facet normal 0 0 0
    outer loop
   vertex 30.535 13.728 0.936
   vertex 30.535 13.725 1.036
   vertex 30.535 13.535 1.036
  endloop
 endfacet
  facet normal 0 0 0
    outer loop
   vertex 30.535 13.728 0.936
   vertex 30.535 13.895 1.036
   vertex 30.535 13.725 1.036
  endloop
 endfacet
  facet normal 0 0 0
    outer loop
   vertex 30.535 14.129 0.936
   vertex 30.535 14.255 1.036
   vertex 30.535 14.085 1.036
  endloop
 endfacet
  facet normal 0 0 0
    outer loop
   vertex 30.535 14.53 0.936
   vertex 30.535 14.255 1.036
   vertex 30.535 14.129 0.936
  endloop
 endfacet
  facet normal 0 0 0
    outer loop
   vertex 30.535 14.129 0.936
   vertex 30.535 13.895 1.036
   vertex 30.535 13.728 0.936
  endloop
 endfacet
  facet normal 0 0 0
    outer loop
   vertex 30.535 14.129 0.936
   vertex 30.535 14.085 1.036
   vertex 30.535 13.895 1.036
  endloop
 endfacet
  facet normal 0 0 0
    outer loop
   vertex 30.535 14.931 0.936
   vertex 30.535 14.975 1.036
   vertex 30.535 14.805 1.036
  endloop
 endfacet
  facet normal 0 0 0
    outer loop
   vertex 30.535 14.931 0.936
   vertex 30.535 14.805 1.036
   vertex 30.535 14.53 0.936
  endloop
 endfacet
  facet normal 0 0 0
    outer loop
   vertex 30.535 14.931 0.936
   vertex 30.535 15.165 1.036
   vertex 30.535 14.975 1.036
  endloop
 endfacet
  facet normal 0 0 0
    outer loop
   vertex 30.535 15.333 0.936
   vertex 30.535 15.165 1.036
   vertex 30.535 14.931 0.936
  endloop
 endfacet
  facet normal 0 0 0
    outer loop
   vertex 30.535 16.135 0.936
   vertex 30.535 15.885 1.036
   vertex 30.535 15.734 0.936
  endloop
 endfacet
  facet normal 0 0 0
    outer loop
   vertex 30.535 15.734 0.936
   vertex 30.535 15.885 1.036
   vertex 30.535 15.695 1.036
  endloop
 endfacet
  facet normal 0 0 0
    outer loop
   vertex 30.535 15.734 0.936
   vertex 30.535 15.695 1.036
   vertex 30.535 15.525 1.036
  endloop
 endfacet
  facet normal 0 0 0
    outer loop
   vertex 30.535 15.734 0.936
   vertex 30.535 15.525 1.036
   vertex 30.535 15.333 0.936
  endloop
 endfacet
  facet normal 0 0 0
    outer loop
   vertex 30.535 13.326 0.936
   vertex 30.535 13.365 1.036
   vertex 30.535 13.175 1.036
  endloop
 endfacet
  facet normal 0 0 0
    outer loop
   vertex 30.535 13.326 0.936
   vertex 30.535 13.175 1.036
   vertex 30.535 12.925 0.936
  endloop
 endfacet
  facet normal 0 0 0
    outer loop
   vertex 30.535 13.326 0.936
   vertex 30.535 13.535 1.036
   vertex 30.535 13.365 1.036
  endloop
 endfacet
  facet normal 0 0 0
    outer loop
   vertex 30.535 13.728 0.936
   vertex 30.535 13.535 1.036
   vertex 30.535 13.326 0.936
  endloop
 endfacet
  facet normal 0 0 0
    outer loop
   vertex 30.365 12.925 0.936
   vertex 30.365 12.925 1.036
   vertex 30.365 13.005 1.036
  endloop
 endfacet
  facet normal 0 0 0
    outer loop
   vertex 30.365 13.005 1.036
   vertex 30.365 13.005 1.111
   vertex 30.365 13.175 1.111
  endloop
 endfacet
  facet normal 0 0 0
    outer loop
   vertex 30.365 12.925 0.936
   vertex 30.365 13.005 1.036
   vertex 30.365 13.175 1.036
  endloop
 endfacet
  facet normal 0 0 0
    outer loop
   vertex 30.365 13.005 1.036
   vertex 30.365 13.175 1.111
   vertex 30.365 13.175 1.036
  endloop
 endfacet
  facet normal 0 0 0
    outer loop
   vertex 30.365 13.365 1.036
   vertex 30.365 13.365 1.111
   vertex 30.365 13.535 1.111
  endloop
 endfacet
  facet normal 0 0 0
    outer loop
   vertex 30.365 13.365 1.036
   vertex 30.365 13.535 1.111
   vertex 30.365 13.535 1.036
  endloop
 endfacet
  facet normal 0 0 0
    outer loop
   vertex 30.365 13.725 1.036
   vertex 30.365 13.725 1.111
   vertex 30.365 13.895 1.111
  endloop
 endfacet
  facet normal 0 0 0
    outer loop
   vertex 30.365 13.725 1.036
   vertex 30.365 13.895 1.111
   vertex 30.365 13.895 1.036
  endloop
 endfacet
  facet normal 0 0 0
    outer loop
   vertex 30.365 14.085 1.036
   vertex 30.365 14.085 1.111
   vertex 30.365 14.255 1.111
  endloop
 endfacet
  facet normal 0 0 0
    outer loop
   vertex 30.365 14.085 1.036
   vertex 30.365 14.255 1.111
   vertex 30.365 14.255 1.036
  endloop
 endfacet
  facet normal 0 0 0
    outer loop
   vertex 30.365 14.445 1.036
   vertex 30.365 14.445 1.111
   vertex 30.365 14.615 1.111
  endloop
 endfacet
  facet normal 0 0 0
    outer loop
   vertex 30.365 14.445 1.036
   vertex 30.365 14.615 1.111
   vertex 30.365 14.615 1.036
  endloop
 endfacet
  facet normal 0 0 0
    outer loop
   vertex 30.365 14.805 1.036
   vertex 30.365 14.805 1.111
   vertex 30.365 14.975 1.111
  endloop
 endfacet
  facet normal 0 0 0
    outer loop
   vertex 30.365 14.805 1.036
   vertex 30.365 14.975 1.111
   vertex 30.365 14.975 1.036
  endloop
 endfacet
  facet normal 0 0 0
    outer loop
   vertex 30.365 15.165 1.036
   vertex 30.365 15.165 1.111
   vertex 30.365 15.335 1.111
  endloop
 endfacet
  facet normal 0 0 0
    outer loop
   vertex 30.365 15.165 1.036
   vertex 30.365 15.335 1.111
   vertex 30.365 15.335 1.036
  endloop
 endfacet
  facet normal 0 0 0
    outer loop
   vertex 30.365 15.525 1.036
   vertex 30.365 15.525 1.111
   vertex 30.365 15.695 1.111
  endloop
 endfacet
  facet normal 0 0 0
    outer loop
   vertex 30.365 15.525 1.036
   vertex 30.365 15.695 1.111
   vertex 30.365 15.695 1.036
  endloop
 endfacet
  facet normal 0 0 0
    outer loop
   vertex 30.365 15.885 1.036
   vertex 30.365 15.885 1.111
   vertex 30.365 16.055 1.111
  endloop
 endfacet
  facet normal 0 0 0
    outer loop
   vertex 30.365 15.885 1.036
   vertex 30.365 16.055 1.111
   vertex 30.365 16.055 1.036
  endloop
 endfacet
  facet normal 0 0 0
    outer loop
   vertex 30.365 16.135 0.936
   vertex 30.365 16.055 1.036
   vertex 30.365 16.135 1.036
  endloop
 endfacet
  facet normal 0 0 0
    outer loop
   vertex 30.365 16.135 0.936
   vertex 30.365 15.885 1.036
   vertex 30.365 16.055 1.036
  endloop
 endfacet
  facet normal 0 0 0
    outer loop
   vertex 30.365 14.53 0.936
   vertex 30.365 14.445 1.036
   vertex 30.365 14.615 1.036
  endloop
 endfacet
  facet normal 0 0 0
    outer loop
   vertex 30.365 14.53 0.936
   vertex 30.365 14.615 1.036
   vertex 30.365 14.805 1.036
  endloop
 endfacet
  facet normal 0 0 0
    outer loop
   vertex 30.365 14.53 0.936
   vertex 30.365 14.255 1.036
   vertex 30.365 14.445 1.036
  endloop
 endfacet
  facet normal 0 0 0
    outer loop
   vertex 30.365 13.728 0.936
   vertex 30.365 13.535 1.036
   vertex 30.365 13.725 1.036
  endloop
 endfacet
  facet normal 0 0 0
    outer loop
   vertex 30.365 13.728 0.936
   vertex 30.365 13.725 1.036
   vertex 30.365 13.895 1.036
  endloop
 endfacet
  facet normal 0 0 0
    outer loop
   vertex 30.365 15.333 0.936
   vertex 30.365 15.335 1.036
   vertex 30.365 15.525 1.036
  endloop
 endfacet
  facet normal 0 0 0
    outer loop
   vertex 30.365 15.333 0.936
   vertex 30.365 15.165 1.036
   vertex 30.365 15.335 1.036
  endloop
 endfacet
  facet normal 0 0 0
    outer loop
   vertex 30.365 14.931 0.936
   vertex 30.365 14.805 1.036
   vertex 30.365 14.975 1.036
  endloop
 endfacet
  facet normal 0 0 0
    outer loop
   vertex 30.365 14.53 0.936
   vertex 30.365 14.805 1.036
   vertex 30.365 14.931 0.936
  endloop
 endfacet
  facet normal 0 0 0
    outer loop
   vertex 30.365 14.931 0.936
   vertex 30.365 15.165 1.036
   vertex 30.365 15.333 0.936
  endloop
 endfacet
  facet normal 0 0 0
    outer loop
   vertex 30.365 14.931 0.936
   vertex 30.365 14.975 1.036
   vertex 30.365 15.165 1.036
  endloop
 endfacet
  facet normal 0 0 0
    outer loop
   vertex 30.365 14.129 0.936
   vertex 30.365 14.085 1.036
   vertex 30.365 14.255 1.036
  endloop
 endfacet
  facet normal 0 0 0
    outer loop
   vertex 30.365 14.129 0.936
   vertex 30.365 14.255 1.036
   vertex 30.365 14.53 0.936
  endloop
 endfacet
  facet normal 0 0 0
    outer loop
   vertex 30.365 14.129 0.936
   vertex 30.365 13.895 1.036
   vertex 30.365 14.085 1.036
  endloop
 endfacet
  facet normal 0 0 0
    outer loop
   vertex 30.365 13.728 0.936
   vertex 30.365 13.895 1.036
   vertex 30.365 14.129 0.936
  endloop
 endfacet
  facet normal 0 0 0
    outer loop
   vertex 30.365 12.925 0.936
   vertex 30.365 13.175 1.036
   vertex 30.365 13.326 0.936
  endloop
 endfacet
  facet normal 0 0 0
    outer loop
   vertex 30.365 13.326 0.936
   vertex 30.365 13.175 1.036
   vertex 30.365 13.365 1.036
  endloop
 endfacet
  facet normal 0 0 0
    outer loop
   vertex 30.365 13.326 0.936
   vertex 30.365 13.365 1.036
   vertex 30.365 13.535 1.036
  endloop
 endfacet
  facet normal 0 0 0
    outer loop
   vertex 30.365 13.326 0.936
   vertex 30.365 13.535 1.036
   vertex 30.365 13.728 0.936
  endloop
 endfacet
  facet normal 0 0 0
    outer loop
   vertex 30.365 15.734 0.936
   vertex 30.365 15.695 1.036
   vertex 30.365 15.885 1.036
  endloop
 endfacet
  facet normal 0 0 0
    outer loop
   vertex 30.365 15.734 0.936
   vertex 30.365 15.885 1.036
   vertex 30.365 16.135 0.936
  endloop
 endfacet
  facet normal 0 0 0
    outer loop
   vertex 30.365 15.734 0.936
   vertex 30.365 15.525 1.036
   vertex 30.365 15.695 1.036
  endloop
 endfacet
  facet normal 0 0 0
    outer loop
   vertex 30.365 15.333 0.936
   vertex 30.365 15.525 1.036
   vertex 30.365 15.734 0.936
  endloop
 endfacet
  facet normal 0 0 0
    outer loop
   vertex 30.365 16.135 0.936
   vertex 30.365 16.135 1.036
   vertex 30.535 16.135 1.036
  endloop
 endfacet
  facet normal 0 0 0
    outer loop
   vertex 30.365 16.135 0.936
   vertex 30.535 16.135 1.036
   vertex 30.535 16.135 0.936
  endloop
 endfacet
  facet normal 0 0 0
    outer loop
   vertex -4.435 12.915 1.036
   vertex -4.435 12.915 1.111
   vertex -4.605 12.915 1.111
  endloop
 endfacet
  facet normal 0 0 0
    outer loop
   vertex -4.435 12.915 1.036
   vertex -4.605 12.915 1.111
   vertex -4.605 12.915 1.036
  endloop
 endfacet
  facet normal 0 0 0
    outer loop
   vertex -4.605 13.085 1.036
   vertex -4.605 13.085 1.111
   vertex -4.435 13.085 1.111
  endloop
 endfacet
  facet normal 0 0 0
    outer loop
   vertex -4.605 13.085 1.036
   vertex -4.435 13.085 1.111
   vertex -4.435 13.085 1.036
  endloop
 endfacet
  facet normal 0 0 0
    outer loop
   vertex 30.365 13.175 1.036
   vertex 30.365 13.175 1.111
   vertex 30.535 13.175 1.111
  endloop
 endfacet
  facet normal 0 0 0
    outer loop
   vertex 30.365 13.175 1.036
   vertex 30.535 13.175 1.111
   vertex 30.535 13.175 1.036
  endloop
 endfacet
  facet normal 0 0 0
    outer loop
   vertex 30.535 13.005 1.036
   vertex 30.535 13.005 1.111
   vertex 30.365 13.005 1.111
  endloop
 endfacet
  facet normal 0 0 0
    outer loop
   vertex 30.535 13.005 1.036
   vertex 30.365 13.005 1.111
   vertex 30.365 13.005 1.036
  endloop
 endfacet
  facet normal 0 0 0
    outer loop
   vertex 30.535 13.365 1.036
   vertex 30.535 13.365 1.111
   vertex 30.365 13.365 1.111
  endloop
 endfacet
  facet normal 0 0 0
    outer loop
   vertex 30.535 13.365 1.036
   vertex 30.365 13.365 1.111
   vertex 30.365 13.365 1.036
  endloop
 endfacet
  facet normal 0 0 0
    outer loop
   vertex 30.365 13.535 1.036
   vertex 30.365 13.535 1.111
   vertex 30.535 13.535 1.111
  endloop
 endfacet
  facet normal 0 0 0
    outer loop
   vertex 30.365 13.535 1.036
   vertex 30.535 13.535 1.111
   vertex 30.535 13.535 1.036
  endloop
 endfacet
  facet normal 0 0 0
    outer loop
   vertex 30.535 13.725 1.036
   vertex 30.535 13.725 1.111
   vertex 30.365 13.725 1.111
  endloop
 endfacet
  facet normal 0 0 0
    outer loop
   vertex 30.535 13.725 1.036
   vertex 30.365 13.725 1.111
   vertex 30.365 13.725 1.036
  endloop
 endfacet
  facet normal 0 0 0
    outer loop
   vertex 30.365 14.255 1.036
   vertex 30.365 14.255 1.111
   vertex 30.535 14.255 1.111
  endloop
 endfacet
  facet normal 0 0 0
    outer loop
   vertex 30.365 14.255 1.036
   vertex 30.535 14.255 1.111
   vertex 30.535 14.255 1.036
  endloop
 endfacet
  facet normal 0 0 0
    outer loop
   vertex 30.365 13.895 1.036
   vertex 30.365 13.895 1.111
   vertex 30.535 13.895 1.111
  endloop
 endfacet
  facet normal 0 0 0
    outer loop
   vertex 30.365 13.895 1.036
   vertex 30.535 13.895 1.111
   vertex 30.535 13.895 1.036
  endloop
 endfacet
  facet normal 0 0 0
    outer loop
   vertex 30.535 14.085 1.036
   vertex 30.535 14.085 1.111
   vertex 30.365 14.085 1.111
  endloop
 endfacet
  facet normal 0 0 0
    outer loop
   vertex 30.535 14.085 1.036
   vertex 30.365 14.085 1.111
   vertex 30.365 14.085 1.036
  endloop
 endfacet
  facet normal 0 0 0
    outer loop
   vertex 30.535 14.445 1.036
   vertex 30.535 14.445 1.111
   vertex 30.365 14.445 1.111
  endloop
 endfacet
  facet normal 0 0 0
    outer loop
   vertex 30.535 14.445 1.036
   vertex 30.365 14.445 1.111
   vertex 30.365 14.445 1.036
  endloop
 endfacet
  facet normal 0 0 0
    outer loop
   vertex 30.365 14.615 1.036
   vertex 30.365 14.615 1.111
   vertex 30.535 14.615 1.111
  endloop
 endfacet
  facet normal 0 0 0
    outer loop
   vertex 30.365 14.615 1.036
   vertex 30.535 14.615 1.111
   vertex 30.535 14.615 1.036
  endloop
 endfacet
  facet normal 0 0 0
    outer loop
   vertex 30.535 14.805 1.036
   vertex 30.535 14.805 1.111
   vertex 30.365 14.805 1.111
  endloop
 endfacet
  facet normal 0 0 0
    outer loop
   vertex 30.535 14.805 1.036
   vertex 30.365 14.805 1.111
   vertex 30.365 14.805 1.036
  endloop
 endfacet
  facet normal 0 0 0
    outer loop
   vertex 30.365 14.975 1.036
   vertex 30.365 14.975 1.111
   vertex 30.535 14.975 1.111
  endloop
 endfacet
  facet normal 0 0 0
    outer loop
   vertex 30.365 14.975 1.036
   vertex 30.535 14.975 1.111
   vertex 30.535 14.975 1.036
  endloop
 endfacet
  facet normal 0 0 0
    outer loop
   vertex 30.535 15.165 1.036
   vertex 30.535 15.165 1.111
   vertex 30.365 15.165 1.111
  endloop
 endfacet
  facet normal 0 0 0
    outer loop
   vertex 30.535 15.165 1.036
   vertex 30.365 15.165 1.111
   vertex 30.365 15.165 1.036
  endloop
 endfacet
  facet normal 0 0 0
    outer loop
   vertex 30.535 15.525 1.036
   vertex 30.535 15.525 1.111
   vertex 30.365 15.525 1.111
  endloop
 endfacet
  facet normal 0 0 0
    outer loop
   vertex 30.535 15.525 1.036
   vertex 30.365 15.525 1.111
   vertex 30.365 15.525 1.036
  endloop
 endfacet
  facet normal 0 0 0
    outer loop
   vertex 30.365 15.335 1.036
   vertex 30.365 15.335 1.111
   vertex 30.535 15.335 1.111
  endloop
 endfacet
  facet normal 0 0 0
    outer loop
   vertex 30.365 15.335 1.036
   vertex 30.535 15.335 1.111
   vertex 30.535 15.335 1.036
  endloop
 endfacet
  facet normal 0 0 0
    outer loop
   vertex 30.365 15.695 1.036
   vertex 30.365 15.695 1.111
   vertex 30.535 15.695 1.111
  endloop
 endfacet
  facet normal 0 0 0
    outer loop
   vertex 30.365 15.695 1.036
   vertex 30.535 15.695 1.111
   vertex 30.535 15.695 1.036
  endloop
 endfacet
  facet normal 0 0 0
    outer loop
   vertex 30.535 15.885 1.036
   vertex 30.535 15.885 1.111
   vertex 30.365 15.885 1.111
  endloop
 endfacet
  facet normal 0 0 0
    outer loop
   vertex 30.535 15.885 1.036
   vertex 30.365 15.885 1.111
   vertex 30.365 15.885 1.036
  endloop
 endfacet
  facet normal 0 0 0
    outer loop
   vertex 30.365 16.055 1.036
   vertex 30.365 16.055 1.111
   vertex 30.535 16.055 1.111
  endloop
 endfacet
  facet normal 0 0 0
    outer loop
   vertex 30.365 16.055 1.036
   vertex 30.535 16.055 1.111
   vertex 30.535 16.055 1.036
  endloop
 endfacet
  facet normal 0 0 0
    outer loop
   vertex 30.565 13.72 1.376
   vertex 30.535 13.725 1.376
   vertex 30.565 13.821 1.376
  endloop
 endfacet
  facet normal 0 0 0
    outer loop
   vertex 30.535 13.725 1.376
   vertex 30.535 13.895 1.376
   vertex 30.565 13.821 1.376
  endloop
 endfacet
  facet normal 0 0 0
    outer loop
   vertex 29.015 12.91 1.376
   vertex 29.015 14.53 1.376
   vertex 29.819 13.81 1.376
  endloop
 endfacet
  facet normal 0 0 0
    outer loop
   vertex 29.015 12.91 1.376
   vertex 29.819 13.81 1.376
   vertex 29.973 13.27 1.376
  endloop
 endfacet
  facet normal 0 0 0
    outer loop
   vertex 30.365 13.535 1.376
   vertex 29.819 13.81 1.376
   vertex 30.365 13.725 1.376
  endloop
 endfacet
  facet normal 0 0 0
    outer loop
   vertex 29.973 13.27 1.376
   vertex 29.819 13.81 1.376
   vertex 30.365 13.535 1.376
  endloop
 endfacet
  facet normal 0 0 0
    outer loop
   vertex 30.365 13.725 1.376
   vertex 29.819 13.81 1.376
   vertex 30.365 13.895 1.376
  endloop
 endfacet
  facet normal 0 0 0
    outer loop
   vertex 30.535 15.695 1.376
   vertex 30.45 15.78 1.376
   vertex 30.565 15.745 1.376
  endloop
 endfacet
  facet normal 0 0 0
    outer loop
   vertex 30.565 15.846 1.376
   vertex 30.535 15.885 1.376
   vertex 30.565 15.948 1.376
  endloop
 endfacet
  facet normal 0 0 0
    outer loop
   vertex 30.565 15.745 1.376
   vertex 30.45 15.78 1.376
   vertex 30.565 15.846 1.376
  endloop
 endfacet
  facet normal 0 0 0
    outer loop
   vertex 30.45 15.78 1.376
   vertex 30.535 15.885 1.376
   vertex 30.565 15.846 1.376
  endloop
 endfacet
  facet normal 0 0 0
    outer loop
   vertex 30.365 16.055 1.376
   vertex 30.178 16.15 1.376
   vertex 30.565 16.15 1.376
  endloop
 endfacet
  facet normal 0 0 0
    outer loop
   vertex 30.365 15.885 1.376
   vertex 30.178 16.15 1.376
   vertex 30.365 16.055 1.376
  endloop
 endfacet
  facet normal 0 0 0
    outer loop
   vertex 29.973 15.79 1.376
   vertex 29.015 16.15 1.376
   vertex 29.79 16.15 1.376
  endloop
 endfacet
  facet normal 0 0 0
    outer loop
   vertex 30.365 15.525 1.376
   vertex 29.973 15.79 1.376
   vertex 30.365 15.695 1.376
  endloop
 endfacet
  facet normal 0 0 0
    outer loop
   vertex 30.365 15.695 1.376
   vertex 29.973 15.79 1.376
   vertex 30.365 15.885 1.376
  endloop
 endfacet
  facet normal 0 0 0
    outer loop
   vertex 29.973 15.79 1.376
   vertex 30.178 16.15 1.376
   vertex 30.365 15.885 1.376
  endloop
 endfacet
  facet normal 0 0 0
    outer loop
   vertex 29.973 15.79 1.376
   vertex 29.79 16.15 1.376
   vertex 30.178 16.15 1.376
  endloop
 endfacet
  facet normal 0 0 0
    outer loop
   vertex 30.535 14.085 1.376
   vertex 30.535 14.17 1.376
   vertex 30.565 14.125 1.376
  endloop
 endfacet
  facet normal 0 0 0
    outer loop
   vertex 30.535 14.89 1.376
   vertex 30.535 14.975 1.376
   vertex 30.565 14.935 1.376
  endloop
 endfacet
  facet normal 0 0 0
    outer loop
   vertex 29.015 14.53 1.376
   vertex 29.015 16.15 1.376
   vertex 29.681 14.71 1.376
  endloop
 endfacet
  facet normal 0 0 0
    outer loop
   vertex 30.535 15.525 1.376
   vertex 30.535 15.61 1.376
   vertex 30.565 15.543 1.376
  endloop
 endfacet
  facet normal 0 0 0
    outer loop
   vertex 30.565 15.441 1.376
   vertex 30.535 15.525 1.376
   vertex 30.565 15.543 1.376
  endloop
 endfacet
  facet normal 0 0 0
    outer loop
   vertex 30.535 15.335 1.376
   vertex 30.565 15.441 1.376
   vertex 30.565 15.34 1.376
  endloop
 endfacet
  facet normal 0 0 0
    outer loop
   vertex 30.365 15.335 1.376
   vertex 30.565 15.441 1.376
   vertex 30.535 15.335 1.376
  endloop
 endfacet
  facet normal 0 0 0
    outer loop
   vertex 30.565 15.441 1.376
   vertex 30.365 15.525 1.376
   vertex 30.535 15.525 1.376
  endloop
 endfacet
  facet normal 0 0 0
    outer loop
   vertex 30.365 15.335 1.376
   vertex 30.365 15.525 1.376
   vertex 30.565 15.441 1.376
  endloop
 endfacet
  facet normal 0 0 0
    outer loop
   vertex 30.565 14.226 1.376
   vertex 30.535 14.255 1.376
   vertex 30.565 14.328 1.376
  endloop
 endfacet
  facet normal 0 0 0
    outer loop
   vertex 30.535 14.17 1.376
   vertex 30.535 14.255 1.376
   vertex 30.565 14.226 1.376
  endloop
 endfacet
  facet normal 0 0 0
    outer loop
   vertex 30.565 14.125 1.376
   vertex 30.535 14.17 1.376
   vertex 30.565 14.226 1.376
  endloop
 endfacet
  facet normal 0 0 0
    outer loop
   vertex 30.565 14.429 1.376
   vertex 30.535 14.445 1.376
   vertex 30.565 14.53 1.376
  endloop
 endfacet
  facet normal 0 0 0
    outer loop
   vertex 30.565 14.024 1.376
   vertex 30.535 14.085 1.376
   vertex 30.565 14.125 1.376
  endloop
 endfacet
  facet normal 0 0 0
    outer loop
   vertex 30.565 13.821 1.376
   vertex 30.535 13.895 1.376
   vertex 30.565 13.923 1.376
  endloop
 endfacet
  facet normal 0 0 0
    outer loop
   vertex 30.365 16.055 1.376
   vertex 30.565 16.15 1.376
   vertex 30.535 16.055 1.376
  endloop
 endfacet
  facet normal 0 0 0
    outer loop
   vertex 30.535 14.445 1.376
   vertex 30.535 14.615 1.376
   vertex 30.565 14.53 1.376
  endloop
 endfacet
  facet normal 0 0 0
    outer loop
   vertex 30.565 14.733 1.376
   vertex 30.535 14.805 1.376
   vertex 30.565 14.834 1.376
  endloop
 endfacet
  facet normal 0 0 0
    outer loop
   vertex 30.535 14.805 1.376
   vertex 30.535 14.89 1.376
   vertex 30.565 14.834 1.376
  endloop
 endfacet
  facet normal 0 0 0
    outer loop
   vertex 30.565 14.834 1.376
   vertex 30.535 14.89 1.376
   vertex 30.565 14.935 1.376
  endloop
 endfacet
  facet normal 0 0 0
    outer loop
   vertex 30.565 14.53 1.376
   vertex 30.535 14.615 1.376
   vertex 30.565 14.631 1.376
  endloop
 endfacet
  facet normal 0 0 0
    outer loop
   vertex 30.565 14.935 1.376
   vertex 30.535 14.975 1.376
   vertex 30.565 15.036 1.376
  endloop
 endfacet
  facet normal 0 0 0
    outer loop
   vertex 30.365 14.805 1.376
   vertex 30.005 14.89 1.376
   vertex 30.365 14.975 1.376
  endloop
 endfacet
  facet normal 0 0 0
    outer loop
   vertex 30.365 14.615 1.376
   vertex 30.005 14.89 1.376
   vertex 30.365 14.805 1.376
  endloop
 endfacet
  facet normal 0 0 0
    outer loop
   vertex 29.935 14.35 1.376
   vertex 29.015 14.53 1.376
   vertex 29.681 14.71 1.376
  endloop
 endfacet
  facet normal 0 0 0
    outer loop
   vertex 30.365 14.085 1.376
   vertex 29.935 14.35 1.376
   vertex 30.365 14.255 1.376
  endloop
 endfacet
  facet normal 0 0 0
    outer loop
   vertex 30.365 14.255 1.376
   vertex 29.935 14.35 1.376
   vertex 30.365 14.445 1.376
  endloop
 endfacet
  facet normal 0 0 0
    outer loop
   vertex 29.935 14.35 1.376
   vertex 29.681 14.71 1.376
   vertex 30.005 14.89 1.376
  endloop
 endfacet
  facet normal 0 0 0
    outer loop
   vertex 29.935 14.35 1.376
   vertex 30.365 14.615 1.376
   vertex 30.365 14.445 1.376
  endloop
 endfacet
  facet normal 0 0 0
    outer loop
   vertex 29.935 14.35 1.376
   vertex 30.005 14.89 1.376
   vertex 30.365 14.615 1.376
  endloop
 endfacet
  facet normal 0 0 0
    outer loop
   vertex 30.565 15.543 1.376
   vertex 30.535 15.61 1.376
   vertex 30.565 15.644 1.376
  endloop
 endfacet
  facet normal 0 0 0
    outer loop
   vertex 30.565 15.644 1.376
   vertex 30.535 15.695 1.376
   vertex 30.565 15.745 1.376
  endloop
 endfacet
  facet normal 0 0 0
    outer loop
   vertex 30.535 15.61 1.376
   vertex 30.535 15.695 1.376
   vertex 30.565 15.644 1.376
  endloop
 endfacet
  facet normal 0 0 0
    outer loop
   vertex 30.518 14.378 1.376
   vertex 30.365 14.445 1.376
   vertex 30.535 14.445 1.376
  endloop
 endfacet
  facet normal 0 0 0
    outer loop
   vertex 30.518 14.378 1.376
   vertex 30.535 14.445 1.376
   vertex 30.565 14.429 1.376
  endloop
 endfacet
  facet normal 0 0 0
    outer loop
   vertex 30.565 14.328 1.376
   vertex 30.518 14.378 1.376
   vertex 30.565 14.429 1.376
  endloop
 endfacet
  facet normal 0 0 0
    outer loop
   vertex 30.365 14.255 1.376
   vertex 30.365 14.445 1.376
   vertex 30.518 14.378 1.376
  endloop
 endfacet
  facet normal 0 0 0
    outer loop
   vertex 30.535 14.255 1.376
   vertex 30.518 14.378 1.376
   vertex 30.565 14.328 1.376
  endloop
 endfacet
  facet normal 0 0 0
    outer loop
   vertex 30.365 14.255 1.376
   vertex 30.518 14.378 1.376
   vertex 30.535 14.255 1.376
  endloop
 endfacet
  facet normal 0 0 0
    outer loop
   vertex 30.365 13.895 1.376
   vertex 30.491 13.973 1.376
   vertex 30.535 13.895 1.376
  endloop
 endfacet
  facet normal 0 0 0
    outer loop
   vertex 30.535 13.895 1.376
   vertex 30.491 13.973 1.376
   vertex 30.565 13.923 1.376
  endloop
 endfacet
  facet normal 0 0 0
    outer loop
   vertex 30.565 13.923 1.376
   vertex 30.491 13.973 1.376
   vertex 30.565 14.024 1.376
  endloop
 endfacet
  facet normal 0 0 0
    outer loop
   vertex 30.365 13.895 1.376
   vertex 30.365 14.085 1.376
   vertex 30.491 13.973 1.376
  endloop
 endfacet
  facet normal 0 0 0
    outer loop
   vertex 30.491 13.973 1.376
   vertex 30.365 14.085 1.376
   vertex 30.535 14.085 1.376
  endloop
 endfacet
  facet normal 0 0 0
    outer loop
   vertex 30.491 13.973 1.376
   vertex 30.535 14.085 1.376
   vertex 30.565 14.024 1.376
  endloop
 endfacet
  facet normal 0 0 0
    outer loop
   vertex 30.365 14.615 1.376
   vertex 30.518 14.682 1.376
   vertex 30.535 14.615 1.376
  endloop
 endfacet
  facet normal 0 0 0
    outer loop
   vertex 30.535 14.615 1.376
   vertex 30.518 14.682 1.376
   vertex 30.565 14.631 1.376
  endloop
 endfacet
  facet normal 0 0 0
    outer loop
   vertex 30.565 14.631 1.376
   vertex 30.518 14.682 1.376
   vertex 30.565 14.733 1.376
  endloop
 endfacet
  facet normal 0 0 0
    outer loop
   vertex 30.365 14.615 1.376
   vertex 30.365 14.805 1.376
   vertex 30.518 14.682 1.376
  endloop
 endfacet
  facet normal 0 0 0
    outer loop
   vertex 30.518 14.682 1.376
   vertex 30.365 14.805 1.376
   vertex 30.535 14.805 1.376
  endloop
 endfacet
  facet normal 0 0 0
    outer loop
   vertex 30.518 14.682 1.376
   vertex 30.535 14.805 1.376
   vertex 30.565 14.733 1.376
  endloop
 endfacet
  facet normal 0 0 0
    outer loop
   vertex 30.491 15.087 1.376
   vertex 30.365 15.165 1.376
   vertex 30.535 15.165 1.376
  endloop
 endfacet
  facet normal 0 0 0
    outer loop
   vertex 30.491 15.087 1.376
   vertex 30.535 15.165 1.376
   vertex 30.565 15.138 1.376
  endloop
 endfacet
  facet normal 0 0 0
    outer loop
   vertex 30.565 15.036 1.376
   vertex 30.491 15.087 1.376
   vertex 30.565 15.138 1.376
  endloop
 endfacet
  facet normal 0 0 0
    outer loop
   vertex 30.365 14.975 1.376
   vertex 30.365 15.165 1.376
   vertex 30.491 15.087 1.376
  endloop
 endfacet
  facet normal 0 0 0
    outer loop
   vertex 30.365 14.975 1.376
   vertex 30.491 15.087 1.376
   vertex 30.535 14.975 1.376
  endloop
 endfacet
  facet normal 0 0 0
    outer loop
   vertex 30.535 14.975 1.376
   vertex 30.491 15.087 1.376
   vertex 30.565 15.036 1.376
  endloop
 endfacet
  facet normal 0 0 0
    outer loop
   vertex 30.565 15.138 1.376
   vertex 30.535 15.165 1.376
   vertex 30.565 15.239 1.376
  endloop
 endfacet
  facet normal 0 0 0
    outer loop
   vertex 30.535 15.165 1.376
   vertex 30.535 15.335 1.376
   vertex 30.565 15.239 1.376
  endloop
 endfacet
  facet normal 0 0 0
    outer loop
   vertex 30.565 15.239 1.376
   vertex 30.535 15.335 1.376
   vertex 30.565 15.34 1.376
  endloop
 endfacet
  facet normal 0 0 0
    outer loop
   vertex 30.015 15.25 1.376
   vertex 30.365 15.525 1.376
   vertex 30.365 15.335 1.376
  endloop
 endfacet
  facet normal 0 0 0
    outer loop
   vertex 30.015 15.25 1.376
   vertex 29.973 15.79 1.376
   vertex 30.365 15.525 1.376
  endloop
 endfacet
  facet normal 0 0 0
    outer loop
   vertex 30.365 15.165 1.376
   vertex 30.015 15.25 1.376
   vertex 30.365 15.335 1.376
  endloop
 endfacet
  facet normal 0 0 0
    outer loop
   vertex 29.681 14.71 1.376
   vertex 30.015 15.25 1.376
   vertex 30.005 14.89 1.376
  endloop
 endfacet
  facet normal 0 0 0
    outer loop
   vertex 30.015 15.25 1.376
   vertex 29.015 16.15 1.376
   vertex 29.973 15.79 1.376
  endloop
 endfacet
  facet normal 0 0 0
    outer loop
   vertex 29.681 14.71 1.376
   vertex 29.015 16.15 1.376
   vertex 30.015 15.25 1.376
  endloop
 endfacet
  facet normal 0 0 0
    outer loop
   vertex 30.365 14.975 1.376
   vertex 30.015 15.25 1.376
   vertex 30.365 15.165 1.376
  endloop
 endfacet
  facet normal 0 0 0
    outer loop
   vertex 30.005 14.89 1.376
   vertex 30.015 15.25 1.376
   vertex 30.365 14.975 1.376
  endloop
 endfacet
  facet normal 0 0 0
    outer loop
   vertex 29.819 13.81 1.376
   vertex 29.015 14.53 1.376
   vertex 29.935 14.35 1.376
  endloop
 endfacet
  facet normal 0 0 0
    outer loop
   vertex 30.565 15.948 1.376
   vertex 30.535 16.055 1.376
   vertex 30.565 16.15 1.376
  endloop
 endfacet
  facet normal 0 0 0
    outer loop
   vertex 30.535 15.885 1.376
   vertex 30.535 16.055 1.376
   vertex 30.565 15.948 1.376
  endloop
 endfacet
  facet normal 0 0 0
    outer loop
   vertex 30.365 15.695 1.376
   vertex 30.365 15.885 1.376
   vertex 30.45 15.78 1.376
  endloop
 endfacet
  facet normal 0 0 0
    outer loop
   vertex 30.45 15.78 1.376
   vertex 30.365 15.885 1.376
   vertex 30.535 15.885 1.376
  endloop
 endfacet
  facet normal 0 0 0
    outer loop
   vertex 30.365 15.695 1.376
   vertex 30.45 15.78 1.376
   vertex 30.535 15.695 1.376
  endloop
 endfacet
  facet normal 0 0 0
    outer loop
   vertex 29.819 13.81 1.376
   vertex 30.365 14.085 1.376
   vertex 30.365 13.895 1.376
  endloop
 endfacet
  facet normal 0 0 0
    outer loop
   vertex 29.819 13.81 1.376
   vertex 29.935 14.35 1.376
   vertex 30.365 14.085 1.376
  endloop
 endfacet
  facet normal 0 0 0
    outer loop
   vertex 30.45 13.28 1.376
   vertex 30.365 13.365 1.376
   vertex 30.535 13.365 1.376
  endloop
 endfacet
  facet normal 0 0 0
    outer loop
   vertex 30.45 13.28 1.376
   vertex 30.535 13.365 1.376
   vertex 30.565 13.315 1.376
  endloop
 endfacet
  facet normal 0 0 0
    outer loop
   vertex 30.365 13.175 1.376
   vertex 30.45 13.28 1.376
   vertex 30.535 13.175 1.376
  endloop
 endfacet
  facet normal 0 0 0
    outer loop
   vertex 30.365 13.535 1.376
   vertex 30.535 13.63 1.376
   vertex 30.535 13.535 1.376
  endloop
 endfacet
  facet normal 0 0 0
    outer loop
   vertex 30.535 13.63 1.376
   vertex 30.365 13.725 1.376
   vertex 30.535 13.725 1.376
  endloop
 endfacet
  facet normal 0 0 0
    outer loop
   vertex 30.365 13.535 1.376
   vertex 30.365 13.725 1.376
   vertex 30.535 13.63 1.376
  endloop
 endfacet
  facet normal 0 0 0
    outer loop
   vertex 30.535 13.63 1.376
   vertex 30.535 13.725 1.376
   vertex 30.565 13.72 1.376
  endloop
 endfacet
  facet normal 0 0 0
    outer loop
   vertex 30.565 13.518 1.376
   vertex 30.535 13.535 1.376
   vertex 30.535 13.63 1.376
  endloop
 endfacet
  facet normal 0 0 0
    outer loop
   vertex 30.565 13.416 1.376
   vertex 30.535 13.45 1.376
   vertex 30.565 13.518 1.376
  endloop
 endfacet
  facet normal 0 0 0
    outer loop
   vertex 30.565 13.315 1.376
   vertex 30.535 13.365 1.376
   vertex 30.565 13.416 1.376
  endloop
 endfacet
  facet normal 0 0 0
    outer loop
   vertex 30.535 13.365 1.376
   vertex 30.535 13.45 1.376
   vertex 30.565 13.416 1.376
  endloop
 endfacet
  facet normal 0 0 0
    outer loop
   vertex 30.565 13.518 1.376
   vertex 30.535 13.63 1.376
   vertex 30.565 13.72 1.376
  endloop
 endfacet
  facet normal 0 0 0
    outer loop
   vertex 30.178 12.91 1.376
   vertex 30.365 13.005 1.376
   vertex 30.565 12.91 1.376
  endloop
 endfacet
  facet normal 0 0 0
    outer loop
   vertex 29.015 12.91 1.376
   vertex 29.973 13.27 1.376
   vertex 29.79 12.91 1.376
  endloop
 endfacet
  facet normal 0 0 0
    outer loop
   vertex 29.973 13.27 1.376
   vertex 30.365 13.535 1.376
   vertex 30.365 13.365 1.376
  endloop
 endfacet
  facet normal 0 0 0
    outer loop
   vertex 30.365 13.175 1.376
   vertex 29.973 13.27 1.376
   vertex 30.365 13.365 1.376
  endloop
 endfacet
  facet normal 0 0 0
    outer loop
   vertex 30.178 12.91 1.376
   vertex 29.973 13.27 1.376
   vertex 30.365 13.175 1.376
  endloop
 endfacet
  facet normal 0 0 0
    outer loop
   vertex 30.565 13.113 1.376
   vertex 30.535 13.175 1.376
   vertex 30.565 13.214 1.376
  endloop
 endfacet
  facet normal 0 0 0
    outer loop
   vertex 30.535 13.175 1.376
   vertex 30.45 13.28 1.376
   vertex 30.565 13.214 1.376
  endloop
 endfacet
  facet normal 0 0 0
    outer loop
   vertex 30.565 13.214 1.376
   vertex 30.45 13.28 1.376
   vertex 30.565 13.315 1.376
  endloop
 endfacet
  facet normal 0 0 0
    outer loop
   vertex 30.535 13.45 1.376
   vertex 30.535 13.535 1.376
   vertex 30.565 13.518 1.376
  endloop
 endfacet
  facet normal 0 0 0
    outer loop
   vertex 29.79 12.91 1.376
   vertex 29.973 13.27 1.376
   vertex 30.178 12.91 1.376
  endloop
 endfacet
  facet normal 0 0 0
    outer loop
   vertex 30.178 12.91 1.376
   vertex 30.365 13.175 1.376
   vertex 30.365 13.005 1.376
  endloop
 endfacet
  facet normal 0 0 0
    outer loop
   vertex 30.565 12.91 1.376
   vertex 30.365 13.005 1.376
   vertex 30.535 13.005 1.376
  endloop
 endfacet
  facet normal 0 0 0
    outer loop
   vertex 30.565 12.91 1.376
   vertex 30.535 13.005 1.376
   vertex 30.565 13.113 1.376
  endloop
 endfacet
  facet normal 0 0 0
    outer loop
   vertex 30.535 13.005 1.376
   vertex 30.535 13.175 1.376
   vertex 30.565 13.113 1.376
  endloop
 endfacet
  facet normal 0 0 0
    outer loop
   vertex 30.365 13.175 1.376
   vertex 30.365 13.365 1.376
   vertex 30.45 13.28 1.376
  endloop
 endfacet
  facet normal 0 0 0
    outer loop
   vertex -4.565 11.31 1.376
   vertex -4.565 11.5 1.376
   vertex -4.375 11.548 1.376
  endloop
 endfacet
  facet normal 0 0 0
    outer loop
   vertex -4.375 11.548 1.376
   vertex -4.565 11.595 1.376
   vertex -4.525 11.69 1.376
  endloop
 endfacet
  facet normal 0 0 0
    outer loop
   vertex -4.565 11.31 1.376
   vertex -4.375 11.548 1.376
   vertex -4.185 11.31 1.376
  endloop
 endfacet
  facet normal 0 0 0
    outer loop
   vertex -4.185 11.31 1.376
   vertex -4.375 11.548 1.376
   vertex -4.185 11.5 1.376
  endloop
 endfacet
  facet normal 0 0 0
    outer loop
   vertex -4.375 11.548 1.376
   vertex -4.225 11.69 1.376
   vertex -4.185 11.595 1.376
  endloop
 endfacet
  facet normal 0 0 0
    outer loop
   vertex -4.375 11.548 1.376
   vertex -4.525 11.69 1.376
   vertex -4.225 11.69 1.376
  endloop
 endfacet
  facet normal 0 0 0
    outer loop
   vertex -1.6 11.595 1.376
   vertex -1.6 11.69 1.376
   vertex -1.57 11.69 1.376
  endloop
 endfacet
  facet normal 0 0 0
    outer loop
   vertex -1.6 14.34 1.376
   vertex -1.6 14.435 1.376
   vertex -1.57 14.34 1.376
  endloop
 endfacet
  facet normal 0 0 0
    outer loop
   vertex -1.25 14.34 1.376
   vertex -1.22 14.435 1.376
   vertex -1.22 14.34 1.376
  endloop
 endfacet
  facet normal 0 0 0
    outer loop
   vertex -1.22 11.595 1.376
   vertex -1.25 11.69 1.376
   vertex -1.22 11.69 1.376
  endloop
 endfacet
  facet normal 0 0 0
    outer loop
   vertex -1.6 14.435 1.376
   vertex -1.6 14.53 1.376
   vertex -1.41 14.483 1.376
  endloop
 endfacet
  facet normal 0 0 0
    outer loop
   vertex -1.22 14.435 1.376
   vertex -1.41 14.483 1.376
   vertex -1.22 14.53 1.376
  endloop
 endfacet
  facet normal 0 0 0
    outer loop
   vertex -1.41 14.483 1.376
   vertex -1.6 14.53 1.376
   vertex -1.6 14.72 1.376
  endloop
 endfacet
  facet normal 0 0 0
    outer loop
   vertex -1.57 14.34 1.376
   vertex -1.6 14.435 1.376
   vertex -1.41 14.483 1.376
  endloop
 endfacet
  facet normal 0 0 0
    outer loop
   vertex -1.41 14.483 1.376
   vertex -1.22 14.72 1.376
   vertex -1.22 14.53 1.376
  endloop
 endfacet
  facet normal 0 0 0
    outer loop
   vertex -1.41 14.483 1.376
   vertex -1.6 14.72 1.376
   vertex -1.22 14.72 1.376
  endloop
 endfacet
  facet normal 0 0 0
    outer loop
   vertex -1.57 14.34 1.376
   vertex -1.41 14.483 1.376
   vertex -1.25 14.34 1.376
  endloop
 endfacet
  facet normal 0 0 0
    outer loop
   vertex -1.25 14.34 1.376
   vertex -1.41 14.483 1.376
   vertex -1.22 14.435 1.376
  endloop
 endfacet
  facet normal 0 0 0
    outer loop
   vertex -1.6 11.5 1.376
   vertex -1.6 11.595 1.376
   vertex -1.41 11.548 1.376
  endloop
 endfacet
  facet normal 0 0 0
    outer loop
   vertex -1.22 11.5 1.376
   vertex -1.41 11.548 1.376
   vertex -1.22 11.595 1.376
  endloop
 endfacet
  facet normal 0 0 0
    outer loop
   vertex -1.6 11.31 1.376
   vertex -1.6 11.5 1.376
   vertex -1.41 11.548 1.376
  endloop
 endfacet
  facet normal 0 0 0
    outer loop
   vertex -1.41 11.548 1.376
   vertex -1.6 11.595 1.376
   vertex -1.57 11.69 1.376
  endloop
 endfacet
  facet normal 0 0 0
    outer loop
   vertex -1.6 11.31 1.376
   vertex -1.41 11.548 1.376
   vertex -1.22 11.31 1.376
  endloop
 endfacet
  facet normal 0 0 0
    outer loop
   vertex -1.22 11.31 1.376
   vertex -1.41 11.548 1.376
   vertex -1.22 11.5 1.376
  endloop
 endfacet
  facet normal 0 0 0
    outer loop
   vertex -1.41 11.548 1.376
   vertex -1.25 11.69 1.376
   vertex -1.22 11.595 1.376
  endloop
 endfacet
  facet normal 0 0 0
    outer loop
   vertex -1.41 11.548 1.376
   vertex -1.57 11.69 1.376
   vertex -1.25 11.69 1.376
  endloop
 endfacet
  facet normal 0 0 0
    outer loop
   vertex -1.25 12.352 1.376
   vertex -1.57 13.015 1.376
   vertex -1.25 13.015 1.376
  endloop
 endfacet
  facet normal 0 0 0
    outer loop
   vertex -1.57 11.69 1.376
   vertex -1.25 12.352 1.376
   vertex -1.25 11.69 1.376
  endloop
 endfacet
  facet normal 0 0 0
    outer loop
   vertex -1.57 11.69 1.376
   vertex -1.57 13.015 1.376
   vertex -1.25 12.352 1.376
  endloop
 endfacet
  facet normal 0 0 0
    outer loop
   vertex -1.57 13.015 1.376
   vertex -1.25 13.678 1.376
   vertex -1.25 13.015 1.376
  endloop
 endfacet
  facet normal 0 0 0
    outer loop
   vertex -1.25 13.678 1.376
   vertex -1.57 14.34 1.376
   vertex -1.25 14.34 1.376
  endloop
 endfacet
  facet normal 0 0 0
    outer loop
   vertex -1.57 13.015 1.376
   vertex -1.57 14.34 1.376
   vertex -1.25 13.678 1.376
  endloop
 endfacet
  facet normal 0 0 0
    outer loop
   vertex -4.665 12.855 1.376
   vertex -4.665 13.145 1.376
   vertex -4.605 12.915 1.376
  endloop
 endfacet
  facet normal 0 0 0
    outer loop
   vertex -4.665 12.855 1.376
   vertex -4.605 12.915 1.376
   vertex -4.525 12.855 1.376
  endloop
 endfacet
  facet normal 0 0 0
    outer loop
   vertex -4.525 12.855 1.376
   vertex -4.605 12.915 1.376
   vertex -4.435 12.915 1.376
  endloop
 endfacet
  facet normal 0 0 0
    outer loop
   vertex -4.435 13.085 1.376
   vertex -4.665 13.145 1.376
   vertex -4.225 13.145 1.376
  endloop
 endfacet
  facet normal 0 0 0
    outer loop
   vertex -4.435 12.915 1.376
   vertex -4.435 13.085 1.376
   vertex -4.225 13.145 1.376
  endloop
 endfacet
  facet normal 0 0 0
    outer loop
   vertex -4.605 13.085 1.376
   vertex -4.665 13.145 1.376
   vertex -4.435 13.085 1.376
  endloop
 endfacet
  facet normal 0 0 0
    outer loop
   vertex -4.605 12.915 1.376
   vertex -4.665 13.145 1.376
   vertex -4.605 13.085 1.376
  endloop
 endfacet
  facet normal 0 0 0
    outer loop
   vertex -4.525 11.69 1.376
   vertex -4.225 11.827 1.376
   vertex -4.225 11.69 1.376
  endloop
 endfacet
  facet normal 0 0 0
    outer loop
   vertex -4.225 11.827 1.376
   vertex -4.525 12.273 1.376
   vertex -4.225 12.486 1.376
  endloop
 endfacet
  facet normal 0 0 0
    outer loop
   vertex -4.525 11.69 1.376
   vertex -4.525 12.273 1.376
   vertex -4.225 11.827 1.376
  endloop
 endfacet
  facet normal 0 0 0
    outer loop
   vertex -4.565 11.595 1.376
   vertex -4.565 11.69 1.376
   vertex -4.525 11.69 1.376
  endloop
 endfacet
  facet normal 0 0 0
    outer loop
   vertex -4.185 11.595 1.376
   vertex -4.225 11.69 1.376
   vertex -4.185 11.69 1.376
  endloop
 endfacet
  facet normal 0 0 0
    outer loop
   vertex -4.35 12.691 1.376
   vertex -4.525 12.855 1.376
   vertex -4.435 12.915 1.376
  endloop
 endfacet
  facet normal 0 0 0
    outer loop
   vertex -4.225 12.486 1.376
   vertex -4.35 12.691 1.376
   vertex -4.225 13.145 1.376
  endloop
 endfacet
  facet normal 0 0 0
    outer loop
   vertex -4.35 12.691 1.376
   vertex -4.435 12.915 1.376
   vertex -4.225 13.145 1.376
  endloop
 endfacet
  facet normal 0 0 0
    outer loop
   vertex -4.525 12.273 1.376
   vertex -4.35 12.691 1.376
   vertex -4.225 12.486 1.376
  endloop
 endfacet
  facet normal 0 0 0
    outer loop
   vertex -4.525 12.273 1.376
   vertex -4.525 12.855 1.376
   vertex -4.35 12.691 1.376
  endloop
 endfacet
  facet normal 0 0 0
    outer loop
   vertex -4.565 11.5 1.376
   vertex -4.565 11.595 1.376
   vertex -4.375 11.548 1.376
  endloop
 endfacet
  facet normal 0 0 0
    outer loop
   vertex -4.185 11.5 1.376
   vertex -4.375 11.548 1.376
   vertex -4.185 11.595 1.376
  endloop
 endfacet
  facet normal 0 0 0
    outer loop
   vertex -4.435 12.915 1.111
   vertex -4.435 12.915 1.376
   vertex -4.605 12.915 1.376
  endloop
 endfacet
  facet normal 0 0 0
    outer loop
   vertex -4.435 12.915 1.111
   vertex -4.605 12.915 1.376
   vertex -4.605 12.915 1.111
  endloop
 endfacet
  facet normal 0 0 0
    outer loop
   vertex -4.605 13.085 1.111
   vertex -4.605 13.085 1.376
   vertex -4.435 13.085 1.376
  endloop
 endfacet
  facet normal 0 0 0
    outer loop
   vertex -4.605 13.085 1.111
   vertex -4.435 13.085 1.376
   vertex -4.435 13.085 1.111
  endloop
 endfacet
  facet normal 0 0 0
    outer loop
   vertex -4.605 12.915 1.111
   vertex -4.605 12.915 1.376
   vertex -4.605 13.085 1.376
  endloop
 endfacet
  facet normal 0 0 0
    outer loop
   vertex -4.605 12.915 1.111
   vertex -4.605 13.085 1.376
   vertex -4.605 13.085 1.111
  endloop
 endfacet
  facet normal 0 0 0
    outer loop
   vertex -4.435 13.085 1.111
   vertex -4.435 13.085 1.376
   vertex -4.435 12.915 1.376
  endloop
 endfacet
  facet normal 0 0 0
    outer loop
   vertex -4.435 13.085 1.111
   vertex -4.435 12.915 1.376
   vertex -4.435 12.915 1.111
  endloop
 endfacet
  facet normal 0 0 0
    outer loop
   vertex 30.365 13.005 1.111
   vertex 30.365 13.005 1.376
   vertex 30.365 13.175 1.376
  endloop
 endfacet
  facet normal 0 0 0
    outer loop
   vertex 30.365 13.005 1.111
   vertex 30.365 13.175 1.376
   vertex 30.365 13.175 1.111
  endloop
 endfacet
  facet normal 0 0 0
    outer loop
   vertex 30.365 13.365 1.111
   vertex 30.365 13.365 1.376
   vertex 30.365 13.535 1.376
  endloop
 endfacet
  facet normal 0 0 0
    outer loop
   vertex 30.365 13.365 1.111
   vertex 30.365 13.535 1.376
   vertex 30.365 13.535 1.111
  endloop
 endfacet
  facet normal 0 0 0
    outer loop
   vertex 30.365 13.725 1.111
   vertex 30.365 13.725 1.376
   vertex 30.365 13.895 1.376
  endloop
 endfacet
  facet normal 0 0 0
    outer loop
   vertex 30.365 13.725 1.111
   vertex 30.365 13.895 1.376
   vertex 30.365 13.895 1.111
  endloop
 endfacet
  facet normal 0 0 0
    outer loop
   vertex 30.365 14.085 1.111
   vertex 30.365 14.085 1.376
   vertex 30.365 14.255 1.376
  endloop
 endfacet
  facet normal 0 0 0
    outer loop
   vertex 30.365 14.085 1.111
   vertex 30.365 14.255 1.376
   vertex 30.365 14.255 1.111
  endloop
 endfacet
  facet normal 0 0 0
    outer loop
   vertex 30.365 14.445 1.111
   vertex 30.365 14.445 1.376
   vertex 30.365 14.615 1.376
  endloop
 endfacet
  facet normal 0 0 0
    outer loop
   vertex 30.365 14.445 1.111
   vertex 30.365 14.615 1.376
   vertex 30.365 14.615 1.111
  endloop
 endfacet
  facet normal 0 0 0
    outer loop
   vertex 30.365 14.805 1.111
   vertex 30.365 14.805 1.376
   vertex 30.365 14.975 1.376
  endloop
 endfacet
  facet normal 0 0 0
    outer loop
   vertex 30.365 14.805 1.111
   vertex 30.365 14.975 1.376
   vertex 30.365 14.975 1.111
  endloop
 endfacet
  facet normal 0 0 0
    outer loop
   vertex 30.365 15.165 1.111
   vertex 30.365 15.165 1.376
   vertex 30.365 15.335 1.376
  endloop
 endfacet
  facet normal 0 0 0
    outer loop
   vertex 30.365 15.165 1.111
   vertex 30.365 15.335 1.376
   vertex 30.365 15.335 1.111
  endloop
 endfacet
  facet normal 0 0 0
    outer loop
   vertex 30.365 15.525 1.111
   vertex 30.365 15.525 1.376
   vertex 30.365 15.695 1.376
  endloop
 endfacet
  facet normal 0 0 0
    outer loop
   vertex 30.365 15.525 1.111
   vertex 30.365 15.695 1.376
   vertex 30.365 15.695 1.111
  endloop
 endfacet
  facet normal 0 0 0
    outer loop
   vertex 30.365 15.885 1.111
   vertex 30.365 15.885 1.376
   vertex 30.365 16.055 1.376
  endloop
 endfacet
  facet normal 0 0 0
    outer loop
   vertex 30.365 15.885 1.111
   vertex 30.365 16.055 1.376
   vertex 30.365 16.055 1.111
  endloop
 endfacet
  facet normal 0 0 0
    outer loop
   vertex 30.535 13.005 1.111
   vertex 30.535 13.005 1.376
   vertex 30.365 13.005 1.376
  endloop
 endfacet
  facet normal 0 0 0
    outer loop
   vertex 30.535 13.005 1.111
   vertex 30.365 13.005 1.376
   vertex 30.365 13.005 1.111
  endloop
 endfacet
  facet normal 0 0 0
    outer loop
   vertex 30.365 13.175 1.111
   vertex 30.365 13.175 1.376
   vertex 30.535 13.175 1.376
  endloop
 endfacet
  facet normal 0 0 0
    outer loop
   vertex 30.365 13.175 1.111
   vertex 30.535 13.175 1.376
   vertex 30.535 13.175 1.111
  endloop
 endfacet
  facet normal 0 0 0
    outer loop
   vertex 30.535 16.055 1.111
   vertex 30.535 16.055 1.376
   vertex 30.535 15.885 1.376
  endloop
 endfacet
  facet normal 0 0 0
    outer loop
   vertex 30.535 16.055 1.111
   vertex 30.535 15.885 1.376
   vertex 30.535 15.885 1.111
  endloop
 endfacet
  facet normal 0 0 0
    outer loop
   vertex 30.535 15.695 1.111
   vertex 30.535 15.695 1.376
   vertex 30.535 15.525 1.376
  endloop
 endfacet
  facet normal 0 0 0
    outer loop
   vertex 30.535 15.695 1.111
   vertex 30.535 15.525 1.376
   vertex 30.535 15.525 1.111
  endloop
 endfacet
  facet normal 0 0 0
    outer loop
   vertex 30.535 15.335 1.111
   vertex 30.535 15.335 1.376
   vertex 30.535 15.165 1.376
  endloop
 endfacet
  facet normal 0 0 0
    outer loop
   vertex 30.535 15.335 1.111
   vertex 30.535 15.165 1.376
   vertex 30.535 15.165 1.111
  endloop
 endfacet
  facet normal 0 0 0
    outer loop
   vertex 30.535 14.975 1.111
   vertex 30.535 14.975 1.376
   vertex 30.535 14.805 1.376
  endloop
 endfacet
  facet normal 0 0 0
    outer loop
   vertex 30.535 14.975 1.111
   vertex 30.535 14.805 1.376
   vertex 30.535 14.805 1.111
  endloop
 endfacet
  facet normal 0 0 0
    outer loop
   vertex 30.535 14.615 1.111
   vertex 30.535 14.615 1.376
   vertex 30.535 14.445 1.376
  endloop
 endfacet
  facet normal 0 0 0
    outer loop
   vertex 30.535 14.615 1.111
   vertex 30.535 14.445 1.376
   vertex 30.535 14.445 1.111
  endloop
 endfacet
  facet normal 0 0 0
    outer loop
   vertex 30.535 14.255 1.111
   vertex 30.535 14.255 1.376
   vertex 30.535 14.085 1.376
  endloop
 endfacet
  facet normal 0 0 0
    outer loop
   vertex 30.535 14.255 1.111
   vertex 30.535 14.085 1.376
   vertex 30.535 14.085 1.111
  endloop
 endfacet
  facet normal 0 0 0
    outer loop
   vertex 30.535 13.895 1.111
   vertex 30.535 13.895 1.376
   vertex 30.535 13.725 1.376
  endloop
 endfacet
  facet normal 0 0 0
    outer loop
   vertex 30.535 13.895 1.111
   vertex 30.535 13.725 1.376
   vertex 30.535 13.725 1.111
  endloop
 endfacet
  facet normal 0 0 0
    outer loop
   vertex 30.535 13.535 1.111
   vertex 30.535 13.535 1.376
   vertex 30.535 13.365 1.376
  endloop
 endfacet
  facet normal 0 0 0
    outer loop
   vertex 30.535 13.535 1.111
   vertex 30.535 13.365 1.376
   vertex 30.535 13.365 1.111
  endloop
 endfacet
  facet normal 0 0 0
    outer loop
   vertex 30.535 13.175 1.111
   vertex 30.535 13.175 1.376
   vertex 30.535 13.005 1.376
  endloop
 endfacet
  facet normal 0 0 0
    outer loop
   vertex 30.535 13.175 1.111
   vertex 30.535 13.005 1.376
   vertex 30.535 13.005 1.111
  endloop
 endfacet
  facet normal 0 0 0
    outer loop
   vertex 30.365 13.535 1.111
   vertex 30.365 13.535 1.376
   vertex 30.535 13.535 1.376
  endloop
 endfacet
  facet normal 0 0 0
    outer loop
   vertex 30.365 13.535 1.111
   vertex 30.535 13.535 1.376
   vertex 30.535 13.535 1.111
  endloop
 endfacet
  facet normal 0 0 0
    outer loop
   vertex 30.535 13.365 1.111
   vertex 30.535 13.365 1.376
   vertex 30.365 13.365 1.376
  endloop
 endfacet
  facet normal 0 0 0
    outer loop
   vertex 30.535 13.365 1.111
   vertex 30.365 13.365 1.376
   vertex 30.365 13.365 1.111
  endloop
 endfacet
  facet normal 0 0 0
    outer loop
   vertex 30.365 13.895 1.111
   vertex 30.365 13.895 1.376
   vertex 30.535 13.895 1.376
  endloop
 endfacet
  facet normal 0 0 0
    outer loop
   vertex 30.365 13.895 1.111
   vertex 30.535 13.895 1.376
   vertex 30.535 13.895 1.111
  endloop
 endfacet
  facet normal 0 0 0
    outer loop
   vertex 30.535 13.725 1.111
   vertex 30.535 13.725 1.376
   vertex 30.365 13.725 1.376
  endloop
 endfacet
  facet normal 0 0 0
    outer loop
   vertex 30.535 13.725 1.111
   vertex 30.365 13.725 1.376
   vertex 30.365 13.725 1.111
  endloop
 endfacet
  facet normal 0 0 0
    outer loop
   vertex 30.365 14.255 1.111
   vertex 30.365 14.255 1.376
   vertex 30.535 14.255 1.376
  endloop
 endfacet
  facet normal 0 0 0
    outer loop
   vertex 30.365 14.255 1.111
   vertex 30.535 14.255 1.376
   vertex 30.535 14.255 1.111
  endloop
 endfacet
  facet normal 0 0 0
    outer loop
   vertex 30.535 14.085 1.111
   vertex 30.535 14.085 1.376
   vertex 30.365 14.085 1.376
  endloop
 endfacet
  facet normal 0 0 0
    outer loop
   vertex 30.535 14.085 1.111
   vertex 30.365 14.085 1.376
   vertex 30.365 14.085 1.111
  endloop
 endfacet
  facet normal 0 0 0
    outer loop
   vertex 30.535 14.445 1.111
   vertex 30.535 14.445 1.376
   vertex 30.365 14.445 1.376
  endloop
 endfacet
  facet normal 0 0 0
    outer loop
   vertex 30.535 14.445 1.111
   vertex 30.365 14.445 1.376
   vertex 30.365 14.445 1.111
  endloop
 endfacet
  facet normal 0 0 0
    outer loop
   vertex 30.365 14.615 1.111
   vertex 30.365 14.615 1.376
   vertex 30.535 14.615 1.376
  endloop
 endfacet
  facet normal 0 0 0
    outer loop
   vertex 30.365 14.615 1.111
   vertex 30.535 14.615 1.376
   vertex 30.535 14.615 1.111
  endloop
 endfacet
  facet normal 0 0 0
    outer loop
   vertex 30.535 14.805 1.111
   vertex 30.535 14.805 1.376
   vertex 30.365 14.805 1.376
  endloop
 endfacet
  facet normal 0 0 0
    outer loop
   vertex 30.535 14.805 1.111
   vertex 30.365 14.805 1.376
   vertex 30.365 14.805 1.111
  endloop
 endfacet
  facet normal 0 0 0
    outer loop
   vertex 30.365 14.975 1.111
   vertex 30.365 14.975 1.376
   vertex 30.535 14.975 1.376
  endloop
 endfacet
  facet normal 0 0 0
    outer loop
   vertex 30.365 14.975 1.111
   vertex 30.535 14.975 1.376
   vertex 30.535 14.975 1.111
  endloop
 endfacet
  facet normal 0 0 0
    outer loop
   vertex 30.365 15.335 1.111
   vertex 30.365 15.335 1.376
   vertex 30.535 15.335 1.376
  endloop
 endfacet
  facet normal 0 0 0
    outer loop
   vertex 30.365 15.335 1.111
   vertex 30.535 15.335 1.376
   vertex 30.535 15.335 1.111
  endloop
 endfacet
  facet normal 0 0 0
    outer loop
   vertex 30.535 15.165 1.111
   vertex 30.535 15.165 1.376
   vertex 30.365 15.165 1.376
  endloop
 endfacet
  facet normal 0 0 0
    outer loop
   vertex 30.535 15.165 1.111
   vertex 30.365 15.165 1.376
   vertex 30.365 15.165 1.111
  endloop
 endfacet
  facet normal 0 0 0
    outer loop
   vertex 30.365 15.695 1.111
   vertex 30.365 15.695 1.376
   vertex 30.535 15.695 1.376
  endloop
 endfacet
  facet normal 0 0 0
    outer loop
   vertex 30.365 15.695 1.111
   vertex 30.535 15.695 1.376
   vertex 30.535 15.695 1.111
  endloop
 endfacet
  facet normal 0 0 0
    outer loop
   vertex 30.535 15.525 1.111
   vertex 30.535 15.525 1.376
   vertex 30.365 15.525 1.376
  endloop
 endfacet
  facet normal 0 0 0
    outer loop
   vertex 30.535 15.525 1.111
   vertex 30.365 15.525 1.376
   vertex 30.365 15.525 1.111
  endloop
 endfacet
  facet normal 0 0 0
    outer loop
   vertex 30.365 16.055 1.111
   vertex 30.365 16.055 1.376
   vertex 30.535 16.055 1.376
  endloop
 endfacet
  facet normal 0 0 0
    outer loop
   vertex 30.365 16.055 1.111
   vertex 30.535 16.055 1.376
   vertex 30.535 16.055 1.111
  endloop
 endfacet
  facet normal 0 0 0
    outer loop
   vertex 30.535 15.885 1.111
   vertex 30.535 15.885 1.376
   vertex 30.365 15.885 1.376
  endloop
 endfacet
  facet normal 0 0 0
    outer loop
   vertex 30.535 15.885 1.111
   vertex 30.365 15.885 1.376
   vertex 30.365 15.885 1.111
  endloop
 endfacet
  facet normal 0 0 0
    outer loop
   vertex -4.525 12.855 1.736
   vertex -4.665 13.145 1.736
   vertex -4.665 12.855 1.736
  endloop
 endfacet
  facet normal 0 0 0
    outer loop
   vertex -4.225 13.145 1.736
   vertex -4.665 13.145 1.736
   vertex -4.525 12.855 1.736
  endloop
 endfacet
  facet normal 0 0 0
    outer loop
   vertex -4.185 11.31 1.736
   vertex -4.45 11.425 1.736
   vertex -4.565 11.31 1.736
  endloop
 endfacet
  facet normal 0 0 0
    outer loop
   vertex -4.3 11.425 1.736
   vertex -4.45 11.425 1.736
   vertex -4.185 11.31 1.736
  endloop
 endfacet
  facet normal 0 0 0
    outer loop
   vertex -4.225 11.69 1.736
   vertex -4.525 11.69 1.736
   vertex -4.3 11.575 1.736
  endloop
 endfacet
  facet normal 0 0 0
    outer loop
   vertex -4.3 11.575 1.736
   vertex -4.525 11.69 1.736
   vertex -4.45 11.575 1.736
  endloop
 endfacet
  facet normal 0 0 0
    outer loop
   vertex -4.225 13.145 1.736
   vertex -4.525 12.855 1.736
   vertex -4.225 12.418 1.736
  endloop
 endfacet
  facet normal 0 0 0
    outer loop
   vertex -4.225 11.69 1.736
   vertex -4.225 12.418 1.736
   vertex -4.525 11.69 1.736
  endloop
 endfacet
  facet normal 0 0 0
    outer loop
   vertex -4.225 12.418 1.736
   vertex -4.525 12.855 1.736
   vertex -4.525 11.69 1.736
  endloop
 endfacet
  facet normal 0 0 0
    outer loop
   vertex -4.185 11.5 1.736
   vertex -4.3 11.425 1.736
   vertex -4.185 11.31 1.736
  endloop
 endfacet
  facet normal 0 0 0
    outer loop
   vertex -4.185 11.5 1.736
   vertex -4.3 11.575 1.736
   vertex -4.3 11.425 1.736
  endloop
 endfacet
  facet normal 0 0 0
    outer loop
   vertex -4.45 11.425 1.736
   vertex -4.565 11.5 1.736
   vertex -4.565 11.31 1.736
  endloop
 endfacet
  facet normal 0 0 0
    outer loop
   vertex -4.45 11.575 1.736
   vertex -4.565 11.5 1.736
   vertex -4.45 11.425 1.736
  endloop
 endfacet
  facet normal 0 0 0
    outer loop
   vertex -4.185 11.69 1.736
   vertex -4.225 11.69 1.736
   vertex -4.185 11.595 1.736
  endloop
 endfacet
  facet normal 0 0 0
    outer loop
   vertex -4.185 11.595 1.736
   vertex -4.3 11.575 1.736
   vertex -4.185 11.5 1.736
  endloop
 endfacet
  facet normal 0 0 0
    outer loop
   vertex -4.185 11.595 1.736
   vertex -4.225 11.69 1.736
   vertex -4.3 11.575 1.736
  endloop
 endfacet
  facet normal 0 0 0
    outer loop
   vertex -4.45 11.575 1.736
   vertex -4.565 11.595 1.736
   vertex -4.565 11.5 1.736
  endloop
 endfacet
  facet normal 0 0 0
    outer loop
   vertex -4.525 11.69 1.736
   vertex -4.565 11.69 1.736
   vertex -4.565 11.595 1.736
  endloop
 endfacet
  facet normal 0 0 0
    outer loop
   vertex -4.525 11.69 1.736
   vertex -4.565 11.595 1.736
   vertex -4.45 11.575 1.736
  endloop
 endfacet
  facet normal 0 0 0
    outer loop
   vertex -1.22 11.31 1.736
   vertex -1.485 11.425 1.736
   vertex -1.6 11.31 1.736
  endloop
 endfacet
  facet normal 0 0 0
    outer loop
   vertex -1.335 11.425 1.736
   vertex -1.485 11.425 1.736
   vertex -1.22 11.31 1.736
  endloop
 endfacet
  facet normal 0 0 0
    outer loop
   vertex -1.25 11.69 1.736
   vertex -1.57 11.69 1.736
   vertex -1.335 11.575 1.736
  endloop
 endfacet
  facet normal 0 0 0
    outer loop
   vertex -1.335 11.575 1.736
   vertex -1.57 11.69 1.736
   vertex -1.485 11.575 1.736
  endloop
 endfacet
  facet normal 0 0 0
    outer loop
   vertex -1.25 14.34 1.736
   vertex -1.485 14.455 1.736
   vertex -1.57 14.34 1.736
  endloop
 endfacet
  facet normal 0 0 0
    outer loop
   vertex -1.335 14.455 1.736
   vertex -1.485 14.455 1.736
   vertex -1.25 14.34 1.736
  endloop
 endfacet
  facet normal 0 0 0
    outer loop
   vertex -1.22 14.72 1.736
   vertex -1.6 14.72 1.736
   vertex -1.335 14.605 1.736
  endloop
 endfacet
  facet normal 0 0 0
    outer loop
   vertex -1.335 14.605 1.736
   vertex -1.6 14.72 1.736
   vertex -1.485 14.605 1.736
  endloop
 endfacet
  facet normal 0 0 0
    outer loop
   vertex -1.22 11.5 1.736
   vertex -1.335 11.425 1.736
   vertex -1.22 11.31 1.736
  endloop
 endfacet
  facet normal 0 0 0
    outer loop
   vertex -1.22 11.5 1.736
   vertex -1.335 11.575 1.736
   vertex -1.335 11.425 1.736
  endloop
 endfacet
  facet normal 0 0 0
    outer loop
   vertex -1.485 11.425 1.736
   vertex -1.6 11.5 1.736
   vertex -1.6 11.31 1.736
  endloop
 endfacet
  facet normal 0 0 0
    outer loop
   vertex -1.485 11.575 1.736
   vertex -1.6 11.5 1.736
   vertex -1.485 11.425 1.736
  endloop
 endfacet
  facet normal 0 0 0
    outer loop
   vertex -1.485 14.605 1.736
   vertex -1.6 14.72 1.736
   vertex -1.6 14.53 1.736
  endloop
 endfacet
  facet normal 0 0 0
    outer loop
   vertex -1.485 14.605 1.736
   vertex -1.6 14.53 1.736
   vertex -1.485 14.455 1.736
  endloop
 endfacet
  facet normal 0 0 0
    outer loop
   vertex -1.22 14.72 1.736
   vertex -1.335 14.605 1.736
   vertex -1.22 14.53 1.736
  endloop
 endfacet
  facet normal 0 0 0
    outer loop
   vertex -1.22 14.53 1.736
   vertex -1.335 14.605 1.736
   vertex -1.335 14.455 1.736
  endloop
 endfacet
  facet normal 0 0 0
    outer loop
   vertex -1.22 11.595 1.736
   vertex -1.335 11.575 1.736
   vertex -1.22 11.5 1.736
  endloop
 endfacet
  facet normal 0 0 0
    outer loop
   vertex -1.22 11.69 1.736
   vertex -1.25 11.69 1.736
   vertex -1.22 11.595 1.736
  endloop
 endfacet
  facet normal 0 0 0
    outer loop
   vertex -1.22 11.595 1.736
   vertex -1.25 11.69 1.736
   vertex -1.335 11.575 1.736
  endloop
 endfacet
  facet normal 0 0 0
    outer loop
   vertex -1.485 11.575 1.736
   vertex -1.6 11.595 1.736
   vertex -1.6 11.5 1.736
  endloop
 endfacet
  facet normal 0 0 0
    outer loop
   vertex -1.57 11.69 1.736
   vertex -1.6 11.595 1.736
   vertex -1.485 11.575 1.736
  endloop
 endfacet
  facet normal 0 0 0
    outer loop
   vertex -1.57 11.69 1.736
   vertex -1.6 11.69 1.736
   vertex -1.6 11.595 1.736
  endloop
 endfacet
  facet normal 0 0 0
    outer loop
   vertex -1.485 14.455 1.736
   vertex -1.6 14.53 1.736
   vertex -1.6 14.435 1.736
  endloop
 endfacet
  facet normal 0 0 0
    outer loop
   vertex -1.57 14.34 1.736
   vertex -1.6 14.435 1.736
   vertex -1.6 14.34 1.736
  endloop
 endfacet
  facet normal 0 0 0
    outer loop
   vertex -1.485 14.455 1.736
   vertex -1.6 14.435 1.736
   vertex -1.57 14.34 1.736
  endloop
 endfacet
  facet normal 0 0 0
    outer loop
   vertex -1.22 14.53 1.736
   vertex -1.335 14.455 1.736
   vertex -1.22 14.435 1.736
  endloop
 endfacet
  facet normal 0 0 0
    outer loop
   vertex -1.22 14.435 1.736
   vertex -1.335 14.455 1.736
   vertex -1.25 14.34 1.736
  endloop
 endfacet
  facet normal 0 0 0
    outer loop
   vertex -1.22 14.34 1.736
   vertex -1.22 14.435 1.736
   vertex -1.25 14.34 1.736
  endloop
 endfacet
  facet normal 0 0 0
    outer loop
   vertex -1.25 13.015 1.736
   vertex -1.57 13.015 1.736
   vertex -1.25 12.352 1.736
  endloop
 endfacet
  facet normal 0 0 0
    outer loop
   vertex -1.25 11.69 1.736
   vertex -1.25 12.352 1.736
   vertex -1.57 11.69 1.736
  endloop
 endfacet
  facet normal 0 0 0
    outer loop
   vertex -1.25 12.352 1.736
   vertex -1.57 13.015 1.736
   vertex -1.57 11.69 1.736
  endloop
 endfacet
  facet normal 0 0 0
    outer loop
   vertex -1.25 13.015 1.736
   vertex -1.25 13.678 1.736
   vertex -1.57 13.015 1.736
  endloop
 endfacet
  facet normal 0 0 0
    outer loop
   vertex -1.25 14.34 1.736
   vertex -1.57 14.34 1.736
   vertex -1.25 13.678 1.736
  endloop
 endfacet
  facet normal 0 0 0
    outer loop
   vertex -1.25 13.678 1.736
   vertex -1.57 14.34 1.736
   vertex -1.57 13.015 1.736
  endloop
 endfacet
  facet normal 0 0 0
    outer loop
   vertex 29.5 14.295 1.736
   vertex 29.33 14.445 1.736
   vertex 29.33 14.295 1.736
  endloop
 endfacet
  facet normal 0 0 0
    outer loop
   vertex 29.5 14.445 1.736
   vertex 29.33 14.445 1.736
   vertex 29.5 14.295 1.736
  endloop
 endfacet
  facet normal 0 0 0
    outer loop
   vertex 29.33 14.445 1.736
   vertex 29.18 14.615 1.736
   vertex 29.18 14.445 1.736
  endloop
 endfacet
  facet normal 0 0 0
    outer loop
   vertex 29.5 14.445 1.736
   vertex 29.33 14.615 1.736
   vertex 29.33 14.445 1.736
  endloop
 endfacet
  facet normal 0 0 0
    outer loop
   vertex 29.33 14.615 1.736
   vertex 29.18 14.615 1.736
   vertex 29.33 14.445 1.736
  endloop
 endfacet
  facet normal 0 0 0
    outer loop
   vertex 29.5 14.615 1.736
   vertex 29.33 14.765 1.736
   vertex 29.33 14.615 1.736
  endloop
 endfacet
  facet normal 0 0 0
    outer loop
   vertex 29.65 14.445 1.736
   vertex 29.5 14.615 1.736
   vertex 29.5 14.445 1.736
  endloop
 endfacet
  facet normal 0 0 0
    outer loop
   vertex 29.5 14.615 1.736
   vertex 29.33 14.615 1.736
   vertex 29.5 14.445 1.736
  endloop
 endfacet
  facet normal 0 0 0
    outer loop
   vertex 29.65 14.615 1.736
   vertex 29.5 14.615 1.736
   vertex 29.65 14.445 1.736
  endloop
 endfacet
  facet normal 0 0 0
    outer loop
   vertex 29.5 14.765 1.736
   vertex 29.33 14.765 1.736
   vertex 29.5 14.615 1.736
  endloop
 endfacet
  facet normal 0 0 0
    outer loop
   vertex 29.18 14.615 1.736
   vertex 29.015 14.53 1.736
   vertex 29.18 14.445 1.736
  endloop
 endfacet
  facet normal 0 0 0
    outer loop
   vertex 29.18 14.445 1.736
   vertex 29.015 14.53 1.736
   vertex 29.18 14.295 1.736
  endloop
 endfacet
  facet normal 0 0 0
    outer loop
   vertex 29.18 14.615 1.736
   vertex 29.18 14.765 1.736
   vertex 29.015 14.53 1.736
  endloop
 endfacet
  facet normal 0 0 0
    outer loop
   vertex 29.18 14.295 1.736
   vertex 29.015 14.53 1.736
   vertex 29.015 13.72 1.736
  endloop
 endfacet
  facet normal 0 0 0
    outer loop
   vertex 30.104 14.53 1.736
   vertex 29.65 14.615 1.736
   vertex 29.65 14.445 1.736
  endloop
 endfacet
  facet normal 0 0 0
    outer loop
   vertex 30.104 14.53 1.736
   vertex 29.65 14.445 1.736
   vertex 29.65 14.295 1.736
  endloop
 endfacet
  facet normal 0 0 0
    outer loop
   vertex 29.65 14.765 1.736
   vertex 29.65 14.615 1.736
   vertex 30.104 14.53 1.736
  endloop
 endfacet
  facet normal 0 0 0
    outer loop
   vertex 29.18 14.765 1.736
   vertex 29.015 15.34 1.736
   vertex 29.015 14.53 1.736
  endloop
 endfacet
  facet normal 0 0 0
    outer loop
   vertex 29.33 14.295 1.736
   vertex 29.18 14.295 1.736
   vertex 29.255 13.962 1.736
  endloop
 endfacet
  facet normal 0 0 0
    outer loop
   vertex 29.255 13.962 1.736
   vertex 29.18 14.295 1.736
   vertex 29.015 13.72 1.736
  endloop
 endfacet
  facet normal 0 0 0
    outer loop
   vertex 29.33 14.765 1.736
   vertex 29.255 15.098 1.736
   vertex 29.18 14.765 1.736
  endloop
 endfacet
  facet normal 0 0 0
    outer loop
   vertex 29.255 15.098 1.736
   vertex 29.015 15.34 1.736
   vertex 29.18 14.765 1.736
  endloop
 endfacet
  facet normal 0 0 0
    outer loop
   vertex 30.104 14.53 1.736
   vertex 29.65 14.295 1.736
   vertex 29.575 13.983 1.736
  endloop
 endfacet
  facet normal 0 0 0
    outer loop
   vertex 29.65 14.295 1.736
   vertex 29.5 14.295 1.736
   vertex 29.575 13.983 1.736
  endloop
 endfacet
  facet normal 0 0 0
    outer loop
   vertex 30.565 12.91 1.736
   vertex 29.575 13.983 1.736
   vertex 29.015 12.91 1.736
  endloop
 endfacet
  facet normal 0 0 0
    outer loop
   vertex 30.565 14.53 1.736
   vertex 30.104 14.53 1.736
   vertex 29.575 13.983 1.736
  endloop
 endfacet
  facet normal 0 0 0
    outer loop
   vertex 30.565 14.53 1.736
   vertex 29.575 13.983 1.736
   vertex 30.565 12.91 1.736
  endloop
 endfacet
  facet normal 0 0 0
    outer loop
   vertex 29.5 14.295 1.736
   vertex 29.33 14.295 1.736
   vertex 29.575 13.983 1.736
  endloop
 endfacet
  facet normal 0 0 0
    outer loop
   vertex 29.575 13.983 1.736
   vertex 29.33 14.295 1.736
   vertex 29.255 13.962 1.736
  endloop
 endfacet
  facet normal 0 0 0
    outer loop
   vertex 29.575 13.983 1.736
   vertex 29.255 13.962 1.736
   vertex 29.015 13.72 1.736
  endloop
 endfacet
  facet normal 0 0 0
    outer loop
   vertex 29.575 13.983 1.736
   vertex 29.015 13.72 1.736
   vertex 29.015 12.91 1.736
  endloop
 endfacet
  facet normal 0 0 0
    outer loop
   vertex 29.575 15.077 1.736
   vertex 29.65 14.765 1.736
   vertex 30.104 14.53 1.736
  endloop
 endfacet
  facet normal 0 0 0
    outer loop
   vertex 29.65 14.765 1.736
   vertex 29.575 15.077 1.736
   vertex 29.5 14.765 1.736
  endloop
 endfacet
  facet normal 0 0 0
    outer loop
   vertex 30.565 16.15 1.736
   vertex 29.015 16.15 1.736
   vertex 29.575 15.077 1.736
  endloop
 endfacet
  facet normal 0 0 0
    outer loop
   vertex 30.565 16.15 1.736
   vertex 29.575 15.077 1.736
   vertex 30.565 14.53 1.736
  endloop
 endfacet
  facet normal 0 0 0
    outer loop
   vertex 30.565 14.53 1.736
   vertex 29.575 15.077 1.736
   vertex 30.104 14.53 1.736
  endloop
 endfacet
  facet normal 0 0 0
    outer loop
   vertex 29.5 14.765 1.736
   vertex 29.575 15.077 1.736
   vertex 29.33 14.765 1.736
  endloop
 endfacet
  facet normal 0 0 0
    outer loop
   vertex 29.575 15.077 1.736
   vertex 29.255 15.098 1.736
   vertex 29.33 14.765 1.736
  endloop
 endfacet
  facet normal 0 0 0
    outer loop
   vertex 29.015 16.15 1.736
   vertex 29.015 15.34 1.736
   vertex 29.575 15.077 1.736
  endloop
 endfacet
  facet normal 0 0 0
    outer loop
   vertex 29.015 15.34 1.736
   vertex 29.255 15.098 1.736
   vertex 29.575 15.077 1.736
  endloop
 endfacet
  facet normal 0 0 0
    outer loop
   vertex 11.794 14.34 2.006
   vertex 11.794 14.72 2.006
   vertex 12.751 14.34 2.006
  endloop
 endfacet
  facet normal 0 0 0
    outer loop
   vertex 12.751 14.34 2.006
   vertex 11.794 14.72 2.006
   vertex 13.708 14.72 2.006
  endloop
 endfacet
  facet normal 0 0 0
    outer loop
   vertex 29.18 14.295 2.006
   vertex 29.015 14.34 2.006
   vertex 29.18 14.445 2.006
  endloop
 endfacet
  facet normal 0 0 0
    outer loop
   vertex 29.33 14.295 2.006
   vertex 29.33 14.445 2.006
   vertex 29.5 14.295 2.006
  endloop
 endfacet
  facet normal 0 0 0
    outer loop
   vertex 29.5 14.295 2.006
   vertex 29.33 14.445 2.006
   vertex 29.5 14.445 2.006
  endloop
 endfacet
  facet normal 0 0 0
    outer loop
   vertex 29.18 14.445 2.006
   vertex 29.015 14.72 2.006
   vertex 29.18 14.615 2.006
  endloop
 endfacet
  facet normal 0 0 0
    outer loop
   vertex 29.18 14.445 2.006
   vertex 29.18 14.615 2.006
   vertex 29.33 14.445 2.006
  endloop
 endfacet
  facet normal 0 0 0
    outer loop
   vertex 29.33 14.445 2.006
   vertex 29.33 14.615 2.006
   vertex 29.5 14.445 2.006
  endloop
 endfacet
  facet normal 0 0 0
    outer loop
   vertex 29.33 14.445 2.006
   vertex 29.18 14.615 2.006
   vertex 29.33 14.615 2.006
  endloop
 endfacet
  facet normal 0 0 0
    outer loop
   vertex 29.015 14.72 2.006
   vertex 29.015 14.93 2.006
   vertex 29.18 14.765 2.006
  endloop
 endfacet
  facet normal 0 0 0
    outer loop
   vertex 29.18 14.615 2.006
   vertex 29.015 14.72 2.006
   vertex 29.18 14.765 2.006
  endloop
 endfacet
  facet normal 0 0 0
    outer loop
   vertex 29.33 14.615 2.006
   vertex 29.33 14.765 2.006
   vertex 29.5 14.615 2.006
  endloop
 endfacet
  facet normal 0 0 0
    outer loop
   vertex 29.5 14.445 2.006
   vertex 29.5 14.615 2.006
   vertex 29.65 14.445 2.006
  endloop
 endfacet
  facet normal 0 0 0
    outer loop
   vertex 29.5 14.445 2.006
   vertex 29.33 14.615 2.006
   vertex 29.5 14.615 2.006
  endloop
 endfacet
  facet normal 0 0 0
    outer loop
   vertex 29.65 14.445 2.006
   vertex 29.5 14.615 2.006
   vertex 29.65 14.615 2.006
  endloop
 endfacet
  facet normal 0 0 0
    outer loop
   vertex 29.5 14.615 2.006
   vertex 29.33 14.765 2.006
   vertex 29.5 14.765 2.006
  endloop
 endfacet
  facet normal 0 0 0
    outer loop
   vertex 29.415 14.13 2.006
   vertex 29.33 14.295 2.006
   vertex 29.5 14.295 2.006
  endloop
 endfacet
  facet normal 0 0 0
    outer loop
   vertex 29.015 14.13 2.006
   vertex 29.18 14.295 2.006
   vertex 29.415 14.13 2.006
  endloop
 endfacet
  facet normal 0 0 0
    outer loop
   vertex 29.415 14.13 2.006
   vertex 29.18 14.295 2.006
   vertex 29.33 14.295 2.006
  endloop
 endfacet
  facet normal 0 0 0
    outer loop
   vertex 29.415 14.13 2.006
   vertex 29.65 14.295 2.006
   vertex 29.815 14.13 2.006
  endloop
 endfacet
  facet normal 0 0 0
    outer loop
   vertex 29.415 14.13 2.006
   vertex 29.5 14.295 2.006
   vertex 29.65 14.295 2.006
  endloop
 endfacet
  facet normal 0 0 0
    outer loop
   vertex 29.65 14.445 2.006
   vertex 29.65 14.615 2.006
   vertex 29.815 14.53 2.006
  endloop
 endfacet
  facet normal 0 0 0
    outer loop
   vertex 29.815 14.13 2.006
   vertex 29.65 14.295 2.006
   vertex 29.815 14.53 2.006
  endloop
 endfacet
  facet normal 0 0 0
    outer loop
   vertex 29.65 14.295 2.006
   vertex 29.65 14.445 2.006
   vertex 29.815 14.53 2.006
  endloop
 endfacet
  facet normal 0 0 0
    outer loop
   vertex 29.815 14.53 2.006
   vertex 29.65 14.765 2.006
   vertex 29.815 14.93 2.006
  endloop
 endfacet
  facet normal 0 0 0
    outer loop
   vertex 29.815 14.53 2.006
   vertex 29.65 14.615 2.006
   vertex 29.65 14.765 2.006
  endloop
 endfacet
  facet normal 0 0 0
    outer loop
   vertex 29.18 14.765 2.006
   vertex 29.015 14.93 2.006
   vertex 29.415 14.93 2.006
  endloop
 endfacet
  facet normal 0 0 0
    outer loop
   vertex 29.18 14.765 2.006
   vertex 29.415 14.93 2.006
   vertex 29.33 14.765 2.006
  endloop
 endfacet
  facet normal 0 0 0
    outer loop
   vertex 29.33 14.765 2.006
   vertex 29.415 14.93 2.006
   vertex 29.5 14.765 2.006
  endloop
 endfacet
  facet normal 0 0 0
    outer loop
   vertex 29.65 14.765 2.006
   vertex 29.415 14.93 2.006
   vertex 29.815 14.93 2.006
  endloop
 endfacet
  facet normal 0 0 0
    outer loop
   vertex 29.5 14.765 2.006
   vertex 29.415 14.93 2.006
   vertex 29.65 14.765 2.006
  endloop
 endfacet
  facet normal 0 0 0
    outer loop
   vertex 29.015 14.13 2.006
   vertex 29.015 14.34 2.006
   vertex 29.18 14.295 2.006
  endloop
 endfacet
  facet normal 0 0 0
    outer loop
   vertex 12.751 14.34 2.006
   vertex 13.708 14.72 2.006
   vertex 13.708 14.34 2.006
  endloop
 endfacet
  facet normal 0 0 0
    outer loop
   vertex 29.015 14.34 2.006
   vertex 29.015 14.72 2.006
   vertex 29.18 14.445 2.006
  endloop
 endfacet
  facet normal 0 0 0
    outer loop
   vertex 23.275 14.34 2.006
   vertex 23.275 14.72 2.006
   vertex 24.231 14.72 2.006
  endloop
 endfacet
  facet normal 0 0 0
    outer loop
   vertex 25.188 14.34 2.006
   vertex 24.231 14.72 2.006
   vertex 25.188 14.72 2.006
  endloop
 endfacet
  facet normal 0 0 0
    outer loop
   vertex 23.275 14.34 2.006
   vertex 24.231 14.72 2.006
   vertex 25.188 14.34 2.006
  endloop
 endfacet
  facet normal 0 0 0
    outer loop
   vertex 23.275 14.34 2.006
   vertex 22.318 14.72 2.006
   vertex 23.275 14.72 2.006
  endloop
 endfacet
  facet normal 0 0 0
    outer loop
   vertex 21.361 14.34 2.006
   vertex 21.361 14.72 2.006
   vertex 22.318 14.72 2.006
  endloop
 endfacet
  facet normal 0 0 0
    outer loop
   vertex 21.361 14.34 2.006
   vertex 22.318 14.72 2.006
   vertex 23.275 14.34 2.006
  endloop
 endfacet
  facet normal 0 0 0
    outer loop
   vertex 25.188 14.34 2.006
   vertex 25.188 14.72 2.006
   vertex 26.145 14.34 2.006
  endloop
 endfacet
  facet normal 0 0 0
    outer loop
   vertex 26.145 14.34 2.006
   vertex 27.102 14.72 2.006
   vertex 27.102 14.34 2.006
  endloop
 endfacet
  facet normal 0 0 0
    outer loop
   vertex 26.145 14.34 2.006
   vertex 25.188 14.72 2.006
   vertex 27.102 14.72 2.006
  endloop
 endfacet
  facet normal 0 0 0
    outer loop
   vertex 27.102 14.34 2.006
   vertex 27.102 14.72 2.006
   vertex 28.058 14.72 2.006
  endloop
 endfacet
  facet normal 0 0 0
    outer loop
   vertex 29.015 14.34 2.006
   vertex 28.058 14.72 2.006
   vertex 29.015 14.72 2.006
  endloop
 endfacet
  facet normal 0 0 0
    outer loop
   vertex 27.102 14.34 2.006
   vertex 28.058 14.72 2.006
   vertex 29.015 14.34 2.006
  endloop
 endfacet
  facet normal 0 0 0
    outer loop
   vertex 21.361 14.34 2.006
   vertex 20.405 14.72 2.006
   vertex 21.361 14.72 2.006
  endloop
 endfacet
  facet normal 0 0 0
    outer loop
   vertex 19.448 14.34 2.006
   vertex 19.448 14.72 2.006
   vertex 20.405 14.72 2.006
  endloop
 endfacet
  facet normal 0 0 0
    outer loop
   vertex 19.448 14.34 2.006
   vertex 20.405 14.72 2.006
   vertex 21.361 14.34 2.006
  endloop
 endfacet
  facet normal 0 0 0
    outer loop
   vertex 18.491 14.34 2.006
   vertex 19.448 14.72 2.006
   vertex 19.448 14.34 2.006
  endloop
 endfacet
  facet normal 0 0 0
    outer loop
   vertex 17.534 14.34 2.006
   vertex 17.534 14.72 2.006
   vertex 18.491 14.34 2.006
  endloop
 endfacet
  facet normal 0 0 0
    outer loop
   vertex 18.491 14.34 2.006
   vertex 17.534 14.72 2.006
   vertex 19.448 14.72 2.006
  endloop
 endfacet
  facet normal 0 0 0
    outer loop
   vertex 15.621 14.34 2.006
   vertex 15.621 14.72 2.006
   vertex 16.578 14.72 2.006
  endloop
 endfacet
  facet normal 0 0 0
    outer loop
   vertex 17.534 14.34 2.006
   vertex 16.578 14.72 2.006
   vertex 17.534 14.72 2.006
  endloop
 endfacet
  facet normal 0 0 0
    outer loop
   vertex 15.621 14.34 2.006
   vertex 16.578 14.72 2.006
   vertex 17.534 14.34 2.006
  endloop
 endfacet
  facet normal 0 0 0
    outer loop
   vertex 15.621 14.34 2.006
   vertex 14.664 14.72 2.006
   vertex 15.621 14.72 2.006
  endloop
 endfacet
  facet normal 0 0 0
    outer loop
   vertex 13.708 14.34 2.006
   vertex 13.708 14.72 2.006
   vertex 14.664 14.72 2.006
  endloop
 endfacet
  facet normal 0 0 0
    outer loop
   vertex 13.708 14.34 2.006
   vertex 14.664 14.72 2.006
   vertex 15.621 14.34 2.006
  endloop
 endfacet
  facet normal 0 0 0
    outer loop
   vertex -4.3 11.575 2.006
   vertex -4.28 11.69 2.006
   vertex -4.185 11.66 2.006
  endloop
 endfacet
  facet normal 0 0 0
    outer loop
   vertex -4.185 11.66 2.006
   vertex -4.28 11.69 2.006
   vertex -4.185 11.69 2.006
  endloop
 endfacet
  facet normal 0 0 0
    outer loop
   vertex -1.505 11.31 2.006
   vertex -1.485 11.425 2.006
   vertex -1.41 11.31 2.006
  endloop
 endfacet
  facet normal 0 0 0
    outer loop
   vertex -1.505 11.31 2.006
   vertex -1.6 11.34 2.006
   vertex -1.485 11.425 2.006
  endloop
 endfacet
  facet normal 0 0 0
    outer loop
   vertex -1.6 11.31 2.006
   vertex -1.6 11.34 2.006
   vertex -1.505 11.31 2.006
  endloop
 endfacet
  facet normal 0 0 0
    outer loop
   vertex -1.485 11.575 2.006
   vertex -1.505 11.69 2.006
   vertex -1.41 11.69 2.006
  endloop
 endfacet
  facet normal 0 0 0
    outer loop
   vertex -1.6 11.66 2.006
   vertex -1.6 11.69 2.006
   vertex -1.505 11.69 2.006
  endloop
 endfacet
  facet normal 0 0 0
    outer loop
   vertex -1.485 11.575 2.006
   vertex -1.6 11.66 2.006
   vertex -1.505 11.69 2.006
  endloop
 endfacet
  facet normal 0 0 0
    outer loop
   vertex -3.539 11.34 2.006
   vertex -2.893 11.66 2.006
   vertex -2.893 11.34 2.006
  endloop
 endfacet
  facet normal 0 0 0
    outer loop
   vertex -4.185 11.34 2.006
   vertex -4.185 11.66 2.006
   vertex -3.539 11.34 2.006
  endloop
 endfacet
  facet normal 0 0 0
    outer loop
   vertex -3.539 11.34 2.006
   vertex -4.185 11.66 2.006
   vertex -2.893 11.66 2.006
  endloop
 endfacet
  facet normal 0 0 0
    outer loop
   vertex -1.6 14.34 2.006
   vertex -1.335 14.455 2.006
   vertex -1.122 14.34 2.006
  endloop
 endfacet
  facet normal 0 0 0
    outer loop
   vertex -1.122 14.34 2.006
   vertex -1.335 14.455 2.006
   vertex -1.335 14.605 2.006
  endloop
 endfacet
  facet normal 0 0 0
    outer loop
   vertex -0.643 14.34 2.006
   vertex 0.313 14.72 2.006
   vertex 0.313 14.34 2.006
  endloop
 endfacet
  facet normal 0 0 0
    outer loop
   vertex -0.643 14.34 2.006
   vertex -0.643 14.72 2.006
   vertex 0.313 14.72 2.006
  endloop
 endfacet
  facet normal 0 0 0
    outer loop
   vertex -1.122 14.34 2.006
   vertex -0.643 14.72 2.006
   vertex -0.643 14.34 2.006
  endloop
 endfacet
  facet normal 0 0 0
    outer loop
   vertex 2.227 14.34 2.006
   vertex 1.27 14.72 2.006
   vertex 2.227 14.72 2.006
  endloop
 endfacet
  facet normal 0 0 0
    outer loop
   vertex 0.313 14.34 2.006
   vertex 0.313 14.72 2.006
   vertex 1.27 14.72 2.006
  endloop
 endfacet
  facet normal 0 0 0
    outer loop
   vertex 0.313 14.34 2.006
   vertex 1.27 14.72 2.006
   vertex 2.227 14.34 2.006
  endloop
 endfacet
  facet normal 0 0 0
    outer loop
   vertex -1.335 14.605 2.006
   vertex -1.6 14.72 2.006
   vertex -1.122 14.72 2.006
  endloop
 endfacet
  facet normal 0 0 0
    outer loop
   vertex -1.122 14.34 2.006
   vertex -1.335 14.605 2.006
   vertex -1.122 14.72 2.006
  endloop
 endfacet
  facet normal 0 0 0
    outer loop
   vertex -1.122 14.34 2.006
   vertex -1.122 14.72 2.006
   vertex -0.643 14.72 2.006
  endloop
 endfacet
  facet normal 0 0 0
    outer loop
   vertex 2.227 14.34 2.006
   vertex 2.227 14.72 2.006
   vertex 3.184 14.34 2.006
  endloop
 endfacet
  facet normal 0 0 0
    outer loop
   vertex 3.184 14.34 2.006
   vertex 4.14 14.72 2.006
   vertex 4.14 14.34 2.006
  endloop
 endfacet
  facet normal 0 0 0
    outer loop
   vertex 3.184 14.34 2.006
   vertex 2.227 14.72 2.006
   vertex 4.14 14.72 2.006
  endloop
 endfacet
  facet normal 0 0 0
    outer loop
   vertex 4.14 14.34 2.006
   vertex 4.14 14.72 2.006
   vertex 5.097 14.72 2.006
  endloop
 endfacet
  facet normal 0 0 0
    outer loop
   vertex 6.054 14.34 2.006
   vertex 5.097 14.72 2.006
   vertex 6.054 14.72 2.006
  endloop
 endfacet
  facet normal 0 0 0
    outer loop
   vertex 4.14 14.34 2.006
   vertex 5.097 14.72 2.006
   vertex 6.054 14.34 2.006
  endloop
 endfacet
  facet normal 0 0 0
    outer loop
   vertex 6.054 14.34 2.006
   vertex 6.054 14.72 2.006
   vertex 7.01 14.34 2.006
  endloop
 endfacet
  facet normal 0 0 0
    outer loop
   vertex 7.01 14.34 2.006
   vertex 7.967 14.72 2.006
   vertex 7.967 14.34 2.006
  endloop
 endfacet
  facet normal 0 0 0
    outer loop
   vertex 7.01 14.34 2.006
   vertex 6.054 14.72 2.006
   vertex 7.967 14.72 2.006
  endloop
 endfacet
  facet normal 0 0 0
    outer loop
   vertex 7.967 14.34 2.006
   vertex 7.967 14.72 2.006
   vertex 8.924 14.72 2.006
  endloop
 endfacet
  facet normal 0 0 0
    outer loop
   vertex 9.881 14.34 2.006
   vertex 8.924 14.72 2.006
   vertex 9.881 14.72 2.006
  endloop
 endfacet
  facet normal 0 0 0
    outer loop
   vertex 7.967 14.34 2.006
   vertex 8.924 14.72 2.006
   vertex 9.881 14.34 2.006
  endloop
 endfacet
  facet normal 0 0 0
    outer loop
   vertex 10.837 14.34 2.006
   vertex 11.794 14.72 2.006
   vertex 11.794 14.34 2.006
  endloop
 endfacet
  facet normal 0 0 0
    outer loop
   vertex 9.881 14.34 2.006
   vertex 9.881 14.72 2.006
   vertex 10.837 14.34 2.006
  endloop
 endfacet
  facet normal 0 0 0
    outer loop
   vertex 10.837 14.34 2.006
   vertex 9.881 14.72 2.006
   vertex 11.794 14.72 2.006
  endloop
 endfacet
  facet normal 0 0 0
    outer loop
   vertex -2.893 11.34 2.006
   vertex -2.893 11.66 2.006
   vertex -2.246 11.34 2.006
  endloop
 endfacet
  facet normal 0 0 0
    outer loop
   vertex -2.246 11.34 2.006
   vertex -1.6 11.66 2.006
   vertex -1.6 11.34 2.006
  endloop
 endfacet
  facet normal 0 0 0
    outer loop
   vertex -2.246 11.34 2.006
   vertex -2.893 11.66 2.006
   vertex -1.6 11.66 2.006
  endloop
 endfacet
  facet normal 0 0 0
    outer loop
   vertex -4.565 11.31 2.006
   vertex -4.565 11.69 2.006
   vertex -4.45 11.425 2.006
  endloop
 endfacet
  facet normal 0 0 0
    outer loop
   vertex -4.185 11.34 2.006
   vertex -4.3 11.425 2.006
   vertex -4.185 11.66 2.006
  endloop
 endfacet
  facet normal 0 0 0
    outer loop
   vertex -4.3 11.425 2.006
   vertex -4.3 11.575 2.006
   vertex -4.185 11.66 2.006
  endloop
 endfacet
  facet normal 0 0 0
    outer loop
   vertex -4.45 11.425 2.006
   vertex -4.565 11.69 2.006
   vertex -4.45 11.575 2.006
  endloop
 endfacet
  facet normal 0 0 0
    outer loop
   vertex -1.6 11.34 2.006
   vertex -1.6 11.66 2.006
   vertex -1.485 11.425 2.006
  endloop
 endfacet
  facet normal 0 0 0
    outer loop
   vertex -1.6 14.34 2.006
   vertex -1.6 14.72 2.006
   vertex -1.485 14.455 2.006
  endloop
 endfacet
  facet normal 0 0 0
    outer loop
   vertex -1.6 14.34 2.006
   vertex -1.485 14.455 2.006
   vertex -1.335 14.455 2.006
  endloop
 endfacet
  facet normal 0 0 0
    outer loop
   vertex -1.485 14.455 2.006
   vertex -1.6 14.72 2.006
   vertex -1.485 14.605 2.006
  endloop
 endfacet
  facet normal 0 0 0
    outer loop
   vertex -1.485 14.605 2.006
   vertex -1.6 14.72 2.006
   vertex -1.335 14.605 2.006
  endloop
 endfacet
  facet normal 0 0 0
    outer loop
   vertex -1.22 11.31 2.006
   vertex -1.335 11.425 2.006
   vertex -1.22 11.69 2.006
  endloop
 endfacet
  facet normal 0 0 0
    outer loop
   vertex -1.335 11.425 2.006
   vertex -1.335 11.575 2.006
   vertex -1.22 11.69 2.006
  endloop
 endfacet
  facet normal 0 0 0
    outer loop
   vertex -1.485 11.425 2.006
   vertex -1.6 11.66 2.006
   vertex -1.485 11.575 2.006
  endloop
 endfacet
  facet normal 0 0 0
    outer loop
   vertex -4.565 11.31 2.006
   vertex -4.45 11.425 2.006
   vertex -4.375 11.31 2.006
  endloop
 endfacet
  facet normal 0 0 0
    outer loop
   vertex -4.375 11.31 2.006
   vertex -4.45 11.425 2.006
   vertex -4.3 11.425 2.006
  endloop
 endfacet
  facet normal 0 0 0
    outer loop
   vertex -4.45 11.575 2.006
   vertex -4.565 11.69 2.006
   vertex -4.375 11.69 2.006
  endloop
 endfacet
  facet normal 0 0 0
    outer loop
   vertex -4.45 11.575 2.006
   vertex -4.375 11.69 2.006
   vertex -4.3 11.575 2.006
  endloop
 endfacet
  facet normal 0 0 0
    outer loop
   vertex -1.41 11.31 2.006
   vertex -1.335 11.425 2.006
   vertex -1.22 11.31 2.006
  endloop
 endfacet
  facet normal 0 0 0
    outer loop
   vertex -1.41 11.31 2.006
   vertex -1.485 11.425 2.006
   vertex -1.335 11.425 2.006
  endloop
 endfacet
  facet normal 0 0 0
    outer loop
   vertex -1.335 11.575 2.006
   vertex -1.41 11.69 2.006
   vertex -1.22 11.69 2.006
  endloop
 endfacet
  facet normal 0 0 0
    outer loop
   vertex -1.485 11.575 2.006
   vertex -1.41 11.69 2.006
   vertex -1.335 11.575 2.006
  endloop
 endfacet
  facet normal 0 0 0
    outer loop
   vertex -4.375 11.31 2.006
   vertex -4.3 11.425 2.006
   vertex -4.28 11.31 2.006
  endloop
 endfacet
  facet normal 0 0 0
    outer loop
   vertex -4.28 11.31 2.006
   vertex -4.185 11.34 2.006
   vertex -4.185 11.31 2.006
  endloop
 endfacet
  facet normal 0 0 0
    outer loop
   vertex -4.28 11.31 2.006
   vertex -4.3 11.425 2.006
   vertex -4.185 11.34 2.006
  endloop
 endfacet
  facet normal 0 0 0
    outer loop
   vertex -4.3 11.575 2.006
   vertex -4.375 11.69 2.006
   vertex -4.28 11.69 2.006
  endloop
 endfacet
  facet normal 0 0 0
    outer loop
   vertex -1.335 11.425 1.736
   vertex -1.335 11.425 2.006
   vertex -1.485 11.425 2.006
  endloop
 endfacet
  facet normal 0 0 0
    outer loop
   vertex -1.335 11.425 1.736
   vertex -1.485 11.425 2.006
   vertex -1.485 11.425 1.736
  endloop
 endfacet
  facet normal 0 0 0
    outer loop
   vertex -4.3 11.425 1.736
   vertex -4.3 11.425 2.006
   vertex -4.45 11.425 2.006
  endloop
 endfacet
  facet normal 0 0 0
    outer loop
   vertex -4.3 11.425 1.736
   vertex -4.45 11.425 2.006
   vertex -4.45 11.425 1.736
  endloop
 endfacet
  facet normal 0 0 0
    outer loop
   vertex -4.45 11.575 1.736
   vertex -4.45 11.575 2.006
   vertex -4.3 11.575 2.006
  endloop
 endfacet
  facet normal 0 0 0
    outer loop
   vertex -4.45 11.575 1.736
   vertex -4.3 11.575 2.006
   vertex -4.3 11.575 1.736
  endloop
 endfacet
  facet normal 0 0 0
    outer loop
   vertex -1.485 11.575 1.736
   vertex -1.485 11.575 2.006
   vertex -1.335 11.575 2.006
  endloop
 endfacet
  facet normal 0 0 0
    outer loop
   vertex -1.485 11.575 1.736
   vertex -1.335 11.575 2.006
   vertex -1.335 11.575 1.736
  endloop
 endfacet
  facet normal 0 0 0
    outer loop
   vertex -4.45 11.425 1.736
   vertex -4.45 11.425 2.006
   vertex -4.45 11.575 2.006
  endloop
 endfacet
  facet normal 0 0 0
    outer loop
   vertex -4.45 11.425 1.736
   vertex -4.45 11.575 2.006
   vertex -4.45 11.575 1.736
  endloop
 endfacet
  facet normal 0 0 0
    outer loop
   vertex -4.3 11.575 1.736
   vertex -4.3 11.575 2.006
   vertex -4.3 11.425 2.006
  endloop
 endfacet
  facet normal 0 0 0
    outer loop
   vertex -4.3 11.575 1.736
   vertex -4.3 11.425 2.006
   vertex -4.3 11.425 1.736
  endloop
 endfacet
  facet normal 0 0 0
    outer loop
   vertex -1.485 11.425 1.736
   vertex -1.485 11.425 2.006
   vertex -1.485 11.575 2.006
  endloop
 endfacet
  facet normal 0 0 0
    outer loop
   vertex -1.485 11.425 1.736
   vertex -1.485 11.575 2.006
   vertex -1.485 11.575 1.736
  endloop
 endfacet
  facet normal 0 0 0
    outer loop
   vertex -1.485 14.455 1.736
   vertex -1.485 14.455 2.006
   vertex -1.485 14.605 2.006
  endloop
 endfacet
  facet normal 0 0 0
    outer loop
   vertex -1.485 14.455 1.736
   vertex -1.485 14.605 2.006
   vertex -1.485 14.605 1.736
  endloop
 endfacet
  facet normal 0 0 0
    outer loop
   vertex -1.335 14.605 1.736
   vertex -1.335 14.605 2.006
   vertex -1.335 14.455 2.006
  endloop
 endfacet
  facet normal 0 0 0
    outer loop
   vertex -1.335 14.605 1.736
   vertex -1.335 14.455 2.006
   vertex -1.335 14.455 1.736
  endloop
 endfacet
  facet normal 0 0 0
    outer loop
   vertex -1.335 11.575 1.736
   vertex -1.335 11.575 2.006
   vertex -1.335 11.425 2.006
  endloop
 endfacet
  facet normal 0 0 0
    outer loop
   vertex -1.335 11.575 1.736
   vertex -1.335 11.425 2.006
   vertex -1.335 11.425 1.736
  endloop
 endfacet
  facet normal 0 0 0
    outer loop
   vertex -1.485 14.605 1.736
   vertex -1.485 14.605 2.006
   vertex -1.335 14.605 2.006
  endloop
 endfacet
  facet normal 0 0 0
    outer loop
   vertex -1.485 14.605 1.736
   vertex -1.335 14.605 2.006
   vertex -1.335 14.605 1.736
  endloop
 endfacet
  facet normal 0 0 0
    outer loop
   vertex -1.335 14.455 1.736
   vertex -1.335 14.455 2.006
   vertex -1.485 14.455 2.006
  endloop
 endfacet
  facet normal 0 0 0
    outer loop
   vertex -1.335 14.455 1.736
   vertex -1.485 14.455 2.006
   vertex -1.485 14.455 1.736
  endloop
 endfacet
  facet normal 0 0 0
    outer loop
   vertex 29.65 14.765 1.736
   vertex 29.65 14.765 2.006
   vertex 29.65 14.615 2.006
  endloop
 endfacet
  facet normal 0 0 0
    outer loop
   vertex 29.65 14.765 1.736
   vertex 29.65 14.615 2.006
   vertex 29.65 14.615 1.736
  endloop
 endfacet
  facet normal 0 0 0
    outer loop
   vertex 29.65 14.445 1.736
   vertex 29.65 14.445 2.006
   vertex 29.65 14.295 2.006
  endloop
 endfacet
  facet normal 0 0 0
    outer loop
   vertex 29.65 14.445 1.736
   vertex 29.65 14.295 2.006
   vertex 29.65 14.295 1.736
  endloop
 endfacet
  facet normal 0 0 0
    outer loop
   vertex 29.18 14.445 1.736
   vertex 29.18 14.445 2.006
   vertex 29.33 14.445 2.006
  endloop
 endfacet
  facet normal 0 0 0
    outer loop
   vertex 29.18 14.445 1.736
   vertex 29.33 14.445 2.006
   vertex 29.33 14.445 1.736
  endloop
 endfacet
  facet normal 0 0 0
    outer loop
   vertex 29.5 14.445 1.736
   vertex 29.5 14.445 2.006
   vertex 29.65 14.445 2.006
  endloop
 endfacet
  facet normal 0 0 0
    outer loop
   vertex 29.5 14.445 1.736
   vertex 29.65 14.445 2.006
   vertex 29.65 14.445 1.736
  endloop
 endfacet
  facet normal 0 0 0
    outer loop
   vertex 29.18 14.295 1.736
   vertex 29.18 14.295 2.006
   vertex 29.18 14.445 2.006
  endloop
 endfacet
  facet normal 0 0 0
    outer loop
   vertex 29.18 14.295 1.736
   vertex 29.18 14.445 2.006
   vertex 29.18 14.445 1.736
  endloop
 endfacet
  facet normal 0 0 0
    outer loop
   vertex 29.18 14.615 1.736
   vertex 29.18 14.615 2.006
   vertex 29.18 14.765 2.006
  endloop
 endfacet
  facet normal 0 0 0
    outer loop
   vertex 29.18 14.615 1.736
   vertex 29.18 14.765 2.006
   vertex 29.18 14.765 1.736
  endloop
 endfacet
  facet normal 0 0 0
    outer loop
   vertex 29.65 14.295 1.736
   vertex 29.65 14.295 2.006
   vertex 29.5 14.295 2.006
  endloop
 endfacet
  facet normal 0 0 0
    outer loop
   vertex 29.65 14.295 1.736
   vertex 29.5 14.295 2.006
   vertex 29.5 14.295 1.736
  endloop
 endfacet
  facet normal 0 0 0
    outer loop
   vertex 29.33 14.295 1.736
   vertex 29.33 14.295 2.006
   vertex 29.18 14.295 2.006
  endloop
 endfacet
  facet normal 0 0 0
    outer loop
   vertex 29.33 14.295 1.736
   vertex 29.18 14.295 2.006
   vertex 29.18 14.295 1.736
  endloop
 endfacet
  facet normal 0 0 0
    outer loop
   vertex 29.5 14.295 1.736
   vertex 29.5 14.295 2.006
   vertex 29.5 14.445 2.006
  endloop
 endfacet
  facet normal 0 0 0
    outer loop
   vertex 29.5 14.295 1.736
   vertex 29.5 14.445 2.006
   vertex 29.5 14.445 1.736
  endloop
 endfacet
  facet normal 0 0 0
    outer loop
   vertex 29.5 14.615 1.736
   vertex 29.5 14.615 2.006
   vertex 29.5 14.765 2.006
  endloop
 endfacet
  facet normal 0 0 0
    outer loop
   vertex 29.5 14.615 1.736
   vertex 29.5 14.765 2.006
   vertex 29.5 14.765 1.736
  endloop
 endfacet
  facet normal 0 0 0
    outer loop
   vertex 29.33 14.765 1.736
   vertex 29.33 14.765 2.006
   vertex 29.33 14.615 2.006
  endloop
 endfacet
  facet normal 0 0 0
    outer loop
   vertex 29.33 14.765 1.736
   vertex 29.33 14.615 2.006
   vertex 29.33 14.615 1.736
  endloop
 endfacet
  facet normal 0 0 0
    outer loop
   vertex 29.33 14.445 1.736
   vertex 29.33 14.445 2.006
   vertex 29.33 14.295 2.006
  endloop
 endfacet
  facet normal 0 0 0
    outer loop
   vertex 29.33 14.445 1.736
   vertex 29.33 14.295 2.006
   vertex 29.33 14.295 1.736
  endloop
 endfacet
  facet normal 0 0 0
    outer loop
   vertex 29.65 14.615 1.736
   vertex 29.65 14.615 2.006
   vertex 29.5 14.615 2.006
  endloop
 endfacet
  facet normal 0 0 0
    outer loop
   vertex 29.65 14.615 1.736
   vertex 29.5 14.615 2.006
   vertex 29.5 14.615 1.736
  endloop
 endfacet
  facet normal 0 0 0
    outer loop
   vertex 29.33 14.615 1.736
   vertex 29.33 14.615 2.006
   vertex 29.18 14.615 2.006
  endloop
 endfacet
  facet normal 0 0 0
    outer loop
   vertex 29.33 14.615 1.736
   vertex 29.18 14.615 2.006
   vertex 29.18 14.615 1.736
  endloop
 endfacet
  facet normal 0 0 0
    outer loop
   vertex 29.18 14.765 1.736
   vertex 29.18 14.765 2.006
   vertex 29.33 14.765 2.006
  endloop
 endfacet
  facet normal 0 0 0
    outer loop
   vertex 29.18 14.765 1.736
   vertex 29.33 14.765 2.006
   vertex 29.33 14.765 1.736
  endloop
 endfacet
  facet normal 0 0 0
    outer loop
   vertex 29.5 14.765 1.736
   vertex 29.5 14.765 2.006
   vertex 29.65 14.765 2.006
  endloop
 endfacet
  facet normal 0 0 0
    outer loop
   vertex 29.5 14.765 1.736
   vertex 29.65 14.765 2.006
   vertex 29.65 14.765 1.736
  endloop
 endfacet
  facet normal 0 0 0
    outer loop
   vertex -4.185 11.69 2.366
   vertex -4.28 11.69 2.366
   vertex -4.185 11.66 2.366
  endloop
 endfacet
  facet normal 0 0 0
    outer loop
   vertex -1.505 11.69 2.366
   vertex -1.6 11.69 2.366
   vertex -1.6 11.66 2.366
  endloop
 endfacet
  facet normal 0 0 0
    outer loop
   vertex -1.505 11.31 2.366
   vertex -1.6 11.34 2.366
   vertex -1.6 11.31 2.366
  endloop
 endfacet
  facet normal 0 0 0
    outer loop
   vertex -4.185 11.31 2.366
   vertex -4.185 11.34 2.366
   vertex -4.28 11.31 2.366
  endloop
 endfacet
  facet normal 0 0 0
    outer loop
   vertex -1.41 11.69 2.366
   vertex -1.505 11.69 2.366
   vertex -1.458 11.5 2.366
  endloop
 endfacet
  facet normal 0 0 0
    outer loop
   vertex -1.41 11.31 2.366
   vertex -1.458 11.5 2.366
   vertex -1.505 11.31 2.366
  endloop
 endfacet
  facet normal 0 0 0
    outer loop
   vertex -1.22 11.69 2.366
   vertex -1.41 11.69 2.366
   vertex -1.458 11.5 2.366
  endloop
 endfacet
  facet normal 0 0 0
    outer loop
   vertex -1.505 11.69 2.366
   vertex -1.6 11.66 2.366
   vertex -1.458 11.5 2.366
  endloop
 endfacet
  facet normal 0 0 0
    outer loop
   vertex -1.22 11.31 2.366
   vertex -1.458 11.5 2.366
   vertex -1.41 11.31 2.366
  endloop
 endfacet
  facet normal 0 0 0
    outer loop
   vertex -1.22 11.69 2.366
   vertex -1.458 11.5 2.366
   vertex -1.22 11.31 2.366
  endloop
 endfacet
  facet normal 0 0 0
    outer loop
   vertex -1.458 11.5 2.366
   vertex -1.6 11.66 2.366
   vertex -1.6 11.34 2.366
  endloop
 endfacet
  facet normal 0 0 0
    outer loop
   vertex -1.458 11.5 2.366
   vertex -1.6 11.34 2.366
   vertex -1.505 11.31 2.366
  endloop
 endfacet
  facet normal 0 0 0
    outer loop
   vertex -4.28 11.69 2.366
   vertex -4.375 11.69 2.366
   vertex -4.328 11.5 2.366
  endloop
 endfacet
  facet normal 0 0 0
    outer loop
   vertex -4.28 11.31 2.366
   vertex -4.328 11.5 2.366
   vertex -4.375 11.31 2.366
  endloop
 endfacet
  facet normal 0 0 0
    outer loop
   vertex -4.375 11.69 2.366
   vertex -4.565 11.69 2.366
   vertex -4.328 11.5 2.366
  endloop
 endfacet
  facet normal 0 0 0
    outer loop
   vertex -4.185 11.66 2.366
   vertex -4.28 11.69 2.366
   vertex -4.328 11.5 2.366
  endloop
 endfacet
  facet normal 0 0 0
    outer loop
   vertex -4.328 11.5 2.366
   vertex -4.565 11.69 2.366
   vertex -4.565 11.31 2.366
  endloop
 endfacet
  facet normal 0 0 0
    outer loop
   vertex -4.375 11.31 2.366
   vertex -4.328 11.5 2.366
   vertex -4.565 11.31 2.366
  endloop
 endfacet
  facet normal 0 0 0
    outer loop
   vertex -4.185 11.34 2.366
   vertex -4.328 11.5 2.366
   vertex -4.28 11.31 2.366
  endloop
 endfacet
  facet normal 0 0 0
    outer loop
   vertex -4.185 11.66 2.366
   vertex -4.328 11.5 2.366
   vertex -4.185 11.34 2.366
  endloop
 endfacet
  facet normal 0 0 0
    outer loop
   vertex -2.893 11.34 2.366
   vertex -2.893 11.66 2.366
   vertex -3.539 11.34 2.366
  endloop
 endfacet
  facet normal 0 0 0
    outer loop
   vertex -3.539 11.34 2.366
   vertex -4.185 11.66 2.366
   vertex -4.185 11.34 2.366
  endloop
 endfacet
  facet normal 0 0 0
    outer loop
   vertex -2.893 11.66 2.366
   vertex -4.185 11.66 2.366
   vertex -3.539 11.34 2.366
  endloop
 endfacet
  facet normal 0 0 0
    outer loop
   vertex -2.246 11.34 2.366
   vertex -2.893 11.66 2.366
   vertex -2.893 11.34 2.366
  endloop
 endfacet
  facet normal 0 0 0
    outer loop
   vertex -1.6 11.34 2.366
   vertex -1.6 11.66 2.366
   vertex -2.246 11.34 2.366
  endloop
 endfacet
  facet normal 0 0 0
    outer loop
   vertex -1.6 11.66 2.366
   vertex -2.893 11.66 2.366
   vertex -2.246 11.34 2.366
  endloop
 endfacet
  facet normal 0 0 0
    outer loop
   vertex 29.815 14.93 2.366
   vertex 29.015 14.93 2.366
   vertex 29.015 14.72 2.366
  endloop
 endfacet
  facet normal 0 0 0
    outer loop
   vertex 29.815 14.93 2.366
   vertex 29.015 14.72 2.366
   vertex 29.015 14.34 2.366
  endloop
 endfacet
  facet normal 0 0 0
    outer loop
   vertex 29.815 14.13 2.366
   vertex 29.015 14.34 2.366
   vertex 29.015 14.13 2.366
  endloop
 endfacet
  facet normal 0 0 0
    outer loop
   vertex 29.815 14.93 2.366
   vertex 29.015 14.34 2.366
   vertex 29.815 14.13 2.366
  endloop
 endfacet
  facet normal 0 0 0
    outer loop
   vertex 8.924 14.72 2.366
   vertex 7.967 14.72 2.366
   vertex 7.967 14.34 2.366
  endloop
 endfacet
  facet normal 0 0 0
    outer loop
   vertex 9.881 14.72 2.366
   vertex 8.924 14.72 2.366
   vertex 9.881 14.34 2.366
  endloop
 endfacet
  facet normal 0 0 0
    outer loop
   vertex 9.881 14.34 2.366
   vertex 8.924 14.72 2.366
   vertex 7.967 14.34 2.366
  endloop
 endfacet
  facet normal 0 0 0
    outer loop
   vertex 7.967 14.72 2.366
   vertex 7.01 14.72 2.366
   vertex 7.967 14.34 2.366
  endloop
 endfacet
  facet normal 0 0 0
    outer loop
   vertex 7.01 14.72 2.366
   vertex 6.054 14.72 2.366
   vertex 6.054 14.34 2.366
  endloop
 endfacet
  facet normal 0 0 0
    outer loop
   vertex 7.967 14.34 2.366
   vertex 7.01 14.72 2.366
   vertex 6.054 14.34 2.366
  endloop
 endfacet
  facet normal 0 0 0
    outer loop
   vertex 10.837 14.34 2.366
   vertex 9.881 14.72 2.366
   vertex 9.881 14.34 2.366
  endloop
 endfacet
  facet normal 0 0 0
    outer loop
   vertex 11.794 14.34 2.366
   vertex 11.794 14.72 2.366
   vertex 10.837 14.34 2.366
  endloop
 endfacet
  facet normal 0 0 0
    outer loop
   vertex 11.794 14.72 2.366
   vertex 9.881 14.72 2.366
   vertex 10.837 14.34 2.366
  endloop
 endfacet
  facet normal 0 0 0
    outer loop
   vertex 12.751 14.72 2.366
   vertex 11.794 14.72 2.366
   vertex 11.794 14.34 2.366
  endloop
 endfacet
  facet normal 0 0 0
    outer loop
   vertex 13.708 14.72 2.366
   vertex 12.751 14.72 2.366
   vertex 13.708 14.34 2.366
  endloop
 endfacet
  facet normal 0 0 0
    outer loop
   vertex 13.708 14.34 2.366
   vertex 12.751 14.72 2.366
   vertex 11.794 14.34 2.366
  endloop
 endfacet
  facet normal 0 0 0
    outer loop
   vertex 6.054 14.72 2.366
   vertex 5.097 14.72 2.366
   vertex 6.054 14.34 2.366
  endloop
 endfacet
  facet normal 0 0 0
    outer loop
   vertex 5.097 14.72 2.366
   vertex 4.14 14.72 2.366
   vertex 4.14 14.34 2.366
  endloop
 endfacet
  facet normal 0 0 0
    outer loop
   vertex 6.054 14.34 2.366
   vertex 5.097 14.72 2.366
   vertex 4.14 14.34 2.366
  endloop
 endfacet
  facet normal 0 0 0
    outer loop
   vertex 4.14 14.34 2.366
   vertex 4.14 14.72 2.366
   vertex 3.184 14.34 2.366
  endloop
 endfacet
  facet normal 0 0 0
    outer loop
   vertex 3.184 14.34 2.366
   vertex 2.227 14.72 2.366
   vertex 2.227 14.34 2.366
  endloop
 endfacet
  facet normal 0 0 0
    outer loop
   vertex 4.14 14.72 2.366
   vertex 2.227 14.72 2.366
   vertex 3.184 14.34 2.366
  endloop
 endfacet
  facet normal 0 0 0
    outer loop
   vertex 1.27 14.72 2.366
   vertex 0.313 14.72 2.366
   vertex 0.313 14.34 2.366
  endloop
 endfacet
  facet normal 0 0 0
    outer loop
   vertex 2.227 14.72 2.366
   vertex 1.27 14.72 2.366
   vertex 2.227 14.34 2.366
  endloop
 endfacet
  facet normal 0 0 0
    outer loop
   vertex 2.227 14.34 2.366
   vertex 1.27 14.72 2.366
   vertex 0.313 14.34 2.366
  endloop
 endfacet
  facet normal 0 0 0
    outer loop
   vertex 0.313 14.72 2.366
   vertex -0.643 14.72 2.366
   vertex 0.313 14.34 2.366
  endloop
 endfacet
  facet normal 0 0 0
    outer loop
   vertex -0.643 14.72 2.366
   vertex -1.6 14.72 2.366
   vertex -1.6 14.34 2.366
  endloop
 endfacet
  facet normal 0 0 0
    outer loop
   vertex 0.313 14.34 2.366
   vertex -0.643 14.72 2.366
   vertex -1.6 14.34 2.366
  endloop
 endfacet
  facet normal 0 0 0
    outer loop
   vertex 29.015 14.72 2.366
   vertex 28.058 14.72 2.366
   vertex 29.015 14.34 2.366
  endloop
 endfacet
  facet normal 0 0 0
    outer loop
   vertex 28.058 14.72 2.366
   vertex 27.102 14.72 2.366
   vertex 27.102 14.34 2.366
  endloop
 endfacet
  facet normal 0 0 0
    outer loop
   vertex 29.015 14.34 2.366
   vertex 28.058 14.72 2.366
   vertex 27.102 14.34 2.366
  endloop
 endfacet
  facet normal 0 0 0
    outer loop
   vertex 27.102 14.34 2.366
   vertex 27.102 14.72 2.366
   vertex 26.145 14.34 2.366
  endloop
 endfacet
  facet normal 0 0 0
    outer loop
   vertex 26.145 14.34 2.366
   vertex 25.188 14.72 2.366
   vertex 25.188 14.34 2.366
  endloop
 endfacet
  facet normal 0 0 0
    outer loop
   vertex 27.102 14.72 2.366
   vertex 25.188 14.72 2.366
   vertex 26.145 14.34 2.366
  endloop
 endfacet
  facet normal 0 0 0
    outer loop
   vertex 24.231 14.72 2.366
   vertex 23.275 14.72 2.366
   vertex 23.275 14.34 2.366
  endloop
 endfacet
  facet normal 0 0 0
    outer loop
   vertex 25.188 14.72 2.366
   vertex 24.231 14.72 2.366
   vertex 25.188 14.34 2.366
  endloop
 endfacet
  facet normal 0 0 0
    outer loop
   vertex 25.188 14.34 2.366
   vertex 24.231 14.72 2.366
   vertex 23.275 14.34 2.366
  endloop
 endfacet
  facet normal 0 0 0
    outer loop
   vertex 23.275 14.72 2.366
   vertex 22.318 14.72 2.366
   vertex 23.275 14.34 2.366
  endloop
 endfacet
  facet normal 0 0 0
    outer loop
   vertex 22.318 14.72 2.366
   vertex 21.361 14.72 2.366
   vertex 21.361 14.34 2.366
  endloop
 endfacet
  facet normal 0 0 0
    outer loop
   vertex 23.275 14.34 2.366
   vertex 22.318 14.72 2.366
   vertex 21.361 14.34 2.366
  endloop
 endfacet
  facet normal 0 0 0
    outer loop
   vertex 19.448 14.34 2.366
   vertex 19.448 14.72 2.366
   vertex 18.491 14.34 2.366
  endloop
 endfacet
  facet normal 0 0 0
    outer loop
   vertex 18.491 14.34 2.366
   vertex 17.534 14.72 2.366
   vertex 17.534 14.34 2.366
  endloop
 endfacet
  facet normal 0 0 0
    outer loop
   vertex 19.448 14.72 2.366
   vertex 17.534 14.72 2.366
   vertex 18.491 14.34 2.366
  endloop
 endfacet
  facet normal 0 0 0
    outer loop
   vertex 20.405 14.34 2.366
   vertex 19.448 14.72 2.366
   vertex 19.448 14.34 2.366
  endloop
 endfacet
  facet normal 0 0 0
    outer loop
   vertex 21.361 14.34 2.366
   vertex 21.361 14.72 2.366
   vertex 20.405 14.34 2.366
  endloop
 endfacet
  facet normal 0 0 0
    outer loop
   vertex 21.361 14.72 2.366
   vertex 19.448 14.72 2.366
   vertex 20.405 14.34 2.366
  endloop
 endfacet
  facet normal 0 0 0
    outer loop
   vertex 17.534 14.72 2.366
   vertex 16.578 14.72 2.366
   vertex 17.534 14.34 2.366
  endloop
 endfacet
  facet normal 0 0 0
    outer loop
   vertex 16.578 14.72 2.366
   vertex 15.621 14.72 2.366
   vertex 15.621 14.34 2.366
  endloop
 endfacet
  facet normal 0 0 0
    outer loop
   vertex 17.534 14.34 2.366
   vertex 16.578 14.72 2.366
   vertex 15.621 14.34 2.366
  endloop
 endfacet
  facet normal 0 0 0
    outer loop
   vertex 15.621 14.34 2.366
   vertex 15.621 14.72 2.366
   vertex 14.664 14.34 2.366
  endloop
 endfacet
  facet normal 0 0 0
    outer loop
   vertex 14.664 14.34 2.366
   vertex 13.708 14.72 2.366
   vertex 13.708 14.34 2.366
  endloop
 endfacet
  facet normal 0 0 0
    outer loop
   vertex 15.621 14.72 2.366
   vertex 13.708 14.72 2.366
   vertex 14.664 14.34 2.366
  endloop
 endfacet
  facet normal 0 0 0
    outer loop
   vertex -1.22 14.72 1.376
   vertex -1.22 14.72 1.736
   vertex -1.22 14.34 1.736
  endloop
 endfacet
  facet normal 0 0 0
    outer loop
   vertex -1.22 14.72 1.376
   vertex -1.22 14.34 1.736
   vertex -1.22 14.34 1.376
  endloop
 endfacet
  facet normal 0 0 0
    outer loop
   vertex -1.22 11.69 1.376
   vertex -1.22 11.69 1.736
   vertex -1.22 11.31 1.736
  endloop
 endfacet
  facet normal 0 0 0
    outer loop
   vertex -1.22 11.69 1.376
   vertex -1.22 11.31 1.736
   vertex -1.22 11.31 1.376
  endloop
 endfacet
  facet normal 0 0 0
    outer loop
   vertex -4.565 11.69 1.556
   vertex -4.565 11.69 1.646
   vertex -4.525 11.69 1.556
  endloop
 endfacet
  facet normal 0 0 0
    outer loop
   vertex -4.565 11.69 1.646
   vertex -4.565 11.69 1.736
   vertex -4.525 11.69 1.736
  endloop
 endfacet
  facet normal 0 0 0
    outer loop
   vertex -4.525 11.69 1.556
   vertex -4.565 11.69 1.646
   vertex -4.525 11.69 1.736
  endloop
 endfacet
  facet normal 0 0 0
    outer loop
   vertex -4.565 11.69 1.376
   vertex -4.525 11.69 1.466
   vertex -4.525 11.69 1.376
  endloop
 endfacet
  facet normal 0 0 0
    outer loop
   vertex -4.525 11.69 1.466
   vertex -4.565 11.69 1.556
   vertex -4.525 11.69 1.556
  endloop
 endfacet
  facet normal 0 0 0
    outer loop
   vertex -4.565 11.69 1.376
   vertex -4.565 11.69 1.556
   vertex -4.525 11.69 1.466
  endloop
 endfacet
  facet normal 0 0 0
    outer loop
   vertex -4.225 11.69 1.556
   vertex -4.225 11.69 1.646
   vertex -4.185 11.69 1.556
  endloop
 endfacet
  facet normal 0 0 0
    outer loop
   vertex -4.225 11.69 1.646
   vertex -4.225 11.69 1.736
   vertex -4.185 11.69 1.736
  endloop
 endfacet
  facet normal 0 0 0
    outer loop
   vertex -4.185 11.69 1.556
   vertex -4.225 11.69 1.646
   vertex -4.185 11.69 1.736
  endloop
 endfacet
  facet normal 0 0 0
    outer loop
   vertex -4.225 11.69 1.376
   vertex -4.185 11.69 1.466
   vertex -4.185 11.69 1.376
  endloop
 endfacet
  facet normal 0 0 0
    outer loop
   vertex -4.185 11.69 1.466
   vertex -4.225 11.69 1.556
   vertex -4.185 11.69 1.556
  endloop
 endfacet
  facet normal 0 0 0
    outer loop
   vertex -4.225 11.69 1.376
   vertex -4.225 11.69 1.556
   vertex -4.185 11.69 1.466
  endloop
 endfacet
  facet normal 0 0 0
    outer loop
   vertex -1.6 11.69 1.556
   vertex -1.6 11.69 1.646
   vertex -1.57 11.69 1.556
  endloop
 endfacet
  facet normal 0 0 0
    outer loop
   vertex -1.6 11.69 1.646
   vertex -1.6 11.69 1.736
   vertex -1.57 11.69 1.736
  endloop
 endfacet
  facet normal 0 0 0
    outer loop
   vertex -1.57 11.69 1.556
   vertex -1.6 11.69 1.646
   vertex -1.57 11.69 1.736
  endloop
 endfacet
  facet normal 0 0 0
    outer loop
   vertex -1.6 11.69 1.376
   vertex -1.57 11.69 1.466
   vertex -1.57 11.69 1.376
  endloop
 endfacet
  facet normal 0 0 0
    outer loop
   vertex -1.57 11.69 1.466
   vertex -1.6 11.69 1.556
   vertex -1.57 11.69 1.556
  endloop
 endfacet
  facet normal 0 0 0
    outer loop
   vertex -1.6 11.69 1.376
   vertex -1.6 11.69 1.556
   vertex -1.57 11.69 1.466
  endloop
 endfacet
  facet normal 0 0 0
    outer loop
   vertex -1.25 11.69 1.556
   vertex -1.25 11.69 1.646
   vertex -1.22 11.69 1.556
  endloop
 endfacet
  facet normal 0 0 0
    outer loop
   vertex -1.25 11.69 1.646
   vertex -1.25 11.69 1.736
   vertex -1.22 11.69 1.736
  endloop
 endfacet
  facet normal 0 0 0
    outer loop
   vertex -1.22 11.69 1.556
   vertex -1.25 11.69 1.646
   vertex -1.22 11.69 1.736
  endloop
 endfacet
  facet normal 0 0 0
    outer loop
   vertex -1.25 11.69 1.376
   vertex -1.22 11.69 1.466
   vertex -1.22 11.69 1.376
  endloop
 endfacet
  facet normal 0 0 0
    outer loop
   vertex -1.22 11.69 1.466
   vertex -1.25 11.69 1.556
   vertex -1.22 11.69 1.556
  endloop
 endfacet
  facet normal 0 0 0
    outer loop
   vertex -1.25 11.69 1.376
   vertex -1.25 11.69 1.556
   vertex -1.22 11.69 1.466
  endloop
 endfacet
  facet normal 0 0 0
    outer loop
   vertex -1.22 11.31 1.376
   vertex -1.22 11.31 1.736
   vertex -1.6 11.31 1.736
  endloop
 endfacet
  facet normal 0 0 0
    outer loop
   vertex -1.22 11.31 1.376
   vertex -1.6 11.31 1.736
   vertex -1.6 11.31 1.376
  endloop
 endfacet
  facet normal 0 0 0
    outer loop
   vertex -4.185 11.31 1.376
   vertex -4.185 11.31 1.736
   vertex -4.565 11.31 1.736
  endloop
 endfacet
  facet normal 0 0 0
    outer loop
   vertex -4.185 11.31 1.376
   vertex -4.565 11.31 1.736
   vertex -4.565 11.31 1.376
  endloop
 endfacet
  facet normal 0 0 0
    outer loop
   vertex -1.6 11.31 1.376
   vertex -1.6 11.31 1.736
   vertex -1.6 11.69 1.736
  endloop
 endfacet
  facet normal 0 0 0
    outer loop
   vertex -1.6 11.31 1.376
   vertex -1.6 11.69 1.736
   vertex -1.6 11.69 1.376
  endloop
 endfacet
  facet normal 0 0 0
    outer loop
   vertex -1.6 14.34 1.376
   vertex -1.6 14.34 1.736
   vertex -1.6 14.72 1.736
  endloop
 endfacet
  facet normal 0 0 0
    outer loop
   vertex -1.6 14.34 1.376
   vertex -1.6 14.72 1.736
   vertex -1.6 14.72 1.376
  endloop
 endfacet
  facet normal 0 0 0
    outer loop
   vertex -4.565 11.31 1.376
   vertex -4.565 11.31 1.736
   vertex -4.565 11.69 1.736
  endloop
 endfacet
  facet normal 0 0 0
    outer loop
   vertex -4.565 11.31 1.376
   vertex -4.565 11.69 1.736
   vertex -4.565 11.69 1.376
  endloop
 endfacet
  facet normal 0 0 0
    outer loop
   vertex -4.185 11.69 1.376
   vertex -4.185 11.69 1.736
   vertex -4.185 11.31 1.736
  endloop
 endfacet
  facet normal 0 0 0
    outer loop
   vertex -4.185 11.69 1.376
   vertex -4.185 11.31 1.736
   vertex -4.185 11.31 1.376
  endloop
 endfacet
  facet normal 0 0 0
    outer loop
   vertex 30.565 12.91 1.376
   vertex 30.565 12.91 1.736
   vertex 29.79 12.91 1.376
  endloop
 endfacet
  facet normal 0 0 0
    outer loop
   vertex 29.79 12.91 1.376
   vertex 29.015 12.91 1.736
   vertex 29.015 12.91 1.376
  endloop
 endfacet
  facet normal 0 0 0
    outer loop
   vertex 29.79 12.91 1.376
   vertex 30.565 12.91 1.736
   vertex 29.015 12.91 1.736
  endloop
 endfacet
  facet normal 0 0 0
    outer loop
   vertex -4.665 13.145 1.376
   vertex -4.665 13.145 1.736
   vertex -4.225 13.145 1.736
  endloop
 endfacet
  facet normal 0 0 0
    outer loop
   vertex -4.665 13.145 1.376
   vertex -4.225 13.145 1.736
   vertex -4.225 13.145 1.376
  endloop
 endfacet
  facet normal 0 0 0
    outer loop
   vertex -4.665 12.855 1.376
   vertex -4.665 12.855 1.736
   vertex -4.665 13.145 1.736
  endloop
 endfacet
  facet normal 0 0 0
    outer loop
   vertex -4.665 12.855 1.376
   vertex -4.665 13.145 1.736
   vertex -4.665 13.145 1.376
  endloop
 endfacet
  facet normal 0 0 0
    outer loop
   vertex -4.525 12.855 1.376
   vertex -4.525 12.855 1.736
   vertex -4.665 12.855 1.736
  endloop
 endfacet
  facet normal 0 0 0
    outer loop
   vertex -4.525 12.855 1.376
   vertex -4.665 12.855 1.736
   vertex -4.665 12.855 1.376
  endloop
 endfacet
  facet normal 0 0 0
    outer loop
   vertex -4.525 11.69 1.376
   vertex -4.525 11.69 1.736
   vertex -4.525 12.855 1.736
  endloop
 endfacet
  facet normal 0 0 0
    outer loop
   vertex -4.525 11.69 1.376
   vertex -4.525 12.855 1.736
   vertex -4.525 12.855 1.376
  endloop
 endfacet
  facet normal 0 0 0
    outer loop
   vertex -4.225 13.145 1.376
   vertex -4.225 13.145 1.736
   vertex -4.225 12.418 1.376
  endloop
 endfacet
  facet normal 0 0 0
    outer loop
   vertex -4.225 12.418 1.376
   vertex -4.225 11.69 1.736
   vertex -4.225 11.69 1.376
  endloop
 endfacet
  facet normal 0 0 0
    outer loop
   vertex -4.225 12.418 1.376
   vertex -4.225 13.145 1.736
   vertex -4.225 11.69 1.736
  endloop
 endfacet
  facet normal 0 0 0
    outer loop
   vertex -1.22 14.34 1.556
   vertex -1.22 14.34 1.646
   vertex -1.25 14.34 1.556
  endloop
 endfacet
  facet normal 0 0 0
    outer loop
   vertex -1.22 14.34 1.646
   vertex -1.22 14.34 1.736
   vertex -1.25 14.34 1.736
  endloop
 endfacet
  facet normal 0 0 0
    outer loop
   vertex -1.25 14.34 1.556
   vertex -1.22 14.34 1.646
   vertex -1.25 14.34 1.736
  endloop
 endfacet
  facet normal 0 0 0
    outer loop
   vertex -1.22 14.34 1.376
   vertex -1.25 14.34 1.466
   vertex -1.25 14.34 1.376
  endloop
 endfacet
  facet normal 0 0 0
    outer loop
   vertex -1.25 14.34 1.466
   vertex -1.22 14.34 1.556
   vertex -1.25 14.34 1.556
  endloop
 endfacet
  facet normal 0 0 0
    outer loop
   vertex -1.22 14.34 1.376
   vertex -1.22 14.34 1.556
   vertex -1.25 14.34 1.466
  endloop
 endfacet
  facet normal 0 0 0
    outer loop
   vertex -1.57 14.34 1.556
   vertex -1.57 14.34 1.646
   vertex -1.6 14.34 1.556
  endloop
 endfacet
  facet normal 0 0 0
    outer loop
   vertex -1.57 14.34 1.646
   vertex -1.57 14.34 1.736
   vertex -1.6 14.34 1.736
  endloop
 endfacet
  facet normal 0 0 0
    outer loop
   vertex -1.6 14.34 1.556
   vertex -1.57 14.34 1.646
   vertex -1.6 14.34 1.736
  endloop
 endfacet
  facet normal 0 0 0
    outer loop
   vertex -1.57 14.34 1.376
   vertex -1.6 14.34 1.466
   vertex -1.6 14.34 1.376
  endloop
 endfacet
  facet normal 0 0 0
    outer loop
   vertex -1.6 14.34 1.466
   vertex -1.57 14.34 1.556
   vertex -1.6 14.34 1.556
  endloop
 endfacet
  facet normal 0 0 0
    outer loop
   vertex -1.57 14.34 1.376
   vertex -1.57 14.34 1.556
   vertex -1.6 14.34 1.466
  endloop
 endfacet
  facet normal 0 0 0
    outer loop
   vertex -1.6 14.72 1.376
   vertex -1.6 14.72 1.736
   vertex -1.22 14.72 1.736
  endloop
 endfacet
  facet normal 0 0 0
    outer loop
   vertex -1.6 14.72 1.376
   vertex -1.22 14.72 1.736
   vertex -1.22 14.72 1.376
  endloop
 endfacet
  facet normal 0 0 0
    outer loop
   vertex -1.57 11.69 1.376
   vertex -1.57 11.69 1.736
   vertex -1.57 13.015 1.376
  endloop
 endfacet
  facet normal 0 0 0
    outer loop
   vertex -1.57 13.015 1.376
   vertex -1.57 14.34 1.736
   vertex -1.57 14.34 1.376
  endloop
 endfacet
  facet normal 0 0 0
    outer loop
   vertex -1.57 13.015 1.376
   vertex -1.57 11.69 1.736
   vertex -1.57 14.34 1.736
  endloop
 endfacet
  facet normal 0 0 0
    outer loop
   vertex -1.25 14.34 1.376
   vertex -1.25 14.34 1.736
   vertex -1.25 13.015 1.376
  endloop
 endfacet
  facet normal 0 0 0
    outer loop
   vertex -1.25 13.015 1.376
   vertex -1.25 11.69 1.736
   vertex -1.25 11.69 1.376
  endloop
 endfacet
  facet normal 0 0 0
    outer loop
   vertex -1.25 13.015 1.376
   vertex -1.25 14.34 1.736
   vertex -1.25 11.69 1.736
  endloop
 endfacet
  facet normal 0 0 0
    outer loop
   vertex 30.565 16.15 1.376
   vertex 30.565 16.15 1.736
   vertex 30.565 15.34 1.376
  endloop
 endfacet
  facet normal 0 0 0
    outer loop
   vertex 30.565 15.34 1.376
   vertex 30.565 14.53 1.736
   vertex 30.565 14.53 1.376
  endloop
 endfacet
  facet normal 0 0 0
    outer loop
   vertex 30.565 15.34 1.376
   vertex 30.565 16.15 1.736
   vertex 30.565 14.53 1.736
  endloop
 endfacet
  facet normal 0 0 0
    outer loop
   vertex 30.565 13.72 1.376
   vertex 30.565 12.91 1.736
   vertex 30.565 12.91 1.376
  endloop
 endfacet
  facet normal 0 0 0
    outer loop
   vertex 30.565 14.53 1.376
   vertex 30.565 14.53 1.736
   vertex 30.565 13.72 1.376
  endloop
 endfacet
  facet normal 0 0 0
    outer loop
   vertex 30.565 13.72 1.376
   vertex 30.565 14.53 1.736
   vertex 30.565 12.91 1.736
  endloop
 endfacet
  facet normal 0 0 0
    outer loop
   vertex 29.015 16.15 1.376
   vertex 29.015 16.15 1.736
   vertex 29.79 16.15 1.376
  endloop
 endfacet
  facet normal 0 0 0
    outer loop
   vertex 29.79 16.15 1.376
   vertex 30.565 16.15 1.736
   vertex 30.565 16.15 1.376
  endloop
 endfacet
  facet normal 0 0 0
    outer loop
   vertex 29.79 16.15 1.376
   vertex 29.015 16.15 1.736
   vertex 30.565 16.15 1.736
  endloop
 endfacet
  facet normal 0 0 0
    outer loop
   vertex 29.015 12.91 1.376
   vertex 29.015 12.91 1.736
   vertex 29.015 13.72 1.376
  endloop
 endfacet
  facet normal 0 0 0
    outer loop
   vertex 29.015 13.72 1.376
   vertex 29.015 14.53 1.736
   vertex 29.015 14.53 1.376
  endloop
 endfacet
  facet normal 0 0 0
    outer loop
   vertex 29.015 13.72 1.376
   vertex 29.015 12.91 1.736
   vertex 29.015 14.53 1.736
  endloop
 endfacet
  facet normal 0 0 0
    outer loop
   vertex 29.015 15.34 1.376
   vertex 29.015 16.15 1.736
   vertex 29.015 16.15 1.376
  endloop
 endfacet
  facet normal 0 0 0
    outer loop
   vertex 29.015 14.53 1.376
   vertex 29.015 14.53 1.736
   vertex 29.015 15.34 1.376
  endloop
 endfacet
  facet normal 0 0 0
    outer loop
   vertex 29.015 15.34 1.376
   vertex 29.015 14.53 1.736
   vertex 29.015 16.15 1.736
  endloop
 endfacet
  facet normal 0 0 0
    outer loop
   vertex -1.22 11.31 2.006
   vertex -1.22 11.31 2.366
   vertex -1.6 11.31 2.366
  endloop
 endfacet
  facet normal 0 0 0
    outer loop
   vertex -1.22 11.31 2.006
   vertex -1.6 11.31 2.366
   vertex -1.6 11.31 2.006
  endloop
 endfacet
  facet normal 0 0 0
    outer loop
   vertex -4.185 11.31 2.006
   vertex -4.185 11.31 2.366
   vertex -4.565 11.31 2.366
  endloop
 endfacet
  facet normal 0 0 0
    outer loop
   vertex -4.185 11.31 2.006
   vertex -4.565 11.31 2.366
   vertex -4.565 11.31 2.006
  endloop
 endfacet
  facet normal 0 0 0
    outer loop
   vertex -4.185 11.69 2.186
   vertex -4.185 11.69 2.276
   vertex -4.185 11.66 2.186
  endloop
 endfacet
  facet normal 0 0 0
    outer loop
   vertex -4.185 11.69 2.276
   vertex -4.185 11.69 2.366
   vertex -4.185 11.66 2.366
  endloop
 endfacet
  facet normal 0 0 0
    outer loop
   vertex -4.185 11.66 2.186
   vertex -4.185 11.69 2.276
   vertex -4.185 11.66 2.366
  endloop
 endfacet
  facet normal 0 0 0
    outer loop
   vertex -4.185 11.69 2.006
   vertex -4.185 11.66 2.096
   vertex -4.185 11.66 2.006
  endloop
 endfacet
  facet normal 0 0 0
    outer loop
   vertex -4.185 11.66 2.096
   vertex -4.185 11.69 2.186
   vertex -4.185 11.66 2.186
  endloop
 endfacet
  facet normal 0 0 0
    outer loop
   vertex -4.185 11.69 2.006
   vertex -4.185 11.69 2.186
   vertex -4.185 11.66 2.096
  endloop
 endfacet
  facet normal 0 0 0
    outer loop
   vertex -4.185 11.34 2.186
   vertex -4.185 11.34 2.276
   vertex -4.185 11.31 2.186
  endloop
 endfacet
  facet normal 0 0 0
    outer loop
   vertex -4.185 11.34 2.276
   vertex -4.185 11.34 2.366
   vertex -4.185 11.31 2.366
  endloop
 endfacet
  facet normal 0 0 0
    outer loop
   vertex -4.185 11.31 2.186
   vertex -4.185 11.34 2.276
   vertex -4.185 11.31 2.366
  endloop
 endfacet
  facet normal 0 0 0
    outer loop
   vertex -4.185 11.34 2.006
   vertex -4.185 11.31 2.096
   vertex -4.185 11.31 2.006
  endloop
 endfacet
  facet normal 0 0 0
    outer loop
   vertex -4.185 11.31 2.096
   vertex -4.185 11.34 2.186
   vertex -4.185 11.31 2.186
  endloop
 endfacet
  facet normal 0 0 0
    outer loop
   vertex -4.185 11.34 2.006
   vertex -4.185 11.34 2.186
   vertex -4.185 11.31 2.096
  endloop
 endfacet
  facet normal 0 0 0
    outer loop
   vertex -1.6 11.34 2.006
   vertex -1.6 11.34 2.366
   vertex -2.893 11.34 2.006
  endloop
 endfacet
  facet normal 0 0 0
    outer loop
   vertex -2.893 11.34 2.006
   vertex -4.185 11.34 2.366
   vertex -4.185 11.34 2.006
  endloop
 endfacet
  facet normal 0 0 0
    outer loop
   vertex -2.893 11.34 2.006
   vertex -1.6 11.34 2.366
   vertex -4.185 11.34 2.366
  endloop
 endfacet
  facet normal 0 0 0
    outer loop
   vertex -1.6 11.31 2.186
   vertex -1.6 11.31 2.276
   vertex -1.6 11.34 2.186
  endloop
 endfacet
  facet normal 0 0 0
    outer loop
   vertex -1.6 11.31 2.276
   vertex -1.6 11.31 2.366
   vertex -1.6 11.34 2.366
  endloop
 endfacet
  facet normal 0 0 0
    outer loop
   vertex -1.6 11.34 2.186
   vertex -1.6 11.31 2.276
   vertex -1.6 11.34 2.366
  endloop
 endfacet
  facet normal 0 0 0
    outer loop
   vertex -1.6 11.31 2.006
   vertex -1.6 11.34 2.096
   vertex -1.6 11.34 2.006
  endloop
 endfacet
  facet normal 0 0 0
    outer loop
   vertex -1.6 11.34 2.096
   vertex -1.6 11.31 2.186
   vertex -1.6 11.34 2.186
  endloop
 endfacet
  facet normal 0 0 0
    outer loop
   vertex -1.6 11.31 2.006
   vertex -1.6 11.31 2.186
   vertex -1.6 11.34 2.096
  endloop
 endfacet
  facet normal 0 0 0
    outer loop
   vertex -1.6 11.66 2.186
   vertex -1.6 11.66 2.276
   vertex -1.6 11.69 2.186
  endloop
 endfacet
  facet normal 0 0 0
    outer loop
   vertex -1.6 11.66 2.276
   vertex -1.6 11.66 2.366
   vertex -1.6 11.69 2.366
  endloop
 endfacet
  facet normal 0 0 0
    outer loop
   vertex -1.6 11.69 2.186
   vertex -1.6 11.66 2.276
   vertex -1.6 11.69 2.366
  endloop
 endfacet
  facet normal 0 0 0
    outer loop
   vertex -1.6 11.66 2.006
   vertex -1.6 11.69 2.096
   vertex -1.6 11.69 2.006
  endloop
 endfacet
  facet normal 0 0 0
    outer loop
   vertex -1.6 11.69 2.096
   vertex -1.6 11.66 2.186
   vertex -1.6 11.69 2.186
  endloop
 endfacet
  facet normal 0 0 0
    outer loop
   vertex -1.6 11.66 2.006
   vertex -1.6 11.66 2.186
   vertex -1.6 11.69 2.096
  endloop
 endfacet
  facet normal 0 0 0
    outer loop
   vertex -1.6 14.34 2.006
   vertex -1.6 14.34 2.366
   vertex -1.6 14.72 2.366
  endloop
 endfacet
  facet normal 0 0 0
    outer loop
   vertex -1.6 14.34 2.006
   vertex -1.6 14.72 2.366
   vertex -1.6 14.72 2.006
  endloop
 endfacet
  facet normal 0 0 0
    outer loop
   vertex -4.565 11.31 2.006
   vertex -4.565 11.31 2.366
   vertex -4.565 11.69 2.366
  endloop
 endfacet
  facet normal 0 0 0
    outer loop
   vertex -4.565 11.31 2.006
   vertex -4.565 11.69 2.366
   vertex -4.565 11.69 2.006
  endloop
 endfacet
  facet normal 0 0 0
    outer loop
   vertex -4.565 11.69 2.006
   vertex -4.565 11.69 2.366
   vertex -4.185 11.69 2.366
  endloop
 endfacet
  facet normal 0 0 0
    outer loop
   vertex -4.565 11.69 2.006
   vertex -4.185 11.69 2.366
   vertex -4.185 11.69 2.006
  endloop
 endfacet
  facet normal 0 0 0
    outer loop
   vertex -1.6 11.69 2.006
   vertex -1.6 11.69 2.366
   vertex -1.22 11.69 2.366
  endloop
 endfacet
  facet normal 0 0 0
    outer loop
   vertex -1.6 11.69 2.006
   vertex -1.22 11.69 2.366
   vertex -1.22 11.69 2.006
  endloop
 endfacet
  facet normal 0 0 0
    outer loop
   vertex -4.185 11.66 2.006
   vertex -4.185 11.66 2.366
   vertex -2.893 11.66 2.006
  endloop
 endfacet
  facet normal 0 0 0
    outer loop
   vertex -2.893 11.66 2.006
   vertex -1.6 11.66 2.366
   vertex -1.6 11.66 2.006
  endloop
 endfacet
  facet normal 0 0 0
    outer loop
   vertex -2.893 11.66 2.006
   vertex -4.185 11.66 2.366
   vertex -1.6 11.66 2.366
  endloop
 endfacet
  facet normal 0 0 0
    outer loop
   vertex -1.22 11.69 2.006
   vertex -1.22 11.69 2.366
   vertex -1.22 11.31 2.366
  endloop
 endfacet
  facet normal 0 0 0
    outer loop
   vertex -1.22 11.69 2.006
   vertex -1.22 11.31 2.366
   vertex -1.22 11.31 2.006
  endloop
 endfacet
  facet normal 0 0 0
    outer loop
   vertex 29.815 14.13 2.006
   vertex 29.815 14.13 2.366
   vertex 29.015 14.13 2.366
  endloop
 endfacet
  facet normal 0 0 0
    outer loop
   vertex 29.815 14.13 2.006
   vertex 29.015 14.13 2.366
   vertex 29.015 14.13 2.006
  endloop
 endfacet
  facet normal 0 0 0
    outer loop
   vertex 29.015 14.13 2.006
   vertex 29.015 14.13 2.366
   vertex 29.015 14.34 2.366
  endloop
 endfacet
  facet normal 0 0 0
    outer loop
   vertex 29.015 14.13 2.006
   vertex 29.015 14.34 2.366
   vertex 29.015 14.34 2.006
  endloop
 endfacet
  facet normal 0 0 0
    outer loop
   vertex 29.015 14.72 2.006
   vertex 29.015 14.72 2.366
   vertex 29.015 14.93 2.366
  endloop
 endfacet
  facet normal 0 0 0
    outer loop
   vertex 29.015 14.72 2.006
   vertex 29.015 14.93 2.366
   vertex 29.015 14.93 2.006
  endloop
 endfacet
  facet normal 0 0 0
    outer loop
   vertex 29.015 14.34 2.006
   vertex 29.015 14.34 2.366
   vertex 28.058 14.34 2.006
  endloop
 endfacet
  facet normal 0 0 0
    outer loop
   vertex 28.058 14.34 2.006
   vertex 27.102 14.34 2.366
   vertex 27.102 14.34 2.006
  endloop
 endfacet
  facet normal 0 0 0
    outer loop
   vertex 28.058 14.34 2.006
   vertex 29.015 14.34 2.366
   vertex 27.102 14.34 2.366
  endloop
 endfacet
  facet normal 0 0 0
    outer loop
   vertex 27.102 14.34 2.006
   vertex 27.102 14.34 2.366
   vertex 26.145 14.34 2.366
  endloop
 endfacet
  facet normal 0 0 0
    outer loop
   vertex 25.188 14.34 2.006
   vertex 26.145 14.34 2.366
   vertex 25.188 14.34 2.366
  endloop
 endfacet
  facet normal 0 0 0
    outer loop
   vertex 27.102 14.34 2.006
   vertex 26.145 14.34 2.366
   vertex 25.188 14.34 2.006
  endloop
 endfacet
  facet normal 0 0 0
    outer loop
   vertex 24.231 14.34 2.006
   vertex 23.275 14.34 2.366
   vertex 23.275 14.34 2.006
  endloop
 endfacet
  facet normal 0 0 0
    outer loop
   vertex 25.188 14.34 2.006
   vertex 25.188 14.34 2.366
   vertex 24.231 14.34 2.006
  endloop
 endfacet
  facet normal 0 0 0
    outer loop
   vertex 24.231 14.34 2.006
   vertex 25.188 14.34 2.366
   vertex 23.275 14.34 2.366
  endloop
 endfacet
  facet normal 0 0 0
    outer loop
   vertex 23.275 14.34 2.006
   vertex 23.275 14.34 2.366
   vertex 22.318 14.34 2.006
  endloop
 endfacet
  facet normal 0 0 0
    outer loop
   vertex 22.318 14.34 2.006
   vertex 21.361 14.34 2.366
   vertex 21.361 14.34 2.006
  endloop
 endfacet
  facet normal 0 0 0
    outer loop
   vertex 22.318 14.34 2.006
   vertex 23.275 14.34 2.366
   vertex 21.361 14.34 2.366
  endloop
 endfacet
  facet normal 0 0 0
    outer loop
   vertex 19.448 14.34 2.006
   vertex 19.448 14.34 2.366
   vertex 18.491 14.34 2.366
  endloop
 endfacet
  facet normal 0 0 0
    outer loop
   vertex 17.534 14.34 2.006
   vertex 18.491 14.34 2.366
   vertex 17.534 14.34 2.366
  endloop
 endfacet
  facet normal 0 0 0
    outer loop
   vertex 19.448 14.34 2.006
   vertex 18.491 14.34 2.366
   vertex 17.534 14.34 2.006
  endloop
 endfacet
  facet normal 0 0 0
    outer loop
   vertex 19.448 14.34 2.006
   vertex 20.405 14.34 2.366
   vertex 19.448 14.34 2.366
  endloop
 endfacet
  facet normal 0 0 0
    outer loop
   vertex 21.361 14.34 2.006
   vertex 21.361 14.34 2.366
   vertex 20.405 14.34 2.366
  endloop
 endfacet
  facet normal 0 0 0
    outer loop
   vertex 21.361 14.34 2.006
   vertex 20.405 14.34 2.366
   vertex 19.448 14.34 2.006
  endloop
 endfacet
  facet normal 0 0 0
    outer loop
   vertex 17.534 14.34 2.006
   vertex 17.534 14.34 2.366
   vertex 16.578 14.34 2.006
  endloop
 endfacet
  facet normal 0 0 0
    outer loop
   vertex 16.578 14.34 2.006
   vertex 15.621 14.34 2.366
   vertex 15.621 14.34 2.006
  endloop
 endfacet
  facet normal 0 0 0
    outer loop
   vertex 16.578 14.34 2.006
   vertex 17.534 14.34 2.366
   vertex 15.621 14.34 2.366
  endloop
 endfacet
  facet normal 0 0 0
    outer loop
   vertex 15.621 14.34 2.006
   vertex 15.621 14.34 2.366
   vertex 14.664 14.34 2.366
  endloop
 endfacet
  facet normal 0 0 0
    outer loop
   vertex 13.708 14.34 2.006
   vertex 14.664 14.34 2.366
   vertex 13.708 14.34 2.366
  endloop
 endfacet
  facet normal 0 0 0
    outer loop
   vertex 15.621 14.34 2.006
   vertex 14.664 14.34 2.366
   vertex 13.708 14.34 2.006
  endloop
 endfacet
  facet normal 0 0 0
    outer loop
   vertex 4.14 14.34 2.006
   vertex 4.14 14.34 2.366
   vertex 3.184 14.34 2.366
  endloop
 endfacet
  facet normal 0 0 0
    outer loop
   vertex 2.227 14.34 2.006
   vertex 3.184 14.34 2.366
   vertex 2.227 14.34 2.366
  endloop
 endfacet
  facet normal 0 0 0
    outer loop
   vertex 4.14 14.34 2.006
   vertex 3.184 14.34 2.366
   vertex 2.227 14.34 2.006
  endloop
 endfacet
  facet normal 0 0 0
    outer loop
   vertex 4.14 14.34 2.006
   vertex 5.097 14.34 2.366
   vertex 4.14 14.34 2.366
  endloop
 endfacet
  facet normal 0 0 0
    outer loop
   vertex 6.054 14.34 2.006
   vertex 6.054 14.34 2.366
   vertex 5.097 14.34 2.366
  endloop
 endfacet
  facet normal 0 0 0
    outer loop
   vertex 6.054 14.34 2.006
   vertex 5.097 14.34 2.366
   vertex 4.14 14.34 2.006
  endloop
 endfacet
  facet normal 0 0 0
    outer loop
   vertex 2.227 14.34 2.006
   vertex 2.227 14.34 2.366
   vertex 1.27 14.34 2.006
  endloop
 endfacet
  facet normal 0 0 0
    outer loop
   vertex 1.27 14.34 2.006
   vertex 0.313 14.34 2.366
   vertex 0.313 14.34 2.006
  endloop
 endfacet
  facet normal 0 0 0
    outer loop
   vertex 1.27 14.34 2.006
   vertex 2.227 14.34 2.366
   vertex 0.313 14.34 2.366
  endloop
 endfacet
  facet normal 0 0 0
    outer loop
   vertex 0.313 14.34 2.006
   vertex 0.313 14.34 2.366
   vertex -0.643 14.34 2.366
  endloop
 endfacet
  facet normal 0 0 0
    outer loop
   vertex -1.6 14.34 2.006
   vertex -0.643 14.34 2.366
   vertex -1.6 14.34 2.366
  endloop
 endfacet
  facet normal 0 0 0
    outer loop
   vertex 0.313 14.34 2.006
   vertex -0.643 14.34 2.366
   vertex -1.6 14.34 2.006
  endloop
 endfacet
  facet normal 0 0 0
    outer loop
   vertex 6.054 14.34 2.006
   vertex 7.01 14.34 2.366
   vertex 6.054 14.34 2.366
  endloop
 endfacet
  facet normal 0 0 0
    outer loop
   vertex 7.967 14.34 2.006
   vertex 7.967 14.34 2.366
   vertex 7.01 14.34 2.366
  endloop
 endfacet
  facet normal 0 0 0
    outer loop
   vertex 7.967 14.34 2.006
   vertex 7.01 14.34 2.366
   vertex 6.054 14.34 2.006
  endloop
 endfacet
  facet normal 0 0 0
    outer loop
   vertex 8.924 14.34 2.006
   vertex 7.967 14.34 2.366
   vertex 7.967 14.34 2.006
  endloop
 endfacet
  facet normal 0 0 0
    outer loop
   vertex 9.881 14.34 2.006
   vertex 9.881 14.34 2.366
   vertex 8.924 14.34 2.006
  endloop
 endfacet
  facet normal 0 0 0
    outer loop
   vertex 8.924 14.34 2.006
   vertex 9.881 14.34 2.366
   vertex 7.967 14.34 2.366
  endloop
 endfacet
  facet normal 0 0 0
    outer loop
   vertex 11.794 14.34 2.006
   vertex 11.794 14.34 2.366
   vertex 10.837 14.34 2.366
  endloop
 endfacet
  facet normal 0 0 0
    outer loop
   vertex 9.881 14.34 2.006
   vertex 10.837 14.34 2.366
   vertex 9.881 14.34 2.366
  endloop
 endfacet
  facet normal 0 0 0
    outer loop
   vertex 11.794 14.34 2.006
   vertex 10.837 14.34 2.366
   vertex 9.881 14.34 2.006
  endloop
 endfacet
  facet normal 0 0 0
    outer loop
   vertex 11.794 14.34 2.006
   vertex 12.751 14.34 2.366
   vertex 11.794 14.34 2.366
  endloop
 endfacet
  facet normal 0 0 0
    outer loop
   vertex 13.708 14.34 2.006
   vertex 13.708 14.34 2.366
   vertex 12.751 14.34 2.366
  endloop
 endfacet
  facet normal 0 0 0
    outer loop
   vertex 13.708 14.34 2.006
   vertex 12.751 14.34 2.366
   vertex 11.794 14.34 2.006
  endloop
 endfacet
  facet normal 0 0 0
    outer loop
   vertex -1.6 14.72 2.006
   vertex -1.6 14.72 2.366
   vertex -0.643 14.72 2.006
  endloop
 endfacet
  facet normal 0 0 0
    outer loop
   vertex -0.643 14.72 2.006
   vertex 0.313 14.72 2.366
   vertex 0.313 14.72 2.006
  endloop
 endfacet
  facet normal 0 0 0
    outer loop
   vertex -0.643 14.72 2.006
   vertex -1.6 14.72 2.366
   vertex 0.313 14.72 2.366
  endloop
 endfacet
  facet normal 0 0 0
    outer loop
   vertex 0.313 14.72 2.006
   vertex 0.313 14.72 2.366
   vertex 1.27 14.72 2.366
  endloop
 endfacet
  facet normal 0 0 0
    outer loop
   vertex 2.227 14.72 2.006
   vertex 1.27 14.72 2.366
   vertex 2.227 14.72 2.366
  endloop
 endfacet
  facet normal 0 0 0
    outer loop
   vertex 0.313 14.72 2.006
   vertex 1.27 14.72 2.366
   vertex 2.227 14.72 2.006
  endloop
 endfacet
  facet normal 0 0 0
    outer loop
   vertex 3.184 14.72 2.006
   vertex 4.14 14.72 2.366
   vertex 4.14 14.72 2.006
  endloop
 endfacet
  facet normal 0 0 0
    outer loop
   vertex 2.227 14.72 2.006
   vertex 2.227 14.72 2.366
   vertex 3.184 14.72 2.006
  endloop
 endfacet
  facet normal 0 0 0
    outer loop
   vertex 3.184 14.72 2.006
   vertex 2.227 14.72 2.366
   vertex 4.14 14.72 2.366
  endloop
 endfacet
  facet normal 0 0 0
    outer loop
   vertex 4.14 14.72 2.006
   vertex 4.14 14.72 2.366
   vertex 5.097 14.72 2.006
  endloop
 endfacet
  facet normal 0 0 0
    outer loop
   vertex 5.097 14.72 2.006
   vertex 6.054 14.72 2.366
   vertex 6.054 14.72 2.006
  endloop
 endfacet
  facet normal 0 0 0
    outer loop
   vertex 5.097 14.72 2.006
   vertex 4.14 14.72 2.366
   vertex 6.054 14.72 2.366
  endloop
 endfacet
  facet normal 0 0 0
    outer loop
   vertex 7.967 14.72 2.006
   vertex 7.967 14.72 2.366
   vertex 8.924 14.72 2.366
  endloop
 endfacet
  facet normal 0 0 0
    outer loop
   vertex 9.881 14.72 2.006
   vertex 8.924 14.72 2.366
   vertex 9.881 14.72 2.366
  endloop
 endfacet
  facet normal 0 0 0
    outer loop
   vertex 7.967 14.72 2.006
   vertex 8.924 14.72 2.366
   vertex 9.881 14.72 2.006
  endloop
 endfacet
  facet normal 0 0 0
    outer loop
   vertex 7.967 14.72 2.006
   vertex 7.01 14.72 2.366
   vertex 7.967 14.72 2.366
  endloop
 endfacet
  facet normal 0 0 0
    outer loop
   vertex 6.054 14.72 2.006
   vertex 6.054 14.72 2.366
   vertex 7.01 14.72 2.366
  endloop
 endfacet
  facet normal 0 0 0
    outer loop
   vertex 6.054 14.72 2.006
   vertex 7.01 14.72 2.366
   vertex 7.967 14.72 2.006
  endloop
 endfacet
  facet normal 0 0 0
    outer loop
   vertex 9.881 14.72 2.006
   vertex 9.881 14.72 2.366
   vertex 10.837 14.72 2.006
  endloop
 endfacet
  facet normal 0 0 0
    outer loop
   vertex 10.837 14.72 2.006
   vertex 11.794 14.72 2.366
   vertex 11.794 14.72 2.006
  endloop
 endfacet
  facet normal 0 0 0
    outer loop
   vertex 10.837 14.72 2.006
   vertex 9.881 14.72 2.366
   vertex 11.794 14.72 2.366
  endloop
 endfacet
  facet normal 0 0 0
    outer loop
   vertex 11.794 14.72 2.006
   vertex 11.794 14.72 2.366
   vertex 12.751 14.72 2.366
  endloop
 endfacet
  facet normal 0 0 0
    outer loop
   vertex 13.707 14.72 2.006
   vertex 12.751 14.72 2.366
   vertex 13.708 14.72 2.366
  endloop
 endfacet
  facet normal 0 0 0
    outer loop
   vertex 11.794 14.72 2.006
   vertex 12.751 14.72 2.366
   vertex 13.707 14.72 2.006
  endloop
 endfacet
  facet normal 0 0 0
    outer loop
   vertex 23.275 14.72 2.006
   vertex 23.275 14.72 2.366
   vertex 24.231 14.72 2.366
  endloop
 endfacet
  facet normal 0 0 0
    outer loop
   vertex 25.188 14.72 2.006
   vertex 24.231 14.72 2.366
   vertex 25.188 14.72 2.366
  endloop
 endfacet
  facet normal 0 0 0
    outer loop
   vertex 23.275 14.72 2.006
   vertex 24.231 14.72 2.366
   vertex 25.188 14.72 2.006
  endloop
 endfacet
  facet normal 0 0 0
    outer loop
   vertex 23.275 14.72 2.006
   vertex 22.318 14.72 2.366
   vertex 23.275 14.72 2.366
  endloop
 endfacet
  facet normal 0 0 0
    outer loop
   vertex 21.361 14.72 2.006
   vertex 21.361 14.72 2.366
   vertex 22.318 14.72 2.366
  endloop
 endfacet
  facet normal 0 0 0
    outer loop
   vertex 21.361 14.72 2.006
   vertex 22.318 14.72 2.366
   vertex 23.275 14.72 2.006
  endloop
 endfacet
  facet normal 0 0 0
    outer loop
   vertex 25.188 14.72 2.006
   vertex 25.188 14.72 2.366
   vertex 26.145 14.72 2.006
  endloop
 endfacet
  facet normal 0 0 0
    outer loop
   vertex 26.145 14.72 2.006
   vertex 27.102 14.72 2.366
   vertex 27.102 14.72 2.006
  endloop
 endfacet
  facet normal 0 0 0
    outer loop
   vertex 26.145 14.72 2.006
   vertex 25.188 14.72 2.366
   vertex 27.102 14.72 2.366
  endloop
 endfacet
  facet normal 0 0 0
    outer loop
   vertex 27.102 14.72 2.006
   vertex 27.102 14.72 2.366
   vertex 28.058 14.72 2.366
  endloop
 endfacet
  facet normal 0 0 0
    outer loop
   vertex 29.015 14.72 2.006
   vertex 28.058 14.72 2.366
   vertex 29.015 14.72 2.366
  endloop
 endfacet
  facet normal 0 0 0
    outer loop
   vertex 27.102 14.72 2.006
   vertex 28.058 14.72 2.366
   vertex 29.015 14.72 2.006
  endloop
 endfacet
  facet normal 0 0 0
    outer loop
   vertex 21.361 14.72 2.006
   vertex 20.405 14.72 2.366
   vertex 21.361 14.72 2.366
  endloop
 endfacet
  facet normal 0 0 0
    outer loop
   vertex 19.448 14.72 2.006
   vertex 19.448 14.72 2.366
   vertex 20.405 14.72 2.366
  endloop
 endfacet
  facet normal 0 0 0
    outer loop
   vertex 19.448 14.72 2.006
   vertex 20.405 14.72 2.366
   vertex 21.361 14.72 2.006
  endloop
 endfacet
  facet normal 0 0 0
    outer loop
   vertex 18.491 14.72 2.006
   vertex 19.448 14.72 2.366
   vertex 19.448 14.72 2.006
  endloop
 endfacet
  facet normal 0 0 0
    outer loop
   vertex 17.534 14.72 2.006
   vertex 17.534 14.72 2.366
   vertex 18.491 14.72 2.006
  endloop
 endfacet
  facet normal 0 0 0
    outer loop
   vertex 18.491 14.72 2.006
   vertex 17.534 14.72 2.366
   vertex 19.448 14.72 2.366
  endloop
 endfacet
  facet normal 0 0 0
    outer loop
   vertex 15.621 14.72 2.006
   vertex 15.621 14.72 2.366
   vertex 16.578 14.72 2.366
  endloop
 endfacet
  facet normal 0 0 0
    outer loop
   vertex 17.534 14.72 2.006
   vertex 16.578 14.72 2.366
   vertex 17.534 14.72 2.366
  endloop
 endfacet
  facet normal 0 0 0
    outer loop
   vertex 15.621 14.72 2.006
   vertex 16.578 14.72 2.366
   vertex 17.534 14.72 2.006
  endloop
 endfacet
  facet normal 0 0 0
    outer loop
   vertex 15.621 14.72 2.006
   vertex 14.664 14.72 2.366
   vertex 15.621 14.72 2.366
  endloop
 endfacet
  facet normal 0 0 0
    outer loop
   vertex 13.707 14.72 2.006
   vertex 13.708 14.72 2.366
   vertex 14.664 14.72 2.366
  endloop
 endfacet
  facet normal 0 0 0
    outer loop
   vertex 13.707 14.72 2.006
   vertex 14.664 14.72 2.366
   vertex 15.621 14.72 2.006
  endloop
 endfacet
  facet normal 0 0 0
    outer loop
   vertex 29.815 14.93 2.006
   vertex 29.815 14.93 2.366
   vertex 29.815 14.13 2.366
  endloop
 endfacet
  facet normal 0 0 0
    outer loop
   vertex 29.815 14.93 2.006
   vertex 29.815 14.13 2.366
   vertex 29.815 14.13 2.006
  endloop
 endfacet
  facet normal 0 0 0
    outer loop
   vertex 29.015 14.93 2.006
   vertex 29.015 14.93 2.366
   vertex 29.815 14.93 2.366
  endloop
 endfacet
  facet normal 0 0 0
    outer loop
   vertex 29.015 14.93 2.006
   vertex 29.815 14.93 2.366
   vertex 29.815 14.93 2.006
  endloop
 endfacet
endsolid stl
