solid stl
  facet normal 0 0 0
    outer loop
   vertex -9.14 20.21 0.326
   vertex -9.14 20.54 0.326
   vertex -9.02 20.21 0.326
  endloop
 endfacet
  facet normal 0 0 0
    outer loop
   vertex -9.02 20.21 0.326
   vertex -9.14 20.54 0.326
   vertex -8.87 20.54 0.326
  endloop
 endfacet
  facet normal 0 0 0
    outer loop
   vertex -8.87 19.965 0.326
   vertex -9.02 20.21 0.326
   vertex -8.87 20.54 0.326
  endloop
 endfacet
  facet normal 0 0 0
    outer loop
   vertex -9.02 19.39 0.326
   vertex -8.87 19.965 0.326
   vertex -8.87 19.39 0.326
  endloop
 endfacet
  facet normal 0 0 0
    outer loop
   vertex -9.02 19.39 0.326
   vertex -9.02 20.21 0.326
   vertex -8.87 19.965 0.326
  endloop
 endfacet
  facet normal 0 0 0
    outer loop
   vertex -7.47 20.21 0.326
   vertex -7.35 20.54 0.326
   vertex -7.35 20.21 0.326
  endloop
 endfacet
  facet normal 0 0 0
    outer loop
   vertex -7.47 20.21 0.326
   vertex -7.62 20.54 0.326
   vertex -7.35 20.54 0.326
  endloop
 endfacet
  facet normal 0 0 0
    outer loop
   vertex -7.62 19.965 0.326
   vertex -7.62 20.54 0.326
   vertex -7.47 20.21 0.326
  endloop
 endfacet
  facet normal 0 0 0
    outer loop
   vertex -7.62 19.39 0.326
   vertex -7.62 19.965 0.326
   vertex -7.47 19.39 0.326
  endloop
 endfacet
  facet normal 0 0 0
    outer loop
   vertex -7.47 19.39 0.326
   vertex -7.62 19.965 0.326
   vertex -7.47 20.21 0.326
  endloop
 endfacet
  facet normal 0 0 0
    outer loop
   vertex -6.34 20.21 0.326
   vertex -6.34 20.54 0.326
   vertex -6.22 20.21 0.326
  endloop
 endfacet
  facet normal 0 0 0
    outer loop
   vertex -6.22 20.21 0.326
   vertex -6.34 20.54 0.326
   vertex -6.07 20.54 0.326
  endloop
 endfacet
  facet normal 0 0 0
    outer loop
   vertex -6.07 19.965 0.326
   vertex -6.22 20.21 0.326
   vertex -6.07 20.54 0.326
  endloop
 endfacet
  facet normal 0 0 0
    outer loop
   vertex -6.22 19.39 0.326
   vertex -6.07 19.965 0.326
   vertex -6.07 19.39 0.326
  endloop
 endfacet
  facet normal 0 0 0
    outer loop
   vertex -6.22 19.39 0.326
   vertex -6.22 20.21 0.326
   vertex -6.07 19.965 0.326
  endloop
 endfacet
  facet normal 0 0 0
    outer loop
   vertex -4.67 20.21 0.326
   vertex -4.55 20.54 0.326
   vertex -4.55 20.21 0.326
  endloop
 endfacet
  facet normal 0 0 0
    outer loop
   vertex -4.67 20.21 0.326
   vertex -4.82 20.54 0.326
   vertex -4.55 20.54 0.326
  endloop
 endfacet
  facet normal 0 0 0
    outer loop
   vertex -4.82 19.965 0.326
   vertex -4.82 20.54 0.326
   vertex -4.67 20.21 0.326
  endloop
 endfacet
  facet normal 0 0 0
    outer loop
   vertex -4.82 19.39 0.326
   vertex -4.82 19.965 0.326
   vertex -4.67 19.39 0.326
  endloop
 endfacet
  facet normal 0 0 0
    outer loop
   vertex -4.67 19.39 0.326
   vertex -4.82 19.965 0.326
   vertex -4.67 20.21 0.326
  endloop
 endfacet
  facet normal 0 0 0
    outer loop
   vertex -9.14 21.91 0.326
   vertex -9.14 22.24 0.326
   vertex -9.02 21.91 0.326
  endloop
 endfacet
  facet normal 0 0 0
    outer loop
   vertex -9.02 21.91 0.326
   vertex -9.14 22.24 0.326
   vertex -8.87 22.24 0.326
  endloop
 endfacet
  facet normal 0 0 0
    outer loop
   vertex -8.87 21.665 0.326
   vertex -9.02 21.91 0.326
   vertex -8.87 22.24 0.326
  endloop
 endfacet
  facet normal 0 0 0
    outer loop
   vertex -9.02 21.09 0.326
   vertex -8.87 21.665 0.326
   vertex -8.87 21.09 0.326
  endloop
 endfacet
  facet normal 0 0 0
    outer loop
   vertex -9.02 21.09 0.326
   vertex -9.02 21.91 0.326
   vertex -8.87 21.665 0.326
  endloop
 endfacet
  facet normal 0 0 0
    outer loop
   vertex -7.47 21.91 0.326
   vertex -7.35 22.24 0.326
   vertex -7.35 21.91 0.326
  endloop
 endfacet
  facet normal 0 0 0
    outer loop
   vertex -7.47 21.91 0.326
   vertex -7.62 22.24 0.326
   vertex -7.35 22.24 0.326
  endloop
 endfacet
  facet normal 0 0 0
    outer loop
   vertex -7.62 21.665 0.326
   vertex -7.62 22.24 0.326
   vertex -7.47 21.91 0.326
  endloop
 endfacet
  facet normal 0 0 0
    outer loop
   vertex -7.62 21.09 0.326
   vertex -7.62 21.665 0.326
   vertex -7.47 21.09 0.326
  endloop
 endfacet
  facet normal 0 0 0
    outer loop
   vertex -7.47 21.09 0.326
   vertex -7.62 21.665 0.326
   vertex -7.47 21.91 0.326
  endloop
 endfacet
  facet normal 0 0 0
    outer loop
   vertex -6.34 21.91 0.326
   vertex -6.34 22.24 0.326
   vertex -6.22 21.91 0.326
  endloop
 endfacet
  facet normal 0 0 0
    outer loop
   vertex -6.22 21.91 0.326
   vertex -6.34 22.24 0.326
   vertex -6.07 22.24 0.326
  endloop
 endfacet
  facet normal 0 0 0
    outer loop
   vertex -6.07 21.665 0.326
   vertex -6.22 21.91 0.326
   vertex -6.07 22.24 0.326
  endloop
 endfacet
  facet normal 0 0 0
    outer loop
   vertex -6.22 21.09 0.326
   vertex -6.07 21.665 0.326
   vertex -6.07 21.09 0.326
  endloop
 endfacet
  facet normal 0 0 0
    outer loop
   vertex -6.22 21.09 0.326
   vertex -6.22 21.91 0.326
   vertex -6.07 21.665 0.326
  endloop
 endfacet
  facet normal 0 0 0
    outer loop
   vertex -4.67 21.91 0.326
   vertex -4.55 22.24 0.326
   vertex -4.55 21.91 0.326
  endloop
 endfacet
  facet normal 0 0 0
    outer loop
   vertex -4.67 21.91 0.326
   vertex -4.82 22.24 0.326
   vertex -4.55 22.24 0.326
  endloop
 endfacet
  facet normal 0 0 0
    outer loop
   vertex -4.82 21.665 0.326
   vertex -4.82 22.24 0.326
   vertex -4.67 21.91 0.326
  endloop
 endfacet
  facet normal 0 0 0
    outer loop
   vertex -4.82 21.09 0.326
   vertex -4.82 21.665 0.326
   vertex -4.67 21.09 0.326
  endloop
 endfacet
  facet normal 0 0 0
    outer loop
   vertex -4.67 21.09 0.326
   vertex -4.82 21.665 0.326
   vertex -4.67 21.91 0.326
  endloop
 endfacet
  facet normal 0 0 0
    outer loop
   vertex -9.14 23.61 0.326
   vertex -9.14 23.94 0.326
   vertex -9.02 23.61 0.326
  endloop
 endfacet
  facet normal 0 0 0
    outer loop
   vertex -9.02 23.61 0.326
   vertex -9.14 23.94 0.326
   vertex -8.87 23.94 0.326
  endloop
 endfacet
  facet normal 0 0 0
    outer loop
   vertex -8.87 23.365 0.326
   vertex -9.02 23.61 0.326
   vertex -8.87 23.94 0.326
  endloop
 endfacet
  facet normal 0 0 0
    outer loop
   vertex -9.02 22.79 0.326
   vertex -8.87 23.365 0.326
   vertex -8.87 22.79 0.326
  endloop
 endfacet
  facet normal 0 0 0
    outer loop
   vertex -9.02 22.79 0.326
   vertex -9.02 23.61 0.326
   vertex -8.87 23.365 0.326
  endloop
 endfacet
  facet normal 0 0 0
    outer loop
   vertex -7.47 23.61 0.326
   vertex -7.35 23.94 0.326
   vertex -7.35 23.61 0.326
  endloop
 endfacet
  facet normal 0 0 0
    outer loop
   vertex -7.47 23.61 0.326
   vertex -7.62 23.94 0.326
   vertex -7.35 23.94 0.326
  endloop
 endfacet
  facet normal 0 0 0
    outer loop
   vertex -7.62 23.365 0.326
   vertex -7.62 23.94 0.326
   vertex -7.47 23.61 0.326
  endloop
 endfacet
  facet normal 0 0 0
    outer loop
   vertex -7.62 22.79 0.326
   vertex -7.62 23.365 0.326
   vertex -7.47 22.79 0.326
  endloop
 endfacet
  facet normal 0 0 0
    outer loop
   vertex -7.47 22.79 0.326
   vertex -7.62 23.365 0.326
   vertex -7.47 23.61 0.326
  endloop
 endfacet
  facet normal 0 0 0
    outer loop
   vertex -6.34 23.61 0.326
   vertex -6.34 23.94 0.326
   vertex -6.22 23.61 0.326
  endloop
 endfacet
  facet normal 0 0 0
    outer loop
   vertex -6.22 23.61 0.326
   vertex -6.34 23.94 0.326
   vertex -6.07 23.94 0.326
  endloop
 endfacet
  facet normal 0 0 0
    outer loop
   vertex -6.07 23.365 0.326
   vertex -6.22 23.61 0.326
   vertex -6.07 23.94 0.326
  endloop
 endfacet
  facet normal 0 0 0
    outer loop
   vertex -6.22 22.79 0.326
   vertex -6.07 23.365 0.326
   vertex -6.07 22.79 0.326
  endloop
 endfacet
  facet normal 0 0 0
    outer loop
   vertex -6.22 22.79 0.326
   vertex -6.22 23.61 0.326
   vertex -6.07 23.365 0.326
  endloop
 endfacet
  facet normal 0 0 0
    outer loop
   vertex -4.67 23.61 0.326
   vertex -4.55 23.94 0.326
   vertex -4.55 23.61 0.326
  endloop
 endfacet
  facet normal 0 0 0
    outer loop
   vertex -4.67 23.61 0.326
   vertex -4.82 23.94 0.326
   vertex -4.55 23.94 0.326
  endloop
 endfacet
  facet normal 0 0 0
    outer loop
   vertex -4.82 23.365 0.326
   vertex -4.82 23.94 0.326
   vertex -4.67 23.61 0.326
  endloop
 endfacet
  facet normal 0 0 0
    outer loop
   vertex -4.82 22.79 0.326
   vertex -4.82 23.365 0.326
   vertex -4.67 22.79 0.326
  endloop
 endfacet
  facet normal 0 0 0
    outer loop
   vertex -4.67 22.79 0.326
   vertex -4.82 23.365 0.326
   vertex -4.67 23.61 0.326
  endloop
 endfacet
  facet normal 0 0 0
    outer loop
   vertex -9.14 25.31 0.326
   vertex -9.14 25.64 0.326
   vertex -9.02 25.31 0.326
  endloop
 endfacet
  facet normal 0 0 0
    outer loop
   vertex -9.02 25.31 0.326
   vertex -9.14 25.64 0.326
   vertex -8.87 25.64 0.326
  endloop
 endfacet
  facet normal 0 0 0
    outer loop
   vertex -8.87 25.065 0.326
   vertex -9.02 25.31 0.326
   vertex -8.87 25.64 0.326
  endloop
 endfacet
  facet normal 0 0 0
    outer loop
   vertex -9.02 24.49 0.326
   vertex -8.87 25.065 0.326
   vertex -8.87 24.49 0.326
  endloop
 endfacet
  facet normal 0 0 0
    outer loop
   vertex -9.02 24.49 0.326
   vertex -9.02 25.31 0.326
   vertex -8.87 25.065 0.326
  endloop
 endfacet
  facet normal 0 0 0
    outer loop
   vertex -7.47 25.31 0.326
   vertex -7.35 25.64 0.326
   vertex -7.35 25.31 0.326
  endloop
 endfacet
  facet normal 0 0 0
    outer loop
   vertex -7.47 25.31 0.326
   vertex -7.62 25.64 0.326
   vertex -7.35 25.64 0.326
  endloop
 endfacet
  facet normal 0 0 0
    outer loop
   vertex -7.62 25.065 0.326
   vertex -7.62 25.64 0.326
   vertex -7.47 25.31 0.326
  endloop
 endfacet
  facet normal 0 0 0
    outer loop
   vertex -7.62 24.49 0.326
   vertex -7.62 25.065 0.326
   vertex -7.47 24.49 0.326
  endloop
 endfacet
  facet normal 0 0 0
    outer loop
   vertex -7.47 24.49 0.326
   vertex -7.62 25.065 0.326
   vertex -7.47 25.31 0.326
  endloop
 endfacet
  facet normal 0 0 0
    outer loop
   vertex -6.34 25.31 0.326
   vertex -6.34 25.64 0.326
   vertex -6.22 25.31 0.326
  endloop
 endfacet
  facet normal 0 0 0
    outer loop
   vertex -6.22 25.31 0.326
   vertex -6.34 25.64 0.326
   vertex -6.07 25.64 0.326
  endloop
 endfacet
  facet normal 0 0 0
    outer loop
   vertex -6.07 25.065 0.326
   vertex -6.22 25.31 0.326
   vertex -6.07 25.64 0.326
  endloop
 endfacet
  facet normal 0 0 0
    outer loop
   vertex -6.22 24.49 0.326
   vertex -6.07 25.065 0.326
   vertex -6.07 24.49 0.326
  endloop
 endfacet
  facet normal 0 0 0
    outer loop
   vertex -6.22 24.49 0.326
   vertex -6.22 25.31 0.326
   vertex -6.07 25.065 0.326
  endloop
 endfacet
  facet normal 0 0 0
    outer loop
   vertex -4.67 25.31 0.326
   vertex -4.55 25.64 0.326
   vertex -4.55 25.31 0.326
  endloop
 endfacet
  facet normal 0 0 0
    outer loop
   vertex -4.67 25.31 0.326
   vertex -4.82 25.64 0.326
   vertex -4.55 25.64 0.326
  endloop
 endfacet
  facet normal 0 0 0
    outer loop
   vertex -4.82 25.065 0.326
   vertex -4.82 25.64 0.326
   vertex -4.67 25.31 0.326
  endloop
 endfacet
  facet normal 0 0 0
    outer loop
   vertex -4.82 24.49 0.326
   vertex -4.82 25.065 0.326
   vertex -4.67 24.49 0.326
  endloop
 endfacet
  facet normal 0 0 0
    outer loop
   vertex -4.67 24.49 0.326
   vertex -4.82 25.065 0.326
   vertex -4.67 25.31 0.326
  endloop
 endfacet
  facet normal 0 0 0
    outer loop
   vertex -6.22 23.61 0.506
   vertex -6.29 23.69 0.506
   vertex -6.34 23.61 0.506
  endloop
 endfacet
  facet normal 0 0 0
    outer loop
   vertex -6.12 23.69 0.506
   vertex -6.29 23.69 0.506
   vertex -6.22 23.61 0.506
  endloop
 endfacet
  facet normal 0 0 0
    outer loop
   vertex -6.07 23.94 0.506
   vertex -6.34 23.94 0.506
   vertex -6.12 23.86 0.506
  endloop
 endfacet
  facet normal 0 0 0
    outer loop
   vertex -6.12 23.86 0.506
   vertex -6.34 23.94 0.506
   vertex -6.29 23.86 0.506
  endloop
 endfacet
  facet normal 0 0 0
    outer loop
   vertex -6.29 23.69 0.506
   vertex -6.34 23.775 0.506
   vertex -6.34 23.61 0.506
  endloop
 endfacet
  facet normal 0 0 0
    outer loop
   vertex -6.29 23.86 0.506
   vertex -6.34 23.94 0.506
   vertex -6.34 23.775 0.506
  endloop
 endfacet
  facet normal 0 0 0
    outer loop
   vertex -6.29 23.86 0.506
   vertex -6.34 23.775 0.506
   vertex -6.29 23.69 0.506
  endloop
 endfacet
  facet normal 0 0 0
    outer loop
   vertex -6.07 22.79 0.506
   vertex -6.07 23.365 0.506
   vertex -6.22 22.79 0.506
  endloop
 endfacet
  facet normal 0 0 0
    outer loop
   vertex -6.07 23.365 0.506
   vertex -6.22 23.61 0.506
   vertex -6.22 22.79 0.506
  endloop
 endfacet
  facet normal 0 0 0
    outer loop
   vertex -6.07 23.653 0.506
   vertex -6.12 23.69 0.506
   vertex -6.22 23.61 0.506
  endloop
 endfacet
  facet normal 0 0 0
    outer loop
   vertex -6.07 23.653 0.506
   vertex -6.22 23.61 0.506
   vertex -6.07 23.365 0.506
  endloop
 endfacet
  facet normal 0 0 0
    outer loop
   vertex -6.07 23.94 0.506
   vertex -6.12 23.86 0.506
   vertex -6.07 23.796 0.506
  endloop
 endfacet
  facet normal 0 0 0
    outer loop
   vertex -6.07 23.796 0.506
   vertex -6.12 23.69 0.506
   vertex -6.07 23.653 0.506
  endloop
 endfacet
  facet normal 0 0 0
    outer loop
   vertex -6.07 23.796 0.506
   vertex -6.12 23.86 0.506
   vertex -6.12 23.69 0.506
  endloop
 endfacet
  facet normal 0 0 0
    outer loop
   vertex -4.55 23.61 0.506
   vertex -4.6 23.69 0.506
   vertex -4.67 23.61 0.506
  endloop
 endfacet
  facet normal 0 0 0
    outer loop
   vertex -4.6 23.69 0.506
   vertex -4.77 23.69 0.506
   vertex -4.67 23.61 0.506
  endloop
 endfacet
  facet normal 0 0 0
    outer loop
   vertex -4.55 23.94 0.506
   vertex -4.82 23.94 0.506
   vertex -4.6 23.86 0.506
  endloop
 endfacet
  facet normal 0 0 0
    outer loop
   vertex -4.6 23.86 0.506
   vertex -4.82 23.94 0.506
   vertex -4.77 23.86 0.506
  endloop
 endfacet
  facet normal 0 0 0
    outer loop
   vertex -4.67 22.79 0.506
   vertex -4.82 23.365 0.506
   vertex -4.82 22.79 0.506
  endloop
 endfacet
  facet normal 0 0 0
    outer loop
   vertex -4.67 23.61 0.506
   vertex -4.82 23.365 0.506
   vertex -4.67 22.79 0.506
  endloop
 endfacet
  facet normal 0 0 0
    outer loop
   vertex -4.55 23.775 0.506
   vertex -4.6 23.69 0.506
   vertex -4.55 23.61 0.506
  endloop
 endfacet
  facet normal 0 0 0
    outer loop
   vertex -4.55 23.94 0.506
   vertex -4.6 23.86 0.506
   vertex -4.55 23.775 0.506
  endloop
 endfacet
  facet normal 0 0 0
    outer loop
   vertex -4.55 23.775 0.506
   vertex -4.6 23.86 0.506
   vertex -4.6 23.69 0.506
  endloop
 endfacet
  facet normal 0 0 0
    outer loop
   vertex -4.77 23.69 0.506
   vertex -4.82 23.653 0.506
   vertex -4.67 23.61 0.506
  endloop
 endfacet
  facet normal 0 0 0
    outer loop
   vertex -4.67 23.61 0.506
   vertex -4.82 23.653 0.506
   vertex -4.82 23.365 0.506
  endloop
 endfacet
  facet normal 0 0 0
    outer loop
   vertex -4.77 23.86 0.506
   vertex -4.82 23.94 0.506
   vertex -4.82 23.796 0.506
  endloop
 endfacet
  facet normal 0 0 0
    outer loop
   vertex -4.77 23.86 0.506
   vertex -4.82 23.796 0.506
   vertex -4.77 23.69 0.506
  endloop
 endfacet
  facet normal 0 0 0
    outer loop
   vertex -4.77 23.69 0.506
   vertex -4.82 23.796 0.506
   vertex -4.82 23.653 0.506
  endloop
 endfacet
  facet normal 0 0 0
    outer loop
   vertex -6.22 25.31 0.506
   vertex -6.29 25.39 0.506
   vertex -6.34 25.31 0.506
  endloop
 endfacet
  facet normal 0 0 0
    outer loop
   vertex -6.12 25.39 0.506
   vertex -6.29 25.39 0.506
   vertex -6.22 25.31 0.506
  endloop
 endfacet
  facet normal 0 0 0
    outer loop
   vertex -6.07 25.64 0.506
   vertex -6.34 25.64 0.506
   vertex -6.12 25.56 0.506
  endloop
 endfacet
  facet normal 0 0 0
    outer loop
   vertex -6.12 25.56 0.506
   vertex -6.34 25.64 0.506
   vertex -6.29 25.56 0.506
  endloop
 endfacet
  facet normal 0 0 0
    outer loop
   vertex -6.29 25.39 0.506
   vertex -6.34 25.475 0.506
   vertex -6.34 25.31 0.506
  endloop
 endfacet
  facet normal 0 0 0
    outer loop
   vertex -6.29 25.56 0.506
   vertex -6.34 25.64 0.506
   vertex -6.34 25.475 0.506
  endloop
 endfacet
  facet normal 0 0 0
    outer loop
   vertex -6.29 25.56 0.506
   vertex -6.34 25.475 0.506
   vertex -6.29 25.39 0.506
  endloop
 endfacet
  facet normal 0 0 0
    outer loop
   vertex -6.07 24.49 0.506
   vertex -6.07 25.065 0.506
   vertex -6.22 24.49 0.506
  endloop
 endfacet
  facet normal 0 0 0
    outer loop
   vertex -6.07 25.065 0.506
   vertex -6.22 25.31 0.506
   vertex -6.22 24.49 0.506
  endloop
 endfacet
  facet normal 0 0 0
    outer loop
   vertex -6.07 25.353 0.506
   vertex -6.12 25.39 0.506
   vertex -6.22 25.31 0.506
  endloop
 endfacet
  facet normal 0 0 0
    outer loop
   vertex -6.07 25.353 0.506
   vertex -6.22 25.31 0.506
   vertex -6.07 25.065 0.506
  endloop
 endfacet
  facet normal 0 0 0
    outer loop
   vertex -6.07 25.64 0.506
   vertex -6.12 25.56 0.506
   vertex -6.07 25.496 0.506
  endloop
 endfacet
  facet normal 0 0 0
    outer loop
   vertex -6.07 25.496 0.506
   vertex -6.12 25.39 0.506
   vertex -6.07 25.353 0.506
  endloop
 endfacet
  facet normal 0 0 0
    outer loop
   vertex -6.07 25.496 0.506
   vertex -6.12 25.56 0.506
   vertex -6.12 25.39 0.506
  endloop
 endfacet
  facet normal 0 0 0
    outer loop
   vertex -4.55 25.31 0.506
   vertex -4.6 25.39 0.506
   vertex -4.67 25.31 0.506
  endloop
 endfacet
  facet normal 0 0 0
    outer loop
   vertex -4.6 25.39 0.506
   vertex -4.77 25.39 0.506
   vertex -4.67 25.31 0.506
  endloop
 endfacet
  facet normal 0 0 0
    outer loop
   vertex -4.55 25.64 0.506
   vertex -4.82 25.64 0.506
   vertex -4.6 25.56 0.506
  endloop
 endfacet
  facet normal 0 0 0
    outer loop
   vertex -4.6 25.56 0.506
   vertex -4.82 25.64 0.506
   vertex -4.77 25.56 0.506
  endloop
 endfacet
  facet normal 0 0 0
    outer loop
   vertex -4.67 24.49 0.506
   vertex -4.82 25.065 0.506
   vertex -4.82 24.49 0.506
  endloop
 endfacet
  facet normal 0 0 0
    outer loop
   vertex -4.67 25.31 0.506
   vertex -4.82 25.065 0.506
   vertex -4.67 24.49 0.506
  endloop
 endfacet
  facet normal 0 0 0
    outer loop
   vertex -4.55 25.475 0.506
   vertex -4.6 25.39 0.506
   vertex -4.55 25.31 0.506
  endloop
 endfacet
  facet normal 0 0 0
    outer loop
   vertex -4.55 25.64 0.506
   vertex -4.6 25.56 0.506
   vertex -4.55 25.475 0.506
  endloop
 endfacet
  facet normal 0 0 0
    outer loop
   vertex -4.55 25.475 0.506
   vertex -4.6 25.56 0.506
   vertex -4.6 25.39 0.506
  endloop
 endfacet
  facet normal 0 0 0
    outer loop
   vertex -4.77 25.39 0.506
   vertex -4.82 25.353 0.506
   vertex -4.67 25.31 0.506
  endloop
 endfacet
  facet normal 0 0 0
    outer loop
   vertex -4.67 25.31 0.506
   vertex -4.82 25.353 0.506
   vertex -4.82 25.065 0.506
  endloop
 endfacet
  facet normal 0 0 0
    outer loop
   vertex -4.77 25.56 0.506
   vertex -4.82 25.64 0.506
   vertex -4.82 25.496 0.506
  endloop
 endfacet
  facet normal 0 0 0
    outer loop
   vertex -4.77 25.56 0.506
   vertex -4.82 25.496 0.506
   vertex -4.77 25.39 0.506
  endloop
 endfacet
  facet normal 0 0 0
    outer loop
   vertex -4.77 25.39 0.506
   vertex -4.82 25.496 0.506
   vertex -4.82 25.353 0.506
  endloop
 endfacet
  facet normal 0 0 0
    outer loop
   vertex -9.02 25.31 0.506
   vertex -9.09 25.39 0.506
   vertex -9.14 25.31 0.506
  endloop
 endfacet
  facet normal 0 0 0
    outer loop
   vertex -8.92 25.39 0.506
   vertex -9.09 25.39 0.506
   vertex -9.02 25.31 0.506
  endloop
 endfacet
  facet normal 0 0 0
    outer loop
   vertex -8.87 25.64 0.506
   vertex -9.14 25.64 0.506
   vertex -8.92 25.56 0.506
  endloop
 endfacet
  facet normal 0 0 0
    outer loop
   vertex -8.92 25.56 0.506
   vertex -9.14 25.64 0.506
   vertex -9.09 25.56 0.506
  endloop
 endfacet
  facet normal 0 0 0
    outer loop
   vertex -9.09 25.39 0.506
   vertex -9.14 25.475 0.506
   vertex -9.14 25.31 0.506
  endloop
 endfacet
  facet normal 0 0 0
    outer loop
   vertex -9.09 25.56 0.506
   vertex -9.14 25.64 0.506
   vertex -9.14 25.475 0.506
  endloop
 endfacet
  facet normal 0 0 0
    outer loop
   vertex -9.09 25.56 0.506
   vertex -9.14 25.475 0.506
   vertex -9.09 25.39 0.506
  endloop
 endfacet
  facet normal 0 0 0
    outer loop
   vertex -8.87 24.49 0.506
   vertex -8.87 25.065 0.506
   vertex -9.02 24.49 0.506
  endloop
 endfacet
  facet normal 0 0 0
    outer loop
   vertex -8.87 25.065 0.506
   vertex -9.02 25.31 0.506
   vertex -9.02 24.49 0.506
  endloop
 endfacet
  facet normal 0 0 0
    outer loop
   vertex -8.87 25.353 0.506
   vertex -8.92 25.39 0.506
   vertex -9.02 25.31 0.506
  endloop
 endfacet
  facet normal 0 0 0
    outer loop
   vertex -8.87 25.353 0.506
   vertex -9.02 25.31 0.506
   vertex -8.87 25.065 0.506
  endloop
 endfacet
  facet normal 0 0 0
    outer loop
   vertex -8.87 25.64 0.506
   vertex -8.92 25.56 0.506
   vertex -8.87 25.496 0.506
  endloop
 endfacet
  facet normal 0 0 0
    outer loop
   vertex -8.87 25.496 0.506
   vertex -8.92 25.39 0.506
   vertex -8.87 25.353 0.506
  endloop
 endfacet
  facet normal 0 0 0
    outer loop
   vertex -8.87 25.496 0.506
   vertex -8.92 25.56 0.506
   vertex -8.92 25.39 0.506
  endloop
 endfacet
  facet normal 0 0 0
    outer loop
   vertex -7.35 25.31 0.506
   vertex -7.4 25.39 0.506
   vertex -7.47 25.31 0.506
  endloop
 endfacet
  facet normal 0 0 0
    outer loop
   vertex -7.4 25.39 0.506
   vertex -7.57 25.39 0.506
   vertex -7.47 25.31 0.506
  endloop
 endfacet
  facet normal 0 0 0
    outer loop
   vertex -7.35 25.64 0.506
   vertex -7.62 25.64 0.506
   vertex -7.4 25.56 0.506
  endloop
 endfacet
  facet normal 0 0 0
    outer loop
   vertex -7.4 25.56 0.506
   vertex -7.62 25.64 0.506
   vertex -7.57 25.56 0.506
  endloop
 endfacet
  facet normal 0 0 0
    outer loop
   vertex -7.47 24.49 0.506
   vertex -7.62 25.065 0.506
   vertex -7.62 24.49 0.506
  endloop
 endfacet
  facet normal 0 0 0
    outer loop
   vertex -7.47 25.31 0.506
   vertex -7.62 25.065 0.506
   vertex -7.47 24.49 0.506
  endloop
 endfacet
  facet normal 0 0 0
    outer loop
   vertex -7.35 25.475 0.506
   vertex -7.4 25.39 0.506
   vertex -7.35 25.31 0.506
  endloop
 endfacet
  facet normal 0 0 0
    outer loop
   vertex -7.35 25.64 0.506
   vertex -7.4 25.56 0.506
   vertex -7.35 25.475 0.506
  endloop
 endfacet
  facet normal 0 0 0
    outer loop
   vertex -7.35 25.475 0.506
   vertex -7.4 25.56 0.506
   vertex -7.4 25.39 0.506
  endloop
 endfacet
  facet normal 0 0 0
    outer loop
   vertex -7.57 25.39 0.506
   vertex -7.62 25.353 0.506
   vertex -7.47 25.31 0.506
  endloop
 endfacet
  facet normal 0 0 0
    outer loop
   vertex -7.47 25.31 0.506
   vertex -7.62 25.353 0.506
   vertex -7.62 25.065 0.506
  endloop
 endfacet
  facet normal 0 0 0
    outer loop
   vertex -7.57 25.56 0.506
   vertex -7.62 25.64 0.506
   vertex -7.62 25.496 0.506
  endloop
 endfacet
  facet normal 0 0 0
    outer loop
   vertex -7.57 25.56 0.506
   vertex -7.62 25.496 0.506
   vertex -7.57 25.39 0.506
  endloop
 endfacet
  facet normal 0 0 0
    outer loop
   vertex -7.57 25.39 0.506
   vertex -7.62 25.496 0.506
   vertex -7.62 25.353 0.506
  endloop
 endfacet
  facet normal 0 0 0
    outer loop
   vertex -9.02 23.61 0.506
   vertex -9.09 23.69 0.506
   vertex -9.14 23.61 0.506
  endloop
 endfacet
  facet normal 0 0 0
    outer loop
   vertex -8.92 23.69 0.506
   vertex -9.09 23.69 0.506
   vertex -9.02 23.61 0.506
  endloop
 endfacet
  facet normal 0 0 0
    outer loop
   vertex -8.87 23.94 0.506
   vertex -9.14 23.94 0.506
   vertex -8.92 23.86 0.506
  endloop
 endfacet
  facet normal 0 0 0
    outer loop
   vertex -8.92 23.86 0.506
   vertex -9.14 23.94 0.506
   vertex -9.09 23.86 0.506
  endloop
 endfacet
  facet normal 0 0 0
    outer loop
   vertex -9.09 23.69 0.506
   vertex -9.14 23.775 0.506
   vertex -9.14 23.61 0.506
  endloop
 endfacet
  facet normal 0 0 0
    outer loop
   vertex -9.09 23.86 0.506
   vertex -9.14 23.94 0.506
   vertex -9.14 23.775 0.506
  endloop
 endfacet
  facet normal 0 0 0
    outer loop
   vertex -9.09 23.86 0.506
   vertex -9.14 23.775 0.506
   vertex -9.09 23.69 0.506
  endloop
 endfacet
  facet normal 0 0 0
    outer loop
   vertex -8.87 22.79 0.506
   vertex -8.87 23.365 0.506
   vertex -9.02 22.79 0.506
  endloop
 endfacet
  facet normal 0 0 0
    outer loop
   vertex -8.87 23.365 0.506
   vertex -9.02 23.61 0.506
   vertex -9.02 22.79 0.506
  endloop
 endfacet
  facet normal 0 0 0
    outer loop
   vertex -8.87 23.653 0.506
   vertex -8.92 23.69 0.506
   vertex -9.02 23.61 0.506
  endloop
 endfacet
  facet normal 0 0 0
    outer loop
   vertex -8.87 23.653 0.506
   vertex -9.02 23.61 0.506
   vertex -8.87 23.365 0.506
  endloop
 endfacet
  facet normal 0 0 0
    outer loop
   vertex -8.87 23.94 0.506
   vertex -8.92 23.86 0.506
   vertex -8.87 23.796 0.506
  endloop
 endfacet
  facet normal 0 0 0
    outer loop
   vertex -8.87 23.796 0.506
   vertex -8.92 23.69 0.506
   vertex -8.87 23.653 0.506
  endloop
 endfacet
  facet normal 0 0 0
    outer loop
   vertex -8.87 23.796 0.506
   vertex -8.92 23.86 0.506
   vertex -8.92 23.69 0.506
  endloop
 endfacet
  facet normal 0 0 0
    outer loop
   vertex -7.35 23.61 0.506
   vertex -7.4 23.69 0.506
   vertex -7.47 23.61 0.506
  endloop
 endfacet
  facet normal 0 0 0
    outer loop
   vertex -7.4 23.69 0.506
   vertex -7.57 23.69 0.506
   vertex -7.47 23.61 0.506
  endloop
 endfacet
  facet normal 0 0 0
    outer loop
   vertex -7.35 23.94 0.506
   vertex -7.62 23.94 0.506
   vertex -7.4 23.86 0.506
  endloop
 endfacet
  facet normal 0 0 0
    outer loop
   vertex -7.4 23.86 0.506
   vertex -7.62 23.94 0.506
   vertex -7.57 23.86 0.506
  endloop
 endfacet
  facet normal 0 0 0
    outer loop
   vertex -7.47 22.79 0.506
   vertex -7.62 23.365 0.506
   vertex -7.62 22.79 0.506
  endloop
 endfacet
  facet normal 0 0 0
    outer loop
   vertex -7.47 23.61 0.506
   vertex -7.62 23.365 0.506
   vertex -7.47 22.79 0.506
  endloop
 endfacet
  facet normal 0 0 0
    outer loop
   vertex -7.35 23.775 0.506
   vertex -7.4 23.69 0.506
   vertex -7.35 23.61 0.506
  endloop
 endfacet
  facet normal 0 0 0
    outer loop
   vertex -7.35 23.94 0.506
   vertex -7.4 23.86 0.506
   vertex -7.35 23.775 0.506
  endloop
 endfacet
  facet normal 0 0 0
    outer loop
   vertex -7.35 23.775 0.506
   vertex -7.4 23.86 0.506
   vertex -7.4 23.69 0.506
  endloop
 endfacet
  facet normal 0 0 0
    outer loop
   vertex -7.57 23.69 0.506
   vertex -7.62 23.653 0.506
   vertex -7.47 23.61 0.506
  endloop
 endfacet
  facet normal 0 0 0
    outer loop
   vertex -7.47 23.61 0.506
   vertex -7.62 23.653 0.506
   vertex -7.62 23.365 0.506
  endloop
 endfacet
  facet normal 0 0 0
    outer loop
   vertex -7.57 23.86 0.506
   vertex -7.62 23.94 0.506
   vertex -7.62 23.796 0.506
  endloop
 endfacet
  facet normal 0 0 0
    outer loop
   vertex -7.57 23.86 0.506
   vertex -7.62 23.796 0.506
   vertex -7.57 23.69 0.506
  endloop
 endfacet
  facet normal 0 0 0
    outer loop
   vertex -7.57 23.69 0.506
   vertex -7.62 23.796 0.506
   vertex -7.62 23.653 0.506
  endloop
 endfacet
  facet normal 0 0 0
    outer loop
   vertex -9.02 20.21 0.506
   vertex -9.09 20.29 0.506
   vertex -9.14 20.21 0.506
  endloop
 endfacet
  facet normal 0 0 0
    outer loop
   vertex -8.92 20.29 0.506
   vertex -9.09 20.29 0.506
   vertex -9.02 20.21 0.506
  endloop
 endfacet
  facet normal 0 0 0
    outer loop
   vertex -8.87 20.54 0.506
   vertex -9.14 20.54 0.506
   vertex -8.92 20.46 0.506
  endloop
 endfacet
  facet normal 0 0 0
    outer loop
   vertex -8.92 20.46 0.506
   vertex -9.14 20.54 0.506
   vertex -9.09 20.46 0.506
  endloop
 endfacet
  facet normal 0 0 0
    outer loop
   vertex -9.09 20.29 0.506
   vertex -9.14 20.375 0.506
   vertex -9.14 20.21 0.506
  endloop
 endfacet
  facet normal 0 0 0
    outer loop
   vertex -9.09 20.46 0.506
   vertex -9.14 20.54 0.506
   vertex -9.14 20.375 0.506
  endloop
 endfacet
  facet normal 0 0 0
    outer loop
   vertex -9.09 20.46 0.506
   vertex -9.14 20.375 0.506
   vertex -9.09 20.29 0.506
  endloop
 endfacet
  facet normal 0 0 0
    outer loop
   vertex -8.87 19.39 0.506
   vertex -8.87 19.965 0.506
   vertex -9.02 19.39 0.506
  endloop
 endfacet
  facet normal 0 0 0
    outer loop
   vertex -8.87 19.965 0.506
   vertex -9.02 20.21 0.506
   vertex -9.02 19.39 0.506
  endloop
 endfacet
  facet normal 0 0 0
    outer loop
   vertex -8.87 20.253 0.506
   vertex -8.92 20.29 0.506
   vertex -9.02 20.21 0.506
  endloop
 endfacet
  facet normal 0 0 0
    outer loop
   vertex -8.87 20.253 0.506
   vertex -9.02 20.21 0.506
   vertex -8.87 19.965 0.506
  endloop
 endfacet
  facet normal 0 0 0
    outer loop
   vertex -8.87 20.54 0.506
   vertex -8.92 20.46 0.506
   vertex -8.87 20.396 0.506
  endloop
 endfacet
  facet normal 0 0 0
    outer loop
   vertex -8.87 20.396 0.506
   vertex -8.92 20.29 0.506
   vertex -8.87 20.253 0.506
  endloop
 endfacet
  facet normal 0 0 0
    outer loop
   vertex -8.87 20.396 0.506
   vertex -8.92 20.46 0.506
   vertex -8.92 20.29 0.506
  endloop
 endfacet
  facet normal 0 0 0
    outer loop
   vertex -7.35 20.21 0.506
   vertex -7.4 20.29 0.506
   vertex -7.47 20.21 0.506
  endloop
 endfacet
  facet normal 0 0 0
    outer loop
   vertex -7.4 20.29 0.506
   vertex -7.57 20.29 0.506
   vertex -7.47 20.21 0.506
  endloop
 endfacet
  facet normal 0 0 0
    outer loop
   vertex -7.35 20.54 0.506
   vertex -7.62 20.54 0.506
   vertex -7.4 20.46 0.506
  endloop
 endfacet
  facet normal 0 0 0
    outer loop
   vertex -7.4 20.46 0.506
   vertex -7.62 20.54 0.506
   vertex -7.57 20.46 0.506
  endloop
 endfacet
  facet normal 0 0 0
    outer loop
   vertex -7.47 19.39 0.506
   vertex -7.62 19.965 0.506
   vertex -7.62 19.39 0.506
  endloop
 endfacet
  facet normal 0 0 0
    outer loop
   vertex -7.47 20.21 0.506
   vertex -7.62 19.965 0.506
   vertex -7.47 19.39 0.506
  endloop
 endfacet
  facet normal 0 0 0
    outer loop
   vertex -7.35 20.375 0.506
   vertex -7.4 20.29 0.506
   vertex -7.35 20.21 0.506
  endloop
 endfacet
  facet normal 0 0 0
    outer loop
   vertex -7.35 20.54 0.506
   vertex -7.4 20.46 0.506
   vertex -7.35 20.375 0.506
  endloop
 endfacet
  facet normal 0 0 0
    outer loop
   vertex -7.35 20.375 0.506
   vertex -7.4 20.46 0.506
   vertex -7.4 20.29 0.506
  endloop
 endfacet
  facet normal 0 0 0
    outer loop
   vertex -7.57 20.29 0.506
   vertex -7.62 20.253 0.506
   vertex -7.47 20.21 0.506
  endloop
 endfacet
  facet normal 0 0 0
    outer loop
   vertex -7.47 20.21 0.506
   vertex -7.62 20.253 0.506
   vertex -7.62 19.965 0.506
  endloop
 endfacet
  facet normal 0 0 0
    outer loop
   vertex -7.57 20.46 0.506
   vertex -7.62 20.54 0.506
   vertex -7.62 20.396 0.506
  endloop
 endfacet
  facet normal 0 0 0
    outer loop
   vertex -7.57 20.46 0.506
   vertex -7.62 20.396 0.506
   vertex -7.57 20.29 0.506
  endloop
 endfacet
  facet normal 0 0 0
    outer loop
   vertex -7.57 20.29 0.506
   vertex -7.62 20.396 0.506
   vertex -7.62 20.253 0.506
  endloop
 endfacet
  facet normal 0 0 0
    outer loop
   vertex -9.02 21.91 0.506
   vertex -9.09 21.99 0.506
   vertex -9.14 21.91 0.506
  endloop
 endfacet
  facet normal 0 0 0
    outer loop
   vertex -8.92 21.99 0.506
   vertex -9.09 21.99 0.506
   vertex -9.02 21.91 0.506
  endloop
 endfacet
  facet normal 0 0 0
    outer loop
   vertex -8.87 22.24 0.506
   vertex -9.14 22.24 0.506
   vertex -8.92 22.16 0.506
  endloop
 endfacet
  facet normal 0 0 0
    outer loop
   vertex -8.92 22.16 0.506
   vertex -9.14 22.24 0.506
   vertex -9.09 22.16 0.506
  endloop
 endfacet
  facet normal 0 0 0
    outer loop
   vertex -9.09 21.99 0.506
   vertex -9.14 22.075 0.506
   vertex -9.14 21.91 0.506
  endloop
 endfacet
  facet normal 0 0 0
    outer loop
   vertex -9.09 22.16 0.506
   vertex -9.14 22.24 0.506
   vertex -9.14 22.075 0.506
  endloop
 endfacet
  facet normal 0 0 0
    outer loop
   vertex -9.09 22.16 0.506
   vertex -9.14 22.075 0.506
   vertex -9.09 21.99 0.506
  endloop
 endfacet
  facet normal 0 0 0
    outer loop
   vertex -8.87 21.09 0.506
   vertex -8.87 21.665 0.506
   vertex -9.02 21.09 0.506
  endloop
 endfacet
  facet normal 0 0 0
    outer loop
   vertex -8.87 21.665 0.506
   vertex -9.02 21.91 0.506
   vertex -9.02 21.09 0.506
  endloop
 endfacet
  facet normal 0 0 0
    outer loop
   vertex -8.87 21.953 0.506
   vertex -8.92 21.99 0.506
   vertex -9.02 21.91 0.506
  endloop
 endfacet
  facet normal 0 0 0
    outer loop
   vertex -8.87 21.953 0.506
   vertex -9.02 21.91 0.506
   vertex -8.87 21.665 0.506
  endloop
 endfacet
  facet normal 0 0 0
    outer loop
   vertex -8.87 22.24 0.506
   vertex -8.92 22.16 0.506
   vertex -8.87 22.096 0.506
  endloop
 endfacet
  facet normal 0 0 0
    outer loop
   vertex -8.87 22.096 0.506
   vertex -8.92 21.99 0.506
   vertex -8.87 21.953 0.506
  endloop
 endfacet
  facet normal 0 0 0
    outer loop
   vertex -8.87 22.096 0.506
   vertex -8.92 22.16 0.506
   vertex -8.92 21.99 0.506
  endloop
 endfacet
  facet normal 0 0 0
    outer loop
   vertex -7.35 21.91 0.506
   vertex -7.4 21.99 0.506
   vertex -7.47 21.91 0.506
  endloop
 endfacet
  facet normal 0 0 0
    outer loop
   vertex -7.4 21.99 0.506
   vertex -7.57 21.99 0.506
   vertex -7.47 21.91 0.506
  endloop
 endfacet
  facet normal 0 0 0
    outer loop
   vertex -7.35 22.24 0.506
   vertex -7.62 22.24 0.506
   vertex -7.4 22.16 0.506
  endloop
 endfacet
  facet normal 0 0 0
    outer loop
   vertex -7.4 22.16 0.506
   vertex -7.62 22.24 0.506
   vertex -7.57 22.16 0.506
  endloop
 endfacet
  facet normal 0 0 0
    outer loop
   vertex -7.47 21.09 0.506
   vertex -7.62 21.665 0.506
   vertex -7.62 21.09 0.506
  endloop
 endfacet
  facet normal 0 0 0
    outer loop
   vertex -7.47 21.91 0.506
   vertex -7.62 21.665 0.506
   vertex -7.47 21.09 0.506
  endloop
 endfacet
  facet normal 0 0 0
    outer loop
   vertex -7.35 22.075 0.506
   vertex -7.4 21.99 0.506
   vertex -7.35 21.91 0.506
  endloop
 endfacet
  facet normal 0 0 0
    outer loop
   vertex -7.35 22.24 0.506
   vertex -7.4 22.16 0.506
   vertex -7.35 22.075 0.506
  endloop
 endfacet
  facet normal 0 0 0
    outer loop
   vertex -7.35 22.075 0.506
   vertex -7.4 22.16 0.506
   vertex -7.4 21.99 0.506
  endloop
 endfacet
  facet normal 0 0 0
    outer loop
   vertex -7.57 21.99 0.506
   vertex -7.62 21.953 0.506
   vertex -7.47 21.91 0.506
  endloop
 endfacet
  facet normal 0 0 0
    outer loop
   vertex -7.47 21.91 0.506
   vertex -7.62 21.953 0.506
   vertex -7.62 21.665 0.506
  endloop
 endfacet
  facet normal 0 0 0
    outer loop
   vertex -7.57 22.16 0.506
   vertex -7.62 22.24 0.506
   vertex -7.62 22.096 0.506
  endloop
 endfacet
  facet normal 0 0 0
    outer loop
   vertex -7.57 22.16 0.506
   vertex -7.62 22.096 0.506
   vertex -7.57 21.99 0.506
  endloop
 endfacet
  facet normal 0 0 0
    outer loop
   vertex -7.57 21.99 0.506
   vertex -7.62 22.096 0.506
   vertex -7.62 21.953 0.506
  endloop
 endfacet
  facet normal 0 0 0
    outer loop
   vertex -6.22 20.21 0.506
   vertex -6.29 20.29 0.506
   vertex -6.34 20.21 0.506
  endloop
 endfacet
  facet normal 0 0 0
    outer loop
   vertex -6.12 20.29 0.506
   vertex -6.29 20.29 0.506
   vertex -6.22 20.21 0.506
  endloop
 endfacet
  facet normal 0 0 0
    outer loop
   vertex -6.07 20.54 0.506
   vertex -6.34 20.54 0.506
   vertex -6.12 20.46 0.506
  endloop
 endfacet
  facet normal 0 0 0
    outer loop
   vertex -6.12 20.46 0.506
   vertex -6.34 20.54 0.506
   vertex -6.29 20.46 0.506
  endloop
 endfacet
  facet normal 0 0 0
    outer loop
   vertex -6.29 20.29 0.506
   vertex -6.34 20.375 0.506
   vertex -6.34 20.21 0.506
  endloop
 endfacet
  facet normal 0 0 0
    outer loop
   vertex -6.29 20.46 0.506
   vertex -6.34 20.54 0.506
   vertex -6.34 20.375 0.506
  endloop
 endfacet
  facet normal 0 0 0
    outer loop
   vertex -6.29 20.46 0.506
   vertex -6.34 20.375 0.506
   vertex -6.29 20.29 0.506
  endloop
 endfacet
  facet normal 0 0 0
    outer loop
   vertex -6.07 19.39 0.506
   vertex -6.07 19.965 0.506
   vertex -6.22 19.39 0.506
  endloop
 endfacet
  facet normal 0 0 0
    outer loop
   vertex -6.07 19.965 0.506
   vertex -6.22 20.21 0.506
   vertex -6.22 19.39 0.506
  endloop
 endfacet
  facet normal 0 0 0
    outer loop
   vertex -6.07 20.253 0.506
   vertex -6.12 20.29 0.506
   vertex -6.22 20.21 0.506
  endloop
 endfacet
  facet normal 0 0 0
    outer loop
   vertex -6.07 20.253 0.506
   vertex -6.22 20.21 0.506
   vertex -6.07 19.965 0.506
  endloop
 endfacet
  facet normal 0 0 0
    outer loop
   vertex -6.07 20.54 0.506
   vertex -6.12 20.46 0.506
   vertex -6.07 20.396 0.506
  endloop
 endfacet
  facet normal 0 0 0
    outer loop
   vertex -6.07 20.396 0.506
   vertex -6.12 20.29 0.506
   vertex -6.07 20.253 0.506
  endloop
 endfacet
  facet normal 0 0 0
    outer loop
   vertex -6.07 20.396 0.506
   vertex -6.12 20.46 0.506
   vertex -6.12 20.29 0.506
  endloop
 endfacet
  facet normal 0 0 0
    outer loop
   vertex -4.55 20.21 0.506
   vertex -4.6 20.29 0.506
   vertex -4.67 20.21 0.506
  endloop
 endfacet
  facet normal 0 0 0
    outer loop
   vertex -4.6 20.29 0.506
   vertex -4.77 20.29 0.506
   vertex -4.67 20.21 0.506
  endloop
 endfacet
  facet normal 0 0 0
    outer loop
   vertex -4.55 20.54 0.506
   vertex -4.82 20.54 0.506
   vertex -4.6 20.46 0.506
  endloop
 endfacet
  facet normal 0 0 0
    outer loop
   vertex -4.6 20.46 0.506
   vertex -4.82 20.54 0.506
   vertex -4.77 20.46 0.506
  endloop
 endfacet
  facet normal 0 0 0
    outer loop
   vertex -4.67 19.39 0.506
   vertex -4.82 19.965 0.506
   vertex -4.82 19.39 0.506
  endloop
 endfacet
  facet normal 0 0 0
    outer loop
   vertex -4.67 20.21 0.506
   vertex -4.82 19.965 0.506
   vertex -4.67 19.39 0.506
  endloop
 endfacet
  facet normal 0 0 0
    outer loop
   vertex -4.55 20.375 0.506
   vertex -4.6 20.29 0.506
   vertex -4.55 20.21 0.506
  endloop
 endfacet
  facet normal 0 0 0
    outer loop
   vertex -4.55 20.54 0.506
   vertex -4.6 20.46 0.506
   vertex -4.55 20.375 0.506
  endloop
 endfacet
  facet normal 0 0 0
    outer loop
   vertex -4.55 20.375 0.506
   vertex -4.6 20.46 0.506
   vertex -4.6 20.29 0.506
  endloop
 endfacet
  facet normal 0 0 0
    outer loop
   vertex -4.77 20.29 0.506
   vertex -4.82 20.253 0.506
   vertex -4.67 20.21 0.506
  endloop
 endfacet
  facet normal 0 0 0
    outer loop
   vertex -4.67 20.21 0.506
   vertex -4.82 20.253 0.506
   vertex -4.82 19.965 0.506
  endloop
 endfacet
  facet normal 0 0 0
    outer loop
   vertex -4.77 20.46 0.506
   vertex -4.82 20.54 0.506
   vertex -4.82 20.396 0.506
  endloop
 endfacet
  facet normal 0 0 0
    outer loop
   vertex -4.77 20.46 0.506
   vertex -4.82 20.396 0.506
   vertex -4.77 20.29 0.506
  endloop
 endfacet
  facet normal 0 0 0
    outer loop
   vertex -4.77 20.29 0.506
   vertex -4.82 20.396 0.506
   vertex -4.82 20.253 0.506
  endloop
 endfacet
  facet normal 0 0 0
    outer loop
   vertex -6.22 21.91 0.506
   vertex -6.29 21.99 0.506
   vertex -6.34 21.91 0.506
  endloop
 endfacet
  facet normal 0 0 0
    outer loop
   vertex -6.12 21.99 0.506
   vertex -6.29 21.99 0.506
   vertex -6.22 21.91 0.506
  endloop
 endfacet
  facet normal 0 0 0
    outer loop
   vertex -6.07 22.24 0.506
   vertex -6.34 22.24 0.506
   vertex -6.12 22.16 0.506
  endloop
 endfacet
  facet normal 0 0 0
    outer loop
   vertex -6.12 22.16 0.506
   vertex -6.34 22.24 0.506
   vertex -6.29 22.16 0.506
  endloop
 endfacet
  facet normal 0 0 0
    outer loop
   vertex -6.29 21.99 0.506
   vertex -6.34 22.075 0.506
   vertex -6.34 21.91 0.506
  endloop
 endfacet
  facet normal 0 0 0
    outer loop
   vertex -6.29 22.16 0.506
   vertex -6.34 22.24 0.506
   vertex -6.34 22.075 0.506
  endloop
 endfacet
  facet normal 0 0 0
    outer loop
   vertex -6.29 22.16 0.506
   vertex -6.34 22.075 0.506
   vertex -6.29 21.99 0.506
  endloop
 endfacet
  facet normal 0 0 0
    outer loop
   vertex -6.07 21.09 0.506
   vertex -6.07 21.665 0.506
   vertex -6.22 21.09 0.506
  endloop
 endfacet
  facet normal 0 0 0
    outer loop
   vertex -6.07 21.665 0.506
   vertex -6.22 21.91 0.506
   vertex -6.22 21.09 0.506
  endloop
 endfacet
  facet normal 0 0 0
    outer loop
   vertex -6.07 21.953 0.506
   vertex -6.12 21.99 0.506
   vertex -6.22 21.91 0.506
  endloop
 endfacet
  facet normal 0 0 0
    outer loop
   vertex -6.07 21.953 0.506
   vertex -6.22 21.91 0.506
   vertex -6.07 21.665 0.506
  endloop
 endfacet
  facet normal 0 0 0
    outer loop
   vertex -6.07 22.24 0.506
   vertex -6.12 22.16 0.506
   vertex -6.07 22.096 0.506
  endloop
 endfacet
  facet normal 0 0 0
    outer loop
   vertex -6.07 22.096 0.506
   vertex -6.12 21.99 0.506
   vertex -6.07 21.953 0.506
  endloop
 endfacet
  facet normal 0 0 0
    outer loop
   vertex -6.07 22.096 0.506
   vertex -6.12 22.16 0.506
   vertex -6.12 21.99 0.506
  endloop
 endfacet
  facet normal 0 0 0
    outer loop
   vertex -4.55 21.91 0.506
   vertex -4.6 21.99 0.506
   vertex -4.67 21.91 0.506
  endloop
 endfacet
  facet normal 0 0 0
    outer loop
   vertex -4.6 21.99 0.506
   vertex -4.77 21.99 0.506
   vertex -4.67 21.91 0.506
  endloop
 endfacet
  facet normal 0 0 0
    outer loop
   vertex -4.55 22.24 0.506
   vertex -4.82 22.24 0.506
   vertex -4.6 22.16 0.506
  endloop
 endfacet
  facet normal 0 0 0
    outer loop
   vertex -4.6 22.16 0.506
   vertex -4.82 22.24 0.506
   vertex -4.77 22.16 0.506
  endloop
 endfacet
  facet normal 0 0 0
    outer loop
   vertex -4.67 21.09 0.506
   vertex -4.82 21.665 0.506
   vertex -4.82 21.09 0.506
  endloop
 endfacet
  facet normal 0 0 0
    outer loop
   vertex -4.67 21.91 0.506
   vertex -4.82 21.665 0.506
   vertex -4.67 21.09 0.506
  endloop
 endfacet
  facet normal 0 0 0
    outer loop
   vertex -4.55 22.075 0.506
   vertex -4.6 21.99 0.506
   vertex -4.55 21.91 0.506
  endloop
 endfacet
  facet normal 0 0 0
    outer loop
   vertex -4.55 22.24 0.506
   vertex -4.6 22.16 0.506
   vertex -4.55 22.075 0.506
  endloop
 endfacet
  facet normal 0 0 0
    outer loop
   vertex -4.55 22.075 0.506
   vertex -4.6 22.16 0.506
   vertex -4.6 21.99 0.506
  endloop
 endfacet
  facet normal 0 0 0
    outer loop
   vertex -4.77 21.99 0.506
   vertex -4.82 21.953 0.506
   vertex -4.67 21.91 0.506
  endloop
 endfacet
  facet normal 0 0 0
    outer loop
   vertex -4.67 21.91 0.506
   vertex -4.82 21.953 0.506
   vertex -4.82 21.665 0.506
  endloop
 endfacet
  facet normal 0 0 0
    outer loop
   vertex -4.77 22.16 0.506
   vertex -4.82 22.24 0.506
   vertex -4.82 22.096 0.506
  endloop
 endfacet
  facet normal 0 0 0
    outer loop
   vertex -4.77 22.16 0.506
   vertex -4.82 22.096 0.506
   vertex -4.77 21.99 0.506
  endloop
 endfacet
  facet normal 0 0 0
    outer loop
   vertex -4.77 21.99 0.506
   vertex -4.82 22.096 0.506
   vertex -4.82 21.953 0.506
  endloop
 endfacet
  facet normal 0 0 0
    outer loop
   vertex -9.09 20.46 0.506
   vertex -9.09 20.46 0.627
   vertex -8.92 20.46 0.627
  endloop
 endfacet
  facet normal 0 0 0
    outer loop
   vertex -9.09 20.46 0.506
   vertex -8.92 20.46 0.627
   vertex -8.92 20.46 0.506
  endloop
 endfacet
  facet normal 0 0 0
    outer loop
   vertex -7.57 20.46 0.506
   vertex -7.57 20.46 0.627
   vertex -7.4 20.46 0.627
  endloop
 endfacet
  facet normal 0 0 0
    outer loop
   vertex -7.57 20.46 0.506
   vertex -7.4 20.46 0.627
   vertex -7.4 20.46 0.506
  endloop
 endfacet
  facet normal 0 0 0
    outer loop
   vertex -6.29 20.46 0.506
   vertex -6.29 20.46 0.627
   vertex -6.12 20.46 0.627
  endloop
 endfacet
  facet normal 0 0 0
    outer loop
   vertex -6.29 20.46 0.506
   vertex -6.12 20.46 0.627
   vertex -6.12 20.46 0.506
  endloop
 endfacet
  facet normal 0 0 0
    outer loop
   vertex -4.77 20.46 0.506
   vertex -4.77 20.46 0.627
   vertex -4.6 20.46 0.627
  endloop
 endfacet
  facet normal 0 0 0
    outer loop
   vertex -4.77 20.46 0.506
   vertex -4.6 20.46 0.627
   vertex -4.6 20.46 0.506
  endloop
 endfacet
  facet normal 0 0 0
    outer loop
   vertex -4.6 25.56 0.506
   vertex -4.6 25.56 0.627
   vertex -4.6 25.39 0.627
  endloop
 endfacet
  facet normal 0 0 0
    outer loop
   vertex -4.6 25.56 0.506
   vertex -4.6 25.39 0.627
   vertex -4.6 25.39 0.506
  endloop
 endfacet
  facet normal 0 0 0
    outer loop
   vertex -4.6 23.86 0.506
   vertex -4.6 23.86 0.627
   vertex -4.6 23.69 0.627
  endloop
 endfacet
  facet normal 0 0 0
    outer loop
   vertex -4.6 23.86 0.506
   vertex -4.6 23.69 0.627
   vertex -4.6 23.69 0.506
  endloop
 endfacet
  facet normal 0 0 0
    outer loop
   vertex -4.6 22.16 0.506
   vertex -4.6 22.16 0.627
   vertex -4.6 21.99 0.627
  endloop
 endfacet
  facet normal 0 0 0
    outer loop
   vertex -4.6 22.16 0.506
   vertex -4.6 21.99 0.627
   vertex -4.6 21.99 0.506
  endloop
 endfacet
  facet normal 0 0 0
    outer loop
   vertex -4.6 20.46 0.506
   vertex -4.6 20.46 0.627
   vertex -4.6 20.29 0.627
  endloop
 endfacet
  facet normal 0 0 0
    outer loop
   vertex -4.6 20.46 0.506
   vertex -4.6 20.29 0.627
   vertex -4.6 20.29 0.506
  endloop
 endfacet
  facet normal 0 0 0
    outer loop
   vertex -9.09 20.29 0.506
   vertex -9.09 20.29 0.627
   vertex -9.09 20.46 0.627
  endloop
 endfacet
  facet normal 0 0 0
    outer loop
   vertex -9.09 20.29 0.506
   vertex -9.09 20.46 0.627
   vertex -9.09 20.46 0.506
  endloop
 endfacet
  facet normal 0 0 0
    outer loop
   vertex -9.09 21.99 0.506
   vertex -9.09 21.99 0.627
   vertex -9.09 22.16 0.627
  endloop
 endfacet
  facet normal 0 0 0
    outer loop
   vertex -9.09 21.99 0.506
   vertex -9.09 22.16 0.627
   vertex -9.09 22.16 0.506
  endloop
 endfacet
  facet normal 0 0 0
    outer loop
   vertex -9.09 23.69 0.506
   vertex -9.09 23.69 0.627
   vertex -9.09 23.86 0.627
  endloop
 endfacet
  facet normal 0 0 0
    outer loop
   vertex -9.09 23.69 0.506
   vertex -9.09 23.86 0.627
   vertex -9.09 23.86 0.506
  endloop
 endfacet
  facet normal 0 0 0
    outer loop
   vertex -9.09 25.39 0.506
   vertex -9.09 25.39 0.627
   vertex -9.09 25.56 0.627
  endloop
 endfacet
  facet normal 0 0 0
    outer loop
   vertex -9.09 25.39 0.506
   vertex -9.09 25.56 0.627
   vertex -9.09 25.56 0.506
  endloop
 endfacet
  facet normal 0 0 0
    outer loop
   vertex -4.6 20.29 0.506
   vertex -4.6 20.29 0.627
   vertex -4.77 20.29 0.627
  endloop
 endfacet
  facet normal 0 0 0
    outer loop
   vertex -4.6 20.29 0.506
   vertex -4.77 20.29 0.627
   vertex -4.77 20.29 0.506
  endloop
 endfacet
  facet normal 0 0 0
    outer loop
   vertex -6.12 20.29 0.506
   vertex -6.12 20.29 0.627
   vertex -6.29 20.29 0.627
  endloop
 endfacet
  facet normal 0 0 0
    outer loop
   vertex -6.12 20.29 0.506
   vertex -6.29 20.29 0.627
   vertex -6.29 20.29 0.506
  endloop
 endfacet
  facet normal 0 0 0
    outer loop
   vertex -7.4 20.29 0.506
   vertex -7.4 20.29 0.627
   vertex -7.57 20.29 0.627
  endloop
 endfacet
  facet normal 0 0 0
    outer loop
   vertex -7.4 20.29 0.506
   vertex -7.57 20.29 0.627
   vertex -7.57 20.29 0.506
  endloop
 endfacet
  facet normal 0 0 0
    outer loop
   vertex -8.92 20.29 0.506
   vertex -8.92 20.29 0.627
   vertex -9.09 20.29 0.627
  endloop
 endfacet
  facet normal 0 0 0
    outer loop
   vertex -8.92 20.29 0.506
   vertex -9.09 20.29 0.627
   vertex -9.09 20.29 0.506
  endloop
 endfacet
  facet normal 0 0 0
    outer loop
   vertex -8.92 25.56 0.506
   vertex -8.92 25.56 0.627
   vertex -8.92 25.39 0.627
  endloop
 endfacet
  facet normal 0 0 0
    outer loop
   vertex -8.92 25.56 0.506
   vertex -8.92 25.39 0.627
   vertex -8.92 25.39 0.506
  endloop
 endfacet
  facet normal 0 0 0
    outer loop
   vertex -8.92 23.86 0.506
   vertex -8.92 23.86 0.627
   vertex -8.92 23.69 0.627
  endloop
 endfacet
  facet normal 0 0 0
    outer loop
   vertex -8.92 23.86 0.506
   vertex -8.92 23.69 0.627
   vertex -8.92 23.69 0.506
  endloop
 endfacet
  facet normal 0 0 0
    outer loop
   vertex -8.92 22.16 0.506
   vertex -8.92 22.16 0.627
   vertex -8.92 21.99 0.627
  endloop
 endfacet
  facet normal 0 0 0
    outer loop
   vertex -8.92 22.16 0.506
   vertex -8.92 21.99 0.627
   vertex -8.92 21.99 0.506
  endloop
 endfacet
  facet normal 0 0 0
    outer loop
   vertex -8.92 20.46 0.506
   vertex -8.92 20.46 0.627
   vertex -8.92 20.29 0.627
  endloop
 endfacet
  facet normal 0 0 0
    outer loop
   vertex -8.92 20.46 0.506
   vertex -8.92 20.29 0.627
   vertex -8.92 20.29 0.506
  endloop
 endfacet
  facet normal 0 0 0
    outer loop
   vertex -4.77 20.29 0.506
   vertex -4.77 20.29 0.627
   vertex -4.77 20.46 0.627
  endloop
 endfacet
  facet normal 0 0 0
    outer loop
   vertex -4.77 20.29 0.506
   vertex -4.77 20.46 0.627
   vertex -4.77 20.46 0.506
  endloop
 endfacet
  facet normal 0 0 0
    outer loop
   vertex -4.77 21.99 0.506
   vertex -4.77 21.99 0.627
   vertex -4.77 22.16 0.627
  endloop
 endfacet
  facet normal 0 0 0
    outer loop
   vertex -4.77 21.99 0.506
   vertex -4.77 22.16 0.627
   vertex -4.77 22.16 0.506
  endloop
 endfacet
  facet normal 0 0 0
    outer loop
   vertex -4.77 23.69 0.506
   vertex -4.77 23.69 0.627
   vertex -4.77 23.86 0.627
  endloop
 endfacet
  facet normal 0 0 0
    outer loop
   vertex -4.77 23.69 0.506
   vertex -4.77 23.86 0.627
   vertex -4.77 23.86 0.506
  endloop
 endfacet
  facet normal 0 0 0
    outer loop
   vertex -4.77 25.39 0.506
   vertex -4.77 25.39 0.627
   vertex -4.77 25.56 0.627
  endloop
 endfacet
  facet normal 0 0 0
    outer loop
   vertex -4.77 25.39 0.506
   vertex -4.77 25.56 0.627
   vertex -4.77 25.56 0.506
  endloop
 endfacet
  facet normal 0 0 0
    outer loop
   vertex -7.57 20.29 0.506
   vertex -7.57 20.29 0.627
   vertex -7.57 20.46 0.627
  endloop
 endfacet
  facet normal 0 0 0
    outer loop
   vertex -7.57 20.29 0.506
   vertex -7.57 20.46 0.627
   vertex -7.57 20.46 0.506
  endloop
 endfacet
  facet normal 0 0 0
    outer loop
   vertex -7.57 21.99 0.506
   vertex -7.57 21.99 0.627
   vertex -7.57 22.16 0.627
  endloop
 endfacet
  facet normal 0 0 0
    outer loop
   vertex -7.57 21.99 0.506
   vertex -7.57 22.16 0.627
   vertex -7.57 22.16 0.506
  endloop
 endfacet
  facet normal 0 0 0
    outer loop
   vertex -7.57 23.69 0.506
   vertex -7.57 23.69 0.627
   vertex -7.57 23.86 0.627
  endloop
 endfacet
  facet normal 0 0 0
    outer loop
   vertex -7.57 23.69 0.506
   vertex -7.57 23.86 0.627
   vertex -7.57 23.86 0.506
  endloop
 endfacet
  facet normal 0 0 0
    outer loop
   vertex -7.57 25.39 0.506
   vertex -7.57 25.39 0.627
   vertex -7.57 25.56 0.627
  endloop
 endfacet
  facet normal 0 0 0
    outer loop
   vertex -7.57 25.39 0.506
   vertex -7.57 25.56 0.627
   vertex -7.57 25.56 0.506
  endloop
 endfacet
  facet normal 0 0 0
    outer loop
   vertex -7.4 25.56 0.506
   vertex -7.4 25.56 0.627
   vertex -7.4 25.39 0.627
  endloop
 endfacet
  facet normal 0 0 0
    outer loop
   vertex -7.4 25.56 0.506
   vertex -7.4 25.39 0.627
   vertex -7.4 25.39 0.506
  endloop
 endfacet
  facet normal 0 0 0
    outer loop
   vertex -7.4 23.86 0.506
   vertex -7.4 23.86 0.627
   vertex -7.4 23.69 0.627
  endloop
 endfacet
  facet normal 0 0 0
    outer loop
   vertex -7.4 23.86 0.506
   vertex -7.4 23.69 0.627
   vertex -7.4 23.69 0.506
  endloop
 endfacet
  facet normal 0 0 0
    outer loop
   vertex -7.4 22.16 0.506
   vertex -7.4 22.16 0.627
   vertex -7.4 21.99 0.627
  endloop
 endfacet
  facet normal 0 0 0
    outer loop
   vertex -7.4 22.16 0.506
   vertex -7.4 21.99 0.627
   vertex -7.4 21.99 0.506
  endloop
 endfacet
  facet normal 0 0 0
    outer loop
   vertex -7.4 20.46 0.506
   vertex -7.4 20.46 0.627
   vertex -7.4 20.29 0.627
  endloop
 endfacet
  facet normal 0 0 0
    outer loop
   vertex -7.4 20.46 0.506
   vertex -7.4 20.29 0.627
   vertex -7.4 20.29 0.506
  endloop
 endfacet
  facet normal 0 0 0
    outer loop
   vertex -6.12 25.56 0.506
   vertex -6.12 25.56 0.627
   vertex -6.12 25.39 0.627
  endloop
 endfacet
  facet normal 0 0 0
    outer loop
   vertex -6.12 25.56 0.506
   vertex -6.12 25.39 0.627
   vertex -6.12 25.39 0.506
  endloop
 endfacet
  facet normal 0 0 0
    outer loop
   vertex -6.12 23.86 0.506
   vertex -6.12 23.86 0.627
   vertex -6.12 23.69 0.627
  endloop
 endfacet
  facet normal 0 0 0
    outer loop
   vertex -6.12 23.86 0.506
   vertex -6.12 23.69 0.627
   vertex -6.12 23.69 0.506
  endloop
 endfacet
  facet normal 0 0 0
    outer loop
   vertex -6.12 22.16 0.506
   vertex -6.12 22.16 0.627
   vertex -6.12 21.99 0.627
  endloop
 endfacet
  facet normal 0 0 0
    outer loop
   vertex -6.12 22.16 0.506
   vertex -6.12 21.99 0.627
   vertex -6.12 21.99 0.506
  endloop
 endfacet
  facet normal 0 0 0
    outer loop
   vertex -6.12 20.46 0.506
   vertex -6.12 20.46 0.627
   vertex -6.12 20.29 0.627
  endloop
 endfacet
  facet normal 0 0 0
    outer loop
   vertex -6.12 20.46 0.506
   vertex -6.12 20.29 0.627
   vertex -6.12 20.29 0.506
  endloop
 endfacet
  facet normal 0 0 0
    outer loop
   vertex -6.29 20.29 0.506
   vertex -6.29 20.29 0.627
   vertex -6.29 20.46 0.627
  endloop
 endfacet
  facet normal 0 0 0
    outer loop
   vertex -6.29 20.29 0.506
   vertex -6.29 20.46 0.627
   vertex -6.29 20.46 0.506
  endloop
 endfacet
  facet normal 0 0 0
    outer loop
   vertex -6.29 21.99 0.506
   vertex -6.29 21.99 0.627
   vertex -6.29 22.16 0.627
  endloop
 endfacet
  facet normal 0 0 0
    outer loop
   vertex -6.29 21.99 0.506
   vertex -6.29 22.16 0.627
   vertex -6.29 22.16 0.506
  endloop
 endfacet
  facet normal 0 0 0
    outer loop
   vertex -6.29 23.69 0.506
   vertex -6.29 23.69 0.627
   vertex -6.29 23.86 0.627
  endloop
 endfacet
  facet normal 0 0 0
    outer loop
   vertex -6.29 23.69 0.506
   vertex -6.29 23.86 0.627
   vertex -6.29 23.86 0.506
  endloop
 endfacet
  facet normal 0 0 0
    outer loop
   vertex -6.29 25.39 0.506
   vertex -6.29 25.39 0.627
   vertex -6.29 25.56 0.627
  endloop
 endfacet
  facet normal 0 0 0
    outer loop
   vertex -6.29 25.39 0.506
   vertex -6.29 25.56 0.627
   vertex -6.29 25.56 0.506
  endloop
 endfacet
  facet normal 0 0 0
    outer loop
   vertex -9.09 22.16 0.506
   vertex -9.09 22.16 0.627
   vertex -8.92 22.16 0.627
  endloop
 endfacet
  facet normal 0 0 0
    outer loop
   vertex -9.09 22.16 0.506
   vertex -8.92 22.16 0.627
   vertex -8.92 22.16 0.506
  endloop
 endfacet
  facet normal 0 0 0
    outer loop
   vertex -7.57 22.16 0.506
   vertex -7.57 22.16 0.627
   vertex -7.4 22.16 0.627
  endloop
 endfacet
  facet normal 0 0 0
    outer loop
   vertex -7.57 22.16 0.506
   vertex -7.4 22.16 0.627
   vertex -7.4 22.16 0.506
  endloop
 endfacet
  facet normal 0 0 0
    outer loop
   vertex -6.29 22.16 0.506
   vertex -6.29 22.16 0.627
   vertex -6.12 22.16 0.627
  endloop
 endfacet
  facet normal 0 0 0
    outer loop
   vertex -6.29 22.16 0.506
   vertex -6.12 22.16 0.627
   vertex -6.12 22.16 0.506
  endloop
 endfacet
  facet normal 0 0 0
    outer loop
   vertex -4.77 22.16 0.506
   vertex -4.77 22.16 0.627
   vertex -4.6 22.16 0.627
  endloop
 endfacet
  facet normal 0 0 0
    outer loop
   vertex -4.77 22.16 0.506
   vertex -4.6 22.16 0.627
   vertex -4.6 22.16 0.506
  endloop
 endfacet
  facet normal 0 0 0
    outer loop
   vertex -4.6 21.99 0.506
   vertex -4.6 21.99 0.627
   vertex -4.77 21.99 0.627
  endloop
 endfacet
  facet normal 0 0 0
    outer loop
   vertex -4.6 21.99 0.506
   vertex -4.77 21.99 0.627
   vertex -4.77 21.99 0.506
  endloop
 endfacet
  facet normal 0 0 0
    outer loop
   vertex -6.12 21.99 0.506
   vertex -6.12 21.99 0.627
   vertex -6.29 21.99 0.627
  endloop
 endfacet
  facet normal 0 0 0
    outer loop
   vertex -6.12 21.99 0.506
   vertex -6.29 21.99 0.627
   vertex -6.29 21.99 0.506
  endloop
 endfacet
  facet normal 0 0 0
    outer loop
   vertex -7.4 21.99 0.506
   vertex -7.4 21.99 0.627
   vertex -7.57 21.99 0.627
  endloop
 endfacet
  facet normal 0 0 0
    outer loop
   vertex -7.4 21.99 0.506
   vertex -7.57 21.99 0.627
   vertex -7.57 21.99 0.506
  endloop
 endfacet
  facet normal 0 0 0
    outer loop
   vertex -8.92 21.99 0.506
   vertex -8.92 21.99 0.627
   vertex -9.09 21.99 0.627
  endloop
 endfacet
  facet normal 0 0 0
    outer loop
   vertex -8.92 21.99 0.506
   vertex -9.09 21.99 0.627
   vertex -9.09 21.99 0.506
  endloop
 endfacet
  facet normal 0 0 0
    outer loop
   vertex -4.6 23.69 0.506
   vertex -4.6 23.69 0.627
   vertex -4.77 23.69 0.627
  endloop
 endfacet
  facet normal 0 0 0
    outer loop
   vertex -4.6 23.69 0.506
   vertex -4.77 23.69 0.627
   vertex -4.77 23.69 0.506
  endloop
 endfacet
  facet normal 0 0 0
    outer loop
   vertex -6.12 23.69 0.506
   vertex -6.12 23.69 0.627
   vertex -6.29 23.69 0.627
  endloop
 endfacet
  facet normal 0 0 0
    outer loop
   vertex -6.12 23.69 0.506
   vertex -6.29 23.69 0.627
   vertex -6.29 23.69 0.506
  endloop
 endfacet
  facet normal 0 0 0
    outer loop
   vertex -7.4 23.69 0.506
   vertex -7.4 23.69 0.627
   vertex -7.57 23.69 0.627
  endloop
 endfacet
  facet normal 0 0 0
    outer loop
   vertex -7.4 23.69 0.506
   vertex -7.57 23.69 0.627
   vertex -7.57 23.69 0.506
  endloop
 endfacet
  facet normal 0 0 0
    outer loop
   vertex -8.92 23.69 0.506
   vertex -8.92 23.69 0.627
   vertex -9.09 23.69 0.627
  endloop
 endfacet
  facet normal 0 0 0
    outer loop
   vertex -8.92 23.69 0.506
   vertex -9.09 23.69 0.627
   vertex -9.09 23.69 0.506
  endloop
 endfacet
  facet normal 0 0 0
    outer loop
   vertex -9.09 23.86 0.506
   vertex -9.09 23.86 0.627
   vertex -8.92 23.86 0.627
  endloop
 endfacet
  facet normal 0 0 0
    outer loop
   vertex -9.09 23.86 0.506
   vertex -8.92 23.86 0.627
   vertex -8.92 23.86 0.506
  endloop
 endfacet
  facet normal 0 0 0
    outer loop
   vertex -7.57 23.86 0.506
   vertex -7.57 23.86 0.627
   vertex -7.4 23.86 0.627
  endloop
 endfacet
  facet normal 0 0 0
    outer loop
   vertex -7.57 23.86 0.506
   vertex -7.4 23.86 0.627
   vertex -7.4 23.86 0.506
  endloop
 endfacet
  facet normal 0 0 0
    outer loop
   vertex -6.29 23.86 0.506
   vertex -6.29 23.86 0.627
   vertex -6.12 23.86 0.627
  endloop
 endfacet
  facet normal 0 0 0
    outer loop
   vertex -6.29 23.86 0.506
   vertex -6.12 23.86 0.627
   vertex -6.12 23.86 0.506
  endloop
 endfacet
  facet normal 0 0 0
    outer loop
   vertex -4.77 23.86 0.506
   vertex -4.77 23.86 0.627
   vertex -4.6 23.86 0.627
  endloop
 endfacet
  facet normal 0 0 0
    outer loop
   vertex -4.77 23.86 0.506
   vertex -4.6 23.86 0.627
   vertex -4.6 23.86 0.506
  endloop
 endfacet
  facet normal 0 0 0
    outer loop
   vertex -4.6 25.39 0.506
   vertex -4.6 25.39 0.627
   vertex -4.77 25.39 0.627
  endloop
 endfacet
  facet normal 0 0 0
    outer loop
   vertex -4.6 25.39 0.506
   vertex -4.77 25.39 0.627
   vertex -4.77 25.39 0.506
  endloop
 endfacet
  facet normal 0 0 0
    outer loop
   vertex -6.12 25.39 0.506
   vertex -6.12 25.39 0.627
   vertex -6.29 25.39 0.627
  endloop
 endfacet
  facet normal 0 0 0
    outer loop
   vertex -6.12 25.39 0.506
   vertex -6.29 25.39 0.627
   vertex -6.29 25.39 0.506
  endloop
 endfacet
  facet normal 0 0 0
    outer loop
   vertex -7.4 25.39 0.506
   vertex -7.4 25.39 0.627
   vertex -7.57 25.39 0.627
  endloop
 endfacet
  facet normal 0 0 0
    outer loop
   vertex -7.4 25.39 0.506
   vertex -7.57 25.39 0.627
   vertex -7.57 25.39 0.506
  endloop
 endfacet
  facet normal 0 0 0
    outer loop
   vertex -8.92 25.39 0.506
   vertex -8.92 25.39 0.627
   vertex -9.09 25.39 0.627
  endloop
 endfacet
  facet normal 0 0 0
    outer loop
   vertex -8.92 25.39 0.506
   vertex -9.09 25.39 0.627
   vertex -9.09 25.39 0.506
  endloop
 endfacet
  facet normal 0 0 0
    outer loop
   vertex -9.09 25.56 0.506
   vertex -9.09 25.56 0.627
   vertex -8.92 25.56 0.627
  endloop
 endfacet
  facet normal 0 0 0
    outer loop
   vertex -9.09 25.56 0.506
   vertex -8.92 25.56 0.627
   vertex -8.92 25.56 0.506
  endloop
 endfacet
  facet normal 0 0 0
    outer loop
   vertex -7.57 25.56 0.506
   vertex -7.57 25.56 0.627
   vertex -7.4 25.56 0.627
  endloop
 endfacet
  facet normal 0 0 0
    outer loop
   vertex -7.57 25.56 0.506
   vertex -7.4 25.56 0.627
   vertex -7.4 25.56 0.506
  endloop
 endfacet
  facet normal 0 0 0
    outer loop
   vertex -6.29 25.56 0.506
   vertex -6.29 25.56 0.627
   vertex -6.12 25.56 0.627
  endloop
 endfacet
  facet normal 0 0 0
    outer loop
   vertex -6.29 25.56 0.506
   vertex -6.12 25.56 0.627
   vertex -6.12 25.56 0.506
  endloop
 endfacet
  facet normal 0 0 0
    outer loop
   vertex -4.77 25.56 0.506
   vertex -4.77 25.56 0.627
   vertex -4.6 25.56 0.627
  endloop
 endfacet
  facet normal 0 0 0
    outer loop
   vertex -4.77 25.56 0.506
   vertex -4.6 25.56 0.627
   vertex -4.6 25.56 0.506
  endloop
 endfacet
  facet normal 0 0 0
    outer loop
   vertex -9.17 20.29 0.936
   vertex -9.17 20.46 0.936
   vertex -9.09 20.46 0.936
  endloop
 endfacet
  facet normal 0 0 0
    outer loop
   vertex -9.17 20.29 0.936
   vertex -9.09 20.46 0.936
   vertex -9.09 20.29 0.936
  endloop
 endfacet
  facet normal 0 0 0
    outer loop
   vertex -8.92 20.29 0.936
   vertex -8.92 20.46 0.936
   vertex -8.84 20.46 0.936
  endloop
 endfacet
  facet normal 0 0 0
    outer loop
   vertex -8.92 20.29 0.936
   vertex -8.84 20.46 0.936
   vertex -8.84 20.29 0.936
  endloop
 endfacet
  facet normal 0 0 0
    outer loop
   vertex -7.65 20.29 0.936
   vertex -7.65 20.46 0.936
   vertex -7.57 20.46 0.936
  endloop
 endfacet
  facet normal 0 0 0
    outer loop
   vertex -7.65 20.29 0.936
   vertex -7.57 20.46 0.936
   vertex -7.57 20.29 0.936
  endloop
 endfacet
  facet normal 0 0 0
    outer loop
   vertex -7.4 20.29 0.936
   vertex -7.4 20.46 0.936
   vertex -7.32 20.46 0.936
  endloop
 endfacet
  facet normal 0 0 0
    outer loop
   vertex -7.4 20.29 0.936
   vertex -7.32 20.46 0.936
   vertex -7.32 20.29 0.936
  endloop
 endfacet
  facet normal 0 0 0
    outer loop
   vertex -6.37 20.29 0.936
   vertex -6.37 20.46 0.936
   vertex -6.29 20.46 0.936
  endloop
 endfacet
  facet normal 0 0 0
    outer loop
   vertex -6.37 20.29 0.936
   vertex -6.29 20.46 0.936
   vertex -6.29 20.29 0.936
  endloop
 endfacet
  facet normal 0 0 0
    outer loop
   vertex -6.12 20.29 0.936
   vertex -6.12 20.46 0.936
   vertex -6.04 20.46 0.936
  endloop
 endfacet
  facet normal 0 0 0
    outer loop
   vertex -6.12 20.29 0.936
   vertex -6.04 20.46 0.936
   vertex -6.04 20.29 0.936
  endloop
 endfacet
  facet normal 0 0 0
    outer loop
   vertex -4.85 20.29 0.936
   vertex -4.85 20.46 0.936
   vertex -4.77 20.46 0.936
  endloop
 endfacet
  facet normal 0 0 0
    outer loop
   vertex -4.85 20.29 0.936
   vertex -4.77 20.46 0.936
   vertex -4.77 20.29 0.936
  endloop
 endfacet
  facet normal 0 0 0
    outer loop
   vertex -4.6 20.29 0.936
   vertex -4.6 20.46 0.936
   vertex -4.52 20.46 0.936
  endloop
 endfacet
  facet normal 0 0 0
    outer loop
   vertex -4.6 20.29 0.936
   vertex -4.52 20.46 0.936
   vertex -4.52 20.29 0.936
  endloop
 endfacet
  facet normal 0 0 0
    outer loop
   vertex -9.17 21.99 0.936
   vertex -9.17 22.16 0.936
   vertex -9.09 22.16 0.936
  endloop
 endfacet
  facet normal 0 0 0
    outer loop
   vertex -9.17 21.99 0.936
   vertex -9.09 22.16 0.936
   vertex -9.09 21.99 0.936
  endloop
 endfacet
  facet normal 0 0 0
    outer loop
   vertex -8.92 21.99 0.936
   vertex -8.92 22.16 0.936
   vertex -8.84 22.16 0.936
  endloop
 endfacet
  facet normal 0 0 0
    outer loop
   vertex -8.92 21.99 0.936
   vertex -8.84 22.16 0.936
   vertex -8.84 21.99 0.936
  endloop
 endfacet
  facet normal 0 0 0
    outer loop
   vertex -7.65 21.99 0.936
   vertex -7.65 22.16 0.936
   vertex -7.57 22.16 0.936
  endloop
 endfacet
  facet normal 0 0 0
    outer loop
   vertex -7.65 21.99 0.936
   vertex -7.57 22.16 0.936
   vertex -7.57 21.99 0.936
  endloop
 endfacet
  facet normal 0 0 0
    outer loop
   vertex -7.4 21.99 0.936
   vertex -7.4 22.16 0.936
   vertex -7.32 22.16 0.936
  endloop
 endfacet
  facet normal 0 0 0
    outer loop
   vertex -7.4 21.99 0.936
   vertex -7.32 22.16 0.936
   vertex -7.32 21.99 0.936
  endloop
 endfacet
  facet normal 0 0 0
    outer loop
   vertex -6.37 21.99 0.936
   vertex -6.37 22.16 0.936
   vertex -6.29 22.16 0.936
  endloop
 endfacet
  facet normal 0 0 0
    outer loop
   vertex -6.37 21.99 0.936
   vertex -6.29 22.16 0.936
   vertex -6.29 21.99 0.936
  endloop
 endfacet
  facet normal 0 0 0
    outer loop
   vertex -6.12 21.99 0.936
   vertex -6.12 22.16 0.936
   vertex -6.04 22.16 0.936
  endloop
 endfacet
  facet normal 0 0 0
    outer loop
   vertex -6.12 21.99 0.936
   vertex -6.04 22.16 0.936
   vertex -6.04 21.99 0.936
  endloop
 endfacet
  facet normal 0 0 0
    outer loop
   vertex -4.85 21.99 0.936
   vertex -4.85 22.16 0.936
   vertex -4.77 22.16 0.936
  endloop
 endfacet
  facet normal 0 0 0
    outer loop
   vertex -4.85 21.99 0.936
   vertex -4.77 22.16 0.936
   vertex -4.77 21.99 0.936
  endloop
 endfacet
  facet normal 0 0 0
    outer loop
   vertex -4.6 21.99 0.936
   vertex -4.6 22.16 0.936
   vertex -4.52 22.16 0.936
  endloop
 endfacet
  facet normal 0 0 0
    outer loop
   vertex -4.6 21.99 0.936
   vertex -4.52 22.16 0.936
   vertex -4.52 21.99 0.936
  endloop
 endfacet
  facet normal 0 0 0
    outer loop
   vertex -9.17 23.69 0.936
   vertex -9.17 23.86 0.936
   vertex -9.09 23.86 0.936
  endloop
 endfacet
  facet normal 0 0 0
    outer loop
   vertex -9.17 23.69 0.936
   vertex -9.09 23.86 0.936
   vertex -9.09 23.69 0.936
  endloop
 endfacet
  facet normal 0 0 0
    outer loop
   vertex -8.92 23.69 0.936
   vertex -8.92 23.86 0.936
   vertex -8.84 23.86 0.936
  endloop
 endfacet
  facet normal 0 0 0
    outer loop
   vertex -8.92 23.69 0.936
   vertex -8.84 23.86 0.936
   vertex -8.84 23.69 0.936
  endloop
 endfacet
  facet normal 0 0 0
    outer loop
   vertex -7.65 23.69 0.936
   vertex -7.65 23.86 0.936
   vertex -7.57 23.86 0.936
  endloop
 endfacet
  facet normal 0 0 0
    outer loop
   vertex -7.65 23.69 0.936
   vertex -7.57 23.86 0.936
   vertex -7.57 23.69 0.936
  endloop
 endfacet
  facet normal 0 0 0
    outer loop
   vertex -7.4 23.69 0.936
   vertex -7.4 23.86 0.936
   vertex -7.32 23.86 0.936
  endloop
 endfacet
  facet normal 0 0 0
    outer loop
   vertex -7.4 23.69 0.936
   vertex -7.32 23.86 0.936
   vertex -7.32 23.69 0.936
  endloop
 endfacet
  facet normal 0 0 0
    outer loop
   vertex -6.37 23.69 0.936
   vertex -6.37 23.86 0.936
   vertex -6.29 23.86 0.936
  endloop
 endfacet
  facet normal 0 0 0
    outer loop
   vertex -6.37 23.69 0.936
   vertex -6.29 23.86 0.936
   vertex -6.29 23.69 0.936
  endloop
 endfacet
  facet normal 0 0 0
    outer loop
   vertex -6.12 23.69 0.936
   vertex -6.12 23.86 0.936
   vertex -6.04 23.86 0.936
  endloop
 endfacet
  facet normal 0 0 0
    outer loop
   vertex -6.12 23.69 0.936
   vertex -6.04 23.86 0.936
   vertex -6.04 23.69 0.936
  endloop
 endfacet
  facet normal 0 0 0
    outer loop
   vertex -4.85 23.69 0.936
   vertex -4.85 23.86 0.936
   vertex -4.77 23.86 0.936
  endloop
 endfacet
  facet normal 0 0 0
    outer loop
   vertex -4.85 23.69 0.936
   vertex -4.77 23.86 0.936
   vertex -4.77 23.69 0.936
  endloop
 endfacet
  facet normal 0 0 0
    outer loop
   vertex -4.6 23.69 0.936
   vertex -4.6 23.86 0.936
   vertex -4.52 23.86 0.936
  endloop
 endfacet
  facet normal 0 0 0
    outer loop
   vertex -4.6 23.69 0.936
   vertex -4.52 23.86 0.936
   vertex -4.52 23.69 0.936
  endloop
 endfacet
  facet normal 0 0 0
    outer loop
   vertex -9.17 25.39 0.936
   vertex -9.17 25.56 0.936
   vertex -9.09 25.56 0.936
  endloop
 endfacet
  facet normal 0 0 0
    outer loop
   vertex -9.17 25.39 0.936
   vertex -9.09 25.56 0.936
   vertex -9.09 25.39 0.936
  endloop
 endfacet
  facet normal 0 0 0
    outer loop
   vertex -8.92 25.39 0.936
   vertex -8.92 25.56 0.936
   vertex -8.84 25.56 0.936
  endloop
 endfacet
  facet normal 0 0 0
    outer loop
   vertex -8.92 25.39 0.936
   vertex -8.84 25.56 0.936
   vertex -8.84 25.39 0.936
  endloop
 endfacet
  facet normal 0 0 0
    outer loop
   vertex -7.65 25.39 0.936
   vertex -7.65 25.56 0.936
   vertex -7.57 25.56 0.936
  endloop
 endfacet
  facet normal 0 0 0
    outer loop
   vertex -7.65 25.39 0.936
   vertex -7.57 25.56 0.936
   vertex -7.57 25.39 0.936
  endloop
 endfacet
  facet normal 0 0 0
    outer loop
   vertex -7.4 25.39 0.936
   vertex -7.4 25.56 0.936
   vertex -7.32 25.56 0.936
  endloop
 endfacet
  facet normal 0 0 0
    outer loop
   vertex -7.4 25.39 0.936
   vertex -7.32 25.56 0.936
   vertex -7.32 25.39 0.936
  endloop
 endfacet
  facet normal 0 0 0
    outer loop
   vertex -6.37 25.39 0.936
   vertex -6.37 25.56 0.936
   vertex -6.29 25.56 0.936
  endloop
 endfacet
  facet normal 0 0 0
    outer loop
   vertex -6.37 25.39 0.936
   vertex -6.29 25.56 0.936
   vertex -6.29 25.39 0.936
  endloop
 endfacet
  facet normal 0 0 0
    outer loop
   vertex -6.12 25.39 0.936
   vertex -6.12 25.56 0.936
   vertex -6.04 25.56 0.936
  endloop
 endfacet
  facet normal 0 0 0
    outer loop
   vertex -6.12 25.39 0.936
   vertex -6.04 25.56 0.936
   vertex -6.04 25.39 0.936
  endloop
 endfacet
  facet normal 0 0 0
    outer loop
   vertex -4.85 25.39 0.936
   vertex -4.85 25.56 0.936
   vertex -4.77 25.56 0.936
  endloop
 endfacet
  facet normal 0 0 0
    outer loop
   vertex -4.85 25.39 0.936
   vertex -4.77 25.56 0.936
   vertex -4.77 25.39 0.936
  endloop
 endfacet
  facet normal 0 0 0
    outer loop
   vertex -4.6 25.39 0.936
   vertex -4.6 25.56 0.936
   vertex -4.52 25.56 0.936
  endloop
 endfacet
  facet normal 0 0 0
    outer loop
   vertex -4.6 25.39 0.936
   vertex -4.52 25.56 0.936
   vertex -4.52 25.39 0.936
  endloop
 endfacet
  facet normal 0 0 0
    outer loop
   vertex -9.09 20.29 0.627
   vertex -9.09 20.29 0.936
   vertex -9.09 20.46 0.936
  endloop
 endfacet
  facet normal 0 0 0
    outer loop
   vertex -9.09 20.29 0.627
   vertex -9.09 20.46 0.936
   vertex -9.09 20.46 0.627
  endloop
 endfacet
  facet normal 0 0 0
    outer loop
   vertex -9.09 21.99 0.627
   vertex -9.09 21.99 0.936
   vertex -9.09 22.16 0.936
  endloop
 endfacet
  facet normal 0 0 0
    outer loop
   vertex -9.09 21.99 0.627
   vertex -9.09 22.16 0.936
   vertex -9.09 22.16 0.627
  endloop
 endfacet
  facet normal 0 0 0
    outer loop
   vertex -9.09 23.69 0.627
   vertex -9.09 23.69 0.936
   vertex -9.09 23.86 0.936
  endloop
 endfacet
  facet normal 0 0 0
    outer loop
   vertex -9.09 23.69 0.627
   vertex -9.09 23.86 0.936
   vertex -9.09 23.86 0.627
  endloop
 endfacet
  facet normal 0 0 0
    outer loop
   vertex -9.09 25.39 0.627
   vertex -9.09 25.39 0.936
   vertex -9.09 25.56 0.936
  endloop
 endfacet
  facet normal 0 0 0
    outer loop
   vertex -9.09 25.39 0.627
   vertex -9.09 25.56 0.936
   vertex -9.09 25.56 0.627
  endloop
 endfacet
  facet normal 0 0 0
    outer loop
   vertex -4.6 20.29 0.627
   vertex -4.6 20.29 0.936
   vertex -4.77 20.29 0.936
  endloop
 endfacet
  facet normal 0 0 0
    outer loop
   vertex -4.6 20.29 0.627
   vertex -4.77 20.29 0.936
   vertex -4.77 20.29 0.627
  endloop
 endfacet
  facet normal 0 0 0
    outer loop
   vertex -6.12 20.29 0.627
   vertex -6.12 20.29 0.936
   vertex -6.29 20.29 0.936
  endloop
 endfacet
  facet normal 0 0 0
    outer loop
   vertex -6.12 20.29 0.627
   vertex -6.29 20.29 0.936
   vertex -6.29 20.29 0.627
  endloop
 endfacet
  facet normal 0 0 0
    outer loop
   vertex -7.4 20.29 0.627
   vertex -7.4 20.29 0.936
   vertex -7.57 20.29 0.936
  endloop
 endfacet
  facet normal 0 0 0
    outer loop
   vertex -7.4 20.29 0.627
   vertex -7.57 20.29 0.936
   vertex -7.57 20.29 0.627
  endloop
 endfacet
  facet normal 0 0 0
    outer loop
   vertex -8.92 20.29 0.627
   vertex -8.92 20.29 0.936
   vertex -9.09 20.29 0.936
  endloop
 endfacet
  facet normal 0 0 0
    outer loop
   vertex -8.92 20.29 0.627
   vertex -9.09 20.29 0.936
   vertex -9.09 20.29 0.627
  endloop
 endfacet
  facet normal 0 0 0
    outer loop
   vertex -9.09 20.46 0.627
   vertex -9.09 20.46 0.936
   vertex -8.92 20.46 0.936
  endloop
 endfacet
  facet normal 0 0 0
    outer loop
   vertex -9.09 20.46 0.627
   vertex -8.92 20.46 0.936
   vertex -8.92 20.46 0.627
  endloop
 endfacet
  facet normal 0 0 0
    outer loop
   vertex -7.57 20.46 0.627
   vertex -7.57 20.46 0.936
   vertex -7.4 20.46 0.936
  endloop
 endfacet
  facet normal 0 0 0
    outer loop
   vertex -7.57 20.46 0.627
   vertex -7.4 20.46 0.936
   vertex -7.4 20.46 0.627
  endloop
 endfacet
  facet normal 0 0 0
    outer loop
   vertex -6.29 20.46 0.627
   vertex -6.29 20.46 0.936
   vertex -6.12 20.46 0.936
  endloop
 endfacet
  facet normal 0 0 0
    outer loop
   vertex -6.29 20.46 0.627
   vertex -6.12 20.46 0.936
   vertex -6.12 20.46 0.627
  endloop
 endfacet
  facet normal 0 0 0
    outer loop
   vertex -4.77 20.46 0.627
   vertex -4.77 20.46 0.936
   vertex -4.6 20.46 0.936
  endloop
 endfacet
  facet normal 0 0 0
    outer loop
   vertex -4.77 20.46 0.627
   vertex -4.6 20.46 0.936
   vertex -4.6 20.46 0.627
  endloop
 endfacet
  facet normal 0 0 0
    outer loop
   vertex -8.92 25.56 0.627
   vertex -8.92 25.56 0.936
   vertex -8.92 25.39 0.936
  endloop
 endfacet
  facet normal 0 0 0
    outer loop
   vertex -8.92 25.56 0.627
   vertex -8.92 25.39 0.936
   vertex -8.92 25.39 0.627
  endloop
 endfacet
  facet normal 0 0 0
    outer loop
   vertex -8.92 23.86 0.627
   vertex -8.92 23.86 0.936
   vertex -8.92 23.69 0.936
  endloop
 endfacet
  facet normal 0 0 0
    outer loop
   vertex -8.92 23.86 0.627
   vertex -8.92 23.69 0.936
   vertex -8.92 23.69 0.627
  endloop
 endfacet
  facet normal 0 0 0
    outer loop
   vertex -8.92 22.16 0.627
   vertex -8.92 22.16 0.936
   vertex -8.92 21.99 0.936
  endloop
 endfacet
  facet normal 0 0 0
    outer loop
   vertex -8.92 22.16 0.627
   vertex -8.92 21.99 0.936
   vertex -8.92 21.99 0.627
  endloop
 endfacet
  facet normal 0 0 0
    outer loop
   vertex -8.92 20.46 0.627
   vertex -8.92 20.46 0.936
   vertex -8.92 20.29 0.936
  endloop
 endfacet
  facet normal 0 0 0
    outer loop
   vertex -8.92 20.46 0.627
   vertex -8.92 20.29 0.936
   vertex -8.92 20.29 0.627
  endloop
 endfacet
  facet normal 0 0 0
    outer loop
   vertex -7.57 20.29 0.627
   vertex -7.57 20.29 0.936
   vertex -7.57 20.46 0.936
  endloop
 endfacet
  facet normal 0 0 0
    outer loop
   vertex -7.57 20.29 0.627
   vertex -7.57 20.46 0.936
   vertex -7.57 20.46 0.627
  endloop
 endfacet
  facet normal 0 0 0
    outer loop
   vertex -7.57 21.99 0.627
   vertex -7.57 21.99 0.936
   vertex -7.57 22.16 0.936
  endloop
 endfacet
  facet normal 0 0 0
    outer loop
   vertex -7.57 21.99 0.627
   vertex -7.57 22.16 0.936
   vertex -7.57 22.16 0.627
  endloop
 endfacet
  facet normal 0 0 0
    outer loop
   vertex -7.57 23.69 0.627
   vertex -7.57 23.69 0.936
   vertex -7.57 23.86 0.936
  endloop
 endfacet
  facet normal 0 0 0
    outer loop
   vertex -7.57 23.69 0.627
   vertex -7.57 23.86 0.936
   vertex -7.57 23.86 0.627
  endloop
 endfacet
  facet normal 0 0 0
    outer loop
   vertex -7.57 25.39 0.627
   vertex -7.57 25.39 0.936
   vertex -7.57 25.56 0.936
  endloop
 endfacet
  facet normal 0 0 0
    outer loop
   vertex -7.57 25.39 0.627
   vertex -7.57 25.56 0.936
   vertex -7.57 25.56 0.627
  endloop
 endfacet
  facet normal 0 0 0
    outer loop
   vertex -7.4 25.56 0.627
   vertex -7.4 25.56 0.936
   vertex -7.4 25.39 0.936
  endloop
 endfacet
  facet normal 0 0 0
    outer loop
   vertex -7.4 25.56 0.627
   vertex -7.4 25.39 0.936
   vertex -7.4 25.39 0.627
  endloop
 endfacet
  facet normal 0 0 0
    outer loop
   vertex -7.4 23.86 0.627
   vertex -7.4 23.86 0.936
   vertex -7.4 23.69 0.936
  endloop
 endfacet
  facet normal 0 0 0
    outer loop
   vertex -7.4 23.86 0.627
   vertex -7.4 23.69 0.936
   vertex -7.4 23.69 0.627
  endloop
 endfacet
  facet normal 0 0 0
    outer loop
   vertex -7.4 22.16 0.627
   vertex -7.4 22.16 0.936
   vertex -7.4 21.99 0.936
  endloop
 endfacet
  facet normal 0 0 0
    outer loop
   vertex -7.4 22.16 0.627
   vertex -7.4 21.99 0.936
   vertex -7.4 21.99 0.627
  endloop
 endfacet
  facet normal 0 0 0
    outer loop
   vertex -7.4 20.46 0.627
   vertex -7.4 20.46 0.936
   vertex -7.4 20.29 0.936
  endloop
 endfacet
  facet normal 0 0 0
    outer loop
   vertex -7.4 20.46 0.627
   vertex -7.4 20.29 0.936
   vertex -7.4 20.29 0.627
  endloop
 endfacet
  facet normal 0 0 0
    outer loop
   vertex -6.29 20.29 0.627
   vertex -6.29 20.29 0.936
   vertex -6.29 20.46 0.936
  endloop
 endfacet
  facet normal 0 0 0
    outer loop
   vertex -6.29 20.29 0.627
   vertex -6.29 20.46 0.936
   vertex -6.29 20.46 0.627
  endloop
 endfacet
  facet normal 0 0 0
    outer loop
   vertex -6.29 21.99 0.627
   vertex -6.29 21.99 0.936
   vertex -6.29 22.16 0.936
  endloop
 endfacet
  facet normal 0 0 0
    outer loop
   vertex -6.29 21.99 0.627
   vertex -6.29 22.16 0.936
   vertex -6.29 22.16 0.627
  endloop
 endfacet
  facet normal 0 0 0
    outer loop
   vertex -6.29 23.69 0.627
   vertex -6.29 23.69 0.936
   vertex -6.29 23.86 0.936
  endloop
 endfacet
  facet normal 0 0 0
    outer loop
   vertex -6.29 23.69 0.627
   vertex -6.29 23.86 0.936
   vertex -6.29 23.86 0.627
  endloop
 endfacet
  facet normal 0 0 0
    outer loop
   vertex -6.29 25.39 0.627
   vertex -6.29 25.39 0.936
   vertex -6.29 25.56 0.936
  endloop
 endfacet
  facet normal 0 0 0
    outer loop
   vertex -6.29 25.39 0.627
   vertex -6.29 25.56 0.936
   vertex -6.29 25.56 0.627
  endloop
 endfacet
  facet normal 0 0 0
    outer loop
   vertex -6.12 25.56 0.627
   vertex -6.12 25.56 0.936
   vertex -6.12 25.39 0.936
  endloop
 endfacet
  facet normal 0 0 0
    outer loop
   vertex -6.12 25.56 0.627
   vertex -6.12 25.39 0.936
   vertex -6.12 25.39 0.627
  endloop
 endfacet
  facet normal 0 0 0
    outer loop
   vertex -6.12 23.86 0.627
   vertex -6.12 23.86 0.936
   vertex -6.12 23.69 0.936
  endloop
 endfacet
  facet normal 0 0 0
    outer loop
   vertex -6.12 23.86 0.627
   vertex -6.12 23.69 0.936
   vertex -6.12 23.69 0.627
  endloop
 endfacet
  facet normal 0 0 0
    outer loop
   vertex -6.12 22.16 0.627
   vertex -6.12 22.16 0.936
   vertex -6.12 21.99 0.936
  endloop
 endfacet
  facet normal 0 0 0
    outer loop
   vertex -6.12 22.16 0.627
   vertex -6.12 21.99 0.936
   vertex -6.12 21.99 0.627
  endloop
 endfacet
  facet normal 0 0 0
    outer loop
   vertex -6.12 20.46 0.627
   vertex -6.12 20.46 0.936
   vertex -6.12 20.29 0.936
  endloop
 endfacet
  facet normal 0 0 0
    outer loop
   vertex -6.12 20.46 0.627
   vertex -6.12 20.29 0.936
   vertex -6.12 20.29 0.627
  endloop
 endfacet
  facet normal 0 0 0
    outer loop
   vertex -4.77 20.29 0.627
   vertex -4.77 20.29 0.936
   vertex -4.77 20.46 0.936
  endloop
 endfacet
  facet normal 0 0 0
    outer loop
   vertex -4.77 20.29 0.627
   vertex -4.77 20.46 0.936
   vertex -4.77 20.46 0.627
  endloop
 endfacet
  facet normal 0 0 0
    outer loop
   vertex -4.77 21.99 0.627
   vertex -4.77 21.99 0.936
   vertex -4.77 22.16 0.936
  endloop
 endfacet
  facet normal 0 0 0
    outer loop
   vertex -4.77 21.99 0.627
   vertex -4.77 22.16 0.936
   vertex -4.77 22.16 0.627
  endloop
 endfacet
  facet normal 0 0 0
    outer loop
   vertex -4.77 23.69 0.627
   vertex -4.77 23.69 0.936
   vertex -4.77 23.86 0.936
  endloop
 endfacet
  facet normal 0 0 0
    outer loop
   vertex -4.77 23.69 0.627
   vertex -4.77 23.86 0.936
   vertex -4.77 23.86 0.627
  endloop
 endfacet
  facet normal 0 0 0
    outer loop
   vertex -4.77 25.39 0.627
   vertex -4.77 25.39 0.936
   vertex -4.77 25.56 0.936
  endloop
 endfacet
  facet normal 0 0 0
    outer loop
   vertex -4.77 25.39 0.627
   vertex -4.77 25.56 0.936
   vertex -4.77 25.56 0.627
  endloop
 endfacet
  facet normal 0 0 0
    outer loop
   vertex -4.6 25.56 0.627
   vertex -4.6 25.56 0.936
   vertex -4.6 25.39 0.936
  endloop
 endfacet
  facet normal 0 0 0
    outer loop
   vertex -4.6 25.56 0.627
   vertex -4.6 25.39 0.936
   vertex -4.6 25.39 0.627
  endloop
 endfacet
  facet normal 0 0 0
    outer loop
   vertex -4.6 23.86 0.627
   vertex -4.6 23.86 0.936
   vertex -4.6 23.69 0.936
  endloop
 endfacet
  facet normal 0 0 0
    outer loop
   vertex -4.6 23.86 0.627
   vertex -4.6 23.69 0.936
   vertex -4.6 23.69 0.627
  endloop
 endfacet
  facet normal 0 0 0
    outer loop
   vertex -4.6 22.16 0.627
   vertex -4.6 22.16 0.936
   vertex -4.6 21.99 0.936
  endloop
 endfacet
  facet normal 0 0 0
    outer loop
   vertex -4.6 22.16 0.627
   vertex -4.6 21.99 0.936
   vertex -4.6 21.99 0.627
  endloop
 endfacet
  facet normal 0 0 0
    outer loop
   vertex -4.6 20.46 0.627
   vertex -4.6 20.46 0.936
   vertex -4.6 20.29 0.936
  endloop
 endfacet
  facet normal 0 0 0
    outer loop
   vertex -4.6 20.46 0.627
   vertex -4.6 20.29 0.936
   vertex -4.6 20.29 0.627
  endloop
 endfacet
  facet normal 0 0 0
    outer loop
   vertex -4.6 21.99 0.627
   vertex -4.6 21.99 0.936
   vertex -4.77 21.99 0.936
  endloop
 endfacet
  facet normal 0 0 0
    outer loop
   vertex -4.6 21.99 0.627
   vertex -4.77 21.99 0.936
   vertex -4.77 21.99 0.627
  endloop
 endfacet
  facet normal 0 0 0
    outer loop
   vertex -6.12 21.99 0.627
   vertex -6.12 21.99 0.936
   vertex -6.29 21.99 0.936
  endloop
 endfacet
  facet normal 0 0 0
    outer loop
   vertex -6.12 21.99 0.627
   vertex -6.29 21.99 0.936
   vertex -6.29 21.99 0.627
  endloop
 endfacet
  facet normal 0 0 0
    outer loop
   vertex -7.4 21.99 0.627
   vertex -7.4 21.99 0.936
   vertex -7.57 21.99 0.936
  endloop
 endfacet
  facet normal 0 0 0
    outer loop
   vertex -7.4 21.99 0.627
   vertex -7.57 21.99 0.936
   vertex -7.57 21.99 0.627
  endloop
 endfacet
  facet normal 0 0 0
    outer loop
   vertex -8.92 21.99 0.627
   vertex -8.92 21.99 0.936
   vertex -9.09 21.99 0.936
  endloop
 endfacet
  facet normal 0 0 0
    outer loop
   vertex -8.92 21.99 0.627
   vertex -9.09 21.99 0.936
   vertex -9.09 21.99 0.627
  endloop
 endfacet
  facet normal 0 0 0
    outer loop
   vertex -9.09 22.16 0.627
   vertex -9.09 22.16 0.936
   vertex -8.92 22.16 0.936
  endloop
 endfacet
  facet normal 0 0 0
    outer loop
   vertex -9.09 22.16 0.627
   vertex -8.92 22.16 0.936
   vertex -8.92 22.16 0.627
  endloop
 endfacet
  facet normal 0 0 0
    outer loop
   vertex -7.57 22.16 0.627
   vertex -7.57 22.16 0.936
   vertex -7.4 22.16 0.936
  endloop
 endfacet
  facet normal 0 0 0
    outer loop
   vertex -7.57 22.16 0.627
   vertex -7.4 22.16 0.936
   vertex -7.4 22.16 0.627
  endloop
 endfacet
  facet normal 0 0 0
    outer loop
   vertex -6.29 22.16 0.627
   vertex -6.29 22.16 0.936
   vertex -6.12 22.16 0.936
  endloop
 endfacet
  facet normal 0 0 0
    outer loop
   vertex -6.29 22.16 0.627
   vertex -6.12 22.16 0.936
   vertex -6.12 22.16 0.627
  endloop
 endfacet
  facet normal 0 0 0
    outer loop
   vertex -4.77 22.16 0.627
   vertex -4.77 22.16 0.936
   vertex -4.6 22.16 0.936
  endloop
 endfacet
  facet normal 0 0 0
    outer loop
   vertex -4.77 22.16 0.627
   vertex -4.6 22.16 0.936
   vertex -4.6 22.16 0.627
  endloop
 endfacet
  facet normal 0 0 0
    outer loop
   vertex -9.09 23.86 0.627
   vertex -9.09 23.86 0.936
   vertex -8.92 23.86 0.936
  endloop
 endfacet
  facet normal 0 0 0
    outer loop
   vertex -9.09 23.86 0.627
   vertex -8.92 23.86 0.936
   vertex -8.92 23.86 0.627
  endloop
 endfacet
  facet normal 0 0 0
    outer loop
   vertex -7.57 23.86 0.627
   vertex -7.57 23.86 0.936
   vertex -7.4 23.86 0.936
  endloop
 endfacet
  facet normal 0 0 0
    outer loop
   vertex -7.57 23.86 0.627
   vertex -7.4 23.86 0.936
   vertex -7.4 23.86 0.627
  endloop
 endfacet
  facet normal 0 0 0
    outer loop
   vertex -6.29 23.86 0.627
   vertex -6.29 23.86 0.936
   vertex -6.12 23.86 0.936
  endloop
 endfacet
  facet normal 0 0 0
    outer loop
   vertex -6.29 23.86 0.627
   vertex -6.12 23.86 0.936
   vertex -6.12 23.86 0.627
  endloop
 endfacet
  facet normal 0 0 0
    outer loop
   vertex -4.77 23.86 0.627
   vertex -4.77 23.86 0.936
   vertex -4.6 23.86 0.936
  endloop
 endfacet
  facet normal 0 0 0
    outer loop
   vertex -4.77 23.86 0.627
   vertex -4.6 23.86 0.936
   vertex -4.6 23.86 0.627
  endloop
 endfacet
  facet normal 0 0 0
    outer loop
   vertex -4.6 23.69 0.627
   vertex -4.6 23.69 0.936
   vertex -4.77 23.69 0.936
  endloop
 endfacet
  facet normal 0 0 0
    outer loop
   vertex -4.6 23.69 0.627
   vertex -4.77 23.69 0.936
   vertex -4.77 23.69 0.627
  endloop
 endfacet
  facet normal 0 0 0
    outer loop
   vertex -6.12 23.69 0.627
   vertex -6.12 23.69 0.936
   vertex -6.29 23.69 0.936
  endloop
 endfacet
  facet normal 0 0 0
    outer loop
   vertex -6.12 23.69 0.627
   vertex -6.29 23.69 0.936
   vertex -6.29 23.69 0.627
  endloop
 endfacet
  facet normal 0 0 0
    outer loop
   vertex -7.4 23.69 0.627
   vertex -7.4 23.69 0.936
   vertex -7.57 23.69 0.936
  endloop
 endfacet
  facet normal 0 0 0
    outer loop
   vertex -7.4 23.69 0.627
   vertex -7.57 23.69 0.936
   vertex -7.57 23.69 0.627
  endloop
 endfacet
  facet normal 0 0 0
    outer loop
   vertex -8.92 23.69 0.627
   vertex -8.92 23.69 0.936
   vertex -9.09 23.69 0.936
  endloop
 endfacet
  facet normal 0 0 0
    outer loop
   vertex -8.92 23.69 0.627
   vertex -9.09 23.69 0.936
   vertex -9.09 23.69 0.627
  endloop
 endfacet
  facet normal 0 0 0
    outer loop
   vertex -9.09 25.56 0.627
   vertex -9.09 25.56 0.936
   vertex -8.92 25.56 0.936
  endloop
 endfacet
  facet normal 0 0 0
    outer loop
   vertex -9.09 25.56 0.627
   vertex -8.92 25.56 0.936
   vertex -8.92 25.56 0.627
  endloop
 endfacet
  facet normal 0 0 0
    outer loop
   vertex -7.57 25.56 0.627
   vertex -7.57 25.56 0.936
   vertex -7.4 25.56 0.936
  endloop
 endfacet
  facet normal 0 0 0
    outer loop
   vertex -7.57 25.56 0.627
   vertex -7.4 25.56 0.936
   vertex -7.4 25.56 0.627
  endloop
 endfacet
  facet normal 0 0 0
    outer loop
   vertex -6.29 25.56 0.627
   vertex -6.29 25.56 0.936
   vertex -6.12 25.56 0.936
  endloop
 endfacet
  facet normal 0 0 0
    outer loop
   vertex -6.29 25.56 0.627
   vertex -6.12 25.56 0.936
   vertex -6.12 25.56 0.627
  endloop
 endfacet
  facet normal 0 0 0
    outer loop
   vertex -4.77 25.56 0.627
   vertex -4.77 25.56 0.936
   vertex -4.6 25.56 0.936
  endloop
 endfacet
  facet normal 0 0 0
    outer loop
   vertex -4.77 25.56 0.627
   vertex -4.6 25.56 0.936
   vertex -4.6 25.56 0.627
  endloop
 endfacet
  facet normal 0 0 0
    outer loop
   vertex -4.6 25.39 0.627
   vertex -4.6 25.39 0.936
   vertex -4.77 25.39 0.936
  endloop
 endfacet
  facet normal 0 0 0
    outer loop
   vertex -4.6 25.39 0.627
   vertex -4.77 25.39 0.936
   vertex -4.77 25.39 0.627
  endloop
 endfacet
  facet normal 0 0 0
    outer loop
   vertex -6.12 25.39 0.627
   vertex -6.12 25.39 0.936
   vertex -6.29 25.39 0.936
  endloop
 endfacet
  facet normal 0 0 0
    outer loop
   vertex -6.12 25.39 0.627
   vertex -6.29 25.39 0.936
   vertex -6.29 25.39 0.627
  endloop
 endfacet
  facet normal 0 0 0
    outer loop
   vertex -7.4 25.39 0.627
   vertex -7.4 25.39 0.936
   vertex -7.57 25.39 0.936
  endloop
 endfacet
  facet normal 0 0 0
    outer loop
   vertex -7.4 25.39 0.627
   vertex -7.57 25.39 0.936
   vertex -7.57 25.39 0.627
  endloop
 endfacet
  facet normal 0 0 0
    outer loop
   vertex -8.92 25.39 0.627
   vertex -8.92 25.39 0.936
   vertex -9.09 25.39 0.936
  endloop
 endfacet
  facet normal 0 0 0
    outer loop
   vertex -8.92 25.39 0.627
   vertex -9.09 25.39 0.936
   vertex -9.09 25.39 0.627
  endloop
 endfacet
  facet normal 0 0 0
    outer loop
   vertex -9.09 20.46 1.036
   vertex -9.17 20.46 1.036
   vertex -9.17 20.29 1.036
  endloop
 endfacet
  facet normal 0 0 0
    outer loop
   vertex -9.09 20.29 1.036
   vertex -9.09 20.46 1.036
   vertex -9.17 20.29 1.036
  endloop
 endfacet
  facet normal 0 0 0
    outer loop
   vertex -8.84 20.46 1.036
   vertex -8.92 20.46 1.036
   vertex -8.92 20.29 1.036
  endloop
 endfacet
  facet normal 0 0 0
    outer loop
   vertex -8.84 20.29 1.036
   vertex -8.84 20.46 1.036
   vertex -8.92 20.29 1.036
  endloop
 endfacet
  facet normal 0 0 0
    outer loop
   vertex -7.57 20.46 1.036
   vertex -7.65 20.46 1.036
   vertex -7.65 20.29 1.036
  endloop
 endfacet
  facet normal 0 0 0
    outer loop
   vertex -7.57 20.29 1.036
   vertex -7.57 20.46 1.036
   vertex -7.65 20.29 1.036
  endloop
 endfacet
  facet normal 0 0 0
    outer loop
   vertex -7.32 20.46 1.036
   vertex -7.4 20.46 1.036
   vertex -7.4 20.29 1.036
  endloop
 endfacet
  facet normal 0 0 0
    outer loop
   vertex -7.32 20.29 1.036
   vertex -7.32 20.46 1.036
   vertex -7.4 20.29 1.036
  endloop
 endfacet
  facet normal 0 0 0
    outer loop
   vertex -6.29 20.46 1.036
   vertex -6.37 20.46 1.036
   vertex -6.37 20.29 1.036
  endloop
 endfacet
  facet normal 0 0 0
    outer loop
   vertex -6.29 20.29 1.036
   vertex -6.29 20.46 1.036
   vertex -6.37 20.29 1.036
  endloop
 endfacet
  facet normal 0 0 0
    outer loop
   vertex -6.04 20.46 1.036
   vertex -6.12 20.46 1.036
   vertex -6.12 20.29 1.036
  endloop
 endfacet
  facet normal 0 0 0
    outer loop
   vertex -6.04 20.29 1.036
   vertex -6.04 20.46 1.036
   vertex -6.12 20.29 1.036
  endloop
 endfacet
  facet normal 0 0 0
    outer loop
   vertex -4.77 20.46 1.036
   vertex -4.85 20.46 1.036
   vertex -4.85 20.29 1.036
  endloop
 endfacet
  facet normal 0 0 0
    outer loop
   vertex -4.77 20.29 1.036
   vertex -4.77 20.46 1.036
   vertex -4.85 20.29 1.036
  endloop
 endfacet
  facet normal 0 0 0
    outer loop
   vertex -4.52 20.46 1.036
   vertex -4.6 20.46 1.036
   vertex -4.6 20.29 1.036
  endloop
 endfacet
  facet normal 0 0 0
    outer loop
   vertex -4.52 20.29 1.036
   vertex -4.52 20.46 1.036
   vertex -4.6 20.29 1.036
  endloop
 endfacet
  facet normal 0 0 0
    outer loop
   vertex -9.09 22.16 1.036
   vertex -9.17 22.16 1.036
   vertex -9.17 21.99 1.036
  endloop
 endfacet
  facet normal 0 0 0
    outer loop
   vertex -9.09 21.99 1.036
   vertex -9.09 22.16 1.036
   vertex -9.17 21.99 1.036
  endloop
 endfacet
  facet normal 0 0 0
    outer loop
   vertex -8.84 22.16 1.036
   vertex -8.92 22.16 1.036
   vertex -8.92 21.99 1.036
  endloop
 endfacet
  facet normal 0 0 0
    outer loop
   vertex -8.84 21.99 1.036
   vertex -8.84 22.16 1.036
   vertex -8.92 21.99 1.036
  endloop
 endfacet
  facet normal 0 0 0
    outer loop
   vertex -7.57 22.16 1.036
   vertex -7.65 22.16 1.036
   vertex -7.65 21.99 1.036
  endloop
 endfacet
  facet normal 0 0 0
    outer loop
   vertex -7.57 21.99 1.036
   vertex -7.57 22.16 1.036
   vertex -7.65 21.99 1.036
  endloop
 endfacet
  facet normal 0 0 0
    outer loop
   vertex -7.32 22.16 1.036
   vertex -7.4 22.16 1.036
   vertex -7.4 21.99 1.036
  endloop
 endfacet
  facet normal 0 0 0
    outer loop
   vertex -7.32 21.99 1.036
   vertex -7.32 22.16 1.036
   vertex -7.4 21.99 1.036
  endloop
 endfacet
  facet normal 0 0 0
    outer loop
   vertex -6.29 22.16 1.036
   vertex -6.37 22.16 1.036
   vertex -6.37 21.99 1.036
  endloop
 endfacet
  facet normal 0 0 0
    outer loop
   vertex -6.29 21.99 1.036
   vertex -6.29 22.16 1.036
   vertex -6.37 21.99 1.036
  endloop
 endfacet
  facet normal 0 0 0
    outer loop
   vertex -6.04 22.16 1.036
   vertex -6.12 22.16 1.036
   vertex -6.12 21.99 1.036
  endloop
 endfacet
  facet normal 0 0 0
    outer loop
   vertex -6.04 21.99 1.036
   vertex -6.04 22.16 1.036
   vertex -6.12 21.99 1.036
  endloop
 endfacet
  facet normal 0 0 0
    outer loop
   vertex -4.77 22.16 1.036
   vertex -4.85 22.16 1.036
   vertex -4.85 21.99 1.036
  endloop
 endfacet
  facet normal 0 0 0
    outer loop
   vertex -4.77 21.99 1.036
   vertex -4.77 22.16 1.036
   vertex -4.85 21.99 1.036
  endloop
 endfacet
  facet normal 0 0 0
    outer loop
   vertex -4.52 22.16 1.036
   vertex -4.6 22.16 1.036
   vertex -4.6 21.99 1.036
  endloop
 endfacet
  facet normal 0 0 0
    outer loop
   vertex -4.52 21.99 1.036
   vertex -4.52 22.16 1.036
   vertex -4.6 21.99 1.036
  endloop
 endfacet
  facet normal 0 0 0
    outer loop
   vertex -9.09 23.86 1.036
   vertex -9.17 23.86 1.036
   vertex -9.17 23.69 1.036
  endloop
 endfacet
  facet normal 0 0 0
    outer loop
   vertex -9.09 23.69 1.036
   vertex -9.09 23.86 1.036
   vertex -9.17 23.69 1.036
  endloop
 endfacet
  facet normal 0 0 0
    outer loop
   vertex -8.84 23.86 1.036
   vertex -8.92 23.86 1.036
   vertex -8.92 23.69 1.036
  endloop
 endfacet
  facet normal 0 0 0
    outer loop
   vertex -8.84 23.69 1.036
   vertex -8.84 23.86 1.036
   vertex -8.92 23.69 1.036
  endloop
 endfacet
  facet normal 0 0 0
    outer loop
   vertex -7.57 23.86 1.036
   vertex -7.65 23.86 1.036
   vertex -7.65 23.69 1.036
  endloop
 endfacet
  facet normal 0 0 0
    outer loop
   vertex -7.57 23.69 1.036
   vertex -7.57 23.86 1.036
   vertex -7.65 23.69 1.036
  endloop
 endfacet
  facet normal 0 0 0
    outer loop
   vertex -7.32 23.86 1.036
   vertex -7.4 23.86 1.036
   vertex -7.4 23.69 1.036
  endloop
 endfacet
  facet normal 0 0 0
    outer loop
   vertex -7.32 23.69 1.036
   vertex -7.32 23.86 1.036
   vertex -7.4 23.69 1.036
  endloop
 endfacet
  facet normal 0 0 0
    outer loop
   vertex -6.29 23.86 1.036
   vertex -6.37 23.86 1.036
   vertex -6.37 23.69 1.036
  endloop
 endfacet
  facet normal 0 0 0
    outer loop
   vertex -6.29 23.69 1.036
   vertex -6.29 23.86 1.036
   vertex -6.37 23.69 1.036
  endloop
 endfacet
  facet normal 0 0 0
    outer loop
   vertex -6.04 23.86 1.036
   vertex -6.12 23.86 1.036
   vertex -6.12 23.69 1.036
  endloop
 endfacet
  facet normal 0 0 0
    outer loop
   vertex -6.04 23.69 1.036
   vertex -6.04 23.86 1.036
   vertex -6.12 23.69 1.036
  endloop
 endfacet
  facet normal 0 0 0
    outer loop
   vertex -4.77 23.86 1.036
   vertex -4.85 23.86 1.036
   vertex -4.85 23.69 1.036
  endloop
 endfacet
  facet normal 0 0 0
    outer loop
   vertex -4.77 23.69 1.036
   vertex -4.77 23.86 1.036
   vertex -4.85 23.69 1.036
  endloop
 endfacet
  facet normal 0 0 0
    outer loop
   vertex -4.52 23.86 1.036
   vertex -4.6 23.86 1.036
   vertex -4.6 23.69 1.036
  endloop
 endfacet
  facet normal 0 0 0
    outer loop
   vertex -4.52 23.69 1.036
   vertex -4.52 23.86 1.036
   vertex -4.6 23.69 1.036
  endloop
 endfacet
  facet normal 0 0 0
    outer loop
   vertex -9.09 25.56 1.036
   vertex -9.17 25.56 1.036
   vertex -9.17 25.39 1.036
  endloop
 endfacet
  facet normal 0 0 0
    outer loop
   vertex -9.09 25.39 1.036
   vertex -9.09 25.56 1.036
   vertex -9.17 25.39 1.036
  endloop
 endfacet
  facet normal 0 0 0
    outer loop
   vertex -8.84 25.56 1.036
   vertex -8.92 25.56 1.036
   vertex -8.92 25.39 1.036
  endloop
 endfacet
  facet normal 0 0 0
    outer loop
   vertex -8.84 25.39 1.036
   vertex -8.84 25.56 1.036
   vertex -8.92 25.39 1.036
  endloop
 endfacet
  facet normal 0 0 0
    outer loop
   vertex -7.57 25.56 1.036
   vertex -7.65 25.56 1.036
   vertex -7.65 25.39 1.036
  endloop
 endfacet
  facet normal 0 0 0
    outer loop
   vertex -7.57 25.39 1.036
   vertex -7.57 25.56 1.036
   vertex -7.65 25.39 1.036
  endloop
 endfacet
  facet normal 0 0 0
    outer loop
   vertex -7.32 25.56 1.036
   vertex -7.4 25.56 1.036
   vertex -7.4 25.39 1.036
  endloop
 endfacet
  facet normal 0 0 0
    outer loop
   vertex -7.32 25.39 1.036
   vertex -7.32 25.56 1.036
   vertex -7.4 25.39 1.036
  endloop
 endfacet
  facet normal 0 0 0
    outer loop
   vertex -6.29 25.56 1.036
   vertex -6.37 25.56 1.036
   vertex -6.37 25.39 1.036
  endloop
 endfacet
  facet normal 0 0 0
    outer loop
   vertex -6.29 25.39 1.036
   vertex -6.29 25.56 1.036
   vertex -6.37 25.39 1.036
  endloop
 endfacet
  facet normal 0 0 0
    outer loop
   vertex -6.04 25.56 1.036
   vertex -6.12 25.56 1.036
   vertex -6.12 25.39 1.036
  endloop
 endfacet
  facet normal 0 0 0
    outer loop
   vertex -6.04 25.39 1.036
   vertex -6.04 25.56 1.036
   vertex -6.12 25.39 1.036
  endloop
 endfacet
  facet normal 0 0 0
    outer loop
   vertex -4.77 25.56 1.036
   vertex -4.85 25.56 1.036
   vertex -4.85 25.39 1.036
  endloop
 endfacet
  facet normal 0 0 0
    outer loop
   vertex -4.77 25.39 1.036
   vertex -4.77 25.56 1.036
   vertex -4.85 25.39 1.036
  endloop
 endfacet
  facet normal 0 0 0
    outer loop
   vertex -4.52 25.56 1.036
   vertex -4.6 25.56 1.036
   vertex -4.6 25.39 1.036
  endloop
 endfacet
  facet normal 0 0 0
    outer loop
   vertex -4.52 25.39 1.036
   vertex -4.52 25.56 1.036
   vertex -4.6 25.39 1.036
  endloop
 endfacet
  facet normal 0 0 0
    outer loop
   vertex -9.17 20.46 0.936
   vertex -9.17 20.46 1.036
   vertex -9.09 20.46 1.036
  endloop
 endfacet
  facet normal 0 0 0
    outer loop
   vertex -9.09 20.46 1.036
   vertex -9.09 20.46 1.111
   vertex -8.92 20.46 1.111
  endloop
 endfacet
  facet normal 0 0 0
    outer loop
   vertex -9.17 20.46 0.936
   vertex -9.09 20.46 1.036
   vertex -8.92 20.46 1.036
  endloop
 endfacet
  facet normal 0 0 0
    outer loop
   vertex -9.09 20.46 1.036
   vertex -8.92 20.46 1.111
   vertex -8.92 20.46 1.036
  endloop
 endfacet
  facet normal 0 0 0
    outer loop
   vertex -9.17 20.46 0.936
   vertex -8.92 20.46 1.036
   vertex -8.84 20.46 0.936
  endloop
 endfacet
  facet normal 0 0 0
    outer loop
   vertex -8.84 20.46 0.936
   vertex -8.92 20.46 1.036
   vertex -8.84 20.46 1.036
  endloop
 endfacet
  facet normal 0 0 0
    outer loop
   vertex -7.65 20.46 0.936
   vertex -7.65 20.46 1.036
   vertex -7.57 20.46 1.036
  endloop
 endfacet
  facet normal 0 0 0
    outer loop
   vertex -7.57 20.46 1.036
   vertex -7.57 20.46 1.111
   vertex -7.4 20.46 1.111
  endloop
 endfacet
  facet normal 0 0 0
    outer loop
   vertex -7.65 20.46 0.936
   vertex -7.57 20.46 1.036
   vertex -7.4 20.46 1.036
  endloop
 endfacet
  facet normal 0 0 0
    outer loop
   vertex -7.57 20.46 1.036
   vertex -7.4 20.46 1.111
   vertex -7.4 20.46 1.036
  endloop
 endfacet
  facet normal 0 0 0
    outer loop
   vertex -7.65 20.46 0.936
   vertex -7.4 20.46 1.036
   vertex -7.32 20.46 0.936
  endloop
 endfacet
  facet normal 0 0 0
    outer loop
   vertex -7.32 20.46 0.936
   vertex -7.4 20.46 1.036
   vertex -7.32 20.46 1.036
  endloop
 endfacet
  facet normal 0 0 0
    outer loop
   vertex -6.37 20.46 0.936
   vertex -6.37 20.46 1.036
   vertex -6.29 20.46 1.036
  endloop
 endfacet
  facet normal 0 0 0
    outer loop
   vertex -6.29 20.46 1.036
   vertex -6.29 20.46 1.111
   vertex -6.12 20.46 1.111
  endloop
 endfacet
  facet normal 0 0 0
    outer loop
   vertex -6.37 20.46 0.936
   vertex -6.29 20.46 1.036
   vertex -6.12 20.46 1.036
  endloop
 endfacet
  facet normal 0 0 0
    outer loop
   vertex -6.29 20.46 1.036
   vertex -6.12 20.46 1.111
   vertex -6.12 20.46 1.036
  endloop
 endfacet
  facet normal 0 0 0
    outer loop
   vertex -6.37 20.46 0.936
   vertex -6.12 20.46 1.036
   vertex -6.04 20.46 0.936
  endloop
 endfacet
  facet normal 0 0 0
    outer loop
   vertex -6.04 20.46 0.936
   vertex -6.12 20.46 1.036
   vertex -6.04 20.46 1.036
  endloop
 endfacet
  facet normal 0 0 0
    outer loop
   vertex -4.85 20.46 0.936
   vertex -4.85 20.46 1.036
   vertex -4.77 20.46 1.036
  endloop
 endfacet
  facet normal 0 0 0
    outer loop
   vertex -4.77 20.46 1.036
   vertex -4.77 20.46 1.111
   vertex -4.6 20.46 1.111
  endloop
 endfacet
  facet normal 0 0 0
    outer loop
   vertex -4.85 20.46 0.936
   vertex -4.77 20.46 1.036
   vertex -4.6 20.46 1.036
  endloop
 endfacet
  facet normal 0 0 0
    outer loop
   vertex -4.77 20.46 1.036
   vertex -4.6 20.46 1.111
   vertex -4.6 20.46 1.036
  endloop
 endfacet
  facet normal 0 0 0
    outer loop
   vertex -4.85 20.46 0.936
   vertex -4.6 20.46 1.036
   vertex -4.52 20.46 0.936
  endloop
 endfacet
  facet normal 0 0 0
    outer loop
   vertex -4.52 20.46 0.936
   vertex -4.6 20.46 1.036
   vertex -4.52 20.46 1.036
  endloop
 endfacet
  facet normal 0 0 0
    outer loop
   vertex -4.52 20.29 0.936
   vertex -4.52 20.29 1.036
   vertex -4.6 20.29 1.036
  endloop
 endfacet
  facet normal 0 0 0
    outer loop
   vertex -4.6 20.29 1.036
   vertex -4.6 20.29 1.111
   vertex -4.77 20.29 1.111
  endloop
 endfacet
  facet normal 0 0 0
    outer loop
   vertex -4.52 20.29 0.936
   vertex -4.6 20.29 1.036
   vertex -4.77 20.29 1.036
  endloop
 endfacet
  facet normal 0 0 0
    outer loop
   vertex -4.6 20.29 1.036
   vertex -4.77 20.29 1.111
   vertex -4.77 20.29 1.036
  endloop
 endfacet
  facet normal 0 0 0
    outer loop
   vertex -4.52 20.29 0.936
   vertex -4.77 20.29 1.036
   vertex -4.85 20.29 0.936
  endloop
 endfacet
  facet normal 0 0 0
    outer loop
   vertex -4.85 20.29 0.936
   vertex -4.77 20.29 1.036
   vertex -4.85 20.29 1.036
  endloop
 endfacet
  facet normal 0 0 0
    outer loop
   vertex -6.04 20.29 0.936
   vertex -6.04 20.29 1.036
   vertex -6.12 20.29 1.036
  endloop
 endfacet
  facet normal 0 0 0
    outer loop
   vertex -6.12 20.29 1.036
   vertex -6.12 20.29 1.111
   vertex -6.29 20.29 1.111
  endloop
 endfacet
  facet normal 0 0 0
    outer loop
   vertex -6.04 20.29 0.936
   vertex -6.12 20.29 1.036
   vertex -6.29 20.29 1.036
  endloop
 endfacet
  facet normal 0 0 0
    outer loop
   vertex -6.12 20.29 1.036
   vertex -6.29 20.29 1.111
   vertex -6.29 20.29 1.036
  endloop
 endfacet
  facet normal 0 0 0
    outer loop
   vertex -6.04 20.29 0.936
   vertex -6.29 20.29 1.036
   vertex -6.37 20.29 0.936
  endloop
 endfacet
  facet normal 0 0 0
    outer loop
   vertex -6.37 20.29 0.936
   vertex -6.29 20.29 1.036
   vertex -6.37 20.29 1.036
  endloop
 endfacet
  facet normal 0 0 0
    outer loop
   vertex -7.32 20.29 0.936
   vertex -7.32 20.29 1.036
   vertex -7.4 20.29 1.036
  endloop
 endfacet
  facet normal 0 0 0
    outer loop
   vertex -7.4 20.29 1.036
   vertex -7.4 20.29 1.111
   vertex -7.57 20.29 1.111
  endloop
 endfacet
  facet normal 0 0 0
    outer loop
   vertex -7.32 20.29 0.936
   vertex -7.4 20.29 1.036
   vertex -7.57 20.29 1.036
  endloop
 endfacet
  facet normal 0 0 0
    outer loop
   vertex -7.4 20.29 1.036
   vertex -7.57 20.29 1.111
   vertex -7.57 20.29 1.036
  endloop
 endfacet
  facet normal 0 0 0
    outer loop
   vertex -7.32 20.29 0.936
   vertex -7.57 20.29 1.036
   vertex -7.65 20.29 0.936
  endloop
 endfacet
  facet normal 0 0 0
    outer loop
   vertex -7.65 20.29 0.936
   vertex -7.57 20.29 1.036
   vertex -7.65 20.29 1.036
  endloop
 endfacet
  facet normal 0 0 0
    outer loop
   vertex -8.84 20.29 0.936
   vertex -8.84 20.29 1.036
   vertex -8.92 20.29 1.036
  endloop
 endfacet
  facet normal 0 0 0
    outer loop
   vertex -8.92 20.29 1.036
   vertex -8.92 20.29 1.111
   vertex -9.09 20.29 1.111
  endloop
 endfacet
  facet normal 0 0 0
    outer loop
   vertex -8.84 20.29 0.936
   vertex -8.92 20.29 1.036
   vertex -9.09 20.29 1.036
  endloop
 endfacet
  facet normal 0 0 0
    outer loop
   vertex -8.92 20.29 1.036
   vertex -9.09 20.29 1.111
   vertex -9.09 20.29 1.036
  endloop
 endfacet
  facet normal 0 0 0
    outer loop
   vertex -8.84 20.29 0.936
   vertex -9.09 20.29 1.036
   vertex -9.17 20.29 0.936
  endloop
 endfacet
  facet normal 0 0 0
    outer loop
   vertex -9.17 20.29 0.936
   vertex -9.09 20.29 1.036
   vertex -9.17 20.29 1.036
  endloop
 endfacet
  facet normal 0 0 0
    outer loop
   vertex -9.17 20.29 0.936
   vertex -9.17 20.29 1.036
   vertex -9.17 20.46 1.036
  endloop
 endfacet
  facet normal 0 0 0
    outer loop
   vertex -9.17 20.29 0.936
   vertex -9.17 20.46 1.036
   vertex -9.17 20.46 0.936
  endloop
 endfacet
  facet normal 0 0 0
    outer loop
   vertex -9.17 21.99 0.936
   vertex -9.17 21.99 1.036
   vertex -9.17 22.16 1.036
  endloop
 endfacet
  facet normal 0 0 0
    outer loop
   vertex -9.17 21.99 0.936
   vertex -9.17 22.16 1.036
   vertex -9.17 22.16 0.936
  endloop
 endfacet
  facet normal 0 0 0
    outer loop
   vertex -9.17 23.69 0.936
   vertex -9.17 23.69 1.036
   vertex -9.17 23.86 1.036
  endloop
 endfacet
  facet normal 0 0 0
    outer loop
   vertex -9.17 23.69 0.936
   vertex -9.17 23.86 1.036
   vertex -9.17 23.86 0.936
  endloop
 endfacet
  facet normal 0 0 0
    outer loop
   vertex -9.17 25.39 0.936
   vertex -9.17 25.39 1.036
   vertex -9.17 25.56 1.036
  endloop
 endfacet
  facet normal 0 0 0
    outer loop
   vertex -9.17 25.39 0.936
   vertex -9.17 25.56 1.036
   vertex -9.17 25.56 0.936
  endloop
 endfacet
  facet normal 0 0 0
    outer loop
   vertex -8.84 25.56 0.936
   vertex -8.84 25.56 1.036
   vertex -8.84 25.39 1.036
  endloop
 endfacet
  facet normal 0 0 0
    outer loop
   vertex -8.84 25.56 0.936
   vertex -8.84 25.39 1.036
   vertex -8.84 25.39 0.936
  endloop
 endfacet
  facet normal 0 0 0
    outer loop
   vertex -8.84 23.86 0.936
   vertex -8.84 23.86 1.036
   vertex -8.84 23.69 1.036
  endloop
 endfacet
  facet normal 0 0 0
    outer loop
   vertex -8.84 23.86 0.936
   vertex -8.84 23.69 1.036
   vertex -8.84 23.69 0.936
  endloop
 endfacet
  facet normal 0 0 0
    outer loop
   vertex -8.84 22.16 0.936
   vertex -8.84 22.16 1.036
   vertex -8.84 21.99 1.036
  endloop
 endfacet
  facet normal 0 0 0
    outer loop
   vertex -8.84 22.16 0.936
   vertex -8.84 21.99 1.036
   vertex -8.84 21.99 0.936
  endloop
 endfacet
  facet normal 0 0 0
    outer loop
   vertex -8.84 20.46 0.936
   vertex -8.84 20.46 1.036
   vertex -8.84 20.29 1.036
  endloop
 endfacet
  facet normal 0 0 0
    outer loop
   vertex -8.84 20.46 0.936
   vertex -8.84 20.29 1.036
   vertex -8.84 20.29 0.936
  endloop
 endfacet
  facet normal 0 0 0
    outer loop
   vertex -7.65 20.29 0.936
   vertex -7.65 20.29 1.036
   vertex -7.65 20.46 1.036
  endloop
 endfacet
  facet normal 0 0 0
    outer loop
   vertex -7.65 20.29 0.936
   vertex -7.65 20.46 1.036
   vertex -7.65 20.46 0.936
  endloop
 endfacet
  facet normal 0 0 0
    outer loop
   vertex -7.65 21.99 0.936
   vertex -7.65 21.99 1.036
   vertex -7.65 22.16 1.036
  endloop
 endfacet
  facet normal 0 0 0
    outer loop
   vertex -7.65 21.99 0.936
   vertex -7.65 22.16 1.036
   vertex -7.65 22.16 0.936
  endloop
 endfacet
  facet normal 0 0 0
    outer loop
   vertex -7.65 23.69 0.936
   vertex -7.65 23.69 1.036
   vertex -7.65 23.86 1.036
  endloop
 endfacet
  facet normal 0 0 0
    outer loop
   vertex -7.65 23.69 0.936
   vertex -7.65 23.86 1.036
   vertex -7.65 23.86 0.936
  endloop
 endfacet
  facet normal 0 0 0
    outer loop
   vertex -7.65 25.39 0.936
   vertex -7.65 25.39 1.036
   vertex -7.65 25.56 1.036
  endloop
 endfacet
  facet normal 0 0 0
    outer loop
   vertex -7.65 25.39 0.936
   vertex -7.65 25.56 1.036
   vertex -7.65 25.56 0.936
  endloop
 endfacet
  facet normal 0 0 0
    outer loop
   vertex -7.32 25.56 0.936
   vertex -7.32 25.56 1.036
   vertex -7.32 25.39 1.036
  endloop
 endfacet
  facet normal 0 0 0
    outer loop
   vertex -7.32 25.56 0.936
   vertex -7.32 25.39 1.036
   vertex -7.32 25.39 0.936
  endloop
 endfacet
  facet normal 0 0 0
    outer loop
   vertex -7.32 23.86 0.936
   vertex -7.32 23.86 1.036
   vertex -7.32 23.69 1.036
  endloop
 endfacet
  facet normal 0 0 0
    outer loop
   vertex -7.32 23.86 0.936
   vertex -7.32 23.69 1.036
   vertex -7.32 23.69 0.936
  endloop
 endfacet
  facet normal 0 0 0
    outer loop
   vertex -7.32 22.16 0.936
   vertex -7.32 22.16 1.036
   vertex -7.32 21.99 1.036
  endloop
 endfacet
  facet normal 0 0 0
    outer loop
   vertex -7.32 22.16 0.936
   vertex -7.32 21.99 1.036
   vertex -7.32 21.99 0.936
  endloop
 endfacet
  facet normal 0 0 0
    outer loop
   vertex -7.32 20.46 0.936
   vertex -7.32 20.46 1.036
   vertex -7.32 20.29 1.036
  endloop
 endfacet
  facet normal 0 0 0
    outer loop
   vertex -7.32 20.46 0.936
   vertex -7.32 20.29 1.036
   vertex -7.32 20.29 0.936
  endloop
 endfacet
  facet normal 0 0 0
    outer loop
   vertex -6.37 20.29 0.936
   vertex -6.37 20.29 1.036
   vertex -6.37 20.46 1.036
  endloop
 endfacet
  facet normal 0 0 0
    outer loop
   vertex -6.37 20.29 0.936
   vertex -6.37 20.46 1.036
   vertex -6.37 20.46 0.936
  endloop
 endfacet
  facet normal 0 0 0
    outer loop
   vertex -6.37 21.99 0.936
   vertex -6.37 21.99 1.036
   vertex -6.37 22.16 1.036
  endloop
 endfacet
  facet normal 0 0 0
    outer loop
   vertex -6.37 21.99 0.936
   vertex -6.37 22.16 1.036
   vertex -6.37 22.16 0.936
  endloop
 endfacet
  facet normal 0 0 0
    outer loop
   vertex -6.37 23.69 0.936
   vertex -6.37 23.69 1.036
   vertex -6.37 23.86 1.036
  endloop
 endfacet
  facet normal 0 0 0
    outer loop
   vertex -6.37 23.69 0.936
   vertex -6.37 23.86 1.036
   vertex -6.37 23.86 0.936
  endloop
 endfacet
  facet normal 0 0 0
    outer loop
   vertex -6.37 25.39 0.936
   vertex -6.37 25.39 1.036
   vertex -6.37 25.56 1.036
  endloop
 endfacet
  facet normal 0 0 0
    outer loop
   vertex -6.37 25.39 0.936
   vertex -6.37 25.56 1.036
   vertex -6.37 25.56 0.936
  endloop
 endfacet
  facet normal 0 0 0
    outer loop
   vertex -6.04 25.56 0.936
   vertex -6.04 25.56 1.036
   vertex -6.04 25.39 1.036
  endloop
 endfacet
  facet normal 0 0 0
    outer loop
   vertex -6.04 25.56 0.936
   vertex -6.04 25.39 1.036
   vertex -6.04 25.39 0.936
  endloop
 endfacet
  facet normal 0 0 0
    outer loop
   vertex -6.04 23.86 0.936
   vertex -6.04 23.86 1.036
   vertex -6.04 23.69 1.036
  endloop
 endfacet
  facet normal 0 0 0
    outer loop
   vertex -6.04 23.86 0.936
   vertex -6.04 23.69 1.036
   vertex -6.04 23.69 0.936
  endloop
 endfacet
  facet normal 0 0 0
    outer loop
   vertex -6.04 22.16 0.936
   vertex -6.04 22.16 1.036
   vertex -6.04 21.99 1.036
  endloop
 endfacet
  facet normal 0 0 0
    outer loop
   vertex -6.04 22.16 0.936
   vertex -6.04 21.99 1.036
   vertex -6.04 21.99 0.936
  endloop
 endfacet
  facet normal 0 0 0
    outer loop
   vertex -6.04 20.46 0.936
   vertex -6.04 20.46 1.036
   vertex -6.04 20.29 1.036
  endloop
 endfacet
  facet normal 0 0 0
    outer loop
   vertex -6.04 20.46 0.936
   vertex -6.04 20.29 1.036
   vertex -6.04 20.29 0.936
  endloop
 endfacet
  facet normal 0 0 0
    outer loop
   vertex -4.85 20.29 0.936
   vertex -4.85 20.29 1.036
   vertex -4.85 20.46 1.036
  endloop
 endfacet
  facet normal 0 0 0
    outer loop
   vertex -4.85 20.29 0.936
   vertex -4.85 20.46 1.036
   vertex -4.85 20.46 0.936
  endloop
 endfacet
  facet normal 0 0 0
    outer loop
   vertex -4.85 21.99 0.936
   vertex -4.85 21.99 1.036
   vertex -4.85 22.16 1.036
  endloop
 endfacet
  facet normal 0 0 0
    outer loop
   vertex -4.85 21.99 0.936
   vertex -4.85 22.16 1.036
   vertex -4.85 22.16 0.936
  endloop
 endfacet
  facet normal 0 0 0
    outer loop
   vertex -4.85 23.69 0.936
   vertex -4.85 23.69 1.036
   vertex -4.85 23.86 1.036
  endloop
 endfacet
  facet normal 0 0 0
    outer loop
   vertex -4.85 23.69 0.936
   vertex -4.85 23.86 1.036
   vertex -4.85 23.86 0.936
  endloop
 endfacet
  facet normal 0 0 0
    outer loop
   vertex -4.85 25.39 0.936
   vertex -4.85 25.39 1.036
   vertex -4.85 25.56 1.036
  endloop
 endfacet
  facet normal 0 0 0
    outer loop
   vertex -4.85 25.39 0.936
   vertex -4.85 25.56 1.036
   vertex -4.85 25.56 0.936
  endloop
 endfacet
  facet normal 0 0 0
    outer loop
   vertex -4.52 25.56 0.936
   vertex -4.52 25.56 1.036
   vertex -4.52 25.39 1.036
  endloop
 endfacet
  facet normal 0 0 0
    outer loop
   vertex -4.52 25.56 0.936
   vertex -4.52 25.39 1.036
   vertex -4.52 25.39 0.936
  endloop
 endfacet
  facet normal 0 0 0
    outer loop
   vertex -4.52 23.86 0.936
   vertex -4.52 23.86 1.036
   vertex -4.52 23.69 1.036
  endloop
 endfacet
  facet normal 0 0 0
    outer loop
   vertex -4.52 23.86 0.936
   vertex -4.52 23.69 1.036
   vertex -4.52 23.69 0.936
  endloop
 endfacet
  facet normal 0 0 0
    outer loop
   vertex -4.52 22.16 0.936
   vertex -4.52 22.16 1.036
   vertex -4.52 21.99 1.036
  endloop
 endfacet
  facet normal 0 0 0
    outer loop
   vertex -4.52 22.16 0.936
   vertex -4.52 21.99 1.036
   vertex -4.52 21.99 0.936
  endloop
 endfacet
  facet normal 0 0 0
    outer loop
   vertex -4.52 20.46 0.936
   vertex -4.52 20.46 1.036
   vertex -4.52 20.29 1.036
  endloop
 endfacet
  facet normal 0 0 0
    outer loop
   vertex -4.52 20.46 0.936
   vertex -4.52 20.29 1.036
   vertex -4.52 20.29 0.936
  endloop
 endfacet
  facet normal 0 0 0
    outer loop
   vertex -4.52 21.99 0.936
   vertex -4.52 21.99 1.036
   vertex -4.6 21.99 1.036
  endloop
 endfacet
  facet normal 0 0 0
    outer loop
   vertex -4.6 21.99 1.036
   vertex -4.6 21.99 1.111
   vertex -4.77 21.99 1.111
  endloop
 endfacet
  facet normal 0 0 0
    outer loop
   vertex -4.52 21.99 0.936
   vertex -4.6 21.99 1.036
   vertex -4.77 21.99 1.036
  endloop
 endfacet
  facet normal 0 0 0
    outer loop
   vertex -4.6 21.99 1.036
   vertex -4.77 21.99 1.111
   vertex -4.77 21.99 1.036
  endloop
 endfacet
  facet normal 0 0 0
    outer loop
   vertex -4.52 21.99 0.936
   vertex -4.77 21.99 1.036
   vertex -4.85 21.99 0.936
  endloop
 endfacet
  facet normal 0 0 0
    outer loop
   vertex -4.85 21.99 0.936
   vertex -4.77 21.99 1.036
   vertex -4.85 21.99 1.036
  endloop
 endfacet
  facet normal 0 0 0
    outer loop
   vertex -6.04 21.99 0.936
   vertex -6.04 21.99 1.036
   vertex -6.12 21.99 1.036
  endloop
 endfacet
  facet normal 0 0 0
    outer loop
   vertex -6.12 21.99 1.036
   vertex -6.12 21.99 1.111
   vertex -6.29 21.99 1.111
  endloop
 endfacet
  facet normal 0 0 0
    outer loop
   vertex -6.04 21.99 0.936
   vertex -6.12 21.99 1.036
   vertex -6.29 21.99 1.036
  endloop
 endfacet
  facet normal 0 0 0
    outer loop
   vertex -6.12 21.99 1.036
   vertex -6.29 21.99 1.111
   vertex -6.29 21.99 1.036
  endloop
 endfacet
  facet normal 0 0 0
    outer loop
   vertex -6.04 21.99 0.936
   vertex -6.29 21.99 1.036
   vertex -6.37 21.99 0.936
  endloop
 endfacet
  facet normal 0 0 0
    outer loop
   vertex -6.37 21.99 0.936
   vertex -6.29 21.99 1.036
   vertex -6.37 21.99 1.036
  endloop
 endfacet
  facet normal 0 0 0
    outer loop
   vertex -7.32 21.99 0.936
   vertex -7.32 21.99 1.036
   vertex -7.4 21.99 1.036
  endloop
 endfacet
  facet normal 0 0 0
    outer loop
   vertex -7.4 21.99 1.036
   vertex -7.4 21.99 1.111
   vertex -7.57 21.99 1.111
  endloop
 endfacet
  facet normal 0 0 0
    outer loop
   vertex -7.32 21.99 0.936
   vertex -7.4 21.99 1.036
   vertex -7.57 21.99 1.036
  endloop
 endfacet
  facet normal 0 0 0
    outer loop
   vertex -7.4 21.99 1.036
   vertex -7.57 21.99 1.111
   vertex -7.57 21.99 1.036
  endloop
 endfacet
  facet normal 0 0 0
    outer loop
   vertex -7.32 21.99 0.936
   vertex -7.57 21.99 1.036
   vertex -7.65 21.99 0.936
  endloop
 endfacet
  facet normal 0 0 0
    outer loop
   vertex -7.65 21.99 0.936
   vertex -7.57 21.99 1.036
   vertex -7.65 21.99 1.036
  endloop
 endfacet
  facet normal 0 0 0
    outer loop
   vertex -8.84 21.99 0.936
   vertex -8.84 21.99 1.036
   vertex -8.92 21.99 1.036
  endloop
 endfacet
  facet normal 0 0 0
    outer loop
   vertex -8.92 21.99 1.036
   vertex -8.92 21.99 1.111
   vertex -9.09 21.99 1.111
  endloop
 endfacet
  facet normal 0 0 0
    outer loop
   vertex -8.84 21.99 0.936
   vertex -8.92 21.99 1.036
   vertex -9.09 21.99 1.036
  endloop
 endfacet
  facet normal 0 0 0
    outer loop
   vertex -8.92 21.99 1.036
   vertex -9.09 21.99 1.111
   vertex -9.09 21.99 1.036
  endloop
 endfacet
  facet normal 0 0 0
    outer loop
   vertex -8.84 21.99 0.936
   vertex -9.09 21.99 1.036
   vertex -9.17 21.99 0.936
  endloop
 endfacet
  facet normal 0 0 0
    outer loop
   vertex -9.17 21.99 0.936
   vertex -9.09 21.99 1.036
   vertex -9.17 21.99 1.036
  endloop
 endfacet
  facet normal 0 0 0
    outer loop
   vertex -9.17 22.16 0.936
   vertex -9.17 22.16 1.036
   vertex -9.09 22.16 1.036
  endloop
 endfacet
  facet normal 0 0 0
    outer loop
   vertex -9.09 22.16 1.036
   vertex -9.09 22.16 1.111
   vertex -8.92 22.16 1.111
  endloop
 endfacet
  facet normal 0 0 0
    outer loop
   vertex -9.17 22.16 0.936
   vertex -9.09 22.16 1.036
   vertex -8.92 22.16 1.036
  endloop
 endfacet
  facet normal 0 0 0
    outer loop
   vertex -9.09 22.16 1.036
   vertex -8.92 22.16 1.111
   vertex -8.92 22.16 1.036
  endloop
 endfacet
  facet normal 0 0 0
    outer loop
   vertex -9.17 22.16 0.936
   vertex -8.92 22.16 1.036
   vertex -8.84 22.16 0.936
  endloop
 endfacet
  facet normal 0 0 0
    outer loop
   vertex -8.84 22.16 0.936
   vertex -8.92 22.16 1.036
   vertex -8.84 22.16 1.036
  endloop
 endfacet
  facet normal 0 0 0
    outer loop
   vertex -7.65 22.16 0.936
   vertex -7.65 22.16 1.036
   vertex -7.57 22.16 1.036
  endloop
 endfacet
  facet normal 0 0 0
    outer loop
   vertex -7.57 22.16 1.036
   vertex -7.57 22.16 1.111
   vertex -7.4 22.16 1.111
  endloop
 endfacet
  facet normal 0 0 0
    outer loop
   vertex -7.65 22.16 0.936
   vertex -7.57 22.16 1.036
   vertex -7.4 22.16 1.036
  endloop
 endfacet
  facet normal 0 0 0
    outer loop
   vertex -7.57 22.16 1.036
   vertex -7.4 22.16 1.111
   vertex -7.4 22.16 1.036
  endloop
 endfacet
  facet normal 0 0 0
    outer loop
   vertex -7.65 22.16 0.936
   vertex -7.4 22.16 1.036
   vertex -7.32 22.16 0.936
  endloop
 endfacet
  facet normal 0 0 0
    outer loop
   vertex -7.32 22.16 0.936
   vertex -7.4 22.16 1.036
   vertex -7.32 22.16 1.036
  endloop
 endfacet
  facet normal 0 0 0
    outer loop
   vertex -6.37 22.16 0.936
   vertex -6.37 22.16 1.036
   vertex -6.29 22.16 1.036
  endloop
 endfacet
  facet normal 0 0 0
    outer loop
   vertex -6.29 22.16 1.036
   vertex -6.29 22.16 1.111
   vertex -6.12 22.16 1.111
  endloop
 endfacet
  facet normal 0 0 0
    outer loop
   vertex -6.37 22.16 0.936
   vertex -6.29 22.16 1.036
   vertex -6.12 22.16 1.036
  endloop
 endfacet
  facet normal 0 0 0
    outer loop
   vertex -6.29 22.16 1.036
   vertex -6.12 22.16 1.111
   vertex -6.12 22.16 1.036
  endloop
 endfacet
  facet normal 0 0 0
    outer loop
   vertex -6.37 22.16 0.936
   vertex -6.12 22.16 1.036
   vertex -6.04 22.16 0.936
  endloop
 endfacet
  facet normal 0 0 0
    outer loop
   vertex -6.04 22.16 0.936
   vertex -6.12 22.16 1.036
   vertex -6.04 22.16 1.036
  endloop
 endfacet
  facet normal 0 0 0
    outer loop
   vertex -4.85 22.16 0.936
   vertex -4.85 22.16 1.036
   vertex -4.77 22.16 1.036
  endloop
 endfacet
  facet normal 0 0 0
    outer loop
   vertex -4.77 22.16 1.036
   vertex -4.77 22.16 1.111
   vertex -4.6 22.16 1.111
  endloop
 endfacet
  facet normal 0 0 0
    outer loop
   vertex -4.85 22.16 0.936
   vertex -4.77 22.16 1.036
   vertex -4.6 22.16 1.036
  endloop
 endfacet
  facet normal 0 0 0
    outer loop
   vertex -4.77 22.16 1.036
   vertex -4.6 22.16 1.111
   vertex -4.6 22.16 1.036
  endloop
 endfacet
  facet normal 0 0 0
    outer loop
   vertex -4.85 22.16 0.936
   vertex -4.6 22.16 1.036
   vertex -4.52 22.16 0.936
  endloop
 endfacet
  facet normal 0 0 0
    outer loop
   vertex -4.52 22.16 0.936
   vertex -4.6 22.16 1.036
   vertex -4.52 22.16 1.036
  endloop
 endfacet
  facet normal 0 0 0
    outer loop
   vertex -9.17 23.86 0.936
   vertex -9.17 23.86 1.036
   vertex -9.09 23.86 1.036
  endloop
 endfacet
  facet normal 0 0 0
    outer loop
   vertex -9.09 23.86 1.036
   vertex -9.09 23.86 1.111
   vertex -8.92 23.86 1.111
  endloop
 endfacet
  facet normal 0 0 0
    outer loop
   vertex -9.17 23.86 0.936
   vertex -9.09 23.86 1.036
   vertex -8.92 23.86 1.036
  endloop
 endfacet
  facet normal 0 0 0
    outer loop
   vertex -9.09 23.86 1.036
   vertex -8.92 23.86 1.111
   vertex -8.92 23.86 1.036
  endloop
 endfacet
  facet normal 0 0 0
    outer loop
   vertex -9.17 23.86 0.936
   vertex -8.92 23.86 1.036
   vertex -8.84 23.86 0.936
  endloop
 endfacet
  facet normal 0 0 0
    outer loop
   vertex -8.84 23.86 0.936
   vertex -8.92 23.86 1.036
   vertex -8.84 23.86 1.036
  endloop
 endfacet
  facet normal 0 0 0
    outer loop
   vertex -7.65 23.86 0.936
   vertex -7.65 23.86 1.036
   vertex -7.57 23.86 1.036
  endloop
 endfacet
  facet normal 0 0 0
    outer loop
   vertex -7.57 23.86 1.036
   vertex -7.57 23.86 1.111
   vertex -7.4 23.86 1.111
  endloop
 endfacet
  facet normal 0 0 0
    outer loop
   vertex -7.65 23.86 0.936
   vertex -7.57 23.86 1.036
   vertex -7.4 23.86 1.036
  endloop
 endfacet
  facet normal 0 0 0
    outer loop
   vertex -7.57 23.86 1.036
   vertex -7.4 23.86 1.111
   vertex -7.4 23.86 1.036
  endloop
 endfacet
  facet normal 0 0 0
    outer loop
   vertex -7.65 23.86 0.936
   vertex -7.4 23.86 1.036
   vertex -7.32 23.86 0.936
  endloop
 endfacet
  facet normal 0 0 0
    outer loop
   vertex -7.32 23.86 0.936
   vertex -7.4 23.86 1.036
   vertex -7.32 23.86 1.036
  endloop
 endfacet
  facet normal 0 0 0
    outer loop
   vertex -6.37 23.86 0.936
   vertex -6.37 23.86 1.036
   vertex -6.29 23.86 1.036
  endloop
 endfacet
  facet normal 0 0 0
    outer loop
   vertex -6.29 23.86 1.036
   vertex -6.29 23.86 1.111
   vertex -6.12 23.86 1.111
  endloop
 endfacet
  facet normal 0 0 0
    outer loop
   vertex -6.37 23.86 0.936
   vertex -6.29 23.86 1.036
   vertex -6.12 23.86 1.036
  endloop
 endfacet
  facet normal 0 0 0
    outer loop
   vertex -6.29 23.86 1.036
   vertex -6.12 23.86 1.111
   vertex -6.12 23.86 1.036
  endloop
 endfacet
  facet normal 0 0 0
    outer loop
   vertex -6.37 23.86 0.936
   vertex -6.12 23.86 1.036
   vertex -6.04 23.86 0.936
  endloop
 endfacet
  facet normal 0 0 0
    outer loop
   vertex -6.04 23.86 0.936
   vertex -6.12 23.86 1.036
   vertex -6.04 23.86 1.036
  endloop
 endfacet
  facet normal 0 0 0
    outer loop
   vertex -4.85 23.86 0.936
   vertex -4.85 23.86 1.036
   vertex -4.77 23.86 1.036
  endloop
 endfacet
  facet normal 0 0 0
    outer loop
   vertex -4.77 23.86 1.036
   vertex -4.77 23.86 1.111
   vertex -4.6 23.86 1.111
  endloop
 endfacet
  facet normal 0 0 0
    outer loop
   vertex -4.85 23.86 0.936
   vertex -4.77 23.86 1.036
   vertex -4.6 23.86 1.036
  endloop
 endfacet
  facet normal 0 0 0
    outer loop
   vertex -4.77 23.86 1.036
   vertex -4.6 23.86 1.111
   vertex -4.6 23.86 1.036
  endloop
 endfacet
  facet normal 0 0 0
    outer loop
   vertex -4.85 23.86 0.936
   vertex -4.6 23.86 1.036
   vertex -4.52 23.86 0.936
  endloop
 endfacet
  facet normal 0 0 0
    outer loop
   vertex -4.52 23.86 0.936
   vertex -4.6 23.86 1.036
   vertex -4.52 23.86 1.036
  endloop
 endfacet
  facet normal 0 0 0
    outer loop
   vertex -4.52 23.69 0.936
   vertex -4.52 23.69 1.036
   vertex -4.6 23.69 1.036
  endloop
 endfacet
  facet normal 0 0 0
    outer loop
   vertex -4.6 23.69 1.036
   vertex -4.6 23.69 1.111
   vertex -4.77 23.69 1.111
  endloop
 endfacet
  facet normal 0 0 0
    outer loop
   vertex -4.52 23.69 0.936
   vertex -4.6 23.69 1.036
   vertex -4.77 23.69 1.036
  endloop
 endfacet
  facet normal 0 0 0
    outer loop
   vertex -4.6 23.69 1.036
   vertex -4.77 23.69 1.111
   vertex -4.77 23.69 1.036
  endloop
 endfacet
  facet normal 0 0 0
    outer loop
   vertex -4.52 23.69 0.936
   vertex -4.77 23.69 1.036
   vertex -4.85 23.69 0.936
  endloop
 endfacet
  facet normal 0 0 0
    outer loop
   vertex -4.85 23.69 0.936
   vertex -4.77 23.69 1.036
   vertex -4.85 23.69 1.036
  endloop
 endfacet
  facet normal 0 0 0
    outer loop
   vertex -6.04 23.69 0.936
   vertex -6.04 23.69 1.036
   vertex -6.12 23.69 1.036
  endloop
 endfacet
  facet normal 0 0 0
    outer loop
   vertex -6.12 23.69 1.036
   vertex -6.12 23.69 1.111
   vertex -6.29 23.69 1.111
  endloop
 endfacet
  facet normal 0 0 0
    outer loop
   vertex -6.04 23.69 0.936
   vertex -6.12 23.69 1.036
   vertex -6.29 23.69 1.036
  endloop
 endfacet
  facet normal 0 0 0
    outer loop
   vertex -6.12 23.69 1.036
   vertex -6.29 23.69 1.111
   vertex -6.29 23.69 1.036
  endloop
 endfacet
  facet normal 0 0 0
    outer loop
   vertex -6.04 23.69 0.936
   vertex -6.29 23.69 1.036
   vertex -6.37 23.69 0.936
  endloop
 endfacet
  facet normal 0 0 0
    outer loop
   vertex -6.37 23.69 0.936
   vertex -6.29 23.69 1.036
   vertex -6.37 23.69 1.036
  endloop
 endfacet
  facet normal 0 0 0
    outer loop
   vertex -7.32 23.69 0.936
   vertex -7.32 23.69 1.036
   vertex -7.4 23.69 1.036
  endloop
 endfacet
  facet normal 0 0 0
    outer loop
   vertex -7.4 23.69 1.036
   vertex -7.4 23.69 1.111
   vertex -7.57 23.69 1.111
  endloop
 endfacet
  facet normal 0 0 0
    outer loop
   vertex -7.32 23.69 0.936
   vertex -7.4 23.69 1.036
   vertex -7.57 23.69 1.036
  endloop
 endfacet
  facet normal 0 0 0
    outer loop
   vertex -7.4 23.69 1.036
   vertex -7.57 23.69 1.111
   vertex -7.57 23.69 1.036
  endloop
 endfacet
  facet normal 0 0 0
    outer loop
   vertex -7.32 23.69 0.936
   vertex -7.57 23.69 1.036
   vertex -7.65 23.69 0.936
  endloop
 endfacet
  facet normal 0 0 0
    outer loop
   vertex -7.65 23.69 0.936
   vertex -7.57 23.69 1.036
   vertex -7.65 23.69 1.036
  endloop
 endfacet
  facet normal 0 0 0
    outer loop
   vertex -8.84 23.69 0.936
   vertex -8.84 23.69 1.036
   vertex -8.92 23.69 1.036
  endloop
 endfacet
  facet normal 0 0 0
    outer loop
   vertex -8.92 23.69 1.036
   vertex -8.92 23.69 1.111
   vertex -9.09 23.69 1.111
  endloop
 endfacet
  facet normal 0 0 0
    outer loop
   vertex -8.84 23.69 0.936
   vertex -8.92 23.69 1.036
   vertex -9.09 23.69 1.036
  endloop
 endfacet
  facet normal 0 0 0
    outer loop
   vertex -8.92 23.69 1.036
   vertex -9.09 23.69 1.111
   vertex -9.09 23.69 1.036
  endloop
 endfacet
  facet normal 0 0 0
    outer loop
   vertex -8.84 23.69 0.936
   vertex -9.09 23.69 1.036
   vertex -9.17 23.69 0.936
  endloop
 endfacet
  facet normal 0 0 0
    outer loop
   vertex -9.17 23.69 0.936
   vertex -9.09 23.69 1.036
   vertex -9.17 23.69 1.036
  endloop
 endfacet
  facet normal 0 0 0
    outer loop
   vertex -4.52 25.39 0.936
   vertex -4.52 25.39 1.036
   vertex -4.6 25.39 1.036
  endloop
 endfacet
  facet normal 0 0 0
    outer loop
   vertex -4.6 25.39 1.036
   vertex -4.6 25.39 1.111
   vertex -4.77 25.39 1.111
  endloop
 endfacet
  facet normal 0 0 0
    outer loop
   vertex -4.52 25.39 0.936
   vertex -4.6 25.39 1.036
   vertex -4.77 25.39 1.036
  endloop
 endfacet
  facet normal 0 0 0
    outer loop
   vertex -4.6 25.39 1.036
   vertex -4.77 25.39 1.111
   vertex -4.77 25.39 1.036
  endloop
 endfacet
  facet normal 0 0 0
    outer loop
   vertex -4.52 25.39 0.936
   vertex -4.77 25.39 1.036
   vertex -4.85 25.39 0.936
  endloop
 endfacet
  facet normal 0 0 0
    outer loop
   vertex -4.85 25.39 0.936
   vertex -4.77 25.39 1.036
   vertex -4.85 25.39 1.036
  endloop
 endfacet
  facet normal 0 0 0
    outer loop
   vertex -6.04 25.39 0.936
   vertex -6.04 25.39 1.036
   vertex -6.12 25.39 1.036
  endloop
 endfacet
  facet normal 0 0 0
    outer loop
   vertex -6.12 25.39 1.036
   vertex -6.12 25.39 1.111
   vertex -6.29 25.39 1.111
  endloop
 endfacet
  facet normal 0 0 0
    outer loop
   vertex -6.04 25.39 0.936
   vertex -6.12 25.39 1.036
   vertex -6.29 25.39 1.036
  endloop
 endfacet
  facet normal 0 0 0
    outer loop
   vertex -6.12 25.39 1.036
   vertex -6.29 25.39 1.111
   vertex -6.29 25.39 1.036
  endloop
 endfacet
  facet normal 0 0 0
    outer loop
   vertex -6.04 25.39 0.936
   vertex -6.29 25.39 1.036
   vertex -6.37 25.39 0.936
  endloop
 endfacet
  facet normal 0 0 0
    outer loop
   vertex -6.37 25.39 0.936
   vertex -6.29 25.39 1.036
   vertex -6.37 25.39 1.036
  endloop
 endfacet
  facet normal 0 0 0
    outer loop
   vertex -7.32 25.39 0.936
   vertex -7.32 25.39 1.036
   vertex -7.4 25.39 1.036
  endloop
 endfacet
  facet normal 0 0 0
    outer loop
   vertex -7.4 25.39 1.036
   vertex -7.4 25.39 1.111
   vertex -7.57 25.39 1.111
  endloop
 endfacet
  facet normal 0 0 0
    outer loop
   vertex -7.32 25.39 0.936
   vertex -7.4 25.39 1.036
   vertex -7.57 25.39 1.036
  endloop
 endfacet
  facet normal 0 0 0
    outer loop
   vertex -7.4 25.39 1.036
   vertex -7.57 25.39 1.111
   vertex -7.57 25.39 1.036
  endloop
 endfacet
  facet normal 0 0 0
    outer loop
   vertex -7.32 25.39 0.936
   vertex -7.57 25.39 1.036
   vertex -7.65 25.39 0.936
  endloop
 endfacet
  facet normal 0 0 0
    outer loop
   vertex -7.65 25.39 0.936
   vertex -7.57 25.39 1.036
   vertex -7.65 25.39 1.036
  endloop
 endfacet
  facet normal 0 0 0
    outer loop
   vertex -8.84 25.39 0.936
   vertex -8.84 25.39 1.036
   vertex -8.92 25.39 1.036
  endloop
 endfacet
  facet normal 0 0 0
    outer loop
   vertex -8.92 25.39 1.036
   vertex -8.92 25.39 1.111
   vertex -9.09 25.39 1.111
  endloop
 endfacet
  facet normal 0 0 0
    outer loop
   vertex -8.84 25.39 0.936
   vertex -8.92 25.39 1.036
   vertex -9.09 25.39 1.036
  endloop
 endfacet
  facet normal 0 0 0
    outer loop
   vertex -8.92 25.39 1.036
   vertex -9.09 25.39 1.111
   vertex -9.09 25.39 1.036
  endloop
 endfacet
  facet normal 0 0 0
    outer loop
   vertex -8.84 25.39 0.936
   vertex -9.09 25.39 1.036
   vertex -9.17 25.39 0.936
  endloop
 endfacet
  facet normal 0 0 0
    outer loop
   vertex -9.17 25.39 0.936
   vertex -9.09 25.39 1.036
   vertex -9.17 25.39 1.036
  endloop
 endfacet
  facet normal 0 0 0
    outer loop
   vertex -9.17 25.56 0.936
   vertex -9.17 25.56 1.036
   vertex -9.09 25.56 1.036
  endloop
 endfacet
  facet normal 0 0 0
    outer loop
   vertex -9.09 25.56 1.036
   vertex -9.09 25.56 1.111
   vertex -8.92 25.56 1.111
  endloop
 endfacet
  facet normal 0 0 0
    outer loop
   vertex -9.17 25.56 0.936
   vertex -9.09 25.56 1.036
   vertex -8.92 25.56 1.036
  endloop
 endfacet
  facet normal 0 0 0
    outer loop
   vertex -9.09 25.56 1.036
   vertex -8.92 25.56 1.111
   vertex -8.92 25.56 1.036
  endloop
 endfacet
  facet normal 0 0 0
    outer loop
   vertex -9.17 25.56 0.936
   vertex -8.92 25.56 1.036
   vertex -8.84 25.56 0.936
  endloop
 endfacet
  facet normal 0 0 0
    outer loop
   vertex -8.84 25.56 0.936
   vertex -8.92 25.56 1.036
   vertex -8.84 25.56 1.036
  endloop
 endfacet
  facet normal 0 0 0
    outer loop
   vertex -7.65 25.56 0.936
   vertex -7.65 25.56 1.036
   vertex -7.57 25.56 1.036
  endloop
 endfacet
  facet normal 0 0 0
    outer loop
   vertex -7.57 25.56 1.036
   vertex -7.57 25.56 1.111
   vertex -7.4 25.56 1.111
  endloop
 endfacet
  facet normal 0 0 0
    outer loop
   vertex -7.65 25.56 0.936
   vertex -7.57 25.56 1.036
   vertex -7.4 25.56 1.036
  endloop
 endfacet
  facet normal 0 0 0
    outer loop
   vertex -7.57 25.56 1.036
   vertex -7.4 25.56 1.111
   vertex -7.4 25.56 1.036
  endloop
 endfacet
  facet normal 0 0 0
    outer loop
   vertex -7.65 25.56 0.936
   vertex -7.4 25.56 1.036
   vertex -7.32 25.56 0.936
  endloop
 endfacet
  facet normal 0 0 0
    outer loop
   vertex -7.32 25.56 0.936
   vertex -7.4 25.56 1.036
   vertex -7.32 25.56 1.036
  endloop
 endfacet
  facet normal 0 0 0
    outer loop
   vertex -6.37 25.56 0.936
   vertex -6.37 25.56 1.036
   vertex -6.29 25.56 1.036
  endloop
 endfacet
  facet normal 0 0 0
    outer loop
   vertex -6.29 25.56 1.036
   vertex -6.29 25.56 1.111
   vertex -6.12 25.56 1.111
  endloop
 endfacet
  facet normal 0 0 0
    outer loop
   vertex -6.37 25.56 0.936
   vertex -6.29 25.56 1.036
   vertex -6.12 25.56 1.036
  endloop
 endfacet
  facet normal 0 0 0
    outer loop
   vertex -6.29 25.56 1.036
   vertex -6.12 25.56 1.111
   vertex -6.12 25.56 1.036
  endloop
 endfacet
  facet normal 0 0 0
    outer loop
   vertex -6.37 25.56 0.936
   vertex -6.12 25.56 1.036
   vertex -6.04 25.56 0.936
  endloop
 endfacet
  facet normal 0 0 0
    outer loop
   vertex -6.04 25.56 0.936
   vertex -6.12 25.56 1.036
   vertex -6.04 25.56 1.036
  endloop
 endfacet
  facet normal 0 0 0
    outer loop
   vertex -4.85 25.56 0.936
   vertex -4.85 25.56 1.036
   vertex -4.77 25.56 1.036
  endloop
 endfacet
  facet normal 0 0 0
    outer loop
   vertex -4.77 25.56 1.036
   vertex -4.77 25.56 1.111
   vertex -4.6 25.56 1.111
  endloop
 endfacet
  facet normal 0 0 0
    outer loop
   vertex -4.85 25.56 0.936
   vertex -4.77 25.56 1.036
   vertex -4.6 25.56 1.036
  endloop
 endfacet
  facet normal 0 0 0
    outer loop
   vertex -4.77 25.56 1.036
   vertex -4.6 25.56 1.111
   vertex -4.6 25.56 1.036
  endloop
 endfacet
  facet normal 0 0 0
    outer loop
   vertex -4.85 25.56 0.936
   vertex -4.6 25.56 1.036
   vertex -4.52 25.56 0.936
  endloop
 endfacet
  facet normal 0 0 0
    outer loop
   vertex -4.52 25.56 0.936
   vertex -4.6 25.56 1.036
   vertex -4.52 25.56 1.036
  endloop
 endfacet
  facet normal 0 0 0
    outer loop
   vertex -9.09 20.29 1.036
   vertex -9.09 20.29 1.111
   vertex -9.09 20.46 1.111
  endloop
 endfacet
  facet normal 0 0 0
    outer loop
   vertex -9.09 20.29 1.036
   vertex -9.09 20.46 1.111
   vertex -9.09 20.46 1.036
  endloop
 endfacet
  facet normal 0 0 0
    outer loop
   vertex -9.09 21.99 1.036
   vertex -9.09 21.99 1.111
   vertex -9.09 22.16 1.111
  endloop
 endfacet
  facet normal 0 0 0
    outer loop
   vertex -9.09 21.99 1.036
   vertex -9.09 22.16 1.111
   vertex -9.09 22.16 1.036
  endloop
 endfacet
  facet normal 0 0 0
    outer loop
   vertex -9.09 23.69 1.036
   vertex -9.09 23.69 1.111
   vertex -9.09 23.86 1.111
  endloop
 endfacet
  facet normal 0 0 0
    outer loop
   vertex -9.09 23.69 1.036
   vertex -9.09 23.86 1.111
   vertex -9.09 23.86 1.036
  endloop
 endfacet
  facet normal 0 0 0
    outer loop
   vertex -9.09 25.39 1.036
   vertex -9.09 25.39 1.111
   vertex -9.09 25.56 1.111
  endloop
 endfacet
  facet normal 0 0 0
    outer loop
   vertex -9.09 25.39 1.036
   vertex -9.09 25.56 1.111
   vertex -9.09 25.56 1.036
  endloop
 endfacet
  facet normal 0 0 0
    outer loop
   vertex -8.92 25.56 1.036
   vertex -8.92 25.56 1.111
   vertex -8.92 25.39 1.111
  endloop
 endfacet
  facet normal 0 0 0
    outer loop
   vertex -8.92 25.56 1.036
   vertex -8.92 25.39 1.111
   vertex -8.92 25.39 1.036
  endloop
 endfacet
  facet normal 0 0 0
    outer loop
   vertex -8.92 23.86 1.036
   vertex -8.92 23.86 1.111
   vertex -8.92 23.69 1.111
  endloop
 endfacet
  facet normal 0 0 0
    outer loop
   vertex -8.92 23.86 1.036
   vertex -8.92 23.69 1.111
   vertex -8.92 23.69 1.036
  endloop
 endfacet
  facet normal 0 0 0
    outer loop
   vertex -8.92 22.16 1.036
   vertex -8.92 22.16 1.111
   vertex -8.92 21.99 1.111
  endloop
 endfacet
  facet normal 0 0 0
    outer loop
   vertex -8.92 22.16 1.036
   vertex -8.92 21.99 1.111
   vertex -8.92 21.99 1.036
  endloop
 endfacet
  facet normal 0 0 0
    outer loop
   vertex -8.92 20.46 1.036
   vertex -8.92 20.46 1.111
   vertex -8.92 20.29 1.111
  endloop
 endfacet
  facet normal 0 0 0
    outer loop
   vertex -8.92 20.46 1.036
   vertex -8.92 20.29 1.111
   vertex -8.92 20.29 1.036
  endloop
 endfacet
  facet normal 0 0 0
    outer loop
   vertex -7.57 20.29 1.036
   vertex -7.57 20.29 1.111
   vertex -7.57 20.46 1.111
  endloop
 endfacet
  facet normal 0 0 0
    outer loop
   vertex -7.57 20.29 1.036
   vertex -7.57 20.46 1.111
   vertex -7.57 20.46 1.036
  endloop
 endfacet
  facet normal 0 0 0
    outer loop
   vertex -7.57 21.99 1.036
   vertex -7.57 21.99 1.111
   vertex -7.57 22.16 1.111
  endloop
 endfacet
  facet normal 0 0 0
    outer loop
   vertex -7.57 21.99 1.036
   vertex -7.57 22.16 1.111
   vertex -7.57 22.16 1.036
  endloop
 endfacet
  facet normal 0 0 0
    outer loop
   vertex -7.57 23.69 1.036
   vertex -7.57 23.69 1.111
   vertex -7.57 23.86 1.111
  endloop
 endfacet
  facet normal 0 0 0
    outer loop
   vertex -7.57 23.69 1.036
   vertex -7.57 23.86 1.111
   vertex -7.57 23.86 1.036
  endloop
 endfacet
  facet normal 0 0 0
    outer loop
   vertex -7.57 25.39 1.036
   vertex -7.57 25.39 1.111
   vertex -7.57 25.56 1.111
  endloop
 endfacet
  facet normal 0 0 0
    outer loop
   vertex -7.57 25.39 1.036
   vertex -7.57 25.56 1.111
   vertex -7.57 25.56 1.036
  endloop
 endfacet
  facet normal 0 0 0
    outer loop
   vertex -7.4 25.56 1.036
   vertex -7.4 25.56 1.111
   vertex -7.4 25.39 1.111
  endloop
 endfacet
  facet normal 0 0 0
    outer loop
   vertex -7.4 25.56 1.036
   vertex -7.4 25.39 1.111
   vertex -7.4 25.39 1.036
  endloop
 endfacet
  facet normal 0 0 0
    outer loop
   vertex -7.4 23.86 1.036
   vertex -7.4 23.86 1.111
   vertex -7.4 23.69 1.111
  endloop
 endfacet
  facet normal 0 0 0
    outer loop
   vertex -7.4 23.86 1.036
   vertex -7.4 23.69 1.111
   vertex -7.4 23.69 1.036
  endloop
 endfacet
  facet normal 0 0 0
    outer loop
   vertex -7.4 22.16 1.036
   vertex -7.4 22.16 1.111
   vertex -7.4 21.99 1.111
  endloop
 endfacet
  facet normal 0 0 0
    outer loop
   vertex -7.4 22.16 1.036
   vertex -7.4 21.99 1.111
   vertex -7.4 21.99 1.036
  endloop
 endfacet
  facet normal 0 0 0
    outer loop
   vertex -7.4 20.46 1.036
   vertex -7.4 20.46 1.111
   vertex -7.4 20.29 1.111
  endloop
 endfacet
  facet normal 0 0 0
    outer loop
   vertex -7.4 20.46 1.036
   vertex -7.4 20.29 1.111
   vertex -7.4 20.29 1.036
  endloop
 endfacet
  facet normal 0 0 0
    outer loop
   vertex -6.29 20.29 1.036
   vertex -6.29 20.29 1.111
   vertex -6.29 20.46 1.111
  endloop
 endfacet
  facet normal 0 0 0
    outer loop
   vertex -6.29 20.29 1.036
   vertex -6.29 20.46 1.111
   vertex -6.29 20.46 1.036
  endloop
 endfacet
  facet normal 0 0 0
    outer loop
   vertex -6.29 21.99 1.036
   vertex -6.29 21.99 1.111
   vertex -6.29 22.16 1.111
  endloop
 endfacet
  facet normal 0 0 0
    outer loop
   vertex -6.29 21.99 1.036
   vertex -6.29 22.16 1.111
   vertex -6.29 22.16 1.036
  endloop
 endfacet
  facet normal 0 0 0
    outer loop
   vertex -6.29 23.69 1.036
   vertex -6.29 23.69 1.111
   vertex -6.29 23.86 1.111
  endloop
 endfacet
  facet normal 0 0 0
    outer loop
   vertex -6.29 23.69 1.036
   vertex -6.29 23.86 1.111
   vertex -6.29 23.86 1.036
  endloop
 endfacet
  facet normal 0 0 0
    outer loop
   vertex -6.29 25.39 1.036
   vertex -6.29 25.39 1.111
   vertex -6.29 25.56 1.111
  endloop
 endfacet
  facet normal 0 0 0
    outer loop
   vertex -6.29 25.39 1.036
   vertex -6.29 25.56 1.111
   vertex -6.29 25.56 1.036
  endloop
 endfacet
  facet normal 0 0 0
    outer loop
   vertex -6.12 25.56 1.036
   vertex -6.12 25.56 1.111
   vertex -6.12 25.39 1.111
  endloop
 endfacet
  facet normal 0 0 0
    outer loop
   vertex -6.12 25.56 1.036
   vertex -6.12 25.39 1.111
   vertex -6.12 25.39 1.036
  endloop
 endfacet
  facet normal 0 0 0
    outer loop
   vertex -6.12 23.86 1.036
   vertex -6.12 23.86 1.111
   vertex -6.12 23.69 1.111
  endloop
 endfacet
  facet normal 0 0 0
    outer loop
   vertex -6.12 23.86 1.036
   vertex -6.12 23.69 1.111
   vertex -6.12 23.69 1.036
  endloop
 endfacet
  facet normal 0 0 0
    outer loop
   vertex -6.12 22.16 1.036
   vertex -6.12 22.16 1.111
   vertex -6.12 21.99 1.111
  endloop
 endfacet
  facet normal 0 0 0
    outer loop
   vertex -6.12 22.16 1.036
   vertex -6.12 21.99 1.111
   vertex -6.12 21.99 1.036
  endloop
 endfacet
  facet normal 0 0 0
    outer loop
   vertex -6.12 20.46 1.036
   vertex -6.12 20.46 1.111
   vertex -6.12 20.29 1.111
  endloop
 endfacet
  facet normal 0 0 0
    outer loop
   vertex -6.12 20.46 1.036
   vertex -6.12 20.29 1.111
   vertex -6.12 20.29 1.036
  endloop
 endfacet
  facet normal 0 0 0
    outer loop
   vertex -4.77 20.29 1.036
   vertex -4.77 20.29 1.111
   vertex -4.77 20.46 1.111
  endloop
 endfacet
  facet normal 0 0 0
    outer loop
   vertex -4.77 20.29 1.036
   vertex -4.77 20.46 1.111
   vertex -4.77 20.46 1.036
  endloop
 endfacet
  facet normal 0 0 0
    outer loop
   vertex -4.77 21.99 1.036
   vertex -4.77 21.99 1.111
   vertex -4.77 22.16 1.111
  endloop
 endfacet
  facet normal 0 0 0
    outer loop
   vertex -4.77 21.99 1.036
   vertex -4.77 22.16 1.111
   vertex -4.77 22.16 1.036
  endloop
 endfacet
  facet normal 0 0 0
    outer loop
   vertex -4.77 23.69 1.036
   vertex -4.77 23.69 1.111
   vertex -4.77 23.86 1.111
  endloop
 endfacet
  facet normal 0 0 0
    outer loop
   vertex -4.77 23.69 1.036
   vertex -4.77 23.86 1.111
   vertex -4.77 23.86 1.036
  endloop
 endfacet
  facet normal 0 0 0
    outer loop
   vertex -4.77 25.39 1.036
   vertex -4.77 25.39 1.111
   vertex -4.77 25.56 1.111
  endloop
 endfacet
  facet normal 0 0 0
    outer loop
   vertex -4.77 25.39 1.036
   vertex -4.77 25.56 1.111
   vertex -4.77 25.56 1.036
  endloop
 endfacet
  facet normal 0 0 0
    outer loop
   vertex -4.6 25.56 1.036
   vertex -4.6 25.56 1.111
   vertex -4.6 25.39 1.111
  endloop
 endfacet
  facet normal 0 0 0
    outer loop
   vertex -4.6 25.56 1.036
   vertex -4.6 25.39 1.111
   vertex -4.6 25.39 1.036
  endloop
 endfacet
  facet normal 0 0 0
    outer loop
   vertex -4.6 23.86 1.036
   vertex -4.6 23.86 1.111
   vertex -4.6 23.69 1.111
  endloop
 endfacet
  facet normal 0 0 0
    outer loop
   vertex -4.6 23.86 1.036
   vertex -4.6 23.69 1.111
   vertex -4.6 23.69 1.036
  endloop
 endfacet
  facet normal 0 0 0
    outer loop
   vertex -4.6 22.16 1.036
   vertex -4.6 22.16 1.111
   vertex -4.6 21.99 1.111
  endloop
 endfacet
  facet normal 0 0 0
    outer loop
   vertex -4.6 22.16 1.036
   vertex -4.6 21.99 1.111
   vertex -4.6 21.99 1.036
  endloop
 endfacet
  facet normal 0 0 0
    outer loop
   vertex -4.6 20.46 1.036
   vertex -4.6 20.46 1.111
   vertex -4.6 20.29 1.111
  endloop
 endfacet
  facet normal 0 0 0
    outer loop
   vertex -4.6 20.46 1.036
   vertex -4.6 20.29 1.111
   vertex -4.6 20.29 1.036
  endloop
 endfacet
  facet normal 0 0 0
    outer loop
   vertex -6.44 23.6 1.376
   vertex -6.29 23.69 1.376
   vertex -6.02 23.6 1.376
  endloop
 endfacet
  facet normal 0 0 0
    outer loop
   vertex -6.44 23.6 1.376
   vertex -6.44 23.95 1.376
   vertex -6.29 23.69 1.376
  endloop
 endfacet
  facet normal 0 0 0
    outer loop
   vertex -6.02 23.6 1.376
   vertex -6.12 23.69 1.376
   vertex -6.02 23.95 1.376
  endloop
 endfacet
  facet normal 0 0 0
    outer loop
   vertex -6.02 23.6 1.376
   vertex -6.29 23.69 1.376
   vertex -6.12 23.69 1.376
  endloop
 endfacet
  facet normal 0 0 0
    outer loop
   vertex -6.12 23.69 1.376
   vertex -6.12 23.86 1.376
   vertex -6.02 23.95 1.376
  endloop
 endfacet
  facet normal 0 0 0
    outer loop
   vertex -6.29 23.69 1.376
   vertex -6.44 23.95 1.376
   vertex -6.29 23.86 1.376
  endloop
 endfacet
  facet normal 0 0 0
    outer loop
   vertex -6.29 23.86 1.376
   vertex -6.44 23.95 1.376
   vertex -6.02 23.95 1.376
  endloop
 endfacet
  facet normal 0 0 0
    outer loop
   vertex -6.29 23.86 1.376
   vertex -6.02 23.95 1.376
   vertex -6.12 23.86 1.376
  endloop
 endfacet
  facet normal 0 0 0
    outer loop
   vertex -4.87 23.6 1.376
   vertex -4.87 23.95 1.376
   vertex -4.77 23.69 1.376
  endloop
 endfacet
  facet normal 0 0 0
    outer loop
   vertex -4.41 23.6 1.376
   vertex -4.6 23.69 1.376
   vertex -4.41 23.95 1.376
  endloop
 endfacet
  facet normal 0 0 0
    outer loop
   vertex -4.87 23.6 1.376
   vertex -4.6 23.69 1.376
   vertex -4.41 23.6 1.376
  endloop
 endfacet
  facet normal 0 0 0
    outer loop
   vertex -4.87 23.6 1.376
   vertex -4.77 23.69 1.376
   vertex -4.6 23.69 1.376
  endloop
 endfacet
  facet normal 0 0 0
    outer loop
   vertex -4.6 23.86 1.376
   vertex -4.87 23.95 1.376
   vertex -4.41 23.95 1.376
  endloop
 endfacet
  facet normal 0 0 0
    outer loop
   vertex -4.6 23.69 1.376
   vertex -4.6 23.86 1.376
   vertex -4.41 23.95 1.376
  endloop
 endfacet
  facet normal 0 0 0
    outer loop
   vertex -4.77 23.86 1.376
   vertex -4.87 23.95 1.376
   vertex -4.6 23.86 1.376
  endloop
 endfacet
  facet normal 0 0 0
    outer loop
   vertex -4.77 23.69 1.376
   vertex -4.87 23.95 1.376
   vertex -4.77 23.86 1.376
  endloop
 endfacet
  facet normal 0 0 0
    outer loop
   vertex -6.44 25.3 1.376
   vertex -6.29 25.39 1.376
   vertex -6.02 25.3 1.376
  endloop
 endfacet
  facet normal 0 0 0
    outer loop
   vertex -6.44 25.3 1.376
   vertex -6.44 25.65 1.376
   vertex -6.29 25.39 1.376
  endloop
 endfacet
  facet normal 0 0 0
    outer loop
   vertex -6.02 25.3 1.376
   vertex -6.12 25.39 1.376
   vertex -6.02 25.65 1.376
  endloop
 endfacet
  facet normal 0 0 0
    outer loop
   vertex -6.02 25.3 1.376
   vertex -6.29 25.39 1.376
   vertex -6.12 25.39 1.376
  endloop
 endfacet
  facet normal 0 0 0
    outer loop
   vertex -6.12 25.39 1.376
   vertex -6.12 25.56 1.376
   vertex -6.02 25.65 1.376
  endloop
 endfacet
  facet normal 0 0 0
    outer loop
   vertex -6.29 25.39 1.376
   vertex -6.44 25.65 1.376
   vertex -6.29 25.56 1.376
  endloop
 endfacet
  facet normal 0 0 0
    outer loop
   vertex -6.29 25.56 1.376
   vertex -6.44 25.65 1.376
   vertex -6.02 25.65 1.376
  endloop
 endfacet
  facet normal 0 0 0
    outer loop
   vertex -6.29 25.56 1.376
   vertex -6.02 25.65 1.376
   vertex -6.12 25.56 1.376
  endloop
 endfacet
  facet normal 0 0 0
    outer loop
   vertex -4.87 25.3 1.376
   vertex -4.87 25.65 1.376
   vertex -4.77 25.39 1.376
  endloop
 endfacet
  facet normal 0 0 0
    outer loop
   vertex -4.41 25.3 1.376
   vertex -4.6 25.39 1.376
   vertex -4.41 25.65 1.376
  endloop
 endfacet
  facet normal 0 0 0
    outer loop
   vertex -4.87 25.3 1.376
   vertex -4.6 25.39 1.376
   vertex -4.41 25.3 1.376
  endloop
 endfacet
  facet normal 0 0 0
    outer loop
   vertex -4.87 25.3 1.376
   vertex -4.77 25.39 1.376
   vertex -4.6 25.39 1.376
  endloop
 endfacet
  facet normal 0 0 0
    outer loop
   vertex -4.6 25.56 1.376
   vertex -4.87 25.65 1.376
   vertex -4.41 25.65 1.376
  endloop
 endfacet
  facet normal 0 0 0
    outer loop
   vertex -4.6 25.39 1.376
   vertex -4.6 25.56 1.376
   vertex -4.41 25.65 1.376
  endloop
 endfacet
  facet normal 0 0 0
    outer loop
   vertex -4.77 25.56 1.376
   vertex -4.87 25.65 1.376
   vertex -4.6 25.56 1.376
  endloop
 endfacet
  facet normal 0 0 0
    outer loop
   vertex -4.77 25.39 1.376
   vertex -4.87 25.65 1.376
   vertex -4.77 25.56 1.376
  endloop
 endfacet
  facet normal 0 0 0
    outer loop
   vertex -9.24 25.3 1.376
   vertex -9.09 25.39 1.376
   vertex -8.82 25.3 1.376
  endloop
 endfacet
  facet normal 0 0 0
    outer loop
   vertex -9.24 25.3 1.376
   vertex -9.24 25.65 1.376
   vertex -9.09 25.39 1.376
  endloop
 endfacet
  facet normal 0 0 0
    outer loop
   vertex -8.82 25.3 1.376
   vertex -8.92 25.39 1.376
   vertex -8.82 25.65 1.376
  endloop
 endfacet
  facet normal 0 0 0
    outer loop
   vertex -8.82 25.3 1.376
   vertex -9.09 25.39 1.376
   vertex -8.92 25.39 1.376
  endloop
 endfacet
  facet normal 0 0 0
    outer loop
   vertex -8.92 25.39 1.376
   vertex -8.92 25.56 1.376
   vertex -8.82 25.65 1.376
  endloop
 endfacet
  facet normal 0 0 0
    outer loop
   vertex -9.09 25.39 1.376
   vertex -9.24 25.65 1.376
   vertex -9.09 25.56 1.376
  endloop
 endfacet
  facet normal 0 0 0
    outer loop
   vertex -9.09 25.56 1.376
   vertex -9.24 25.65 1.376
   vertex -8.82 25.65 1.376
  endloop
 endfacet
  facet normal 0 0 0
    outer loop
   vertex -9.09 25.56 1.376
   vertex -8.82 25.65 1.376
   vertex -8.92 25.56 1.376
  endloop
 endfacet
  facet normal 0 0 0
    outer loop
   vertex -7.67 25.3 1.376
   vertex -7.67 25.65 1.376
   vertex -7.57 25.39 1.376
  endloop
 endfacet
  facet normal 0 0 0
    outer loop
   vertex -7.21 25.3 1.376
   vertex -7.4 25.39 1.376
   vertex -7.21 25.65 1.376
  endloop
 endfacet
  facet normal 0 0 0
    outer loop
   vertex -7.67 25.3 1.376
   vertex -7.4 25.39 1.376
   vertex -7.21 25.3 1.376
  endloop
 endfacet
  facet normal 0 0 0
    outer loop
   vertex -7.67 25.3 1.376
   vertex -7.57 25.39 1.376
   vertex -7.4 25.39 1.376
  endloop
 endfacet
  facet normal 0 0 0
    outer loop
   vertex -7.4 25.56 1.376
   vertex -7.67 25.65 1.376
   vertex -7.21 25.65 1.376
  endloop
 endfacet
  facet normal 0 0 0
    outer loop
   vertex -7.4 25.39 1.376
   vertex -7.4 25.56 1.376
   vertex -7.21 25.65 1.376
  endloop
 endfacet
  facet normal 0 0 0
    outer loop
   vertex -7.57 25.56 1.376
   vertex -7.67 25.65 1.376
   vertex -7.4 25.56 1.376
  endloop
 endfacet
  facet normal 0 0 0
    outer loop
   vertex -7.57 25.39 1.376
   vertex -7.67 25.65 1.376
   vertex -7.57 25.56 1.376
  endloop
 endfacet
  facet normal 0 0 0
    outer loop
   vertex -9.24 23.6 1.376
   vertex -9.09 23.69 1.376
   vertex -8.82 23.6 1.376
  endloop
 endfacet
  facet normal 0 0 0
    outer loop
   vertex -9.24 23.6 1.376
   vertex -9.24 23.95 1.376
   vertex -9.09 23.69 1.376
  endloop
 endfacet
  facet normal 0 0 0
    outer loop
   vertex -8.82 23.6 1.376
   vertex -8.92 23.69 1.376
   vertex -8.82 23.95 1.376
  endloop
 endfacet
  facet normal 0 0 0
    outer loop
   vertex -8.82 23.6 1.376
   vertex -9.09 23.69 1.376
   vertex -8.92 23.69 1.376
  endloop
 endfacet
  facet normal 0 0 0
    outer loop
   vertex -8.92 23.69 1.376
   vertex -8.92 23.86 1.376
   vertex -8.82 23.95 1.376
  endloop
 endfacet
  facet normal 0 0 0
    outer loop
   vertex -9.09 23.69 1.376
   vertex -9.24 23.95 1.376
   vertex -9.09 23.86 1.376
  endloop
 endfacet
  facet normal 0 0 0
    outer loop
   vertex -9.09 23.86 1.376
   vertex -9.24 23.95 1.376
   vertex -8.82 23.95 1.376
  endloop
 endfacet
  facet normal 0 0 0
    outer loop
   vertex -9.09 23.86 1.376
   vertex -8.82 23.95 1.376
   vertex -8.92 23.86 1.376
  endloop
 endfacet
  facet normal 0 0 0
    outer loop
   vertex -7.67 23.6 1.376
   vertex -7.67 23.95 1.376
   vertex -7.57 23.69 1.376
  endloop
 endfacet
  facet normal 0 0 0
    outer loop
   vertex -7.21 23.6 1.376
   vertex -7.4 23.69 1.376
   vertex -7.21 23.95 1.376
  endloop
 endfacet
  facet normal 0 0 0
    outer loop
   vertex -7.67 23.6 1.376
   vertex -7.4 23.69 1.376
   vertex -7.21 23.6 1.376
  endloop
 endfacet
  facet normal 0 0 0
    outer loop
   vertex -7.67 23.6 1.376
   vertex -7.57 23.69 1.376
   vertex -7.4 23.69 1.376
  endloop
 endfacet
  facet normal 0 0 0
    outer loop
   vertex -7.4 23.86 1.376
   vertex -7.67 23.95 1.376
   vertex -7.21 23.95 1.376
  endloop
 endfacet
  facet normal 0 0 0
    outer loop
   vertex -7.4 23.69 1.376
   vertex -7.4 23.86 1.376
   vertex -7.21 23.95 1.376
  endloop
 endfacet
  facet normal 0 0 0
    outer loop
   vertex -7.57 23.86 1.376
   vertex -7.67 23.95 1.376
   vertex -7.4 23.86 1.376
  endloop
 endfacet
  facet normal 0 0 0
    outer loop
   vertex -7.57 23.69 1.376
   vertex -7.67 23.95 1.376
   vertex -7.57 23.86 1.376
  endloop
 endfacet
  facet normal 0 0 0
    outer loop
   vertex -9.24 20.2 1.376
   vertex -9.09 20.29 1.376
   vertex -8.82 20.2 1.376
  endloop
 endfacet
  facet normal 0 0 0
    outer loop
   vertex -9.24 20.2 1.376
   vertex -9.24 20.55 1.376
   vertex -9.09 20.29 1.376
  endloop
 endfacet
  facet normal 0 0 0
    outer loop
   vertex -8.82 20.2 1.376
   vertex -8.92 20.29 1.376
   vertex -8.82 20.55 1.376
  endloop
 endfacet
  facet normal 0 0 0
    outer loop
   vertex -8.82 20.2 1.376
   vertex -9.09 20.29 1.376
   vertex -8.92 20.29 1.376
  endloop
 endfacet
  facet normal 0 0 0
    outer loop
   vertex -8.92 20.29 1.376
   vertex -8.92 20.46 1.376
   vertex -8.82 20.55 1.376
  endloop
 endfacet
  facet normal 0 0 0
    outer loop
   vertex -9.09 20.29 1.376
   vertex -9.24 20.55 1.376
   vertex -9.09 20.46 1.376
  endloop
 endfacet
  facet normal 0 0 0
    outer loop
   vertex -9.09 20.46 1.376
   vertex -9.24 20.55 1.376
   vertex -8.82 20.55 1.376
  endloop
 endfacet
  facet normal 0 0 0
    outer loop
   vertex -9.09 20.46 1.376
   vertex -8.82 20.55 1.376
   vertex -8.92 20.46 1.376
  endloop
 endfacet
  facet normal 0 0 0
    outer loop
   vertex -7.67 20.2 1.376
   vertex -7.67 20.55 1.376
   vertex -7.57 20.29 1.376
  endloop
 endfacet
  facet normal 0 0 0
    outer loop
   vertex -7.21 20.2 1.376
   vertex -7.4 20.29 1.376
   vertex -7.21 20.55 1.376
  endloop
 endfacet
  facet normal 0 0 0
    outer loop
   vertex -7.67 20.2 1.376
   vertex -7.4 20.29 1.376
   vertex -7.21 20.2 1.376
  endloop
 endfacet
  facet normal 0 0 0
    outer loop
   vertex -7.67 20.2 1.376
   vertex -7.57 20.29 1.376
   vertex -7.4 20.29 1.376
  endloop
 endfacet
  facet normal 0 0 0
    outer loop
   vertex -7.4 20.46 1.376
   vertex -7.67 20.55 1.376
   vertex -7.21 20.55 1.376
  endloop
 endfacet
  facet normal 0 0 0
    outer loop
   vertex -7.4 20.29 1.376
   vertex -7.4 20.46 1.376
   vertex -7.21 20.55 1.376
  endloop
 endfacet
  facet normal 0 0 0
    outer loop
   vertex -7.57 20.46 1.376
   vertex -7.67 20.55 1.376
   vertex -7.4 20.46 1.376
  endloop
 endfacet
  facet normal 0 0 0
    outer loop
   vertex -7.57 20.29 1.376
   vertex -7.67 20.55 1.376
   vertex -7.57 20.46 1.376
  endloop
 endfacet
  facet normal 0 0 0
    outer loop
   vertex -9.24 21.9 1.376
   vertex -9.09 21.99 1.376
   vertex -8.82 21.9 1.376
  endloop
 endfacet
  facet normal 0 0 0
    outer loop
   vertex -9.24 21.9 1.376
   vertex -9.24 22.25 1.376
   vertex -9.09 21.99 1.376
  endloop
 endfacet
  facet normal 0 0 0
    outer loop
   vertex -8.82 21.9 1.376
   vertex -8.92 21.99 1.376
   vertex -8.82 22.25 1.376
  endloop
 endfacet
  facet normal 0 0 0
    outer loop
   vertex -8.82 21.9 1.376
   vertex -9.09 21.99 1.376
   vertex -8.92 21.99 1.376
  endloop
 endfacet
  facet normal 0 0 0
    outer loop
   vertex -8.92 21.99 1.376
   vertex -8.92 22.16 1.376
   vertex -8.82 22.25 1.376
  endloop
 endfacet
  facet normal 0 0 0
    outer loop
   vertex -9.09 21.99 1.376
   vertex -9.24 22.25 1.376
   vertex -9.09 22.16 1.376
  endloop
 endfacet
  facet normal 0 0 0
    outer loop
   vertex -9.09 22.16 1.376
   vertex -9.24 22.25 1.376
   vertex -8.82 22.25 1.376
  endloop
 endfacet
  facet normal 0 0 0
    outer loop
   vertex -9.09 22.16 1.376
   vertex -8.82 22.25 1.376
   vertex -8.92 22.16 1.376
  endloop
 endfacet
  facet normal 0 0 0
    outer loop
   vertex -7.67 21.9 1.376
   vertex -7.67 22.25 1.376
   vertex -7.57 21.99 1.376
  endloop
 endfacet
  facet normal 0 0 0
    outer loop
   vertex -7.21 21.9 1.376
   vertex -7.4 21.99 1.376
   vertex -7.21 22.25 1.376
  endloop
 endfacet
  facet normal 0 0 0
    outer loop
   vertex -7.67 21.9 1.376
   vertex -7.4 21.99 1.376
   vertex -7.21 21.9 1.376
  endloop
 endfacet
  facet normal 0 0 0
    outer loop
   vertex -7.67 21.9 1.376
   vertex -7.57 21.99 1.376
   vertex -7.4 21.99 1.376
  endloop
 endfacet
  facet normal 0 0 0
    outer loop
   vertex -7.4 22.16 1.376
   vertex -7.67 22.25 1.376
   vertex -7.21 22.25 1.376
  endloop
 endfacet
  facet normal 0 0 0
    outer loop
   vertex -7.4 21.99 1.376
   vertex -7.4 22.16 1.376
   vertex -7.21 22.25 1.376
  endloop
 endfacet
  facet normal 0 0 0
    outer loop
   vertex -7.57 22.16 1.376
   vertex -7.67 22.25 1.376
   vertex -7.4 22.16 1.376
  endloop
 endfacet
  facet normal 0 0 0
    outer loop
   vertex -7.57 21.99 1.376
   vertex -7.67 22.25 1.376
   vertex -7.57 22.16 1.376
  endloop
 endfacet
  facet normal 0 0 0
    outer loop
   vertex -6.44 20.2 1.376
   vertex -6.29 20.29 1.376
   vertex -6.02 20.2 1.376
  endloop
 endfacet
  facet normal 0 0 0
    outer loop
   vertex -6.44 20.2 1.376
   vertex -6.44 20.55 1.376
   vertex -6.29 20.29 1.376
  endloop
 endfacet
  facet normal 0 0 0
    outer loop
   vertex -6.02 20.2 1.376
   vertex -6.12 20.29 1.376
   vertex -6.02 20.55 1.376
  endloop
 endfacet
  facet normal 0 0 0
    outer loop
   vertex -6.02 20.2 1.376
   vertex -6.29 20.29 1.376
   vertex -6.12 20.29 1.376
  endloop
 endfacet
  facet normal 0 0 0
    outer loop
   vertex -6.12 20.29 1.376
   vertex -6.12 20.46 1.376
   vertex -6.02 20.55 1.376
  endloop
 endfacet
  facet normal 0 0 0
    outer loop
   vertex -6.29 20.29 1.376
   vertex -6.44 20.55 1.376
   vertex -6.29 20.46 1.376
  endloop
 endfacet
  facet normal 0 0 0
    outer loop
   vertex -6.29 20.46 1.376
   vertex -6.44 20.55 1.376
   vertex -6.02 20.55 1.376
  endloop
 endfacet
  facet normal 0 0 0
    outer loop
   vertex -6.29 20.46 1.376
   vertex -6.02 20.55 1.376
   vertex -6.12 20.46 1.376
  endloop
 endfacet
  facet normal 0 0 0
    outer loop
   vertex -4.87 20.2 1.376
   vertex -4.87 20.55 1.376
   vertex -4.77 20.29 1.376
  endloop
 endfacet
  facet normal 0 0 0
    outer loop
   vertex -4.41 20.2 1.376
   vertex -4.6 20.29 1.376
   vertex -4.41 20.55 1.376
  endloop
 endfacet
  facet normal 0 0 0
    outer loop
   vertex -4.87 20.2 1.376
   vertex -4.6 20.29 1.376
   vertex -4.41 20.2 1.376
  endloop
 endfacet
  facet normal 0 0 0
    outer loop
   vertex -4.87 20.2 1.376
   vertex -4.77 20.29 1.376
   vertex -4.6 20.29 1.376
  endloop
 endfacet
  facet normal 0 0 0
    outer loop
   vertex -4.6 20.46 1.376
   vertex -4.87 20.55 1.376
   vertex -4.41 20.55 1.376
  endloop
 endfacet
  facet normal 0 0 0
    outer loop
   vertex -4.6 20.29 1.376
   vertex -4.6 20.46 1.376
   vertex -4.41 20.55 1.376
  endloop
 endfacet
  facet normal 0 0 0
    outer loop
   vertex -4.77 20.46 1.376
   vertex -4.87 20.55 1.376
   vertex -4.6 20.46 1.376
  endloop
 endfacet
  facet normal 0 0 0
    outer loop
   vertex -4.77 20.29 1.376
   vertex -4.87 20.55 1.376
   vertex -4.77 20.46 1.376
  endloop
 endfacet
  facet normal 0 0 0
    outer loop
   vertex -6.44 21.9 1.376
   vertex -6.29 21.99 1.376
   vertex -6.02 21.9 1.376
  endloop
 endfacet
  facet normal 0 0 0
    outer loop
   vertex -6.44 21.9 1.376
   vertex -6.44 22.25 1.376
   vertex -6.29 21.99 1.376
  endloop
 endfacet
  facet normal 0 0 0
    outer loop
   vertex -6.02 21.9 1.376
   vertex -6.12 21.99 1.376
   vertex -6.02 22.25 1.376
  endloop
 endfacet
  facet normal 0 0 0
    outer loop
   vertex -6.02 21.9 1.376
   vertex -6.29 21.99 1.376
   vertex -6.12 21.99 1.376
  endloop
 endfacet
  facet normal 0 0 0
    outer loop
   vertex -6.12 21.99 1.376
   vertex -6.12 22.16 1.376
   vertex -6.02 22.25 1.376
  endloop
 endfacet
  facet normal 0 0 0
    outer loop
   vertex -6.29 21.99 1.376
   vertex -6.44 22.25 1.376
   vertex -6.29 22.16 1.376
  endloop
 endfacet
  facet normal 0 0 0
    outer loop
   vertex -6.29 22.16 1.376
   vertex -6.44 22.25 1.376
   vertex -6.02 22.25 1.376
  endloop
 endfacet
  facet normal 0 0 0
    outer loop
   vertex -6.29 22.16 1.376
   vertex -6.02 22.25 1.376
   vertex -6.12 22.16 1.376
  endloop
 endfacet
  facet normal 0 0 0
    outer loop
   vertex -4.87 21.9 1.376
   vertex -4.87 22.25 1.376
   vertex -4.77 21.99 1.376
  endloop
 endfacet
  facet normal 0 0 0
    outer loop
   vertex -4.41 21.9 1.376
   vertex -4.6 21.99 1.376
   vertex -4.41 22.25 1.376
  endloop
 endfacet
  facet normal 0 0 0
    outer loop
   vertex -4.87 21.9 1.376
   vertex -4.6 21.99 1.376
   vertex -4.41 21.9 1.376
  endloop
 endfacet
  facet normal 0 0 0
    outer loop
   vertex -4.87 21.9 1.376
   vertex -4.77 21.99 1.376
   vertex -4.6 21.99 1.376
  endloop
 endfacet
  facet normal 0 0 0
    outer loop
   vertex -4.6 22.16 1.376
   vertex -4.87 22.25 1.376
   vertex -4.41 22.25 1.376
  endloop
 endfacet
  facet normal 0 0 0
    outer loop
   vertex -4.6 21.99 1.376
   vertex -4.6 22.16 1.376
   vertex -4.41 22.25 1.376
  endloop
 endfacet
  facet normal 0 0 0
    outer loop
   vertex -4.77 22.16 1.376
   vertex -4.87 22.25 1.376
   vertex -4.6 22.16 1.376
  endloop
 endfacet
  facet normal 0 0 0
    outer loop
   vertex -4.77 21.99 1.376
   vertex -4.87 22.25 1.376
   vertex -4.77 22.16 1.376
  endloop
 endfacet
  facet normal 0 0 0
    outer loop
   vertex -4.6 20.29 1.111
   vertex -4.6 20.29 1.376
   vertex -4.77 20.29 1.376
  endloop
 endfacet
  facet normal 0 0 0
    outer loop
   vertex -4.6 20.29 1.111
   vertex -4.77 20.29 1.376
   vertex -4.77 20.29 1.111
  endloop
 endfacet
  facet normal 0 0 0
    outer loop
   vertex -6.12 20.29 1.111
   vertex -6.12 20.29 1.376
   vertex -6.29 20.29 1.376
  endloop
 endfacet
  facet normal 0 0 0
    outer loop
   vertex -6.12 20.29 1.111
   vertex -6.29 20.29 1.376
   vertex -6.29 20.29 1.111
  endloop
 endfacet
  facet normal 0 0 0
    outer loop
   vertex -7.4 20.29 1.111
   vertex -7.4 20.29 1.376
   vertex -7.57 20.29 1.376
  endloop
 endfacet
  facet normal 0 0 0
    outer loop
   vertex -7.4 20.29 1.111
   vertex -7.57 20.29 1.376
   vertex -7.57 20.29 1.111
  endloop
 endfacet
  facet normal 0 0 0
    outer loop
   vertex -8.92 20.29 1.111
   vertex -8.92 20.29 1.376
   vertex -9.09 20.29 1.376
  endloop
 endfacet
  facet normal 0 0 0
    outer loop
   vertex -8.92 20.29 1.111
   vertex -9.09 20.29 1.376
   vertex -9.09 20.29 1.111
  endloop
 endfacet
  facet normal 0 0 0
    outer loop
   vertex -9.09 20.29 1.111
   vertex -9.09 20.29 1.376
   vertex -9.09 20.46 1.376
  endloop
 endfacet
  facet normal 0 0 0
    outer loop
   vertex -9.09 20.29 1.111
   vertex -9.09 20.46 1.376
   vertex -9.09 20.46 1.111
  endloop
 endfacet
  facet normal 0 0 0
    outer loop
   vertex -9.09 21.99 1.111
   vertex -9.09 21.99 1.376
   vertex -9.09 22.16 1.376
  endloop
 endfacet
  facet normal 0 0 0
    outer loop
   vertex -9.09 21.99 1.111
   vertex -9.09 22.16 1.376
   vertex -9.09 22.16 1.111
  endloop
 endfacet
  facet normal 0 0 0
    outer loop
   vertex -9.09 23.69 1.111
   vertex -9.09 23.69 1.376
   vertex -9.09 23.86 1.376
  endloop
 endfacet
  facet normal 0 0 0
    outer loop
   vertex -9.09 23.69 1.111
   vertex -9.09 23.86 1.376
   vertex -9.09 23.86 1.111
  endloop
 endfacet
  facet normal 0 0 0
    outer loop
   vertex -9.09 25.39 1.111
   vertex -9.09 25.39 1.376
   vertex -9.09 25.56 1.376
  endloop
 endfacet
  facet normal 0 0 0
    outer loop
   vertex -9.09 25.39 1.111
   vertex -9.09 25.56 1.376
   vertex -9.09 25.56 1.111
  endloop
 endfacet
  facet normal 0 0 0
    outer loop
   vertex -9.09 20.46 1.111
   vertex -9.09 20.46 1.376
   vertex -8.92 20.46 1.376
  endloop
 endfacet
  facet normal 0 0 0
    outer loop
   vertex -9.09 20.46 1.111
   vertex -8.92 20.46 1.376
   vertex -8.92 20.46 1.111
  endloop
 endfacet
  facet normal 0 0 0
    outer loop
   vertex -7.57 20.46 1.111
   vertex -7.57 20.46 1.376
   vertex -7.4 20.46 1.376
  endloop
 endfacet
  facet normal 0 0 0
    outer loop
   vertex -7.57 20.46 1.111
   vertex -7.4 20.46 1.376
   vertex -7.4 20.46 1.111
  endloop
 endfacet
  facet normal 0 0 0
    outer loop
   vertex -6.29 20.46 1.111
   vertex -6.29 20.46 1.376
   vertex -6.12 20.46 1.376
  endloop
 endfacet
  facet normal 0 0 0
    outer loop
   vertex -6.29 20.46 1.111
   vertex -6.12 20.46 1.376
   vertex -6.12 20.46 1.111
  endloop
 endfacet
  facet normal 0 0 0
    outer loop
   vertex -4.77 20.46 1.111
   vertex -4.77 20.46 1.376
   vertex -4.6 20.46 1.376
  endloop
 endfacet
  facet normal 0 0 0
    outer loop
   vertex -4.77 20.46 1.111
   vertex -4.6 20.46 1.376
   vertex -4.6 20.46 1.111
  endloop
 endfacet
  facet normal 0 0 0
    outer loop
   vertex -8.92 25.56 1.111
   vertex -8.92 25.56 1.376
   vertex -8.92 25.39 1.376
  endloop
 endfacet
  facet normal 0 0 0
    outer loop
   vertex -8.92 25.56 1.111
   vertex -8.92 25.39 1.376
   vertex -8.92 25.39 1.111
  endloop
 endfacet
  facet normal 0 0 0
    outer loop
   vertex -8.92 23.86 1.111
   vertex -8.92 23.86 1.376
   vertex -8.92 23.69 1.376
  endloop
 endfacet
  facet normal 0 0 0
    outer loop
   vertex -8.92 23.86 1.111
   vertex -8.92 23.69 1.376
   vertex -8.92 23.69 1.111
  endloop
 endfacet
  facet normal 0 0 0
    outer loop
   vertex -8.92 22.16 1.111
   vertex -8.92 22.16 1.376
   vertex -8.92 21.99 1.376
  endloop
 endfacet
  facet normal 0 0 0
    outer loop
   vertex -8.92 22.16 1.111
   vertex -8.92 21.99 1.376
   vertex -8.92 21.99 1.111
  endloop
 endfacet
  facet normal 0 0 0
    outer loop
   vertex -8.92 20.46 1.111
   vertex -8.92 20.46 1.376
   vertex -8.92 20.29 1.376
  endloop
 endfacet
  facet normal 0 0 0
    outer loop
   vertex -8.92 20.46 1.111
   vertex -8.92 20.29 1.376
   vertex -8.92 20.29 1.111
  endloop
 endfacet
  facet normal 0 0 0
    outer loop
   vertex -7.57 20.29 1.111
   vertex -7.57 20.29 1.376
   vertex -7.57 20.46 1.376
  endloop
 endfacet
  facet normal 0 0 0
    outer loop
   vertex -7.57 20.29 1.111
   vertex -7.57 20.46 1.376
   vertex -7.57 20.46 1.111
  endloop
 endfacet
  facet normal 0 0 0
    outer loop
   vertex -7.57 21.99 1.111
   vertex -7.57 21.99 1.376
   vertex -7.57 22.16 1.376
  endloop
 endfacet
  facet normal 0 0 0
    outer loop
   vertex -7.57 21.99 1.111
   vertex -7.57 22.16 1.376
   vertex -7.57 22.16 1.111
  endloop
 endfacet
  facet normal 0 0 0
    outer loop
   vertex -7.57 23.69 1.111
   vertex -7.57 23.69 1.376
   vertex -7.57 23.86 1.376
  endloop
 endfacet
  facet normal 0 0 0
    outer loop
   vertex -7.57 23.69 1.111
   vertex -7.57 23.86 1.376
   vertex -7.57 23.86 1.111
  endloop
 endfacet
  facet normal 0 0 0
    outer loop
   vertex -7.57 25.39 1.111
   vertex -7.57 25.39 1.376
   vertex -7.57 25.56 1.376
  endloop
 endfacet
  facet normal 0 0 0
    outer loop
   vertex -7.57 25.39 1.111
   vertex -7.57 25.56 1.376
   vertex -7.57 25.56 1.111
  endloop
 endfacet
  facet normal 0 0 0
    outer loop
   vertex -7.4 25.56 1.111
   vertex -7.4 25.56 1.376
   vertex -7.4 25.39 1.376
  endloop
 endfacet
  facet normal 0 0 0
    outer loop
   vertex -7.4 25.56 1.111
   vertex -7.4 25.39 1.376
   vertex -7.4 25.39 1.111
  endloop
 endfacet
  facet normal 0 0 0
    outer loop
   vertex -7.4 23.86 1.111
   vertex -7.4 23.86 1.376
   vertex -7.4 23.69 1.376
  endloop
 endfacet
  facet normal 0 0 0
    outer loop
   vertex -7.4 23.86 1.111
   vertex -7.4 23.69 1.376
   vertex -7.4 23.69 1.111
  endloop
 endfacet
  facet normal 0 0 0
    outer loop
   vertex -7.4 22.16 1.111
   vertex -7.4 22.16 1.376
   vertex -7.4 21.99 1.376
  endloop
 endfacet
  facet normal 0 0 0
    outer loop
   vertex -7.4 22.16 1.111
   vertex -7.4 21.99 1.376
   vertex -7.4 21.99 1.111
  endloop
 endfacet
  facet normal 0 0 0
    outer loop
   vertex -7.4 20.46 1.111
   vertex -7.4 20.46 1.376
   vertex -7.4 20.29 1.376
  endloop
 endfacet
  facet normal 0 0 0
    outer loop
   vertex -7.4 20.46 1.111
   vertex -7.4 20.29 1.376
   vertex -7.4 20.29 1.111
  endloop
 endfacet
  facet normal 0 0 0
    outer loop
   vertex -6.29 20.29 1.111
   vertex -6.29 20.29 1.376
   vertex -6.29 20.46 1.376
  endloop
 endfacet
  facet normal 0 0 0
    outer loop
   vertex -6.29 20.29 1.111
   vertex -6.29 20.46 1.376
   vertex -6.29 20.46 1.111
  endloop
 endfacet
  facet normal 0 0 0
    outer loop
   vertex -6.29 21.99 1.111
   vertex -6.29 21.99 1.376
   vertex -6.29 22.16 1.376
  endloop
 endfacet
  facet normal 0 0 0
    outer loop
   vertex -6.29 21.99 1.111
   vertex -6.29 22.16 1.376
   vertex -6.29 22.16 1.111
  endloop
 endfacet
  facet normal 0 0 0
    outer loop
   vertex -6.29 23.69 1.111
   vertex -6.29 23.69 1.376
   vertex -6.29 23.86 1.376
  endloop
 endfacet
  facet normal 0 0 0
    outer loop
   vertex -6.29 23.69 1.111
   vertex -6.29 23.86 1.376
   vertex -6.29 23.86 1.111
  endloop
 endfacet
  facet normal 0 0 0
    outer loop
   vertex -6.29 25.39 1.111
   vertex -6.29 25.39 1.376
   vertex -6.29 25.56 1.376
  endloop
 endfacet
  facet normal 0 0 0
    outer loop
   vertex -6.29 25.39 1.111
   vertex -6.29 25.56 1.376
   vertex -6.29 25.56 1.111
  endloop
 endfacet
  facet normal 0 0 0
    outer loop
   vertex -6.12 25.56 1.111
   vertex -6.12 25.56 1.376
   vertex -6.12 25.39 1.376
  endloop
 endfacet
  facet normal 0 0 0
    outer loop
   vertex -6.12 25.56 1.111
   vertex -6.12 25.39 1.376
   vertex -6.12 25.39 1.111
  endloop
 endfacet
  facet normal 0 0 0
    outer loop
   vertex -6.12 23.86 1.111
   vertex -6.12 23.86 1.376
   vertex -6.12 23.69 1.376
  endloop
 endfacet
  facet normal 0 0 0
    outer loop
   vertex -6.12 23.86 1.111
   vertex -6.12 23.69 1.376
   vertex -6.12 23.69 1.111
  endloop
 endfacet
  facet normal 0 0 0
    outer loop
   vertex -6.12 22.16 1.111
   vertex -6.12 22.16 1.376
   vertex -6.12 21.99 1.376
  endloop
 endfacet
  facet normal 0 0 0
    outer loop
   vertex -6.12 22.16 1.111
   vertex -6.12 21.99 1.376
   vertex -6.12 21.99 1.111
  endloop
 endfacet
  facet normal 0 0 0
    outer loop
   vertex -6.12 20.46 1.111
   vertex -6.12 20.46 1.376
   vertex -6.12 20.29 1.376
  endloop
 endfacet
  facet normal 0 0 0
    outer loop
   vertex -6.12 20.46 1.111
   vertex -6.12 20.29 1.376
   vertex -6.12 20.29 1.111
  endloop
 endfacet
  facet normal 0 0 0
    outer loop
   vertex -4.77 20.29 1.111
   vertex -4.77 20.29 1.376
   vertex -4.77 20.46 1.376
  endloop
 endfacet
  facet normal 0 0 0
    outer loop
   vertex -4.77 20.29 1.111
   vertex -4.77 20.46 1.376
   vertex -4.77 20.46 1.111
  endloop
 endfacet
  facet normal 0 0 0
    outer loop
   vertex -4.77 21.99 1.111
   vertex -4.77 21.99 1.376
   vertex -4.77 22.16 1.376
  endloop
 endfacet
  facet normal 0 0 0
    outer loop
   vertex -4.77 21.99 1.111
   vertex -4.77 22.16 1.376
   vertex -4.77 22.16 1.111
  endloop
 endfacet
  facet normal 0 0 0
    outer loop
   vertex -4.77 23.69 1.111
   vertex -4.77 23.69 1.376
   vertex -4.77 23.86 1.376
  endloop
 endfacet
  facet normal 0 0 0
    outer loop
   vertex -4.77 23.69 1.111
   vertex -4.77 23.86 1.376
   vertex -4.77 23.86 1.111
  endloop
 endfacet
  facet normal 0 0 0
    outer loop
   vertex -4.77 25.39 1.111
   vertex -4.77 25.39 1.376
   vertex -4.77 25.56 1.376
  endloop
 endfacet
  facet normal 0 0 0
    outer loop
   vertex -4.77 25.39 1.111
   vertex -4.77 25.56 1.376
   vertex -4.77 25.56 1.111
  endloop
 endfacet
  facet normal 0 0 0
    outer loop
   vertex -4.6 25.56 1.111
   vertex -4.6 25.56 1.376
   vertex -4.6 25.39 1.376
  endloop
 endfacet
  facet normal 0 0 0
    outer loop
   vertex -4.6 25.56 1.111
   vertex -4.6 25.39 1.376
   vertex -4.6 25.39 1.111
  endloop
 endfacet
  facet normal 0 0 0
    outer loop
   vertex -4.6 23.86 1.111
   vertex -4.6 23.86 1.376
   vertex -4.6 23.69 1.376
  endloop
 endfacet
  facet normal 0 0 0
    outer loop
   vertex -4.6 23.86 1.111
   vertex -4.6 23.69 1.376
   vertex -4.6 23.69 1.111
  endloop
 endfacet
  facet normal 0 0 0
    outer loop
   vertex -4.6 22.16 1.111
   vertex -4.6 22.16 1.376
   vertex -4.6 21.99 1.376
  endloop
 endfacet
  facet normal 0 0 0
    outer loop
   vertex -4.6 22.16 1.111
   vertex -4.6 21.99 1.376
   vertex -4.6 21.99 1.111
  endloop
 endfacet
  facet normal 0 0 0
    outer loop
   vertex -4.6 20.46 1.111
   vertex -4.6 20.46 1.376
   vertex -4.6 20.29 1.376
  endloop
 endfacet
  facet normal 0 0 0
    outer loop
   vertex -4.6 20.46 1.111
   vertex -4.6 20.29 1.376
   vertex -4.6 20.29 1.111
  endloop
 endfacet
  facet normal 0 0 0
    outer loop
   vertex -4.6 21.99 1.111
   vertex -4.6 21.99 1.376
   vertex -4.77 21.99 1.376
  endloop
 endfacet
  facet normal 0 0 0
    outer loop
   vertex -4.6 21.99 1.111
   vertex -4.77 21.99 1.376
   vertex -4.77 21.99 1.111
  endloop
 endfacet
  facet normal 0 0 0
    outer loop
   vertex -6.12 21.99 1.111
   vertex -6.12 21.99 1.376
   vertex -6.29 21.99 1.376
  endloop
 endfacet
  facet normal 0 0 0
    outer loop
   vertex -6.12 21.99 1.111
   vertex -6.29 21.99 1.376
   vertex -6.29 21.99 1.111
  endloop
 endfacet
  facet normal 0 0 0
    outer loop
   vertex -7.4 21.99 1.111
   vertex -7.4 21.99 1.376
   vertex -7.57 21.99 1.376
  endloop
 endfacet
  facet normal 0 0 0
    outer loop
   vertex -7.4 21.99 1.111
   vertex -7.57 21.99 1.376
   vertex -7.57 21.99 1.111
  endloop
 endfacet
  facet normal 0 0 0
    outer loop
   vertex -8.92 21.99 1.111
   vertex -8.92 21.99 1.376
   vertex -9.09 21.99 1.376
  endloop
 endfacet
  facet normal 0 0 0
    outer loop
   vertex -8.92 21.99 1.111
   vertex -9.09 21.99 1.376
   vertex -9.09 21.99 1.111
  endloop
 endfacet
  facet normal 0 0 0
    outer loop
   vertex -9.09 22.16 1.111
   vertex -9.09 22.16 1.376
   vertex -8.92 22.16 1.376
  endloop
 endfacet
  facet normal 0 0 0
    outer loop
   vertex -9.09 22.16 1.111
   vertex -8.92 22.16 1.376
   vertex -8.92 22.16 1.111
  endloop
 endfacet
  facet normal 0 0 0
    outer loop
   vertex -7.57 22.16 1.111
   vertex -7.57 22.16 1.376
   vertex -7.4 22.16 1.376
  endloop
 endfacet
  facet normal 0 0 0
    outer loop
   vertex -7.57 22.16 1.111
   vertex -7.4 22.16 1.376
   vertex -7.4 22.16 1.111
  endloop
 endfacet
  facet normal 0 0 0
    outer loop
   vertex -6.29 22.16 1.111
   vertex -6.29 22.16 1.376
   vertex -6.12 22.16 1.376
  endloop
 endfacet
  facet normal 0 0 0
    outer loop
   vertex -6.29 22.16 1.111
   vertex -6.12 22.16 1.376
   vertex -6.12 22.16 1.111
  endloop
 endfacet
  facet normal 0 0 0
    outer loop
   vertex -4.77 22.16 1.111
   vertex -4.77 22.16 1.376
   vertex -4.6 22.16 1.376
  endloop
 endfacet
  facet normal 0 0 0
    outer loop
   vertex -4.77 22.16 1.111
   vertex -4.6 22.16 1.376
   vertex -4.6 22.16 1.111
  endloop
 endfacet
  facet normal 0 0 0
    outer loop
   vertex -4.6 23.69 1.111
   vertex -4.6 23.69 1.376
   vertex -4.77 23.69 1.376
  endloop
 endfacet
  facet normal 0 0 0
    outer loop
   vertex -4.6 23.69 1.111
   vertex -4.77 23.69 1.376
   vertex -4.77 23.69 1.111
  endloop
 endfacet
  facet normal 0 0 0
    outer loop
   vertex -6.12 23.69 1.111
   vertex -6.12 23.69 1.376
   vertex -6.29 23.69 1.376
  endloop
 endfacet
  facet normal 0 0 0
    outer loop
   vertex -6.12 23.69 1.111
   vertex -6.29 23.69 1.376
   vertex -6.29 23.69 1.111
  endloop
 endfacet
  facet normal 0 0 0
    outer loop
   vertex -7.4 23.69 1.111
   vertex -7.4 23.69 1.376
   vertex -7.57 23.69 1.376
  endloop
 endfacet
  facet normal 0 0 0
    outer loop
   vertex -7.4 23.69 1.111
   vertex -7.57 23.69 1.376
   vertex -7.57 23.69 1.111
  endloop
 endfacet
  facet normal 0 0 0
    outer loop
   vertex -8.92 23.69 1.111
   vertex -8.92 23.69 1.376
   vertex -9.09 23.69 1.376
  endloop
 endfacet
  facet normal 0 0 0
    outer loop
   vertex -8.92 23.69 1.111
   vertex -9.09 23.69 1.376
   vertex -9.09 23.69 1.111
  endloop
 endfacet
  facet normal 0 0 0
    outer loop
   vertex -9.09 23.86 1.111
   vertex -9.09 23.86 1.376
   vertex -8.92 23.86 1.376
  endloop
 endfacet
  facet normal 0 0 0
    outer loop
   vertex -9.09 23.86 1.111
   vertex -8.92 23.86 1.376
   vertex -8.92 23.86 1.111
  endloop
 endfacet
  facet normal 0 0 0
    outer loop
   vertex -7.57 23.86 1.111
   vertex -7.57 23.86 1.376
   vertex -7.4 23.86 1.376
  endloop
 endfacet
  facet normal 0 0 0
    outer loop
   vertex -7.57 23.86 1.111
   vertex -7.4 23.86 1.376
   vertex -7.4 23.86 1.111
  endloop
 endfacet
  facet normal 0 0 0
    outer loop
   vertex -6.29 23.86 1.111
   vertex -6.29 23.86 1.376
   vertex -6.12 23.86 1.376
  endloop
 endfacet
  facet normal 0 0 0
    outer loop
   vertex -6.29 23.86 1.111
   vertex -6.12 23.86 1.376
   vertex -6.12 23.86 1.111
  endloop
 endfacet
  facet normal 0 0 0
    outer loop
   vertex -4.77 23.86 1.111
   vertex -4.77 23.86 1.376
   vertex -4.6 23.86 1.376
  endloop
 endfacet
  facet normal 0 0 0
    outer loop
   vertex -4.77 23.86 1.111
   vertex -4.6 23.86 1.376
   vertex -4.6 23.86 1.111
  endloop
 endfacet
  facet normal 0 0 0
    outer loop
   vertex -4.6 25.39 1.111
   vertex -4.6 25.39 1.376
   vertex -4.77 25.39 1.376
  endloop
 endfacet
  facet normal 0 0 0
    outer loop
   vertex -4.6 25.39 1.111
   vertex -4.77 25.39 1.376
   vertex -4.77 25.39 1.111
  endloop
 endfacet
  facet normal 0 0 0
    outer loop
   vertex -6.12 25.39 1.111
   vertex -6.12 25.39 1.376
   vertex -6.29 25.39 1.376
  endloop
 endfacet
  facet normal 0 0 0
    outer loop
   vertex -6.12 25.39 1.111
   vertex -6.29 25.39 1.376
   vertex -6.29 25.39 1.111
  endloop
 endfacet
  facet normal 0 0 0
    outer loop
   vertex -7.4 25.39 1.111
   vertex -7.4 25.39 1.376
   vertex -7.57 25.39 1.376
  endloop
 endfacet
  facet normal 0 0 0
    outer loop
   vertex -7.4 25.39 1.111
   vertex -7.57 25.39 1.376
   vertex -7.57 25.39 1.111
  endloop
 endfacet
  facet normal 0 0 0
    outer loop
   vertex -8.92 25.39 1.111
   vertex -8.92 25.39 1.376
   vertex -9.09 25.39 1.376
  endloop
 endfacet
  facet normal 0 0 0
    outer loop
   vertex -8.92 25.39 1.111
   vertex -9.09 25.39 1.376
   vertex -9.09 25.39 1.111
  endloop
 endfacet
  facet normal 0 0 0
    outer loop
   vertex -9.09 25.56 1.111
   vertex -9.09 25.56 1.376
   vertex -8.92 25.56 1.376
  endloop
 endfacet
  facet normal 0 0 0
    outer loop
   vertex -9.09 25.56 1.111
   vertex -8.92 25.56 1.376
   vertex -8.92 25.56 1.111
  endloop
 endfacet
  facet normal 0 0 0
    outer loop
   vertex -7.57 25.56 1.111
   vertex -7.57 25.56 1.376
   vertex -7.4 25.56 1.376
  endloop
 endfacet
  facet normal 0 0 0
    outer loop
   vertex -7.57 25.56 1.111
   vertex -7.4 25.56 1.376
   vertex -7.4 25.56 1.111
  endloop
 endfacet
  facet normal 0 0 0
    outer loop
   vertex -6.29 25.56 1.111
   vertex -6.29 25.56 1.376
   vertex -6.12 25.56 1.376
  endloop
 endfacet
  facet normal 0 0 0
    outer loop
   vertex -6.29 25.56 1.111
   vertex -6.12 25.56 1.376
   vertex -6.12 25.56 1.111
  endloop
 endfacet
  facet normal 0 0 0
    outer loop
   vertex -4.77 25.56 1.111
   vertex -4.77 25.56 1.376
   vertex -4.6 25.56 1.376
  endloop
 endfacet
  facet normal 0 0 0
    outer loop
   vertex -4.77 25.56 1.111
   vertex -4.6 25.56 1.376
   vertex -4.6 25.56 1.111
  endloop
 endfacet
  facet normal 0 0 0
    outer loop
   vertex -6.02 23.6 1.736
   vertex -6.305 23.7 1.736
   vertex -6.44 23.6 1.736
  endloop
 endfacet
  facet normal 0 0 0
    outer loop
   vertex -6.305 23.7 1.736
   vertex -6.44 23.95 1.736
   vertex -6.44 23.6 1.736
  endloop
 endfacet
  facet normal 0 0 0
    outer loop
   vertex -6.02 23.95 1.736
   vertex -6.155 23.7 1.736
   vertex -6.02 23.6 1.736
  endloop
 endfacet
  facet normal 0 0 0
    outer loop
   vertex -6.155 23.7 1.736
   vertex -6.305 23.7 1.736
   vertex -6.02 23.6 1.736
  endloop
 endfacet
  facet normal 0 0 0
    outer loop
   vertex -6.02 23.95 1.736
   vertex -6.44 23.95 1.736
   vertex -6.155 23.85 1.736
  endloop
 endfacet
  facet normal 0 0 0
    outer loop
   vertex -6.02 23.95 1.736
   vertex -6.155 23.85 1.736
   vertex -6.155 23.7 1.736
  endloop
 endfacet
  facet normal 0 0 0
    outer loop
   vertex -6.305 23.85 1.736
   vertex -6.44 23.95 1.736
   vertex -6.305 23.7 1.736
  endloop
 endfacet
  facet normal 0 0 0
    outer loop
   vertex -6.155 23.85 1.736
   vertex -6.44 23.95 1.736
   vertex -6.305 23.85 1.736
  endloop
 endfacet
  facet normal 0 0 0
    outer loop
   vertex -4.41 23.6 1.736
   vertex -4.695 23.7 1.736
   vertex -4.87 23.6 1.736
  endloop
 endfacet
  facet normal 0 0 0
    outer loop
   vertex -4.695 23.7 1.736
   vertex -4.87 23.95 1.736
   vertex -4.87 23.6 1.736
  endloop
 endfacet
  facet normal 0 0 0
    outer loop
   vertex -4.41 23.95 1.736
   vertex -4.545 23.7 1.736
   vertex -4.41 23.6 1.736
  endloop
 endfacet
  facet normal 0 0 0
    outer loop
   vertex -4.545 23.7 1.736
   vertex -4.695 23.7 1.736
   vertex -4.41 23.6 1.736
  endloop
 endfacet
  facet normal 0 0 0
    outer loop
   vertex -4.41 23.95 1.736
   vertex -4.545 23.85 1.736
   vertex -4.545 23.7 1.736
  endloop
 endfacet
  facet normal 0 0 0
    outer loop
   vertex -4.695 23.85 1.736
   vertex -4.87 23.95 1.736
   vertex -4.695 23.7 1.736
  endloop
 endfacet
  facet normal 0 0 0
    outer loop
   vertex -4.41 23.95 1.736
   vertex -4.87 23.95 1.736
   vertex -4.695 23.85 1.736
  endloop
 endfacet
  facet normal 0 0 0
    outer loop
   vertex -4.545 23.85 1.736
   vertex -4.41 23.95 1.736
   vertex -4.695 23.85 1.736
  endloop
 endfacet
  facet normal 0 0 0
    outer loop
   vertex -6.02 25.3 1.736
   vertex -6.305 25.4 1.736
   vertex -6.44 25.3 1.736
  endloop
 endfacet
  facet normal 0 0 0
    outer loop
   vertex -6.305 25.4 1.736
   vertex -6.44 25.65 1.736
   vertex -6.44 25.3 1.736
  endloop
 endfacet
  facet normal 0 0 0
    outer loop
   vertex -6.02 25.65 1.736
   vertex -6.155 25.4 1.736
   vertex -6.02 25.3 1.736
  endloop
 endfacet
  facet normal 0 0 0
    outer loop
   vertex -6.155 25.4 1.736
   vertex -6.305 25.4 1.736
   vertex -6.02 25.3 1.736
  endloop
 endfacet
  facet normal 0 0 0
    outer loop
   vertex -6.02 25.65 1.736
   vertex -6.44 25.65 1.736
   vertex -6.155 25.55 1.736
  endloop
 endfacet
  facet normal 0 0 0
    outer loop
   vertex -6.02 25.65 1.736
   vertex -6.155 25.55 1.736
   vertex -6.155 25.4 1.736
  endloop
 endfacet
  facet normal 0 0 0
    outer loop
   vertex -6.305 25.55 1.736
   vertex -6.44 25.65 1.736
   vertex -6.305 25.4 1.736
  endloop
 endfacet
  facet normal 0 0 0
    outer loop
   vertex -6.155 25.55 1.736
   vertex -6.44 25.65 1.736
   vertex -6.305 25.55 1.736
  endloop
 endfacet
  facet normal 0 0 0
    outer loop
   vertex -4.41 25.3 1.736
   vertex -4.695 25.4 1.736
   vertex -4.87 25.3 1.736
  endloop
 endfacet
  facet normal 0 0 0
    outer loop
   vertex -4.695 25.4 1.736
   vertex -4.87 25.65 1.736
   vertex -4.87 25.3 1.736
  endloop
 endfacet
  facet normal 0 0 0
    outer loop
   vertex -4.41 25.65 1.736
   vertex -4.545 25.4 1.736
   vertex -4.41 25.3 1.736
  endloop
 endfacet
  facet normal 0 0 0
    outer loop
   vertex -4.545 25.4 1.736
   vertex -4.695 25.4 1.736
   vertex -4.41 25.3 1.736
  endloop
 endfacet
  facet normal 0 0 0
    outer loop
   vertex -4.41 25.65 1.736
   vertex -4.545 25.55 1.736
   vertex -4.545 25.4 1.736
  endloop
 endfacet
  facet normal 0 0 0
    outer loop
   vertex -4.695 25.55 1.736
   vertex -4.87 25.65 1.736
   vertex -4.695 25.4 1.736
  endloop
 endfacet
  facet normal 0 0 0
    outer loop
   vertex -4.41 25.65 1.736
   vertex -4.87 25.65 1.736
   vertex -4.695 25.55 1.736
  endloop
 endfacet
  facet normal 0 0 0
    outer loop
   vertex -4.545 25.55 1.736
   vertex -4.41 25.65 1.736
   vertex -4.695 25.55 1.736
  endloop
 endfacet
  facet normal 0 0 0
    outer loop
   vertex -8.82 25.3 1.736
   vertex -9.105 25.4 1.736
   vertex -9.24 25.3 1.736
  endloop
 endfacet
  facet normal 0 0 0
    outer loop
   vertex -9.105 25.4 1.736
   vertex -9.24 25.65 1.736
   vertex -9.24 25.3 1.736
  endloop
 endfacet
  facet normal 0 0 0
    outer loop
   vertex -8.82 25.65 1.736
   vertex -8.955 25.4 1.736
   vertex -8.82 25.3 1.736
  endloop
 endfacet
  facet normal 0 0 0
    outer loop
   vertex -8.955 25.4 1.736
   vertex -9.105 25.4 1.736
   vertex -8.82 25.3 1.736
  endloop
 endfacet
  facet normal 0 0 0
    outer loop
   vertex -8.82 25.65 1.736
   vertex -9.24 25.65 1.736
   vertex -8.955 25.55 1.736
  endloop
 endfacet
  facet normal 0 0 0
    outer loop
   vertex -8.82 25.65 1.736
   vertex -8.955 25.55 1.736
   vertex -8.955 25.4 1.736
  endloop
 endfacet
  facet normal 0 0 0
    outer loop
   vertex -9.105 25.55 1.736
   vertex -9.24 25.65 1.736
   vertex -9.105 25.4 1.736
  endloop
 endfacet
  facet normal 0 0 0
    outer loop
   vertex -8.955 25.55 1.736
   vertex -9.24 25.65 1.736
   vertex -9.105 25.55 1.736
  endloop
 endfacet
  facet normal 0 0 0
    outer loop
   vertex -7.21 25.3 1.736
   vertex -7.495 25.4 1.736
   vertex -7.67 25.3 1.736
  endloop
 endfacet
  facet normal 0 0 0
    outer loop
   vertex -7.495 25.4 1.736
   vertex -7.67 25.65 1.736
   vertex -7.67 25.3 1.736
  endloop
 endfacet
  facet normal 0 0 0
    outer loop
   vertex -7.21 25.65 1.736
   vertex -7.345 25.4 1.736
   vertex -7.21 25.3 1.736
  endloop
 endfacet
  facet normal 0 0 0
    outer loop
   vertex -7.345 25.4 1.736
   vertex -7.495 25.4 1.736
   vertex -7.21 25.3 1.736
  endloop
 endfacet
  facet normal 0 0 0
    outer loop
   vertex -7.21 25.65 1.736
   vertex -7.345 25.55 1.736
   vertex -7.345 25.4 1.736
  endloop
 endfacet
  facet normal 0 0 0
    outer loop
   vertex -7.495 25.55 1.736
   vertex -7.67 25.65 1.736
   vertex -7.495 25.4 1.736
  endloop
 endfacet
  facet normal 0 0 0
    outer loop
   vertex -7.21 25.65 1.736
   vertex -7.67 25.65 1.736
   vertex -7.495 25.55 1.736
  endloop
 endfacet
  facet normal 0 0 0
    outer loop
   vertex -7.345 25.55 1.736
   vertex -7.21 25.65 1.736
   vertex -7.495 25.55 1.736
  endloop
 endfacet
  facet normal 0 0 0
    outer loop
   vertex -8.82 23.6 1.736
   vertex -9.105 23.7 1.736
   vertex -9.24 23.6 1.736
  endloop
 endfacet
  facet normal 0 0 0
    outer loop
   vertex -9.105 23.7 1.736
   vertex -9.24 23.95 1.736
   vertex -9.24 23.6 1.736
  endloop
 endfacet
  facet normal 0 0 0
    outer loop
   vertex -8.82 23.95 1.736
   vertex -8.955 23.7 1.736
   vertex -8.82 23.6 1.736
  endloop
 endfacet
  facet normal 0 0 0
    outer loop
   vertex -8.955 23.7 1.736
   vertex -9.105 23.7 1.736
   vertex -8.82 23.6 1.736
  endloop
 endfacet
  facet normal 0 0 0
    outer loop
   vertex -8.82 23.95 1.736
   vertex -9.24 23.95 1.736
   vertex -8.955 23.85 1.736
  endloop
 endfacet
  facet normal 0 0 0
    outer loop
   vertex -8.82 23.95 1.736
   vertex -8.955 23.85 1.736
   vertex -8.955 23.7 1.736
  endloop
 endfacet
  facet normal 0 0 0
    outer loop
   vertex -9.105 23.85 1.736
   vertex -9.24 23.95 1.736
   vertex -9.105 23.7 1.736
  endloop
 endfacet
  facet normal 0 0 0
    outer loop
   vertex -8.955 23.85 1.736
   vertex -9.24 23.95 1.736
   vertex -9.105 23.85 1.736
  endloop
 endfacet
  facet normal 0 0 0
    outer loop
   vertex -7.21 23.6 1.736
   vertex -7.495 23.7 1.736
   vertex -7.67 23.6 1.736
  endloop
 endfacet
  facet normal 0 0 0
    outer loop
   vertex -7.495 23.7 1.736
   vertex -7.67 23.95 1.736
   vertex -7.67 23.6 1.736
  endloop
 endfacet
  facet normal 0 0 0
    outer loop
   vertex -7.21 23.95 1.736
   vertex -7.345 23.7 1.736
   vertex -7.21 23.6 1.736
  endloop
 endfacet
  facet normal 0 0 0
    outer loop
   vertex -7.345 23.7 1.736
   vertex -7.495 23.7 1.736
   vertex -7.21 23.6 1.736
  endloop
 endfacet
  facet normal 0 0 0
    outer loop
   vertex -7.21 23.95 1.736
   vertex -7.345 23.85 1.736
   vertex -7.345 23.7 1.736
  endloop
 endfacet
  facet normal 0 0 0
    outer loop
   vertex -7.495 23.85 1.736
   vertex -7.67 23.95 1.736
   vertex -7.495 23.7 1.736
  endloop
 endfacet
  facet normal 0 0 0
    outer loop
   vertex -7.21 23.95 1.736
   vertex -7.67 23.95 1.736
   vertex -7.495 23.85 1.736
  endloop
 endfacet
  facet normal 0 0 0
    outer loop
   vertex -7.345 23.85 1.736
   vertex -7.21 23.95 1.736
   vertex -7.495 23.85 1.736
  endloop
 endfacet
  facet normal 0 0 0
    outer loop
   vertex -8.82 20.2 1.736
   vertex -9.105 20.3 1.736
   vertex -9.24 20.2 1.736
  endloop
 endfacet
  facet normal 0 0 0
    outer loop
   vertex -9.105 20.3 1.736
   vertex -9.24 20.55 1.736
   vertex -9.24 20.2 1.736
  endloop
 endfacet
  facet normal 0 0 0
    outer loop
   vertex -8.82 20.55 1.736
   vertex -8.955 20.3 1.736
   vertex -8.82 20.2 1.736
  endloop
 endfacet
  facet normal 0 0 0
    outer loop
   vertex -8.955 20.3 1.736
   vertex -9.105 20.3 1.736
   vertex -8.82 20.2 1.736
  endloop
 endfacet
  facet normal 0 0 0
    outer loop
   vertex -8.82 20.55 1.736
   vertex -9.24 20.55 1.736
   vertex -8.955 20.45 1.736
  endloop
 endfacet
  facet normal 0 0 0
    outer loop
   vertex -8.82 20.55 1.736
   vertex -8.955 20.45 1.736
   vertex -8.955 20.3 1.736
  endloop
 endfacet
  facet normal 0 0 0
    outer loop
   vertex -9.105 20.45 1.736
   vertex -9.24 20.55 1.736
   vertex -9.105 20.3 1.736
  endloop
 endfacet
  facet normal 0 0 0
    outer loop
   vertex -8.955 20.45 1.736
   vertex -9.24 20.55 1.736
   vertex -9.105 20.45 1.736
  endloop
 endfacet
  facet normal 0 0 0
    outer loop
   vertex -7.21 20.2 1.736
   vertex -7.495 20.3 1.736
   vertex -7.67 20.2 1.736
  endloop
 endfacet
  facet normal 0 0 0
    outer loop
   vertex -7.495 20.3 1.736
   vertex -7.67 20.55 1.736
   vertex -7.67 20.2 1.736
  endloop
 endfacet
  facet normal 0 0 0
    outer loop
   vertex -7.21 20.55 1.736
   vertex -7.345 20.3 1.736
   vertex -7.21 20.2 1.736
  endloop
 endfacet
  facet normal 0 0 0
    outer loop
   vertex -7.345 20.3 1.736
   vertex -7.495 20.3 1.736
   vertex -7.21 20.2 1.736
  endloop
 endfacet
  facet normal 0 0 0
    outer loop
   vertex -7.21 20.55 1.736
   vertex -7.345 20.45 1.736
   vertex -7.345 20.3 1.736
  endloop
 endfacet
  facet normal 0 0 0
    outer loop
   vertex -7.495 20.45 1.736
   vertex -7.67 20.55 1.736
   vertex -7.495 20.3 1.736
  endloop
 endfacet
  facet normal 0 0 0
    outer loop
   vertex -7.21 20.55 1.736
   vertex -7.67 20.55 1.736
   vertex -7.495 20.45 1.736
  endloop
 endfacet
  facet normal 0 0 0
    outer loop
   vertex -7.345 20.45 1.736
   vertex -7.21 20.55 1.736
   vertex -7.495 20.45 1.736
  endloop
 endfacet
  facet normal 0 0 0
    outer loop
   vertex -8.82 21.9 1.736
   vertex -9.105 22 1.736
   vertex -9.24 21.9 1.736
  endloop
 endfacet
  facet normal 0 0 0
    outer loop
   vertex -9.105 22 1.736
   vertex -9.24 22.25 1.736
   vertex -9.24 21.9 1.736
  endloop
 endfacet
  facet normal 0 0 0
    outer loop
   vertex -8.82 22.25 1.736
   vertex -8.955 22 1.736
   vertex -8.82 21.9 1.736
  endloop
 endfacet
  facet normal 0 0 0
    outer loop
   vertex -8.955 22 1.736
   vertex -9.105 22 1.736
   vertex -8.82 21.9 1.736
  endloop
 endfacet
  facet normal 0 0 0
    outer loop
   vertex -8.82 22.25 1.736
   vertex -9.24 22.25 1.736
   vertex -8.955 22.15 1.736
  endloop
 endfacet
  facet normal 0 0 0
    outer loop
   vertex -8.82 22.25 1.736
   vertex -8.955 22.15 1.736
   vertex -8.955 22 1.736
  endloop
 endfacet
  facet normal 0 0 0
    outer loop
   vertex -9.105 22.15 1.736
   vertex -9.24 22.25 1.736
   vertex -9.105 22 1.736
  endloop
 endfacet
  facet normal 0 0 0
    outer loop
   vertex -8.955 22.15 1.736
   vertex -9.24 22.25 1.736
   vertex -9.105 22.15 1.736
  endloop
 endfacet
  facet normal 0 0 0
    outer loop
   vertex -7.21 21.9 1.736
   vertex -7.495 22 1.736
   vertex -7.67 21.9 1.736
  endloop
 endfacet
  facet normal 0 0 0
    outer loop
   vertex -7.495 22 1.736
   vertex -7.67 22.25 1.736
   vertex -7.67 21.9 1.736
  endloop
 endfacet
  facet normal 0 0 0
    outer loop
   vertex -7.21 22.25 1.736
   vertex -7.345 22 1.736
   vertex -7.21 21.9 1.736
  endloop
 endfacet
  facet normal 0 0 0
    outer loop
   vertex -7.345 22 1.736
   vertex -7.495 22 1.736
   vertex -7.21 21.9 1.736
  endloop
 endfacet
  facet normal 0 0 0
    outer loop
   vertex -7.21 22.25 1.736
   vertex -7.345 22.15 1.736
   vertex -7.345 22 1.736
  endloop
 endfacet
  facet normal 0 0 0
    outer loop
   vertex -7.495 22.15 1.736
   vertex -7.67 22.25 1.736
   vertex -7.495 22 1.736
  endloop
 endfacet
  facet normal 0 0 0
    outer loop
   vertex -7.21 22.25 1.736
   vertex -7.67 22.25 1.736
   vertex -7.495 22.15 1.736
  endloop
 endfacet
  facet normal 0 0 0
    outer loop
   vertex -7.345 22.15 1.736
   vertex -7.21 22.25 1.736
   vertex -7.495 22.15 1.736
  endloop
 endfacet
  facet normal 0 0 0
    outer loop
   vertex -6.02 20.2 1.736
   vertex -6.305 20.3 1.736
   vertex -6.44 20.2 1.736
  endloop
 endfacet
  facet normal 0 0 0
    outer loop
   vertex -6.305 20.3 1.736
   vertex -6.44 20.55 1.736
   vertex -6.44 20.2 1.736
  endloop
 endfacet
  facet normal 0 0 0
    outer loop
   vertex -6.02 20.55 1.736
   vertex -6.155 20.3 1.736
   vertex -6.02 20.2 1.736
  endloop
 endfacet
  facet normal 0 0 0
    outer loop
   vertex -6.155 20.3 1.736
   vertex -6.305 20.3 1.736
   vertex -6.02 20.2 1.736
  endloop
 endfacet
  facet normal 0 0 0
    outer loop
   vertex -6.02 20.55 1.736
   vertex -6.44 20.55 1.736
   vertex -6.155 20.45 1.736
  endloop
 endfacet
  facet normal 0 0 0
    outer loop
   vertex -6.02 20.55 1.736
   vertex -6.155 20.45 1.736
   vertex -6.155 20.3 1.736
  endloop
 endfacet
  facet normal 0 0 0
    outer loop
   vertex -6.305 20.45 1.736
   vertex -6.44 20.55 1.736
   vertex -6.305 20.3 1.736
  endloop
 endfacet
  facet normal 0 0 0
    outer loop
   vertex -6.155 20.45 1.736
   vertex -6.44 20.55 1.736
   vertex -6.305 20.45 1.736
  endloop
 endfacet
  facet normal 0 0 0
    outer loop
   vertex -4.41 20.2 1.736
   vertex -4.695 20.3 1.736
   vertex -4.87 20.2 1.736
  endloop
 endfacet
  facet normal 0 0 0
    outer loop
   vertex -4.695 20.3 1.736
   vertex -4.87 20.55 1.736
   vertex -4.87 20.2 1.736
  endloop
 endfacet
  facet normal 0 0 0
    outer loop
   vertex -4.41 20.55 1.736
   vertex -4.545 20.3 1.736
   vertex -4.41 20.2 1.736
  endloop
 endfacet
  facet normal 0 0 0
    outer loop
   vertex -4.545 20.3 1.736
   vertex -4.695 20.3 1.736
   vertex -4.41 20.2 1.736
  endloop
 endfacet
  facet normal 0 0 0
    outer loop
   vertex -4.41 20.55 1.736
   vertex -4.545 20.45 1.736
   vertex -4.545 20.3 1.736
  endloop
 endfacet
  facet normal 0 0 0
    outer loop
   vertex -4.695 20.45 1.736
   vertex -4.87 20.55 1.736
   vertex -4.695 20.3 1.736
  endloop
 endfacet
  facet normal 0 0 0
    outer loop
   vertex -4.41 20.55 1.736
   vertex -4.87 20.55 1.736
   vertex -4.695 20.45 1.736
  endloop
 endfacet
  facet normal 0 0 0
    outer loop
   vertex -4.545 20.45 1.736
   vertex -4.41 20.55 1.736
   vertex -4.695 20.45 1.736
  endloop
 endfacet
  facet normal 0 0 0
    outer loop
   vertex -6.02 21.9 1.736
   vertex -6.305 22 1.736
   vertex -6.44 21.9 1.736
  endloop
 endfacet
  facet normal 0 0 0
    outer loop
   vertex -6.305 22 1.736
   vertex -6.44 22.25 1.736
   vertex -6.44 21.9 1.736
  endloop
 endfacet
  facet normal 0 0 0
    outer loop
   vertex -6.02 22.25 1.736
   vertex -6.155 22 1.736
   vertex -6.02 21.9 1.736
  endloop
 endfacet
  facet normal 0 0 0
    outer loop
   vertex -6.155 22 1.736
   vertex -6.305 22 1.736
   vertex -6.02 21.9 1.736
  endloop
 endfacet
  facet normal 0 0 0
    outer loop
   vertex -6.02 22.25 1.736
   vertex -6.44 22.25 1.736
   vertex -6.155 22.15 1.736
  endloop
 endfacet
  facet normal 0 0 0
    outer loop
   vertex -6.02 22.25 1.736
   vertex -6.155 22.15 1.736
   vertex -6.155 22 1.736
  endloop
 endfacet
  facet normal 0 0 0
    outer loop
   vertex -6.305 22.15 1.736
   vertex -6.44 22.25 1.736
   vertex -6.305 22 1.736
  endloop
 endfacet
  facet normal 0 0 0
    outer loop
   vertex -6.155 22.15 1.736
   vertex -6.44 22.25 1.736
   vertex -6.305 22.15 1.736
  endloop
 endfacet
  facet normal 0 0 0
    outer loop
   vertex -4.41 21.9 1.736
   vertex -4.695 22 1.736
   vertex -4.87 21.9 1.736
  endloop
 endfacet
  facet normal 0 0 0
    outer loop
   vertex -4.695 22 1.736
   vertex -4.87 22.25 1.736
   vertex -4.87 21.9 1.736
  endloop
 endfacet
  facet normal 0 0 0
    outer loop
   vertex -4.41 22.25 1.736
   vertex -4.545 22 1.736
   vertex -4.41 21.9 1.736
  endloop
 endfacet
  facet normal 0 0 0
    outer loop
   vertex -4.545 22 1.736
   vertex -4.695 22 1.736
   vertex -4.41 21.9 1.736
  endloop
 endfacet
  facet normal 0 0 0
    outer loop
   vertex -4.41 22.25 1.736
   vertex -4.545 22.15 1.736
   vertex -4.545 22 1.736
  endloop
 endfacet
  facet normal 0 0 0
    outer loop
   vertex -4.695 22.15 1.736
   vertex -4.87 22.25 1.736
   vertex -4.695 22 1.736
  endloop
 endfacet
  facet normal 0 0 0
    outer loop
   vertex -4.41 22.25 1.736
   vertex -4.87 22.25 1.736
   vertex -4.695 22.15 1.736
  endloop
 endfacet
  facet normal 0 0 0
    outer loop
   vertex -4.545 22.15 1.736
   vertex -4.41 22.25 1.736
   vertex -4.695 22.15 1.736
  endloop
 endfacet
  facet normal 0 0 0
    outer loop
   vertex -10.9 22.648 2.006
   vertex -10.9 24.116 2.006
   vertex -10.6 23.625 2.006
  endloop
 endfacet
  facet normal 0 0 0
    outer loop
   vertex -10.6 22.225 2.006
   vertex -10.9 22.648 2.006
   vertex -10.6 23.625 2.006
  endloop
 endfacet
  facet normal 0 0 0
    outer loop
   vertex -8.82 25.325 2.006
   vertex -8.82 25.625 2.006
   vertex -8.225 25.625 2.006
  endloop
 endfacet
  facet normal 0 0 0
    outer loop
   vertex -8.82 25.325 2.006
   vertex -8.225 25.625 2.006
   vertex -7.63 25.325 2.006
  endloop
 endfacet
  facet normal 0 0 0
    outer loop
   vertex -8.82 23.625 2.006
   vertex -8.82 23.925 2.006
   vertex -8.225 23.925 2.006
  endloop
 endfacet
  facet normal 0 0 0
    outer loop
   vertex -8.82 23.625 2.006
   vertex -8.225 23.925 2.006
   vertex -7.63 23.625 2.006
  endloop
 endfacet
  facet normal 0 0 0
    outer loop
   vertex -8.82 21.925 2.006
   vertex -8.82 22.225 2.006
   vertex -8.225 22.225 2.006
  endloop
 endfacet
  facet normal 0 0 0
    outer loop
   vertex -8.82 21.925 2.006
   vertex -8.225 22.225 2.006
   vertex -7.63 21.925 2.006
  endloop
 endfacet
  facet normal 0 0 0
    outer loop
   vertex -8.82 20.225 2.006
   vertex -8.82 20.525 2.006
   vertex -8.225 20.525 2.006
  endloop
 endfacet
  facet normal 0 0 0
    outer loop
   vertex -8.82 20.225 2.006
   vertex -8.225 20.525 2.006
   vertex -7.63 20.225 2.006
  endloop
 endfacet
  facet normal 0 0 0
    outer loop
   vertex -6.44 25.325 2.006
   vertex -7.21 25.625 2.006
   vertex -6.44 25.625 2.006
  endloop
 endfacet
  facet normal 0 0 0
    outer loop
   vertex -7.21 25.325 2.006
   vertex -7.21 25.625 2.006
   vertex -6.44 25.325 2.006
  endloop
 endfacet
  facet normal 0 0 0
    outer loop
   vertex -6.44 23.625 2.006
   vertex -7.21 23.925 2.006
   vertex -6.44 23.925 2.006
  endloop
 endfacet
  facet normal 0 0 0
    outer loop
   vertex -7.21 23.625 2.006
   vertex -7.21 23.925 2.006
   vertex -6.44 23.625 2.006
  endloop
 endfacet
  facet normal 0 0 0
    outer loop
   vertex -4.83 25.325 2.006
   vertex -4.83 25.625 2.006
   vertex -4.695 25.4 2.006
  endloop
 endfacet
  facet normal 0 0 0
    outer loop
   vertex -4.41 25.3 2.006
   vertex -4.545 25.4 2.006
   vertex -4.41 25.65 2.006
  endloop
 endfacet
  facet normal 0 0 0
    outer loop
   vertex -4.545 25.4 2.006
   vertex -4.545 25.55 2.006
   vertex -4.41 25.65 2.006
  endloop
 endfacet
  facet normal 0 0 0
    outer loop
   vertex -4.695 25.4 2.006
   vertex -4.83 25.625 2.006
   vertex -4.695 25.55 2.006
  endloop
 endfacet
  facet normal 0 0 0
    outer loop
   vertex -6.44 25.325 2.006
   vertex -6.44 25.625 2.006
   vertex -6.305 25.4 2.006
  endloop
 endfacet
  facet normal 0 0 0
    outer loop
   vertex -6.02 25.325 2.006
   vertex -6.155 25.4 2.006
   vertex -6.02 25.625 2.006
  endloop
 endfacet
  facet normal 0 0 0
    outer loop
   vertex -6.02 25.325 2.006
   vertex -6.02 25.625 2.006
   vertex -5.425 25.625 2.006
  endloop
 endfacet
  facet normal 0 0 0
    outer loop
   vertex -4.83 25.325 2.006
   vertex -5.425 25.625 2.006
   vertex -4.83 25.625 2.006
  endloop
 endfacet
  facet normal 0 0 0
    outer loop
   vertex -6.02 25.325 2.006
   vertex -5.425 25.625 2.006
   vertex -4.83 25.325 2.006
  endloop
 endfacet
  facet normal 0 0 0
    outer loop
   vertex -6.155 25.4 2.006
   vertex -6.155 25.55 2.006
   vertex -6.02 25.625 2.006
  endloop
 endfacet
  facet normal 0 0 0
    outer loop
   vertex -6.305 25.4 2.006
   vertex -6.44 25.625 2.006
   vertex -6.305 25.55 2.006
  endloop
 endfacet
  facet normal 0 0 0
    outer loop
   vertex -6.23 25.3 2.006
   vertex -6.305 25.4 2.006
   vertex -6.155 25.4 2.006
  endloop
 endfacet
  facet normal 0 0 0
    outer loop
   vertex -6.305 25.55 2.006
   vertex -6.23 25.65 2.006
   vertex -6.155 25.55 2.006
  endloop
 endfacet
  facet normal 0 0 0
    outer loop
   vertex -4.62 25.3 2.006
   vertex -4.545 25.4 2.006
   vertex -4.41 25.3 2.006
  endloop
 endfacet
  facet normal 0 0 0
    outer loop
   vertex -4.62 25.3 2.006
   vertex -4.695 25.4 2.006
   vertex -4.545 25.4 2.006
  endloop
 endfacet
  facet normal 0 0 0
    outer loop
   vertex -4.545 25.55 2.006
   vertex -4.62 25.65 2.006
   vertex -4.41 25.65 2.006
  endloop
 endfacet
  facet normal 0 0 0
    outer loop
   vertex -4.695 25.55 2.006
   vertex -4.62 25.65 2.006
   vertex -4.545 25.55 2.006
  endloop
 endfacet
  facet normal 0 0 0
    outer loop
   vertex -6.335 25.3 2.006
   vertex -6.305 25.4 2.006
   vertex -6.23 25.3 2.006
  endloop
 endfacet
  facet normal 0 0 0
    outer loop
   vertex -6.23 25.3 2.006
   vertex -6.155 25.4 2.006
   vertex -6.125 25.3 2.006
  endloop
 endfacet
  facet normal 0 0 0
    outer loop
   vertex -6.155 25.55 2.006
   vertex -6.23 25.65 2.006
   vertex -6.125 25.65 2.006
  endloop
 endfacet
  facet normal 0 0 0
    outer loop
   vertex -6.305 25.55 2.006
   vertex -6.335 25.65 2.006
   vertex -6.23 25.65 2.006
  endloop
 endfacet
  facet normal 0 0 0
    outer loop
   vertex -4.725 25.3 2.006
   vertex -4.695 25.4 2.006
   vertex -4.62 25.3 2.006
  endloop
 endfacet
  facet normal 0 0 0
    outer loop
   vertex -4.695 25.55 2.006
   vertex -4.725 25.65 2.006
   vertex -4.62 25.65 2.006
  endloop
 endfacet
  facet normal 0 0 0
    outer loop
   vertex -6.388 25.3 2.006
   vertex -6.305 25.4 2.006
   vertex -6.335 25.3 2.006
  endloop
 endfacet
  facet normal 0 0 0
    outer loop
   vertex -6.388 25.3 2.006
   vertex -6.44 25.325 2.006
   vertex -6.305 25.4 2.006
  endloop
 endfacet
  facet normal 0 0 0
    outer loop
   vertex -6.44 25.3 2.006
   vertex -6.44 25.325 2.006
   vertex -6.388 25.3 2.006
  endloop
 endfacet
  facet normal 0 0 0
    outer loop
   vertex -6.125 25.3 2.006
   vertex -6.155 25.4 2.006
   vertex -6.073 25.3 2.006
  endloop
 endfacet
  facet normal 0 0 0
    outer loop
   vertex -6.073 25.3 2.006
   vertex -6.02 25.325 2.006
   vertex -6.02 25.3 2.006
  endloop
 endfacet
  facet normal 0 0 0
    outer loop
   vertex -6.073 25.3 2.006
   vertex -6.155 25.4 2.006
   vertex -6.02 25.325 2.006
  endloop
 endfacet
  facet normal 0 0 0
    outer loop
   vertex -6.155 25.55 2.006
   vertex -6.125 25.65 2.006
   vertex -6.073 25.65 2.006
  endloop
 endfacet
  facet normal 0 0 0
    outer loop
   vertex -6.155 25.55 2.006
   vertex -6.073 25.65 2.006
   vertex -6.02 25.625 2.006
  endloop
 endfacet
  facet normal 0 0 0
    outer loop
   vertex -6.02 25.625 2.006
   vertex -6.073 25.65 2.006
   vertex -6.02 25.65 2.006
  endloop
 endfacet
  facet normal 0 0 0
    outer loop
   vertex -6.305 25.55 2.006
   vertex -6.388 25.65 2.006
   vertex -6.335 25.65 2.006
  endloop
 endfacet
  facet normal 0 0 0
    outer loop
   vertex -6.44 25.625 2.006
   vertex -6.44 25.65 2.006
   vertex -6.388 25.65 2.006
  endloop
 endfacet
  facet normal 0 0 0
    outer loop
   vertex -6.305 25.55 2.006
   vertex -6.44 25.625 2.006
   vertex -6.388 25.65 2.006
  endloop
 endfacet
  facet normal 0 0 0
    outer loop
   vertex -4.778 25.3 2.006
   vertex -4.695 25.4 2.006
   vertex -4.725 25.3 2.006
  endloop
 endfacet
  facet normal 0 0 0
    outer loop
   vertex -4.778 25.3 2.006
   vertex -4.83 25.325 2.006
   vertex -4.695 25.4 2.006
  endloop
 endfacet
  facet normal 0 0 0
    outer loop
   vertex -4.83 25.3 2.006
   vertex -4.83 25.325 2.006
   vertex -4.778 25.3 2.006
  endloop
 endfacet
  facet normal 0 0 0
    outer loop
   vertex -4.695 25.55 2.006
   vertex -4.778 25.65 2.006
   vertex -4.725 25.65 2.006
  endloop
 endfacet
  facet normal 0 0 0
    outer loop
   vertex -4.83 25.625 2.006
   vertex -4.83 25.65 2.006
   vertex -4.778 25.65 2.006
  endloop
 endfacet
  facet normal 0 0 0
    outer loop
   vertex -4.695 25.55 2.006
   vertex -4.83 25.625 2.006
   vertex -4.778 25.65 2.006
  endloop
 endfacet
  facet normal 0 0 0
    outer loop
   vertex -7.345 25.55 2.006
   vertex -7.263 25.65 2.006
   vertex -7.21 25.625 2.006
  endloop
 endfacet
  facet normal 0 0 0
    outer loop
   vertex -7.21 25.625 2.006
   vertex -7.263 25.65 2.006
   vertex -7.21 25.65 2.006
  endloop
 endfacet
  facet normal 0 0 0
    outer loop
   vertex -7.495 25.55 2.006
   vertex -7.578 25.65 2.006
   vertex -7.525 25.65 2.006
  endloop
 endfacet
  facet normal 0 0 0
    outer loop
   vertex -7.63 25.625 2.006
   vertex -7.63 25.65 2.006
   vertex -7.578 25.65 2.006
  endloop
 endfacet
  facet normal 0 0 0
    outer loop
   vertex -7.495 25.55 2.006
   vertex -7.63 25.625 2.006
   vertex -7.578 25.65 2.006
  endloop
 endfacet
  facet normal 0 0 0
    outer loop
   vertex -7.42 25.3 2.006
   vertex -7.495 25.4 2.006
   vertex -7.345 25.4 2.006
  endloop
 endfacet
  facet normal 0 0 0
    outer loop
   vertex -7.525 25.3 2.006
   vertex -7.495 25.4 2.006
   vertex -7.42 25.3 2.006
  endloop
 endfacet
  facet normal 0 0 0
    outer loop
   vertex -7.42 25.3 2.006
   vertex -7.345 25.4 2.006
   vertex -7.315 25.3 2.006
  endloop
 endfacet
  facet normal 0 0 0
    outer loop
   vertex -7.345 25.55 2.006
   vertex -7.42 25.65 2.006
   vertex -7.315 25.65 2.006
  endloop
 endfacet
  facet normal 0 0 0
    outer loop
   vertex -7.495 25.55 2.006
   vertex -7.525 25.65 2.006
   vertex -7.42 25.65 2.006
  endloop
 endfacet
  facet normal 0 0 0
    outer loop
   vertex -7.495 25.55 2.006
   vertex -7.42 25.65 2.006
   vertex -7.345 25.55 2.006
  endloop
 endfacet
  facet normal 0 0 0
    outer loop
   vertex -7.495 25.4 2.006
   vertex -7.63 25.625 2.006
   vertex -7.495 25.55 2.006
  endloop
 endfacet
  facet normal 0 0 0
    outer loop
   vertex -7.63 25.325 2.006
   vertex -7.63 25.625 2.006
   vertex -7.495 25.4 2.006
  endloop
 endfacet
  facet normal 0 0 0
    outer loop
   vertex -7.21 25.325 2.006
   vertex -7.345 25.4 2.006
   vertex -7.21 25.625 2.006
  endloop
 endfacet
  facet normal 0 0 0
    outer loop
   vertex -7.63 25.325 2.006
   vertex -8.225 25.625 2.006
   vertex -7.63 25.625 2.006
  endloop
 endfacet
  facet normal 0 0 0
    outer loop
   vertex -7.345 25.4 2.006
   vertex -7.345 25.55 2.006
   vertex -7.21 25.625 2.006
  endloop
 endfacet
  facet normal 0 0 0
    outer loop
   vertex -7.578 25.3 2.006
   vertex -7.495 25.4 2.006
   vertex -7.525 25.3 2.006
  endloop
 endfacet
  facet normal 0 0 0
    outer loop
   vertex -7.578 25.3 2.006
   vertex -7.63 25.325 2.006
   vertex -7.495 25.4 2.006
  endloop
 endfacet
  facet normal 0 0 0
    outer loop
   vertex -7.63 25.3 2.006
   vertex -7.63 25.325 2.006
   vertex -7.578 25.3 2.006
  endloop
 endfacet
  facet normal 0 0 0
    outer loop
   vertex -7.315 25.3 2.006
   vertex -7.345 25.4 2.006
   vertex -7.263 25.3 2.006
  endloop
 endfacet
  facet normal 0 0 0
    outer loop
   vertex -7.263 25.3 2.006
   vertex -7.21 25.325 2.006
   vertex -7.21 25.3 2.006
  endloop
 endfacet
  facet normal 0 0 0
    outer loop
   vertex -7.263 25.3 2.006
   vertex -7.345 25.4 2.006
   vertex -7.21 25.325 2.006
  endloop
 endfacet
  facet normal 0 0 0
    outer loop
   vertex -7.345 25.55 2.006
   vertex -7.315 25.65 2.006
   vertex -7.263 25.65 2.006
  endloop
 endfacet
  facet normal 0 0 0
    outer loop
   vertex -7.63 23.625 2.006
   vertex -7.63 23.925 2.006
   vertex -7.495 23.7 2.006
  endloop
 endfacet
  facet normal 0 0 0
    outer loop
   vertex -7.525 23.6 2.006
   vertex -7.495 23.7 2.006
   vertex -7.42 23.6 2.006
  endloop
 endfacet
  facet normal 0 0 0
    outer loop
   vertex -7.42 23.6 2.006
   vertex -7.345 23.7 2.006
   vertex -7.315 23.6 2.006
  endloop
 endfacet
  facet normal 0 0 0
    outer loop
   vertex -7.345 23.85 2.006
   vertex -7.42 23.95 2.006
   vertex -7.315 23.95 2.006
  endloop
 endfacet
  facet normal 0 0 0
    outer loop
   vertex -7.578 23.6 2.006
   vertex -7.495 23.7 2.006
   vertex -7.525 23.6 2.006
  endloop
 endfacet
  facet normal 0 0 0
    outer loop
   vertex -7.578 23.6 2.006
   vertex -7.63 23.625 2.006
   vertex -7.495 23.7 2.006
  endloop
 endfacet
  facet normal 0 0 0
    outer loop
   vertex -7.63 23.6 2.006
   vertex -7.63 23.625 2.006
   vertex -7.578 23.6 2.006
  endloop
 endfacet
  facet normal 0 0 0
    outer loop
   vertex -7.315 23.6 2.006
   vertex -7.345 23.7 2.006
   vertex -7.263 23.6 2.006
  endloop
 endfacet
  facet normal 0 0 0
    outer loop
   vertex -7.263 23.6 2.006
   vertex -7.21 23.625 2.006
   vertex -7.21 23.6 2.006
  endloop
 endfacet
  facet normal 0 0 0
    outer loop
   vertex -7.263 23.6 2.006
   vertex -7.345 23.7 2.006
   vertex -7.21 23.625 2.006
  endloop
 endfacet
  facet normal 0 0 0
    outer loop
   vertex -7.345 23.85 2.006
   vertex -7.315 23.95 2.006
   vertex -7.263 23.95 2.006
  endloop
 endfacet
  facet normal 0 0 0
    outer loop
   vertex -7.345 23.85 2.006
   vertex -7.263 23.95 2.006
   vertex -7.21 23.925 2.006
  endloop
 endfacet
  facet normal 0 0 0
    outer loop
   vertex -7.21 23.925 2.006
   vertex -7.263 23.95 2.006
   vertex -7.21 23.95 2.006
  endloop
 endfacet
  facet normal 0 0 0
    outer loop
   vertex -7.495 23.85 2.006
   vertex -7.578 23.95 2.006
   vertex -7.525 23.95 2.006
  endloop
 endfacet
  facet normal 0 0 0
    outer loop
   vertex -7.63 23.925 2.006
   vertex -7.63 23.95 2.006
   vertex -7.578 23.95 2.006
  endloop
 endfacet
  facet normal 0 0 0
    outer loop
   vertex -7.495 23.85 2.006
   vertex -7.63 23.925 2.006
   vertex -7.578 23.95 2.006
  endloop
 endfacet
  facet normal 0 0 0
    outer loop
   vertex -7.495 23.85 2.006
   vertex -7.525 23.95 2.006
   vertex -7.42 23.95 2.006
  endloop
 endfacet
  facet normal 0 0 0
    outer loop
   vertex -7.63 23.625 2.006
   vertex -8.225 23.925 2.006
   vertex -7.63 23.925 2.006
  endloop
 endfacet
  facet normal 0 0 0
    outer loop
   vertex -7.21 23.625 2.006
   vertex -7.345 23.7 2.006
   vertex -7.21 23.925 2.006
  endloop
 endfacet
  facet normal 0 0 0
    outer loop
   vertex -7.345 23.7 2.006
   vertex -7.345 23.85 2.006
   vertex -7.21 23.925 2.006
  endloop
 endfacet
  facet normal 0 0 0
    outer loop
   vertex -7.495 23.7 2.006
   vertex -7.63 23.925 2.006
   vertex -7.495 23.85 2.006
  endloop
 endfacet
  facet normal 0 0 0
    outer loop
   vertex -7.42 23.6 2.006
   vertex -7.495 23.7 2.006
   vertex -7.345 23.7 2.006
  endloop
 endfacet
  facet normal 0 0 0
    outer loop
   vertex -7.495 23.85 2.006
   vertex -7.42 23.95 2.006
   vertex -7.345 23.85 2.006
  endloop
 endfacet
  facet normal 0 0 0
    outer loop
   vertex -6.155 23.85 2.006
   vertex -6.073 23.95 2.006
   vertex -6.02 23.925 2.006
  endloop
 endfacet
  facet normal 0 0 0
    outer loop
   vertex -6.02 23.925 2.006
   vertex -6.073 23.95 2.006
   vertex -6.02 23.95 2.006
  endloop
 endfacet
  facet normal 0 0 0
    outer loop
   vertex -6.305 23.85 2.006
   vertex -6.388 23.95 2.006
   vertex -6.335 23.95 2.006
  endloop
 endfacet
  facet normal 0 0 0
    outer loop
   vertex -6.44 23.925 2.006
   vertex -6.44 23.95 2.006
   vertex -6.388 23.95 2.006
  endloop
 endfacet
  facet normal 0 0 0
    outer loop
   vertex -6.305 23.85 2.006
   vertex -6.44 23.925 2.006
   vertex -6.388 23.95 2.006
  endloop
 endfacet
  facet normal 0 0 0
    outer loop
   vertex -4.778 23.6 2.006
   vertex -4.695 23.7 2.006
   vertex -4.725 23.6 2.006
  endloop
 endfacet
  facet normal 0 0 0
    outer loop
   vertex -4.778 23.6 2.006
   vertex -4.83 23.625 2.006
   vertex -4.695 23.7 2.006
  endloop
 endfacet
  facet normal 0 0 0
    outer loop
   vertex -4.83 23.6 2.006
   vertex -4.83 23.625 2.006
   vertex -4.778 23.6 2.006
  endloop
 endfacet
  facet normal 0 0 0
    outer loop
   vertex -4.695 23.85 2.006
   vertex -4.778 23.95 2.006
   vertex -4.725 23.95 2.006
  endloop
 endfacet
  facet normal 0 0 0
    outer loop
   vertex -4.83 23.925 2.006
   vertex -4.83 23.95 2.006
   vertex -4.778 23.95 2.006
  endloop
 endfacet
  facet normal 0 0 0
    outer loop
   vertex -4.695 23.85 2.006
   vertex -4.83 23.925 2.006
   vertex -4.778 23.95 2.006
  endloop
 endfacet
  facet normal 0 0 0
    outer loop
   vertex -4.695 23.85 2.006
   vertex -4.725 23.95 2.006
   vertex -4.62 23.95 2.006
  endloop
 endfacet
  facet normal 0 0 0
    outer loop
   vertex -6.305 23.85 2.006
   vertex -6.23 23.95 2.006
   vertex -6.155 23.85 2.006
  endloop
 endfacet
  facet normal 0 0 0
    outer loop
   vertex -4.62 23.6 2.006
   vertex -4.545 23.7 2.006
   vertex -4.41 23.6 2.006
  endloop
 endfacet
  facet normal 0 0 0
    outer loop
   vertex -4.62 23.6 2.006
   vertex -4.695 23.7 2.006
   vertex -4.545 23.7 2.006
  endloop
 endfacet
  facet normal 0 0 0
    outer loop
   vertex -4.545 23.85 2.006
   vertex -4.62 23.95 2.006
   vertex -4.41 23.95 2.006
  endloop
 endfacet
  facet normal 0 0 0
    outer loop
   vertex -4.695 23.85 2.006
   vertex -4.62 23.95 2.006
   vertex -4.545 23.85 2.006
  endloop
 endfacet
  facet normal 0 0 0
    outer loop
   vertex -4.83 23.625 2.006
   vertex -5.425 23.925 2.006
   vertex -4.83 23.925 2.006
  endloop
 endfacet
  facet normal 0 0 0
    outer loop
   vertex -6.02 23.625 2.006
   vertex -5.425 23.925 2.006
   vertex -4.83 23.625 2.006
  endloop
 endfacet
  facet normal 0 0 0
    outer loop
   vertex -4.83 23.625 2.006
   vertex -4.83 23.925 2.006
   vertex -4.695 23.7 2.006
  endloop
 endfacet
  facet normal 0 0 0
    outer loop
   vertex -4.41 23.6 2.006
   vertex -4.545 23.7 2.006
   vertex -4.41 23.95 2.006
  endloop
 endfacet
  facet normal 0 0 0
    outer loop
   vertex -4.545 23.7 2.006
   vertex -4.545 23.85 2.006
   vertex -4.41 23.95 2.006
  endloop
 endfacet
  facet normal 0 0 0
    outer loop
   vertex -4.695 23.7 2.006
   vertex -4.83 23.925 2.006
   vertex -4.695 23.85 2.006
  endloop
 endfacet
  facet normal 0 0 0
    outer loop
   vertex -6.155 23.7 2.006
   vertex -6.155 23.85 2.006
   vertex -6.02 23.925 2.006
  endloop
 endfacet
  facet normal 0 0 0
    outer loop
   vertex -6.44 23.625 2.006
   vertex -6.44 23.925 2.006
   vertex -6.305 23.7 2.006
  endloop
 endfacet
  facet normal 0 0 0
    outer loop
   vertex -6.02 23.625 2.006
   vertex -6.155 23.7 2.006
   vertex -6.02 23.925 2.006
  endloop
 endfacet
  facet normal 0 0 0
    outer loop
   vertex -6.305 23.7 2.006
   vertex -6.44 23.925 2.006
   vertex -6.305 23.85 2.006
  endloop
 endfacet
  facet normal 0 0 0
    outer loop
   vertex -6.02 23.625 2.006
   vertex -6.02 23.925 2.006
   vertex -5.425 23.925 2.006
  endloop
 endfacet
  facet normal 0 0 0
    outer loop
   vertex -6.23 23.6 2.006
   vertex -6.305 23.7 2.006
   vertex -6.155 23.7 2.006
  endloop
 endfacet
  facet normal 0 0 0
    outer loop
   vertex -6.335 23.6 2.006
   vertex -6.305 23.7 2.006
   vertex -6.23 23.6 2.006
  endloop
 endfacet
  facet normal 0 0 0
    outer loop
   vertex -6.23 23.6 2.006
   vertex -6.155 23.7 2.006
   vertex -6.125 23.6 2.006
  endloop
 endfacet
  facet normal 0 0 0
    outer loop
   vertex -6.155 23.85 2.006
   vertex -6.23 23.95 2.006
   vertex -6.125 23.95 2.006
  endloop
 endfacet
  facet normal 0 0 0
    outer loop
   vertex -6.305 23.85 2.006
   vertex -6.335 23.95 2.006
   vertex -6.23 23.95 2.006
  endloop
 endfacet
  facet normal 0 0 0
    outer loop
   vertex -4.725 23.6 2.006
   vertex -4.695 23.7 2.006
   vertex -4.62 23.6 2.006
  endloop
 endfacet
  facet normal 0 0 0
    outer loop
   vertex -6.388 23.6 2.006
   vertex -6.305 23.7 2.006
   vertex -6.335 23.6 2.006
  endloop
 endfacet
  facet normal 0 0 0
    outer loop
   vertex -6.388 23.6 2.006
   vertex -6.44 23.625 2.006
   vertex -6.305 23.7 2.006
  endloop
 endfacet
  facet normal 0 0 0
    outer loop
   vertex -6.44 23.6 2.006
   vertex -6.44 23.625 2.006
   vertex -6.388 23.6 2.006
  endloop
 endfacet
  facet normal 0 0 0
    outer loop
   vertex -6.125 23.6 2.006
   vertex -6.155 23.7 2.006
   vertex -6.073 23.6 2.006
  endloop
 endfacet
  facet normal 0 0 0
    outer loop
   vertex -6.073 23.6 2.006
   vertex -6.02 23.625 2.006
   vertex -6.02 23.6 2.006
  endloop
 endfacet
  facet normal 0 0 0
    outer loop
   vertex -6.073 23.6 2.006
   vertex -6.155 23.7 2.006
   vertex -6.02 23.625 2.006
  endloop
 endfacet
  facet normal 0 0 0
    outer loop
   vertex -6.155 23.85 2.006
   vertex -6.125 23.95 2.006
   vertex -6.073 23.95 2.006
  endloop
 endfacet
  facet normal 0 0 0
    outer loop
   vertex -9.92 25.325 2.006
   vertex -9.345 25.625 2.006
   vertex -9.24 25.325 2.006
  endloop
 endfacet
  facet normal 0 0 0
    outer loop
   vertex -10.6 25.325 2.006
   vertex -11.072 25.625 2.006
   vertex -9.92 25.325 2.006
  endloop
 endfacet
  facet normal 0 0 0
    outer loop
   vertex -9.03 23.6 2.006
   vertex -9.105 23.7 2.006
   vertex -8.955 23.7 2.006
  endloop
 endfacet
  facet normal 0 0 0
    outer loop
   vertex -9.105 23.85 2.006
   vertex -9.03 23.95 2.006
   vertex -8.955 23.85 2.006
  endloop
 endfacet
  facet normal 0 0 0
    outer loop
   vertex -9.92 25.325 2.006
   vertex -11.072 25.625 2.006
   vertex -9.345 25.625 2.006
  endloop
 endfacet
  facet normal 0 0 0
    outer loop
   vertex -8.955 25.4 2.006
   vertex -8.955 25.55 2.006
   vertex -8.82 25.625 2.006
  endloop
 endfacet
  facet normal 0 0 0
    outer loop
   vertex -9.105 25.4 2.006
   vertex -9.24 25.625 2.006
   vertex -9.105 25.55 2.006
  endloop
 endfacet
  facet normal 0 0 0
    outer loop
   vertex -9.24 23.625 2.006
   vertex -9.24 23.925 2.006
   vertex -9.105 23.7 2.006
  endloop
 endfacet
  facet normal 0 0 0
    outer loop
   vertex -9.135 25.3 2.006
   vertex -9.105 25.4 2.006
   vertex -9.03 25.3 2.006
  endloop
 endfacet
  facet normal 0 0 0
    outer loop
   vertex -9.03 25.3 2.006
   vertex -8.955 25.4 2.006
   vertex -8.925 25.3 2.006
  endloop
 endfacet
  facet normal 0 0 0
    outer loop
   vertex -8.955 25.55 2.006
   vertex -9.03 25.65 2.006
   vertex -8.925 25.65 2.006
  endloop
 endfacet
  facet normal 0 0 0
    outer loop
   vertex -9.105 25.55 2.006
   vertex -9.135 25.65 2.006
   vertex -9.03 25.65 2.006
  endloop
 endfacet
  facet normal 0 0 0
    outer loop
   vertex -8.82 23.625 2.006
   vertex -8.955 23.7 2.006
   vertex -8.82 23.925 2.006
  endloop
 endfacet
  facet normal 0 0 0
    outer loop
   vertex -8.955 23.7 2.006
   vertex -8.955 23.85 2.006
   vertex -8.82 23.925 2.006
  endloop
 endfacet
  facet normal 0 0 0
    outer loop
   vertex -9.105 23.7 2.006
   vertex -9.24 23.925 2.006
   vertex -9.105 23.85 2.006
  endloop
 endfacet
  facet normal 0 0 0
    outer loop
   vertex -10.6 23.625 2.006
   vertex -10.9 24.116 2.006
   vertex -10.6 23.925 2.006
  endloop
 endfacet
  facet normal 0 0 0
    outer loop
   vertex -9.03 25.3 2.006
   vertex -9.105 25.4 2.006
   vertex -8.955 25.4 2.006
  endloop
 endfacet
  facet normal 0 0 0
    outer loop
   vertex -9.188 25.3 2.006
   vertex -9.105 25.4 2.006
   vertex -9.135 25.3 2.006
  endloop
 endfacet
  facet normal 0 0 0
    outer loop
   vertex -9.188 25.3 2.006
   vertex -9.24 25.325 2.006
   vertex -9.105 25.4 2.006
  endloop
 endfacet
  facet normal 0 0 0
    outer loop
   vertex -9.24 25.3 2.006
   vertex -9.24 25.325 2.006
   vertex -9.188 25.3 2.006
  endloop
 endfacet
  facet normal 0 0 0
    outer loop
   vertex -8.925 25.3 2.006
   vertex -8.955 25.4 2.006
   vertex -8.873 25.3 2.006
  endloop
 endfacet
  facet normal 0 0 0
    outer loop
   vertex -8.873 25.3 2.006
   vertex -8.82 25.325 2.006
   vertex -8.82 25.3 2.006
  endloop
 endfacet
  facet normal 0 0 0
    outer loop
   vertex -8.873 25.3 2.006
   vertex -8.955 25.4 2.006
   vertex -8.82 25.325 2.006
  endloop
 endfacet
  facet normal 0 0 0
    outer loop
   vertex -8.955 25.55 2.006
   vertex -8.925 25.65 2.006
   vertex -8.873 25.65 2.006
  endloop
 endfacet
  facet normal 0 0 0
    outer loop
   vertex -8.955 25.55 2.006
   vertex -8.873 25.65 2.006
   vertex -8.82 25.625 2.006
  endloop
 endfacet
  facet normal 0 0 0
    outer loop
   vertex -8.82 25.625 2.006
   vertex -8.873 25.65 2.006
   vertex -8.82 25.65 2.006
  endloop
 endfacet
  facet normal 0 0 0
    outer loop
   vertex -9.105 25.55 2.006
   vertex -9.188 25.65 2.006
   vertex -9.135 25.65 2.006
  endloop
 endfacet
  facet normal 0 0 0
    outer loop
   vertex -9.24 25.625 2.006
   vertex -9.24 25.65 2.006
   vertex -9.188 25.65 2.006
  endloop
 endfacet
  facet normal 0 0 0
    outer loop
   vertex -9.105 25.55 2.006
   vertex -9.24 25.625 2.006
   vertex -9.188 25.65 2.006
  endloop
 endfacet
  facet normal 0 0 0
    outer loop
   vertex -9.105 25.55 2.006
   vertex -9.03 25.65 2.006
   vertex -8.955 25.55 2.006
  endloop
 endfacet
  facet normal 0 0 0
    outer loop
   vertex -9.24 25.325 2.006
   vertex -9.24 25.625 2.006
   vertex -9.105 25.4 2.006
  endloop
 endfacet
  facet normal 0 0 0
    outer loop
   vertex -8.82 25.325 2.006
   vertex -8.955 25.4 2.006
   vertex -8.82 25.625 2.006
  endloop
 endfacet
  facet normal 0 0 0
    outer loop
   vertex -9.24 25.325 2.006
   vertex -9.345 25.625 2.006
   vertex -9.24 25.625 2.006
  endloop
 endfacet
  facet normal 0 0 0
    outer loop
   vertex -10.6 23.925 2.006
   vertex -10.9 24.116 2.006
   vertex -10.6 24.625 2.006
  endloop
 endfacet
  facet normal 0 0 0
    outer loop
   vertex -9.188 23.6 2.006
   vertex -9.105 23.7 2.006
   vertex -9.135 23.6 2.006
  endloop
 endfacet
  facet normal 0 0 0
    outer loop
   vertex -9.188 23.6 2.006
   vertex -9.24 23.625 2.006
   vertex -9.105 23.7 2.006
  endloop
 endfacet
  facet normal 0 0 0
    outer loop
   vertex -9.24 23.6 2.006
   vertex -9.24 23.625 2.006
   vertex -9.188 23.6 2.006
  endloop
 endfacet
  facet normal 0 0 0
    outer loop
   vertex -8.925 23.6 2.006
   vertex -8.955 23.7 2.006
   vertex -8.873 23.6 2.006
  endloop
 endfacet
  facet normal 0 0 0
    outer loop
   vertex -8.873 23.6 2.006
   vertex -8.82 23.625 2.006
   vertex -8.82 23.6 2.006
  endloop
 endfacet
  facet normal 0 0 0
    outer loop
   vertex -8.873 23.6 2.006
   vertex -8.955 23.7 2.006
   vertex -8.82 23.625 2.006
  endloop
 endfacet
  facet normal 0 0 0
    outer loop
   vertex -8.955 23.85 2.006
   vertex -8.925 23.95 2.006
   vertex -8.873 23.95 2.006
  endloop
 endfacet
  facet normal 0 0 0
    outer loop
   vertex -8.955 23.85 2.006
   vertex -8.873 23.95 2.006
   vertex -8.82 23.925 2.006
  endloop
 endfacet
  facet normal 0 0 0
    outer loop
   vertex -8.82 23.925 2.006
   vertex -8.873 23.95 2.006
   vertex -8.82 23.95 2.006
  endloop
 endfacet
  facet normal 0 0 0
    outer loop
   vertex -9.105 23.85 2.006
   vertex -9.188 23.95 2.006
   vertex -9.135 23.95 2.006
  endloop
 endfacet
  facet normal 0 0 0
    outer loop
   vertex -9.24 23.925 2.006
   vertex -9.24 23.95 2.006
   vertex -9.188 23.95 2.006
  endloop
 endfacet
  facet normal 0 0 0
    outer loop
   vertex -9.105 23.85 2.006
   vertex -9.24 23.925 2.006
   vertex -9.188 23.95 2.006
  endloop
 endfacet
  facet normal 0 0 0
    outer loop
   vertex -10.9 24.116 2.006
   vertex -10.9 25.325 2.006
   vertex -10.6 24.625 2.006
  endloop
 endfacet
  facet normal 0 0 0
    outer loop
   vertex -10.6 23.625 2.006
   vertex -10.6 23.925 2.006
   vertex -9.92 23.925 2.006
  endloop
 endfacet
  facet normal 0 0 0
    outer loop
   vertex -9.24 23.625 2.006
   vertex -9.92 23.925 2.006
   vertex -9.24 23.925 2.006
  endloop
 endfacet
  facet normal 0 0 0
    outer loop
   vertex -10.6 23.625 2.006
   vertex -9.92 23.925 2.006
   vertex -9.24 23.625 2.006
  endloop
 endfacet
  facet normal 0 0 0
    outer loop
   vertex -11.85 25.325 2.006
   vertex -11.072 25.625 2.006
   vertex -10.9 25.325 2.006
  endloop
 endfacet
  facet normal 0 0 0
    outer loop
   vertex -12.8 25.325 2.006
   vertex -12.8 25.625 2.006
   vertex -11.85 25.325 2.006
  endloop
 endfacet
  facet normal 0 0 0
    outer loop
   vertex -11.85 25.325 2.006
   vertex -12.8 25.625 2.006
   vertex -11.072 25.625 2.006
  endloop
 endfacet
  facet normal 0 0 0
    outer loop
   vertex -9.135 23.6 2.006
   vertex -9.105 23.7 2.006
   vertex -9.03 23.6 2.006
  endloop
 endfacet
  facet normal 0 0 0
    outer loop
   vertex -9.03 23.6 2.006
   vertex -8.955 23.7 2.006
   vertex -8.925 23.6 2.006
  endloop
 endfacet
  facet normal 0 0 0
    outer loop
   vertex -8.955 23.85 2.006
   vertex -9.03 23.95 2.006
   vertex -8.925 23.95 2.006
  endloop
 endfacet
  facet normal 0 0 0
    outer loop
   vertex -9.105 23.85 2.006
   vertex -9.135 23.95 2.006
   vertex -9.03 23.95 2.006
  endloop
 endfacet
  facet normal 0 0 0
    outer loop
   vertex -10.6 24.625 2.006
   vertex -10.9 25.325 2.006
   vertex -10.6 25.325 2.006
  endloop
 endfacet
  facet normal 0 0 0
    outer loop
   vertex -10.9 25.325 2.006
   vertex -11.072 25.625 2.006
   vertex -10.6 25.325 2.006
  endloop
 endfacet
  facet normal 0 0 0
    outer loop
   vertex -9.105 20.45 2.006
   vertex -9.135 20.55 2.006
   vertex -9.03 20.55 2.006
  endloop
 endfacet
  facet normal 0 0 0
    outer loop
   vertex -9.135 21.9 2.006
   vertex -9.105 22 2.006
   vertex -9.03 21.9 2.006
  endloop
 endfacet
  facet normal 0 0 0
    outer loop
   vertex -9.188 20.2 2.006
   vertex -9.105 20.3 2.006
   vertex -9.135 20.2 2.006
  endloop
 endfacet
  facet normal 0 0 0
    outer loop
   vertex -9.188 20.2 2.006
   vertex -9.24 20.225 2.006
   vertex -9.105 20.3 2.006
  endloop
 endfacet
  facet normal 0 0 0
    outer loop
   vertex -9.24 20.2 2.006
   vertex -9.24 20.225 2.006
   vertex -9.188 20.2 2.006
  endloop
 endfacet
  facet normal 0 0 0
    outer loop
   vertex -8.925 20.2 2.006
   vertex -8.955 20.3 2.006
   vertex -8.873 20.2 2.006
  endloop
 endfacet
  facet normal 0 0 0
    outer loop
   vertex -8.873 20.2 2.006
   vertex -8.82 20.225 2.006
   vertex -8.82 20.2 2.006
  endloop
 endfacet
  facet normal 0 0 0
    outer loop
   vertex -8.873 20.2 2.006
   vertex -8.955 20.3 2.006
   vertex -8.82 20.225 2.006
  endloop
 endfacet
  facet normal 0 0 0
    outer loop
   vertex -8.955 20.45 2.006
   vertex -8.925 20.55 2.006
   vertex -8.873 20.55 2.006
  endloop
 endfacet
  facet normal 0 0 0
    outer loop
   vertex -8.955 20.45 2.006
   vertex -8.873 20.55 2.006
   vertex -8.82 20.525 2.006
  endloop
 endfacet
  facet normal 0 0 0
    outer loop
   vertex -8.82 20.525 2.006
   vertex -8.873 20.55 2.006
   vertex -8.82 20.55 2.006
  endloop
 endfacet
  facet normal 0 0 0
    outer loop
   vertex -9.105 20.45 2.006
   vertex -9.188 20.55 2.006
   vertex -9.135 20.55 2.006
  endloop
 endfacet
  facet normal 0 0 0
    outer loop
   vertex -9.24 20.525 2.006
   vertex -9.24 20.55 2.006
   vertex -9.188 20.55 2.006
  endloop
 endfacet
  facet normal 0 0 0
    outer loop
   vertex -9.105 20.45 2.006
   vertex -9.24 20.525 2.006
   vertex -9.188 20.55 2.006
  endloop
 endfacet
  facet normal 0 0 0
    outer loop
   vertex -9.188 21.9 2.006
   vertex -9.105 22 2.006
   vertex -9.135 21.9 2.006
  endloop
 endfacet
  facet normal 0 0 0
    outer loop
   vertex -9.188 21.9 2.006
   vertex -9.24 21.925 2.006
   vertex -9.105 22 2.006
  endloop
 endfacet
  facet normal 0 0 0
    outer loop
   vertex -9.24 21.9 2.006
   vertex -9.24 21.925 2.006
   vertex -9.188 21.9 2.006
  endloop
 endfacet
  facet normal 0 0 0
    outer loop
   vertex -8.925 21.9 2.006
   vertex -8.955 22 2.006
   vertex -8.873 21.9 2.006
  endloop
 endfacet
  facet normal 0 0 0
    outer loop
   vertex -8.873 21.9 2.006
   vertex -8.82 21.925 2.006
   vertex -8.82 21.9 2.006
  endloop
 endfacet
  facet normal 0 0 0
    outer loop
   vertex -8.873 21.9 2.006
   vertex -8.955 22 2.006
   vertex -8.82 21.925 2.006
  endloop
 endfacet
  facet normal 0 0 0
    outer loop
   vertex -8.955 22.15 2.006
   vertex -8.925 22.25 2.006
   vertex -8.873 22.25 2.006
  endloop
 endfacet
  facet normal 0 0 0
    outer loop
   vertex -8.955 22.15 2.006
   vertex -8.873 22.25 2.006
   vertex -8.82 22.225 2.006
  endloop
 endfacet
  facet normal 0 0 0
    outer loop
   vertex -8.82 22.225 2.006
   vertex -8.873 22.25 2.006
   vertex -8.82 22.25 2.006
  endloop
 endfacet
  facet normal 0 0 0
    outer loop
   vertex -9.105 22.15 2.006
   vertex -9.188 22.25 2.006
   vertex -9.135 22.25 2.006
  endloop
 endfacet
  facet normal 0 0 0
    outer loop
   vertex -9.24 22.225 2.006
   vertex -9.24 22.25 2.006
   vertex -9.188 22.25 2.006
  endloop
 endfacet
  facet normal 0 0 0
    outer loop
   vertex -9.105 22.15 2.006
   vertex -9.24 22.225 2.006
   vertex -9.188 22.25 2.006
  endloop
 endfacet
  facet normal 0 0 0
    outer loop
   vertex -9.03 21.9 2.006
   vertex -8.955 22 2.006
   vertex -8.925 21.9 2.006
  endloop
 endfacet
  facet normal 0 0 0
    outer loop
   vertex -8.955 22.15 2.006
   vertex -9.03 22.25 2.006
   vertex -8.925 22.25 2.006
  endloop
 endfacet
  facet normal 0 0 0
    outer loop
   vertex -9.105 22.15 2.006
   vertex -9.135 22.25 2.006
   vertex -9.03 22.25 2.006
  endloop
 endfacet
  facet normal 0 0 0
    outer loop
   vertex -9.105 22 2.006
   vertex -9.24 22.225 2.006
   vertex -9.105 22.15 2.006
  endloop
 endfacet
  facet normal 0 0 0
    outer loop
   vertex -9.24 20.225 2.006
   vertex -9.24 20.525 2.006
   vertex -9.105 20.3 2.006
  endloop
 endfacet
  facet normal 0 0 0
    outer loop
   vertex -8.82 20.225 2.006
   vertex -8.955 20.3 2.006
   vertex -8.82 20.525 2.006
  endloop
 endfacet
  facet normal 0 0 0
    outer loop
   vertex -8.955 20.3 2.006
   vertex -8.955 20.45 2.006
   vertex -8.82 20.525 2.006
  endloop
 endfacet
  facet normal 0 0 0
    outer loop
   vertex -9.105 20.3 2.006
   vertex -9.24 20.525 2.006
   vertex -9.105 20.45 2.006
  endloop
 endfacet
  facet normal 0 0 0
    outer loop
   vertex -10.9 20.225 2.006
   vertex -10.9 21.436 2.006
   vertex -10.6 20.525 2.006
  endloop
 endfacet
  facet normal 0 0 0
    outer loop
   vertex -10.6 20.525 2.006
   vertex -10.9 21.436 2.006
   vertex -10.6 21.925 2.006
  endloop
 endfacet
  facet normal 0 0 0
    outer loop
   vertex -9.24 21.925 2.006
   vertex -9.24 22.225 2.006
   vertex -9.105 22 2.006
  endloop
 endfacet
  facet normal 0 0 0
    outer loop
   vertex -10.9 20.225 2.006
   vertex -10.6 20.525 2.006
   vertex -10.07 20.225 2.006
  endloop
 endfacet
  facet normal 0 0 0
    outer loop
   vertex -10.07 20.225 2.006
   vertex -9.24 20.525 2.006
   vertex -9.24 20.225 2.006
  endloop
 endfacet
  facet normal 0 0 0
    outer loop
   vertex -10.07 20.225 2.006
   vertex -10.6 20.525 2.006
   vertex -9.24 20.525 2.006
  endloop
 endfacet
  facet normal 0 0 0
    outer loop
   vertex -8.82 21.925 2.006
   vertex -8.955 22 2.006
   vertex -8.82 22.225 2.006
  endloop
 endfacet
  facet normal 0 0 0
    outer loop
   vertex -8.955 22 2.006
   vertex -8.955 22.15 2.006
   vertex -8.82 22.225 2.006
  endloop
 endfacet
  facet normal 0 0 0
    outer loop
   vertex -9.03 20.2 2.006
   vertex -9.105 20.3 2.006
   vertex -8.955 20.3 2.006
  endloop
 endfacet
  facet normal 0 0 0
    outer loop
   vertex -9.105 20.45 2.006
   vertex -9.03 20.55 2.006
   vertex -8.955 20.45 2.006
  endloop
 endfacet
  facet normal 0 0 0
    outer loop
   vertex -9.03 21.9 2.006
   vertex -9.105 22 2.006
   vertex -8.955 22 2.006
  endloop
 endfacet
  facet normal 0 0 0
    outer loop
   vertex -9.105 22.15 2.006
   vertex -9.03 22.25 2.006
   vertex -8.955 22.15 2.006
  endloop
 endfacet
  facet normal 0 0 0
    outer loop
   vertex -10.6 21.925 2.006
   vertex -10.6 22.225 2.006
   vertex -9.92 21.925 2.006
  endloop
 endfacet
  facet normal 0 0 0
    outer loop
   vertex -9.92 21.925 2.006
   vertex -9.24 22.225 2.006
   vertex -9.24 21.925 2.006
  endloop
 endfacet
  facet normal 0 0 0
    outer loop
   vertex -9.92 21.925 2.006
   vertex -10.6 22.225 2.006
   vertex -9.24 22.225 2.006
  endloop
 endfacet
  facet normal 0 0 0
    outer loop
   vertex -10.9 21.436 2.006
   vertex -10.9 22.042 2.006
   vertex -10.6 21.925 2.006
  endloop
 endfacet
  facet normal 0 0 0
    outer loop
   vertex -10.6 21.925 2.006
   vertex -10.9 22.042 2.006
   vertex -10.6 22.225 2.006
  endloop
 endfacet
  facet normal 0 0 0
    outer loop
   vertex -10.9 22.042 2.006
   vertex -10.9 22.648 2.006
   vertex -10.6 22.225 2.006
  endloop
 endfacet
  facet normal 0 0 0
    outer loop
   vertex -9.135 20.2 2.006
   vertex -9.105 20.3 2.006
   vertex -9.03 20.2 2.006
  endloop
 endfacet
  facet normal 0 0 0
    outer loop
   vertex -9.03 20.2 2.006
   vertex -8.955 20.3 2.006
   vertex -8.925 20.2 2.006
  endloop
 endfacet
  facet normal 0 0 0
    outer loop
   vertex -8.955 20.45 2.006
   vertex -9.03 20.55 2.006
   vertex -8.925 20.55 2.006
  endloop
 endfacet
  facet normal 0 0 0
    outer loop
   vertex -6.44 21.925 2.006
   vertex -7.21 22.225 2.006
   vertex -6.44 22.225 2.006
  endloop
 endfacet
  facet normal 0 0 0
    outer loop
   vertex -7.21 21.925 2.006
   vertex -7.21 22.225 2.006
   vertex -6.44 21.925 2.006
  endloop
 endfacet
  facet normal 0 0 0
    outer loop
   vertex -6.44 20.225 2.006
   vertex -7.21 20.525 2.006
   vertex -6.44 20.525 2.006
  endloop
 endfacet
  facet normal 0 0 0
    outer loop
   vertex -7.21 20.225 2.006
   vertex -7.21 20.525 2.006
   vertex -6.44 20.225 2.006
  endloop
 endfacet
  facet normal 0 0 0
    outer loop
   vertex -6.125 21.9 2.006
   vertex -6.155 22 2.006
   vertex -6.073 21.9 2.006
  endloop
 endfacet
  facet normal 0 0 0
    outer loop
   vertex -6.073 21.9 2.006
   vertex -6.02 21.925 2.006
   vertex -6.02 21.9 2.006
  endloop
 endfacet
  facet normal 0 0 0
    outer loop
   vertex -6.073 21.9 2.006
   vertex -6.155 22 2.006
   vertex -6.02 21.925 2.006
  endloop
 endfacet
  facet normal 0 0 0
    outer loop
   vertex -6.155 22.15 2.006
   vertex -6.125 22.25 2.006
   vertex -6.073 22.25 2.006
  endloop
 endfacet
  facet normal 0 0 0
    outer loop
   vertex -6.155 22.15 2.006
   vertex -6.073 22.25 2.006
   vertex -6.02 22.225 2.006
  endloop
 endfacet
  facet normal 0 0 0
    outer loop
   vertex -6.02 22.225 2.006
   vertex -6.073 22.25 2.006
   vertex -6.02 22.25 2.006
  endloop
 endfacet
  facet normal 0 0 0
    outer loop
   vertex -6.305 22.15 2.006
   vertex -6.388 22.25 2.006
   vertex -6.335 22.25 2.006
  endloop
 endfacet
  facet normal 0 0 0
    outer loop
   vertex -6.44 22.225 2.006
   vertex -6.44 22.25 2.006
   vertex -6.388 22.25 2.006
  endloop
 endfacet
  facet normal 0 0 0
    outer loop
   vertex -6.305 22.15 2.006
   vertex -6.44 22.225 2.006
   vertex -6.388 22.25 2.006
  endloop
 endfacet
  facet normal 0 0 0
    outer loop
   vertex -4.778 21.9 2.006
   vertex -4.695 22 2.006
   vertex -4.725 21.9 2.006
  endloop
 endfacet
  facet normal 0 0 0
    outer loop
   vertex -4.778 21.9 2.006
   vertex -4.83 21.925 2.006
   vertex -4.695 22 2.006
  endloop
 endfacet
  facet normal 0 0 0
    outer loop
   vertex -4.83 21.9 2.006
   vertex -4.83 21.925 2.006
   vertex -4.778 21.9 2.006
  endloop
 endfacet
  facet normal 0 0 0
    outer loop
   vertex -4.695 22.15 2.006
   vertex -4.778 22.25 2.006
   vertex -4.725 22.25 2.006
  endloop
 endfacet
  facet normal 0 0 0
    outer loop
   vertex -4.83 22.225 2.006
   vertex -4.83 22.25 2.006
   vertex -4.778 22.25 2.006
  endloop
 endfacet
  facet normal 0 0 0
    outer loop
   vertex -4.695 22.15 2.006
   vertex -4.83 22.225 2.006
   vertex -4.778 22.25 2.006
  endloop
 endfacet
  facet normal 0 0 0
    outer loop
   vertex -6.388 21.9 2.006
   vertex -6.305 22 2.006
   vertex -6.335 21.9 2.006
  endloop
 endfacet
  facet normal 0 0 0
    outer loop
   vertex -6.388 21.9 2.006
   vertex -6.44 21.925 2.006
   vertex -6.305 22 2.006
  endloop
 endfacet
  facet normal 0 0 0
    outer loop
   vertex -6.44 21.9 2.006
   vertex -6.44 21.925 2.006
   vertex -6.388 21.9 2.006
  endloop
 endfacet
  facet normal 0 0 0
    outer loop
   vertex -6.335 21.9 2.006
   vertex -6.305 22 2.006
   vertex -6.23 21.9 2.006
  endloop
 endfacet
  facet normal 0 0 0
    outer loop
   vertex -6.23 21.9 2.006
   vertex -6.155 22 2.006
   vertex -6.125 21.9 2.006
  endloop
 endfacet
  facet normal 0 0 0
    outer loop
   vertex -6.155 22.15 2.006
   vertex -6.23 22.25 2.006
   vertex -6.125 22.25 2.006
  endloop
 endfacet
  facet normal 0 0 0
    outer loop
   vertex -6.305 22.15 2.006
   vertex -6.335 22.25 2.006
   vertex -6.23 22.25 2.006
  endloop
 endfacet
  facet normal 0 0 0
    outer loop
   vertex -4.725 21.9 2.006
   vertex -4.695 22 2.006
   vertex -4.62 21.9 2.006
  endloop
 endfacet
  facet normal 0 0 0
    outer loop
   vertex -4.695 22.15 2.006
   vertex -4.725 22.25 2.006
   vertex -4.62 22.25 2.006
  endloop
 endfacet
  facet normal 0 0 0
    outer loop
   vertex -6.23 21.9 2.006
   vertex -6.305 22 2.006
   vertex -6.155 22 2.006
  endloop
 endfacet
  facet normal 0 0 0
    outer loop
   vertex -6.305 22.15 2.006
   vertex -6.23 22.25 2.006
   vertex -6.155 22.15 2.006
  endloop
 endfacet
  facet normal 0 0 0
    outer loop
   vertex -4.62 21.9 2.006
   vertex -4.545 22 2.006
   vertex -4.41 21.9 2.006
  endloop
 endfacet
  facet normal 0 0 0
    outer loop
   vertex -4.62 21.9 2.006
   vertex -4.695 22 2.006
   vertex -4.545 22 2.006
  endloop
 endfacet
  facet normal 0 0 0
    outer loop
   vertex -4.545 22.15 2.006
   vertex -4.62 22.25 2.006
   vertex -4.41 22.25 2.006
  endloop
 endfacet
  facet normal 0 0 0
    outer loop
   vertex -4.695 22.15 2.006
   vertex -4.62 22.25 2.006
   vertex -4.545 22.15 2.006
  endloop
 endfacet
  facet normal 0 0 0
    outer loop
   vertex -6.44 21.925 2.006
   vertex -6.44 22.225 2.006
   vertex -6.305 22 2.006
  endloop
 endfacet
  facet normal 0 0 0
    outer loop
   vertex -6.02 21.925 2.006
   vertex -6.155 22 2.006
   vertex -6.02 22.225 2.006
  endloop
 endfacet
  facet normal 0 0 0
    outer loop
   vertex -6.155 22 2.006
   vertex -6.155 22.15 2.006
   vertex -6.02 22.225 2.006
  endloop
 endfacet
  facet normal 0 0 0
    outer loop
   vertex -6.305 22 2.006
   vertex -6.44 22.225 2.006
   vertex -6.305 22.15 2.006
  endloop
 endfacet
  facet normal 0 0 0
    outer loop
   vertex -4.83 21.925 2.006
   vertex -4.83 22.225 2.006
   vertex -4.695 22 2.006
  endloop
 endfacet
  facet normal 0 0 0
    outer loop
   vertex -4.41 21.9 2.006
   vertex -4.545 22 2.006
   vertex -4.41 22.25 2.006
  endloop
 endfacet
  facet normal 0 0 0
    outer loop
   vertex -4.545 22 2.006
   vertex -4.545 22.15 2.006
   vertex -4.41 22.25 2.006
  endloop
 endfacet
  facet normal 0 0 0
    outer loop
   vertex -4.695 22 2.006
   vertex -4.83 22.225 2.006
   vertex -4.695 22.15 2.006
  endloop
 endfacet
  facet normal 0 0 0
    outer loop
   vertex -6.02 21.925 2.006
   vertex -6.02 22.225 2.006
   vertex -5.425 22.225 2.006
  endloop
 endfacet
  facet normal 0 0 0
    outer loop
   vertex -4.83 21.925 2.006
   vertex -5.425 22.225 2.006
   vertex -4.83 22.225 2.006
  endloop
 endfacet
  facet normal 0 0 0
    outer loop
   vertex -6.02 21.925 2.006
   vertex -5.425 22.225 2.006
   vertex -4.83 21.925 2.006
  endloop
 endfacet
  facet normal 0 0 0
    outer loop
   vertex -7.21 21.925 2.006
   vertex -7.345 22 2.006
   vertex -7.21 22.225 2.006
  endloop
 endfacet
  facet normal 0 0 0
    outer loop
   vertex -7.42 21.9 2.006
   vertex -7.495 22 2.006
   vertex -7.345 22 2.006
  endloop
 endfacet
  facet normal 0 0 0
    outer loop
   vertex -7.495 22.15 2.006
   vertex -7.42 22.25 2.006
   vertex -7.345 22.15 2.006
  endloop
 endfacet
  facet normal 0 0 0
    outer loop
   vertex -7.315 21.9 2.006
   vertex -7.345 22 2.006
   vertex -7.263 21.9 2.006
  endloop
 endfacet
  facet normal 0 0 0
    outer loop
   vertex -7.263 21.9 2.006
   vertex -7.21 21.925 2.006
   vertex -7.21 21.9 2.006
  endloop
 endfacet
  facet normal 0 0 0
    outer loop
   vertex -7.263 21.9 2.006
   vertex -7.345 22 2.006
   vertex -7.21 21.925 2.006
  endloop
 endfacet
  facet normal 0 0 0
    outer loop
   vertex -7.345 22.15 2.006
   vertex -7.315 22.25 2.006
   vertex -7.263 22.25 2.006
  endloop
 endfacet
  facet normal 0 0 0
    outer loop
   vertex -7.345 22.15 2.006
   vertex -7.263 22.25 2.006
   vertex -7.21 22.225 2.006
  endloop
 endfacet
  facet normal 0 0 0
    outer loop
   vertex -7.21 22.225 2.006
   vertex -7.263 22.25 2.006
   vertex -7.21 22.25 2.006
  endloop
 endfacet
  facet normal 0 0 0
    outer loop
   vertex -7.345 22 2.006
   vertex -7.345 22.15 2.006
   vertex -7.21 22.225 2.006
  endloop
 endfacet
  facet normal 0 0 0
    outer loop
   vertex -7.495 22 2.006
   vertex -7.63 22.225 2.006
   vertex -7.495 22.15 2.006
  endloop
 endfacet
  facet normal 0 0 0
    outer loop
   vertex -7.525 21.9 2.006
   vertex -7.495 22 2.006
   vertex -7.42 21.9 2.006
  endloop
 endfacet
  facet normal 0 0 0
    outer loop
   vertex -7.42 21.9 2.006
   vertex -7.345 22 2.006
   vertex -7.315 21.9 2.006
  endloop
 endfacet
  facet normal 0 0 0
    outer loop
   vertex -7.345 22.15 2.006
   vertex -7.42 22.25 2.006
   vertex -7.315 22.25 2.006
  endloop
 endfacet
  facet normal 0 0 0
    outer loop
   vertex -7.495 22.15 2.006
   vertex -7.525 22.25 2.006
   vertex -7.42 22.25 2.006
  endloop
 endfacet
  facet normal 0 0 0
    outer loop
   vertex -7.495 22.15 2.006
   vertex -7.578 22.25 2.006
   vertex -7.525 22.25 2.006
  endloop
 endfacet
  facet normal 0 0 0
    outer loop
   vertex -7.63 22.225 2.006
   vertex -7.63 22.25 2.006
   vertex -7.578 22.25 2.006
  endloop
 endfacet
  facet normal 0 0 0
    outer loop
   vertex -7.495 22.15 2.006
   vertex -7.63 22.225 2.006
   vertex -7.578 22.25 2.006
  endloop
 endfacet
  facet normal 0 0 0
    outer loop
   vertex -7.578 21.9 2.006
   vertex -7.495 22 2.006
   vertex -7.525 21.9 2.006
  endloop
 endfacet
  facet normal 0 0 0
    outer loop
   vertex -7.578 21.9 2.006
   vertex -7.63 21.925 2.006
   vertex -7.495 22 2.006
  endloop
 endfacet
  facet normal 0 0 0
    outer loop
   vertex -7.63 21.9 2.006
   vertex -7.63 21.925 2.006
   vertex -7.578 21.9 2.006
  endloop
 endfacet
  facet normal 0 0 0
    outer loop
   vertex -7.63 21.925 2.006
   vertex -7.63 22.225 2.006
   vertex -7.495 22 2.006
  endloop
 endfacet
  facet normal 0 0 0
    outer loop
   vertex -7.63 21.925 2.006
   vertex -8.225 22.225 2.006
   vertex -7.63 22.225 2.006
  endloop
 endfacet
  facet normal 0 0 0
    outer loop
   vertex -7.495 20.45 2.006
   vertex -7.525 20.55 2.006
   vertex -7.42 20.55 2.006
  endloop
 endfacet
  facet normal 0 0 0
    outer loop
   vertex -7.525 20.2 2.006
   vertex -7.495 20.3 2.006
   vertex -7.42 20.2 2.006
  endloop
 endfacet
  facet normal 0 0 0
    outer loop
   vertex -7.42 20.2 2.006
   vertex -7.495 20.3 2.006
   vertex -7.345 20.3 2.006
  endloop
 endfacet
  facet normal 0 0 0
    outer loop
   vertex -7.63 20.225 2.006
   vertex -7.63 20.525 2.006
   vertex -7.495 20.3 2.006
  endloop
 endfacet
  facet normal 0 0 0
    outer loop
   vertex -7.21 20.225 2.006
   vertex -7.345 20.3 2.006
   vertex -7.21 20.525 2.006
  endloop
 endfacet
  facet normal 0 0 0
    outer loop
   vertex -7.345 20.3 2.006
   vertex -7.345 20.45 2.006
   vertex -7.21 20.525 2.006
  endloop
 endfacet
  facet normal 0 0 0
    outer loop
   vertex -7.495 20.3 2.006
   vertex -7.63 20.525 2.006
   vertex -7.495 20.45 2.006
  endloop
 endfacet
  facet normal 0 0 0
    outer loop
   vertex -7.495 20.45 2.006
   vertex -7.42 20.55 2.006
   vertex -7.345 20.45 2.006
  endloop
 endfacet
  facet normal 0 0 0
    outer loop
   vertex -7.42 20.2 2.006
   vertex -7.345 20.3 2.006
   vertex -7.315 20.2 2.006
  endloop
 endfacet
  facet normal 0 0 0
    outer loop
   vertex -7.63 20.225 2.006
   vertex -8.225 20.525 2.006
   vertex -7.63 20.525 2.006
  endloop
 endfacet
  facet normal 0 0 0
    outer loop
   vertex -7.345 20.45 2.006
   vertex -7.42 20.55 2.006
   vertex -7.315 20.55 2.006
  endloop
 endfacet
  facet normal 0 0 0
    outer loop
   vertex -7.578 20.2 2.006
   vertex -7.495 20.3 2.006
   vertex -7.525 20.2 2.006
  endloop
 endfacet
  facet normal 0 0 0
    outer loop
   vertex -7.578 20.2 2.006
   vertex -7.63 20.225 2.006
   vertex -7.495 20.3 2.006
  endloop
 endfacet
  facet normal 0 0 0
    outer loop
   vertex -7.63 20.2 2.006
   vertex -7.63 20.225 2.006
   vertex -7.578 20.2 2.006
  endloop
 endfacet
  facet normal 0 0 0
    outer loop
   vertex -7.315 20.2 2.006
   vertex -7.345 20.3 2.006
   vertex -7.263 20.2 2.006
  endloop
 endfacet
  facet normal 0 0 0
    outer loop
   vertex -7.263 20.2 2.006
   vertex -7.21 20.225 2.006
   vertex -7.21 20.2 2.006
  endloop
 endfacet
  facet normal 0 0 0
    outer loop
   vertex -7.263 20.2 2.006
   vertex -7.345 20.3 2.006
   vertex -7.21 20.225 2.006
  endloop
 endfacet
  facet normal 0 0 0
    outer loop
   vertex -7.345 20.45 2.006
   vertex -7.315 20.55 2.006
   vertex -7.263 20.55 2.006
  endloop
 endfacet
  facet normal 0 0 0
    outer loop
   vertex -7.345 20.45 2.006
   vertex -7.263 20.55 2.006
   vertex -7.21 20.525 2.006
  endloop
 endfacet
  facet normal 0 0 0
    outer loop
   vertex -7.21 20.525 2.006
   vertex -7.263 20.55 2.006
   vertex -7.21 20.55 2.006
  endloop
 endfacet
  facet normal 0 0 0
    outer loop
   vertex -7.495 20.45 2.006
   vertex -7.578 20.55 2.006
   vertex -7.525 20.55 2.006
  endloop
 endfacet
  facet normal 0 0 0
    outer loop
   vertex -7.63 20.525 2.006
   vertex -7.63 20.55 2.006
   vertex -7.578 20.55 2.006
  endloop
 endfacet
  facet normal 0 0 0
    outer loop
   vertex -7.495 20.45 2.006
   vertex -7.63 20.525 2.006
   vertex -7.578 20.55 2.006
  endloop
 endfacet
  facet normal 0 0 0
    outer loop
   vertex -4.545 20.3 2.006
   vertex -4.545 20.45 2.006
   vertex -4.41 20.55 2.006
  endloop
 endfacet
  facet normal 0 0 0
    outer loop
   vertex -6.335 20.2 2.006
   vertex -6.305 20.3 2.006
   vertex -6.23 20.2 2.006
  endloop
 endfacet
  facet normal 0 0 0
    outer loop
   vertex -6.23 20.2 2.006
   vertex -6.155 20.3 2.006
   vertex -6.125 20.2 2.006
  endloop
 endfacet
  facet normal 0 0 0
    outer loop
   vertex -6.155 20.45 2.006
   vertex -6.23 20.55 2.006
   vertex -6.125 20.55 2.006
  endloop
 endfacet
  facet normal 0 0 0
    outer loop
   vertex -6.23 20.2 2.006
   vertex -6.305 20.3 2.006
   vertex -6.155 20.3 2.006
  endloop
 endfacet
  facet normal 0 0 0
    outer loop
   vertex -6.305 20.45 2.006
   vertex -6.23 20.55 2.006
   vertex -6.155 20.45 2.006
  endloop
 endfacet
  facet normal 0 0 0
    outer loop
   vertex -4.62 20.2 2.006
   vertex -4.545 20.3 2.006
   vertex -4.41 20.2 2.006
  endloop
 endfacet
  facet normal 0 0 0
    outer loop
   vertex -4.62 20.2 2.006
   vertex -4.695 20.3 2.006
   vertex -4.545 20.3 2.006
  endloop
 endfacet
  facet normal 0 0 0
    outer loop
   vertex -4.545 20.45 2.006
   vertex -4.62 20.55 2.006
   vertex -4.41 20.55 2.006
  endloop
 endfacet
  facet normal 0 0 0
    outer loop
   vertex -6.44 20.225 2.006
   vertex -6.44 20.525 2.006
   vertex -6.305 20.3 2.006
  endloop
 endfacet
  facet normal 0 0 0
    outer loop
   vertex -6.02 20.225 2.006
   vertex -6.155 20.3 2.006
   vertex -6.02 20.525 2.006
  endloop
 endfacet
  facet normal 0 0 0
    outer loop
   vertex -6.155 20.3 2.006
   vertex -6.155 20.45 2.006
   vertex -6.02 20.525 2.006
  endloop
 endfacet
  facet normal 0 0 0
    outer loop
   vertex -4.695 20.45 2.006
   vertex -4.62 20.55 2.006
   vertex -4.545 20.45 2.006
  endloop
 endfacet
  facet normal 0 0 0
    outer loop
   vertex -6.305 20.45 2.006
   vertex -6.335 20.55 2.006
   vertex -6.23 20.55 2.006
  endloop
 endfacet
  facet normal 0 0 0
    outer loop
   vertex -4.725 20.2 2.006
   vertex -4.695 20.3 2.006
   vertex -4.62 20.2 2.006
  endloop
 endfacet
  facet normal 0 0 0
    outer loop
   vertex -6.305 20.3 2.006
   vertex -6.44 20.525 2.006
   vertex -6.305 20.45 2.006
  endloop
 endfacet
  facet normal 0 0 0
    outer loop
   vertex -4.695 20.45 2.006
   vertex -4.725 20.55 2.006
   vertex -4.62 20.55 2.006
  endloop
 endfacet
  facet normal 0 0 0
    outer loop
   vertex -4.695 20.3 2.006
   vertex -4.83 20.525 2.006
   vertex -4.695 20.45 2.006
  endloop
 endfacet
  facet normal 0 0 0
    outer loop
   vertex -6.02 20.225 2.006
   vertex -6.02 20.525 2.006
   vertex -5.425 20.525 2.006
  endloop
 endfacet
  facet normal 0 0 0
    outer loop
   vertex -4.83 20.225 2.006
   vertex -5.425 20.525 2.006
   vertex -4.83 20.525 2.006
  endloop
 endfacet
  facet normal 0 0 0
    outer loop
   vertex -6.02 20.225 2.006
   vertex -5.425 20.525 2.006
   vertex -4.83 20.225 2.006
  endloop
 endfacet
  facet normal 0 0 0
    outer loop
   vertex -4.778 20.2 2.006
   vertex -4.695 20.3 2.006
   vertex -4.725 20.2 2.006
  endloop
 endfacet
  facet normal 0 0 0
    outer loop
   vertex -4.778 20.2 2.006
   vertex -4.83 20.225 2.006
   vertex -4.695 20.3 2.006
  endloop
 endfacet
  facet normal 0 0 0
    outer loop
   vertex -4.83 20.2 2.006
   vertex -4.83 20.225 2.006
   vertex -4.778 20.2 2.006
  endloop
 endfacet
  facet normal 0 0 0
    outer loop
   vertex -4.695 20.45 2.006
   vertex -4.778 20.55 2.006
   vertex -4.725 20.55 2.006
  endloop
 endfacet
  facet normal 0 0 0
    outer loop
   vertex -4.83 20.525 2.006
   vertex -4.83 20.55 2.006
   vertex -4.778 20.55 2.006
  endloop
 endfacet
  facet normal 0 0 0
    outer loop
   vertex -4.695 20.45 2.006
   vertex -4.83 20.525 2.006
   vertex -4.778 20.55 2.006
  endloop
 endfacet
  facet normal 0 0 0
    outer loop
   vertex -4.83 20.225 2.006
   vertex -4.83 20.525 2.006
   vertex -4.695 20.3 2.006
  endloop
 endfacet
  facet normal 0 0 0
    outer loop
   vertex -4.41 20.2 2.006
   vertex -4.545 20.3 2.006
   vertex -4.41 20.55 2.006
  endloop
 endfacet
  facet normal 0 0 0
    outer loop
   vertex -6.388 20.2 2.006
   vertex -6.305 20.3 2.006
   vertex -6.335 20.2 2.006
  endloop
 endfacet
  facet normal 0 0 0
    outer loop
   vertex -6.388 20.2 2.006
   vertex -6.44 20.225 2.006
   vertex -6.305 20.3 2.006
  endloop
 endfacet
  facet normal 0 0 0
    outer loop
   vertex -6.44 20.2 2.006
   vertex -6.44 20.225 2.006
   vertex -6.388 20.2 2.006
  endloop
 endfacet
  facet normal 0 0 0
    outer loop
   vertex -6.125 20.2 2.006
   vertex -6.155 20.3 2.006
   vertex -6.073 20.2 2.006
  endloop
 endfacet
  facet normal 0 0 0
    outer loop
   vertex -6.073 20.2 2.006
   vertex -6.02 20.225 2.006
   vertex -6.02 20.2 2.006
  endloop
 endfacet
  facet normal 0 0 0
    outer loop
   vertex -6.073 20.2 2.006
   vertex -6.155 20.3 2.006
   vertex -6.02 20.225 2.006
  endloop
 endfacet
  facet normal 0 0 0
    outer loop
   vertex -6.155 20.45 2.006
   vertex -6.125 20.55 2.006
   vertex -6.073 20.55 2.006
  endloop
 endfacet
  facet normal 0 0 0
    outer loop
   vertex -6.155 20.45 2.006
   vertex -6.073 20.55 2.006
   vertex -6.02 20.525 2.006
  endloop
 endfacet
  facet normal 0 0 0
    outer loop
   vertex -6.02 20.525 2.006
   vertex -6.073 20.55 2.006
   vertex -6.02 20.55 2.006
  endloop
 endfacet
  facet normal 0 0 0
    outer loop
   vertex -6.305 20.45 2.006
   vertex -6.388 20.55 2.006
   vertex -6.335 20.55 2.006
  endloop
 endfacet
  facet normal 0 0 0
    outer loop
   vertex -6.44 20.525 2.006
   vertex -6.44 20.55 2.006
   vertex -6.388 20.55 2.006
  endloop
 endfacet
  facet normal 0 0 0
    outer loop
   vertex -6.305 20.45 2.006
   vertex -6.44 20.525 2.006
   vertex -6.388 20.55 2.006
  endloop
 endfacet
  facet normal 0 0 0
    outer loop
   vertex -9.105 20.45 1.736
   vertex -9.105 20.45 2.006
   vertex -8.955 20.45 2.006
  endloop
 endfacet
  facet normal 0 0 0
    outer loop
   vertex -9.105 20.45 1.736
   vertex -8.955 20.45 2.006
   vertex -8.955 20.45 1.736
  endloop
 endfacet
  facet normal 0 0 0
    outer loop
   vertex -7.495 20.45 1.736
   vertex -7.495 20.45 2.006
   vertex -7.345 20.45 2.006
  endloop
 endfacet
  facet normal 0 0 0
    outer loop
   vertex -7.495 20.45 1.736
   vertex -7.345 20.45 2.006
   vertex -7.345 20.45 1.736
  endloop
 endfacet
  facet normal 0 0 0
    outer loop
   vertex -6.305 20.45 1.736
   vertex -6.305 20.45 2.006
   vertex -6.155 20.45 2.006
  endloop
 endfacet
  facet normal 0 0 0
    outer loop
   vertex -6.305 20.45 1.736
   vertex -6.155 20.45 2.006
   vertex -6.155 20.45 1.736
  endloop
 endfacet
  facet normal 0 0 0
    outer loop
   vertex -4.695 20.45 1.736
   vertex -4.695 20.45 2.006
   vertex -4.545 20.45 2.006
  endloop
 endfacet
  facet normal 0 0 0
    outer loop
   vertex -4.695 20.45 1.736
   vertex -4.545 20.45 2.006
   vertex -4.545 20.45 1.736
  endloop
 endfacet
  facet normal 0 0 0
    outer loop
   vertex -4.545 20.3 1.736
   vertex -4.545 20.3 2.006
   vertex -4.695 20.3 2.006
  endloop
 endfacet
  facet normal 0 0 0
    outer loop
   vertex -4.545 20.3 1.736
   vertex -4.695 20.3 2.006
   vertex -4.695 20.3 1.736
  endloop
 endfacet
  facet normal 0 0 0
    outer loop
   vertex -6.155 20.3 1.736
   vertex -6.155 20.3 2.006
   vertex -6.305 20.3 2.006
  endloop
 endfacet
  facet normal 0 0 0
    outer loop
   vertex -6.155 20.3 1.736
   vertex -6.305 20.3 2.006
   vertex -6.305 20.3 1.736
  endloop
 endfacet
  facet normal 0 0 0
    outer loop
   vertex -7.345 20.3 1.736
   vertex -7.345 20.3 2.006
   vertex -7.495 20.3 2.006
  endloop
 endfacet
  facet normal 0 0 0
    outer loop
   vertex -7.345 20.3 1.736
   vertex -7.495 20.3 2.006
   vertex -7.495 20.3 1.736
  endloop
 endfacet
  facet normal 0 0 0
    outer loop
   vertex -8.955 20.3 1.736
   vertex -8.955 20.3 2.006
   vertex -9.105 20.3 2.006
  endloop
 endfacet
  facet normal 0 0 0
    outer loop
   vertex -8.955 20.3 1.736
   vertex -9.105 20.3 2.006
   vertex -9.105 20.3 1.736
  endloop
 endfacet
  facet normal 0 0 0
    outer loop
   vertex -9.105 20.3 1.736
   vertex -9.105 20.3 2.006
   vertex -9.105 20.45 2.006
  endloop
 endfacet
  facet normal 0 0 0
    outer loop
   vertex -9.105 20.3 1.736
   vertex -9.105 20.45 2.006
   vertex -9.105 20.45 1.736
  endloop
 endfacet
  facet normal 0 0 0
    outer loop
   vertex -9.105 22 1.736
   vertex -9.105 22 2.006
   vertex -9.105 22.15 2.006
  endloop
 endfacet
  facet normal 0 0 0
    outer loop
   vertex -9.105 22 1.736
   vertex -9.105 22.15 2.006
   vertex -9.105 22.15 1.736
  endloop
 endfacet
  facet normal 0 0 0
    outer loop
   vertex -9.105 23.7 1.736
   vertex -9.105 23.7 2.006
   vertex -9.105 23.85 2.006
  endloop
 endfacet
  facet normal 0 0 0
    outer loop
   vertex -9.105 23.7 1.736
   vertex -9.105 23.85 2.006
   vertex -9.105 23.85 1.736
  endloop
 endfacet
  facet normal 0 0 0
    outer loop
   vertex -9.105 25.4 1.736
   vertex -9.105 25.4 2.006
   vertex -9.105 25.55 2.006
  endloop
 endfacet
  facet normal 0 0 0
    outer loop
   vertex -9.105 25.4 1.736
   vertex -9.105 25.55 2.006
   vertex -9.105 25.55 1.736
  endloop
 endfacet
  facet normal 0 0 0
    outer loop
   vertex -8.955 25.55 1.736
   vertex -8.955 25.55 2.006
   vertex -8.955 25.4 2.006
  endloop
 endfacet
  facet normal 0 0 0
    outer loop
   vertex -8.955 25.55 1.736
   vertex -8.955 25.4 2.006
   vertex -8.955 25.4 1.736
  endloop
 endfacet
  facet normal 0 0 0
    outer loop
   vertex -8.955 23.85 1.736
   vertex -8.955 23.85 2.006
   vertex -8.955 23.7 2.006
  endloop
 endfacet
  facet normal 0 0 0
    outer loop
   vertex -8.955 23.85 1.736
   vertex -8.955 23.7 2.006
   vertex -8.955 23.7 1.736
  endloop
 endfacet
  facet normal 0 0 0
    outer loop
   vertex -8.955 22.15 1.736
   vertex -8.955 22.15 2.006
   vertex -8.955 22 2.006
  endloop
 endfacet
  facet normal 0 0 0
    outer loop
   vertex -8.955 22.15 1.736
   vertex -8.955 22 2.006
   vertex -8.955 22 1.736
  endloop
 endfacet
  facet normal 0 0 0
    outer loop
   vertex -8.955 20.45 1.736
   vertex -8.955 20.45 2.006
   vertex -8.955 20.3 2.006
  endloop
 endfacet
  facet normal 0 0 0
    outer loop
   vertex -8.955 20.45 1.736
   vertex -8.955 20.3 2.006
   vertex -8.955 20.3 1.736
  endloop
 endfacet
  facet normal 0 0 0
    outer loop
   vertex -7.495 20.3 1.736
   vertex -7.495 20.3 2.006
   vertex -7.495 20.45 2.006
  endloop
 endfacet
  facet normal 0 0 0
    outer loop
   vertex -7.495 20.3 1.736
   vertex -7.495 20.45 2.006
   vertex -7.495 20.45 1.736
  endloop
 endfacet
  facet normal 0 0 0
    outer loop
   vertex -7.495 22 1.736
   vertex -7.495 22 2.006
   vertex -7.495 22.15 2.006
  endloop
 endfacet
  facet normal 0 0 0
    outer loop
   vertex -7.495 22 1.736
   vertex -7.495 22.15 2.006
   vertex -7.495 22.15 1.736
  endloop
 endfacet
  facet normal 0 0 0
    outer loop
   vertex -7.495 23.7 1.736
   vertex -7.495 23.7 2.006
   vertex -7.495 23.85 2.006
  endloop
 endfacet
  facet normal 0 0 0
    outer loop
   vertex -7.495 23.7 1.736
   vertex -7.495 23.85 2.006
   vertex -7.495 23.85 1.736
  endloop
 endfacet
  facet normal 0 0 0
    outer loop
   vertex -7.495 25.4 1.736
   vertex -7.495 25.4 2.006
   vertex -7.495 25.55 2.006
  endloop
 endfacet
  facet normal 0 0 0
    outer loop
   vertex -7.495 25.4 1.736
   vertex -7.495 25.55 2.006
   vertex -7.495 25.55 1.736
  endloop
 endfacet
  facet normal 0 0 0
    outer loop
   vertex -7.345 25.55 1.736
   vertex -7.345 25.55 2.006
   vertex -7.345 25.4 2.006
  endloop
 endfacet
  facet normal 0 0 0
    outer loop
   vertex -7.345 25.55 1.736
   vertex -7.345 25.4 2.006
   vertex -7.345 25.4 1.736
  endloop
 endfacet
  facet normal 0 0 0
    outer loop
   vertex -7.345 23.85 1.736
   vertex -7.345 23.85 2.006
   vertex -7.345 23.7 2.006
  endloop
 endfacet
  facet normal 0 0 0
    outer loop
   vertex -7.345 23.85 1.736
   vertex -7.345 23.7 2.006
   vertex -7.345 23.7 1.736
  endloop
 endfacet
  facet normal 0 0 0
    outer loop
   vertex -7.345 22.15 1.736
   vertex -7.345 22.15 2.006
   vertex -7.345 22 2.006
  endloop
 endfacet
  facet normal 0 0 0
    outer loop
   vertex -7.345 22.15 1.736
   vertex -7.345 22 2.006
   vertex -7.345 22 1.736
  endloop
 endfacet
  facet normal 0 0 0
    outer loop
   vertex -7.345 20.45 1.736
   vertex -7.345 20.45 2.006
   vertex -7.345 20.3 2.006
  endloop
 endfacet
  facet normal 0 0 0
    outer loop
   vertex -7.345 20.45 1.736
   vertex -7.345 20.3 2.006
   vertex -7.345 20.3 1.736
  endloop
 endfacet
  facet normal 0 0 0
    outer loop
   vertex -6.305 20.3 1.736
   vertex -6.305 20.3 2.006
   vertex -6.305 20.45 2.006
  endloop
 endfacet
  facet normal 0 0 0
    outer loop
   vertex -6.305 20.3 1.736
   vertex -6.305 20.45 2.006
   vertex -6.305 20.45 1.736
  endloop
 endfacet
  facet normal 0 0 0
    outer loop
   vertex -6.305 22 1.736
   vertex -6.305 22 2.006
   vertex -6.305 22.15 2.006
  endloop
 endfacet
  facet normal 0 0 0
    outer loop
   vertex -6.305 22 1.736
   vertex -6.305 22.15 2.006
   vertex -6.305 22.15 1.736
  endloop
 endfacet
  facet normal 0 0 0
    outer loop
   vertex -6.305 23.7 1.736
   vertex -6.305 23.7 2.006
   vertex -6.305 23.85 2.006
  endloop
 endfacet
  facet normal 0 0 0
    outer loop
   vertex -6.305 23.7 1.736
   vertex -6.305 23.85 2.006
   vertex -6.305 23.85 1.736
  endloop
 endfacet
  facet normal 0 0 0
    outer loop
   vertex -6.305 25.4 1.736
   vertex -6.305 25.4 2.006
   vertex -6.305 25.55 2.006
  endloop
 endfacet
  facet normal 0 0 0
    outer loop
   vertex -6.305 25.4 1.736
   vertex -6.305 25.55 2.006
   vertex -6.305 25.55 1.736
  endloop
 endfacet
  facet normal 0 0 0
    outer loop
   vertex -6.155 25.55 1.736
   vertex -6.155 25.55 2.006
   vertex -6.155 25.4 2.006
  endloop
 endfacet
  facet normal 0 0 0
    outer loop
   vertex -6.155 25.55 1.736
   vertex -6.155 25.4 2.006
   vertex -6.155 25.4 1.736
  endloop
 endfacet
  facet normal 0 0 0
    outer loop
   vertex -6.155 23.85 1.736
   vertex -6.155 23.85 2.006
   vertex -6.155 23.7 2.006
  endloop
 endfacet
  facet normal 0 0 0
    outer loop
   vertex -6.155 23.85 1.736
   vertex -6.155 23.7 2.006
   vertex -6.155 23.7 1.736
  endloop
 endfacet
  facet normal 0 0 0
    outer loop
   vertex -6.155 22.15 1.736
   vertex -6.155 22.15 2.006
   vertex -6.155 22 2.006
  endloop
 endfacet
  facet normal 0 0 0
    outer loop
   vertex -6.155 22.15 1.736
   vertex -6.155 22 2.006
   vertex -6.155 22 1.736
  endloop
 endfacet
  facet normal 0 0 0
    outer loop
   vertex -6.155 20.45 1.736
   vertex -6.155 20.45 2.006
   vertex -6.155 20.3 2.006
  endloop
 endfacet
  facet normal 0 0 0
    outer loop
   vertex -6.155 20.45 1.736
   vertex -6.155 20.3 2.006
   vertex -6.155 20.3 1.736
  endloop
 endfacet
  facet normal 0 0 0
    outer loop
   vertex -4.695 20.3 1.736
   vertex -4.695 20.3 2.006
   vertex -4.695 20.45 2.006
  endloop
 endfacet
  facet normal 0 0 0
    outer loop
   vertex -4.695 20.3 1.736
   vertex -4.695 20.45 2.006
   vertex -4.695 20.45 1.736
  endloop
 endfacet
  facet normal 0 0 0
    outer loop
   vertex -4.695 22 1.736
   vertex -4.695 22 2.006
   vertex -4.695 22.15 2.006
  endloop
 endfacet
  facet normal 0 0 0
    outer loop
   vertex -4.695 22 1.736
   vertex -4.695 22.15 2.006
   vertex -4.695 22.15 1.736
  endloop
 endfacet
  facet normal 0 0 0
    outer loop
   vertex -4.695 23.7 1.736
   vertex -4.695 23.7 2.006
   vertex -4.695 23.85 2.006
  endloop
 endfacet
  facet normal 0 0 0
    outer loop
   vertex -4.695 23.7 1.736
   vertex -4.695 23.85 2.006
   vertex -4.695 23.85 1.736
  endloop
 endfacet
  facet normal 0 0 0
    outer loop
   vertex -4.695 25.4 1.736
   vertex -4.695 25.4 2.006
   vertex -4.695 25.55 2.006
  endloop
 endfacet
  facet normal 0 0 0
    outer loop
   vertex -4.695 25.4 1.736
   vertex -4.695 25.55 2.006
   vertex -4.695 25.55 1.736
  endloop
 endfacet
  facet normal 0 0 0
    outer loop
   vertex -4.545 25.55 1.736
   vertex -4.545 25.55 2.006
   vertex -4.545 25.4 2.006
  endloop
 endfacet
  facet normal 0 0 0
    outer loop
   vertex -4.545 25.55 1.736
   vertex -4.545 25.4 2.006
   vertex -4.545 25.4 1.736
  endloop
 endfacet
  facet normal 0 0 0
    outer loop
   vertex -4.545 23.85 1.736
   vertex -4.545 23.85 2.006
   vertex -4.545 23.7 2.006
  endloop
 endfacet
  facet normal 0 0 0
    outer loop
   vertex -4.545 23.85 1.736
   vertex -4.545 23.7 2.006
   vertex -4.545 23.7 1.736
  endloop
 endfacet
  facet normal 0 0 0
    outer loop
   vertex -4.545 22.15 1.736
   vertex -4.545 22.15 2.006
   vertex -4.545 22 2.006
  endloop
 endfacet
  facet normal 0 0 0
    outer loop
   vertex -4.545 22.15 1.736
   vertex -4.545 22 2.006
   vertex -4.545 22 1.736
  endloop
 endfacet
  facet normal 0 0 0
    outer loop
   vertex -4.545 20.45 1.736
   vertex -4.545 20.45 2.006
   vertex -4.545 20.3 2.006
  endloop
 endfacet
  facet normal 0 0 0
    outer loop
   vertex -4.545 20.45 1.736
   vertex -4.545 20.3 2.006
   vertex -4.545 20.3 1.736
  endloop
 endfacet
  facet normal 0 0 0
    outer loop
   vertex -4.545 22 1.736
   vertex -4.545 22 2.006
   vertex -4.695 22 2.006
  endloop
 endfacet
  facet normal 0 0 0
    outer loop
   vertex -4.545 22 1.736
   vertex -4.695 22 2.006
   vertex -4.695 22 1.736
  endloop
 endfacet
  facet normal 0 0 0
    outer loop
   vertex -6.155 22 1.736
   vertex -6.155 22 2.006
   vertex -6.305 22 2.006
  endloop
 endfacet
  facet normal 0 0 0
    outer loop
   vertex -6.155 22 1.736
   vertex -6.305 22 2.006
   vertex -6.305 22 1.736
  endloop
 endfacet
  facet normal 0 0 0
    outer loop
   vertex -7.345 22 1.736
   vertex -7.345 22 2.006
   vertex -7.495 22 2.006
  endloop
 endfacet
  facet normal 0 0 0
    outer loop
   vertex -7.345 22 1.736
   vertex -7.495 22 2.006
   vertex -7.495 22 1.736
  endloop
 endfacet
  facet normal 0 0 0
    outer loop
   vertex -8.955 22 1.736
   vertex -8.955 22 2.006
   vertex -9.105 22 2.006
  endloop
 endfacet
  facet normal 0 0 0
    outer loop
   vertex -8.955 22 1.736
   vertex -9.105 22 2.006
   vertex -9.105 22 1.736
  endloop
 endfacet
  facet normal 0 0 0
    outer loop
   vertex -9.105 22.15 1.736
   vertex -9.105 22.15 2.006
   vertex -8.955 22.15 2.006
  endloop
 endfacet
  facet normal 0 0 0
    outer loop
   vertex -9.105 22.15 1.736
   vertex -8.955 22.15 2.006
   vertex -8.955 22.15 1.736
  endloop
 endfacet
  facet normal 0 0 0
    outer loop
   vertex -7.495 22.15 1.736
   vertex -7.495 22.15 2.006
   vertex -7.345 22.15 2.006
  endloop
 endfacet
  facet normal 0 0 0
    outer loop
   vertex -7.495 22.15 1.736
   vertex -7.345 22.15 2.006
   vertex -7.345 22.15 1.736
  endloop
 endfacet
  facet normal 0 0 0
    outer loop
   vertex -6.305 22.15 1.736
   vertex -6.305 22.15 2.006
   vertex -6.155 22.15 2.006
  endloop
 endfacet
  facet normal 0 0 0
    outer loop
   vertex -6.305 22.15 1.736
   vertex -6.155 22.15 2.006
   vertex -6.155 22.15 1.736
  endloop
 endfacet
  facet normal 0 0 0
    outer loop
   vertex -4.695 22.15 1.736
   vertex -4.695 22.15 2.006
   vertex -4.545 22.15 2.006
  endloop
 endfacet
  facet normal 0 0 0
    outer loop
   vertex -4.695 22.15 1.736
   vertex -4.545 22.15 2.006
   vertex -4.545 22.15 1.736
  endloop
 endfacet
  facet normal 0 0 0
    outer loop
   vertex -4.545 23.7 1.736
   vertex -4.545 23.7 2.006
   vertex -4.695 23.7 2.006
  endloop
 endfacet
  facet normal 0 0 0
    outer loop
   vertex -4.545 23.7 1.736
   vertex -4.695 23.7 2.006
   vertex -4.695 23.7 1.736
  endloop
 endfacet
  facet normal 0 0 0
    outer loop
   vertex -6.155 23.7 1.736
   vertex -6.155 23.7 2.006
   vertex -6.305 23.7 2.006
  endloop
 endfacet
  facet normal 0 0 0
    outer loop
   vertex -6.155 23.7 1.736
   vertex -6.305 23.7 2.006
   vertex -6.305 23.7 1.736
  endloop
 endfacet
  facet normal 0 0 0
    outer loop
   vertex -7.345 23.7 1.736
   vertex -7.345 23.7 2.006
   vertex -7.495 23.7 2.006
  endloop
 endfacet
  facet normal 0 0 0
    outer loop
   vertex -7.345 23.7 1.736
   vertex -7.495 23.7 2.006
   vertex -7.495 23.7 1.736
  endloop
 endfacet
  facet normal 0 0 0
    outer loop
   vertex -8.955 23.7 1.736
   vertex -8.955 23.7 2.006
   vertex -9.105 23.7 2.006
  endloop
 endfacet
  facet normal 0 0 0
    outer loop
   vertex -8.955 23.7 1.736
   vertex -9.105 23.7 2.006
   vertex -9.105 23.7 1.736
  endloop
 endfacet
  facet normal 0 0 0
    outer loop
   vertex -9.105 23.85 1.736
   vertex -9.105 23.85 2.006
   vertex -8.955 23.85 2.006
  endloop
 endfacet
  facet normal 0 0 0
    outer loop
   vertex -9.105 23.85 1.736
   vertex -8.955 23.85 2.006
   vertex -8.955 23.85 1.736
  endloop
 endfacet
  facet normal 0 0 0
    outer loop
   vertex -7.495 23.85 1.736
   vertex -7.495 23.85 2.006
   vertex -7.345 23.85 2.006
  endloop
 endfacet
  facet normal 0 0 0
    outer loop
   vertex -7.495 23.85 1.736
   vertex -7.345 23.85 2.006
   vertex -7.345 23.85 1.736
  endloop
 endfacet
  facet normal 0 0 0
    outer loop
   vertex -6.305 23.85 1.736
   vertex -6.305 23.85 2.006
   vertex -6.155 23.85 2.006
  endloop
 endfacet
  facet normal 0 0 0
    outer loop
   vertex -6.305 23.85 1.736
   vertex -6.155 23.85 2.006
   vertex -6.155 23.85 1.736
  endloop
 endfacet
  facet normal 0 0 0
    outer loop
   vertex -4.695 23.85 1.736
   vertex -4.695 23.85 2.006
   vertex -4.545 23.85 2.006
  endloop
 endfacet
  facet normal 0 0 0
    outer loop
   vertex -4.695 23.85 1.736
   vertex -4.545 23.85 2.006
   vertex -4.545 23.85 1.736
  endloop
 endfacet
  facet normal 0 0 0
    outer loop
   vertex -9.105 25.55 1.736
   vertex -9.105 25.55 2.006
   vertex -8.955 25.55 2.006
  endloop
 endfacet
  facet normal 0 0 0
    outer loop
   vertex -9.105 25.55 1.736
   vertex -8.955 25.55 2.006
   vertex -8.955 25.55 1.736
  endloop
 endfacet
  facet normal 0 0 0
    outer loop
   vertex -7.495 25.55 1.736
   vertex -7.495 25.55 2.006
   vertex -7.345 25.55 2.006
  endloop
 endfacet
  facet normal 0 0 0
    outer loop
   vertex -7.495 25.55 1.736
   vertex -7.345 25.55 2.006
   vertex -7.345 25.55 1.736
  endloop
 endfacet
  facet normal 0 0 0
    outer loop
   vertex -6.305 25.55 1.736
   vertex -6.305 25.55 2.006
   vertex -6.155 25.55 2.006
  endloop
 endfacet
  facet normal 0 0 0
    outer loop
   vertex -6.305 25.55 1.736
   vertex -6.155 25.55 2.006
   vertex -6.155 25.55 1.736
  endloop
 endfacet
  facet normal 0 0 0
    outer loop
   vertex -4.695 25.55 1.736
   vertex -4.695 25.55 2.006
   vertex -4.545 25.55 2.006
  endloop
 endfacet
  facet normal 0 0 0
    outer loop
   vertex -4.695 25.55 1.736
   vertex -4.545 25.55 2.006
   vertex -4.545 25.55 1.736
  endloop
 endfacet
  facet normal 0 0 0
    outer loop
   vertex -4.545 25.4 1.736
   vertex -4.545 25.4 2.006
   vertex -4.695 25.4 2.006
  endloop
 endfacet
  facet normal 0 0 0
    outer loop
   vertex -4.545 25.4 1.736
   vertex -4.695 25.4 2.006
   vertex -4.695 25.4 1.736
  endloop
 endfacet
  facet normal 0 0 0
    outer loop
   vertex -6.155 25.4 1.736
   vertex -6.155 25.4 2.006
   vertex -6.305 25.4 2.006
  endloop
 endfacet
  facet normal 0 0 0
    outer loop
   vertex -6.155 25.4 1.736
   vertex -6.305 25.4 2.006
   vertex -6.305 25.4 1.736
  endloop
 endfacet
  facet normal 0 0 0
    outer loop
   vertex -7.345 25.4 1.736
   vertex -7.345 25.4 2.006
   vertex -7.495 25.4 2.006
  endloop
 endfacet
  facet normal 0 0 0
    outer loop
   vertex -7.345 25.4 1.736
   vertex -7.495 25.4 2.006
   vertex -7.495 25.4 1.736
  endloop
 endfacet
  facet normal 0 0 0
    outer loop
   vertex -8.955 25.4 1.736
   vertex -8.955 25.4 2.006
   vertex -9.105 25.4 2.006
  endloop
 endfacet
  facet normal 0 0 0
    outer loop
   vertex -8.955 25.4 1.736
   vertex -9.105 25.4 2.006
   vertex -9.105 25.4 1.736
  endloop
 endfacet
  facet normal 0 0 0
    outer loop
   vertex -10.6 23.625 2.366
   vertex -10.9 24.116 2.366
   vertex -10.9 22.648 2.366
  endloop
 endfacet
  facet normal 0 0 0
    outer loop
   vertex -10.6 23.625 2.366
   vertex -10.9 22.648 2.366
   vertex -10.6 22.225 2.366
  endloop
 endfacet
  facet normal 0 0 0
    outer loop
   vertex -8.225 25.625 2.366
   vertex -8.82 25.625 2.366
   vertex -8.82 25.325 2.366
  endloop
 endfacet
  facet normal 0 0 0
    outer loop
   vertex -7.63 25.325 2.366
   vertex -8.225 25.625 2.366
   vertex -8.82 25.325 2.366
  endloop
 endfacet
  facet normal 0 0 0
    outer loop
   vertex -8.225 23.925 2.366
   vertex -8.82 23.925 2.366
   vertex -8.82 23.625 2.366
  endloop
 endfacet
  facet normal 0 0 0
    outer loop
   vertex -7.63 23.625 2.366
   vertex -8.225 23.925 2.366
   vertex -8.82 23.625 2.366
  endloop
 endfacet
  facet normal 0 0 0
    outer loop
   vertex -8.225 22.225 2.366
   vertex -8.82 22.225 2.366
   vertex -8.82 21.925 2.366
  endloop
 endfacet
  facet normal 0 0 0
    outer loop
   vertex -7.63 21.925 2.366
   vertex -8.225 22.225 2.366
   vertex -8.82 21.925 2.366
  endloop
 endfacet
  facet normal 0 0 0
    outer loop
   vertex -8.225 20.525 2.366
   vertex -8.82 20.525 2.366
   vertex -8.82 20.225 2.366
  endloop
 endfacet
  facet normal 0 0 0
    outer loop
   vertex -7.63 20.225 2.366
   vertex -8.225 20.525 2.366
   vertex -8.82 20.225 2.366
  endloop
 endfacet
  facet normal 0 0 0
    outer loop
   vertex -6.44 23.925 2.366
   vertex -7.21 23.925 2.366
   vertex -6.44 23.625 2.366
  endloop
 endfacet
  facet normal 0 0 0
    outer loop
   vertex -6.44 23.625 2.366
   vertex -7.21 23.925 2.366
   vertex -7.21 23.625 2.366
  endloop
 endfacet
  facet normal 0 0 0
    outer loop
   vertex -6.44 25.625 2.366
   vertex -7.21 25.625 2.366
   vertex -6.44 25.325 2.366
  endloop
 endfacet
  facet normal 0 0 0
    outer loop
   vertex -6.44 25.325 2.366
   vertex -7.21 25.625 2.366
   vertex -7.21 25.325 2.366
  endloop
 endfacet
  facet normal 0 0 0
    outer loop
   vertex -4.41 25.65 2.366
   vertex -4.62 25.65 2.366
   vertex -4.62 25.3 2.366
  endloop
 endfacet
  facet normal 0 0 0
    outer loop
   vertex -5.425 25.625 2.366
   vertex -6.02 25.625 2.366
   vertex -6.02 25.325 2.366
  endloop
 endfacet
  facet normal 0 0 0
    outer loop
   vertex -4.83 25.625 2.366
   vertex -5.425 25.625 2.366
   vertex -4.83 25.325 2.366
  endloop
 endfacet
  facet normal 0 0 0
    outer loop
   vertex -4.83 25.325 2.366
   vertex -5.425 25.625 2.366
   vertex -6.02 25.325 2.366
  endloop
 endfacet
  facet normal 0 0 0
    outer loop
   vertex -4.41 25.3 2.366
   vertex -4.41 25.65 2.366
   vertex -4.62 25.3 2.366
  endloop
 endfacet
  facet normal 0 0 0
    outer loop
   vertex -6.23 25.65 2.366
   vertex -6.335 25.65 2.366
   vertex -6.377 25.475 2.366
  endloop
 endfacet
  facet normal 0 0 0
    outer loop
   vertex -6.377 25.475 2.366
   vertex -6.44 25.625 2.366
   vertex -6.44 25.325 2.366
  endloop
 endfacet
  facet normal 0 0 0
    outer loop
   vertex -6.23 25.3 2.366
   vertex -6.377 25.475 2.366
   vertex -6.335 25.3 2.366
  endloop
 endfacet
  facet normal 0 0 0
    outer loop
   vertex -6.335 25.65 2.366
   vertex -6.388 25.65 2.366
   vertex -6.377 25.475 2.366
  endloop
 endfacet
  facet normal 0 0 0
    outer loop
   vertex -6.388 25.65 2.366
   vertex -6.44 25.65 2.366
   vertex -6.44 25.625 2.366
  endloop
 endfacet
  facet normal 0 0 0
    outer loop
   vertex -6.388 25.65 2.366
   vertex -6.44 25.625 2.366
   vertex -6.377 25.475 2.366
  endloop
 endfacet
  facet normal 0 0 0
    outer loop
   vertex -6.02 25.65 2.366
   vertex -6.073 25.65 2.366
   vertex -6.02 25.625 2.366
  endloop
 endfacet
  facet normal 0 0 0
    outer loop
   vertex -4.62 25.65 2.366
   vertex -4.725 25.65 2.366
   vertex -4.767 25.475 2.366
  endloop
 endfacet
  facet normal 0 0 0
    outer loop
   vertex -4.767 25.475 2.366
   vertex -4.83 25.625 2.366
   vertex -4.83 25.325 2.366
  endloop
 endfacet
  facet normal 0 0 0
    outer loop
   vertex -4.62 25.3 2.366
   vertex -4.767 25.475 2.366
   vertex -4.725 25.3 2.366
  endloop
 endfacet
  facet normal 0 0 0
    outer loop
   vertex -4.62 25.65 2.366
   vertex -4.767 25.475 2.366
   vertex -4.62 25.3 2.366
  endloop
 endfacet
  facet normal 0 0 0
    outer loop
   vertex -4.725 25.65 2.366
   vertex -4.778 25.65 2.366
   vertex -4.767 25.475 2.366
  endloop
 endfacet
  facet normal 0 0 0
    outer loop
   vertex -4.778 25.65 2.366
   vertex -4.83 25.65 2.366
   vertex -4.83 25.625 2.366
  endloop
 endfacet
  facet normal 0 0 0
    outer loop
   vertex -4.778 25.65 2.366
   vertex -4.83 25.625 2.366
   vertex -4.767 25.475 2.366
  endloop
 endfacet
  facet normal 0 0 0
    outer loop
   vertex -4.725 25.3 2.366
   vertex -4.767 25.475 2.366
   vertex -4.778 25.3 2.366
  endloop
 endfacet
  facet normal 0 0 0
    outer loop
   vertex -4.767 25.475 2.366
   vertex -4.83 25.325 2.366
   vertex -4.778 25.3 2.366
  endloop
 endfacet
  facet normal 0 0 0
    outer loop
   vertex -4.778 25.3 2.366
   vertex -4.83 25.325 2.366
   vertex -4.83 25.3 2.366
  endloop
 endfacet
  facet normal 0 0 0
    outer loop
   vertex -6.335 25.3 2.366
   vertex -6.377 25.475 2.366
   vertex -6.388 25.3 2.366
  endloop
 endfacet
  facet normal 0 0 0
    outer loop
   vertex -6.377 25.475 2.366
   vertex -6.44 25.325 2.366
   vertex -6.388 25.3 2.366
  endloop
 endfacet
  facet normal 0 0 0
    outer loop
   vertex -6.388 25.3 2.366
   vertex -6.44 25.325 2.366
   vertex -6.44 25.3 2.366
  endloop
 endfacet
  facet normal 0 0 0
    outer loop
   vertex -6.02 25.3 2.366
   vertex -6.02 25.325 2.366
   vertex -6.073 25.3 2.366
  endloop
 endfacet
  facet normal 0 0 0
    outer loop
   vertex -6.125 25.65 2.366
   vertex -6.23 25.65 2.366
   vertex -6.099 25.527 2.366
  endloop
 endfacet
  facet normal 0 0 0
    outer loop
   vertex -6.073 25.65 2.366
   vertex -6.125 25.65 2.366
   vertex -6.099 25.527 2.366
  endloop
 endfacet
  facet normal 0 0 0
    outer loop
   vertex -6.02 25.625 2.366
   vertex -6.073 25.65 2.366
   vertex -6.099 25.527 2.366
  endloop
 endfacet
  facet normal 0 0 0
    outer loop
   vertex -6.02 25.625 2.366
   vertex -6.099 25.527 2.366
   vertex -6.02 25.325 2.366
  endloop
 endfacet
  facet normal 0 0 0
    outer loop
   vertex -6.099 25.527 2.366
   vertex -6.23 25.65 2.366
   vertex -6.377 25.475 2.366
  endloop
 endfacet
  facet normal 0 0 0
    outer loop
   vertex -6.073 25.3 2.366
   vertex -6.099 25.412 2.366
   vertex -6.125 25.3 2.366
  endloop
 endfacet
  facet normal 0 0 0
    outer loop
   vertex -6.125 25.3 2.366
   vertex -6.099 25.412 2.366
   vertex -6.23 25.3 2.366
  endloop
 endfacet
  facet normal 0 0 0
    outer loop
   vertex -6.099 25.527 2.366
   vertex -6.099 25.412 2.366
   vertex -6.02 25.325 2.366
  endloop
 endfacet
  facet normal 0 0 0
    outer loop
   vertex -6.02 25.325 2.366
   vertex -6.099 25.412 2.366
   vertex -6.073 25.3 2.366
  endloop
 endfacet
  facet normal 0 0 0
    outer loop
   vertex -6.099 25.527 2.366
   vertex -6.377 25.475 2.366
   vertex -6.099 25.412 2.366
  endloop
 endfacet
  facet normal 0 0 0
    outer loop
   vertex -6.099 25.412 2.366
   vertex -6.377 25.475 2.366
   vertex -6.23 25.3 2.366
  endloop
 endfacet
  facet normal 0 0 0
    outer loop
   vertex -7.21 25.3 2.366
   vertex -7.21 25.325 2.366
   vertex -7.263 25.3 2.366
  endloop
 endfacet
  facet normal 0 0 0
    outer loop
   vertex -7.315 25.65 2.366
   vertex -7.42 25.65 2.366
   vertex -7.289 25.527 2.366
  endloop
 endfacet
  facet normal 0 0 0
    outer loop
   vertex -7.263 25.65 2.366
   vertex -7.315 25.65 2.366
   vertex -7.289 25.527 2.366
  endloop
 endfacet
  facet normal 0 0 0
    outer loop
   vertex -7.21 25.625 2.366
   vertex -7.263 25.65 2.366
   vertex -7.289 25.527 2.366
  endloop
 endfacet
  facet normal 0 0 0
    outer loop
   vertex -7.21 25.625 2.366
   vertex -7.289 25.527 2.366
   vertex -7.21 25.325 2.366
  endloop
 endfacet
  facet normal 0 0 0
    outer loop
   vertex -7.289 25.527 2.366
   vertex -7.42 25.65 2.366
   vertex -7.567 25.475 2.366
  endloop
 endfacet
  facet normal 0 0 0
    outer loop
   vertex -7.578 25.65 2.366
   vertex -7.63 25.65 2.366
   vertex -7.63 25.625 2.366
  endloop
 endfacet
  facet normal 0 0 0
    outer loop
   vertex -7.578 25.65 2.366
   vertex -7.63 25.625 2.366
   vertex -7.567 25.475 2.366
  endloop
 endfacet
  facet normal 0 0 0
    outer loop
   vertex -7.21 25.65 2.366
   vertex -7.263 25.65 2.366
   vertex -7.21 25.625 2.366
  endloop
 endfacet
  facet normal 0 0 0
    outer loop
   vertex -7.63 25.625 2.366
   vertex -8.225 25.625 2.366
   vertex -7.63 25.325 2.366
  endloop
 endfacet
  facet normal 0 0 0
    outer loop
   vertex -7.42 25.65 2.366
   vertex -7.525 25.65 2.366
   vertex -7.567 25.475 2.366
  endloop
 endfacet
  facet normal 0 0 0
    outer loop
   vertex -7.263 25.3 2.366
   vertex -7.289 25.412 2.366
   vertex -7.315 25.3 2.366
  endloop
 endfacet
  facet normal 0 0 0
    outer loop
   vertex -7.315 25.3 2.366
   vertex -7.289 25.412 2.366
   vertex -7.42 25.3 2.366
  endloop
 endfacet
  facet normal 0 0 0
    outer loop
   vertex -7.289 25.527 2.366
   vertex -7.289 25.412 2.366
   vertex -7.21 25.325 2.366
  endloop
 endfacet
  facet normal 0 0 0
    outer loop
   vertex -7.21 25.325 2.366
   vertex -7.289 25.412 2.366
   vertex -7.263 25.3 2.366
  endloop
 endfacet
  facet normal 0 0 0
    outer loop
   vertex -7.289 25.527 2.366
   vertex -7.567 25.475 2.366
   vertex -7.289 25.412 2.366
  endloop
 endfacet
  facet normal 0 0 0
    outer loop
   vertex -7.289 25.412 2.366
   vertex -7.567 25.475 2.366
   vertex -7.42 25.3 2.366
  endloop
 endfacet
  facet normal 0 0 0
    outer loop
   vertex -7.567 25.475 2.366
   vertex -7.63 25.625 2.366
   vertex -7.63 25.325 2.366
  endloop
 endfacet
  facet normal 0 0 0
    outer loop
   vertex -7.42 25.3 2.366
   vertex -7.567 25.475 2.366
   vertex -7.525 25.3 2.366
  endloop
 endfacet
  facet normal 0 0 0
    outer loop
   vertex -7.525 25.65 2.366
   vertex -7.578 25.65 2.366
   vertex -7.567 25.475 2.366
  endloop
 endfacet
  facet normal 0 0 0
    outer loop
   vertex -7.525 25.3 2.366
   vertex -7.567 25.475 2.366
   vertex -7.578 25.3 2.366
  endloop
 endfacet
  facet normal 0 0 0
    outer loop
   vertex -7.567 25.475 2.366
   vertex -7.63 25.325 2.366
   vertex -7.578 25.3 2.366
  endloop
 endfacet
  facet normal 0 0 0
    outer loop
   vertex -7.578 25.3 2.366
   vertex -7.63 25.325 2.366
   vertex -7.63 25.3 2.366
  endloop
 endfacet
  facet normal 0 0 0
    outer loop
   vertex -7.315 23.95 2.366
   vertex -7.42 23.95 2.366
   vertex -7.273 23.775 2.366
  endloop
 endfacet
  facet normal 0 0 0
    outer loop
   vertex -7.21 23.925 2.366
   vertex -7.273 23.775 2.366
   vertex -7.21 23.625 2.366
  endloop
 endfacet
  facet normal 0 0 0
    outer loop
   vertex -7.315 23.6 2.366
   vertex -7.273 23.775 2.366
   vertex -7.42 23.6 2.366
  endloop
 endfacet
  facet normal 0 0 0
    outer loop
   vertex -7.263 23.95 2.366
   vertex -7.315 23.95 2.366
   vertex -7.273 23.775 2.366
  endloop
 endfacet
  facet normal 0 0 0
    outer loop
   vertex -7.21 23.925 2.366
   vertex -7.263 23.95 2.366
   vertex -7.273 23.775 2.366
  endloop
 endfacet
  facet normal 0 0 0
    outer loop
   vertex -7.21 23.95 2.366
   vertex -7.263 23.95 2.366
   vertex -7.21 23.925 2.366
  endloop
 endfacet
  facet normal 0 0 0
    outer loop
   vertex -7.42 23.95 2.366
   vertex -7.525 23.95 2.366
   vertex -7.511 23.775 2.366
  endloop
 endfacet
  facet normal 0 0 0
    outer loop
   vertex -7.42 23.6 2.366
   vertex -7.511 23.775 2.366
   vertex -7.525 23.6 2.366
  endloop
 endfacet
  facet normal 0 0 0
    outer loop
   vertex -7.273 23.775 2.366
   vertex -7.511 23.775 2.366
   vertex -7.42 23.6 2.366
  endloop
 endfacet
  facet normal 0 0 0
    outer loop
   vertex -7.273 23.775 2.366
   vertex -7.42 23.95 2.366
   vertex -7.511 23.775 2.366
  endloop
 endfacet
  facet normal 0 0 0
    outer loop
   vertex -7.511 23.775 2.366
   vertex -7.63 23.925 2.366
   vertex -7.63 23.625 2.366
  endloop
 endfacet
  facet normal 0 0 0
    outer loop
   vertex -7.525 23.95 2.366
   vertex -7.578 23.95 2.366
   vertex -7.511 23.775 2.366
  endloop
 endfacet
  facet normal 0 0 0
    outer loop
   vertex -7.578 23.95 2.366
   vertex -7.63 23.95 2.366
   vertex -7.63 23.925 2.366
  endloop
 endfacet
  facet normal 0 0 0
    outer loop
   vertex -7.578 23.95 2.366
   vertex -7.63 23.925 2.366
   vertex -7.511 23.775 2.366
  endloop
 endfacet
  facet normal 0 0 0
    outer loop
   vertex -7.525 23.6 2.366
   vertex -7.511 23.775 2.366
   vertex -7.578 23.6 2.366
  endloop
 endfacet
  facet normal 0 0 0
    outer loop
   vertex -7.511 23.775 2.366
   vertex -7.63 23.625 2.366
   vertex -7.578 23.6 2.366
  endloop
 endfacet
  facet normal 0 0 0
    outer loop
   vertex -7.578 23.6 2.366
   vertex -7.63 23.625 2.366
   vertex -7.63 23.6 2.366
  endloop
 endfacet
  facet normal 0 0 0
    outer loop
   vertex -7.263 23.6 2.366
   vertex -7.273 23.775 2.366
   vertex -7.315 23.6 2.366
  endloop
 endfacet
  facet normal 0 0 0
    outer loop
   vertex -7.21 23.6 2.366
   vertex -7.21 23.625 2.366
   vertex -7.263 23.6 2.366
  endloop
 endfacet
  facet normal 0 0 0
    outer loop
   vertex -7.21 23.625 2.366
   vertex -7.273 23.775 2.366
   vertex -7.263 23.6 2.366
  endloop
 endfacet
  facet normal 0 0 0
    outer loop
   vertex -7.63 23.925 2.366
   vertex -8.225 23.925 2.366
   vertex -7.63 23.625 2.366
  endloop
 endfacet
  facet normal 0 0 0
    outer loop
   vertex -4.778 23.6 2.366
   vertex -4.83 23.625 2.366
   vertex -4.83 23.6 2.366
  endloop
 endfacet
  facet normal 0 0 0
    outer loop
   vertex -6.335 23.6 2.366
   vertex -6.321 23.775 2.366
   vertex -6.388 23.6 2.366
  endloop
 endfacet
  facet normal 0 0 0
    outer loop
   vertex -6.321 23.775 2.366
   vertex -6.44 23.625 2.366
   vertex -6.388 23.6 2.366
  endloop
 endfacet
  facet normal 0 0 0
    outer loop
   vertex -6.388 23.6 2.366
   vertex -6.44 23.625 2.366
   vertex -6.44 23.6 2.366
  endloop
 endfacet
  facet normal 0 0 0
    outer loop
   vertex -6.073 23.6 2.366
   vertex -6.083 23.775 2.366
   vertex -6.125 23.6 2.366
  endloop
 endfacet
  facet normal 0 0 0
    outer loop
   vertex -6.02 23.6 2.366
   vertex -6.02 23.625 2.366
   vertex -6.073 23.6 2.366
  endloop
 endfacet
  facet normal 0 0 0
    outer loop
   vertex -6.02 23.625 2.366
   vertex -6.083 23.775 2.366
   vertex -6.073 23.6 2.366
  endloop
 endfacet
  facet normal 0 0 0
    outer loop
   vertex -4.41 23.6 2.366
   vertex -4.41 23.95 2.366
   vertex -4.62 23.6 2.366
  endloop
 endfacet
  facet normal 0 0 0
    outer loop
   vertex -4.41 23.95 2.366
   vertex -4.62 23.95 2.366
   vertex -4.62 23.6 2.366
  endloop
 endfacet
  facet normal 0 0 0
    outer loop
   vertex -5.425 23.925 2.366
   vertex -6.02 23.925 2.366
   vertex -6.02 23.625 2.366
  endloop
 endfacet
  facet normal 0 0 0
    outer loop
   vertex -4.83 23.925 2.366
   vertex -5.425 23.925 2.366
   vertex -4.83 23.625 2.366
  endloop
 endfacet
  facet normal 0 0 0
    outer loop
   vertex -4.83 23.625 2.366
   vertex -5.425 23.925 2.366
   vertex -6.02 23.625 2.366
  endloop
 endfacet
  facet normal 0 0 0
    outer loop
   vertex -6.125 23.95 2.366
   vertex -6.23 23.95 2.366
   vertex -6.083 23.775 2.366
  endloop
 endfacet
  facet normal 0 0 0
    outer loop
   vertex -6.02 23.925 2.366
   vertex -6.083 23.775 2.366
   vertex -6.02 23.625 2.366
  endloop
 endfacet
  facet normal 0 0 0
    outer loop
   vertex -6.125 23.6 2.366
   vertex -6.083 23.775 2.366
   vertex -6.23 23.6 2.366
  endloop
 endfacet
  facet normal 0 0 0
    outer loop
   vertex -6.073 23.95 2.366
   vertex -6.125 23.95 2.366
   vertex -6.083 23.775 2.366
  endloop
 endfacet
  facet normal 0 0 0
    outer loop
   vertex -6.02 23.925 2.366
   vertex -6.073 23.95 2.366
   vertex -6.083 23.775 2.366
  endloop
 endfacet
  facet normal 0 0 0
    outer loop
   vertex -6.02 23.95 2.366
   vertex -6.073 23.95 2.366
   vertex -6.02 23.925 2.366
  endloop
 endfacet
  facet normal 0 0 0
    outer loop
   vertex -6.23 23.95 2.366
   vertex -6.335 23.95 2.366
   vertex -6.321 23.775 2.366
  endloop
 endfacet
  facet normal 0 0 0
    outer loop
   vertex -6.23 23.6 2.366
   vertex -6.321 23.775 2.366
   vertex -6.335 23.6 2.366
  endloop
 endfacet
  facet normal 0 0 0
    outer loop
   vertex -6.083 23.775 2.366
   vertex -6.321 23.775 2.366
   vertex -6.23 23.6 2.366
  endloop
 endfacet
  facet normal 0 0 0
    outer loop
   vertex -6.083 23.775 2.366
   vertex -6.23 23.95 2.366
   vertex -6.321 23.775 2.366
  endloop
 endfacet
  facet normal 0 0 0
    outer loop
   vertex -6.321 23.775 2.366
   vertex -6.44 23.925 2.366
   vertex -6.44 23.625 2.366
  endloop
 endfacet
  facet normal 0 0 0
    outer loop
   vertex -6.335 23.95 2.366
   vertex -6.388 23.95 2.366
   vertex -6.321 23.775 2.366
  endloop
 endfacet
  facet normal 0 0 0
    outer loop
   vertex -6.388 23.95 2.366
   vertex -6.44 23.95 2.366
   vertex -6.44 23.925 2.366
  endloop
 endfacet
  facet normal 0 0 0
    outer loop
   vertex -6.388 23.95 2.366
   vertex -6.44 23.925 2.366
   vertex -6.321 23.775 2.366
  endloop
 endfacet
  facet normal 0 0 0
    outer loop
   vertex -4.62 23.95 2.366
   vertex -4.725 23.95 2.366
   vertex -4.767 23.775 2.366
  endloop
 endfacet
  facet normal 0 0 0
    outer loop
   vertex -4.767 23.775 2.366
   vertex -4.83 23.925 2.366
   vertex -4.83 23.625 2.366
  endloop
 endfacet
  facet normal 0 0 0
    outer loop
   vertex -4.62 23.6 2.366
   vertex -4.767 23.775 2.366
   vertex -4.725 23.6 2.366
  endloop
 endfacet
  facet normal 0 0 0
    outer loop
   vertex -4.62 23.95 2.366
   vertex -4.767 23.775 2.366
   vertex -4.62 23.6 2.366
  endloop
 endfacet
  facet normal 0 0 0
    outer loop
   vertex -4.725 23.95 2.366
   vertex -4.778 23.95 2.366
   vertex -4.767 23.775 2.366
  endloop
 endfacet
  facet normal 0 0 0
    outer loop
   vertex -4.778 23.95 2.366
   vertex -4.83 23.95 2.366
   vertex -4.83 23.925 2.366
  endloop
 endfacet
  facet normal 0 0 0
    outer loop
   vertex -4.778 23.95 2.366
   vertex -4.83 23.925 2.366
   vertex -4.767 23.775 2.366
  endloop
 endfacet
  facet normal 0 0 0
    outer loop
   vertex -4.725 23.6 2.366
   vertex -4.767 23.775 2.366
   vertex -4.778 23.6 2.366
  endloop
 endfacet
  facet normal 0 0 0
    outer loop
   vertex -4.767 23.775 2.366
   vertex -4.83 23.625 2.366
   vertex -4.778 23.6 2.366
  endloop
 endfacet
  facet normal 0 0 0
    outer loop
   vertex -9.03 23.95 2.366
   vertex -9.135 23.95 2.366
   vertex -9.121 23.775 2.366
  endloop
 endfacet
  facet normal 0 0 0
    outer loop
   vertex -9.03 23.6 2.366
   vertex -9.121 23.775 2.366
   vertex -9.135 23.6 2.366
  endloop
 endfacet
  facet normal 0 0 0
    outer loop
   vertex -8.883 23.775 2.366
   vertex -9.121 23.775 2.366
   vertex -9.03 23.6 2.366
  endloop
 endfacet
  facet normal 0 0 0
    outer loop
   vertex -8.883 23.775 2.366
   vertex -9.03 23.95 2.366
   vertex -9.121 23.775 2.366
  endloop
 endfacet
  facet normal 0 0 0
    outer loop
   vertex -9.121 23.775 2.366
   vertex -9.24 23.925 2.366
   vertex -9.24 23.625 2.366
  endloop
 endfacet
  facet normal 0 0 0
    outer loop
   vertex -9.135 23.95 2.366
   vertex -9.188 23.95 2.366
   vertex -9.121 23.775 2.366
  endloop
 endfacet
  facet normal 0 0 0
    outer loop
   vertex -9.188 23.95 2.366
   vertex -9.24 23.95 2.366
   vertex -9.24 23.925 2.366
  endloop
 endfacet
  facet normal 0 0 0
    outer loop
   vertex -9.188 23.95 2.366
   vertex -9.24 23.925 2.366
   vertex -9.121 23.775 2.366
  endloop
 endfacet
  facet normal 0 0 0
    outer loop
   vertex -10.6 25.325 2.366
   vertex -10.9 25.325 2.366
   vertex -10.6 24.625 2.366
  endloop
 endfacet
  facet normal 0 0 0
    outer loop
   vertex -10.9 25.325 2.366
   vertex -11.072 25.625 2.366
   vertex -11.85 25.325 2.366
  endloop
 endfacet
  facet normal 0 0 0
    outer loop
   vertex -11.85 25.325 2.366
   vertex -12.8 25.625 2.366
   vertex -12.8 25.325 2.366
  endloop
 endfacet
  facet normal 0 0 0
    outer loop
   vertex -11.072 25.625 2.366
   vertex -12.8 25.625 2.366
   vertex -11.85 25.325 2.366
  endloop
 endfacet
  facet normal 0 0 0
    outer loop
   vertex -9.03 25.65 2.366
   vertex -9.135 25.65 2.366
   vertex -9.177 25.475 2.366
  endloop
 endfacet
  facet normal 0 0 0
    outer loop
   vertex -9.24 25.625 2.366
   vertex -9.345 25.625 2.366
   vertex -9.177 25.475 2.366
  endloop
 endfacet
  facet normal 0 0 0
    outer loop
   vertex -9.177 25.475 2.366
   vertex -9.345 25.625 2.366
   vertex -9.24 25.325 2.366
  endloop
 endfacet
  facet normal 0 0 0
    outer loop
   vertex -9.03 25.3 2.366
   vertex -9.177 25.475 2.366
   vertex -9.135 25.3 2.366
  endloop
 endfacet
  facet normal 0 0 0
    outer loop
   vertex -9.135 25.65 2.366
   vertex -9.188 25.65 2.366
   vertex -9.177 25.475 2.366
  endloop
 endfacet
  facet normal 0 0 0
    outer loop
   vertex -9.188 25.65 2.366
   vertex -9.24 25.65 2.366
   vertex -9.24 25.625 2.366
  endloop
 endfacet
  facet normal 0 0 0
    outer loop
   vertex -9.135 23.6 2.366
   vertex -9.121 23.775 2.366
   vertex -9.188 23.6 2.366
  endloop
 endfacet
  facet normal 0 0 0
    outer loop
   vertex -9.121 23.775 2.366
   vertex -9.24 23.625 2.366
   vertex -9.188 23.6 2.366
  endloop
 endfacet
  facet normal 0 0 0
    outer loop
   vertex -9.188 23.6 2.366
   vertex -9.24 23.625 2.366
   vertex -9.24 23.6 2.366
  endloop
 endfacet
  facet normal 0 0 0
    outer loop
   vertex -8.873 23.6 2.366
   vertex -8.883 23.775 2.366
   vertex -8.925 23.6 2.366
  endloop
 endfacet
  facet normal 0 0 0
    outer loop
   vertex -8.82 23.6 2.366
   vertex -8.82 23.625 2.366
   vertex -8.873 23.6 2.366
  endloop
 endfacet
  facet normal 0 0 0
    outer loop
   vertex -8.82 23.625 2.366
   vertex -8.883 23.775 2.366
   vertex -8.873 23.6 2.366
  endloop
 endfacet
  facet normal 0 0 0
    outer loop
   vertex -8.925 25.65 2.366
   vertex -9.03 25.65 2.366
   vertex -8.899 25.527 2.366
  endloop
 endfacet
  facet normal 0 0 0
    outer loop
   vertex -8.873 25.65 2.366
   vertex -8.925 25.65 2.366
   vertex -8.899 25.527 2.366
  endloop
 endfacet
  facet normal 0 0 0
    outer loop
   vertex -8.82 25.625 2.366
   vertex -8.873 25.65 2.366
   vertex -8.899 25.527 2.366
  endloop
 endfacet
  facet normal 0 0 0
    outer loop
   vertex -8.82 25.625 2.366
   vertex -8.899 25.527 2.366
   vertex -8.82 25.325 2.366
  endloop
 endfacet
  facet normal 0 0 0
    outer loop
   vertex -8.899 25.527 2.366
   vertex -9.03 25.65 2.366
   vertex -9.177 25.475 2.366
  endloop
 endfacet
  facet normal 0 0 0
    outer loop
   vertex -9.188 25.65 2.366
   vertex -9.24 25.625 2.366
   vertex -9.177 25.475 2.366
  endloop
 endfacet
  facet normal 0 0 0
    outer loop
   vertex -8.82 25.65 2.366
   vertex -8.873 25.65 2.366
   vertex -8.82 25.625 2.366
  endloop
 endfacet
  facet normal 0 0 0
    outer loop
   vertex -10.6 25.325 2.366
   vertex -11.072 25.625 2.366
   vertex -10.9 25.325 2.366
  endloop
 endfacet
  facet normal 0 0 0
    outer loop
   vertex -9.24 25.325 2.366
   vertex -9.345 25.625 2.366
   vertex -9.92 25.325 2.366
  endloop
 endfacet
  facet normal 0 0 0
    outer loop
   vertex -9.92 25.325 2.366
   vertex -11.072 25.625 2.366
   vertex -10.6 25.325 2.366
  endloop
 endfacet
  facet normal 0 0 0
    outer loop
   vertex -9.345 25.625 2.366
   vertex -11.072 25.625 2.366
   vertex -9.92 25.325 2.366
  endloop
 endfacet
  facet normal 0 0 0
    outer loop
   vertex -9.92 23.925 2.366
   vertex -10.6 23.925 2.366
   vertex -10.6 23.625 2.366
  endloop
 endfacet
  facet normal 0 0 0
    outer loop
   vertex -9.24 23.925 2.366
   vertex -9.92 23.925 2.366
   vertex -9.24 23.625 2.366
  endloop
 endfacet
  facet normal 0 0 0
    outer loop
   vertex -9.24 23.625 2.366
   vertex -9.92 23.925 2.366
   vertex -10.6 23.625 2.366
  endloop
 endfacet
  facet normal 0 0 0
    outer loop
   vertex -10.6 23.925 2.366
   vertex -10.9 24.116 2.366
   vertex -10.6 23.625 2.366
  endloop
 endfacet
  facet normal 0 0 0
    outer loop
   vertex -8.873 25.3 2.366
   vertex -8.899 25.412 2.366
   vertex -8.925 25.3 2.366
  endloop
 endfacet
  facet normal 0 0 0
    outer loop
   vertex -8.925 25.3 2.366
   vertex -8.899 25.412 2.366
   vertex -9.03 25.3 2.366
  endloop
 endfacet
  facet normal 0 0 0
    outer loop
   vertex -8.899 25.527 2.366
   vertex -8.899 25.412 2.366
   vertex -8.82 25.325 2.366
  endloop
 endfacet
  facet normal 0 0 0
    outer loop
   vertex -8.82 25.325 2.366
   vertex -8.899 25.412 2.366
   vertex -8.873 25.3 2.366
  endloop
 endfacet
  facet normal 0 0 0
    outer loop
   vertex -8.899 25.527 2.366
   vertex -9.177 25.475 2.366
   vertex -8.899 25.412 2.366
  endloop
 endfacet
  facet normal 0 0 0
    outer loop
   vertex -8.899 25.412 2.366
   vertex -9.177 25.475 2.366
   vertex -9.03 25.3 2.366
  endloop
 endfacet
  facet normal 0 0 0
    outer loop
   vertex -10.6 24.625 2.366
   vertex -10.9 24.116 2.366
   vertex -10.6 23.925 2.366
  endloop
 endfacet
  facet normal 0 0 0
    outer loop
   vertex -10.6 24.625 2.366
   vertex -10.9 25.325 2.366
   vertex -10.9 24.116 2.366
  endloop
 endfacet
  facet normal 0 0 0
    outer loop
   vertex -9.135 25.3 2.366
   vertex -9.177 25.475 2.366
   vertex -9.188 25.3 2.366
  endloop
 endfacet
  facet normal 0 0 0
    outer loop
   vertex -9.177 25.475 2.366
   vertex -9.24 25.325 2.366
   vertex -9.188 25.3 2.366
  endloop
 endfacet
  facet normal 0 0 0
    outer loop
   vertex -9.188 25.3 2.366
   vertex -9.24 25.325 2.366
   vertex -9.24 25.3 2.366
  endloop
 endfacet
  facet normal 0 0 0
    outer loop
   vertex -8.82 25.3 2.366
   vertex -8.82 25.325 2.366
   vertex -8.873 25.3 2.366
  endloop
 endfacet
  facet normal 0 0 0
    outer loop
   vertex -8.925 23.95 2.366
   vertex -9.03 23.95 2.366
   vertex -8.883 23.775 2.366
  endloop
 endfacet
  facet normal 0 0 0
    outer loop
   vertex -8.82 23.925 2.366
   vertex -8.883 23.775 2.366
   vertex -8.82 23.625 2.366
  endloop
 endfacet
  facet normal 0 0 0
    outer loop
   vertex -8.925 23.6 2.366
   vertex -8.883 23.775 2.366
   vertex -9.03 23.6 2.366
  endloop
 endfacet
  facet normal 0 0 0
    outer loop
   vertex -8.873 23.95 2.366
   vertex -8.925 23.95 2.366
   vertex -8.883 23.775 2.366
  endloop
 endfacet
  facet normal 0 0 0
    outer loop
   vertex -8.82 23.925 2.366
   vertex -8.873 23.95 2.366
   vertex -8.883 23.775 2.366
  endloop
 endfacet
  facet normal 0 0 0
    outer loop
   vertex -8.82 23.95 2.366
   vertex -8.873 23.95 2.366
   vertex -8.82 23.925 2.366
  endloop
 endfacet
  facet normal 0 0 0
    outer loop
   vertex -8.925 20.2 2.366
   vertex -8.883 20.375 2.366
   vertex -9.03 20.2 2.366
  endloop
 endfacet
  facet normal 0 0 0
    outer loop
   vertex -8.873 20.55 2.366
   vertex -8.925 20.55 2.366
   vertex -8.883 20.375 2.366
  endloop
 endfacet
  facet normal 0 0 0
    outer loop
   vertex -8.82 20.525 2.366
   vertex -8.873 20.55 2.366
   vertex -8.883 20.375 2.366
  endloop
 endfacet
  facet normal 0 0 0
    outer loop
   vertex -8.82 20.55 2.366
   vertex -8.873 20.55 2.366
   vertex -8.82 20.525 2.366
  endloop
 endfacet
  facet normal 0 0 0
    outer loop
   vertex -9.03 20.55 2.366
   vertex -9.135 20.55 2.366
   vertex -9.177 20.375 2.366
  endloop
 endfacet
  facet normal 0 0 0
    outer loop
   vertex -9.177 20.375 2.366
   vertex -9.24 20.525 2.366
   vertex -9.24 20.225 2.366
  endloop
 endfacet
  facet normal 0 0 0
    outer loop
   vertex -9.03 20.2 2.366
   vertex -9.177 20.375 2.366
   vertex -9.135 20.2 2.366
  endloop
 endfacet
  facet normal 0 0 0
    outer loop
   vertex -8.883 20.375 2.366
   vertex -9.03 20.55 2.366
   vertex -9.177 20.375 2.366
  endloop
 endfacet
  facet normal 0 0 0
    outer loop
   vertex -8.883 20.375 2.366
   vertex -9.177 20.375 2.366
   vertex -9.03 20.2 2.366
  endloop
 endfacet
  facet normal 0 0 0
    outer loop
   vertex -9.135 20.55 2.366
   vertex -9.188 20.55 2.366
   vertex -9.177 20.375 2.366
  endloop
 endfacet
  facet normal 0 0 0
    outer loop
   vertex -9.188 20.55 2.366
   vertex -9.24 20.55 2.366
   vertex -9.24 20.525 2.366
  endloop
 endfacet
  facet normal 0 0 0
    outer loop
   vertex -9.188 20.55 2.366
   vertex -9.24 20.525 2.366
   vertex -9.177 20.375 2.366
  endloop
 endfacet
  facet normal 0 0 0
    outer loop
   vertex -9.135 20.2 2.366
   vertex -9.177 20.375 2.366
   vertex -9.188 20.2 2.366
  endloop
 endfacet
  facet normal 0 0 0
    outer loop
   vertex -9.177 20.375 2.366
   vertex -9.24 20.225 2.366
   vertex -9.188 20.2 2.366
  endloop
 endfacet
  facet normal 0 0 0
    outer loop
   vertex -9.188 20.2 2.366
   vertex -9.24 20.225 2.366
   vertex -9.24 20.2 2.366
  endloop
 endfacet
  facet normal 0 0 0
    outer loop
   vertex -8.873 20.2 2.366
   vertex -8.883 20.375 2.366
   vertex -8.925 20.2 2.366
  endloop
 endfacet
  facet normal 0 0 0
    outer loop
   vertex -8.82 20.2 2.366
   vertex -8.82 20.225 2.366
   vertex -8.873 20.2 2.366
  endloop
 endfacet
  facet normal 0 0 0
    outer loop
   vertex -8.82 20.225 2.366
   vertex -8.883 20.375 2.366
   vertex -8.873 20.2 2.366
  endloop
 endfacet
  facet normal 0 0 0
    outer loop
   vertex -10.6 20.525 2.366
   vertex -10.9 21.436 2.366
   vertex -10.9 20.225 2.366
  endloop
 endfacet
  facet normal 0 0 0
    outer loop
   vertex -9.92 21.925 2.366
   vertex -10.6 22.225 2.366
   vertex -10.6 21.925 2.366
  endloop
 endfacet
  facet normal 0 0 0
    outer loop
   vertex -9.24 21.925 2.366
   vertex -9.24 22.225 2.366
   vertex -9.92 21.925 2.366
  endloop
 endfacet
  facet normal 0 0 0
    outer loop
   vertex -9.24 22.225 2.366
   vertex -10.6 22.225 2.366
   vertex -9.92 21.925 2.366
  endloop
 endfacet
  facet normal 0 0 0
    outer loop
   vertex -10.6 21.925 2.366
   vertex -10.9 22.042 2.366
   vertex -10.9 21.436 2.366
  endloop
 endfacet
  facet normal 0 0 0
    outer loop
   vertex -10.6 22.225 2.366
   vertex -10.9 22.042 2.366
   vertex -10.6 21.925 2.366
  endloop
 endfacet
  facet normal 0 0 0
    outer loop
   vertex -10.6 22.225 2.366
   vertex -10.9 22.648 2.366
   vertex -10.9 22.042 2.366
  endloop
 endfacet
  facet normal 0 0 0
    outer loop
   vertex -10.07 20.225 2.366
   vertex -10.6 20.525 2.366
   vertex -10.9 20.225 2.366
  endloop
 endfacet
  facet normal 0 0 0
    outer loop
   vertex -9.24 20.225 2.366
   vertex -9.24 20.525 2.366
   vertex -10.07 20.225 2.366
  endloop
 endfacet
  facet normal 0 0 0
    outer loop
   vertex -9.24 20.525 2.366
   vertex -10.6 20.525 2.366
   vertex -10.07 20.225 2.366
  endloop
 endfacet
  facet normal 0 0 0
    outer loop
   vertex -10.6 21.925 2.366
   vertex -10.9 21.436 2.366
   vertex -10.6 20.525 2.366
  endloop
 endfacet
  facet normal 0 0 0
    outer loop
   vertex -8.925 22.25 2.366
   vertex -9.03 22.25 2.366
   vertex -8.883 22.075 2.366
  endloop
 endfacet
  facet normal 0 0 0
    outer loop
   vertex -8.82 22.225 2.366
   vertex -8.883 22.075 2.366
   vertex -8.82 21.925 2.366
  endloop
 endfacet
  facet normal 0 0 0
    outer loop
   vertex -8.925 21.9 2.366
   vertex -8.883 22.075 2.366
   vertex -9.03 21.9 2.366
  endloop
 endfacet
  facet normal 0 0 0
    outer loop
   vertex -8.873 22.25 2.366
   vertex -8.925 22.25 2.366
   vertex -8.883 22.075 2.366
  endloop
 endfacet
  facet normal 0 0 0
    outer loop
   vertex -8.82 22.225 2.366
   vertex -8.873 22.25 2.366
   vertex -8.883 22.075 2.366
  endloop
 endfacet
  facet normal 0 0 0
    outer loop
   vertex -8.82 22.25 2.366
   vertex -8.873 22.25 2.366
   vertex -8.82 22.225 2.366
  endloop
 endfacet
  facet normal 0 0 0
    outer loop
   vertex -9.03 22.25 2.366
   vertex -9.135 22.25 2.366
   vertex -9.121 22.075 2.366
  endloop
 endfacet
  facet normal 0 0 0
    outer loop
   vertex -9.03 21.9 2.366
   vertex -9.121 22.075 2.366
   vertex -9.135 21.9 2.366
  endloop
 endfacet
  facet normal 0 0 0
    outer loop
   vertex -8.883 22.075 2.366
   vertex -9.121 22.075 2.366
   vertex -9.03 21.9 2.366
  endloop
 endfacet
  facet normal 0 0 0
    outer loop
   vertex -8.883 22.075 2.366
   vertex -9.03 22.25 2.366
   vertex -9.121 22.075 2.366
  endloop
 endfacet
  facet normal 0 0 0
    outer loop
   vertex -9.121 22.075 2.366
   vertex -9.24 22.225 2.366
   vertex -9.24 21.925 2.366
  endloop
 endfacet
  facet normal 0 0 0
    outer loop
   vertex -9.135 22.25 2.366
   vertex -9.188 22.25 2.366
   vertex -9.121 22.075 2.366
  endloop
 endfacet
  facet normal 0 0 0
    outer loop
   vertex -9.188 22.25 2.366
   vertex -9.24 22.25 2.366
   vertex -9.24 22.225 2.366
  endloop
 endfacet
  facet normal 0 0 0
    outer loop
   vertex -9.188 22.25 2.366
   vertex -9.24 22.225 2.366
   vertex -9.121 22.075 2.366
  endloop
 endfacet
  facet normal 0 0 0
    outer loop
   vertex -9.135 21.9 2.366
   vertex -9.121 22.075 2.366
   vertex -9.188 21.9 2.366
  endloop
 endfacet
  facet normal 0 0 0
    outer loop
   vertex -9.121 22.075 2.366
   vertex -9.24 21.925 2.366
   vertex -9.188 21.9 2.366
  endloop
 endfacet
  facet normal 0 0 0
    outer loop
   vertex -9.188 21.9 2.366
   vertex -9.24 21.925 2.366
   vertex -9.24 21.9 2.366
  endloop
 endfacet
  facet normal 0 0 0
    outer loop
   vertex -8.873 21.9 2.366
   vertex -8.883 22.075 2.366
   vertex -8.925 21.9 2.366
  endloop
 endfacet
  facet normal 0 0 0
    outer loop
   vertex -8.82 21.9 2.366
   vertex -8.82 21.925 2.366
   vertex -8.873 21.9 2.366
  endloop
 endfacet
  facet normal 0 0 0
    outer loop
   vertex -8.82 21.925 2.366
   vertex -8.883 22.075 2.366
   vertex -8.873 21.9 2.366
  endloop
 endfacet
  facet normal 0 0 0
    outer loop
   vertex -8.925 20.55 2.366
   vertex -9.03 20.55 2.366
   vertex -8.883 20.375 2.366
  endloop
 endfacet
  facet normal 0 0 0
    outer loop
   vertex -8.82 20.525 2.366
   vertex -8.883 20.375 2.366
   vertex -8.82 20.225 2.366
  endloop
 endfacet
  facet normal 0 0 0
    outer loop
   vertex -6.44 20.525 2.366
   vertex -7.21 20.525 2.366
   vertex -6.44 20.225 2.366
  endloop
 endfacet
  facet normal 0 0 0
    outer loop
   vertex -6.44 20.225 2.366
   vertex -7.21 20.525 2.366
   vertex -7.21 20.225 2.366
  endloop
 endfacet
  facet normal 0 0 0
    outer loop
   vertex -6.44 22.225 2.366
   vertex -7.21 22.225 2.366
   vertex -6.44 21.925 2.366
  endloop
 endfacet
  facet normal 0 0 0
    outer loop
   vertex -6.44 21.925 2.366
   vertex -7.21 22.225 2.366
   vertex -7.21 21.925 2.366
  endloop
 endfacet
  facet normal 0 0 0
    outer loop
   vertex -4.41 22.25 2.366
   vertex -4.62 22.25 2.366
   vertex -4.62 21.9 2.366
  endloop
 endfacet
  facet normal 0 0 0
    outer loop
   vertex -5.425 22.225 2.366
   vertex -6.02 22.225 2.366
   vertex -6.02 21.925 2.366
  endloop
 endfacet
  facet normal 0 0 0
    outer loop
   vertex -4.83 22.225 2.366
   vertex -5.425 22.225 2.366
   vertex -4.83 21.925 2.366
  endloop
 endfacet
  facet normal 0 0 0
    outer loop
   vertex -6.23 22.25 2.366
   vertex -6.335 22.25 2.366
   vertex -6.321 22.075 2.366
  endloop
 endfacet
  facet normal 0 0 0
    outer loop
   vertex -6.23 21.9 2.366
   vertex -6.321 22.075 2.366
   vertex -6.335 21.9 2.366
  endloop
 endfacet
  facet normal 0 0 0
    outer loop
   vertex -6.321 22.075 2.366
   vertex -6.44 22.225 2.366
   vertex -6.44 21.925 2.366
  endloop
 endfacet
  facet normal 0 0 0
    outer loop
   vertex -6.335 22.25 2.366
   vertex -6.388 22.25 2.366
   vertex -6.321 22.075 2.366
  endloop
 endfacet
  facet normal 0 0 0
    outer loop
   vertex -6.388 22.25 2.366
   vertex -6.44 22.25 2.366
   vertex -6.44 22.225 2.366
  endloop
 endfacet
  facet normal 0 0 0
    outer loop
   vertex -6.388 22.25 2.366
   vertex -6.44 22.225 2.366
   vertex -6.321 22.075 2.366
  endloop
 endfacet
  facet normal 0 0 0
    outer loop
   vertex -6.02 22.25 2.366
   vertex -6.073 22.25 2.366
   vertex -6.02 22.225 2.366
  endloop
 endfacet
  facet normal 0 0 0
    outer loop
   vertex -4.62 22.25 2.366
   vertex -4.725 22.25 2.366
   vertex -4.767 22.075 2.366
  endloop
 endfacet
  facet normal 0 0 0
    outer loop
   vertex -4.767 22.075 2.366
   vertex -4.83 22.225 2.366
   vertex -4.83 21.925 2.366
  endloop
 endfacet
  facet normal 0 0 0
    outer loop
   vertex -4.62 21.9 2.366
   vertex -4.767 22.075 2.366
   vertex -4.725 21.9 2.366
  endloop
 endfacet
  facet normal 0 0 0
    outer loop
   vertex -4.62 22.25 2.366
   vertex -4.767 22.075 2.366
   vertex -4.62 21.9 2.366
  endloop
 endfacet
  facet normal 0 0 0
    outer loop
   vertex -6.073 22.25 2.366
   vertex -6.125 22.25 2.366
   vertex -6.099 22.127 2.366
  endloop
 endfacet
  facet normal 0 0 0
    outer loop
   vertex -6.02 22.225 2.366
   vertex -6.073 22.25 2.366
   vertex -6.099 22.127 2.366
  endloop
 endfacet
  facet normal 0 0 0
    outer loop
   vertex -6.02 22.225 2.366
   vertex -6.099 22.127 2.366
   vertex -6.02 21.925 2.366
  endloop
 endfacet
  facet normal 0 0 0
    outer loop
   vertex -6.125 22.25 2.366
   vertex -6.23 22.25 2.366
   vertex -6.099 22.127 2.366
  endloop
 endfacet
  facet normal 0 0 0
    outer loop
   vertex -6.099 22.127 2.366
   vertex -6.23 22.25 2.366
   vertex -6.321 22.075 2.366
  endloop
 endfacet
  facet normal 0 0 0
    outer loop
   vertex -4.725 22.25 2.366
   vertex -4.778 22.25 2.366
   vertex -4.767 22.075 2.366
  endloop
 endfacet
  facet normal 0 0 0
    outer loop
   vertex -4.778 22.25 2.366
   vertex -4.83 22.25 2.366
   vertex -4.83 22.225 2.366
  endloop
 endfacet
  facet normal 0 0 0
    outer loop
   vertex -4.778 22.25 2.366
   vertex -4.83 22.225 2.366
   vertex -4.767 22.075 2.366
  endloop
 endfacet
  facet normal 0 0 0
    outer loop
   vertex -4.725 21.9 2.366
   vertex -4.767 22.075 2.366
   vertex -4.778 21.9 2.366
  endloop
 endfacet
  facet normal 0 0 0
    outer loop
   vertex -4.767 22.075 2.366
   vertex -4.83 21.925 2.366
   vertex -4.778 21.9 2.366
  endloop
 endfacet
  facet normal 0 0 0
    outer loop
   vertex -4.778 21.9 2.366
   vertex -4.83 21.925 2.366
   vertex -4.83 21.9 2.366
  endloop
 endfacet
  facet normal 0 0 0
    outer loop
   vertex -6.335 21.9 2.366
   vertex -6.321 22.075 2.366
   vertex -6.388 21.9 2.366
  endloop
 endfacet
  facet normal 0 0 0
    outer loop
   vertex -6.321 22.075 2.366
   vertex -6.44 21.925 2.366
   vertex -6.388 21.9 2.366
  endloop
 endfacet
  facet normal 0 0 0
    outer loop
   vertex -6.388 21.9 2.366
   vertex -6.44 21.925 2.366
   vertex -6.44 21.9 2.366
  endloop
 endfacet
  facet normal 0 0 0
    outer loop
   vertex -6.02 21.9 2.366
   vertex -6.02 21.925 2.366
   vertex -6.073 21.9 2.366
  endloop
 endfacet
  facet normal 0 0 0
    outer loop
   vertex -4.83 21.925 2.366
   vertex -5.425 22.225 2.366
   vertex -6.02 21.925 2.366
  endloop
 endfacet
  facet normal 0 0 0
    outer loop
   vertex -4.41 21.9 2.366
   vertex -4.41 22.25 2.366
   vertex -4.62 21.9 2.366
  endloop
 endfacet
  facet normal 0 0 0
    outer loop
   vertex -6.073 21.9 2.366
   vertex -6.099 22.012 2.366
   vertex -6.125 21.9 2.366
  endloop
 endfacet
  facet normal 0 0 0
    outer loop
   vertex -6.125 21.9 2.366
   vertex -6.099 22.012 2.366
   vertex -6.23 21.9 2.366
  endloop
 endfacet
  facet normal 0 0 0
    outer loop
   vertex -6.099 22.127 2.366
   vertex -6.099 22.012 2.366
   vertex -6.02 21.925 2.366
  endloop
 endfacet
  facet normal 0 0 0
    outer loop
   vertex -6.02 21.925 2.366
   vertex -6.099 22.012 2.366
   vertex -6.073 21.9 2.366
  endloop
 endfacet
  facet normal 0 0 0
    outer loop
   vertex -6.099 22.127 2.366
   vertex -6.321 22.075 2.366
   vertex -6.099 22.012 2.366
  endloop
 endfacet
  facet normal 0 0 0
    outer loop
   vertex -6.099 22.012 2.366
   vertex -6.321 22.075 2.366
   vertex -6.23 21.9 2.366
  endloop
 endfacet
  facet normal 0 0 0
    outer loop
   vertex -7.263 22.25 2.366
   vertex -7.315 22.25 2.366
   vertex -7.273 22.075 2.366
  endloop
 endfacet
  facet normal 0 0 0
    outer loop
   vertex -7.21 22.225 2.366
   vertex -7.263 22.25 2.366
   vertex -7.273 22.075 2.366
  endloop
 endfacet
  facet normal 0 0 0
    outer loop
   vertex -7.21 22.25 2.366
   vertex -7.263 22.25 2.366
   vertex -7.21 22.225 2.366
  endloop
 endfacet
  facet normal 0 0 0
    outer loop
   vertex -7.42 22.25 2.366
   vertex -7.525 22.25 2.366
   vertex -7.511 22.075 2.366
  endloop
 endfacet
  facet normal 0 0 0
    outer loop
   vertex -7.42 21.9 2.366
   vertex -7.511 22.075 2.366
   vertex -7.525 21.9 2.366
  endloop
 endfacet
  facet normal 0 0 0
    outer loop
   vertex -7.273 22.075 2.366
   vertex -7.511 22.075 2.366
   vertex -7.42 21.9 2.366
  endloop
 endfacet
  facet normal 0 0 0
    outer loop
   vertex -7.273 22.075 2.366
   vertex -7.42 22.25 2.366
   vertex -7.511 22.075 2.366
  endloop
 endfacet
  facet normal 0 0 0
    outer loop
   vertex -7.525 21.9 2.366
   vertex -7.511 22.075 2.366
   vertex -7.578 21.9 2.366
  endloop
 endfacet
  facet normal 0 0 0
    outer loop
   vertex -7.511 22.075 2.366
   vertex -7.63 21.925 2.366
   vertex -7.578 21.9 2.366
  endloop
 endfacet
  facet normal 0 0 0
    outer loop
   vertex -7.578 21.9 2.366
   vertex -7.63 21.925 2.366
   vertex -7.63 21.9 2.366
  endloop
 endfacet
  facet normal 0 0 0
    outer loop
   vertex -7.263 21.9 2.366
   vertex -7.273 22.075 2.366
   vertex -7.315 21.9 2.366
  endloop
 endfacet
  facet normal 0 0 0
    outer loop
   vertex -7.21 21.9 2.366
   vertex -7.21 21.925 2.366
   vertex -7.263 21.9 2.366
  endloop
 endfacet
  facet normal 0 0 0
    outer loop
   vertex -7.21 21.925 2.366
   vertex -7.273 22.075 2.366
   vertex -7.263 21.9 2.366
  endloop
 endfacet
  facet normal 0 0 0
    outer loop
   vertex -7.511 22.075 2.366
   vertex -7.63 22.225 2.366
   vertex -7.63 21.925 2.366
  endloop
 endfacet
  facet normal 0 0 0
    outer loop
   vertex -7.525 22.25 2.366
   vertex -7.578 22.25 2.366
   vertex -7.511 22.075 2.366
  endloop
 endfacet
  facet normal 0 0 0
    outer loop
   vertex -7.578 22.25 2.366
   vertex -7.63 22.25 2.366
   vertex -7.63 22.225 2.366
  endloop
 endfacet
  facet normal 0 0 0
    outer loop
   vertex -7.578 22.25 2.366
   vertex -7.63 22.225 2.366
   vertex -7.511 22.075 2.366
  endloop
 endfacet
  facet normal 0 0 0
    outer loop
   vertex -7.63 22.225 2.366
   vertex -8.225 22.225 2.366
   vertex -7.63 21.925 2.366
  endloop
 endfacet
  facet normal 0 0 0
    outer loop
   vertex -7.315 22.25 2.366
   vertex -7.42 22.25 2.366
   vertex -7.273 22.075 2.366
  endloop
 endfacet
  facet normal 0 0 0
    outer loop
   vertex -7.21 22.225 2.366
   vertex -7.273 22.075 2.366
   vertex -7.21 21.925 2.366
  endloop
 endfacet
  facet normal 0 0 0
    outer loop
   vertex -7.315 21.9 2.366
   vertex -7.273 22.075 2.366
   vertex -7.42 21.9 2.366
  endloop
 endfacet
  facet normal 0 0 0
    outer loop
   vertex -7.511 20.375 2.366
   vertex -7.63 20.225 2.366
   vertex -7.578 20.2 2.366
  endloop
 endfacet
  facet normal 0 0 0
    outer loop
   vertex -7.578 20.2 2.366
   vertex -7.63 20.225 2.366
   vertex -7.63 20.2 2.366
  endloop
 endfacet
  facet normal 0 0 0
    outer loop
   vertex -7.21 20.2 2.366
   vertex -7.21 20.225 2.366
   vertex -7.263 20.2 2.366
  endloop
 endfacet
  facet normal 0 0 0
    outer loop
   vertex -7.63 20.525 2.366
   vertex -8.225 20.525 2.366
   vertex -7.63 20.225 2.366
  endloop
 endfacet
  facet normal 0 0 0
    outer loop
   vertex -7.42 20.55 2.366
   vertex -7.525 20.55 2.366
   vertex -7.511 20.375 2.366
  endloop
 endfacet
  facet normal 0 0 0
    outer loop
   vertex -7.263 20.55 2.366
   vertex -7.315 20.55 2.366
   vertex -7.289 20.427 2.366
  endloop
 endfacet
  facet normal 0 0 0
    outer loop
   vertex -7.21 20.525 2.366
   vertex -7.263 20.55 2.366
   vertex -7.289 20.427 2.366
  endloop
 endfacet
  facet normal 0 0 0
    outer loop
   vertex -7.21 20.525 2.366
   vertex -7.289 20.427 2.366
   vertex -7.21 20.225 2.366
  endloop
 endfacet
  facet normal 0 0 0
    outer loop
   vertex -7.315 20.55 2.366
   vertex -7.42 20.55 2.366
   vertex -7.289 20.427 2.366
  endloop
 endfacet
  facet normal 0 0 0
    outer loop
   vertex -7.289 20.427 2.366
   vertex -7.42 20.55 2.366
   vertex -7.511 20.375 2.366
  endloop
 endfacet
  facet normal 0 0 0
    outer loop
   vertex -7.42 20.2 2.366
   vertex -7.511 20.375 2.366
   vertex -7.525 20.2 2.366
  endloop
 endfacet
  facet normal 0 0 0
    outer loop
   vertex -7.511 20.375 2.366
   vertex -7.63 20.525 2.366
   vertex -7.63 20.225 2.366
  endloop
 endfacet
  facet normal 0 0 0
    outer loop
   vertex -7.525 20.55 2.366
   vertex -7.578 20.55 2.366
   vertex -7.511 20.375 2.366
  endloop
 endfacet
  facet normal 0 0 0
    outer loop
   vertex -7.578 20.55 2.366
   vertex -7.63 20.55 2.366
   vertex -7.63 20.525 2.366
  endloop
 endfacet
  facet normal 0 0 0
    outer loop
   vertex -7.578 20.55 2.366
   vertex -7.63 20.525 2.366
   vertex -7.511 20.375 2.366
  endloop
 endfacet
  facet normal 0 0 0
    outer loop
   vertex -7.21 20.55 2.366
   vertex -7.263 20.55 2.366
   vertex -7.21 20.525 2.366
  endloop
 endfacet
  facet normal 0 0 0
    outer loop
   vertex -7.525 20.2 2.366
   vertex -7.511 20.375 2.366
   vertex -7.578 20.2 2.366
  endloop
 endfacet
  facet normal 0 0 0
    outer loop
   vertex -7.263 20.2 2.366
   vertex -7.289 20.312 2.366
   vertex -7.315 20.2 2.366
  endloop
 endfacet
  facet normal 0 0 0
    outer loop
   vertex -7.315 20.2 2.366
   vertex -7.289 20.312 2.366
   vertex -7.42 20.2 2.366
  endloop
 endfacet
  facet normal 0 0 0
    outer loop
   vertex -7.289 20.427 2.366
   vertex -7.289 20.312 2.366
   vertex -7.21 20.225 2.366
  endloop
 endfacet
  facet normal 0 0 0
    outer loop
   vertex -7.21 20.225 2.366
   vertex -7.289 20.312 2.366
   vertex -7.263 20.2 2.366
  endloop
 endfacet
  facet normal 0 0 0
    outer loop
   vertex -7.289 20.427 2.366
   vertex -7.511 20.375 2.366
   vertex -7.289 20.312 2.366
  endloop
 endfacet
  facet normal 0 0 0
    outer loop
   vertex -7.289 20.312 2.366
   vertex -7.511 20.375 2.366
   vertex -7.42 20.2 2.366
  endloop
 endfacet
  facet normal 0 0 0
    outer loop
   vertex -6.099 20.427 2.366
   vertex -6.23 20.55 2.366
   vertex -6.321 20.375 2.366
  endloop
 endfacet
  facet normal 0 0 0
    outer loop
   vertex -6.388 20.55 2.366
   vertex -6.44 20.55 2.366
   vertex -6.44 20.525 2.366
  endloop
 endfacet
  facet normal 0 0 0
    outer loop
   vertex -6.388 20.55 2.366
   vertex -6.44 20.525 2.366
   vertex -6.321 20.375 2.366
  endloop
 endfacet
  facet normal 0 0 0
    outer loop
   vertex -6.02 20.55 2.366
   vertex -6.073 20.55 2.366
   vertex -6.02 20.525 2.366
  endloop
 endfacet
  facet normal 0 0 0
    outer loop
   vertex -4.62 20.55 2.366
   vertex -4.725 20.55 2.366
   vertex -4.767 20.375 2.366
  endloop
 endfacet
  facet normal 0 0 0
    outer loop
   vertex -4.767 20.375 2.366
   vertex -4.83 20.525 2.366
   vertex -4.83 20.225 2.366
  endloop
 endfacet
  facet normal 0 0 0
    outer loop
   vertex -4.62 20.2 2.366
   vertex -4.767 20.375 2.366
   vertex -4.725 20.2 2.366
  endloop
 endfacet
  facet normal 0 0 0
    outer loop
   vertex -4.62 20.55 2.366
   vertex -4.767 20.375 2.366
   vertex -4.62 20.2 2.366
  endloop
 endfacet
  facet normal 0 0 0
    outer loop
   vertex -4.725 20.55 2.366
   vertex -4.778 20.55 2.366
   vertex -4.767 20.375 2.366
  endloop
 endfacet
  facet normal 0 0 0
    outer loop
   vertex -4.778 20.55 2.366
   vertex -4.83 20.55 2.366
   vertex -4.83 20.525 2.366
  endloop
 endfacet
  facet normal 0 0 0
    outer loop
   vertex -4.778 20.55 2.366
   vertex -4.83 20.525 2.366
   vertex -4.767 20.375 2.366
  endloop
 endfacet
  facet normal 0 0 0
    outer loop
   vertex -4.725 20.2 2.366
   vertex -4.767 20.375 2.366
   vertex -4.778 20.2 2.366
  endloop
 endfacet
  facet normal 0 0 0
    outer loop
   vertex -4.767 20.375 2.366
   vertex -4.83 20.225 2.366
   vertex -4.778 20.2 2.366
  endloop
 endfacet
  facet normal 0 0 0
    outer loop
   vertex -4.778 20.2 2.366
   vertex -4.83 20.225 2.366
   vertex -4.83 20.2 2.366
  endloop
 endfacet
  facet normal 0 0 0
    outer loop
   vertex -6.335 20.2 2.366
   vertex -6.321 20.375 2.366
   vertex -6.388 20.2 2.366
  endloop
 endfacet
  facet normal 0 0 0
    outer loop
   vertex -6.321 20.375 2.366
   vertex -6.44 20.225 2.366
   vertex -6.388 20.2 2.366
  endloop
 endfacet
  facet normal 0 0 0
    outer loop
   vertex -6.388 20.2 2.366
   vertex -6.44 20.225 2.366
   vertex -6.44 20.2 2.366
  endloop
 endfacet
  facet normal 0 0 0
    outer loop
   vertex -6.02 20.2 2.366
   vertex -6.02 20.225 2.366
   vertex -6.073 20.2 2.366
  endloop
 endfacet
  facet normal 0 0 0
    outer loop
   vertex -4.41 20.2 2.366
   vertex -4.41 20.55 2.366
   vertex -4.62 20.2 2.366
  endloop
 endfacet
  facet normal 0 0 0
    outer loop
   vertex -4.41 20.55 2.366
   vertex -4.62 20.55 2.366
   vertex -4.62 20.2 2.366
  endloop
 endfacet
  facet normal 0 0 0
    outer loop
   vertex -5.425 20.525 2.366
   vertex -6.02 20.525 2.366
   vertex -6.02 20.225 2.366
  endloop
 endfacet
  facet normal 0 0 0
    outer loop
   vertex -4.83 20.525 2.366
   vertex -5.425 20.525 2.366
   vertex -4.83 20.225 2.366
  endloop
 endfacet
  facet normal 0 0 0
    outer loop
   vertex -4.83 20.225 2.366
   vertex -5.425 20.525 2.366
   vertex -6.02 20.225 2.366
  endloop
 endfacet
  facet normal 0 0 0
    outer loop
   vertex -6.23 20.55 2.366
   vertex -6.335 20.55 2.366
   vertex -6.321 20.375 2.366
  endloop
 endfacet
  facet normal 0 0 0
    outer loop
   vertex -6.23 20.2 2.366
   vertex -6.321 20.375 2.366
   vertex -6.335 20.2 2.366
  endloop
 endfacet
  facet normal 0 0 0
    outer loop
   vertex -6.321 20.375 2.366
   vertex -6.44 20.525 2.366
   vertex -6.44 20.225 2.366
  endloop
 endfacet
  facet normal 0 0 0
    outer loop
   vertex -6.335 20.55 2.366
   vertex -6.388 20.55 2.366
   vertex -6.321 20.375 2.366
  endloop
 endfacet
  facet normal 0 0 0
    outer loop
   vertex -6.073 20.55 2.366
   vertex -6.125 20.55 2.366
   vertex -6.099 20.427 2.366
  endloop
 endfacet
  facet normal 0 0 0
    outer loop
   vertex -6.02 20.525 2.366
   vertex -6.073 20.55 2.366
   vertex -6.099 20.427 2.366
  endloop
 endfacet
  facet normal 0 0 0
    outer loop
   vertex -6.02 20.525 2.366
   vertex -6.099 20.427 2.366
   vertex -6.02 20.225 2.366
  endloop
 endfacet
  facet normal 0 0 0
    outer loop
   vertex -6.125 20.55 2.366
   vertex -6.23 20.55 2.366
   vertex -6.099 20.427 2.366
  endloop
 endfacet
  facet normal 0 0 0
    outer loop
   vertex -6.073 20.2 2.366
   vertex -6.099 20.312 2.366
   vertex -6.125 20.2 2.366
  endloop
 endfacet
  facet normal 0 0 0
    outer loop
   vertex -6.125 20.2 2.366
   vertex -6.099 20.312 2.366
   vertex -6.23 20.2 2.366
  endloop
 endfacet
  facet normal 0 0 0
    outer loop
   vertex -6.099 20.427 2.366
   vertex -6.099 20.312 2.366
   vertex -6.02 20.225 2.366
  endloop
 endfacet
  facet normal 0 0 0
    outer loop
   vertex -6.02 20.225 2.366
   vertex -6.099 20.312 2.366
   vertex -6.073 20.2 2.366
  endloop
 endfacet
  facet normal 0 0 0
    outer loop
   vertex -6.099 20.427 2.366
   vertex -6.321 20.375 2.366
   vertex -6.099 20.312 2.366
  endloop
 endfacet
  facet normal 0 0 0
    outer loop
   vertex -6.099 20.312 2.366
   vertex -6.321 20.375 2.366
   vertex -6.23 20.2 2.366
  endloop
 endfacet
  facet normal 0 0 0
    outer loop
   vertex -4.67 19.39 0.326
   vertex -4.67 19.39 0.506
   vertex -4.82 19.39 0.506
  endloop
 endfacet
  facet normal 0 0 0
    outer loop
   vertex -4.67 19.39 0.326
   vertex -4.82 19.39 0.506
   vertex -4.82 19.39 0.326
  endloop
 endfacet
  facet normal 0 0 0
    outer loop
   vertex -6.07 19.39 0.326
   vertex -6.07 19.39 0.506
   vertex -6.22 19.39 0.506
  endloop
 endfacet
  facet normal 0 0 0
    outer loop
   vertex -6.07 19.39 0.326
   vertex -6.22 19.39 0.506
   vertex -6.22 19.39 0.326
  endloop
 endfacet
  facet normal 0 0 0
    outer loop
   vertex -7.47 19.39 0.326
   vertex -7.47 19.39 0.506
   vertex -7.62 19.39 0.506
  endloop
 endfacet
  facet normal 0 0 0
    outer loop
   vertex -7.47 19.39 0.326
   vertex -7.62 19.39 0.506
   vertex -7.62 19.39 0.326
  endloop
 endfacet
  facet normal 0 0 0
    outer loop
   vertex -8.87 19.39 0.326
   vertex -8.87 19.39 0.506
   vertex -9.02 19.39 0.506
  endloop
 endfacet
  facet normal 0 0 0
    outer loop
   vertex -8.87 19.39 0.326
   vertex -9.02 19.39 0.506
   vertex -9.02 19.39 0.326
  endloop
 endfacet
  facet normal 0 0 0
    outer loop
   vertex -4.55 25.64 0.326
   vertex -4.55 25.64 0.506
   vertex -4.55 25.31 0.506
  endloop
 endfacet
  facet normal 0 0 0
    outer loop
   vertex -4.55 25.64 0.326
   vertex -4.55 25.31 0.506
   vertex -4.55 25.31 0.326
  endloop
 endfacet
  facet normal 0 0 0
    outer loop
   vertex -4.55 23.94 0.326
   vertex -4.55 23.94 0.506
   vertex -4.55 23.61 0.506
  endloop
 endfacet
  facet normal 0 0 0
    outer loop
   vertex -4.55 23.94 0.326
   vertex -4.55 23.61 0.506
   vertex -4.55 23.61 0.326
  endloop
 endfacet
  facet normal 0 0 0
    outer loop
   vertex -4.55 22.24 0.326
   vertex -4.55 22.24 0.506
   vertex -4.55 21.91 0.506
  endloop
 endfacet
  facet normal 0 0 0
    outer loop
   vertex -4.55 22.24 0.326
   vertex -4.55 21.91 0.506
   vertex -4.55 21.91 0.326
  endloop
 endfacet
  facet normal 0 0 0
    outer loop
   vertex -4.55 20.54 0.326
   vertex -4.55 20.54 0.506
   vertex -4.55 20.21 0.506
  endloop
 endfacet
  facet normal 0 0 0
    outer loop
   vertex -4.55 20.54 0.326
   vertex -4.55 20.21 0.506
   vertex -4.55 20.21 0.326
  endloop
 endfacet
  facet normal 0 0 0
    outer loop
   vertex -9.14 20.54 0.326
   vertex -9.14 20.54 0.506
   vertex -8.87 20.54 0.506
  endloop
 endfacet
  facet normal 0 0 0
    outer loop
   vertex -9.14 20.54 0.326
   vertex -8.87 20.54 0.506
   vertex -8.87 20.54 0.326
  endloop
 endfacet
  facet normal 0 0 0
    outer loop
   vertex -7.62 20.54 0.326
   vertex -7.62 20.54 0.506
   vertex -7.35 20.54 0.506
  endloop
 endfacet
  facet normal 0 0 0
    outer loop
   vertex -7.62 20.54 0.326
   vertex -7.35 20.54 0.506
   vertex -7.35 20.54 0.326
  endloop
 endfacet
  facet normal 0 0 0
    outer loop
   vertex -6.34 20.54 0.326
   vertex -6.34 20.54 0.506
   vertex -6.07 20.54 0.506
  endloop
 endfacet
  facet normal 0 0 0
    outer loop
   vertex -6.34 20.54 0.326
   vertex -6.07 20.54 0.506
   vertex -6.07 20.54 0.326
  endloop
 endfacet
  facet normal 0 0 0
    outer loop
   vertex -4.82 20.54 0.326
   vertex -4.82 20.54 0.506
   vertex -4.55 20.54 0.506
  endloop
 endfacet
  facet normal 0 0 0
    outer loop
   vertex -4.82 20.54 0.326
   vertex -4.55 20.54 0.506
   vertex -4.55 20.54 0.326
  endloop
 endfacet
  facet normal 0 0 0
    outer loop
   vertex -9.14 20.21 0.326
   vertex -9.14 20.21 0.506
   vertex -9.14 20.54 0.506
  endloop
 endfacet
  facet normal 0 0 0
    outer loop
   vertex -9.14 20.21 0.326
   vertex -9.14 20.54 0.506
   vertex -9.14 20.54 0.326
  endloop
 endfacet
  facet normal 0 0 0
    outer loop
   vertex -9.14 21.91 0.326
   vertex -9.14 21.91 0.506
   vertex -9.14 22.24 0.506
  endloop
 endfacet
  facet normal 0 0 0
    outer loop
   vertex -9.14 21.91 0.326
   vertex -9.14 22.24 0.506
   vertex -9.14 22.24 0.326
  endloop
 endfacet
  facet normal 0 0 0
    outer loop
   vertex -9.14 23.61 0.326
   vertex -9.14 23.61 0.506
   vertex -9.14 23.94 0.506
  endloop
 endfacet
  facet normal 0 0 0
    outer loop
   vertex -9.14 23.61 0.326
   vertex -9.14 23.94 0.506
   vertex -9.14 23.94 0.326
  endloop
 endfacet
  facet normal 0 0 0
    outer loop
   vertex -9.14 25.31 0.326
   vertex -9.14 25.31 0.506
   vertex -9.14 25.64 0.506
  endloop
 endfacet
  facet normal 0 0 0
    outer loop
   vertex -9.14 25.31 0.326
   vertex -9.14 25.64 0.506
   vertex -9.14 25.64 0.326
  endloop
 endfacet
  facet normal 0 0 0
    outer loop
   vertex -4.55 20.21 0.326
   vertex -4.55 20.21 0.506
   vertex -4.67 20.21 0.506
  endloop
 endfacet
  facet normal 0 0 0
    outer loop
   vertex -4.55 20.21 0.326
   vertex -4.67 20.21 0.506
   vertex -4.67 20.21 0.326
  endloop
 endfacet
  facet normal 0 0 0
    outer loop
   vertex -6.22 20.21 0.326
   vertex -6.22 20.21 0.506
   vertex -6.34 20.21 0.506
  endloop
 endfacet
  facet normal 0 0 0
    outer loop
   vertex -6.22 20.21 0.326
   vertex -6.34 20.21 0.506
   vertex -6.34 20.21 0.326
  endloop
 endfacet
  facet normal 0 0 0
    outer loop
   vertex -7.35 20.21 0.326
   vertex -7.35 20.21 0.506
   vertex -7.47 20.21 0.506
  endloop
 endfacet
  facet normal 0 0 0
    outer loop
   vertex -7.35 20.21 0.326
   vertex -7.47 20.21 0.506
   vertex -7.47 20.21 0.326
  endloop
 endfacet
  facet normal 0 0 0
    outer loop
   vertex -9.02 20.21 0.326
   vertex -9.02 20.21 0.506
   vertex -9.14 20.21 0.506
  endloop
 endfacet
  facet normal 0 0 0
    outer loop
   vertex -9.02 20.21 0.326
   vertex -9.14 20.21 0.506
   vertex -9.14 20.21 0.326
  endloop
 endfacet
  facet normal 0 0 0
    outer loop
   vertex -4.55 21.91 0.326
   vertex -4.55 21.91 0.506
   vertex -4.67 21.91 0.506
  endloop
 endfacet
  facet normal 0 0 0
    outer loop
   vertex -4.55 21.91 0.326
   vertex -4.67 21.91 0.506
   vertex -4.67 21.91 0.326
  endloop
 endfacet
  facet normal 0 0 0
    outer loop
   vertex -6.22 21.91 0.326
   vertex -6.22 21.91 0.506
   vertex -6.34 21.91 0.506
  endloop
 endfacet
  facet normal 0 0 0
    outer loop
   vertex -6.22 21.91 0.326
   vertex -6.34 21.91 0.506
   vertex -6.34 21.91 0.326
  endloop
 endfacet
  facet normal 0 0 0
    outer loop
   vertex -7.35 21.91 0.326
   vertex -7.35 21.91 0.506
   vertex -7.47 21.91 0.506
  endloop
 endfacet
  facet normal 0 0 0
    outer loop
   vertex -7.35 21.91 0.326
   vertex -7.47 21.91 0.506
   vertex -7.47 21.91 0.326
  endloop
 endfacet
  facet normal 0 0 0
    outer loop
   vertex -9.02 21.91 0.326
   vertex -9.02 21.91 0.506
   vertex -9.14 21.91 0.506
  endloop
 endfacet
  facet normal 0 0 0
    outer loop
   vertex -9.02 21.91 0.326
   vertex -9.14 21.91 0.506
   vertex -9.14 21.91 0.326
  endloop
 endfacet
  facet normal 0 0 0
    outer loop
   vertex -4.67 21.09 0.326
   vertex -4.67 21.09 0.506
   vertex -4.82 21.09 0.506
  endloop
 endfacet
  facet normal 0 0 0
    outer loop
   vertex -4.67 21.09 0.326
   vertex -4.82 21.09 0.506
   vertex -4.82 21.09 0.326
  endloop
 endfacet
  facet normal 0 0 0
    outer loop
   vertex -6.07 21.09 0.326
   vertex -6.07 21.09 0.506
   vertex -6.22 21.09 0.506
  endloop
 endfacet
  facet normal 0 0 0
    outer loop
   vertex -6.07 21.09 0.326
   vertex -6.22 21.09 0.506
   vertex -6.22 21.09 0.326
  endloop
 endfacet
  facet normal 0 0 0
    outer loop
   vertex -7.47 21.09 0.326
   vertex -7.47 21.09 0.506
   vertex -7.62 21.09 0.506
  endloop
 endfacet
  facet normal 0 0 0
    outer loop
   vertex -7.47 21.09 0.326
   vertex -7.62 21.09 0.506
   vertex -7.62 21.09 0.326
  endloop
 endfacet
  facet normal 0 0 0
    outer loop
   vertex -8.87 21.09 0.326
   vertex -8.87 21.09 0.506
   vertex -9.02 21.09 0.506
  endloop
 endfacet
  facet normal 0 0 0
    outer loop
   vertex -8.87 21.09 0.326
   vertex -9.02 21.09 0.506
   vertex -9.02 21.09 0.326
  endloop
 endfacet
  facet normal 0 0 0
    outer loop
   vertex -9.02 19.39 0.326
   vertex -9.02 19.39 0.506
   vertex -9.02 19.8 0.326
  endloop
 endfacet
  facet normal 0 0 0
    outer loop
   vertex -9.02 19.8 0.326
   vertex -9.02 20.21 0.506
   vertex -9.02 20.21 0.326
  endloop
 endfacet
  facet normal 0 0 0
    outer loop
   vertex -9.02 19.8 0.326
   vertex -9.02 19.39 0.506
   vertex -9.02 20.21 0.506
  endloop
 endfacet
  facet normal 0 0 0
    outer loop
   vertex -9.02 21.09 0.326
   vertex -9.02 21.09 0.506
   vertex -9.02 21.5 0.326
  endloop
 endfacet
  facet normal 0 0 0
    outer loop
   vertex -9.02 21.5 0.326
   vertex -9.02 21.91 0.506
   vertex -9.02 21.91 0.326
  endloop
 endfacet
  facet normal 0 0 0
    outer loop
   vertex -9.02 21.5 0.326
   vertex -9.02 21.09 0.506
   vertex -9.02 21.91 0.506
  endloop
 endfacet
  facet normal 0 0 0
    outer loop
   vertex -9.02 22.79 0.326
   vertex -9.02 22.79 0.506
   vertex -9.02 23.2 0.326
  endloop
 endfacet
  facet normal 0 0 0
    outer loop
   vertex -9.02 23.2 0.326
   vertex -9.02 23.61 0.506
   vertex -9.02 23.61 0.326
  endloop
 endfacet
  facet normal 0 0 0
    outer loop
   vertex -9.02 23.2 0.326
   vertex -9.02 22.79 0.506
   vertex -9.02 23.61 0.506
  endloop
 endfacet
  facet normal 0 0 0
    outer loop
   vertex -9.02 24.49 0.326
   vertex -9.02 24.49 0.506
   vertex -9.02 24.9 0.326
  endloop
 endfacet
  facet normal 0 0 0
    outer loop
   vertex -9.02 24.9 0.326
   vertex -9.02 25.31 0.506
   vertex -9.02 25.31 0.326
  endloop
 endfacet
  facet normal 0 0 0
    outer loop
   vertex -9.02 24.9 0.326
   vertex -9.02 24.49 0.506
   vertex -9.02 25.31 0.506
  endloop
 endfacet
  facet normal 0 0 0
    outer loop
   vertex -8.87 25.64 0.326
   vertex -8.87 25.64 0.506
   vertex -8.87 25.065 0.326
  endloop
 endfacet
  facet normal 0 0 0
    outer loop
   vertex -8.87 25.065 0.326
   vertex -8.87 24.49 0.506
   vertex -8.87 24.49 0.326
  endloop
 endfacet
  facet normal 0 0 0
    outer loop
   vertex -8.87 25.065 0.326
   vertex -8.87 25.64 0.506
   vertex -8.87 24.49 0.506
  endloop
 endfacet
  facet normal 0 0 0
    outer loop
   vertex -8.87 23.94 0.326
   vertex -8.87 23.94 0.506
   vertex -8.87 23.365 0.326
  endloop
 endfacet
  facet normal 0 0 0
    outer loop
   vertex -8.87 23.365 0.326
   vertex -8.87 22.79 0.506
   vertex -8.87 22.79 0.326
  endloop
 endfacet
  facet normal 0 0 0
    outer loop
   vertex -8.87 23.365 0.326
   vertex -8.87 23.94 0.506
   vertex -8.87 22.79 0.506
  endloop
 endfacet
  facet normal 0 0 0
    outer loop
   vertex -8.87 22.24 0.326
   vertex -8.87 22.24 0.506
   vertex -8.87 21.665 0.326
  endloop
 endfacet
  facet normal 0 0 0
    outer loop
   vertex -8.87 21.665 0.326
   vertex -8.87 21.09 0.506
   vertex -8.87 21.09 0.326
  endloop
 endfacet
  facet normal 0 0 0
    outer loop
   vertex -8.87 21.665 0.326
   vertex -8.87 22.24 0.506
   vertex -8.87 21.09 0.506
  endloop
 endfacet
  facet normal 0 0 0
    outer loop
   vertex -8.87 20.54 0.326
   vertex -8.87 20.54 0.506
   vertex -8.87 19.965 0.326
  endloop
 endfacet
  facet normal 0 0 0
    outer loop
   vertex -8.87 19.965 0.326
   vertex -8.87 19.39 0.506
   vertex -8.87 19.39 0.326
  endloop
 endfacet
  facet normal 0 0 0
    outer loop
   vertex -8.87 19.965 0.326
   vertex -8.87 20.54 0.506
   vertex -8.87 19.39 0.506
  endloop
 endfacet
  facet normal 0 0 0
    outer loop
   vertex -7.47 25.31 0.326
   vertex -7.47 25.31 0.506
   vertex -7.47 24.9 0.326
  endloop
 endfacet
  facet normal 0 0 0
    outer loop
   vertex -7.47 24.9 0.326
   vertex -7.47 24.49 0.506
   vertex -7.47 24.49 0.326
  endloop
 endfacet
  facet normal 0 0 0
    outer loop
   vertex -7.47 24.9 0.326
   vertex -7.47 25.31 0.506
   vertex -7.47 24.49 0.506
  endloop
 endfacet
  facet normal 0 0 0
    outer loop
   vertex -7.47 23.61 0.326
   vertex -7.47 23.61 0.506
   vertex -7.47 23.2 0.326
  endloop
 endfacet
  facet normal 0 0 0
    outer loop
   vertex -7.47 23.2 0.326
   vertex -7.47 22.79 0.506
   vertex -7.47 22.79 0.326
  endloop
 endfacet
  facet normal 0 0 0
    outer loop
   vertex -7.47 23.2 0.326
   vertex -7.47 23.61 0.506
   vertex -7.47 22.79 0.506
  endloop
 endfacet
  facet normal 0 0 0
    outer loop
   vertex -7.47 21.91 0.326
   vertex -7.47 21.91 0.506
   vertex -7.47 21.5 0.326
  endloop
 endfacet
  facet normal 0 0 0
    outer loop
   vertex -7.47 21.5 0.326
   vertex -7.47 21.09 0.506
   vertex -7.47 21.09 0.326
  endloop
 endfacet
  facet normal 0 0 0
    outer loop
   vertex -7.47 21.5 0.326
   vertex -7.47 21.91 0.506
   vertex -7.47 21.09 0.506
  endloop
 endfacet
  facet normal 0 0 0
    outer loop
   vertex -7.47 20.21 0.326
   vertex -7.47 20.21 0.506
   vertex -7.47 19.8 0.326
  endloop
 endfacet
  facet normal 0 0 0
    outer loop
   vertex -7.47 19.8 0.326
   vertex -7.47 19.39 0.506
   vertex -7.47 19.39 0.326
  endloop
 endfacet
  facet normal 0 0 0
    outer loop
   vertex -7.47 19.8 0.326
   vertex -7.47 20.21 0.506
   vertex -7.47 19.39 0.506
  endloop
 endfacet
  facet normal 0 0 0
    outer loop
   vertex -7.62 19.39 0.326
   vertex -7.62 19.39 0.506
   vertex -7.62 19.965 0.326
  endloop
 endfacet
  facet normal 0 0 0
    outer loop
   vertex -7.62 19.965 0.326
   vertex -7.62 20.54 0.506
   vertex -7.62 20.54 0.326
  endloop
 endfacet
  facet normal 0 0 0
    outer loop
   vertex -7.62 19.965 0.326
   vertex -7.62 19.39 0.506
   vertex -7.62 20.54 0.506
  endloop
 endfacet
  facet normal 0 0 0
    outer loop
   vertex -7.62 21.09 0.326
   vertex -7.62 21.09 0.506
   vertex -7.62 21.665 0.326
  endloop
 endfacet
  facet normal 0 0 0
    outer loop
   vertex -7.62 21.665 0.326
   vertex -7.62 22.24 0.506
   vertex -7.62 22.24 0.326
  endloop
 endfacet
  facet normal 0 0 0
    outer loop
   vertex -7.62 21.665 0.326
   vertex -7.62 21.09 0.506
   vertex -7.62 22.24 0.506
  endloop
 endfacet
  facet normal 0 0 0
    outer loop
   vertex -7.62 22.79 0.326
   vertex -7.62 22.79 0.506
   vertex -7.62 23.365 0.326
  endloop
 endfacet
  facet normal 0 0 0
    outer loop
   vertex -7.62 23.365 0.326
   vertex -7.62 23.94 0.506
   vertex -7.62 23.94 0.326
  endloop
 endfacet
  facet normal 0 0 0
    outer loop
   vertex -7.62 23.365 0.326
   vertex -7.62 22.79 0.506
   vertex -7.62 23.94 0.506
  endloop
 endfacet
  facet normal 0 0 0
    outer loop
   vertex -7.62 24.49 0.326
   vertex -7.62 24.49 0.506
   vertex -7.62 25.065 0.326
  endloop
 endfacet
  facet normal 0 0 0
    outer loop
   vertex -7.62 25.065 0.326
   vertex -7.62 25.64 0.506
   vertex -7.62 25.64 0.326
  endloop
 endfacet
  facet normal 0 0 0
    outer loop
   vertex -7.62 25.065 0.326
   vertex -7.62 24.49 0.506
   vertex -7.62 25.64 0.506
  endloop
 endfacet
  facet normal 0 0 0
    outer loop
   vertex -7.35 25.64 0.326
   vertex -7.35 25.64 0.506
   vertex -7.35 25.31 0.506
  endloop
 endfacet
  facet normal 0 0 0
    outer loop
   vertex -7.35 25.64 0.326
   vertex -7.35 25.31 0.506
   vertex -7.35 25.31 0.326
  endloop
 endfacet
  facet normal 0 0 0
    outer loop
   vertex -7.35 23.94 0.326
   vertex -7.35 23.94 0.506
   vertex -7.35 23.61 0.506
  endloop
 endfacet
  facet normal 0 0 0
    outer loop
   vertex -7.35 23.94 0.326
   vertex -7.35 23.61 0.506
   vertex -7.35 23.61 0.326
  endloop
 endfacet
  facet normal 0 0 0
    outer loop
   vertex -7.35 22.24 0.326
   vertex -7.35 22.24 0.506
   vertex -7.35 21.91 0.506
  endloop
 endfacet
  facet normal 0 0 0
    outer loop
   vertex -7.35 22.24 0.326
   vertex -7.35 21.91 0.506
   vertex -7.35 21.91 0.326
  endloop
 endfacet
  facet normal 0 0 0
    outer loop
   vertex -7.35 20.54 0.326
   vertex -7.35 20.54 0.506
   vertex -7.35 20.21 0.506
  endloop
 endfacet
  facet normal 0 0 0
    outer loop
   vertex -7.35 20.54 0.326
   vertex -7.35 20.21 0.506
   vertex -7.35 20.21 0.326
  endloop
 endfacet
  facet normal 0 0 0
    outer loop
   vertex -4.67 25.31 0.326
   vertex -4.67 25.31 0.506
   vertex -4.67 24.9 0.326
  endloop
 endfacet
  facet normal 0 0 0
    outer loop
   vertex -4.67 24.9 0.326
   vertex -4.67 24.49 0.506
   vertex -4.67 24.49 0.326
  endloop
 endfacet
  facet normal 0 0 0
    outer loop
   vertex -4.67 24.9 0.326
   vertex -4.67 25.31 0.506
   vertex -4.67 24.49 0.506
  endloop
 endfacet
  facet normal 0 0 0
    outer loop
   vertex -4.67 23.61 0.326
   vertex -4.67 23.61 0.506
   vertex -4.67 23.2 0.326
  endloop
 endfacet
  facet normal 0 0 0
    outer loop
   vertex -4.67 23.2 0.326
   vertex -4.67 22.79 0.506
   vertex -4.67 22.79 0.326
  endloop
 endfacet
  facet normal 0 0 0
    outer loop
   vertex -4.67 23.2 0.326
   vertex -4.67 23.61 0.506
   vertex -4.67 22.79 0.506
  endloop
 endfacet
  facet normal 0 0 0
    outer loop
   vertex -4.67 21.91 0.326
   vertex -4.67 21.91 0.506
   vertex -4.67 21.5 0.326
  endloop
 endfacet
  facet normal 0 0 0
    outer loop
   vertex -4.67 21.5 0.326
   vertex -4.67 21.09 0.506
   vertex -4.67 21.09 0.326
  endloop
 endfacet
  facet normal 0 0 0
    outer loop
   vertex -4.67 21.5 0.326
   vertex -4.67 21.91 0.506
   vertex -4.67 21.09 0.506
  endloop
 endfacet
  facet normal 0 0 0
    outer loop
   vertex -4.67 20.21 0.326
   vertex -4.67 20.21 0.506
   vertex -4.67 19.8 0.326
  endloop
 endfacet
  facet normal 0 0 0
    outer loop
   vertex -4.67 19.8 0.326
   vertex -4.67 19.39 0.506
   vertex -4.67 19.39 0.326
  endloop
 endfacet
  facet normal 0 0 0
    outer loop
   vertex -4.67 19.8 0.326
   vertex -4.67 20.21 0.506
   vertex -4.67 19.39 0.506
  endloop
 endfacet
  facet normal 0 0 0
    outer loop
   vertex -4.82 19.39 0.326
   vertex -4.82 19.39 0.506
   vertex -4.82 19.965 0.326
  endloop
 endfacet
  facet normal 0 0 0
    outer loop
   vertex -4.82 19.965 0.326
   vertex -4.82 20.54 0.506
   vertex -4.82 20.54 0.326
  endloop
 endfacet
  facet normal 0 0 0
    outer loop
   vertex -4.82 19.965 0.326
   vertex -4.82 19.39 0.506
   vertex -4.82 20.54 0.506
  endloop
 endfacet
  facet normal 0 0 0
    outer loop
   vertex -4.82 21.09 0.326
   vertex -4.82 21.09 0.506
   vertex -4.82 21.665 0.326
  endloop
 endfacet
  facet normal 0 0 0
    outer loop
   vertex -4.82 21.665 0.326
   vertex -4.82 22.24 0.506
   vertex -4.82 22.24 0.326
  endloop
 endfacet
  facet normal 0 0 0
    outer loop
   vertex -4.82 21.665 0.326
   vertex -4.82 21.09 0.506
   vertex -4.82 22.24 0.506
  endloop
 endfacet
  facet normal 0 0 0
    outer loop
   vertex -4.82 22.79 0.326
   vertex -4.82 22.79 0.506
   vertex -4.82 23.365 0.326
  endloop
 endfacet
  facet normal 0 0 0
    outer loop
   vertex -4.82 23.365 0.326
   vertex -4.82 23.94 0.506
   vertex -4.82 23.94 0.326
  endloop
 endfacet
  facet normal 0 0 0
    outer loop
   vertex -4.82 23.365 0.326
   vertex -4.82 22.79 0.506
   vertex -4.82 23.94 0.506
  endloop
 endfacet
  facet normal 0 0 0
    outer loop
   vertex -4.82 24.49 0.326
   vertex -4.82 24.49 0.506
   vertex -4.82 25.065 0.326
  endloop
 endfacet
  facet normal 0 0 0
    outer loop
   vertex -4.82 25.065 0.326
   vertex -4.82 25.64 0.506
   vertex -4.82 25.64 0.326
  endloop
 endfacet
  facet normal 0 0 0
    outer loop
   vertex -4.82 25.065 0.326
   vertex -4.82 24.49 0.506
   vertex -4.82 25.64 0.506
  endloop
 endfacet
  facet normal 0 0 0
    outer loop
   vertex -6.34 20.21 0.326
   vertex -6.34 20.21 0.506
   vertex -6.34 20.54 0.506
  endloop
 endfacet
  facet normal 0 0 0
    outer loop
   vertex -6.34 20.21 0.326
   vertex -6.34 20.54 0.506
   vertex -6.34 20.54 0.326
  endloop
 endfacet
  facet normal 0 0 0
    outer loop
   vertex -6.34 21.91 0.326
   vertex -6.34 21.91 0.506
   vertex -6.34 22.24 0.506
  endloop
 endfacet
  facet normal 0 0 0
    outer loop
   vertex -6.34 21.91 0.326
   vertex -6.34 22.24 0.506
   vertex -6.34 22.24 0.326
  endloop
 endfacet
  facet normal 0 0 0
    outer loop
   vertex -6.34 23.61 0.326
   vertex -6.34 23.61 0.506
   vertex -6.34 23.94 0.506
  endloop
 endfacet
  facet normal 0 0 0
    outer loop
   vertex -6.34 23.61 0.326
   vertex -6.34 23.94 0.506
   vertex -6.34 23.94 0.326
  endloop
 endfacet
  facet normal 0 0 0
    outer loop
   vertex -6.34 25.31 0.326
   vertex -6.34 25.31 0.506
   vertex -6.34 25.64 0.506
  endloop
 endfacet
  facet normal 0 0 0
    outer loop
   vertex -6.34 25.31 0.326
   vertex -6.34 25.64 0.506
   vertex -6.34 25.64 0.326
  endloop
 endfacet
  facet normal 0 0 0
    outer loop
   vertex -6.07 25.64 0.326
   vertex -6.07 25.64 0.506
   vertex -6.07 25.065 0.326
  endloop
 endfacet
  facet normal 0 0 0
    outer loop
   vertex -6.07 25.065 0.326
   vertex -6.07 24.49 0.506
   vertex -6.07 24.49 0.326
  endloop
 endfacet
  facet normal 0 0 0
    outer loop
   vertex -6.07 25.065 0.326
   vertex -6.07 25.64 0.506
   vertex -6.07 24.49 0.506
  endloop
 endfacet
  facet normal 0 0 0
    outer loop
   vertex -6.07 23.94 0.326
   vertex -6.07 23.94 0.506
   vertex -6.07 23.365 0.326
  endloop
 endfacet
  facet normal 0 0 0
    outer loop
   vertex -6.07 23.365 0.326
   vertex -6.07 22.79 0.506
   vertex -6.07 22.79 0.326
  endloop
 endfacet
  facet normal 0 0 0
    outer loop
   vertex -6.07 23.365 0.326
   vertex -6.07 23.94 0.506
   vertex -6.07 22.79 0.506
  endloop
 endfacet
  facet normal 0 0 0
    outer loop
   vertex -6.07 22.24 0.326
   vertex -6.07 22.24 0.506
   vertex -6.07 21.665 0.326
  endloop
 endfacet
  facet normal 0 0 0
    outer loop
   vertex -6.07 21.665 0.326
   vertex -6.07 21.09 0.506
   vertex -6.07 21.09 0.326
  endloop
 endfacet
  facet normal 0 0 0
    outer loop
   vertex -6.07 21.665 0.326
   vertex -6.07 22.24 0.506
   vertex -6.07 21.09 0.506
  endloop
 endfacet
  facet normal 0 0 0
    outer loop
   vertex -6.07 20.54 0.326
   vertex -6.07 20.54 0.506
   vertex -6.07 19.965 0.326
  endloop
 endfacet
  facet normal 0 0 0
    outer loop
   vertex -6.07 19.965 0.326
   vertex -6.07 19.39 0.506
   vertex -6.07 19.39 0.326
  endloop
 endfacet
  facet normal 0 0 0
    outer loop
   vertex -6.07 19.965 0.326
   vertex -6.07 20.54 0.506
   vertex -6.07 19.39 0.506
  endloop
 endfacet
  facet normal 0 0 0
    outer loop
   vertex -6.22 19.39 0.326
   vertex -6.22 19.39 0.506
   vertex -6.22 19.8 0.326
  endloop
 endfacet
  facet normal 0 0 0
    outer loop
   vertex -6.22 19.8 0.326
   vertex -6.22 20.21 0.506
   vertex -6.22 20.21 0.326
  endloop
 endfacet
  facet normal 0 0 0
    outer loop
   vertex -6.22 19.8 0.326
   vertex -6.22 19.39 0.506
   vertex -6.22 20.21 0.506
  endloop
 endfacet
  facet normal 0 0 0
    outer loop
   vertex -6.22 21.09 0.326
   vertex -6.22 21.09 0.506
   vertex -6.22 21.5 0.326
  endloop
 endfacet
  facet normal 0 0 0
    outer loop
   vertex -6.22 21.5 0.326
   vertex -6.22 21.91 0.506
   vertex -6.22 21.91 0.326
  endloop
 endfacet
  facet normal 0 0 0
    outer loop
   vertex -6.22 21.5 0.326
   vertex -6.22 21.09 0.506
   vertex -6.22 21.91 0.506
  endloop
 endfacet
  facet normal 0 0 0
    outer loop
   vertex -6.22 22.79 0.326
   vertex -6.22 22.79 0.506
   vertex -6.22 23.2 0.326
  endloop
 endfacet
  facet normal 0 0 0
    outer loop
   vertex -6.22 23.2 0.326
   vertex -6.22 23.61 0.506
   vertex -6.22 23.61 0.326
  endloop
 endfacet
  facet normal 0 0 0
    outer loop
   vertex -6.22 23.2 0.326
   vertex -6.22 22.79 0.506
   vertex -6.22 23.61 0.506
  endloop
 endfacet
  facet normal 0 0 0
    outer loop
   vertex -6.22 24.49 0.326
   vertex -6.22 24.49 0.506
   vertex -6.22 24.9 0.326
  endloop
 endfacet
  facet normal 0 0 0
    outer loop
   vertex -6.22 24.9 0.326
   vertex -6.22 25.31 0.506
   vertex -6.22 25.31 0.326
  endloop
 endfacet
  facet normal 0 0 0
    outer loop
   vertex -6.22 24.9 0.326
   vertex -6.22 24.49 0.506
   vertex -6.22 25.31 0.506
  endloop
 endfacet
  facet normal 0 0 0
    outer loop
   vertex -9.14 22.24 0.326
   vertex -9.14 22.24 0.506
   vertex -8.87 22.24 0.506
  endloop
 endfacet
  facet normal 0 0 0
    outer loop
   vertex -9.14 22.24 0.326
   vertex -8.87 22.24 0.506
   vertex -8.87 22.24 0.326
  endloop
 endfacet
  facet normal 0 0 0
    outer loop
   vertex -7.62 22.24 0.326
   vertex -7.62 22.24 0.506
   vertex -7.35 22.24 0.506
  endloop
 endfacet
  facet normal 0 0 0
    outer loop
   vertex -7.62 22.24 0.326
   vertex -7.35 22.24 0.506
   vertex -7.35 22.24 0.326
  endloop
 endfacet
  facet normal 0 0 0
    outer loop
   vertex -6.34 22.24 0.326
   vertex -6.34 22.24 0.506
   vertex -6.07 22.24 0.506
  endloop
 endfacet
  facet normal 0 0 0
    outer loop
   vertex -6.34 22.24 0.326
   vertex -6.07 22.24 0.506
   vertex -6.07 22.24 0.326
  endloop
 endfacet
  facet normal 0 0 0
    outer loop
   vertex -4.82 22.24 0.326
   vertex -4.82 22.24 0.506
   vertex -4.55 22.24 0.506
  endloop
 endfacet
  facet normal 0 0 0
    outer loop
   vertex -4.82 22.24 0.326
   vertex -4.55 22.24 0.506
   vertex -4.55 22.24 0.326
  endloop
 endfacet
  facet normal 0 0 0
    outer loop
   vertex -4.55 23.61 0.326
   vertex -4.55 23.61 0.506
   vertex -4.67 23.61 0.506
  endloop
 endfacet
  facet normal 0 0 0
    outer loop
   vertex -4.55 23.61 0.326
   vertex -4.67 23.61 0.506
   vertex -4.67 23.61 0.326
  endloop
 endfacet
  facet normal 0 0 0
    outer loop
   vertex -6.22 23.61 0.326
   vertex -6.22 23.61 0.506
   vertex -6.34 23.61 0.506
  endloop
 endfacet
  facet normal 0 0 0
    outer loop
   vertex -6.22 23.61 0.326
   vertex -6.34 23.61 0.506
   vertex -6.34 23.61 0.326
  endloop
 endfacet
  facet normal 0 0 0
    outer loop
   vertex -7.35 23.61 0.326
   vertex -7.35 23.61 0.506
   vertex -7.47 23.61 0.506
  endloop
 endfacet
  facet normal 0 0 0
    outer loop
   vertex -7.35 23.61 0.326
   vertex -7.47 23.61 0.506
   vertex -7.47 23.61 0.326
  endloop
 endfacet
  facet normal 0 0 0
    outer loop
   vertex -9.02 23.61 0.326
   vertex -9.02 23.61 0.506
   vertex -9.14 23.61 0.506
  endloop
 endfacet
  facet normal 0 0 0
    outer loop
   vertex -9.02 23.61 0.326
   vertex -9.14 23.61 0.506
   vertex -9.14 23.61 0.326
  endloop
 endfacet
  facet normal 0 0 0
    outer loop
   vertex -4.67 22.79 0.326
   vertex -4.67 22.79 0.506
   vertex -4.82 22.79 0.506
  endloop
 endfacet
  facet normal 0 0 0
    outer loop
   vertex -4.67 22.79 0.326
   vertex -4.82 22.79 0.506
   vertex -4.82 22.79 0.326
  endloop
 endfacet
  facet normal 0 0 0
    outer loop
   vertex -6.07 22.79 0.326
   vertex -6.07 22.79 0.506
   vertex -6.22 22.79 0.506
  endloop
 endfacet
  facet normal 0 0 0
    outer loop
   vertex -6.07 22.79 0.326
   vertex -6.22 22.79 0.506
   vertex -6.22 22.79 0.326
  endloop
 endfacet
  facet normal 0 0 0
    outer loop
   vertex -7.47 22.79 0.326
   vertex -7.47 22.79 0.506
   vertex -7.62 22.79 0.506
  endloop
 endfacet
  facet normal 0 0 0
    outer loop
   vertex -7.47 22.79 0.326
   vertex -7.62 22.79 0.506
   vertex -7.62 22.79 0.326
  endloop
 endfacet
  facet normal 0 0 0
    outer loop
   vertex -8.87 22.79 0.326
   vertex -8.87 22.79 0.506
   vertex -9.02 22.79 0.506
  endloop
 endfacet
  facet normal 0 0 0
    outer loop
   vertex -8.87 22.79 0.326
   vertex -9.02 22.79 0.506
   vertex -9.02 22.79 0.326
  endloop
 endfacet
  facet normal 0 0 0
    outer loop
   vertex -4.55 25.31 0.326
   vertex -4.55 25.31 0.506
   vertex -4.67 25.31 0.506
  endloop
 endfacet
  facet normal 0 0 0
    outer loop
   vertex -4.55 25.31 0.326
   vertex -4.67 25.31 0.506
   vertex -4.67 25.31 0.326
  endloop
 endfacet
  facet normal 0 0 0
    outer loop
   vertex -6.22 25.31 0.326
   vertex -6.22 25.31 0.506
   vertex -6.34 25.31 0.506
  endloop
 endfacet
  facet normal 0 0 0
    outer loop
   vertex -6.22 25.31 0.326
   vertex -6.34 25.31 0.506
   vertex -6.34 25.31 0.326
  endloop
 endfacet
  facet normal 0 0 0
    outer loop
   vertex -7.35 25.31 0.326
   vertex -7.35 25.31 0.506
   vertex -7.47 25.31 0.506
  endloop
 endfacet
  facet normal 0 0 0
    outer loop
   vertex -7.35 25.31 0.326
   vertex -7.47 25.31 0.506
   vertex -7.47 25.31 0.326
  endloop
 endfacet
  facet normal 0 0 0
    outer loop
   vertex -9.02 25.31 0.326
   vertex -9.02 25.31 0.506
   vertex -9.14 25.31 0.506
  endloop
 endfacet
  facet normal 0 0 0
    outer loop
   vertex -9.02 25.31 0.326
   vertex -9.14 25.31 0.506
   vertex -9.14 25.31 0.326
  endloop
 endfacet
  facet normal 0 0 0
    outer loop
   vertex -9.14 23.94 0.326
   vertex -9.14 23.94 0.506
   vertex -8.87 23.94 0.506
  endloop
 endfacet
  facet normal 0 0 0
    outer loop
   vertex -9.14 23.94 0.326
   vertex -8.87 23.94 0.506
   vertex -8.87 23.94 0.326
  endloop
 endfacet
  facet normal 0 0 0
    outer loop
   vertex -7.62 23.94 0.326
   vertex -7.62 23.94 0.506
   vertex -7.35 23.94 0.506
  endloop
 endfacet
  facet normal 0 0 0
    outer loop
   vertex -7.62 23.94 0.326
   vertex -7.35 23.94 0.506
   vertex -7.35 23.94 0.326
  endloop
 endfacet
  facet normal 0 0 0
    outer loop
   vertex -6.34 23.94 0.326
   vertex -6.34 23.94 0.506
   vertex -6.07 23.94 0.506
  endloop
 endfacet
  facet normal 0 0 0
    outer loop
   vertex -6.34 23.94 0.326
   vertex -6.07 23.94 0.506
   vertex -6.07 23.94 0.326
  endloop
 endfacet
  facet normal 0 0 0
    outer loop
   vertex -4.82 23.94 0.326
   vertex -4.82 23.94 0.506
   vertex -4.55 23.94 0.506
  endloop
 endfacet
  facet normal 0 0 0
    outer loop
   vertex -4.82 23.94 0.326
   vertex -4.55 23.94 0.506
   vertex -4.55 23.94 0.326
  endloop
 endfacet
  facet normal 0 0 0
    outer loop
   vertex -4.67 24.49 0.326
   vertex -4.67 24.49 0.506
   vertex -4.82 24.49 0.506
  endloop
 endfacet
  facet normal 0 0 0
    outer loop
   vertex -4.67 24.49 0.326
   vertex -4.82 24.49 0.506
   vertex -4.82 24.49 0.326
  endloop
 endfacet
  facet normal 0 0 0
    outer loop
   vertex -6.07 24.49 0.326
   vertex -6.07 24.49 0.506
   vertex -6.22 24.49 0.506
  endloop
 endfacet
  facet normal 0 0 0
    outer loop
   vertex -6.07 24.49 0.326
   vertex -6.22 24.49 0.506
   vertex -6.22 24.49 0.326
  endloop
 endfacet
  facet normal 0 0 0
    outer loop
   vertex -7.47 24.49 0.326
   vertex -7.47 24.49 0.506
   vertex -7.62 24.49 0.506
  endloop
 endfacet
  facet normal 0 0 0
    outer loop
   vertex -7.47 24.49 0.326
   vertex -7.62 24.49 0.506
   vertex -7.62 24.49 0.326
  endloop
 endfacet
  facet normal 0 0 0
    outer loop
   vertex -8.87 24.49 0.326
   vertex -8.87 24.49 0.506
   vertex -9.02 24.49 0.506
  endloop
 endfacet
  facet normal 0 0 0
    outer loop
   vertex -8.87 24.49 0.326
   vertex -9.02 24.49 0.506
   vertex -9.02 24.49 0.326
  endloop
 endfacet
  facet normal 0 0 0
    outer loop
   vertex -9.14 25.64 0.326
   vertex -9.14 25.64 0.506
   vertex -8.87 25.64 0.506
  endloop
 endfacet
  facet normal 0 0 0
    outer loop
   vertex -9.14 25.64 0.326
   vertex -8.87 25.64 0.506
   vertex -8.87 25.64 0.326
  endloop
 endfacet
  facet normal 0 0 0
    outer loop
   vertex -7.62 25.64 0.326
   vertex -7.62 25.64 0.506
   vertex -7.35 25.64 0.506
  endloop
 endfacet
  facet normal 0 0 0
    outer loop
   vertex -7.62 25.64 0.326
   vertex -7.35 25.64 0.506
   vertex -7.35 25.64 0.326
  endloop
 endfacet
  facet normal 0 0 0
    outer loop
   vertex -6.34 25.64 0.326
   vertex -6.34 25.64 0.506
   vertex -6.07 25.64 0.506
  endloop
 endfacet
  facet normal 0 0 0
    outer loop
   vertex -6.34 25.64 0.326
   vertex -6.07 25.64 0.506
   vertex -6.07 25.64 0.326
  endloop
 endfacet
  facet normal 0 0 0
    outer loop
   vertex -4.82 25.64 0.326
   vertex -4.82 25.64 0.506
   vertex -4.55 25.64 0.506
  endloop
 endfacet
  facet normal 0 0 0
    outer loop
   vertex -4.82 25.64 0.326
   vertex -4.55 25.64 0.506
   vertex -4.55 25.64 0.326
  endloop
 endfacet
  facet normal 0 0 0
    outer loop
   vertex -4.41 20.2 1.376
   vertex -4.41 20.2 1.736
   vertex -4.87 20.2 1.736
  endloop
 endfacet
  facet normal 0 0 0
    outer loop
   vertex -4.41 20.2 1.376
   vertex -4.87 20.2 1.736
   vertex -4.87 20.2 1.376
  endloop
 endfacet
  facet normal 0 0 0
    outer loop
   vertex -6.02 20.2 1.376
   vertex -6.02 20.2 1.736
   vertex -6.44 20.2 1.736
  endloop
 endfacet
  facet normal 0 0 0
    outer loop
   vertex -6.02 20.2 1.376
   vertex -6.44 20.2 1.736
   vertex -6.44 20.2 1.376
  endloop
 endfacet
  facet normal 0 0 0
    outer loop
   vertex -7.21 20.2 1.376
   vertex -7.21 20.2 1.736
   vertex -7.67 20.2 1.736
  endloop
 endfacet
  facet normal 0 0 0
    outer loop
   vertex -7.21 20.2 1.376
   vertex -7.67 20.2 1.736
   vertex -7.67 20.2 1.376
  endloop
 endfacet
  facet normal 0 0 0
    outer loop
   vertex -8.82 20.2 1.376
   vertex -8.82 20.2 1.736
   vertex -9.24 20.2 1.736
  endloop
 endfacet
  facet normal 0 0 0
    outer loop
   vertex -8.82 20.2 1.376
   vertex -9.24 20.2 1.736
   vertex -9.24 20.2 1.376
  endloop
 endfacet
  facet normal 0 0 0
    outer loop
   vertex -9.24 20.2 1.376
   vertex -9.24 20.2 1.736
   vertex -9.24 20.55 1.736
  endloop
 endfacet
  facet normal 0 0 0
    outer loop
   vertex -9.24 20.2 1.376
   vertex -9.24 20.55 1.736
   vertex -9.24 20.55 1.376
  endloop
 endfacet
  facet normal 0 0 0
    outer loop
   vertex -9.24 21.9 1.376
   vertex -9.24 21.9 1.736
   vertex -9.24 22.25 1.736
  endloop
 endfacet
  facet normal 0 0 0
    outer loop
   vertex -9.24 21.9 1.376
   vertex -9.24 22.25 1.736
   vertex -9.24 22.25 1.376
  endloop
 endfacet
  facet normal 0 0 0
    outer loop
   vertex -9.24 23.6 1.376
   vertex -9.24 23.6 1.736
   vertex -9.24 23.95 1.736
  endloop
 endfacet
  facet normal 0 0 0
    outer loop
   vertex -9.24 23.6 1.376
   vertex -9.24 23.95 1.736
   vertex -9.24 23.95 1.376
  endloop
 endfacet
  facet normal 0 0 0
    outer loop
   vertex -9.24 25.3 1.376
   vertex -9.24 25.3 1.736
   vertex -9.24 25.65 1.736
  endloop
 endfacet
  facet normal 0 0 0
    outer loop
   vertex -9.24 25.3 1.376
   vertex -9.24 25.65 1.736
   vertex -9.24 25.65 1.376
  endloop
 endfacet
  facet normal 0 0 0
    outer loop
   vertex -9.24 20.55 1.376
   vertex -9.24 20.55 1.736
   vertex -8.82 20.55 1.736
  endloop
 endfacet
  facet normal 0 0 0
    outer loop
   vertex -9.24 20.55 1.376
   vertex -8.82 20.55 1.736
   vertex -8.82 20.55 1.376
  endloop
 endfacet
  facet normal 0 0 0
    outer loop
   vertex -7.67 20.55 1.376
   vertex -7.67 20.55 1.736
   vertex -7.21 20.55 1.736
  endloop
 endfacet
  facet normal 0 0 0
    outer loop
   vertex -7.67 20.55 1.376
   vertex -7.21 20.55 1.736
   vertex -7.21 20.55 1.376
  endloop
 endfacet
  facet normal 0 0 0
    outer loop
   vertex -6.44 20.55 1.376
   vertex -6.44 20.55 1.736
   vertex -6.02 20.55 1.736
  endloop
 endfacet
  facet normal 0 0 0
    outer loop
   vertex -6.44 20.55 1.376
   vertex -6.02 20.55 1.736
   vertex -6.02 20.55 1.376
  endloop
 endfacet
  facet normal 0 0 0
    outer loop
   vertex -4.87 20.55 1.376
   vertex -4.87 20.55 1.736
   vertex -4.41 20.55 1.736
  endloop
 endfacet
  facet normal 0 0 0
    outer loop
   vertex -4.87 20.55 1.376
   vertex -4.41 20.55 1.736
   vertex -4.41 20.55 1.376
  endloop
 endfacet
  facet normal 0 0 0
    outer loop
   vertex -8.82 25.65 1.376
   vertex -8.82 25.65 1.736
   vertex -8.82 25.3 1.736
  endloop
 endfacet
  facet normal 0 0 0
    outer loop
   vertex -8.82 25.65 1.376
   vertex -8.82 25.3 1.736
   vertex -8.82 25.3 1.376
  endloop
 endfacet
  facet normal 0 0 0
    outer loop
   vertex -8.82 23.95 1.376
   vertex -8.82 23.95 1.736
   vertex -8.82 23.6 1.736
  endloop
 endfacet
  facet normal 0 0 0
    outer loop
   vertex -8.82 23.95 1.376
   vertex -8.82 23.6 1.736
   vertex -8.82 23.6 1.376
  endloop
 endfacet
  facet normal 0 0 0
    outer loop
   vertex -8.82 22.25 1.376
   vertex -8.82 22.25 1.736
   vertex -8.82 21.9 1.736
  endloop
 endfacet
  facet normal 0 0 0
    outer loop
   vertex -8.82 22.25 1.376
   vertex -8.82 21.9 1.736
   vertex -8.82 21.9 1.376
  endloop
 endfacet
  facet normal 0 0 0
    outer loop
   vertex -8.82 20.55 1.376
   vertex -8.82 20.55 1.736
   vertex -8.82 20.2 1.736
  endloop
 endfacet
  facet normal 0 0 0
    outer loop
   vertex -8.82 20.55 1.376
   vertex -8.82 20.2 1.736
   vertex -8.82 20.2 1.376
  endloop
 endfacet
  facet normal 0 0 0
    outer loop
   vertex -7.67 20.2 1.376
   vertex -7.67 20.2 1.736
   vertex -7.67 20.55 1.736
  endloop
 endfacet
  facet normal 0 0 0
    outer loop
   vertex -7.67 20.2 1.376
   vertex -7.67 20.55 1.736
   vertex -7.67 20.55 1.376
  endloop
 endfacet
  facet normal 0 0 0
    outer loop
   vertex -7.67 21.9 1.376
   vertex -7.67 21.9 1.736
   vertex -7.67 22.25 1.736
  endloop
 endfacet
  facet normal 0 0 0
    outer loop
   vertex -7.67 21.9 1.376
   vertex -7.67 22.25 1.736
   vertex -7.67 22.25 1.376
  endloop
 endfacet
  facet normal 0 0 0
    outer loop
   vertex -7.67 23.6 1.376
   vertex -7.67 23.6 1.736
   vertex -7.67 23.95 1.736
  endloop
 endfacet
  facet normal 0 0 0
    outer loop
   vertex -7.67 23.6 1.376
   vertex -7.67 23.95 1.736
   vertex -7.67 23.95 1.376
  endloop
 endfacet
  facet normal 0 0 0
    outer loop
   vertex -7.67 25.3 1.376
   vertex -7.67 25.3 1.736
   vertex -7.67 25.65 1.736
  endloop
 endfacet
  facet normal 0 0 0
    outer loop
   vertex -7.67 25.3 1.376
   vertex -7.67 25.65 1.736
   vertex -7.67 25.65 1.376
  endloop
 endfacet
  facet normal 0 0 0
    outer loop
   vertex -7.21 25.65 1.376
   vertex -7.21 25.65 1.736
   vertex -7.21 25.3 1.736
  endloop
 endfacet
  facet normal 0 0 0
    outer loop
   vertex -7.21 25.65 1.376
   vertex -7.21 25.3 1.736
   vertex -7.21 25.3 1.376
  endloop
 endfacet
  facet normal 0 0 0
    outer loop
   vertex -7.21 23.95 1.376
   vertex -7.21 23.95 1.736
   vertex -7.21 23.6 1.736
  endloop
 endfacet
  facet normal 0 0 0
    outer loop
   vertex -7.21 23.95 1.376
   vertex -7.21 23.6 1.736
   vertex -7.21 23.6 1.376
  endloop
 endfacet
  facet normal 0 0 0
    outer loop
   vertex -7.21 22.25 1.376
   vertex -7.21 22.25 1.736
   vertex -7.21 21.9 1.736
  endloop
 endfacet
  facet normal 0 0 0
    outer loop
   vertex -7.21 22.25 1.376
   vertex -7.21 21.9 1.736
   vertex -7.21 21.9 1.376
  endloop
 endfacet
  facet normal 0 0 0
    outer loop
   vertex -7.21 20.55 1.376
   vertex -7.21 20.55 1.736
   vertex -7.21 20.2 1.736
  endloop
 endfacet
  facet normal 0 0 0
    outer loop
   vertex -7.21 20.55 1.376
   vertex -7.21 20.2 1.736
   vertex -7.21 20.2 1.376
  endloop
 endfacet
  facet normal 0 0 0
    outer loop
   vertex -6.44 20.2 1.376
   vertex -6.44 20.2 1.736
   vertex -6.44 20.55 1.736
  endloop
 endfacet
  facet normal 0 0 0
    outer loop
   vertex -6.44 20.2 1.376
   vertex -6.44 20.55 1.736
   vertex -6.44 20.55 1.376
  endloop
 endfacet
  facet normal 0 0 0
    outer loop
   vertex -6.44 21.9 1.376
   vertex -6.44 21.9 1.736
   vertex -6.44 22.25 1.736
  endloop
 endfacet
  facet normal 0 0 0
    outer loop
   vertex -6.44 21.9 1.376
   vertex -6.44 22.25 1.736
   vertex -6.44 22.25 1.376
  endloop
 endfacet
  facet normal 0 0 0
    outer loop
   vertex -6.44 23.6 1.376
   vertex -6.44 23.6 1.736
   vertex -6.44 23.95 1.736
  endloop
 endfacet
  facet normal 0 0 0
    outer loop
   vertex -6.44 23.6 1.376
   vertex -6.44 23.95 1.736
   vertex -6.44 23.95 1.376
  endloop
 endfacet
  facet normal 0 0 0
    outer loop
   vertex -6.44 25.3 1.376
   vertex -6.44 25.3 1.736
   vertex -6.44 25.65 1.736
  endloop
 endfacet
  facet normal 0 0 0
    outer loop
   vertex -6.44 25.3 1.376
   vertex -6.44 25.65 1.736
   vertex -6.44 25.65 1.376
  endloop
 endfacet
  facet normal 0 0 0
    outer loop
   vertex -6.02 25.65 1.376
   vertex -6.02 25.65 1.736
   vertex -6.02 25.3 1.736
  endloop
 endfacet
  facet normal 0 0 0
    outer loop
   vertex -6.02 25.65 1.376
   vertex -6.02 25.3 1.736
   vertex -6.02 25.3 1.376
  endloop
 endfacet
  facet normal 0 0 0
    outer loop
   vertex -6.02 23.95 1.376
   vertex -6.02 23.95 1.736
   vertex -6.02 23.6 1.736
  endloop
 endfacet
  facet normal 0 0 0
    outer loop
   vertex -6.02 23.95 1.376
   vertex -6.02 23.6 1.736
   vertex -6.02 23.6 1.376
  endloop
 endfacet
  facet normal 0 0 0
    outer loop
   vertex -6.02 22.25 1.376
   vertex -6.02 22.25 1.736
   vertex -6.02 21.9 1.736
  endloop
 endfacet
  facet normal 0 0 0
    outer loop
   vertex -6.02 22.25 1.376
   vertex -6.02 21.9 1.736
   vertex -6.02 21.9 1.376
  endloop
 endfacet
  facet normal 0 0 0
    outer loop
   vertex -6.02 20.55 1.376
   vertex -6.02 20.55 1.736
   vertex -6.02 20.2 1.736
  endloop
 endfacet
  facet normal 0 0 0
    outer loop
   vertex -6.02 20.55 1.376
   vertex -6.02 20.2 1.736
   vertex -6.02 20.2 1.376
  endloop
 endfacet
  facet normal 0 0 0
    outer loop
   vertex -4.87 20.2 1.376
   vertex -4.87 20.2 1.736
   vertex -4.87 20.55 1.736
  endloop
 endfacet
  facet normal 0 0 0
    outer loop
   vertex -4.87 20.2 1.376
   vertex -4.87 20.55 1.736
   vertex -4.87 20.55 1.376
  endloop
 endfacet
  facet normal 0 0 0
    outer loop
   vertex -4.87 21.9 1.376
   vertex -4.87 21.9 1.736
   vertex -4.87 22.25 1.736
  endloop
 endfacet
  facet normal 0 0 0
    outer loop
   vertex -4.87 21.9 1.376
   vertex -4.87 22.25 1.736
   vertex -4.87 22.25 1.376
  endloop
 endfacet
  facet normal 0 0 0
    outer loop
   vertex -4.87 23.6 1.376
   vertex -4.87 23.6 1.736
   vertex -4.87 23.95 1.736
  endloop
 endfacet
  facet normal 0 0 0
    outer loop
   vertex -4.87 23.6 1.376
   vertex -4.87 23.95 1.736
   vertex -4.87 23.95 1.376
  endloop
 endfacet
  facet normal 0 0 0
    outer loop
   vertex -4.87 25.3 1.376
   vertex -4.87 25.3 1.736
   vertex -4.87 25.65 1.736
  endloop
 endfacet
  facet normal 0 0 0
    outer loop
   vertex -4.87 25.3 1.376
   vertex -4.87 25.65 1.736
   vertex -4.87 25.65 1.376
  endloop
 endfacet
  facet normal 0 0 0
    outer loop
   vertex -4.41 25.65 1.376
   vertex -4.41 25.65 1.736
   vertex -4.41 25.3 1.736
  endloop
 endfacet
  facet normal 0 0 0
    outer loop
   vertex -4.41 25.65 1.376
   vertex -4.41 25.3 1.736
   vertex -4.41 25.3 1.376
  endloop
 endfacet
  facet normal 0 0 0
    outer loop
   vertex -4.41 23.95 1.376
   vertex -4.41 23.95 1.736
   vertex -4.41 23.6 1.736
  endloop
 endfacet
  facet normal 0 0 0
    outer loop
   vertex -4.41 23.95 1.376
   vertex -4.41 23.6 1.736
   vertex -4.41 23.6 1.376
  endloop
 endfacet
  facet normal 0 0 0
    outer loop
   vertex -4.41 22.25 1.376
   vertex -4.41 22.25 1.736
   vertex -4.41 21.9 1.736
  endloop
 endfacet
  facet normal 0 0 0
    outer loop
   vertex -4.41 22.25 1.376
   vertex -4.41 21.9 1.736
   vertex -4.41 21.9 1.376
  endloop
 endfacet
  facet normal 0 0 0
    outer loop
   vertex -4.41 20.55 1.376
   vertex -4.41 20.55 1.736
   vertex -4.41 20.2 1.736
  endloop
 endfacet
  facet normal 0 0 0
    outer loop
   vertex -4.41 20.55 1.376
   vertex -4.41 20.2 1.736
   vertex -4.41 20.2 1.376
  endloop
 endfacet
  facet normal 0 0 0
    outer loop
   vertex -9.24 22.25 1.376
   vertex -9.24 22.25 1.736
   vertex -8.82 22.25 1.736
  endloop
 endfacet
  facet normal 0 0 0
    outer loop
   vertex -9.24 22.25 1.376
   vertex -8.82 22.25 1.736
   vertex -8.82 22.25 1.376
  endloop
 endfacet
  facet normal 0 0 0
    outer loop
   vertex -7.67 22.25 1.376
   vertex -7.67 22.25 1.736
   vertex -7.21 22.25 1.736
  endloop
 endfacet
  facet normal 0 0 0
    outer loop
   vertex -7.67 22.25 1.376
   vertex -7.21 22.25 1.736
   vertex -7.21 22.25 1.376
  endloop
 endfacet
  facet normal 0 0 0
    outer loop
   vertex -6.44 22.25 1.376
   vertex -6.44 22.25 1.736
   vertex -6.02 22.25 1.736
  endloop
 endfacet
  facet normal 0 0 0
    outer loop
   vertex -6.44 22.25 1.376
   vertex -6.02 22.25 1.736
   vertex -6.02 22.25 1.376
  endloop
 endfacet
  facet normal 0 0 0
    outer loop
   vertex -4.87 22.25 1.376
   vertex -4.87 22.25 1.736
   vertex -4.41 22.25 1.736
  endloop
 endfacet
  facet normal 0 0 0
    outer loop
   vertex -4.87 22.25 1.376
   vertex -4.41 22.25 1.736
   vertex -4.41 22.25 1.376
  endloop
 endfacet
  facet normal 0 0 0
    outer loop
   vertex -4.41 21.9 1.376
   vertex -4.41 21.9 1.736
   vertex -4.87 21.9 1.736
  endloop
 endfacet
  facet normal 0 0 0
    outer loop
   vertex -4.41 21.9 1.376
   vertex -4.87 21.9 1.736
   vertex -4.87 21.9 1.376
  endloop
 endfacet
  facet normal 0 0 0
    outer loop
   vertex -6.02 21.9 1.376
   vertex -6.02 21.9 1.736
   vertex -6.44 21.9 1.736
  endloop
 endfacet
  facet normal 0 0 0
    outer loop
   vertex -6.02 21.9 1.376
   vertex -6.44 21.9 1.736
   vertex -6.44 21.9 1.376
  endloop
 endfacet
  facet normal 0 0 0
    outer loop
   vertex -7.21 21.9 1.376
   vertex -7.21 21.9 1.736
   vertex -7.67 21.9 1.736
  endloop
 endfacet
  facet normal 0 0 0
    outer loop
   vertex -7.21 21.9 1.376
   vertex -7.67 21.9 1.736
   vertex -7.67 21.9 1.376
  endloop
 endfacet
  facet normal 0 0 0
    outer loop
   vertex -8.82 21.9 1.376
   vertex -8.82 21.9 1.736
   vertex -9.24 21.9 1.736
  endloop
 endfacet
  facet normal 0 0 0
    outer loop
   vertex -8.82 21.9 1.376
   vertex -9.24 21.9 1.736
   vertex -9.24 21.9 1.376
  endloop
 endfacet
  facet normal 0 0 0
    outer loop
   vertex -4.41 23.6 1.376
   vertex -4.41 23.6 1.736
   vertex -4.87 23.6 1.736
  endloop
 endfacet
  facet normal 0 0 0
    outer loop
   vertex -4.41 23.6 1.376
   vertex -4.87 23.6 1.736
   vertex -4.87 23.6 1.376
  endloop
 endfacet
  facet normal 0 0 0
    outer loop
   vertex -6.02 23.6 1.376
   vertex -6.02 23.6 1.736
   vertex -6.44 23.6 1.736
  endloop
 endfacet
  facet normal 0 0 0
    outer loop
   vertex -6.02 23.6 1.376
   vertex -6.44 23.6 1.736
   vertex -6.44 23.6 1.376
  endloop
 endfacet
  facet normal 0 0 0
    outer loop
   vertex -7.21 23.6 1.376
   vertex -7.21 23.6 1.736
   vertex -7.67 23.6 1.736
  endloop
 endfacet
  facet normal 0 0 0
    outer loop
   vertex -7.21 23.6 1.376
   vertex -7.67 23.6 1.736
   vertex -7.67 23.6 1.376
  endloop
 endfacet
  facet normal 0 0 0
    outer loop
   vertex -8.82 23.6 1.376
   vertex -8.82 23.6 1.736
   vertex -9.24 23.6 1.736
  endloop
 endfacet
  facet normal 0 0 0
    outer loop
   vertex -8.82 23.6 1.376
   vertex -9.24 23.6 1.736
   vertex -9.24 23.6 1.376
  endloop
 endfacet
  facet normal 0 0 0
    outer loop
   vertex -9.24 23.95 1.376
   vertex -9.24 23.95 1.736
   vertex -8.82 23.95 1.736
  endloop
 endfacet
  facet normal 0 0 0
    outer loop
   vertex -9.24 23.95 1.376
   vertex -8.82 23.95 1.736
   vertex -8.82 23.95 1.376
  endloop
 endfacet
  facet normal 0 0 0
    outer loop
   vertex -7.67 23.95 1.376
   vertex -7.67 23.95 1.736
   vertex -7.21 23.95 1.736
  endloop
 endfacet
  facet normal 0 0 0
    outer loop
   vertex -7.67 23.95 1.376
   vertex -7.21 23.95 1.736
   vertex -7.21 23.95 1.376
  endloop
 endfacet
  facet normal 0 0 0
    outer loop
   vertex -6.44 23.95 1.376
   vertex -6.44 23.95 1.736
   vertex -6.02 23.95 1.736
  endloop
 endfacet
  facet normal 0 0 0
    outer loop
   vertex -6.44 23.95 1.376
   vertex -6.02 23.95 1.736
   vertex -6.02 23.95 1.376
  endloop
 endfacet
  facet normal 0 0 0
    outer loop
   vertex -4.87 23.95 1.376
   vertex -4.87 23.95 1.736
   vertex -4.41 23.95 1.736
  endloop
 endfacet
  facet normal 0 0 0
    outer loop
   vertex -4.87 23.95 1.376
   vertex -4.41 23.95 1.736
   vertex -4.41 23.95 1.376
  endloop
 endfacet
  facet normal 0 0 0
    outer loop
   vertex -4.41 25.3 1.376
   vertex -4.41 25.3 1.736
   vertex -4.87 25.3 1.736
  endloop
 endfacet
  facet normal 0 0 0
    outer loop
   vertex -4.41 25.3 1.376
   vertex -4.87 25.3 1.736
   vertex -4.87 25.3 1.376
  endloop
 endfacet
  facet normal 0 0 0
    outer loop
   vertex -6.02 25.3 1.376
   vertex -6.02 25.3 1.736
   vertex -6.44 25.3 1.736
  endloop
 endfacet
  facet normal 0 0 0
    outer loop
   vertex -6.02 25.3 1.376
   vertex -6.44 25.3 1.736
   vertex -6.44 25.3 1.376
  endloop
 endfacet
  facet normal 0 0 0
    outer loop
   vertex -7.21 25.3 1.376
   vertex -7.21 25.3 1.736
   vertex -7.67 25.3 1.736
  endloop
 endfacet
  facet normal 0 0 0
    outer loop
   vertex -7.21 25.3 1.376
   vertex -7.67 25.3 1.736
   vertex -7.67 25.3 1.376
  endloop
 endfacet
  facet normal 0 0 0
    outer loop
   vertex -8.82 25.3 1.376
   vertex -8.82 25.3 1.736
   vertex -9.24 25.3 1.736
  endloop
 endfacet
  facet normal 0 0 0
    outer loop
   vertex -8.82 25.3 1.376
   vertex -9.24 25.3 1.736
   vertex -9.24 25.3 1.376
  endloop
 endfacet
  facet normal 0 0 0
    outer loop
   vertex -9.24 25.65 1.376
   vertex -9.24 25.65 1.736
   vertex -8.82 25.65 1.736
  endloop
 endfacet
  facet normal 0 0 0
    outer loop
   vertex -9.24 25.65 1.376
   vertex -8.82 25.65 1.736
   vertex -8.82 25.65 1.376
  endloop
 endfacet
  facet normal 0 0 0
    outer loop
   vertex -7.67 25.65 1.376
   vertex -7.67 25.65 1.736
   vertex -7.21 25.65 1.736
  endloop
 endfacet
  facet normal 0 0 0
    outer loop
   vertex -7.67 25.65 1.376
   vertex -7.21 25.65 1.736
   vertex -7.21 25.65 1.376
  endloop
 endfacet
  facet normal 0 0 0
    outer loop
   vertex -6.44 25.65 1.376
   vertex -6.44 25.65 1.736
   vertex -6.02 25.65 1.736
  endloop
 endfacet
  facet normal 0 0 0
    outer loop
   vertex -6.44 25.65 1.376
   vertex -6.02 25.65 1.736
   vertex -6.02 25.65 1.376
  endloop
 endfacet
  facet normal 0 0 0
    outer loop
   vertex -4.87 25.65 1.376
   vertex -4.87 25.65 1.736
   vertex -4.41 25.65 1.736
  endloop
 endfacet
  facet normal 0 0 0
    outer loop
   vertex -4.87 25.65 1.376
   vertex -4.41 25.65 1.736
   vertex -4.41 25.65 1.376
  endloop
 endfacet
  facet normal 0 0 0
    outer loop
   vertex -4.83 20.225 2.006
   vertex -4.83 20.225 2.366
   vertex -6.02 20.225 2.366
  endloop
 endfacet
  facet normal 0 0 0
    outer loop
   vertex -4.83 20.225 2.006
   vertex -6.02 20.225 2.366
   vertex -6.02 20.225 2.006
  endloop
 endfacet
  facet normal 0 0 0
    outer loop
   vertex -6.44 20.225 2.006
   vertex -6.44 20.225 2.366
   vertex -7.21 20.225 2.366
  endloop
 endfacet
  facet normal 0 0 0
    outer loop
   vertex -6.44 20.225 2.006
   vertex -7.21 20.225 2.366
   vertex -7.21 20.225 2.006
  endloop
 endfacet
  facet normal 0 0 0
    outer loop
   vertex -7.63 20.225 2.006
   vertex -7.63 20.225 2.366
   vertex -8.82 20.225 2.366
  endloop
 endfacet
  facet normal 0 0 0
    outer loop
   vertex -7.63 20.225 2.006
   vertex -8.82 20.225 2.366
   vertex -8.82 20.225 2.006
  endloop
 endfacet
  facet normal 0 0 0
    outer loop
   vertex -9.24 20.225 2.006
   vertex -9.24 20.225 2.366
   vertex -10.07 20.225 2.006
  endloop
 endfacet
  facet normal 0 0 0
    outer loop
   vertex -10.07 20.225 2.006
   vertex -10.9 20.225 2.366
   vertex -10.9 20.225 2.006
  endloop
 endfacet
  facet normal 0 0 0
    outer loop
   vertex -10.07 20.225 2.006
   vertex -9.24 20.225 2.366
   vertex -10.9 20.225 2.366
  endloop
 endfacet
  facet normal 0 0 0
    outer loop
   vertex -10.6 20.525 2.006
   vertex -10.6 20.525 2.366
   vertex -9.24 20.525 2.366
  endloop
 endfacet
  facet normal 0 0 0
    outer loop
   vertex -10.6 20.525 2.006
   vertex -9.24 20.525 2.366
   vertex -9.24 20.525 2.006
  endloop
 endfacet
  facet normal 0 0 0
    outer loop
   vertex -8.82 20.525 2.006
   vertex -8.82 20.525 2.366
   vertex -7.63 20.525 2.366
  endloop
 endfacet
  facet normal 0 0 0
    outer loop
   vertex -8.82 20.525 2.006
   vertex -7.63 20.525 2.366
   vertex -7.63 20.525 2.006
  endloop
 endfacet
  facet normal 0 0 0
    outer loop
   vertex -7.21 20.525 2.006
   vertex -7.21 20.525 2.366
   vertex -6.44 20.525 2.366
  endloop
 endfacet
  facet normal 0 0 0
    outer loop
   vertex -7.21 20.525 2.006
   vertex -6.44 20.525 2.366
   vertex -6.44 20.525 2.006
  endloop
 endfacet
  facet normal 0 0 0
    outer loop
   vertex -6.02 20.525 2.006
   vertex -6.02 20.525 2.366
   vertex -4.83 20.525 2.366
  endloop
 endfacet
  facet normal 0 0 0
    outer loop
   vertex -6.02 20.525 2.006
   vertex -4.83 20.525 2.366
   vertex -4.83 20.525 2.006
  endloop
 endfacet
  facet normal 0 0 0
    outer loop
   vertex -4.83 21.925 2.006
   vertex -4.83 21.925 2.366
   vertex -6.02 21.925 2.366
  endloop
 endfacet
  facet normal 0 0 0
    outer loop
   vertex -4.83 21.925 2.006
   vertex -6.02 21.925 2.366
   vertex -6.02 21.925 2.006
  endloop
 endfacet
  facet normal 0 0 0
    outer loop
   vertex -6.44 21.925 2.006
   vertex -6.44 21.925 2.366
   vertex -7.21 21.925 2.366
  endloop
 endfacet
  facet normal 0 0 0
    outer loop
   vertex -6.44 21.925 2.006
   vertex -7.21 21.925 2.366
   vertex -7.21 21.925 2.006
  endloop
 endfacet
  facet normal 0 0 0
    outer loop
   vertex -7.63 21.925 2.006
   vertex -7.63 21.925 2.366
   vertex -8.82 21.925 2.366
  endloop
 endfacet
  facet normal 0 0 0
    outer loop
   vertex -7.63 21.925 2.006
   vertex -8.82 21.925 2.366
   vertex -8.82 21.925 2.006
  endloop
 endfacet
  facet normal 0 0 0
    outer loop
   vertex -9.24 21.925 2.006
   vertex -9.24 21.925 2.366
   vertex -10.6 21.925 2.366
  endloop
 endfacet
  facet normal 0 0 0
    outer loop
   vertex -9.24 21.925 2.006
   vertex -10.6 21.925 2.366
   vertex -10.6 21.925 2.006
  endloop
 endfacet
  facet normal 0 0 0
    outer loop
   vertex -10.6 22.225 2.006
   vertex -10.6 22.225 2.366
   vertex -9.24 22.225 2.366
  endloop
 endfacet
  facet normal 0 0 0
    outer loop
   vertex -10.6 22.225 2.006
   vertex -9.24 22.225 2.366
   vertex -9.24 22.225 2.006
  endloop
 endfacet
  facet normal 0 0 0
    outer loop
   vertex -8.82 22.225 2.006
   vertex -8.82 22.225 2.366
   vertex -7.63 22.225 2.366
  endloop
 endfacet
  facet normal 0 0 0
    outer loop
   vertex -8.82 22.225 2.006
   vertex -7.63 22.225 2.366
   vertex -7.63 22.225 2.006
  endloop
 endfacet
  facet normal 0 0 0
    outer loop
   vertex -7.21 22.225 2.006
   vertex -7.21 22.225 2.366
   vertex -6.44 22.225 2.366
  endloop
 endfacet
  facet normal 0 0 0
    outer loop
   vertex -7.21 22.225 2.006
   vertex -6.44 22.225 2.366
   vertex -6.44 22.225 2.006
  endloop
 endfacet
  facet normal 0 0 0
    outer loop
   vertex -6.02 22.225 2.006
   vertex -6.02 22.225 2.366
   vertex -4.83 22.225 2.366
  endloop
 endfacet
  facet normal 0 0 0
    outer loop
   vertex -6.02 22.225 2.006
   vertex -4.83 22.225 2.366
   vertex -4.83 22.225 2.006
  endloop
 endfacet
  facet normal 0 0 0
    outer loop
   vertex -10.6 25.325 2.006
   vertex -10.6 25.325 2.366
   vertex -10.6 24.625 2.006
  endloop
 endfacet
  facet normal 0 0 0
    outer loop
   vertex -10.6 24.625 2.006
   vertex -10.6 23.925 2.366
   vertex -10.6 23.925 2.006
  endloop
 endfacet
  facet normal 0 0 0
    outer loop
   vertex -10.6 24.625 2.006
   vertex -10.6 25.325 2.366
   vertex -10.6 23.925 2.366
  endloop
 endfacet
  facet normal 0 0 0
    outer loop
   vertex -10.6 23.625 2.006
   vertex -10.6 23.625 2.366
   vertex -10.6 22.925 2.006
  endloop
 endfacet
  facet normal 0 0 0
    outer loop
   vertex -10.6 22.925 2.006
   vertex -10.6 22.225 2.366
   vertex -10.6 22.225 2.006
  endloop
 endfacet
  facet normal 0 0 0
    outer loop
   vertex -10.6 22.925 2.006
   vertex -10.6 23.625 2.366
   vertex -10.6 22.225 2.366
  endloop
 endfacet
  facet normal 0 0 0
    outer loop
   vertex -10.6 21.925 2.006
   vertex -10.6 21.925 2.366
   vertex -10.6 21.225 2.006
  endloop
 endfacet
  facet normal 0 0 0
    outer loop
   vertex -10.6 21.225 2.006
   vertex -10.6 20.525 2.366
   vertex -10.6 20.525 2.006
  endloop
 endfacet
  facet normal 0 0 0
    outer loop
   vertex -10.6 21.225 2.006
   vertex -10.6 21.925 2.366
   vertex -10.6 20.525 2.366
  endloop
 endfacet
  facet normal 0 0 0
    outer loop
   vertex -10.6 23.925 2.006
   vertex -10.6 23.925 2.366
   vertex -9.24 23.925 2.366
  endloop
 endfacet
  facet normal 0 0 0
    outer loop
   vertex -10.6 23.925 2.006
   vertex -9.24 23.925 2.366
   vertex -9.24 23.925 2.006
  endloop
 endfacet
  facet normal 0 0 0
    outer loop
   vertex -8.82 23.925 2.006
   vertex -8.82 23.925 2.366
   vertex -7.63 23.925 2.366
  endloop
 endfacet
  facet normal 0 0 0
    outer loop
   vertex -8.82 23.925 2.006
   vertex -7.63 23.925 2.366
   vertex -7.63 23.925 2.006
  endloop
 endfacet
  facet normal 0 0 0
    outer loop
   vertex -7.21 23.925 2.006
   vertex -7.21 23.925 2.366
   vertex -6.44 23.925 2.366
  endloop
 endfacet
  facet normal 0 0 0
    outer loop
   vertex -7.21 23.925 2.006
   vertex -6.44 23.925 2.366
   vertex -6.44 23.925 2.006
  endloop
 endfacet
  facet normal 0 0 0
    outer loop
   vertex -6.02 23.925 2.006
   vertex -6.02 23.925 2.366
   vertex -4.83 23.925 2.366
  endloop
 endfacet
  facet normal 0 0 0
    outer loop
   vertex -6.02 23.925 2.006
   vertex -4.83 23.925 2.366
   vertex -4.83 23.925 2.006
  endloop
 endfacet
  facet normal 0 0 0
    outer loop
   vertex -4.83 23.625 2.006
   vertex -4.83 23.625 2.366
   vertex -6.02 23.625 2.366
  endloop
 endfacet
  facet normal 0 0 0
    outer loop
   vertex -4.83 23.625 2.006
   vertex -6.02 23.625 2.366
   vertex -6.02 23.625 2.006
  endloop
 endfacet
  facet normal 0 0 0
    outer loop
   vertex -6.44 23.625 2.006
   vertex -6.44 23.625 2.366
   vertex -7.21 23.625 2.366
  endloop
 endfacet
  facet normal 0 0 0
    outer loop
   vertex -6.44 23.625 2.006
   vertex -7.21 23.625 2.366
   vertex -7.21 23.625 2.006
  endloop
 endfacet
  facet normal 0 0 0
    outer loop
   vertex -7.63 23.625 2.006
   vertex -7.63 23.625 2.366
   vertex -8.82 23.625 2.366
  endloop
 endfacet
  facet normal 0 0 0
    outer loop
   vertex -7.63 23.625 2.006
   vertex -8.82 23.625 2.366
   vertex -8.82 23.625 2.006
  endloop
 endfacet
  facet normal 0 0 0
    outer loop
   vertex -9.24 23.625 2.006
   vertex -9.24 23.625 2.366
   vertex -10.6 23.625 2.366
  endloop
 endfacet
  facet normal 0 0 0
    outer loop
   vertex -9.24 23.625 2.006
   vertex -10.6 23.625 2.366
   vertex -10.6 23.625 2.006
  endloop
 endfacet
  facet normal 0 0 0
    outer loop
   vertex -10.9 20.225 2.006
   vertex -10.9 20.225 2.366
   vertex -10.9 21.5 2.006
  endloop
 endfacet
  facet normal 0 0 0
    outer loop
   vertex -10.9 21.5 2.006
   vertex -10.9 22.775 2.366
   vertex -10.9 22.775 2.006
  endloop
 endfacet
  facet normal 0 0 0
    outer loop
   vertex -10.9 21.5 2.006
   vertex -10.9 20.225 2.366
   vertex -10.9 22.775 2.366
  endloop
 endfacet
  facet normal 0 0 0
    outer loop
   vertex -10.9 24.05 2.006
   vertex -10.9 25.325 2.366
   vertex -10.9 25.325 2.006
  endloop
 endfacet
  facet normal 0 0 0
    outer loop
   vertex -10.9 22.775 2.006
   vertex -10.9 22.775 2.366
   vertex -10.9 24.05 2.006
  endloop
 endfacet
  facet normal 0 0 0
    outer loop
   vertex -10.9 24.05 2.006
   vertex -10.9 22.775 2.366
   vertex -10.9 25.325 2.366
  endloop
 endfacet
  facet normal 0 0 0
    outer loop
   vertex -4.83 25.325 2.006
   vertex -4.83 25.325 2.366
   vertex -6.02 25.325 2.366
  endloop
 endfacet
  facet normal 0 0 0
    outer loop
   vertex -4.83 25.325 2.006
   vertex -6.02 25.325 2.366
   vertex -6.02 25.325 2.006
  endloop
 endfacet
  facet normal 0 0 0
    outer loop
   vertex -6.44 25.325 2.006
   vertex -6.44 25.325 2.366
   vertex -7.21 25.325 2.366
  endloop
 endfacet
  facet normal 0 0 0
    outer loop
   vertex -6.44 25.325 2.006
   vertex -7.21 25.325 2.366
   vertex -7.21 25.325 2.006
  endloop
 endfacet
  facet normal 0 0 0
    outer loop
   vertex -7.63 25.325 2.006
   vertex -7.63 25.325 2.366
   vertex -8.82 25.325 2.366
  endloop
 endfacet
  facet normal 0 0 0
    outer loop
   vertex -7.63 25.325 2.006
   vertex -8.82 25.325 2.366
   vertex -8.82 25.325 2.006
  endloop
 endfacet
  facet normal 0 0 0
    outer loop
   vertex -9.24 25.325 2.006
   vertex -9.24 25.325 2.366
   vertex -10.6 25.325 2.366
  endloop
 endfacet
  facet normal 0 0 0
    outer loop
   vertex -9.24 25.325 2.006
   vertex -10.6 25.325 2.366
   vertex -10.6 25.325 2.006
  endloop
 endfacet
  facet normal 0 0 0
    outer loop
   vertex -10.9 25.325 2.006
   vertex -10.9 25.325 2.366
   vertex -11.85 25.325 2.006
  endloop
 endfacet
  facet normal 0 0 0
    outer loop
   vertex -11.85 25.325 2.006
   vertex -12.8 25.325 2.366
   vertex -12.8 25.325 2.006
  endloop
 endfacet
  facet normal 0 0 0
    outer loop
   vertex -11.85 25.325 2.006
   vertex -10.9 25.325 2.366
   vertex -12.8 25.325 2.366
  endloop
 endfacet
  facet normal 0 0 0
    outer loop
   vertex -12.8 25.625 2.006
   vertex -12.8 25.625 2.366
   vertex -11.91 25.625 2.006
  endloop
 endfacet
  facet normal 0 0 0
    outer loop
   vertex -11.91 25.625 2.006
   vertex -11.02 25.625 2.366
   vertex -11.02 25.625 2.006
  endloop
 endfacet
  facet normal 0 0 0
    outer loop
   vertex -11.91 25.625 2.006
   vertex -12.8 25.625 2.366
   vertex -11.02 25.625 2.366
  endloop
 endfacet
  facet normal 0 0 0
    outer loop
   vertex -10.13 25.625 2.006
   vertex -9.24 25.625 2.366
   vertex -9.24 25.625 2.006
  endloop
 endfacet
  facet normal 0 0 0
    outer loop
   vertex -11.02 25.625 2.006
   vertex -11.02 25.625 2.366
   vertex -10.13 25.625 2.006
  endloop
 endfacet
  facet normal 0 0 0
    outer loop
   vertex -10.13 25.625 2.006
   vertex -11.02 25.625 2.366
   vertex -9.24 25.625 2.366
  endloop
 endfacet
  facet normal 0 0 0
    outer loop
   vertex -8.82 25.625 2.006
   vertex -8.82 25.625 2.366
   vertex -7.63 25.625 2.366
  endloop
 endfacet
  facet normal 0 0 0
    outer loop
   vertex -8.82 25.625 2.006
   vertex -7.63 25.625 2.366
   vertex -7.63 25.625 2.006
  endloop
 endfacet
  facet normal 0 0 0
    outer loop
   vertex -7.21 25.625 2.006
   vertex -7.21 25.625 2.366
   vertex -6.44 25.625 2.366
  endloop
 endfacet
  facet normal 0 0 0
    outer loop
   vertex -7.21 25.625 2.006
   vertex -6.44 25.625 2.366
   vertex -6.44 25.625 2.006
  endloop
 endfacet
  facet normal 0 0 0
    outer loop
   vertex -6.02 25.625 2.006
   vertex -6.02 25.625 2.366
   vertex -4.83 25.625 2.366
  endloop
 endfacet
  facet normal 0 0 0
    outer loop
   vertex -6.02 25.625 2.006
   vertex -4.83 25.625 2.366
   vertex -4.83 25.625 2.006
  endloop
 endfacet
  facet normal 0 0 0
    outer loop
   vertex -4.83 20.2 2.186
   vertex -4.83 20.2 2.276
   vertex -4.83 20.225 2.186
  endloop
 endfacet
  facet normal 0 0 0
    outer loop
   vertex -4.83 20.2 2.276
   vertex -4.83 20.2 2.366
   vertex -4.83 20.225 2.366
  endloop
 endfacet
  facet normal 0 0 0
    outer loop
   vertex -4.83 20.225 2.186
   vertex -4.83 20.2 2.276
   vertex -4.83 20.225 2.366
  endloop
 endfacet
  facet normal 0 0 0
    outer loop
   vertex -4.83 20.2 2.006
   vertex -4.83 20.225 2.096
   vertex -4.83 20.225 2.006
  endloop
 endfacet
  facet normal 0 0 0
    outer loop
   vertex -4.83 20.225 2.096
   vertex -4.83 20.2 2.186
   vertex -4.83 20.225 2.186
  endloop
 endfacet
  facet normal 0 0 0
    outer loop
   vertex -4.83 20.2 2.006
   vertex -4.83 20.2 2.186
   vertex -4.83 20.225 2.096
  endloop
 endfacet
  facet normal 0 0 0
    outer loop
   vertex -4.83 20.525 2.186
   vertex -4.83 20.525 2.276
   vertex -4.83 20.55 2.186
  endloop
 endfacet
  facet normal 0 0 0
    outer loop
   vertex -4.83 20.525 2.276
   vertex -4.83 20.525 2.366
   vertex -4.83 20.55 2.366
  endloop
 endfacet
  facet normal 0 0 0
    outer loop
   vertex -4.83 20.55 2.186
   vertex -4.83 20.525 2.276
   vertex -4.83 20.55 2.366
  endloop
 endfacet
  facet normal 0 0 0
    outer loop
   vertex -4.83 20.525 2.006
   vertex -4.83 20.55 2.096
   vertex -4.83 20.55 2.006
  endloop
 endfacet
  facet normal 0 0 0
    outer loop
   vertex -4.83 20.55 2.096
   vertex -4.83 20.525 2.186
   vertex -4.83 20.55 2.186
  endloop
 endfacet
  facet normal 0 0 0
    outer loop
   vertex -4.83 20.525 2.006
   vertex -4.83 20.525 2.186
   vertex -4.83 20.55 2.096
  endloop
 endfacet
  facet normal 0 0 0
    outer loop
   vertex -4.83 21.9 2.186
   vertex -4.83 21.9 2.276
   vertex -4.83 21.925 2.186
  endloop
 endfacet
  facet normal 0 0 0
    outer loop
   vertex -4.83 21.9 2.276
   vertex -4.83 21.9 2.366
   vertex -4.83 21.925 2.366
  endloop
 endfacet
  facet normal 0 0 0
    outer loop
   vertex -4.83 21.925 2.186
   vertex -4.83 21.9 2.276
   vertex -4.83 21.925 2.366
  endloop
 endfacet
  facet normal 0 0 0
    outer loop
   vertex -4.83 21.9 2.006
   vertex -4.83 21.925 2.096
   vertex -4.83 21.925 2.006
  endloop
 endfacet
  facet normal 0 0 0
    outer loop
   vertex -4.83 21.925 2.096
   vertex -4.83 21.9 2.186
   vertex -4.83 21.925 2.186
  endloop
 endfacet
  facet normal 0 0 0
    outer loop
   vertex -4.83 21.9 2.006
   vertex -4.83 21.9 2.186
   vertex -4.83 21.925 2.096
  endloop
 endfacet
  facet normal 0 0 0
    outer loop
   vertex -4.83 22.225 2.186
   vertex -4.83 22.225 2.276
   vertex -4.83 22.25 2.186
  endloop
 endfacet
  facet normal 0 0 0
    outer loop
   vertex -4.83 22.225 2.276
   vertex -4.83 22.225 2.366
   vertex -4.83 22.25 2.366
  endloop
 endfacet
  facet normal 0 0 0
    outer loop
   vertex -4.83 22.25 2.186
   vertex -4.83 22.225 2.276
   vertex -4.83 22.25 2.366
  endloop
 endfacet
  facet normal 0 0 0
    outer loop
   vertex -4.83 22.225 2.006
   vertex -4.83 22.25 2.096
   vertex -4.83 22.25 2.006
  endloop
 endfacet
  facet normal 0 0 0
    outer loop
   vertex -4.83 22.25 2.096
   vertex -4.83 22.225 2.186
   vertex -4.83 22.25 2.186
  endloop
 endfacet
  facet normal 0 0 0
    outer loop
   vertex -4.83 22.225 2.006
   vertex -4.83 22.225 2.186
   vertex -4.83 22.25 2.096
  endloop
 endfacet
  facet normal 0 0 0
    outer loop
   vertex -4.83 23.6 2.186
   vertex -4.83 23.6 2.276
   vertex -4.83 23.625 2.186
  endloop
 endfacet
  facet normal 0 0 0
    outer loop
   vertex -4.83 23.6 2.276
   vertex -4.83 23.6 2.366
   vertex -4.83 23.625 2.366
  endloop
 endfacet
  facet normal 0 0 0
    outer loop
   vertex -4.83 23.625 2.186
   vertex -4.83 23.6 2.276
   vertex -4.83 23.625 2.366
  endloop
 endfacet
  facet normal 0 0 0
    outer loop
   vertex -4.83 23.6 2.006
   vertex -4.83 23.625 2.096
   vertex -4.83 23.625 2.006
  endloop
 endfacet
  facet normal 0 0 0
    outer loop
   vertex -4.83 23.625 2.096
   vertex -4.83 23.6 2.186
   vertex -4.83 23.625 2.186
  endloop
 endfacet
  facet normal 0 0 0
    outer loop
   vertex -4.83 23.6 2.006
   vertex -4.83 23.6 2.186
   vertex -4.83 23.625 2.096
  endloop
 endfacet
  facet normal 0 0 0
    outer loop
   vertex -4.83 23.925 2.186
   vertex -4.83 23.925 2.276
   vertex -4.83 23.95 2.186
  endloop
 endfacet
  facet normal 0 0 0
    outer loop
   vertex -4.83 23.925 2.276
   vertex -4.83 23.925 2.366
   vertex -4.83 23.95 2.366
  endloop
 endfacet
  facet normal 0 0 0
    outer loop
   vertex -4.83 23.95 2.186
   vertex -4.83 23.925 2.276
   vertex -4.83 23.95 2.366
  endloop
 endfacet
  facet normal 0 0 0
    outer loop
   vertex -4.83 23.925 2.006
   vertex -4.83 23.95 2.096
   vertex -4.83 23.95 2.006
  endloop
 endfacet
  facet normal 0 0 0
    outer loop
   vertex -4.83 23.95 2.096
   vertex -4.83 23.925 2.186
   vertex -4.83 23.95 2.186
  endloop
 endfacet
  facet normal 0 0 0
    outer loop
   vertex -4.83 23.925 2.006
   vertex -4.83 23.925 2.186
   vertex -4.83 23.95 2.096
  endloop
 endfacet
  facet normal 0 0 0
    outer loop
   vertex -4.83 25.3 2.186
   vertex -4.83 25.3 2.276
   vertex -4.83 25.325 2.186
  endloop
 endfacet
  facet normal 0 0 0
    outer loop
   vertex -4.83 25.3 2.276
   vertex -4.83 25.3 2.366
   vertex -4.83 25.325 2.366
  endloop
 endfacet
  facet normal 0 0 0
    outer loop
   vertex -4.83 25.325 2.186
   vertex -4.83 25.3 2.276
   vertex -4.83 25.325 2.366
  endloop
 endfacet
  facet normal 0 0 0
    outer loop
   vertex -4.83 25.3 2.006
   vertex -4.83 25.325 2.096
   vertex -4.83 25.325 2.006
  endloop
 endfacet
  facet normal 0 0 0
    outer loop
   vertex -4.83 25.325 2.096
   vertex -4.83 25.3 2.186
   vertex -4.83 25.325 2.186
  endloop
 endfacet
  facet normal 0 0 0
    outer loop
   vertex -4.83 25.3 2.006
   vertex -4.83 25.3 2.186
   vertex -4.83 25.325 2.096
  endloop
 endfacet
  facet normal 0 0 0
    outer loop
   vertex -4.83 25.625 2.186
   vertex -4.83 25.625 2.276
   vertex -4.83 25.65 2.186
  endloop
 endfacet
  facet normal 0 0 0
    outer loop
   vertex -4.83 25.625 2.276
   vertex -4.83 25.625 2.366
   vertex -4.83 25.65 2.366
  endloop
 endfacet
  facet normal 0 0 0
    outer loop
   vertex -4.83 25.65 2.186
   vertex -4.83 25.625 2.276
   vertex -4.83 25.65 2.366
  endloop
 endfacet
  facet normal 0 0 0
    outer loop
   vertex -4.83 25.625 2.006
   vertex -4.83 25.65 2.096
   vertex -4.83 25.65 2.006
  endloop
 endfacet
  facet normal 0 0 0
    outer loop
   vertex -4.83 25.65 2.096
   vertex -4.83 25.625 2.186
   vertex -4.83 25.65 2.186
  endloop
 endfacet
  facet normal 0 0 0
    outer loop
   vertex -4.83 25.625 2.006
   vertex -4.83 25.625 2.186
   vertex -4.83 25.65 2.096
  endloop
 endfacet
  facet normal 0 0 0
    outer loop
   vertex -4.41 23.6 2.006
   vertex -4.41 23.6 2.366
   vertex -4.83 23.6 2.366
  endloop
 endfacet
  facet normal 0 0 0
    outer loop
   vertex -4.41 23.6 2.006
   vertex -4.83 23.6 2.366
   vertex -4.83 23.6 2.006
  endloop
 endfacet
  facet normal 0 0 0
    outer loop
   vertex -6.02 23.6 2.006
   vertex -6.02 23.6 2.366
   vertex -6.44 23.6 2.366
  endloop
 endfacet
  facet normal 0 0 0
    outer loop
   vertex -6.02 23.6 2.006
   vertex -6.44 23.6 2.366
   vertex -6.44 23.6 2.006
  endloop
 endfacet
  facet normal 0 0 0
    outer loop
   vertex -7.21 23.6 2.006
   vertex -7.21 23.6 2.366
   vertex -7.63 23.6 2.366
  endloop
 endfacet
  facet normal 0 0 0
    outer loop
   vertex -7.21 23.6 2.006
   vertex -7.63 23.6 2.366
   vertex -7.63 23.6 2.006
  endloop
 endfacet
  facet normal 0 0 0
    outer loop
   vertex -8.82 23.6 2.006
   vertex -8.82 23.6 2.366
   vertex -9.24 23.6 2.366
  endloop
 endfacet
  facet normal 0 0 0
    outer loop
   vertex -8.82 23.6 2.006
   vertex -9.24 23.6 2.366
   vertex -9.24 23.6 2.006
  endloop
 endfacet
  facet normal 0 0 0
    outer loop
   vertex -6.44 20.2 2.186
   vertex -6.44 20.2 2.276
   vertex -6.44 20.225 2.186
  endloop
 endfacet
  facet normal 0 0 0
    outer loop
   vertex -6.44 20.2 2.276
   vertex -6.44 20.2 2.366
   vertex -6.44 20.225 2.366
  endloop
 endfacet
  facet normal 0 0 0
    outer loop
   vertex -6.44 20.225 2.186
   vertex -6.44 20.2 2.276
   vertex -6.44 20.225 2.366
  endloop
 endfacet
  facet normal 0 0 0
    outer loop
   vertex -6.44 20.2 2.006
   vertex -6.44 20.225 2.096
   vertex -6.44 20.225 2.006
  endloop
 endfacet
  facet normal 0 0 0
    outer loop
   vertex -6.44 20.225 2.096
   vertex -6.44 20.2 2.186
   vertex -6.44 20.225 2.186
  endloop
 endfacet
  facet normal 0 0 0
    outer loop
   vertex -6.44 20.2 2.006
   vertex -6.44 20.2 2.186
   vertex -6.44 20.225 2.096
  endloop
 endfacet
  facet normal 0 0 0
    outer loop
   vertex -6.44 20.525 2.186
   vertex -6.44 20.525 2.276
   vertex -6.44 20.55 2.186
  endloop
 endfacet
  facet normal 0 0 0
    outer loop
   vertex -6.44 20.525 2.276
   vertex -6.44 20.525 2.366
   vertex -6.44 20.55 2.366
  endloop
 endfacet
  facet normal 0 0 0
    outer loop
   vertex -6.44 20.55 2.186
   vertex -6.44 20.525 2.276
   vertex -6.44 20.55 2.366
  endloop
 endfacet
  facet normal 0 0 0
    outer loop
   vertex -6.44 20.525 2.006
   vertex -6.44 20.55 2.096
   vertex -6.44 20.55 2.006
  endloop
 endfacet
  facet normal 0 0 0
    outer loop
   vertex -6.44 20.55 2.096
   vertex -6.44 20.525 2.186
   vertex -6.44 20.55 2.186
  endloop
 endfacet
  facet normal 0 0 0
    outer loop
   vertex -6.44 20.525 2.006
   vertex -6.44 20.525 2.186
   vertex -6.44 20.55 2.096
  endloop
 endfacet
  facet normal 0 0 0
    outer loop
   vertex -6.44 21.9 2.186
   vertex -6.44 21.9 2.276
   vertex -6.44 21.925 2.186
  endloop
 endfacet
  facet normal 0 0 0
    outer loop
   vertex -6.44 21.9 2.276
   vertex -6.44 21.9 2.366
   vertex -6.44 21.925 2.366
  endloop
 endfacet
  facet normal 0 0 0
    outer loop
   vertex -6.44 21.925 2.186
   vertex -6.44 21.9 2.276
   vertex -6.44 21.925 2.366
  endloop
 endfacet
  facet normal 0 0 0
    outer loop
   vertex -6.44 21.9 2.006
   vertex -6.44 21.925 2.096
   vertex -6.44 21.925 2.006
  endloop
 endfacet
  facet normal 0 0 0
    outer loop
   vertex -6.44 21.925 2.096
   vertex -6.44 21.9 2.186
   vertex -6.44 21.925 2.186
  endloop
 endfacet
  facet normal 0 0 0
    outer loop
   vertex -6.44 21.9 2.006
   vertex -6.44 21.9 2.186
   vertex -6.44 21.925 2.096
  endloop
 endfacet
  facet normal 0 0 0
    outer loop
   vertex -6.44 22.225 2.186
   vertex -6.44 22.225 2.276
   vertex -6.44 22.25 2.186
  endloop
 endfacet
  facet normal 0 0 0
    outer loop
   vertex -6.44 22.225 2.276
   vertex -6.44 22.225 2.366
   vertex -6.44 22.25 2.366
  endloop
 endfacet
  facet normal 0 0 0
    outer loop
   vertex -6.44 22.25 2.186
   vertex -6.44 22.225 2.276
   vertex -6.44 22.25 2.366
  endloop
 endfacet
  facet normal 0 0 0
    outer loop
   vertex -6.44 22.225 2.006
   vertex -6.44 22.25 2.096
   vertex -6.44 22.25 2.006
  endloop
 endfacet
  facet normal 0 0 0
    outer loop
   vertex -6.44 22.25 2.096
   vertex -6.44 22.225 2.186
   vertex -6.44 22.25 2.186
  endloop
 endfacet
  facet normal 0 0 0
    outer loop
   vertex -6.44 22.225 2.006
   vertex -6.44 22.225 2.186
   vertex -6.44 22.25 2.096
  endloop
 endfacet
  facet normal 0 0 0
    outer loop
   vertex -6.44 23.6 2.186
   vertex -6.44 23.6 2.276
   vertex -6.44 23.625 2.186
  endloop
 endfacet
  facet normal 0 0 0
    outer loop
   vertex -6.44 23.6 2.276
   vertex -6.44 23.6 2.366
   vertex -6.44 23.625 2.366
  endloop
 endfacet
  facet normal 0 0 0
    outer loop
   vertex -6.44 23.625 2.186
   vertex -6.44 23.6 2.276
   vertex -6.44 23.625 2.366
  endloop
 endfacet
  facet normal 0 0 0
    outer loop
   vertex -6.44 23.6 2.006
   vertex -6.44 23.625 2.096
   vertex -6.44 23.625 2.006
  endloop
 endfacet
  facet normal 0 0 0
    outer loop
   vertex -6.44 23.625 2.096
   vertex -6.44 23.6 2.186
   vertex -6.44 23.625 2.186
  endloop
 endfacet
  facet normal 0 0 0
    outer loop
   vertex -6.44 23.6 2.006
   vertex -6.44 23.6 2.186
   vertex -6.44 23.625 2.096
  endloop
 endfacet
  facet normal 0 0 0
    outer loop
   vertex -6.44 23.925 2.186
   vertex -6.44 23.925 2.276
   vertex -6.44 23.95 2.186
  endloop
 endfacet
  facet normal 0 0 0
    outer loop
   vertex -6.44 23.925 2.276
   vertex -6.44 23.925 2.366
   vertex -6.44 23.95 2.366
  endloop
 endfacet
  facet normal 0 0 0
    outer loop
   vertex -6.44 23.95 2.186
   vertex -6.44 23.925 2.276
   vertex -6.44 23.95 2.366
  endloop
 endfacet
  facet normal 0 0 0
    outer loop
   vertex -6.44 23.925 2.006
   vertex -6.44 23.95 2.096
   vertex -6.44 23.95 2.006
  endloop
 endfacet
  facet normal 0 0 0
    outer loop
   vertex -6.44 23.95 2.096
   vertex -6.44 23.925 2.186
   vertex -6.44 23.95 2.186
  endloop
 endfacet
  facet normal 0 0 0
    outer loop
   vertex -6.44 23.925 2.006
   vertex -6.44 23.925 2.186
   vertex -6.44 23.95 2.096
  endloop
 endfacet
  facet normal 0 0 0
    outer loop
   vertex -6.44 25.3 2.186
   vertex -6.44 25.3 2.276
   vertex -6.44 25.325 2.186
  endloop
 endfacet
  facet normal 0 0 0
    outer loop
   vertex -6.44 25.3 2.276
   vertex -6.44 25.3 2.366
   vertex -6.44 25.325 2.366
  endloop
 endfacet
  facet normal 0 0 0
    outer loop
   vertex -6.44 25.325 2.186
   vertex -6.44 25.3 2.276
   vertex -6.44 25.325 2.366
  endloop
 endfacet
  facet normal 0 0 0
    outer loop
   vertex -6.44 25.3 2.006
   vertex -6.44 25.325 2.096
   vertex -6.44 25.325 2.006
  endloop
 endfacet
  facet normal 0 0 0
    outer loop
   vertex -6.44 25.325 2.096
   vertex -6.44 25.3 2.186
   vertex -6.44 25.325 2.186
  endloop
 endfacet
  facet normal 0 0 0
    outer loop
   vertex -6.44 25.3 2.006
   vertex -6.44 25.3 2.186
   vertex -6.44 25.325 2.096
  endloop
 endfacet
  facet normal 0 0 0
    outer loop
   vertex -6.44 25.625 2.186
   vertex -6.44 25.625 2.276
   vertex -6.44 25.65 2.186
  endloop
 endfacet
  facet normal 0 0 0
    outer loop
   vertex -6.44 25.625 2.276
   vertex -6.44 25.625 2.366
   vertex -6.44 25.65 2.366
  endloop
 endfacet
  facet normal 0 0 0
    outer loop
   vertex -6.44 25.65 2.186
   vertex -6.44 25.625 2.276
   vertex -6.44 25.65 2.366
  endloop
 endfacet
  facet normal 0 0 0
    outer loop
   vertex -6.44 25.625 2.006
   vertex -6.44 25.65 2.096
   vertex -6.44 25.65 2.006
  endloop
 endfacet
  facet normal 0 0 0
    outer loop
   vertex -6.44 25.65 2.096
   vertex -6.44 25.625 2.186
   vertex -6.44 25.65 2.186
  endloop
 endfacet
  facet normal 0 0 0
    outer loop
   vertex -6.44 25.625 2.006
   vertex -6.44 25.625 2.186
   vertex -6.44 25.65 2.096
  endloop
 endfacet
  facet normal 0 0 0
    outer loop
   vertex -7.63 20.2 2.186
   vertex -7.63 20.2 2.276
   vertex -7.63 20.225 2.186
  endloop
 endfacet
  facet normal 0 0 0
    outer loop
   vertex -7.63 20.2 2.276
   vertex -7.63 20.2 2.366
   vertex -7.63 20.225 2.366
  endloop
 endfacet
  facet normal 0 0 0
    outer loop
   vertex -7.63 20.225 2.186
   vertex -7.63 20.2 2.276
   vertex -7.63 20.225 2.366
  endloop
 endfacet
  facet normal 0 0 0
    outer loop
   vertex -7.63 20.2 2.006
   vertex -7.63 20.225 2.096
   vertex -7.63 20.225 2.006
  endloop
 endfacet
  facet normal 0 0 0
    outer loop
   vertex -7.63 20.225 2.096
   vertex -7.63 20.2 2.186
   vertex -7.63 20.225 2.186
  endloop
 endfacet
  facet normal 0 0 0
    outer loop
   vertex -7.63 20.2 2.006
   vertex -7.63 20.2 2.186
   vertex -7.63 20.225 2.096
  endloop
 endfacet
  facet normal 0 0 0
    outer loop
   vertex -7.63 20.525 2.186
   vertex -7.63 20.525 2.276
   vertex -7.63 20.55 2.186
  endloop
 endfacet
  facet normal 0 0 0
    outer loop
   vertex -7.63 20.525 2.276
   vertex -7.63 20.525 2.366
   vertex -7.63 20.55 2.366
  endloop
 endfacet
  facet normal 0 0 0
    outer loop
   vertex -7.63 20.55 2.186
   vertex -7.63 20.525 2.276
   vertex -7.63 20.55 2.366
  endloop
 endfacet
  facet normal 0 0 0
    outer loop
   vertex -7.63 20.525 2.006
   vertex -7.63 20.55 2.096
   vertex -7.63 20.55 2.006
  endloop
 endfacet
  facet normal 0 0 0
    outer loop
   vertex -7.63 20.55 2.096
   vertex -7.63 20.525 2.186
   vertex -7.63 20.55 2.186
  endloop
 endfacet
  facet normal 0 0 0
    outer loop
   vertex -7.63 20.525 2.006
   vertex -7.63 20.525 2.186
   vertex -7.63 20.55 2.096
  endloop
 endfacet
  facet normal 0 0 0
    outer loop
   vertex -7.63 21.9 2.186
   vertex -7.63 21.9 2.276
   vertex -7.63 21.925 2.186
  endloop
 endfacet
  facet normal 0 0 0
    outer loop
   vertex -7.63 21.9 2.276
   vertex -7.63 21.9 2.366
   vertex -7.63 21.925 2.366
  endloop
 endfacet
  facet normal 0 0 0
    outer loop
   vertex -7.63 21.925 2.186
   vertex -7.63 21.9 2.276
   vertex -7.63 21.925 2.366
  endloop
 endfacet
  facet normal 0 0 0
    outer loop
   vertex -7.63 21.9 2.006
   vertex -7.63 21.925 2.096
   vertex -7.63 21.925 2.006
  endloop
 endfacet
  facet normal 0 0 0
    outer loop
   vertex -7.63 21.925 2.096
   vertex -7.63 21.9 2.186
   vertex -7.63 21.925 2.186
  endloop
 endfacet
  facet normal 0 0 0
    outer loop
   vertex -7.63 21.9 2.006
   vertex -7.63 21.9 2.186
   vertex -7.63 21.925 2.096
  endloop
 endfacet
  facet normal 0 0 0
    outer loop
   vertex -7.63 22.225 2.186
   vertex -7.63 22.225 2.276
   vertex -7.63 22.25 2.186
  endloop
 endfacet
  facet normal 0 0 0
    outer loop
   vertex -7.63 22.225 2.276
   vertex -7.63 22.225 2.366
   vertex -7.63 22.25 2.366
  endloop
 endfacet
  facet normal 0 0 0
    outer loop
   vertex -7.63 22.25 2.186
   vertex -7.63 22.225 2.276
   vertex -7.63 22.25 2.366
  endloop
 endfacet
  facet normal 0 0 0
    outer loop
   vertex -7.63 22.225 2.006
   vertex -7.63 22.25 2.096
   vertex -7.63 22.25 2.006
  endloop
 endfacet
  facet normal 0 0 0
    outer loop
   vertex -7.63 22.25 2.096
   vertex -7.63 22.225 2.186
   vertex -7.63 22.25 2.186
  endloop
 endfacet
  facet normal 0 0 0
    outer loop
   vertex -7.63 22.225 2.006
   vertex -7.63 22.225 2.186
   vertex -7.63 22.25 2.096
  endloop
 endfacet
  facet normal 0 0 0
    outer loop
   vertex -7.63 23.6 2.186
   vertex -7.63 23.6 2.276
   vertex -7.63 23.625 2.186
  endloop
 endfacet
  facet normal 0 0 0
    outer loop
   vertex -7.63 23.6 2.276
   vertex -7.63 23.6 2.366
   vertex -7.63 23.625 2.366
  endloop
 endfacet
  facet normal 0 0 0
    outer loop
   vertex -7.63 23.625 2.186
   vertex -7.63 23.6 2.276
   vertex -7.63 23.625 2.366
  endloop
 endfacet
  facet normal 0 0 0
    outer loop
   vertex -7.63 23.6 2.006
   vertex -7.63 23.625 2.096
   vertex -7.63 23.625 2.006
  endloop
 endfacet
  facet normal 0 0 0
    outer loop
   vertex -7.63 23.625 2.096
   vertex -7.63 23.6 2.186
   vertex -7.63 23.625 2.186
  endloop
 endfacet
  facet normal 0 0 0
    outer loop
   vertex -7.63 23.6 2.006
   vertex -7.63 23.6 2.186
   vertex -7.63 23.625 2.096
  endloop
 endfacet
  facet normal 0 0 0
    outer loop
   vertex -7.63 23.925 2.186
   vertex -7.63 23.925 2.276
   vertex -7.63 23.95 2.186
  endloop
 endfacet
  facet normal 0 0 0
    outer loop
   vertex -7.63 23.925 2.276
   vertex -7.63 23.925 2.366
   vertex -7.63 23.95 2.366
  endloop
 endfacet
  facet normal 0 0 0
    outer loop
   vertex -7.63 23.95 2.186
   vertex -7.63 23.925 2.276
   vertex -7.63 23.95 2.366
  endloop
 endfacet
  facet normal 0 0 0
    outer loop
   vertex -7.63 23.925 2.006
   vertex -7.63 23.95 2.096
   vertex -7.63 23.95 2.006
  endloop
 endfacet
  facet normal 0 0 0
    outer loop
   vertex -7.63 23.95 2.096
   vertex -7.63 23.925 2.186
   vertex -7.63 23.95 2.186
  endloop
 endfacet
  facet normal 0 0 0
    outer loop
   vertex -7.63 23.925 2.006
   vertex -7.63 23.925 2.186
   vertex -7.63 23.95 2.096
  endloop
 endfacet
  facet normal 0 0 0
    outer loop
   vertex -7.63 25.3 2.186
   vertex -7.63 25.3 2.276
   vertex -7.63 25.325 2.186
  endloop
 endfacet
  facet normal 0 0 0
    outer loop
   vertex -7.63 25.3 2.276
   vertex -7.63 25.3 2.366
   vertex -7.63 25.325 2.366
  endloop
 endfacet
  facet normal 0 0 0
    outer loop
   vertex -7.63 25.325 2.186
   vertex -7.63 25.3 2.276
   vertex -7.63 25.325 2.366
  endloop
 endfacet
  facet normal 0 0 0
    outer loop
   vertex -7.63 25.3 2.006
   vertex -7.63 25.325 2.096
   vertex -7.63 25.325 2.006
  endloop
 endfacet
  facet normal 0 0 0
    outer loop
   vertex -7.63 25.325 2.096
   vertex -7.63 25.3 2.186
   vertex -7.63 25.325 2.186
  endloop
 endfacet
  facet normal 0 0 0
    outer loop
   vertex -7.63 25.3 2.006
   vertex -7.63 25.3 2.186
   vertex -7.63 25.325 2.096
  endloop
 endfacet
  facet normal 0 0 0
    outer loop
   vertex -7.63 25.625 2.186
   vertex -7.63 25.625 2.276
   vertex -7.63 25.65 2.186
  endloop
 endfacet
  facet normal 0 0 0
    outer loop
   vertex -7.63 25.625 2.276
   vertex -7.63 25.625 2.366
   vertex -7.63 25.65 2.366
  endloop
 endfacet
  facet normal 0 0 0
    outer loop
   vertex -7.63 25.65 2.186
   vertex -7.63 25.625 2.276
   vertex -7.63 25.65 2.366
  endloop
 endfacet
  facet normal 0 0 0
    outer loop
   vertex -7.63 25.625 2.006
   vertex -7.63 25.65 2.096
   vertex -7.63 25.65 2.006
  endloop
 endfacet
  facet normal 0 0 0
    outer loop
   vertex -7.63 25.65 2.096
   vertex -7.63 25.625 2.186
   vertex -7.63 25.65 2.186
  endloop
 endfacet
  facet normal 0 0 0
    outer loop
   vertex -7.63 25.625 2.006
   vertex -7.63 25.625 2.186
   vertex -7.63 25.65 2.096
  endloop
 endfacet
  facet normal 0 0 0
    outer loop
   vertex -7.21 25.65 2.186
   vertex -7.21 25.65 2.276
   vertex -7.21 25.625 2.186
  endloop
 endfacet
  facet normal 0 0 0
    outer loop
   vertex -7.21 25.65 2.276
   vertex -7.21 25.65 2.366
   vertex -7.21 25.625 2.366
  endloop
 endfacet
  facet normal 0 0 0
    outer loop
   vertex -7.21 25.625 2.186
   vertex -7.21 25.65 2.276
   vertex -7.21 25.625 2.366
  endloop
 endfacet
  facet normal 0 0 0
    outer loop
   vertex -7.21 25.65 2.006
   vertex -7.21 25.625 2.096
   vertex -7.21 25.625 2.006
  endloop
 endfacet
  facet normal 0 0 0
    outer loop
   vertex -7.21 25.625 2.096
   vertex -7.21 25.65 2.186
   vertex -7.21 25.625 2.186
  endloop
 endfacet
  facet normal 0 0 0
    outer loop
   vertex -7.21 25.65 2.006
   vertex -7.21 25.65 2.186
   vertex -7.21 25.625 2.096
  endloop
 endfacet
  facet normal 0 0 0
    outer loop
   vertex -7.21 25.325 2.186
   vertex -7.21 25.325 2.276
   vertex -7.21 25.3 2.186
  endloop
 endfacet
  facet normal 0 0 0
    outer loop
   vertex -7.21 25.325 2.276
   vertex -7.21 25.325 2.366
   vertex -7.21 25.3 2.366
  endloop
 endfacet
  facet normal 0 0 0
    outer loop
   vertex -7.21 25.3 2.186
   vertex -7.21 25.325 2.276
   vertex -7.21 25.3 2.366
  endloop
 endfacet
  facet normal 0 0 0
    outer loop
   vertex -7.21 25.325 2.006
   vertex -7.21 25.3 2.096
   vertex -7.21 25.3 2.006
  endloop
 endfacet
  facet normal 0 0 0
    outer loop
   vertex -7.21 25.3 2.096
   vertex -7.21 25.325 2.186
   vertex -7.21 25.3 2.186
  endloop
 endfacet
  facet normal 0 0 0
    outer loop
   vertex -7.21 25.325 2.006
   vertex -7.21 25.325 2.186
   vertex -7.21 25.3 2.096
  endloop
 endfacet
  facet normal 0 0 0
    outer loop
   vertex -7.21 23.95 2.186
   vertex -7.21 23.95 2.276
   vertex -7.21 23.925 2.186
  endloop
 endfacet
  facet normal 0 0 0
    outer loop
   vertex -7.21 23.95 2.276
   vertex -7.21 23.95 2.366
   vertex -7.21 23.925 2.366
  endloop
 endfacet
  facet normal 0 0 0
    outer loop
   vertex -7.21 23.925 2.186
   vertex -7.21 23.95 2.276
   vertex -7.21 23.925 2.366
  endloop
 endfacet
  facet normal 0 0 0
    outer loop
   vertex -7.21 23.95 2.006
   vertex -7.21 23.925 2.096
   vertex -7.21 23.925 2.006
  endloop
 endfacet
  facet normal 0 0 0
    outer loop
   vertex -7.21 23.925 2.096
   vertex -7.21 23.95 2.186
   vertex -7.21 23.925 2.186
  endloop
 endfacet
  facet normal 0 0 0
    outer loop
   vertex -7.21 23.95 2.006
   vertex -7.21 23.95 2.186
   vertex -7.21 23.925 2.096
  endloop
 endfacet
  facet normal 0 0 0
    outer loop
   vertex -7.21 23.625 2.186
   vertex -7.21 23.625 2.276
   vertex -7.21 23.6 2.186
  endloop
 endfacet
  facet normal 0 0 0
    outer loop
   vertex -7.21 23.625 2.276
   vertex -7.21 23.625 2.366
   vertex -7.21 23.6 2.366
  endloop
 endfacet
  facet normal 0 0 0
    outer loop
   vertex -7.21 23.6 2.186
   vertex -7.21 23.625 2.276
   vertex -7.21 23.6 2.366
  endloop
 endfacet
  facet normal 0 0 0
    outer loop
   vertex -7.21 23.625 2.006
   vertex -7.21 23.6 2.096
   vertex -7.21 23.6 2.006
  endloop
 endfacet
  facet normal 0 0 0
    outer loop
   vertex -7.21 23.6 2.096
   vertex -7.21 23.625 2.186
   vertex -7.21 23.6 2.186
  endloop
 endfacet
  facet normal 0 0 0
    outer loop
   vertex -7.21 23.625 2.006
   vertex -7.21 23.625 2.186
   vertex -7.21 23.6 2.096
  endloop
 endfacet
  facet normal 0 0 0
    outer loop
   vertex -7.21 22.25 2.186
   vertex -7.21 22.25 2.276
   vertex -7.21 22.225 2.186
  endloop
 endfacet
  facet normal 0 0 0
    outer loop
   vertex -7.21 22.25 2.276
   vertex -7.21 22.25 2.366
   vertex -7.21 22.225 2.366
  endloop
 endfacet
  facet normal 0 0 0
    outer loop
   vertex -7.21 22.225 2.186
   vertex -7.21 22.25 2.276
   vertex -7.21 22.225 2.366
  endloop
 endfacet
  facet normal 0 0 0
    outer loop
   vertex -7.21 22.25 2.006
   vertex -7.21 22.225 2.096
   vertex -7.21 22.225 2.006
  endloop
 endfacet
  facet normal 0 0 0
    outer loop
   vertex -7.21 22.225 2.096
   vertex -7.21 22.25 2.186
   vertex -7.21 22.225 2.186
  endloop
 endfacet
  facet normal 0 0 0
    outer loop
   vertex -7.21 22.25 2.006
   vertex -7.21 22.25 2.186
   vertex -7.21 22.225 2.096
  endloop
 endfacet
  facet normal 0 0 0
    outer loop
   vertex -7.21 21.925 2.186
   vertex -7.21 21.925 2.276
   vertex -7.21 21.9 2.186
  endloop
 endfacet
  facet normal 0 0 0
    outer loop
   vertex -7.21 21.925 2.276
   vertex -7.21 21.925 2.366
   vertex -7.21 21.9 2.366
  endloop
 endfacet
  facet normal 0 0 0
    outer loop
   vertex -7.21 21.9 2.186
   vertex -7.21 21.925 2.276
   vertex -7.21 21.9 2.366
  endloop
 endfacet
  facet normal 0 0 0
    outer loop
   vertex -7.21 21.925 2.006
   vertex -7.21 21.9 2.096
   vertex -7.21 21.9 2.006
  endloop
 endfacet
  facet normal 0 0 0
    outer loop
   vertex -7.21 21.9 2.096
   vertex -7.21 21.925 2.186
   vertex -7.21 21.9 2.186
  endloop
 endfacet
  facet normal 0 0 0
    outer loop
   vertex -7.21 21.925 2.006
   vertex -7.21 21.925 2.186
   vertex -7.21 21.9 2.096
  endloop
 endfacet
  facet normal 0 0 0
    outer loop
   vertex -7.21 20.55 2.186
   vertex -7.21 20.55 2.276
   vertex -7.21 20.525 2.186
  endloop
 endfacet
  facet normal 0 0 0
    outer loop
   vertex -7.21 20.55 2.276
   vertex -7.21 20.55 2.366
   vertex -7.21 20.525 2.366
  endloop
 endfacet
  facet normal 0 0 0
    outer loop
   vertex -7.21 20.525 2.186
   vertex -7.21 20.55 2.276
   vertex -7.21 20.525 2.366
  endloop
 endfacet
  facet normal 0 0 0
    outer loop
   vertex -7.21 20.55 2.006
   vertex -7.21 20.525 2.096
   vertex -7.21 20.525 2.006
  endloop
 endfacet
  facet normal 0 0 0
    outer loop
   vertex -7.21 20.525 2.096
   vertex -7.21 20.55 2.186
   vertex -7.21 20.525 2.186
  endloop
 endfacet
  facet normal 0 0 0
    outer loop
   vertex -7.21 20.55 2.006
   vertex -7.21 20.55 2.186
   vertex -7.21 20.525 2.096
  endloop
 endfacet
  facet normal 0 0 0
    outer loop
   vertex -7.21 20.225 2.186
   vertex -7.21 20.225 2.276
   vertex -7.21 20.2 2.186
  endloop
 endfacet
  facet normal 0 0 0
    outer loop
   vertex -7.21 20.225 2.276
   vertex -7.21 20.225 2.366
   vertex -7.21 20.2 2.366
  endloop
 endfacet
  facet normal 0 0 0
    outer loop
   vertex -7.21 20.2 2.186
   vertex -7.21 20.225 2.276
   vertex -7.21 20.2 2.366
  endloop
 endfacet
  facet normal 0 0 0
    outer loop
   vertex -7.21 20.225 2.006
   vertex -7.21 20.2 2.096
   vertex -7.21 20.2 2.006
  endloop
 endfacet
  facet normal 0 0 0
    outer loop
   vertex -7.21 20.2 2.096
   vertex -7.21 20.225 2.186
   vertex -7.21 20.2 2.186
  endloop
 endfacet
  facet normal 0 0 0
    outer loop
   vertex -7.21 20.225 2.006
   vertex -7.21 20.225 2.186
   vertex -7.21 20.2 2.096
  endloop
 endfacet
  facet normal 0 0 0
    outer loop
   vertex -4.41 25.65 2.006
   vertex -4.41 25.65 2.366
   vertex -4.41 25.3 2.366
  endloop
 endfacet
  facet normal 0 0 0
    outer loop
   vertex -4.41 25.65 2.006
   vertex -4.41 25.3 2.366
   vertex -4.41 25.3 2.006
  endloop
 endfacet
  facet normal 0 0 0
    outer loop
   vertex -4.41 23.95 2.006
   vertex -4.41 23.95 2.366
   vertex -4.41 23.6 2.366
  endloop
 endfacet
  facet normal 0 0 0
    outer loop
   vertex -4.41 23.95 2.006
   vertex -4.41 23.6 2.366
   vertex -4.41 23.6 2.006
  endloop
 endfacet
  facet normal 0 0 0
    outer loop
   vertex -4.41 22.25 2.006
   vertex -4.41 22.25 2.366
   vertex -4.41 21.9 2.366
  endloop
 endfacet
  facet normal 0 0 0
    outer loop
   vertex -4.41 22.25 2.006
   vertex -4.41 21.9 2.366
   vertex -4.41 21.9 2.006
  endloop
 endfacet
  facet normal 0 0 0
    outer loop
   vertex -4.41 20.55 2.006
   vertex -4.41 20.55 2.366
   vertex -4.41 20.2 2.366
  endloop
 endfacet
  facet normal 0 0 0
    outer loop
   vertex -4.41 20.55 2.006
   vertex -4.41 20.2 2.366
   vertex -4.41 20.2 2.006
  endloop
 endfacet
  facet normal 0 0 0
    outer loop
   vertex -9.24 23.95 2.006
   vertex -9.24 23.95 2.366
   vertex -8.82 23.95 2.366
  endloop
 endfacet
  facet normal 0 0 0
    outer loop
   vertex -9.24 23.95 2.006
   vertex -8.82 23.95 2.366
   vertex -8.82 23.95 2.006
  endloop
 endfacet
  facet normal 0 0 0
    outer loop
   vertex -7.63 23.95 2.006
   vertex -7.63 23.95 2.366
   vertex -7.21 23.95 2.366
  endloop
 endfacet
  facet normal 0 0 0
    outer loop
   vertex -7.63 23.95 2.006
   vertex -7.21 23.95 2.366
   vertex -7.21 23.95 2.006
  endloop
 endfacet
  facet normal 0 0 0
    outer loop
   vertex -6.44 23.95 2.006
   vertex -6.44 23.95 2.366
   vertex -6.02 23.95 2.366
  endloop
 endfacet
  facet normal 0 0 0
    outer loop
   vertex -6.44 23.95 2.006
   vertex -6.02 23.95 2.366
   vertex -6.02 23.95 2.006
  endloop
 endfacet
  facet normal 0 0 0
    outer loop
   vertex -4.83 23.95 2.006
   vertex -4.83 23.95 2.366
   vertex -4.41 23.95 2.366
  endloop
 endfacet
  facet normal 0 0 0
    outer loop
   vertex -4.83 23.95 2.006
   vertex -4.41 23.95 2.366
   vertex -4.41 23.95 2.006
  endloop
 endfacet
  facet normal 0 0 0
    outer loop
   vertex -6.02 25.65 2.186
   vertex -6.02 25.65 2.276
   vertex -6.02 25.625 2.186
  endloop
 endfacet
  facet normal 0 0 0
    outer loop
   vertex -6.02 25.65 2.276
   vertex -6.02 25.65 2.366
   vertex -6.02 25.625 2.366
  endloop
 endfacet
  facet normal 0 0 0
    outer loop
   vertex -6.02 25.625 2.186
   vertex -6.02 25.65 2.276
   vertex -6.02 25.625 2.366
  endloop
 endfacet
  facet normal 0 0 0
    outer loop
   vertex -6.02 25.65 2.006
   vertex -6.02 25.625 2.096
   vertex -6.02 25.625 2.006
  endloop
 endfacet
  facet normal 0 0 0
    outer loop
   vertex -6.02 25.625 2.096
   vertex -6.02 25.65 2.186
   vertex -6.02 25.625 2.186
  endloop
 endfacet
  facet normal 0 0 0
    outer loop
   vertex -6.02 25.65 2.006
   vertex -6.02 25.65 2.186
   vertex -6.02 25.625 2.096
  endloop
 endfacet
  facet normal 0 0 0
    outer loop
   vertex -6.02 25.325 2.186
   vertex -6.02 25.325 2.276
   vertex -6.02 25.3 2.186
  endloop
 endfacet
  facet normal 0 0 0
    outer loop
   vertex -6.02 25.325 2.276
   vertex -6.02 25.325 2.366
   vertex -6.02 25.3 2.366
  endloop
 endfacet
  facet normal 0 0 0
    outer loop
   vertex -6.02 25.3 2.186
   vertex -6.02 25.325 2.276
   vertex -6.02 25.3 2.366
  endloop
 endfacet
  facet normal 0 0 0
    outer loop
   vertex -6.02 25.325 2.006
   vertex -6.02 25.3 2.096
   vertex -6.02 25.3 2.006
  endloop
 endfacet
  facet normal 0 0 0
    outer loop
   vertex -6.02 25.3 2.096
   vertex -6.02 25.325 2.186
   vertex -6.02 25.3 2.186
  endloop
 endfacet
  facet normal 0 0 0
    outer loop
   vertex -6.02 25.325 2.006
   vertex -6.02 25.325 2.186
   vertex -6.02 25.3 2.096
  endloop
 endfacet
  facet normal 0 0 0
    outer loop
   vertex -6.02 23.95 2.186
   vertex -6.02 23.95 2.276
   vertex -6.02 23.925 2.186
  endloop
 endfacet
  facet normal 0 0 0
    outer loop
   vertex -6.02 23.95 2.276
   vertex -6.02 23.95 2.366
   vertex -6.02 23.925 2.366
  endloop
 endfacet
  facet normal 0 0 0
    outer loop
   vertex -6.02 23.925 2.186
   vertex -6.02 23.95 2.276
   vertex -6.02 23.925 2.366
  endloop
 endfacet
  facet normal 0 0 0
    outer loop
   vertex -6.02 23.95 2.006
   vertex -6.02 23.925 2.096
   vertex -6.02 23.925 2.006
  endloop
 endfacet
  facet normal 0 0 0
    outer loop
   vertex -6.02 23.925 2.096
   vertex -6.02 23.95 2.186
   vertex -6.02 23.925 2.186
  endloop
 endfacet
  facet normal 0 0 0
    outer loop
   vertex -6.02 23.95 2.006
   vertex -6.02 23.95 2.186
   vertex -6.02 23.925 2.096
  endloop
 endfacet
  facet normal 0 0 0
    outer loop
   vertex -6.02 23.625 2.186
   vertex -6.02 23.625 2.276
   vertex -6.02 23.6 2.186
  endloop
 endfacet
  facet normal 0 0 0
    outer loop
   vertex -6.02 23.625 2.276
   vertex -6.02 23.625 2.366
   vertex -6.02 23.6 2.366
  endloop
 endfacet
  facet normal 0 0 0
    outer loop
   vertex -6.02 23.6 2.186
   vertex -6.02 23.625 2.276
   vertex -6.02 23.6 2.366
  endloop
 endfacet
  facet normal 0 0 0
    outer loop
   vertex -6.02 23.625 2.006
   vertex -6.02 23.6 2.096
   vertex -6.02 23.6 2.006
  endloop
 endfacet
  facet normal 0 0 0
    outer loop
   vertex -6.02 23.6 2.096
   vertex -6.02 23.625 2.186
   vertex -6.02 23.6 2.186
  endloop
 endfacet
  facet normal 0 0 0
    outer loop
   vertex -6.02 23.625 2.006
   vertex -6.02 23.625 2.186
   vertex -6.02 23.6 2.096
  endloop
 endfacet
  facet normal 0 0 0
    outer loop
   vertex -6.02 22.25 2.186
   vertex -6.02 22.25 2.276
   vertex -6.02 22.225 2.186
  endloop
 endfacet
  facet normal 0 0 0
    outer loop
   vertex -6.02 22.25 2.276
   vertex -6.02 22.25 2.366
   vertex -6.02 22.225 2.366
  endloop
 endfacet
  facet normal 0 0 0
    outer loop
   vertex -6.02 22.225 2.186
   vertex -6.02 22.25 2.276
   vertex -6.02 22.225 2.366
  endloop
 endfacet
  facet normal 0 0 0
    outer loop
   vertex -6.02 22.25 2.006
   vertex -6.02 22.225 2.096
   vertex -6.02 22.225 2.006
  endloop
 endfacet
  facet normal 0 0 0
    outer loop
   vertex -6.02 22.225 2.096
   vertex -6.02 22.25 2.186
   vertex -6.02 22.225 2.186
  endloop
 endfacet
  facet normal 0 0 0
    outer loop
   vertex -6.02 22.25 2.006
   vertex -6.02 22.25 2.186
   vertex -6.02 22.225 2.096
  endloop
 endfacet
  facet normal 0 0 0
    outer loop
   vertex -6.02 21.925 2.186
   vertex -6.02 21.925 2.276
   vertex -6.02 21.9 2.186
  endloop
 endfacet
  facet normal 0 0 0
    outer loop
   vertex -6.02 21.925 2.276
   vertex -6.02 21.925 2.366
   vertex -6.02 21.9 2.366
  endloop
 endfacet
  facet normal 0 0 0
    outer loop
   vertex -6.02 21.9 2.186
   vertex -6.02 21.925 2.276
   vertex -6.02 21.9 2.366
  endloop
 endfacet
  facet normal 0 0 0
    outer loop
   vertex -6.02 21.925 2.006
   vertex -6.02 21.9 2.096
   vertex -6.02 21.9 2.006
  endloop
 endfacet
  facet normal 0 0 0
    outer loop
   vertex -6.02 21.9 2.096
   vertex -6.02 21.925 2.186
   vertex -6.02 21.9 2.186
  endloop
 endfacet
  facet normal 0 0 0
    outer loop
   vertex -6.02 21.925 2.006
   vertex -6.02 21.925 2.186
   vertex -6.02 21.9 2.096
  endloop
 endfacet
  facet normal 0 0 0
    outer loop
   vertex -6.02 20.55 2.186
   vertex -6.02 20.55 2.276
   vertex -6.02 20.525 2.186
  endloop
 endfacet
  facet normal 0 0 0
    outer loop
   vertex -6.02 20.55 2.276
   vertex -6.02 20.55 2.366
   vertex -6.02 20.525 2.366
  endloop
 endfacet
  facet normal 0 0 0
    outer loop
   vertex -6.02 20.525 2.186
   vertex -6.02 20.55 2.276
   vertex -6.02 20.525 2.366
  endloop
 endfacet
  facet normal 0 0 0
    outer loop
   vertex -6.02 20.55 2.006
   vertex -6.02 20.525 2.096
   vertex -6.02 20.525 2.006
  endloop
 endfacet
  facet normal 0 0 0
    outer loop
   vertex -6.02 20.525 2.096
   vertex -6.02 20.55 2.186
   vertex -6.02 20.525 2.186
  endloop
 endfacet
  facet normal 0 0 0
    outer loop
   vertex -6.02 20.55 2.006
   vertex -6.02 20.55 2.186
   vertex -6.02 20.525 2.096
  endloop
 endfacet
  facet normal 0 0 0
    outer loop
   vertex -6.02 20.225 2.186
   vertex -6.02 20.225 2.276
   vertex -6.02 20.2 2.186
  endloop
 endfacet
  facet normal 0 0 0
    outer loop
   vertex -6.02 20.225 2.276
   vertex -6.02 20.225 2.366
   vertex -6.02 20.2 2.366
  endloop
 endfacet
  facet normal 0 0 0
    outer loop
   vertex -6.02 20.2 2.186
   vertex -6.02 20.225 2.276
   vertex -6.02 20.2 2.366
  endloop
 endfacet
  facet normal 0 0 0
    outer loop
   vertex -6.02 20.225 2.006
   vertex -6.02 20.2 2.096
   vertex -6.02 20.2 2.006
  endloop
 endfacet
  facet normal 0 0 0
    outer loop
   vertex -6.02 20.2 2.096
   vertex -6.02 20.225 2.186
   vertex -6.02 20.2 2.186
  endloop
 endfacet
  facet normal 0 0 0
    outer loop
   vertex -6.02 20.225 2.006
   vertex -6.02 20.225 2.186
   vertex -6.02 20.2 2.096
  endloop
 endfacet
  facet normal 0 0 0
    outer loop
   vertex -4.41 25.3 2.006
   vertex -4.41 25.3 2.366
   vertex -4.83 25.3 2.366
  endloop
 endfacet
  facet normal 0 0 0
    outer loop
   vertex -4.41 25.3 2.006
   vertex -4.83 25.3 2.366
   vertex -4.83 25.3 2.006
  endloop
 endfacet
  facet normal 0 0 0
    outer loop
   vertex -6.02 25.3 2.006
   vertex -6.02 25.3 2.366
   vertex -6.44 25.3 2.366
  endloop
 endfacet
  facet normal 0 0 0
    outer loop
   vertex -6.02 25.3 2.006
   vertex -6.44 25.3 2.366
   vertex -6.44 25.3 2.006
  endloop
 endfacet
  facet normal 0 0 0
    outer loop
   vertex -7.21 25.3 2.006
   vertex -7.21 25.3 2.366
   vertex -7.63 25.3 2.366
  endloop
 endfacet
  facet normal 0 0 0
    outer loop
   vertex -7.21 25.3 2.006
   vertex -7.63 25.3 2.366
   vertex -7.63 25.3 2.006
  endloop
 endfacet
  facet normal 0 0 0
    outer loop
   vertex -8.82 25.3 2.006
   vertex -8.82 25.3 2.366
   vertex -9.24 25.3 2.366
  endloop
 endfacet
  facet normal 0 0 0
    outer loop
   vertex -8.82 25.3 2.006
   vertex -9.24 25.3 2.366
   vertex -9.24 25.3 2.006
  endloop
 endfacet
  facet normal 0 0 0
    outer loop
   vertex -9.24 25.65 2.006
   vertex -9.24 25.65 2.366
   vertex -8.82 25.65 2.366
  endloop
 endfacet
  facet normal 0 0 0
    outer loop
   vertex -9.24 25.65 2.006
   vertex -8.82 25.65 2.366
   vertex -8.82 25.65 2.006
  endloop
 endfacet
  facet normal 0 0 0
    outer loop
   vertex -7.63 25.65 2.006
   vertex -7.63 25.65 2.366
   vertex -7.21 25.65 2.366
  endloop
 endfacet
  facet normal 0 0 0
    outer loop
   vertex -7.63 25.65 2.006
   vertex -7.21 25.65 2.366
   vertex -7.21 25.65 2.006
  endloop
 endfacet
  facet normal 0 0 0
    outer loop
   vertex -6.44 25.65 2.006
   vertex -6.44 25.65 2.366
   vertex -6.02 25.65 2.366
  endloop
 endfacet
  facet normal 0 0 0
    outer loop
   vertex -6.44 25.65 2.006
   vertex -6.02 25.65 2.366
   vertex -6.02 25.65 2.006
  endloop
 endfacet
  facet normal 0 0 0
    outer loop
   vertex -4.83 25.65 2.006
   vertex -4.83 25.65 2.366
   vertex -4.41 25.65 2.366
  endloop
 endfacet
  facet normal 0 0 0
    outer loop
   vertex -4.83 25.65 2.006
   vertex -4.41 25.65 2.366
   vertex -4.41 25.65 2.006
  endloop
 endfacet
  facet normal 0 0 0
    outer loop
   vertex -8.82 25.65 2.186
   vertex -8.82 25.65 2.276
   vertex -8.82 25.625 2.186
  endloop
 endfacet
  facet normal 0 0 0
    outer loop
   vertex -8.82 25.65 2.276
   vertex -8.82 25.65 2.366
   vertex -8.82 25.625 2.366
  endloop
 endfacet
  facet normal 0 0 0
    outer loop
   vertex -8.82 25.625 2.186
   vertex -8.82 25.65 2.276
   vertex -8.82 25.625 2.366
  endloop
 endfacet
  facet normal 0 0 0
    outer loop
   vertex -8.82 25.65 2.006
   vertex -8.82 25.625 2.096
   vertex -8.82 25.625 2.006
  endloop
 endfacet
  facet normal 0 0 0
    outer loop
   vertex -8.82 25.625 2.096
   vertex -8.82 25.65 2.186
   vertex -8.82 25.625 2.186
  endloop
 endfacet
  facet normal 0 0 0
    outer loop
   vertex -8.82 25.65 2.006
   vertex -8.82 25.65 2.186
   vertex -8.82 25.625 2.096
  endloop
 endfacet
  facet normal 0 0 0
    outer loop
   vertex -8.82 25.325 2.186
   vertex -8.82 25.325 2.276
   vertex -8.82 25.3 2.186
  endloop
 endfacet
  facet normal 0 0 0
    outer loop
   vertex -8.82 25.325 2.276
   vertex -8.82 25.325 2.366
   vertex -8.82 25.3 2.366
  endloop
 endfacet
  facet normal 0 0 0
    outer loop
   vertex -8.82 25.3 2.186
   vertex -8.82 25.325 2.276
   vertex -8.82 25.3 2.366
  endloop
 endfacet
  facet normal 0 0 0
    outer loop
   vertex -8.82 25.325 2.006
   vertex -8.82 25.3 2.096
   vertex -8.82 25.3 2.006
  endloop
 endfacet
  facet normal 0 0 0
    outer loop
   vertex -8.82 25.3 2.096
   vertex -8.82 25.325 2.186
   vertex -8.82 25.3 2.186
  endloop
 endfacet
  facet normal 0 0 0
    outer loop
   vertex -8.82 25.325 2.006
   vertex -8.82 25.325 2.186
   vertex -8.82 25.3 2.096
  endloop
 endfacet
  facet normal 0 0 0
    outer loop
   vertex -8.82 23.95 2.186
   vertex -8.82 23.95 2.276
   vertex -8.82 23.925 2.186
  endloop
 endfacet
  facet normal 0 0 0
    outer loop
   vertex -8.82 23.95 2.276
   vertex -8.82 23.95 2.366
   vertex -8.82 23.925 2.366
  endloop
 endfacet
  facet normal 0 0 0
    outer loop
   vertex -8.82 23.925 2.186
   vertex -8.82 23.95 2.276
   vertex -8.82 23.925 2.366
  endloop
 endfacet
  facet normal 0 0 0
    outer loop
   vertex -8.82 23.95 2.006
   vertex -8.82 23.925 2.096
   vertex -8.82 23.925 2.006
  endloop
 endfacet
  facet normal 0 0 0
    outer loop
   vertex -8.82 23.925 2.096
   vertex -8.82 23.95 2.186
   vertex -8.82 23.925 2.186
  endloop
 endfacet
  facet normal 0 0 0
    outer loop
   vertex -8.82 23.95 2.006
   vertex -8.82 23.95 2.186
   vertex -8.82 23.925 2.096
  endloop
 endfacet
  facet normal 0 0 0
    outer loop
   vertex -8.82 23.625 2.186
   vertex -8.82 23.625 2.276
   vertex -8.82 23.6 2.186
  endloop
 endfacet
  facet normal 0 0 0
    outer loop
   vertex -8.82 23.625 2.276
   vertex -8.82 23.625 2.366
   vertex -8.82 23.6 2.366
  endloop
 endfacet
  facet normal 0 0 0
    outer loop
   vertex -8.82 23.6 2.186
   vertex -8.82 23.625 2.276
   vertex -8.82 23.6 2.366
  endloop
 endfacet
  facet normal 0 0 0
    outer loop
   vertex -8.82 23.625 2.006
   vertex -8.82 23.6 2.096
   vertex -8.82 23.6 2.006
  endloop
 endfacet
  facet normal 0 0 0
    outer loop
   vertex -8.82 23.6 2.096
   vertex -8.82 23.625 2.186
   vertex -8.82 23.6 2.186
  endloop
 endfacet
  facet normal 0 0 0
    outer loop
   vertex -8.82 23.625 2.006
   vertex -8.82 23.625 2.186
   vertex -8.82 23.6 2.096
  endloop
 endfacet
  facet normal 0 0 0
    outer loop
   vertex -8.82 22.25 2.186
   vertex -8.82 22.25 2.276
   vertex -8.82 22.225 2.186
  endloop
 endfacet
  facet normal 0 0 0
    outer loop
   vertex -8.82 22.25 2.276
   vertex -8.82 22.25 2.366
   vertex -8.82 22.225 2.366
  endloop
 endfacet
  facet normal 0 0 0
    outer loop
   vertex -8.82 22.225 2.186
   vertex -8.82 22.25 2.276
   vertex -8.82 22.225 2.366
  endloop
 endfacet
  facet normal 0 0 0
    outer loop
   vertex -8.82 22.25 2.006
   vertex -8.82 22.225 2.096
   vertex -8.82 22.225 2.006
  endloop
 endfacet
  facet normal 0 0 0
    outer loop
   vertex -8.82 22.225 2.096
   vertex -8.82 22.25 2.186
   vertex -8.82 22.225 2.186
  endloop
 endfacet
  facet normal 0 0 0
    outer loop
   vertex -8.82 22.25 2.006
   vertex -8.82 22.25 2.186
   vertex -8.82 22.225 2.096
  endloop
 endfacet
  facet normal 0 0 0
    outer loop
   vertex -8.82 21.925 2.186
   vertex -8.82 21.925 2.276
   vertex -8.82 21.9 2.186
  endloop
 endfacet
  facet normal 0 0 0
    outer loop
   vertex -8.82 21.925 2.276
   vertex -8.82 21.925 2.366
   vertex -8.82 21.9 2.366
  endloop
 endfacet
  facet normal 0 0 0
    outer loop
   vertex -8.82 21.9 2.186
   vertex -8.82 21.925 2.276
   vertex -8.82 21.9 2.366
  endloop
 endfacet
  facet normal 0 0 0
    outer loop
   vertex -8.82 21.925 2.006
   vertex -8.82 21.9 2.096
   vertex -8.82 21.9 2.006
  endloop
 endfacet
  facet normal 0 0 0
    outer loop
   vertex -8.82 21.9 2.096
   vertex -8.82 21.925 2.186
   vertex -8.82 21.9 2.186
  endloop
 endfacet
  facet normal 0 0 0
    outer loop
   vertex -8.82 21.925 2.006
   vertex -8.82 21.925 2.186
   vertex -8.82 21.9 2.096
  endloop
 endfacet
  facet normal 0 0 0
    outer loop
   vertex -8.82 20.55 2.186
   vertex -8.82 20.55 2.276
   vertex -8.82 20.525 2.186
  endloop
 endfacet
  facet normal 0 0 0
    outer loop
   vertex -8.82 20.55 2.276
   vertex -8.82 20.55 2.366
   vertex -8.82 20.525 2.366
  endloop
 endfacet
  facet normal 0 0 0
    outer loop
   vertex -8.82 20.525 2.186
   vertex -8.82 20.55 2.276
   vertex -8.82 20.525 2.366
  endloop
 endfacet
  facet normal 0 0 0
    outer loop
   vertex -8.82 20.55 2.006
   vertex -8.82 20.525 2.096
   vertex -8.82 20.525 2.006
  endloop
 endfacet
  facet normal 0 0 0
    outer loop
   vertex -8.82 20.525 2.096
   vertex -8.82 20.55 2.186
   vertex -8.82 20.525 2.186
  endloop
 endfacet
  facet normal 0 0 0
    outer loop
   vertex -8.82 20.55 2.006
   vertex -8.82 20.55 2.186
   vertex -8.82 20.525 2.096
  endloop
 endfacet
  facet normal 0 0 0
    outer loop
   vertex -8.82 20.225 2.186
   vertex -8.82 20.225 2.276
   vertex -8.82 20.2 2.186
  endloop
 endfacet
  facet normal 0 0 0
    outer loop
   vertex -8.82 20.225 2.276
   vertex -8.82 20.225 2.366
   vertex -8.82 20.2 2.366
  endloop
 endfacet
  facet normal 0 0 0
    outer loop
   vertex -8.82 20.2 2.186
   vertex -8.82 20.225 2.276
   vertex -8.82 20.2 2.366
  endloop
 endfacet
  facet normal 0 0 0
    outer loop
   vertex -8.82 20.225 2.006
   vertex -8.82 20.2 2.096
   vertex -8.82 20.2 2.006
  endloop
 endfacet
  facet normal 0 0 0
    outer loop
   vertex -8.82 20.2 2.096
   vertex -8.82 20.225 2.186
   vertex -8.82 20.2 2.186
  endloop
 endfacet
  facet normal 0 0 0
    outer loop
   vertex -8.82 20.225 2.006
   vertex -8.82 20.225 2.186
   vertex -8.82 20.2 2.096
  endloop
 endfacet
  facet normal 0 0 0
    outer loop
   vertex -12.8 25.325 2.006
   vertex -12.8 25.325 2.366
   vertex -12.8 25.625 2.366
  endloop
 endfacet
  facet normal 0 0 0
    outer loop
   vertex -12.8 25.325 2.006
   vertex -12.8 25.625 2.366
   vertex -12.8 25.625 2.006
  endloop
 endfacet
  facet normal 0 0 0
    outer loop
   vertex -9.24 20.2 2.186
   vertex -9.24 20.2 2.276
   vertex -9.24 20.225 2.186
  endloop
 endfacet
  facet normal 0 0 0
    outer loop
   vertex -9.24 20.2 2.276
   vertex -9.24 20.2 2.366
   vertex -9.24 20.225 2.366
  endloop
 endfacet
  facet normal 0 0 0
    outer loop
   vertex -9.24 20.225 2.186
   vertex -9.24 20.2 2.276
   vertex -9.24 20.225 2.366
  endloop
 endfacet
  facet normal 0 0 0
    outer loop
   vertex -9.24 20.2 2.006
   vertex -9.24 20.225 2.096
   vertex -9.24 20.225 2.006
  endloop
 endfacet
  facet normal 0 0 0
    outer loop
   vertex -9.24 20.225 2.096
   vertex -9.24 20.2 2.186
   vertex -9.24 20.225 2.186
  endloop
 endfacet
  facet normal 0 0 0
    outer loop
   vertex -9.24 20.2 2.006
   vertex -9.24 20.2 2.186
   vertex -9.24 20.225 2.096
  endloop
 endfacet
  facet normal 0 0 0
    outer loop
   vertex -9.24 20.525 2.186
   vertex -9.24 20.525 2.276
   vertex -9.24 20.55 2.186
  endloop
 endfacet
  facet normal 0 0 0
    outer loop
   vertex -9.24 20.525 2.276
   vertex -9.24 20.525 2.366
   vertex -9.24 20.55 2.366
  endloop
 endfacet
  facet normal 0 0 0
    outer loop
   vertex -9.24 20.55 2.186
   vertex -9.24 20.525 2.276
   vertex -9.24 20.55 2.366
  endloop
 endfacet
  facet normal 0 0 0
    outer loop
   vertex -9.24 20.525 2.006
   vertex -9.24 20.55 2.096
   vertex -9.24 20.55 2.006
  endloop
 endfacet
  facet normal 0 0 0
    outer loop
   vertex -9.24 20.55 2.096
   vertex -9.24 20.525 2.186
   vertex -9.24 20.55 2.186
  endloop
 endfacet
  facet normal 0 0 0
    outer loop
   vertex -9.24 20.525 2.006
   vertex -9.24 20.525 2.186
   vertex -9.24 20.55 2.096
  endloop
 endfacet
  facet normal 0 0 0
    outer loop
   vertex -9.24 21.9 2.186
   vertex -9.24 21.9 2.276
   vertex -9.24 21.925 2.186
  endloop
 endfacet
  facet normal 0 0 0
    outer loop
   vertex -9.24 21.9 2.276
   vertex -9.24 21.9 2.366
   vertex -9.24 21.925 2.366
  endloop
 endfacet
  facet normal 0 0 0
    outer loop
   vertex -9.24 21.925 2.186
   vertex -9.24 21.9 2.276
   vertex -9.24 21.925 2.366
  endloop
 endfacet
  facet normal 0 0 0
    outer loop
   vertex -9.24 21.9 2.006
   vertex -9.24 21.925 2.096
   vertex -9.24 21.925 2.006
  endloop
 endfacet
  facet normal 0 0 0
    outer loop
   vertex -9.24 21.925 2.096
   vertex -9.24 21.9 2.186
   vertex -9.24 21.925 2.186
  endloop
 endfacet
  facet normal 0 0 0
    outer loop
   vertex -9.24 21.9 2.006
   vertex -9.24 21.9 2.186
   vertex -9.24 21.925 2.096
  endloop
 endfacet
  facet normal 0 0 0
    outer loop
   vertex -9.24 22.225 2.186
   vertex -9.24 22.225 2.276
   vertex -9.24 22.25 2.186
  endloop
 endfacet
  facet normal 0 0 0
    outer loop
   vertex -9.24 22.225 2.276
   vertex -9.24 22.225 2.366
   vertex -9.24 22.25 2.366
  endloop
 endfacet
  facet normal 0 0 0
    outer loop
   vertex -9.24 22.25 2.186
   vertex -9.24 22.225 2.276
   vertex -9.24 22.25 2.366
  endloop
 endfacet
  facet normal 0 0 0
    outer loop
   vertex -9.24 22.225 2.006
   vertex -9.24 22.25 2.096
   vertex -9.24 22.25 2.006
  endloop
 endfacet
  facet normal 0 0 0
    outer loop
   vertex -9.24 22.25 2.096
   vertex -9.24 22.225 2.186
   vertex -9.24 22.25 2.186
  endloop
 endfacet
  facet normal 0 0 0
    outer loop
   vertex -9.24 22.225 2.006
   vertex -9.24 22.225 2.186
   vertex -9.24 22.25 2.096
  endloop
 endfacet
  facet normal 0 0 0
    outer loop
   vertex -9.24 23.6 2.186
   vertex -9.24 23.6 2.276
   vertex -9.24 23.625 2.186
  endloop
 endfacet
  facet normal 0 0 0
    outer loop
   vertex -9.24 23.6 2.276
   vertex -9.24 23.6 2.366
   vertex -9.24 23.625 2.366
  endloop
 endfacet
  facet normal 0 0 0
    outer loop
   vertex -9.24 23.625 2.186
   vertex -9.24 23.6 2.276
   vertex -9.24 23.625 2.366
  endloop
 endfacet
  facet normal 0 0 0
    outer loop
   vertex -9.24 23.6 2.006
   vertex -9.24 23.625 2.096
   vertex -9.24 23.625 2.006
  endloop
 endfacet
  facet normal 0 0 0
    outer loop
   vertex -9.24 23.625 2.096
   vertex -9.24 23.6 2.186
   vertex -9.24 23.625 2.186
  endloop
 endfacet
  facet normal 0 0 0
    outer loop
   vertex -9.24 23.6 2.006
   vertex -9.24 23.6 2.186
   vertex -9.24 23.625 2.096
  endloop
 endfacet
  facet normal 0 0 0
    outer loop
   vertex -9.24 23.925 2.186
   vertex -9.24 23.925 2.276
   vertex -9.24 23.95 2.186
  endloop
 endfacet
  facet normal 0 0 0
    outer loop
   vertex -9.24 23.925 2.276
   vertex -9.24 23.925 2.366
   vertex -9.24 23.95 2.366
  endloop
 endfacet
  facet normal 0 0 0
    outer loop
   vertex -9.24 23.95 2.186
   vertex -9.24 23.925 2.276
   vertex -9.24 23.95 2.366
  endloop
 endfacet
  facet normal 0 0 0
    outer loop
   vertex -9.24 23.925 2.006
   vertex -9.24 23.95 2.096
   vertex -9.24 23.95 2.006
  endloop
 endfacet
  facet normal 0 0 0
    outer loop
   vertex -9.24 23.95 2.096
   vertex -9.24 23.925 2.186
   vertex -9.24 23.95 2.186
  endloop
 endfacet
  facet normal 0 0 0
    outer loop
   vertex -9.24 23.925 2.006
   vertex -9.24 23.925 2.186
   vertex -9.24 23.95 2.096
  endloop
 endfacet
  facet normal 0 0 0
    outer loop
   vertex -9.24 25.3 2.186
   vertex -9.24 25.3 2.276
   vertex -9.24 25.325 2.186
  endloop
 endfacet
  facet normal 0 0 0
    outer loop
   vertex -9.24 25.3 2.276
   vertex -9.24 25.3 2.366
   vertex -9.24 25.325 2.366
  endloop
 endfacet
  facet normal 0 0 0
    outer loop
   vertex -9.24 25.325 2.186
   vertex -9.24 25.3 2.276
   vertex -9.24 25.325 2.366
  endloop
 endfacet
  facet normal 0 0 0
    outer loop
   vertex -9.24 25.3 2.006
   vertex -9.24 25.325 2.096
   vertex -9.24 25.325 2.006
  endloop
 endfacet
  facet normal 0 0 0
    outer loop
   vertex -9.24 25.325 2.096
   vertex -9.24 25.3 2.186
   vertex -9.24 25.325 2.186
  endloop
 endfacet
  facet normal 0 0 0
    outer loop
   vertex -9.24 25.3 2.006
   vertex -9.24 25.3 2.186
   vertex -9.24 25.325 2.096
  endloop
 endfacet
  facet normal 0 0 0
    outer loop
   vertex -9.24 25.625 2.186
   vertex -9.24 25.625 2.276
   vertex -9.24 25.65 2.186
  endloop
 endfacet
  facet normal 0 0 0
    outer loop
   vertex -9.24 25.625 2.276
   vertex -9.24 25.625 2.366
   vertex -9.24 25.65 2.366
  endloop
 endfacet
  facet normal 0 0 0
    outer loop
   vertex -9.24 25.65 2.186
   vertex -9.24 25.625 2.276
   vertex -9.24 25.65 2.366
  endloop
 endfacet
  facet normal 0 0 0
    outer loop
   vertex -9.24 25.625 2.006
   vertex -9.24 25.65 2.096
   vertex -9.24 25.65 2.006
  endloop
 endfacet
  facet normal 0 0 0
    outer loop
   vertex -9.24 25.65 2.096
   vertex -9.24 25.625 2.186
   vertex -9.24 25.65 2.186
  endloop
 endfacet
  facet normal 0 0 0
    outer loop
   vertex -9.24 25.625 2.006
   vertex -9.24 25.625 2.186
   vertex -9.24 25.65 2.096
  endloop
 endfacet
  facet normal 0 0 0
    outer loop
   vertex -9.24 20.55 2.006
   vertex -9.24 20.55 2.366
   vertex -8.82 20.55 2.366
  endloop
 endfacet
  facet normal 0 0 0
    outer loop
   vertex -9.24 20.55 2.006
   vertex -8.82 20.55 2.366
   vertex -8.82 20.55 2.006
  endloop
 endfacet
  facet normal 0 0 0
    outer loop
   vertex -7.63 20.55 2.006
   vertex -7.63 20.55 2.366
   vertex -7.21 20.55 2.366
  endloop
 endfacet
  facet normal 0 0 0
    outer loop
   vertex -7.63 20.55 2.006
   vertex -7.21 20.55 2.366
   vertex -7.21 20.55 2.006
  endloop
 endfacet
  facet normal 0 0 0
    outer loop
   vertex -6.44 20.55 2.006
   vertex -6.44 20.55 2.366
   vertex -6.02 20.55 2.366
  endloop
 endfacet
  facet normal 0 0 0
    outer loop
   vertex -6.44 20.55 2.006
   vertex -6.02 20.55 2.366
   vertex -6.02 20.55 2.006
  endloop
 endfacet
  facet normal 0 0 0
    outer loop
   vertex -4.83 20.55 2.006
   vertex -4.83 20.55 2.366
   vertex -4.41 20.55 2.366
  endloop
 endfacet
  facet normal 0 0 0
    outer loop
   vertex -4.83 20.55 2.006
   vertex -4.41 20.55 2.366
   vertex -4.41 20.55 2.006
  endloop
 endfacet
  facet normal 0 0 0
    outer loop
   vertex -4.41 20.2 2.006
   vertex -4.41 20.2 2.366
   vertex -4.83 20.2 2.366
  endloop
 endfacet
  facet normal 0 0 0
    outer loop
   vertex -4.41 20.2 2.006
   vertex -4.83 20.2 2.366
   vertex -4.83 20.2 2.006
  endloop
 endfacet
  facet normal 0 0 0
    outer loop
   vertex -6.02 20.2 2.006
   vertex -6.02 20.2 2.366
   vertex -6.44 20.2 2.366
  endloop
 endfacet
  facet normal 0 0 0
    outer loop
   vertex -6.02 20.2 2.006
   vertex -6.44 20.2 2.366
   vertex -6.44 20.2 2.006
  endloop
 endfacet
  facet normal 0 0 0
    outer loop
   vertex -7.21 20.2 2.006
   vertex -7.21 20.2 2.366
   vertex -7.63 20.2 2.366
  endloop
 endfacet
  facet normal 0 0 0
    outer loop
   vertex -7.21 20.2 2.006
   vertex -7.63 20.2 2.366
   vertex -7.63 20.2 2.006
  endloop
 endfacet
  facet normal 0 0 0
    outer loop
   vertex -8.82 20.2 2.006
   vertex -8.82 20.2 2.366
   vertex -9.24 20.2 2.366
  endloop
 endfacet
  facet normal 0 0 0
    outer loop
   vertex -8.82 20.2 2.006
   vertex -9.24 20.2 2.366
   vertex -9.24 20.2 2.006
  endloop
 endfacet
  facet normal 0 0 0
    outer loop
   vertex -4.41 21.9 2.006
   vertex -4.41 21.9 2.366
   vertex -4.83 21.9 2.366
  endloop
 endfacet
  facet normal 0 0 0
    outer loop
   vertex -4.41 21.9 2.006
   vertex -4.83 21.9 2.366
   vertex -4.83 21.9 2.006
  endloop
 endfacet
  facet normal 0 0 0
    outer loop
   vertex -6.02 21.9 2.006
   vertex -6.02 21.9 2.366
   vertex -6.44 21.9 2.366
  endloop
 endfacet
  facet normal 0 0 0
    outer loop
   vertex -6.02 21.9 2.006
   vertex -6.44 21.9 2.366
   vertex -6.44 21.9 2.006
  endloop
 endfacet
  facet normal 0 0 0
    outer loop
   vertex -7.21 21.9 2.006
   vertex -7.21 21.9 2.366
   vertex -7.63 21.9 2.366
  endloop
 endfacet
  facet normal 0 0 0
    outer loop
   vertex -7.21 21.9 2.006
   vertex -7.63 21.9 2.366
   vertex -7.63 21.9 2.006
  endloop
 endfacet
  facet normal 0 0 0
    outer loop
   vertex -8.82 21.9 2.006
   vertex -8.82 21.9 2.366
   vertex -9.24 21.9 2.366
  endloop
 endfacet
  facet normal 0 0 0
    outer loop
   vertex -8.82 21.9 2.006
   vertex -9.24 21.9 2.366
   vertex -9.24 21.9 2.006
  endloop
 endfacet
  facet normal 0 0 0
    outer loop
   vertex -9.24 22.25 2.006
   vertex -9.24 22.25 2.366
   vertex -8.82 22.25 2.366
  endloop
 endfacet
  facet normal 0 0 0
    outer loop
   vertex -9.24 22.25 2.006
   vertex -8.82 22.25 2.366
   vertex -8.82 22.25 2.006
  endloop
 endfacet
  facet normal 0 0 0
    outer loop
   vertex -7.63 22.25 2.006
   vertex -7.63 22.25 2.366
   vertex -7.21 22.25 2.366
  endloop
 endfacet
  facet normal 0 0 0
    outer loop
   vertex -7.63 22.25 2.006
   vertex -7.21 22.25 2.366
   vertex -7.21 22.25 2.006
  endloop
 endfacet
  facet normal 0 0 0
    outer loop
   vertex -6.44 22.25 2.006
   vertex -6.44 22.25 2.366
   vertex -6.02 22.25 2.366
  endloop
 endfacet
  facet normal 0 0 0
    outer loop
   vertex -6.44 22.25 2.006
   vertex -6.02 22.25 2.366
   vertex -6.02 22.25 2.006
  endloop
 endfacet
  facet normal 0 0 0
    outer loop
   vertex -4.83 22.25 2.006
   vertex -4.83 22.25 2.366
   vertex -4.41 22.25 2.366
  endloop
 endfacet
  facet normal 0 0 0
    outer loop
   vertex -4.83 22.25 2.006
   vertex -4.41 22.25 2.366
   vertex -4.41 22.25 2.006
  endloop
 endfacet
endsolid stl
