solid stl
  facet normal 0 0 0
    outer loop
   vertex 30.3 6.01 0
   vertex 30.3 6.885 0
   vertex 30.6 6.01 0
  endloop
 endfacet
  facet normal 0 0 0
    outer loop
   vertex 30.3 6.885 0
   vertex 30.3 7.76 0
   vertex 30.6 7.76 0
  endloop
 endfacet
  facet normal 0 0 0
    outer loop
   vertex 30.6 6.01 0
   vertex 30.3 6.885 0
   vertex 30.6 7.76 0
  endloop
 endfacet
  facet normal 0 0 0
    outer loop
   vertex 30.3 4.26 0
   vertex 30.6 5.135 0
   vertex 30.6 4.26 0
  endloop
 endfacet
  facet normal 0 0 0
    outer loop
   vertex 30.6 5.135 0
   vertex 30.3 6.01 0
   vertex 30.6 6.01 0
  endloop
 endfacet
  facet normal 0 0 0
    outer loop
   vertex 30.3 4.26 0
   vertex 30.3 6.01 0
   vertex 30.6 5.135 0
  endloop
 endfacet
  facet normal 0 0 0
    outer loop
   vertex -9.32 14.49 0
   vertex -9.32 14.91 0
   vertex -9.02 14.91 0
  endloop
 endfacet
  facet normal 0 0 0
    outer loop
   vertex -9.32 14.49 0
   vertex -9.02 14.91 0
   vertex -9.02 14.49 0
  endloop
 endfacet
  facet normal 0 0 0
    outer loop
   vertex -7.47 14.49 0
   vertex -7.47 14.91 0
   vertex -7.17 14.91 0
  endloop
 endfacet
  facet normal 0 0 0
    outer loop
   vertex -7.47 14.49 0
   vertex -7.17 14.91 0
   vertex -7.17 14.49 0
  endloop
 endfacet
  facet normal 0 0 0
    outer loop
   vertex -6.52 14.49 0
   vertex -6.52 14.91 0
   vertex -6.22 14.91 0
  endloop
 endfacet
  facet normal 0 0 0
    outer loop
   vertex -6.52 14.49 0
   vertex -6.22 14.91 0
   vertex -6.22 14.49 0
  endloop
 endfacet
  facet normal 0 0 0
    outer loop
   vertex -4.67 14.49 0
   vertex -4.67 14.91 0
   vertex -4.37 14.91 0
  endloop
 endfacet
  facet normal 0 0 0
    outer loop
   vertex -4.67 14.49 0
   vertex -4.37 14.91 0
   vertex -4.37 14.49 0
  endloop
 endfacet
  facet normal 0 0 0
    outer loop
   vertex 24.05 14.53 0
   vertex 24.05 15.405 0
   vertex 24.35 14.53 0
  endloop
 endfacet
  facet normal 0 0 0
    outer loop
   vertex 24.05 15.405 0
   vertex 24.05 16.28 0
   vertex 24.35 16.28 0
  endloop
 endfacet
  facet normal 0 0 0
    outer loop
   vertex 24.35 14.53 0
   vertex 24.05 15.405 0
   vertex 24.35 16.28 0
  endloop
 endfacet
  facet normal 0 0 0
    outer loop
   vertex 24.05 12.78 0
   vertex 24.35 13.655 0
   vertex 24.35 12.78 0
  endloop
 endfacet
  facet normal 0 0 0
    outer loop
   vertex 24.35 13.655 0
   vertex 24.05 14.53 0
   vertex 24.35 14.53 0
  endloop
 endfacet
  facet normal 0 0 0
    outer loop
   vertex 24.05 12.78 0
   vertex 24.05 14.53 0
   vertex 24.35 13.655 0
  endloop
 endfacet
  facet normal 0 0 0
    outer loop
   vertex 36.55 14.53 0
   vertex 36.55 15.405 0
   vertex 36.85 14.53 0
  endloop
 endfacet
  facet normal 0 0 0
    outer loop
   vertex 36.55 15.405 0
   vertex 36.55 16.28 0
   vertex 36.85 16.28 0
  endloop
 endfacet
  facet normal 0 0 0
    outer loop
   vertex 36.85 14.53 0
   vertex 36.55 15.405 0
   vertex 36.85 16.28 0
  endloop
 endfacet
  facet normal 0 0 0
    outer loop
   vertex 36.55 12.78 0
   vertex 36.85 13.655 0
   vertex 36.85 12.78 0
  endloop
 endfacet
  facet normal 0 0 0
    outer loop
   vertex 36.85 13.655 0
   vertex 36.55 14.53 0
   vertex 36.85 14.53 0
  endloop
 endfacet
  facet normal 0 0 0
    outer loop
   vertex 36.55 12.78 0
   vertex 36.55 14.53 0
   vertex 36.85 13.655 0
  endloop
 endfacet
  facet normal 0 0 0
    outer loop
   vertex 30.3 23.05 0
   vertex 30.3 23.925 0
   vertex 30.6 23.05 0
  endloop
 endfacet
  facet normal 0 0 0
    outer loop
   vertex 30.3 23.925 0
   vertex 30.3 24.8 0
   vertex 30.6 24.8 0
  endloop
 endfacet
  facet normal 0 0 0
    outer loop
   vertex 30.6 23.05 0
   vertex 30.3 23.925 0
   vertex 30.6 24.8 0
  endloop
 endfacet
  facet normal 0 0 0
    outer loop
   vertex 30.3 21.3 0
   vertex 30.6 22.175 0
   vertex 30.6 21.3 0
  endloop
 endfacet
  facet normal 0 0 0
    outer loop
   vertex 30.6 22.175 0
   vertex 30.3 23.05 0
   vertex 30.6 23.05 0
  endloop
 endfacet
  facet normal 0 0 0
    outer loop
   vertex 30.3 21.3 0
   vertex 30.3 23.05 0
   vertex 30.6 22.175 0
  endloop
 endfacet
  facet normal 0 0 0
    outer loop
   vertex -9.02 14.49 0.1
   vertex -9.255 14.615 0.1
   vertex -9.32 14.49 0.1
  endloop
 endfacet
  facet normal 0 0 0
    outer loop
   vertex -9.085 14.615 0.1
   vertex -9.255 14.615 0.1
   vertex -9.02 14.49 0.1
  endloop
 endfacet
  facet normal 0 0 0
    outer loop
   vertex -9.255 14.615 0.1
   vertex -9.32 14.7 0.1
   vertex -9.32 14.49 0.1
  endloop
 endfacet
  facet normal 0 0 0
    outer loop
   vertex -9.02 14.7 0.1
   vertex -9.085 14.615 0.1
   vertex -9.02 14.49 0.1
  endloop
 endfacet
  facet normal 0 0 0
    outer loop
   vertex -7.17 14.49 0.1
   vertex -7.405 14.615 0.1
   vertex -7.47 14.49 0.1
  endloop
 endfacet
  facet normal 0 0 0
    outer loop
   vertex -7.235 14.615 0.1
   vertex -7.405 14.615 0.1
   vertex -7.17 14.49 0.1
  endloop
 endfacet
  facet normal 0 0 0
    outer loop
   vertex -7.405 14.615 0.1
   vertex -7.47 14.7 0.1
   vertex -7.47 14.49 0.1
  endloop
 endfacet
  facet normal 0 0 0
    outer loop
   vertex -7.17 14.7 0.1
   vertex -7.235 14.615 0.1
   vertex -7.17 14.49 0.1
  endloop
 endfacet
  facet normal 0 0 0
    outer loop
   vertex -6.22 14.49 0.1
   vertex -6.455 14.615 0.1
   vertex -6.52 14.49 0.1
  endloop
 endfacet
  facet normal 0 0 0
    outer loop
   vertex -6.285 14.615 0.1
   vertex -6.455 14.615 0.1
   vertex -6.22 14.49 0.1
  endloop
 endfacet
  facet normal 0 0 0
    outer loop
   vertex -6.455 14.615 0.1
   vertex -6.52 14.7 0.1
   vertex -6.52 14.49 0.1
  endloop
 endfacet
  facet normal 0 0 0
    outer loop
   vertex -6.22 14.7 0.1
   vertex -6.285 14.615 0.1
   vertex -6.22 14.49 0.1
  endloop
 endfacet
  facet normal 0 0 0
    outer loop
   vertex -4.37 14.49 0.1
   vertex -4.605 14.615 0.1
   vertex -4.67 14.49 0.1
  endloop
 endfacet
  facet normal 0 0 0
    outer loop
   vertex -4.435 14.615 0.1
   vertex -4.605 14.615 0.1
   vertex -4.37 14.49 0.1
  endloop
 endfacet
  facet normal 0 0 0
    outer loop
   vertex -4.605 14.615 0.1
   vertex -4.67 14.7 0.1
   vertex -4.67 14.49 0.1
  endloop
 endfacet
  facet normal 0 0 0
    outer loop
   vertex -4.37 14.7 0.1
   vertex -4.435 14.615 0.1
   vertex -4.37 14.49 0.1
  endloop
 endfacet
  facet normal 0 0 0
    outer loop
   vertex 24.35 14.53 0.1
   vertex 24.285 14.615 0.1
   vertex 24.285 14.445 0.1
  endloop
 endfacet
  facet normal 0 0 0
    outer loop
   vertex 24.115 14.615 0.1
   vertex 24.05 14.53 0.1
   vertex 24.115 14.445 0.1
  endloop
 endfacet
  facet normal 0 0 0
    outer loop
   vertex 36.85 14.53 0.1
   vertex 36.785 14.615 0.1
   vertex 36.785 14.445 0.1
  endloop
 endfacet
  facet normal 0 0 0
    outer loop
   vertex 36.615 14.615 0.1
   vertex 36.55 14.53 0.1
   vertex 36.615 14.445 0.1
  endloop
 endfacet
  facet normal 0 0 0
    outer loop
   vertex 30.6 21.3 0.1
   vertex 30.365 21.525 0.1
   vertex 30.3 21.3 0.1
  endloop
 endfacet
  facet normal 0 0 0
    outer loop
   vertex 30.535 21.525 0.1
   vertex 30.365 21.525 0.1
   vertex 30.6 21.3 0.1
  endloop
 endfacet
  facet normal 0 0 0
    outer loop
   vertex 30.535 21.695 0.1
   vertex 30.365 21.885 0.1
   vertex 30.365 21.695 0.1
  endloop
 endfacet
  facet normal 0 0 0
    outer loop
   vertex 30.535 21.885 0.1
   vertex 30.365 21.885 0.1
   vertex 30.535 21.695 0.1
  endloop
 endfacet
  facet normal 0 0 0
    outer loop
   vertex 30.535 22.055 0.1
   vertex 30.365 22.245 0.1
   vertex 30.365 22.055 0.1
  endloop
 endfacet
  facet normal 0 0 0
    outer loop
   vertex 30.535 22.245 0.1
   vertex 30.365 22.245 0.1
   vertex 30.535 22.055 0.1
  endloop
 endfacet
  facet normal 0 0 0
    outer loop
   vertex 30.535 22.415 0.1
   vertex 30.365 22.605 0.1
   vertex 30.365 22.415 0.1
  endloop
 endfacet
  facet normal 0 0 0
    outer loop
   vertex 30.535 22.605 0.1
   vertex 30.365 22.605 0.1
   vertex 30.535 22.415 0.1
  endloop
 endfacet
  facet normal 0 0 0
    outer loop
   vertex 30.535 22.775 0.1
   vertex 30.365 22.965 0.1
   vertex 30.365 22.775 0.1
  endloop
 endfacet
  facet normal 0 0 0
    outer loop
   vertex 30.535 22.965 0.1
   vertex 30.365 22.965 0.1
   vertex 30.535 22.775 0.1
  endloop
 endfacet
  facet normal 0 0 0
    outer loop
   vertex 30.535 23.135 0.1
   vertex 30.365 23.325 0.1
   vertex 30.365 23.135 0.1
  endloop
 endfacet
  facet normal 0 0 0
    outer loop
   vertex 30.535 23.325 0.1
   vertex 30.365 23.325 0.1
   vertex 30.535 23.135 0.1
  endloop
 endfacet
  facet normal 0 0 0
    outer loop
   vertex 30.535 23.495 0.1
   vertex 30.365 23.685 0.1
   vertex 30.365 23.495 0.1
  endloop
 endfacet
  facet normal 0 0 0
    outer loop
   vertex 30.535 23.685 0.1
   vertex 30.365 23.685 0.1
   vertex 30.535 23.495 0.1
  endloop
 endfacet
  facet normal 0 0 0
    outer loop
   vertex 30.535 23.855 0.1
   vertex 30.365 24.045 0.1
   vertex 30.365 23.855 0.1
  endloop
 endfacet
  facet normal 0 0 0
    outer loop
   vertex 30.535 24.045 0.1
   vertex 30.365 24.045 0.1
   vertex 30.535 23.855 0.1
  endloop
 endfacet
  facet normal 0 0 0
    outer loop
   vertex 30.535 24.215 0.1
   vertex 30.365 24.405 0.1
   vertex 30.365 24.215 0.1
  endloop
 endfacet
  facet normal 0 0 0
    outer loop
   vertex 30.535 24.405 0.1
   vertex 30.365 24.405 0.1
   vertex 30.535 24.215 0.1
  endloop
 endfacet
  facet normal 0 0 0
    outer loop
   vertex 30.6 24.8 0.1
   vertex 30.3 24.8 0.1
   vertex 30.535 24.575 0.1
  endloop
 endfacet
  facet normal 0 0 0
    outer loop
   vertex 30.535 24.575 0.1
   vertex 30.3 24.8 0.1
   vertex 30.365 24.575 0.1
  endloop
 endfacet
  facet normal 0 0 0
    outer loop
   vertex 30.6 23.05 0.1
   vertex 30.535 23.135 0.1
   vertex 30.535 22.965 0.1
  endloop
 endfacet
  facet normal 0 0 0
    outer loop
   vertex 30.365 23.135 0.1
   vertex 30.3 23.05 0.1
   vertex 30.365 22.965 0.1
  endloop
 endfacet
  facet normal 0 0 0
    outer loop
   vertex 30.365 22.245 0.1
   vertex 30.3 22.175 0.1
   vertex 30.365 22.055 0.1
  endloop
 endfacet
  facet normal 0 0 0
    outer loop
   vertex 30.365 22.245 0.1
   vertex 30.365 22.415 0.1
   vertex 30.3 22.175 0.1
  endloop
 endfacet
  facet normal 0 0 0
    outer loop
   vertex 30.6 22.175 0.1
   vertex 30.535 22.245 0.1
   vertex 30.535 22.055 0.1
  endloop
 endfacet
  facet normal 0 0 0
    outer loop
   vertex 30.535 22.415 0.1
   vertex 30.535 22.245 0.1
   vertex 30.6 22.175 0.1
  endloop
 endfacet
  facet normal 0 0 0
    outer loop
   vertex 30.365 24.045 0.1
   vertex 30.3 23.925 0.1
   vertex 30.365 23.855 0.1
  endloop
 endfacet
  facet normal 0 0 0
    outer loop
   vertex 30.365 23.855 0.1
   vertex 30.3 23.925 0.1
   vertex 30.365 23.685 0.1
  endloop
 endfacet
  facet normal 0 0 0
    outer loop
   vertex 30.6 23.925 0.1
   vertex 30.535 24.045 0.1
   vertex 30.535 23.855 0.1
  endloop
 endfacet
  facet normal 0 0 0
    outer loop
   vertex 30.6 23.925 0.1
   vertex 30.535 23.855 0.1
   vertex 30.535 23.685 0.1
  endloop
 endfacet
  facet normal 0 0 0
    outer loop
   vertex 30.6 24.8 0.1
   vertex 30.535 24.575 0.1
   vertex 30.6 24.363 0.1
  endloop
 endfacet
  facet normal 0 0 0
    outer loop
   vertex 30.535 24.575 0.1
   vertex 30.535 24.405 0.1
   vertex 30.6 24.363 0.1
  endloop
 endfacet
  facet normal 0 0 0
    outer loop
   vertex 30.6 24.363 0.1
   vertex 30.535 24.405 0.1
   vertex 30.535 24.215 0.1
  endloop
 endfacet
  facet normal 0 0 0
    outer loop
   vertex 30.365 24.575 0.1
   vertex 30.3 24.8 0.1
   vertex 30.3 24.363 0.1
  endloop
 endfacet
  facet normal 0 0 0
    outer loop
   vertex 30.365 24.405 0.1
   vertex 30.365 24.575 0.1
   vertex 30.3 24.363 0.1
  endloop
 endfacet
  facet normal 0 0 0
    outer loop
   vertex 30.365 24.405 0.1
   vertex 30.3 24.363 0.1
   vertex 30.365 24.215 0.1
  endloop
 endfacet
  facet normal 0 0 0
    outer loop
   vertex 30.6 22.613 0.1
   vertex 30.535 22.775 0.1
   vertex 30.535 22.605 0.1
  endloop
 endfacet
  facet normal 0 0 0
    outer loop
   vertex 30.6 22.613 0.1
   vertex 30.535 22.605 0.1
   vertex 30.535 22.415 0.1
  endloop
 endfacet
  facet normal 0 0 0
    outer loop
   vertex 30.6 22.613 0.1
   vertex 30.535 22.415 0.1
   vertex 30.6 22.175 0.1
  endloop
 endfacet
  facet normal 0 0 0
    outer loop
   vertex 30.6 23.488 0.1
   vertex 30.535 23.495 0.1
   vertex 30.535 23.325 0.1
  endloop
 endfacet
  facet normal 0 0 0
    outer loop
   vertex 30.535 23.685 0.1
   vertex 30.535 23.495 0.1
   vertex 30.6 23.488 0.1
  endloop
 endfacet
  facet normal 0 0 0
    outer loop
   vertex 30.6 23.925 0.1
   vertex 30.535 23.685 0.1
   vertex 30.6 23.488 0.1
  endloop
 endfacet
  facet normal 0 0 0
    outer loop
   vertex 30.365 22.775 0.1
   vertex 30.3 22.613 0.1
   vertex 30.365 22.605 0.1
  endloop
 endfacet
  facet normal 0 0 0
    outer loop
   vertex 30.365 22.415 0.1
   vertex 30.3 22.613 0.1
   vertex 30.3 22.175 0.1
  endloop
 endfacet
  facet normal 0 0 0
    outer loop
   vertex 30.365 22.605 0.1
   vertex 30.3 22.613 0.1
   vertex 30.365 22.415 0.1
  endloop
 endfacet
  facet normal 0 0 0
    outer loop
   vertex 30.365 23.495 0.1
   vertex 30.3 23.488 0.1
   vertex 30.365 23.325 0.1
  endloop
 endfacet
  facet normal 0 0 0
    outer loop
   vertex 30.365 23.495 0.1
   vertex 30.365 23.685 0.1
   vertex 30.3 23.488 0.1
  endloop
 endfacet
  facet normal 0 0 0
    outer loop
   vertex 30.365 23.685 0.1
   vertex 30.3 23.925 0.1
   vertex 30.3 23.488 0.1
  endloop
 endfacet
  facet normal 0 0 0
    outer loop
   vertex 30.365 21.525 0.1
   vertex 30.3 21.738 0.1
   vertex 30.3 21.3 0.1
  endloop
 endfacet
  facet normal 0 0 0
    outer loop
   vertex 30.365 21.695 0.1
   vertex 30.3 21.738 0.1
   vertex 30.365 21.525 0.1
  endloop
 endfacet
  facet normal 0 0 0
    outer loop
   vertex 30.365 21.885 0.1
   vertex 30.3 21.738 0.1
   vertex 30.365 21.695 0.1
  endloop
 endfacet
  facet normal 0 0 0
    outer loop
   vertex 30.6 21.738 0.1
   vertex 30.535 21.525 0.1
   vertex 30.6 21.3 0.1
  endloop
 endfacet
  facet normal 0 0 0
    outer loop
   vertex 30.6 21.738 0.1
   vertex 30.535 21.695 0.1
   vertex 30.535 21.525 0.1
  endloop
 endfacet
  facet normal 0 0 0
    outer loop
   vertex 30.6 21.738 0.1
   vertex 30.535 21.885 0.1
   vertex 30.535 21.695 0.1
  endloop
 endfacet
  facet normal 0 0 0
    outer loop
   vertex 30.365 24.215 0.1
   vertex 30.3 24.363 0.1
   vertex 30.3 24.144 0.1
  endloop
 endfacet
  facet normal 0 0 0
    outer loop
   vertex 30.365 24.215 0.1
   vertex 30.3 24.144 0.1
   vertex 30.365 24.045 0.1
  endloop
 endfacet
  facet normal 0 0 0
    outer loop
   vertex 30.365 24.045 0.1
   vertex 30.3 24.144 0.1
   vertex 30.3 23.925 0.1
  endloop
 endfacet
  facet normal 0 0 0
    outer loop
   vertex 30.6 24.363 0.1
   vertex 30.535 24.215 0.1
   vertex 30.6 24.144 0.1
  endloop
 endfacet
  facet normal 0 0 0
    outer loop
   vertex 30.6 24.144 0.1
   vertex 30.535 24.045 0.1
   vertex 30.6 23.925 0.1
  endloop
 endfacet
  facet normal 0 0 0
    outer loop
   vertex 30.6 24.144 0.1
   vertex 30.535 24.215 0.1
   vertex 30.535 24.045 0.1
  endloop
 endfacet
  facet normal 0 0 0
    outer loop
   vertex 30.6 22.831 0.1
   vertex 30.535 22.775 0.1
   vertex 30.6 22.613 0.1
  endloop
 endfacet
  facet normal 0 0 0
    outer loop
   vertex 30.6 22.831 0.1
   vertex 30.535 22.965 0.1
   vertex 30.535 22.775 0.1
  endloop
 endfacet
  facet normal 0 0 0
    outer loop
   vertex 30.6 23.05 0.1
   vertex 30.535 22.965 0.1
   vertex 30.6 22.831 0.1
  endloop
 endfacet
  facet normal 0 0 0
    outer loop
   vertex 30.6 23.488 0.1
   vertex 30.535 23.325 0.1
   vertex 30.6 23.269 0.1
  endloop
 endfacet
  facet normal 0 0 0
    outer loop
   vertex 30.6 23.269 0.1
   vertex 30.535 23.135 0.1
   vertex 30.6 23.05 0.1
  endloop
 endfacet
  facet normal 0 0 0
    outer loop
   vertex 30.6 23.269 0.1
   vertex 30.535 23.325 0.1
   vertex 30.535 23.135 0.1
  endloop
 endfacet
  facet normal 0 0 0
    outer loop
   vertex 30.365 22.775 0.1
   vertex 30.3 22.831 0.1
   vertex 30.3 22.613 0.1
  endloop
 endfacet
  facet normal 0 0 0
    outer loop
   vertex 30.365 22.965 0.1
   vertex 30.3 22.831 0.1
   vertex 30.365 22.775 0.1
  endloop
 endfacet
  facet normal 0 0 0
    outer loop
   vertex 30.365 22.965 0.1
   vertex 30.3 23.05 0.1
   vertex 30.3 22.831 0.1
  endloop
 endfacet
  facet normal 0 0 0
    outer loop
   vertex 30.365 23.325 0.1
   vertex 30.3 23.488 0.1
   vertex 30.3 23.269 0.1
  endloop
 endfacet
  facet normal 0 0 0
    outer loop
   vertex 30.365 23.325 0.1
   vertex 30.3 23.269 0.1
   vertex 30.365 23.135 0.1
  endloop
 endfacet
  facet normal 0 0 0
    outer loop
   vertex 30.365 23.135 0.1
   vertex 30.3 23.269 0.1
   vertex 30.3 23.05 0.1
  endloop
 endfacet
  facet normal 0 0 0
    outer loop
   vertex 30.365 21.885 0.1
   vertex 30.3 21.956 0.1
   vertex 30.3 21.738 0.1
  endloop
 endfacet
  facet normal 0 0 0
    outer loop
   vertex 30.365 22.055 0.1
   vertex 30.3 21.956 0.1
   vertex 30.365 21.885 0.1
  endloop
 endfacet
  facet normal 0 0 0
    outer loop
   vertex 30.365 22.055 0.1
   vertex 30.3 22.175 0.1
   vertex 30.3 21.956 0.1
  endloop
 endfacet
  facet normal 0 0 0
    outer loop
   vertex 30.6 21.956 0.1
   vertex 30.535 21.885 0.1
   vertex 30.6 21.738 0.1
  endloop
 endfacet
  facet normal 0 0 0
    outer loop
   vertex 30.6 21.956 0.1
   vertex 30.535 22.055 0.1
   vertex 30.535 21.885 0.1
  endloop
 endfacet
  facet normal 0 0 0
    outer loop
   vertex 30.6 22.175 0.1
   vertex 30.535 22.055 0.1
   vertex 30.6 21.956 0.1
  endloop
 endfacet
  facet normal 0 0 0
    outer loop
   vertex 24.285 15.695 0.1
   vertex 24.115 15.885 0.1
   vertex 24.115 15.695 0.1
  endloop
 endfacet
  facet normal 0 0 0
    outer loop
   vertex 24.285 15.885 0.1
   vertex 24.115 15.885 0.1
   vertex 24.285 15.695 0.1
  endloop
 endfacet
  facet normal 0 0 0
    outer loop
   vertex 24.35 16.28 0.1
   vertex 24.05 16.28 0.1
   vertex 24.285 16.055 0.1
  endloop
 endfacet
  facet normal 0 0 0
    outer loop
   vertex 24.285 16.055 0.1
   vertex 24.05 16.28 0.1
   vertex 24.115 16.055 0.1
  endloop
 endfacet
  facet normal 0 0 0
    outer loop
   vertex 24.285 14.615 0.1
   vertex 24.115 14.805 0.1
   vertex 24.115 14.615 0.1
  endloop
 endfacet
  facet normal 0 0 0
    outer loop
   vertex 24.285 14.805 0.1
   vertex 24.115 14.805 0.1
   vertex 24.285 14.615 0.1
  endloop
 endfacet
  facet normal 0 0 0
    outer loop
   vertex 24.115 15.525 0.1
   vertex 24.05 15.405 0.1
   vertex 24.115 15.335 0.1
  endloop
 endfacet
  facet normal 0 0 0
    outer loop
   vertex 24.115 15.335 0.1
   vertex 24.05 15.405 0.1
   vertex 24.115 15.165 0.1
  endloop
 endfacet
  facet normal 0 0 0
    outer loop
   vertex 24.35 15.405 0.1
   vertex 24.285 15.525 0.1
   vertex 24.285 15.335 0.1
  endloop
 endfacet
  facet normal 0 0 0
    outer loop
   vertex 24.35 15.405 0.1
   vertex 24.285 15.335 0.1
   vertex 24.285 15.165 0.1
  endloop
 endfacet
  facet normal 0 0 0
    outer loop
   vertex 24.35 16.28 0.1
   vertex 24.285 16.055 0.1
   vertex 24.35 15.843 0.1
  endloop
 endfacet
  facet normal 0 0 0
    outer loop
   vertex 24.285 16.055 0.1
   vertex 24.285 15.885 0.1
   vertex 24.35 15.843 0.1
  endloop
 endfacet
  facet normal 0 0 0
    outer loop
   vertex 24.35 15.843 0.1
   vertex 24.285 15.885 0.1
   vertex 24.285 15.695 0.1
  endloop
 endfacet
  facet normal 0 0 0
    outer loop
   vertex 24.115 16.055 0.1
   vertex 24.05 16.28 0.1
   vertex 24.05 15.843 0.1
  endloop
 endfacet
  facet normal 0 0 0
    outer loop
   vertex 24.115 15.885 0.1
   vertex 24.115 16.055 0.1
   vertex 24.05 15.843 0.1
  endloop
 endfacet
  facet normal 0 0 0
    outer loop
   vertex 24.115 15.885 0.1
   vertex 24.05 15.843 0.1
   vertex 24.115 15.695 0.1
  endloop
 endfacet
  facet normal 0 0 0
    outer loop
   vertex 24.35 14.968 0.1
   vertex 24.285 14.975 0.1
   vertex 24.285 14.805 0.1
  endloop
 endfacet
  facet normal 0 0 0
    outer loop
   vertex 24.285 15.165 0.1
   vertex 24.285 14.975 0.1
   vertex 24.35 14.968 0.1
  endloop
 endfacet
  facet normal 0 0 0
    outer loop
   vertex 24.35 15.405 0.1
   vertex 24.285 15.165 0.1
   vertex 24.35 14.968 0.1
  endloop
 endfacet
  facet normal 0 0 0
    outer loop
   vertex 24.115 14.975 0.1
   vertex 24.05 14.968 0.1
   vertex 24.115 14.805 0.1
  endloop
 endfacet
  facet normal 0 0 0
    outer loop
   vertex 24.115 14.975 0.1
   vertex 24.115 15.165 0.1
   vertex 24.05 14.968 0.1
  endloop
 endfacet
  facet normal 0 0 0
    outer loop
   vertex 24.115 15.165 0.1
   vertex 24.05 15.405 0.1
   vertex 24.05 14.968 0.1
  endloop
 endfacet
  facet normal 0 0 0
    outer loop
   vertex 24.115 15.695 0.1
   vertex 24.05 15.843 0.1
   vertex 24.05 15.624 0.1
  endloop
 endfacet
  facet normal 0 0 0
    outer loop
   vertex 24.115 15.695 0.1
   vertex 24.05 15.624 0.1
   vertex 24.115 15.525 0.1
  endloop
 endfacet
  facet normal 0 0 0
    outer loop
   vertex 24.115 15.525 0.1
   vertex 24.05 15.624 0.1
   vertex 24.05 15.405 0.1
  endloop
 endfacet
  facet normal 0 0 0
    outer loop
   vertex 24.35 15.843 0.1
   vertex 24.285 15.695 0.1
   vertex 24.35 15.624 0.1
  endloop
 endfacet
  facet normal 0 0 0
    outer loop
   vertex 24.35 15.624 0.1
   vertex 24.285 15.525 0.1
   vertex 24.35 15.405 0.1
  endloop
 endfacet
  facet normal 0 0 0
    outer loop
   vertex 24.35 15.624 0.1
   vertex 24.285 15.695 0.1
   vertex 24.285 15.525 0.1
  endloop
 endfacet
  facet normal 0 0 0
    outer loop
   vertex 24.35 14.968 0.1
   vertex 24.285 14.805 0.1
   vertex 24.35 14.749 0.1
  endloop
 endfacet
  facet normal 0 0 0
    outer loop
   vertex 24.35 14.749 0.1
   vertex 24.285 14.615 0.1
   vertex 24.35 14.53 0.1
  endloop
 endfacet
  facet normal 0 0 0
    outer loop
   vertex 24.35 14.749 0.1
   vertex 24.285 14.805 0.1
   vertex 24.285 14.615 0.1
  endloop
 endfacet
  facet normal 0 0 0
    outer loop
   vertex 24.115 14.805 0.1
   vertex 24.05 14.968 0.1
   vertex 24.05 14.749 0.1
  endloop
 endfacet
  facet normal 0 0 0
    outer loop
   vertex 24.115 14.805 0.1
   vertex 24.05 14.749 0.1
   vertex 24.115 14.615 0.1
  endloop
 endfacet
  facet normal 0 0 0
    outer loop
   vertex 24.115 14.615 0.1
   vertex 24.05 14.749 0.1
   vertex 24.05 14.53 0.1
  endloop
 endfacet
  facet normal 0 0 0
    outer loop
   vertex 24.285 14.975 0.1
   vertex 24.115 15.165 0.1
   vertex 24.115 14.975 0.1
  endloop
 endfacet
  facet normal 0 0 0
    outer loop
   vertex 24.285 15.165 0.1
   vertex 24.115 15.165 0.1
   vertex 24.285 14.975 0.1
  endloop
 endfacet
  facet normal 0 0 0
    outer loop
   vertex 24.285 15.335 0.1
   vertex 24.115 15.525 0.1
   vertex 24.115 15.335 0.1
  endloop
 endfacet
  facet normal 0 0 0
    outer loop
   vertex 24.285 15.525 0.1
   vertex 24.115 15.525 0.1
   vertex 24.285 15.335 0.1
  endloop
 endfacet
  facet normal 0 0 0
    outer loop
   vertex 36.785 15.335 0.1
   vertex 36.615 15.525 0.1
   vertex 36.615 15.335 0.1
  endloop
 endfacet
  facet normal 0 0 0
    outer loop
   vertex 36.785 15.525 0.1
   vertex 36.615 15.525 0.1
   vertex 36.785 15.335 0.1
  endloop
 endfacet
  facet normal 0 0 0
    outer loop
   vertex 36.785 15.695 0.1
   vertex 36.615 15.885 0.1
   vertex 36.615 15.695 0.1
  endloop
 endfacet
  facet normal 0 0 0
    outer loop
   vertex 36.785 15.885 0.1
   vertex 36.615 15.885 0.1
   vertex 36.785 15.695 0.1
  endloop
 endfacet
  facet normal 0 0 0
    outer loop
   vertex 36.85 16.28 0.1
   vertex 36.55 16.28 0.1
   vertex 36.785 16.055 0.1
  endloop
 endfacet
  facet normal 0 0 0
    outer loop
   vertex 36.785 16.055 0.1
   vertex 36.55 16.28 0.1
   vertex 36.615 16.055 0.1
  endloop
 endfacet
  facet normal 0 0 0
    outer loop
   vertex 36.785 14.615 0.1
   vertex 36.615 14.805 0.1
   vertex 36.615 14.615 0.1
  endloop
 endfacet
  facet normal 0 0 0
    outer loop
   vertex 36.785 14.805 0.1
   vertex 36.615 14.805 0.1
   vertex 36.785 14.615 0.1
  endloop
 endfacet
  facet normal 0 0 0
    outer loop
   vertex 36.615 15.525 0.1
   vertex 36.55 15.405 0.1
   vertex 36.615 15.335 0.1
  endloop
 endfacet
  facet normal 0 0 0
    outer loop
   vertex 36.615 15.335 0.1
   vertex 36.55 15.405 0.1
   vertex 36.615 15.165 0.1
  endloop
 endfacet
  facet normal 0 0 0
    outer loop
   vertex 36.85 15.405 0.1
   vertex 36.785 15.525 0.1
   vertex 36.785 15.335 0.1
  endloop
 endfacet
  facet normal 0 0 0
    outer loop
   vertex 36.85 15.405 0.1
   vertex 36.785 15.335 0.1
   vertex 36.785 15.165 0.1
  endloop
 endfacet
  facet normal 0 0 0
    outer loop
   vertex 36.85 16.28 0.1
   vertex 36.785 16.055 0.1
   vertex 36.85 15.843 0.1
  endloop
 endfacet
  facet normal 0 0 0
    outer loop
   vertex 36.785 16.055 0.1
   vertex 36.785 15.885 0.1
   vertex 36.85 15.843 0.1
  endloop
 endfacet
  facet normal 0 0 0
    outer loop
   vertex 36.85 15.843 0.1
   vertex 36.785 15.885 0.1
   vertex 36.785 15.695 0.1
  endloop
 endfacet
  facet normal 0 0 0
    outer loop
   vertex 36.615 16.055 0.1
   vertex 36.55 16.28 0.1
   vertex 36.55 15.843 0.1
  endloop
 endfacet
  facet normal 0 0 0
    outer loop
   vertex 36.615 15.885 0.1
   vertex 36.615 16.055 0.1
   vertex 36.55 15.843 0.1
  endloop
 endfacet
  facet normal 0 0 0
    outer loop
   vertex 36.615 15.885 0.1
   vertex 36.55 15.843 0.1
   vertex 36.615 15.695 0.1
  endloop
 endfacet
  facet normal 0 0 0
    outer loop
   vertex 36.85 14.968 0.1
   vertex 36.785 14.975 0.1
   vertex 36.785 14.805 0.1
  endloop
 endfacet
  facet normal 0 0 0
    outer loop
   vertex 36.785 15.165 0.1
   vertex 36.785 14.975 0.1
   vertex 36.85 14.968 0.1
  endloop
 endfacet
  facet normal 0 0 0
    outer loop
   vertex 36.85 15.405 0.1
   vertex 36.785 15.165 0.1
   vertex 36.85 14.968 0.1
  endloop
 endfacet
  facet normal 0 0 0
    outer loop
   vertex 36.615 14.975 0.1
   vertex 36.55 14.968 0.1
   vertex 36.615 14.805 0.1
  endloop
 endfacet
  facet normal 0 0 0
    outer loop
   vertex 36.615 14.975 0.1
   vertex 36.615 15.165 0.1
   vertex 36.55 14.968 0.1
  endloop
 endfacet
  facet normal 0 0 0
    outer loop
   vertex 36.615 15.165 0.1
   vertex 36.55 15.405 0.1
   vertex 36.55 14.968 0.1
  endloop
 endfacet
  facet normal 0 0 0
    outer loop
   vertex 36.615 15.695 0.1
   vertex 36.55 15.843 0.1
   vertex 36.55 15.624 0.1
  endloop
 endfacet
  facet normal 0 0 0
    outer loop
   vertex 36.615 15.695 0.1
   vertex 36.55 15.624 0.1
   vertex 36.615 15.525 0.1
  endloop
 endfacet
  facet normal 0 0 0
    outer loop
   vertex 36.615 15.525 0.1
   vertex 36.55 15.624 0.1
   vertex 36.55 15.405 0.1
  endloop
 endfacet
  facet normal 0 0 0
    outer loop
   vertex 36.85 15.843 0.1
   vertex 36.785 15.695 0.1
   vertex 36.85 15.624 0.1
  endloop
 endfacet
  facet normal 0 0 0
    outer loop
   vertex 36.85 15.624 0.1
   vertex 36.785 15.525 0.1
   vertex 36.85 15.405 0.1
  endloop
 endfacet
  facet normal 0 0 0
    outer loop
   vertex 36.85 15.624 0.1
   vertex 36.785 15.695 0.1
   vertex 36.785 15.525 0.1
  endloop
 endfacet
  facet normal 0 0 0
    outer loop
   vertex 36.85 14.968 0.1
   vertex 36.785 14.805 0.1
   vertex 36.85 14.749 0.1
  endloop
 endfacet
  facet normal 0 0 0
    outer loop
   vertex 36.85 14.749 0.1
   vertex 36.785 14.615 0.1
   vertex 36.85 14.53 0.1
  endloop
 endfacet
  facet normal 0 0 0
    outer loop
   vertex 36.85 14.749 0.1
   vertex 36.785 14.805 0.1
   vertex 36.785 14.615 0.1
  endloop
 endfacet
  facet normal 0 0 0
    outer loop
   vertex 36.615 14.805 0.1
   vertex 36.55 14.968 0.1
   vertex 36.55 14.749 0.1
  endloop
 endfacet
  facet normal 0 0 0
    outer loop
   vertex 36.615 14.805 0.1
   vertex 36.55 14.749 0.1
   vertex 36.615 14.615 0.1
  endloop
 endfacet
  facet normal 0 0 0
    outer loop
   vertex 36.615 14.615 0.1
   vertex 36.55 14.749 0.1
   vertex 36.55 14.53 0.1
  endloop
 endfacet
  facet normal 0 0 0
    outer loop
   vertex 36.785 14.975 0.1
   vertex 36.615 15.165 0.1
   vertex 36.615 14.975 0.1
  endloop
 endfacet
  facet normal 0 0 0
    outer loop
   vertex 36.785 15.165 0.1
   vertex 36.615 15.165 0.1
   vertex 36.785 14.975 0.1
  endloop
 endfacet
  facet normal 0 0 0
    outer loop
   vertex -7.17 14.91 0.1
   vertex -7.47 14.91 0.1
   vertex -7.235 14.785 0.1
  endloop
 endfacet
  facet normal 0 0 0
    outer loop
   vertex -7.235 14.785 0.1
   vertex -7.47 14.91 0.1
   vertex -7.405 14.785 0.1
  endloop
 endfacet
  facet normal 0 0 0
    outer loop
   vertex -4.37 14.91 0.1
   vertex -4.67 14.91 0.1
   vertex -4.435 14.785 0.1
  endloop
 endfacet
  facet normal 0 0 0
    outer loop
   vertex -4.435 14.785 0.1
   vertex -4.67 14.91 0.1
   vertex -4.605 14.785 0.1
  endloop
 endfacet
  facet normal 0 0 0
    outer loop
   vertex -9.255 14.785 0.1
   vertex -9.32 14.7 0.1
   vertex -9.255 14.615 0.1
  endloop
 endfacet
  facet normal 0 0 0
    outer loop
   vertex -4.605 14.785 0.1
   vertex -4.67 14.91 0.1
   vertex -4.67 14.7 0.1
  endloop
 endfacet
  facet normal 0 0 0
    outer loop
   vertex -4.605 14.785 0.1
   vertex -4.67 14.7 0.1
   vertex -4.605 14.615 0.1
  endloop
 endfacet
  facet normal 0 0 0
    outer loop
   vertex -7.405 14.785 0.1
   vertex -7.47 14.91 0.1
   vertex -7.47 14.7 0.1
  endloop
 endfacet
  facet normal 0 0 0
    outer loop
   vertex -4.37 14.91 0.1
   vertex -4.435 14.785 0.1
   vertex -4.37 14.7 0.1
  endloop
 endfacet
  facet normal 0 0 0
    outer loop
   vertex -4.37 14.7 0.1
   vertex -4.435 14.785 0.1
   vertex -4.435 14.615 0.1
  endloop
 endfacet
  facet normal 0 0 0
    outer loop
   vertex -7.405 14.785 0.1
   vertex -7.47 14.7 0.1
   vertex -7.405 14.615 0.1
  endloop
 endfacet
  facet normal 0 0 0
    outer loop
   vertex -9.085 14.785 0.1
   vertex -9.32 14.91 0.1
   vertex -9.255 14.785 0.1
  endloop
 endfacet
  facet normal 0 0 0
    outer loop
   vertex -7.17 14.91 0.1
   vertex -7.235 14.785 0.1
   vertex -7.17 14.7 0.1
  endloop
 endfacet
  facet normal 0 0 0
    outer loop
   vertex -7.17 14.7 0.1
   vertex -7.235 14.785 0.1
   vertex -7.235 14.615 0.1
  endloop
 endfacet
  facet normal 0 0 0
    outer loop
   vertex -9.02 14.91 0.1
   vertex -9.085 14.785 0.1
   vertex -9.02 14.7 0.1
  endloop
 endfacet
  facet normal 0 0 0
    outer loop
   vertex -9.02 14.7 0.1
   vertex -9.085 14.785 0.1
   vertex -9.085 14.615 0.1
  endloop
 endfacet
  facet normal 0 0 0
    outer loop
   vertex -6.22 14.91 0.1
   vertex -6.52 14.91 0.1
   vertex -6.285 14.785 0.1
  endloop
 endfacet
  facet normal 0 0 0
    outer loop
   vertex -6.285 14.785 0.1
   vertex -6.52 14.91 0.1
   vertex -6.455 14.785 0.1
  endloop
 endfacet
  facet normal 0 0 0
    outer loop
   vertex -9.02 14.91 0.1
   vertex -9.32 14.91 0.1
   vertex -9.085 14.785 0.1
  endloop
 endfacet
  facet normal 0 0 0
    outer loop
   vertex -6.455 14.785 0.1
   vertex -6.52 14.91 0.1
   vertex -6.52 14.7 0.1
  endloop
 endfacet
  facet normal 0 0 0
    outer loop
   vertex -6.455 14.785 0.1
   vertex -6.52 14.7 0.1
   vertex -6.455 14.615 0.1
  endloop
 endfacet
  facet normal 0 0 0
    outer loop
   vertex -9.255 14.785 0.1
   vertex -9.32 14.91 0.1
   vertex -9.32 14.7 0.1
  endloop
 endfacet
  facet normal 0 0 0
    outer loop
   vertex -6.22 14.91 0.1
   vertex -6.285 14.785 0.1
   vertex -6.22 14.7 0.1
  endloop
 endfacet
  facet normal 0 0 0
    outer loop
   vertex -6.22 14.7 0.1
   vertex -6.285 14.785 0.1
   vertex -6.285 14.615 0.1
  endloop
 endfacet
  facet normal 0 0 0
    outer loop
   vertex 36.785 13.175 0.1
   vertex 36.615 13.365 0.1
   vertex 36.615 13.175 0.1
  endloop
 endfacet
  facet normal 0 0 0
    outer loop
   vertex 36.785 13.365 0.1
   vertex 36.615 13.365 0.1
   vertex 36.785 13.175 0.1
  endloop
 endfacet
  facet normal 0 0 0
    outer loop
   vertex 36.785 13.535 0.1
   vertex 36.615 13.725 0.1
   vertex 36.615 13.535 0.1
  endloop
 endfacet
  facet normal 0 0 0
    outer loop
   vertex 36.785 13.725 0.1
   vertex 36.615 13.725 0.1
   vertex 36.785 13.535 0.1
  endloop
 endfacet
  facet normal 0 0 0
    outer loop
   vertex 36.785 13.895 0.1
   vertex 36.615 14.085 0.1
   vertex 36.615 13.895 0.1
  endloop
 endfacet
  facet normal 0 0 0
    outer loop
   vertex 36.785 14.085 0.1
   vertex 36.615 14.085 0.1
   vertex 36.785 13.895 0.1
  endloop
 endfacet
  facet normal 0 0 0
    outer loop
   vertex 36.785 14.255 0.1
   vertex 36.615 14.445 0.1
   vertex 36.615 14.255 0.1
  endloop
 endfacet
  facet normal 0 0 0
    outer loop
   vertex 36.785 14.445 0.1
   vertex 36.615 14.445 0.1
   vertex 36.785 14.255 0.1
  endloop
 endfacet
  facet normal 0 0 0
    outer loop
   vertex 36.615 13.725 0.1
   vertex 36.55 13.655 0.1
   vertex 36.615 13.535 0.1
  endloop
 endfacet
  facet normal 0 0 0
    outer loop
   vertex 36.615 13.725 0.1
   vertex 36.615 13.895 0.1
   vertex 36.55 13.655 0.1
  endloop
 endfacet
  facet normal 0 0 0
    outer loop
   vertex 36.85 13.655 0.1
   vertex 36.785 13.725 0.1
   vertex 36.785 13.535 0.1
  endloop
 endfacet
  facet normal 0 0 0
    outer loop
   vertex 36.785 13.895 0.1
   vertex 36.785 13.725 0.1
   vertex 36.85 13.655 0.1
  endloop
 endfacet
  facet normal 0 0 0
    outer loop
   vertex 36.85 14.093 0.1
   vertex 36.785 14.255 0.1
   vertex 36.785 14.085 0.1
  endloop
 endfacet
  facet normal 0 0 0
    outer loop
   vertex 36.85 14.093 0.1
   vertex 36.785 14.085 0.1
   vertex 36.785 13.895 0.1
  endloop
 endfacet
  facet normal 0 0 0
    outer loop
   vertex 36.85 14.093 0.1
   vertex 36.785 13.895 0.1
   vertex 36.85 13.655 0.1
  endloop
 endfacet
  facet normal 0 0 0
    outer loop
   vertex 36.615 14.255 0.1
   vertex 36.55 14.093 0.1
   vertex 36.615 14.085 0.1
  endloop
 endfacet
  facet normal 0 0 0
    outer loop
   vertex 36.615 13.895 0.1
   vertex 36.55 14.093 0.1
   vertex 36.55 13.655 0.1
  endloop
 endfacet
  facet normal 0 0 0
    outer loop
   vertex 36.615 14.085 0.1
   vertex 36.55 14.093 0.1
   vertex 36.615 13.895 0.1
  endloop
 endfacet
  facet normal 0 0 0
    outer loop
   vertex 36.615 13.005 0.1
   vertex 36.55 13.218 0.1
   vertex 36.55 12.78 0.1
  endloop
 endfacet
  facet normal 0 0 0
    outer loop
   vertex 36.615 13.175 0.1
   vertex 36.55 13.218 0.1
   vertex 36.615 13.005 0.1
  endloop
 endfacet
  facet normal 0 0 0
    outer loop
   vertex 36.615 13.365 0.1
   vertex 36.55 13.218 0.1
   vertex 36.615 13.175 0.1
  endloop
 endfacet
  facet normal 0 0 0
    outer loop
   vertex 36.85 13.218 0.1
   vertex 36.785 13.005 0.1
   vertex 36.85 12.78 0.1
  endloop
 endfacet
  facet normal 0 0 0
    outer loop
   vertex 36.85 13.218 0.1
   vertex 36.785 13.175 0.1
   vertex 36.785 13.005 0.1
  endloop
 endfacet
  facet normal 0 0 0
    outer loop
   vertex 36.85 13.218 0.1
   vertex 36.785 13.365 0.1
   vertex 36.785 13.175 0.1
  endloop
 endfacet
  facet normal 0 0 0
    outer loop
   vertex 36.85 14.311 0.1
   vertex 36.785 14.255 0.1
   vertex 36.85 14.093 0.1
  endloop
 endfacet
  facet normal 0 0 0
    outer loop
   vertex 36.85 14.311 0.1
   vertex 36.785 14.445 0.1
   vertex 36.785 14.255 0.1
  endloop
 endfacet
  facet normal 0 0 0
    outer loop
   vertex 36.85 14.53 0.1
   vertex 36.785 14.445 0.1
   vertex 36.85 14.311 0.1
  endloop
 endfacet
  facet normal 0 0 0
    outer loop
   vertex 36.615 14.255 0.1
   vertex 36.55 14.311 0.1
   vertex 36.55 14.093 0.1
  endloop
 endfacet
  facet normal 0 0 0
    outer loop
   vertex 36.615 14.445 0.1
   vertex 36.55 14.311 0.1
   vertex 36.615 14.255 0.1
  endloop
 endfacet
  facet normal 0 0 0
    outer loop
   vertex 36.615 14.445 0.1
   vertex 36.55 14.53 0.1
   vertex 36.55 14.311 0.1
  endloop
 endfacet
  facet normal 0 0 0
    outer loop
   vertex 36.615 13.365 0.1
   vertex 36.55 13.436 0.1
   vertex 36.55 13.218 0.1
  endloop
 endfacet
  facet normal 0 0 0
    outer loop
   vertex 36.615 13.535 0.1
   vertex 36.55 13.436 0.1
   vertex 36.615 13.365 0.1
  endloop
 endfacet
  facet normal 0 0 0
    outer loop
   vertex 36.615 13.535 0.1
   vertex 36.55 13.655 0.1
   vertex 36.55 13.436 0.1
  endloop
 endfacet
  facet normal 0 0 0
    outer loop
   vertex 36.85 13.436 0.1
   vertex 36.785 13.365 0.1
   vertex 36.85 13.218 0.1
  endloop
 endfacet
  facet normal 0 0 0
    outer loop
   vertex 36.85 13.436 0.1
   vertex 36.785 13.535 0.1
   vertex 36.785 13.365 0.1
  endloop
 endfacet
  facet normal 0 0 0
    outer loop
   vertex 36.85 13.655 0.1
   vertex 36.785 13.535 0.1
   vertex 36.85 13.436 0.1
  endloop
 endfacet
  facet normal 0 0 0
    outer loop
   vertex 36.85 12.78 0.1
   vertex 36.615 13.005 0.1
   vertex 36.55 12.78 0.1
  endloop
 endfacet
  facet normal 0 0 0
    outer loop
   vertex 36.785 13.005 0.1
   vertex 36.615 13.005 0.1
   vertex 36.85 12.78 0.1
  endloop
 endfacet
  facet normal 0 0 0
    outer loop
   vertex 24.285 13.175 0.1
   vertex 24.115 13.365 0.1
   vertex 24.115 13.175 0.1
  endloop
 endfacet
  facet normal 0 0 0
    outer loop
   vertex 24.285 13.365 0.1
   vertex 24.115 13.365 0.1
   vertex 24.285 13.175 0.1
  endloop
 endfacet
  facet normal 0 0 0
    outer loop
   vertex 24.285 13.535 0.1
   vertex 24.115 13.725 0.1
   vertex 24.115 13.535 0.1
  endloop
 endfacet
  facet normal 0 0 0
    outer loop
   vertex 24.285 13.725 0.1
   vertex 24.115 13.725 0.1
   vertex 24.285 13.535 0.1
  endloop
 endfacet
  facet normal 0 0 0
    outer loop
   vertex 24.285 13.895 0.1
   vertex 24.115 14.085 0.1
   vertex 24.115 13.895 0.1
  endloop
 endfacet
  facet normal 0 0 0
    outer loop
   vertex 24.285 14.085 0.1
   vertex 24.115 14.085 0.1
   vertex 24.285 13.895 0.1
  endloop
 endfacet
  facet normal 0 0 0
    outer loop
   vertex 24.285 14.255 0.1
   vertex 24.115 14.445 0.1
   vertex 24.115 14.255 0.1
  endloop
 endfacet
  facet normal 0 0 0
    outer loop
   vertex 24.285 14.445 0.1
   vertex 24.115 14.445 0.1
   vertex 24.285 14.255 0.1
  endloop
 endfacet
  facet normal 0 0 0
    outer loop
   vertex 24.115 13.725 0.1
   vertex 24.05 13.655 0.1
   vertex 24.115 13.535 0.1
  endloop
 endfacet
  facet normal 0 0 0
    outer loop
   vertex 24.115 13.725 0.1
   vertex 24.115 13.895 0.1
   vertex 24.05 13.655 0.1
  endloop
 endfacet
  facet normal 0 0 0
    outer loop
   vertex 24.35 13.655 0.1
   vertex 24.285 13.725 0.1
   vertex 24.285 13.535 0.1
  endloop
 endfacet
  facet normal 0 0 0
    outer loop
   vertex 24.285 13.895 0.1
   vertex 24.285 13.725 0.1
   vertex 24.35 13.655 0.1
  endloop
 endfacet
  facet normal 0 0 0
    outer loop
   vertex 24.35 14.093 0.1
   vertex 24.285 14.255 0.1
   vertex 24.285 14.085 0.1
  endloop
 endfacet
  facet normal 0 0 0
    outer loop
   vertex 24.35 14.093 0.1
   vertex 24.285 14.085 0.1
   vertex 24.285 13.895 0.1
  endloop
 endfacet
  facet normal 0 0 0
    outer loop
   vertex 24.35 14.093 0.1
   vertex 24.285 13.895 0.1
   vertex 24.35 13.655 0.1
  endloop
 endfacet
  facet normal 0 0 0
    outer loop
   vertex 24.115 14.255 0.1
   vertex 24.05 14.093 0.1
   vertex 24.115 14.085 0.1
  endloop
 endfacet
  facet normal 0 0 0
    outer loop
   vertex 24.115 13.895 0.1
   vertex 24.05 14.093 0.1
   vertex 24.05 13.655 0.1
  endloop
 endfacet
  facet normal 0 0 0
    outer loop
   vertex 24.115 14.085 0.1
   vertex 24.05 14.093 0.1
   vertex 24.115 13.895 0.1
  endloop
 endfacet
  facet normal 0 0 0
    outer loop
   vertex 24.115 13.005 0.1
   vertex 24.05 13.218 0.1
   vertex 24.05 12.78 0.1
  endloop
 endfacet
  facet normal 0 0 0
    outer loop
   vertex 24.115 13.175 0.1
   vertex 24.05 13.218 0.1
   vertex 24.115 13.005 0.1
  endloop
 endfacet
  facet normal 0 0 0
    outer loop
   vertex 24.115 13.365 0.1
   vertex 24.05 13.218 0.1
   vertex 24.115 13.175 0.1
  endloop
 endfacet
  facet normal 0 0 0
    outer loop
   vertex 24.35 13.218 0.1
   vertex 24.285 13.005 0.1
   vertex 24.35 12.78 0.1
  endloop
 endfacet
  facet normal 0 0 0
    outer loop
   vertex 24.35 13.218 0.1
   vertex 24.285 13.175 0.1
   vertex 24.285 13.005 0.1
  endloop
 endfacet
  facet normal 0 0 0
    outer loop
   vertex 24.35 13.218 0.1
   vertex 24.285 13.365 0.1
   vertex 24.285 13.175 0.1
  endloop
 endfacet
  facet normal 0 0 0
    outer loop
   vertex 24.35 14.311 0.1
   vertex 24.285 14.255 0.1
   vertex 24.35 14.093 0.1
  endloop
 endfacet
  facet normal 0 0 0
    outer loop
   vertex 24.35 14.311 0.1
   vertex 24.285 14.445 0.1
   vertex 24.285 14.255 0.1
  endloop
 endfacet
  facet normal 0 0 0
    outer loop
   vertex 24.35 14.53 0.1
   vertex 24.285 14.445 0.1
   vertex 24.35 14.311 0.1
  endloop
 endfacet
  facet normal 0 0 0
    outer loop
   vertex 24.115 14.255 0.1
   vertex 24.05 14.311 0.1
   vertex 24.05 14.093 0.1
  endloop
 endfacet
  facet normal 0 0 0
    outer loop
   vertex 24.115 14.445 0.1
   vertex 24.05 14.311 0.1
   vertex 24.115 14.255 0.1
  endloop
 endfacet
  facet normal 0 0 0
    outer loop
   vertex 24.115 14.445 0.1
   vertex 24.05 14.53 0.1
   vertex 24.05 14.311 0.1
  endloop
 endfacet
  facet normal 0 0 0
    outer loop
   vertex 24.115 13.365 0.1
   vertex 24.05 13.436 0.1
   vertex 24.05 13.218 0.1
  endloop
 endfacet
  facet normal 0 0 0
    outer loop
   vertex 24.115 13.535 0.1
   vertex 24.05 13.436 0.1
   vertex 24.115 13.365 0.1
  endloop
 endfacet
  facet normal 0 0 0
    outer loop
   vertex 24.115 13.535 0.1
   vertex 24.05 13.655 0.1
   vertex 24.05 13.436 0.1
  endloop
 endfacet
  facet normal 0 0 0
    outer loop
   vertex 24.35 13.436 0.1
   vertex 24.285 13.365 0.1
   vertex 24.35 13.218 0.1
  endloop
 endfacet
  facet normal 0 0 0
    outer loop
   vertex 24.35 13.436 0.1
   vertex 24.285 13.535 0.1
   vertex 24.285 13.365 0.1
  endloop
 endfacet
  facet normal 0 0 0
    outer loop
   vertex 24.35 13.655 0.1
   vertex 24.285 13.535 0.1
   vertex 24.35 13.436 0.1
  endloop
 endfacet
  facet normal 0 0 0
    outer loop
   vertex 24.35 12.78 0.1
   vertex 24.115 13.005 0.1
   vertex 24.05 12.78 0.1
  endloop
 endfacet
  facet normal 0 0 0
    outer loop
   vertex 24.285 13.005 0.1
   vertex 24.115 13.005 0.1
   vertex 24.35 12.78 0.1
  endloop
 endfacet
  facet normal 0 0 0
    outer loop
   vertex 30.535 5.375 0.1
   vertex 30.535 5.205 0.1
   vertex 30.6 5.135 0.1
  endloop
 endfacet
  facet normal 0 0 0
    outer loop
   vertex 30.365 7.005 0.1
   vertex 30.3 6.885 0.1
   vertex 30.365 6.815 0.1
  endloop
 endfacet
  facet normal 0 0 0
    outer loop
   vertex 30.535 5.925 0.1
   vertex 30.365 5.925 0.1
   vertex 30.535 5.735 0.1
  endloop
 endfacet
  facet normal 0 0 0
    outer loop
   vertex 30.535 6.095 0.1
   vertex 30.365 6.285 0.1
   vertex 30.365 6.095 0.1
  endloop
 endfacet
  facet normal 0 0 0
    outer loop
   vertex 30.535 6.285 0.1
   vertex 30.365 6.285 0.1
   vertex 30.535 6.095 0.1
  endloop
 endfacet
  facet normal 0 0 0
    outer loop
   vertex 30.365 6.815 0.1
   vertex 30.3 6.885 0.1
   vertex 30.365 6.645 0.1
  endloop
 endfacet
  facet normal 0 0 0
    outer loop
   vertex 30.6 6.885 0.1
   vertex 30.535 7.005 0.1
   vertex 30.535 6.815 0.1
  endloop
 endfacet
  facet normal 0 0 0
    outer loop
   vertex 30.6 6.885 0.1
   vertex 30.535 6.815 0.1
   vertex 30.535 6.645 0.1
  endloop
 endfacet
  facet normal 0 0 0
    outer loop
   vertex 30.535 6.645 0.1
   vertex 30.535 6.455 0.1
   vertex 30.6 6.448 0.1
  endloop
 endfacet
  facet normal 0 0 0
    outer loop
   vertex 30.6 6.885 0.1
   vertex 30.535 6.645 0.1
   vertex 30.6 6.448 0.1
  endloop
 endfacet
  facet normal 0 0 0
    outer loop
   vertex 30.365 5.735 0.1
   vertex 30.3 5.573 0.1
   vertex 30.365 5.565 0.1
  endloop
 endfacet
  facet normal 0 0 0
    outer loop
   vertex 30.365 5.375 0.1
   vertex 30.3 5.573 0.1
   vertex 30.3 5.135 0.1
  endloop
 endfacet
  facet normal 0 0 0
    outer loop
   vertex 30.365 5.565 0.1
   vertex 30.3 5.573 0.1
   vertex 30.365 5.375 0.1
  endloop
 endfacet
  facet normal 0 0 0
    outer loop
   vertex 30.365 6.455 0.1
   vertex 30.3 6.448 0.1
   vertex 30.365 6.285 0.1
  endloop
 endfacet
  facet normal 0 0 0
    outer loop
   vertex 30.365 6.455 0.1
   vertex 30.365 6.645 0.1
   vertex 30.3 6.448 0.1
  endloop
 endfacet
  facet normal 0 0 0
    outer loop
   vertex 30.365 6.645 0.1
   vertex 30.3 6.885 0.1
   vertex 30.3 6.448 0.1
  endloop
 endfacet
  facet normal 0 0 0
    outer loop
   vertex 30.365 4.485 0.1
   vertex 30.3 4.698 0.1
   vertex 30.3 4.26 0.1
  endloop
 endfacet
  facet normal 0 0 0
    outer loop
   vertex 30.365 4.655 0.1
   vertex 30.3 4.698 0.1
   vertex 30.365 4.485 0.1
  endloop
 endfacet
  facet normal 0 0 0
    outer loop
   vertex 30.365 4.845 0.1
   vertex 30.3 4.698 0.1
   vertex 30.365 4.655 0.1
  endloop
 endfacet
  facet normal 0 0 0
    outer loop
   vertex 30.6 4.698 0.1
   vertex 30.535 4.485 0.1
   vertex 30.6 4.26 0.1
  endloop
 endfacet
  facet normal 0 0 0
    outer loop
   vertex 30.535 6.455 0.1
   vertex 30.365 6.645 0.1
   vertex 30.365 6.455 0.1
  endloop
 endfacet
  facet normal 0 0 0
    outer loop
   vertex 30.535 6.645 0.1
   vertex 30.365 6.645 0.1
   vertex 30.535 6.455 0.1
  endloop
 endfacet
  facet normal 0 0 0
    outer loop
   vertex 30.535 4.655 0.1
   vertex 30.365 4.845 0.1
   vertex 30.365 4.655 0.1
  endloop
 endfacet
  facet normal 0 0 0
    outer loop
   vertex 30.535 4.845 0.1
   vertex 30.365 4.845 0.1
   vertex 30.535 4.655 0.1
  endloop
 endfacet
  facet normal 0 0 0
    outer loop
   vertex 30.6 4.698 0.1
   vertex 30.535 4.655 0.1
   vertex 30.535 4.485 0.1
  endloop
 endfacet
  facet normal 0 0 0
    outer loop
   vertex 30.6 4.698 0.1
   vertex 30.535 4.845 0.1
   vertex 30.535 4.655 0.1
  endloop
 endfacet
  facet normal 0 0 0
    outer loop
   vertex 30.365 7.175 0.1
   vertex 30.3 7.323 0.1
   vertex 30.3 7.104 0.1
  endloop
 endfacet
  facet normal 0 0 0
    outer loop
   vertex 30.365 7.175 0.1
   vertex 30.3 7.104 0.1
   vertex 30.365 7.005 0.1
  endloop
 endfacet
  facet normal 0 0 0
    outer loop
   vertex 30.365 7.005 0.1
   vertex 30.3 7.104 0.1
   vertex 30.3 6.885 0.1
  endloop
 endfacet
  facet normal 0 0 0
    outer loop
   vertex 30.6 7.323 0.1
   vertex 30.535 7.175 0.1
   vertex 30.6 7.104 0.1
  endloop
 endfacet
  facet normal 0 0 0
    outer loop
   vertex 30.6 7.104 0.1
   vertex 30.535 7.005 0.1
   vertex 30.6 6.885 0.1
  endloop
 endfacet
  facet normal 0 0 0
    outer loop
   vertex 30.6 7.104 0.1
   vertex 30.535 7.175 0.1
   vertex 30.535 7.005 0.1
  endloop
 endfacet
  facet normal 0 0 0
    outer loop
   vertex 30.6 5.791 0.1
   vertex 30.535 5.735 0.1
   vertex 30.6 5.573 0.1
  endloop
 endfacet
  facet normal 0 0 0
    outer loop
   vertex 30.6 5.791 0.1
   vertex 30.535 5.925 0.1
   vertex 30.535 5.735 0.1
  endloop
 endfacet
  facet normal 0 0 0
    outer loop
   vertex 30.535 5.015 0.1
   vertex 30.365 5.205 0.1
   vertex 30.365 5.015 0.1
  endloop
 endfacet
  facet normal 0 0 0
    outer loop
   vertex 30.535 5.205 0.1
   vertex 30.365 5.205 0.1
   vertex 30.535 5.015 0.1
  endloop
 endfacet
  facet normal 0 0 0
    outer loop
   vertex 30.6 7.76 0.1
   vertex 30.535 7.535 0.1
   vertex 30.6 7.323 0.1
  endloop
 endfacet
  facet normal 0 0 0
    outer loop
   vertex 30.6 6.01 0.1
   vertex 30.535 5.925 0.1
   vertex 30.6 5.791 0.1
  endloop
 endfacet
  facet normal 0 0 0
    outer loop
   vertex 30.6 6.448 0.1
   vertex 30.535 6.285 0.1
   vertex 30.6 6.229 0.1
  endloop
 endfacet
  facet normal 0 0 0
    outer loop
   vertex 30.6 6.229 0.1
   vertex 30.535 6.095 0.1
   vertex 30.6 6.01 0.1
  endloop
 endfacet
  facet normal 0 0 0
    outer loop
   vertex 30.535 7.535 0.1
   vertex 30.535 7.365 0.1
   vertex 30.6 7.323 0.1
  endloop
 endfacet
  facet normal 0 0 0
    outer loop
   vertex 30.6 7.323 0.1
   vertex 30.535 7.365 0.1
   vertex 30.535 7.175 0.1
  endloop
 endfacet
  facet normal 0 0 0
    outer loop
   vertex 30.365 7.535 0.1
   vertex 30.3 7.76 0.1
   vertex 30.3 7.323 0.1
  endloop
 endfacet
  facet normal 0 0 0
    outer loop
   vertex 30.6 6.229 0.1
   vertex 30.535 6.285 0.1
   vertex 30.535 6.095 0.1
  endloop
 endfacet
  facet normal 0 0 0
    outer loop
   vertex 30.365 5.735 0.1
   vertex 30.3 5.791 0.1
   vertex 30.3 5.573 0.1
  endloop
 endfacet
  facet normal 0 0 0
    outer loop
   vertex 30.365 5.925 0.1
   vertex 30.3 5.791 0.1
   vertex 30.365 5.735 0.1
  endloop
 endfacet
  facet normal 0 0 0
    outer loop
   vertex 30.365 7.365 0.1
   vertex 30.365 7.535 0.1
   vertex 30.3 7.323 0.1
  endloop
 endfacet
  facet normal 0 0 0
    outer loop
   vertex 30.365 7.365 0.1
   vertex 30.3 7.323 0.1
   vertex 30.365 7.175 0.1
  endloop
 endfacet
  facet normal 0 0 0
    outer loop
   vertex 30.535 6.815 0.1
   vertex 30.365 7.005 0.1
   vertex 30.365 6.815 0.1
  endloop
 endfacet
  facet normal 0 0 0
    outer loop
   vertex 30.535 7.005 0.1
   vertex 30.365 7.005 0.1
   vertex 30.535 6.815 0.1
  endloop
 endfacet
  facet normal 0 0 0
    outer loop
   vertex 30.535 7.175 0.1
   vertex 30.365 7.365 0.1
   vertex 30.365 7.175 0.1
  endloop
 endfacet
  facet normal 0 0 0
    outer loop
   vertex 30.6 5.573 0.1
   vertex 30.535 5.735 0.1
   vertex 30.535 5.565 0.1
  endloop
 endfacet
  facet normal 0 0 0
    outer loop
   vertex 30.365 5.925 0.1
   vertex 30.3 6.01 0.1
   vertex 30.3 5.791 0.1
  endloop
 endfacet
  facet normal 0 0 0
    outer loop
   vertex 30.365 6.285 0.1
   vertex 30.3 6.448 0.1
   vertex 30.3 6.229 0.1
  endloop
 endfacet
  facet normal 0 0 0
    outer loop
   vertex 30.365 6.285 0.1
   vertex 30.3 6.229 0.1
   vertex 30.365 6.095 0.1
  endloop
 endfacet
  facet normal 0 0 0
    outer loop
   vertex 30.365 6.095 0.1
   vertex 30.3 6.229 0.1
   vertex 30.3 6.01 0.1
  endloop
 endfacet
  facet normal 0 0 0
    outer loop
   vertex 30.365 4.845 0.1
   vertex 30.3 4.916 0.1
   vertex 30.3 4.698 0.1
  endloop
 endfacet
  facet normal 0 0 0
    outer loop
   vertex 30.365 5.015 0.1
   vertex 30.3 4.916 0.1
   vertex 30.365 4.845 0.1
  endloop
 endfacet
  facet normal 0 0 0
    outer loop
   vertex 30.6 5.573 0.1
   vertex 30.535 5.565 0.1
   vertex 30.535 5.375 0.1
  endloop
 endfacet
  facet normal 0 0 0
    outer loop
   vertex 30.6 5.573 0.1
   vertex 30.535 5.375 0.1
   vertex 30.6 5.135 0.1
  endloop
 endfacet
  facet normal 0 0 0
    outer loop
   vertex 30.535 7.365 0.1
   vertex 30.365 7.365 0.1
   vertex 30.535 7.175 0.1
  endloop
 endfacet
  facet normal 0 0 0
    outer loop
   vertex 30.365 5.015 0.1
   vertex 30.3 5.135 0.1
   vertex 30.3 4.916 0.1
  endloop
 endfacet
  facet normal 0 0 0
    outer loop
   vertex 30.6 4.916 0.1
   vertex 30.535 4.845 0.1
   vertex 30.6 4.698 0.1
  endloop
 endfacet
  facet normal 0 0 0
    outer loop
   vertex 30.6 4.916 0.1
   vertex 30.535 5.015 0.1
   vertex 30.535 4.845 0.1
  endloop
 endfacet
  facet normal 0 0 0
    outer loop
   vertex 30.6 7.76 0.1
   vertex 30.3 7.76 0.1
   vertex 30.535 7.535 0.1
  endloop
 endfacet
  facet normal 0 0 0
    outer loop
   vertex 30.535 7.535 0.1
   vertex 30.3 7.76 0.1
   vertex 30.365 7.535 0.1
  endloop
 endfacet
  facet normal 0 0 0
    outer loop
   vertex 30.6 6.448 0.1
   vertex 30.535 6.455 0.1
   vertex 30.535 6.285 0.1
  endloop
 endfacet
  facet normal 0 0 0
    outer loop
   vertex 30.6 5.135 0.1
   vertex 30.535 5.015 0.1
   vertex 30.6 4.916 0.1
  endloop
 endfacet
  facet normal 0 0 0
    outer loop
   vertex 30.6 4.26 0.1
   vertex 30.365 4.485 0.1
   vertex 30.3 4.26 0.1
  endloop
 endfacet
  facet normal 0 0 0
    outer loop
   vertex 30.535 4.485 0.1
   vertex 30.365 4.485 0.1
   vertex 30.6 4.26 0.1
  endloop
 endfacet
  facet normal 0 0 0
    outer loop
   vertex 30.6 6.01 0.1
   vertex 30.535 6.095 0.1
   vertex 30.535 5.925 0.1
  endloop
 endfacet
  facet normal 0 0 0
    outer loop
   vertex 30.365 6.095 0.1
   vertex 30.3 6.01 0.1
   vertex 30.365 5.925 0.1
  endloop
 endfacet
  facet normal 0 0 0
    outer loop
   vertex 30.365 5.205 0.1
   vertex 30.3 5.135 0.1
   vertex 30.365 5.015 0.1
  endloop
 endfacet
  facet normal 0 0 0
    outer loop
   vertex 30.365 5.205 0.1
   vertex 30.365 5.375 0.1
   vertex 30.3 5.135 0.1
  endloop
 endfacet
  facet normal 0 0 0
    outer loop
   vertex 30.535 5.375 0.1
   vertex 30.365 5.565 0.1
   vertex 30.365 5.375 0.1
  endloop
 endfacet
  facet normal 0 0 0
    outer loop
   vertex 30.535 5.565 0.1
   vertex 30.365 5.565 0.1
   vertex 30.535 5.375 0.1
  endloop
 endfacet
  facet normal 0 0 0
    outer loop
   vertex 30.535 5.735 0.1
   vertex 30.365 5.925 0.1
   vertex 30.365 5.735 0.1
  endloop
 endfacet
  facet normal 0 0 0
    outer loop
   vertex 30.6 5.135 0.1
   vertex 30.535 5.205 0.1
   vertex 30.535 5.015 0.1
  endloop
 endfacet
  facet normal 0 0 0
    outer loop
   vertex 30.3 7.76 0
   vertex 30.3 7.76 0.1
   vertex 30.6 7.76 0.1
  endloop
 endfacet
  facet normal 0 0 0
    outer loop
   vertex 30.3 7.76 0
   vertex 30.6 7.76 0.1
   vertex 30.6 7.76 0
  endloop
 endfacet
  facet normal 0 0 0
    outer loop
   vertex 30.3 4.26 0
   vertex 30.3 4.26 0.1
   vertex 30.3 4.479 0
  endloop
 endfacet
  facet normal 0 0 0
    outer loop
   vertex 30.3 4.479 0
   vertex 30.3 4.698 0.1
   vertex 30.3 4.698 0
  endloop
 endfacet
  facet normal 0 0 0
    outer loop
   vertex 30.3 4.479 0
   vertex 30.3 4.26 0.1
   vertex 30.3 4.698 0.1
  endloop
 endfacet
  facet normal 0 0 0
    outer loop
   vertex 30.3 4.698 0
   vertex 30.3 4.698 0.1
   vertex 30.3 4.916 0.1
  endloop
 endfacet
  facet normal 0 0 0
    outer loop
   vertex 30.3 5.135 0
   vertex 30.3 4.916 0.1
   vertex 30.3 5.135 0.1
  endloop
 endfacet
  facet normal 0 0 0
    outer loop
   vertex 30.3 4.698 0
   vertex 30.3 4.916 0.1
   vertex 30.3 5.135 0
  endloop
 endfacet
  facet normal 0 0 0
    outer loop
   vertex 30.3 5.354 0
   vertex 30.3 5.573 0.1
   vertex 30.3 5.573 0
  endloop
 endfacet
  facet normal 0 0 0
    outer loop
   vertex 30.3 5.135 0
   vertex 30.3 5.135 0.1
   vertex 30.3 5.354 0
  endloop
 endfacet
  facet normal 0 0 0
    outer loop
   vertex 30.3 5.354 0
   vertex 30.3 5.135 0.1
   vertex 30.3 5.573 0.1
  endloop
 endfacet
  facet normal 0 0 0
    outer loop
   vertex 30.3 5.573 0
   vertex 30.3 5.573 0.1
   vertex 30.3 5.791 0
  endloop
 endfacet
  facet normal 0 0 0
    outer loop
   vertex 30.3 5.791 0
   vertex 30.3 6.01 0.1
   vertex 30.3 6.01 0
  endloop
 endfacet
  facet normal 0 0 0
    outer loop
   vertex 30.3 5.791 0
   vertex 30.3 5.573 0.1
   vertex 30.3 6.01 0.1
  endloop
 endfacet
  facet normal 0 0 0
    outer loop
   vertex 30.3 7.104 0
   vertex 30.3 7.323 0.1
   vertex 30.3 7.323 0
  endloop
 endfacet
  facet normal 0 0 0
    outer loop
   vertex 30.3 6.885 0
   vertex 30.3 6.885 0.1
   vertex 30.3 7.104 0
  endloop
 endfacet
  facet normal 0 0 0
    outer loop
   vertex 30.3 7.104 0
   vertex 30.3 6.885 0.1
   vertex 30.3 7.323 0.1
  endloop
 endfacet
  facet normal 0 0 0
    outer loop
   vertex 30.3 7.323 0
   vertex 30.3 7.323 0.1
   vertex 30.3 7.541 0
  endloop
 endfacet
  facet normal 0 0 0
    outer loop
   vertex 30.3 7.541 0
   vertex 30.3 7.76 0.1
   vertex 30.3 7.76 0
  endloop
 endfacet
  facet normal 0 0 0
    outer loop
   vertex 30.3 7.541 0
   vertex 30.3 7.323 0.1
   vertex 30.3 7.76 0.1
  endloop
 endfacet
  facet normal 0 0 0
    outer loop
   vertex 30.3 6.885 0
   vertex 30.3 6.666 0.1
   vertex 30.3 6.885 0.1
  endloop
 endfacet
  facet normal 0 0 0
    outer loop
   vertex 30.3 6.448 0
   vertex 30.3 6.448 0.1
   vertex 30.3 6.666 0.1
  endloop
 endfacet
  facet normal 0 0 0
    outer loop
   vertex 30.3 6.448 0
   vertex 30.3 6.666 0.1
   vertex 30.3 6.885 0
  endloop
 endfacet
  facet normal 0 0 0
    outer loop
   vertex 30.3 6.229 0
   vertex 30.3 6.448 0.1
   vertex 30.3 6.448 0
  endloop
 endfacet
  facet normal 0 0 0
    outer loop
   vertex 30.3 6.01 0
   vertex 30.3 6.01 0.1
   vertex 30.3 6.229 0
  endloop
 endfacet
  facet normal 0 0 0
    outer loop
   vertex 30.3 6.229 0
   vertex 30.3 6.01 0.1
   vertex 30.3 6.448 0.1
  endloop
 endfacet
  facet normal 0 0 0
    outer loop
   vertex 30.3 21.3 0
   vertex 30.3 21.3 0.1
   vertex 30.3 21.519 0
  endloop
 endfacet
  facet normal 0 0 0
    outer loop
   vertex 30.3 21.519 0
   vertex 30.3 21.738 0.1
   vertex 30.3 21.738 0
  endloop
 endfacet
  facet normal 0 0 0
    outer loop
   vertex 30.3 21.519 0
   vertex 30.3 21.3 0.1
   vertex 30.3 21.738 0.1
  endloop
 endfacet
  facet normal 0 0 0
    outer loop
   vertex 30.3 21.738 0
   vertex 30.3 21.738 0.1
   vertex 30.3 21.956 0.1
  endloop
 endfacet
  facet normal 0 0 0
    outer loop
   vertex 30.3 22.175 0
   vertex 30.3 21.956 0.1
   vertex 30.3 22.175 0.1
  endloop
 endfacet
  facet normal 0 0 0
    outer loop
   vertex 30.3 21.738 0
   vertex 30.3 21.956 0.1
   vertex 30.3 22.175 0
  endloop
 endfacet
  facet normal 0 0 0
    outer loop
   vertex 30.3 22.394 0
   vertex 30.3 22.613 0.1
   vertex 30.3 22.613 0
  endloop
 endfacet
  facet normal 0 0 0
    outer loop
   vertex 30.3 22.175 0
   vertex 30.3 22.175 0.1
   vertex 30.3 22.394 0
  endloop
 endfacet
  facet normal 0 0 0
    outer loop
   vertex 30.3 22.394 0
   vertex 30.3 22.175 0.1
   vertex 30.3 22.613 0.1
  endloop
 endfacet
  facet normal 0 0 0
    outer loop
   vertex 30.3 22.613 0
   vertex 30.3 22.613 0.1
   vertex 30.3 22.831 0
  endloop
 endfacet
  facet normal 0 0 0
    outer loop
   vertex 30.3 22.831 0
   vertex 30.3 23.05 0.1
   vertex 30.3 23.05 0
  endloop
 endfacet
  facet normal 0 0 0
    outer loop
   vertex 30.3 22.831 0
   vertex 30.3 22.613 0.1
   vertex 30.3 23.05 0.1
  endloop
 endfacet
  facet normal 0 0 0
    outer loop
   vertex 30.3 24.144 0
   vertex 30.3 24.363 0.1
   vertex 30.3 24.363 0
  endloop
 endfacet
  facet normal 0 0 0
    outer loop
   vertex 30.3 23.925 0
   vertex 30.3 23.925 0.1
   vertex 30.3 24.144 0
  endloop
 endfacet
  facet normal 0 0 0
    outer loop
   vertex 30.3 24.144 0
   vertex 30.3 23.925 0.1
   vertex 30.3 24.363 0.1
  endloop
 endfacet
  facet normal 0 0 0
    outer loop
   vertex 30.3 24.363 0
   vertex 30.3 24.363 0.1
   vertex 30.3 24.581 0
  endloop
 endfacet
  facet normal 0 0 0
    outer loop
   vertex 30.3 24.581 0
   vertex 30.3 24.8 0.1
   vertex 30.3 24.8 0
  endloop
 endfacet
  facet normal 0 0 0
    outer loop
   vertex 30.3 24.581 0
   vertex 30.3 24.363 0.1
   vertex 30.3 24.8 0.1
  endloop
 endfacet
  facet normal 0 0 0
    outer loop
   vertex 30.3 23.925 0
   vertex 30.3 23.706 0.1
   vertex 30.3 23.925 0.1
  endloop
 endfacet
  facet normal 0 0 0
    outer loop
   vertex 30.3 23.488 0
   vertex 30.3 23.488 0.1
   vertex 30.3 23.706 0.1
  endloop
 endfacet
  facet normal 0 0 0
    outer loop
   vertex 30.3 23.488 0
   vertex 30.3 23.706 0.1
   vertex 30.3 23.925 0
  endloop
 endfacet
  facet normal 0 0 0
    outer loop
   vertex 30.3 23.269 0
   vertex 30.3 23.488 0.1
   vertex 30.3 23.488 0
  endloop
 endfacet
  facet normal 0 0 0
    outer loop
   vertex 30.3 23.05 0
   vertex 30.3 23.05 0.1
   vertex 30.3 23.269 0
  endloop
 endfacet
  facet normal 0 0 0
    outer loop
   vertex 30.3 23.269 0
   vertex 30.3 23.05 0.1
   vertex 30.3 23.488 0.1
  endloop
 endfacet
  facet normal 0 0 0
    outer loop
   vertex 30.6 4.26 0
   vertex 30.6 4.26 0.1
   vertex 30.3 4.26 0.1
  endloop
 endfacet
  facet normal 0 0 0
    outer loop
   vertex 30.6 4.26 0
   vertex 30.3 4.26 0.1
   vertex 30.3 4.26 0
  endloop
 endfacet
  facet normal 0 0 0
    outer loop
   vertex 30.6 24.8 0
   vertex 30.6 24.8 0.1
   vertex 30.6 24.581 0
  endloop
 endfacet
  facet normal 0 0 0
    outer loop
   vertex 30.6 24.581 0
   vertex 30.6 24.363 0.1
   vertex 30.6 24.363 0
  endloop
 endfacet
  facet normal 0 0 0
    outer loop
   vertex 30.6 24.581 0
   vertex 30.6 24.8 0.1
   vertex 30.6 24.363 0.1
  endloop
 endfacet
  facet normal 0 0 0
    outer loop
   vertex 30.6 24.363 0
   vertex 30.6 24.363 0.1
   vertex 30.6 24.144 0.1
  endloop
 endfacet
  facet normal 0 0 0
    outer loop
   vertex 30.6 23.925 0
   vertex 30.6 24.144 0.1
   vertex 30.6 23.925 0.1
  endloop
 endfacet
  facet normal 0 0 0
    outer loop
   vertex 30.6 24.363 0
   vertex 30.6 24.144 0.1
   vertex 30.6 23.925 0
  endloop
 endfacet
  facet normal 0 0 0
    outer loop
   vertex 30.6 23.706 0
   vertex 30.6 23.488 0.1
   vertex 30.6 23.488 0
  endloop
 endfacet
  facet normal 0 0 0
    outer loop
   vertex 30.6 23.925 0
   vertex 30.6 23.925 0.1
   vertex 30.6 23.706 0
  endloop
 endfacet
  facet normal 0 0 0
    outer loop
   vertex 30.6 23.706 0
   vertex 30.6 23.925 0.1
   vertex 30.6 23.488 0.1
  endloop
 endfacet
  facet normal 0 0 0
    outer loop
   vertex 30.6 23.488 0
   vertex 30.6 23.488 0.1
   vertex 30.6 23.269 0
  endloop
 endfacet
  facet normal 0 0 0
    outer loop
   vertex 30.6 23.269 0
   vertex 30.6 23.05 0.1
   vertex 30.6 23.05 0
  endloop
 endfacet
  facet normal 0 0 0
    outer loop
   vertex 30.6 23.269 0
   vertex 30.6 23.488 0.1
   vertex 30.6 23.05 0.1
  endloop
 endfacet
  facet normal 0 0 0
    outer loop
   vertex 30.6 21.956 0
   vertex 30.6 21.738 0.1
   vertex 30.6 21.738 0
  endloop
 endfacet
  facet normal 0 0 0
    outer loop
   vertex 30.6 22.175 0
   vertex 30.6 22.175 0.1
   vertex 30.6 21.956 0
  endloop
 endfacet
  facet normal 0 0 0
    outer loop
   vertex 30.6 21.956 0
   vertex 30.6 22.175 0.1
   vertex 30.6 21.738 0.1
  endloop
 endfacet
  facet normal 0 0 0
    outer loop
   vertex 30.6 21.738 0
   vertex 30.6 21.738 0.1
   vertex 30.6 21.519 0
  endloop
 endfacet
  facet normal 0 0 0
    outer loop
   vertex 30.6 21.519 0
   vertex 30.6 21.3 0.1
   vertex 30.6 21.3 0
  endloop
 endfacet
  facet normal 0 0 0
    outer loop
   vertex 30.6 21.519 0
   vertex 30.6 21.738 0.1
   vertex 30.6 21.3 0.1
  endloop
 endfacet
  facet normal 0 0 0
    outer loop
   vertex 30.6 22.175 0
   vertex 30.6 22.394 0.1
   vertex 30.6 22.175 0.1
  endloop
 endfacet
  facet normal 0 0 0
    outer loop
   vertex 30.6 22.613 0
   vertex 30.6 22.613 0.1
   vertex 30.6 22.394 0.1
  endloop
 endfacet
  facet normal 0 0 0
    outer loop
   vertex 30.6 22.613 0
   vertex 30.6 22.394 0.1
   vertex 30.6 22.175 0
  endloop
 endfacet
  facet normal 0 0 0
    outer loop
   vertex 30.6 22.831 0
   vertex 30.6 22.613 0.1
   vertex 30.6 22.613 0
  endloop
 endfacet
  facet normal 0 0 0
    outer loop
   vertex 30.6 23.05 0
   vertex 30.6 23.05 0.1
   vertex 30.6 22.831 0
  endloop
 endfacet
  facet normal 0 0 0
    outer loop
   vertex 30.6 22.831 0
   vertex 30.6 23.05 0.1
   vertex 30.6 22.613 0.1
  endloop
 endfacet
  facet normal 0 0 0
    outer loop
   vertex 30.6 7.76 0
   vertex 30.6 7.76 0.1
   vertex 30.6 7.541 0
  endloop
 endfacet
  facet normal 0 0 0
    outer loop
   vertex 30.6 7.541 0
   vertex 30.6 7.323 0.1
   vertex 30.6 7.323 0
  endloop
 endfacet
  facet normal 0 0 0
    outer loop
   vertex 30.6 7.541 0
   vertex 30.6 7.76 0.1
   vertex 30.6 7.323 0.1
  endloop
 endfacet
  facet normal 0 0 0
    outer loop
   vertex 30.6 7.323 0
   vertex 30.6 7.323 0.1
   vertex 30.6 7.104 0.1
  endloop
 endfacet
  facet normal 0 0 0
    outer loop
   vertex 30.6 6.885 0
   vertex 30.6 7.104 0.1
   vertex 30.6 6.885 0.1
  endloop
 endfacet
  facet normal 0 0 0
    outer loop
   vertex 30.6 7.323 0
   vertex 30.6 7.104 0.1
   vertex 30.6 6.885 0
  endloop
 endfacet
  facet normal 0 0 0
    outer loop
   vertex 30.6 6.666 0
   vertex 30.6 6.448 0.1
   vertex 30.6 6.448 0
  endloop
 endfacet
  facet normal 0 0 0
    outer loop
   vertex 30.6 6.885 0
   vertex 30.6 6.885 0.1
   vertex 30.6 6.666 0
  endloop
 endfacet
  facet normal 0 0 0
    outer loop
   vertex 30.6 6.666 0
   vertex 30.6 6.885 0.1
   vertex 30.6 6.448 0.1
  endloop
 endfacet
  facet normal 0 0 0
    outer loop
   vertex 30.6 6.448 0
   vertex 30.6 6.448 0.1
   vertex 30.6 6.229 0
  endloop
 endfacet
  facet normal 0 0 0
    outer loop
   vertex 30.6 6.229 0
   vertex 30.6 6.01 0.1
   vertex 30.6 6.01 0
  endloop
 endfacet
  facet normal 0 0 0
    outer loop
   vertex 30.6 6.229 0
   vertex 30.6 6.448 0.1
   vertex 30.6 6.01 0.1
  endloop
 endfacet
  facet normal 0 0 0
    outer loop
   vertex 30.6 4.916 0
   vertex 30.6 4.698 0.1
   vertex 30.6 4.698 0
  endloop
 endfacet
  facet normal 0 0 0
    outer loop
   vertex 30.6 5.135 0
   vertex 30.6 5.135 0.1
   vertex 30.6 4.916 0
  endloop
 endfacet
  facet normal 0 0 0
    outer loop
   vertex 30.6 4.916 0
   vertex 30.6 5.135 0.1
   vertex 30.6 4.698 0.1
  endloop
 endfacet
  facet normal 0 0 0
    outer loop
   vertex 30.6 4.698 0
   vertex 30.6 4.698 0.1
   vertex 30.6 4.479 0
  endloop
 endfacet
  facet normal 0 0 0
    outer loop
   vertex 30.6 4.479 0
   vertex 30.6 4.26 0.1
   vertex 30.6 4.26 0
  endloop
 endfacet
  facet normal 0 0 0
    outer loop
   vertex 30.6 4.479 0
   vertex 30.6 4.698 0.1
   vertex 30.6 4.26 0.1
  endloop
 endfacet
  facet normal 0 0 0
    outer loop
   vertex 30.6 5.135 0
   vertex 30.6 5.354 0.1
   vertex 30.6 5.135 0.1
  endloop
 endfacet
  facet normal 0 0 0
    outer loop
   vertex 30.6 5.573 0
   vertex 30.6 5.573 0.1
   vertex 30.6 5.354 0.1
  endloop
 endfacet
  facet normal 0 0 0
    outer loop
   vertex 30.6 5.573 0
   vertex 30.6 5.354 0.1
   vertex 30.6 5.135 0
  endloop
 endfacet
  facet normal 0 0 0
    outer loop
   vertex 30.6 5.791 0
   vertex 30.6 5.573 0.1
   vertex 30.6 5.573 0
  endloop
 endfacet
  facet normal 0 0 0
    outer loop
   vertex 30.6 6.01 0
   vertex 30.6 6.01 0.1
   vertex 30.6 5.791 0
  endloop
 endfacet
  facet normal 0 0 0
    outer loop
   vertex 30.6 5.791 0
   vertex 30.6 6.01 0.1
   vertex 30.6 5.573 0.1
  endloop
 endfacet
  facet normal 0 0 0
    outer loop
   vertex 36.85 12.78 0
   vertex 36.85 12.78 0.1
   vertex 36.55 12.78 0.1
  endloop
 endfacet
  facet normal 0 0 0
    outer loop
   vertex 36.85 12.78 0
   vertex 36.55 12.78 0.1
   vertex 36.55 12.78 0
  endloop
 endfacet
  facet normal 0 0 0
    outer loop
   vertex 24.35 12.78 0
   vertex 24.35 12.78 0.1
   vertex 24.05 12.78 0.1
  endloop
 endfacet
  facet normal 0 0 0
    outer loop
   vertex 24.35 12.78 0
   vertex 24.05 12.78 0.1
   vertex 24.05 12.78 0
  endloop
 endfacet
  facet normal 0 0 0
    outer loop
   vertex -9.32 14.91 0
   vertex -9.32 14.91 0.1
   vertex -9.02 14.91 0.1
  endloop
 endfacet
  facet normal 0 0 0
    outer loop
   vertex -9.32 14.91 0
   vertex -9.02 14.91 0.1
   vertex -9.02 14.91 0
  endloop
 endfacet
  facet normal 0 0 0
    outer loop
   vertex -7.47 14.91 0
   vertex -7.47 14.91 0.1
   vertex -7.17 14.91 0.1
  endloop
 endfacet
  facet normal 0 0 0
    outer loop
   vertex -7.47 14.91 0
   vertex -7.17 14.91 0.1
   vertex -7.17 14.91 0
  endloop
 endfacet
  facet normal 0 0 0
    outer loop
   vertex -6.52 14.91 0
   vertex -6.52 14.91 0.1
   vertex -6.22 14.91 0.1
  endloop
 endfacet
  facet normal 0 0 0
    outer loop
   vertex -6.52 14.91 0
   vertex -6.22 14.91 0.1
   vertex -6.22 14.91 0
  endloop
 endfacet
  facet normal 0 0 0
    outer loop
   vertex -4.67 14.91 0
   vertex -4.67 14.91 0.1
   vertex -4.37 14.91 0.1
  endloop
 endfacet
  facet normal 0 0 0
    outer loop
   vertex -4.67 14.91 0
   vertex -4.37 14.91 0.1
   vertex -4.37 14.91 0
  endloop
 endfacet
  facet normal 0 0 0
    outer loop
   vertex -4.37 14.49 0
   vertex -4.37 14.49 0.1
   vertex -4.67 14.49 0.1
  endloop
 endfacet
  facet normal 0 0 0
    outer loop
   vertex -4.37 14.49 0
   vertex -4.67 14.49 0.1
   vertex -4.67 14.49 0
  endloop
 endfacet
  facet normal 0 0 0
    outer loop
   vertex -6.22 14.49 0
   vertex -6.22 14.49 0.1
   vertex -6.52 14.49 0.1
  endloop
 endfacet
  facet normal 0 0 0
    outer loop
   vertex -6.22 14.49 0
   vertex -6.52 14.49 0.1
   vertex -6.52 14.49 0
  endloop
 endfacet
  facet normal 0 0 0
    outer loop
   vertex -7.17 14.49 0
   vertex -7.17 14.49 0.1
   vertex -7.47 14.49 0.1
  endloop
 endfacet
  facet normal 0 0 0
    outer loop
   vertex -7.17 14.49 0
   vertex -7.47 14.49 0.1
   vertex -7.47 14.49 0
  endloop
 endfacet
  facet normal 0 0 0
    outer loop
   vertex -9.02 14.49 0
   vertex -9.02 14.49 0.1
   vertex -9.32 14.49 0.1
  endloop
 endfacet
  facet normal 0 0 0
    outer loop
   vertex -9.02 14.49 0
   vertex -9.32 14.49 0.1
   vertex -9.32 14.49 0
  endloop
 endfacet
  facet normal 0 0 0
    outer loop
   vertex -9.32 14.49 0
   vertex -9.32 14.49 0.1
   vertex -9.32 14.7 0
  endloop
 endfacet
  facet normal 0 0 0
    outer loop
   vertex -9.32 14.7 0
   vertex -9.32 14.91 0.1
   vertex -9.32 14.91 0
  endloop
 endfacet
  facet normal 0 0 0
    outer loop
   vertex -9.32 14.7 0
   vertex -9.32 14.49 0.1
   vertex -9.32 14.91 0.1
  endloop
 endfacet
  facet normal 0 0 0
    outer loop
   vertex -9.02 14.91 0
   vertex -9.02 14.91 0.1
   vertex -9.02 14.7 0
  endloop
 endfacet
  facet normal 0 0 0
    outer loop
   vertex -9.02 14.7 0
   vertex -9.02 14.49 0.1
   vertex -9.02 14.49 0
  endloop
 endfacet
  facet normal 0 0 0
    outer loop
   vertex -9.02 14.7 0
   vertex -9.02 14.91 0.1
   vertex -9.02 14.49 0.1
  endloop
 endfacet
  facet normal 0 0 0
    outer loop
   vertex -7.47 14.49 0
   vertex -7.47 14.49 0.1
   vertex -7.47 14.7 0
  endloop
 endfacet
  facet normal 0 0 0
    outer loop
   vertex -7.47 14.7 0
   vertex -7.47 14.91 0.1
   vertex -7.47 14.91 0
  endloop
 endfacet
  facet normal 0 0 0
    outer loop
   vertex -7.47 14.7 0
   vertex -7.47 14.49 0.1
   vertex -7.47 14.91 0.1
  endloop
 endfacet
  facet normal 0 0 0
    outer loop
   vertex -7.17 14.91 0
   vertex -7.17 14.91 0.1
   vertex -7.17 14.7 0
  endloop
 endfacet
  facet normal 0 0 0
    outer loop
   vertex -7.17 14.7 0
   vertex -7.17 14.49 0.1
   vertex -7.17 14.49 0
  endloop
 endfacet
  facet normal 0 0 0
    outer loop
   vertex -7.17 14.7 0
   vertex -7.17 14.91 0.1
   vertex -7.17 14.49 0.1
  endloop
 endfacet
  facet normal 0 0 0
    outer loop
   vertex -6.52 14.49 0
   vertex -6.52 14.49 0.1
   vertex -6.52 14.7 0
  endloop
 endfacet
  facet normal 0 0 0
    outer loop
   vertex -6.52 14.7 0
   vertex -6.52 14.91 0.1
   vertex -6.52 14.91 0
  endloop
 endfacet
  facet normal 0 0 0
    outer loop
   vertex -6.52 14.7 0
   vertex -6.52 14.49 0.1
   vertex -6.52 14.91 0.1
  endloop
 endfacet
  facet normal 0 0 0
    outer loop
   vertex -6.22 14.91 0
   vertex -6.22 14.91 0.1
   vertex -6.22 14.7 0
  endloop
 endfacet
  facet normal 0 0 0
    outer loop
   vertex -6.22 14.7 0
   vertex -6.22 14.49 0.1
   vertex -6.22 14.49 0
  endloop
 endfacet
  facet normal 0 0 0
    outer loop
   vertex -6.22 14.7 0
   vertex -6.22 14.91 0.1
   vertex -6.22 14.49 0.1
  endloop
 endfacet
  facet normal 0 0 0
    outer loop
   vertex -4.67 14.49 0
   vertex -4.67 14.49 0.1
   vertex -4.67 14.7 0
  endloop
 endfacet
  facet normal 0 0 0
    outer loop
   vertex -4.67 14.7 0
   vertex -4.67 14.91 0.1
   vertex -4.67 14.91 0
  endloop
 endfacet
  facet normal 0 0 0
    outer loop
   vertex -4.67 14.7 0
   vertex -4.67 14.49 0.1
   vertex -4.67 14.91 0.1
  endloop
 endfacet
  facet normal 0 0 0
    outer loop
   vertex -4.37 14.91 0
   vertex -4.37 14.91 0.1
   vertex -4.37 14.7 0
  endloop
 endfacet
  facet normal 0 0 0
    outer loop
   vertex -4.37 14.7 0
   vertex -4.37 14.49 0.1
   vertex -4.37 14.49 0
  endloop
 endfacet
  facet normal 0 0 0
    outer loop
   vertex -4.37 14.7 0
   vertex -4.37 14.91 0.1
   vertex -4.37 14.49 0.1
  endloop
 endfacet
  facet normal 0 0 0
    outer loop
   vertex 36.85 16.28 0
   vertex 36.85 16.28 0.1
   vertex 36.85 16.061 0
  endloop
 endfacet
  facet normal 0 0 0
    outer loop
   vertex 36.85 16.061 0
   vertex 36.85 15.843 0.1
   vertex 36.85 15.843 0
  endloop
 endfacet
  facet normal 0 0 0
    outer loop
   vertex 36.85 16.061 0
   vertex 36.85 16.28 0.1
   vertex 36.85 15.843 0.1
  endloop
 endfacet
  facet normal 0 0 0
    outer loop
   vertex 36.85 15.843 0
   vertex 36.85 15.843 0.1
   vertex 36.85 15.624 0.1
  endloop
 endfacet
  facet normal 0 0 0
    outer loop
   vertex 36.85 15.405 0
   vertex 36.85 15.624 0.1
   vertex 36.85 15.405 0.1
  endloop
 endfacet
  facet normal 0 0 0
    outer loop
   vertex 36.85 15.843 0
   vertex 36.85 15.624 0.1
   vertex 36.85 15.405 0
  endloop
 endfacet
  facet normal 0 0 0
    outer loop
   vertex 36.85 15.186 0
   vertex 36.85 14.968 0.1
   vertex 36.85 14.968 0
  endloop
 endfacet
  facet normal 0 0 0
    outer loop
   vertex 36.85 15.405 0
   vertex 36.85 15.405 0.1
   vertex 36.85 15.186 0
  endloop
 endfacet
  facet normal 0 0 0
    outer loop
   vertex 36.85 15.186 0
   vertex 36.85 15.405 0.1
   vertex 36.85 14.968 0.1
  endloop
 endfacet
  facet normal 0 0 0
    outer loop
   vertex 36.85 14.968 0
   vertex 36.85 14.968 0.1
   vertex 36.85 14.749 0
  endloop
 endfacet
  facet normal 0 0 0
    outer loop
   vertex 36.85 14.749 0
   vertex 36.85 14.53 0.1
   vertex 36.85 14.53 0
  endloop
 endfacet
  facet normal 0 0 0
    outer loop
   vertex 36.85 14.749 0
   vertex 36.85 14.968 0.1
   vertex 36.85 14.53 0.1
  endloop
 endfacet
  facet normal 0 0 0
    outer loop
   vertex 36.85 13.436 0
   vertex 36.85 13.218 0.1
   vertex 36.85 13.218 0
  endloop
 endfacet
  facet normal 0 0 0
    outer loop
   vertex 36.85 13.655 0
   vertex 36.85 13.655 0.1
   vertex 36.85 13.436 0
  endloop
 endfacet
  facet normal 0 0 0
    outer loop
   vertex 36.85 13.436 0
   vertex 36.85 13.655 0.1
   vertex 36.85 13.218 0.1
  endloop
 endfacet
  facet normal 0 0 0
    outer loop
   vertex 36.85 13.218 0
   vertex 36.85 13.218 0.1
   vertex 36.85 12.999 0
  endloop
 endfacet
  facet normal 0 0 0
    outer loop
   vertex 36.85 12.999 0
   vertex 36.85 12.78 0.1
   vertex 36.85 12.78 0
  endloop
 endfacet
  facet normal 0 0 0
    outer loop
   vertex 36.85 12.999 0
   vertex 36.85 13.218 0.1
   vertex 36.85 12.78 0.1
  endloop
 endfacet
  facet normal 0 0 0
    outer loop
   vertex 36.85 13.655 0
   vertex 36.85 13.874 0.1
   vertex 36.85 13.655 0.1
  endloop
 endfacet
  facet normal 0 0 0
    outer loop
   vertex 36.85 14.093 0
   vertex 36.85 14.093 0.1
   vertex 36.85 13.874 0.1
  endloop
 endfacet
  facet normal 0 0 0
    outer loop
   vertex 36.85 14.093 0
   vertex 36.85 13.874 0.1
   vertex 36.85 13.655 0
  endloop
 endfacet
  facet normal 0 0 0
    outer loop
   vertex 36.85 14.311 0
   vertex 36.85 14.093 0.1
   vertex 36.85 14.093 0
  endloop
 endfacet
  facet normal 0 0 0
    outer loop
   vertex 36.85 14.53 0
   vertex 36.85 14.53 0.1
   vertex 36.85 14.311 0
  endloop
 endfacet
  facet normal 0 0 0
    outer loop
   vertex 36.85 14.311 0
   vertex 36.85 14.53 0.1
   vertex 36.85 14.093 0.1
  endloop
 endfacet
  facet normal 0 0 0
    outer loop
   vertex 24.05 12.78 0
   vertex 24.05 12.78 0.1
   vertex 24.05 12.999 0
  endloop
 endfacet
  facet normal 0 0 0
    outer loop
   vertex 24.05 12.999 0
   vertex 24.05 13.218 0.1
   vertex 24.05 13.218 0
  endloop
 endfacet
  facet normal 0 0 0
    outer loop
   vertex 24.05 12.999 0
   vertex 24.05 12.78 0.1
   vertex 24.05 13.218 0.1
  endloop
 endfacet
  facet normal 0 0 0
    outer loop
   vertex 24.05 13.218 0
   vertex 24.05 13.218 0.1
   vertex 24.05 13.436 0.1
  endloop
 endfacet
  facet normal 0 0 0
    outer loop
   vertex 24.05 13.655 0
   vertex 24.05 13.436 0.1
   vertex 24.05 13.655 0.1
  endloop
 endfacet
  facet normal 0 0 0
    outer loop
   vertex 24.05 13.218 0
   vertex 24.05 13.436 0.1
   vertex 24.05 13.655 0
  endloop
 endfacet
  facet normal 0 0 0
    outer loop
   vertex 24.05 13.874 0
   vertex 24.05 14.093 0.1
   vertex 24.05 14.093 0
  endloop
 endfacet
  facet normal 0 0 0
    outer loop
   vertex 24.05 13.655 0
   vertex 24.05 13.655 0.1
   vertex 24.05 13.874 0
  endloop
 endfacet
  facet normal 0 0 0
    outer loop
   vertex 24.05 13.874 0
   vertex 24.05 13.655 0.1
   vertex 24.05 14.093 0.1
  endloop
 endfacet
  facet normal 0 0 0
    outer loop
   vertex 24.05 14.093 0
   vertex 24.05 14.093 0.1
   vertex 24.05 14.311 0
  endloop
 endfacet
  facet normal 0 0 0
    outer loop
   vertex 24.05 14.311 0
   vertex 24.05 14.53 0.1
   vertex 24.05 14.53 0
  endloop
 endfacet
  facet normal 0 0 0
    outer loop
   vertex 24.05 14.311 0
   vertex 24.05 14.093 0.1
   vertex 24.05 14.53 0.1
  endloop
 endfacet
  facet normal 0 0 0
    outer loop
   vertex 24.05 15.624 0
   vertex 24.05 15.843 0.1
   vertex 24.05 15.843 0
  endloop
 endfacet
  facet normal 0 0 0
    outer loop
   vertex 24.05 15.405 0
   vertex 24.05 15.405 0.1
   vertex 24.05 15.624 0
  endloop
 endfacet
  facet normal 0 0 0
    outer loop
   vertex 24.05 15.624 0
   vertex 24.05 15.405 0.1
   vertex 24.05 15.843 0.1
  endloop
 endfacet
  facet normal 0 0 0
    outer loop
   vertex 24.05 15.843 0
   vertex 24.05 15.843 0.1
   vertex 24.05 16.061 0
  endloop
 endfacet
  facet normal 0 0 0
    outer loop
   vertex 24.05 16.061 0
   vertex 24.05 16.28 0.1
   vertex 24.05 16.28 0
  endloop
 endfacet
  facet normal 0 0 0
    outer loop
   vertex 24.05 16.061 0
   vertex 24.05 15.843 0.1
   vertex 24.05 16.28 0.1
  endloop
 endfacet
  facet normal 0 0 0
    outer loop
   vertex 24.05 15.405 0
   vertex 24.05 15.186 0.1
   vertex 24.05 15.405 0.1
  endloop
 endfacet
  facet normal 0 0 0
    outer loop
   vertex 24.05 14.968 0
   vertex 24.05 14.968 0.1
   vertex 24.05 15.186 0.1
  endloop
 endfacet
  facet normal 0 0 0
    outer loop
   vertex 24.05 14.968 0
   vertex 24.05 15.186 0.1
   vertex 24.05 15.405 0
  endloop
 endfacet
  facet normal 0 0 0
    outer loop
   vertex 24.05 14.749 0
   vertex 24.05 14.968 0.1
   vertex 24.05 14.968 0
  endloop
 endfacet
  facet normal 0 0 0
    outer loop
   vertex 24.05 14.53 0
   vertex 24.05 14.53 0.1
   vertex 24.05 14.749 0
  endloop
 endfacet
  facet normal 0 0 0
    outer loop
   vertex 24.05 14.749 0
   vertex 24.05 14.53 0.1
   vertex 24.05 14.968 0.1
  endloop
 endfacet
  facet normal 0 0 0
    outer loop
   vertex 36.55 12.78 0
   vertex 36.55 12.78 0.1
   vertex 36.55 12.999 0
  endloop
 endfacet
  facet normal 0 0 0
    outer loop
   vertex 36.55 12.999 0
   vertex 36.55 13.218 0.1
   vertex 36.55 13.218 0
  endloop
 endfacet
  facet normal 0 0 0
    outer loop
   vertex 36.55 12.999 0
   vertex 36.55 12.78 0.1
   vertex 36.55 13.218 0.1
  endloop
 endfacet
  facet normal 0 0 0
    outer loop
   vertex 36.55 13.218 0
   vertex 36.55 13.218 0.1
   vertex 36.55 13.436 0.1
  endloop
 endfacet
  facet normal 0 0 0
    outer loop
   vertex 36.55 13.655 0
   vertex 36.55 13.436 0.1
   vertex 36.55 13.655 0.1
  endloop
 endfacet
  facet normal 0 0 0
    outer loop
   vertex 36.55 13.218 0
   vertex 36.55 13.436 0.1
   vertex 36.55 13.655 0
  endloop
 endfacet
  facet normal 0 0 0
    outer loop
   vertex 36.55 13.874 0
   vertex 36.55 14.093 0.1
   vertex 36.55 14.093 0
  endloop
 endfacet
  facet normal 0 0 0
    outer loop
   vertex 36.55 13.655 0
   vertex 36.55 13.655 0.1
   vertex 36.55 13.874 0
  endloop
 endfacet
  facet normal 0 0 0
    outer loop
   vertex 36.55 13.874 0
   vertex 36.55 13.655 0.1
   vertex 36.55 14.093 0.1
  endloop
 endfacet
  facet normal 0 0 0
    outer loop
   vertex 36.55 14.093 0
   vertex 36.55 14.093 0.1
   vertex 36.55 14.311 0
  endloop
 endfacet
  facet normal 0 0 0
    outer loop
   vertex 36.55 14.311 0
   vertex 36.55 14.53 0.1
   vertex 36.55 14.53 0
  endloop
 endfacet
  facet normal 0 0 0
    outer loop
   vertex 36.55 14.311 0
   vertex 36.55 14.093 0.1
   vertex 36.55 14.53 0.1
  endloop
 endfacet
  facet normal 0 0 0
    outer loop
   vertex 36.55 15.624 0
   vertex 36.55 15.843 0.1
   vertex 36.55 15.843 0
  endloop
 endfacet
  facet normal 0 0 0
    outer loop
   vertex 36.55 15.405 0
   vertex 36.55 15.405 0.1
   vertex 36.55 15.624 0
  endloop
 endfacet
  facet normal 0 0 0
    outer loop
   vertex 36.55 15.624 0
   vertex 36.55 15.405 0.1
   vertex 36.55 15.843 0.1
  endloop
 endfacet
  facet normal 0 0 0
    outer loop
   vertex 36.55 15.843 0
   vertex 36.55 15.843 0.1
   vertex 36.55 16.061 0
  endloop
 endfacet
  facet normal 0 0 0
    outer loop
   vertex 36.55 16.061 0
   vertex 36.55 16.28 0.1
   vertex 36.55 16.28 0
  endloop
 endfacet
  facet normal 0 0 0
    outer loop
   vertex 36.55 16.061 0
   vertex 36.55 15.843 0.1
   vertex 36.55 16.28 0.1
  endloop
 endfacet
  facet normal 0 0 0
    outer loop
   vertex 36.55 15.405 0
   vertex 36.55 15.186 0.1
   vertex 36.55 15.405 0.1
  endloop
 endfacet
  facet normal 0 0 0
    outer loop
   vertex 36.55 14.968 0
   vertex 36.55 14.968 0.1
   vertex 36.55 15.186 0.1
  endloop
 endfacet
  facet normal 0 0 0
    outer loop
   vertex 36.55 14.968 0
   vertex 36.55 15.186 0.1
   vertex 36.55 15.405 0
  endloop
 endfacet
  facet normal 0 0 0
    outer loop
   vertex 36.55 14.749 0
   vertex 36.55 14.968 0.1
   vertex 36.55 14.968 0
  endloop
 endfacet
  facet normal 0 0 0
    outer loop
   vertex 36.55 14.53 0
   vertex 36.55 14.53 0.1
   vertex 36.55 14.749 0
  endloop
 endfacet
  facet normal 0 0 0
    outer loop
   vertex 36.55 14.749 0
   vertex 36.55 14.53 0.1
   vertex 36.55 14.968 0.1
  endloop
 endfacet
  facet normal 0 0 0
    outer loop
   vertex 24.05 16.28 0
   vertex 24.05 16.28 0.1
   vertex 24.35 16.28 0.1
  endloop
 endfacet
  facet normal 0 0 0
    outer loop
   vertex 24.05 16.28 0
   vertex 24.35 16.28 0.1
   vertex 24.35 16.28 0
  endloop
 endfacet
  facet normal 0 0 0
    outer loop
   vertex 36.55 16.28 0
   vertex 36.55 16.28 0.1
   vertex 36.85 16.28 0.1
  endloop
 endfacet
  facet normal 0 0 0
    outer loop
   vertex 36.55 16.28 0
   vertex 36.85 16.28 0.1
   vertex 36.85 16.28 0
  endloop
 endfacet
  facet normal 0 0 0
    outer loop
   vertex 24.35 16.28 0
   vertex 24.35 16.28 0.1
   vertex 24.35 16.061 0
  endloop
 endfacet
  facet normal 0 0 0
    outer loop
   vertex 24.35 16.061 0
   vertex 24.35 15.843 0.1
   vertex 24.35 15.843 0
  endloop
 endfacet
  facet normal 0 0 0
    outer loop
   vertex 24.35 16.061 0
   vertex 24.35 16.28 0.1
   vertex 24.35 15.843 0.1
  endloop
 endfacet
  facet normal 0 0 0
    outer loop
   vertex 24.35 15.843 0
   vertex 24.35 15.843 0.1
   vertex 24.35 15.624 0.1
  endloop
 endfacet
  facet normal 0 0 0
    outer loop
   vertex 24.35 15.405 0
   vertex 24.35 15.624 0.1
   vertex 24.35 15.405 0.1
  endloop
 endfacet
  facet normal 0 0 0
    outer loop
   vertex 24.35 15.843 0
   vertex 24.35 15.624 0.1
   vertex 24.35 15.405 0
  endloop
 endfacet
  facet normal 0 0 0
    outer loop
   vertex 24.35 15.186 0
   vertex 24.35 14.968 0.1
   vertex 24.35 14.968 0
  endloop
 endfacet
  facet normal 0 0 0
    outer loop
   vertex 24.35 15.405 0
   vertex 24.35 15.405 0.1
   vertex 24.35 15.186 0
  endloop
 endfacet
  facet normal 0 0 0
    outer loop
   vertex 24.35 15.186 0
   vertex 24.35 15.405 0.1
   vertex 24.35 14.968 0.1
  endloop
 endfacet
  facet normal 0 0 0
    outer loop
   vertex 24.35 14.968 0
   vertex 24.35 14.968 0.1
   vertex 24.35 14.749 0
  endloop
 endfacet
  facet normal 0 0 0
    outer loop
   vertex 24.35 14.749 0
   vertex 24.35 14.53 0.1
   vertex 24.35 14.53 0
  endloop
 endfacet
  facet normal 0 0 0
    outer loop
   vertex 24.35 14.749 0
   vertex 24.35 14.968 0.1
   vertex 24.35 14.53 0.1
  endloop
 endfacet
  facet normal 0 0 0
    outer loop
   vertex 24.35 13.436 0
   vertex 24.35 13.218 0.1
   vertex 24.35 13.218 0
  endloop
 endfacet
  facet normal 0 0 0
    outer loop
   vertex 24.35 13.655 0
   vertex 24.35 13.655 0.1
   vertex 24.35 13.436 0
  endloop
 endfacet
  facet normal 0 0 0
    outer loop
   vertex 24.35 13.436 0
   vertex 24.35 13.655 0.1
   vertex 24.35 13.218 0.1
  endloop
 endfacet
  facet normal 0 0 0
    outer loop
   vertex 24.35 13.218 0
   vertex 24.35 13.218 0.1
   vertex 24.35 12.999 0
  endloop
 endfacet
  facet normal 0 0 0
    outer loop
   vertex 24.35 12.999 0
   vertex 24.35 12.78 0.1
   vertex 24.35 12.78 0
  endloop
 endfacet
  facet normal 0 0 0
    outer loop
   vertex 24.35 12.999 0
   vertex 24.35 13.218 0.1
   vertex 24.35 12.78 0.1
  endloop
 endfacet
  facet normal 0 0 0
    outer loop
   vertex 24.35 13.655 0
   vertex 24.35 13.874 0.1
   vertex 24.35 13.655 0.1
  endloop
 endfacet
  facet normal 0 0 0
    outer loop
   vertex 24.35 14.093 0
   vertex 24.35 14.093 0.1
   vertex 24.35 13.874 0.1
  endloop
 endfacet
  facet normal 0 0 0
    outer loop
   vertex 24.35 14.093 0
   vertex 24.35 13.874 0.1
   vertex 24.35 13.655 0
  endloop
 endfacet
  facet normal 0 0 0
    outer loop
   vertex 24.35 14.311 0
   vertex 24.35 14.093 0.1
   vertex 24.35 14.093 0
  endloop
 endfacet
  facet normal 0 0 0
    outer loop
   vertex 24.35 14.53 0
   vertex 24.35 14.53 0.1
   vertex 24.35 14.311 0
  endloop
 endfacet
  facet normal 0 0 0
    outer loop
   vertex 24.35 14.311 0
   vertex 24.35 14.53 0.1
   vertex 24.35 14.093 0.1
  endloop
 endfacet
  facet normal 0 0 0
    outer loop
   vertex 30.6 21.3 0
   vertex 30.6 21.3 0.1
   vertex 30.3 21.3 0.1
  endloop
 endfacet
  facet normal 0 0 0
    outer loop
   vertex 30.6 21.3 0
   vertex 30.3 21.3 0.1
   vertex 30.3 21.3 0
  endloop
 endfacet
  facet normal 0 0 0
    outer loop
   vertex 30.3 24.8 0
   vertex 30.3 24.8 0.1
   vertex 30.6 24.8 0.1
  endloop
 endfacet
  facet normal 0 0 0
    outer loop
   vertex 30.3 24.8 0
   vertex 30.6 24.8 0.1
   vertex 30.6 24.8 0
  endloop
 endfacet
  facet normal 0 0 0
    outer loop
   vertex 36.785 16.055 0.1
   vertex 36.785 16.055 0.326
   vertex 36.785 15.885 0.326
  endloop
 endfacet
  facet normal 0 0 0
    outer loop
   vertex 36.785 16.055 0.1
   vertex 36.785 15.885 0.326
   vertex 36.785 15.885 0.1
  endloop
 endfacet
  facet normal 0 0 0
    outer loop
   vertex 36.785 15.695 0.1
   vertex 36.785 15.695 0.326
   vertex 36.785 15.525 0.326
  endloop
 endfacet
  facet normal 0 0 0
    outer loop
   vertex 36.785 15.695 0.1
   vertex 36.785 15.525 0.326
   vertex 36.785 15.525 0.1
  endloop
 endfacet
  facet normal 0 0 0
    outer loop
   vertex 36.785 15.335 0.1
   vertex 36.785 15.335 0.326
   vertex 36.785 15.165 0.326
  endloop
 endfacet
  facet normal 0 0 0
    outer loop
   vertex 36.785 15.335 0.1
   vertex 36.785 15.165 0.326
   vertex 36.785 15.165 0.1
  endloop
 endfacet
  facet normal 0 0 0
    outer loop
   vertex 36.785 14.975 0.1
   vertex 36.785 14.975 0.326
   vertex 36.785 14.805 0.326
  endloop
 endfacet
  facet normal 0 0 0
    outer loop
   vertex 36.785 14.975 0.1
   vertex 36.785 14.805 0.326
   vertex 36.785 14.805 0.1
  endloop
 endfacet
  facet normal 0 0 0
    outer loop
   vertex 36.785 14.615 0.1
   vertex 36.785 14.615 0.326
   vertex 36.785 14.445 0.326
  endloop
 endfacet
  facet normal 0 0 0
    outer loop
   vertex 36.785 14.615 0.1
   vertex 36.785 14.445 0.326
   vertex 36.785 14.445 0.1
  endloop
 endfacet
  facet normal 0 0 0
    outer loop
   vertex 36.785 14.255 0.1
   vertex 36.785 14.255 0.326
   vertex 36.785 14.085 0.326
  endloop
 endfacet
  facet normal 0 0 0
    outer loop
   vertex 36.785 14.255 0.1
   vertex 36.785 14.085 0.326
   vertex 36.785 14.085 0.1
  endloop
 endfacet
  facet normal 0 0 0
    outer loop
   vertex 36.785 13.895 0.1
   vertex 36.785 13.895 0.326
   vertex 36.785 13.725 0.326
  endloop
 endfacet
  facet normal 0 0 0
    outer loop
   vertex 36.785 13.895 0.1
   vertex 36.785 13.725 0.326
   vertex 36.785 13.725 0.1
  endloop
 endfacet
  facet normal 0 0 0
    outer loop
   vertex 36.785 13.535 0.1
   vertex 36.785 13.535 0.326
   vertex 36.785 13.365 0.326
  endloop
 endfacet
  facet normal 0 0 0
    outer loop
   vertex 36.785 13.535 0.1
   vertex 36.785 13.365 0.326
   vertex 36.785 13.365 0.1
  endloop
 endfacet
  facet normal 0 0 0
    outer loop
   vertex 36.785 13.175 0.1
   vertex 36.785 13.175 0.326
   vertex 36.785 13.005 0.326
  endloop
 endfacet
  facet normal 0 0 0
    outer loop
   vertex 36.785 13.175 0.1
   vertex 36.785 13.005 0.326
   vertex 36.785 13.005 0.1
  endloop
 endfacet
  facet normal 0 0 0
    outer loop
   vertex 36.615 13.005 0.1
   vertex 36.615 13.005 0.326
   vertex 36.615 13.175 0.326
  endloop
 endfacet
  facet normal 0 0 0
    outer loop
   vertex 36.615 13.005 0.1
   vertex 36.615 13.175 0.326
   vertex 36.615 13.175 0.1
  endloop
 endfacet
  facet normal 0 0 0
    outer loop
   vertex 36.615 13.365 0.1
   vertex 36.615 13.365 0.326
   vertex 36.615 13.535 0.326
  endloop
 endfacet
  facet normal 0 0 0
    outer loop
   vertex 36.615 13.365 0.1
   vertex 36.615 13.535 0.326
   vertex 36.615 13.535 0.1
  endloop
 endfacet
  facet normal 0 0 0
    outer loop
   vertex 36.615 13.725 0.1
   vertex 36.615 13.725 0.326
   vertex 36.615 13.895 0.326
  endloop
 endfacet
  facet normal 0 0 0
    outer loop
   vertex 36.615 13.725 0.1
   vertex 36.615 13.895 0.326
   vertex 36.615 13.895 0.1
  endloop
 endfacet
  facet normal 0 0 0
    outer loop
   vertex 36.615 14.085 0.1
   vertex 36.615 14.085 0.326
   vertex 36.615 14.255 0.326
  endloop
 endfacet
  facet normal 0 0 0
    outer loop
   vertex 36.615 14.085 0.1
   vertex 36.615 14.255 0.326
   vertex 36.615 14.255 0.1
  endloop
 endfacet
  facet normal 0 0 0
    outer loop
   vertex 36.615 14.445 0.1
   vertex 36.615 14.445 0.326
   vertex 36.615 14.615 0.326
  endloop
 endfacet
  facet normal 0 0 0
    outer loop
   vertex 36.615 14.445 0.1
   vertex 36.615 14.615 0.326
   vertex 36.615 14.615 0.1
  endloop
 endfacet
  facet normal 0 0 0
    outer loop
   vertex 36.615 14.805 0.1
   vertex 36.615 14.805 0.326
   vertex 36.615 14.975 0.326
  endloop
 endfacet
  facet normal 0 0 0
    outer loop
   vertex 36.615 14.805 0.1
   vertex 36.615 14.975 0.326
   vertex 36.615 14.975 0.1
  endloop
 endfacet
  facet normal 0 0 0
    outer loop
   vertex 36.615 15.165 0.1
   vertex 36.615 15.165 0.326
   vertex 36.615 15.335 0.326
  endloop
 endfacet
  facet normal 0 0 0
    outer loop
   vertex 36.615 15.165 0.1
   vertex 36.615 15.335 0.326
   vertex 36.615 15.335 0.1
  endloop
 endfacet
  facet normal 0 0 0
    outer loop
   vertex 36.615 15.525 0.1
   vertex 36.615 15.525 0.326
   vertex 36.615 15.695 0.326
  endloop
 endfacet
  facet normal 0 0 0
    outer loop
   vertex 36.615 15.525 0.1
   vertex 36.615 15.695 0.326
   vertex 36.615 15.695 0.1
  endloop
 endfacet
  facet normal 0 0 0
    outer loop
   vertex 36.615 15.885 0.1
   vertex 36.615 15.885 0.326
   vertex 36.615 16.055 0.326
  endloop
 endfacet
  facet normal 0 0 0
    outer loop
   vertex 36.615 15.885 0.1
   vertex 36.615 16.055 0.326
   vertex 36.615 16.055 0.1
  endloop
 endfacet
  facet normal 0 0 0
    outer loop
   vertex 24.115 13.005 0.1
   vertex 24.115 13.005 0.326
   vertex 24.115 13.175 0.326
  endloop
 endfacet
  facet normal 0 0 0
    outer loop
   vertex 24.115 13.005 0.1
   vertex 24.115 13.175 0.326
   vertex 24.115 13.175 0.1
  endloop
 endfacet
  facet normal 0 0 0
    outer loop
   vertex 24.115 13.365 0.1
   vertex 24.115 13.365 0.326
   vertex 24.115 13.535 0.326
  endloop
 endfacet
  facet normal 0 0 0
    outer loop
   vertex 24.115 13.365 0.1
   vertex 24.115 13.535 0.326
   vertex 24.115 13.535 0.1
  endloop
 endfacet
  facet normal 0 0 0
    outer loop
   vertex 24.115 13.725 0.1
   vertex 24.115 13.725 0.326
   vertex 24.115 13.895 0.326
  endloop
 endfacet
  facet normal 0 0 0
    outer loop
   vertex 24.115 13.725 0.1
   vertex 24.115 13.895 0.326
   vertex 24.115 13.895 0.1
  endloop
 endfacet
  facet normal 0 0 0
    outer loop
   vertex 24.115 14.085 0.1
   vertex 24.115 14.085 0.326
   vertex 24.115 14.255 0.326
  endloop
 endfacet
  facet normal 0 0 0
    outer loop
   vertex 24.115 14.085 0.1
   vertex 24.115 14.255 0.326
   vertex 24.115 14.255 0.1
  endloop
 endfacet
  facet normal 0 0 0
    outer loop
   vertex 24.115 14.445 0.1
   vertex 24.115 14.445 0.326
   vertex 24.115 14.615 0.326
  endloop
 endfacet
  facet normal 0 0 0
    outer loop
   vertex 24.115 14.445 0.1
   vertex 24.115 14.615 0.326
   vertex 24.115 14.615 0.1
  endloop
 endfacet
  facet normal 0 0 0
    outer loop
   vertex 24.115 14.805 0.1
   vertex 24.115 14.805 0.326
   vertex 24.115 14.975 0.326
  endloop
 endfacet
  facet normal 0 0 0
    outer loop
   vertex 24.115 14.805 0.1
   vertex 24.115 14.975 0.326
   vertex 24.115 14.975 0.1
  endloop
 endfacet
  facet normal 0 0 0
    outer loop
   vertex 24.115 15.165 0.1
   vertex 24.115 15.165 0.326
   vertex 24.115 15.335 0.326
  endloop
 endfacet
  facet normal 0 0 0
    outer loop
   vertex 24.115 15.165 0.1
   vertex 24.115 15.335 0.326
   vertex 24.115 15.335 0.1
  endloop
 endfacet
  facet normal 0 0 0
    outer loop
   vertex 24.115 15.525 0.1
   vertex 24.115 15.525 0.326
   vertex 24.115 15.695 0.326
  endloop
 endfacet
  facet normal 0 0 0
    outer loop
   vertex 24.115 15.525 0.1
   vertex 24.115 15.695 0.326
   vertex 24.115 15.695 0.1
  endloop
 endfacet
  facet normal 0 0 0
    outer loop
   vertex 24.115 15.885 0.1
   vertex 24.115 15.885 0.326
   vertex 24.115 16.055 0.326
  endloop
 endfacet
  facet normal 0 0 0
    outer loop
   vertex 24.115 15.885 0.1
   vertex 24.115 16.055 0.326
   vertex 24.115 16.055 0.1
  endloop
 endfacet
  facet normal 0 0 0
    outer loop
   vertex 24.285 16.055 0.1
   vertex 24.285 16.055 0.326
   vertex 24.285 15.885 0.326
  endloop
 endfacet
  facet normal 0 0 0
    outer loop
   vertex 24.285 16.055 0.1
   vertex 24.285 15.885 0.326
   vertex 24.285 15.885 0.1
  endloop
 endfacet
  facet normal 0 0 0
    outer loop
   vertex 24.285 15.695 0.1
   vertex 24.285 15.695 0.326
   vertex 24.285 15.525 0.326
  endloop
 endfacet
  facet normal 0 0 0
    outer loop
   vertex 24.285 15.695 0.1
   vertex 24.285 15.525 0.326
   vertex 24.285 15.525 0.1
  endloop
 endfacet
  facet normal 0 0 0
    outer loop
   vertex 24.285 15.335 0.1
   vertex 24.285 15.335 0.326
   vertex 24.285 15.165 0.326
  endloop
 endfacet
  facet normal 0 0 0
    outer loop
   vertex 24.285 15.335 0.1
   vertex 24.285 15.165 0.326
   vertex 24.285 15.165 0.1
  endloop
 endfacet
  facet normal 0 0 0
    outer loop
   vertex 24.285 14.975 0.1
   vertex 24.285 14.975 0.326
   vertex 24.285 14.805 0.326
  endloop
 endfacet
  facet normal 0 0 0
    outer loop
   vertex 24.285 14.975 0.1
   vertex 24.285 14.805 0.326
   vertex 24.285 14.805 0.1
  endloop
 endfacet
  facet normal 0 0 0
    outer loop
   vertex 24.285 14.615 0.1
   vertex 24.285 14.615 0.326
   vertex 24.285 14.445 0.326
  endloop
 endfacet
  facet normal 0 0 0
    outer loop
   vertex 24.285 14.615 0.1
   vertex 24.285 14.445 0.326
   vertex 24.285 14.445 0.1
  endloop
 endfacet
  facet normal 0 0 0
    outer loop
   vertex 24.285 14.255 0.1
   vertex 24.285 14.255 0.326
   vertex 24.285 14.085 0.326
  endloop
 endfacet
  facet normal 0 0 0
    outer loop
   vertex 24.285 14.255 0.1
   vertex 24.285 14.085 0.326
   vertex 24.285 14.085 0.1
  endloop
 endfacet
  facet normal 0 0 0
    outer loop
   vertex 24.285 13.895 0.1
   vertex 24.285 13.895 0.326
   vertex 24.285 13.725 0.326
  endloop
 endfacet
  facet normal 0 0 0
    outer loop
   vertex 24.285 13.895 0.1
   vertex 24.285 13.725 0.326
   vertex 24.285 13.725 0.1
  endloop
 endfacet
  facet normal 0 0 0
    outer loop
   vertex 24.285 13.535 0.1
   vertex 24.285 13.535 0.326
   vertex 24.285 13.365 0.326
  endloop
 endfacet
  facet normal 0 0 0
    outer loop
   vertex 24.285 13.535 0.1
   vertex 24.285 13.365 0.326
   vertex 24.285 13.365 0.1
  endloop
 endfacet
  facet normal 0 0 0
    outer loop
   vertex 24.285 13.175 0.1
   vertex 24.285 13.175 0.326
   vertex 24.285 13.005 0.326
  endloop
 endfacet
  facet normal 0 0 0
    outer loop
   vertex 24.285 13.175 0.1
   vertex 24.285 13.005 0.326
   vertex 24.285 13.005 0.1
  endloop
 endfacet
  facet normal 0 0 0
    outer loop
   vertex 24.115 14.615 0.1
   vertex 24.115 14.615 0.326
   vertex 24.285 14.615 0.326
  endloop
 endfacet
  facet normal 0 0 0
    outer loop
   vertex 24.115 14.615 0.1
   vertex 24.285 14.615 0.326
   vertex 24.285 14.615 0.1
  endloop
 endfacet
  facet normal 0 0 0
    outer loop
   vertex 36.615 14.615 0.1
   vertex 36.615 14.615 0.326
   vertex 36.785 14.615 0.326
  endloop
 endfacet
  facet normal 0 0 0
    outer loop
   vertex 36.615 14.615 0.1
   vertex 36.785 14.615 0.326
   vertex 36.785 14.615 0.1
  endloop
 endfacet
  facet normal 0 0 0
    outer loop
   vertex 24.115 14.975 0.1
   vertex 24.115 14.975 0.326
   vertex 24.285 14.975 0.326
  endloop
 endfacet
  facet normal 0 0 0
    outer loop
   vertex 24.115 14.975 0.1
   vertex 24.285 14.975 0.326
   vertex 24.285 14.975 0.1
  endloop
 endfacet
  facet normal 0 0 0
    outer loop
   vertex 36.615 14.975 0.1
   vertex 36.615 14.975 0.326
   vertex 36.785 14.975 0.326
  endloop
 endfacet
  facet normal 0 0 0
    outer loop
   vertex 36.615 14.975 0.1
   vertex 36.785 14.975 0.326
   vertex 36.785 14.975 0.1
  endloop
 endfacet
  facet normal 0 0 0
    outer loop
   vertex 36.785 14.805 0.1
   vertex 36.785 14.805 0.326
   vertex 36.615 14.805 0.326
  endloop
 endfacet
  facet normal 0 0 0
    outer loop
   vertex 36.785 14.805 0.1
   vertex 36.615 14.805 0.326
   vertex 36.615 14.805 0.1
  endloop
 endfacet
  facet normal 0 0 0
    outer loop
   vertex 24.285 14.805 0.1
   vertex 24.285 14.805 0.326
   vertex 24.115 14.805 0.326
  endloop
 endfacet
  facet normal 0 0 0
    outer loop
   vertex 24.285 14.805 0.1
   vertex 24.115 14.805 0.326
   vertex 24.115 14.805 0.1
  endloop
 endfacet
  facet normal 0 0 0
    outer loop
   vertex 24.115 15.335 0.1
   vertex 24.115 15.335 0.326
   vertex 24.285 15.335 0.326
  endloop
 endfacet
  facet normal 0 0 0
    outer loop
   vertex 24.115 15.335 0.1
   vertex 24.285 15.335 0.326
   vertex 24.285 15.335 0.1
  endloop
 endfacet
  facet normal 0 0 0
    outer loop
   vertex 36.615 15.335 0.1
   vertex 36.615 15.335 0.326
   vertex 36.785 15.335 0.326
  endloop
 endfacet
  facet normal 0 0 0
    outer loop
   vertex 36.615 15.335 0.1
   vertex 36.785 15.335 0.326
   vertex 36.785 15.335 0.1
  endloop
 endfacet
  facet normal 0 0 0
    outer loop
   vertex 36.785 15.165 0.1
   vertex 36.785 15.165 0.326
   vertex 36.615 15.165 0.326
  endloop
 endfacet
  facet normal 0 0 0
    outer loop
   vertex 36.785 15.165 0.1
   vertex 36.615 15.165 0.326
   vertex 36.615 15.165 0.1
  endloop
 endfacet
  facet normal 0 0 0
    outer loop
   vertex 24.285 15.165 0.1
   vertex 24.285 15.165 0.326
   vertex 24.115 15.165 0.326
  endloop
 endfacet
  facet normal 0 0 0
    outer loop
   vertex 24.285 15.165 0.1
   vertex 24.115 15.165 0.326
   vertex 24.115 15.165 0.1
  endloop
 endfacet
  facet normal 0 0 0
    outer loop
   vertex 36.785 15.525 0.1
   vertex 36.785 15.525 0.326
   vertex 36.615 15.525 0.326
  endloop
 endfacet
  facet normal 0 0 0
    outer loop
   vertex 36.785 15.525 0.1
   vertex 36.615 15.525 0.326
   vertex 36.615 15.525 0.1
  endloop
 endfacet
  facet normal 0 0 0
    outer loop
   vertex 24.285 15.525 0.1
   vertex 24.285 15.525 0.326
   vertex 24.115 15.525 0.326
  endloop
 endfacet
  facet normal 0 0 0
    outer loop
   vertex 24.285 15.525 0.1
   vertex 24.115 15.525 0.326
   vertex 24.115 15.525 0.1
  endloop
 endfacet
  facet normal 0 0 0
    outer loop
   vertex 24.115 15.695 0.1
   vertex 24.115 15.695 0.326
   vertex 24.285 15.695 0.326
  endloop
 endfacet
  facet normal 0 0 0
    outer loop
   vertex 24.115 15.695 0.1
   vertex 24.285 15.695 0.326
   vertex 24.285 15.695 0.1
  endloop
 endfacet
  facet normal 0 0 0
    outer loop
   vertex 36.615 15.695 0.1
   vertex 36.615 15.695 0.326
   vertex 36.785 15.695 0.326
  endloop
 endfacet
  facet normal 0 0 0
    outer loop
   vertex 36.615 15.695 0.1
   vertex 36.785 15.695 0.326
   vertex 36.785 15.695 0.1
  endloop
 endfacet
  facet normal 0 0 0
    outer loop
   vertex 24.115 16.055 0.1
   vertex 24.115 16.055 0.326
   vertex 24.285 16.055 0.326
  endloop
 endfacet
  facet normal 0 0 0
    outer loop
   vertex 24.115 16.055 0.1
   vertex 24.285 16.055 0.326
   vertex 24.285 16.055 0.1
  endloop
 endfacet
  facet normal 0 0 0
    outer loop
   vertex 36.615 16.055 0.1
   vertex 36.615 16.055 0.326
   vertex 36.785 16.055 0.326
  endloop
 endfacet
  facet normal 0 0 0
    outer loop
   vertex 36.615 16.055 0.1
   vertex 36.785 16.055 0.326
   vertex 36.785 16.055 0.1
  endloop
 endfacet
  facet normal 0 0 0
    outer loop
   vertex 36.785 15.885 0.1
   vertex 36.785 15.885 0.326
   vertex 36.615 15.885 0.326
  endloop
 endfacet
  facet normal 0 0 0
    outer loop
   vertex 36.785 15.885 0.1
   vertex 36.615 15.885 0.326
   vertex 36.615 15.885 0.1
  endloop
 endfacet
  facet normal 0 0 0
    outer loop
   vertex 24.285 15.885 0.1
   vertex 24.285 15.885 0.326
   vertex 24.115 15.885 0.326
  endloop
 endfacet
  facet normal 0 0 0
    outer loop
   vertex 24.285 15.885 0.1
   vertex 24.115 15.885 0.326
   vertex 24.115 15.885 0.1
  endloop
 endfacet
  facet normal 0 0 0
    outer loop
   vertex 30.365 4.485 0.1
   vertex 30.365 4.485 0.326
   vertex 30.365 4.655 0.326
  endloop
 endfacet
  facet normal 0 0 0
    outer loop
   vertex 30.365 4.485 0.1
   vertex 30.365 4.655 0.326
   vertex 30.365 4.655 0.1
  endloop
 endfacet
  facet normal 0 0 0
    outer loop
   vertex 30.365 4.845 0.1
   vertex 30.365 4.845 0.326
   vertex 30.365 5.015 0.326
  endloop
 endfacet
  facet normal 0 0 0
    outer loop
   vertex 30.365 4.845 0.1
   vertex 30.365 5.015 0.326
   vertex 30.365 5.015 0.1
  endloop
 endfacet
  facet normal 0 0 0
    outer loop
   vertex 30.365 5.205 0.1
   vertex 30.365 5.205 0.326
   vertex 30.365 5.375 0.326
  endloop
 endfacet
  facet normal 0 0 0
    outer loop
   vertex 30.365 5.205 0.1
   vertex 30.365 5.375 0.326
   vertex 30.365 5.375 0.1
  endloop
 endfacet
  facet normal 0 0 0
    outer loop
   vertex 30.365 5.565 0.1
   vertex 30.365 5.565 0.326
   vertex 30.365 5.735 0.326
  endloop
 endfacet
  facet normal 0 0 0
    outer loop
   vertex 30.365 5.565 0.1
   vertex 30.365 5.735 0.326
   vertex 30.365 5.735 0.1
  endloop
 endfacet
  facet normal 0 0 0
    outer loop
   vertex 30.365 5.925 0.1
   vertex 30.365 5.925 0.326
   vertex 30.365 6.095 0.326
  endloop
 endfacet
  facet normal 0 0 0
    outer loop
   vertex 30.365 5.925 0.1
   vertex 30.365 6.095 0.326
   vertex 30.365 6.095 0.1
  endloop
 endfacet
  facet normal 0 0 0
    outer loop
   vertex 30.365 6.285 0.1
   vertex 30.365 6.285 0.326
   vertex 30.365 6.455 0.326
  endloop
 endfacet
  facet normal 0 0 0
    outer loop
   vertex 30.365 6.285 0.1
   vertex 30.365 6.455 0.326
   vertex 30.365 6.455 0.1
  endloop
 endfacet
  facet normal 0 0 0
    outer loop
   vertex 30.365 6.645 0.1
   vertex 30.365 6.645 0.326
   vertex 30.365 6.815 0.326
  endloop
 endfacet
  facet normal 0 0 0
    outer loop
   vertex 30.365 6.645 0.1
   vertex 30.365 6.815 0.326
   vertex 30.365 6.815 0.1
  endloop
 endfacet
  facet normal 0 0 0
    outer loop
   vertex 30.365 7.005 0.1
   vertex 30.365 7.005 0.326
   vertex 30.365 7.175 0.326
  endloop
 endfacet
  facet normal 0 0 0
    outer loop
   vertex 30.365 7.005 0.1
   vertex 30.365 7.175 0.326
   vertex 30.365 7.175 0.1
  endloop
 endfacet
  facet normal 0 0 0
    outer loop
   vertex 30.365 7.365 0.1
   vertex 30.365 7.365 0.326
   vertex 30.365 7.535 0.326
  endloop
 endfacet
  facet normal 0 0 0
    outer loop
   vertex 30.365 7.365 0.1
   vertex 30.365 7.535 0.326
   vertex 30.365 7.535 0.1
  endloop
 endfacet
  facet normal 0 0 0
    outer loop
   vertex 30.365 21.525 0.1
   vertex 30.365 21.525 0.326
   vertex 30.365 21.695 0.326
  endloop
 endfacet
  facet normal 0 0 0
    outer loop
   vertex 30.365 21.525 0.1
   vertex 30.365 21.695 0.326
   vertex 30.365 21.695 0.1
  endloop
 endfacet
  facet normal 0 0 0
    outer loop
   vertex 30.365 21.885 0.1
   vertex 30.365 21.885 0.326
   vertex 30.365 22.055 0.326
  endloop
 endfacet
  facet normal 0 0 0
    outer loop
   vertex 30.365 21.885 0.1
   vertex 30.365 22.055 0.326
   vertex 30.365 22.055 0.1
  endloop
 endfacet
  facet normal 0 0 0
    outer loop
   vertex 30.365 22.245 0.1
   vertex 30.365 22.245 0.326
   vertex 30.365 22.415 0.326
  endloop
 endfacet
  facet normal 0 0 0
    outer loop
   vertex 30.365 22.245 0.1
   vertex 30.365 22.415 0.326
   vertex 30.365 22.415 0.1
  endloop
 endfacet
  facet normal 0 0 0
    outer loop
   vertex 30.365 22.605 0.1
   vertex 30.365 22.605 0.326
   vertex 30.365 22.775 0.326
  endloop
 endfacet
  facet normal 0 0 0
    outer loop
   vertex 30.365 22.605 0.1
   vertex 30.365 22.775 0.326
   vertex 30.365 22.775 0.1
  endloop
 endfacet
  facet normal 0 0 0
    outer loop
   vertex 30.365 22.965 0.1
   vertex 30.365 22.965 0.326
   vertex 30.365 23.135 0.326
  endloop
 endfacet
  facet normal 0 0 0
    outer loop
   vertex 30.365 22.965 0.1
   vertex 30.365 23.135 0.326
   vertex 30.365 23.135 0.1
  endloop
 endfacet
  facet normal 0 0 0
    outer loop
   vertex 30.365 23.325 0.1
   vertex 30.365 23.325 0.326
   vertex 30.365 23.495 0.326
  endloop
 endfacet
  facet normal 0 0 0
    outer loop
   vertex 30.365 23.325 0.1
   vertex 30.365 23.495 0.326
   vertex 30.365 23.495 0.1
  endloop
 endfacet
  facet normal 0 0 0
    outer loop
   vertex 30.365 23.685 0.1
   vertex 30.365 23.685 0.326
   vertex 30.365 23.855 0.326
  endloop
 endfacet
  facet normal 0 0 0
    outer loop
   vertex 30.365 23.685 0.1
   vertex 30.365 23.855 0.326
   vertex 30.365 23.855 0.1
  endloop
 endfacet
  facet normal 0 0 0
    outer loop
   vertex 30.365 24.045 0.1
   vertex 30.365 24.045 0.326
   vertex 30.365 24.215 0.326
  endloop
 endfacet
  facet normal 0 0 0
    outer loop
   vertex 30.365 24.045 0.1
   vertex 30.365 24.215 0.326
   vertex 30.365 24.215 0.1
  endloop
 endfacet
  facet normal 0 0 0
    outer loop
   vertex 30.365 24.405 0.1
   vertex 30.365 24.405 0.326
   vertex 30.365 24.575 0.326
  endloop
 endfacet
  facet normal 0 0 0
    outer loop
   vertex 30.365 24.405 0.1
   vertex 30.365 24.575 0.326
   vertex 30.365 24.575 0.1
  endloop
 endfacet
  facet normal 0 0 0
    outer loop
   vertex 30.365 21.695 0.1
   vertex 30.365 21.695 0.326
   vertex 30.535 21.695 0.326
  endloop
 endfacet
  facet normal 0 0 0
    outer loop
   vertex 30.365 21.695 0.1
   vertex 30.535 21.695 0.326
   vertex 30.535 21.695 0.1
  endloop
 endfacet
  facet normal 0 0 0
    outer loop
   vertex 30.535 21.525 0.1
   vertex 30.535 21.525 0.326
   vertex 30.365 21.525 0.326
  endloop
 endfacet
  facet normal 0 0 0
    outer loop
   vertex 30.535 21.525 0.1
   vertex 30.365 21.525 0.326
   vertex 30.365 21.525 0.1
  endloop
 endfacet
  facet normal 0 0 0
    outer loop
   vertex 30.535 24.575 0.1
   vertex 30.535 24.575 0.326
   vertex 30.535 24.405 0.326
  endloop
 endfacet
  facet normal 0 0 0
    outer loop
   vertex 30.535 24.575 0.1
   vertex 30.535 24.405 0.326
   vertex 30.535 24.405 0.1
  endloop
 endfacet
  facet normal 0 0 0
    outer loop
   vertex 30.535 24.215 0.1
   vertex 30.535 24.215 0.326
   vertex 30.535 24.045 0.326
  endloop
 endfacet
  facet normal 0 0 0
    outer loop
   vertex 30.535 24.215 0.1
   vertex 30.535 24.045 0.326
   vertex 30.535 24.045 0.1
  endloop
 endfacet
  facet normal 0 0 0
    outer loop
   vertex 30.535 23.855 0.1
   vertex 30.535 23.855 0.326
   vertex 30.535 23.685 0.326
  endloop
 endfacet
  facet normal 0 0 0
    outer loop
   vertex 30.535 23.855 0.1
   vertex 30.535 23.685 0.326
   vertex 30.535 23.685 0.1
  endloop
 endfacet
  facet normal 0 0 0
    outer loop
   vertex 30.535 23.495 0.1
   vertex 30.535 23.495 0.326
   vertex 30.535 23.325 0.326
  endloop
 endfacet
  facet normal 0 0 0
    outer loop
   vertex 30.535 23.495 0.1
   vertex 30.535 23.325 0.326
   vertex 30.535 23.325 0.1
  endloop
 endfacet
  facet normal 0 0 0
    outer loop
   vertex 30.535 23.135 0.1
   vertex 30.535 23.135 0.326
   vertex 30.535 22.965 0.326
  endloop
 endfacet
  facet normal 0 0 0
    outer loop
   vertex 30.535 23.135 0.1
   vertex 30.535 22.965 0.326
   vertex 30.535 22.965 0.1
  endloop
 endfacet
  facet normal 0 0 0
    outer loop
   vertex 30.535 22.775 0.1
   vertex 30.535 22.775 0.326
   vertex 30.535 22.605 0.326
  endloop
 endfacet
  facet normal 0 0 0
    outer loop
   vertex 30.535 22.775 0.1
   vertex 30.535 22.605 0.326
   vertex 30.535 22.605 0.1
  endloop
 endfacet
  facet normal 0 0 0
    outer loop
   vertex 30.535 22.415 0.1
   vertex 30.535 22.415 0.326
   vertex 30.535 22.245 0.326
  endloop
 endfacet
  facet normal 0 0 0
    outer loop
   vertex 30.535 22.415 0.1
   vertex 30.535 22.245 0.326
   vertex 30.535 22.245 0.1
  endloop
 endfacet
  facet normal 0 0 0
    outer loop
   vertex 30.535 22.055 0.1
   vertex 30.535 22.055 0.326
   vertex 30.535 21.885 0.326
  endloop
 endfacet
  facet normal 0 0 0
    outer loop
   vertex 30.535 22.055 0.1
   vertex 30.535 21.885 0.326
   vertex 30.535 21.885 0.1
  endloop
 endfacet
  facet normal 0 0 0
    outer loop
   vertex 30.535 21.695 0.1
   vertex 30.535 21.695 0.326
   vertex 30.535 21.525 0.326
  endloop
 endfacet
  facet normal 0 0 0
    outer loop
   vertex 30.535 21.695 0.1
   vertex 30.535 21.525 0.326
   vertex 30.535 21.525 0.1
  endloop
 endfacet
  facet normal 0 0 0
    outer loop
   vertex 30.535 7.535 0.1
   vertex 30.535 7.535 0.326
   vertex 30.535 7.365 0.326
  endloop
 endfacet
  facet normal 0 0 0
    outer loop
   vertex 30.535 7.535 0.1
   vertex 30.535 7.365 0.326
   vertex 30.535 7.365 0.1
  endloop
 endfacet
  facet normal 0 0 0
    outer loop
   vertex 30.535 7.175 0.1
   vertex 30.535 7.175 0.326
   vertex 30.535 7.005 0.326
  endloop
 endfacet
  facet normal 0 0 0
    outer loop
   vertex 30.535 7.175 0.1
   vertex 30.535 7.005 0.326
   vertex 30.535 7.005 0.1
  endloop
 endfacet
  facet normal 0 0 0
    outer loop
   vertex 30.535 6.815 0.1
   vertex 30.535 6.815 0.326
   vertex 30.535 6.645 0.326
  endloop
 endfacet
  facet normal 0 0 0
    outer loop
   vertex 30.535 6.815 0.1
   vertex 30.535 6.645 0.326
   vertex 30.535 6.645 0.1
  endloop
 endfacet
  facet normal 0 0 0
    outer loop
   vertex 30.535 6.455 0.1
   vertex 30.535 6.455 0.326
   vertex 30.535 6.285 0.326
  endloop
 endfacet
  facet normal 0 0 0
    outer loop
   vertex 30.535 6.455 0.1
   vertex 30.535 6.285 0.326
   vertex 30.535 6.285 0.1
  endloop
 endfacet
  facet normal 0 0 0
    outer loop
   vertex 30.535 6.095 0.1
   vertex 30.535 6.095 0.326
   vertex 30.535 5.925 0.326
  endloop
 endfacet
  facet normal 0 0 0
    outer loop
   vertex 30.535 6.095 0.1
   vertex 30.535 5.925 0.326
   vertex 30.535 5.925 0.1
  endloop
 endfacet
  facet normal 0 0 0
    outer loop
   vertex 30.535 5.735 0.1
   vertex 30.535 5.735 0.326
   vertex 30.535 5.565 0.326
  endloop
 endfacet
  facet normal 0 0 0
    outer loop
   vertex 30.535 5.735 0.1
   vertex 30.535 5.565 0.326
   vertex 30.535 5.565 0.1
  endloop
 endfacet
  facet normal 0 0 0
    outer loop
   vertex 30.535 5.375 0.1
   vertex 30.535 5.375 0.326
   vertex 30.535 5.205 0.326
  endloop
 endfacet
  facet normal 0 0 0
    outer loop
   vertex 30.535 5.375 0.1
   vertex 30.535 5.205 0.326
   vertex 30.535 5.205 0.1
  endloop
 endfacet
  facet normal 0 0 0
    outer loop
   vertex 30.535 5.015 0.1
   vertex 30.535 5.015 0.326
   vertex 30.535 4.845 0.326
  endloop
 endfacet
  facet normal 0 0 0
    outer loop
   vertex 30.535 5.015 0.1
   vertex 30.535 4.845 0.326
   vertex 30.535 4.845 0.1
  endloop
 endfacet
  facet normal 0 0 0
    outer loop
   vertex 30.535 4.655 0.1
   vertex 30.535 4.655 0.326
   vertex 30.535 4.485 0.326
  endloop
 endfacet
  facet normal 0 0 0
    outer loop
   vertex 30.535 4.655 0.1
   vertex 30.535 4.485 0.326
   vertex 30.535 4.485 0.1
  endloop
 endfacet
  facet normal 0 0 0
    outer loop
   vertex 30.535 21.885 0.1
   vertex 30.535 21.885 0.326
   vertex 30.365 21.885 0.326
  endloop
 endfacet
  facet normal 0 0 0
    outer loop
   vertex 30.535 21.885 0.1
   vertex 30.365 21.885 0.326
   vertex 30.365 21.885 0.1
  endloop
 endfacet
  facet normal 0 0 0
    outer loop
   vertex 30.365 22.055 0.1
   vertex 30.365 22.055 0.326
   vertex 30.535 22.055 0.326
  endloop
 endfacet
  facet normal 0 0 0
    outer loop
   vertex 30.365 22.055 0.1
   vertex 30.535 22.055 0.326
   vertex 30.535 22.055 0.1
  endloop
 endfacet
  facet normal 0 0 0
    outer loop
   vertex 30.535 22.245 0.1
   vertex 30.535 22.245 0.326
   vertex 30.365 22.245 0.326
  endloop
 endfacet
  facet normal 0 0 0
    outer loop
   vertex 30.535 22.245 0.1
   vertex 30.365 22.245 0.326
   vertex 30.365 22.245 0.1
  endloop
 endfacet
  facet normal 0 0 0
    outer loop
   vertex 30.365 22.415 0.1
   vertex 30.365 22.415 0.326
   vertex 30.535 22.415 0.326
  endloop
 endfacet
  facet normal 0 0 0
    outer loop
   vertex 30.365 22.415 0.1
   vertex 30.535 22.415 0.326
   vertex 30.535 22.415 0.1
  endloop
 endfacet
  facet normal 0 0 0
    outer loop
   vertex 30.535 22.605 0.1
   vertex 30.535 22.605 0.326
   vertex 30.365 22.605 0.326
  endloop
 endfacet
  facet normal 0 0 0
    outer loop
   vertex 30.535 22.605 0.1
   vertex 30.365 22.605 0.326
   vertex 30.365 22.605 0.1
  endloop
 endfacet
  facet normal 0 0 0
    outer loop
   vertex 30.365 22.775 0.1
   vertex 30.365 22.775 0.326
   vertex 30.535 22.775 0.326
  endloop
 endfacet
  facet normal 0 0 0
    outer loop
   vertex 30.365 22.775 0.1
   vertex 30.535 22.775 0.326
   vertex 30.535 22.775 0.1
  endloop
 endfacet
  facet normal 0 0 0
    outer loop
   vertex 30.365 23.135 0.1
   vertex 30.365 23.135 0.326
   vertex 30.535 23.135 0.326
  endloop
 endfacet
  facet normal 0 0 0
    outer loop
   vertex 30.365 23.135 0.1
   vertex 30.535 23.135 0.326
   vertex 30.535 23.135 0.1
  endloop
 endfacet
  facet normal 0 0 0
    outer loop
   vertex 30.535 22.965 0.1
   vertex 30.535 22.965 0.326
   vertex 30.365 22.965 0.326
  endloop
 endfacet
  facet normal 0 0 0
    outer loop
   vertex 30.535 22.965 0.1
   vertex 30.365 22.965 0.326
   vertex 30.365 22.965 0.1
  endloop
 endfacet
  facet normal 0 0 0
    outer loop
   vertex 30.365 23.495 0.1
   vertex 30.365 23.495 0.326
   vertex 30.535 23.495 0.326
  endloop
 endfacet
  facet normal 0 0 0
    outer loop
   vertex 30.365 23.495 0.1
   vertex 30.535 23.495 0.326
   vertex 30.535 23.495 0.1
  endloop
 endfacet
  facet normal 0 0 0
    outer loop
   vertex 30.535 23.325 0.1
   vertex 30.535 23.325 0.326
   vertex 30.365 23.325 0.326
  endloop
 endfacet
  facet normal 0 0 0
    outer loop
   vertex 30.535 23.325 0.1
   vertex 30.365 23.325 0.326
   vertex 30.365 23.325 0.1
  endloop
 endfacet
  facet normal 0 0 0
    outer loop
   vertex 30.365 23.855 0.1
   vertex 30.365 23.855 0.326
   vertex 30.535 23.855 0.326
  endloop
 endfacet
  facet normal 0 0 0
    outer loop
   vertex 30.365 23.855 0.1
   vertex 30.535 23.855 0.326
   vertex 30.535 23.855 0.1
  endloop
 endfacet
  facet normal 0 0 0
    outer loop
   vertex 30.535 23.685 0.1
   vertex 30.535 23.685 0.326
   vertex 30.365 23.685 0.326
  endloop
 endfacet
  facet normal 0 0 0
    outer loop
   vertex 30.535 23.685 0.1
   vertex 30.365 23.685 0.326
   vertex 30.365 23.685 0.1
  endloop
 endfacet
  facet normal 0 0 0
    outer loop
   vertex 30.365 24.215 0.1
   vertex 30.365 24.215 0.326
   vertex 30.535 24.215 0.326
  endloop
 endfacet
  facet normal 0 0 0
    outer loop
   vertex 30.365 24.215 0.1
   vertex 30.535 24.215 0.326
   vertex 30.535 24.215 0.1
  endloop
 endfacet
  facet normal 0 0 0
    outer loop
   vertex 30.535 24.045 0.1
   vertex 30.535 24.045 0.326
   vertex 30.365 24.045 0.326
  endloop
 endfacet
  facet normal 0 0 0
    outer loop
   vertex 30.535 24.045 0.1
   vertex 30.365 24.045 0.326
   vertex 30.365 24.045 0.1
  endloop
 endfacet
  facet normal 0 0 0
    outer loop
   vertex 30.365 24.575 0.1
   vertex 30.365 24.575 0.326
   vertex 30.535 24.575 0.326
  endloop
 endfacet
  facet normal 0 0 0
    outer loop
   vertex 30.365 24.575 0.1
   vertex 30.535 24.575 0.326
   vertex 30.535 24.575 0.1
  endloop
 endfacet
  facet normal 0 0 0
    outer loop
   vertex 30.535 24.405 0.1
   vertex 30.535 24.405 0.326
   vertex 30.365 24.405 0.326
  endloop
 endfacet
  facet normal 0 0 0
    outer loop
   vertex 30.535 24.405 0.1
   vertex 30.365 24.405 0.326
   vertex 30.365 24.405 0.1
  endloop
 endfacet
  facet normal 0 0 0
    outer loop
   vertex -9.255 14.615 0.1
   vertex -9.255 14.615 0.326
   vertex -9.255 14.785 0.326
  endloop
 endfacet
  facet normal 0 0 0
    outer loop
   vertex -9.255 14.615 0.1
   vertex -9.255 14.785 0.326
   vertex -9.255 14.785 0.1
  endloop
 endfacet
  facet normal 0 0 0
    outer loop
   vertex -9.255 14.785 0.1
   vertex -9.255 14.785 0.326
   vertex -9.085 14.785 0.326
  endloop
 endfacet
  facet normal 0 0 0
    outer loop
   vertex -9.255 14.785 0.1
   vertex -9.085 14.785 0.326
   vertex -9.085 14.785 0.1
  endloop
 endfacet
  facet normal 0 0 0
    outer loop
   vertex -7.405 14.785 0.1
   vertex -7.405 14.785 0.326
   vertex -7.235 14.785 0.326
  endloop
 endfacet
  facet normal 0 0 0
    outer loop
   vertex -7.405 14.785 0.1
   vertex -7.235 14.785 0.326
   vertex -7.235 14.785 0.1
  endloop
 endfacet
  facet normal 0 0 0
    outer loop
   vertex -6.455 14.785 0.1
   vertex -6.455 14.785 0.326
   vertex -6.285 14.785 0.326
  endloop
 endfacet
  facet normal 0 0 0
    outer loop
   vertex -6.455 14.785 0.1
   vertex -6.285 14.785 0.326
   vertex -6.285 14.785 0.1
  endloop
 endfacet
  facet normal 0 0 0
    outer loop
   vertex -4.605 14.785 0.1
   vertex -4.605 14.785 0.326
   vertex -4.435 14.785 0.326
  endloop
 endfacet
  facet normal 0 0 0
    outer loop
   vertex -4.605 14.785 0.1
   vertex -4.435 14.785 0.326
   vertex -4.435 14.785 0.1
  endloop
 endfacet
  facet normal 0 0 0
    outer loop
   vertex -9.085 14.785 0.1
   vertex -9.085 14.785 0.326
   vertex -9.085 14.615 0.326
  endloop
 endfacet
  facet normal 0 0 0
    outer loop
   vertex -9.085 14.785 0.1
   vertex -9.085 14.615 0.326
   vertex -9.085 14.615 0.1
  endloop
 endfacet
  facet normal 0 0 0
    outer loop
   vertex -7.405 14.615 0.1
   vertex -7.405 14.615 0.326
   vertex -7.405 14.785 0.326
  endloop
 endfacet
  facet normal 0 0 0
    outer loop
   vertex -7.405 14.615 0.1
   vertex -7.405 14.785 0.326
   vertex -7.405 14.785 0.1
  endloop
 endfacet
  facet normal 0 0 0
    outer loop
   vertex -7.235 14.785 0.1
   vertex -7.235 14.785 0.326
   vertex -7.235 14.615 0.326
  endloop
 endfacet
  facet normal 0 0 0
    outer loop
   vertex -7.235 14.785 0.1
   vertex -7.235 14.615 0.326
   vertex -7.235 14.615 0.1
  endloop
 endfacet
  facet normal 0 0 0
    outer loop
   vertex -6.455 14.615 0.1
   vertex -6.455 14.615 0.326
   vertex -6.455 14.785 0.326
  endloop
 endfacet
  facet normal 0 0 0
    outer loop
   vertex -6.455 14.615 0.1
   vertex -6.455 14.785 0.326
   vertex -6.455 14.785 0.1
  endloop
 endfacet
  facet normal 0 0 0
    outer loop
   vertex -6.285 14.785 0.1
   vertex -6.285 14.785 0.326
   vertex -6.285 14.615 0.326
  endloop
 endfacet
  facet normal 0 0 0
    outer loop
   vertex -6.285 14.785 0.1
   vertex -6.285 14.615 0.326
   vertex -6.285 14.615 0.1
  endloop
 endfacet
  facet normal 0 0 0
    outer loop
   vertex -4.605 14.615 0.1
   vertex -4.605 14.615 0.326
   vertex -4.605 14.785 0.326
  endloop
 endfacet
  facet normal 0 0 0
    outer loop
   vertex -4.605 14.615 0.1
   vertex -4.605 14.785 0.326
   vertex -4.605 14.785 0.1
  endloop
 endfacet
  facet normal 0 0 0
    outer loop
   vertex -4.435 14.785 0.1
   vertex -4.435 14.785 0.326
   vertex -4.435 14.615 0.326
  endloop
 endfacet
  facet normal 0 0 0
    outer loop
   vertex -4.435 14.785 0.1
   vertex -4.435 14.615 0.326
   vertex -4.435 14.615 0.1
  endloop
 endfacet
  facet normal 0 0 0
    outer loop
   vertex -4.435 14.615 0.1
   vertex -4.435 14.615 0.326
   vertex -4.605 14.615 0.326
  endloop
 endfacet
  facet normal 0 0 0
    outer loop
   vertex -4.435 14.615 0.1
   vertex -4.605 14.615 0.326
   vertex -4.605 14.615 0.1
  endloop
 endfacet
  facet normal 0 0 0
    outer loop
   vertex -6.285 14.615 0.1
   vertex -6.285 14.615 0.326
   vertex -6.455 14.615 0.326
  endloop
 endfacet
  facet normal 0 0 0
    outer loop
   vertex -6.285 14.615 0.1
   vertex -6.455 14.615 0.326
   vertex -6.455 14.615 0.1
  endloop
 endfacet
  facet normal 0 0 0
    outer loop
   vertex -7.235 14.615 0.1
   vertex -7.235 14.615 0.326
   vertex -7.405 14.615 0.326
  endloop
 endfacet
  facet normal 0 0 0
    outer loop
   vertex -7.235 14.615 0.1
   vertex -7.405 14.615 0.326
   vertex -7.405 14.615 0.1
  endloop
 endfacet
  facet normal 0 0 0
    outer loop
   vertex -9.085 14.615 0.1
   vertex -9.085 14.615 0.326
   vertex -9.255 14.615 0.326
  endloop
 endfacet
  facet normal 0 0 0
    outer loop
   vertex -9.085 14.615 0.1
   vertex -9.255 14.615 0.326
   vertex -9.255 14.615 0.1
  endloop
 endfacet
  facet normal 0 0 0
    outer loop
   vertex 30.365 6.455 0.1
   vertex 30.365 6.455 0.326
   vertex 30.535 6.455 0.326
  endloop
 endfacet
  facet normal 0 0 0
    outer loop
   vertex 30.365 6.455 0.1
   vertex 30.535 6.455 0.326
   vertex 30.535 6.455 0.1
  endloop
 endfacet
  facet normal 0 0 0
    outer loop
   vertex 30.535 6.285 0.1
   vertex 30.535 6.285 0.326
   vertex 30.365 6.285 0.326
  endloop
 endfacet
  facet normal 0 0 0
    outer loop
   vertex 30.535 6.285 0.1
   vertex 30.365 6.285 0.326
   vertex 30.365 6.285 0.1
  endloop
 endfacet
  facet normal 0 0 0
    outer loop
   vertex 30.535 6.645 0.1
   vertex 30.535 6.645 0.326
   vertex 30.365 6.645 0.326
  endloop
 endfacet
  facet normal 0 0 0
    outer loop
   vertex 30.535 6.645 0.1
   vertex 30.365 6.645 0.326
   vertex 30.365 6.645 0.1
  endloop
 endfacet
  facet normal 0 0 0
    outer loop
   vertex 30.365 6.815 0.1
   vertex 30.365 6.815 0.326
   vertex 30.535 6.815 0.326
  endloop
 endfacet
  facet normal 0 0 0
    outer loop
   vertex 30.365 6.815 0.1
   vertex 30.535 6.815 0.326
   vertex 30.535 6.815 0.1
  endloop
 endfacet
  facet normal 0 0 0
    outer loop
   vertex 30.365 7.175 0.1
   vertex 30.365 7.175 0.326
   vertex 30.535 7.175 0.326
  endloop
 endfacet
  facet normal 0 0 0
    outer loop
   vertex 30.365 7.175 0.1
   vertex 30.535 7.175 0.326
   vertex 30.535 7.175 0.1
  endloop
 endfacet
  facet normal 0 0 0
    outer loop
   vertex 30.535 7.005 0.1
   vertex 30.535 7.005 0.326
   vertex 30.365 7.005 0.326
  endloop
 endfacet
  facet normal 0 0 0
    outer loop
   vertex 30.535 7.005 0.1
   vertex 30.365 7.005 0.326
   vertex 30.365 7.005 0.1
  endloop
 endfacet
  facet normal 0 0 0
    outer loop
   vertex 30.365 7.535 0.1
   vertex 30.365 7.535 0.326
   vertex 30.535 7.535 0.326
  endloop
 endfacet
  facet normal 0 0 0
    outer loop
   vertex 30.365 7.535 0.1
   vertex 30.535 7.535 0.326
   vertex 30.535 7.535 0.1
  endloop
 endfacet
  facet normal 0 0 0
    outer loop
   vertex 30.535 7.365 0.1
   vertex 30.535 7.365 0.326
   vertex 30.365 7.365 0.326
  endloop
 endfacet
  facet normal 0 0 0
    outer loop
   vertex 30.535 7.365 0.1
   vertex 30.365 7.365 0.326
   vertex 30.365 7.365 0.1
  endloop
 endfacet
  facet normal 0 0 0
    outer loop
   vertex 24.115 13.175 0.1
   vertex 24.115 13.175 0.326
   vertex 24.285 13.175 0.326
  endloop
 endfacet
  facet normal 0 0 0
    outer loop
   vertex 24.115 13.175 0.1
   vertex 24.285 13.175 0.326
   vertex 24.285 13.175 0.1
  endloop
 endfacet
  facet normal 0 0 0
    outer loop
   vertex 36.615 13.175 0.1
   vertex 36.615 13.175 0.326
   vertex 36.785 13.175 0.326
  endloop
 endfacet
  facet normal 0 0 0
    outer loop
   vertex 36.615 13.175 0.1
   vertex 36.785 13.175 0.326
   vertex 36.785 13.175 0.1
  endloop
 endfacet
  facet normal 0 0 0
    outer loop
   vertex 36.785 13.005 0.1
   vertex 36.785 13.005 0.326
   vertex 36.615 13.005 0.326
  endloop
 endfacet
  facet normal 0 0 0
    outer loop
   vertex 36.785 13.005 0.1
   vertex 36.615 13.005 0.326
   vertex 36.615 13.005 0.1
  endloop
 endfacet
  facet normal 0 0 0
    outer loop
   vertex 24.285 13.005 0.1
   vertex 24.285 13.005 0.326
   vertex 24.115 13.005 0.326
  endloop
 endfacet
  facet normal 0 0 0
    outer loop
   vertex 24.285 13.005 0.1
   vertex 24.115 13.005 0.326
   vertex 24.115 13.005 0.1
  endloop
 endfacet
  facet normal 0 0 0
    outer loop
   vertex 24.115 13.535 0.1
   vertex 24.115 13.535 0.326
   vertex 24.285 13.535 0.326
  endloop
 endfacet
  facet normal 0 0 0
    outer loop
   vertex 24.115 13.535 0.1
   vertex 24.285 13.535 0.326
   vertex 24.285 13.535 0.1
  endloop
 endfacet
  facet normal 0 0 0
    outer loop
   vertex 36.615 13.535 0.1
   vertex 36.615 13.535 0.326
   vertex 36.785 13.535 0.326
  endloop
 endfacet
  facet normal 0 0 0
    outer loop
   vertex 36.615 13.535 0.1
   vertex 36.785 13.535 0.326
   vertex 36.785 13.535 0.1
  endloop
 endfacet
  facet normal 0 0 0
    outer loop
   vertex 36.785 13.365 0.1
   vertex 36.785 13.365 0.326
   vertex 36.615 13.365 0.326
  endloop
 endfacet
  facet normal 0 0 0
    outer loop
   vertex 36.785 13.365 0.1
   vertex 36.615 13.365 0.326
   vertex 36.615 13.365 0.1
  endloop
 endfacet
  facet normal 0 0 0
    outer loop
   vertex 24.285 13.365 0.1
   vertex 24.285 13.365 0.326
   vertex 24.115 13.365 0.326
  endloop
 endfacet
  facet normal 0 0 0
    outer loop
   vertex 24.285 13.365 0.1
   vertex 24.115 13.365 0.326
   vertex 24.115 13.365 0.1
  endloop
 endfacet
  facet normal 0 0 0
    outer loop
   vertex 24.115 13.895 0.1
   vertex 24.115 13.895 0.326
   vertex 24.285 13.895 0.326
  endloop
 endfacet
  facet normal 0 0 0
    outer loop
   vertex 24.115 13.895 0.1
   vertex 24.285 13.895 0.326
   vertex 24.285 13.895 0.1
  endloop
 endfacet
  facet normal 0 0 0
    outer loop
   vertex 36.615 13.895 0.1
   vertex 36.615 13.895 0.326
   vertex 36.785 13.895 0.326
  endloop
 endfacet
  facet normal 0 0 0
    outer loop
   vertex 36.615 13.895 0.1
   vertex 36.785 13.895 0.326
   vertex 36.785 13.895 0.1
  endloop
 endfacet
  facet normal 0 0 0
    outer loop
   vertex 36.785 13.725 0.1
   vertex 36.785 13.725 0.326
   vertex 36.615 13.725 0.326
  endloop
 endfacet
  facet normal 0 0 0
    outer loop
   vertex 36.785 13.725 0.1
   vertex 36.615 13.725 0.326
   vertex 36.615 13.725 0.1
  endloop
 endfacet
  facet normal 0 0 0
    outer loop
   vertex 24.285 13.725 0.1
   vertex 24.285 13.725 0.326
   vertex 24.115 13.725 0.326
  endloop
 endfacet
  facet normal 0 0 0
    outer loop
   vertex 24.285 13.725 0.1
   vertex 24.115 13.725 0.326
   vertex 24.115 13.725 0.1
  endloop
 endfacet
  facet normal 0 0 0
    outer loop
   vertex 24.115 14.255 0.1
   vertex 24.115 14.255 0.326
   vertex 24.285 14.255 0.326
  endloop
 endfacet
  facet normal 0 0 0
    outer loop
   vertex 24.115 14.255 0.1
   vertex 24.285 14.255 0.326
   vertex 24.285 14.255 0.1
  endloop
 endfacet
  facet normal 0 0 0
    outer loop
   vertex 36.615 14.255 0.1
   vertex 36.615 14.255 0.326
   vertex 36.785 14.255 0.326
  endloop
 endfacet
  facet normal 0 0 0
    outer loop
   vertex 36.615 14.255 0.1
   vertex 36.785 14.255 0.326
   vertex 36.785 14.255 0.1
  endloop
 endfacet
  facet normal 0 0 0
    outer loop
   vertex 36.785 14.085 0.1
   vertex 36.785 14.085 0.326
   vertex 36.615 14.085 0.326
  endloop
 endfacet
  facet normal 0 0 0
    outer loop
   vertex 36.785 14.085 0.1
   vertex 36.615 14.085 0.326
   vertex 36.615 14.085 0.1
  endloop
 endfacet
  facet normal 0 0 0
    outer loop
   vertex 24.285 14.085 0.1
   vertex 24.285 14.085 0.326
   vertex 24.115 14.085 0.326
  endloop
 endfacet
  facet normal 0 0 0
    outer loop
   vertex 24.285 14.085 0.1
   vertex 24.115 14.085 0.326
   vertex 24.115 14.085 0.1
  endloop
 endfacet
  facet normal 0 0 0
    outer loop
   vertex 30.535 4.485 0.1
   vertex 30.535 4.485 0.326
   vertex 30.365 4.485 0.326
  endloop
 endfacet
  facet normal 0 0 0
    outer loop
   vertex 30.535 4.485 0.1
   vertex 30.365 4.485 0.326
   vertex 30.365 4.485 0.1
  endloop
 endfacet
  facet normal 0 0 0
    outer loop
   vertex 30.365 4.655 0.1
   vertex 30.365 4.655 0.326
   vertex 30.535 4.655 0.326
  endloop
 endfacet
  facet normal 0 0 0
    outer loop
   vertex 30.365 4.655 0.1
   vertex 30.535 4.655 0.326
   vertex 30.535 4.655 0.1
  endloop
 endfacet
  facet normal 0 0 0
    outer loop
   vertex 30.365 5.015 0.1
   vertex 30.365 5.015 0.326
   vertex 30.535 5.015 0.326
  endloop
 endfacet
  facet normal 0 0 0
    outer loop
   vertex 30.365 5.015 0.1
   vertex 30.535 5.015 0.326
   vertex 30.535 5.015 0.1
  endloop
 endfacet
  facet normal 0 0 0
    outer loop
   vertex 36.785 14.445 0.1
   vertex 36.785 14.445 0.326
   vertex 36.615 14.445 0.326
  endloop
 endfacet
  facet normal 0 0 0
    outer loop
   vertex 36.785 14.445 0.1
   vertex 36.615 14.445 0.326
   vertex 36.615 14.445 0.1
  endloop
 endfacet
  facet normal 0 0 0
    outer loop
   vertex 24.285 14.445 0.1
   vertex 24.285 14.445 0.326
   vertex 24.115 14.445 0.326
  endloop
 endfacet
  facet normal 0 0 0
    outer loop
   vertex 24.285 14.445 0.1
   vertex 24.115 14.445 0.326
   vertex 24.115 14.445 0.1
  endloop
 endfacet
  facet normal 0 0 0
    outer loop
   vertex 30.535 4.845 0.1
   vertex 30.535 4.845 0.326
   vertex 30.365 4.845 0.326
  endloop
 endfacet
  facet normal 0 0 0
    outer loop
   vertex 30.535 4.845 0.1
   vertex 30.365 4.845 0.326
   vertex 30.365 4.845 0.1
  endloop
 endfacet
  facet normal 0 0 0
    outer loop
   vertex 30.535 5.205 0.1
   vertex 30.535 5.205 0.326
   vertex 30.365 5.205 0.326
  endloop
 endfacet
  facet normal 0 0 0
    outer loop
   vertex 30.535 5.205 0.1
   vertex 30.365 5.205 0.326
   vertex 30.365 5.205 0.1
  endloop
 endfacet
  facet normal 0 0 0
    outer loop
   vertex 30.365 5.375 0.1
   vertex 30.365 5.375 0.326
   vertex 30.535 5.375 0.326
  endloop
 endfacet
  facet normal 0 0 0
    outer loop
   vertex 30.365 5.375 0.1
   vertex 30.535 5.375 0.326
   vertex 30.535 5.375 0.1
  endloop
 endfacet
  facet normal 0 0 0
    outer loop
   vertex 30.535 5.565 0.1
   vertex 30.535 5.565 0.326
   vertex 30.365 5.565 0.326
  endloop
 endfacet
  facet normal 0 0 0
    outer loop
   vertex 30.535 5.565 0.1
   vertex 30.365 5.565 0.326
   vertex 30.365 5.565 0.1
  endloop
 endfacet
  facet normal 0 0 0
    outer loop
   vertex 30.365 5.735 0.1
   vertex 30.365 5.735 0.326
   vertex 30.535 5.735 0.326
  endloop
 endfacet
  facet normal 0 0 0
    outer loop
   vertex 30.365 5.735 0.1
   vertex 30.535 5.735 0.326
   vertex 30.535 5.735 0.1
  endloop
 endfacet
  facet normal 0 0 0
    outer loop
   vertex 30.365 6.095 0.1
   vertex 30.365 6.095 0.326
   vertex 30.535 6.095 0.326
  endloop
 endfacet
  facet normal 0 0 0
    outer loop
   vertex 30.365 6.095 0.1
   vertex 30.535 6.095 0.326
   vertex 30.535 6.095 0.1
  endloop
 endfacet
  facet normal 0 0 0
    outer loop
   vertex 30.535 5.925 0.1
   vertex 30.535 5.925 0.326
   vertex 30.365 5.925 0.326
  endloop
 endfacet
  facet normal 0 0 0
    outer loop
   vertex 30.535 5.925 0.1
   vertex 30.365 5.925 0.326
   vertex 30.365 5.925 0.1
  endloop
 endfacet
  facet normal 0 0 0
    outer loop
   vertex 30.365 4.405 0.936
   vertex 30.365 4.485 0.936
   vertex 30.535 4.485 0.936
  endloop
 endfacet
  facet normal 0 0 0
    outer loop
   vertex 30.365 4.405 0.936
   vertex 30.535 4.485 0.936
   vertex 30.535 4.405 0.936
  endloop
 endfacet
  facet normal 0 0 0
    outer loop
   vertex 30.365 4.655 0.936
   vertex 30.365 4.845 0.936
   vertex 30.535 4.845 0.936
  endloop
 endfacet
  facet normal 0 0 0
    outer loop
   vertex 30.365 4.655 0.936
   vertex 30.535 4.845 0.936
   vertex 30.535 4.655 0.936
  endloop
 endfacet
  facet normal 0 0 0
    outer loop
   vertex 30.365 5.015 0.936
   vertex 30.365 5.205 0.936
   vertex 30.535 5.205 0.936
  endloop
 endfacet
  facet normal 0 0 0
    outer loop
   vertex 30.365 5.015 0.936
   vertex 30.535 5.205 0.936
   vertex 30.535 5.015 0.936
  endloop
 endfacet
  facet normal 0 0 0
    outer loop
   vertex 30.365 5.375 0.936
   vertex 30.365 5.565 0.936
   vertex 30.535 5.565 0.936
  endloop
 endfacet
  facet normal 0 0 0
    outer loop
   vertex 30.365 5.375 0.936
   vertex 30.535 5.565 0.936
   vertex 30.535 5.375 0.936
  endloop
 endfacet
  facet normal 0 0 0
    outer loop
   vertex 30.365 5.735 0.936
   vertex 30.365 5.925 0.936
   vertex 30.535 5.925 0.936
  endloop
 endfacet
  facet normal 0 0 0
    outer loop
   vertex 30.365 5.735 0.936
   vertex 30.535 5.925 0.936
   vertex 30.535 5.735 0.936
  endloop
 endfacet
  facet normal 0 0 0
    outer loop
   vertex 30.365 6.095 0.936
   vertex 30.365 6.285 0.936
   vertex 30.535 6.285 0.936
  endloop
 endfacet
  facet normal 0 0 0
    outer loop
   vertex 30.365 6.095 0.936
   vertex 30.535 6.285 0.936
   vertex 30.535 6.095 0.936
  endloop
 endfacet
  facet normal 0 0 0
    outer loop
   vertex 30.365 6.455 0.936
   vertex 30.365 6.645 0.936
   vertex 30.535 6.645 0.936
  endloop
 endfacet
  facet normal 0 0 0
    outer loop
   vertex 30.365 6.455 0.936
   vertex 30.535 6.645 0.936
   vertex 30.535 6.455 0.936
  endloop
 endfacet
  facet normal 0 0 0
    outer loop
   vertex 30.365 6.815 0.936
   vertex 30.365 7.005 0.936
   vertex 30.535 7.005 0.936
  endloop
 endfacet
  facet normal 0 0 0
    outer loop
   vertex 30.365 6.815 0.936
   vertex 30.535 7.005 0.936
   vertex 30.535 6.815 0.936
  endloop
 endfacet
  facet normal 0 0 0
    outer loop
   vertex 30.365 7.175 0.936
   vertex 30.365 7.365 0.936
   vertex 30.535 7.365 0.936
  endloop
 endfacet
  facet normal 0 0 0
    outer loop
   vertex 30.365 7.175 0.936
   vertex 30.535 7.365 0.936
   vertex 30.535 7.175 0.936
  endloop
 endfacet
  facet normal 0 0 0
    outer loop
   vertex 30.365 7.535 0.936
   vertex 30.365 7.615 0.936
   vertex 30.535 7.615 0.936
  endloop
 endfacet
  facet normal 0 0 0
    outer loop
   vertex 30.365 7.535 0.936
   vertex 30.535 7.615 0.936
   vertex 30.535 7.535 0.936
  endloop
 endfacet
  facet normal 0 0 0
    outer loop
   vertex 24.115 12.925 0.936
   vertex 24.115 13.005 0.936
   vertex 24.285 13.005 0.936
  endloop
 endfacet
  facet normal 0 0 0
    outer loop
   vertex 24.115 12.925 0.936
   vertex 24.285 13.005 0.936
   vertex 24.285 12.925 0.936
  endloop
 endfacet
  facet normal 0 0 0
    outer loop
   vertex 36.615 12.925 0.936
   vertex 36.615 13.005 0.936
   vertex 36.785 13.005 0.936
  endloop
 endfacet
  facet normal 0 0 0
    outer loop
   vertex 36.615 12.925 0.936
   vertex 36.785 13.005 0.936
   vertex 36.785 12.925 0.936
  endloop
 endfacet
  facet normal 0 0 0
    outer loop
   vertex 24.115 13.175 0.936
   vertex 24.115 13.365 0.936
   vertex 24.285 13.365 0.936
  endloop
 endfacet
  facet normal 0 0 0
    outer loop
   vertex 24.115 13.175 0.936
   vertex 24.285 13.365 0.936
   vertex 24.285 13.175 0.936
  endloop
 endfacet
  facet normal 0 0 0
    outer loop
   vertex 36.615 13.175 0.936
   vertex 36.615 13.365 0.936
   vertex 36.785 13.365 0.936
  endloop
 endfacet
  facet normal 0 0 0
    outer loop
   vertex 36.615 13.175 0.936
   vertex 36.785 13.365 0.936
   vertex 36.785 13.175 0.936
  endloop
 endfacet
  facet normal 0 0 0
    outer loop
   vertex 24.115 13.535 0.936
   vertex 24.115 13.725 0.936
   vertex 24.285 13.725 0.936
  endloop
 endfacet
  facet normal 0 0 0
    outer loop
   vertex 24.115 13.535 0.936
   vertex 24.285 13.725 0.936
   vertex 24.285 13.535 0.936
  endloop
 endfacet
  facet normal 0 0 0
    outer loop
   vertex 36.615 13.535 0.936
   vertex 36.615 13.725 0.936
   vertex 36.785 13.725 0.936
  endloop
 endfacet
  facet normal 0 0 0
    outer loop
   vertex 36.615 13.535 0.936
   vertex 36.785 13.725 0.936
   vertex 36.785 13.535 0.936
  endloop
 endfacet
  facet normal 0 0 0
    outer loop
   vertex 24.115 13.895 0.936
   vertex 24.115 14.085 0.936
   vertex 24.285 14.085 0.936
  endloop
 endfacet
  facet normal 0 0 0
    outer loop
   vertex 24.115 13.895 0.936
   vertex 24.285 14.085 0.936
   vertex 24.285 13.895 0.936
  endloop
 endfacet
  facet normal 0 0 0
    outer loop
   vertex 36.615 13.895 0.936
   vertex 36.615 14.085 0.936
   vertex 36.785 14.085 0.936
  endloop
 endfacet
  facet normal 0 0 0
    outer loop
   vertex 36.615 13.895 0.936
   vertex 36.785 14.085 0.936
   vertex 36.785 13.895 0.936
  endloop
 endfacet
  facet normal 0 0 0
    outer loop
   vertex 24.115 14.255 0.936
   vertex 24.115 14.445 0.936
   vertex 24.285 14.445 0.936
  endloop
 endfacet
  facet normal 0 0 0
    outer loop
   vertex 24.115 14.255 0.936
   vertex 24.285 14.445 0.936
   vertex 24.285 14.255 0.936
  endloop
 endfacet
  facet normal 0 0 0
    outer loop
   vertex 36.615 14.255 0.936
   vertex 36.615 14.445 0.936
   vertex 36.785 14.445 0.936
  endloop
 endfacet
  facet normal 0 0 0
    outer loop
   vertex 36.615 14.255 0.936
   vertex 36.785 14.445 0.936
   vertex 36.785 14.255 0.936
  endloop
 endfacet
  facet normal 0 0 0
    outer loop
   vertex -9.255 14.535 0.936
   vertex -9.255 14.615 0.936
   vertex -9.085 14.615 0.936
  endloop
 endfacet
  facet normal 0 0 0
    outer loop
   vertex -9.255 14.535 0.936
   vertex -9.085 14.615 0.936
   vertex -9.085 14.535 0.936
  endloop
 endfacet
  facet normal 0 0 0
    outer loop
   vertex -7.405 14.535 0.936
   vertex -7.405 14.615 0.936
   vertex -7.235 14.615 0.936
  endloop
 endfacet
  facet normal 0 0 0
    outer loop
   vertex -7.405 14.535 0.936
   vertex -7.235 14.615 0.936
   vertex -7.235 14.535 0.936
  endloop
 endfacet
  facet normal 0 0 0
    outer loop
   vertex -6.455 14.535 0.936
   vertex -6.455 14.615 0.936
   vertex -6.285 14.615 0.936
  endloop
 endfacet
  facet normal 0 0 0
    outer loop
   vertex -6.455 14.535 0.936
   vertex -6.285 14.615 0.936
   vertex -6.285 14.535 0.936
  endloop
 endfacet
  facet normal 0 0 0
    outer loop
   vertex -4.605 14.535 0.936
   vertex -4.605 14.615 0.936
   vertex -4.435 14.615 0.936
  endloop
 endfacet
  facet normal 0 0 0
    outer loop
   vertex -4.605 14.535 0.936
   vertex -4.435 14.615 0.936
   vertex -4.435 14.535 0.936
  endloop
 endfacet
  facet normal 0 0 0
    outer loop
   vertex 24.115 14.615 0.936
   vertex 24.115 14.805 0.936
   vertex 24.285 14.805 0.936
  endloop
 endfacet
  facet normal 0 0 0
    outer loop
   vertex 24.115 14.615 0.936
   vertex 24.285 14.805 0.936
   vertex 24.285 14.615 0.936
  endloop
 endfacet
  facet normal 0 0 0
    outer loop
   vertex 36.615 14.615 0.936
   vertex 36.615 14.805 0.936
   vertex 36.785 14.805 0.936
  endloop
 endfacet
  facet normal 0 0 0
    outer loop
   vertex 36.615 14.615 0.936
   vertex 36.785 14.805 0.936
   vertex 36.785 14.615 0.936
  endloop
 endfacet
  facet normal 0 0 0
    outer loop
   vertex -9.255 14.785 0.936
   vertex -9.255 14.865 0.936
   vertex -9.085 14.865 0.936
  endloop
 endfacet
  facet normal 0 0 0
    outer loop
   vertex -9.255 14.785 0.936
   vertex -9.085 14.865 0.936
   vertex -9.085 14.785 0.936
  endloop
 endfacet
  facet normal 0 0 0
    outer loop
   vertex -7.405 14.785 0.936
   vertex -7.405 14.865 0.936
   vertex -7.235 14.865 0.936
  endloop
 endfacet
  facet normal 0 0 0
    outer loop
   vertex -7.405 14.785 0.936
   vertex -7.235 14.865 0.936
   vertex -7.235 14.785 0.936
  endloop
 endfacet
  facet normal 0 0 0
    outer loop
   vertex -6.455 14.785 0.936
   vertex -6.455 14.865 0.936
   vertex -6.285 14.865 0.936
  endloop
 endfacet
  facet normal 0 0 0
    outer loop
   vertex -6.455 14.785 0.936
   vertex -6.285 14.865 0.936
   vertex -6.285 14.785 0.936
  endloop
 endfacet
  facet normal 0 0 0
    outer loop
   vertex -4.605 14.785 0.936
   vertex -4.605 14.865 0.936
   vertex -4.435 14.865 0.936
  endloop
 endfacet
  facet normal 0 0 0
    outer loop
   vertex -4.605 14.785 0.936
   vertex -4.435 14.865 0.936
   vertex -4.435 14.785 0.936
  endloop
 endfacet
  facet normal 0 0 0
    outer loop
   vertex 24.115 14.975 0.936
   vertex 24.115 15.165 0.936
   vertex 24.285 15.165 0.936
  endloop
 endfacet
  facet normal 0 0 0
    outer loop
   vertex 24.115 14.975 0.936
   vertex 24.285 15.165 0.936
   vertex 24.285 14.975 0.936
  endloop
 endfacet
  facet normal 0 0 0
    outer loop
   vertex 36.615 14.975 0.936
   vertex 36.615 15.165 0.936
   vertex 36.785 15.165 0.936
  endloop
 endfacet
  facet normal 0 0 0
    outer loop
   vertex 36.615 14.975 0.936
   vertex 36.785 15.165 0.936
   vertex 36.785 14.975 0.936
  endloop
 endfacet
  facet normal 0 0 0
    outer loop
   vertex 24.115 15.335 0.936
   vertex 24.115 15.525 0.936
   vertex 24.285 15.525 0.936
  endloop
 endfacet
  facet normal 0 0 0
    outer loop
   vertex 24.115 15.335 0.936
   vertex 24.285 15.525 0.936
   vertex 24.285 15.335 0.936
  endloop
 endfacet
  facet normal 0 0 0
    outer loop
   vertex 36.615 15.335 0.936
   vertex 36.615 15.525 0.936
   vertex 36.785 15.525 0.936
  endloop
 endfacet
  facet normal 0 0 0
    outer loop
   vertex 36.615 15.335 0.936
   vertex 36.785 15.525 0.936
   vertex 36.785 15.335 0.936
  endloop
 endfacet
  facet normal 0 0 0
    outer loop
   vertex 24.115 15.695 0.936
   vertex 24.115 15.885 0.936
   vertex 24.285 15.885 0.936
  endloop
 endfacet
  facet normal 0 0 0
    outer loop
   vertex 24.115 15.695 0.936
   vertex 24.285 15.885 0.936
   vertex 24.285 15.695 0.936
  endloop
 endfacet
  facet normal 0 0 0
    outer loop
   vertex 36.615 15.695 0.936
   vertex 36.615 15.885 0.936
   vertex 36.785 15.885 0.936
  endloop
 endfacet
  facet normal 0 0 0
    outer loop
   vertex 36.615 15.695 0.936
   vertex 36.785 15.885 0.936
   vertex 36.785 15.695 0.936
  endloop
 endfacet
  facet normal 0 0 0
    outer loop
   vertex 24.115 16.055 0.936
   vertex 24.115 16.135 0.936
   vertex 24.285 16.135 0.936
  endloop
 endfacet
  facet normal 0 0 0
    outer loop
   vertex 24.115 16.055 0.936
   vertex 24.285 16.135 0.936
   vertex 24.285 16.055 0.936
  endloop
 endfacet
  facet normal 0 0 0
    outer loop
   vertex 36.615 16.055 0.936
   vertex 36.615 16.135 0.936
   vertex 36.785 16.135 0.936
  endloop
 endfacet
  facet normal 0 0 0
    outer loop
   vertex 36.615 16.055 0.936
   vertex 36.785 16.135 0.936
   vertex 36.785 16.055 0.936
  endloop
 endfacet
  facet normal 0 0 0
    outer loop
   vertex 30.365 21.445 0.936
   vertex 30.365 21.525 0.936
   vertex 30.535 21.525 0.936
  endloop
 endfacet
  facet normal 0 0 0
    outer loop
   vertex 30.365 21.445 0.936
   vertex 30.535 21.525 0.936
   vertex 30.535 21.445 0.936
  endloop
 endfacet
  facet normal 0 0 0
    outer loop
   vertex 30.365 21.695 0.936
   vertex 30.365 21.885 0.936
   vertex 30.535 21.885 0.936
  endloop
 endfacet
  facet normal 0 0 0
    outer loop
   vertex 30.365 21.695 0.936
   vertex 30.535 21.885 0.936
   vertex 30.535 21.695 0.936
  endloop
 endfacet
  facet normal 0 0 0
    outer loop
   vertex 30.365 22.055 0.936
   vertex 30.365 22.245 0.936
   vertex 30.535 22.245 0.936
  endloop
 endfacet
  facet normal 0 0 0
    outer loop
   vertex 30.365 22.055 0.936
   vertex 30.535 22.245 0.936
   vertex 30.535 22.055 0.936
  endloop
 endfacet
  facet normal 0 0 0
    outer loop
   vertex 30.365 22.415 0.936
   vertex 30.365 22.605 0.936
   vertex 30.535 22.605 0.936
  endloop
 endfacet
  facet normal 0 0 0
    outer loop
   vertex 30.365 22.415 0.936
   vertex 30.535 22.605 0.936
   vertex 30.535 22.415 0.936
  endloop
 endfacet
  facet normal 0 0 0
    outer loop
   vertex 30.365 22.775 0.936
   vertex 30.365 22.965 0.936
   vertex 30.535 22.965 0.936
  endloop
 endfacet
  facet normal 0 0 0
    outer loop
   vertex 30.365 22.775 0.936
   vertex 30.535 22.965 0.936
   vertex 30.535 22.775 0.936
  endloop
 endfacet
  facet normal 0 0 0
    outer loop
   vertex 30.365 23.135 0.936
   vertex 30.365 23.325 0.936
   vertex 30.535 23.325 0.936
  endloop
 endfacet
  facet normal 0 0 0
    outer loop
   vertex 30.365 23.135 0.936
   vertex 30.535 23.325 0.936
   vertex 30.535 23.135 0.936
  endloop
 endfacet
  facet normal 0 0 0
    outer loop
   vertex 30.365 23.495 0.936
   vertex 30.365 23.685 0.936
   vertex 30.535 23.685 0.936
  endloop
 endfacet
  facet normal 0 0 0
    outer loop
   vertex 30.365 23.495 0.936
   vertex 30.535 23.685 0.936
   vertex 30.535 23.495 0.936
  endloop
 endfacet
  facet normal 0 0 0
    outer loop
   vertex 30.365 23.855 0.936
   vertex 30.365 24.045 0.936
   vertex 30.535 24.045 0.936
  endloop
 endfacet
  facet normal 0 0 0
    outer loop
   vertex 30.365 23.855 0.936
   vertex 30.535 24.045 0.936
   vertex 30.535 23.855 0.936
  endloop
 endfacet
  facet normal 0 0 0
    outer loop
   vertex 30.365 24.215 0.936
   vertex 30.365 24.405 0.936
   vertex 30.535 24.405 0.936
  endloop
 endfacet
  facet normal 0 0 0
    outer loop
   vertex 30.365 24.215 0.936
   vertex 30.535 24.405 0.936
   vertex 30.535 24.215 0.936
  endloop
 endfacet
  facet normal 0 0 0
    outer loop
   vertex 30.365 24.575 0.936
   vertex 30.365 24.655 0.936
   vertex 30.535 24.655 0.936
  endloop
 endfacet
  facet normal 0 0 0
    outer loop
   vertex 30.365 24.575 0.936
   vertex 30.535 24.655 0.936
   vertex 30.535 24.575 0.936
  endloop
 endfacet
  facet normal 0 0 0
    outer loop
   vertex 36.785 16.055 0.326
   vertex 36.785 16.055 0.936
   vertex 36.785 15.885 0.936
  endloop
 endfacet
  facet normal 0 0 0
    outer loop
   vertex 36.785 16.055 0.326
   vertex 36.785 15.885 0.936
   vertex 36.785 15.885 0.326
  endloop
 endfacet
  facet normal 0 0 0
    outer loop
   vertex 36.785 15.695 0.326
   vertex 36.785 15.695 0.936
   vertex 36.785 15.525 0.936
  endloop
 endfacet
  facet normal 0 0 0
    outer loop
   vertex 36.785 15.695 0.326
   vertex 36.785 15.525 0.936
   vertex 36.785 15.525 0.326
  endloop
 endfacet
  facet normal 0 0 0
    outer loop
   vertex 36.785 15.335 0.326
   vertex 36.785 15.335 0.936
   vertex 36.785 15.165 0.936
  endloop
 endfacet
  facet normal 0 0 0
    outer loop
   vertex 36.785 15.335 0.326
   vertex 36.785 15.165 0.936
   vertex 36.785 15.165 0.326
  endloop
 endfacet
  facet normal 0 0 0
    outer loop
   vertex 36.785 14.975 0.326
   vertex 36.785 14.975 0.936
   vertex 36.785 14.805 0.936
  endloop
 endfacet
  facet normal 0 0 0
    outer loop
   vertex 36.785 14.975 0.326
   vertex 36.785 14.805 0.936
   vertex 36.785 14.805 0.326
  endloop
 endfacet
  facet normal 0 0 0
    outer loop
   vertex 36.785 14.615 0.326
   vertex 36.785 14.615 0.936
   vertex 36.785 14.445 0.936
  endloop
 endfacet
  facet normal 0 0 0
    outer loop
   vertex 36.785 14.615 0.326
   vertex 36.785 14.445 0.936
   vertex 36.785 14.445 0.326
  endloop
 endfacet
  facet normal 0 0 0
    outer loop
   vertex 36.785 14.255 0.326
   vertex 36.785 14.255 0.936
   vertex 36.785 14.085 0.936
  endloop
 endfacet
  facet normal 0 0 0
    outer loop
   vertex 36.785 14.255 0.326
   vertex 36.785 14.085 0.936
   vertex 36.785 14.085 0.326
  endloop
 endfacet
  facet normal 0 0 0
    outer loop
   vertex 36.785 13.895 0.326
   vertex 36.785 13.895 0.936
   vertex 36.785 13.725 0.936
  endloop
 endfacet
  facet normal 0 0 0
    outer loop
   vertex 36.785 13.895 0.326
   vertex 36.785 13.725 0.936
   vertex 36.785 13.725 0.326
  endloop
 endfacet
  facet normal 0 0 0
    outer loop
   vertex 36.785 13.535 0.326
   vertex 36.785 13.535 0.936
   vertex 36.785 13.365 0.936
  endloop
 endfacet
  facet normal 0 0 0
    outer loop
   vertex 36.785 13.535 0.326
   vertex 36.785 13.365 0.936
   vertex 36.785 13.365 0.326
  endloop
 endfacet
  facet normal 0 0 0
    outer loop
   vertex 36.785 13.175 0.326
   vertex 36.785 13.175 0.936
   vertex 36.785 13.005 0.936
  endloop
 endfacet
  facet normal 0 0 0
    outer loop
   vertex 36.785 13.175 0.326
   vertex 36.785 13.005 0.936
   vertex 36.785 13.005 0.326
  endloop
 endfacet
  facet normal 0 0 0
    outer loop
   vertex 36.615 13.005 0.326
   vertex 36.615 13.005 0.936
   vertex 36.615 13.175 0.936
  endloop
 endfacet
  facet normal 0 0 0
    outer loop
   vertex 36.615 13.005 0.326
   vertex 36.615 13.175 0.936
   vertex 36.615 13.175 0.326
  endloop
 endfacet
  facet normal 0 0 0
    outer loop
   vertex 36.615 13.365 0.326
   vertex 36.615 13.365 0.936
   vertex 36.615 13.535 0.936
  endloop
 endfacet
  facet normal 0 0 0
    outer loop
   vertex 36.615 13.365 0.326
   vertex 36.615 13.535 0.936
   vertex 36.615 13.535 0.326
  endloop
 endfacet
  facet normal 0 0 0
    outer loop
   vertex 36.615 13.725 0.326
   vertex 36.615 13.725 0.936
   vertex 36.615 13.895 0.936
  endloop
 endfacet
  facet normal 0 0 0
    outer loop
   vertex 36.615 13.725 0.326
   vertex 36.615 13.895 0.936
   vertex 36.615 13.895 0.326
  endloop
 endfacet
  facet normal 0 0 0
    outer loop
   vertex 36.615 14.085 0.326
   vertex 36.615 14.085 0.936
   vertex 36.615 14.255 0.936
  endloop
 endfacet
  facet normal 0 0 0
    outer loop
   vertex 36.615 14.085 0.326
   vertex 36.615 14.255 0.936
   vertex 36.615 14.255 0.326
  endloop
 endfacet
  facet normal 0 0 0
    outer loop
   vertex 36.615 14.445 0.326
   vertex 36.615 14.445 0.936
   vertex 36.615 14.615 0.936
  endloop
 endfacet
  facet normal 0 0 0
    outer loop
   vertex 36.615 14.445 0.326
   vertex 36.615 14.615 0.936
   vertex 36.615 14.615 0.326
  endloop
 endfacet
  facet normal 0 0 0
    outer loop
   vertex 36.615 14.805 0.326
   vertex 36.615 14.805 0.936
   vertex 36.615 14.975 0.936
  endloop
 endfacet
  facet normal 0 0 0
    outer loop
   vertex 36.615 14.805 0.326
   vertex 36.615 14.975 0.936
   vertex 36.615 14.975 0.326
  endloop
 endfacet
  facet normal 0 0 0
    outer loop
   vertex 36.615 15.165 0.326
   vertex 36.615 15.165 0.936
   vertex 36.615 15.335 0.936
  endloop
 endfacet
  facet normal 0 0 0
    outer loop
   vertex 36.615 15.165 0.326
   vertex 36.615 15.335 0.936
   vertex 36.615 15.335 0.326
  endloop
 endfacet
  facet normal 0 0 0
    outer loop
   vertex 36.615 15.525 0.326
   vertex 36.615 15.525 0.936
   vertex 36.615 15.695 0.936
  endloop
 endfacet
  facet normal 0 0 0
    outer loop
   vertex 36.615 15.525 0.326
   vertex 36.615 15.695 0.936
   vertex 36.615 15.695 0.326
  endloop
 endfacet
  facet normal 0 0 0
    outer loop
   vertex 36.615 15.885 0.326
   vertex 36.615 15.885 0.936
   vertex 36.615 16.055 0.936
  endloop
 endfacet
  facet normal 0 0 0
    outer loop
   vertex 36.615 15.885 0.326
   vertex 36.615 16.055 0.936
   vertex 36.615 16.055 0.326
  endloop
 endfacet
  facet normal 0 0 0
    outer loop
   vertex 24.115 13.005 0.326
   vertex 24.115 13.005 0.936
   vertex 24.115 13.175 0.936
  endloop
 endfacet
  facet normal 0 0 0
    outer loop
   vertex 24.115 13.005 0.326
   vertex 24.115 13.175 0.936
   vertex 24.115 13.175 0.326
  endloop
 endfacet
  facet normal 0 0 0
    outer loop
   vertex 24.115 13.365 0.326
   vertex 24.115 13.365 0.936
   vertex 24.115 13.535 0.936
  endloop
 endfacet
  facet normal 0 0 0
    outer loop
   vertex 24.115 13.365 0.326
   vertex 24.115 13.535 0.936
   vertex 24.115 13.535 0.326
  endloop
 endfacet
  facet normal 0 0 0
    outer loop
   vertex 24.115 13.725 0.326
   vertex 24.115 13.725 0.936
   vertex 24.115 13.895 0.936
  endloop
 endfacet
  facet normal 0 0 0
    outer loop
   vertex 24.115 13.725 0.326
   vertex 24.115 13.895 0.936
   vertex 24.115 13.895 0.326
  endloop
 endfacet
  facet normal 0 0 0
    outer loop
   vertex 24.115 14.085 0.326
   vertex 24.115 14.085 0.936
   vertex 24.115 14.255 0.936
  endloop
 endfacet
  facet normal 0 0 0
    outer loop
   vertex 24.115 14.085 0.326
   vertex 24.115 14.255 0.936
   vertex 24.115 14.255 0.326
  endloop
 endfacet
  facet normal 0 0 0
    outer loop
   vertex 24.115 14.445 0.326
   vertex 24.115 14.445 0.936
   vertex 24.115 14.615 0.936
  endloop
 endfacet
  facet normal 0 0 0
    outer loop
   vertex 24.115 14.445 0.326
   vertex 24.115 14.615 0.936
   vertex 24.115 14.615 0.326
  endloop
 endfacet
  facet normal 0 0 0
    outer loop
   vertex 24.115 14.805 0.326
   vertex 24.115 14.805 0.936
   vertex 24.115 14.975 0.936
  endloop
 endfacet
  facet normal 0 0 0
    outer loop
   vertex 24.115 14.805 0.326
   vertex 24.115 14.975 0.936
   vertex 24.115 14.975 0.326
  endloop
 endfacet
  facet normal 0 0 0
    outer loop
   vertex 24.115 15.165 0.326
   vertex 24.115 15.165 0.936
   vertex 24.115 15.335 0.936
  endloop
 endfacet
  facet normal 0 0 0
    outer loop
   vertex 24.115 15.165 0.326
   vertex 24.115 15.335 0.936
   vertex 24.115 15.335 0.326
  endloop
 endfacet
  facet normal 0 0 0
    outer loop
   vertex 24.115 15.525 0.326
   vertex 24.115 15.525 0.936
   vertex 24.115 15.695 0.936
  endloop
 endfacet
  facet normal 0 0 0
    outer loop
   vertex 24.115 15.525 0.326
   vertex 24.115 15.695 0.936
   vertex 24.115 15.695 0.326
  endloop
 endfacet
  facet normal 0 0 0
    outer loop
   vertex 24.115 15.885 0.326
   vertex 24.115 15.885 0.936
   vertex 24.115 16.055 0.936
  endloop
 endfacet
  facet normal 0 0 0
    outer loop
   vertex 24.115 15.885 0.326
   vertex 24.115 16.055 0.936
   vertex 24.115 16.055 0.326
  endloop
 endfacet
  facet normal 0 0 0
    outer loop
   vertex 24.285 16.055 0.326
   vertex 24.285 16.055 0.936
   vertex 24.285 15.885 0.936
  endloop
 endfacet
  facet normal 0 0 0
    outer loop
   vertex 24.285 16.055 0.326
   vertex 24.285 15.885 0.936
   vertex 24.285 15.885 0.326
  endloop
 endfacet
  facet normal 0 0 0
    outer loop
   vertex 24.285 15.695 0.326
   vertex 24.285 15.695 0.936
   vertex 24.285 15.525 0.936
  endloop
 endfacet
  facet normal 0 0 0
    outer loop
   vertex 24.285 15.695 0.326
   vertex 24.285 15.525 0.936
   vertex 24.285 15.525 0.326
  endloop
 endfacet
  facet normal 0 0 0
    outer loop
   vertex 24.285 15.335 0.326
   vertex 24.285 15.335 0.936
   vertex 24.285 15.165 0.936
  endloop
 endfacet
  facet normal 0 0 0
    outer loop
   vertex 24.285 15.335 0.326
   vertex 24.285 15.165 0.936
   vertex 24.285 15.165 0.326
  endloop
 endfacet
  facet normal 0 0 0
    outer loop
   vertex 24.285 14.975 0.326
   vertex 24.285 14.975 0.936
   vertex 24.285 14.805 0.936
  endloop
 endfacet
  facet normal 0 0 0
    outer loop
   vertex 24.285 14.975 0.326
   vertex 24.285 14.805 0.936
   vertex 24.285 14.805 0.326
  endloop
 endfacet
  facet normal 0 0 0
    outer loop
   vertex 24.285 14.615 0.326
   vertex 24.285 14.615 0.936
   vertex 24.285 14.445 0.936
  endloop
 endfacet
  facet normal 0 0 0
    outer loop
   vertex 24.285 14.615 0.326
   vertex 24.285 14.445 0.936
   vertex 24.285 14.445 0.326
  endloop
 endfacet
  facet normal 0 0 0
    outer loop
   vertex 24.285 14.255 0.326
   vertex 24.285 14.255 0.936
   vertex 24.285 14.085 0.936
  endloop
 endfacet
  facet normal 0 0 0
    outer loop
   vertex 24.285 14.255 0.326
   vertex 24.285 14.085 0.936
   vertex 24.285 14.085 0.326
  endloop
 endfacet
  facet normal 0 0 0
    outer loop
   vertex 24.285 13.895 0.326
   vertex 24.285 13.895 0.936
   vertex 24.285 13.725 0.936
  endloop
 endfacet
  facet normal 0 0 0
    outer loop
   vertex 24.285 13.895 0.326
   vertex 24.285 13.725 0.936
   vertex 24.285 13.725 0.326
  endloop
 endfacet
  facet normal 0 0 0
    outer loop
   vertex 24.285 13.535 0.326
   vertex 24.285 13.535 0.936
   vertex 24.285 13.365 0.936
  endloop
 endfacet
  facet normal 0 0 0
    outer loop
   vertex 24.285 13.535 0.326
   vertex 24.285 13.365 0.936
   vertex 24.285 13.365 0.326
  endloop
 endfacet
  facet normal 0 0 0
    outer loop
   vertex 24.285 13.175 0.326
   vertex 24.285 13.175 0.936
   vertex 24.285 13.005 0.936
  endloop
 endfacet
  facet normal 0 0 0
    outer loop
   vertex 24.285 13.175 0.326
   vertex 24.285 13.005 0.936
   vertex 24.285 13.005 0.326
  endloop
 endfacet
  facet normal 0 0 0
    outer loop
   vertex 24.115 14.615 0.326
   vertex 24.115 14.615 0.936
   vertex 24.285 14.615 0.936
  endloop
 endfacet
  facet normal 0 0 0
    outer loop
   vertex 24.115 14.615 0.326
   vertex 24.285 14.615 0.936
   vertex 24.285 14.615 0.326
  endloop
 endfacet
  facet normal 0 0 0
    outer loop
   vertex 36.615 14.615 0.326
   vertex 36.615 14.615 0.936
   vertex 36.785 14.615 0.936
  endloop
 endfacet
  facet normal 0 0 0
    outer loop
   vertex 36.615 14.615 0.326
   vertex 36.785 14.615 0.936
   vertex 36.785 14.615 0.326
  endloop
 endfacet
  facet normal 0 0 0
    outer loop
   vertex 24.115 14.975 0.326
   vertex 24.115 14.975 0.936
   vertex 24.285 14.975 0.936
  endloop
 endfacet
  facet normal 0 0 0
    outer loop
   vertex 24.115 14.975 0.326
   vertex 24.285 14.975 0.936
   vertex 24.285 14.975 0.326
  endloop
 endfacet
  facet normal 0 0 0
    outer loop
   vertex 36.615 14.975 0.326
   vertex 36.615 14.975 0.936
   vertex 36.785 14.975 0.936
  endloop
 endfacet
  facet normal 0 0 0
    outer loop
   vertex 36.615 14.975 0.326
   vertex 36.785 14.975 0.936
   vertex 36.785 14.975 0.326
  endloop
 endfacet
  facet normal 0 0 0
    outer loop
   vertex 36.785 14.805 0.326
   vertex 36.785 14.805 0.936
   vertex 36.615 14.805 0.936
  endloop
 endfacet
  facet normal 0 0 0
    outer loop
   vertex 36.785 14.805 0.326
   vertex 36.615 14.805 0.936
   vertex 36.615 14.805 0.326
  endloop
 endfacet
  facet normal 0 0 0
    outer loop
   vertex 24.285 14.805 0.326
   vertex 24.285 14.805 0.936
   vertex 24.115 14.805 0.936
  endloop
 endfacet
  facet normal 0 0 0
    outer loop
   vertex 24.285 14.805 0.326
   vertex 24.115 14.805 0.936
   vertex 24.115 14.805 0.326
  endloop
 endfacet
  facet normal 0 0 0
    outer loop
   vertex 24.115 15.335 0.326
   vertex 24.115 15.335 0.936
   vertex 24.285 15.335 0.936
  endloop
 endfacet
  facet normal 0 0 0
    outer loop
   vertex 24.115 15.335 0.326
   vertex 24.285 15.335 0.936
   vertex 24.285 15.335 0.326
  endloop
 endfacet
  facet normal 0 0 0
    outer loop
   vertex 36.615 15.335 0.326
   vertex 36.615 15.335 0.936
   vertex 36.785 15.335 0.936
  endloop
 endfacet
  facet normal 0 0 0
    outer loop
   vertex 36.615 15.335 0.326
   vertex 36.785 15.335 0.936
   vertex 36.785 15.335 0.326
  endloop
 endfacet
  facet normal 0 0 0
    outer loop
   vertex 36.785 15.165 0.326
   vertex 36.785 15.165 0.936
   vertex 36.615 15.165 0.936
  endloop
 endfacet
  facet normal 0 0 0
    outer loop
   vertex 36.785 15.165 0.326
   vertex 36.615 15.165 0.936
   vertex 36.615 15.165 0.326
  endloop
 endfacet
  facet normal 0 0 0
    outer loop
   vertex 24.285 15.165 0.326
   vertex 24.285 15.165 0.936
   vertex 24.115 15.165 0.936
  endloop
 endfacet
  facet normal 0 0 0
    outer loop
   vertex 24.285 15.165 0.326
   vertex 24.115 15.165 0.936
   vertex 24.115 15.165 0.326
  endloop
 endfacet
  facet normal 0 0 0
    outer loop
   vertex 36.785 15.525 0.326
   vertex 36.785 15.525 0.936
   vertex 36.615 15.525 0.936
  endloop
 endfacet
  facet normal 0 0 0
    outer loop
   vertex 36.785 15.525 0.326
   vertex 36.615 15.525 0.936
   vertex 36.615 15.525 0.326
  endloop
 endfacet
  facet normal 0 0 0
    outer loop
   vertex 24.285 15.525 0.326
   vertex 24.285 15.525 0.936
   vertex 24.115 15.525 0.936
  endloop
 endfacet
  facet normal 0 0 0
    outer loop
   vertex 24.285 15.525 0.326
   vertex 24.115 15.525 0.936
   vertex 24.115 15.525 0.326
  endloop
 endfacet
  facet normal 0 0 0
    outer loop
   vertex 36.785 15.885 0.326
   vertex 36.785 15.885 0.936
   vertex 36.615 15.885 0.936
  endloop
 endfacet
  facet normal 0 0 0
    outer loop
   vertex 36.785 15.885 0.326
   vertex 36.615 15.885 0.936
   vertex 36.615 15.885 0.326
  endloop
 endfacet
  facet normal 0 0 0
    outer loop
   vertex 24.285 15.885 0.326
   vertex 24.285 15.885 0.936
   vertex 24.115 15.885 0.936
  endloop
 endfacet
  facet normal 0 0 0
    outer loop
   vertex 24.285 15.885 0.326
   vertex 24.115 15.885 0.936
   vertex 24.115 15.885 0.326
  endloop
 endfacet
  facet normal 0 0 0
    outer loop
   vertex 24.115 15.695 0.326
   vertex 24.115 15.695 0.936
   vertex 24.285 15.695 0.936
  endloop
 endfacet
  facet normal 0 0 0
    outer loop
   vertex 24.115 15.695 0.326
   vertex 24.285 15.695 0.936
   vertex 24.285 15.695 0.326
  endloop
 endfacet
  facet normal 0 0 0
    outer loop
   vertex 36.615 15.695 0.326
   vertex 36.615 15.695 0.936
   vertex 36.785 15.695 0.936
  endloop
 endfacet
  facet normal 0 0 0
    outer loop
   vertex 36.615 15.695 0.326
   vertex 36.785 15.695 0.936
   vertex 36.785 15.695 0.326
  endloop
 endfacet
  facet normal 0 0 0
    outer loop
   vertex 24.115 16.055 0.326
   vertex 24.115 16.055 0.936
   vertex 24.285 16.055 0.936
  endloop
 endfacet
  facet normal 0 0 0
    outer loop
   vertex 24.115 16.055 0.326
   vertex 24.285 16.055 0.936
   vertex 24.285 16.055 0.326
  endloop
 endfacet
  facet normal 0 0 0
    outer loop
   vertex 36.615 16.055 0.326
   vertex 36.615 16.055 0.936
   vertex 36.785 16.055 0.936
  endloop
 endfacet
  facet normal 0 0 0
    outer loop
   vertex 36.615 16.055 0.326
   vertex 36.785 16.055 0.936
   vertex 36.785 16.055 0.326
  endloop
 endfacet
  facet normal 0 0 0
    outer loop
   vertex 30.535 24.575 0.326
   vertex 30.535 24.575 0.936
   vertex 30.535 24.405 0.936
  endloop
 endfacet
  facet normal 0 0 0
    outer loop
   vertex 30.535 24.575 0.326
   vertex 30.535 24.405 0.936
   vertex 30.535 24.405 0.326
  endloop
 endfacet
  facet normal 0 0 0
    outer loop
   vertex 30.535 24.215 0.326
   vertex 30.535 24.215 0.936
   vertex 30.535 24.045 0.936
  endloop
 endfacet
  facet normal 0 0 0
    outer loop
   vertex 30.535 24.215 0.326
   vertex 30.535 24.045 0.936
   vertex 30.535 24.045 0.326
  endloop
 endfacet
  facet normal 0 0 0
    outer loop
   vertex 30.535 23.855 0.326
   vertex 30.535 23.855 0.936
   vertex 30.535 23.685 0.936
  endloop
 endfacet
  facet normal 0 0 0
    outer loop
   vertex 30.535 23.855 0.326
   vertex 30.535 23.685 0.936
   vertex 30.535 23.685 0.326
  endloop
 endfacet
  facet normal 0 0 0
    outer loop
   vertex 30.535 23.495 0.326
   vertex 30.535 23.495 0.936
   vertex 30.535 23.325 0.936
  endloop
 endfacet
  facet normal 0 0 0
    outer loop
   vertex 30.535 23.495 0.326
   vertex 30.535 23.325 0.936
   vertex 30.535 23.325 0.326
  endloop
 endfacet
  facet normal 0 0 0
    outer loop
   vertex 30.535 23.135 0.326
   vertex 30.535 23.135 0.936
   vertex 30.535 22.965 0.936
  endloop
 endfacet
  facet normal 0 0 0
    outer loop
   vertex 30.535 23.135 0.326
   vertex 30.535 22.965 0.936
   vertex 30.535 22.965 0.326
  endloop
 endfacet
  facet normal 0 0 0
    outer loop
   vertex 30.535 22.775 0.326
   vertex 30.535 22.775 0.936
   vertex 30.535 22.605 0.936
  endloop
 endfacet
  facet normal 0 0 0
    outer loop
   vertex 30.535 22.775 0.326
   vertex 30.535 22.605 0.936
   vertex 30.535 22.605 0.326
  endloop
 endfacet
  facet normal 0 0 0
    outer loop
   vertex 30.535 22.415 0.326
   vertex 30.535 22.415 0.936
   vertex 30.535 22.245 0.936
  endloop
 endfacet
  facet normal 0 0 0
    outer loop
   vertex 30.535 22.415 0.326
   vertex 30.535 22.245 0.936
   vertex 30.535 22.245 0.326
  endloop
 endfacet
  facet normal 0 0 0
    outer loop
   vertex 30.535 22.055 0.326
   vertex 30.535 22.055 0.936
   vertex 30.535 21.885 0.936
  endloop
 endfacet
  facet normal 0 0 0
    outer loop
   vertex 30.535 22.055 0.326
   vertex 30.535 21.885 0.936
   vertex 30.535 21.885 0.326
  endloop
 endfacet
  facet normal 0 0 0
    outer loop
   vertex 30.535 21.695 0.326
   vertex 30.535 21.695 0.936
   vertex 30.535 21.525 0.936
  endloop
 endfacet
  facet normal 0 0 0
    outer loop
   vertex 30.535 21.695 0.326
   vertex 30.535 21.525 0.936
   vertex 30.535 21.525 0.326
  endloop
 endfacet
  facet normal 0 0 0
    outer loop
   vertex 30.535 7.535 0.326
   vertex 30.535 7.535 0.936
   vertex 30.535 7.365 0.936
  endloop
 endfacet
  facet normal 0 0 0
    outer loop
   vertex 30.535 7.535 0.326
   vertex 30.535 7.365 0.936
   vertex 30.535 7.365 0.326
  endloop
 endfacet
  facet normal 0 0 0
    outer loop
   vertex 30.535 7.175 0.326
   vertex 30.535 7.175 0.936
   vertex 30.535 7.005 0.936
  endloop
 endfacet
  facet normal 0 0 0
    outer loop
   vertex 30.535 7.175 0.326
   vertex 30.535 7.005 0.936
   vertex 30.535 7.005 0.326
  endloop
 endfacet
  facet normal 0 0 0
    outer loop
   vertex 30.535 6.815 0.326
   vertex 30.535 6.815 0.936
   vertex 30.535 6.645 0.936
  endloop
 endfacet
  facet normal 0 0 0
    outer loop
   vertex 30.535 6.815 0.326
   vertex 30.535 6.645 0.936
   vertex 30.535 6.645 0.326
  endloop
 endfacet
  facet normal 0 0 0
    outer loop
   vertex 30.535 6.455 0.326
   vertex 30.535 6.455 0.936
   vertex 30.535 6.285 0.936
  endloop
 endfacet
  facet normal 0 0 0
    outer loop
   vertex 30.535 6.455 0.326
   vertex 30.535 6.285 0.936
   vertex 30.535 6.285 0.326
  endloop
 endfacet
  facet normal 0 0 0
    outer loop
   vertex 30.535 6.095 0.326
   vertex 30.535 6.095 0.936
   vertex 30.535 5.925 0.936
  endloop
 endfacet
  facet normal 0 0 0
    outer loop
   vertex 30.535 6.095 0.326
   vertex 30.535 5.925 0.936
   vertex 30.535 5.925 0.326
  endloop
 endfacet
  facet normal 0 0 0
    outer loop
   vertex 30.535 5.735 0.326
   vertex 30.535 5.735 0.936
   vertex 30.535 5.565 0.936
  endloop
 endfacet
  facet normal 0 0 0
    outer loop
   vertex 30.535 5.735 0.326
   vertex 30.535 5.565 0.936
   vertex 30.535 5.565 0.326
  endloop
 endfacet
  facet normal 0 0 0
    outer loop
   vertex 30.535 5.375 0.326
   vertex 30.535 5.375 0.936
   vertex 30.535 5.205 0.936
  endloop
 endfacet
  facet normal 0 0 0
    outer loop
   vertex 30.535 5.375 0.326
   vertex 30.535 5.205 0.936
   vertex 30.535 5.205 0.326
  endloop
 endfacet
  facet normal 0 0 0
    outer loop
   vertex 30.535 5.015 0.326
   vertex 30.535 5.015 0.936
   vertex 30.535 4.845 0.936
  endloop
 endfacet
  facet normal 0 0 0
    outer loop
   vertex 30.535 5.015 0.326
   vertex 30.535 4.845 0.936
   vertex 30.535 4.845 0.326
  endloop
 endfacet
  facet normal 0 0 0
    outer loop
   vertex 30.535 4.655 0.326
   vertex 30.535 4.655 0.936
   vertex 30.535 4.485 0.936
  endloop
 endfacet
  facet normal 0 0 0
    outer loop
   vertex 30.535 4.655 0.326
   vertex 30.535 4.485 0.936
   vertex 30.535 4.485 0.326
  endloop
 endfacet
  facet normal 0 0 0
    outer loop
   vertex 30.365 21.695 0.326
   vertex 30.365 21.695 0.936
   vertex 30.535 21.695 0.936
  endloop
 endfacet
  facet normal 0 0 0
    outer loop
   vertex 30.365 21.695 0.326
   vertex 30.535 21.695 0.936
   vertex 30.535 21.695 0.326
  endloop
 endfacet
  facet normal 0 0 0
    outer loop
   vertex 30.365 4.485 0.326
   vertex 30.365 4.485 0.936
   vertex 30.365 4.655 0.936
  endloop
 endfacet
  facet normal 0 0 0
    outer loop
   vertex 30.365 4.485 0.326
   vertex 30.365 4.655 0.936
   vertex 30.365 4.655 0.326
  endloop
 endfacet
  facet normal 0 0 0
    outer loop
   vertex 30.365 4.845 0.326
   vertex 30.365 4.845 0.936
   vertex 30.365 5.015 0.936
  endloop
 endfacet
  facet normal 0 0 0
    outer loop
   vertex 30.365 4.845 0.326
   vertex 30.365 5.015 0.936
   vertex 30.365 5.015 0.326
  endloop
 endfacet
  facet normal 0 0 0
    outer loop
   vertex 30.365 5.205 0.326
   vertex 30.365 5.205 0.936
   vertex 30.365 5.375 0.936
  endloop
 endfacet
  facet normal 0 0 0
    outer loop
   vertex 30.365 5.205 0.326
   vertex 30.365 5.375 0.936
   vertex 30.365 5.375 0.326
  endloop
 endfacet
  facet normal 0 0 0
    outer loop
   vertex 30.365 5.565 0.326
   vertex 30.365 5.565 0.936
   vertex 30.365 5.735 0.936
  endloop
 endfacet
  facet normal 0 0 0
    outer loop
   vertex 30.365 5.565 0.326
   vertex 30.365 5.735 0.936
   vertex 30.365 5.735 0.326
  endloop
 endfacet
  facet normal 0 0 0
    outer loop
   vertex 30.365 5.925 0.326
   vertex 30.365 5.925 0.936
   vertex 30.365 6.095 0.936
  endloop
 endfacet
  facet normal 0 0 0
    outer loop
   vertex 30.365 5.925 0.326
   vertex 30.365 6.095 0.936
   vertex 30.365 6.095 0.326
  endloop
 endfacet
  facet normal 0 0 0
    outer loop
   vertex 30.365 6.285 0.326
   vertex 30.365 6.285 0.936
   vertex 30.365 6.455 0.936
  endloop
 endfacet
  facet normal 0 0 0
    outer loop
   vertex 30.365 6.285 0.326
   vertex 30.365 6.455 0.936
   vertex 30.365 6.455 0.326
  endloop
 endfacet
  facet normal 0 0 0
    outer loop
   vertex 30.365 6.645 0.326
   vertex 30.365 6.645 0.936
   vertex 30.365 6.815 0.936
  endloop
 endfacet
  facet normal 0 0 0
    outer loop
   vertex 30.365 6.645 0.326
   vertex 30.365 6.815 0.936
   vertex 30.365 6.815 0.326
  endloop
 endfacet
  facet normal 0 0 0
    outer loop
   vertex 30.365 7.005 0.326
   vertex 30.365 7.005 0.936
   vertex 30.365 7.175 0.936
  endloop
 endfacet
  facet normal 0 0 0
    outer loop
   vertex 30.365 7.005 0.326
   vertex 30.365 7.175 0.936
   vertex 30.365 7.175 0.326
  endloop
 endfacet
  facet normal 0 0 0
    outer loop
   vertex 30.365 7.365 0.326
   vertex 30.365 7.365 0.936
   vertex 30.365 7.535 0.936
  endloop
 endfacet
  facet normal 0 0 0
    outer loop
   vertex 30.365 7.365 0.326
   vertex 30.365 7.535 0.936
   vertex 30.365 7.535 0.326
  endloop
 endfacet
  facet normal 0 0 0
    outer loop
   vertex 30.365 21.525 0.326
   vertex 30.365 21.525 0.936
   vertex 30.365 21.695 0.936
  endloop
 endfacet
  facet normal 0 0 0
    outer loop
   vertex 30.365 21.525 0.326
   vertex 30.365 21.695 0.936
   vertex 30.365 21.695 0.326
  endloop
 endfacet
  facet normal 0 0 0
    outer loop
   vertex 30.365 21.885 0.326
   vertex 30.365 21.885 0.936
   vertex 30.365 22.055 0.936
  endloop
 endfacet
  facet normal 0 0 0
    outer loop
   vertex 30.365 21.885 0.326
   vertex 30.365 22.055 0.936
   vertex 30.365 22.055 0.326
  endloop
 endfacet
  facet normal 0 0 0
    outer loop
   vertex 30.365 22.245 0.326
   vertex 30.365 22.245 0.936
   vertex 30.365 22.415 0.936
  endloop
 endfacet
  facet normal 0 0 0
    outer loop
   vertex 30.365 22.245 0.326
   vertex 30.365 22.415 0.936
   vertex 30.365 22.415 0.326
  endloop
 endfacet
  facet normal 0 0 0
    outer loop
   vertex 30.365 22.605 0.326
   vertex 30.365 22.605 0.936
   vertex 30.365 22.775 0.936
  endloop
 endfacet
  facet normal 0 0 0
    outer loop
   vertex 30.365 22.605 0.326
   vertex 30.365 22.775 0.936
   vertex 30.365 22.775 0.326
  endloop
 endfacet
  facet normal 0 0 0
    outer loop
   vertex 30.365 22.965 0.326
   vertex 30.365 22.965 0.936
   vertex 30.365 23.135 0.936
  endloop
 endfacet
  facet normal 0 0 0
    outer loop
   vertex 30.365 22.965 0.326
   vertex 30.365 23.135 0.936
   vertex 30.365 23.135 0.326
  endloop
 endfacet
  facet normal 0 0 0
    outer loop
   vertex 30.365 23.325 0.326
   vertex 30.365 23.325 0.936
   vertex 30.365 23.495 0.936
  endloop
 endfacet
  facet normal 0 0 0
    outer loop
   vertex 30.365 23.325 0.326
   vertex 30.365 23.495 0.936
   vertex 30.365 23.495 0.326
  endloop
 endfacet
  facet normal 0 0 0
    outer loop
   vertex 30.365 23.685 0.326
   vertex 30.365 23.685 0.936
   vertex 30.365 23.855 0.936
  endloop
 endfacet
  facet normal 0 0 0
    outer loop
   vertex 30.365 23.685 0.326
   vertex 30.365 23.855 0.936
   vertex 30.365 23.855 0.326
  endloop
 endfacet
  facet normal 0 0 0
    outer loop
   vertex 30.365 24.045 0.326
   vertex 30.365 24.045 0.936
   vertex 30.365 24.215 0.936
  endloop
 endfacet
  facet normal 0 0 0
    outer loop
   vertex 30.365 24.045 0.326
   vertex 30.365 24.215 0.936
   vertex 30.365 24.215 0.326
  endloop
 endfacet
  facet normal 0 0 0
    outer loop
   vertex 30.365 24.405 0.326
   vertex 30.365 24.405 0.936
   vertex 30.365 24.575 0.936
  endloop
 endfacet
  facet normal 0 0 0
    outer loop
   vertex 30.365 24.405 0.326
   vertex 30.365 24.575 0.936
   vertex 30.365 24.575 0.326
  endloop
 endfacet
  facet normal 0 0 0
    outer loop
   vertex 30.535 21.525 0.326
   vertex 30.535 21.525 0.936
   vertex 30.365 21.525 0.936
  endloop
 endfacet
  facet normal 0 0 0
    outer loop
   vertex 30.535 21.525 0.326
   vertex 30.365 21.525 0.936
   vertex 30.365 21.525 0.326
  endloop
 endfacet
  facet normal 0 0 0
    outer loop
   vertex 30.535 21.885 0.326
   vertex 30.535 21.885 0.936
   vertex 30.365 21.885 0.936
  endloop
 endfacet
  facet normal 0 0 0
    outer loop
   vertex 30.535 21.885 0.326
   vertex 30.365 21.885 0.936
   vertex 30.365 21.885 0.326
  endloop
 endfacet
  facet normal 0 0 0
    outer loop
   vertex 30.365 22.055 0.326
   vertex 30.365 22.055 0.936
   vertex 30.535 22.055 0.936
  endloop
 endfacet
  facet normal 0 0 0
    outer loop
   vertex 30.365 22.055 0.326
   vertex 30.535 22.055 0.936
   vertex 30.535 22.055 0.326
  endloop
 endfacet
  facet normal 0 0 0
    outer loop
   vertex 30.365 22.415 0.326
   vertex 30.365 22.415 0.936
   vertex 30.535 22.415 0.936
  endloop
 endfacet
  facet normal 0 0 0
    outer loop
   vertex 30.365 22.415 0.326
   vertex 30.535 22.415 0.936
   vertex 30.535 22.415 0.326
  endloop
 endfacet
  facet normal 0 0 0
    outer loop
   vertex 30.535 22.245 0.326
   vertex 30.535 22.245 0.936
   vertex 30.365 22.245 0.936
  endloop
 endfacet
  facet normal 0 0 0
    outer loop
   vertex 30.535 22.245 0.326
   vertex 30.365 22.245 0.936
   vertex 30.365 22.245 0.326
  endloop
 endfacet
  facet normal 0 0 0
    outer loop
   vertex 30.535 22.605 0.326
   vertex 30.535 22.605 0.936
   vertex 30.365 22.605 0.936
  endloop
 endfacet
  facet normal 0 0 0
    outer loop
   vertex 30.535 22.605 0.326
   vertex 30.365 22.605 0.936
   vertex 30.365 22.605 0.326
  endloop
 endfacet
  facet normal 0 0 0
    outer loop
   vertex 30.365 22.775 0.326
   vertex 30.365 22.775 0.936
   vertex 30.535 22.775 0.936
  endloop
 endfacet
  facet normal 0 0 0
    outer loop
   vertex 30.365 22.775 0.326
   vertex 30.535 22.775 0.936
   vertex 30.535 22.775 0.326
  endloop
 endfacet
  facet normal 0 0 0
    outer loop
   vertex 30.365 23.135 0.326
   vertex 30.365 23.135 0.936
   vertex 30.535 23.135 0.936
  endloop
 endfacet
  facet normal 0 0 0
    outer loop
   vertex 30.365 23.135 0.326
   vertex 30.535 23.135 0.936
   vertex 30.535 23.135 0.326
  endloop
 endfacet
  facet normal 0 0 0
    outer loop
   vertex 30.535 22.965 0.326
   vertex 30.535 22.965 0.936
   vertex 30.365 22.965 0.936
  endloop
 endfacet
  facet normal 0 0 0
    outer loop
   vertex 30.535 22.965 0.326
   vertex 30.365 22.965 0.936
   vertex 30.365 22.965 0.326
  endloop
 endfacet
  facet normal 0 0 0
    outer loop
   vertex 30.365 23.495 0.326
   vertex 30.365 23.495 0.936
   vertex 30.535 23.495 0.936
  endloop
 endfacet
  facet normal 0 0 0
    outer loop
   vertex 30.365 23.495 0.326
   vertex 30.535 23.495 0.936
   vertex 30.535 23.495 0.326
  endloop
 endfacet
  facet normal 0 0 0
    outer loop
   vertex 30.535 23.685 0.326
   vertex 30.535 23.685 0.936
   vertex 30.365 23.685 0.936
  endloop
 endfacet
  facet normal 0 0 0
    outer loop
   vertex 30.535 23.685 0.326
   vertex 30.365 23.685 0.936
   vertex 30.365 23.685 0.326
  endloop
 endfacet
  facet normal 0 0 0
    outer loop
   vertex 30.535 23.325 0.326
   vertex 30.535 23.325 0.936
   vertex 30.365 23.325 0.936
  endloop
 endfacet
  facet normal 0 0 0
    outer loop
   vertex 30.535 23.325 0.326
   vertex 30.365 23.325 0.936
   vertex 30.365 23.325 0.326
  endloop
 endfacet
  facet normal 0 0 0
    outer loop
   vertex 30.365 24.215 0.326
   vertex 30.365 24.215 0.936
   vertex 30.535 24.215 0.936
  endloop
 endfacet
  facet normal 0 0 0
    outer loop
   vertex 30.365 24.215 0.326
   vertex 30.535 24.215 0.936
   vertex 30.535 24.215 0.326
  endloop
 endfacet
  facet normal 0 0 0
    outer loop
   vertex 30.365 23.855 0.326
   vertex 30.365 23.855 0.936
   vertex 30.535 23.855 0.936
  endloop
 endfacet
  facet normal 0 0 0
    outer loop
   vertex 30.365 23.855 0.326
   vertex 30.535 23.855 0.936
   vertex 30.535 23.855 0.326
  endloop
 endfacet
  facet normal 0 0 0
    outer loop
   vertex 30.535 24.045 0.326
   vertex 30.535 24.045 0.936
   vertex 30.365 24.045 0.936
  endloop
 endfacet
  facet normal 0 0 0
    outer loop
   vertex 30.535 24.045 0.326
   vertex 30.365 24.045 0.936
   vertex 30.365 24.045 0.326
  endloop
 endfacet
  facet normal 0 0 0
    outer loop
   vertex 30.535 24.405 0.326
   vertex 30.535 24.405 0.936
   vertex 30.365 24.405 0.936
  endloop
 endfacet
  facet normal 0 0 0
    outer loop
   vertex 30.535 24.405 0.326
   vertex 30.365 24.405 0.936
   vertex 30.365 24.405 0.326
  endloop
 endfacet
  facet normal 0 0 0
    outer loop
   vertex 30.365 24.575 0.326
   vertex 30.365 24.575 0.936
   vertex 30.535 24.575 0.936
  endloop
 endfacet
  facet normal 0 0 0
    outer loop
   vertex 30.365 24.575 0.326
   vertex 30.535 24.575 0.936
   vertex 30.535 24.575 0.326
  endloop
 endfacet
  facet normal 0 0 0
    outer loop
   vertex -4.435 14.615 0.326
   vertex -4.435 14.615 0.936
   vertex -4.605 14.615 0.936
  endloop
 endfacet
  facet normal 0 0 0
    outer loop
   vertex -4.435 14.615 0.326
   vertex -4.605 14.615 0.936
   vertex -4.605 14.615 0.326
  endloop
 endfacet
  facet normal 0 0 0
    outer loop
   vertex -6.285 14.615 0.326
   vertex -6.285 14.615 0.936
   vertex -6.455 14.615 0.936
  endloop
 endfacet
  facet normal 0 0 0
    outer loop
   vertex -6.285 14.615 0.326
   vertex -6.455 14.615 0.936
   vertex -6.455 14.615 0.326
  endloop
 endfacet
  facet normal 0 0 0
    outer loop
   vertex -7.235 14.615 0.326
   vertex -7.235 14.615 0.936
   vertex -7.405 14.615 0.936
  endloop
 endfacet
  facet normal 0 0 0
    outer loop
   vertex -7.235 14.615 0.326
   vertex -7.405 14.615 0.936
   vertex -7.405 14.615 0.326
  endloop
 endfacet
  facet normal 0 0 0
    outer loop
   vertex -9.085 14.615 0.326
   vertex -9.085 14.615 0.936
   vertex -9.255 14.615 0.936
  endloop
 endfacet
  facet normal 0 0 0
    outer loop
   vertex -9.085 14.615 0.326
   vertex -9.255 14.615 0.936
   vertex -9.255 14.615 0.326
  endloop
 endfacet
  facet normal 0 0 0
    outer loop
   vertex -6.285 14.785 0.326
   vertex -6.285 14.785 0.936
   vertex -6.285 14.615 0.936
  endloop
 endfacet
  facet normal 0 0 0
    outer loop
   vertex -6.285 14.785 0.326
   vertex -6.285 14.615 0.936
   vertex -6.285 14.615 0.326
  endloop
 endfacet
  facet normal 0 0 0
    outer loop
   vertex -4.605 14.615 0.326
   vertex -4.605 14.615 0.936
   vertex -4.605 14.785 0.936
  endloop
 endfacet
  facet normal 0 0 0
    outer loop
   vertex -4.605 14.615 0.326
   vertex -4.605 14.785 0.936
   vertex -4.605 14.785 0.326
  endloop
 endfacet
  facet normal 0 0 0
    outer loop
   vertex -9.255 14.785 0.326
   vertex -9.255 14.785 0.936
   vertex -9.085 14.785 0.936
  endloop
 endfacet
  facet normal 0 0 0
    outer loop
   vertex -9.255 14.785 0.326
   vertex -9.085 14.785 0.936
   vertex -9.085 14.785 0.326
  endloop
 endfacet
  facet normal 0 0 0
    outer loop
   vertex -7.405 14.785 0.326
   vertex -7.405 14.785 0.936
   vertex -7.235 14.785 0.936
  endloop
 endfacet
  facet normal 0 0 0
    outer loop
   vertex -7.405 14.785 0.326
   vertex -7.235 14.785 0.936
   vertex -7.235 14.785 0.326
  endloop
 endfacet
  facet normal 0 0 0
    outer loop
   vertex -6.455 14.785 0.326
   vertex -6.455 14.785 0.936
   vertex -6.285 14.785 0.936
  endloop
 endfacet
  facet normal 0 0 0
    outer loop
   vertex -6.455 14.785 0.326
   vertex -6.285 14.785 0.936
   vertex -6.285 14.785 0.326
  endloop
 endfacet
  facet normal 0 0 0
    outer loop
   vertex -4.605 14.785 0.326
   vertex -4.605 14.785 0.936
   vertex -4.435 14.785 0.936
  endloop
 endfacet
  facet normal 0 0 0
    outer loop
   vertex -4.605 14.785 0.326
   vertex -4.435 14.785 0.936
   vertex -4.435 14.785 0.326
  endloop
 endfacet
  facet normal 0 0 0
    outer loop
   vertex -4.435 14.785 0.326
   vertex -4.435 14.785 0.936
   vertex -4.435 14.615 0.936
  endloop
 endfacet
  facet normal 0 0 0
    outer loop
   vertex -4.435 14.785 0.326
   vertex -4.435 14.615 0.936
   vertex -4.435 14.615 0.326
  endloop
 endfacet
  facet normal 0 0 0
    outer loop
   vertex -9.255 14.615 0.326
   vertex -9.255 14.615 0.936
   vertex -9.255 14.785 0.936
  endloop
 endfacet
  facet normal 0 0 0
    outer loop
   vertex -9.255 14.615 0.326
   vertex -9.255 14.785 0.936
   vertex -9.255 14.785 0.326
  endloop
 endfacet
  facet normal 0 0 0
    outer loop
   vertex -9.085 14.785 0.326
   vertex -9.085 14.785 0.936
   vertex -9.085 14.615 0.936
  endloop
 endfacet
  facet normal 0 0 0
    outer loop
   vertex -9.085 14.785 0.326
   vertex -9.085 14.615 0.936
   vertex -9.085 14.615 0.326
  endloop
 endfacet
  facet normal 0 0 0
    outer loop
   vertex -7.405 14.615 0.326
   vertex -7.405 14.615 0.936
   vertex -7.405 14.785 0.936
  endloop
 endfacet
  facet normal 0 0 0
    outer loop
   vertex -7.405 14.615 0.326
   vertex -7.405 14.785 0.936
   vertex -7.405 14.785 0.326
  endloop
 endfacet
  facet normal 0 0 0
    outer loop
   vertex -7.235 14.785 0.326
   vertex -7.235 14.785 0.936
   vertex -7.235 14.615 0.936
  endloop
 endfacet
  facet normal 0 0 0
    outer loop
   vertex -7.235 14.785 0.326
   vertex -7.235 14.615 0.936
   vertex -7.235 14.615 0.326
  endloop
 endfacet
  facet normal 0 0 0
    outer loop
   vertex -6.455 14.615 0.326
   vertex -6.455 14.615 0.936
   vertex -6.455 14.785 0.936
  endloop
 endfacet
  facet normal 0 0 0
    outer loop
   vertex -6.455 14.615 0.326
   vertex -6.455 14.785 0.936
   vertex -6.455 14.785 0.326
  endloop
 endfacet
  facet normal 0 0 0
    outer loop
   vertex 30.365 6.095 0.326
   vertex 30.365 6.095 0.936
   vertex 30.535 6.095 0.936
  endloop
 endfacet
  facet normal 0 0 0
    outer loop
   vertex 30.365 6.095 0.326
   vertex 30.535 6.095 0.936
   vertex 30.535 6.095 0.326
  endloop
 endfacet
  facet normal 0 0 0
    outer loop
   vertex 30.535 7.005 0.326
   vertex 30.535 7.005 0.936
   vertex 30.365 7.005 0.936
  endloop
 endfacet
  facet normal 0 0 0
    outer loop
   vertex 30.535 7.005 0.326
   vertex 30.365 7.005 0.936
   vertex 30.365 7.005 0.326
  endloop
 endfacet
  facet normal 0 0 0
    outer loop
   vertex 30.365 6.815 0.326
   vertex 30.365 6.815 0.936
   vertex 30.535 6.815 0.936
  endloop
 endfacet
  facet normal 0 0 0
    outer loop
   vertex 30.365 6.815 0.326
   vertex 30.535 6.815 0.936
   vertex 30.535 6.815 0.326
  endloop
 endfacet
  facet normal 0 0 0
    outer loop
   vertex 30.535 6.645 0.326
   vertex 30.535 6.645 0.936
   vertex 30.365 6.645 0.936
  endloop
 endfacet
  facet normal 0 0 0
    outer loop
   vertex 30.535 6.645 0.326
   vertex 30.365 6.645 0.936
   vertex 30.365 6.645 0.326
  endloop
 endfacet
  facet normal 0 0 0
    outer loop
   vertex 30.365 7.535 0.326
   vertex 30.365 7.535 0.936
   vertex 30.535 7.535 0.936
  endloop
 endfacet
  facet normal 0 0 0
    outer loop
   vertex 30.365 7.535 0.326
   vertex 30.535 7.535 0.936
   vertex 30.535 7.535 0.326
  endloop
 endfacet
  facet normal 0 0 0
    outer loop
   vertex 30.535 7.365 0.326
   vertex 30.535 7.365 0.936
   vertex 30.365 7.365 0.936
  endloop
 endfacet
  facet normal 0 0 0
    outer loop
   vertex 30.535 7.365 0.326
   vertex 30.365 7.365 0.936
   vertex 30.365 7.365 0.326
  endloop
 endfacet
  facet normal 0 0 0
    outer loop
   vertex 30.365 7.175 0.326
   vertex 30.365 7.175 0.936
   vertex 30.535 7.175 0.936
  endloop
 endfacet
  facet normal 0 0 0
    outer loop
   vertex 30.365 7.175 0.326
   vertex 30.535 7.175 0.936
   vertex 30.535 7.175 0.326
  endloop
 endfacet
  facet normal 0 0 0
    outer loop
   vertex 24.115 13.175 0.326
   vertex 24.115 13.175 0.936
   vertex 24.285 13.175 0.936
  endloop
 endfacet
  facet normal 0 0 0
    outer loop
   vertex 24.115 13.175 0.326
   vertex 24.285 13.175 0.936
   vertex 24.285 13.175 0.326
  endloop
 endfacet
  facet normal 0 0 0
    outer loop
   vertex 36.615 13.175 0.326
   vertex 36.615 13.175 0.936
   vertex 36.785 13.175 0.936
  endloop
 endfacet
  facet normal 0 0 0
    outer loop
   vertex 36.615 13.175 0.326
   vertex 36.785 13.175 0.936
   vertex 36.785 13.175 0.326
  endloop
 endfacet
  facet normal 0 0 0
    outer loop
   vertex 36.785 13.005 0.326
   vertex 36.785 13.005 0.936
   vertex 36.615 13.005 0.936
  endloop
 endfacet
  facet normal 0 0 0
    outer loop
   vertex 36.785 13.005 0.326
   vertex 36.615 13.005 0.936
   vertex 36.615 13.005 0.326
  endloop
 endfacet
  facet normal 0 0 0
    outer loop
   vertex 24.285 13.005 0.326
   vertex 24.285 13.005 0.936
   vertex 24.115 13.005 0.936
  endloop
 endfacet
  facet normal 0 0 0
    outer loop
   vertex 24.285 13.005 0.326
   vertex 24.115 13.005 0.936
   vertex 24.115 13.005 0.326
  endloop
 endfacet
  facet normal 0 0 0
    outer loop
   vertex 36.785 13.365 0.326
   vertex 36.785 13.365 0.936
   vertex 36.615 13.365 0.936
  endloop
 endfacet
  facet normal 0 0 0
    outer loop
   vertex 36.785 13.365 0.326
   vertex 36.615 13.365 0.936
   vertex 36.615 13.365 0.326
  endloop
 endfacet
  facet normal 0 0 0
    outer loop
   vertex 24.285 13.365 0.326
   vertex 24.285 13.365 0.936
   vertex 24.115 13.365 0.936
  endloop
 endfacet
  facet normal 0 0 0
    outer loop
   vertex 24.285 13.365 0.326
   vertex 24.115 13.365 0.936
   vertex 24.115 13.365 0.326
  endloop
 endfacet
  facet normal 0 0 0
    outer loop
   vertex 36.785 13.725 0.326
   vertex 36.785 13.725 0.936
   vertex 36.615 13.725 0.936
  endloop
 endfacet
  facet normal 0 0 0
    outer loop
   vertex 36.785 13.725 0.326
   vertex 36.615 13.725 0.936
   vertex 36.615 13.725 0.326
  endloop
 endfacet
  facet normal 0 0 0
    outer loop
   vertex 24.285 13.725 0.326
   vertex 24.285 13.725 0.936
   vertex 24.115 13.725 0.936
  endloop
 endfacet
  facet normal 0 0 0
    outer loop
   vertex 24.285 13.725 0.326
   vertex 24.115 13.725 0.936
   vertex 24.115 13.725 0.326
  endloop
 endfacet
  facet normal 0 0 0
    outer loop
   vertex 24.115 13.895 0.326
   vertex 24.115 13.895 0.936
   vertex 24.285 13.895 0.936
  endloop
 endfacet
  facet normal 0 0 0
    outer loop
   vertex 24.115 13.895 0.326
   vertex 24.285 13.895 0.936
   vertex 24.285 13.895 0.326
  endloop
 endfacet
  facet normal 0 0 0
    outer loop
   vertex 36.615 13.895 0.326
   vertex 36.615 13.895 0.936
   vertex 36.785 13.895 0.936
  endloop
 endfacet
  facet normal 0 0 0
    outer loop
   vertex 36.615 13.895 0.326
   vertex 36.785 13.895 0.936
   vertex 36.785 13.895 0.326
  endloop
 endfacet
  facet normal 0 0 0
    outer loop
   vertex 24.115 13.535 0.326
   vertex 24.115 13.535 0.936
   vertex 24.285 13.535 0.936
  endloop
 endfacet
  facet normal 0 0 0
    outer loop
   vertex 24.115 13.535 0.326
   vertex 24.285 13.535 0.936
   vertex 24.285 13.535 0.326
  endloop
 endfacet
  facet normal 0 0 0
    outer loop
   vertex 36.615 13.535 0.326
   vertex 36.615 13.535 0.936
   vertex 36.785 13.535 0.936
  endloop
 endfacet
  facet normal 0 0 0
    outer loop
   vertex 36.615 13.535 0.326
   vertex 36.785 13.535 0.936
   vertex 36.785 13.535 0.326
  endloop
 endfacet
  facet normal 0 0 0
    outer loop
   vertex 36.785 14.085 0.326
   vertex 36.785 14.085 0.936
   vertex 36.615 14.085 0.936
  endloop
 endfacet
  facet normal 0 0 0
    outer loop
   vertex 36.785 14.085 0.326
   vertex 36.615 14.085 0.936
   vertex 36.615 14.085 0.326
  endloop
 endfacet
  facet normal 0 0 0
    outer loop
   vertex 24.285 14.085 0.326
   vertex 24.285 14.085 0.936
   vertex 24.115 14.085 0.936
  endloop
 endfacet
  facet normal 0 0 0
    outer loop
   vertex 24.285 14.085 0.326
   vertex 24.115 14.085 0.936
   vertex 24.115 14.085 0.326
  endloop
 endfacet
  facet normal 0 0 0
    outer loop
   vertex 24.115 14.255 0.326
   vertex 24.115 14.255 0.936
   vertex 24.285 14.255 0.936
  endloop
 endfacet
  facet normal 0 0 0
    outer loop
   vertex 24.115 14.255 0.326
   vertex 24.285 14.255 0.936
   vertex 24.285 14.255 0.326
  endloop
 endfacet
  facet normal 0 0 0
    outer loop
   vertex 36.615 14.255 0.326
   vertex 36.615 14.255 0.936
   vertex 36.785 14.255 0.936
  endloop
 endfacet
  facet normal 0 0 0
    outer loop
   vertex 36.615 14.255 0.326
   vertex 36.785 14.255 0.936
   vertex 36.785 14.255 0.326
  endloop
 endfacet
  facet normal 0 0 0
    outer loop
   vertex 30.535 4.845 0.326
   vertex 30.535 4.845 0.936
   vertex 30.365 4.845 0.936
  endloop
 endfacet
  facet normal 0 0 0
    outer loop
   vertex 30.535 4.845 0.326
   vertex 30.365 4.845 0.936
   vertex 30.365 4.845 0.326
  endloop
 endfacet
  facet normal 0 0 0
    outer loop
   vertex 30.365 4.655 0.326
   vertex 30.365 4.655 0.936
   vertex 30.535 4.655 0.936
  endloop
 endfacet
  facet normal 0 0 0
    outer loop
   vertex 30.365 4.655 0.326
   vertex 30.535 4.655 0.936
   vertex 30.535 4.655 0.326
  endloop
 endfacet
  facet normal 0 0 0
    outer loop
   vertex 30.535 4.485 0.326
   vertex 30.535 4.485 0.936
   vertex 30.365 4.485 0.936
  endloop
 endfacet
  facet normal 0 0 0
    outer loop
   vertex 30.535 4.485 0.326
   vertex 30.365 4.485 0.936
   vertex 30.365 4.485 0.326
  endloop
 endfacet
  facet normal 0 0 0
    outer loop
   vertex 30.365 5.375 0.326
   vertex 30.365 5.375 0.936
   vertex 30.535 5.375 0.936
  endloop
 endfacet
  facet normal 0 0 0
    outer loop
   vertex 30.365 5.375 0.326
   vertex 30.535 5.375 0.936
   vertex 30.535 5.375 0.326
  endloop
 endfacet
  facet normal 0 0 0
    outer loop
   vertex 30.535 5.205 0.326
   vertex 30.535 5.205 0.936
   vertex 30.365 5.205 0.936
  endloop
 endfacet
  facet normal 0 0 0
    outer loop
   vertex 30.535 5.205 0.326
   vertex 30.365 5.205 0.936
   vertex 30.365 5.205 0.326
  endloop
 endfacet
  facet normal 0 0 0
    outer loop
   vertex 30.365 5.015 0.326
   vertex 30.365 5.015 0.936
   vertex 30.535 5.015 0.936
  endloop
 endfacet
  facet normal 0 0 0
    outer loop
   vertex 30.365 5.015 0.326
   vertex 30.535 5.015 0.936
   vertex 30.535 5.015 0.326
  endloop
 endfacet
  facet normal 0 0 0
    outer loop
   vertex 30.365 5.735 0.326
   vertex 30.365 5.735 0.936
   vertex 30.535 5.735 0.936
  endloop
 endfacet
  facet normal 0 0 0
    outer loop
   vertex 30.365 5.735 0.326
   vertex 30.535 5.735 0.936
   vertex 30.535 5.735 0.326
  endloop
 endfacet
  facet normal 0 0 0
    outer loop
   vertex 30.535 5.925 0.326
   vertex 30.535 5.925 0.936
   vertex 30.365 5.925 0.936
  endloop
 endfacet
  facet normal 0 0 0
    outer loop
   vertex 30.535 5.925 0.326
   vertex 30.365 5.925 0.936
   vertex 30.365 5.925 0.326
  endloop
 endfacet
  facet normal 0 0 0
    outer loop
   vertex 30.535 5.565 0.326
   vertex 30.535 5.565 0.936
   vertex 30.365 5.565 0.936
  endloop
 endfacet
  facet normal 0 0 0
    outer loop
   vertex 30.535 5.565 0.326
   vertex 30.365 5.565 0.936
   vertex 30.365 5.565 0.326
  endloop
 endfacet
  facet normal 0 0 0
    outer loop
   vertex 30.365 6.455 0.326
   vertex 30.365 6.455 0.936
   vertex 30.535 6.455 0.936
  endloop
 endfacet
  facet normal 0 0 0
    outer loop
   vertex 30.365 6.455 0.326
   vertex 30.535 6.455 0.936
   vertex 30.535 6.455 0.326
  endloop
 endfacet
  facet normal 0 0 0
    outer loop
   vertex 36.785 14.445 0.326
   vertex 36.785 14.445 0.936
   vertex 36.615 14.445 0.936
  endloop
 endfacet
  facet normal 0 0 0
    outer loop
   vertex 36.785 14.445 0.326
   vertex 36.615 14.445 0.936
   vertex 36.615 14.445 0.326
  endloop
 endfacet
  facet normal 0 0 0
    outer loop
   vertex 24.285 14.445 0.326
   vertex 24.285 14.445 0.936
   vertex 24.115 14.445 0.936
  endloop
 endfacet
  facet normal 0 0 0
    outer loop
   vertex 24.285 14.445 0.326
   vertex 24.115 14.445 0.936
   vertex 24.115 14.445 0.326
  endloop
 endfacet
  facet normal 0 0 0
    outer loop
   vertex 30.535 6.285 0.326
   vertex 30.535 6.285 0.936
   vertex 30.365 6.285 0.936
  endloop
 endfacet
  facet normal 0 0 0
    outer loop
   vertex 30.535 6.285 0.326
   vertex 30.365 6.285 0.936
   vertex 30.365 6.285 0.326
  endloop
 endfacet
  facet normal 0 0 0
    outer loop
   vertex 30.535 4.485 1.036
   vertex 30.365 4.485 1.036
   vertex 30.365 4.405 1.036
  endloop
 endfacet
  facet normal 0 0 0
    outer loop
   vertex 30.535 4.405 1.036
   vertex 30.535 4.485 1.036
   vertex 30.365 4.405 1.036
  endloop
 endfacet
  facet normal 0 0 0
    outer loop
   vertex 30.535 4.845 1.036
   vertex 30.365 4.845 1.036
   vertex 30.365 4.655 1.036
  endloop
 endfacet
  facet normal 0 0 0
    outer loop
   vertex 30.535 4.655 1.036
   vertex 30.535 4.845 1.036
   vertex 30.365 4.655 1.036
  endloop
 endfacet
  facet normal 0 0 0
    outer loop
   vertex 30.535 5.205 1.036
   vertex 30.365 5.205 1.036
   vertex 30.365 5.015 1.036
  endloop
 endfacet
  facet normal 0 0 0
    outer loop
   vertex 30.535 5.015 1.036
   vertex 30.535 5.205 1.036
   vertex 30.365 5.015 1.036
  endloop
 endfacet
  facet normal 0 0 0
    outer loop
   vertex 30.535 5.565 1.036
   vertex 30.365 5.565 1.036
   vertex 30.365 5.375 1.036
  endloop
 endfacet
  facet normal 0 0 0
    outer loop
   vertex 30.535 5.375 1.036
   vertex 30.535 5.565 1.036
   vertex 30.365 5.375 1.036
  endloop
 endfacet
  facet normal 0 0 0
    outer loop
   vertex 30.535 5.925 1.036
   vertex 30.365 5.925 1.036
   vertex 30.365 5.735 1.036
  endloop
 endfacet
  facet normal 0 0 0
    outer loop
   vertex 30.535 5.735 1.036
   vertex 30.535 5.925 1.036
   vertex 30.365 5.735 1.036
  endloop
 endfacet
  facet normal 0 0 0
    outer loop
   vertex 30.535 6.285 1.036
   vertex 30.365 6.285 1.036
   vertex 30.365 6.095 1.036
  endloop
 endfacet
  facet normal 0 0 0
    outer loop
   vertex 30.535 6.095 1.036
   vertex 30.535 6.285 1.036
   vertex 30.365 6.095 1.036
  endloop
 endfacet
  facet normal 0 0 0
    outer loop
   vertex 30.535 6.645 1.036
   vertex 30.365 6.645 1.036
   vertex 30.365 6.455 1.036
  endloop
 endfacet
  facet normal 0 0 0
    outer loop
   vertex 30.535 6.455 1.036
   vertex 30.535 6.645 1.036
   vertex 30.365 6.455 1.036
  endloop
 endfacet
  facet normal 0 0 0
    outer loop
   vertex 30.535 7.005 1.036
   vertex 30.365 7.005 1.036
   vertex 30.365 6.815 1.036
  endloop
 endfacet
  facet normal 0 0 0
    outer loop
   vertex 30.535 6.815 1.036
   vertex 30.535 7.005 1.036
   vertex 30.365 6.815 1.036
  endloop
 endfacet
  facet normal 0 0 0
    outer loop
   vertex 30.535 7.365 1.036
   vertex 30.365 7.365 1.036
   vertex 30.365 7.175 1.036
  endloop
 endfacet
  facet normal 0 0 0
    outer loop
   vertex 30.535 7.175 1.036
   vertex 30.535 7.365 1.036
   vertex 30.365 7.175 1.036
  endloop
 endfacet
  facet normal 0 0 0
    outer loop
   vertex 30.535 7.615 1.036
   vertex 30.365 7.615 1.036
   vertex 30.365 7.535 1.036
  endloop
 endfacet
  facet normal 0 0 0
    outer loop
   vertex 30.535 7.535 1.036
   vertex 30.535 7.615 1.036
   vertex 30.365 7.535 1.036
  endloop
 endfacet
  facet normal 0 0 0
    outer loop
   vertex 24.285 13.005 1.036
   vertex 24.115 13.005 1.036
   vertex 24.115 12.925 1.036
  endloop
 endfacet
  facet normal 0 0 0
    outer loop
   vertex 24.285 12.925 1.036
   vertex 24.285 13.005 1.036
   vertex 24.115 12.925 1.036
  endloop
 endfacet
  facet normal 0 0 0
    outer loop
   vertex 36.785 13.005 1.036
   vertex 36.615 13.005 1.036
   vertex 36.615 12.925 1.036
  endloop
 endfacet
  facet normal 0 0 0
    outer loop
   vertex 36.785 12.925 1.036
   vertex 36.785 13.005 1.036
   vertex 36.615 12.925 1.036
  endloop
 endfacet
  facet normal 0 0 0
    outer loop
   vertex 24.285 13.365 1.036
   vertex 24.115 13.365 1.036
   vertex 24.115 13.175 1.036
  endloop
 endfacet
  facet normal 0 0 0
    outer loop
   vertex 24.285 13.175 1.036
   vertex 24.285 13.365 1.036
   vertex 24.115 13.175 1.036
  endloop
 endfacet
  facet normal 0 0 0
    outer loop
   vertex 36.785 13.365 1.036
   vertex 36.615 13.365 1.036
   vertex 36.615 13.175 1.036
  endloop
 endfacet
  facet normal 0 0 0
    outer loop
   vertex 36.785 13.175 1.036
   vertex 36.785 13.365 1.036
   vertex 36.615 13.175 1.036
  endloop
 endfacet
  facet normal 0 0 0
    outer loop
   vertex 24.285 13.725 1.036
   vertex 24.115 13.725 1.036
   vertex 24.115 13.535 1.036
  endloop
 endfacet
  facet normal 0 0 0
    outer loop
   vertex 24.285 13.535 1.036
   vertex 24.285 13.725 1.036
   vertex 24.115 13.535 1.036
  endloop
 endfacet
  facet normal 0 0 0
    outer loop
   vertex 36.785 13.725 1.036
   vertex 36.615 13.725 1.036
   vertex 36.615 13.535 1.036
  endloop
 endfacet
  facet normal 0 0 0
    outer loop
   vertex 36.785 13.535 1.036
   vertex 36.785 13.725 1.036
   vertex 36.615 13.535 1.036
  endloop
 endfacet
  facet normal 0 0 0
    outer loop
   vertex 24.285 14.085 1.036
   vertex 24.115 14.085 1.036
   vertex 24.115 13.895 1.036
  endloop
 endfacet
  facet normal 0 0 0
    outer loop
   vertex 24.285 13.895 1.036
   vertex 24.285 14.085 1.036
   vertex 24.115 13.895 1.036
  endloop
 endfacet
  facet normal 0 0 0
    outer loop
   vertex 36.785 14.085 1.036
   vertex 36.615 14.085 1.036
   vertex 36.615 13.895 1.036
  endloop
 endfacet
  facet normal 0 0 0
    outer loop
   vertex 36.785 13.895 1.036
   vertex 36.785 14.085 1.036
   vertex 36.615 13.895 1.036
  endloop
 endfacet
  facet normal 0 0 0
    outer loop
   vertex 24.285 14.445 1.036
   vertex 24.115 14.445 1.036
   vertex 24.115 14.255 1.036
  endloop
 endfacet
  facet normal 0 0 0
    outer loop
   vertex 24.285 14.255 1.036
   vertex 24.285 14.445 1.036
   vertex 24.115 14.255 1.036
  endloop
 endfacet
  facet normal 0 0 0
    outer loop
   vertex 36.785 14.445 1.036
   vertex 36.615 14.445 1.036
   vertex 36.615 14.255 1.036
  endloop
 endfacet
  facet normal 0 0 0
    outer loop
   vertex 36.785 14.255 1.036
   vertex 36.785 14.445 1.036
   vertex 36.615 14.255 1.036
  endloop
 endfacet
  facet normal 0 0 0
    outer loop
   vertex -9.085 14.615 1.036
   vertex -9.255 14.615 1.036
   vertex -9.255 14.535 1.036
  endloop
 endfacet
  facet normal 0 0 0
    outer loop
   vertex -9.085 14.535 1.036
   vertex -9.085 14.615 1.036
   vertex -9.255 14.535 1.036
  endloop
 endfacet
  facet normal 0 0 0
    outer loop
   vertex -7.235 14.615 1.036
   vertex -7.405 14.615 1.036
   vertex -7.405 14.535 1.036
  endloop
 endfacet
  facet normal 0 0 0
    outer loop
   vertex -7.235 14.535 1.036
   vertex -7.235 14.615 1.036
   vertex -7.405 14.535 1.036
  endloop
 endfacet
  facet normal 0 0 0
    outer loop
   vertex -6.285 14.615 1.036
   vertex -6.455 14.615 1.036
   vertex -6.455 14.535 1.036
  endloop
 endfacet
  facet normal 0 0 0
    outer loop
   vertex -6.285 14.535 1.036
   vertex -6.285 14.615 1.036
   vertex -6.455 14.535 1.036
  endloop
 endfacet
  facet normal 0 0 0
    outer loop
   vertex -4.435 14.615 1.036
   vertex -4.605 14.615 1.036
   vertex -4.605 14.535 1.036
  endloop
 endfacet
  facet normal 0 0 0
    outer loop
   vertex -4.435 14.535 1.036
   vertex -4.435 14.615 1.036
   vertex -4.605 14.535 1.036
  endloop
 endfacet
  facet normal 0 0 0
    outer loop
   vertex 24.285 14.805 1.036
   vertex 24.115 14.805 1.036
   vertex 24.115 14.615 1.036
  endloop
 endfacet
  facet normal 0 0 0
    outer loop
   vertex 24.285 14.615 1.036
   vertex 24.285 14.805 1.036
   vertex 24.115 14.615 1.036
  endloop
 endfacet
  facet normal 0 0 0
    outer loop
   vertex 36.785 14.805 1.036
   vertex 36.615 14.805 1.036
   vertex 36.615 14.615 1.036
  endloop
 endfacet
  facet normal 0 0 0
    outer loop
   vertex 36.785 14.615 1.036
   vertex 36.785 14.805 1.036
   vertex 36.615 14.615 1.036
  endloop
 endfacet
  facet normal 0 0 0
    outer loop
   vertex -9.085 14.865 1.036
   vertex -9.255 14.865 1.036
   vertex -9.255 14.785 1.036
  endloop
 endfacet
  facet normal 0 0 0
    outer loop
   vertex -9.085 14.785 1.036
   vertex -9.085 14.865 1.036
   vertex -9.255 14.785 1.036
  endloop
 endfacet
  facet normal 0 0 0
    outer loop
   vertex -7.235 14.865 1.036
   vertex -7.405 14.865 1.036
   vertex -7.405 14.785 1.036
  endloop
 endfacet
  facet normal 0 0 0
    outer loop
   vertex -7.235 14.785 1.036
   vertex -7.235 14.865 1.036
   vertex -7.405 14.785 1.036
  endloop
 endfacet
  facet normal 0 0 0
    outer loop
   vertex -6.285 14.865 1.036
   vertex -6.455 14.865 1.036
   vertex -6.455 14.785 1.036
  endloop
 endfacet
  facet normal 0 0 0
    outer loop
   vertex -6.285 14.785 1.036
   vertex -6.285 14.865 1.036
   vertex -6.455 14.785 1.036
  endloop
 endfacet
  facet normal 0 0 0
    outer loop
   vertex -4.435 14.865 1.036
   vertex -4.605 14.865 1.036
   vertex -4.605 14.785 1.036
  endloop
 endfacet
  facet normal 0 0 0
    outer loop
   vertex -4.435 14.785 1.036
   vertex -4.435 14.865 1.036
   vertex -4.605 14.785 1.036
  endloop
 endfacet
  facet normal 0 0 0
    outer loop
   vertex 24.285 15.165 1.036
   vertex 24.115 15.165 1.036
   vertex 24.115 14.975 1.036
  endloop
 endfacet
  facet normal 0 0 0
    outer loop
   vertex 24.285 14.975 1.036
   vertex 24.285 15.165 1.036
   vertex 24.115 14.975 1.036
  endloop
 endfacet
  facet normal 0 0 0
    outer loop
   vertex 36.785 15.165 1.036
   vertex 36.615 15.165 1.036
   vertex 36.615 14.975 1.036
  endloop
 endfacet
  facet normal 0 0 0
    outer loop
   vertex 36.785 14.975 1.036
   vertex 36.785 15.165 1.036
   vertex 36.615 14.975 1.036
  endloop
 endfacet
  facet normal 0 0 0
    outer loop
   vertex 24.285 15.525 1.036
   vertex 24.115 15.525 1.036
   vertex 24.115 15.335 1.036
  endloop
 endfacet
  facet normal 0 0 0
    outer loop
   vertex 24.285 15.335 1.036
   vertex 24.285 15.525 1.036
   vertex 24.115 15.335 1.036
  endloop
 endfacet
  facet normal 0 0 0
    outer loop
   vertex 36.785 15.525 1.036
   vertex 36.615 15.525 1.036
   vertex 36.615 15.335 1.036
  endloop
 endfacet
  facet normal 0 0 0
    outer loop
   vertex 36.785 15.335 1.036
   vertex 36.785 15.525 1.036
   vertex 36.615 15.335 1.036
  endloop
 endfacet
  facet normal 0 0 0
    outer loop
   vertex 24.285 15.885 1.036
   vertex 24.115 15.885 1.036
   vertex 24.115 15.695 1.036
  endloop
 endfacet
  facet normal 0 0 0
    outer loop
   vertex 24.285 15.695 1.036
   vertex 24.285 15.885 1.036
   vertex 24.115 15.695 1.036
  endloop
 endfacet
  facet normal 0 0 0
    outer loop
   vertex 36.785 15.885 1.036
   vertex 36.615 15.885 1.036
   vertex 36.615 15.695 1.036
  endloop
 endfacet
  facet normal 0 0 0
    outer loop
   vertex 36.785 15.695 1.036
   vertex 36.785 15.885 1.036
   vertex 36.615 15.695 1.036
  endloop
 endfacet
  facet normal 0 0 0
    outer loop
   vertex 24.285 16.135 1.036
   vertex 24.115 16.135 1.036
   vertex 24.115 16.055 1.036
  endloop
 endfacet
  facet normal 0 0 0
    outer loop
   vertex 24.285 16.055 1.036
   vertex 24.285 16.135 1.036
   vertex 24.115 16.055 1.036
  endloop
 endfacet
  facet normal 0 0 0
    outer loop
   vertex 36.785 16.135 1.036
   vertex 36.615 16.135 1.036
   vertex 36.615 16.055 1.036
  endloop
 endfacet
  facet normal 0 0 0
    outer loop
   vertex 36.785 16.055 1.036
   vertex 36.785 16.135 1.036
   vertex 36.615 16.055 1.036
  endloop
 endfacet
  facet normal 0 0 0
    outer loop
   vertex 30.535 21.525 1.036
   vertex 30.365 21.525 1.036
   vertex 30.365 21.445 1.036
  endloop
 endfacet
  facet normal 0 0 0
    outer loop
   vertex 30.535 21.445 1.036
   vertex 30.535 21.525 1.036
   vertex 30.365 21.445 1.036
  endloop
 endfacet
  facet normal 0 0 0
    outer loop
   vertex 30.535 21.885 1.036
   vertex 30.365 21.885 1.036
   vertex 30.365 21.695 1.036
  endloop
 endfacet
  facet normal 0 0 0
    outer loop
   vertex 30.535 21.695 1.036
   vertex 30.535 21.885 1.036
   vertex 30.365 21.695 1.036
  endloop
 endfacet
  facet normal 0 0 0
    outer loop
   vertex 30.535 22.245 1.036
   vertex 30.365 22.245 1.036
   vertex 30.365 22.055 1.036
  endloop
 endfacet
  facet normal 0 0 0
    outer loop
   vertex 30.535 22.055 1.036
   vertex 30.535 22.245 1.036
   vertex 30.365 22.055 1.036
  endloop
 endfacet
  facet normal 0 0 0
    outer loop
   vertex 30.535 22.605 1.036
   vertex 30.365 22.605 1.036
   vertex 30.365 22.415 1.036
  endloop
 endfacet
  facet normal 0 0 0
    outer loop
   vertex 30.535 22.415 1.036
   vertex 30.535 22.605 1.036
   vertex 30.365 22.415 1.036
  endloop
 endfacet
  facet normal 0 0 0
    outer loop
   vertex 30.535 22.965 1.036
   vertex 30.365 22.965 1.036
   vertex 30.365 22.775 1.036
  endloop
 endfacet
  facet normal 0 0 0
    outer loop
   vertex 30.535 22.775 1.036
   vertex 30.535 22.965 1.036
   vertex 30.365 22.775 1.036
  endloop
 endfacet
  facet normal 0 0 0
    outer loop
   vertex 30.535 23.325 1.036
   vertex 30.365 23.325 1.036
   vertex 30.365 23.135 1.036
  endloop
 endfacet
  facet normal 0 0 0
    outer loop
   vertex 30.535 23.135 1.036
   vertex 30.535 23.325 1.036
   vertex 30.365 23.135 1.036
  endloop
 endfacet
  facet normal 0 0 0
    outer loop
   vertex 30.535 23.685 1.036
   vertex 30.365 23.685 1.036
   vertex 30.365 23.495 1.036
  endloop
 endfacet
  facet normal 0 0 0
    outer loop
   vertex 30.535 23.495 1.036
   vertex 30.535 23.685 1.036
   vertex 30.365 23.495 1.036
  endloop
 endfacet
  facet normal 0 0 0
    outer loop
   vertex 30.535 24.045 1.036
   vertex 30.365 24.045 1.036
   vertex 30.365 23.855 1.036
  endloop
 endfacet
  facet normal 0 0 0
    outer loop
   vertex 30.535 23.855 1.036
   vertex 30.535 24.045 1.036
   vertex 30.365 23.855 1.036
  endloop
 endfacet
  facet normal 0 0 0
    outer loop
   vertex 30.535 24.405 1.036
   vertex 30.365 24.405 1.036
   vertex 30.365 24.215 1.036
  endloop
 endfacet
  facet normal 0 0 0
    outer loop
   vertex 30.535 24.215 1.036
   vertex 30.535 24.405 1.036
   vertex 30.365 24.215 1.036
  endloop
 endfacet
  facet normal 0 0 0
    outer loop
   vertex 30.535 24.655 1.036
   vertex 30.365 24.655 1.036
   vertex 30.365 24.575 1.036
  endloop
 endfacet
  facet normal 0 0 0
    outer loop
   vertex 30.535 24.575 1.036
   vertex 30.535 24.655 1.036
   vertex 30.365 24.575 1.036
  endloop
 endfacet
  facet normal 0 0 0
    outer loop
   vertex 30.365 7.615 0.936
   vertex 30.365 7.615 1.036
   vertex 30.535 7.615 1.036
  endloop
 endfacet
  facet normal 0 0 0
    outer loop
   vertex 30.365 7.615 0.936
   vertex 30.535 7.615 1.036
   vertex 30.535 7.615 0.936
  endloop
 endfacet
  facet normal 0 0 0
    outer loop
   vertex 30.365 4.405 0.936
   vertex 30.365 4.405 1.036
   vertex 30.365 4.485 1.036
  endloop
 endfacet
  facet normal 0 0 0
    outer loop
   vertex 30.365 4.485 1.036
   vertex 30.365 4.485 1.111
   vertex 30.365 4.655 1.111
  endloop
 endfacet
  facet normal 0 0 0
    outer loop
   vertex 30.365 4.405 0.936
   vertex 30.365 4.485 1.036
   vertex 30.365 4.655 1.036
  endloop
 endfacet
  facet normal 0 0 0
    outer loop
   vertex 30.365 4.485 1.036
   vertex 30.365 4.655 1.111
   vertex 30.365 4.655 1.036
  endloop
 endfacet
  facet normal 0 0 0
    outer loop
   vertex 30.365 4.845 1.036
   vertex 30.365 4.845 1.111
   vertex 30.365 5.015 1.111
  endloop
 endfacet
  facet normal 0 0 0
    outer loop
   vertex 30.365 4.845 1.036
   vertex 30.365 5.015 1.111
   vertex 30.365 5.015 1.036
  endloop
 endfacet
  facet normal 0 0 0
    outer loop
   vertex 30.365 5.205 1.036
   vertex 30.365 5.205 1.111
   vertex 30.365 5.375 1.111
  endloop
 endfacet
  facet normal 0 0 0
    outer loop
   vertex 30.365 5.205 1.036
   vertex 30.365 5.375 1.111
   vertex 30.365 5.375 1.036
  endloop
 endfacet
  facet normal 0 0 0
    outer loop
   vertex 30.365 5.565 1.036
   vertex 30.365 5.565 1.111
   vertex 30.365 5.735 1.111
  endloop
 endfacet
  facet normal 0 0 0
    outer loop
   vertex 30.365 5.565 1.036
   vertex 30.365 5.735 1.111
   vertex 30.365 5.735 1.036
  endloop
 endfacet
  facet normal 0 0 0
    outer loop
   vertex 30.365 5.925 1.036
   vertex 30.365 5.925 1.111
   vertex 30.365 6.095 1.111
  endloop
 endfacet
  facet normal 0 0 0
    outer loop
   vertex 30.365 5.925 1.036
   vertex 30.365 6.095 1.111
   vertex 30.365 6.095 1.036
  endloop
 endfacet
  facet normal 0 0 0
    outer loop
   vertex 30.365 6.285 1.036
   vertex 30.365 6.285 1.111
   vertex 30.365 6.455 1.111
  endloop
 endfacet
  facet normal 0 0 0
    outer loop
   vertex 30.365 6.285 1.036
   vertex 30.365 6.455 1.111
   vertex 30.365 6.455 1.036
  endloop
 endfacet
  facet normal 0 0 0
    outer loop
   vertex 30.365 6.645 1.036
   vertex 30.365 6.645 1.111
   vertex 30.365 6.815 1.111
  endloop
 endfacet
  facet normal 0 0 0
    outer loop
   vertex 30.365 6.645 1.036
   vertex 30.365 6.815 1.111
   vertex 30.365 6.815 1.036
  endloop
 endfacet
  facet normal 0 0 0
    outer loop
   vertex 30.365 7.005 1.036
   vertex 30.365 7.005 1.111
   vertex 30.365 7.175 1.111
  endloop
 endfacet
  facet normal 0 0 0
    outer loop
   vertex 30.365 7.005 1.036
   vertex 30.365 7.175 1.111
   vertex 30.365 7.175 1.036
  endloop
 endfacet
  facet normal 0 0 0
    outer loop
   vertex 30.365 7.365 1.036
   vertex 30.365 7.365 1.111
   vertex 30.365 7.535 1.111
  endloop
 endfacet
  facet normal 0 0 0
    outer loop
   vertex 30.365 7.365 1.036
   vertex 30.365 7.535 1.111
   vertex 30.365 7.535 1.036
  endloop
 endfacet
  facet normal 0 0 0
    outer loop
   vertex 30.365 7.615 0.936
   vertex 30.365 7.535 1.036
   vertex 30.365 7.615 1.036
  endloop
 endfacet
  facet normal 0 0 0
    outer loop
   vertex 30.365 7.615 0.936
   vertex 30.365 7.365 1.036
   vertex 30.365 7.535 1.036
  endloop
 endfacet
  facet normal 0 0 0
    outer loop
   vertex 30.365 6.01 0.936
   vertex 30.365 5.925 1.036
   vertex 30.365 6.095 1.036
  endloop
 endfacet
  facet normal 0 0 0
    outer loop
   vertex 30.365 6.01 0.936
   vertex 30.365 6.095 1.036
   vertex 30.365 6.285 1.036
  endloop
 endfacet
  facet normal 0 0 0
    outer loop
   vertex 30.365 6.01 0.936
   vertex 30.365 5.735 1.036
   vertex 30.365 5.925 1.036
  endloop
 endfacet
  facet normal 0 0 0
    outer loop
   vertex 30.365 5.208 0.936
   vertex 30.365 5.015 1.036
   vertex 30.365 5.205 1.036
  endloop
 endfacet
  facet normal 0 0 0
    outer loop
   vertex 30.365 5.208 0.936
   vertex 30.365 5.205 1.036
   vertex 30.365 5.375 1.036
  endloop
 endfacet
  facet normal 0 0 0
    outer loop
   vertex 30.365 6.813 0.936
   vertex 30.365 6.815 1.036
   vertex 30.365 7.005 1.036
  endloop
 endfacet
  facet normal 0 0 0
    outer loop
   vertex 30.365 6.813 0.936
   vertex 30.365 6.645 1.036
   vertex 30.365 6.815 1.036
  endloop
 endfacet
  facet normal 0 0 0
    outer loop
   vertex 30.365 6.411 0.936
   vertex 30.365 6.285 1.036
   vertex 30.365 6.455 1.036
  endloop
 endfacet
  facet normal 0 0 0
    outer loop
   vertex 30.365 6.01 0.936
   vertex 30.365 6.285 1.036
   vertex 30.365 6.411 0.936
  endloop
 endfacet
  facet normal 0 0 0
    outer loop
   vertex 30.365 6.411 0.936
   vertex 30.365 6.645 1.036
   vertex 30.365 6.813 0.936
  endloop
 endfacet
  facet normal 0 0 0
    outer loop
   vertex 30.365 6.411 0.936
   vertex 30.365 6.455 1.036
   vertex 30.365 6.645 1.036
  endloop
 endfacet
  facet normal 0 0 0
    outer loop
   vertex 30.365 5.609 0.936
   vertex 30.365 5.565 1.036
   vertex 30.365 5.735 1.036
  endloop
 endfacet
  facet normal 0 0 0
    outer loop
   vertex 30.365 5.609 0.936
   vertex 30.365 5.735 1.036
   vertex 30.365 6.01 0.936
  endloop
 endfacet
  facet normal 0 0 0
    outer loop
   vertex 30.365 5.609 0.936
   vertex 30.365 5.375 1.036
   vertex 30.365 5.565 1.036
  endloop
 endfacet
  facet normal 0 0 0
    outer loop
   vertex 30.365 5.208 0.936
   vertex 30.365 5.375 1.036
   vertex 30.365 5.609 0.936
  endloop
 endfacet
  facet normal 0 0 0
    outer loop
   vertex 30.365 4.405 0.936
   vertex 30.365 4.655 1.036
   vertex 30.365 4.806 0.936
  endloop
 endfacet
  facet normal 0 0 0
    outer loop
   vertex 30.365 4.806 0.936
   vertex 30.365 4.655 1.036
   vertex 30.365 4.845 1.036
  endloop
 endfacet
  facet normal 0 0 0
    outer loop
   vertex 30.365 4.806 0.936
   vertex 30.365 4.845 1.036
   vertex 30.365 5.015 1.036
  endloop
 endfacet
  facet normal 0 0 0
    outer loop
   vertex 30.365 4.806 0.936
   vertex 30.365 5.015 1.036
   vertex 30.365 5.208 0.936
  endloop
 endfacet
  facet normal 0 0 0
    outer loop
   vertex 30.365 7.214 0.936
   vertex 30.365 7.175 1.036
   vertex 30.365 7.365 1.036
  endloop
 endfacet
  facet normal 0 0 0
    outer loop
   vertex 30.365 7.214 0.936
   vertex 30.365 7.365 1.036
   vertex 30.365 7.615 0.936
  endloop
 endfacet
  facet normal 0 0 0
    outer loop
   vertex 30.365 7.214 0.936
   vertex 30.365 7.005 1.036
   vertex 30.365 7.175 1.036
  endloop
 endfacet
  facet normal 0 0 0
    outer loop
   vertex 30.365 6.813 0.936
   vertex 30.365 7.005 1.036
   vertex 30.365 7.214 0.936
  endloop
 endfacet
  facet normal 0 0 0
    outer loop
   vertex 30.365 21.445 0.936
   vertex 30.365 21.445 1.036
   vertex 30.365 21.525 1.036
  endloop
 endfacet
  facet normal 0 0 0
    outer loop
   vertex 30.365 21.525 1.036
   vertex 30.365 21.525 1.111
   vertex 30.365 21.695 1.111
  endloop
 endfacet
  facet normal 0 0 0
    outer loop
   vertex 30.365 21.445 0.936
   vertex 30.365 21.525 1.036
   vertex 30.365 21.695 1.036
  endloop
 endfacet
  facet normal 0 0 0
    outer loop
   vertex 30.365 21.525 1.036
   vertex 30.365 21.695 1.111
   vertex 30.365 21.695 1.036
  endloop
 endfacet
  facet normal 0 0 0
    outer loop
   vertex 30.365 21.885 1.036
   vertex 30.365 21.885 1.111
   vertex 30.365 22.055 1.111
  endloop
 endfacet
  facet normal 0 0 0
    outer loop
   vertex 30.365 21.885 1.036
   vertex 30.365 22.055 1.111
   vertex 30.365 22.055 1.036
  endloop
 endfacet
  facet normal 0 0 0
    outer loop
   vertex 30.365 22.245 1.036
   vertex 30.365 22.245 1.111
   vertex 30.365 22.415 1.111
  endloop
 endfacet
  facet normal 0 0 0
    outer loop
   vertex 30.365 22.245 1.036
   vertex 30.365 22.415 1.111
   vertex 30.365 22.415 1.036
  endloop
 endfacet
  facet normal 0 0 0
    outer loop
   vertex 30.365 22.605 1.036
   vertex 30.365 22.605 1.111
   vertex 30.365 22.775 1.111
  endloop
 endfacet
  facet normal 0 0 0
    outer loop
   vertex 30.365 22.605 1.036
   vertex 30.365 22.775 1.111
   vertex 30.365 22.775 1.036
  endloop
 endfacet
  facet normal 0 0 0
    outer loop
   vertex 30.365 22.965 1.036
   vertex 30.365 22.965 1.111
   vertex 30.365 23.135 1.111
  endloop
 endfacet
  facet normal 0 0 0
    outer loop
   vertex 30.365 22.965 1.036
   vertex 30.365 23.135 1.111
   vertex 30.365 23.135 1.036
  endloop
 endfacet
  facet normal 0 0 0
    outer loop
   vertex 30.365 23.325 1.036
   vertex 30.365 23.325 1.111
   vertex 30.365 23.495 1.111
  endloop
 endfacet
  facet normal 0 0 0
    outer loop
   vertex 30.365 23.325 1.036
   vertex 30.365 23.495 1.111
   vertex 30.365 23.495 1.036
  endloop
 endfacet
  facet normal 0 0 0
    outer loop
   vertex 30.365 23.685 1.036
   vertex 30.365 23.685 1.111
   vertex 30.365 23.855 1.111
  endloop
 endfacet
  facet normal 0 0 0
    outer loop
   vertex 30.365 23.685 1.036
   vertex 30.365 23.855 1.111
   vertex 30.365 23.855 1.036
  endloop
 endfacet
  facet normal 0 0 0
    outer loop
   vertex 30.365 24.045 1.036
   vertex 30.365 24.045 1.111
   vertex 30.365 24.215 1.111
  endloop
 endfacet
  facet normal 0 0 0
    outer loop
   vertex 30.365 24.045 1.036
   vertex 30.365 24.215 1.111
   vertex 30.365 24.215 1.036
  endloop
 endfacet
  facet normal 0 0 0
    outer loop
   vertex 30.365 24.405 1.036
   vertex 30.365 24.405 1.111
   vertex 30.365 24.575 1.111
  endloop
 endfacet
  facet normal 0 0 0
    outer loop
   vertex 30.365 24.405 1.036
   vertex 30.365 24.575 1.111
   vertex 30.365 24.575 1.036
  endloop
 endfacet
  facet normal 0 0 0
    outer loop
   vertex 30.365 24.655 0.936
   vertex 30.365 24.575 1.036
   vertex 30.365 24.655 1.036
  endloop
 endfacet
  facet normal 0 0 0
    outer loop
   vertex 30.365 24.655 0.936
   vertex 30.365 24.405 1.036
   vertex 30.365 24.575 1.036
  endloop
 endfacet
  facet normal 0 0 0
    outer loop
   vertex 30.365 23.05 0.936
   vertex 30.365 22.965 1.036
   vertex 30.365 23.135 1.036
  endloop
 endfacet
  facet normal 0 0 0
    outer loop
   vertex 30.365 23.05 0.936
   vertex 30.365 23.135 1.036
   vertex 30.365 23.325 1.036
  endloop
 endfacet
  facet normal 0 0 0
    outer loop
   vertex 30.365 23.05 0.936
   vertex 30.365 22.775 1.036
   vertex 30.365 22.965 1.036
  endloop
 endfacet
  facet normal 0 0 0
    outer loop
   vertex 30.365 22.248 0.936
   vertex 30.365 22.055 1.036
   vertex 30.365 22.245 1.036
  endloop
 endfacet
  facet normal 0 0 0
    outer loop
   vertex 30.365 22.248 0.936
   vertex 30.365 22.245 1.036
   vertex 30.365 22.415 1.036
  endloop
 endfacet
  facet normal 0 0 0
    outer loop
   vertex 30.365 23.853 0.936
   vertex 30.365 23.855 1.036
   vertex 30.365 24.045 1.036
  endloop
 endfacet
  facet normal 0 0 0
    outer loop
   vertex 30.365 23.853 0.936
   vertex 30.365 23.685 1.036
   vertex 30.365 23.855 1.036
  endloop
 endfacet
  facet normal 0 0 0
    outer loop
   vertex 30.365 23.451 0.936
   vertex 30.365 23.325 1.036
   vertex 30.365 23.495 1.036
  endloop
 endfacet
  facet normal 0 0 0
    outer loop
   vertex 30.365 23.05 0.936
   vertex 30.365 23.325 1.036
   vertex 30.365 23.451 0.936
  endloop
 endfacet
  facet normal 0 0 0
    outer loop
   vertex 30.365 23.451 0.936
   vertex 30.365 23.685 1.036
   vertex 30.365 23.853 0.936
  endloop
 endfacet
  facet normal 0 0 0
    outer loop
   vertex 30.365 23.451 0.936
   vertex 30.365 23.495 1.036
   vertex 30.365 23.685 1.036
  endloop
 endfacet
  facet normal 0 0 0
    outer loop
   vertex 30.365 22.649 0.936
   vertex 30.365 22.605 1.036
   vertex 30.365 22.775 1.036
  endloop
 endfacet
  facet normal 0 0 0
    outer loop
   vertex 30.365 22.649 0.936
   vertex 30.365 22.775 1.036
   vertex 30.365 23.05 0.936
  endloop
 endfacet
  facet normal 0 0 0
    outer loop
   vertex 30.365 22.649 0.936
   vertex 30.365 22.415 1.036
   vertex 30.365 22.605 1.036
  endloop
 endfacet
  facet normal 0 0 0
    outer loop
   vertex 30.365 22.248 0.936
   vertex 30.365 22.415 1.036
   vertex 30.365 22.649 0.936
  endloop
 endfacet
  facet normal 0 0 0
    outer loop
   vertex 30.365 21.445 0.936
   vertex 30.365 21.695 1.036
   vertex 30.365 21.846 0.936
  endloop
 endfacet
  facet normal 0 0 0
    outer loop
   vertex 30.365 21.846 0.936
   vertex 30.365 21.695 1.036
   vertex 30.365 21.885 1.036
  endloop
 endfacet
  facet normal 0 0 0
    outer loop
   vertex 30.365 21.846 0.936
   vertex 30.365 21.885 1.036
   vertex 30.365 22.055 1.036
  endloop
 endfacet
  facet normal 0 0 0
    outer loop
   vertex 30.365 21.846 0.936
   vertex 30.365 22.055 1.036
   vertex 30.365 22.248 0.936
  endloop
 endfacet
  facet normal 0 0 0
    outer loop
   vertex 30.365 24.254 0.936
   vertex 30.365 24.215 1.036
   vertex 30.365 24.405 1.036
  endloop
 endfacet
  facet normal 0 0 0
    outer loop
   vertex 30.365 24.254 0.936
   vertex 30.365 24.405 1.036
   vertex 30.365 24.655 0.936
  endloop
 endfacet
  facet normal 0 0 0
    outer loop
   vertex 30.365 24.254 0.936
   vertex 30.365 24.045 1.036
   vertex 30.365 24.215 1.036
  endloop
 endfacet
  facet normal 0 0 0
    outer loop
   vertex 30.365 23.853 0.936
   vertex 30.365 24.045 1.036
   vertex 30.365 24.254 0.936
  endloop
 endfacet
  facet normal 0 0 0
    outer loop
   vertex 30.535 4.405 0.936
   vertex 30.535 4.405 1.036
   vertex 30.365 4.405 1.036
  endloop
 endfacet
  facet normal 0 0 0
    outer loop
   vertex 30.535 4.405 0.936
   vertex 30.365 4.405 1.036
   vertex 30.365 4.405 0.936
  endloop
 endfacet
  facet normal 0 0 0
    outer loop
   vertex 30.535 24.655 0.936
   vertex 30.535 24.655 1.036
   vertex 30.535 24.575 1.036
  endloop
 endfacet
  facet normal 0 0 0
    outer loop
   vertex 30.535 24.575 1.036
   vertex 30.535 24.575 1.111
   vertex 30.535 24.405 1.111
  endloop
 endfacet
  facet normal 0 0 0
    outer loop
   vertex 30.535 24.655 0.936
   vertex 30.535 24.575 1.036
   vertex 30.535 24.405 1.036
  endloop
 endfacet
  facet normal 0 0 0
    outer loop
   vertex 30.535 24.575 1.036
   vertex 30.535 24.405 1.111
   vertex 30.535 24.405 1.036
  endloop
 endfacet
  facet normal 0 0 0
    outer loop
   vertex 30.535 24.215 1.036
   vertex 30.535 24.215 1.111
   vertex 30.535 24.045 1.111
  endloop
 endfacet
  facet normal 0 0 0
    outer loop
   vertex 30.535 24.215 1.036
   vertex 30.535 24.045 1.111
   vertex 30.535 24.045 1.036
  endloop
 endfacet
  facet normal 0 0 0
    outer loop
   vertex 30.535 23.855 1.036
   vertex 30.535 23.855 1.111
   vertex 30.535 23.685 1.111
  endloop
 endfacet
  facet normal 0 0 0
    outer loop
   vertex 30.535 23.855 1.036
   vertex 30.535 23.685 1.111
   vertex 30.535 23.685 1.036
  endloop
 endfacet
  facet normal 0 0 0
    outer loop
   vertex 30.535 23.495 1.036
   vertex 30.535 23.495 1.111
   vertex 30.535 23.325 1.111
  endloop
 endfacet
  facet normal 0 0 0
    outer loop
   vertex 30.535 23.495 1.036
   vertex 30.535 23.325 1.111
   vertex 30.535 23.325 1.036
  endloop
 endfacet
  facet normal 0 0 0
    outer loop
   vertex 30.535 23.135 1.036
   vertex 30.535 23.135 1.111
   vertex 30.535 22.965 1.111
  endloop
 endfacet
  facet normal 0 0 0
    outer loop
   vertex 30.535 23.135 1.036
   vertex 30.535 22.965 1.111
   vertex 30.535 22.965 1.036
  endloop
 endfacet
  facet normal 0 0 0
    outer loop
   vertex 30.535 22.775 1.036
   vertex 30.535 22.775 1.111
   vertex 30.535 22.605 1.111
  endloop
 endfacet
  facet normal 0 0 0
    outer loop
   vertex 30.535 22.775 1.036
   vertex 30.535 22.605 1.111
   vertex 30.535 22.605 1.036
  endloop
 endfacet
  facet normal 0 0 0
    outer loop
   vertex 30.535 22.415 1.036
   vertex 30.535 22.415 1.111
   vertex 30.535 22.245 1.111
  endloop
 endfacet
  facet normal 0 0 0
    outer loop
   vertex 30.535 22.415 1.036
   vertex 30.535 22.245 1.111
   vertex 30.535 22.245 1.036
  endloop
 endfacet
  facet normal 0 0 0
    outer loop
   vertex 30.535 22.055 1.036
   vertex 30.535 22.055 1.111
   vertex 30.535 21.885 1.111
  endloop
 endfacet
  facet normal 0 0 0
    outer loop
   vertex 30.535 22.055 1.036
   vertex 30.535 21.885 1.111
   vertex 30.535 21.885 1.036
  endloop
 endfacet
  facet normal 0 0 0
    outer loop
   vertex 30.535 21.695 1.036
   vertex 30.535 21.695 1.111
   vertex 30.535 21.525 1.111
  endloop
 endfacet
  facet normal 0 0 0
    outer loop
   vertex 30.535 21.695 1.036
   vertex 30.535 21.525 1.111
   vertex 30.535 21.525 1.036
  endloop
 endfacet
  facet normal 0 0 0
    outer loop
   vertex 30.535 21.445 0.936
   vertex 30.535 21.525 1.036
   vertex 30.535 21.445 1.036
  endloop
 endfacet
  facet normal 0 0 0
    outer loop
   vertex 30.535 21.445 0.936
   vertex 30.535 21.695 1.036
   vertex 30.535 21.525 1.036
  endloop
 endfacet
  facet normal 0 0 0
    outer loop
   vertex 30.535 23.05 0.936
   vertex 30.535 23.135 1.036
   vertex 30.535 22.965 1.036
  endloop
 endfacet
  facet normal 0 0 0
    outer loop
   vertex 30.535 23.05 0.936
   vertex 30.535 22.965 1.036
   vertex 30.535 22.775 1.036
  endloop
 endfacet
  facet normal 0 0 0
    outer loop
   vertex 30.535 23.05 0.936
   vertex 30.535 23.325 1.036
   vertex 30.535 23.135 1.036
  endloop
 endfacet
  facet normal 0 0 0
    outer loop
   vertex 30.535 23.853 0.936
   vertex 30.535 24.045 1.036
   vertex 30.535 23.855 1.036
  endloop
 endfacet
  facet normal 0 0 0
    outer loop
   vertex 30.535 23.853 0.936
   vertex 30.535 23.855 1.036
   vertex 30.535 23.685 1.036
  endloop
 endfacet
  facet normal 0 0 0
    outer loop
   vertex 30.535 22.248 0.936
   vertex 30.535 22.245 1.036
   vertex 30.535 22.055 1.036
  endloop
 endfacet
  facet normal 0 0 0
    outer loop
   vertex 30.535 22.248 0.936
   vertex 30.535 22.415 1.036
   vertex 30.535 22.245 1.036
  endloop
 endfacet
  facet normal 0 0 0
    outer loop
   vertex 30.535 22.649 0.936
   vertex 30.535 22.775 1.036
   vertex 30.535 22.605 1.036
  endloop
 endfacet
  facet normal 0 0 0
    outer loop
   vertex 30.535 23.05 0.936
   vertex 30.535 22.775 1.036
   vertex 30.535 22.649 0.936
  endloop
 endfacet
  facet normal 0 0 0
    outer loop
   vertex 30.535 22.649 0.936
   vertex 30.535 22.415 1.036
   vertex 30.535 22.248 0.936
  endloop
 endfacet
  facet normal 0 0 0
    outer loop
   vertex 30.535 22.649 0.936
   vertex 30.535 22.605 1.036
   vertex 30.535 22.415 1.036
  endloop
 endfacet
  facet normal 0 0 0
    outer loop
   vertex 30.535 23.451 0.936
   vertex 30.535 23.495 1.036
   vertex 30.535 23.325 1.036
  endloop
 endfacet
  facet normal 0 0 0
    outer loop
   vertex 30.535 23.451 0.936
   vertex 30.535 23.325 1.036
   vertex 30.535 23.05 0.936
  endloop
 endfacet
  facet normal 0 0 0
    outer loop
   vertex 30.535 23.451 0.936
   vertex 30.535 23.685 1.036
   vertex 30.535 23.495 1.036
  endloop
 endfacet
  facet normal 0 0 0
    outer loop
   vertex 30.535 23.853 0.936
   vertex 30.535 23.685 1.036
   vertex 30.535 23.451 0.936
  endloop
 endfacet
  facet normal 0 0 0
    outer loop
   vertex 30.535 24.655 0.936
   vertex 30.535 24.405 1.036
   vertex 30.535 24.254 0.936
  endloop
 endfacet
  facet normal 0 0 0
    outer loop
   vertex 30.535 24.254 0.936
   vertex 30.535 24.405 1.036
   vertex 30.535 24.215 1.036
  endloop
 endfacet
  facet normal 0 0 0
    outer loop
   vertex 30.535 24.254 0.936
   vertex 30.535 24.215 1.036
   vertex 30.535 24.045 1.036
  endloop
 endfacet
  facet normal 0 0 0
    outer loop
   vertex 30.535 24.254 0.936
   vertex 30.535 24.045 1.036
   vertex 30.535 23.853 0.936
  endloop
 endfacet
  facet normal 0 0 0
    outer loop
   vertex 30.535 21.846 0.936
   vertex 30.535 21.885 1.036
   vertex 30.535 21.695 1.036
  endloop
 endfacet
  facet normal 0 0 0
    outer loop
   vertex 30.535 21.846 0.936
   vertex 30.535 21.695 1.036
   vertex 30.535 21.445 0.936
  endloop
 endfacet
  facet normal 0 0 0
    outer loop
   vertex 30.535 21.846 0.936
   vertex 30.535 22.055 1.036
   vertex 30.535 21.885 1.036
  endloop
 endfacet
  facet normal 0 0 0
    outer loop
   vertex 30.535 22.248 0.936
   vertex 30.535 22.055 1.036
   vertex 30.535 21.846 0.936
  endloop
 endfacet
  facet normal 0 0 0
    outer loop
   vertex 30.535 7.615 0.936
   vertex 30.535 7.615 1.036
   vertex 30.535 7.535 1.036
  endloop
 endfacet
  facet normal 0 0 0
    outer loop
   vertex 30.535 7.535 1.036
   vertex 30.535 7.535 1.111
   vertex 30.535 7.365 1.111
  endloop
 endfacet
  facet normal 0 0 0
    outer loop
   vertex 30.535 7.615 0.936
   vertex 30.535 7.535 1.036
   vertex 30.535 7.365 1.036
  endloop
 endfacet
  facet normal 0 0 0
    outer loop
   vertex 30.535 7.535 1.036
   vertex 30.535 7.365 1.111
   vertex 30.535 7.365 1.036
  endloop
 endfacet
  facet normal 0 0 0
    outer loop
   vertex 30.535 7.175 1.036
   vertex 30.535 7.175 1.111
   vertex 30.535 7.005 1.111
  endloop
 endfacet
  facet normal 0 0 0
    outer loop
   vertex 30.535 7.175 1.036
   vertex 30.535 7.005 1.111
   vertex 30.535 7.005 1.036
  endloop
 endfacet
  facet normal 0 0 0
    outer loop
   vertex 30.535 6.815 1.036
   vertex 30.535 6.815 1.111
   vertex 30.535 6.645 1.111
  endloop
 endfacet
  facet normal 0 0 0
    outer loop
   vertex 30.535 6.815 1.036
   vertex 30.535 6.645 1.111
   vertex 30.535 6.645 1.036
  endloop
 endfacet
  facet normal 0 0 0
    outer loop
   vertex 30.535 6.455 1.036
   vertex 30.535 6.455 1.111
   vertex 30.535 6.285 1.111
  endloop
 endfacet
  facet normal 0 0 0
    outer loop
   vertex 30.535 6.455 1.036
   vertex 30.535 6.285 1.111
   vertex 30.535 6.285 1.036
  endloop
 endfacet
  facet normal 0 0 0
    outer loop
   vertex 30.535 6.095 1.036
   vertex 30.535 6.095 1.111
   vertex 30.535 5.925 1.111
  endloop
 endfacet
  facet normal 0 0 0
    outer loop
   vertex 30.535 6.095 1.036
   vertex 30.535 5.925 1.111
   vertex 30.535 5.925 1.036
  endloop
 endfacet
  facet normal 0 0 0
    outer loop
   vertex 30.535 5.735 1.036
   vertex 30.535 5.735 1.111
   vertex 30.535 5.565 1.111
  endloop
 endfacet
  facet normal 0 0 0
    outer loop
   vertex 30.535 5.735 1.036
   vertex 30.535 5.565 1.111
   vertex 30.535 5.565 1.036
  endloop
 endfacet
  facet normal 0 0 0
    outer loop
   vertex 30.535 5.375 1.036
   vertex 30.535 5.375 1.111
   vertex 30.535 5.205 1.111
  endloop
 endfacet
  facet normal 0 0 0
    outer loop
   vertex 30.535 5.375 1.036
   vertex 30.535 5.205 1.111
   vertex 30.535 5.205 1.036
  endloop
 endfacet
  facet normal 0 0 0
    outer loop
   vertex 30.535 5.015 1.036
   vertex 30.535 5.015 1.111
   vertex 30.535 4.845 1.111
  endloop
 endfacet
  facet normal 0 0 0
    outer loop
   vertex 30.535 5.015 1.036
   vertex 30.535 4.845 1.111
   vertex 30.535 4.845 1.036
  endloop
 endfacet
  facet normal 0 0 0
    outer loop
   vertex 30.535 4.655 1.036
   vertex 30.535 4.655 1.111
   vertex 30.535 4.485 1.111
  endloop
 endfacet
  facet normal 0 0 0
    outer loop
   vertex 30.535 4.655 1.036
   vertex 30.535 4.485 1.111
   vertex 30.535 4.485 1.036
  endloop
 endfacet
  facet normal 0 0 0
    outer loop
   vertex 30.535 4.405 0.936
   vertex 30.535 4.485 1.036
   vertex 30.535 4.405 1.036
  endloop
 endfacet
  facet normal 0 0 0
    outer loop
   vertex 30.535 4.405 0.936
   vertex 30.535 4.655 1.036
   vertex 30.535 4.485 1.036
  endloop
 endfacet
  facet normal 0 0 0
    outer loop
   vertex 30.535 6.01 0.936
   vertex 30.535 6.095 1.036
   vertex 30.535 5.925 1.036
  endloop
 endfacet
  facet normal 0 0 0
    outer loop
   vertex 30.535 6.01 0.936
   vertex 30.535 5.925 1.036
   vertex 30.535 5.735 1.036
  endloop
 endfacet
  facet normal 0 0 0
    outer loop
   vertex 30.535 6.01 0.936
   vertex 30.535 6.285 1.036
   vertex 30.535 6.095 1.036
  endloop
 endfacet
  facet normal 0 0 0
    outer loop
   vertex 30.535 6.813 0.936
   vertex 30.535 7.005 1.036
   vertex 30.535 6.815 1.036
  endloop
 endfacet
  facet normal 0 0 0
    outer loop
   vertex 30.535 6.813 0.936
   vertex 30.535 6.815 1.036
   vertex 30.535 6.645 1.036
  endloop
 endfacet
  facet normal 0 0 0
    outer loop
   vertex 30.535 5.208 0.936
   vertex 30.535 5.205 1.036
   vertex 30.535 5.015 1.036
  endloop
 endfacet
  facet normal 0 0 0
    outer loop
   vertex 30.535 5.208 0.936
   vertex 30.535 5.375 1.036
   vertex 30.535 5.205 1.036
  endloop
 endfacet
  facet normal 0 0 0
    outer loop
   vertex 30.535 5.609 0.936
   vertex 30.535 5.735 1.036
   vertex 30.535 5.565 1.036
  endloop
 endfacet
  facet normal 0 0 0
    outer loop
   vertex 30.535 6.01 0.936
   vertex 30.535 5.735 1.036
   vertex 30.535 5.609 0.936
  endloop
 endfacet
  facet normal 0 0 0
    outer loop
   vertex 30.535 5.609 0.936
   vertex 30.535 5.375 1.036
   vertex 30.535 5.208 0.936
  endloop
 endfacet
  facet normal 0 0 0
    outer loop
   vertex 30.535 5.609 0.936
   vertex 30.535 5.565 1.036
   vertex 30.535 5.375 1.036
  endloop
 endfacet
  facet normal 0 0 0
    outer loop
   vertex 30.535 6.411 0.936
   vertex 30.535 6.455 1.036
   vertex 30.535 6.285 1.036
  endloop
 endfacet
  facet normal 0 0 0
    outer loop
   vertex 30.535 6.411 0.936
   vertex 30.535 6.285 1.036
   vertex 30.535 6.01 0.936
  endloop
 endfacet
  facet normal 0 0 0
    outer loop
   vertex 30.535 6.411 0.936
   vertex 30.535 6.645 1.036
   vertex 30.535 6.455 1.036
  endloop
 endfacet
  facet normal 0 0 0
    outer loop
   vertex 30.535 6.813 0.936
   vertex 30.535 6.645 1.036
   vertex 30.535 6.411 0.936
  endloop
 endfacet
  facet normal 0 0 0
    outer loop
   vertex 30.535 7.615 0.936
   vertex 30.535 7.365 1.036
   vertex 30.535 7.214 0.936
  endloop
 endfacet
  facet normal 0 0 0
    outer loop
   vertex 30.535 7.214 0.936
   vertex 30.535 7.365 1.036
   vertex 30.535 7.175 1.036
  endloop
 endfacet
  facet normal 0 0 0
    outer loop
   vertex 30.535 7.214 0.936
   vertex 30.535 7.175 1.036
   vertex 30.535 7.005 1.036
  endloop
 endfacet
  facet normal 0 0 0
    outer loop
   vertex 30.535 7.214 0.936
   vertex 30.535 7.005 1.036
   vertex 30.535 6.813 0.936
  endloop
 endfacet
  facet normal 0 0 0
    outer loop
   vertex 30.535 4.806 0.936
   vertex 30.535 4.845 1.036
   vertex 30.535 4.655 1.036
  endloop
 endfacet
  facet normal 0 0 0
    outer loop
   vertex 30.535 4.806 0.936
   vertex 30.535 4.655 1.036
   vertex 30.535 4.405 0.936
  endloop
 endfacet
  facet normal 0 0 0
    outer loop
   vertex 30.535 4.806 0.936
   vertex 30.535 5.015 1.036
   vertex 30.535 4.845 1.036
  endloop
 endfacet
  facet normal 0 0 0
    outer loop
   vertex 30.535 5.208 0.936
   vertex 30.535 5.015 1.036
   vertex 30.535 4.806 0.936
  endloop
 endfacet
  facet normal 0 0 0
    outer loop
   vertex -9.255 14.535 0.936
   vertex -9.255 14.535 1.036
   vertex -9.255 14.615 1.036
  endloop
 endfacet
  facet normal 0 0 0
    outer loop
   vertex -9.255 14.615 1.036
   vertex -9.255 14.615 1.111
   vertex -9.255 14.785 1.111
  endloop
 endfacet
  facet normal 0 0 0
    outer loop
   vertex -9.255 14.535 0.936
   vertex -9.255 14.615 1.036
   vertex -9.255 14.785 1.036
  endloop
 endfacet
  facet normal 0 0 0
    outer loop
   vertex -9.255 14.615 1.036
   vertex -9.255 14.785 1.111
   vertex -9.255 14.785 1.036
  endloop
 endfacet
  facet normal 0 0 0
    outer loop
   vertex -9.255 14.535 0.936
   vertex -9.255 14.785 1.036
   vertex -9.255 14.865 0.936
  endloop
 endfacet
  facet normal 0 0 0
    outer loop
   vertex -9.255 14.865 0.936
   vertex -9.255 14.785 1.036
   vertex -9.255 14.865 1.036
  endloop
 endfacet
  facet normal 0 0 0
    outer loop
   vertex -9.255 14.865 0.936
   vertex -9.255 14.865 1.036
   vertex -9.085 14.865 1.036
  endloop
 endfacet
  facet normal 0 0 0
    outer loop
   vertex -9.255 14.865 0.936
   vertex -9.085 14.865 1.036
   vertex -9.085 14.865 0.936
  endloop
 endfacet
  facet normal 0 0 0
    outer loop
   vertex -7.405 14.865 0.936
   vertex -7.405 14.865 1.036
   vertex -7.235 14.865 1.036
  endloop
 endfacet
  facet normal 0 0 0
    outer loop
   vertex -7.405 14.865 0.936
   vertex -7.235 14.865 1.036
   vertex -7.235 14.865 0.936
  endloop
 endfacet
  facet normal 0 0 0
    outer loop
   vertex -6.455 14.865 0.936
   vertex -6.455 14.865 1.036
   vertex -6.285 14.865 1.036
  endloop
 endfacet
  facet normal 0 0 0
    outer loop
   vertex -6.455 14.865 0.936
   vertex -6.285 14.865 1.036
   vertex -6.285 14.865 0.936
  endloop
 endfacet
  facet normal 0 0 0
    outer loop
   vertex -4.605 14.865 0.936
   vertex -4.605 14.865 1.036
   vertex -4.435 14.865 1.036
  endloop
 endfacet
  facet normal 0 0 0
    outer loop
   vertex -4.605 14.865 0.936
   vertex -4.435 14.865 1.036
   vertex -4.435 14.865 0.936
  endloop
 endfacet
  facet normal 0 0 0
    outer loop
   vertex -4.435 14.535 0.936
   vertex -4.435 14.535 1.036
   vertex -4.605 14.535 1.036
  endloop
 endfacet
  facet normal 0 0 0
    outer loop
   vertex -4.435 14.535 0.936
   vertex -4.605 14.535 1.036
   vertex -4.605 14.535 0.936
  endloop
 endfacet
  facet normal 0 0 0
    outer loop
   vertex -6.285 14.535 0.936
   vertex -6.285 14.535 1.036
   vertex -6.455 14.535 1.036
  endloop
 endfacet
  facet normal 0 0 0
    outer loop
   vertex -6.285 14.535 0.936
   vertex -6.455 14.535 1.036
   vertex -6.455 14.535 0.936
  endloop
 endfacet
  facet normal 0 0 0
    outer loop
   vertex -7.235 14.535 0.936
   vertex -7.235 14.535 1.036
   vertex -7.405 14.535 1.036
  endloop
 endfacet
  facet normal 0 0 0
    outer loop
   vertex -7.235 14.535 0.936
   vertex -7.405 14.535 1.036
   vertex -7.405 14.535 0.936
  endloop
 endfacet
  facet normal 0 0 0
    outer loop
   vertex -9.085 14.535 0.936
   vertex -9.085 14.535 1.036
   vertex -9.255 14.535 1.036
  endloop
 endfacet
  facet normal 0 0 0
    outer loop
   vertex -9.085 14.535 0.936
   vertex -9.255 14.535 1.036
   vertex -9.255 14.535 0.936
  endloop
 endfacet
  facet normal 0 0 0
    outer loop
   vertex -9.085 14.865 0.936
   vertex -9.085 14.865 1.036
   vertex -9.085 14.785 1.036
  endloop
 endfacet
  facet normal 0 0 0
    outer loop
   vertex -9.085 14.785 1.036
   vertex -9.085 14.785 1.111
   vertex -9.085 14.615 1.111
  endloop
 endfacet
  facet normal 0 0 0
    outer loop
   vertex -9.085 14.865 0.936
   vertex -9.085 14.785 1.036
   vertex -9.085 14.615 1.036
  endloop
 endfacet
  facet normal 0 0 0
    outer loop
   vertex -9.085 14.785 1.036
   vertex -9.085 14.615 1.111
   vertex -9.085 14.615 1.036
  endloop
 endfacet
  facet normal 0 0 0
    outer loop
   vertex -9.085 14.865 0.936
   vertex -9.085 14.615 1.036
   vertex -9.085 14.535 0.936
  endloop
 endfacet
  facet normal 0 0 0
    outer loop
   vertex -9.085 14.535 0.936
   vertex -9.085 14.615 1.036
   vertex -9.085 14.535 1.036
  endloop
 endfacet
  facet normal 0 0 0
    outer loop
   vertex 36.785 12.925 0.936
   vertex 36.785 12.925 1.036
   vertex 36.615 12.925 1.036
  endloop
 endfacet
  facet normal 0 0 0
    outer loop
   vertex 36.785 12.925 0.936
   vertex 36.615 12.925 1.036
   vertex 36.615 12.925 0.936
  endloop
 endfacet
  facet normal 0 0 0
    outer loop
   vertex 24.285 12.925 0.936
   vertex 24.285 12.925 1.036
   vertex 24.115 12.925 1.036
  endloop
 endfacet
  facet normal 0 0 0
    outer loop
   vertex 24.285 12.925 0.936
   vertex 24.115 12.925 1.036
   vertex 24.115 12.925 0.936
  endloop
 endfacet
  facet normal 0 0 0
    outer loop
   vertex -7.405 14.535 0.936
   vertex -7.405 14.535 1.036
   vertex -7.405 14.615 1.036
  endloop
 endfacet
  facet normal 0 0 0
    outer loop
   vertex -7.405 14.615 1.036
   vertex -7.405 14.615 1.111
   vertex -7.405 14.785 1.111
  endloop
 endfacet
  facet normal 0 0 0
    outer loop
   vertex -7.405 14.535 0.936
   vertex -7.405 14.615 1.036
   vertex -7.405 14.785 1.036
  endloop
 endfacet
  facet normal 0 0 0
    outer loop
   vertex -7.405 14.615 1.036
   vertex -7.405 14.785 1.111
   vertex -7.405 14.785 1.036
  endloop
 endfacet
  facet normal 0 0 0
    outer loop
   vertex -7.405 14.535 0.936
   vertex -7.405 14.785 1.036
   vertex -7.405 14.865 0.936
  endloop
 endfacet
  facet normal 0 0 0
    outer loop
   vertex -7.405 14.865 0.936
   vertex -7.405 14.785 1.036
   vertex -7.405 14.865 1.036
  endloop
 endfacet
  facet normal 0 0 0
    outer loop
   vertex -7.235 14.865 0.936
   vertex -7.235 14.865 1.036
   vertex -7.235 14.785 1.036
  endloop
 endfacet
  facet normal 0 0 0
    outer loop
   vertex -7.235 14.785 1.036
   vertex -7.235 14.785 1.111
   vertex -7.235 14.615 1.111
  endloop
 endfacet
  facet normal 0 0 0
    outer loop
   vertex -7.235 14.865 0.936
   vertex -7.235 14.785 1.036
   vertex -7.235 14.615 1.036
  endloop
 endfacet
  facet normal 0 0 0
    outer loop
   vertex -7.235 14.785 1.036
   vertex -7.235 14.615 1.111
   vertex -7.235 14.615 1.036
  endloop
 endfacet
  facet normal 0 0 0
    outer loop
   vertex -7.235 14.865 0.936
   vertex -7.235 14.615 1.036
   vertex -7.235 14.535 0.936
  endloop
 endfacet
  facet normal 0 0 0
    outer loop
   vertex -7.235 14.535 0.936
   vertex -7.235 14.615 1.036
   vertex -7.235 14.535 1.036
  endloop
 endfacet
  facet normal 0 0 0
    outer loop
   vertex -6.455 14.535 0.936
   vertex -6.455 14.535 1.036
   vertex -6.455 14.615 1.036
  endloop
 endfacet
  facet normal 0 0 0
    outer loop
   vertex -6.455 14.615 1.036
   vertex -6.455 14.615 1.111
   vertex -6.455 14.785 1.111
  endloop
 endfacet
  facet normal 0 0 0
    outer loop
   vertex -6.455 14.535 0.936
   vertex -6.455 14.615 1.036
   vertex -6.455 14.785 1.036
  endloop
 endfacet
  facet normal 0 0 0
    outer loop
   vertex -6.455 14.615 1.036
   vertex -6.455 14.785 1.111
   vertex -6.455 14.785 1.036
  endloop
 endfacet
  facet normal 0 0 0
    outer loop
   vertex -6.455 14.535 0.936
   vertex -6.455 14.785 1.036
   vertex -6.455 14.865 0.936
  endloop
 endfacet
  facet normal 0 0 0
    outer loop
   vertex -6.455 14.865 0.936
   vertex -6.455 14.785 1.036
   vertex -6.455 14.865 1.036
  endloop
 endfacet
  facet normal 0 0 0
    outer loop
   vertex -6.285 14.865 0.936
   vertex -6.285 14.865 1.036
   vertex -6.285 14.785 1.036
  endloop
 endfacet
  facet normal 0 0 0
    outer loop
   vertex -6.285 14.785 1.036
   vertex -6.285 14.785 1.111
   vertex -6.285 14.615 1.111
  endloop
 endfacet
  facet normal 0 0 0
    outer loop
   vertex -6.285 14.865 0.936
   vertex -6.285 14.785 1.036
   vertex -6.285 14.615 1.036
  endloop
 endfacet
  facet normal 0 0 0
    outer loop
   vertex -6.285 14.785 1.036
   vertex -6.285 14.615 1.111
   vertex -6.285 14.615 1.036
  endloop
 endfacet
  facet normal 0 0 0
    outer loop
   vertex -6.285 14.865 0.936
   vertex -6.285 14.615 1.036
   vertex -6.285 14.535 0.936
  endloop
 endfacet
  facet normal 0 0 0
    outer loop
   vertex -6.285 14.535 0.936
   vertex -6.285 14.615 1.036
   vertex -6.285 14.535 1.036
  endloop
 endfacet
  facet normal 0 0 0
    outer loop
   vertex -4.605 14.535 0.936
   vertex -4.605 14.535 1.036
   vertex -4.605 14.615 1.036
  endloop
 endfacet
  facet normal 0 0 0
    outer loop
   vertex -4.605 14.615 1.036
   vertex -4.605 14.615 1.111
   vertex -4.605 14.785 1.111
  endloop
 endfacet
  facet normal 0 0 0
    outer loop
   vertex -4.605 14.535 0.936
   vertex -4.605 14.615 1.036
   vertex -4.605 14.785 1.036
  endloop
 endfacet
  facet normal 0 0 0
    outer loop
   vertex -4.605 14.615 1.036
   vertex -4.605 14.785 1.111
   vertex -4.605 14.785 1.036
  endloop
 endfacet
  facet normal 0 0 0
    outer loop
   vertex -4.605 14.535 0.936
   vertex -4.605 14.785 1.036
   vertex -4.605 14.865 0.936
  endloop
 endfacet
  facet normal 0 0 0
    outer loop
   vertex -4.605 14.865 0.936
   vertex -4.605 14.785 1.036
   vertex -4.605 14.865 1.036
  endloop
 endfacet
  facet normal 0 0 0
    outer loop
   vertex -4.435 14.865 0.936
   vertex -4.435 14.865 1.036
   vertex -4.435 14.785 1.036
  endloop
 endfacet
  facet normal 0 0 0
    outer loop
   vertex -4.435 14.785 1.036
   vertex -4.435 14.785 1.111
   vertex -4.435 14.615 1.111
  endloop
 endfacet
  facet normal 0 0 0
    outer loop
   vertex -4.435 14.865 0.936
   vertex -4.435 14.785 1.036
   vertex -4.435 14.615 1.036
  endloop
 endfacet
  facet normal 0 0 0
    outer loop
   vertex -4.435 14.785 1.036
   vertex -4.435 14.615 1.111
   vertex -4.435 14.615 1.036
  endloop
 endfacet
  facet normal 0 0 0
    outer loop
   vertex -4.435 14.865 0.936
   vertex -4.435 14.615 1.036
   vertex -4.435 14.535 0.936
  endloop
 endfacet
  facet normal 0 0 0
    outer loop
   vertex -4.435 14.535 0.936
   vertex -4.435 14.615 1.036
   vertex -4.435 14.535 1.036
  endloop
 endfacet
  facet normal 0 0 0
    outer loop
   vertex 24.115 16.135 0.936
   vertex 24.115 16.135 1.036
   vertex 24.285 16.135 1.036
  endloop
 endfacet
  facet normal 0 0 0
    outer loop
   vertex 24.115 16.135 0.936
   vertex 24.285 16.135 1.036
   vertex 24.285 16.135 0.936
  endloop
 endfacet
  facet normal 0 0 0
    outer loop
   vertex 36.615 16.135 0.936
   vertex 36.615 16.135 1.036
   vertex 36.785 16.135 1.036
  endloop
 endfacet
  facet normal 0 0 0
    outer loop
   vertex 36.615 16.135 0.936
   vertex 36.785 16.135 1.036
   vertex 36.785 16.135 0.936
  endloop
 endfacet
  facet normal 0 0 0
    outer loop
   vertex 24.115 12.925 0.936
   vertex 24.115 12.925 1.036
   vertex 24.115 13.005 1.036
  endloop
 endfacet
  facet normal 0 0 0
    outer loop
   vertex 24.115 13.005 1.036
   vertex 24.115 13.005 1.111
   vertex 24.115 13.175 1.111
  endloop
 endfacet
  facet normal 0 0 0
    outer loop
   vertex 24.115 12.925 0.936
   vertex 24.115 13.005 1.036
   vertex 24.115 13.175 1.036
  endloop
 endfacet
  facet normal 0 0 0
    outer loop
   vertex 24.115 13.005 1.036
   vertex 24.115 13.175 1.111
   vertex 24.115 13.175 1.036
  endloop
 endfacet
  facet normal 0 0 0
    outer loop
   vertex 24.115 13.365 1.036
   vertex 24.115 13.365 1.111
   vertex 24.115 13.535 1.111
  endloop
 endfacet
  facet normal 0 0 0
    outer loop
   vertex 24.115 13.365 1.036
   vertex 24.115 13.535 1.111
   vertex 24.115 13.535 1.036
  endloop
 endfacet
  facet normal 0 0 0
    outer loop
   vertex 24.115 13.725 1.036
   vertex 24.115 13.725 1.111
   vertex 24.115 13.895 1.111
  endloop
 endfacet
  facet normal 0 0 0
    outer loop
   vertex 24.115 13.725 1.036
   vertex 24.115 13.895 1.111
   vertex 24.115 13.895 1.036
  endloop
 endfacet
  facet normal 0 0 0
    outer loop
   vertex 24.115 14.085 1.036
   vertex 24.115 14.085 1.111
   vertex 24.115 14.255 1.111
  endloop
 endfacet
  facet normal 0 0 0
    outer loop
   vertex 24.115 14.085 1.036
   vertex 24.115 14.255 1.111
   vertex 24.115 14.255 1.036
  endloop
 endfacet
  facet normal 0 0 0
    outer loop
   vertex 24.115 14.445 1.036
   vertex 24.115 14.445 1.111
   vertex 24.115 14.615 1.111
  endloop
 endfacet
  facet normal 0 0 0
    outer loop
   vertex 24.115 14.445 1.036
   vertex 24.115 14.615 1.111
   vertex 24.115 14.615 1.036
  endloop
 endfacet
  facet normal 0 0 0
    outer loop
   vertex 24.115 14.805 1.036
   vertex 24.115 14.805 1.111
   vertex 24.115 14.975 1.111
  endloop
 endfacet
  facet normal 0 0 0
    outer loop
   vertex 24.115 14.805 1.036
   vertex 24.115 14.975 1.111
   vertex 24.115 14.975 1.036
  endloop
 endfacet
  facet normal 0 0 0
    outer loop
   vertex 24.115 15.165 1.036
   vertex 24.115 15.165 1.111
   vertex 24.115 15.335 1.111
  endloop
 endfacet
  facet normal 0 0 0
    outer loop
   vertex 24.115 15.165 1.036
   vertex 24.115 15.335 1.111
   vertex 24.115 15.335 1.036
  endloop
 endfacet
  facet normal 0 0 0
    outer loop
   vertex 24.115 15.525 1.036
   vertex 24.115 15.525 1.111
   vertex 24.115 15.695 1.111
  endloop
 endfacet
  facet normal 0 0 0
    outer loop
   vertex 24.115 15.525 1.036
   vertex 24.115 15.695 1.111
   vertex 24.115 15.695 1.036
  endloop
 endfacet
  facet normal 0 0 0
    outer loop
   vertex 24.115 15.885 1.036
   vertex 24.115 15.885 1.111
   vertex 24.115 16.055 1.111
  endloop
 endfacet
  facet normal 0 0 0
    outer loop
   vertex 24.115 15.885 1.036
   vertex 24.115 16.055 1.111
   vertex 24.115 16.055 1.036
  endloop
 endfacet
  facet normal 0 0 0
    outer loop
   vertex 24.115 16.135 0.936
   vertex 24.115 16.055 1.036
   vertex 24.115 16.135 1.036
  endloop
 endfacet
  facet normal 0 0 0
    outer loop
   vertex 24.115 16.135 0.936
   vertex 24.115 15.885 1.036
   vertex 24.115 16.055 1.036
  endloop
 endfacet
  facet normal 0 0 0
    outer loop
   vertex 24.115 14.53 0.936
   vertex 24.115 14.445 1.036
   vertex 24.115 14.615 1.036
  endloop
 endfacet
  facet normal 0 0 0
    outer loop
   vertex 24.115 14.53 0.936
   vertex 24.115 14.615 1.036
   vertex 24.115 14.805 1.036
  endloop
 endfacet
  facet normal 0 0 0
    outer loop
   vertex 24.115 14.53 0.936
   vertex 24.115 14.255 1.036
   vertex 24.115 14.445 1.036
  endloop
 endfacet
  facet normal 0 0 0
    outer loop
   vertex 24.115 13.728 0.936
   vertex 24.115 13.535 1.036
   vertex 24.115 13.725 1.036
  endloop
 endfacet
  facet normal 0 0 0
    outer loop
   vertex 24.115 13.728 0.936
   vertex 24.115 13.725 1.036
   vertex 24.115 13.895 1.036
  endloop
 endfacet
  facet normal 0 0 0
    outer loop
   vertex 24.115 15.333 0.936
   vertex 24.115 15.335 1.036
   vertex 24.115 15.525 1.036
  endloop
 endfacet
  facet normal 0 0 0
    outer loop
   vertex 24.115 15.333 0.936
   vertex 24.115 15.165 1.036
   vertex 24.115 15.335 1.036
  endloop
 endfacet
  facet normal 0 0 0
    outer loop
   vertex 24.115 14.931 0.936
   vertex 24.115 14.805 1.036
   vertex 24.115 14.975 1.036
  endloop
 endfacet
  facet normal 0 0 0
    outer loop
   vertex 24.115 14.53 0.936
   vertex 24.115 14.805 1.036
   vertex 24.115 14.931 0.936
  endloop
 endfacet
  facet normal 0 0 0
    outer loop
   vertex 24.115 14.931 0.936
   vertex 24.115 15.165 1.036
   vertex 24.115 15.333 0.936
  endloop
 endfacet
  facet normal 0 0 0
    outer loop
   vertex 24.115 14.931 0.936
   vertex 24.115 14.975 1.036
   vertex 24.115 15.165 1.036
  endloop
 endfacet
  facet normal 0 0 0
    outer loop
   vertex 24.115 14.129 0.936
   vertex 24.115 14.085 1.036
   vertex 24.115 14.255 1.036
  endloop
 endfacet
  facet normal 0 0 0
    outer loop
   vertex 24.115 14.129 0.936
   vertex 24.115 14.255 1.036
   vertex 24.115 14.53 0.936
  endloop
 endfacet
  facet normal 0 0 0
    outer loop
   vertex 24.115 14.129 0.936
   vertex 24.115 13.895 1.036
   vertex 24.115 14.085 1.036
  endloop
 endfacet
  facet normal 0 0 0
    outer loop
   vertex 24.115 13.728 0.936
   vertex 24.115 13.895 1.036
   vertex 24.115 14.129 0.936
  endloop
 endfacet
  facet normal 0 0 0
    outer loop
   vertex 24.115 12.925 0.936
   vertex 24.115 13.175 1.036
   vertex 24.115 13.326 0.936
  endloop
 endfacet
  facet normal 0 0 0
    outer loop
   vertex 24.115 13.326 0.936
   vertex 24.115 13.175 1.036
   vertex 24.115 13.365 1.036
  endloop
 endfacet
  facet normal 0 0 0
    outer loop
   vertex 24.115 13.326 0.936
   vertex 24.115 13.365 1.036
   vertex 24.115 13.535 1.036
  endloop
 endfacet
  facet normal 0 0 0
    outer loop
   vertex 24.115 13.326 0.936
   vertex 24.115 13.535 1.036
   vertex 24.115 13.728 0.936
  endloop
 endfacet
  facet normal 0 0 0
    outer loop
   vertex 24.115 15.734 0.936
   vertex 24.115 15.695 1.036
   vertex 24.115 15.885 1.036
  endloop
 endfacet
  facet normal 0 0 0
    outer loop
   vertex 24.115 15.734 0.936
   vertex 24.115 15.885 1.036
   vertex 24.115 16.135 0.936
  endloop
 endfacet
  facet normal 0 0 0
    outer loop
   vertex 24.115 15.734 0.936
   vertex 24.115 15.525 1.036
   vertex 24.115 15.695 1.036
  endloop
 endfacet
  facet normal 0 0 0
    outer loop
   vertex 24.115 15.333 0.936
   vertex 24.115 15.525 1.036
   vertex 24.115 15.734 0.936
  endloop
 endfacet
  facet normal 0 0 0
    outer loop
   vertex 24.285 16.135 0.936
   vertex 24.285 16.135 1.036
   vertex 24.285 16.055 1.036
  endloop
 endfacet
  facet normal 0 0 0
    outer loop
   vertex 24.285 16.055 1.036
   vertex 24.285 16.055 1.111
   vertex 24.285 15.885 1.111
  endloop
 endfacet
  facet normal 0 0 0
    outer loop
   vertex 24.285 16.135 0.936
   vertex 24.285 16.055 1.036
   vertex 24.285 15.885 1.036
  endloop
 endfacet
  facet normal 0 0 0
    outer loop
   vertex 24.285 16.055 1.036
   vertex 24.285 15.885 1.111
   vertex 24.285 15.885 1.036
  endloop
 endfacet
  facet normal 0 0 0
    outer loop
   vertex 24.285 15.695 1.036
   vertex 24.285 15.695 1.111
   vertex 24.285 15.525 1.111
  endloop
 endfacet
  facet normal 0 0 0
    outer loop
   vertex 24.285 15.695 1.036
   vertex 24.285 15.525 1.111
   vertex 24.285 15.525 1.036
  endloop
 endfacet
  facet normal 0 0 0
    outer loop
   vertex 24.285 15.335 1.036
   vertex 24.285 15.335 1.111
   vertex 24.285 15.165 1.111
  endloop
 endfacet
  facet normal 0 0 0
    outer loop
   vertex 24.285 15.335 1.036
   vertex 24.285 15.165 1.111
   vertex 24.285 15.165 1.036
  endloop
 endfacet
  facet normal 0 0 0
    outer loop
   vertex 24.285 14.975 1.036
   vertex 24.285 14.975 1.111
   vertex 24.285 14.805 1.111
  endloop
 endfacet
  facet normal 0 0 0
    outer loop
   vertex 24.285 14.975 1.036
   vertex 24.285 14.805 1.111
   vertex 24.285 14.805 1.036
  endloop
 endfacet
  facet normal 0 0 0
    outer loop
   vertex 24.285 14.615 1.036
   vertex 24.285 14.615 1.111
   vertex 24.285 14.445 1.111
  endloop
 endfacet
  facet normal 0 0 0
    outer loop
   vertex 24.285 14.615 1.036
   vertex 24.285 14.445 1.111
   vertex 24.285 14.445 1.036
  endloop
 endfacet
  facet normal 0 0 0
    outer loop
   vertex 24.285 14.255 1.036
   vertex 24.285 14.255 1.111
   vertex 24.285 14.085 1.111
  endloop
 endfacet
  facet normal 0 0 0
    outer loop
   vertex 24.285 14.255 1.036
   vertex 24.285 14.085 1.111
   vertex 24.285 14.085 1.036
  endloop
 endfacet
  facet normal 0 0 0
    outer loop
   vertex 24.285 13.895 1.036
   vertex 24.285 13.895 1.111
   vertex 24.285 13.725 1.111
  endloop
 endfacet
  facet normal 0 0 0
    outer loop
   vertex 24.285 13.895 1.036
   vertex 24.285 13.725 1.111
   vertex 24.285 13.725 1.036
  endloop
 endfacet
  facet normal 0 0 0
    outer loop
   vertex 24.285 13.535 1.036
   vertex 24.285 13.535 1.111
   vertex 24.285 13.365 1.111
  endloop
 endfacet
  facet normal 0 0 0
    outer loop
   vertex 24.285 13.535 1.036
   vertex 24.285 13.365 1.111
   vertex 24.285 13.365 1.036
  endloop
 endfacet
  facet normal 0 0 0
    outer loop
   vertex 24.285 13.175 1.036
   vertex 24.285 13.175 1.111
   vertex 24.285 13.005 1.111
  endloop
 endfacet
  facet normal 0 0 0
    outer loop
   vertex 24.285 13.175 1.036
   vertex 24.285 13.005 1.111
   vertex 24.285 13.005 1.036
  endloop
 endfacet
  facet normal 0 0 0
    outer loop
   vertex 24.285 12.925 0.936
   vertex 24.285 13.005 1.036
   vertex 24.285 12.925 1.036
  endloop
 endfacet
  facet normal 0 0 0
    outer loop
   vertex 24.285 12.925 0.936
   vertex 24.285 13.175 1.036
   vertex 24.285 13.005 1.036
  endloop
 endfacet
  facet normal 0 0 0
    outer loop
   vertex 24.285 14.53 0.936
   vertex 24.285 14.615 1.036
   vertex 24.285 14.445 1.036
  endloop
 endfacet
  facet normal 0 0 0
    outer loop
   vertex 24.285 14.53 0.936
   vertex 24.285 14.445 1.036
   vertex 24.285 14.255 1.036
  endloop
 endfacet
  facet normal 0 0 0
    outer loop
   vertex 24.285 14.53 0.936
   vertex 24.285 14.805 1.036
   vertex 24.285 14.615 1.036
  endloop
 endfacet
  facet normal 0 0 0
    outer loop
   vertex 24.285 15.333 0.936
   vertex 24.285 15.525 1.036
   vertex 24.285 15.335 1.036
  endloop
 endfacet
  facet normal 0 0 0
    outer loop
   vertex 24.285 15.333 0.936
   vertex 24.285 15.335 1.036
   vertex 24.285 15.165 1.036
  endloop
 endfacet
  facet normal 0 0 0
    outer loop
   vertex 24.285 13.728 0.936
   vertex 24.285 13.725 1.036
   vertex 24.285 13.535 1.036
  endloop
 endfacet
  facet normal 0 0 0
    outer loop
   vertex 24.285 13.728 0.936
   vertex 24.285 13.895 1.036
   vertex 24.285 13.725 1.036
  endloop
 endfacet
  facet normal 0 0 0
    outer loop
   vertex 24.285 14.129 0.936
   vertex 24.285 14.255 1.036
   vertex 24.285 14.085 1.036
  endloop
 endfacet
  facet normal 0 0 0
    outer loop
   vertex 24.285 14.53 0.936
   vertex 24.285 14.255 1.036
   vertex 24.285 14.129 0.936
  endloop
 endfacet
  facet normal 0 0 0
    outer loop
   vertex 24.285 14.129 0.936
   vertex 24.285 13.895 1.036
   vertex 24.285 13.728 0.936
  endloop
 endfacet
  facet normal 0 0 0
    outer loop
   vertex 24.285 14.129 0.936
   vertex 24.285 14.085 1.036
   vertex 24.285 13.895 1.036
  endloop
 endfacet
  facet normal 0 0 0
    outer loop
   vertex 24.285 14.931 0.936
   vertex 24.285 14.975 1.036
   vertex 24.285 14.805 1.036
  endloop
 endfacet
  facet normal 0 0 0
    outer loop
   vertex 24.285 14.931 0.936
   vertex 24.285 14.805 1.036
   vertex 24.285 14.53 0.936
  endloop
 endfacet
  facet normal 0 0 0
    outer loop
   vertex 24.285 14.931 0.936
   vertex 24.285 15.165 1.036
   vertex 24.285 14.975 1.036
  endloop
 endfacet
  facet normal 0 0 0
    outer loop
   vertex 24.285 15.333 0.936
   vertex 24.285 15.165 1.036
   vertex 24.285 14.931 0.936
  endloop
 endfacet
  facet normal 0 0 0
    outer loop
   vertex 24.285 16.135 0.936
   vertex 24.285 15.885 1.036
   vertex 24.285 15.734 0.936
  endloop
 endfacet
  facet normal 0 0 0
    outer loop
   vertex 24.285 15.734 0.936
   vertex 24.285 15.885 1.036
   vertex 24.285 15.695 1.036
  endloop
 endfacet
  facet normal 0 0 0
    outer loop
   vertex 24.285 15.734 0.936
   vertex 24.285 15.695 1.036
   vertex 24.285 15.525 1.036
  endloop
 endfacet
  facet normal 0 0 0
    outer loop
   vertex 24.285 15.734 0.936
   vertex 24.285 15.525 1.036
   vertex 24.285 15.333 0.936
  endloop
 endfacet
  facet normal 0 0 0
    outer loop
   vertex 24.285 13.326 0.936
   vertex 24.285 13.365 1.036
   vertex 24.285 13.175 1.036
  endloop
 endfacet
  facet normal 0 0 0
    outer loop
   vertex 24.285 13.326 0.936
   vertex 24.285 13.175 1.036
   vertex 24.285 12.925 0.936
  endloop
 endfacet
  facet normal 0 0 0
    outer loop
   vertex 24.285 13.326 0.936
   vertex 24.285 13.535 1.036
   vertex 24.285 13.365 1.036
  endloop
 endfacet
  facet normal 0 0 0
    outer loop
   vertex 24.285 13.728 0.936
   vertex 24.285 13.535 1.036
   vertex 24.285 13.326 0.936
  endloop
 endfacet
  facet normal 0 0 0
    outer loop
   vertex 36.615 12.925 0.936
   vertex 36.615 12.925 1.036
   vertex 36.615 13.005 1.036
  endloop
 endfacet
  facet normal 0 0 0
    outer loop
   vertex 36.615 13.005 1.036
   vertex 36.615 13.005 1.111
   vertex 36.615 13.175 1.111
  endloop
 endfacet
  facet normal 0 0 0
    outer loop
   vertex 36.615 12.925 0.936
   vertex 36.615 13.005 1.036
   vertex 36.615 13.175 1.036
  endloop
 endfacet
  facet normal 0 0 0
    outer loop
   vertex 36.615 13.005 1.036
   vertex 36.615 13.175 1.111
   vertex 36.615 13.175 1.036
  endloop
 endfacet
  facet normal 0 0 0
    outer loop
   vertex 36.615 13.365 1.036
   vertex 36.615 13.365 1.111
   vertex 36.615 13.535 1.111
  endloop
 endfacet
  facet normal 0 0 0
    outer loop
   vertex 36.615 13.365 1.036
   vertex 36.615 13.535 1.111
   vertex 36.615 13.535 1.036
  endloop
 endfacet
  facet normal 0 0 0
    outer loop
   vertex 36.615 13.725 1.036
   vertex 36.615 13.725 1.111
   vertex 36.615 13.895 1.111
  endloop
 endfacet
  facet normal 0 0 0
    outer loop
   vertex 36.615 13.725 1.036
   vertex 36.615 13.895 1.111
   vertex 36.615 13.895 1.036
  endloop
 endfacet
  facet normal 0 0 0
    outer loop
   vertex 36.615 14.085 1.036
   vertex 36.615 14.085 1.111
   vertex 36.615 14.255 1.111
  endloop
 endfacet
  facet normal 0 0 0
    outer loop
   vertex 36.615 14.085 1.036
   vertex 36.615 14.255 1.111
   vertex 36.615 14.255 1.036
  endloop
 endfacet
  facet normal 0 0 0
    outer loop
   vertex 36.615 14.445 1.036
   vertex 36.615 14.445 1.111
   vertex 36.615 14.615 1.111
  endloop
 endfacet
  facet normal 0 0 0
    outer loop
   vertex 36.615 14.445 1.036
   vertex 36.615 14.615 1.111
   vertex 36.615 14.615 1.036
  endloop
 endfacet
  facet normal 0 0 0
    outer loop
   vertex 36.615 14.805 1.036
   vertex 36.615 14.805 1.111
   vertex 36.615 14.975 1.111
  endloop
 endfacet
  facet normal 0 0 0
    outer loop
   vertex 36.615 14.805 1.036
   vertex 36.615 14.975 1.111
   vertex 36.615 14.975 1.036
  endloop
 endfacet
  facet normal 0 0 0
    outer loop
   vertex 36.615 15.165 1.036
   vertex 36.615 15.165 1.111
   vertex 36.615 15.335 1.111
  endloop
 endfacet
  facet normal 0 0 0
    outer loop
   vertex 36.615 15.165 1.036
   vertex 36.615 15.335 1.111
   vertex 36.615 15.335 1.036
  endloop
 endfacet
  facet normal 0 0 0
    outer loop
   vertex 36.615 15.525 1.036
   vertex 36.615 15.525 1.111
   vertex 36.615 15.695 1.111
  endloop
 endfacet
  facet normal 0 0 0
    outer loop
   vertex 36.615 15.525 1.036
   vertex 36.615 15.695 1.111
   vertex 36.615 15.695 1.036
  endloop
 endfacet
  facet normal 0 0 0
    outer loop
   vertex 36.615 15.885 1.036
   vertex 36.615 15.885 1.111
   vertex 36.615 16.055 1.111
  endloop
 endfacet
  facet normal 0 0 0
    outer loop
   vertex 36.615 15.885 1.036
   vertex 36.615 16.055 1.111
   vertex 36.615 16.055 1.036
  endloop
 endfacet
  facet normal 0 0 0
    outer loop
   vertex 36.615 16.135 0.936
   vertex 36.615 16.055 1.036
   vertex 36.615 16.135 1.036
  endloop
 endfacet
  facet normal 0 0 0
    outer loop
   vertex 36.615 16.135 0.936
   vertex 36.615 15.885 1.036
   vertex 36.615 16.055 1.036
  endloop
 endfacet
  facet normal 0 0 0
    outer loop
   vertex 36.615 14.53 0.936
   vertex 36.615 14.445 1.036
   vertex 36.615 14.615 1.036
  endloop
 endfacet
  facet normal 0 0 0
    outer loop
   vertex 36.615 14.53 0.936
   vertex 36.615 14.615 1.036
   vertex 36.615 14.805 1.036
  endloop
 endfacet
  facet normal 0 0 0
    outer loop
   vertex 36.615 14.53 0.936
   vertex 36.615 14.255 1.036
   vertex 36.615 14.445 1.036
  endloop
 endfacet
  facet normal 0 0 0
    outer loop
   vertex 36.615 13.728 0.936
   vertex 36.615 13.535 1.036
   vertex 36.615 13.725 1.036
  endloop
 endfacet
  facet normal 0 0 0
    outer loop
   vertex 36.615 13.728 0.936
   vertex 36.615 13.725 1.036
   vertex 36.615 13.895 1.036
  endloop
 endfacet
  facet normal 0 0 0
    outer loop
   vertex 36.615 15.333 0.936
   vertex 36.615 15.335 1.036
   vertex 36.615 15.525 1.036
  endloop
 endfacet
  facet normal 0 0 0
    outer loop
   vertex 36.615 15.333 0.936
   vertex 36.615 15.165 1.036
   vertex 36.615 15.335 1.036
  endloop
 endfacet
  facet normal 0 0 0
    outer loop
   vertex 36.615 14.931 0.936
   vertex 36.615 14.805 1.036
   vertex 36.615 14.975 1.036
  endloop
 endfacet
  facet normal 0 0 0
    outer loop
   vertex 36.615 14.53 0.936
   vertex 36.615 14.805 1.036
   vertex 36.615 14.931 0.936
  endloop
 endfacet
  facet normal 0 0 0
    outer loop
   vertex 36.615 14.931 0.936
   vertex 36.615 15.165 1.036
   vertex 36.615 15.333 0.936
  endloop
 endfacet
  facet normal 0 0 0
    outer loop
   vertex 36.615 14.931 0.936
   vertex 36.615 14.975 1.036
   vertex 36.615 15.165 1.036
  endloop
 endfacet
  facet normal 0 0 0
    outer loop
   vertex 36.615 14.129 0.936
   vertex 36.615 14.085 1.036
   vertex 36.615 14.255 1.036
  endloop
 endfacet
  facet normal 0 0 0
    outer loop
   vertex 36.615 14.129 0.936
   vertex 36.615 14.255 1.036
   vertex 36.615 14.53 0.936
  endloop
 endfacet
  facet normal 0 0 0
    outer loop
   vertex 36.615 14.129 0.936
   vertex 36.615 13.895 1.036
   vertex 36.615 14.085 1.036
  endloop
 endfacet
  facet normal 0 0 0
    outer loop
   vertex 36.615 13.728 0.936
   vertex 36.615 13.895 1.036
   vertex 36.615 14.129 0.936
  endloop
 endfacet
  facet normal 0 0 0
    outer loop
   vertex 36.615 12.925 0.936
   vertex 36.615 13.175 1.036
   vertex 36.615 13.326 0.936
  endloop
 endfacet
  facet normal 0 0 0
    outer loop
   vertex 36.615 13.326 0.936
   vertex 36.615 13.175 1.036
   vertex 36.615 13.365 1.036
  endloop
 endfacet
  facet normal 0 0 0
    outer loop
   vertex 36.615 13.326 0.936
   vertex 36.615 13.365 1.036
   vertex 36.615 13.535 1.036
  endloop
 endfacet
  facet normal 0 0 0
    outer loop
   vertex 36.615 13.326 0.936
   vertex 36.615 13.535 1.036
   vertex 36.615 13.728 0.936
  endloop
 endfacet
  facet normal 0 0 0
    outer loop
   vertex 36.615 15.734 0.936
   vertex 36.615 15.695 1.036
   vertex 36.615 15.885 1.036
  endloop
 endfacet
  facet normal 0 0 0
    outer loop
   vertex 36.615 15.734 0.936
   vertex 36.615 15.885 1.036
   vertex 36.615 16.135 0.936
  endloop
 endfacet
  facet normal 0 0 0
    outer loop
   vertex 36.615 15.734 0.936
   vertex 36.615 15.525 1.036
   vertex 36.615 15.695 1.036
  endloop
 endfacet
  facet normal 0 0 0
    outer loop
   vertex 36.615 15.333 0.936
   vertex 36.615 15.525 1.036
   vertex 36.615 15.734 0.936
  endloop
 endfacet
  facet normal 0 0 0
    outer loop
   vertex 36.785 16.135 0.936
   vertex 36.785 16.135 1.036
   vertex 36.785 16.055 1.036
  endloop
 endfacet
  facet normal 0 0 0
    outer loop
   vertex 36.785 16.055 1.036
   vertex 36.785 16.055 1.111
   vertex 36.785 15.885 1.111
  endloop
 endfacet
  facet normal 0 0 0
    outer loop
   vertex 36.785 16.135 0.936
   vertex 36.785 16.055 1.036
   vertex 36.785 15.885 1.036
  endloop
 endfacet
  facet normal 0 0 0
    outer loop
   vertex 36.785 16.055 1.036
   vertex 36.785 15.885 1.111
   vertex 36.785 15.885 1.036
  endloop
 endfacet
  facet normal 0 0 0
    outer loop
   vertex 36.785 15.695 1.036
   vertex 36.785 15.695 1.111
   vertex 36.785 15.525 1.111
  endloop
 endfacet
  facet normal 0 0 0
    outer loop
   vertex 36.785 15.695 1.036
   vertex 36.785 15.525 1.111
   vertex 36.785 15.525 1.036
  endloop
 endfacet
  facet normal 0 0 0
    outer loop
   vertex 36.785 15.335 1.036
   vertex 36.785 15.335 1.111
   vertex 36.785 15.165 1.111
  endloop
 endfacet
  facet normal 0 0 0
    outer loop
   vertex 36.785 15.335 1.036
   vertex 36.785 15.165 1.111
   vertex 36.785 15.165 1.036
  endloop
 endfacet
  facet normal 0 0 0
    outer loop
   vertex 36.785 14.975 1.036
   vertex 36.785 14.975 1.111
   vertex 36.785 14.805 1.111
  endloop
 endfacet
  facet normal 0 0 0
    outer loop
   vertex 36.785 14.975 1.036
   vertex 36.785 14.805 1.111
   vertex 36.785 14.805 1.036
  endloop
 endfacet
  facet normal 0 0 0
    outer loop
   vertex 36.785 14.615 1.036
   vertex 36.785 14.615 1.111
   vertex 36.785 14.445 1.111
  endloop
 endfacet
  facet normal 0 0 0
    outer loop
   vertex 36.785 14.615 1.036
   vertex 36.785 14.445 1.111
   vertex 36.785 14.445 1.036
  endloop
 endfacet
  facet normal 0 0 0
    outer loop
   vertex 36.785 14.255 1.036
   vertex 36.785 14.255 1.111
   vertex 36.785 14.085 1.111
  endloop
 endfacet
  facet normal 0 0 0
    outer loop
   vertex 36.785 14.255 1.036
   vertex 36.785 14.085 1.111
   vertex 36.785 14.085 1.036
  endloop
 endfacet
  facet normal 0 0 0
    outer loop
   vertex 36.785 13.895 1.036
   vertex 36.785 13.895 1.111
   vertex 36.785 13.725 1.111
  endloop
 endfacet
  facet normal 0 0 0
    outer loop
   vertex 36.785 13.895 1.036
   vertex 36.785 13.725 1.111
   vertex 36.785 13.725 1.036
  endloop
 endfacet
  facet normal 0 0 0
    outer loop
   vertex 36.785 13.535 1.036
   vertex 36.785 13.535 1.111
   vertex 36.785 13.365 1.111
  endloop
 endfacet
  facet normal 0 0 0
    outer loop
   vertex 36.785 13.535 1.036
   vertex 36.785 13.365 1.111
   vertex 36.785 13.365 1.036
  endloop
 endfacet
  facet normal 0 0 0
    outer loop
   vertex 36.785 13.175 1.036
   vertex 36.785 13.175 1.111
   vertex 36.785 13.005 1.111
  endloop
 endfacet
  facet normal 0 0 0
    outer loop
   vertex 36.785 13.175 1.036
   vertex 36.785 13.005 1.111
   vertex 36.785 13.005 1.036
  endloop
 endfacet
  facet normal 0 0 0
    outer loop
   vertex 36.785 12.925 0.936
   vertex 36.785 13.005 1.036
   vertex 36.785 12.925 1.036
  endloop
 endfacet
  facet normal 0 0 0
    outer loop
   vertex 36.785 12.925 0.936
   vertex 36.785 13.175 1.036
   vertex 36.785 13.005 1.036
  endloop
 endfacet
  facet normal 0 0 0
    outer loop
   vertex 36.785 14.53 0.936
   vertex 36.785 14.615 1.036
   vertex 36.785 14.445 1.036
  endloop
 endfacet
  facet normal 0 0 0
    outer loop
   vertex 36.785 14.53 0.936
   vertex 36.785 14.445 1.036
   vertex 36.785 14.255 1.036
  endloop
 endfacet
  facet normal 0 0 0
    outer loop
   vertex 36.785 14.53 0.936
   vertex 36.785 14.805 1.036
   vertex 36.785 14.615 1.036
  endloop
 endfacet
  facet normal 0 0 0
    outer loop
   vertex 36.785 15.333 0.936
   vertex 36.785 15.525 1.036
   vertex 36.785 15.335 1.036
  endloop
 endfacet
  facet normal 0 0 0
    outer loop
   vertex 36.785 15.333 0.936
   vertex 36.785 15.335 1.036
   vertex 36.785 15.165 1.036
  endloop
 endfacet
  facet normal 0 0 0
    outer loop
   vertex 36.785 13.728 0.936
   vertex 36.785 13.725 1.036
   vertex 36.785 13.535 1.036
  endloop
 endfacet
  facet normal 0 0 0
    outer loop
   vertex 36.785 13.728 0.936
   vertex 36.785 13.895 1.036
   vertex 36.785 13.725 1.036
  endloop
 endfacet
  facet normal 0 0 0
    outer loop
   vertex 36.785 14.129 0.936
   vertex 36.785 14.255 1.036
   vertex 36.785 14.085 1.036
  endloop
 endfacet
  facet normal 0 0 0
    outer loop
   vertex 36.785 14.53 0.936
   vertex 36.785 14.255 1.036
   vertex 36.785 14.129 0.936
  endloop
 endfacet
  facet normal 0 0 0
    outer loop
   vertex 36.785 14.129 0.936
   vertex 36.785 13.895 1.036
   vertex 36.785 13.728 0.936
  endloop
 endfacet
  facet normal 0 0 0
    outer loop
   vertex 36.785 14.129 0.936
   vertex 36.785 14.085 1.036
   vertex 36.785 13.895 1.036
  endloop
 endfacet
  facet normal 0 0 0
    outer loop
   vertex 36.785 14.931 0.936
   vertex 36.785 14.975 1.036
   vertex 36.785 14.805 1.036
  endloop
 endfacet
  facet normal 0 0 0
    outer loop
   vertex 36.785 14.931 0.936
   vertex 36.785 14.805 1.036
   vertex 36.785 14.53 0.936
  endloop
 endfacet
  facet normal 0 0 0
    outer loop
   vertex 36.785 14.931 0.936
   vertex 36.785 15.165 1.036
   vertex 36.785 14.975 1.036
  endloop
 endfacet
  facet normal 0 0 0
    outer loop
   vertex 36.785 15.333 0.936
   vertex 36.785 15.165 1.036
   vertex 36.785 14.931 0.936
  endloop
 endfacet
  facet normal 0 0 0
    outer loop
   vertex 36.785 16.135 0.936
   vertex 36.785 15.885 1.036
   vertex 36.785 15.734 0.936
  endloop
 endfacet
  facet normal 0 0 0
    outer loop
   vertex 36.785 15.734 0.936
   vertex 36.785 15.885 1.036
   vertex 36.785 15.695 1.036
  endloop
 endfacet
  facet normal 0 0 0
    outer loop
   vertex 36.785 15.734 0.936
   vertex 36.785 15.695 1.036
   vertex 36.785 15.525 1.036
  endloop
 endfacet
  facet normal 0 0 0
    outer loop
   vertex 36.785 15.734 0.936
   vertex 36.785 15.525 1.036
   vertex 36.785 15.333 0.936
  endloop
 endfacet
  facet normal 0 0 0
    outer loop
   vertex 36.785 13.326 0.936
   vertex 36.785 13.365 1.036
   vertex 36.785 13.175 1.036
  endloop
 endfacet
  facet normal 0 0 0
    outer loop
   vertex 36.785 13.326 0.936
   vertex 36.785 13.175 1.036
   vertex 36.785 12.925 0.936
  endloop
 endfacet
  facet normal 0 0 0
    outer loop
   vertex 36.785 13.326 0.936
   vertex 36.785 13.535 1.036
   vertex 36.785 13.365 1.036
  endloop
 endfacet
  facet normal 0 0 0
    outer loop
   vertex 36.785 13.728 0.936
   vertex 36.785 13.535 1.036
   vertex 36.785 13.326 0.936
  endloop
 endfacet
  facet normal 0 0 0
    outer loop
   vertex 30.535 21.445 0.936
   vertex 30.535 21.445 1.036
   vertex 30.365 21.445 1.036
  endloop
 endfacet
  facet normal 0 0 0
    outer loop
   vertex 30.535 21.445 0.936
   vertex 30.365 21.445 1.036
   vertex 30.365 21.445 0.936
  endloop
 endfacet
  facet normal 0 0 0
    outer loop
   vertex 30.365 24.655 0.936
   vertex 30.365 24.655 1.036
   vertex 30.535 24.655 1.036
  endloop
 endfacet
  facet normal 0 0 0
    outer loop
   vertex 30.365 24.655 0.936
   vertex 30.535 24.655 1.036
   vertex 30.535 24.655 0.936
  endloop
 endfacet
  facet normal 0 0 0
    outer loop
   vertex 24.115 14.615 1.036
   vertex 24.115 14.615 1.111
   vertex 24.285 14.615 1.111
  endloop
 endfacet
  facet normal 0 0 0
    outer loop
   vertex 24.115 14.615 1.036
   vertex 24.285 14.615 1.111
   vertex 24.285 14.615 1.036
  endloop
 endfacet
  facet normal 0 0 0
    outer loop
   vertex 36.615 14.615 1.036
   vertex 36.615 14.615 1.111
   vertex 36.785 14.615 1.111
  endloop
 endfacet
  facet normal 0 0 0
    outer loop
   vertex 36.615 14.615 1.036
   vertex 36.785 14.615 1.111
   vertex 36.785 14.615 1.036
  endloop
 endfacet
  facet normal 0 0 0
    outer loop
   vertex 36.785 14.805 1.036
   vertex 36.785 14.805 1.111
   vertex 36.615 14.805 1.111
  endloop
 endfacet
  facet normal 0 0 0
    outer loop
   vertex 36.785 14.805 1.036
   vertex 36.615 14.805 1.111
   vertex 36.615 14.805 1.036
  endloop
 endfacet
  facet normal 0 0 0
    outer loop
   vertex 24.285 14.805 1.036
   vertex 24.285 14.805 1.111
   vertex 24.115 14.805 1.111
  endloop
 endfacet
  facet normal 0 0 0
    outer loop
   vertex 24.285 14.805 1.036
   vertex 24.115 14.805 1.111
   vertex 24.115 14.805 1.036
  endloop
 endfacet
  facet normal 0 0 0
    outer loop
   vertex 24.115 14.975 1.036
   vertex 24.115 14.975 1.111
   vertex 24.285 14.975 1.111
  endloop
 endfacet
  facet normal 0 0 0
    outer loop
   vertex 24.115 14.975 1.036
   vertex 24.285 14.975 1.111
   vertex 24.285 14.975 1.036
  endloop
 endfacet
  facet normal 0 0 0
    outer loop
   vertex 36.615 14.975 1.036
   vertex 36.615 14.975 1.111
   vertex 36.785 14.975 1.111
  endloop
 endfacet
  facet normal 0 0 0
    outer loop
   vertex 36.615 14.975 1.036
   vertex 36.785 14.975 1.111
   vertex 36.785 14.975 1.036
  endloop
 endfacet
  facet normal 0 0 0
    outer loop
   vertex 24.115 15.335 1.036
   vertex 24.115 15.335 1.111
   vertex 24.285 15.335 1.111
  endloop
 endfacet
  facet normal 0 0 0
    outer loop
   vertex 24.115 15.335 1.036
   vertex 24.285 15.335 1.111
   vertex 24.285 15.335 1.036
  endloop
 endfacet
  facet normal 0 0 0
    outer loop
   vertex 36.615 15.335 1.036
   vertex 36.615 15.335 1.111
   vertex 36.785 15.335 1.111
  endloop
 endfacet
  facet normal 0 0 0
    outer loop
   vertex 36.615 15.335 1.036
   vertex 36.785 15.335 1.111
   vertex 36.785 15.335 1.036
  endloop
 endfacet
  facet normal 0 0 0
    outer loop
   vertex 36.785 15.165 1.036
   vertex 36.785 15.165 1.111
   vertex 36.615 15.165 1.111
  endloop
 endfacet
  facet normal 0 0 0
    outer loop
   vertex 36.785 15.165 1.036
   vertex 36.615 15.165 1.111
   vertex 36.615 15.165 1.036
  endloop
 endfacet
  facet normal 0 0 0
    outer loop
   vertex 24.285 15.165 1.036
   vertex 24.285 15.165 1.111
   vertex 24.115 15.165 1.111
  endloop
 endfacet
  facet normal 0 0 0
    outer loop
   vertex 24.285 15.165 1.036
   vertex 24.115 15.165 1.111
   vertex 24.115 15.165 1.036
  endloop
 endfacet
  facet normal 0 0 0
    outer loop
   vertex 36.785 15.525 1.036
   vertex 36.785 15.525 1.111
   vertex 36.615 15.525 1.111
  endloop
 endfacet
  facet normal 0 0 0
    outer loop
   vertex 36.785 15.525 1.036
   vertex 36.615 15.525 1.111
   vertex 36.615 15.525 1.036
  endloop
 endfacet
  facet normal 0 0 0
    outer loop
   vertex 24.285 15.525 1.036
   vertex 24.285 15.525 1.111
   vertex 24.115 15.525 1.111
  endloop
 endfacet
  facet normal 0 0 0
    outer loop
   vertex 24.285 15.525 1.036
   vertex 24.115 15.525 1.111
   vertex 24.115 15.525 1.036
  endloop
 endfacet
  facet normal 0 0 0
    outer loop
   vertex 24.115 15.695 1.036
   vertex 24.115 15.695 1.111
   vertex 24.285 15.695 1.111
  endloop
 endfacet
  facet normal 0 0 0
    outer loop
   vertex 24.115 15.695 1.036
   vertex 24.285 15.695 1.111
   vertex 24.285 15.695 1.036
  endloop
 endfacet
  facet normal 0 0 0
    outer loop
   vertex 36.615 15.695 1.036
   vertex 36.615 15.695 1.111
   vertex 36.785 15.695 1.111
  endloop
 endfacet
  facet normal 0 0 0
    outer loop
   vertex 36.615 15.695 1.036
   vertex 36.785 15.695 1.111
   vertex 36.785 15.695 1.036
  endloop
 endfacet
  facet normal 0 0 0
    outer loop
   vertex 36.785 15.885 1.036
   vertex 36.785 15.885 1.111
   vertex 36.615 15.885 1.111
  endloop
 endfacet
  facet normal 0 0 0
    outer loop
   vertex 36.785 15.885 1.036
   vertex 36.615 15.885 1.111
   vertex 36.615 15.885 1.036
  endloop
 endfacet
  facet normal 0 0 0
    outer loop
   vertex 24.285 15.885 1.036
   vertex 24.285 15.885 1.111
   vertex 24.115 15.885 1.111
  endloop
 endfacet
  facet normal 0 0 0
    outer loop
   vertex 24.285 15.885 1.036
   vertex 24.115 15.885 1.111
   vertex 24.115 15.885 1.036
  endloop
 endfacet
  facet normal 0 0 0
    outer loop
   vertex 24.115 16.055 1.036
   vertex 24.115 16.055 1.111
   vertex 24.285 16.055 1.111
  endloop
 endfacet
  facet normal 0 0 0
    outer loop
   vertex 24.115 16.055 1.036
   vertex 24.285 16.055 1.111
   vertex 24.285 16.055 1.036
  endloop
 endfacet
  facet normal 0 0 0
    outer loop
   vertex 36.615 16.055 1.036
   vertex 36.615 16.055 1.111
   vertex 36.785 16.055 1.111
  endloop
 endfacet
  facet normal 0 0 0
    outer loop
   vertex 36.615 16.055 1.036
   vertex 36.785 16.055 1.111
   vertex 36.785 16.055 1.036
  endloop
 endfacet
  facet normal 0 0 0
    outer loop
   vertex 30.365 21.695 1.036
   vertex 30.365 21.695 1.111
   vertex 30.535 21.695 1.111
  endloop
 endfacet
  facet normal 0 0 0
    outer loop
   vertex 30.365 21.695 1.036
   vertex 30.535 21.695 1.111
   vertex 30.535 21.695 1.036
  endloop
 endfacet
  facet normal 0 0 0
    outer loop
   vertex 30.535 21.885 1.036
   vertex 30.535 21.885 1.111
   vertex 30.365 21.885 1.111
  endloop
 endfacet
  facet normal 0 0 0
    outer loop
   vertex 30.535 21.885 1.036
   vertex 30.365 21.885 1.111
   vertex 30.365 21.885 1.036
  endloop
 endfacet
  facet normal 0 0 0
    outer loop
   vertex 30.535 21.525 1.036
   vertex 30.535 21.525 1.111
   vertex 30.365 21.525 1.111
  endloop
 endfacet
  facet normal 0 0 0
    outer loop
   vertex 30.535 21.525 1.036
   vertex 30.365 21.525 1.111
   vertex 30.365 21.525 1.036
  endloop
 endfacet
  facet normal 0 0 0
    outer loop
   vertex 30.365 22.055 1.036
   vertex 30.365 22.055 1.111
   vertex 30.535 22.055 1.111
  endloop
 endfacet
  facet normal 0 0 0
    outer loop
   vertex 30.365 22.055 1.036
   vertex 30.535 22.055 1.111
   vertex 30.535 22.055 1.036
  endloop
 endfacet
  facet normal 0 0 0
    outer loop
   vertex 30.365 22.415 1.036
   vertex 30.365 22.415 1.111
   vertex 30.535 22.415 1.111
  endloop
 endfacet
  facet normal 0 0 0
    outer loop
   vertex 30.365 22.415 1.036
   vertex 30.535 22.415 1.111
   vertex 30.535 22.415 1.036
  endloop
 endfacet
  facet normal 0 0 0
    outer loop
   vertex 30.535 22.245 1.036
   vertex 30.535 22.245 1.111
   vertex 30.365 22.245 1.111
  endloop
 endfacet
  facet normal 0 0 0
    outer loop
   vertex 30.535 22.245 1.036
   vertex 30.365 22.245 1.111
   vertex 30.365 22.245 1.036
  endloop
 endfacet
  facet normal 0 0 0
    outer loop
   vertex 30.535 22.605 1.036
   vertex 30.535 22.605 1.111
   vertex 30.365 22.605 1.111
  endloop
 endfacet
  facet normal 0 0 0
    outer loop
   vertex 30.535 22.605 1.036
   vertex 30.365 22.605 1.111
   vertex 30.365 22.605 1.036
  endloop
 endfacet
  facet normal 0 0 0
    outer loop
   vertex 30.365 22.775 1.036
   vertex 30.365 22.775 1.111
   vertex 30.535 22.775 1.111
  endloop
 endfacet
  facet normal 0 0 0
    outer loop
   vertex 30.365 22.775 1.036
   vertex 30.535 22.775 1.111
   vertex 30.535 22.775 1.036
  endloop
 endfacet
  facet normal 0 0 0
    outer loop
   vertex 30.365 23.135 1.036
   vertex 30.365 23.135 1.111
   vertex 30.535 23.135 1.111
  endloop
 endfacet
  facet normal 0 0 0
    outer loop
   vertex 30.365 23.135 1.036
   vertex 30.535 23.135 1.111
   vertex 30.535 23.135 1.036
  endloop
 endfacet
  facet normal 0 0 0
    outer loop
   vertex 30.535 23.325 1.036
   vertex 30.535 23.325 1.111
   vertex 30.365 23.325 1.111
  endloop
 endfacet
  facet normal 0 0 0
    outer loop
   vertex 30.535 23.325 1.036
   vertex 30.365 23.325 1.111
   vertex 30.365 23.325 1.036
  endloop
 endfacet
  facet normal 0 0 0
    outer loop
   vertex 30.535 22.965 1.036
   vertex 30.535 22.965 1.111
   vertex 30.365 22.965 1.111
  endloop
 endfacet
  facet normal 0 0 0
    outer loop
   vertex 30.535 22.965 1.036
   vertex 30.365 22.965 1.111
   vertex 30.365 22.965 1.036
  endloop
 endfacet
  facet normal 0 0 0
    outer loop
   vertex 30.365 23.495 1.036
   vertex 30.365 23.495 1.111
   vertex 30.535 23.495 1.111
  endloop
 endfacet
  facet normal 0 0 0
    outer loop
   vertex 30.365 23.495 1.036
   vertex 30.535 23.495 1.111
   vertex 30.535 23.495 1.036
  endloop
 endfacet
  facet normal 0 0 0
    outer loop
   vertex 30.365 23.855 1.036
   vertex 30.365 23.855 1.111
   vertex 30.535 23.855 1.111
  endloop
 endfacet
  facet normal 0 0 0
    outer loop
   vertex 30.365 23.855 1.036
   vertex 30.535 23.855 1.111
   vertex 30.535 23.855 1.036
  endloop
 endfacet
  facet normal 0 0 0
    outer loop
   vertex 30.535 24.045 1.036
   vertex 30.535 24.045 1.111
   vertex 30.365 24.045 1.111
  endloop
 endfacet
  facet normal 0 0 0
    outer loop
   vertex 30.535 24.045 1.036
   vertex 30.365 24.045 1.111
   vertex 30.365 24.045 1.036
  endloop
 endfacet
  facet normal 0 0 0
    outer loop
   vertex 30.535 23.685 1.036
   vertex 30.535 23.685 1.111
   vertex 30.365 23.685 1.111
  endloop
 endfacet
  facet normal 0 0 0
    outer loop
   vertex 30.535 23.685 1.036
   vertex 30.365 23.685 1.111
   vertex 30.365 23.685 1.036
  endloop
 endfacet
  facet normal 0 0 0
    outer loop
   vertex 30.365 24.575 1.036
   vertex 30.365 24.575 1.111
   vertex 30.535 24.575 1.111
  endloop
 endfacet
  facet normal 0 0 0
    outer loop
   vertex 30.365 24.575 1.036
   vertex 30.535 24.575 1.111
   vertex 30.535 24.575 1.036
  endloop
 endfacet
  facet normal 0 0 0
    outer loop
   vertex 30.365 24.215 1.036
   vertex 30.365 24.215 1.111
   vertex 30.535 24.215 1.111
  endloop
 endfacet
  facet normal 0 0 0
    outer loop
   vertex 30.365 24.215 1.036
   vertex 30.535 24.215 1.111
   vertex 30.535 24.215 1.036
  endloop
 endfacet
  facet normal 0 0 0
    outer loop
   vertex 30.535 24.405 1.036
   vertex 30.535 24.405 1.111
   vertex 30.365 24.405 1.111
  endloop
 endfacet
  facet normal 0 0 0
    outer loop
   vertex 30.535 24.405 1.036
   vertex 30.365 24.405 1.111
   vertex 30.365 24.405 1.036
  endloop
 endfacet
  facet normal 0 0 0
    outer loop
   vertex -9.255 14.785 1.036
   vertex -9.255 14.785 1.111
   vertex -9.085 14.785 1.111
  endloop
 endfacet
  facet normal 0 0 0
    outer loop
   vertex -9.255 14.785 1.036
   vertex -9.085 14.785 1.111
   vertex -9.085 14.785 1.036
  endloop
 endfacet
  facet normal 0 0 0
    outer loop
   vertex -7.405 14.785 1.036
   vertex -7.405 14.785 1.111
   vertex -7.235 14.785 1.111
  endloop
 endfacet
  facet normal 0 0 0
    outer loop
   vertex -7.405 14.785 1.036
   vertex -7.235 14.785 1.111
   vertex -7.235 14.785 1.036
  endloop
 endfacet
  facet normal 0 0 0
    outer loop
   vertex -6.455 14.785 1.036
   vertex -6.455 14.785 1.111
   vertex -6.285 14.785 1.111
  endloop
 endfacet
  facet normal 0 0 0
    outer loop
   vertex -6.455 14.785 1.036
   vertex -6.285 14.785 1.111
   vertex -6.285 14.785 1.036
  endloop
 endfacet
  facet normal 0 0 0
    outer loop
   vertex -4.605 14.785 1.036
   vertex -4.605 14.785 1.111
   vertex -4.435 14.785 1.111
  endloop
 endfacet
  facet normal 0 0 0
    outer loop
   vertex -4.605 14.785 1.036
   vertex -4.435 14.785 1.111
   vertex -4.435 14.785 1.036
  endloop
 endfacet
  facet normal 0 0 0
    outer loop
   vertex -4.435 14.615 1.036
   vertex -4.435 14.615 1.111
   vertex -4.605 14.615 1.111
  endloop
 endfacet
  facet normal 0 0 0
    outer loop
   vertex -4.435 14.615 1.036
   vertex -4.605 14.615 1.111
   vertex -4.605 14.615 1.036
  endloop
 endfacet
  facet normal 0 0 0
    outer loop
   vertex -6.285 14.615 1.036
   vertex -6.285 14.615 1.111
   vertex -6.455 14.615 1.111
  endloop
 endfacet
  facet normal 0 0 0
    outer loop
   vertex -6.285 14.615 1.036
   vertex -6.455 14.615 1.111
   vertex -6.455 14.615 1.036
  endloop
 endfacet
  facet normal 0 0 0
    outer loop
   vertex -7.235 14.615 1.036
   vertex -7.235 14.615 1.111
   vertex -7.405 14.615 1.111
  endloop
 endfacet
  facet normal 0 0 0
    outer loop
   vertex -7.235 14.615 1.036
   vertex -7.405 14.615 1.111
   vertex -7.405 14.615 1.036
  endloop
 endfacet
  facet normal 0 0 0
    outer loop
   vertex -9.085 14.615 1.036
   vertex -9.085 14.615 1.111
   vertex -9.255 14.615 1.111
  endloop
 endfacet
  facet normal 0 0 0
    outer loop
   vertex -9.085 14.615 1.036
   vertex -9.255 14.615 1.111
   vertex -9.255 14.615 1.036
  endloop
 endfacet
  facet normal 0 0 0
    outer loop
   vertex 30.535 6.285 1.036
   vertex 30.535 6.285 1.111
   vertex 30.365 6.285 1.111
  endloop
 endfacet
  facet normal 0 0 0
    outer loop
   vertex 30.535 6.285 1.036
   vertex 30.365 6.285 1.111
   vertex 30.365 6.285 1.036
  endloop
 endfacet
  facet normal 0 0 0
    outer loop
   vertex 30.365 6.455 1.036
   vertex 30.365 6.455 1.111
   vertex 30.535 6.455 1.111
  endloop
 endfacet
  facet normal 0 0 0
    outer loop
   vertex 30.365 6.455 1.036
   vertex 30.535 6.455 1.111
   vertex 30.535 6.455 1.036
  endloop
 endfacet
  facet normal 0 0 0
    outer loop
   vertex 30.535 6.645 1.036
   vertex 30.535 6.645 1.111
   vertex 30.365 6.645 1.111
  endloop
 endfacet
  facet normal 0 0 0
    outer loop
   vertex 30.535 6.645 1.036
   vertex 30.365 6.645 1.111
   vertex 30.365 6.645 1.036
  endloop
 endfacet
  facet normal 0 0 0
    outer loop
   vertex 30.535 7.005 1.036
   vertex 30.535 7.005 1.111
   vertex 30.365 7.005 1.111
  endloop
 endfacet
  facet normal 0 0 0
    outer loop
   vertex 30.535 7.005 1.036
   vertex 30.365 7.005 1.111
   vertex 30.365 7.005 1.036
  endloop
 endfacet
  facet normal 0 0 0
    outer loop
   vertex 30.365 6.815 1.036
   vertex 30.365 6.815 1.111
   vertex 30.535 6.815 1.111
  endloop
 endfacet
  facet normal 0 0 0
    outer loop
   vertex 30.365 6.815 1.036
   vertex 30.535 6.815 1.111
   vertex 30.535 6.815 1.036
  endloop
 endfacet
  facet normal 0 0 0
    outer loop
   vertex 30.535 7.365 1.036
   vertex 30.535 7.365 1.111
   vertex 30.365 7.365 1.111
  endloop
 endfacet
  facet normal 0 0 0
    outer loop
   vertex 30.535 7.365 1.036
   vertex 30.365 7.365 1.111
   vertex 30.365 7.365 1.036
  endloop
 endfacet
  facet normal 0 0 0
    outer loop
   vertex 30.365 7.175 1.036
   vertex 30.365 7.175 1.111
   vertex 30.535 7.175 1.111
  endloop
 endfacet
  facet normal 0 0 0
    outer loop
   vertex 30.365 7.175 1.036
   vertex 30.535 7.175 1.111
   vertex 30.535 7.175 1.036
  endloop
 endfacet
  facet normal 0 0 0
    outer loop
   vertex 30.365 7.535 1.036
   vertex 30.365 7.535 1.111
   vertex 30.535 7.535 1.111
  endloop
 endfacet
  facet normal 0 0 0
    outer loop
   vertex 30.365 7.535 1.036
   vertex 30.535 7.535 1.111
   vertex 30.535 7.535 1.036
  endloop
 endfacet
  facet normal 0 0 0
    outer loop
   vertex 24.115 13.175 1.036
   vertex 24.115 13.175 1.111
   vertex 24.285 13.175 1.111
  endloop
 endfacet
  facet normal 0 0 0
    outer loop
   vertex 24.115 13.175 1.036
   vertex 24.285 13.175 1.111
   vertex 24.285 13.175 1.036
  endloop
 endfacet
  facet normal 0 0 0
    outer loop
   vertex 36.615 13.175 1.036
   vertex 36.615 13.175 1.111
   vertex 36.785 13.175 1.111
  endloop
 endfacet
  facet normal 0 0 0
    outer loop
   vertex 36.615 13.175 1.036
   vertex 36.785 13.175 1.111
   vertex 36.785 13.175 1.036
  endloop
 endfacet
  facet normal 0 0 0
    outer loop
   vertex 36.785 13.365 1.036
   vertex 36.785 13.365 1.111
   vertex 36.615 13.365 1.111
  endloop
 endfacet
  facet normal 0 0 0
    outer loop
   vertex 36.785 13.365 1.036
   vertex 36.615 13.365 1.111
   vertex 36.615 13.365 1.036
  endloop
 endfacet
  facet normal 0 0 0
    outer loop
   vertex 24.285 13.365 1.036
   vertex 24.285 13.365 1.111
   vertex 24.115 13.365 1.111
  endloop
 endfacet
  facet normal 0 0 0
    outer loop
   vertex 24.285 13.365 1.036
   vertex 24.115 13.365 1.111
   vertex 24.115 13.365 1.036
  endloop
 endfacet
  facet normal 0 0 0
    outer loop
   vertex 36.785 13.005 1.036
   vertex 36.785 13.005 1.111
   vertex 36.615 13.005 1.111
  endloop
 endfacet
  facet normal 0 0 0
    outer loop
   vertex 36.785 13.005 1.036
   vertex 36.615 13.005 1.111
   vertex 36.615 13.005 1.036
  endloop
 endfacet
  facet normal 0 0 0
    outer loop
   vertex 24.285 13.005 1.036
   vertex 24.285 13.005 1.111
   vertex 24.115 13.005 1.111
  endloop
 endfacet
  facet normal 0 0 0
    outer loop
   vertex 24.285 13.005 1.036
   vertex 24.115 13.005 1.111
   vertex 24.115 13.005 1.036
  endloop
 endfacet
  facet normal 0 0 0
    outer loop
   vertex 36.785 13.725 1.036
   vertex 36.785 13.725 1.111
   vertex 36.615 13.725 1.111
  endloop
 endfacet
  facet normal 0 0 0
    outer loop
   vertex 36.785 13.725 1.036
   vertex 36.615 13.725 1.111
   vertex 36.615 13.725 1.036
  endloop
 endfacet
  facet normal 0 0 0
    outer loop
   vertex 24.285 13.725 1.036
   vertex 24.285 13.725 1.111
   vertex 24.115 13.725 1.111
  endloop
 endfacet
  facet normal 0 0 0
    outer loop
   vertex 24.285 13.725 1.036
   vertex 24.115 13.725 1.111
   vertex 24.115 13.725 1.036
  endloop
 endfacet
  facet normal 0 0 0
    outer loop
   vertex 24.115 13.535 1.036
   vertex 24.115 13.535 1.111
   vertex 24.285 13.535 1.111
  endloop
 endfacet
  facet normal 0 0 0
    outer loop
   vertex 24.115 13.535 1.036
   vertex 24.285 13.535 1.111
   vertex 24.285 13.535 1.036
  endloop
 endfacet
  facet normal 0 0 0
    outer loop
   vertex 36.615 13.535 1.036
   vertex 36.615 13.535 1.111
   vertex 36.785 13.535 1.111
  endloop
 endfacet
  facet normal 0 0 0
    outer loop
   vertex 36.615 13.535 1.036
   vertex 36.785 13.535 1.111
   vertex 36.785 13.535 1.036
  endloop
 endfacet
  facet normal 0 0 0
    outer loop
   vertex 24.115 14.255 1.036
   vertex 24.115 14.255 1.111
   vertex 24.285 14.255 1.111
  endloop
 endfacet
  facet normal 0 0 0
    outer loop
   vertex 24.115 14.255 1.036
   vertex 24.285 14.255 1.111
   vertex 24.285 14.255 1.036
  endloop
 endfacet
  facet normal 0 0 0
    outer loop
   vertex 36.615 14.255 1.036
   vertex 36.615 14.255 1.111
   vertex 36.785 14.255 1.111
  endloop
 endfacet
  facet normal 0 0 0
    outer loop
   vertex 36.615 14.255 1.036
   vertex 36.785 14.255 1.111
   vertex 36.785 14.255 1.036
  endloop
 endfacet
  facet normal 0 0 0
    outer loop
   vertex 36.785 14.085 1.036
   vertex 36.785 14.085 1.111
   vertex 36.615 14.085 1.111
  endloop
 endfacet
  facet normal 0 0 0
    outer loop
   vertex 36.785 14.085 1.036
   vertex 36.615 14.085 1.111
   vertex 36.615 14.085 1.036
  endloop
 endfacet
  facet normal 0 0 0
    outer loop
   vertex 24.285 14.085 1.036
   vertex 24.285 14.085 1.111
   vertex 24.115 14.085 1.111
  endloop
 endfacet
  facet normal 0 0 0
    outer loop
   vertex 24.285 14.085 1.036
   vertex 24.115 14.085 1.111
   vertex 24.115 14.085 1.036
  endloop
 endfacet
  facet normal 0 0 0
    outer loop
   vertex 24.115 13.895 1.036
   vertex 24.115 13.895 1.111
   vertex 24.285 13.895 1.111
  endloop
 endfacet
  facet normal 0 0 0
    outer loop
   vertex 24.115 13.895 1.036
   vertex 24.285 13.895 1.111
   vertex 24.285 13.895 1.036
  endloop
 endfacet
  facet normal 0 0 0
    outer loop
   vertex 36.615 13.895 1.036
   vertex 36.615 13.895 1.111
   vertex 36.785 13.895 1.111
  endloop
 endfacet
  facet normal 0 0 0
    outer loop
   vertex 36.615 13.895 1.036
   vertex 36.785 13.895 1.111
   vertex 36.785 13.895 1.036
  endloop
 endfacet
  facet normal 0 0 0
    outer loop
   vertex 30.535 4.485 1.036
   vertex 30.535 4.485 1.111
   vertex 30.365 4.485 1.111
  endloop
 endfacet
  facet normal 0 0 0
    outer loop
   vertex 30.535 4.485 1.036
   vertex 30.365 4.485 1.111
   vertex 30.365 4.485 1.036
  endloop
 endfacet
  facet normal 0 0 0
    outer loop
   vertex 30.535 4.845 1.036
   vertex 30.535 4.845 1.111
   vertex 30.365 4.845 1.111
  endloop
 endfacet
  facet normal 0 0 0
    outer loop
   vertex 30.535 4.845 1.036
   vertex 30.365 4.845 1.111
   vertex 30.365 4.845 1.036
  endloop
 endfacet
  facet normal 0 0 0
    outer loop
   vertex 30.365 4.655 1.036
   vertex 30.365 4.655 1.111
   vertex 30.535 4.655 1.111
  endloop
 endfacet
  facet normal 0 0 0
    outer loop
   vertex 30.365 4.655 1.036
   vertex 30.535 4.655 1.111
   vertex 30.535 4.655 1.036
  endloop
 endfacet
  facet normal 0 0 0
    outer loop
   vertex 36.785 14.445 1.036
   vertex 36.785 14.445 1.111
   vertex 36.615 14.445 1.111
  endloop
 endfacet
  facet normal 0 0 0
    outer loop
   vertex 36.785 14.445 1.036
   vertex 36.615 14.445 1.111
   vertex 36.615 14.445 1.036
  endloop
 endfacet
  facet normal 0 0 0
    outer loop
   vertex 24.285 14.445 1.036
   vertex 24.285 14.445 1.111
   vertex 24.115 14.445 1.111
  endloop
 endfacet
  facet normal 0 0 0
    outer loop
   vertex 24.285 14.445 1.036
   vertex 24.115 14.445 1.111
   vertex 24.115 14.445 1.036
  endloop
 endfacet
  facet normal 0 0 0
    outer loop
   vertex 30.365 5.015 1.036
   vertex 30.365 5.015 1.111
   vertex 30.535 5.015 1.111
  endloop
 endfacet
  facet normal 0 0 0
    outer loop
   vertex 30.365 5.015 1.036
   vertex 30.535 5.015 1.111
   vertex 30.535 5.015 1.036
  endloop
 endfacet
  facet normal 0 0 0
    outer loop
   vertex 30.535 5.205 1.036
   vertex 30.535 5.205 1.111
   vertex 30.365 5.205 1.111
  endloop
 endfacet
  facet normal 0 0 0
    outer loop
   vertex 30.535 5.205 1.036
   vertex 30.365 5.205 1.111
   vertex 30.365 5.205 1.036
  endloop
 endfacet
  facet normal 0 0 0
    outer loop
   vertex 30.535 5.565 1.036
   vertex 30.535 5.565 1.111
   vertex 30.365 5.565 1.111
  endloop
 endfacet
  facet normal 0 0 0
    outer loop
   vertex 30.535 5.565 1.036
   vertex 30.365 5.565 1.111
   vertex 30.365 5.565 1.036
  endloop
 endfacet
  facet normal 0 0 0
    outer loop
   vertex 30.365 5.375 1.036
   vertex 30.365 5.375 1.111
   vertex 30.535 5.375 1.111
  endloop
 endfacet
  facet normal 0 0 0
    outer loop
   vertex 30.365 5.375 1.036
   vertex 30.535 5.375 1.111
   vertex 30.535 5.375 1.036
  endloop
 endfacet
  facet normal 0 0 0
    outer loop
   vertex 30.365 5.735 1.036
   vertex 30.365 5.735 1.111
   vertex 30.535 5.735 1.111
  endloop
 endfacet
  facet normal 0 0 0
    outer loop
   vertex 30.365 5.735 1.036
   vertex 30.535 5.735 1.111
   vertex 30.535 5.735 1.036
  endloop
 endfacet
  facet normal 0 0 0
    outer loop
   vertex 30.535 5.925 1.036
   vertex 30.535 5.925 1.111
   vertex 30.365 5.925 1.111
  endloop
 endfacet
  facet normal 0 0 0
    outer loop
   vertex 30.535 5.925 1.036
   vertex 30.365 5.925 1.111
   vertex 30.365 5.925 1.036
  endloop
 endfacet
  facet normal 0 0 0
    outer loop
   vertex 30.365 6.095 1.036
   vertex 30.365 6.095 1.111
   vertex 30.535 6.095 1.111
  endloop
 endfacet
  facet normal 0 0 0
    outer loop
   vertex 30.365 6.095 1.036
   vertex 30.535 6.095 1.111
   vertex 30.535 6.095 1.036
  endloop
 endfacet
  facet normal 0 0 0
    outer loop
   vertex -9.7 14.51 1.376
   vertex -9.7 14.89 1.376
   vertex -9.51 14.51 1.376
  endloop
 endfacet
  facet normal 0 0 0
    outer loop
   vertex -9.51 14.51 1.376
   vertex -9.7 14.89 1.376
   vertex -9.51 14.89 1.376
  endloop
 endfacet
  facet normal 0 0 0
    outer loop
   vertex -9.415 14.51 1.376
   vertex -9.32 14.55 1.376
   vertex -9.32 14.51 1.376
  endloop
 endfacet
  facet normal 0 0 0
    outer loop
   vertex -9.415 14.51 1.376
   vertex -9.308 14.603 1.376
   vertex -9.32 14.55 1.376
  endloop
 endfacet
  facet normal 0 0 0
    outer loop
   vertex -9.51 14.51 1.376
   vertex -9.51 14.89 1.376
   vertex -9.308 14.603 1.376
  endloop
 endfacet
  facet normal 0 0 0
    outer loop
   vertex -9.51 14.51 1.376
   vertex -9.308 14.603 1.376
   vertex -9.415 14.51 1.376
  endloop
 endfacet
  facet normal 0 0 0
    outer loop
   vertex -7.03 14.51 1.376
   vertex -7.03 14.55 1.376
   vertex -6.935 14.51 1.376
  endloop
 endfacet
  facet normal 0 0 0
    outer loop
   vertex -6.745 14.51 1.376
   vertex -6.65 14.55 1.376
   vertex -6.65 14.51 1.376
  endloop
 endfacet
  facet normal 0 0 0
    outer loop
   vertex -6.935 14.51 1.376
   vertex -6.888 14.7 1.376
   vertex -6.84 14.51 1.376
  endloop
 endfacet
  facet normal 0 0 0
    outer loop
   vertex -6.84 14.51 1.376
   vertex -6.888 14.7 1.376
   vertex -6.745 14.51 1.376
  endloop
 endfacet
  facet normal 0 0 0
    outer loop
   vertex -6.935 14.51 1.376
   vertex -7.03 14.55 1.376
   vertex -6.888 14.7 1.376
  endloop
 endfacet
  facet normal 0 0 0
    outer loop
   vertex -6.745 14.51 1.376
   vertex -6.888 14.7 1.376
   vertex -6.65 14.55 1.376
  endloop
 endfacet
  facet normal 0 0 0
    outer loop
   vertex -4.18 14.51 1.376
   vertex -3.99 14.89 1.376
   vertex -3.99 14.51 1.376
  endloop
 endfacet
  facet normal 0 0 0
    outer loop
   vertex -4.18 14.51 1.376
   vertex -4.18 14.89 1.376
   vertex -3.99 14.89 1.376
  endloop
 endfacet
  facet normal 0 0 0
    outer loop
   vertex -4.37 14.51 1.376
   vertex -4.37 14.55 1.376
   vertex -4.275 14.51 1.376
  endloop
 endfacet
  facet normal 0 0 0
    outer loop
   vertex -4.275 14.51 1.376
   vertex -4.37 14.55 1.376
   vertex -4.382 14.797 1.376
  endloop
 endfacet
  facet normal 0 0 0
    outer loop
   vertex -4.275 14.51 1.376
   vertex -4.382 14.797 1.376
   vertex -4.18 14.51 1.376
  endloop
 endfacet
  facet normal 0 0 0
    outer loop
   vertex -4.18 14.51 1.376
   vertex -4.382 14.797 1.376
   vertex -4.18 14.89 1.376
  endloop
 endfacet
  facet normal 0 0 0
    outer loop
   vertex -2.94 14.51 1.376
   vertex -2.94 15.448 1.376
   vertex -2.56 14.51 1.376
  endloop
 endfacet
  facet normal 0 0 0
    outer loop
   vertex -2.56 14.51 1.376
   vertex -2.94 15.448 1.376
   vertex -2.56 16.29 1.376
  endloop
 endfacet
  facet normal 0 0 0
    outer loop
   vertex 24.285 14.445 1.376
   vertex 24.285 14.615 1.376
   vertex 24.315 14.53 1.376
  endloop
 endfacet
  facet normal 0 0 0
    outer loop
   vertex 22.765 14.33 1.376
   vertex 22.765 15.75 1.376
   vertex 23.405 15.43 1.376
  endloop
 endfacet
  facet normal 0 0 0
    outer loop
   vertex 22.765 14.33 1.376
   vertex 23.405 15.43 1.376
   vertex 23.428 14.53 1.376
  endloop
 endfacet
  facet normal 0 0 0
    outer loop
   vertex 23.556 13.81 1.376
   vertex 22.765 14.33 1.376
   vertex 23.428 14.53 1.376
  endloop
 endfacet
  facet normal 0 0 0
    outer loop
   vertex 24.315 14.429 1.376
   vertex 24.285 14.445 1.376
   vertex 24.315 14.53 1.376
  endloop
 endfacet
  facet normal 0 0 0
    outer loop
   vertex 24.115 14.445 1.376
   vertex 23.777 14.53 1.376
   vertex 24.115 14.615 1.376
  endloop
 endfacet
  facet normal 0 0 0
    outer loop
   vertex 24.115 14.255 1.376
   vertex 23.777 14.53 1.376
   vertex 24.115 14.445 1.376
  endloop
 endfacet
  facet normal 0 0 0
    outer loop
   vertex 23.765 14.17 1.376
   vertex 23.428 14.53 1.376
   vertex 23.777 14.53 1.376
  endloop
 endfacet
  facet normal 0 0 0
    outer loop
   vertex 23.556 13.81 1.376
   vertex 23.428 14.53 1.376
   vertex 23.765 14.17 1.376
  endloop
 endfacet
  facet normal 0 0 0
    outer loop
   vertex 23.765 14.17 1.376
   vertex 23.777 14.53 1.376
   vertex 24.115 14.255 1.376
  endloop
 endfacet
  facet normal 0 0 0
    outer loop
   vertex 36.785 14.445 1.376
   vertex 36.785 14.615 1.376
   vertex 36.815 14.53 1.376
  endloop
 endfacet
  facet normal 0 0 0
    outer loop
   vertex 35.265 14.33 1.376
   vertex 35.265 15.75 1.376
   vertex 35.905 15.43 1.376
  endloop
 endfacet
  facet normal 0 0 0
    outer loop
   vertex 35.265 14.33 1.376
   vertex 35.905 15.43 1.376
   vertex 35.928 14.53 1.376
  endloop
 endfacet
  facet normal 0 0 0
    outer loop
   vertex 36.056 13.81 1.376
   vertex 35.265 14.33 1.376
   vertex 35.928 14.53 1.376
  endloop
 endfacet
  facet normal 0 0 0
    outer loop
   vertex 36.815 14.429 1.376
   vertex 36.785 14.445 1.376
   vertex 36.815 14.53 1.376
  endloop
 endfacet
  facet normal 0 0 0
    outer loop
   vertex 36.615 14.445 1.376
   vertex 36.277 14.53 1.376
   vertex 36.615 14.615 1.376
  endloop
 endfacet
  facet normal 0 0 0
    outer loop
   vertex 36.615 14.255 1.376
   vertex 36.277 14.53 1.376
   vertex 36.615 14.445 1.376
  endloop
 endfacet
  facet normal 0 0 0
    outer loop
   vertex 36.265 14.17 1.376
   vertex 35.928 14.53 1.376
   vertex 36.277 14.53 1.376
  endloop
 endfacet
  facet normal 0 0 0
    outer loop
   vertex 36.056 13.81 1.376
   vertex 35.928 14.53 1.376
   vertex 36.265 14.17 1.376
  endloop
 endfacet
  facet normal 0 0 0
    outer loop
   vertex 36.265 14.17 1.376
   vertex 36.277 14.53 1.376
   vertex 36.615 14.255 1.376
  endloop
 endfacet
  facet normal 0 0 0
    outer loop
   vertex 26.19 14.325 1.376
   vertex 26.19 15.212 1.376
   vertex 26.59 14.525 1.376
  endloop
 endfacet
  facet normal 0 0 0
    outer loop
   vertex 20.99 18.585 1.376
   vertex 20.99 20.003 1.376
   vertex 21.39 18.785 1.376
  endloop
 endfacet
  facet normal 0 0 0
    outer loop
   vertex 21.39 18.785 1.376
   vertex 20.99 20.003 1.376
   vertex 21.39 21.42 1.376
  endloop
 endfacet
  facet normal 0 0 0
    outer loop
   vertex 33.49 18.585 1.376
   vertex 33.49 20.003 1.376
   vertex 33.89 18.785 1.376
  endloop
 endfacet
  facet normal 0 0 0
    outer loop
   vertex 33.89 18.785 1.376
   vertex 33.49 20.003 1.376
   vertex 33.89 21.42 1.376
  endloop
 endfacet
  facet normal 0 0 0
    outer loop
   vertex 26.19 18.759 1.376
   vertex 26.19 19.646 1.376
   vertex 26.59 19.696 1.376
  endloop
 endfacet
  facet normal 0 0 0
    outer loop
   vertex 26.59 17.973 1.376
   vertex 26.19 18.759 1.376
   vertex 26.59 19.696 1.376
  endloop
 endfacet
  facet normal 0 0 0
    outer loop
   vertex 33.29 21.82 1.376
   vertex 33.29 22.22 1.376
   vertex 34.09 21.82 1.376
  endloop
 endfacet
  facet normal 0 0 0
    outer loop
   vertex 34.09 21.82 1.376
   vertex 33.29 22.22 1.376
   vertex 34.09 22.22 1.376
  endloop
 endfacet
  facet normal 0 0 0
    outer loop
   vertex 25.99 21.82 1.376
   vertex 25.99 22.22 1.376
   vertex 26.39 22.22 1.376
  endloop
 endfacet
  facet normal 0 0 0
    outer loop
   vertex 26.79 22.02 1.376
   vertex 26.39 22.22 1.376
   vertex 26.79 22.22 1.376
  endloop
 endfacet
  facet normal 0 0 0
    outer loop
   vertex 26.79 21.62 1.376
   vertex 26.39 22.22 1.376
   vertex 26.79 22.02 1.376
  endloop
 endfacet
  facet normal 0 0 0
    outer loop
   vertex 26.59 21.42 1.376
   vertex 26.39 22.22 1.376
   vertex 26.79 21.62 1.376
  endloop
 endfacet
  facet normal 0 0 0
    outer loop
   vertex 26.59 21.42 1.376
   vertex 25.99 21.82 1.376
   vertex 26.39 22.22 1.376
  endloop
 endfacet
  facet normal 0 0 0
    outer loop
   vertex 30.365 22.055 1.376
   vertex 30.007 22.33 1.376
   vertex 30.365 22.245 1.376
  endloop
 endfacet
  facet normal 0 0 0
    outer loop
   vertex 29.966 21.79 1.376
   vertex 30.007 22.33 1.376
   vertex 30.365 22.055 1.376
  endloop
 endfacet
  facet normal 0 0 0
    outer loop
   vertex 29.966 21.79 1.376
   vertex 29.687 22.15 1.376
   vertex 30.007 22.33 1.376
  endloop
 endfacet
  facet normal 0 0 0
    outer loop
   vertex 29.015 22.02 1.376
   vertex 29.015 23.34 1.376
   vertex 29.687 22.15 1.376
  endloop
 endfacet
  facet normal 0 0 0
    outer loop
   vertex 29.403 21.42 1.376
   vertex 29.687 22.15 1.376
   vertex 29.966 21.79 1.376
  endloop
 endfacet
  facet normal 0 0 0
    outer loop
   vertex 29.403 21.42 1.376
   vertex 29.015 22.02 1.376
   vertex 29.687 22.15 1.376
  endloop
 endfacet
  facet normal 0 0 0
    outer loop
   vertex 30.565 22.028 1.376
   vertex 30.535 22.055 1.376
   vertex 30.565 22.129 1.376
  endloop
 endfacet
  facet normal 0 0 0
    outer loop
   vertex 30.365 22.055 1.376
   vertex 30.365 22.245 1.376
   vertex 30.521 22.179 1.376
  endloop
 endfacet
  facet normal 0 0 0
    outer loop
   vertex 30.365 22.055 1.376
   vertex 30.521 22.179 1.376
   vertex 30.535 22.055 1.376
  endloop
 endfacet
  facet normal 0 0 0
    outer loop
   vertex 30.535 22.055 1.376
   vertex 30.521 22.179 1.376
   vertex 30.565 22.129 1.376
  endloop
 endfacet
  facet normal 0 0 0
    outer loop
   vertex 30.535 24.215 1.376
   vertex 30.45 24.31 1.376
   vertex 30.565 24.255 1.376
  endloop
 endfacet
  facet normal 0 0 0
    outer loop
   vertex 30.565 24.356 1.376
   vertex 30.535 24.405 1.376
   vertex 30.565 24.458 1.376
  endloop
 endfacet
  facet normal 0 0 0
    outer loop
   vertex 30.565 24.255 1.376
   vertex 30.45 24.31 1.376
   vertex 30.565 24.356 1.376
  endloop
 endfacet
  facet normal 0 0 0
    outer loop
   vertex 30.45 24.31 1.376
   vertex 30.535 24.405 1.376
   vertex 30.565 24.356 1.376
  endloop
 endfacet
  facet normal 0 0 0
    outer loop
   vertex 30.565 24.559 1.376
   vertex 30.535 24.575 1.376
   vertex 30.565 24.66 1.376
  endloop
 endfacet
  facet normal 0 0 0
    outer loop
   vertex 30.535 24.405 1.376
   vertex 30.535 24.49 1.376
   vertex 30.565 24.458 1.376
  endloop
 endfacet
  facet normal 0 0 0
    outer loop
   vertex 30.565 24.458 1.376
   vertex 30.535 24.49 1.376
   vertex 30.565 24.559 1.376
  endloop
 endfacet
  facet normal 0 0 0
    outer loop
   vertex 30.535 24.49 1.376
   vertex 30.535 24.575 1.376
   vertex 30.565 24.559 1.376
  endloop
 endfacet
  facet normal 0 0 0
    outer loop
   vertex 30.365 24.575 1.376
   vertex 30.178 24.66 1.376
   vertex 30.565 24.66 1.376
  endloop
 endfacet
  facet normal 0 0 0
    outer loop
   vertex 30.365 24.405 1.376
   vertex 30.178 24.66 1.376
   vertex 30.365 24.575 1.376
  endloop
 endfacet
  facet normal 0 0 0
    outer loop
   vertex 29.979 24.31 1.376
   vertex 29.015 24.66 1.376
   vertex 29.79 24.66 1.376
  endloop
 endfacet
  facet normal 0 0 0
    outer loop
   vertex 30.365 24.045 1.376
   vertex 29.979 24.31 1.376
   vertex 30.365 24.215 1.376
  endloop
 endfacet
  facet normal 0 0 0
    outer loop
   vertex 30.365 24.215 1.376
   vertex 29.979 24.31 1.376
   vertex 30.365 24.405 1.376
  endloop
 endfacet
  facet normal 0 0 0
    outer loop
   vertex 29.979 24.31 1.376
   vertex 30.178 24.66 1.376
   vertex 30.365 24.405 1.376
  endloop
 endfacet
  facet normal 0 0 0
    outer loop
   vertex 29.979 24.31 1.376
   vertex 29.79 24.66 1.376
   vertex 30.178 24.66 1.376
  endloop
 endfacet
  facet normal 0 0 0
    outer loop
   vertex 30.365 24.575 1.376
   vertex 30.565 24.66 1.376
   vertex 30.535 24.575 1.376
  endloop
 endfacet
  facet normal 0 0 0
    outer loop
   vertex 30.365 22.245 1.376
   vertex 30.007 22.33 1.376
   vertex 30.365 22.415 1.376
  endloop
 endfacet
  facet normal 0 0 0
    outer loop
   vertex 30.535 22.605 1.376
   vertex 30.535 22.69 1.376
   vertex 30.565 22.635 1.376
  endloop
 endfacet
  facet normal 0 0 0
    outer loop
   vertex 30.565 23.04 1.376
   vertex 30.535 23.135 1.376
   vertex 30.565 23.243 1.376
  endloop
 endfacet
  facet normal 0 0 0
    outer loop
   vertex 30.565 23.243 1.376
   vertex 30.365 23.325 1.376
   vertex 30.535 23.325 1.376
  endloop
 endfacet
  facet normal 0 0 0
    outer loop
   vertex 30.365 23.135 1.376
   vertex 30.365 23.325 1.376
   vertex 30.565 23.243 1.376
  endloop
 endfacet
  facet normal 0 0 0
    outer loop
   vertex 30.365 23.135 1.376
   vertex 30.565 23.243 1.376
   vertex 30.535 23.135 1.376
  endloop
 endfacet
  facet normal 0 0 0
    outer loop
   vertex 30.535 23.41 1.376
   vertex 30.535 23.495 1.376
   vertex 30.565 23.445 1.376
  endloop
 endfacet
  facet normal 0 0 0
    outer loop
   vertex 30.565 22.331 1.376
   vertex 30.535 22.415 1.376
   vertex 30.565 22.433 1.376
  endloop
 endfacet
  facet normal 0 0 0
    outer loop
   vertex 30.535 22.245 1.376
   vertex 30.535 22.415 1.376
   vertex 30.565 22.331 1.376
  endloop
 endfacet
  facet normal 0 0 0
    outer loop
   vertex 30.565 22.23 1.376
   vertex 30.535 22.245 1.376
   vertex 30.565 22.331 1.376
  endloop
 endfacet
  facet normal 0 0 0
    outer loop
   vertex 30.565 22.534 1.376
   vertex 30.535 22.605 1.376
   vertex 30.565 22.635 1.376
  endloop
 endfacet
  facet normal 0 0 0
    outer loop
   vertex 29.687 22.15 1.376
   vertex 29.015 23.34 1.376
   vertex 30.015 22.69 1.376
  endloop
 endfacet
  facet normal 0 0 0
    outer loop
   vertex 29.687 22.15 1.376
   vertex 30.015 22.69 1.376
   vertex 30.007 22.33 1.376
  endloop
 endfacet
  facet normal 0 0 0
    outer loop
   vertex 30.365 22.605 1.376
   vertex 30.015 22.69 1.376
   vertex 30.365 22.775 1.376
  endloop
 endfacet
  facet normal 0 0 0
    outer loop
   vertex 30.365 22.415 1.376
   vertex 30.015 22.69 1.376
   vertex 30.365 22.605 1.376
  endloop
 endfacet
  facet normal 0 0 0
    outer loop
   vertex 30.007 22.33 1.376
   vertex 30.015 22.69 1.376
   vertex 30.365 22.415 1.376
  endloop
 endfacet
  facet normal 0 0 0
    outer loop
   vertex 29.015 23.34 1.376
   vertex 29.015 24.66 1.376
   vertex 29.67 23.59 1.376
  endloop
 endfacet
  facet normal 0 0 0
    outer loop
   vertex 29.67 23.59 1.376
   vertex 29.015 24.66 1.376
   vertex 29.979 24.31 1.376
  endloop
 endfacet
  facet normal 0 0 0
    outer loop
   vertex 30.565 23.951 1.376
   vertex 30.535 24.045 1.376
   vertex 30.565 24.053 1.376
  endloop
 endfacet
  facet normal 0 0 0
    outer loop
   vertex 30.565 23.85 1.376
   vertex 30.535 23.855 1.376
   vertex 30.565 23.951 1.376
  endloop
 endfacet
  facet normal 0 0 0
    outer loop
   vertex 30.565 23.951 1.376
   vertex 30.365 24.045 1.376
   vertex 30.535 24.045 1.376
  endloop
 endfacet
  facet normal 0 0 0
    outer loop
   vertex 30.365 23.855 1.376
   vertex 30.565 23.951 1.376
   vertex 30.535 23.855 1.376
  endloop
 endfacet
  facet normal 0 0 0
    outer loop
   vertex 30.365 23.855 1.376
   vertex 30.365 24.045 1.376
   vertex 30.565 23.951 1.376
  endloop
 endfacet
  facet normal 0 0 0
    outer loop
   vertex 30.535 24.045 1.376
   vertex 30.535 24.13 1.376
   vertex 30.565 24.053 1.376
  endloop
 endfacet
  facet normal 0 0 0
    outer loop
   vertex 30.565 22.736 1.376
   vertex 30.535 22.775 1.376
   vertex 30.565 22.838 1.376
  endloop
 endfacet
  facet normal 0 0 0
    outer loop
   vertex 30.535 22.69 1.376
   vertex 30.535 22.775 1.376
   vertex 30.565 22.736 1.376
  endloop
 endfacet
  facet normal 0 0 0
    outer loop
   vertex 30.565 22.635 1.376
   vertex 30.535 22.69 1.376
   vertex 30.565 22.736 1.376
  endloop
 endfacet
  facet normal 0 0 0
    outer loop
   vertex 30.565 22.939 1.376
   vertex 30.535 22.965 1.376
   vertex 30.565 23.04 1.376
  endloop
 endfacet
  facet normal 0 0 0
    outer loop
   vertex 30.565 23.243 1.376
   vertex 30.535 23.325 1.376
   vertex 30.565 23.344 1.376
  endloop
 endfacet
  facet normal 0 0 0
    outer loop
   vertex 30.535 23.325 1.376
   vertex 30.535 23.41 1.376
   vertex 30.565 23.344 1.376
  endloop
 endfacet
  facet normal 0 0 0
    outer loop
   vertex 30.565 23.344 1.376
   vertex 30.535 23.41 1.376
   vertex 30.565 23.445 1.376
  endloop
 endfacet
  facet normal 0 0 0
    outer loop
   vertex 30.455 23.59 1.376
   vertex 30.365 23.685 1.376
   vertex 30.535 23.685 1.376
  endloop
 endfacet
  facet normal 0 0 0
    outer loop
   vertex 30.365 23.495 1.376
   vertex 30.365 23.685 1.376
   vertex 30.455 23.59 1.376
  endloop
 endfacet
  facet normal 0 0 0
    outer loop
   vertex 30.365 23.495 1.376
   vertex 30.455 23.59 1.376
   vertex 30.535 23.495 1.376
  endloop
 endfacet
  facet normal 0 0 0
    outer loop
   vertex 30.455 23.59 1.376
   vertex 30.535 23.685 1.376
   vertex 30.565 23.648 1.376
  endloop
 endfacet
  facet normal 0 0 0
    outer loop
   vertex 30.565 23.445 1.376
   vertex 30.535 23.495 1.376
   vertex 30.565 23.546 1.376
  endloop
 endfacet
  facet normal 0 0 0
    outer loop
   vertex 30.565 23.546 1.376
   vertex 30.455 23.59 1.376
   vertex 30.565 23.648 1.376
  endloop
 endfacet
  facet normal 0 0 0
    outer loop
   vertex 30.535 23.495 1.376
   vertex 30.455 23.59 1.376
   vertex 30.565 23.546 1.376
  endloop
 endfacet
  facet normal 0 0 0
    outer loop
   vertex 30.565 23.648 1.376
   vertex 30.535 23.685 1.376
   vertex 30.565 23.749 1.376
  endloop
 endfacet
  facet normal 0 0 0
    outer loop
   vertex 30.535 23.685 1.376
   vertex 30.535 23.855 1.376
   vertex 30.565 23.749 1.376
  endloop
 endfacet
  facet normal 0 0 0
    outer loop
   vertex 30.565 23.749 1.376
   vertex 30.535 23.855 1.376
   vertex 30.565 23.85 1.376
  endloop
 endfacet
  facet normal 0 0 0
    outer loop
   vertex 30.365 22.415 1.376
   vertex 30.515 22.483 1.376
   vertex 30.535 22.415 1.376
  endloop
 endfacet
  facet normal 0 0 0
    outer loop
   vertex 30.535 22.415 1.376
   vertex 30.515 22.483 1.376
   vertex 30.565 22.433 1.376
  endloop
 endfacet
  facet normal 0 0 0
    outer loop
   vertex 30.565 22.433 1.376
   vertex 30.515 22.483 1.376
   vertex 30.565 22.534 1.376
  endloop
 endfacet
  facet normal 0 0 0
    outer loop
   vertex 30.365 22.415 1.376
   vertex 30.365 22.605 1.376
   vertex 30.515 22.483 1.376
  endloop
 endfacet
  facet normal 0 0 0
    outer loop
   vertex 30.515 22.483 1.376
   vertex 30.365 22.605 1.376
   vertex 30.535 22.605 1.376
  endloop
 endfacet
  facet normal 0 0 0
    outer loop
   vertex 30.515 22.483 1.376
   vertex 30.535 22.605 1.376
   vertex 30.565 22.534 1.376
  endloop
 endfacet
  facet normal 0 0 0
    outer loop
   vertex 30.535 22.965 1.376
   vertex 30.535 23.135 1.376
   vertex 30.565 23.04 1.376
  endloop
 endfacet
  facet normal 0 0 0
    outer loop
   vertex 30.365 22.965 1.376
   vertex 30.015 23.05 1.376
   vertex 30.365 23.135 1.376
  endloop
 endfacet
  facet normal 0 0 0
    outer loop
   vertex 30.015 23.05 1.376
   vertex 29.015 23.34 1.376
   vertex 29.67 23.59 1.376
  endloop
 endfacet
  facet normal 0 0 0
    outer loop
   vertex 30.015 22.69 1.376
   vertex 29.015 23.34 1.376
   vertex 30.015 23.05 1.376
  endloop
 endfacet
  facet normal 0 0 0
    outer loop
   vertex 30.365 22.775 1.376
   vertex 30.015 23.05 1.376
   vertex 30.365 22.965 1.376
  endloop
 endfacet
  facet normal 0 0 0
    outer loop
   vertex 30.015 22.69 1.376
   vertex 30.015 23.05 1.376
   vertex 30.365 22.775 1.376
  endloop
 endfacet
  facet normal 0 0 0
    outer loop
   vertex 29.67 23.59 1.376
   vertex 29.979 24.31 1.376
   vertex 29.999 23.77 1.376
  endloop
 endfacet
  facet normal 0 0 0
    outer loop
   vertex 29.999 23.77 1.376
   vertex 30.365 24.045 1.376
   vertex 30.365 23.855 1.376
  endloop
 endfacet
  facet normal 0 0 0
    outer loop
   vertex 29.999 23.77 1.376
   vertex 29.979 24.31 1.376
   vertex 30.365 24.045 1.376
  endloop
 endfacet
  facet normal 0 0 0
    outer loop
   vertex 30.365 23.685 1.376
   vertex 29.999 23.77 1.376
   vertex 30.365 23.855 1.376
  endloop
 endfacet
  facet normal 0 0 0
    outer loop
   vertex 30.565 24.053 1.376
   vertex 30.535 24.13 1.376
   vertex 30.565 24.154 1.376
  endloop
 endfacet
  facet normal 0 0 0
    outer loop
   vertex 30.565 24.154 1.376
   vertex 30.535 24.215 1.376
   vertex 30.565 24.255 1.376
  endloop
 endfacet
  facet normal 0 0 0
    outer loop
   vertex 30.535 24.13 1.376
   vertex 30.535 24.215 1.376
   vertex 30.565 24.154 1.376
  endloop
 endfacet
  facet normal 0 0 0
    outer loop
   vertex 30.494 22.888 1.376
   vertex 30.365 22.965 1.376
   vertex 30.535 22.965 1.376
  endloop
 endfacet
  facet normal 0 0 0
    outer loop
   vertex 30.494 22.888 1.376
   vertex 30.535 22.965 1.376
   vertex 30.565 22.939 1.376
  endloop
 endfacet
  facet normal 0 0 0
    outer loop
   vertex 30.565 22.838 1.376
   vertex 30.494 22.888 1.376
   vertex 30.565 22.939 1.376
  endloop
 endfacet
  facet normal 0 0 0
    outer loop
   vertex 30.365 22.775 1.376
   vertex 30.365 22.965 1.376
   vertex 30.494 22.888 1.376
  endloop
 endfacet
  facet normal 0 0 0
    outer loop
   vertex 30.535 22.775 1.376
   vertex 30.494 22.888 1.376
   vertex 30.565 22.838 1.376
  endloop
 endfacet
  facet normal 0 0 0
    outer loop
   vertex 30.365 22.775 1.376
   vertex 30.494 22.888 1.376
   vertex 30.535 22.775 1.376
  endloop
 endfacet
  facet normal 0 0 0
    outer loop
   vertex 30.521 22.179 1.376
   vertex 30.365 22.245 1.376
   vertex 30.535 22.245 1.376
  endloop
 endfacet
  facet normal 0 0 0
    outer loop
   vertex 30.521 22.179 1.376
   vertex 30.535 22.245 1.376
   vertex 30.565 22.23 1.376
  endloop
 endfacet
  facet normal 0 0 0
    outer loop
   vertex 30.565 22.129 1.376
   vertex 30.521 22.179 1.376
   vertex 30.565 22.23 1.376
  endloop
 endfacet
  facet normal 0 0 0
    outer loop
   vertex 30.365 24.215 1.376
   vertex 30.365 24.405 1.376
   vertex 30.45 24.31 1.376
  endloop
 endfacet
  facet normal 0 0 0
    outer loop
   vertex 30.365 24.215 1.376
   vertex 30.45 24.31 1.376
   vertex 30.535 24.215 1.376
  endloop
 endfacet
  facet normal 0 0 0
    outer loop
   vertex 30.45 24.31 1.376
   vertex 30.365 24.405 1.376
   vertex 30.535 24.405 1.376
  endloop
 endfacet
  facet normal 0 0 0
    outer loop
   vertex 30.365 23.325 1.376
   vertex 30.015 23.41 1.376
   vertex 30.365 23.495 1.376
  endloop
 endfacet
  facet normal 0 0 0
    outer loop
   vertex 30.015 23.41 1.376
   vertex 30.365 23.685 1.376
   vertex 30.365 23.495 1.376
  endloop
 endfacet
  facet normal 0 0 0
    outer loop
   vertex 30.015 23.41 1.376
   vertex 29.999 23.77 1.376
   vertex 30.365 23.685 1.376
  endloop
 endfacet
  facet normal 0 0 0
    outer loop
   vertex 30.015 23.05 1.376
   vertex 29.67 23.59 1.376
   vertex 30.015 23.41 1.376
  endloop
 endfacet
  facet normal 0 0 0
    outer loop
   vertex 30.015 23.41 1.376
   vertex 29.67 23.59 1.376
   vertex 29.999 23.77 1.376
  endloop
 endfacet
  facet normal 0 0 0
    outer loop
   vertex 30.365 23.135 1.376
   vertex 30.015 23.41 1.376
   vertex 30.365 23.325 1.376
  endloop
 endfacet
  facet normal 0 0 0
    outer loop
   vertex 30.015 23.05 1.376
   vertex 30.015 23.41 1.376
   vertex 30.365 23.135 1.376
  endloop
 endfacet
  facet normal 0 0 0
    outer loop
   vertex 26.19 21.42 1.376
   vertex 25.99 21.82 1.376
   vertex 26.59 21.42 1.376
  endloop
 endfacet
  facet normal 0 0 0
    outer loop
   vertex 30.565 21.42 1.376
   vertex 30.365 21.525 1.376
   vertex 30.535 21.525 1.376
  endloop
 endfacet
  facet normal 0 0 0
    outer loop
   vertex 26.79 21.62 1.376
   vertex 26.79 22.02 1.376
   vertex 27.903 22.02 1.376
  endloop
 endfacet
  facet normal 0 0 0
    outer loop
   vertex 29.015 21.62 1.376
   vertex 27.903 22.02 1.376
   vertex 29.015 22.02 1.376
  endloop
 endfacet
  facet normal 0 0 0
    outer loop
   vertex 26.79 21.62 1.376
   vertex 27.903 22.02 1.376
   vertex 29.015 21.62 1.376
  endloop
 endfacet
  facet normal 0 0 0
    outer loop
   vertex 30.178 21.42 1.376
   vertex 30.365 21.525 1.376
   vertex 30.565 21.42 1.376
  endloop
 endfacet
  facet normal 0 0 0
    outer loop
   vertex 30.178 21.42 1.376
   vertex 30.365 21.695 1.376
   vertex 30.365 21.525 1.376
  endloop
 endfacet
  facet normal 0 0 0
    outer loop
   vertex 30.565 21.42 1.376
   vertex 30.535 21.525 1.376
   vertex 30.565 21.623 1.376
  endloop
 endfacet
  facet normal 0 0 0
    outer loop
   vertex 30.535 21.525 1.376
   vertex 30.535 21.695 1.376
   vertex 30.565 21.623 1.376
  endloop
 endfacet
  facet normal 0 0 0
    outer loop
   vertex 30.565 21.623 1.376
   vertex 30.535 21.695 1.376
   vertex 30.565 21.724 1.376
  endloop
 endfacet
  facet normal 0 0 0
    outer loop
   vertex 30.365 21.695 1.376
   vertex 30.488 21.774 1.376
   vertex 30.535 21.695 1.376
  endloop
 endfacet
  facet normal 0 0 0
    outer loop
   vertex 30.535 21.695 1.376
   vertex 30.488 21.774 1.376
   vertex 30.565 21.724 1.376
  endloop
 endfacet
  facet normal 0 0 0
    outer loop
   vertex 30.565 21.724 1.376
   vertex 30.488 21.774 1.376
   vertex 30.565 21.825 1.376
  endloop
 endfacet
  facet normal 0 0 0
    outer loop
   vertex 30.365 21.695 1.376
   vertex 30.365 21.885 1.376
   vertex 30.488 21.774 1.376
  endloop
 endfacet
  facet normal 0 0 0
    outer loop
   vertex 30.488 21.774 1.376
   vertex 30.365 21.885 1.376
   vertex 30.535 21.885 1.376
  endloop
 endfacet
  facet normal 0 0 0
    outer loop
   vertex 30.488 21.774 1.376
   vertex 30.535 21.885 1.376
   vertex 30.565 21.825 1.376
  endloop
 endfacet
  facet normal 0 0 0
    outer loop
   vertex 30.365 21.695 1.376
   vertex 29.966 21.79 1.376
   vertex 30.365 21.885 1.376
  endloop
 endfacet
  facet normal 0 0 0
    outer loop
   vertex 30.535 21.97 1.376
   vertex 30.535 22.055 1.376
   vertex 30.565 22.028 1.376
  endloop
 endfacet
  facet normal 0 0 0
    outer loop
   vertex 30.565 21.825 1.376
   vertex 30.535 21.885 1.376
   vertex 30.565 21.926 1.376
  endloop
 endfacet
  facet normal 0 0 0
    outer loop
   vertex 30.565 21.926 1.376
   vertex 30.535 21.97 1.376
   vertex 30.565 22.028 1.376
  endloop
 endfacet
  facet normal 0 0 0
    outer loop
   vertex 30.535 21.885 1.376
   vertex 30.535 21.97 1.376
   vertex 30.565 21.926 1.376
  endloop
 endfacet
  facet normal 0 0 0
    outer loop
   vertex 29.403 21.42 1.376
   vertex 29.966 21.79 1.376
   vertex 29.79 21.42 1.376
  endloop
 endfacet
  facet normal 0 0 0
    outer loop
   vertex 29.015 21.42 1.376
   vertex 29.015 21.62 1.376
   vertex 29.403 21.42 1.376
  endloop
 endfacet
  facet normal 0 0 0
    outer loop
   vertex 29.403 21.42 1.376
   vertex 29.015 21.62 1.376
   vertex 29.015 22.02 1.376
  endloop
 endfacet
  facet normal 0 0 0
    outer loop
   vertex 29.966 21.79 1.376
   vertex 30.365 22.055 1.376
   vertex 30.365 21.885 1.376
  endloop
 endfacet
  facet normal 0 0 0
    outer loop
   vertex 29.79 21.42 1.376
   vertex 29.966 21.79 1.376
   vertex 30.178 21.42 1.376
  endloop
 endfacet
  facet normal 0 0 0
    outer loop
   vertex 30.178 21.42 1.376
   vertex 29.966 21.79 1.376
   vertex 30.365 21.695 1.376
  endloop
 endfacet
  facet normal 0 0 0
    outer loop
   vertex 25.99 21.42 1.376
   vertex 25.99 21.82 1.376
   vertex 26.19 21.42 1.376
  endloop
 endfacet
  facet normal 0 0 0
    outer loop
   vertex 26.59 21.42 1.376
   vertex 26.79 21.62 1.376
   vertex 26.79 21.42 1.376
  endloop
 endfacet
  facet normal 0 0 0
    outer loop
   vertex 26.19 19.646 1.376
   vertex 26.19 20.533 1.376
   vertex 26.59 19.696 1.376
  endloop
 endfacet
  facet normal 0 0 0
    outer loop
   vertex 26.19 20.533 1.376
   vertex 26.19 21.42 1.376
   vertex 26.59 21.42 1.376
  endloop
 endfacet
  facet normal 0 0 0
    outer loop
   vertex 26.59 19.696 1.376
   vertex 26.19 20.533 1.376
   vertex 26.59 21.42 1.376
  endloop
 endfacet
  facet normal 0 0 0
    outer loop
   vertex 33.89 21.42 1.376
   vertex 34.09 21.82 1.376
   vertex 34.09 21.42 1.376
  endloop
 endfacet
  facet normal 0 0 0
    outer loop
   vertex 33.49 21.42 1.376
   vertex 34.09 21.82 1.376
   vertex 33.89 21.42 1.376
  endloop
 endfacet
  facet normal 0 0 0
    outer loop
   vertex 33.49 20.003 1.376
   vertex 33.49 21.42 1.376
   vertex 33.89 21.42 1.376
  endloop
 endfacet
  facet normal 0 0 0
    outer loop
   vertex 33.49 21.42 1.376
   vertex 33.29 21.82 1.376
   vertex 34.09 21.82 1.376
  endloop
 endfacet
  facet normal 0 0 0
    outer loop
   vertex 33.29 21.42 1.376
   vertex 33.29 21.82 1.376
   vertex 33.49 21.42 1.376
  endloop
 endfacet
  facet normal 0 0 0
    outer loop
   vertex 20.99 20.003 1.376
   vertex 20.99 21.42 1.376
   vertex 21.39 21.42 1.376
  endloop
 endfacet
  facet normal 0 0 0
    outer loop
   vertex 20.795 21.42 1.376
   vertex 20.795 21.82 1.376
   vertex 20.99 21.42 1.376
  endloop
 endfacet
  facet normal 0 0 0
    outer loop
   vertex 21.595 21.82 1.376
   vertex 20.795 22.22 1.376
   vertex 21.595 22.22 1.376
  endloop
 endfacet
  facet normal 0 0 0
    outer loop
   vertex 21.39 21.42 1.376
   vertex 21.595 21.82 1.376
   vertex 21.595 21.42 1.376
  endloop
 endfacet
  facet normal 0 0 0
    outer loop
   vertex 20.795 21.82 1.376
   vertex 20.795 22.22 1.376
   vertex 21.595 21.82 1.376
  endloop
 endfacet
  facet normal 0 0 0
    outer loop
   vertex 20.99 21.42 1.376
   vertex 20.795 21.82 1.376
   vertex 21.39 21.42 1.376
  endloop
 endfacet
  facet normal 0 0 0
    outer loop
   vertex 21.39 21.42 1.376
   vertex 20.795 21.82 1.376
   vertex 21.595 21.82 1.376
  endloop
 endfacet
  facet normal 0 0 0
    outer loop
   vertex 22.765 15.75 1.376
   vertex 21.39 16.15 1.376
   vertex 22.853 16.15 1.376
  endloop
 endfacet
  facet normal 0 0 0
    outer loop
   vertex 23.428 14.53 1.376
   vertex 23.675 15.07 1.376
   vertex 23.777 14.53 1.376
  endloop
 endfacet
  facet normal 0 0 0
    outer loop
   vertex 24.315 15.441 1.376
   vertex 24.115 15.525 1.376
   vertex 24.285 15.525 1.376
  endloop
 endfacet
  facet normal 0 0 0
    outer loop
   vertex 23.777 14.53 1.376
   vertex 23.675 15.07 1.376
   vertex 24.115 14.805 1.376
  endloop
 endfacet
  facet normal 0 0 0
    outer loop
   vertex 23.777 14.53 1.376
   vertex 24.115 14.805 1.376
   vertex 24.115 14.615 1.376
  endloop
 endfacet
  facet normal 0 0 0
    outer loop
   vertex 24.315 15.542 1.376
   vertex 24.285 15.61 1.376
   vertex 24.315 15.644 1.376
  endloop
 endfacet
  facet normal 0 0 0
    outer loop
   vertex 24.315 15.644 1.376
   vertex 24.285 15.695 1.376
   vertex 24.315 15.745 1.376
  endloop
 endfacet
  facet normal 0 0 0
    outer loop
   vertex 24.285 15.61 1.376
   vertex 24.285 15.695 1.376
   vertex 24.315 15.644 1.376
  endloop
 endfacet
  facet normal 0 0 0
    outer loop
   vertex 21.39 16.15 1.376
   vertex 20.99 17.168 1.376
   vertex 21.39 17.467 1.376
  endloop
 endfacet
  facet normal 0 0 0
    outer loop
   vertex 21.39 17.467 1.376
   vertex 20.99 18.585 1.376
   vertex 21.39 18.785 1.376
  endloop
 endfacet
  facet normal 0 0 0
    outer loop
   vertex 20.99 17.168 1.376
   vertex 20.99 18.585 1.376
   vertex 21.39 17.467 1.376
  endloop
 endfacet
  facet normal 0 0 0
    outer loop
   vertex 24.115 14.615 1.376
   vertex 24.268 14.682 1.376
   vertex 24.285 14.615 1.376
  endloop
 endfacet
  facet normal 0 0 0
    outer loop
   vertex 24.285 14.615 1.376
   vertex 24.268 14.682 1.376
   vertex 24.315 14.631 1.376
  endloop
 endfacet
  facet normal 0 0 0
    outer loop
   vertex 24.315 14.631 1.376
   vertex 24.268 14.682 1.376
   vertex 24.315 14.732 1.376
  endloop
 endfacet
  facet normal 0 0 0
    outer loop
   vertex 24.115 14.615 1.376
   vertex 24.115 14.805 1.376
   vertex 24.268 14.682 1.376
  endloop
 endfacet
  facet normal 0 0 0
    outer loop
   vertex 24.268 14.682 1.376
   vertex 24.115 14.805 1.376
   vertex 24.285 14.805 1.376
  endloop
 endfacet
  facet normal 0 0 0
    outer loop
   vertex 24.268 14.682 1.376
   vertex 24.285 14.805 1.376
   vertex 24.315 14.732 1.376
  endloop
 endfacet
  facet normal 0 0 0
    outer loop
   vertex 24.241 15.087 1.376
   vertex 24.115 15.165 1.376
   vertex 24.285 15.165 1.376
  endloop
 endfacet
  facet normal 0 0 0
    outer loop
   vertex 24.241 15.087 1.376
   vertex 24.285 15.165 1.376
   vertex 24.315 15.137 1.376
  endloop
 endfacet
  facet normal 0 0 0
    outer loop
   vertex 24.315 15.036 1.376
   vertex 24.241 15.087 1.376
   vertex 24.315 15.137 1.376
  endloop
 endfacet
  facet normal 0 0 0
    outer loop
   vertex 24.115 14.975 1.376
   vertex 24.115 15.165 1.376
   vertex 24.241 15.087 1.376
  endloop
 endfacet
  facet normal 0 0 0
    outer loop
   vertex 24.115 14.975 1.376
   vertex 24.241 15.087 1.376
   vertex 24.285 14.975 1.376
  endloop
 endfacet
  facet normal 0 0 0
    outer loop
   vertex 24.285 14.975 1.376
   vertex 24.241 15.087 1.376
   vertex 24.315 15.036 1.376
  endloop
 endfacet
  facet normal 0 0 0
    outer loop
   vertex 24.315 15.137 1.376
   vertex 24.285 15.165 1.376
   vertex 24.315 15.239 1.376
  endloop
 endfacet
  facet normal 0 0 0
    outer loop
   vertex 24.285 15.165 1.376
   vertex 24.285 15.335 1.376
   vertex 24.315 15.239 1.376
  endloop
 endfacet
  facet normal 0 0 0
    outer loop
   vertex 24.315 15.239 1.376
   vertex 24.285 15.335 1.376
   vertex 24.315 15.34 1.376
  endloop
 endfacet
  facet normal 0 0 0
    outer loop
   vertex 24.115 15.335 1.376
   vertex 24.115 15.525 1.376
   vertex 24.315 15.441 1.376
  endloop
 endfacet
  facet normal 0 0 0
    outer loop
   vertex 24.115 16.055 1.376
   vertex 23.949 16.15 1.376
   vertex 24.315 16.15 1.376
  endloop
 endfacet
  facet normal 0 0 0
    outer loop
   vertex 24.115 15.885 1.376
   vertex 23.949 16.15 1.376
   vertex 24.115 16.055 1.376
  endloop
 endfacet
  facet normal 0 0 0
    outer loop
   vertex 23.405 15.43 1.376
   vertex 23.584 16.15 1.376
   vertex 23.736 15.79 1.376
  endloop
 endfacet
  facet normal 0 0 0
    outer loop
   vertex 24.115 15.695 1.376
   vertex 23.736 15.79 1.376
   vertex 24.115 15.885 1.376
  endloop
 endfacet
  facet normal 0 0 0
    outer loop
   vertex 24.115 15.525 1.376
   vertex 23.736 15.79 1.376
   vertex 24.115 15.695 1.376
  endloop
 endfacet
  facet normal 0 0 0
    outer loop
   vertex 23.405 15.43 1.376
   vertex 23.736 15.79 1.376
   vertex 24.115 15.525 1.376
  endloop
 endfacet
  facet normal 0 0 0
    outer loop
   vertex 23.736 15.79 1.376
   vertex 23.949 16.15 1.376
   vertex 24.115 15.885 1.376
  endloop
 endfacet
  facet normal 0 0 0
    outer loop
   vertex 23.736 15.79 1.376
   vertex 23.584 16.15 1.376
   vertex 23.949 16.15 1.376
  endloop
 endfacet
  facet normal 0 0 0
    outer loop
   vertex 24.115 15.695 1.376
   vertex 24.115 15.885 1.376
   vertex 24.2 15.78 1.376
  endloop
 endfacet
  facet normal 0 0 0
    outer loop
   vertex 24.115 15.695 1.376
   vertex 24.2 15.78 1.376
   vertex 24.285 15.695 1.376
  endloop
 endfacet
  facet normal 0 0 0
    outer loop
   vertex 24.315 15.846 1.376
   vertex 24.285 15.885 1.376
   vertex 24.315 15.947 1.376
  endloop
 endfacet
  facet normal 0 0 0
    outer loop
   vertex 22.765 15.75 1.376
   vertex 22.853 16.15 1.376
   vertex 23.584 16.15 1.376
  endloop
 endfacet
  facet normal 0 0 0
    outer loop
   vertex 24.285 15.695 1.376
   vertex 24.2 15.78 1.376
   vertex 24.315 15.745 1.376
  endloop
 endfacet
  facet normal 0 0 0
    outer loop
   vertex 24.2 15.78 1.376
   vertex 24.115 15.885 1.376
   vertex 24.285 15.885 1.376
  endloop
 endfacet
  facet normal 0 0 0
    outer loop
   vertex 24.315 15.745 1.376
   vertex 24.2 15.78 1.376
   vertex 24.315 15.846 1.376
  endloop
 endfacet
  facet normal 0 0 0
    outer loop
   vertex 24.115 16.055 1.376
   vertex 24.315 16.15 1.376
   vertex 24.285 16.055 1.376
  endloop
 endfacet
  facet normal 0 0 0
    outer loop
   vertex 24.115 15.335 1.376
   vertex 23.405 15.43 1.376
   vertex 24.115 15.525 1.376
  endloop
 endfacet
  facet normal 0 0 0
    outer loop
   vertex 23.405 15.43 1.376
   vertex 22.765 15.75 1.376
   vertex 23.584 16.15 1.376
  endloop
 endfacet
  facet normal 0 0 0
    outer loop
   vertex 24.285 14.89 1.376
   vertex 24.285 14.975 1.376
   vertex 24.315 14.935 1.376
  endloop
 endfacet
  facet normal 0 0 0
    outer loop
   vertex 20.99 15.75 1.376
   vertex 21.39 16.15 1.376
   vertex 22.765 15.75 1.376
  endloop
 endfacet
  facet normal 0 0 0
    outer loop
   vertex 24.315 15.947 1.376
   vertex 24.285 16.055 1.376
   vertex 24.315 16.15 1.376
  endloop
 endfacet
  facet normal 0 0 0
    outer loop
   vertex 24.2 15.78 1.376
   vertex 24.285 15.885 1.376
   vertex 24.315 15.846 1.376
  endloop
 endfacet
  facet normal 0 0 0
    outer loop
   vertex 23.428 14.53 1.376
   vertex 23.405 15.43 1.376
   vertex 23.675 15.07 1.376
  endloop
 endfacet
  facet normal 0 0 0
    outer loop
   vertex 24.115 14.975 1.376
   vertex 23.675 15.07 1.376
   vertex 24.115 15.165 1.376
  endloop
 endfacet
  facet normal 0 0 0
    outer loop
   vertex 24.115 14.805 1.376
   vertex 23.675 15.07 1.376
   vertex 24.115 14.975 1.376
  endloop
 endfacet
  facet normal 0 0 0
    outer loop
   vertex 23.675 15.07 1.376
   vertex 24.115 15.335 1.376
   vertex 24.115 15.165 1.376
  endloop
 endfacet
  facet normal 0 0 0
    outer loop
   vertex 23.675 15.07 1.376
   vertex 23.405 15.43 1.376
   vertex 24.115 15.335 1.376
  endloop
 endfacet
  facet normal 0 0 0
    outer loop
   vertex 20.99 15.75 1.376
   vertex 20.99 17.168 1.376
   vertex 21.39 16.15 1.376
  endloop
 endfacet
  facet normal 0 0 0
    outer loop
   vertex 24.315 15.441 1.376
   vertex 24.285 15.525 1.376
   vertex 24.315 15.542 1.376
  endloop
 endfacet
  facet normal 0 0 0
    outer loop
   vertex 24.285 15.335 1.376
   vertex 24.315 15.441 1.376
   vertex 24.315 15.34 1.376
  endloop
 endfacet
  facet normal 0 0 0
    outer loop
   vertex 24.115 15.335 1.376
   vertex 24.315 15.441 1.376
   vertex 24.285 15.335 1.376
  endloop
 endfacet
  facet normal 0 0 0
    outer loop
   vertex 24.285 15.885 1.376
   vertex 24.285 16.055 1.376
   vertex 24.315 15.947 1.376
  endloop
 endfacet
  facet normal 0 0 0
    outer loop
   vertex 24.285 15.525 1.376
   vertex 24.285 15.61 1.376
   vertex 24.315 15.542 1.376
  endloop
 endfacet
  facet normal 0 0 0
    outer loop
   vertex 24.315 14.732 1.376
   vertex 24.285 14.805 1.376
   vertex 24.315 14.834 1.376
  endloop
 endfacet
  facet normal 0 0 0
    outer loop
   vertex 24.285 14.805 1.376
   vertex 24.285 14.89 1.376
   vertex 24.315 14.834 1.376
  endloop
 endfacet
  facet normal 0 0 0
    outer loop
   vertex 24.315 14.834 1.376
   vertex 24.285 14.89 1.376
   vertex 24.315 14.935 1.376
  endloop
 endfacet
  facet normal 0 0 0
    outer loop
   vertex 24.315 14.53 1.376
   vertex 24.285 14.615 1.376
   vertex 24.315 14.631 1.376
  endloop
 endfacet
  facet normal 0 0 0
    outer loop
   vertex 24.315 14.935 1.376
   vertex 24.285 14.975 1.376
   vertex 24.315 15.036 1.376
  endloop
 endfacet
  facet normal 0 0 0
    outer loop
   vertex 36.615 15.695 1.376
   vertex 36.615 15.885 1.376
   vertex 36.7 15.78 1.376
  endloop
 endfacet
  facet normal 0 0 0
    outer loop
   vertex 36.615 15.695 1.376
   vertex 36.7 15.78 1.376
   vertex 36.785 15.695 1.376
  endloop
 endfacet
  facet normal 0 0 0
    outer loop
   vertex 36.785 15.695 1.376
   vertex 36.7 15.78 1.376
   vertex 36.815 15.745 1.376
  endloop
 endfacet
  facet normal 0 0 0
    outer loop
   vertex 36.7 15.78 1.376
   vertex 36.615 15.885 1.376
   vertex 36.785 15.885 1.376
  endloop
 endfacet
  facet normal 0 0 0
    outer loop
   vertex 36.815 15.745 1.376
   vertex 36.7 15.78 1.376
   vertex 36.815 15.846 1.376
  endloop
 endfacet
  facet normal 0 0 0
    outer loop
   vertex 36.7 15.78 1.376
   vertex 36.785 15.885 1.376
   vertex 36.815 15.846 1.376
  endloop
 endfacet
  facet normal 0 0 0
    outer loop
   vertex 35.928 14.53 1.376
   vertex 35.905 15.43 1.376
   vertex 36.175 15.07 1.376
  endloop
 endfacet
  facet normal 0 0 0
    outer loop
   vertex 36.615 14.975 1.376
   vertex 36.175 15.07 1.376
   vertex 36.615 15.165 1.376
  endloop
 endfacet
  facet normal 0 0 0
    outer loop
   vertex 36.615 14.805 1.376
   vertex 36.175 15.07 1.376
   vertex 36.615 14.975 1.376
  endloop
 endfacet
  facet normal 0 0 0
    outer loop
   vertex 36.175 15.07 1.376
   vertex 36.615 15.335 1.376
   vertex 36.615 15.165 1.376
  endloop
 endfacet
  facet normal 0 0 0
    outer loop
   vertex 36.175 15.07 1.376
   vertex 35.905 15.43 1.376
   vertex 36.615 15.335 1.376
  endloop
 endfacet
  facet normal 0 0 0
    outer loop
   vertex 33.49 15.75 1.376
   vertex 33.49 17.168 1.376
   vertex 33.89 16.15 1.376
  endloop
 endfacet
  facet normal 0 0 0
    outer loop
   vertex 35.265 15.75 1.376
   vertex 33.89 16.15 1.376
   vertex 35.353 16.15 1.376
  endloop
 endfacet
  facet normal 0 0 0
    outer loop
   vertex 36.615 16.055 1.376
   vertex 36.815 16.15 1.376
   vertex 36.785 16.055 1.376
  endloop
 endfacet
  facet normal 0 0 0
    outer loop
   vertex 36.815 15.846 1.376
   vertex 36.785 15.885 1.376
   vertex 36.815 15.947 1.376
  endloop
 endfacet
  facet normal 0 0 0
    outer loop
   vertex 35.265 15.75 1.376
   vertex 35.353 16.15 1.376
   vertex 36.084 16.15 1.376
  endloop
 endfacet
  facet normal 0 0 0
    outer loop
   vertex 36.815 14.732 1.376
   vertex 36.785 14.805 1.376
   vertex 36.815 14.834 1.376
  endloop
 endfacet
  facet normal 0 0 0
    outer loop
   vertex 36.785 14.805 1.376
   vertex 36.785 14.89 1.376
   vertex 36.815 14.834 1.376
  endloop
 endfacet
  facet normal 0 0 0
    outer loop
   vertex 36.815 14.834 1.376
   vertex 36.785 14.89 1.376
   vertex 36.815 14.935 1.376
  endloop
 endfacet
  facet normal 0 0 0
    outer loop
   vertex 36.815 14.53 1.376
   vertex 36.785 14.615 1.376
   vertex 36.815 14.631 1.376
  endloop
 endfacet
  facet normal 0 0 0
    outer loop
   vertex 36.815 14.935 1.376
   vertex 36.785 14.975 1.376
   vertex 36.815 15.036 1.376
  endloop
 endfacet
  facet normal 0 0 0
    outer loop
   vertex 33.49 15.75 1.376
   vertex 33.89 16.15 1.376
   vertex 35.265 15.75 1.376
  endloop
 endfacet
  facet normal 0 0 0
    outer loop
   vertex 35.928 14.53 1.376
   vertex 36.175 15.07 1.376
   vertex 36.277 14.53 1.376
  endloop
 endfacet
  facet normal 0 0 0
    outer loop
   vertex 36.615 15.335 1.376
   vertex 35.905 15.43 1.376
   vertex 36.615 15.525 1.376
  endloop
 endfacet
  facet normal 0 0 0
    outer loop
   vertex 36.277 14.53 1.376
   vertex 36.175 15.07 1.376
   vertex 36.615 14.805 1.376
  endloop
 endfacet
  facet normal 0 0 0
    outer loop
   vertex 36.277 14.53 1.376
   vertex 36.615 14.805 1.376
   vertex 36.615 14.615 1.376
  endloop
 endfacet
  facet normal 0 0 0
    outer loop
   vertex 36.815 15.542 1.376
   vertex 36.785 15.61 1.376
   vertex 36.815 15.644 1.376
  endloop
 endfacet
  facet normal 0 0 0
    outer loop
   vertex 36.815 15.644 1.376
   vertex 36.785 15.695 1.376
   vertex 36.815 15.745 1.376
  endloop
 endfacet
  facet normal 0 0 0
    outer loop
   vertex 36.785 15.61 1.376
   vertex 36.785 15.695 1.376
   vertex 36.815 15.644 1.376
  endloop
 endfacet
  facet normal 0 0 0
    outer loop
   vertex 33.89 16.15 1.376
   vertex 33.49 17.168 1.376
   vertex 33.89 17.467 1.376
  endloop
 endfacet
  facet normal 0 0 0
    outer loop
   vertex 33.89 17.467 1.376
   vertex 33.49 18.585 1.376
   vertex 33.89 18.785 1.376
  endloop
 endfacet
  facet normal 0 0 0
    outer loop
   vertex 33.49 17.168 1.376
   vertex 33.49 18.585 1.376
   vertex 33.89 17.467 1.376
  endloop
 endfacet
  facet normal 0 0 0
    outer loop
   vertex 36.615 14.615 1.376
   vertex 36.768 14.682 1.376
   vertex 36.785 14.615 1.376
  endloop
 endfacet
  facet normal 0 0 0
    outer loop
   vertex 36.785 14.615 1.376
   vertex 36.768 14.682 1.376
   vertex 36.815 14.631 1.376
  endloop
 endfacet
  facet normal 0 0 0
    outer loop
   vertex 36.815 14.631 1.376
   vertex 36.768 14.682 1.376
   vertex 36.815 14.732 1.376
  endloop
 endfacet
  facet normal 0 0 0
    outer loop
   vertex 36.615 14.615 1.376
   vertex 36.615 14.805 1.376
   vertex 36.768 14.682 1.376
  endloop
 endfacet
  facet normal 0 0 0
    outer loop
   vertex 36.768 14.682 1.376
   vertex 36.615 14.805 1.376
   vertex 36.785 14.805 1.376
  endloop
 endfacet
  facet normal 0 0 0
    outer loop
   vertex 36.768 14.682 1.376
   vertex 36.785 14.805 1.376
   vertex 36.815 14.732 1.376
  endloop
 endfacet
  facet normal 0 0 0
    outer loop
   vertex 36.741 15.087 1.376
   vertex 36.615 15.165 1.376
   vertex 36.785 15.165 1.376
  endloop
 endfacet
  facet normal 0 0 0
    outer loop
   vertex 36.741 15.087 1.376
   vertex 36.785 15.165 1.376
   vertex 36.815 15.137 1.376
  endloop
 endfacet
  facet normal 0 0 0
    outer loop
   vertex 36.815 15.036 1.376
   vertex 36.741 15.087 1.376
   vertex 36.815 15.137 1.376
  endloop
 endfacet
  facet normal 0 0 0
    outer loop
   vertex 36.615 14.975 1.376
   vertex 36.615 15.165 1.376
   vertex 36.741 15.087 1.376
  endloop
 endfacet
  facet normal 0 0 0
    outer loop
   vertex 36.615 14.975 1.376
   vertex 36.741 15.087 1.376
   vertex 36.785 14.975 1.376
  endloop
 endfacet
  facet normal 0 0 0
    outer loop
   vertex 36.785 14.975 1.376
   vertex 36.741 15.087 1.376
   vertex 36.815 15.036 1.376
  endloop
 endfacet
  facet normal 0 0 0
    outer loop
   vertex 36.815 15.137 1.376
   vertex 36.785 15.165 1.376
   vertex 36.815 15.239 1.376
  endloop
 endfacet
  facet normal 0 0 0
    outer loop
   vertex 36.785 15.165 1.376
   vertex 36.785 15.335 1.376
   vertex 36.815 15.239 1.376
  endloop
 endfacet
  facet normal 0 0 0
    outer loop
   vertex 36.815 15.239 1.376
   vertex 36.785 15.335 1.376
   vertex 36.815 15.34 1.376
  endloop
 endfacet
  facet normal 0 0 0
    outer loop
   vertex 35.905 15.43 1.376
   vertex 35.265 15.75 1.376
   vertex 36.084 16.15 1.376
  endloop
 endfacet
  facet normal 0 0 0
    outer loop
   vertex 36.785 14.89 1.376
   vertex 36.785 14.975 1.376
   vertex 36.815 14.935 1.376
  endloop
 endfacet
  facet normal 0 0 0
    outer loop
   vertex 36.815 15.947 1.376
   vertex 36.785 16.055 1.376
   vertex 36.815 16.15 1.376
  endloop
 endfacet
  facet normal 0 0 0
    outer loop
   vertex 36.785 15.885 1.376
   vertex 36.785 16.055 1.376
   vertex 36.815 15.947 1.376
  endloop
 endfacet
  facet normal 0 0 0
    outer loop
   vertex 36.785 15.525 1.376
   vertex 36.785 15.61 1.376
   vertex 36.815 15.542 1.376
  endloop
 endfacet
  facet normal 0 0 0
    outer loop
   vertex 36.815 15.441 1.376
   vertex 36.785 15.525 1.376
   vertex 36.815 15.542 1.376
  endloop
 endfacet
  facet normal 0 0 0
    outer loop
   vertex 36.785 15.335 1.376
   vertex 36.815 15.441 1.376
   vertex 36.815 15.34 1.376
  endloop
 endfacet
  facet normal 0 0 0
    outer loop
   vertex 36.615 15.335 1.376
   vertex 36.815 15.441 1.376
   vertex 36.785 15.335 1.376
  endloop
 endfacet
  facet normal 0 0 0
    outer loop
   vertex 36.815 15.441 1.376
   vertex 36.615 15.525 1.376
   vertex 36.785 15.525 1.376
  endloop
 endfacet
  facet normal 0 0 0
    outer loop
   vertex 36.615 15.335 1.376
   vertex 36.615 15.525 1.376
   vertex 36.815 15.441 1.376
  endloop
 endfacet
  facet normal 0 0 0
    outer loop
   vertex 36.615 16.055 1.376
   vertex 36.449 16.15 1.376
   vertex 36.815 16.15 1.376
  endloop
 endfacet
  facet normal 0 0 0
    outer loop
   vertex 36.615 15.885 1.376
   vertex 36.449 16.15 1.376
   vertex 36.615 16.055 1.376
  endloop
 endfacet
  facet normal 0 0 0
    outer loop
   vertex 35.905 15.43 1.376
   vertex 36.084 16.15 1.376
   vertex 36.236 15.79 1.376
  endloop
 endfacet
  facet normal 0 0 0
    outer loop
   vertex 26.59 14.525 1.376
   vertex 26.19 15.212 1.376
   vertex 26.59 16.249 1.376
  endloop
 endfacet
  facet normal 0 0 0
    outer loop
   vertex 26.19 15.212 1.376
   vertex 26.19 16.099 1.376
   vertex 26.59 16.249 1.376
  endloop
 endfacet
  facet normal 0 0 0
    outer loop
   vertex 26.59 17.111 1.376
   vertex 26.19 17.873 1.376
   vertex 26.59 17.973 1.376
  endloop
 endfacet
  facet normal 0 0 0
    outer loop
   vertex 26.19 16.099 1.376
   vertex 26.59 17.111 1.376
   vertex 26.59 16.249 1.376
  endloop
 endfacet
  facet normal 0 0 0
    outer loop
   vertex 26.19 16.099 1.376
   vertex 26.19 17.873 1.376
   vertex 26.59 17.111 1.376
  endloop
 endfacet
  facet normal 0 0 0
    outer loop
   vertex 26.19 17.873 1.376
   vertex 26.19 18.759 1.376
   vertex 26.59 17.973 1.376
  endloop
 endfacet
  facet normal 0 0 0
    outer loop
   vertex 36.615 15.695 1.376
   vertex 36.236 15.79 1.376
   vertex 36.615 15.885 1.376
  endloop
 endfacet
  facet normal 0 0 0
    outer loop
   vertex 36.615 15.525 1.376
   vertex 36.236 15.79 1.376
   vertex 36.615 15.695 1.376
  endloop
 endfacet
  facet normal 0 0 0
    outer loop
   vertex 35.905 15.43 1.376
   vertex 36.236 15.79 1.376
   vertex 36.615 15.525 1.376
  endloop
 endfacet
  facet normal 0 0 0
    outer loop
   vertex 36.236 15.79 1.376
   vertex 36.449 16.15 1.376
   vertex 36.615 15.885 1.376
  endloop
 endfacet
  facet normal 0 0 0
    outer loop
   vertex 36.236 15.79 1.376
   vertex 36.084 16.15 1.376
   vertex 36.449 16.15 1.376
  endloop
 endfacet
  facet normal 0 0 0
    outer loop
   vertex -9.255 14.785 1.376
   vertex -9.23 14.85 1.376
   vertex -9.085 14.785 1.376
  endloop
 endfacet
  facet normal 0 0 0
    outer loop
   vertex -9.308 14.603 1.376
   vertex -9.51 14.89 1.376
   vertex -9.415 14.89 1.376
  endloop
 endfacet
  facet normal 0 0 0
    outer loop
   vertex -9.085 14.785 1.376
   vertex -9.23 14.85 1.376
   vertex -9.02 14.85 1.376
  endloop
 endfacet
  facet normal 0 0 0
    outer loop
   vertex -2.07 22.01 1.376
   vertex -2.07 22.22 1.376
   vertex -1.27 22.22 1.376
  endloop
 endfacet
  facet normal 0 0 0
    outer loop
   vertex -1.27 21.42 1.376
   vertex -2.07 22.01 1.376
   vertex -1.27 22.22 1.376
  endloop
 endfacet
  facet normal 0 0 0
    outer loop
   vertex -1.27 21.42 1.376
   vertex -2.07 21.63 1.376
   vertex -2.07 22.01 1.376
  endloop
 endfacet
  facet normal 0 0 0
    outer loop
   vertex -2.07 21.42 1.376
   vertex -2.07 21.63 1.376
   vertex -1.27 21.42 1.376
  endloop
 endfacet
  facet normal 0 0 0
    outer loop
   vertex -2.56 21.63 1.376
   vertex -2.94 22.01 1.376
   vertex -2.07 22.01 1.376
  endloop
 endfacet
  facet normal 0 0 0
    outer loop
   vertex -2.56 21.63 1.376
   vertex -2.07 22.01 1.376
   vertex -2.07 21.63 1.376
  endloop
 endfacet
  facet normal 0 0 0
    outer loop
   vertex -2.94 21.073 1.376
   vertex -2.94 22.01 1.376
   vertex -2.56 21.63 1.376
  endloop
 endfacet
  facet normal 0 0 0
    outer loop
   vertex -2.56 19.85 1.376
   vertex -2.94 21.073 1.376
   vertex -2.56 21.63 1.376
  endloop
 endfacet
  facet normal 0 0 0
    outer loop
   vertex -2.56 19.85 1.376
   vertex -2.94 20.135 1.376
   vertex -2.94 21.073 1.376
  endloop
 endfacet
  facet normal 0 0 0
    outer loop
   vertex -2.56 18.07 1.376
   vertex -2.94 18.26 1.376
   vertex -2.56 18.96 1.376
  endloop
 endfacet
  facet normal 0 0 0
    outer loop
   vertex -2.94 18.26 1.376
   vertex -2.94 20.135 1.376
   vertex -2.56 18.96 1.376
  endloop
 endfacet
  facet normal 0 0 0
    outer loop
   vertex -2.56 18.96 1.376
   vertex -2.94 20.135 1.376
   vertex -2.56 19.85 1.376
  endloop
 endfacet
  facet normal 0 0 0
    outer loop
   vertex -2.94 17.323 1.376
   vertex -2.94 18.26 1.376
   vertex -2.56 18.07 1.376
  endloop
 endfacet
  facet normal 0 0 0
    outer loop
   vertex -2.56 16.29 1.376
   vertex -2.94 17.323 1.376
   vertex -2.56 18.07 1.376
  endloop
 endfacet
  facet normal 0 0 0
    outer loop
   vertex -2.56 16.29 1.376
   vertex -2.94 16.385 1.376
   vertex -2.94 17.323 1.376
  endloop
 endfacet
  facet normal 0 0 0
    outer loop
   vertex -2.94 15.448 1.376
   vertex -2.94 16.385 1.376
   vertex -2.56 16.29 1.376
  endloop
 endfacet
  facet normal 0 0 0
    outer loop
   vertex -9.255 14.785 1.376
   vertex -9.32 14.85 1.376
   vertex -9.23 14.85 1.376
  endloop
 endfacet
  facet normal 0 0 0
    outer loop
   vertex -9.295 14.55 1.376
   vertex -9.255 14.615 1.376
   vertex -9.085 14.615 1.376
  endloop
 endfacet
  facet normal 0 0 0
    outer loop
   vertex -7.47 14.55 1.376
   vertex -7.47 14.85 1.376
   vertex -7.405 14.615 1.376
  endloop
 endfacet
  facet normal 0 0 0
    outer loop
   vertex -7.03 14.55 1.376
   vertex -7.235 14.615 1.376
   vertex -7.03 14.85 1.376
  endloop
 endfacet
  facet normal 0 0 0
    outer loop
   vertex -7.47 14.55 1.376
   vertex -7.405 14.615 1.376
   vertex -7.235 14.615 1.376
  endloop
 endfacet
  facet normal 0 0 0
    outer loop
   vertex -7.235 14.615 1.376
   vertex -7.235 14.785 1.376
   vertex -7.03 14.85 1.376
  endloop
 endfacet
  facet normal 0 0 0
    outer loop
   vertex -7.405 14.785 1.376
   vertex -7.47 14.85 1.376
   vertex -7.235 14.785 1.376
  endloop
 endfacet
  facet normal 0 0 0
    outer loop
   vertex -7.405 14.615 1.376
   vertex -7.47 14.85 1.376
   vertex -7.405 14.785 1.376
  endloop
 endfacet
  facet normal 0 0 0
    outer loop
   vertex -6.65 14.55 1.376
   vertex -6.65 14.85 1.376
   vertex -6.455 14.615 1.376
  endloop
 endfacet
  facet normal 0 0 0
    outer loop
   vertex -6.22 14.55 1.376
   vertex -6.455 14.615 1.376
   vertex -6.285 14.615 1.376
  endloop
 endfacet
  facet normal 0 0 0
    outer loop
   vertex -6.22 14.55 1.376
   vertex -6.285 14.615 1.376
   vertex -6.22 14.85 1.376
  endloop
 endfacet
  facet normal 0 0 0
    outer loop
   vertex -6.285 14.615 1.376
   vertex -6.285 14.785 1.376
   vertex -6.22 14.85 1.376
  endloop
 endfacet
  facet normal 0 0 0
    outer loop
   vertex -6.455 14.615 1.376
   vertex -6.65 14.85 1.376
   vertex -6.455 14.785 1.376
  endloop
 endfacet
  facet normal 0 0 0
    outer loop
   vertex -6.455 14.785 1.376
   vertex -6.22 14.85 1.376
   vertex -6.285 14.785 1.376
  endloop
 endfacet
  facet normal 0 0 0
    outer loop
   vertex -7.47 14.55 1.376
   vertex -7.235 14.615 1.376
   vertex -7.03 14.55 1.376
  endloop
 endfacet
  facet normal 0 0 0
    outer loop
   vertex -7.235 14.785 1.376
   vertex -7.47 14.85 1.376
   vertex -7.03 14.85 1.376
  endloop
 endfacet
  facet normal 0 0 0
    outer loop
   vertex -6.455 14.785 1.376
   vertex -6.65 14.85 1.376
   vertex -6.22 14.85 1.376
  endloop
 endfacet
  facet normal 0 0 0
    outer loop
   vertex -6.65 14.55 1.376
   vertex -6.455 14.615 1.376
   vertex -6.22 14.55 1.376
  endloop
 endfacet
  facet normal 0 0 0
    outer loop
   vertex -7.03 14.85 1.376
   vertex -7.03 14.89 1.376
   vertex -6.935 14.89 1.376
  endloop
 endfacet
  facet normal 0 0 0
    outer loop
   vertex -6.65 14.85 1.376
   vertex -6.745 14.89 1.376
   vertex -6.65 14.89 1.376
  endloop
 endfacet
  facet normal 0 0 0
    outer loop
   vertex -9.295 14.55 1.376
   vertex -9.085 14.615 1.376
   vertex -9.02 14.55 1.376
  endloop
 endfacet
  facet normal 0 0 0
    outer loop
   vertex -9.308 14.603 1.376
   vertex -9.32 14.85 1.376
   vertex -9.255 14.785 1.376
  endloop
 endfacet
  facet normal 0 0 0
    outer loop
   vertex -6.888 14.7 1.376
   vertex -6.935 14.89 1.376
   vertex -6.84 14.89 1.376
  endloop
 endfacet
  facet normal 0 0 0
    outer loop
   vertex -9.308 14.603 1.376
   vertex -9.255 14.785 1.376
   vertex -9.255 14.615 1.376
  endloop
 endfacet
  facet normal 0 0 0
    outer loop
   vertex -9.32 14.55 1.376
   vertex -9.308 14.603 1.376
   vertex -9.295 14.55 1.376
  endloop
 endfacet
  facet normal 0 0 0
    outer loop
   vertex -6.888 14.7 1.376
   vertex -7.03 14.85 1.376
   vertex -6.935 14.89 1.376
  endloop
 endfacet
  facet normal 0 0 0
    outer loop
   vertex -7.03 14.55 1.376
   vertex -7.03 14.85 1.376
   vertex -6.888 14.7 1.376
  endloop
 endfacet
  facet normal 0 0 0
    outer loop
   vertex -9.295 14.55 1.376
   vertex -9.308 14.603 1.376
   vertex -9.255 14.615 1.376
  endloop
 endfacet
  facet normal 0 0 0
    outer loop
   vertex -6.888 14.7 1.376
   vertex -6.84 14.89 1.376
   vertex -6.745 14.89 1.376
  endloop
 endfacet
  facet normal 0 0 0
    outer loop
   vertex -6.888 14.7 1.376
   vertex -6.745 14.89 1.376
   vertex -6.65 14.85 1.376
  endloop
 endfacet
  facet normal 0 0 0
    outer loop
   vertex -9.02 14.55 1.376
   vertex -9.085 14.615 1.376
   vertex -9.02 14.85 1.376
  endloop
 endfacet
  facet normal 0 0 0
    outer loop
   vertex -6.65 14.55 1.376
   vertex -6.888 14.7 1.376
   vertex -6.65 14.85 1.376
  endloop
 endfacet
  facet normal 0 0 0
    outer loop
   vertex -4.67 14.55 1.376
   vertex -4.67 14.85 1.376
   vertex -4.605 14.615 1.376
  endloop
 endfacet
  facet normal 0 0 0
    outer loop
   vertex -4.605 14.615 1.376
   vertex -4.67 14.85 1.376
   vertex -4.605 14.785 1.376
  endloop
 endfacet
  facet normal 0 0 0
    outer loop
   vertex -4.67 14.55 1.376
   vertex -4.605 14.615 1.376
   vertex -4.46 14.55 1.376
  endloop
 endfacet
  facet normal 0 0 0
    outer loop
   vertex -4.46 14.55 1.376
   vertex -4.605 14.615 1.376
   vertex -4.435 14.615 1.376
  endloop
 endfacet
  facet normal 0 0 0
    outer loop
   vertex -4.46 14.55 1.376
   vertex -4.435 14.615 1.376
   vertex -4.37 14.55 1.376
  endloop
 endfacet
  facet normal 0 0 0
    outer loop
   vertex -4.605 14.785 1.376
   vertex -4.395 14.85 1.376
   vertex -4.435 14.785 1.376
  endloop
 endfacet
  facet normal 0 0 0
    outer loop
   vertex -4.605 14.785 1.376
   vertex -4.67 14.85 1.376
   vertex -4.395 14.85 1.376
  endloop
 endfacet
  facet normal 0 0 0
    outer loop
   vertex -4.37 14.55 1.376
   vertex -4.435 14.615 1.376
   vertex -4.382 14.797 1.376
  endloop
 endfacet
  facet normal 0 0 0
    outer loop
   vertex -4.435 14.615 1.376
   vertex -4.435 14.785 1.376
   vertex -4.382 14.797 1.376
  endloop
 endfacet
  facet normal 0 0 0
    outer loop
   vertex -4.382 14.797 1.376
   vertex -4.395 14.85 1.376
   vertex -4.37 14.85 1.376
  endloop
 endfacet
  facet normal 0 0 0
    outer loop
   vertex -4.435 14.785 1.376
   vertex -4.395 14.85 1.376
   vertex -4.382 14.797 1.376
  endloop
 endfacet
  facet normal 0 0 0
    outer loop
   vertex -9.085 14.615 1.376
   vertex -9.085 14.785 1.376
   vertex -9.02 14.85 1.376
  endloop
 endfacet
  facet normal 0 0 0
    outer loop
   vertex -9.32 14.85 1.376
   vertex -9.415 14.89 1.376
   vertex -9.32 14.89 1.376
  endloop
 endfacet
  facet normal 0 0 0
    outer loop
   vertex -4.37 14.85 1.376
   vertex -4.37 14.89 1.376
   vertex -4.275 14.89 1.376
  endloop
 endfacet
  facet normal 0 0 0
    outer loop
   vertex -4.382 14.797 1.376
   vertex -4.37 14.85 1.376
   vertex -4.275 14.89 1.376
  endloop
 endfacet
  facet normal 0 0 0
    outer loop
   vertex -4.382 14.797 1.376
   vertex -4.275 14.89 1.376
   vertex -4.18 14.89 1.376
  endloop
 endfacet
  facet normal 0 0 0
    outer loop
   vertex -9.308 14.603 1.376
   vertex -9.415 14.89 1.376
   vertex -9.32 14.85 1.376
  endloop
 endfacet
  facet normal 0 0 0
    outer loop
   vertex 26.19 9.004 1.376
   vertex 26.19 10.778 1.376
   vertex 26.59 9.354 1.376
  endloop
 endfacet
  facet normal 0 0 0
    outer loop
   vertex 26.59 9.354 1.376
   vertex 26.19 10.778 1.376
   vertex 26.59 11.078 1.376
  endloop
 endfacet
  facet normal 0 0 0
    outer loop
   vertex 36.815 14.125 1.376
   vertex 36.785 14.17 1.376
   vertex 36.815 14.226 1.376
  endloop
 endfacet
  facet normal 0 0 0
    outer loop
   vertex 36.815 14.024 1.376
   vertex 36.785 14.085 1.376
   vertex 36.815 14.125 1.376
  endloop
 endfacet
  facet normal 0 0 0
    outer loop
   vertex 36.815 13.821 1.376
   vertex 36.785 13.895 1.376
   vertex 36.815 13.922 1.376
  endloop
 endfacet
  facet normal 0 0 0
    outer loop
   vertex 36.815 13.72 1.376
   vertex 36.785 13.725 1.376
   vertex 36.815 13.821 1.376
  endloop
 endfacet
  facet normal 0 0 0
    outer loop
   vertex 36.785 13.725 1.376
   vertex 36.785 13.895 1.376
   vertex 36.815 13.821 1.376
  endloop
 endfacet
  facet normal 0 0 0
    outer loop
   vertex 36.815 13.112 1.376
   vertex 36.785 13.175 1.376
   vertex 36.815 13.214 1.376
  endloop
 endfacet
  facet normal 0 0 0
    outer loop
   vertex 36.785 13.175 1.376
   vertex 36.7 13.28 1.376
   vertex 36.815 13.214 1.376
  endloop
 endfacet
  facet normal 0 0 0
    outer loop
   vertex 36.815 13.214 1.376
   vertex 36.7 13.28 1.376
   vertex 36.815 13.315 1.376
  endloop
 endfacet
  facet normal 0 0 0
    outer loop
   vertex 36.785 13.45 1.376
   vertex 36.785 13.535 1.376
   vertex 36.815 13.517 1.376
  endloop
 endfacet
  facet normal 0 0 0
    outer loop
   vertex 36.815 12.91 1.376
   vertex 36.615 13.005 1.376
   vertex 36.785 13.005 1.376
  endloop
 endfacet
  facet normal 0 0 0
    outer loop
   vertex 36.768 14.378 1.376
   vertex 36.615 14.445 1.376
   vertex 36.785 14.445 1.376
  endloop
 endfacet
  facet normal 0 0 0
    outer loop
   vertex 36.768 14.378 1.376
   vertex 36.785 14.445 1.376
   vertex 36.815 14.429 1.376
  endloop
 endfacet
  facet normal 0 0 0
    outer loop
   vertex 36.815 14.327 1.376
   vertex 36.768 14.378 1.376
   vertex 36.815 14.429 1.376
  endloop
 endfacet
  facet normal 0 0 0
    outer loop
   vertex 36.615 14.255 1.376
   vertex 36.615 14.445 1.376
   vertex 36.768 14.378 1.376
  endloop
 endfacet
  facet normal 0 0 0
    outer loop
   vertex 36.785 14.255 1.376
   vertex 36.768 14.378 1.376
   vertex 36.815 14.327 1.376
  endloop
 endfacet
  facet normal 0 0 0
    outer loop
   vertex 36.615 14.255 1.376
   vertex 36.768 14.378 1.376
   vertex 36.785 14.255 1.376
  endloop
 endfacet
  facet normal 0 0 0
    outer loop
   vertex 36.615 13.895 1.376
   vertex 36.741 13.973 1.376
   vertex 36.785 13.895 1.376
  endloop
 endfacet
  facet normal 0 0 0
    outer loop
   vertex 36.785 13.895 1.376
   vertex 36.741 13.973 1.376
   vertex 36.815 13.922 1.376
  endloop
 endfacet
  facet normal 0 0 0
    outer loop
   vertex 36.815 13.922 1.376
   vertex 36.741 13.973 1.376
   vertex 36.815 14.024 1.376
  endloop
 endfacet
  facet normal 0 0 0
    outer loop
   vertex 36.615 13.895 1.376
   vertex 36.615 14.085 1.376
   vertex 36.741 13.973 1.376
  endloop
 endfacet
  facet normal 0 0 0
    outer loop
   vertex 36.741 13.973 1.376
   vertex 36.615 14.085 1.376
   vertex 36.785 14.085 1.376
  endloop
 endfacet
  facet normal 0 0 0
    outer loop
   vertex 36.741 13.973 1.376
   vertex 36.785 14.085 1.376
   vertex 36.815 14.024 1.376
  endloop
 endfacet
  facet normal 0 0 0
    outer loop
   vertex 36.428 12.91 1.376
   vertex 36.615 13.005 1.376
   vertex 36.815 12.91 1.376
  endloop
 endfacet
  facet normal 0 0 0
    outer loop
   vertex 36.428 12.91 1.376
   vertex 36.615 13.175 1.376
   vertex 36.615 13.005 1.376
  endloop
 endfacet
  facet normal 0 0 0
    outer loop
   vertex 36.223 13.27 1.376
   vertex 36.615 13.535 1.376
   vertex 36.615 13.365 1.376
  endloop
 endfacet
  facet normal 0 0 0
    outer loop
   vertex 36.615 13.175 1.376
   vertex 36.223 13.27 1.376
   vertex 36.615 13.365 1.376
  endloop
 endfacet
  facet normal 0 0 0
    outer loop
   vertex 36.428 12.91 1.376
   vertex 36.223 13.27 1.376
   vertex 36.615 13.175 1.376
  endloop
 endfacet
  facet normal 0 0 0
    outer loop
   vertex 36.04 12.91 1.376
   vertex 36.223 13.27 1.376
   vertex 36.428 12.91 1.376
  endloop
 endfacet
  facet normal 0 0 0
    outer loop
   vertex 35.265 12.91 1.376
   vertex 36.223 13.27 1.376
   vertex 36.04 12.91 1.376
  endloop
 endfacet
  facet normal 0 0 0
    outer loop
   vertex 36.785 14.085 1.376
   vertex 36.785 14.17 1.376
   vertex 36.815 14.125 1.376
  endloop
 endfacet
  facet normal 0 0 0
    outer loop
   vertex 36.815 13.416 1.376
   vertex 36.785 13.45 1.376
   vertex 36.815 13.517 1.376
  endloop
 endfacet
  facet normal 0 0 0
    outer loop
   vertex 36.815 13.315 1.376
   vertex 36.785 13.365 1.376
   vertex 36.815 13.416 1.376
  endloop
 endfacet
  facet normal 0 0 0
    outer loop
   vertex 36.785 13.365 1.376
   vertex 36.785 13.45 1.376
   vertex 36.815 13.416 1.376
  endloop
 endfacet
  facet normal 0 0 0
    outer loop
   vertex 36.615 13.895 1.376
   vertex 36.265 14.17 1.376
   vertex 36.615 14.085 1.376
  endloop
 endfacet
  facet normal 0 0 0
    outer loop
   vertex 36.056 13.81 1.376
   vertex 36.265 14.17 1.376
   vertex 36.615 13.895 1.376
  endloop
 endfacet
  facet normal 0 0 0
    outer loop
   vertex 36.815 12.91 1.376
   vertex 36.785 13.005 1.376
   vertex 36.815 13.112 1.376
  endloop
 endfacet
  facet normal 0 0 0
    outer loop
   vertex 36.615 14.085 1.376
   vertex 36.265 14.17 1.376
   vertex 36.615 14.255 1.376
  endloop
 endfacet
  facet normal 0 0 0
    outer loop
   vertex 36.785 13.005 1.376
   vertex 36.785 13.175 1.376
   vertex 36.815 13.112 1.376
  endloop
 endfacet
  facet normal 0 0 0
    outer loop
   vertex 36.615 13.175 1.376
   vertex 36.615 13.365 1.376
   vertex 36.7 13.28 1.376
  endloop
 endfacet
  facet normal 0 0 0
    outer loop
   vertex 36.7 13.28 1.376
   vertex 36.615 13.365 1.376
   vertex 36.785 13.365 1.376
  endloop
 endfacet
  facet normal 0 0 0
    outer loop
   vertex 36.7 13.28 1.376
   vertex 36.785 13.365 1.376
   vertex 36.815 13.315 1.376
  endloop
 endfacet
  facet normal 0 0 0
    outer loop
   vertex 36.615 13.175 1.376
   vertex 36.7 13.28 1.376
   vertex 36.785 13.175 1.376
  endloop
 endfacet
  facet normal 0 0 0
    outer loop
   vertex 36.615 13.535 1.376
   vertex 36.785 13.63 1.376
   vertex 36.785 13.535 1.376
  endloop
 endfacet
  facet normal 0 0 0
    outer loop
   vertex 36.785 13.63 1.376
   vertex 36.615 13.725 1.376
   vertex 36.785 13.725 1.376
  endloop
 endfacet
  facet normal 0 0 0
    outer loop
   vertex 36.615 13.535 1.376
   vertex 36.615 13.725 1.376
   vertex 36.785 13.63 1.376
  endloop
 endfacet
  facet normal 0 0 0
    outer loop
   vertex 36.785 13.63 1.376
   vertex 36.785 13.725 1.376
   vertex 36.815 13.72 1.376
  endloop
 endfacet
  facet normal 0 0 0
    outer loop
   vertex 36.815 13.517 1.376
   vertex 36.785 13.535 1.376
   vertex 36.785 13.63 1.376
  endloop
 endfacet
  facet normal 0 0 0
    outer loop
   vertex 36.815 13.517 1.376
   vertex 36.785 13.63 1.376
   vertex 36.815 13.72 1.376
  endloop
 endfacet
  facet normal 0 0 0
    outer loop
   vertex 35.265 12.91 1.376
   vertex 35.265 14.33 1.376
   vertex 36.056 13.81 1.376
  endloop
 endfacet
  facet normal 0 0 0
    outer loop
   vertex 35.265 12.91 1.376
   vertex 36.056 13.81 1.376
   vertex 36.223 13.27 1.376
  endloop
 endfacet
  facet normal 0 0 0
    outer loop
   vertex 36.815 14.226 1.376
   vertex 36.785 14.255 1.376
   vertex 36.815 14.327 1.376
  endloop
 endfacet
  facet normal 0 0 0
    outer loop
   vertex 36.785 14.17 1.376
   vertex 36.785 14.255 1.376
   vertex 36.815 14.226 1.376
  endloop
 endfacet
  facet normal 0 0 0
    outer loop
   vertex 26.59 12.801 1.376
   vertex 26.19 14.325 1.376
   vertex 26.59 14.525 1.376
  endloop
 endfacet
  facet normal 0 0 0
    outer loop
   vertex 26.19 12.551 1.376
   vertex 26.19 14.325 1.376
   vertex 26.59 12.801 1.376
  endloop
 endfacet
  facet normal 0 0 0
    outer loop
   vertex 26.19 10.778 1.376
   vertex 26.19 12.551 1.376
   vertex 26.59 11.078 1.376
  endloop
 endfacet
  facet normal 0 0 0
    outer loop
   vertex 26.59 11.078 1.376
   vertex 26.19 12.551 1.376
   vertex 26.59 12.801 1.376
  endloop
 endfacet
  facet normal 0 0 0
    outer loop
   vertex 36.615 13.725 1.376
   vertex 36.056 13.81 1.376
   vertex 36.615 13.895 1.376
  endloop
 endfacet
  facet normal 0 0 0
    outer loop
   vertex 36.615 13.535 1.376
   vertex 36.056 13.81 1.376
   vertex 36.615 13.725 1.376
  endloop
 endfacet
  facet normal 0 0 0
    outer loop
   vertex 36.223 13.27 1.376
   vertex 36.056 13.81 1.376
   vertex 36.615 13.535 1.376
  endloop
 endfacet
  facet normal 0 0 0
    outer loop
   vertex 23.928 12.91 1.376
   vertex 24.115 13.005 1.376
   vertex 24.315 12.91 1.376
  endloop
 endfacet
  facet normal 0 0 0
    outer loop
   vertex 23.928 12.91 1.376
   vertex 24.115 13.175 1.376
   vertex 24.115 13.005 1.376
  endloop
 endfacet
  facet normal 0 0 0
    outer loop
   vertex 24.315 14.226 1.376
   vertex 24.285 14.255 1.376
   vertex 24.315 14.327 1.376
  endloop
 endfacet
  facet normal 0 0 0
    outer loop
   vertex 24.285 14.17 1.376
   vertex 24.285 14.255 1.376
   vertex 24.315 14.226 1.376
  endloop
 endfacet
  facet normal 0 0 0
    outer loop
   vertex 24.315 14.125 1.376
   vertex 24.285 14.17 1.376
   vertex 24.315 14.226 1.376
  endloop
 endfacet
  facet normal 0 0 0
    outer loop
   vertex 23.723 13.27 1.376
   vertex 24.115 13.535 1.376
   vertex 24.115 13.365 1.376
  endloop
 endfacet
  facet normal 0 0 0
    outer loop
   vertex 24.315 14.024 1.376
   vertex 24.285 14.085 1.376
   vertex 24.315 14.125 1.376
  endloop
 endfacet
  facet normal 0 0 0
    outer loop
   vertex 24.2 13.28 1.376
   vertex 24.285 13.365 1.376
   vertex 24.315 13.315 1.376
  endloop
 endfacet
  facet normal 0 0 0
    outer loop
   vertex 24.115 13.175 1.376
   vertex 24.2 13.28 1.376
   vertex 24.285 13.175 1.376
  endloop
 endfacet
  facet normal 0 0 0
    outer loop
   vertex 24.315 13.821 1.376
   vertex 24.285 13.895 1.376
   vertex 24.315 13.922 1.376
  endloop
 endfacet
  facet normal 0 0 0
    outer loop
   vertex 24.315 13.416 1.376
   vertex 24.285 13.45 1.376
   vertex 24.315 13.517 1.376
  endloop
 endfacet
  facet normal 0 0 0
    outer loop
   vertex 24.315 13.315 1.376
   vertex 24.285 13.365 1.376
   vertex 24.315 13.416 1.376
  endloop
 endfacet
  facet normal 0 0 0
    outer loop
   vertex 24.285 13.365 1.376
   vertex 24.285 13.45 1.376
   vertex 24.315 13.416 1.376
  endloop
 endfacet
  facet normal 0 0 0
    outer loop
   vertex 24.315 14.327 1.376
   vertex 24.268 14.378 1.376
   vertex 24.315 14.429 1.376
  endloop
 endfacet
  facet normal 0 0 0
    outer loop
   vertex 24.115 14.255 1.376
   vertex 24.115 14.445 1.376
   vertex 24.268 14.378 1.376
  endloop
 endfacet
  facet normal 0 0 0
    outer loop
   vertex 24.285 14.255 1.376
   vertex 24.268 14.378 1.376
   vertex 24.315 14.327 1.376
  endloop
 endfacet
  facet normal 0 0 0
    outer loop
   vertex 24.115 13.535 1.376
   vertex 24.285 13.63 1.376
   vertex 24.285 13.535 1.376
  endloop
 endfacet
  facet normal 0 0 0
    outer loop
   vertex 24.285 13.63 1.376
   vertex 24.115 13.725 1.376
   vertex 24.285 13.725 1.376
  endloop
 endfacet
  facet normal 0 0 0
    outer loop
   vertex 24.115 13.535 1.376
   vertex 24.115 13.725 1.376
   vertex 24.285 13.63 1.376
  endloop
 endfacet
  facet normal 0 0 0
    outer loop
   vertex 24.285 13.63 1.376
   vertex 24.285 13.725 1.376
   vertex 24.315 13.72 1.376
  endloop
 endfacet
  facet normal 0 0 0
    outer loop
   vertex 24.315 13.517 1.376
   vertex 24.285 13.535 1.376
   vertex 24.285 13.63 1.376
  endloop
 endfacet
  facet normal 0 0 0
    outer loop
   vertex 24.115 13.895 1.376
   vertex 23.765 14.17 1.376
   vertex 24.115 14.085 1.376
  endloop
 endfacet
  facet normal 0 0 0
    outer loop
   vertex 24.115 14.255 1.376
   vertex 24.268 14.378 1.376
   vertex 24.285 14.255 1.376
  endloop
 endfacet
  facet normal 0 0 0
    outer loop
   vertex 24.115 13.895 1.376
   vertex 24.241 13.973 1.376
   vertex 24.285 13.895 1.376
  endloop
 endfacet
  facet normal 0 0 0
    outer loop
   vertex 24.285 13.895 1.376
   vertex 24.241 13.973 1.376
   vertex 24.315 13.922 1.376
  endloop
 endfacet
  facet normal 0 0 0
    outer loop
   vertex 24.315 13.922 1.376
   vertex 24.241 13.973 1.376
   vertex 24.315 14.024 1.376
  endloop
 endfacet
  facet normal 0 0 0
    outer loop
   vertex 23.556 13.81 1.376
   vertex 23.765 14.17 1.376
   vertex 24.115 13.895 1.376
  endloop
 endfacet
  facet normal 0 0 0
    outer loop
   vertex 24.315 13.517 1.376
   vertex 24.285 13.63 1.376
   vertex 24.315 13.72 1.376
  endloop
 endfacet
  facet normal 0 0 0
    outer loop
   vertex 24.315 13.72 1.376
   vertex 24.285 13.725 1.376
   vertex 24.315 13.821 1.376
  endloop
 endfacet
  facet normal 0 0 0
    outer loop
   vertex 24.285 13.725 1.376
   vertex 24.285 13.895 1.376
   vertex 24.315 13.821 1.376
  endloop
 endfacet
  facet normal 0 0 0
    outer loop
   vertex 24.115 14.085 1.376
   vertex 23.765 14.17 1.376
   vertex 24.115 14.255 1.376
  endloop
 endfacet
  facet normal 0 0 0
    outer loop
   vertex 24.115 13.175 1.376
   vertex 23.723 13.27 1.376
   vertex 24.115 13.365 1.376
  endloop
 endfacet
  facet normal 0 0 0
    outer loop
   vertex 24.115 13.895 1.376
   vertex 24.115 14.085 1.376
   vertex 24.241 13.973 1.376
  endloop
 endfacet
  facet normal 0 0 0
    outer loop
   vertex 24.241 13.973 1.376
   vertex 24.115 14.085 1.376
   vertex 24.285 14.085 1.376
  endloop
 endfacet
  facet normal 0 0 0
    outer loop
   vertex 24.241 13.973 1.376
   vertex 24.285 14.085 1.376
   vertex 24.315 14.024 1.376
  endloop
 endfacet
  facet normal 0 0 0
    outer loop
   vertex 22.765 12.91 1.376
   vertex 23.723 13.27 1.376
   vertex 23.54 12.91 1.376
  endloop
 endfacet
  facet normal 0 0 0
    outer loop
   vertex 24.285 14.085 1.376
   vertex 24.285 14.17 1.376
   vertex 24.315 14.125 1.376
  endloop
 endfacet
  facet normal 0 0 0
    outer loop
   vertex 22.765 12.91 1.376
   vertex 22.765 14.33 1.376
   vertex 23.556 13.81 1.376
  endloop
 endfacet
  facet normal 0 0 0
    outer loop
   vertex 23.928 12.91 1.376
   vertex 23.723 13.27 1.376
   vertex 24.115 13.175 1.376
  endloop
 endfacet
  facet normal 0 0 0
    outer loop
   vertex 24.315 12.91 1.376
   vertex 24.285 13.005 1.376
   vertex 24.315 13.112 1.376
  endloop
 endfacet
  facet normal 0 0 0
    outer loop
   vertex 24.285 13.005 1.376
   vertex 24.285 13.175 1.376
   vertex 24.315 13.112 1.376
  endloop
 endfacet
  facet normal 0 0 0
    outer loop
   vertex 23.54 12.91 1.376
   vertex 23.723 13.27 1.376
   vertex 23.928 12.91 1.376
  endloop
 endfacet
  facet normal 0 0 0
    outer loop
   vertex 24.268 14.378 1.376
   vertex 24.115 14.445 1.376
   vertex 24.285 14.445 1.376
  endloop
 endfacet
  facet normal 0 0 0
    outer loop
   vertex 24.315 13.112 1.376
   vertex 24.285 13.175 1.376
   vertex 24.315 13.214 1.376
  endloop
 endfacet
  facet normal 0 0 0
    outer loop
   vertex 24.285 13.175 1.376
   vertex 24.2 13.28 1.376
   vertex 24.315 13.214 1.376
  endloop
 endfacet
  facet normal 0 0 0
    outer loop
   vertex 24.315 13.214 1.376
   vertex 24.2 13.28 1.376
   vertex 24.315 13.315 1.376
  endloop
 endfacet
  facet normal 0 0 0
    outer loop
   vertex 24.285 13.45 1.376
   vertex 24.285 13.535 1.376
   vertex 24.315 13.517 1.376
  endloop
 endfacet
  facet normal 0 0 0
    outer loop
   vertex 24.115 13.175 1.376
   vertex 24.115 13.365 1.376
   vertex 24.2 13.28 1.376
  endloop
 endfacet
  facet normal 0 0 0
    outer loop
   vertex 24.2 13.28 1.376
   vertex 24.115 13.365 1.376
   vertex 24.285 13.365 1.376
  endloop
 endfacet
  facet normal 0 0 0
    outer loop
   vertex 22.765 12.91 1.376
   vertex 23.556 13.81 1.376
   vertex 23.723 13.27 1.376
  endloop
 endfacet
  facet normal 0 0 0
    outer loop
   vertex 24.115 13.725 1.376
   vertex 23.556 13.81 1.376
   vertex 24.115 13.895 1.376
  endloop
 endfacet
  facet normal 0 0 0
    outer loop
   vertex 24.115 13.535 1.376
   vertex 23.556 13.81 1.376
   vertex 24.115 13.725 1.376
  endloop
 endfacet
  facet normal 0 0 0
    outer loop
   vertex 23.723 13.27 1.376
   vertex 23.556 13.81 1.376
   vertex 24.115 13.535 1.376
  endloop
 endfacet
  facet normal 0 0 0
    outer loop
   vertex 24.315 12.91 1.376
   vertex 24.115 13.005 1.376
   vertex 24.285 13.005 1.376
  endloop
 endfacet
  facet normal 0 0 0
    outer loop
   vertex 24.268 14.378 1.376
   vertex 24.285 14.445 1.376
   vertex 24.315 14.429 1.376
  endloop
 endfacet
  facet normal 0 0 0
    outer loop
   vertex 30.565 6.921 1.376
   vertex 30.365 7.005 1.376
   vertex 30.535 7.005 1.376
  endloop
 endfacet
  facet normal 0 0 0
    outer loop
   vertex 30.365 6.815 1.376
   vertex 30.365 7.005 1.376
   vertex 30.565 6.921 1.376
  endloop
 endfacet
  facet normal 0 0 0
    outer loop
   vertex 29.015 5.81 1.376
   vertex 29.015 7.23 1.376
   vertex 29.678 6.01 1.376
  endloop
 endfacet
  facet normal 0 0 0
    outer loop
   vertex 30.565 6.921 1.376
   vertex 30.535 7.005 1.376
   vertex 30.565 7.023 1.376
  endloop
 endfacet
  facet normal 0 0 0
    outer loop
   vertex 29.971 6.73 1.376
   vertex 29.015 7.23 1.376
   vertex 29.789 7.09 1.376
  endloop
 endfacet
  facet normal 0 0 0
    outer loop
   vertex 29.678 6.01 1.376
   vertex 29.015 7.23 1.376
   vertex 29.971 6.73 1.376
  endloop
 endfacet
  facet normal 0 0 0
    outer loop
   vertex 29.971 6.73 1.376
   vertex 30.365 7.005 1.376
   vertex 30.365 6.815 1.376
  endloop
 endfacet
  facet normal 0 0 0
    outer loop
   vertex 29.971 6.73 1.376
   vertex 29.789 7.09 1.376
   vertex 30.365 7.005 1.376
  endloop
 endfacet
  facet normal 0 0 0
    outer loop
   vertex 30.365 7.005 1.376
   vertex 29.789 7.09 1.376
   vertex 30.365 7.175 1.376
  endloop
 endfacet
  facet normal 0 0 0
    outer loop
   vertex 29.789 7.09 1.376
   vertex 29.571 7.63 1.376
   vertex 30.068 7.63 1.376
  endloop
 endfacet
  facet normal 0 0 0
    outer loop
   vertex 29.789 7.09 1.376
   vertex 30.365 7.365 1.376
   vertex 30.365 7.175 1.376
  endloop
 endfacet
  facet normal 0 0 0
    outer loop
   vertex 29.789 7.09 1.376
   vertex 30.068 7.63 1.376
   vertex 30.365 7.365 1.376
  endloop
 endfacet
  facet normal 0 0 0
    outer loop
   vertex 30.535 7.09 1.376
   vertex 30.535 7.175 1.376
   vertex 30.565 7.124 1.376
  endloop
 endfacet
  facet normal 0 0 0
    outer loop
   vertex 30.535 7.005 1.376
   vertex 30.535 7.09 1.376
   vertex 30.565 7.023 1.376
  endloop
 endfacet
  facet normal 0 0 0
    outer loop
   vertex 30.565 7.023 1.376
   vertex 30.535 7.09 1.376
   vertex 30.565 7.124 1.376
  endloop
 endfacet
  facet normal 0 0 0
    outer loop
   vertex 30.565 7.124 1.376
   vertex 30.535 7.175 1.376
   vertex 30.565 7.225 1.376
  endloop
 endfacet
  facet normal 0 0 0
    outer loop
   vertex 30.365 7.535 1.376
   vertex 30.068 7.63 1.376
   vertex 30.565 7.63 1.376
  endloop
 endfacet
  facet normal 0 0 0
    outer loop
   vertex 30.365 7.365 1.376
   vertex 30.068 7.63 1.376
   vertex 30.365 7.535 1.376
  endloop
 endfacet
  facet normal 0 0 0
    outer loop
   vertex 30.365 7.535 1.376
   vertex 30.565 7.63 1.376
   vertex 30.535 7.535 1.376
  endloop
 endfacet
  facet normal 0 0 0
    outer loop
   vertex 29.789 7.09 1.376
   vertex 29.015 7.23 1.376
   vertex 29.571 7.63 1.376
  endloop
 endfacet
  facet normal 0 0 0
    outer loop
   vertex 26.19 7.23 1.376
   vertex 26.19 9.004 1.376
   vertex 26.59 7.63 1.376
  endloop
 endfacet
  facet normal 0 0 0
    outer loop
   vertex 26.19 7.23 1.376
   vertex 26.59 7.63 1.376
   vertex 27.603 7.23 1.376
  endloop
 endfacet
  facet normal 0 0 0
    outer loop
   vertex 27.603 7.23 1.376
   vertex 28.578 7.63 1.376
   vertex 29.015 7.23 1.376
  endloop
 endfacet
  facet normal 0 0 0
    outer loop
   vertex 27.603 7.23 1.376
   vertex 26.59 7.63 1.376
   vertex 28.578 7.63 1.376
  endloop
 endfacet
  facet normal 0 0 0
    outer loop
   vertex 30.565 7.428 1.376
   vertex 30.535 7.535 1.376
   vertex 30.565 7.63 1.376
  endloop
 endfacet
  facet normal 0 0 0
    outer loop
   vertex 30.535 7.365 1.376
   vertex 30.535 7.535 1.376
   vertex 30.565 7.428 1.376
  endloop
 endfacet
  facet normal 0 0 0
    outer loop
   vertex 29.015 7.23 1.376
   vertex 28.578 7.63 1.376
   vertex 29.571 7.63 1.376
  endloop
 endfacet
  facet normal 0 0 0
    outer loop
   vertex 26.59 7.63 1.376
   vertex 26.19 9.004 1.376
   vertex 26.59 9.354 1.376
  endloop
 endfacet
  facet normal 0 0 0
    outer loop
   vertex 30.365 7.175 1.376
   vertex 30.365 7.365 1.376
   vertex 30.45 7.26 1.376
  endloop
 endfacet
  facet normal 0 0 0
    outer loop
   vertex 30.45 7.26 1.376
   vertex 30.365 7.365 1.376
   vertex 30.535 7.365 1.376
  endloop
 endfacet
  facet normal 0 0 0
    outer loop
   vertex 30.365 7.175 1.376
   vertex 30.45 7.26 1.376
   vertex 30.535 7.175 1.376
  endloop
 endfacet
  facet normal 0 0 0
    outer loop
   vertex 30.535 7.175 1.376
   vertex 30.45 7.26 1.376
   vertex 30.565 7.225 1.376
  endloop
 endfacet
  facet normal 0 0 0
    outer loop
   vertex 30.565 7.326 1.376
   vertex 30.535 7.365 1.376
   vertex 30.565 7.428 1.376
  endloop
 endfacet
  facet normal 0 0 0
    outer loop
   vertex 30.565 7.225 1.376
   vertex 30.45 7.26 1.376
   vertex 30.565 7.326 1.376
  endloop
 endfacet
  facet normal 0 0 0
    outer loop
   vertex 30.45 7.26 1.376
   vertex 30.535 7.365 1.376
   vertex 30.565 7.326 1.376
  endloop
 endfacet
  facet normal 0 0 0
    outer loop
   vertex 30.365 5.015 1.376
   vertex 29.806 5.29 1.376
   vertex 30.365 5.205 1.376
  endloop
 endfacet
  facet normal 0 0 0
    outer loop
   vertex 29.973 4.75 1.376
   vertex 29.806 5.29 1.376
   vertex 30.365 5.015 1.376
  endloop
 endfacet
  facet normal 0 0 0
    outer loop
   vertex 29.806 5.29 1.376
   vertex 29.015 5.81 1.376
   vertex 29.678 6.01 1.376
  endloop
 endfacet
  facet normal 0 0 0
    outer loop
   vertex 29.976 5.65 1.376
   vertex 30.027 6.01 1.376
   vertex 30.365 5.735 1.376
  endloop
 endfacet
  facet normal 0 0 0
    outer loop
   vertex 30.535 6.815 1.376
   vertex 30.565 6.921 1.376
   vertex 30.565 6.82 1.376
  endloop
 endfacet
  facet normal 0 0 0
    outer loop
   vertex 30.365 6.815 1.376
   vertex 30.565 6.921 1.376
   vertex 30.535 6.815 1.376
  endloop
 endfacet
  facet normal 0 0 0
    outer loop
   vertex 30.365 5.735 1.376
   vertex 30.027 6.01 1.376
   vertex 30.365 5.925 1.376
  endloop
 endfacet
  facet normal 0 0 0
    outer loop
   vertex 30.027 6.01 1.376
   vertex 30.365 6.285 1.376
   vertex 30.365 6.095 1.376
  endloop
 endfacet
  facet normal 0 0 0
    outer loop
   vertex 30.365 6.645 1.376
   vertex 29.971 6.73 1.376
   vertex 30.365 6.815 1.376
  endloop
 endfacet
  facet normal 0 0 0
    outer loop
   vertex 29.976 5.65 1.376
   vertex 29.678 6.01 1.376
   vertex 30.027 6.01 1.376
  endloop
 endfacet
  facet normal 0 0 0
    outer loop
   vertex 30.565 4.39 1.376
   vertex 30.365 4.485 1.376
   vertex 30.535 4.485 1.376
  endloop
 endfacet
  facet normal 0 0 0
    outer loop
   vertex 30.535 5.565 1.376
   vertex 30.535 5.65 1.376
   vertex 30.565 5.605 1.376
  endloop
 endfacet
  facet normal 0 0 0
    outer loop
   vertex 30.535 6.37 1.376
   vertex 30.535 6.455 1.376
   vertex 30.565 6.415 1.376
  endloop
 endfacet
  facet normal 0 0 0
    outer loop
   vertex 30.565 4.39 1.376
   vertex 30.535 4.485 1.376
   vertex 30.565 4.592 1.376
  endloop
 endfacet
  facet normal 0 0 0
    outer loop
   vertex 30.518 5.858 1.376
   vertex 30.365 5.925 1.376
   vertex 30.535 5.925 1.376
  endloop
 endfacet
  facet normal 0 0 0
    outer loop
   vertex 30.518 5.858 1.376
   vertex 30.535 5.925 1.376
   vertex 30.565 5.909 1.376
  endloop
 endfacet
  facet normal 0 0 0
    outer loop
   vertex 30.565 5.807 1.376
   vertex 30.518 5.858 1.376
   vertex 30.565 5.909 1.376
  endloop
 endfacet
  facet normal 0 0 0
    outer loop
   vertex 30.365 5.735 1.376
   vertex 30.365 5.925 1.376
   vertex 30.518 5.858 1.376
  endloop
 endfacet
  facet normal 0 0 0
    outer loop
   vertex 30.535 5.735 1.376
   vertex 30.518 5.858 1.376
   vertex 30.565 5.807 1.376
  endloop
 endfacet
  facet normal 0 0 0
    outer loop
   vertex 30.365 5.735 1.376
   vertex 30.518 5.858 1.376
   vertex 30.535 5.735 1.376
  endloop
 endfacet
  facet normal 0 0 0
    outer loop
   vertex 30.365 5.375 1.376
   vertex 30.491 5.453 1.376
   vertex 30.535 5.375 1.376
  endloop
 endfacet
  facet normal 0 0 0
    outer loop
   vertex 30.535 5.375 1.376
   vertex 30.491 5.453 1.376
   vertex 30.565 5.402 1.376
  endloop
 endfacet
  facet normal 0 0 0
    outer loop
   vertex 30.565 5.402 1.376
   vertex 30.491 5.453 1.376
   vertex 30.565 5.504 1.376
  endloop
 endfacet
  facet normal 0 0 0
    outer loop
   vertex 30.365 5.375 1.376
   vertex 30.365 5.565 1.376
   vertex 30.491 5.453 1.376
  endloop
 endfacet
  facet normal 0 0 0
    outer loop
   vertex 30.491 5.453 1.376
   vertex 30.365 5.565 1.376
   vertex 30.535 5.565 1.376
  endloop
 endfacet
  facet normal 0 0 0
    outer loop
   vertex 30.491 5.453 1.376
   vertex 30.535 5.565 1.376
   vertex 30.565 5.504 1.376
  endloop
 endfacet
  facet normal 0 0 0
    outer loop
   vertex 30.365 6.095 1.376
   vertex 30.518 6.162 1.376
   vertex 30.535 6.095 1.376
  endloop
 endfacet
  facet normal 0 0 0
    outer loop
   vertex 30.535 6.095 1.376
   vertex 30.518 6.162 1.376
   vertex 30.565 6.111 1.376
  endloop
 endfacet
  facet normal 0 0 0
    outer loop
   vertex 30.565 6.111 1.376
   vertex 30.518 6.162 1.376
   vertex 30.565 6.213 1.376
  endloop
 endfacet
  facet normal 0 0 0
    outer loop
   vertex 30.365 6.095 1.376
   vertex 30.365 6.285 1.376
   vertex 30.518 6.162 1.376
  endloop
 endfacet
  facet normal 0 0 0
    outer loop
   vertex 30.518 6.162 1.376
   vertex 30.365 6.285 1.376
   vertex 30.535 6.285 1.376
  endloop
 endfacet
  facet normal 0 0 0
    outer loop
   vertex 30.518 6.162 1.376
   vertex 30.535 6.285 1.376
   vertex 30.565 6.213 1.376
  endloop
 endfacet
  facet normal 0 0 0
    outer loop
   vertex 30.491 6.567 1.376
   vertex 30.365 6.645 1.376
   vertex 30.535 6.645 1.376
  endloop
 endfacet
  facet normal 0 0 0
    outer loop
   vertex 30.491 6.567 1.376
   vertex 30.535 6.645 1.376
   vertex 30.565 6.618 1.376
  endloop
 endfacet
  facet normal 0 0 0
    outer loop
   vertex 30.565 6.516 1.376
   vertex 30.491 6.567 1.376
   vertex 30.565 6.618 1.376
  endloop
 endfacet
  facet normal 0 0 0
    outer loop
   vertex 30.365 6.455 1.376
   vertex 30.365 6.645 1.376
   vertex 30.491 6.567 1.376
  endloop
 endfacet
  facet normal 0 0 0
    outer loop
   vertex 30.365 6.455 1.376
   vertex 30.491 6.567 1.376
   vertex 30.535 6.455 1.376
  endloop
 endfacet
  facet normal 0 0 0
    outer loop
   vertex 30.535 6.455 1.376
   vertex 30.491 6.567 1.376
   vertex 30.565 6.516 1.376
  endloop
 endfacet
  facet normal 0 0 0
    outer loop
   vertex 30.565 6.618 1.376
   vertex 30.535 6.645 1.376
   vertex 30.565 6.719 1.376
  endloop
 endfacet
  facet normal 0 0 0
    outer loop
   vertex 30.535 6.645 1.376
   vertex 30.535 6.815 1.376
   vertex 30.565 6.719 1.376
  endloop
 endfacet
  facet normal 0 0 0
    outer loop
   vertex 30.565 6.719 1.376
   vertex 30.535 6.815 1.376
   vertex 30.565 6.82 1.376
  endloop
 endfacet
  facet normal 0 0 0
    outer loop
   vertex 30.565 4.896 1.376
   vertex 30.535 4.93 1.376
   vertex 30.565 4.998 1.376
  endloop
 endfacet
  facet normal 0 0 0
    outer loop
   vertex 30.565 4.795 1.376
   vertex 30.535 4.845 1.376
   vertex 30.565 4.896 1.376
  endloop
 endfacet
  facet normal 0 0 0
    outer loop
   vertex 30.535 4.845 1.376
   vertex 30.535 4.93 1.376
   vertex 30.565 4.896 1.376
  endloop
 endfacet
  facet normal 0 0 0
    outer loop
   vertex 30.015 6.37 1.376
   vertex 30.365 6.645 1.376
   vertex 30.365 6.455 1.376
  endloop
 endfacet
  facet normal 0 0 0
    outer loop
   vertex 30.015 6.37 1.376
   vertex 29.971 6.73 1.376
   vertex 30.365 6.645 1.376
  endloop
 endfacet
  facet normal 0 0 0
    outer loop
   vertex 29.678 6.01 1.376
   vertex 30.015 6.37 1.376
   vertex 30.027 6.01 1.376
  endloop
 endfacet
  facet normal 0 0 0
    outer loop
   vertex 29.678 6.01 1.376
   vertex 29.971 6.73 1.376
   vertex 30.015 6.37 1.376
  endloop
 endfacet
  facet normal 0 0 0
    outer loop
   vertex 30.027 6.01 1.376
   vertex 30.015 6.37 1.376
   vertex 30.365 6.285 1.376
  endloop
 endfacet
  facet normal 0 0 0
    outer loop
   vertex 30.365 6.285 1.376
   vertex 30.015 6.37 1.376
   vertex 30.365 6.455 1.376
  endloop
 endfacet
  facet normal 0 0 0
    outer loop
   vertex 30.565 5.706 1.376
   vertex 30.535 5.735 1.376
   vertex 30.565 5.807 1.376
  endloop
 endfacet
  facet normal 0 0 0
    outer loop
   vertex 30.535 4.485 1.376
   vertex 30.535 4.655 1.376
   vertex 30.565 4.592 1.376
  endloop
 endfacet
  facet normal 0 0 0
    outer loop
   vertex 30.365 4.655 1.376
   vertex 30.365 4.845 1.376
   vertex 30.45 4.76 1.376
  endloop
 endfacet
  facet normal 0 0 0
    outer loop
   vertex 30.45 4.76 1.376
   vertex 30.365 4.845 1.376
   vertex 30.535 4.845 1.376
  endloop
 endfacet
  facet normal 0 0 0
    outer loop
   vertex 30.535 5.925 1.376
   vertex 30.535 6.095 1.376
   vertex 30.565 6.01 1.376
  endloop
 endfacet
  facet normal 0 0 0
    outer loop
   vertex 30.45 4.76 1.376
   vertex 30.535 4.845 1.376
   vertex 30.565 4.795 1.376
  endloop
 endfacet
  facet normal 0 0 0
    outer loop
   vertex 30.365 4.655 1.376
   vertex 30.45 4.76 1.376
   vertex 30.535 4.655 1.376
  endloop
 endfacet
  facet normal 0 0 0
    outer loop
   vertex 30.535 5.65 1.376
   vertex 30.535 5.735 1.376
   vertex 30.565 5.706 1.376
  endloop
 endfacet
  facet normal 0 0 0
    outer loop
   vertex 30.565 5.605 1.376
   vertex 30.535 5.65 1.376
   vertex 30.565 5.706 1.376
  endloop
 endfacet
  facet normal 0 0 0
    outer loop
   vertex 30.565 5.909 1.376
   vertex 30.535 5.925 1.376
   vertex 30.565 6.01 1.376
  endloop
 endfacet
  facet normal 0 0 0
    outer loop
   vertex 30.565 5.504 1.376
   vertex 30.535 5.565 1.376
   vertex 30.565 5.605 1.376
  endloop
 endfacet
  facet normal 0 0 0
    outer loop
   vertex 30.565 5.301 1.376
   vertex 30.535 5.375 1.376
   vertex 30.565 5.402 1.376
  endloop
 endfacet
  facet normal 0 0 0
    outer loop
   vertex 30.565 5.2 1.376
   vertex 30.535 5.205 1.376
   vertex 30.565 5.301 1.376
  endloop
 endfacet
  facet normal 0 0 0
    outer loop
   vertex 30.535 5.205 1.376
   vertex 30.535 5.375 1.376
   vertex 30.565 5.301 1.376
  endloop
 endfacet
  facet normal 0 0 0
    outer loop
   vertex 30.565 6.213 1.376
   vertex 30.535 6.285 1.376
   vertex 30.565 6.314 1.376
  endloop
 endfacet
  facet normal 0 0 0
    outer loop
   vertex 30.535 6.285 1.376
   vertex 30.535 6.37 1.376
   vertex 30.565 6.314 1.376
  endloop
 endfacet
  facet normal 0 0 0
    outer loop
   vertex 30.565 6.314 1.376
   vertex 30.535 6.37 1.376
   vertex 30.565 6.415 1.376
  endloop
 endfacet
  facet normal 0 0 0
    outer loop
   vertex 30.565 6.01 1.376
   vertex 30.535 6.095 1.376
   vertex 30.565 6.111 1.376
  endloop
 endfacet
  facet normal 0 0 0
    outer loop
   vertex 30.365 5.015 1.376
   vertex 30.535 5.11 1.376
   vertex 30.535 5.015 1.376
  endloop
 endfacet
  facet normal 0 0 0
    outer loop
   vertex 30.178 4.39 1.376
   vertex 30.365 4.485 1.376
   vertex 30.565 4.39 1.376
  endloop
 endfacet
  facet normal 0 0 0
    outer loop
   vertex 30.178 4.39 1.376
   vertex 30.365 4.655 1.376
   vertex 30.365 4.485 1.376
  endloop
 endfacet
  facet normal 0 0 0
    outer loop
   vertex 29.973 4.75 1.376
   vertex 30.365 5.015 1.376
   vertex 30.365 4.845 1.376
  endloop
 endfacet
  facet normal 0 0 0
    outer loop
   vertex 30.365 4.655 1.376
   vertex 29.973 4.75 1.376
   vertex 30.365 4.845 1.376
  endloop
 endfacet
  facet normal 0 0 0
    outer loop
   vertex 30.178 4.39 1.376
   vertex 29.973 4.75 1.376
   vertex 30.365 4.655 1.376
  endloop
 endfacet
  facet normal 0 0 0
    outer loop
   vertex 29.79 4.39 1.376
   vertex 29.973 4.75 1.376
   vertex 30.178 4.39 1.376
  endloop
 endfacet
  facet normal 0 0 0
    outer loop
   vertex 30.535 5.11 1.376
   vertex 30.365 5.205 1.376
   vertex 30.535 5.205 1.376
  endloop
 endfacet
  facet normal 0 0 0
    outer loop
   vertex 30.565 6.415 1.376
   vertex 30.535 6.455 1.376
   vertex 30.565 6.516 1.376
  endloop
 endfacet
  facet normal 0 0 0
    outer loop
   vertex 30.565 4.592 1.376
   vertex 30.535 4.655 1.376
   vertex 30.565 4.694 1.376
  endloop
 endfacet
  facet normal 0 0 0
    outer loop
   vertex 30.535 4.655 1.376
   vertex 30.45 4.76 1.376
   vertex 30.565 4.694 1.376
  endloop
 endfacet
  facet normal 0 0 0
    outer loop
   vertex 29.015 4.39 1.376
   vertex 29.973 4.75 1.376
   vertex 29.79 4.39 1.376
  endloop
 endfacet
  facet normal 0 0 0
    outer loop
   vertex 30.565 4.694 1.376
   vertex 30.45 4.76 1.376
   vertex 30.565 4.795 1.376
  endloop
 endfacet
  facet normal 0 0 0
    outer loop
   vertex 30.535 4.93 1.376
   vertex 30.535 5.015 1.376
   vertex 30.565 4.998 1.376
  endloop
 endfacet
  facet normal 0 0 0
    outer loop
   vertex 29.806 5.29 1.376
   vertex 29.678 6.01 1.376
   vertex 29.976 5.65 1.376
  endloop
 endfacet
  facet normal 0 0 0
    outer loop
   vertex 30.365 5.015 1.376
   vertex 30.365 5.205 1.376
   vertex 30.535 5.11 1.376
  endloop
 endfacet
  facet normal 0 0 0
    outer loop
   vertex 30.535 5.11 1.376
   vertex 30.535 5.205 1.376
   vertex 30.565 5.2 1.376
  endloop
 endfacet
  facet normal 0 0 0
    outer loop
   vertex 30.565 4.998 1.376
   vertex 30.535 5.015 1.376
   vertex 30.535 5.11 1.376
  endloop
 endfacet
  facet normal 0 0 0
    outer loop
   vertex 30.565 4.998 1.376
   vertex 30.535 5.11 1.376
   vertex 30.565 5.2 1.376
  endloop
 endfacet
  facet normal 0 0 0
    outer loop
   vertex 29.015 4.39 1.376
   vertex 29.015 5.81 1.376
   vertex 29.806 5.29 1.376
  endloop
 endfacet
  facet normal 0 0 0
    outer loop
   vertex 29.015 4.39 1.376
   vertex 29.806 5.29 1.376
   vertex 29.973 4.75 1.376
  endloop
 endfacet
  facet normal 0 0 0
    outer loop
   vertex 30.365 5.205 1.376
   vertex 29.806 5.29 1.376
   vertex 30.365 5.375 1.376
  endloop
 endfacet
  facet normal 0 0 0
    outer loop
   vertex 30.365 5.565 1.376
   vertex 29.976 5.65 1.376
   vertex 30.365 5.735 1.376
  endloop
 endfacet
  facet normal 0 0 0
    outer loop
   vertex 30.365 5.375 1.376
   vertex 29.976 5.65 1.376
   vertex 30.365 5.565 1.376
  endloop
 endfacet
  facet normal 0 0 0
    outer loop
   vertex 29.806 5.29 1.376
   vertex 29.976 5.65 1.376
   vertex 30.365 5.375 1.376
  endloop
 endfacet
  facet normal 0 0 0
    outer loop
   vertex 30.365 5.925 1.376
   vertex 30.027 6.01 1.376
   vertex 30.365 6.095 1.376
  endloop
 endfacet
  facet normal 0 0 0
    outer loop
   vertex 36.785 16.055 1.111
   vertex 36.785 16.055 1.376
   vertex 36.785 15.885 1.376
  endloop
 endfacet
  facet normal 0 0 0
    outer loop
   vertex 36.785 16.055 1.111
   vertex 36.785 15.885 1.376
   vertex 36.785 15.885 1.111
  endloop
 endfacet
  facet normal 0 0 0
    outer loop
   vertex 36.785 15.695 1.111
   vertex 36.785 15.695 1.376
   vertex 36.785 15.525 1.376
  endloop
 endfacet
  facet normal 0 0 0
    outer loop
   vertex 36.785 15.695 1.111
   vertex 36.785 15.525 1.376
   vertex 36.785 15.525 1.111
  endloop
 endfacet
  facet normal 0 0 0
    outer loop
   vertex 36.785 15.335 1.111
   vertex 36.785 15.335 1.376
   vertex 36.785 15.165 1.376
  endloop
 endfacet
  facet normal 0 0 0
    outer loop
   vertex 36.785 15.335 1.111
   vertex 36.785 15.165 1.376
   vertex 36.785 15.165 1.111
  endloop
 endfacet
  facet normal 0 0 0
    outer loop
   vertex 36.785 14.975 1.111
   vertex 36.785 14.975 1.376
   vertex 36.785 14.805 1.376
  endloop
 endfacet
  facet normal 0 0 0
    outer loop
   vertex 36.785 14.975 1.111
   vertex 36.785 14.805 1.376
   vertex 36.785 14.805 1.111
  endloop
 endfacet
  facet normal 0 0 0
    outer loop
   vertex 36.785 14.615 1.111
   vertex 36.785 14.615 1.376
   vertex 36.785 14.445 1.376
  endloop
 endfacet
  facet normal 0 0 0
    outer loop
   vertex 36.785 14.615 1.111
   vertex 36.785 14.445 1.376
   vertex 36.785 14.445 1.111
  endloop
 endfacet
  facet normal 0 0 0
    outer loop
   vertex 36.785 14.255 1.111
   vertex 36.785 14.255 1.376
   vertex 36.785 14.085 1.376
  endloop
 endfacet
  facet normal 0 0 0
    outer loop
   vertex 36.785 14.255 1.111
   vertex 36.785 14.085 1.376
   vertex 36.785 14.085 1.111
  endloop
 endfacet
  facet normal 0 0 0
    outer loop
   vertex 36.785 13.895 1.111
   vertex 36.785 13.895 1.376
   vertex 36.785 13.725 1.376
  endloop
 endfacet
  facet normal 0 0 0
    outer loop
   vertex 36.785 13.895 1.111
   vertex 36.785 13.725 1.376
   vertex 36.785 13.725 1.111
  endloop
 endfacet
  facet normal 0 0 0
    outer loop
   vertex 36.785 13.535 1.111
   vertex 36.785 13.535 1.376
   vertex 36.785 13.365 1.376
  endloop
 endfacet
  facet normal 0 0 0
    outer loop
   vertex 36.785 13.535 1.111
   vertex 36.785 13.365 1.376
   vertex 36.785 13.365 1.111
  endloop
 endfacet
  facet normal 0 0 0
    outer loop
   vertex 36.785 13.175 1.111
   vertex 36.785 13.175 1.376
   vertex 36.785 13.005 1.376
  endloop
 endfacet
  facet normal 0 0 0
    outer loop
   vertex 36.785 13.175 1.111
   vertex 36.785 13.005 1.376
   vertex 36.785 13.005 1.111
  endloop
 endfacet
  facet normal 0 0 0
    outer loop
   vertex 36.615 13.005 1.111
   vertex 36.615 13.005 1.376
   vertex 36.615 13.175 1.376
  endloop
 endfacet
  facet normal 0 0 0
    outer loop
   vertex 36.615 13.005 1.111
   vertex 36.615 13.175 1.376
   vertex 36.615 13.175 1.111
  endloop
 endfacet
  facet normal 0 0 0
    outer loop
   vertex 36.615 13.365 1.111
   vertex 36.615 13.365 1.376
   vertex 36.615 13.535 1.376
  endloop
 endfacet
  facet normal 0 0 0
    outer loop
   vertex 36.615 13.365 1.111
   vertex 36.615 13.535 1.376
   vertex 36.615 13.535 1.111
  endloop
 endfacet
  facet normal 0 0 0
    outer loop
   vertex 36.615 13.725 1.111
   vertex 36.615 13.725 1.376
   vertex 36.615 13.895 1.376
  endloop
 endfacet
  facet normal 0 0 0
    outer loop
   vertex 36.615 13.725 1.111
   vertex 36.615 13.895 1.376
   vertex 36.615 13.895 1.111
  endloop
 endfacet
  facet normal 0 0 0
    outer loop
   vertex 36.615 14.085 1.111
   vertex 36.615 14.085 1.376
   vertex 36.615 14.255 1.376
  endloop
 endfacet
  facet normal 0 0 0
    outer loop
   vertex 36.615 14.085 1.111
   vertex 36.615 14.255 1.376
   vertex 36.615 14.255 1.111
  endloop
 endfacet
  facet normal 0 0 0
    outer loop
   vertex 36.615 14.445 1.111
   vertex 36.615 14.445 1.376
   vertex 36.615 14.615 1.376
  endloop
 endfacet
  facet normal 0 0 0
    outer loop
   vertex 36.615 14.445 1.111
   vertex 36.615 14.615 1.376
   vertex 36.615 14.615 1.111
  endloop
 endfacet
  facet normal 0 0 0
    outer loop
   vertex 36.615 14.805 1.111
   vertex 36.615 14.805 1.376
   vertex 36.615 14.975 1.376
  endloop
 endfacet
  facet normal 0 0 0
    outer loop
   vertex 36.615 14.805 1.111
   vertex 36.615 14.975 1.376
   vertex 36.615 14.975 1.111
  endloop
 endfacet
  facet normal 0 0 0
    outer loop
   vertex 36.615 15.165 1.111
   vertex 36.615 15.165 1.376
   vertex 36.615 15.335 1.376
  endloop
 endfacet
  facet normal 0 0 0
    outer loop
   vertex 36.615 15.165 1.111
   vertex 36.615 15.335 1.376
   vertex 36.615 15.335 1.111
  endloop
 endfacet
  facet normal 0 0 0
    outer loop
   vertex 36.615 15.525 1.111
   vertex 36.615 15.525 1.376
   vertex 36.615 15.695 1.376
  endloop
 endfacet
  facet normal 0 0 0
    outer loop
   vertex 36.615 15.525 1.111
   vertex 36.615 15.695 1.376
   vertex 36.615 15.695 1.111
  endloop
 endfacet
  facet normal 0 0 0
    outer loop
   vertex 36.615 15.885 1.111
   vertex 36.615 15.885 1.376
   vertex 36.615 16.055 1.376
  endloop
 endfacet
  facet normal 0 0 0
    outer loop
   vertex 36.615 15.885 1.111
   vertex 36.615 16.055 1.376
   vertex 36.615 16.055 1.111
  endloop
 endfacet
  facet normal 0 0 0
    outer loop
   vertex 24.115 13.005 1.111
   vertex 24.115 13.005 1.376
   vertex 24.115 13.175 1.376
  endloop
 endfacet
  facet normal 0 0 0
    outer loop
   vertex 24.115 13.005 1.111
   vertex 24.115 13.175 1.376
   vertex 24.115 13.175 1.111
  endloop
 endfacet
  facet normal 0 0 0
    outer loop
   vertex 24.115 13.365 1.111
   vertex 24.115 13.365 1.376
   vertex 24.115 13.535 1.376
  endloop
 endfacet
  facet normal 0 0 0
    outer loop
   vertex 24.115 13.365 1.111
   vertex 24.115 13.535 1.376
   vertex 24.115 13.535 1.111
  endloop
 endfacet
  facet normal 0 0 0
    outer loop
   vertex 24.115 13.725 1.111
   vertex 24.115 13.725 1.376
   vertex 24.115 13.895 1.376
  endloop
 endfacet
  facet normal 0 0 0
    outer loop
   vertex 24.115 13.725 1.111
   vertex 24.115 13.895 1.376
   vertex 24.115 13.895 1.111
  endloop
 endfacet
  facet normal 0 0 0
    outer loop
   vertex 24.115 14.085 1.111
   vertex 24.115 14.085 1.376
   vertex 24.115 14.255 1.376
  endloop
 endfacet
  facet normal 0 0 0
    outer loop
   vertex 24.115 14.085 1.111
   vertex 24.115 14.255 1.376
   vertex 24.115 14.255 1.111
  endloop
 endfacet
  facet normal 0 0 0
    outer loop
   vertex 24.115 14.445 1.111
   vertex 24.115 14.445 1.376
   vertex 24.115 14.615 1.376
  endloop
 endfacet
  facet normal 0 0 0
    outer loop
   vertex 24.115 14.445 1.111
   vertex 24.115 14.615 1.376
   vertex 24.115 14.615 1.111
  endloop
 endfacet
  facet normal 0 0 0
    outer loop
   vertex 24.115 14.805 1.111
   vertex 24.115 14.805 1.376
   vertex 24.115 14.975 1.376
  endloop
 endfacet
  facet normal 0 0 0
    outer loop
   vertex 24.115 14.805 1.111
   vertex 24.115 14.975 1.376
   vertex 24.115 14.975 1.111
  endloop
 endfacet
  facet normal 0 0 0
    outer loop
   vertex 24.115 15.165 1.111
   vertex 24.115 15.165 1.376
   vertex 24.115 15.335 1.376
  endloop
 endfacet
  facet normal 0 0 0
    outer loop
   vertex 24.115 15.165 1.111
   vertex 24.115 15.335 1.376
   vertex 24.115 15.335 1.111
  endloop
 endfacet
  facet normal 0 0 0
    outer loop
   vertex 24.115 15.525 1.111
   vertex 24.115 15.525 1.376
   vertex 24.115 15.695 1.376
  endloop
 endfacet
  facet normal 0 0 0
    outer loop
   vertex 24.115 15.525 1.111
   vertex 24.115 15.695 1.376
   vertex 24.115 15.695 1.111
  endloop
 endfacet
  facet normal 0 0 0
    outer loop
   vertex 24.115 15.885 1.111
   vertex 24.115 15.885 1.376
   vertex 24.115 16.055 1.376
  endloop
 endfacet
  facet normal 0 0 0
    outer loop
   vertex 24.115 15.885 1.111
   vertex 24.115 16.055 1.376
   vertex 24.115 16.055 1.111
  endloop
 endfacet
  facet normal 0 0 0
    outer loop
   vertex 24.285 16.055 1.111
   vertex 24.285 16.055 1.376
   vertex 24.285 15.885 1.376
  endloop
 endfacet
  facet normal 0 0 0
    outer loop
   vertex 24.285 16.055 1.111
   vertex 24.285 15.885 1.376
   vertex 24.285 15.885 1.111
  endloop
 endfacet
  facet normal 0 0 0
    outer loop
   vertex 24.285 15.695 1.111
   vertex 24.285 15.695 1.376
   vertex 24.285 15.525 1.376
  endloop
 endfacet
  facet normal 0 0 0
    outer loop
   vertex 24.285 15.695 1.111
   vertex 24.285 15.525 1.376
   vertex 24.285 15.525 1.111
  endloop
 endfacet
  facet normal 0 0 0
    outer loop
   vertex 24.285 15.335 1.111
   vertex 24.285 15.335 1.376
   vertex 24.285 15.165 1.376
  endloop
 endfacet
  facet normal 0 0 0
    outer loop
   vertex 24.285 15.335 1.111
   vertex 24.285 15.165 1.376
   vertex 24.285 15.165 1.111
  endloop
 endfacet
  facet normal 0 0 0
    outer loop
   vertex 24.285 14.975 1.111
   vertex 24.285 14.975 1.376
   vertex 24.285 14.805 1.376
  endloop
 endfacet
  facet normal 0 0 0
    outer loop
   vertex 24.285 14.975 1.111
   vertex 24.285 14.805 1.376
   vertex 24.285 14.805 1.111
  endloop
 endfacet
  facet normal 0 0 0
    outer loop
   vertex 24.285 14.615 1.111
   vertex 24.285 14.615 1.376
   vertex 24.285 14.445 1.376
  endloop
 endfacet
  facet normal 0 0 0
    outer loop
   vertex 24.285 14.615 1.111
   vertex 24.285 14.445 1.376
   vertex 24.285 14.445 1.111
  endloop
 endfacet
  facet normal 0 0 0
    outer loop
   vertex 24.285 14.255 1.111
   vertex 24.285 14.255 1.376
   vertex 24.285 14.085 1.376
  endloop
 endfacet
  facet normal 0 0 0
    outer loop
   vertex 24.285 14.255 1.111
   vertex 24.285 14.085 1.376
   vertex 24.285 14.085 1.111
  endloop
 endfacet
  facet normal 0 0 0
    outer loop
   vertex 24.285 13.895 1.111
   vertex 24.285 13.895 1.376
   vertex 24.285 13.725 1.376
  endloop
 endfacet
  facet normal 0 0 0
    outer loop
   vertex 24.285 13.895 1.111
   vertex 24.285 13.725 1.376
   vertex 24.285 13.725 1.111
  endloop
 endfacet
  facet normal 0 0 0
    outer loop
   vertex 24.285 13.535 1.111
   vertex 24.285 13.535 1.376
   vertex 24.285 13.365 1.376
  endloop
 endfacet
  facet normal 0 0 0
    outer loop
   vertex 24.285 13.535 1.111
   vertex 24.285 13.365 1.376
   vertex 24.285 13.365 1.111
  endloop
 endfacet
  facet normal 0 0 0
    outer loop
   vertex 24.285 13.175 1.111
   vertex 24.285 13.175 1.376
   vertex 24.285 13.005 1.376
  endloop
 endfacet
  facet normal 0 0 0
    outer loop
   vertex 24.285 13.175 1.111
   vertex 24.285 13.005 1.376
   vertex 24.285 13.005 1.111
  endloop
 endfacet
  facet normal 0 0 0
    outer loop
   vertex 24.115 14.615 1.111
   vertex 24.115 14.615 1.376
   vertex 24.285 14.615 1.376
  endloop
 endfacet
  facet normal 0 0 0
    outer loop
   vertex 24.115 14.615 1.111
   vertex 24.285 14.615 1.376
   vertex 24.285 14.615 1.111
  endloop
 endfacet
  facet normal 0 0 0
    outer loop
   vertex 36.615 14.615 1.111
   vertex 36.615 14.615 1.376
   vertex 36.785 14.615 1.376
  endloop
 endfacet
  facet normal 0 0 0
    outer loop
   vertex 36.615 14.615 1.111
   vertex 36.785 14.615 1.376
   vertex 36.785 14.615 1.111
  endloop
 endfacet
  facet normal 0 0 0
    outer loop
   vertex 24.115 14.975 1.111
   vertex 24.115 14.975 1.376
   vertex 24.285 14.975 1.376
  endloop
 endfacet
  facet normal 0 0 0
    outer loop
   vertex 24.115 14.975 1.111
   vertex 24.285 14.975 1.376
   vertex 24.285 14.975 1.111
  endloop
 endfacet
  facet normal 0 0 0
    outer loop
   vertex 36.615 14.975 1.111
   vertex 36.615 14.975 1.376
   vertex 36.785 14.975 1.376
  endloop
 endfacet
  facet normal 0 0 0
    outer loop
   vertex 36.615 14.975 1.111
   vertex 36.785 14.975 1.376
   vertex 36.785 14.975 1.111
  endloop
 endfacet
  facet normal 0 0 0
    outer loop
   vertex 36.785 14.805 1.111
   vertex 36.785 14.805 1.376
   vertex 36.615 14.805 1.376
  endloop
 endfacet
  facet normal 0 0 0
    outer loop
   vertex 36.785 14.805 1.111
   vertex 36.615 14.805 1.376
   vertex 36.615 14.805 1.111
  endloop
 endfacet
  facet normal 0 0 0
    outer loop
   vertex 24.285 14.805 1.111
   vertex 24.285 14.805 1.376
   vertex 24.115 14.805 1.376
  endloop
 endfacet
  facet normal 0 0 0
    outer loop
   vertex 24.285 14.805 1.111
   vertex 24.115 14.805 1.376
   vertex 24.115 14.805 1.111
  endloop
 endfacet
  facet normal 0 0 0
    outer loop
   vertex 24.115 15.335 1.111
   vertex 24.115 15.335 1.376
   vertex 24.285 15.335 1.376
  endloop
 endfacet
  facet normal 0 0 0
    outer loop
   vertex 24.115 15.335 1.111
   vertex 24.285 15.335 1.376
   vertex 24.285 15.335 1.111
  endloop
 endfacet
  facet normal 0 0 0
    outer loop
   vertex 36.615 15.335 1.111
   vertex 36.615 15.335 1.376
   vertex 36.785 15.335 1.376
  endloop
 endfacet
  facet normal 0 0 0
    outer loop
   vertex 36.615 15.335 1.111
   vertex 36.785 15.335 1.376
   vertex 36.785 15.335 1.111
  endloop
 endfacet
  facet normal 0 0 0
    outer loop
   vertex 36.785 15.165 1.111
   vertex 36.785 15.165 1.376
   vertex 36.615 15.165 1.376
  endloop
 endfacet
  facet normal 0 0 0
    outer loop
   vertex 36.785 15.165 1.111
   vertex 36.615 15.165 1.376
   vertex 36.615 15.165 1.111
  endloop
 endfacet
  facet normal 0 0 0
    outer loop
   vertex 24.285 15.165 1.111
   vertex 24.285 15.165 1.376
   vertex 24.115 15.165 1.376
  endloop
 endfacet
  facet normal 0 0 0
    outer loop
   vertex 24.285 15.165 1.111
   vertex 24.115 15.165 1.376
   vertex 24.115 15.165 1.111
  endloop
 endfacet
  facet normal 0 0 0
    outer loop
   vertex 24.115 15.695 1.111
   vertex 24.115 15.695 1.376
   vertex 24.285 15.695 1.376
  endloop
 endfacet
  facet normal 0 0 0
    outer loop
   vertex 24.115 15.695 1.111
   vertex 24.285 15.695 1.376
   vertex 24.285 15.695 1.111
  endloop
 endfacet
  facet normal 0 0 0
    outer loop
   vertex 36.615 15.695 1.111
   vertex 36.615 15.695 1.376
   vertex 36.785 15.695 1.376
  endloop
 endfacet
  facet normal 0 0 0
    outer loop
   vertex 36.615 15.695 1.111
   vertex 36.785 15.695 1.376
   vertex 36.785 15.695 1.111
  endloop
 endfacet
  facet normal 0 0 0
    outer loop
   vertex 36.785 15.525 1.111
   vertex 36.785 15.525 1.376
   vertex 36.615 15.525 1.376
  endloop
 endfacet
  facet normal 0 0 0
    outer loop
   vertex 36.785 15.525 1.111
   vertex 36.615 15.525 1.376
   vertex 36.615 15.525 1.111
  endloop
 endfacet
  facet normal 0 0 0
    outer loop
   vertex 24.285 15.525 1.111
   vertex 24.285 15.525 1.376
   vertex 24.115 15.525 1.376
  endloop
 endfacet
  facet normal 0 0 0
    outer loop
   vertex 24.285 15.525 1.111
   vertex 24.115 15.525 1.376
   vertex 24.115 15.525 1.111
  endloop
 endfacet
  facet normal 0 0 0
    outer loop
   vertex 24.115 16.055 1.111
   vertex 24.115 16.055 1.376
   vertex 24.285 16.055 1.376
  endloop
 endfacet
  facet normal 0 0 0
    outer loop
   vertex 24.115 16.055 1.111
   vertex 24.285 16.055 1.376
   vertex 24.285 16.055 1.111
  endloop
 endfacet
  facet normal 0 0 0
    outer loop
   vertex 36.615 16.055 1.111
   vertex 36.615 16.055 1.376
   vertex 36.785 16.055 1.376
  endloop
 endfacet
  facet normal 0 0 0
    outer loop
   vertex 36.615 16.055 1.111
   vertex 36.785 16.055 1.376
   vertex 36.785 16.055 1.111
  endloop
 endfacet
  facet normal 0 0 0
    outer loop
   vertex 36.785 15.885 1.111
   vertex 36.785 15.885 1.376
   vertex 36.615 15.885 1.376
  endloop
 endfacet
  facet normal 0 0 0
    outer loop
   vertex 36.785 15.885 1.111
   vertex 36.615 15.885 1.376
   vertex 36.615 15.885 1.111
  endloop
 endfacet
  facet normal 0 0 0
    outer loop
   vertex 24.285 15.885 1.111
   vertex 24.285 15.885 1.376
   vertex 24.115 15.885 1.376
  endloop
 endfacet
  facet normal 0 0 0
    outer loop
   vertex 24.285 15.885 1.111
   vertex 24.115 15.885 1.376
   vertex 24.115 15.885 1.111
  endloop
 endfacet
  facet normal 0 0 0
    outer loop
   vertex 30.535 24.575 1.111
   vertex 30.535 24.575 1.376
   vertex 30.535 24.405 1.376
  endloop
 endfacet
  facet normal 0 0 0
    outer loop
   vertex 30.535 24.575 1.111
   vertex 30.535 24.405 1.376
   vertex 30.535 24.405 1.111
  endloop
 endfacet
  facet normal 0 0 0
    outer loop
   vertex 30.535 24.215 1.111
   vertex 30.535 24.215 1.376
   vertex 30.535 24.045 1.376
  endloop
 endfacet
  facet normal 0 0 0
    outer loop
   vertex 30.535 24.215 1.111
   vertex 30.535 24.045 1.376
   vertex 30.535 24.045 1.111
  endloop
 endfacet
  facet normal 0 0 0
    outer loop
   vertex 30.535 23.855 1.111
   vertex 30.535 23.855 1.376
   vertex 30.535 23.685 1.376
  endloop
 endfacet
  facet normal 0 0 0
    outer loop
   vertex 30.535 23.855 1.111
   vertex 30.535 23.685 1.376
   vertex 30.535 23.685 1.111
  endloop
 endfacet
  facet normal 0 0 0
    outer loop
   vertex 30.535 23.495 1.111
   vertex 30.535 23.495 1.376
   vertex 30.535 23.325 1.376
  endloop
 endfacet
  facet normal 0 0 0
    outer loop
   vertex 30.535 23.495 1.111
   vertex 30.535 23.325 1.376
   vertex 30.535 23.325 1.111
  endloop
 endfacet
  facet normal 0 0 0
    outer loop
   vertex 30.535 23.135 1.111
   vertex 30.535 23.135 1.376
   vertex 30.535 22.965 1.376
  endloop
 endfacet
  facet normal 0 0 0
    outer loop
   vertex 30.535 23.135 1.111
   vertex 30.535 22.965 1.376
   vertex 30.535 22.965 1.111
  endloop
 endfacet
  facet normal 0 0 0
    outer loop
   vertex 30.535 22.775 1.111
   vertex 30.535 22.775 1.376
   vertex 30.535 22.605 1.376
  endloop
 endfacet
  facet normal 0 0 0
    outer loop
   vertex 30.535 22.775 1.111
   vertex 30.535 22.605 1.376
   vertex 30.535 22.605 1.111
  endloop
 endfacet
  facet normal 0 0 0
    outer loop
   vertex 30.535 22.415 1.111
   vertex 30.535 22.415 1.376
   vertex 30.535 22.245 1.376
  endloop
 endfacet
  facet normal 0 0 0
    outer loop
   vertex 30.535 22.415 1.111
   vertex 30.535 22.245 1.376
   vertex 30.535 22.245 1.111
  endloop
 endfacet
  facet normal 0 0 0
    outer loop
   vertex 30.535 22.055 1.111
   vertex 30.535 22.055 1.376
   vertex 30.535 21.885 1.376
  endloop
 endfacet
  facet normal 0 0 0
    outer loop
   vertex 30.535 22.055 1.111
   vertex 30.535 21.885 1.376
   vertex 30.535 21.885 1.111
  endloop
 endfacet
  facet normal 0 0 0
    outer loop
   vertex 30.535 21.695 1.111
   vertex 30.535 21.695 1.376
   vertex 30.535 21.525 1.376
  endloop
 endfacet
  facet normal 0 0 0
    outer loop
   vertex 30.535 21.695 1.111
   vertex 30.535 21.525 1.376
   vertex 30.535 21.525 1.111
  endloop
 endfacet
  facet normal 0 0 0
    outer loop
   vertex 30.535 7.535 1.111
   vertex 30.535 7.535 1.376
   vertex 30.535 7.365 1.376
  endloop
 endfacet
  facet normal 0 0 0
    outer loop
   vertex 30.535 7.535 1.111
   vertex 30.535 7.365 1.376
   vertex 30.535 7.365 1.111
  endloop
 endfacet
  facet normal 0 0 0
    outer loop
   vertex 30.535 7.175 1.111
   vertex 30.535 7.175 1.376
   vertex 30.535 7.005 1.376
  endloop
 endfacet
  facet normal 0 0 0
    outer loop
   vertex 30.535 7.175 1.111
   vertex 30.535 7.005 1.376
   vertex 30.535 7.005 1.111
  endloop
 endfacet
  facet normal 0 0 0
    outer loop
   vertex 30.535 6.815 1.111
   vertex 30.535 6.815 1.376
   vertex 30.535 6.645 1.376
  endloop
 endfacet
  facet normal 0 0 0
    outer loop
   vertex 30.535 6.815 1.111
   vertex 30.535 6.645 1.376
   vertex 30.535 6.645 1.111
  endloop
 endfacet
  facet normal 0 0 0
    outer loop
   vertex 30.535 6.455 1.111
   vertex 30.535 6.455 1.376
   vertex 30.535 6.285 1.376
  endloop
 endfacet
  facet normal 0 0 0
    outer loop
   vertex 30.535 6.455 1.111
   vertex 30.535 6.285 1.376
   vertex 30.535 6.285 1.111
  endloop
 endfacet
  facet normal 0 0 0
    outer loop
   vertex 30.535 6.095 1.111
   vertex 30.535 6.095 1.376
   vertex 30.535 5.925 1.376
  endloop
 endfacet
  facet normal 0 0 0
    outer loop
   vertex 30.535 6.095 1.111
   vertex 30.535 5.925 1.376
   vertex 30.535 5.925 1.111
  endloop
 endfacet
  facet normal 0 0 0
    outer loop
   vertex 30.535 5.735 1.111
   vertex 30.535 5.735 1.376
   vertex 30.535 5.565 1.376
  endloop
 endfacet
  facet normal 0 0 0
    outer loop
   vertex 30.535 5.735 1.111
   vertex 30.535 5.565 1.376
   vertex 30.535 5.565 1.111
  endloop
 endfacet
  facet normal 0 0 0
    outer loop
   vertex 30.535 5.375 1.111
   vertex 30.535 5.375 1.376
   vertex 30.535 5.205 1.376
  endloop
 endfacet
  facet normal 0 0 0
    outer loop
   vertex 30.535 5.375 1.111
   vertex 30.535 5.205 1.376
   vertex 30.535 5.205 1.111
  endloop
 endfacet
  facet normal 0 0 0
    outer loop
   vertex 30.535 5.015 1.111
   vertex 30.535 5.015 1.376
   vertex 30.535 4.845 1.376
  endloop
 endfacet
  facet normal 0 0 0
    outer loop
   vertex 30.535 5.015 1.111
   vertex 30.535 4.845 1.376
   vertex 30.535 4.845 1.111
  endloop
 endfacet
  facet normal 0 0 0
    outer loop
   vertex 30.535 4.655 1.111
   vertex 30.535 4.655 1.376
   vertex 30.535 4.485 1.376
  endloop
 endfacet
  facet normal 0 0 0
    outer loop
   vertex 30.535 4.655 1.111
   vertex 30.535 4.485 1.376
   vertex 30.535 4.485 1.111
  endloop
 endfacet
  facet normal 0 0 0
    outer loop
   vertex 30.365 4.485 1.111
   vertex 30.365 4.485 1.376
   vertex 30.365 4.655 1.376
  endloop
 endfacet
  facet normal 0 0 0
    outer loop
   vertex 30.365 4.485 1.111
   vertex 30.365 4.655 1.376
   vertex 30.365 4.655 1.111
  endloop
 endfacet
  facet normal 0 0 0
    outer loop
   vertex 30.365 4.845 1.111
   vertex 30.365 4.845 1.376
   vertex 30.365 5.015 1.376
  endloop
 endfacet
  facet normal 0 0 0
    outer loop
   vertex 30.365 4.845 1.111
   vertex 30.365 5.015 1.376
   vertex 30.365 5.015 1.111
  endloop
 endfacet
  facet normal 0 0 0
    outer loop
   vertex 30.365 5.205 1.111
   vertex 30.365 5.205 1.376
   vertex 30.365 5.375 1.376
  endloop
 endfacet
  facet normal 0 0 0
    outer loop
   vertex 30.365 5.205 1.111
   vertex 30.365 5.375 1.376
   vertex 30.365 5.375 1.111
  endloop
 endfacet
  facet normal 0 0 0
    outer loop
   vertex 30.365 5.565 1.111
   vertex 30.365 5.565 1.376
   vertex 30.365 5.735 1.376
  endloop
 endfacet
  facet normal 0 0 0
    outer loop
   vertex 30.365 5.565 1.111
   vertex 30.365 5.735 1.376
   vertex 30.365 5.735 1.111
  endloop
 endfacet
  facet normal 0 0 0
    outer loop
   vertex 30.365 5.925 1.111
   vertex 30.365 5.925 1.376
   vertex 30.365 6.095 1.376
  endloop
 endfacet
  facet normal 0 0 0
    outer loop
   vertex 30.365 5.925 1.111
   vertex 30.365 6.095 1.376
   vertex 30.365 6.095 1.111
  endloop
 endfacet
  facet normal 0 0 0
    outer loop
   vertex 30.365 6.285 1.111
   vertex 30.365 6.285 1.376
   vertex 30.365 6.455 1.376
  endloop
 endfacet
  facet normal 0 0 0
    outer loop
   vertex 30.365 6.285 1.111
   vertex 30.365 6.455 1.376
   vertex 30.365 6.455 1.111
  endloop
 endfacet
  facet normal 0 0 0
    outer loop
   vertex 30.365 6.645 1.111
   vertex 30.365 6.645 1.376
   vertex 30.365 6.815 1.376
  endloop
 endfacet
  facet normal 0 0 0
    outer loop
   vertex 30.365 6.645 1.111
   vertex 30.365 6.815 1.376
   vertex 30.365 6.815 1.111
  endloop
 endfacet
  facet normal 0 0 0
    outer loop
   vertex 30.365 7.005 1.111
   vertex 30.365 7.005 1.376
   vertex 30.365 7.175 1.376
  endloop
 endfacet
  facet normal 0 0 0
    outer loop
   vertex 30.365 7.005 1.111
   vertex 30.365 7.175 1.376
   vertex 30.365 7.175 1.111
  endloop
 endfacet
  facet normal 0 0 0
    outer loop
   vertex 30.365 7.365 1.111
   vertex 30.365 7.365 1.376
   vertex 30.365 7.535 1.376
  endloop
 endfacet
  facet normal 0 0 0
    outer loop
   vertex 30.365 7.365 1.111
   vertex 30.365 7.535 1.376
   vertex 30.365 7.535 1.111
  endloop
 endfacet
  facet normal 0 0 0
    outer loop
   vertex 30.365 21.525 1.111
   vertex 30.365 21.525 1.376
   vertex 30.365 21.695 1.376
  endloop
 endfacet
  facet normal 0 0 0
    outer loop
   vertex 30.365 21.525 1.111
   vertex 30.365 21.695 1.376
   vertex 30.365 21.695 1.111
  endloop
 endfacet
  facet normal 0 0 0
    outer loop
   vertex 30.365 21.885 1.111
   vertex 30.365 21.885 1.376
   vertex 30.365 22.055 1.376
  endloop
 endfacet
  facet normal 0 0 0
    outer loop
   vertex 30.365 21.885 1.111
   vertex 30.365 22.055 1.376
   vertex 30.365 22.055 1.111
  endloop
 endfacet
  facet normal 0 0 0
    outer loop
   vertex 30.365 22.245 1.111
   vertex 30.365 22.245 1.376
   vertex 30.365 22.415 1.376
  endloop
 endfacet
  facet normal 0 0 0
    outer loop
   vertex 30.365 22.245 1.111
   vertex 30.365 22.415 1.376
   vertex 30.365 22.415 1.111
  endloop
 endfacet
  facet normal 0 0 0
    outer loop
   vertex 30.365 22.605 1.111
   vertex 30.365 22.605 1.376
   vertex 30.365 22.775 1.376
  endloop
 endfacet
  facet normal 0 0 0
    outer loop
   vertex 30.365 22.605 1.111
   vertex 30.365 22.775 1.376
   vertex 30.365 22.775 1.111
  endloop
 endfacet
  facet normal 0 0 0
    outer loop
   vertex 30.365 22.965 1.111
   vertex 30.365 22.965 1.376
   vertex 30.365 23.135 1.376
  endloop
 endfacet
  facet normal 0 0 0
    outer loop
   vertex 30.365 22.965 1.111
   vertex 30.365 23.135 1.376
   vertex 30.365 23.135 1.111
  endloop
 endfacet
  facet normal 0 0 0
    outer loop
   vertex 30.365 23.325 1.111
   vertex 30.365 23.325 1.376
   vertex 30.365 23.495 1.376
  endloop
 endfacet
  facet normal 0 0 0
    outer loop
   vertex 30.365 23.325 1.111
   vertex 30.365 23.495 1.376
   vertex 30.365 23.495 1.111
  endloop
 endfacet
  facet normal 0 0 0
    outer loop
   vertex 30.365 23.685 1.111
   vertex 30.365 23.685 1.376
   vertex 30.365 23.855 1.376
  endloop
 endfacet
  facet normal 0 0 0
    outer loop
   vertex 30.365 23.685 1.111
   vertex 30.365 23.855 1.376
   vertex 30.365 23.855 1.111
  endloop
 endfacet
  facet normal 0 0 0
    outer loop
   vertex 30.365 24.045 1.111
   vertex 30.365 24.045 1.376
   vertex 30.365 24.215 1.376
  endloop
 endfacet
  facet normal 0 0 0
    outer loop
   vertex 30.365 24.045 1.111
   vertex 30.365 24.215 1.376
   vertex 30.365 24.215 1.111
  endloop
 endfacet
  facet normal 0 0 0
    outer loop
   vertex 30.365 24.405 1.111
   vertex 30.365 24.405 1.376
   vertex 30.365 24.575 1.376
  endloop
 endfacet
  facet normal 0 0 0
    outer loop
   vertex 30.365 24.405 1.111
   vertex 30.365 24.575 1.376
   vertex 30.365 24.575 1.111
  endloop
 endfacet
  facet normal 0 0 0
    outer loop
   vertex 30.535 21.525 1.111
   vertex 30.535 21.525 1.376
   vertex 30.365 21.525 1.376
  endloop
 endfacet
  facet normal 0 0 0
    outer loop
   vertex 30.535 21.525 1.111
   vertex 30.365 21.525 1.376
   vertex 30.365 21.525 1.111
  endloop
 endfacet
  facet normal 0 0 0
    outer loop
   vertex 30.365 21.695 1.111
   vertex 30.365 21.695 1.376
   vertex 30.535 21.695 1.376
  endloop
 endfacet
  facet normal 0 0 0
    outer loop
   vertex 30.365 21.695 1.111
   vertex 30.535 21.695 1.376
   vertex 30.535 21.695 1.111
  endloop
 endfacet
  facet normal 0 0 0
    outer loop
   vertex 30.535 21.885 1.111
   vertex 30.535 21.885 1.376
   vertex 30.365 21.885 1.376
  endloop
 endfacet
  facet normal 0 0 0
    outer loop
   vertex 30.535 21.885 1.111
   vertex 30.365 21.885 1.376
   vertex 30.365 21.885 1.111
  endloop
 endfacet
  facet normal 0 0 0
    outer loop
   vertex 30.365 22.055 1.111
   vertex 30.365 22.055 1.376
   vertex 30.535 22.055 1.376
  endloop
 endfacet
  facet normal 0 0 0
    outer loop
   vertex 30.365 22.055 1.111
   vertex 30.535 22.055 1.376
   vertex 30.535 22.055 1.111
  endloop
 endfacet
  facet normal 0 0 0
    outer loop
   vertex 30.535 22.245 1.111
   vertex 30.535 22.245 1.376
   vertex 30.365 22.245 1.376
  endloop
 endfacet
  facet normal 0 0 0
    outer loop
   vertex 30.535 22.245 1.111
   vertex 30.365 22.245 1.376
   vertex 30.365 22.245 1.111
  endloop
 endfacet
  facet normal 0 0 0
    outer loop
   vertex 30.365 22.415 1.111
   vertex 30.365 22.415 1.376
   vertex 30.535 22.415 1.376
  endloop
 endfacet
  facet normal 0 0 0
    outer loop
   vertex 30.365 22.415 1.111
   vertex 30.535 22.415 1.376
   vertex 30.535 22.415 1.111
  endloop
 endfacet
  facet normal 0 0 0
    outer loop
   vertex 30.365 22.775 1.111
   vertex 30.365 22.775 1.376
   vertex 30.535 22.775 1.376
  endloop
 endfacet
  facet normal 0 0 0
    outer loop
   vertex 30.365 22.775 1.111
   vertex 30.535 22.775 1.376
   vertex 30.535 22.775 1.111
  endloop
 endfacet
  facet normal 0 0 0
    outer loop
   vertex 30.535 22.605 1.111
   vertex 30.535 22.605 1.376
   vertex 30.365 22.605 1.376
  endloop
 endfacet
  facet normal 0 0 0
    outer loop
   vertex 30.535 22.605 1.111
   vertex 30.365 22.605 1.376
   vertex 30.365 22.605 1.111
  endloop
 endfacet
  facet normal 0 0 0
    outer loop
   vertex 30.365 23.135 1.111
   vertex 30.365 23.135 1.376
   vertex 30.535 23.135 1.376
  endloop
 endfacet
  facet normal 0 0 0
    outer loop
   vertex 30.365 23.135 1.111
   vertex 30.535 23.135 1.376
   vertex 30.535 23.135 1.111
  endloop
 endfacet
  facet normal 0 0 0
    outer loop
   vertex 30.535 22.965 1.111
   vertex 30.535 22.965 1.376
   vertex 30.365 22.965 1.376
  endloop
 endfacet
  facet normal 0 0 0
    outer loop
   vertex 30.535 22.965 1.111
   vertex 30.365 22.965 1.376
   vertex 30.365 22.965 1.111
  endloop
 endfacet
  facet normal 0 0 0
    outer loop
   vertex 30.535 23.325 1.111
   vertex 30.535 23.325 1.376
   vertex 30.365 23.325 1.376
  endloop
 endfacet
  facet normal 0 0 0
    outer loop
   vertex 30.535 23.325 1.111
   vertex 30.365 23.325 1.376
   vertex 30.365 23.325 1.111
  endloop
 endfacet
  facet normal 0 0 0
    outer loop
   vertex 30.365 23.495 1.111
   vertex 30.365 23.495 1.376
   vertex 30.535 23.495 1.376
  endloop
 endfacet
  facet normal 0 0 0
    outer loop
   vertex 30.365 23.495 1.111
   vertex 30.535 23.495 1.376
   vertex 30.535 23.495 1.111
  endloop
 endfacet
  facet normal 0 0 0
    outer loop
   vertex 30.365 23.855 1.111
   vertex 30.365 23.855 1.376
   vertex 30.535 23.855 1.376
  endloop
 endfacet
  facet normal 0 0 0
    outer loop
   vertex 30.365 23.855 1.111
   vertex 30.535 23.855 1.376
   vertex 30.535 23.855 1.111
  endloop
 endfacet
  facet normal 0 0 0
    outer loop
   vertex 30.535 23.685 1.111
   vertex 30.535 23.685 1.376
   vertex 30.365 23.685 1.376
  endloop
 endfacet
  facet normal 0 0 0
    outer loop
   vertex 30.535 23.685 1.111
   vertex 30.365 23.685 1.376
   vertex 30.365 23.685 1.111
  endloop
 endfacet
  facet normal 0 0 0
    outer loop
   vertex 30.535 24.045 1.111
   vertex 30.535 24.045 1.376
   vertex 30.365 24.045 1.376
  endloop
 endfacet
  facet normal 0 0 0
    outer loop
   vertex 30.535 24.045 1.111
   vertex 30.365 24.045 1.376
   vertex 30.365 24.045 1.111
  endloop
 endfacet
  facet normal 0 0 0
    outer loop
   vertex 30.365 24.215 1.111
   vertex 30.365 24.215 1.376
   vertex 30.535 24.215 1.376
  endloop
 endfacet
  facet normal 0 0 0
    outer loop
   vertex 30.365 24.215 1.111
   vertex 30.535 24.215 1.376
   vertex 30.535 24.215 1.111
  endloop
 endfacet
  facet normal 0 0 0
    outer loop
   vertex 30.535 24.405 1.111
   vertex 30.535 24.405 1.376
   vertex 30.365 24.405 1.376
  endloop
 endfacet
  facet normal 0 0 0
    outer loop
   vertex 30.535 24.405 1.111
   vertex 30.365 24.405 1.376
   vertex 30.365 24.405 1.111
  endloop
 endfacet
  facet normal 0 0 0
    outer loop
   vertex 30.365 24.575 1.111
   vertex 30.365 24.575 1.376
   vertex 30.535 24.575 1.376
  endloop
 endfacet
  facet normal 0 0 0
    outer loop
   vertex 30.365 24.575 1.111
   vertex 30.535 24.575 1.376
   vertex 30.535 24.575 1.111
  endloop
 endfacet
  facet normal 0 0 0
    outer loop
   vertex -9.255 14.785 1.111
   vertex -9.255 14.785 1.376
   vertex -9.085 14.785 1.376
  endloop
 endfacet
  facet normal 0 0 0
    outer loop
   vertex -9.255 14.785 1.111
   vertex -9.085 14.785 1.376
   vertex -9.085 14.785 1.111
  endloop
 endfacet
  facet normal 0 0 0
    outer loop
   vertex -7.405 14.785 1.111
   vertex -7.405 14.785 1.376
   vertex -7.235 14.785 1.376
  endloop
 endfacet
  facet normal 0 0 0
    outer loop
   vertex -7.405 14.785 1.111
   vertex -7.235 14.785 1.376
   vertex -7.235 14.785 1.111
  endloop
 endfacet
  facet normal 0 0 0
    outer loop
   vertex -6.455 14.785 1.111
   vertex -6.455 14.785 1.376
   vertex -6.285 14.785 1.376
  endloop
 endfacet
  facet normal 0 0 0
    outer loop
   vertex -6.455 14.785 1.111
   vertex -6.285 14.785 1.376
   vertex -6.285 14.785 1.111
  endloop
 endfacet
  facet normal 0 0 0
    outer loop
   vertex -4.605 14.785 1.111
   vertex -4.605 14.785 1.376
   vertex -4.435 14.785 1.376
  endloop
 endfacet
  facet normal 0 0 0
    outer loop
   vertex -4.605 14.785 1.111
   vertex -4.435 14.785 1.376
   vertex -4.435 14.785 1.111
  endloop
 endfacet
  facet normal 0 0 0
    outer loop
   vertex -9.255 14.615 1.111
   vertex -9.255 14.615 1.376
   vertex -9.255 14.785 1.376
  endloop
 endfacet
  facet normal 0 0 0
    outer loop
   vertex -9.255 14.615 1.111
   vertex -9.255 14.785 1.376
   vertex -9.255 14.785 1.111
  endloop
 endfacet
  facet normal 0 0 0
    outer loop
   vertex -9.085 14.785 1.111
   vertex -9.085 14.785 1.376
   vertex -9.085 14.615 1.376
  endloop
 endfacet
  facet normal 0 0 0
    outer loop
   vertex -9.085 14.785 1.111
   vertex -9.085 14.615 1.376
   vertex -9.085 14.615 1.111
  endloop
 endfacet
  facet normal 0 0 0
    outer loop
   vertex -7.405 14.615 1.111
   vertex -7.405 14.615 1.376
   vertex -7.405 14.785 1.376
  endloop
 endfacet
  facet normal 0 0 0
    outer loop
   vertex -7.405 14.615 1.111
   vertex -7.405 14.785 1.376
   vertex -7.405 14.785 1.111
  endloop
 endfacet
  facet normal 0 0 0
    outer loop
   vertex -7.235 14.785 1.111
   vertex -7.235 14.785 1.376
   vertex -7.235 14.615 1.376
  endloop
 endfacet
  facet normal 0 0 0
    outer loop
   vertex -7.235 14.785 1.111
   vertex -7.235 14.615 1.376
   vertex -7.235 14.615 1.111
  endloop
 endfacet
  facet normal 0 0 0
    outer loop
   vertex -6.455 14.615 1.111
   vertex -6.455 14.615 1.376
   vertex -6.455 14.785 1.376
  endloop
 endfacet
  facet normal 0 0 0
    outer loop
   vertex -6.455 14.615 1.111
   vertex -6.455 14.785 1.376
   vertex -6.455 14.785 1.111
  endloop
 endfacet
  facet normal 0 0 0
    outer loop
   vertex -6.285 14.785 1.111
   vertex -6.285 14.785 1.376
   vertex -6.285 14.615 1.376
  endloop
 endfacet
  facet normal 0 0 0
    outer loop
   vertex -6.285 14.785 1.111
   vertex -6.285 14.615 1.376
   vertex -6.285 14.615 1.111
  endloop
 endfacet
  facet normal 0 0 0
    outer loop
   vertex -4.605 14.615 1.111
   vertex -4.605 14.615 1.376
   vertex -4.605 14.785 1.376
  endloop
 endfacet
  facet normal 0 0 0
    outer loop
   vertex -4.605 14.615 1.111
   vertex -4.605 14.785 1.376
   vertex -4.605 14.785 1.111
  endloop
 endfacet
  facet normal 0 0 0
    outer loop
   vertex -4.435 14.785 1.111
   vertex -4.435 14.785 1.376
   vertex -4.435 14.615 1.376
  endloop
 endfacet
  facet normal 0 0 0
    outer loop
   vertex -4.435 14.785 1.111
   vertex -4.435 14.615 1.376
   vertex -4.435 14.615 1.111
  endloop
 endfacet
  facet normal 0 0 0
    outer loop
   vertex -4.435 14.615 1.111
   vertex -4.435 14.615 1.376
   vertex -4.605 14.615 1.376
  endloop
 endfacet
  facet normal 0 0 0
    outer loop
   vertex -4.435 14.615 1.111
   vertex -4.605 14.615 1.376
   vertex -4.605 14.615 1.111
  endloop
 endfacet
  facet normal 0 0 0
    outer loop
   vertex -6.285 14.615 1.111
   vertex -6.285 14.615 1.376
   vertex -6.455 14.615 1.376
  endloop
 endfacet
  facet normal 0 0 0
    outer loop
   vertex -6.285 14.615 1.111
   vertex -6.455 14.615 1.376
   vertex -6.455 14.615 1.111
  endloop
 endfacet
  facet normal 0 0 0
    outer loop
   vertex -7.235 14.615 1.111
   vertex -7.235 14.615 1.376
   vertex -7.405 14.615 1.376
  endloop
 endfacet
  facet normal 0 0 0
    outer loop
   vertex -7.235 14.615 1.111
   vertex -7.405 14.615 1.376
   vertex -7.405 14.615 1.111
  endloop
 endfacet
  facet normal 0 0 0
    outer loop
   vertex -9.085 14.615 1.111
   vertex -9.085 14.615 1.376
   vertex -9.255 14.615 1.376
  endloop
 endfacet
  facet normal 0 0 0
    outer loop
   vertex -9.085 14.615 1.111
   vertex -9.255 14.615 1.376
   vertex -9.255 14.615 1.111
  endloop
 endfacet
  facet normal 0 0 0
    outer loop
   vertex 30.365 6.455 1.111
   vertex 30.365 6.455 1.376
   vertex 30.535 6.455 1.376
  endloop
 endfacet
  facet normal 0 0 0
    outer loop
   vertex 30.365 6.455 1.111
   vertex 30.535 6.455 1.376
   vertex 30.535 6.455 1.111
  endloop
 endfacet
  facet normal 0 0 0
    outer loop
   vertex 30.535 6.285 1.111
   vertex 30.535 6.285 1.376
   vertex 30.365 6.285 1.376
  endloop
 endfacet
  facet normal 0 0 0
    outer loop
   vertex 30.535 6.285 1.111
   vertex 30.365 6.285 1.376
   vertex 30.365 6.285 1.111
  endloop
 endfacet
  facet normal 0 0 0
    outer loop
   vertex 30.365 6.815 1.111
   vertex 30.365 6.815 1.376
   vertex 30.535 6.815 1.376
  endloop
 endfacet
  facet normal 0 0 0
    outer loop
   vertex 30.365 6.815 1.111
   vertex 30.535 6.815 1.376
   vertex 30.535 6.815 1.111
  endloop
 endfacet
  facet normal 0 0 0
    outer loop
   vertex 30.535 6.645 1.111
   vertex 30.535 6.645 1.376
   vertex 30.365 6.645 1.376
  endloop
 endfacet
  facet normal 0 0 0
    outer loop
   vertex 30.535 6.645 1.111
   vertex 30.365 6.645 1.376
   vertex 30.365 6.645 1.111
  endloop
 endfacet
  facet normal 0 0 0
    outer loop
   vertex 30.365 7.175 1.111
   vertex 30.365 7.175 1.376
   vertex 30.535 7.175 1.376
  endloop
 endfacet
  facet normal 0 0 0
    outer loop
   vertex 30.365 7.175 1.111
   vertex 30.535 7.175 1.376
   vertex 30.535 7.175 1.111
  endloop
 endfacet
  facet normal 0 0 0
    outer loop
   vertex 30.535 7.005 1.111
   vertex 30.535 7.005 1.376
   vertex 30.365 7.005 1.376
  endloop
 endfacet
  facet normal 0 0 0
    outer loop
   vertex 30.535 7.005 1.111
   vertex 30.365 7.005 1.376
   vertex 30.365 7.005 1.111
  endloop
 endfacet
  facet normal 0 0 0
    outer loop
   vertex 30.535 7.365 1.111
   vertex 30.535 7.365 1.376
   vertex 30.365 7.365 1.376
  endloop
 endfacet
  facet normal 0 0 0
    outer loop
   vertex 30.535 7.365 1.111
   vertex 30.365 7.365 1.376
   vertex 30.365 7.365 1.111
  endloop
 endfacet
  facet normal 0 0 0
    outer loop
   vertex 30.365 7.535 1.111
   vertex 30.365 7.535 1.376
   vertex 30.535 7.535 1.376
  endloop
 endfacet
  facet normal 0 0 0
    outer loop
   vertex 30.365 7.535 1.111
   vertex 30.535 7.535 1.376
   vertex 30.535 7.535 1.111
  endloop
 endfacet
  facet normal 0 0 0
    outer loop
   vertex 36.785 13.005 1.111
   vertex 36.785 13.005 1.376
   vertex 36.615 13.005 1.376
  endloop
 endfacet
  facet normal 0 0 0
    outer loop
   vertex 36.785 13.005 1.111
   vertex 36.615 13.005 1.376
   vertex 36.615 13.005 1.111
  endloop
 endfacet
  facet normal 0 0 0
    outer loop
   vertex 24.285 13.005 1.111
   vertex 24.285 13.005 1.376
   vertex 24.115 13.005 1.376
  endloop
 endfacet
  facet normal 0 0 0
    outer loop
   vertex 24.285 13.005 1.111
   vertex 24.115 13.005 1.376
   vertex 24.115 13.005 1.111
  endloop
 endfacet
  facet normal 0 0 0
    outer loop
   vertex 24.115 13.175 1.111
   vertex 24.115 13.175 1.376
   vertex 24.285 13.175 1.376
  endloop
 endfacet
  facet normal 0 0 0
    outer loop
   vertex 24.115 13.175 1.111
   vertex 24.285 13.175 1.376
   vertex 24.285 13.175 1.111
  endloop
 endfacet
  facet normal 0 0 0
    outer loop
   vertex 36.615 13.175 1.111
   vertex 36.615 13.175 1.376
   vertex 36.785 13.175 1.376
  endloop
 endfacet
  facet normal 0 0 0
    outer loop
   vertex 36.615 13.175 1.111
   vertex 36.785 13.175 1.376
   vertex 36.785 13.175 1.111
  endloop
 endfacet
  facet normal 0 0 0
    outer loop
   vertex 24.115 13.535 1.111
   vertex 24.115 13.535 1.376
   vertex 24.285 13.535 1.376
  endloop
 endfacet
  facet normal 0 0 0
    outer loop
   vertex 24.115 13.535 1.111
   vertex 24.285 13.535 1.376
   vertex 24.285 13.535 1.111
  endloop
 endfacet
  facet normal 0 0 0
    outer loop
   vertex 36.615 13.535 1.111
   vertex 36.615 13.535 1.376
   vertex 36.785 13.535 1.376
  endloop
 endfacet
  facet normal 0 0 0
    outer loop
   vertex 36.615 13.535 1.111
   vertex 36.785 13.535 1.376
   vertex 36.785 13.535 1.111
  endloop
 endfacet
  facet normal 0 0 0
    outer loop
   vertex 36.785 13.365 1.111
   vertex 36.785 13.365 1.376
   vertex 36.615 13.365 1.376
  endloop
 endfacet
  facet normal 0 0 0
    outer loop
   vertex 36.785 13.365 1.111
   vertex 36.615 13.365 1.376
   vertex 36.615 13.365 1.111
  endloop
 endfacet
  facet normal 0 0 0
    outer loop
   vertex 24.285 13.365 1.111
   vertex 24.285 13.365 1.376
   vertex 24.115 13.365 1.376
  endloop
 endfacet
  facet normal 0 0 0
    outer loop
   vertex 24.285 13.365 1.111
   vertex 24.115 13.365 1.376
   vertex 24.115 13.365 1.111
  endloop
 endfacet
  facet normal 0 0 0
    outer loop
   vertex 24.115 13.895 1.111
   vertex 24.115 13.895 1.376
   vertex 24.285 13.895 1.376
  endloop
 endfacet
  facet normal 0 0 0
    outer loop
   vertex 24.115 13.895 1.111
   vertex 24.285 13.895 1.376
   vertex 24.285 13.895 1.111
  endloop
 endfacet
  facet normal 0 0 0
    outer loop
   vertex 36.615 13.895 1.111
   vertex 36.615 13.895 1.376
   vertex 36.785 13.895 1.376
  endloop
 endfacet
  facet normal 0 0 0
    outer loop
   vertex 36.615 13.895 1.111
   vertex 36.785 13.895 1.376
   vertex 36.785 13.895 1.111
  endloop
 endfacet
  facet normal 0 0 0
    outer loop
   vertex 36.785 13.725 1.111
   vertex 36.785 13.725 1.376
   vertex 36.615 13.725 1.376
  endloop
 endfacet
  facet normal 0 0 0
    outer loop
   vertex 36.785 13.725 1.111
   vertex 36.615 13.725 1.376
   vertex 36.615 13.725 1.111
  endloop
 endfacet
  facet normal 0 0 0
    outer loop
   vertex 24.285 13.725 1.111
   vertex 24.285 13.725 1.376
   vertex 24.115 13.725 1.376
  endloop
 endfacet
  facet normal 0 0 0
    outer loop
   vertex 24.285 13.725 1.111
   vertex 24.115 13.725 1.376
   vertex 24.115 13.725 1.111
  endloop
 endfacet
  facet normal 0 0 0
    outer loop
   vertex 24.115 14.255 1.111
   vertex 24.115 14.255 1.376
   vertex 24.285 14.255 1.376
  endloop
 endfacet
  facet normal 0 0 0
    outer loop
   vertex 24.115 14.255 1.111
   vertex 24.285 14.255 1.376
   vertex 24.285 14.255 1.111
  endloop
 endfacet
  facet normal 0 0 0
    outer loop
   vertex 36.615 14.255 1.111
   vertex 36.615 14.255 1.376
   vertex 36.785 14.255 1.376
  endloop
 endfacet
  facet normal 0 0 0
    outer loop
   vertex 36.615 14.255 1.111
   vertex 36.785 14.255 1.376
   vertex 36.785 14.255 1.111
  endloop
 endfacet
  facet normal 0 0 0
    outer loop
   vertex 36.785 14.085 1.111
   vertex 36.785 14.085 1.376
   vertex 36.615 14.085 1.376
  endloop
 endfacet
  facet normal 0 0 0
    outer loop
   vertex 36.785 14.085 1.111
   vertex 36.615 14.085 1.376
   vertex 36.615 14.085 1.111
  endloop
 endfacet
  facet normal 0 0 0
    outer loop
   vertex 24.285 14.085 1.111
   vertex 24.285 14.085 1.376
   vertex 24.115 14.085 1.376
  endloop
 endfacet
  facet normal 0 0 0
    outer loop
   vertex 24.285 14.085 1.111
   vertex 24.115 14.085 1.376
   vertex 24.115 14.085 1.111
  endloop
 endfacet
  facet normal 0 0 0
    outer loop
   vertex 30.365 4.655 1.111
   vertex 30.365 4.655 1.376
   vertex 30.535 4.655 1.376
  endloop
 endfacet
  facet normal 0 0 0
    outer loop
   vertex 30.365 4.655 1.111
   vertex 30.535 4.655 1.376
   vertex 30.535 4.655 1.111
  endloop
 endfacet
  facet normal 0 0 0
    outer loop
   vertex 30.535 4.485 1.111
   vertex 30.535 4.485 1.376
   vertex 30.365 4.485 1.376
  endloop
 endfacet
  facet normal 0 0 0
    outer loop
   vertex 30.535 4.485 1.111
   vertex 30.365 4.485 1.376
   vertex 30.365 4.485 1.111
  endloop
 endfacet
  facet normal 0 0 0
    outer loop
   vertex 30.535 4.845 1.111
   vertex 30.535 4.845 1.376
   vertex 30.365 4.845 1.376
  endloop
 endfacet
  facet normal 0 0 0
    outer loop
   vertex 30.535 4.845 1.111
   vertex 30.365 4.845 1.376
   vertex 30.365 4.845 1.111
  endloop
 endfacet
  facet normal 0 0 0
    outer loop
   vertex 30.365 5.015 1.111
   vertex 30.365 5.015 1.376
   vertex 30.535 5.015 1.376
  endloop
 endfacet
  facet normal 0 0 0
    outer loop
   vertex 30.365 5.015 1.111
   vertex 30.535 5.015 1.376
   vertex 30.535 5.015 1.111
  endloop
 endfacet
  facet normal 0 0 0
    outer loop
   vertex 36.785 14.445 1.111
   vertex 36.785 14.445 1.376
   vertex 36.615 14.445 1.376
  endloop
 endfacet
  facet normal 0 0 0
    outer loop
   vertex 36.785 14.445 1.111
   vertex 36.615 14.445 1.376
   vertex 36.615 14.445 1.111
  endloop
 endfacet
  facet normal 0 0 0
    outer loop
   vertex 24.285 14.445 1.111
   vertex 24.285 14.445 1.376
   vertex 24.115 14.445 1.376
  endloop
 endfacet
  facet normal 0 0 0
    outer loop
   vertex 24.285 14.445 1.111
   vertex 24.115 14.445 1.376
   vertex 24.115 14.445 1.111
  endloop
 endfacet
  facet normal 0 0 0
    outer loop
   vertex 30.365 5.375 1.111
   vertex 30.365 5.375 1.376
   vertex 30.535 5.375 1.376
  endloop
 endfacet
  facet normal 0 0 0
    outer loop
   vertex 30.365 5.375 1.111
   vertex 30.535 5.375 1.376
   vertex 30.535 5.375 1.111
  endloop
 endfacet
  facet normal 0 0 0
    outer loop
   vertex 30.535 5.205 1.111
   vertex 30.535 5.205 1.376
   vertex 30.365 5.205 1.376
  endloop
 endfacet
  facet normal 0 0 0
    outer loop
   vertex 30.535 5.205 1.111
   vertex 30.365 5.205 1.376
   vertex 30.365 5.205 1.111
  endloop
 endfacet
  facet normal 0 0 0
    outer loop
   vertex 30.365 5.735 1.111
   vertex 30.365 5.735 1.376
   vertex 30.535 5.735 1.376
  endloop
 endfacet
  facet normal 0 0 0
    outer loop
   vertex 30.365 5.735 1.111
   vertex 30.535 5.735 1.376
   vertex 30.535 5.735 1.111
  endloop
 endfacet
  facet normal 0 0 0
    outer loop
   vertex 30.535 5.565 1.111
   vertex 30.535 5.565 1.376
   vertex 30.365 5.565 1.376
  endloop
 endfacet
  facet normal 0 0 0
    outer loop
   vertex 30.535 5.565 1.111
   vertex 30.365 5.565 1.376
   vertex 30.365 5.565 1.111
  endloop
 endfacet
  facet normal 0 0 0
    outer loop
   vertex 30.365 6.095 1.111
   vertex 30.365 6.095 1.376
   vertex 30.535 6.095 1.376
  endloop
 endfacet
  facet normal 0 0 0
    outer loop
   vertex 30.365 6.095 1.111
   vertex 30.535 6.095 1.376
   vertex 30.535 6.095 1.111
  endloop
 endfacet
  facet normal 0 0 0
    outer loop
   vertex 30.535 5.925 1.111
   vertex 30.535 5.925 1.376
   vertex 30.365 5.925 1.376
  endloop
 endfacet
  facet normal 0 0 0
    outer loop
   vertex 30.535 5.925 1.111
   vertex 30.365 5.925 1.376
   vertex 30.365 5.925 1.111
  endloop
 endfacet
  facet normal 0 0 0
    outer loop
   vertex -9.585 14.625 1.736
   vertex -9.7 14.89 1.736
   vertex -9.7 14.51 1.736
  endloop
 endfacet
  facet normal 0 0 0
    outer loop
   vertex -9.51 14.51 1.736
   vertex -9.585 14.625 1.736
   vertex -9.7 14.51 1.736
  endloop
 endfacet
  facet normal 0 0 0
    outer loop
   vertex -9.435 14.625 1.736
   vertex -9.585 14.625 1.736
   vertex -9.51 14.51 1.736
  endloop
 endfacet
  facet normal 0 0 0
    outer loop
   vertex -9.32 14.51 1.736
   vertex -9.32 14.55 1.736
   vertex -9.415 14.51 1.736
  endloop
 endfacet
  facet normal 0 0 0
    outer loop
   vertex -9.415 14.51 1.736
   vertex -9.435 14.625 1.736
   vertex -9.51 14.51 1.736
  endloop
 endfacet
  facet normal 0 0 0
    outer loop
   vertex -9.32 14.55 1.736
   vertex -9.435 14.625 1.736
   vertex -9.415 14.51 1.736
  endloop
 endfacet
  facet normal 0 0 0
    outer loop
   vertex -6.765 14.625 1.736
   vertex -6.915 14.625 1.736
   vertex -6.84 14.51 1.736
  endloop
 endfacet
  facet normal 0 0 0
    outer loop
   vertex -6.84 14.51 1.736
   vertex -6.915 14.625 1.736
   vertex -6.935 14.51 1.736
  endloop
 endfacet
  facet normal 0 0 0
    outer loop
   vertex -6.935 14.51 1.736
   vertex -7.03 14.55 1.736
   vertex -7.03 14.51 1.736
  endloop
 endfacet
  facet normal 0 0 0
    outer loop
   vertex -6.915 14.625 1.736
   vertex -7.03 14.55 1.736
   vertex -6.935 14.51 1.736
  endloop
 endfacet
  facet normal 0 0 0
    outer loop
   vertex -6.65 14.51 1.736
   vertex -6.65 14.55 1.736
   vertex -6.745 14.51 1.736
  endloop
 endfacet
  facet normal 0 0 0
    outer loop
   vertex -6.745 14.51 1.736
   vertex -6.765 14.625 1.736
   vertex -6.84 14.51 1.736
  endloop
 endfacet
  facet normal 0 0 0
    outer loop
   vertex -6.65 14.55 1.736
   vertex -6.765 14.625 1.736
   vertex -6.745 14.51 1.736
  endloop
 endfacet
  facet normal 0 0 0
    outer loop
   vertex -3.99 14.89 1.736
   vertex -4.105 14.625 1.736
   vertex -3.99 14.51 1.736
  endloop
 endfacet
  facet normal 0 0 0
    outer loop
   vertex -3.99 14.51 1.736
   vertex -4.105 14.625 1.736
   vertex -4.18 14.51 1.736
  endloop
 endfacet
  facet normal 0 0 0
    outer loop
   vertex -4.105 14.625 1.736
   vertex -4.255 14.625 1.736
   vertex -4.18 14.51 1.736
  endloop
 endfacet
  facet normal 0 0 0
    outer loop
   vertex -4.18 14.51 1.736
   vertex -4.255 14.625 1.736
   vertex -4.275 14.51 1.736
  endloop
 endfacet
  facet normal 0 0 0
    outer loop
   vertex -4.275 14.51 1.736
   vertex -4.37 14.55 1.736
   vertex -4.37 14.51 1.736
  endloop
 endfacet
  facet normal 0 0 0
    outer loop
   vertex -4.255 14.625 1.736
   vertex -4.37 14.55 1.736
   vertex -4.275 14.51 1.736
  endloop
 endfacet
  facet normal 0 0 0
    outer loop
   vertex -2.56 14.51 1.736
   vertex -2.825 14.625 1.736
   vertex -2.94 14.51 1.736
  endloop
 endfacet
  facet normal 0 0 0
    outer loop
   vertex -2.675 14.625 1.736
   vertex -2.825 14.625 1.736
   vertex -2.56 14.51 1.736
  endloop
 endfacet
  facet normal 0 0 0
    outer loop
   vertex -2.675 14.775 1.736
   vertex -2.675 14.625 1.736
   vertex -2.56 14.51 1.736
  endloop
 endfacet
  facet normal 0 0 0
    outer loop
   vertex -2.825 14.625 1.736
   vertex -2.825 14.775 1.736
   vertex -2.94 14.51 1.736
  endloop
 endfacet
  facet normal 0 0 0
    outer loop
   vertex -2.56 14.914 1.736
   vertex -2.675 14.775 1.736
   vertex -2.56 14.51 1.736
  endloop
 endfacet
  facet normal 0 0 0
    outer loop
   vertex -2.825 14.775 1.736
   vertex -2.94 14.979 1.736
   vertex -2.94 14.51 1.736
  endloop
 endfacet
  facet normal 0 0 0
    outer loop
   vertex 24.315 12.91 1.736
   vertex 24.315 14.53 1.736
   vertex 22.765 12.91 1.736
  endloop
 endfacet
  facet normal 0 0 0
    outer loop
   vertex 24.315 14.53 1.736
   vertex 22.765 15.75 1.736
   vertex 22.765 12.91 1.736
  endloop
 endfacet
  facet normal 0 0 0
    outer loop
   vertex 36.815 12.91 1.736
   vertex 36.815 14.53 1.736
   vertex 35.265 12.91 1.736
  endloop
 endfacet
  facet normal 0 0 0
    outer loop
   vertex 36.815 14.53 1.736
   vertex 35.265 15.75 1.736
   vertex 35.265 12.91 1.736
  endloop
 endfacet
  facet normal 0 0 0
    outer loop
   vertex 26.59 14.525 1.736
   vertex 26.19 15.212 1.736
   vertex 26.19 14.325 1.736
  endloop
 endfacet
  facet normal 0 0 0
    outer loop
   vertex 21.39 18.785 1.736
   vertex 20.99 20.003 1.736
   vertex 20.99 18.585 1.736
  endloop
 endfacet
  facet normal 0 0 0
    outer loop
   vertex 21.39 21.42 1.736
   vertex 20.99 20.003 1.736
   vertex 21.39 18.785 1.736
  endloop
 endfacet
  facet normal 0 0 0
    outer loop
   vertex 33.89 18.785 1.736
   vertex 33.49 20.003 1.736
   vertex 33.49 18.585 1.736
  endloop
 endfacet
  facet normal 0 0 0
    outer loop
   vertex 33.89 21.42 1.736
   vertex 33.49 20.003 1.736
   vertex 33.89 18.785 1.736
  endloop
 endfacet
  facet normal 0 0 0
    outer loop
   vertex 26.59 19.696 1.736
   vertex 26.19 19.646 1.736
   vertex 26.19 18.759 1.736
  endloop
 endfacet
  facet normal 0 0 0
    outer loop
   vertex 26.59 19.696 1.736
   vertex 26.19 18.759 1.736
   vertex 26.59 17.973 1.736
  endloop
 endfacet
  facet normal 0 0 0
    outer loop
   vertex 33.775 21.585 1.736
   vertex 33.605 21.735 1.736
   vertex 33.605 21.585 1.736
  endloop
 endfacet
  facet normal 0 0 0
    outer loop
   vertex 34.09 21.42 1.736
   vertex 33.925 21.585 1.736
   vertex 33.89 21.42 1.736
  endloop
 endfacet
  facet normal 0 0 0
    outer loop
   vertex 33.925 21.585 1.736
   vertex 33.775 21.585 1.736
   vertex 33.89 21.42 1.736
  endloop
 endfacet
  facet normal 0 0 0
    outer loop
   vertex 33.775 21.735 1.736
   vertex 33.605 21.735 1.736
   vertex 33.775 21.585 1.736
  endloop
 endfacet
  facet normal 0 0 0
    outer loop
   vertex 33.605 21.735 1.736
   vertex 33.455 21.905 1.736
   vertex 33.455 21.735 1.736
  endloop
 endfacet
  facet normal 0 0 0
    outer loop
   vertex 33.775 21.735 1.736
   vertex 33.605 21.905 1.736
   vertex 33.605 21.735 1.736
  endloop
 endfacet
  facet normal 0 0 0
    outer loop
   vertex 33.605 21.905 1.736
   vertex 33.455 21.905 1.736
   vertex 33.605 21.735 1.736
  endloop
 endfacet
  facet normal 0 0 0
    outer loop
   vertex 33.775 21.905 1.736
   vertex 33.605 22.055 1.736
   vertex 33.605 21.905 1.736
  endloop
 endfacet
  facet normal 0 0 0
    outer loop
   vertex 33.925 21.735 1.736
   vertex 33.775 21.905 1.736
   vertex 33.775 21.735 1.736
  endloop
 endfacet
  facet normal 0 0 0
    outer loop
   vertex 33.775 21.905 1.736
   vertex 33.605 21.905 1.736
   vertex 33.775 21.735 1.736
  endloop
 endfacet
  facet normal 0 0 0
    outer loop
   vertex 33.925 21.905 1.736
   vertex 33.775 21.905 1.736
   vertex 33.925 21.735 1.736
  endloop
 endfacet
  facet normal 0 0 0
    outer loop
   vertex 33.775 22.055 1.736
   vertex 33.605 22.055 1.736
   vertex 33.775 21.905 1.736
  endloop
 endfacet
  facet normal 0 0 0
    outer loop
   vertex 33.455 21.905 1.736
   vertex 33.29 21.82 1.736
   vertex 33.455 21.735 1.736
  endloop
 endfacet
  facet normal 0 0 0
    outer loop
   vertex 33.455 21.735 1.736
   vertex 33.29 21.82 1.736
   vertex 33.455 21.585 1.736
  endloop
 endfacet
  facet normal 0 0 0
    outer loop
   vertex 33.455 21.585 1.736
   vertex 33.29 21.82 1.736
   vertex 33.29 21.42 1.736
  endloop
 endfacet
  facet normal 0 0 0
    outer loop
   vertex 33.455 22.055 1.736
   vertex 33.29 22.22 1.736
   vertex 33.29 21.82 1.736
  endloop
 endfacet
  facet normal 0 0 0
    outer loop
   vertex 33.455 21.905 1.736
   vertex 33.455 22.055 1.736
   vertex 33.29 21.82 1.736
  endloop
 endfacet
  facet normal 0 0 0
    outer loop
   vertex 34.09 21.82 1.736
   vertex 33.925 21.905 1.736
   vertex 33.925 21.735 1.736
  endloop
 endfacet
  facet normal 0 0 0
    outer loop
   vertex 34.09 21.82 1.736
   vertex 33.925 21.585 1.736
   vertex 34.09 21.42 1.736
  endloop
 endfacet
  facet normal 0 0 0
    outer loop
   vertex 34.09 21.82 1.736
   vertex 33.925 21.735 1.736
   vertex 33.925 21.585 1.736
  endloop
 endfacet
  facet normal 0 0 0
    outer loop
   vertex 34.09 22.22 1.736
   vertex 33.925 22.055 1.736
   vertex 34.09 21.82 1.736
  endloop
 endfacet
  facet normal 0 0 0
    outer loop
   vertex 33.925 22.055 1.736
   vertex 33.925 21.905 1.736
   vertex 34.09 21.82 1.736
  endloop
 endfacet
  facet normal 0 0 0
    outer loop
   vertex 33.69 22.22 1.736
   vertex 33.29 22.22 1.736
   vertex 33.455 22.055 1.736
  endloop
 endfacet
  facet normal 0 0 0
    outer loop
   vertex 33.605 22.055 1.736
   vertex 33.69 22.22 1.736
   vertex 33.455 22.055 1.736
  endloop
 endfacet
  facet normal 0 0 0
    outer loop
   vertex 33.775 22.055 1.736
   vertex 33.69 22.22 1.736
   vertex 33.605 22.055 1.736
  endloop
 endfacet
  facet normal 0 0 0
    outer loop
   vertex 34.09 22.22 1.736
   vertex 33.69 22.22 1.736
   vertex 33.925 22.055 1.736
  endloop
 endfacet
  facet normal 0 0 0
    outer loop
   vertex 33.925 22.055 1.736
   vertex 33.69 22.22 1.736
   vertex 33.775 22.055 1.736
  endloop
 endfacet
  facet normal 0 0 0
    outer loop
   vertex 33.49 21.42 1.736
   vertex 33.455 21.585 1.736
   vertex 33.29 21.42 1.736
  endloop
 endfacet
  facet normal 0 0 0
    outer loop
   vertex 33.89 21.42 1.736
   vertex 33.49 21.42 1.736
   vertex 33.49 20.003 1.736
  endloop
 endfacet
  facet normal 0 0 0
    outer loop
   vertex 33.605 21.585 1.736
   vertex 33.455 21.585 1.736
   vertex 33.49 21.42 1.736
  endloop
 endfacet
  facet normal 0 0 0
    outer loop
   vertex 26.19 21.42 1.736
   vertex 26.155 21.585 1.736
   vertex 25.99 21.42 1.736
  endloop
 endfacet
  facet normal 0 0 0
    outer loop
   vertex 26.305 21.585 1.736
   vertex 26.155 21.585 1.736
   vertex 26.19 21.42 1.736
  endloop
 endfacet
  facet normal 0 0 0
    outer loop
   vertex 26.59 21.42 1.736
   vertex 26.305 21.585 1.736
   vertex 26.19 21.42 1.736
  endloop
 endfacet
  facet normal 0 0 0
    outer loop
   vertex 26.475 21.585 1.736
   vertex 26.305 21.585 1.736
   vertex 26.59 21.42 1.736
  endloop
 endfacet
  facet normal 0 0 0
    outer loop
   vertex 26.475 21.585 1.736
   vertex 26.305 21.735 1.736
   vertex 26.305 21.585 1.736
  endloop
 endfacet
  facet normal 0 0 0
    outer loop
   vertex 26.625 21.585 1.736
   vertex 26.475 21.585 1.736
   vertex 26.59 21.42 1.736
  endloop
 endfacet
  facet normal 0 0 0
    outer loop
   vertex 26.79 21.62 1.736
   vertex 26.625 21.585 1.736
   vertex 26.79 21.42 1.736
  endloop
 endfacet
  facet normal 0 0 0
    outer loop
   vertex 26.79 21.42 1.736
   vertex 26.625 21.585 1.736
   vertex 26.59 21.42 1.736
  endloop
 endfacet
  facet normal 0 0 0
    outer loop
   vertex 26.79 21.62 1.736
   vertex 26.625 21.735 1.736
   vertex 26.625 21.585 1.736
  endloop
 endfacet
  facet normal 0 0 0
    outer loop
   vertex 26.79 22.02 1.736
   vertex 26.625 21.735 1.736
   vertex 26.79 21.62 1.736
  endloop
 endfacet
  facet normal 0 0 0
    outer loop
   vertex 26.475 21.735 1.736
   vertex 26.305 21.735 1.736
   vertex 26.475 21.585 1.736
  endloop
 endfacet
  facet normal 0 0 0
    outer loop
   vertex 26.305 21.735 1.736
   vertex 26.155 21.905 1.736
   vertex 26.155 21.735 1.736
  endloop
 endfacet
  facet normal 0 0 0
    outer loop
   vertex 26.305 21.905 1.736
   vertex 26.155 21.905 1.736
   vertex 26.305 21.735 1.736
  endloop
 endfacet
  facet normal 0 0 0
    outer loop
   vertex 26.475 21.735 1.736
   vertex 26.305 21.905 1.736
   vertex 26.305 21.735 1.736
  endloop
 endfacet
  facet normal 0 0 0
    outer loop
   vertex 26.475 21.905 1.736
   vertex 26.305 21.905 1.736
   vertex 26.475 21.735 1.736
  endloop
 endfacet
  facet normal 0 0 0
    outer loop
   vertex 26.625 21.735 1.736
   vertex 26.475 21.905 1.736
   vertex 26.475 21.735 1.736
  endloop
 endfacet
  facet normal 0 0 0
    outer loop
   vertex 26.475 21.905 1.736
   vertex 26.305 22.055 1.736
   vertex 26.305 21.905 1.736
  endloop
 endfacet
  facet normal 0 0 0
    outer loop
   vertex 26.625 21.905 1.736
   vertex 26.475 21.905 1.736
   vertex 26.625 21.735 1.736
  endloop
 endfacet
  facet normal 0 0 0
    outer loop
   vertex 26.79 22.02 1.736
   vertex 26.625 21.905 1.736
   vertex 26.625 21.735 1.736
  endloop
 endfacet
  facet normal 0 0 0
    outer loop
   vertex 26.79 22.02 1.736
   vertex 26.625 22.055 1.736
   vertex 26.625 21.905 1.736
  endloop
 endfacet
  facet normal 0 0 0
    outer loop
   vertex 26.79 22.22 1.736
   vertex 26.625 22.055 1.736
   vertex 26.79 22.02 1.736
  endloop
 endfacet
  facet normal 0 0 0
    outer loop
   vertex 26.475 22.055 1.736
   vertex 26.305 22.055 1.736
   vertex 26.475 21.905 1.736
  endloop
 endfacet
  facet normal 0 0 0
    outer loop
   vertex 26.155 21.905 1.736
   vertex 25.99 21.82 1.736
   vertex 26.155 21.735 1.736
  endloop
 endfacet
  facet normal 0 0 0
    outer loop
   vertex 26.155 21.735 1.736
   vertex 25.99 21.82 1.736
   vertex 26.155 21.585 1.736
  endloop
 endfacet
  facet normal 0 0 0
    outer loop
   vertex 26.155 21.585 1.736
   vertex 25.99 21.82 1.736
   vertex 25.99 21.42 1.736
  endloop
 endfacet
  facet normal 0 0 0
    outer loop
   vertex 26.155 22.055 1.736
   vertex 25.99 22.22 1.736
   vertex 25.99 21.82 1.736
  endloop
 endfacet
  facet normal 0 0 0
    outer loop
   vertex 26.155 21.905 1.736
   vertex 26.155 22.055 1.736
   vertex 25.99 21.82 1.736
  endloop
 endfacet
  facet normal 0 0 0
    outer loop
   vertex 26.39 22.22 1.736
   vertex 25.99 22.22 1.736
   vertex 26.155 22.055 1.736
  endloop
 endfacet
  facet normal 0 0 0
    outer loop
   vertex 26.305 22.055 1.736
   vertex 26.39 22.22 1.736
   vertex 26.155 22.055 1.736
  endloop
 endfacet
  facet normal 0 0 0
    outer loop
   vertex 26.475 22.055 1.736
   vertex 26.39 22.22 1.736
   vertex 26.305 22.055 1.736
  endloop
 endfacet
  facet normal 0 0 0
    outer loop
   vertex 26.79 22.22 1.736
   vertex 26.39 22.22 1.736
   vertex 26.625 22.055 1.736
  endloop
 endfacet
  facet normal 0 0 0
    outer loop
   vertex 26.625 22.055 1.736
   vertex 26.39 22.22 1.736
   vertex 26.475 22.055 1.736
  endloop
 endfacet
  facet normal 0 0 0
    outer loop
   vertex 27.903 22.02 1.736
   vertex 26.79 22.02 1.736
   vertex 26.79 21.62 1.736
  endloop
 endfacet
  facet normal 0 0 0
    outer loop
   vertex 29.015 22.02 1.736
   vertex 27.903 22.02 1.736
   vertex 29.015 21.62 1.736
  endloop
 endfacet
  facet normal 0 0 0
    outer loop
   vertex 29.015 21.62 1.736
   vertex 27.903 22.02 1.736
   vertex 26.79 21.62 1.736
  endloop
 endfacet
  facet normal 0 0 0
    outer loop
   vertex 30.565 24.66 1.736
   vertex 29.79 22.22 1.736
   vertex 30.565 21.42 1.736
  endloop
 endfacet
  facet normal 0 0 0
    outer loop
   vertex 30.565 24.66 1.736
   vertex 29.015 24.66 1.736
   vertex 29.79 22.22 1.736
  endloop
 endfacet
  facet normal 0 0 0
    outer loop
   vertex 29.79 22.22 1.736
   vertex 29.015 24.66 1.736
   vertex 29.015 22.02 1.736
  endloop
 endfacet
  facet normal 0 0 0
    outer loop
   vertex 30.565 21.42 1.736
   vertex 29.79 22.22 1.736
   vertex 29.79 21.42 1.736
  endloop
 endfacet
  facet normal 0 0 0
    outer loop
   vertex 29.79 21.42 1.736
   vertex 29.79 22.22 1.736
   vertex 29.403 21.42 1.736
  endloop
 endfacet
  facet normal 0 0 0
    outer loop
   vertex 29.403 21.42 1.736
   vertex 29.015 21.62 1.736
   vertex 29.015 21.42 1.736
  endloop
 endfacet
  facet normal 0 0 0
    outer loop
   vertex 29.79 22.22 1.736
   vertex 29.015 22.02 1.736
   vertex 29.403 21.42 1.736
  endloop
 endfacet
  facet normal 0 0 0
    outer loop
   vertex 29.015 22.02 1.736
   vertex 29.015 21.62 1.736
   vertex 29.403 21.42 1.736
  endloop
 endfacet
  facet normal 0 0 0
    outer loop
   vertex 33.89 21.42 1.736
   vertex 33.605 21.585 1.736
   vertex 33.49 21.42 1.736
  endloop
 endfacet
  facet normal 0 0 0
    outer loop
   vertex 33.775 21.585 1.736
   vertex 33.605 21.585 1.736
   vertex 33.89 21.42 1.736
  endloop
 endfacet
  facet normal 0 0 0
    outer loop
   vertex 26.59 19.696 1.736
   vertex 26.19 20.533 1.736
   vertex 26.19 19.646 1.736
  endloop
 endfacet
  facet normal 0 0 0
    outer loop
   vertex 26.59 21.42 1.736
   vertex 26.19 21.42 1.736
   vertex 26.19 20.533 1.736
  endloop
 endfacet
  facet normal 0 0 0
    outer loop
   vertex 26.59 21.42 1.736
   vertex 26.19 20.533 1.736
   vertex 26.59 19.696 1.736
  endloop
 endfacet
  facet normal 0 0 0
    outer loop
   vertex 21.28 22.055 1.736
   vertex 21.195 22.22 1.736
   vertex 21.11 22.055 1.736
  endloop
 endfacet
  facet normal 0 0 0
    outer loop
   vertex 21.595 22.22 1.736
   vertex 21.195 22.22 1.736
   vertex 21.43 22.055 1.736
  endloop
 endfacet
  facet normal 0 0 0
    outer loop
   vertex 21.43 22.055 1.736
   vertex 21.195 22.22 1.736
   vertex 21.28 22.055 1.736
  endloop
 endfacet
  facet normal 0 0 0
    outer loop
   vertex 20.99 21.42 1.736
   vertex 20.96 21.585 1.736
   vertex 20.795 21.42 1.736
  endloop
 endfacet
  facet normal 0 0 0
    outer loop
   vertex 21.28 21.585 1.736
   vertex 21.11 21.735 1.736
   vertex 21.11 21.585 1.736
  endloop
 endfacet
  facet normal 0 0 0
    outer loop
   vertex 21.39 21.42 1.736
   vertex 20.99 21.42 1.736
   vertex 20.99 20.003 1.736
  endloop
 endfacet
  facet normal 0 0 0
    outer loop
   vertex 21.595 21.42 1.736
   vertex 21.43 21.585 1.736
   vertex 21.39 21.42 1.736
  endloop
 endfacet
  facet normal 0 0 0
    outer loop
   vertex 21.43 21.585 1.736
   vertex 21.28 21.585 1.736
   vertex 21.39 21.42 1.736
  endloop
 endfacet
  facet normal 0 0 0
    outer loop
   vertex 21.28 21.735 1.736
   vertex 21.11 21.735 1.736
   vertex 21.28 21.585 1.736
  endloop
 endfacet
  facet normal 0 0 0
    outer loop
   vertex 21.39 21.42 1.736
   vertex 21.11 21.585 1.736
   vertex 20.99 21.42 1.736
  endloop
 endfacet
  facet normal 0 0 0
    outer loop
   vertex 21.11 21.585 1.736
   vertex 20.96 21.585 1.736
   vertex 20.99 21.42 1.736
  endloop
 endfacet
  facet normal 0 0 0
    outer loop
   vertex 21.11 21.735 1.736
   vertex 20.96 21.905 1.736
   vertex 20.96 21.735 1.736
  endloop
 endfacet
  facet normal 0 0 0
    outer loop
   vertex 21.28 21.735 1.736
   vertex 21.11 21.905 1.736
   vertex 21.11 21.735 1.736
  endloop
 endfacet
  facet normal 0 0 0
    outer loop
   vertex 21.11 21.905 1.736
   vertex 20.96 21.905 1.736
   vertex 21.11 21.735 1.736
  endloop
 endfacet
  facet normal 0 0 0
    outer loop
   vertex 21.28 21.905 1.736
   vertex 21.11 22.055 1.736
   vertex 21.11 21.905 1.736
  endloop
 endfacet
  facet normal 0 0 0
    outer loop
   vertex 21.43 21.735 1.736
   vertex 21.28 21.905 1.736
   vertex 21.28 21.735 1.736
  endloop
 endfacet
  facet normal 0 0 0
    outer loop
   vertex 21.28 21.905 1.736
   vertex 21.11 21.905 1.736
   vertex 21.28 21.735 1.736
  endloop
 endfacet
  facet normal 0 0 0
    outer loop
   vertex 21.43 21.905 1.736
   vertex 21.28 21.905 1.736
   vertex 21.43 21.735 1.736
  endloop
 endfacet
  facet normal 0 0 0
    outer loop
   vertex 21.28 22.055 1.736
   vertex 21.11 22.055 1.736
   vertex 21.28 21.905 1.736
  endloop
 endfacet
  facet normal 0 0 0
    outer loop
   vertex 20.96 21.905 1.736
   vertex 20.795 21.82 1.736
   vertex 20.96 21.735 1.736
  endloop
 endfacet
  facet normal 0 0 0
    outer loop
   vertex 20.96 21.735 1.736
   vertex 20.795 21.82 1.736
   vertex 20.96 21.585 1.736
  endloop
 endfacet
  facet normal 0 0 0
    outer loop
   vertex 20.96 21.585 1.736
   vertex 20.795 21.82 1.736
   vertex 20.795 21.42 1.736
  endloop
 endfacet
  facet normal 0 0 0
    outer loop
   vertex 20.96 22.055 1.736
   vertex 20.795 22.22 1.736
   vertex 20.795 21.82 1.736
  endloop
 endfacet
  facet normal 0 0 0
    outer loop
   vertex 20.96 21.905 1.736
   vertex 20.96 22.055 1.736
   vertex 20.795 21.82 1.736
  endloop
 endfacet
  facet normal 0 0 0
    outer loop
   vertex 21.595 21.82 1.736
   vertex 21.43 21.905 1.736
   vertex 21.43 21.735 1.736
  endloop
 endfacet
  facet normal 0 0 0
    outer loop
   vertex 21.595 21.82 1.736
   vertex 21.43 21.585 1.736
   vertex 21.595 21.42 1.736
  endloop
 endfacet
  facet normal 0 0 0
    outer loop
   vertex 21.28 21.585 1.736
   vertex 21.11 21.585 1.736
   vertex 21.39 21.42 1.736
  endloop
 endfacet
  facet normal 0 0 0
    outer loop
   vertex 21.595 21.82 1.736
   vertex 21.43 21.735 1.736
   vertex 21.43 21.585 1.736
  endloop
 endfacet
  facet normal 0 0 0
    outer loop
   vertex 21.595 22.22 1.736
   vertex 21.43 22.055 1.736
   vertex 21.595 21.82 1.736
  endloop
 endfacet
  facet normal 0 0 0
    outer loop
   vertex 21.43 22.055 1.736
   vertex 21.43 21.905 1.736
   vertex 21.595 21.82 1.736
  endloop
 endfacet
  facet normal 0 0 0
    outer loop
   vertex 21.195 22.22 1.736
   vertex 20.795 22.22 1.736
   vertex 20.96 22.055 1.736
  endloop
 endfacet
  facet normal 0 0 0
    outer loop
   vertex 21.11 22.055 1.736
   vertex 21.195 22.22 1.736
   vertex 20.96 22.055 1.736
  endloop
 endfacet
  facet normal 0 0 0
    outer loop
   vertex 24.315 16.15 1.736
   vertex 22.853 16.15 1.736
   vertex 23.584 15.78 1.736
  endloop
 endfacet
  facet normal 0 0 0
    outer loop
   vertex 23.584 15.78 1.736
   vertex 22.853 16.15 1.736
   vertex 22.765 15.75 1.736
  endloop
 endfacet
  facet normal 0 0 0
    outer loop
   vertex 21.39 17.467 1.736
   vertex 20.99 17.168 1.736
   vertex 21.39 16.15 1.736
  endloop
 endfacet
  facet normal 0 0 0
    outer loop
   vertex 21.39 18.785 1.736
   vertex 20.99 18.585 1.736
   vertex 21.39 17.467 1.736
  endloop
 endfacet
  facet normal 0 0 0
    outer loop
   vertex 21.39 17.467 1.736
   vertex 20.99 18.585 1.736
   vertex 20.99 17.168 1.736
  endloop
 endfacet
  facet normal 0 0 0
    outer loop
   vertex 22.765 15.75 1.736
   vertex 21.39 16.15 1.736
   vertex 20.99 15.75 1.736
  endloop
 endfacet
  facet normal 0 0 0
    outer loop
   vertex 22.853 16.15 1.736
   vertex 21.39 16.15 1.736
   vertex 22.765 15.75 1.736
  endloop
 endfacet
  facet normal 0 0 0
    outer loop
   vertex 21.39 16.15 1.736
   vertex 20.99 17.168 1.736
   vertex 20.99 15.75 1.736
  endloop
 endfacet
  facet normal 0 0 0
    outer loop
   vertex 23.584 15.78 1.736
   vertex 22.765 15.75 1.736
   vertex 24.315 14.53 1.736
  endloop
 endfacet
  facet normal 0 0 0
    outer loop
   vertex 24.315 16.15 1.736
   vertex 23.584 15.78 1.736
   vertex 24.315 14.53 1.736
  endloop
 endfacet
  facet normal 0 0 0
    outer loop
   vertex 33.89 17.467 1.736
   vertex 33.49 18.585 1.736
   vertex 33.49 17.168 1.736
  endloop
 endfacet
  facet normal 0 0 0
    outer loop
   vertex 35.353 16.15 1.736
   vertex 33.89 16.15 1.736
   vertex 35.265 15.75 1.736
  endloop
 endfacet
  facet normal 0 0 0
    outer loop
   vertex 35.265 15.75 1.736
   vertex 33.89 16.15 1.736
   vertex 33.49 15.75 1.736
  endloop
 endfacet
  facet normal 0 0 0
    outer loop
   vertex 33.89 16.15 1.736
   vertex 33.49 17.168 1.736
   vertex 33.49 15.75 1.736
  endloop
 endfacet
  facet normal 0 0 0
    outer loop
   vertex 36.084 15.78 1.736
   vertex 35.265 15.75 1.736
   vertex 36.815 14.53 1.736
  endloop
 endfacet
  facet normal 0 0 0
    outer loop
   vertex 26.59 16.249 1.736
   vertex 26.19 15.212 1.736
   vertex 26.59 14.525 1.736
  endloop
 endfacet
  facet normal 0 0 0
    outer loop
   vertex 26.59 16.249 1.736
   vertex 26.19 16.099 1.736
   vertex 26.19 15.212 1.736
  endloop
 endfacet
  facet normal 0 0 0
    outer loop
   vertex 26.59 17.973 1.736
   vertex 26.19 17.873 1.736
   vertex 26.59 17.111 1.736
  endloop
 endfacet
  facet normal 0 0 0
    outer loop
   vertex 26.59 16.249 1.736
   vertex 26.59 17.111 1.736
   vertex 26.19 16.099 1.736
  endloop
 endfacet
  facet normal 0 0 0
    outer loop
   vertex 26.59 17.111 1.736
   vertex 26.19 17.873 1.736
   vertex 26.19 16.099 1.736
  endloop
 endfacet
  facet normal 0 0 0
    outer loop
   vertex 26.59 17.973 1.736
   vertex 26.19 18.759 1.736
   vertex 26.19 17.873 1.736
  endloop
 endfacet
  facet normal 0 0 0
    outer loop
   vertex 36.815 16.15 1.736
   vertex 36.084 15.78 1.736
   vertex 36.815 14.53 1.736
  endloop
 endfacet
  facet normal 0 0 0
    outer loop
   vertex 36.815 16.15 1.736
   vertex 35.353 16.15 1.736
   vertex 36.084 15.78 1.736
  endloop
 endfacet
  facet normal 0 0 0
    outer loop
   vertex 36.084 15.78 1.736
   vertex 35.353 16.15 1.736
   vertex 35.265 15.75 1.736
  endloop
 endfacet
  facet normal 0 0 0
    outer loop
   vertex 33.89 17.467 1.736
   vertex 33.49 17.168 1.736
   vertex 33.89 16.15 1.736
  endloop
 endfacet
  facet normal 0 0 0
    outer loop
   vertex 33.89 18.785 1.736
   vertex 33.49 18.585 1.736
   vertex 33.89 17.467 1.736
  endloop
 endfacet
  facet normal 0 0 0
    outer loop
   vertex -1.435 22.055 1.736
   vertex -1.67 22.22 1.736
   vertex -1.585 22.055 1.736
  endloop
 endfacet
  facet normal 0 0 0
    outer loop
   vertex -6.915 14.775 1.736
   vertex -7.03 14.85 1.736
   vertex -6.915 14.625 1.736
  endloop
 endfacet
  facet normal 0 0 0
    outer loop
   vertex -2.94 16.385 1.736
   vertex -2.94 15.448 1.736
   vertex -2.56 15.319 1.736
  endloop
 endfacet
  facet normal 0 0 0
    outer loop
   vertex -2.56 21.63 1.736
   vertex -2.94 22.01 1.736
   vertex -2.94 21.073 1.736
  endloop
 endfacet
  facet normal 0 0 0
    outer loop
   vertex -2.56 16.897 1.736
   vertex -2.94 16.385 1.736
   vertex -2.56 15.319 1.736
  endloop
 endfacet
  facet normal 0 0 0
    outer loop
   vertex -2.56 16.897 1.736
   vertex -2.94 18.26 1.736
   vertex -2.94 16.385 1.736
  endloop
 endfacet
  facet normal 0 0 0
    outer loop
   vertex -2.56 18.474 1.736
   vertex -2.94 18.26 1.736
   vertex -2.56 16.897 1.736
  endloop
 endfacet
  facet normal 0 0 0
    outer loop
   vertex -2.56 21.63 1.736
   vertex -2.94 21.073 1.736
   vertex -2.56 20.052 1.736
  endloop
 endfacet
  facet normal 0 0 0
    outer loop
   vertex -2.94 21.073 1.736
   vertex -2.94 20.135 1.736
   vertex -2.56 20.052 1.736
  endloop
 endfacet
  facet normal 0 0 0
    outer loop
   vertex -2.56 18.474 1.736
   vertex -2.94 19.198 1.736
   vertex -2.94 18.26 1.736
  endloop
 endfacet
  facet normal 0 0 0
    outer loop
   vertex -2.56 20.052 1.736
   vertex -2.94 19.198 1.736
   vertex -2.56 18.474 1.736
  endloop
 endfacet
  facet normal 0 0 0
    outer loop
   vertex -2.56 20.052 1.736
   vertex -2.94 20.135 1.736
   vertex -2.94 19.198 1.736
  endloop
 endfacet
  facet normal 0 0 0
    outer loop
   vertex -9.02 14.55 1.736
   vertex -9.32 14.85 1.736
   vertex -9.32 14.55 1.736
  endloop
 endfacet
  facet normal 0 0 0
    outer loop
   vertex -2.56 15.319 1.736
   vertex -2.94 15.448 1.736
   vertex -2.94 14.979 1.736
  endloop
 endfacet
  facet normal 0 0 0
    outer loop
   vertex -2.56 15.319 1.736
   vertex -2.94 14.979 1.736
   vertex -2.56 14.914 1.736
  endloop
 endfacet
  facet normal 0 0 0
    outer loop
   vertex -2.675 14.775 1.736
   vertex -2.94 14.979 1.736
   vertex -2.825 14.775 1.736
  endloop
 endfacet
  facet normal 0 0 0
    outer loop
   vertex -2.56 14.914 1.736
   vertex -2.94 14.979 1.736
   vertex -2.675 14.775 1.736
  endloop
 endfacet
  facet normal 0 0 0
    outer loop
   vertex -6.765 14.775 1.736
   vertex -6.84 14.89 1.736
   vertex -6.915 14.775 1.736
  endloop
 endfacet
  facet normal 0 0 0
    outer loop
   vertex -9.02 14.85 1.736
   vertex -9.32 14.85 1.736
   vertex -9.02 14.55 1.736
  endloop
 endfacet
  facet normal 0 0 0
    outer loop
   vertex -9.51 14.89 1.736
   vertex -9.7 14.89 1.736
   vertex -9.585 14.775 1.736
  endloop
 endfacet
  facet normal 0 0 0
    outer loop
   vertex -9.435 14.775 1.736
   vertex -9.51 14.89 1.736
   vertex -9.585 14.775 1.736
  endloop
 endfacet
  facet normal 0 0 0
    outer loop
   vertex -9.32 14.85 1.736
   vertex -9.435 14.625 1.736
   vertex -9.32 14.55 1.736
  endloop
 endfacet
  facet normal 0 0 0
    outer loop
   vertex -9.32 14.85 1.736
   vertex -9.435 14.775 1.736
   vertex -9.435 14.625 1.736
  endloop
 endfacet
  facet normal 0 0 0
    outer loop
   vertex -9.585 14.775 1.736
   vertex -9.7 14.89 1.736
   vertex -9.585 14.625 1.736
  endloop
 endfacet
  facet normal 0 0 0
    outer loop
   vertex -6.745 14.89 1.736
   vertex -6.84 14.89 1.736
   vertex -6.765 14.775 1.736
  endloop
 endfacet
  facet normal 0 0 0
    outer loop
   vertex -6.65 14.89 1.736
   vertex -6.745 14.89 1.736
   vertex -6.65 14.85 1.736
  endloop
 endfacet
  facet normal 0 0 0
    outer loop
   vertex -6.65 14.85 1.736
   vertex -6.745 14.89 1.736
   vertex -6.765 14.775 1.736
  endloop
 endfacet
  facet normal 0 0 0
    outer loop
   vertex -6.935 14.89 1.736
   vertex -7.03 14.89 1.736
   vertex -7.03 14.85 1.736
  endloop
 endfacet
  facet normal 0 0 0
    outer loop
   vertex -6.84 14.89 1.736
   vertex -6.935 14.89 1.736
   vertex -6.915 14.775 1.736
  endloop
 endfacet
  facet normal 0 0 0
    outer loop
   vertex -6.935 14.89 1.736
   vertex -7.03 14.85 1.736
   vertex -6.915 14.775 1.736
  endloop
 endfacet
  facet normal 0 0 0
    outer loop
   vertex -4.37 14.55 1.736
   vertex -4.67 14.85 1.736
   vertex -4.67 14.55 1.736
  endloop
 endfacet
  facet normal 0 0 0
    outer loop
   vertex -4.37 14.85 1.736
   vertex -4.67 14.85 1.736
   vertex -4.37 14.55 1.736
  endloop
 endfacet
  facet normal 0 0 0
    outer loop
   vertex -4.255 14.625 1.736
   vertex -4.37 14.85 1.736
   vertex -4.37 14.55 1.736
  endloop
 endfacet
  facet normal 0 0 0
    outer loop
   vertex -9.415 14.89 1.736
   vertex -9.51 14.89 1.736
   vertex -9.435 14.775 1.736
  endloop
 endfacet
  facet normal 0 0 0
    outer loop
   vertex -3.99 14.89 1.736
   vertex -4.105 14.775 1.736
   vertex -4.105 14.625 1.736
  endloop
 endfacet
  facet normal 0 0 0
    outer loop
   vertex -4.255 14.775 1.736
   vertex -4.37 14.85 1.736
   vertex -4.255 14.625 1.736
  endloop
 endfacet
  facet normal 0 0 0
    outer loop
   vertex -9.32 14.89 1.736
   vertex -9.415 14.89 1.736
   vertex -9.32 14.85 1.736
  endloop
 endfacet
  facet normal 0 0 0
    outer loop
   vertex -9.32 14.85 1.736
   vertex -9.415 14.89 1.736
   vertex -9.435 14.775 1.736
  endloop
 endfacet
  facet normal 0 0 0
    outer loop
   vertex -3.99 14.89 1.736
   vertex -4.18 14.89 1.736
   vertex -4.105 14.775 1.736
  endloop
 endfacet
  facet normal 0 0 0
    outer loop
   vertex -4.105 14.775 1.736
   vertex -4.18 14.89 1.736
   vertex -4.255 14.775 1.736
  endloop
 endfacet
  facet normal 0 0 0
    outer loop
   vertex -7.03 14.55 1.736
   vertex -7.47 14.85 1.736
   vertex -7.47 14.55 1.736
  endloop
 endfacet
  facet normal 0 0 0
    outer loop
   vertex -7.03 14.85 1.736
   vertex -7.47 14.85 1.736
   vertex -7.03 14.55 1.736
  endloop
 endfacet
  facet normal 0 0 0
    outer loop
   vertex -6.22 14.85 1.736
   vertex -6.65 14.85 1.736
   vertex -6.22 14.55 1.736
  endloop
 endfacet
  facet normal 0 0 0
    outer loop
   vertex -4.275 14.89 1.736
   vertex -4.37 14.89 1.736
   vertex -4.37 14.85 1.736
  endloop
 endfacet
  facet normal 0 0 0
    outer loop
   vertex -4.18 14.89 1.736
   vertex -4.275 14.89 1.736
   vertex -4.255 14.775 1.736
  endloop
 endfacet
  facet normal 0 0 0
    outer loop
   vertex -4.275 14.89 1.736
   vertex -4.37 14.85 1.736
   vertex -4.255 14.775 1.736
  endloop
 endfacet
  facet normal 0 0 0
    outer loop
   vertex -2.07 22.01 1.736
   vertex -2.94 22.01 1.736
   vertex -2.56 21.63 1.736
  endloop
 endfacet
  facet normal 0 0 0
    outer loop
   vertex -2.07 21.63 1.736
   vertex -2.07 22.01 1.736
   vertex -2.56 21.63 1.736
  endloop
 endfacet
  facet normal 0 0 0
    outer loop
   vertex -6.22 14.55 1.736
   vertex -6.65 14.85 1.736
   vertex -6.65 14.55 1.736
  endloop
 endfacet
  facet normal 0 0 0
    outer loop
   vertex -6.915 14.625 1.736
   vertex -7.03 14.85 1.736
   vertex -7.03 14.55 1.736
  endloop
 endfacet
  facet normal 0 0 0
    outer loop
   vertex -6.65 14.85 1.736
   vertex -6.765 14.625 1.736
   vertex -6.65 14.55 1.736
  endloop
 endfacet
  facet normal 0 0 0
    outer loop
   vertex -6.65 14.85 1.736
   vertex -6.765 14.775 1.736
   vertex -6.765 14.625 1.736
  endloop
 endfacet
  facet normal 0 0 0
    outer loop
   vertex -1.905 21.585 1.736
   vertex -2.07 21.63 1.736
   vertex -2.07 21.42 1.736
  endloop
 endfacet
  facet normal 0 0 0
    outer loop
   vertex -1.905 21.735 1.736
   vertex -2.07 22.01 1.736
   vertex -2.07 21.63 1.736
  endloop
 endfacet
  facet normal 0 0 0
    outer loop
   vertex -1.905 21.735 1.736
   vertex -2.07 21.63 1.736
   vertex -1.905 21.585 1.736
  endloop
 endfacet
  facet normal 0 0 0
    outer loop
   vertex -1.585 21.585 1.736
   vertex -1.755 21.735 1.736
   vertex -1.755 21.585 1.736
  endloop
 endfacet
  facet normal 0 0 0
    outer loop
   vertex -1.585 21.735 1.736
   vertex -1.755 21.735 1.736
   vertex -1.585 21.585 1.736
  endloop
 endfacet
  facet normal 0 0 0
    outer loop
   vertex -1.905 21.905 1.736
   vertex -2.07 22.01 1.736
   vertex -1.905 21.735 1.736
  endloop
 endfacet
  facet normal 0 0 0
    outer loop
   vertex -1.755 21.735 1.736
   vertex -1.905 21.905 1.736
   vertex -1.905 21.735 1.736
  endloop
 endfacet
  facet normal 0 0 0
    outer loop
   vertex -1.585 21.735 1.736
   vertex -1.755 21.905 1.736
   vertex -1.755 21.735 1.736
  endloop
 endfacet
  facet normal 0 0 0
    outer loop
   vertex -1.755 21.905 1.736
   vertex -1.905 21.905 1.736
   vertex -1.755 21.735 1.736
  endloop
 endfacet
  facet normal 0 0 0
    outer loop
   vertex -1.905 22.055 1.736
   vertex -2.07 22.22 1.736
   vertex -2.07 22.01 1.736
  endloop
 endfacet
  facet normal 0 0 0
    outer loop
   vertex -1.905 22.055 1.736
   vertex -2.07 22.01 1.736
   vertex -1.905 21.905 1.736
  endloop
 endfacet
  facet normal 0 0 0
    outer loop
   vertex -1.585 21.905 1.736
   vertex -1.755 22.055 1.736
   vertex -1.755 21.905 1.736
  endloop
 endfacet
  facet normal 0 0 0
    outer loop
   vertex -1.435 21.735 1.736
   vertex -1.585 21.905 1.736
   vertex -1.585 21.735 1.736
  endloop
 endfacet
  facet normal 0 0 0
    outer loop
   vertex -1.585 21.905 1.736
   vertex -1.755 21.905 1.736
   vertex -1.585 21.735 1.736
  endloop
 endfacet
  facet normal 0 0 0
    outer loop
   vertex -1.435 21.905 1.736
   vertex -1.585 21.905 1.736
   vertex -1.435 21.735 1.736
  endloop
 endfacet
  facet normal 0 0 0
    outer loop
   vertex -1.585 22.055 1.736
   vertex -1.755 22.055 1.736
   vertex -1.585 21.905 1.736
  endloop
 endfacet
  facet normal 0 0 0
    outer loop
   vertex -1.585 21.585 1.736
   vertex -1.755 21.585 1.736
   vertex -1.67 21.42 1.736
  endloop
 endfacet
  facet normal 0 0 0
    outer loop
   vertex -1.67 21.42 1.736
   vertex -1.905 21.585 1.736
   vertex -2.07 21.42 1.736
  endloop
 endfacet
  facet normal 0 0 0
    outer loop
   vertex -1.755 21.585 1.736
   vertex -1.905 21.585 1.736
   vertex -1.67 21.42 1.736
  endloop
 endfacet
  facet normal 0 0 0
    outer loop
   vertex -1.27 21.42 1.736
   vertex -1.435 21.585 1.736
   vertex -1.67 21.42 1.736
  endloop
 endfacet
  facet normal 0 0 0
    outer loop
   vertex -1.435 21.585 1.736
   vertex -1.585 21.585 1.736
   vertex -1.67 21.42 1.736
  endloop
 endfacet
  facet normal 0 0 0
    outer loop
   vertex -1.27 21.82 1.736
   vertex -1.435 21.905 1.736
   vertex -1.435 21.735 1.736
  endloop
 endfacet
  facet normal 0 0 0
    outer loop
   vertex -1.27 21.82 1.736
   vertex -1.435 21.585 1.736
   vertex -1.27 21.42 1.736
  endloop
 endfacet
  facet normal 0 0 0
    outer loop
   vertex -1.27 21.82 1.736
   vertex -1.435 21.735 1.736
   vertex -1.435 21.585 1.736
  endloop
 endfacet
  facet normal 0 0 0
    outer loop
   vertex -1.27 22.22 1.736
   vertex -1.435 22.055 1.736
   vertex -1.27 21.82 1.736
  endloop
 endfacet
  facet normal 0 0 0
    outer loop
   vertex -1.435 22.055 1.736
   vertex -1.435 21.905 1.736
   vertex -1.27 21.82 1.736
  endloop
 endfacet
  facet normal 0 0 0
    outer loop
   vertex -1.67 22.22 1.736
   vertex -2.07 22.22 1.736
   vertex -1.905 22.055 1.736
  endloop
 endfacet
  facet normal 0 0 0
    outer loop
   vertex -1.755 22.055 1.736
   vertex -1.67 22.22 1.736
   vertex -1.905 22.055 1.736
  endloop
 endfacet
  facet normal 0 0 0
    outer loop
   vertex -1.585 22.055 1.736
   vertex -1.67 22.22 1.736
   vertex -1.755 22.055 1.736
  endloop
 endfacet
  facet normal 0 0 0
    outer loop
   vertex -1.27 22.22 1.736
   vertex -1.67 22.22 1.736
   vertex -1.435 22.055 1.736
  endloop
 endfacet
  facet normal 0 0 0
    outer loop
   vertex 26.59 14.525 1.736
   vertex 26.19 14.325 1.736
   vertex 26.59 12.801 1.736
  endloop
 endfacet
  facet normal 0 0 0
    outer loop
   vertex 29.015 7.23 1.736
   vertex 28.578 7.63 1.736
   vertex 27.603 7.23 1.736
  endloop
 endfacet
  facet normal 0 0 0
    outer loop
   vertex 26.59 12.801 1.736
   vertex 26.19 14.325 1.736
   vertex 26.19 12.551 1.736
  endloop
 endfacet
  facet normal 0 0 0
    outer loop
   vertex 26.59 11.078 1.736
   vertex 26.19 12.551 1.736
   vertex 26.19 10.778 1.736
  endloop
 endfacet
  facet normal 0 0 0
    outer loop
   vertex 26.59 12.801 1.736
   vertex 26.19 12.551 1.736
   vertex 26.59 11.078 1.736
  endloop
 endfacet
  facet normal 0 0 0
    outer loop
   vertex 28.578 7.63 1.736
   vertex 26.59 7.63 1.736
   vertex 27.603 7.23 1.736
  endloop
 endfacet
  facet normal 0 0 0
    outer loop
   vertex 27.603 7.23 1.736
   vertex 26.59 7.63 1.736
   vertex 26.19 7.23 1.736
  endloop
 endfacet
  facet normal 0 0 0
    outer loop
   vertex 29.571 7.63 1.736
   vertex 28.578 7.63 1.736
   vertex 29.015 7.23 1.736
  endloop
 endfacet
  facet normal 0 0 0
    outer loop
   vertex 30.565 4.39 1.736
   vertex 30.565 6.01 1.736
   vertex 29.015 4.39 1.736
  endloop
 endfacet
  facet normal 0 0 0
    outer loop
   vertex 30.565 7.63 1.736
   vertex 29.571 7.63 1.736
   vertex 30.565 6.01 1.736
  endloop
 endfacet
  facet normal 0 0 0
    outer loop
   vertex 29.571 7.63 1.736
   vertex 29.015 7.23 1.736
   vertex 30.565 6.01 1.736
  endloop
 endfacet
  facet normal 0 0 0
    outer loop
   vertex 30.565 6.01 1.736
   vertex 29.015 7.23 1.736
   vertex 29.015 4.39 1.736
  endloop
 endfacet
  facet normal 0 0 0
    outer loop
   vertex 26.59 7.63 1.736
   vertex 26.19 9.004 1.736
   vertex 26.19 7.23 1.736
  endloop
 endfacet
  facet normal 0 0 0
    outer loop
   vertex 26.59 9.354 1.736
   vertex 26.19 9.004 1.736
   vertex 26.59 7.63 1.736
  endloop
 endfacet
  facet normal 0 0 0
    outer loop
   vertex 26.59 9.354 1.736
   vertex 26.19 10.778 1.736
   vertex 26.19 9.004 1.736
  endloop
 endfacet
  facet normal 0 0 0
    outer loop
   vertex 26.59 11.078 1.736
   vertex 26.19 10.778 1.736
   vertex 26.59 9.354 1.736
  endloop
 endfacet
  facet normal 0 0 0
    outer loop
   vertex 11.142 21.59 2.006
   vertex 12.521 22.05 2.006
   vertex 12.521 21.59 2.006
  endloop
 endfacet
  facet normal 0 0 0
    outer loop
   vertex 11.142 21.59 2.006
   vertex 9.763 22.05 2.006
   vertex 12.521 22.05 2.006
  endloop
 endfacet
  facet normal 0 0 0
    outer loop
   vertex 22.694 21.59 2.006
   vertex 23.793 22.05 2.006
   vertex 23.793 21.59 2.006
  endloop
 endfacet
  facet normal 0 0 0
    outer loop
   vertex 22.694 21.59 2.006
   vertex 21.595 22.05 2.006
   vertex 23.793 22.05 2.006
  endloop
 endfacet
  facet normal 0 0 0
    outer loop
   vertex 26.155 21.585 2.006
   vertex 25.99 21.59 2.006
   vertex 26.155 21.735 2.006
  endloop
 endfacet
  facet normal 0 0 0
    outer loop
   vertex 26.305 21.585 2.006
   vertex 26.305 21.735 2.006
   vertex 26.475 21.585 2.006
  endloop
 endfacet
  facet normal 0 0 0
    outer loop
   vertex 26.79 21.42 2.006
   vertex 26.625 21.585 2.006
   vertex 26.79 21.59 2.006
  endloop
 endfacet
  facet normal 0 0 0
    outer loop
   vertex 26.625 21.585 2.006
   vertex 26.625 21.735 2.006
   vertex 26.79 21.59 2.006
  endloop
 endfacet
  facet normal 0 0 0
    outer loop
   vertex 26.79 21.59 2.006
   vertex 26.625 21.735 2.006
   vertex 26.79 22.05 2.006
  endloop
 endfacet
  facet normal 0 0 0
    outer loop
   vertex 26.475 21.585 2.006
   vertex 26.305 21.735 2.006
   vertex 26.475 21.735 2.006
  endloop
 endfacet
  facet normal 0 0 0
    outer loop
   vertex 33.29 21.42 2.006
   vertex 33.29 21.59 2.006
   vertex 33.455 21.585 2.006
  endloop
 endfacet
  facet normal 0 0 0
    outer loop
   vertex 33.29 21.59 2.006
   vertex 33.29 22.05 2.006
   vertex 33.455 21.735 2.006
  endloop
 endfacet
  facet normal 0 0 0
    outer loop
   vertex 33.455 21.585 2.006
   vertex 33.29 21.59 2.006
   vertex 33.455 21.735 2.006
  endloop
 endfacet
  facet normal 0 0 0
    outer loop
   vertex 33.605 21.585 2.006
   vertex 33.605 21.735 2.006
   vertex 33.775 21.585 2.006
  endloop
 endfacet
  facet normal 0 0 0
    outer loop
   vertex 33.775 21.585 2.006
   vertex 33.605 21.735 2.006
   vertex 33.775 21.735 2.006
  endloop
 endfacet
  facet normal 0 0 0
    outer loop
   vertex 26.155 21.735 2.006
   vertex 25.99 22.05 2.006
   vertex 26.155 21.905 2.006
  endloop
 endfacet
  facet normal 0 0 0
    outer loop
   vertex 26.155 21.735 2.006
   vertex 26.155 21.905 2.006
   vertex 26.305 21.735 2.006
  endloop
 endfacet
  facet normal 0 0 0
    outer loop
   vertex 26.305 21.735 2.006
   vertex 26.305 21.905 2.006
   vertex 26.475 21.735 2.006
  endloop
 endfacet
  facet normal 0 0 0
    outer loop
   vertex 26.305 21.735 2.006
   vertex 26.155 21.905 2.006
   vertex 26.305 21.905 2.006
  endloop
 endfacet
  facet normal 0 0 0
    outer loop
   vertex 25.99 22.05 2.006
   vertex 25.99 22.22 2.006
   vertex 26.155 22.055 2.006
  endloop
 endfacet
  facet normal 0 0 0
    outer loop
   vertex 26.155 21.905 2.006
   vertex 25.99 22.05 2.006
   vertex 26.155 22.055 2.006
  endloop
 endfacet
  facet normal 0 0 0
    outer loop
   vertex 26.475 21.735 2.006
   vertex 26.305 21.905 2.006
   vertex 26.475 21.905 2.006
  endloop
 endfacet
  facet normal 0 0 0
    outer loop
   vertex 26.475 21.735 2.006
   vertex 26.475 21.905 2.006
   vertex 26.625 21.735 2.006
  endloop
 endfacet
  facet normal 0 0 0
    outer loop
   vertex 26.305 21.905 2.006
   vertex 26.305 22.055 2.006
   vertex 26.475 21.905 2.006
  endloop
 endfacet
  facet normal 0 0 0
    outer loop
   vertex 26.625 21.735 2.006
   vertex 26.475 21.905 2.006
   vertex 26.625 21.905 2.006
  endloop
 endfacet
  facet normal 0 0 0
    outer loop
   vertex 26.625 21.735 2.006
   vertex 26.625 21.905 2.006
   vertex 26.79 22.05 2.006
  endloop
 endfacet
  facet normal 0 0 0
    outer loop
   vertex 26.625 21.905 2.006
   vertex 26.625 22.055 2.006
   vertex 26.79 22.05 2.006
  endloop
 endfacet
  facet normal 0 0 0
    outer loop
   vertex 26.79 22.05 2.006
   vertex 26.625 22.055 2.006
   vertex 26.79 22.22 2.006
  endloop
 endfacet
  facet normal 0 0 0
    outer loop
   vertex 26.475 21.905 2.006
   vertex 26.305 22.055 2.006
   vertex 26.475 22.055 2.006
  endloop
 endfacet
  facet normal 0 0 0
    outer loop
   vertex 33.455 21.735 2.006
   vertex 33.29 22.05 2.006
   vertex 33.455 21.905 2.006
  endloop
 endfacet
  facet normal 0 0 0
    outer loop
   vertex 33.455 21.735 2.006
   vertex 33.455 21.905 2.006
   vertex 33.605 21.735 2.006
  endloop
 endfacet
  facet normal 0 0 0
    outer loop
   vertex 33.605 21.735 2.006
   vertex 33.605 21.905 2.006
   vertex 33.775 21.735 2.006
  endloop
 endfacet
  facet normal 0 0 0
    outer loop
   vertex 33.605 21.735 2.006
   vertex 33.455 21.905 2.006
   vertex 33.605 21.905 2.006
  endloop
 endfacet
  facet normal 0 0 0
    outer loop
   vertex 33.29 22.05 2.006
   vertex 33.29 22.22 2.006
   vertex 33.455 22.055 2.006
  endloop
 endfacet
  facet normal 0 0 0
    outer loop
   vertex 33.455 21.905 2.006
   vertex 33.29 22.05 2.006
   vertex 33.455 22.055 2.006
  endloop
 endfacet
  facet normal 0 0 0
    outer loop
   vertex 33.605 21.905 2.006
   vertex 33.605 22.055 2.006
   vertex 33.775 21.905 2.006
  endloop
 endfacet
  facet normal 0 0 0
    outer loop
   vertex 33.775 21.735 2.006
   vertex 33.775 21.905 2.006
   vertex 33.925 21.735 2.006
  endloop
 endfacet
  facet normal 0 0 0
    outer loop
   vertex 33.775 21.735 2.006
   vertex 33.605 21.905 2.006
   vertex 33.775 21.905 2.006
  endloop
 endfacet
  facet normal 0 0 0
    outer loop
   vertex 33.925 21.735 2.006
   vertex 33.775 21.905 2.006
   vertex 33.925 21.905 2.006
  endloop
 endfacet
  facet normal 0 0 0
    outer loop
   vertex 33.775 21.905 2.006
   vertex 33.605 22.055 2.006
   vertex 33.775 22.055 2.006
  endloop
 endfacet
  facet normal 0 0 0
    outer loop
   vertex 26.39 21.42 2.006
   vertex 26.305 21.585 2.006
   vertex 26.475 21.585 2.006
  endloop
 endfacet
  facet normal 0 0 0
    outer loop
   vertex 25.99 21.42 2.006
   vertex 26.155 21.585 2.006
   vertex 26.39 21.42 2.006
  endloop
 endfacet
  facet normal 0 0 0
    outer loop
   vertex 26.39 21.42 2.006
   vertex 26.155 21.585 2.006
   vertex 26.305 21.585 2.006
  endloop
 endfacet
  facet normal 0 0 0
    outer loop
   vertex 26.39 21.42 2.006
   vertex 26.625 21.585 2.006
   vertex 26.79 21.42 2.006
  endloop
 endfacet
  facet normal 0 0 0
    outer loop
   vertex 26.39 21.42 2.006
   vertex 26.475 21.585 2.006
   vertex 26.625 21.585 2.006
  endloop
 endfacet
  facet normal 0 0 0
    outer loop
   vertex 33.69 21.42 2.006
   vertex 33.605 21.585 2.006
   vertex 33.775 21.585 2.006
  endloop
 endfacet
  facet normal 0 0 0
    outer loop
   vertex 33.29 21.42 2.006
   vertex 33.455 21.585 2.006
   vertex 33.69 21.42 2.006
  endloop
 endfacet
  facet normal 0 0 0
    outer loop
   vertex 33.69 21.42 2.006
   vertex 33.455 21.585 2.006
   vertex 33.605 21.585 2.006
  endloop
 endfacet
  facet normal 0 0 0
    outer loop
   vertex 33.69 21.42 2.006
   vertex 33.925 21.585 2.006
   vertex 34.09 21.42 2.006
  endloop
 endfacet
  facet normal 0 0 0
    outer loop
   vertex 33.69 21.42 2.006
   vertex 33.775 21.585 2.006
   vertex 33.925 21.585 2.006
  endloop
 endfacet
  facet normal 0 0 0
    outer loop
   vertex 26.155 22.055 2.006
   vertex 25.99 22.22 2.006
   vertex 26.39 22.22 2.006
  endloop
 endfacet
  facet normal 0 0 0
    outer loop
   vertex 26.155 22.055 2.006
   vertex 26.39 22.22 2.006
   vertex 26.305 22.055 2.006
  endloop
 endfacet
  facet normal 0 0 0
    outer loop
   vertex 26.305 22.055 2.006
   vertex 26.39 22.22 2.006
   vertex 26.475 22.055 2.006
  endloop
 endfacet
  facet normal 0 0 0
    outer loop
   vertex 26.625 22.055 2.006
   vertex 26.39 22.22 2.006
   vertex 26.79 22.22 2.006
  endloop
 endfacet
  facet normal 0 0 0
    outer loop
   vertex 26.475 22.055 2.006
   vertex 26.39 22.22 2.006
   vertex 26.625 22.055 2.006
  endloop
 endfacet
  facet normal 0 0 0
    outer loop
   vertex 33.925 21.735 2.006
   vertex 33.925 21.905 2.006
   vertex 34.09 21.82 2.006
  endloop
 endfacet
  facet normal 0 0 0
    outer loop
   vertex 34.09 21.42 2.006
   vertex 33.925 21.585 2.006
   vertex 34.09 21.82 2.006
  endloop
 endfacet
  facet normal 0 0 0
    outer loop
   vertex 33.925 21.585 2.006
   vertex 33.925 21.735 2.006
   vertex 34.09 21.82 2.006
  endloop
 endfacet
  facet normal 0 0 0
    outer loop
   vertex 34.09 21.82 2.006
   vertex 33.925 22.055 2.006
   vertex 34.09 22.22 2.006
  endloop
 endfacet
  facet normal 0 0 0
    outer loop
   vertex 34.09 21.82 2.006
   vertex 33.925 21.905 2.006
   vertex 33.925 22.055 2.006
  endloop
 endfacet
  facet normal 0 0 0
    outer loop
   vertex 33.455 22.055 2.006
   vertex 33.29 22.22 2.006
   vertex 33.69 22.22 2.006
  endloop
 endfacet
  facet normal 0 0 0
    outer loop
   vertex 33.455 22.055 2.006
   vertex 33.69 22.22 2.006
   vertex 33.605 22.055 2.006
  endloop
 endfacet
  facet normal 0 0 0
    outer loop
   vertex 33.605 22.055 2.006
   vertex 33.69 22.22 2.006
   vertex 33.775 22.055 2.006
  endloop
 endfacet
  facet normal 0 0 0
    outer loop
   vertex 33.925 22.055 2.006
   vertex 33.69 22.22 2.006
   vertex 34.09 22.22 2.006
  endloop
 endfacet
  facet normal 0 0 0
    outer loop
   vertex 33.775 22.055 2.006
   vertex 33.69 22.22 2.006
   vertex 33.925 22.055 2.006
  endloop
 endfacet
  facet normal 0 0 0
    outer loop
   vertex 28.415 21.59 2.006
   vertex 30.04 22.05 2.006
   vertex 30.04 21.59 2.006
  endloop
 endfacet
  facet normal 0 0 0
    outer loop
   vertex 26.79 21.59 2.006
   vertex 26.79 22.05 2.006
   vertex 28.415 21.59 2.006
  endloop
 endfacet
  facet normal 0 0 0
    outer loop
   vertex 28.415 21.59 2.006
   vertex 26.79 22.05 2.006
   vertex 30.04 22.05 2.006
  endloop
 endfacet
  facet normal 0 0 0
    outer loop
   vertex 30.04 21.59 2.006
   vertex 30.04 22.05 2.006
   vertex 31.665 21.59 2.006
  endloop
 endfacet
  facet normal 0 0 0
    outer loop
   vertex 31.665 21.59 2.006
   vertex 33.29 22.05 2.006
   vertex 33.29 21.59 2.006
  endloop
 endfacet
  facet normal 0 0 0
    outer loop
   vertex 31.665 21.59 2.006
   vertex 30.04 22.05 2.006
   vertex 33.29 22.05 2.006
  endloop
 endfacet
  facet normal 0 0 0
    outer loop
   vertex 25.99 21.42 2.006
   vertex 25.99 21.59 2.006
   vertex 26.155 21.585 2.006
  endloop
 endfacet
  facet normal 0 0 0
    outer loop
   vertex 25.99 21.59 2.006
   vertex 25.99 22.05 2.006
   vertex 26.155 21.735 2.006
  endloop
 endfacet
  facet normal 0 0 0
    outer loop
   vertex 23.793 21.59 2.006
   vertex 23.793 22.05 2.006
   vertex 24.891 21.59 2.006
  endloop
 endfacet
  facet normal 0 0 0
    outer loop
   vertex 24.891 21.59 2.006
   vertex 25.99 22.05 2.006
   vertex 25.99 21.59 2.006
  endloop
 endfacet
  facet normal 0 0 0
    outer loop
   vertex 24.891 21.59 2.006
   vertex 23.793 22.05 2.006
   vertex 25.99 22.05 2.006
  endloop
 endfacet
  facet normal 0 0 0
    outer loop
   vertex 20.96 22.055 2.006
   vertex 21.195 22.22 2.006
   vertex 21.11 22.055 2.006
  endloop
 endfacet
  facet normal 0 0 0
    outer loop
   vertex 21.11 22.055 2.006
   vertex 21.195 22.22 2.006
   vertex 21.28 22.055 2.006
  endloop
 endfacet
  facet normal 0 0 0
    outer loop
   vertex 21.43 22.055 2.006
   vertex 21.195 22.22 2.006
   vertex 21.595 22.22 2.006
  endloop
 endfacet
  facet normal 0 0 0
    outer loop
   vertex 21.28 22.055 2.006
   vertex 21.195 22.22 2.006
   vertex 21.43 22.055 2.006
  endloop
 endfacet
  facet normal 0 0 0
    outer loop
   vertex 21.43 21.735 2.006
   vertex 21.28 21.905 2.006
   vertex 21.43 21.905 2.006
  endloop
 endfacet
  facet normal 0 0 0
    outer loop
   vertex 21.43 21.735 2.006
   vertex 21.43 21.905 2.006
   vertex 21.595 22.05 2.006
  endloop
 endfacet
  facet normal 0 0 0
    outer loop
   vertex 21.43 21.905 2.006
   vertex 21.43 22.055 2.006
   vertex 21.595 22.05 2.006
  endloop
 endfacet
  facet normal 0 0 0
    outer loop
   vertex 21.595 22.05 2.006
   vertex 21.43 22.055 2.006
   vertex 21.595 22.22 2.006
  endloop
 endfacet
  facet normal 0 0 0
    outer loop
   vertex 21.28 21.905 2.006
   vertex 21.11 22.055 2.006
   vertex 21.28 22.055 2.006
  endloop
 endfacet
  facet normal 0 0 0
    outer loop
   vertex 21.11 21.585 2.006
   vertex 21.11 21.735 2.006
   vertex 21.28 21.585 2.006
  endloop
 endfacet
  facet normal 0 0 0
    outer loop
   vertex 21.595 21.42 2.006
   vertex 21.43 21.585 2.006
   vertex 21.595 21.59 2.006
  endloop
 endfacet
  facet normal 0 0 0
    outer loop
   vertex 21.43 21.585 2.006
   vertex 21.43 21.735 2.006
   vertex 21.595 21.59 2.006
  endloop
 endfacet
  facet normal 0 0 0
    outer loop
   vertex 21.595 21.59 2.006
   vertex 21.43 21.735 2.006
   vertex 21.595 22.05 2.006
  endloop
 endfacet
  facet normal 0 0 0
    outer loop
   vertex 21.28 21.585 2.006
   vertex 21.11 21.735 2.006
   vertex 21.28 21.735 2.006
  endloop
 endfacet
  facet normal 0 0 0
    outer loop
   vertex 21.195 21.42 2.006
   vertex 21.11 21.585 2.006
   vertex 21.28 21.585 2.006
  endloop
 endfacet
  facet normal 0 0 0
    outer loop
   vertex 20.795 21.42 2.006
   vertex 20.96 21.585 2.006
   vertex 21.195 21.42 2.006
  endloop
 endfacet
  facet normal 0 0 0
    outer loop
   vertex 21.195 21.42 2.006
   vertex 20.96 21.585 2.006
   vertex 21.11 21.585 2.006
  endloop
 endfacet
  facet normal 0 0 0
    outer loop
   vertex 21.195 21.42 2.006
   vertex 21.43 21.585 2.006
   vertex 21.595 21.42 2.006
  endloop
 endfacet
  facet normal 0 0 0
    outer loop
   vertex 21.195 21.42 2.006
   vertex 21.28 21.585 2.006
   vertex 21.43 21.585 2.006
  endloop
 endfacet
  facet normal 0 0 0
    outer loop
   vertex 20.96 21.585 2.006
   vertex 20.795 21.59 2.006
   vertex 20.96 21.735 2.006
  endloop
 endfacet
  facet normal 0 0 0
    outer loop
   vertex 20.96 21.735 2.006
   vertex 20.795 22.05 2.006
   vertex 20.96 21.905 2.006
  endloop
 endfacet
  facet normal 0 0 0
    outer loop
   vertex 20.96 21.735 2.006
   vertex 20.96 21.905 2.006
   vertex 21.11 21.735 2.006
  endloop
 endfacet
  facet normal 0 0 0
    outer loop
   vertex 21.11 21.735 2.006
   vertex 21.11 21.905 2.006
   vertex 21.28 21.735 2.006
  endloop
 endfacet
  facet normal 0 0 0
    outer loop
   vertex 21.11 21.735 2.006
   vertex 20.96 21.905 2.006
   vertex 21.11 21.905 2.006
  endloop
 endfacet
  facet normal 0 0 0
    outer loop
   vertex 20.795 22.05 2.006
   vertex 20.795 22.22 2.006
   vertex 20.96 22.055 2.006
  endloop
 endfacet
  facet normal 0 0 0
    outer loop
   vertex 20.96 21.905 2.006
   vertex 20.795 22.05 2.006
   vertex 20.96 22.055 2.006
  endloop
 endfacet
  facet normal 0 0 0
    outer loop
   vertex 21.595 21.59 2.006
   vertex 21.595 22.05 2.006
   vertex 22.694 21.59 2.006
  endloop
 endfacet
  facet normal 0 0 0
    outer loop
   vertex 21.28 21.735 2.006
   vertex 21.11 21.905 2.006
   vertex 21.28 21.905 2.006
  endloop
 endfacet
  facet normal 0 0 0
    outer loop
   vertex 21.28 21.735 2.006
   vertex 21.28 21.905 2.006
   vertex 21.43 21.735 2.006
  endloop
 endfacet
  facet normal 0 0 0
    outer loop
   vertex 21.11 21.905 2.006
   vertex 21.11 22.055 2.006
   vertex 21.28 21.905 2.006
  endloop
 endfacet
  facet normal 0 0 0
    outer loop
   vertex 20.96 22.055 2.006
   vertex 20.795 22.22 2.006
   vertex 21.195 22.22 2.006
  endloop
 endfacet
  facet normal 0 0 0
    outer loop
   vertex 20.795 21.42 2.006
   vertex 20.795 21.59 2.006
   vertex 20.96 21.585 2.006
  endloop
 endfacet
  facet normal 0 0 0
    outer loop
   vertex 20.795 21.59 2.006
   vertex 20.795 22.05 2.006
   vertex 20.96 21.735 2.006
  endloop
 endfacet
  facet normal 0 0 0
    outer loop
   vertex 12.521 21.59 2.006
   vertex 12.521 22.05 2.006
   vertex 13.9 22.05 2.006
  endloop
 endfacet
  facet normal 0 0 0
    outer loop
   vertex 15.279 21.59 2.006
   vertex 13.9 22.05 2.006
   vertex 15.279 22.05 2.006
  endloop
 endfacet
  facet normal 0 0 0
    outer loop
   vertex 12.521 21.59 2.006
   vertex 13.9 22.05 2.006
   vertex 15.279 21.59 2.006
  endloop
 endfacet
  facet normal 0 0 0
    outer loop
   vertex 16.658 21.59 2.006
   vertex 18.037 22.05 2.006
   vertex 18.037 21.59 2.006
  endloop
 endfacet
  facet normal 0 0 0
    outer loop
   vertex 15.279 21.59 2.006
   vertex 15.279 22.05 2.006
   vertex 16.658 21.59 2.006
  endloop
 endfacet
  facet normal 0 0 0
    outer loop
   vertex 16.658 21.59 2.006
   vertex 15.279 22.05 2.006
   vertex 18.037 22.05 2.006
  endloop
 endfacet
  facet normal 0 0 0
    outer loop
   vertex 18.037 21.59 2.006
   vertex 18.037 22.05 2.006
   vertex 19.416 21.59 2.006
  endloop
 endfacet
  facet normal 0 0 0
    outer loop
   vertex 19.416 21.59 2.006
   vertex 20.795 22.05 2.006
   vertex 20.795 21.59 2.006
  endloop
 endfacet
  facet normal 0 0 0
    outer loop
   vertex 19.416 21.59 2.006
   vertex 18.037 22.05 2.006
   vertex 20.795 22.05 2.006
  endloop
 endfacet
  facet normal 0 0 0
    outer loop
   vertex 0.109 21.59 2.006
   vertex 1.488 22.05 2.006
   vertex 1.488 21.59 2.006
  endloop
 endfacet
  facet normal 0 0 0
    outer loop
   vertex 0.109 21.59 2.006
   vertex -1.27 22.05 2.006
   vertex 1.488 22.05 2.006
  endloop
 endfacet
  facet normal 0 0 0
    outer loop
   vertex 5.625 21.59 2.006
   vertex 4.246 22.05 2.006
   vertex 7.004 22.05 2.006
  endloop
 endfacet
  facet normal 0 0 0
    outer loop
   vertex 7.004 21.59 2.006
   vertex 7.004 22.05 2.006
   vertex 8.383 21.59 2.006
  endloop
 endfacet
  facet normal 0 0 0
    outer loop
   vertex 8.383 21.59 2.006
   vertex 9.763 22.05 2.006
   vertex 9.763 21.59 2.006
  endloop
 endfacet
  facet normal 0 0 0
    outer loop
   vertex 8.383 21.59 2.006
   vertex 7.004 22.05 2.006
   vertex 9.763 22.05 2.006
  endloop
 endfacet
  facet normal 0 0 0
    outer loop
   vertex 4.246 21.59 2.006
   vertex 2.867 22.05 2.006
   vertex 4.246 22.05 2.006
  endloop
 endfacet
  facet normal 0 0 0
    outer loop
   vertex 1.488 21.59 2.006
   vertex 1.488 22.05 2.006
   vertex 2.867 22.05 2.006
  endloop
 endfacet
  facet normal 0 0 0
    outer loop
   vertex 1.488 21.59 2.006
   vertex 2.867 22.05 2.006
   vertex 4.246 21.59 2.006
  endloop
 endfacet
  facet normal 0 0 0
    outer loop
   vertex 5.625 21.59 2.006
   vertex 7.004 22.05 2.006
   vertex 7.004 21.59 2.006
  endloop
 endfacet
  facet normal 0 0 0
    outer loop
   vertex 4.246 21.59 2.006
   vertex 4.246 22.05 2.006
   vertex 5.625 21.59 2.006
  endloop
 endfacet
  facet normal 0 0 0
    outer loop
   vertex 9.763 21.59 2.006
   vertex 9.763 22.05 2.006
   vertex 11.142 21.59 2.006
  endloop
 endfacet
  facet normal 0 0 0
    outer loop
   vertex -2.07 21.42 2.006
   vertex -2.07 21.82 2.006
   vertex -1.905 21.585 2.006
  endloop
 endfacet
  facet normal 0 0 0
    outer loop
   vertex -2.07 21.82 2.006
   vertex -2.07 22.22 2.006
   vertex -1.905 22.055 2.006
  endloop
 endfacet
  facet normal 0 0 0
    outer loop
   vertex -2.07 21.82 2.006
   vertex -1.905 22.055 2.006
   vertex -1.905 21.905 2.006
  endloop
 endfacet
  facet normal 0 0 0
    outer loop
   vertex -1.905 22.055 2.006
   vertex -2.07 22.22 2.006
   vertex -1.67 22.22 2.006
  endloop
 endfacet
  facet normal 0 0 0
    outer loop
   vertex -1.905 22.055 2.006
   vertex -1.67 22.22 2.006
   vertex -1.755 22.055 2.006
  endloop
 endfacet
  facet normal 0 0 0
    outer loop
   vertex -1.755 22.055 2.006
   vertex -1.67 22.22 2.006
   vertex -1.585 22.055 2.006
  endloop
 endfacet
  facet normal 0 0 0
    outer loop
   vertex -1.435 22.055 2.006
   vertex -1.67 22.22 2.006
   vertex -1.27 22.22 2.006
  endloop
 endfacet
  facet normal 0 0 0
    outer loop
   vertex -1.585 22.055 2.006
   vertex -1.67 22.22 2.006
   vertex -1.435 22.055 2.006
  endloop
 endfacet
  facet normal 0 0 0
    outer loop
   vertex -1.905 21.735 2.006
   vertex -1.905 21.905 2.006
   vertex -1.755 21.735 2.006
  endloop
 endfacet
  facet normal 0 0 0
    outer loop
   vertex -1.755 21.735 2.006
   vertex -1.755 21.905 2.006
   vertex -1.585 21.735 2.006
  endloop
 endfacet
  facet normal 0 0 0
    outer loop
   vertex -1.755 21.735 2.006
   vertex -1.905 21.905 2.006
   vertex -1.755 21.905 2.006
  endloop
 endfacet
  facet normal 0 0 0
    outer loop
   vertex -1.585 21.735 2.006
   vertex -1.755 21.905 2.006
   vertex -1.585 21.905 2.006
  endloop
 endfacet
  facet normal 0 0 0
    outer loop
   vertex -1.585 21.735 2.006
   vertex -1.585 21.905 2.006
   vertex -1.435 21.735 2.006
  endloop
 endfacet
  facet normal 0 0 0
    outer loop
   vertex -1.755 21.905 2.006
   vertex -1.755 22.055 2.006
   vertex -1.585 21.905 2.006
  endloop
 endfacet
  facet normal 0 0 0
    outer loop
   vertex -1.435 21.735 2.006
   vertex -1.585 21.905 2.006
   vertex -1.435 21.905 2.006
  endloop
 endfacet
  facet normal 0 0 0
    outer loop
   vertex -1.435 21.735 2.006
   vertex -1.435 21.905 2.006
   vertex -1.27 22.05 2.006
  endloop
 endfacet
  facet normal 0 0 0
    outer loop
   vertex -1.435 21.905 2.006
   vertex -1.435 22.055 2.006
   vertex -1.27 22.05 2.006
  endloop
 endfacet
  facet normal 0 0 0
    outer loop
   vertex -1.27 22.05 2.006
   vertex -1.435 22.055 2.006
   vertex -1.27 22.22 2.006
  endloop
 endfacet
  facet normal 0 0 0
    outer loop
   vertex -1.585 21.905 2.006
   vertex -1.755 22.055 2.006
   vertex -1.585 22.055 2.006
  endloop
 endfacet
  facet normal 0 0 0
    outer loop
   vertex -1.755 21.585 2.006
   vertex -1.755 21.735 2.006
   vertex -1.585 21.585 2.006
  endloop
 endfacet
  facet normal 0 0 0
    outer loop
   vertex -1.67 21.42 2.006
   vertex -1.755 21.585 2.006
   vertex -1.585 21.585 2.006
  endloop
 endfacet
  facet normal 0 0 0
    outer loop
   vertex -1.67 21.42 2.006
   vertex -1.905 21.585 2.006
   vertex -1.755 21.585 2.006
  endloop
 endfacet
  facet normal 0 0 0
    outer loop
   vertex -2.07 21.42 2.006
   vertex -1.905 21.585 2.006
   vertex -1.67 21.42 2.006
  endloop
 endfacet
  facet normal 0 0 0
    outer loop
   vertex -1.67 21.42 2.006
   vertex -1.435 21.585 2.006
   vertex -1.27 21.42 2.006
  endloop
 endfacet
  facet normal 0 0 0
    outer loop
   vertex -1.67 21.42 2.006
   vertex -1.585 21.585 2.006
   vertex -1.435 21.585 2.006
  endloop
 endfacet
  facet normal 0 0 0
    outer loop
   vertex -1.27 21.42 2.006
   vertex -1.435 21.585 2.006
   vertex -1.27 21.59 2.006
  endloop
 endfacet
  facet normal 0 0 0
    outer loop
   vertex -1.435 21.585 2.006
   vertex -1.435 21.735 2.006
   vertex -1.27 21.59 2.006
  endloop
 endfacet
  facet normal 0 0 0
    outer loop
   vertex -1.27 21.59 2.006
   vertex -1.435 21.735 2.006
   vertex -1.27 22.05 2.006
  endloop
 endfacet
  facet normal 0 0 0
    outer loop
   vertex -1.585 21.585 2.006
   vertex -1.755 21.735 2.006
   vertex -1.585 21.735 2.006
  endloop
 endfacet
  facet normal 0 0 0
    outer loop
   vertex -1.27 21.59 2.006
   vertex -1.27 22.05 2.006
   vertex 0.109 21.59 2.006
  endloop
 endfacet
  facet normal 0 0 0
    outer loop
   vertex -1.905 21.735 2.006
   vertex -2.07 21.82 2.006
   vertex -1.905 21.905 2.006
  endloop
 endfacet
  facet normal 0 0 0
    outer loop
   vertex -1.905 21.585 2.006
   vertex -2.07 21.82 2.006
   vertex -1.905 21.735 2.006
  endloop
 endfacet
  facet normal 0 0 0
    outer loop
   vertex -3.99 14.58 2.006
   vertex -3.99 14.82 2.006
   vertex -3.465 14.82 2.006
  endloop
 endfacet
  facet normal 0 0 0
    outer loop
   vertex -2.94 14.58 2.006
   vertex -3.465 14.82 2.006
   vertex -2.94 14.82 2.006
  endloop
 endfacet
  facet normal 0 0 0
    outer loop
   vertex -3.99 14.58 2.006
   vertex -3.465 14.82 2.006
   vertex -2.94 14.58 2.006
  endloop
 endfacet
  facet normal 0 0 0
    outer loop
   vertex -7.03 14.51 2.006
   vertex -7.03 14.58 2.006
   vertex -6.915 14.625 2.006
  endloop
 endfacet
  facet normal 0 0 0
    outer loop
   vertex -7.03 14.51 2.006
   vertex -6.915 14.625 2.006
   vertex -6.65 14.51 2.006
  endloop
 endfacet
  facet normal 0 0 0
    outer loop
   vertex -6.65 14.58 2.006
   vertex -6.765 14.625 2.006
   vertex -6.65 14.82 2.006
  endloop
 endfacet
  facet normal 0 0 0
    outer loop
   vertex -6.65 14.51 2.006
   vertex -6.765 14.625 2.006
   vertex -6.65 14.58 2.006
  endloop
 endfacet
  facet normal 0 0 0
    outer loop
   vertex -6.65 14.51 2.006
   vertex -6.915 14.625 2.006
   vertex -6.765 14.625 2.006
  endloop
 endfacet
  facet normal 0 0 0
    outer loop
   vertex -6.765 14.775 2.006
   vertex -6.65 14.89 2.006
   vertex -6.65 14.82 2.006
  endloop
 endfacet
  facet normal 0 0 0
    outer loop
   vertex -6.765 14.625 2.006
   vertex -6.765 14.775 2.006
   vertex -6.65 14.82 2.006
  endloop
 endfacet
  facet normal 0 0 0
    outer loop
   vertex -6.765 14.775 2.006
   vertex -7.03 14.89 2.006
   vertex -6.65 14.89 2.006
  endloop
 endfacet
  facet normal 0 0 0
    outer loop
   vertex -6.915 14.625 2.006
   vertex -7.03 14.82 2.006
   vertex -6.915 14.775 2.006
  endloop
 endfacet
  facet normal 0 0 0
    outer loop
   vertex -6.915 14.775 2.006
   vertex -7.03 14.82 2.006
   vertex -7.03 14.89 2.006
  endloop
 endfacet
  facet normal 0 0 0
    outer loop
   vertex -6.08 14.58 2.006
   vertex -5.51 14.82 2.006
   vertex -5.51 14.58 2.006
  endloop
 endfacet
  facet normal 0 0 0
    outer loop
   vertex -6.65 14.58 2.006
   vertex -6.65 14.82 2.006
   vertex -6.08 14.58 2.006
  endloop
 endfacet
  facet normal 0 0 0
    outer loop
   vertex -6.08 14.58 2.006
   vertex -6.65 14.82 2.006
   vertex -5.51 14.82 2.006
  endloop
 endfacet
  facet normal 0 0 0
    outer loop
   vertex -5.51 14.58 2.006
   vertex -5.51 14.82 2.006
   vertex -4.94 14.58 2.006
  endloop
 endfacet
  facet normal 0 0 0
    outer loop
   vertex -4.94 14.58 2.006
   vertex -4.37 14.82 2.006
   vertex -4.37 14.58 2.006
  endloop
 endfacet
  facet normal 0 0 0
    outer loop
   vertex -4.94 14.58 2.006
   vertex -5.51 14.82 2.006
   vertex -4.37 14.82 2.006
  endloop
 endfacet
  facet normal 0 0 0
    outer loop
   vertex -9.7 14.51 2.006
   vertex -9.7 14.89 2.006
   vertex -9.585 14.625 2.006
  endloop
 endfacet
  facet normal 0 0 0
    outer loop
   vertex -9.7 14.51 2.006
   vertex -9.585 14.625 2.006
   vertex -9.32 14.51 2.006
  endloop
 endfacet
  facet normal 0 0 0
    outer loop
   vertex -9.32 14.58 2.006
   vertex -9.435 14.625 2.006
   vertex -9.32 14.82 2.006
  endloop
 endfacet
  facet normal 0 0 0
    outer loop
   vertex -9.32 14.51 2.006
   vertex -9.435 14.625 2.006
   vertex -9.32 14.58 2.006
  endloop
 endfacet
  facet normal 0 0 0
    outer loop
   vertex -9.32 14.51 2.006
   vertex -9.585 14.625 2.006
   vertex -9.435 14.625 2.006
  endloop
 endfacet
  facet normal 0 0 0
    outer loop
   vertex -6.915 14.775 2.006
   vertex -7.03 14.89 2.006
   vertex -6.765 14.775 2.006
  endloop
 endfacet
  facet normal 0 0 0
    outer loop
   vertex -4.37 14.58 2.006
   vertex -4.37 14.82 2.006
   vertex -4.255 14.625 2.006
  endloop
 endfacet
  facet normal 0 0 0
    outer loop
   vertex -4.37 14.51 2.006
   vertex -4.37 14.58 2.006
   vertex -4.255 14.625 2.006
  endloop
 endfacet
  facet normal 0 0 0
    outer loop
   vertex -4.37 14.51 2.006
   vertex -4.255 14.625 2.006
   vertex -3.99 14.51 2.006
  endloop
 endfacet
  facet normal 0 0 0
    outer loop
   vertex -3.99 14.58 2.006
   vertex -4.105 14.625 2.006
   vertex -3.99 14.82 2.006
  endloop
 endfacet
  facet normal 0 0 0
    outer loop
   vertex -3.99 14.51 2.006
   vertex -4.105 14.625 2.006
   vertex -3.99 14.58 2.006
  endloop
 endfacet
  facet normal 0 0 0
    outer loop
   vertex -3.99 14.51 2.006
   vertex -4.255 14.625 2.006
   vertex -4.105 14.625 2.006
  endloop
 endfacet
  facet normal 0 0 0
    outer loop
   vertex -4.105 14.775 2.006
   vertex -3.99 14.89 2.006
   vertex -3.99 14.82 2.006
  endloop
 endfacet
  facet normal 0 0 0
    outer loop
   vertex -4.105 14.625 2.006
   vertex -4.105 14.775 2.006
   vertex -3.99 14.82 2.006
  endloop
 endfacet
  facet normal 0 0 0
    outer loop
   vertex -4.105 14.775 2.006
   vertex -4.37 14.89 2.006
   vertex -3.99 14.89 2.006
  endloop
 endfacet
  facet normal 0 0 0
    outer loop
   vertex -4.255 14.625 2.006
   vertex -4.37 14.82 2.006
   vertex -4.255 14.775 2.006
  endloop
 endfacet
  facet normal 0 0 0
    outer loop
   vertex -9.435 14.775 2.006
   vertex -9.32 14.89 2.006
   vertex -9.32 14.82 2.006
  endloop
 endfacet
  facet normal 0 0 0
    outer loop
   vertex -9.435 14.775 2.006
   vertex -9.7 14.89 2.006
   vertex -9.32 14.89 2.006
  endloop
 endfacet
  facet normal 0 0 0
    outer loop
   vertex -9.435 14.625 2.006
   vertex -9.435 14.775 2.006
   vertex -9.32 14.82 2.006
  endloop
 endfacet
  facet normal 0 0 0
    outer loop
   vertex -9.585 14.625 2.006
   vertex -9.7 14.89 2.006
   vertex -9.585 14.775 2.006
  endloop
 endfacet
  facet normal 0 0 0
    outer loop
   vertex -9.585 14.775 2.006
   vertex -9.7 14.89 2.006
   vertex -9.435 14.775 2.006
  endloop
 endfacet
  facet normal 0 0 0
    outer loop
   vertex -7.03 14.58 2.006
   vertex -7.03 14.82 2.006
   vertex -6.915 14.625 2.006
  endloop
 endfacet
  facet normal 0 0 0
    outer loop
   vertex -8.748 14.58 2.006
   vertex -8.175 14.82 2.006
   vertex -8.175 14.58 2.006
  endloop
 endfacet
  facet normal 0 0 0
    outer loop
   vertex -9.32 14.58 2.006
   vertex -9.32 14.82 2.006
   vertex -8.748 14.58 2.006
  endloop
 endfacet
  facet normal 0 0 0
    outer loop
   vertex -8.748 14.58 2.006
   vertex -9.32 14.82 2.006
   vertex -8.175 14.82 2.006
  endloop
 endfacet
  facet normal 0 0 0
    outer loop
   vertex -8.175 14.58 2.006
   vertex -8.175 14.82 2.006
   vertex -7.603 14.58 2.006
  endloop
 endfacet
  facet normal 0 0 0
    outer loop
   vertex -7.603 14.58 2.006
   vertex -7.03 14.82 2.006
   vertex -7.03 14.58 2.006
  endloop
 endfacet
  facet normal 0 0 0
    outer loop
   vertex -7.603 14.58 2.006
   vertex -8.175 14.82 2.006
   vertex -7.03 14.82 2.006
  endloop
 endfacet
  facet normal 0 0 0
    outer loop
   vertex -2.825 14.775 2.006
   vertex -2.94 14.89 2.006
   vertex -2.675 14.775 2.006
  endloop
 endfacet
  facet normal 0 0 0
    outer loop
   vertex -4.255 14.775 2.006
   vertex -4.37 14.82 2.006
   vertex -4.37 14.89 2.006
  endloop
 endfacet
  facet normal 0 0 0
    outer loop
   vertex -4.255 14.775 2.006
   vertex -4.37 14.89 2.006
   vertex -4.105 14.775 2.006
  endloop
 endfacet
  facet normal 0 0 0
    outer loop
   vertex -2.94 14.58 2.006
   vertex -2.94 14.82 2.006
   vertex -2.825 14.625 2.006
  endloop
 endfacet
  facet normal 0 0 0
    outer loop
   vertex -2.94 14.51 2.006
   vertex -2.825 14.625 2.006
   vertex -2.56 14.51 2.006
  endloop
 endfacet
  facet normal 0 0 0
    outer loop
   vertex -2.94 14.51 2.006
   vertex -2.94 14.58 2.006
   vertex -2.825 14.625 2.006
  endloop
 endfacet
  facet normal 0 0 0
    outer loop
   vertex -2.56 14.51 2.006
   vertex -2.675 14.625 2.006
   vertex -2.56 14.89 2.006
  endloop
 endfacet
  facet normal 0 0 0
    outer loop
   vertex -2.56 14.51 2.006
   vertex -2.825 14.625 2.006
   vertex -2.675 14.625 2.006
  endloop
 endfacet
  facet normal 0 0 0
    outer loop
   vertex -2.675 14.625 2.006
   vertex -2.675 14.775 2.006
   vertex -2.56 14.89 2.006
  endloop
 endfacet
  facet normal 0 0 0
    outer loop
   vertex -2.675 14.775 2.006
   vertex -2.94 14.89 2.006
   vertex -2.56 14.89 2.006
  endloop
 endfacet
  facet normal 0 0 0
    outer loop
   vertex -2.825 14.625 2.006
   vertex -2.94 14.82 2.006
   vertex -2.825 14.775 2.006
  endloop
 endfacet
  facet normal 0 0 0
    outer loop
   vertex -2.825 14.775 2.006
   vertex -2.94 14.82 2.006
   vertex -2.94 14.89 2.006
  endloop
 endfacet
  facet normal 0 0 0
    outer loop
   vertex -9.585 14.775 1.736
   vertex -9.585 14.775 2.006
   vertex -9.435 14.775 2.006
  endloop
 endfacet
  facet normal 0 0 0
    outer loop
   vertex -9.585 14.775 1.736
   vertex -9.435 14.775 2.006
   vertex -9.435 14.775 1.736
  endloop
 endfacet
  facet normal 0 0 0
    outer loop
   vertex -6.915 14.775 1.736
   vertex -6.915 14.775 2.006
   vertex -6.765 14.775 2.006
  endloop
 endfacet
  facet normal 0 0 0
    outer loop
   vertex -6.915 14.775 1.736
   vertex -6.765 14.775 2.006
   vertex -6.765 14.775 1.736
  endloop
 endfacet
  facet normal 0 0 0
    outer loop
   vertex -4.255 14.775 1.736
   vertex -4.255 14.775 2.006
   vertex -4.105 14.775 2.006
  endloop
 endfacet
  facet normal 0 0 0
    outer loop
   vertex -4.255 14.775 1.736
   vertex -4.105 14.775 2.006
   vertex -4.105 14.775 1.736
  endloop
 endfacet
  facet normal 0 0 0
    outer loop
   vertex -2.825 14.775 1.736
   vertex -2.825 14.775 2.006
   vertex -2.675 14.775 2.006
  endloop
 endfacet
  facet normal 0 0 0
    outer loop
   vertex -2.825 14.775 1.736
   vertex -2.675 14.775 2.006
   vertex -2.675 14.775 1.736
  endloop
 endfacet
  facet normal 0 0 0
    outer loop
   vertex -2.675 14.625 1.736
   vertex -2.675 14.625 2.006
   vertex -2.825 14.625 2.006
  endloop
 endfacet
  facet normal 0 0 0
    outer loop
   vertex -2.675 14.625 1.736
   vertex -2.825 14.625 2.006
   vertex -2.825 14.625 1.736
  endloop
 endfacet
  facet normal 0 0 0
    outer loop
   vertex -4.105 14.625 1.736
   vertex -4.105 14.625 2.006
   vertex -4.255 14.625 2.006
  endloop
 endfacet
  facet normal 0 0 0
    outer loop
   vertex -4.105 14.625 1.736
   vertex -4.255 14.625 2.006
   vertex -4.255 14.625 1.736
  endloop
 endfacet
  facet normal 0 0 0
    outer loop
   vertex -6.765 14.625 1.736
   vertex -6.765 14.625 2.006
   vertex -6.915 14.625 2.006
  endloop
 endfacet
  facet normal 0 0 0
    outer loop
   vertex -6.765 14.625 1.736
   vertex -6.915 14.625 2.006
   vertex -6.915 14.625 1.736
  endloop
 endfacet
  facet normal 0 0 0
    outer loop
   vertex -9.435 14.625 1.736
   vertex -9.435 14.625 2.006
   vertex -9.585 14.625 2.006
  endloop
 endfacet
  facet normal 0 0 0
    outer loop
   vertex -9.435 14.625 1.736
   vertex -9.585 14.625 2.006
   vertex -9.585 14.625 1.736
  endloop
 endfacet
  facet normal 0 0 0
    outer loop
   vertex -9.585 14.625 1.736
   vertex -9.585 14.625 2.006
   vertex -9.585 14.775 2.006
  endloop
 endfacet
  facet normal 0 0 0
    outer loop
   vertex -9.585 14.625 1.736
   vertex -9.585 14.775 2.006
   vertex -9.585 14.775 1.736
  endloop
 endfacet
  facet normal 0 0 0
    outer loop
   vertex -9.435 14.775 1.736
   vertex -9.435 14.775 2.006
   vertex -9.435 14.625 2.006
  endloop
 endfacet
  facet normal 0 0 0
    outer loop
   vertex -9.435 14.775 1.736
   vertex -9.435 14.625 2.006
   vertex -9.435 14.625 1.736
  endloop
 endfacet
  facet normal 0 0 0
    outer loop
   vertex -6.915 14.625 1.736
   vertex -6.915 14.625 2.006
   vertex -6.915 14.775 2.006
  endloop
 endfacet
  facet normal 0 0 0
    outer loop
   vertex -6.915 14.625 1.736
   vertex -6.915 14.775 2.006
   vertex -6.915 14.775 1.736
  endloop
 endfacet
  facet normal 0 0 0
    outer loop
   vertex -6.765 14.775 1.736
   vertex -6.765 14.775 2.006
   vertex -6.765 14.625 2.006
  endloop
 endfacet
  facet normal 0 0 0
    outer loop
   vertex -6.765 14.775 1.736
   vertex -6.765 14.625 2.006
   vertex -6.765 14.625 1.736
  endloop
 endfacet
  facet normal 0 0 0
    outer loop
   vertex -4.255 14.625 1.736
   vertex -4.255 14.625 2.006
   vertex -4.255 14.775 2.006
  endloop
 endfacet
  facet normal 0 0 0
    outer loop
   vertex -4.255 14.625 1.736
   vertex -4.255 14.775 2.006
   vertex -4.255 14.775 1.736
  endloop
 endfacet
  facet normal 0 0 0
    outer loop
   vertex -4.105 14.775 1.736
   vertex -4.105 14.775 2.006
   vertex -4.105 14.625 2.006
  endloop
 endfacet
  facet normal 0 0 0
    outer loop
   vertex -4.105 14.775 1.736
   vertex -4.105 14.625 2.006
   vertex -4.105 14.625 1.736
  endloop
 endfacet
  facet normal 0 0 0
    outer loop
   vertex -2.825 14.625 1.736
   vertex -2.825 14.625 2.006
   vertex -2.825 14.775 2.006
  endloop
 endfacet
  facet normal 0 0 0
    outer loop
   vertex -2.825 14.625 1.736
   vertex -2.825 14.775 2.006
   vertex -2.825 14.775 1.736
  endloop
 endfacet
  facet normal 0 0 0
    outer loop
   vertex -2.675 14.775 1.736
   vertex -2.675 14.775 2.006
   vertex -2.675 14.625 2.006
  endloop
 endfacet
  facet normal 0 0 0
    outer loop
   vertex -2.675 14.775 1.736
   vertex -2.675 14.625 2.006
   vertex -2.675 14.625 1.736
  endloop
 endfacet
  facet normal 0 0 0
    outer loop
   vertex -1.905 21.735 1.736
   vertex -1.905 21.735 2.006
   vertex -1.755 21.735 2.006
  endloop
 endfacet
  facet normal 0 0 0
    outer loop
   vertex -1.905 21.735 1.736
   vertex -1.755 21.735 2.006
   vertex -1.755 21.735 1.736
  endloop
 endfacet
  facet normal 0 0 0
    outer loop
   vertex -1.585 21.735 1.736
   vertex -1.585 21.735 2.006
   vertex -1.435 21.735 2.006
  endloop
 endfacet
  facet normal 0 0 0
    outer loop
   vertex -1.585 21.735 1.736
   vertex -1.435 21.735 2.006
   vertex -1.435 21.735 1.736
  endloop
 endfacet
  facet normal 0 0 0
    outer loop
   vertex 20.96 21.735 1.736
   vertex 20.96 21.735 2.006
   vertex 21.11 21.735 2.006
  endloop
 endfacet
  facet normal 0 0 0
    outer loop
   vertex 20.96 21.735 1.736
   vertex 21.11 21.735 2.006
   vertex 21.11 21.735 1.736
  endloop
 endfacet
  facet normal 0 0 0
    outer loop
   vertex 21.28 21.735 1.736
   vertex 21.28 21.735 2.006
   vertex 21.43 21.735 2.006
  endloop
 endfacet
  facet normal 0 0 0
    outer loop
   vertex 21.28 21.735 1.736
   vertex 21.43 21.735 2.006
   vertex 21.43 21.735 1.736
  endloop
 endfacet
  facet normal 0 0 0
    outer loop
   vertex 26.155 21.735 1.736
   vertex 26.155 21.735 2.006
   vertex 26.305 21.735 2.006
  endloop
 endfacet
  facet normal 0 0 0
    outer loop
   vertex 26.155 21.735 1.736
   vertex 26.305 21.735 2.006
   vertex 26.305 21.735 1.736
  endloop
 endfacet
  facet normal 0 0 0
    outer loop
   vertex 26.475 21.735 1.736
   vertex 26.475 21.735 2.006
   vertex 26.625 21.735 2.006
  endloop
 endfacet
  facet normal 0 0 0
    outer loop
   vertex 26.475 21.735 1.736
   vertex 26.625 21.735 2.006
   vertex 26.625 21.735 1.736
  endloop
 endfacet
  facet normal 0 0 0
    outer loop
   vertex 33.455 21.735 1.736
   vertex 33.455 21.735 2.006
   vertex 33.605 21.735 2.006
  endloop
 endfacet
  facet normal 0 0 0
    outer loop
   vertex 33.455 21.735 1.736
   vertex 33.605 21.735 2.006
   vertex 33.605 21.735 1.736
  endloop
 endfacet
  facet normal 0 0 0
    outer loop
   vertex 33.775 21.735 1.736
   vertex 33.775 21.735 2.006
   vertex 33.925 21.735 2.006
  endloop
 endfacet
  facet normal 0 0 0
    outer loop
   vertex 33.775 21.735 1.736
   vertex 33.925 21.735 2.006
   vertex 33.925 21.735 1.736
  endloop
 endfacet
  facet normal 0 0 0
    outer loop
   vertex 33.925 22.055 1.736
   vertex 33.925 22.055 2.006
   vertex 33.925 21.905 2.006
  endloop
 endfacet
  facet normal 0 0 0
    outer loop
   vertex 33.925 22.055 1.736
   vertex 33.925 21.905 2.006
   vertex 33.925 21.905 1.736
  endloop
 endfacet
  facet normal 0 0 0
    outer loop
   vertex 33.925 21.735 1.736
   vertex 33.925 21.735 2.006
   vertex 33.925 21.585 2.006
  endloop
 endfacet
  facet normal 0 0 0
    outer loop
   vertex 33.925 21.735 1.736
   vertex 33.925 21.585 2.006
   vertex 33.925 21.585 1.736
  endloop
 endfacet
  facet normal 0 0 0
    outer loop
   vertex 33.925 21.585 1.736
   vertex 33.925 21.585 2.006
   vertex 33.775 21.585 2.006
  endloop
 endfacet
  facet normal 0 0 0
    outer loop
   vertex 33.925 21.585 1.736
   vertex 33.775 21.585 2.006
   vertex 33.775 21.585 1.736
  endloop
 endfacet
  facet normal 0 0 0
    outer loop
   vertex 33.605 21.585 1.736
   vertex 33.605 21.585 2.006
   vertex 33.455 21.585 2.006
  endloop
 endfacet
  facet normal 0 0 0
    outer loop
   vertex 33.605 21.585 1.736
   vertex 33.455 21.585 2.006
   vertex 33.455 21.585 1.736
  endloop
 endfacet
  facet normal 0 0 0
    outer loop
   vertex 26.625 21.585 1.736
   vertex 26.625 21.585 2.006
   vertex 26.475 21.585 2.006
  endloop
 endfacet
  facet normal 0 0 0
    outer loop
   vertex 26.625 21.585 1.736
   vertex 26.475 21.585 2.006
   vertex 26.475 21.585 1.736
  endloop
 endfacet
  facet normal 0 0 0
    outer loop
   vertex 26.305 21.585 1.736
   vertex 26.305 21.585 2.006
   vertex 26.155 21.585 2.006
  endloop
 endfacet
  facet normal 0 0 0
    outer loop
   vertex 26.305 21.585 1.736
   vertex 26.155 21.585 2.006
   vertex 26.155 21.585 1.736
  endloop
 endfacet
  facet normal 0 0 0
    outer loop
   vertex 21.43 21.585 1.736
   vertex 21.43 21.585 2.006
   vertex 21.28 21.585 2.006
  endloop
 endfacet
  facet normal 0 0 0
    outer loop
   vertex 21.43 21.585 1.736
   vertex 21.28 21.585 2.006
   vertex 21.28 21.585 1.736
  endloop
 endfacet
  facet normal 0 0 0
    outer loop
   vertex 21.11 21.585 1.736
   vertex 21.11 21.585 2.006
   vertex 20.96 21.585 2.006
  endloop
 endfacet
  facet normal 0 0 0
    outer loop
   vertex 21.11 21.585 1.736
   vertex 20.96 21.585 2.006
   vertex 20.96 21.585 1.736
  endloop
 endfacet
  facet normal 0 0 0
    outer loop
   vertex -1.435 21.585 1.736
   vertex -1.435 21.585 2.006
   vertex -1.585 21.585 2.006
  endloop
 endfacet
  facet normal 0 0 0
    outer loop
   vertex -1.435 21.585 1.736
   vertex -1.585 21.585 2.006
   vertex -1.585 21.585 1.736
  endloop
 endfacet
  facet normal 0 0 0
    outer loop
   vertex -1.755 21.585 1.736
   vertex -1.755 21.585 2.006
   vertex -1.905 21.585 2.006
  endloop
 endfacet
  facet normal 0 0 0
    outer loop
   vertex -1.755 21.585 1.736
   vertex -1.905 21.585 2.006
   vertex -1.905 21.585 1.736
  endloop
 endfacet
  facet normal 0 0 0
    outer loop
   vertex -1.905 21.585 1.736
   vertex -1.905 21.585 2.006
   vertex -1.905 21.735 2.006
  endloop
 endfacet
  facet normal 0 0 0
    outer loop
   vertex -1.905 21.585 1.736
   vertex -1.905 21.735 2.006
   vertex -1.905 21.735 1.736
  endloop
 endfacet
  facet normal 0 0 0
    outer loop
   vertex -1.905 21.905 1.736
   vertex -1.905 21.905 2.006
   vertex -1.905 22.055 2.006
  endloop
 endfacet
  facet normal 0 0 0
    outer loop
   vertex -1.905 21.905 1.736
   vertex -1.905 22.055 2.006
   vertex -1.905 22.055 1.736
  endloop
 endfacet
  facet normal 0 0 0
    outer loop
   vertex 33.775 21.585 1.736
   vertex 33.775 21.585 2.006
   vertex 33.775 21.735 2.006
  endloop
 endfacet
  facet normal 0 0 0
    outer loop
   vertex 33.775 21.585 1.736
   vertex 33.775 21.735 2.006
   vertex 33.775 21.735 1.736
  endloop
 endfacet
  facet normal 0 0 0
    outer loop
   vertex 33.775 21.905 1.736
   vertex 33.775 21.905 2.006
   vertex 33.775 22.055 2.006
  endloop
 endfacet
  facet normal 0 0 0
    outer loop
   vertex 33.775 21.905 1.736
   vertex 33.775 22.055 2.006
   vertex 33.775 22.055 1.736
  endloop
 endfacet
  facet normal 0 0 0
    outer loop
   vertex -1.755 22.055 1.736
   vertex -1.755 22.055 2.006
   vertex -1.755 21.905 2.006
  endloop
 endfacet
  facet normal 0 0 0
    outer loop
   vertex -1.755 22.055 1.736
   vertex -1.755 21.905 2.006
   vertex -1.755 21.905 1.736
  endloop
 endfacet
  facet normal 0 0 0
    outer loop
   vertex -1.755 21.735 1.736
   vertex -1.755 21.735 2.006
   vertex -1.755 21.585 2.006
  endloop
 endfacet
  facet normal 0 0 0
    outer loop
   vertex -1.755 21.735 1.736
   vertex -1.755 21.585 2.006
   vertex -1.755 21.585 1.736
  endloop
 endfacet
  facet normal 0 0 0
    outer loop
   vertex 33.605 22.055 1.736
   vertex 33.605 22.055 2.006
   vertex 33.605 21.905 2.006
  endloop
 endfacet
  facet normal 0 0 0
    outer loop
   vertex 33.605 22.055 1.736
   vertex 33.605 21.905 2.006
   vertex 33.605 21.905 1.736
  endloop
 endfacet
  facet normal 0 0 0
    outer loop
   vertex 33.605 21.735 1.736
   vertex 33.605 21.735 2.006
   vertex 33.605 21.585 2.006
  endloop
 endfacet
  facet normal 0 0 0
    outer loop
   vertex 33.605 21.735 1.736
   vertex 33.605 21.585 2.006
   vertex 33.605 21.585 1.736
  endloop
 endfacet
  facet normal 0 0 0
    outer loop
   vertex -1.585 21.585 1.736
   vertex -1.585 21.585 2.006
   vertex -1.585 21.735 2.006
  endloop
 endfacet
  facet normal 0 0 0
    outer loop
   vertex -1.585 21.585 1.736
   vertex -1.585 21.735 2.006
   vertex -1.585 21.735 1.736
  endloop
 endfacet
  facet normal 0 0 0
    outer loop
   vertex -1.585 21.905 1.736
   vertex -1.585 21.905 2.006
   vertex -1.585 22.055 2.006
  endloop
 endfacet
  facet normal 0 0 0
    outer loop
   vertex -1.585 21.905 1.736
   vertex -1.585 22.055 2.006
   vertex -1.585 22.055 1.736
  endloop
 endfacet
  facet normal 0 0 0
    outer loop
   vertex -1.435 22.055 1.736
   vertex -1.435 22.055 2.006
   vertex -1.435 21.905 2.006
  endloop
 endfacet
  facet normal 0 0 0
    outer loop
   vertex -1.435 22.055 1.736
   vertex -1.435 21.905 2.006
   vertex -1.435 21.905 1.736
  endloop
 endfacet
  facet normal 0 0 0
    outer loop
   vertex -1.435 21.735 1.736
   vertex -1.435 21.735 2.006
   vertex -1.435 21.585 2.006
  endloop
 endfacet
  facet normal 0 0 0
    outer loop
   vertex -1.435 21.735 1.736
   vertex -1.435 21.585 2.006
   vertex -1.435 21.585 1.736
  endloop
 endfacet
  facet normal 0 0 0
    outer loop
   vertex 33.455 21.585 1.736
   vertex 33.455 21.585 2.006
   vertex 33.455 21.735 2.006
  endloop
 endfacet
  facet normal 0 0 0
    outer loop
   vertex 33.455 21.585 1.736
   vertex 33.455 21.735 2.006
   vertex 33.455 21.735 1.736
  endloop
 endfacet
  facet normal 0 0 0
    outer loop
   vertex 33.455 21.905 1.736
   vertex 33.455 21.905 2.006
   vertex 33.455 22.055 2.006
  endloop
 endfacet
  facet normal 0 0 0
    outer loop
   vertex 33.455 21.905 1.736
   vertex 33.455 22.055 2.006
   vertex 33.455 22.055 1.736
  endloop
 endfacet
  facet normal 0 0 0
    outer loop
   vertex 20.96 21.585 1.736
   vertex 20.96 21.585 2.006
   vertex 20.96 21.735 2.006
  endloop
 endfacet
  facet normal 0 0 0
    outer loop
   vertex 20.96 21.585 1.736
   vertex 20.96 21.735 2.006
   vertex 20.96 21.735 1.736
  endloop
 endfacet
  facet normal 0 0 0
    outer loop
   vertex 20.96 21.905 1.736
   vertex 20.96 21.905 2.006
   vertex 20.96 22.055 2.006
  endloop
 endfacet
  facet normal 0 0 0
    outer loop
   vertex 20.96 21.905 1.736
   vertex 20.96 22.055 2.006
   vertex 20.96 22.055 1.736
  endloop
 endfacet
  facet normal 0 0 0
    outer loop
   vertex 26.625 22.055 1.736
   vertex 26.625 22.055 2.006
   vertex 26.625 21.905 2.006
  endloop
 endfacet
  facet normal 0 0 0
    outer loop
   vertex 26.625 22.055 1.736
   vertex 26.625 21.905 2.006
   vertex 26.625 21.905 1.736
  endloop
 endfacet
  facet normal 0 0 0
    outer loop
   vertex 26.625 21.735 1.736
   vertex 26.625 21.735 2.006
   vertex 26.625 21.585 2.006
  endloop
 endfacet
  facet normal 0 0 0
    outer loop
   vertex 26.625 21.735 1.736
   vertex 26.625 21.585 2.006
   vertex 26.625 21.585 1.736
  endloop
 endfacet
  facet normal 0 0 0
    outer loop
   vertex 21.11 22.055 1.736
   vertex 21.11 22.055 2.006
   vertex 21.11 21.905 2.006
  endloop
 endfacet
  facet normal 0 0 0
    outer loop
   vertex 21.11 22.055 1.736
   vertex 21.11 21.905 2.006
   vertex 21.11 21.905 1.736
  endloop
 endfacet
  facet normal 0 0 0
    outer loop
   vertex 21.11 21.735 1.736
   vertex 21.11 21.735 2.006
   vertex 21.11 21.585 2.006
  endloop
 endfacet
  facet normal 0 0 0
    outer loop
   vertex 21.11 21.735 1.736
   vertex 21.11 21.585 2.006
   vertex 21.11 21.585 1.736
  endloop
 endfacet
  facet normal 0 0 0
    outer loop
   vertex 21.28 21.585 1.736
   vertex 21.28 21.585 2.006
   vertex 21.28 21.735 2.006
  endloop
 endfacet
  facet normal 0 0 0
    outer loop
   vertex 21.28 21.585 1.736
   vertex 21.28 21.735 2.006
   vertex 21.28 21.735 1.736
  endloop
 endfacet
  facet normal 0 0 0
    outer loop
   vertex 21.28 21.905 1.736
   vertex 21.28 21.905 2.006
   vertex 21.28 22.055 2.006
  endloop
 endfacet
  facet normal 0 0 0
    outer loop
   vertex 21.28 21.905 1.736
   vertex 21.28 22.055 2.006
   vertex 21.28 22.055 1.736
  endloop
 endfacet
  facet normal 0 0 0
    outer loop
   vertex 26.475 21.585 1.736
   vertex 26.475 21.585 2.006
   vertex 26.475 21.735 2.006
  endloop
 endfacet
  facet normal 0 0 0
    outer loop
   vertex 26.475 21.585 1.736
   vertex 26.475 21.735 2.006
   vertex 26.475 21.735 1.736
  endloop
 endfacet
  facet normal 0 0 0
    outer loop
   vertex 26.475 21.905 1.736
   vertex 26.475 21.905 2.006
   vertex 26.475 22.055 2.006
  endloop
 endfacet
  facet normal 0 0 0
    outer loop
   vertex 26.475 21.905 1.736
   vertex 26.475 22.055 2.006
   vertex 26.475 22.055 1.736
  endloop
 endfacet
  facet normal 0 0 0
    outer loop
   vertex 21.43 22.055 1.736
   vertex 21.43 22.055 2.006
   vertex 21.43 21.905 2.006
  endloop
 endfacet
  facet normal 0 0 0
    outer loop
   vertex 21.43 22.055 1.736
   vertex 21.43 21.905 2.006
   vertex 21.43 21.905 1.736
  endloop
 endfacet
  facet normal 0 0 0
    outer loop
   vertex 21.43 21.735 1.736
   vertex 21.43 21.735 2.006
   vertex 21.43 21.585 2.006
  endloop
 endfacet
  facet normal 0 0 0
    outer loop
   vertex 21.43 21.735 1.736
   vertex 21.43 21.585 2.006
   vertex 21.43 21.585 1.736
  endloop
 endfacet
  facet normal 0 0 0
    outer loop
   vertex 26.305 22.055 1.736
   vertex 26.305 22.055 2.006
   vertex 26.305 21.905 2.006
  endloop
 endfacet
  facet normal 0 0 0
    outer loop
   vertex 26.305 22.055 1.736
   vertex 26.305 21.905 2.006
   vertex 26.305 21.905 1.736
  endloop
 endfacet
  facet normal 0 0 0
    outer loop
   vertex 26.305 21.735 1.736
   vertex 26.305 21.735 2.006
   vertex 26.305 21.585 2.006
  endloop
 endfacet
  facet normal 0 0 0
    outer loop
   vertex 26.305 21.735 1.736
   vertex 26.305 21.585 2.006
   vertex 26.305 21.585 1.736
  endloop
 endfacet
  facet normal 0 0 0
    outer loop
   vertex 26.155 21.585 1.736
   vertex 26.155 21.585 2.006
   vertex 26.155 21.735 2.006
  endloop
 endfacet
  facet normal 0 0 0
    outer loop
   vertex 26.155 21.585 1.736
   vertex 26.155 21.735 2.006
   vertex 26.155 21.735 1.736
  endloop
 endfacet
  facet normal 0 0 0
    outer loop
   vertex 26.155 21.905 1.736
   vertex 26.155 21.905 2.006
   vertex 26.155 22.055 2.006
  endloop
 endfacet
  facet normal 0 0 0
    outer loop
   vertex 26.155 21.905 1.736
   vertex 26.155 22.055 2.006
   vertex 26.155 22.055 1.736
  endloop
 endfacet
  facet normal 0 0 0
    outer loop
   vertex 33.925 21.905 1.736
   vertex 33.925 21.905 2.006
   vertex 33.775 21.905 2.006
  endloop
 endfacet
  facet normal 0 0 0
    outer loop
   vertex 33.925 21.905 1.736
   vertex 33.775 21.905 2.006
   vertex 33.775 21.905 1.736
  endloop
 endfacet
  facet normal 0 0 0
    outer loop
   vertex 33.605 21.905 1.736
   vertex 33.605 21.905 2.006
   vertex 33.455 21.905 2.006
  endloop
 endfacet
  facet normal 0 0 0
    outer loop
   vertex 33.605 21.905 1.736
   vertex 33.455 21.905 2.006
   vertex 33.455 21.905 1.736
  endloop
 endfacet
  facet normal 0 0 0
    outer loop
   vertex 26.625 21.905 1.736
   vertex 26.625 21.905 2.006
   vertex 26.475 21.905 2.006
  endloop
 endfacet
  facet normal 0 0 0
    outer loop
   vertex 26.625 21.905 1.736
   vertex 26.475 21.905 2.006
   vertex 26.475 21.905 1.736
  endloop
 endfacet
  facet normal 0 0 0
    outer loop
   vertex 26.305 21.905 1.736
   vertex 26.305 21.905 2.006
   vertex 26.155 21.905 2.006
  endloop
 endfacet
  facet normal 0 0 0
    outer loop
   vertex 26.305 21.905 1.736
   vertex 26.155 21.905 2.006
   vertex 26.155 21.905 1.736
  endloop
 endfacet
  facet normal 0 0 0
    outer loop
   vertex 21.43 21.905 1.736
   vertex 21.43 21.905 2.006
   vertex 21.28 21.905 2.006
  endloop
 endfacet
  facet normal 0 0 0
    outer loop
   vertex 21.43 21.905 1.736
   vertex 21.28 21.905 2.006
   vertex 21.28 21.905 1.736
  endloop
 endfacet
  facet normal 0 0 0
    outer loop
   vertex 21.11 21.905 1.736
   vertex 21.11 21.905 2.006
   vertex 20.96 21.905 2.006
  endloop
 endfacet
  facet normal 0 0 0
    outer loop
   vertex 21.11 21.905 1.736
   vertex 20.96 21.905 2.006
   vertex 20.96 21.905 1.736
  endloop
 endfacet
  facet normal 0 0 0
    outer loop
   vertex -1.435 21.905 1.736
   vertex -1.435 21.905 2.006
   vertex -1.585 21.905 2.006
  endloop
 endfacet
  facet normal 0 0 0
    outer loop
   vertex -1.435 21.905 1.736
   vertex -1.585 21.905 2.006
   vertex -1.585 21.905 1.736
  endloop
 endfacet
  facet normal 0 0 0
    outer loop
   vertex -1.755 21.905 1.736
   vertex -1.755 21.905 2.006
   vertex -1.905 21.905 2.006
  endloop
 endfacet
  facet normal 0 0 0
    outer loop
   vertex -1.755 21.905 1.736
   vertex -1.905 21.905 2.006
   vertex -1.905 21.905 1.736
  endloop
 endfacet
  facet normal 0 0 0
    outer loop
   vertex -1.905 22.055 1.736
   vertex -1.905 22.055 2.006
   vertex -1.755 22.055 2.006
  endloop
 endfacet
  facet normal 0 0 0
    outer loop
   vertex -1.905 22.055 1.736
   vertex -1.755 22.055 2.006
   vertex -1.755 22.055 1.736
  endloop
 endfacet
  facet normal 0 0 0
    outer loop
   vertex -1.585 22.055 1.736
   vertex -1.585 22.055 2.006
   vertex -1.435 22.055 2.006
  endloop
 endfacet
  facet normal 0 0 0
    outer loop
   vertex -1.585 22.055 1.736
   vertex -1.435 22.055 2.006
   vertex -1.435 22.055 1.736
  endloop
 endfacet
  facet normal 0 0 0
    outer loop
   vertex 20.96 22.055 1.736
   vertex 20.96 22.055 2.006
   vertex 21.11 22.055 2.006
  endloop
 endfacet
  facet normal 0 0 0
    outer loop
   vertex 20.96 22.055 1.736
   vertex 21.11 22.055 2.006
   vertex 21.11 22.055 1.736
  endloop
 endfacet
  facet normal 0 0 0
    outer loop
   vertex 21.28 22.055 1.736
   vertex 21.28 22.055 2.006
   vertex 21.43 22.055 2.006
  endloop
 endfacet
  facet normal 0 0 0
    outer loop
   vertex 21.28 22.055 1.736
   vertex 21.43 22.055 2.006
   vertex 21.43 22.055 1.736
  endloop
 endfacet
  facet normal 0 0 0
    outer loop
   vertex 26.155 22.055 1.736
   vertex 26.155 22.055 2.006
   vertex 26.305 22.055 2.006
  endloop
 endfacet
  facet normal 0 0 0
    outer loop
   vertex 26.155 22.055 1.736
   vertex 26.305 22.055 2.006
   vertex 26.305 22.055 1.736
  endloop
 endfacet
  facet normal 0 0 0
    outer loop
   vertex 26.475 22.055 1.736
   vertex 26.475 22.055 2.006
   vertex 26.625 22.055 2.006
  endloop
 endfacet
  facet normal 0 0 0
    outer loop
   vertex 26.475 22.055 1.736
   vertex 26.625 22.055 2.006
   vertex 26.625 22.055 1.736
  endloop
 endfacet
  facet normal 0 0 0
    outer loop
   vertex 33.455 22.055 1.736
   vertex 33.455 22.055 2.006
   vertex 33.605 22.055 2.006
  endloop
 endfacet
  facet normal 0 0 0
    outer loop
   vertex 33.455 22.055 1.736
   vertex 33.605 22.055 2.006
   vertex 33.605 22.055 1.736
  endloop
 endfacet
  facet normal 0 0 0
    outer loop
   vertex 33.775 22.055 1.736
   vertex 33.775 22.055 2.006
   vertex 33.925 22.055 2.006
  endloop
 endfacet
  facet normal 0 0 0
    outer loop
   vertex 33.775 22.055 1.736
   vertex 33.925 22.055 2.006
   vertex 33.925 22.055 1.736
  endloop
 endfacet
  facet normal 0 0 0
    outer loop
   vertex 12.521 21.59 2.366
   vertex 12.521 22.05 2.366
   vertex 11.142 21.59 2.366
  endloop
 endfacet
  facet normal 0 0 0
    outer loop
   vertex 12.521 22.05 2.366
   vertex 9.763 22.05 2.366
   vertex 11.142 21.59 2.366
  endloop
 endfacet
  facet normal 0 0 0
    outer loop
   vertex 26.79 22.22 2.366
   vertex 26.39 22.22 2.366
   vertex 26.79 22.05 2.366
  endloop
 endfacet
  facet normal 0 0 0
    outer loop
   vertex 26.39 22.22 2.366
   vertex 25.99 22.22 2.366
   vertex 25.99 22.05 2.366
  endloop
 endfacet
  facet normal 0 0 0
    outer loop
   vertex 33.69 22.22 2.366
   vertex 33.29 22.22 2.366
   vertex 33.29 22.05 2.366
  endloop
 endfacet
  facet normal 0 0 0
    outer loop
   vertex 34.09 21.42 2.366
   vertex 34.09 22.22 2.366
   vertex 33.69 21.42 2.366
  endloop
 endfacet
  facet normal 0 0 0
    outer loop
   vertex 33.69 21.42 2.366
   vertex 33.29 21.59 2.366
   vertex 33.29 21.42 2.366
  endloop
 endfacet
  facet normal 0 0 0
    outer loop
   vertex 33.29 22.05 2.366
   vertex 33.29 21.59 2.366
   vertex 33.69 21.42 2.366
  endloop
 endfacet
  facet normal 0 0 0
    outer loop
   vertex 33.69 22.22 2.366
   vertex 33.29 22.05 2.366
   vertex 33.69 21.42 2.366
  endloop
 endfacet
  facet normal 0 0 0
    outer loop
   vertex 34.09 22.22 2.366
   vertex 33.69 22.22 2.366
   vertex 33.69 21.42 2.366
  endloop
 endfacet
  facet normal 0 0 0
    outer loop
   vertex 26.39 21.42 2.366
   vertex 25.99 21.59 2.366
   vertex 25.99 21.42 2.366
  endloop
 endfacet
  facet normal 0 0 0
    outer loop
   vertex 26.79 21.42 2.366
   vertex 26.79 21.59 2.366
   vertex 26.39 21.42 2.366
  endloop
 endfacet
  facet normal 0 0 0
    outer loop
   vertex 26.79 21.59 2.366
   vertex 26.79 22.05 2.366
   vertex 26.39 21.42 2.366
  endloop
 endfacet
  facet normal 0 0 0
    outer loop
   vertex 25.99 22.05 2.366
   vertex 25.99 21.59 2.366
   vertex 26.39 21.42 2.366
  endloop
 endfacet
  facet normal 0 0 0
    outer loop
   vertex 26.79 22.05 2.366
   vertex 26.39 22.22 2.366
   vertex 26.39 21.42 2.366
  endloop
 endfacet
  facet normal 0 0 0
    outer loop
   vertex 26.39 22.22 2.366
   vertex 25.99 22.05 2.366
   vertex 26.39 21.42 2.366
  endloop
 endfacet
  facet normal 0 0 0
    outer loop
   vertex 21.195 21.42 2.366
   vertex 20.795 21.59 2.366
   vertex 20.795 21.42 2.366
  endloop
 endfacet
  facet normal 0 0 0
    outer loop
   vertex 21.595 21.42 2.366
   vertex 21.595 21.59 2.366
   vertex 21.195 21.42 2.366
  endloop
 endfacet
  facet normal 0 0 0
    outer loop
   vertex 21.595 21.59 2.366
   vertex 21.595 22.05 2.366
   vertex 21.195 21.42 2.366
  endloop
 endfacet
  facet normal 0 0 0
    outer loop
   vertex 20.795 22.05 2.366
   vertex 20.795 21.59 2.366
   vertex 21.195 21.42 2.366
  endloop
 endfacet
  facet normal 0 0 0
    outer loop
   vertex 21.595 22.05 2.366
   vertex 21.195 22.22 2.366
   vertex 21.195 21.42 2.366
  endloop
 endfacet
  facet normal 0 0 0
    outer loop
   vertex 21.195 22.22 2.366
   vertex 20.795 22.05 2.366
   vertex 21.195 21.42 2.366
  endloop
 endfacet
  facet normal 0 0 0
    outer loop
   vertex 30.04 21.59 2.366
   vertex 30.04 22.05 2.366
   vertex 28.415 21.59 2.366
  endloop
 endfacet
  facet normal 0 0 0
    outer loop
   vertex 28.415 21.59 2.366
   vertex 26.79 22.05 2.366
   vertex 26.79 21.59 2.366
  endloop
 endfacet
  facet normal 0 0 0
    outer loop
   vertex 30.04 22.05 2.366
   vertex 26.79 22.05 2.366
   vertex 28.415 21.59 2.366
  endloop
 endfacet
  facet normal 0 0 0
    outer loop
   vertex 31.665 21.59 2.366
   vertex 30.04 22.05 2.366
   vertex 30.04 21.59 2.366
  endloop
 endfacet
  facet normal 0 0 0
    outer loop
   vertex 33.29 21.59 2.366
   vertex 33.29 22.05 2.366
   vertex 31.665 21.59 2.366
  endloop
 endfacet
  facet normal 0 0 0
    outer loop
   vertex 33.29 22.05 2.366
   vertex 30.04 22.05 2.366
   vertex 31.665 21.59 2.366
  endloop
 endfacet
  facet normal 0 0 0
    outer loop
   vertex 23.793 21.59 2.366
   vertex 23.793 22.05 2.366
   vertex 22.694 21.59 2.366
  endloop
 endfacet
  facet normal 0 0 0
    outer loop
   vertex 22.694 21.59 2.366
   vertex 21.595 22.05 2.366
   vertex 21.595 21.59 2.366
  endloop
 endfacet
  facet normal 0 0 0
    outer loop
   vertex 23.793 22.05 2.366
   vertex 21.595 22.05 2.366
   vertex 22.694 21.59 2.366
  endloop
 endfacet
  facet normal 0 0 0
    outer loop
   vertex 24.891 21.59 2.366
   vertex 23.793 22.05 2.366
   vertex 23.793 21.59 2.366
  endloop
 endfacet
  facet normal 0 0 0
    outer loop
   vertex 25.99 21.59 2.366
   vertex 25.99 22.05 2.366
   vertex 24.891 21.59 2.366
  endloop
 endfacet
  facet normal 0 0 0
    outer loop
   vertex 25.99 22.05 2.366
   vertex 23.793 22.05 2.366
   vertex 24.891 21.59 2.366
  endloop
 endfacet
  facet normal 0 0 0
    outer loop
   vertex 21.595 22.22 2.366
   vertex 21.195 22.22 2.366
   vertex 21.595 22.05 2.366
  endloop
 endfacet
  facet normal 0 0 0
    outer loop
   vertex 21.195 22.22 2.366
   vertex 20.795 22.22 2.366
   vertex 20.795 22.05 2.366
  endloop
 endfacet
  facet normal 0 0 0
    outer loop
   vertex 13.9 22.05 2.366
   vertex 12.521 22.05 2.366
   vertex 12.521 21.59 2.366
  endloop
 endfacet
  facet normal 0 0 0
    outer loop
   vertex 15.279 22.05 2.366
   vertex 13.9 22.05 2.366
   vertex 15.279 21.59 2.366
  endloop
 endfacet
  facet normal 0 0 0
    outer loop
   vertex 15.279 21.59 2.366
   vertex 13.9 22.05 2.366
   vertex 12.521 21.59 2.366
  endloop
 endfacet
  facet normal 0 0 0
    outer loop
   vertex 18.037 21.59 2.366
   vertex 18.037 22.05 2.366
   vertex 16.658 21.59 2.366
  endloop
 endfacet
  facet normal 0 0 0
    outer loop
   vertex 16.658 21.59 2.366
   vertex 15.279 22.05 2.366
   vertex 15.279 21.59 2.366
  endloop
 endfacet
  facet normal 0 0 0
    outer loop
   vertex 18.037 22.05 2.366
   vertex 15.279 22.05 2.366
   vertex 16.658 21.59 2.366
  endloop
 endfacet
  facet normal 0 0 0
    outer loop
   vertex 19.416 21.59 2.366
   vertex 18.037 22.05 2.366
   vertex 18.037 21.59 2.366
  endloop
 endfacet
  facet normal 0 0 0
    outer loop
   vertex 20.795 21.59 2.366
   vertex 20.795 22.05 2.366
   vertex 19.416 21.59 2.366
  endloop
 endfacet
  facet normal 0 0 0
    outer loop
   vertex 20.795 22.05 2.366
   vertex 18.037 22.05 2.366
   vertex 19.416 21.59 2.366
  endloop
 endfacet
  facet normal 0 0 0
    outer loop
   vertex -6.65 14.89 2.366
   vertex -6.84 14.89 2.366
   vertex -6.65 14.82 2.366
  endloop
 endfacet
  facet normal 0 0 0
    outer loop
   vertex -6.84 14.89 2.366
   vertex -7.03 14.89 2.366
   vertex -7.03 14.82 2.366
  endloop
 endfacet
  facet normal 0 0 0
    outer loop
   vertex -3.99 14.89 2.366
   vertex -4.18 14.89 2.366
   vertex -3.99 14.82 2.366
  endloop
 endfacet
  facet normal 0 0 0
    outer loop
   vertex -4.18 14.89 2.366
   vertex -4.37 14.89 2.366
   vertex -4.37 14.82 2.366
  endloop
 endfacet
  facet normal 0 0 0
    outer loop
   vertex -2.75 14.89 2.366
   vertex -2.94 14.89 2.366
   vertex -2.94 14.82 2.366
  endloop
 endfacet
  facet normal 0 0 0
    outer loop
   vertex -2.56 14.51 2.366
   vertex -2.56 14.89 2.366
   vertex -2.75 14.51 2.366
  endloop
 endfacet
  facet normal 0 0 0
    outer loop
   vertex -2.75 14.51 2.366
   vertex -2.94 14.58 2.366
   vertex -2.94 14.51 2.366
  endloop
 endfacet
  facet normal 0 0 0
    outer loop
   vertex -2.94 14.82 2.366
   vertex -2.94 14.58 2.366
   vertex -2.75 14.51 2.366
  endloop
 endfacet
  facet normal 0 0 0
    outer loop
   vertex -2.75 14.89 2.366
   vertex -2.94 14.82 2.366
   vertex -2.75 14.51 2.366
  endloop
 endfacet
  facet normal 0 0 0
    outer loop
   vertex -2.56 14.89 2.366
   vertex -2.75 14.89 2.366
   vertex -2.75 14.51 2.366
  endloop
 endfacet
  facet normal 0 0 0
    outer loop
   vertex -3.465 14.82 2.366
   vertex -3.99 14.82 2.366
   vertex -3.99 14.58 2.366
  endloop
 endfacet
  facet normal 0 0 0
    outer loop
   vertex -2.94 14.82 2.366
   vertex -3.465 14.82 2.366
   vertex -2.94 14.58 2.366
  endloop
 endfacet
  facet normal 0 0 0
    outer loop
   vertex -2.94 14.58 2.366
   vertex -3.465 14.82 2.366
   vertex -3.99 14.58 2.366
  endloop
 endfacet
  facet normal 0 0 0
    outer loop
   vertex -4.18 14.51 2.366
   vertex -4.37 14.58 2.366
   vertex -4.37 14.51 2.366
  endloop
 endfacet
  facet normal 0 0 0
    outer loop
   vertex -3.99 14.51 2.366
   vertex -3.99 14.58 2.366
   vertex -4.18 14.51 2.366
  endloop
 endfacet
  facet normal 0 0 0
    outer loop
   vertex -3.99 14.58 2.366
   vertex -3.99 14.82 2.366
   vertex -4.18 14.51 2.366
  endloop
 endfacet
  facet normal 0 0 0
    outer loop
   vertex -4.37 14.82 2.366
   vertex -4.37 14.58 2.366
   vertex -4.18 14.51 2.366
  endloop
 endfacet
  facet normal 0 0 0
    outer loop
   vertex -3.99 14.82 2.366
   vertex -4.18 14.89 2.366
   vertex -4.18 14.51 2.366
  endloop
 endfacet
  facet normal 0 0 0
    outer loop
   vertex -4.18 14.89 2.366
   vertex -4.37 14.82 2.366
   vertex -4.18 14.51 2.366
  endloop
 endfacet
  facet normal 0 0 0
    outer loop
   vertex -6.84 14.51 2.366
   vertex -7.03 14.58 2.366
   vertex -7.03 14.51 2.366
  endloop
 endfacet
  facet normal 0 0 0
    outer loop
   vertex -6.65 14.51 2.366
   vertex -6.65 14.58 2.366
   vertex -6.84 14.51 2.366
  endloop
 endfacet
  facet normal 0 0 0
    outer loop
   vertex -1.67 21.42 2.366
   vertex -2.07 22.22 2.366
   vertex -2.07 21.42 2.366
  endloop
 endfacet
  facet normal 0 0 0
    outer loop
   vertex -1.27 21.42 2.366
   vertex -1.27 21.59 2.366
   vertex -1.67 21.42 2.366
  endloop
 endfacet
  facet normal 0 0 0
    outer loop
   vertex -1.27 21.59 2.366
   vertex -1.27 22.05 2.366
   vertex -1.67 21.42 2.366
  endloop
 endfacet
  facet normal 0 0 0
    outer loop
   vertex -1.27 22.05 2.366
   vertex -1.67 22.22 2.366
   vertex -1.67 21.42 2.366
  endloop
 endfacet
  facet normal 0 0 0
    outer loop
   vertex -1.67 22.22 2.366
   vertex -2.07 22.22 2.366
   vertex -1.67 21.42 2.366
  endloop
 endfacet
  facet normal 0 0 0
    outer loop
   vertex -6.65 14.58 2.366
   vertex -6.65 14.82 2.366
   vertex -6.84 14.51 2.366
  endloop
 endfacet
  facet normal 0 0 0
    outer loop
   vertex -7.03 14.82 2.366
   vertex -7.03 14.58 2.366
   vertex -6.84 14.51 2.366
  endloop
 endfacet
  facet normal 0 0 0
    outer loop
   vertex -6.65 14.82 2.366
   vertex -6.84 14.89 2.366
   vertex -6.84 14.51 2.366
  endloop
 endfacet
  facet normal 0 0 0
    outer loop
   vertex -6.84 14.89 2.366
   vertex -7.03 14.82 2.366
   vertex -6.84 14.51 2.366
  endloop
 endfacet
  facet normal 0 0 0
    outer loop
   vertex -9.51 14.51 2.366
   vertex -9.7 14.89 2.366
   vertex -9.7 14.51 2.366
  endloop
 endfacet
  facet normal 0 0 0
    outer loop
   vertex -9.32 14.51 2.366
   vertex -9.32 14.58 2.366
   vertex -9.51 14.51 2.366
  endloop
 endfacet
  facet normal 0 0 0
    outer loop
   vertex -9.32 14.58 2.366
   vertex -9.32 14.82 2.366
   vertex -9.51 14.51 2.366
  endloop
 endfacet
  facet normal 0 0 0
    outer loop
   vertex -9.32 14.82 2.366
   vertex -9.51 14.89 2.366
   vertex -9.51 14.51 2.366
  endloop
 endfacet
  facet normal 0 0 0
    outer loop
   vertex -9.51 14.89 2.366
   vertex -9.7 14.89 2.366
   vertex -9.51 14.51 2.366
  endloop
 endfacet
  facet normal 0 0 0
    outer loop
   vertex -5.51 14.58 2.366
   vertex -5.51 14.82 2.366
   vertex -6.08 14.58 2.366
  endloop
 endfacet
  facet normal 0 0 0
    outer loop
   vertex -6.08 14.58 2.366
   vertex -6.65 14.82 2.366
   vertex -6.65 14.58 2.366
  endloop
 endfacet
  facet normal 0 0 0
    outer loop
   vertex -5.51 14.82 2.366
   vertex -6.65 14.82 2.366
   vertex -6.08 14.58 2.366
  endloop
 endfacet
  facet normal 0 0 0
    outer loop
   vertex 7.004 21.59 2.366
   vertex 7.004 22.05 2.366
   vertex 5.625 21.59 2.366
  endloop
 endfacet
  facet normal 0 0 0
    outer loop
   vertex 5.625 21.59 2.366
   vertex 4.246 22.05 2.366
   vertex 4.246 21.59 2.366
  endloop
 endfacet
  facet normal 0 0 0
    outer loop
   vertex 7.004 22.05 2.366
   vertex 4.246 22.05 2.366
   vertex 5.625 21.59 2.366
  endloop
 endfacet
  facet normal 0 0 0
    outer loop
   vertex 8.383 21.59 2.366
   vertex 7.004 22.05 2.366
   vertex 7.004 21.59 2.366
  endloop
 endfacet
  facet normal 0 0 0
    outer loop
   vertex 9.763 21.59 2.366
   vertex 9.763 22.05 2.366
   vertex 8.383 21.59 2.366
  endloop
 endfacet
  facet normal 0 0 0
    outer loop
   vertex 9.763 22.05 2.366
   vertex 7.004 22.05 2.366
   vertex 8.383 21.59 2.366
  endloop
 endfacet
  facet normal 0 0 0
    outer loop
   vertex 4.246 22.05 2.366
   vertex 2.867 22.05 2.366
   vertex 4.246 21.59 2.366
  endloop
 endfacet
  facet normal 0 0 0
    outer loop
   vertex 2.867 22.05 2.366
   vertex 1.488 22.05 2.366
   vertex 1.488 21.59 2.366
  endloop
 endfacet
  facet normal 0 0 0
    outer loop
   vertex 4.246 21.59 2.366
   vertex 2.867 22.05 2.366
   vertex 1.488 21.59 2.366
  endloop
 endfacet
  facet normal 0 0 0
    outer loop
   vertex 1.488 21.59 2.366
   vertex 1.488 22.05 2.366
   vertex 0.109 21.59 2.366
  endloop
 endfacet
  facet normal 0 0 0
    outer loop
   vertex 0.109 21.59 2.366
   vertex -1.27 22.05 2.366
   vertex -1.27 21.59 2.366
  endloop
 endfacet
  facet normal 0 0 0
    outer loop
   vertex 1.488 22.05 2.366
   vertex -1.27 22.05 2.366
   vertex 0.109 21.59 2.366
  endloop
 endfacet
  facet normal 0 0 0
    outer loop
   vertex 11.142 21.59 2.366
   vertex 9.763 22.05 2.366
   vertex 9.763 21.59 2.366
  endloop
 endfacet
  facet normal 0 0 0
    outer loop
   vertex -4.94 14.58 2.366
   vertex -5.51 14.82 2.366
   vertex -5.51 14.58 2.366
  endloop
 endfacet
  facet normal 0 0 0
    outer loop
   vertex -4.37 14.58 2.366
   vertex -4.37 14.82 2.366
   vertex -4.94 14.58 2.366
  endloop
 endfacet
  facet normal 0 0 0
    outer loop
   vertex -4.37 14.82 2.366
   vertex -5.51 14.82 2.366
   vertex -4.94 14.58 2.366
  endloop
 endfacet
  facet normal 0 0 0
    outer loop
   vertex -8.175 14.58 2.366
   vertex -8.175 14.82 2.366
   vertex -8.748 14.58 2.366
  endloop
 endfacet
  facet normal 0 0 0
    outer loop
   vertex -8.748 14.58 2.366
   vertex -9.32 14.82 2.366
   vertex -9.32 14.58 2.366
  endloop
 endfacet
  facet normal 0 0 0
    outer loop
   vertex -8.175 14.82 2.366
   vertex -9.32 14.82 2.366
   vertex -8.748 14.58 2.366
  endloop
 endfacet
  facet normal 0 0 0
    outer loop
   vertex -7.603 14.58 2.366
   vertex -8.175 14.82 2.366
   vertex -8.175 14.58 2.366
  endloop
 endfacet
  facet normal 0 0 0
    outer loop
   vertex -7.03 14.58 2.366
   vertex -7.03 14.82 2.366
   vertex -7.603 14.58 2.366
  endloop
 endfacet
  facet normal 0 0 0
    outer loop
   vertex -7.03 14.82 2.366
   vertex -8.175 14.82 2.366
   vertex -7.603 14.58 2.366
  endloop
 endfacet
  facet normal 0 0 0
    outer loop
   vertex -1.27 22.22 2.366
   vertex -1.67 22.22 2.366
   vertex -1.27 22.05 2.366
  endloop
 endfacet
  facet normal 0 0 0
    outer loop
   vertex -9.32 14.89 2.366
   vertex -9.51 14.89 2.366
   vertex -9.32 14.82 2.366
  endloop
 endfacet
  facet normal 0 0 0
    outer loop
   vertex 30.565 4.39 1.376
   vertex 30.565 4.39 1.736
   vertex 29.79 4.39 1.376
  endloop
 endfacet
  facet normal 0 0 0
    outer loop
   vertex 29.79 4.39 1.376
   vertex 29.015 4.39 1.736
   vertex 29.015 4.39 1.376
  endloop
 endfacet
  facet normal 0 0 0
    outer loop
   vertex 29.79 4.39 1.376
   vertex 30.565 4.39 1.736
   vertex 29.015 4.39 1.736
  endloop
 endfacet
  facet normal 0 0 0
    outer loop
   vertex 30.565 24.66 1.376
   vertex 30.565 24.66 1.736
   vertex 30.565 23.85 1.376
  endloop
 endfacet
  facet normal 0 0 0
    outer loop
   vertex 30.565 23.85 1.376
   vertex 30.565 23.04 1.736
   vertex 30.565 23.04 1.376
  endloop
 endfacet
  facet normal 0 0 0
    outer loop
   vertex 30.565 23.85 1.376
   vertex 30.565 24.66 1.736
   vertex 30.565 23.04 1.736
  endloop
 endfacet
  facet normal 0 0 0
    outer loop
   vertex 30.565 22.23 1.376
   vertex 30.565 21.42 1.736
   vertex 30.565 21.42 1.376
  endloop
 endfacet
  facet normal 0 0 0
    outer loop
   vertex 30.565 23.04 1.376
   vertex 30.565 23.04 1.736
   vertex 30.565 22.23 1.376
  endloop
 endfacet
  facet normal 0 0 0
    outer loop
   vertex 30.565 22.23 1.376
   vertex 30.565 23.04 1.736
   vertex 30.565 21.42 1.736
  endloop
 endfacet
  facet normal 0 0 0
    outer loop
   vertex 30.565 7.63 1.376
   vertex 30.565 7.63 1.736
   vertex 30.565 6.82 1.376
  endloop
 endfacet
  facet normal 0 0 0
    outer loop
   vertex 30.565 6.82 1.376
   vertex 30.565 6.01 1.736
   vertex 30.565 6.01 1.376
  endloop
 endfacet
  facet normal 0 0 0
    outer loop
   vertex 30.565 6.82 1.376
   vertex 30.565 7.63 1.736
   vertex 30.565 6.01 1.736
  endloop
 endfacet
  facet normal 0 0 0
    outer loop
   vertex 30.565 5.2 1.376
   vertex 30.565 4.39 1.736
   vertex 30.565 4.39 1.376
  endloop
 endfacet
  facet normal 0 0 0
    outer loop
   vertex 30.565 6.01 1.376
   vertex 30.565 6.01 1.736
   vertex 30.565 5.2 1.376
  endloop
 endfacet
  facet normal 0 0 0
    outer loop
   vertex 30.565 5.2 1.376
   vertex 30.565 6.01 1.736
   vertex 30.565 4.39 1.736
  endloop
 endfacet
  facet normal 0 0 0
    outer loop
   vertex 29.015 4.39 1.376
   vertex 29.015 4.39 1.736
   vertex 29.015 5.1 1.376
  endloop
 endfacet
  facet normal 0 0 0
    outer loop
   vertex 29.015 5.1 1.376
   vertex 29.015 5.81 1.736
   vertex 29.015 5.81 1.376
  endloop
 endfacet
  facet normal 0 0 0
    outer loop
   vertex 29.015 5.1 1.376
   vertex 29.015 4.39 1.736
   vertex 29.015 5.81 1.736
  endloop
 endfacet
  facet normal 0 0 0
    outer loop
   vertex 29.015 6.52 1.376
   vertex 29.015 7.23 1.736
   vertex 29.015 7.23 1.376
  endloop
 endfacet
  facet normal 0 0 0
    outer loop
   vertex 29.015 5.81 1.376
   vertex 29.015 5.81 1.736
   vertex 29.015 6.52 1.376
  endloop
 endfacet
  facet normal 0 0 0
    outer loop
   vertex 29.015 6.52 1.376
   vertex 29.015 5.81 1.736
   vertex 29.015 7.23 1.736
  endloop
 endfacet
  facet normal 0 0 0
    outer loop
   vertex 29.015 21.42 1.376
   vertex 29.015 21.42 1.736
   vertex 29.015 21.62 1.736
  endloop
 endfacet
  facet normal 0 0 0
    outer loop
   vertex 29.015 21.42 1.376
   vertex 29.015 21.62 1.736
   vertex 29.015 21.62 1.376
  endloop
 endfacet
  facet normal 0 0 0
    outer loop
   vertex 29.015 22.02 1.376
   vertex 29.015 22.02 1.736
   vertex 29.015 23.34 1.376
  endloop
 endfacet
  facet normal 0 0 0
    outer loop
   vertex 29.015 23.34 1.376
   vertex 29.015 24.66 1.736
   vertex 29.015 24.66 1.376
  endloop
 endfacet
  facet normal 0 0 0
    outer loop
   vertex 29.015 23.34 1.376
   vertex 29.015 22.02 1.736
   vertex 29.015 24.66 1.736
  endloop
 endfacet
  facet normal 0 0 0
    outer loop
   vertex 26.59 7.63 1.376
   vertex 26.59 7.63 1.736
   vertex 27.584 7.63 1.376
  endloop
 endfacet
  facet normal 0 0 0
    outer loop
   vertex 27.584 7.63 1.376
   vertex 28.578 7.63 1.736
   vertex 28.578 7.63 1.376
  endloop
 endfacet
  facet normal 0 0 0
    outer loop
   vertex 27.584 7.63 1.376
   vertex 26.59 7.63 1.736
   vertex 28.578 7.63 1.736
  endloop
 endfacet
  facet normal 0 0 0
    outer loop
   vertex 29.571 7.63 1.376
   vertex 30.565 7.63 1.736
   vertex 30.565 7.63 1.376
  endloop
 endfacet
  facet normal 0 0 0
    outer loop
   vertex 28.578 7.63 1.376
   vertex 28.578 7.63 1.736
   vertex 29.571 7.63 1.376
  endloop
 endfacet
  facet normal 0 0 0
    outer loop
   vertex 29.571 7.63 1.376
   vertex 28.578 7.63 1.736
   vertex 30.565 7.63 1.736
  endloop
 endfacet
  facet normal 0 0 0
    outer loop
   vertex 29.015 7.23 1.376
   vertex 29.015 7.23 1.736
   vertex 28.309 7.23 1.376
  endloop
 endfacet
  facet normal 0 0 0
    outer loop
   vertex 28.309 7.23 1.376
   vertex 27.603 7.23 1.736
   vertex 27.603 7.23 1.376
  endloop
 endfacet
  facet normal 0 0 0
    outer loop
   vertex 28.309 7.23 1.376
   vertex 29.015 7.23 1.736
   vertex 27.603 7.23 1.736
  endloop
 endfacet
  facet normal 0 0 0
    outer loop
   vertex 27.603 7.23 1.376
   vertex 27.603 7.23 1.736
   vertex 26.896 7.23 1.736
  endloop
 endfacet
  facet normal 0 0 0
    outer loop
   vertex 26.19 7.23 1.376
   vertex 26.896 7.23 1.736
   vertex 26.19 7.23 1.736
  endloop
 endfacet
  facet normal 0 0 0
    outer loop
   vertex 27.603 7.23 1.376
   vertex 26.896 7.23 1.736
   vertex 26.19 7.23 1.376
  endloop
 endfacet
  facet normal 0 0 0
    outer loop
   vertex 36.815 12.91 1.376
   vertex 36.815 12.91 1.736
   vertex 36.04 12.91 1.376
  endloop
 endfacet
  facet normal 0 0 0
    outer loop
   vertex 36.04 12.91 1.376
   vertex 35.265 12.91 1.736
   vertex 35.265 12.91 1.376
  endloop
 endfacet
  facet normal 0 0 0
    outer loop
   vertex 36.04 12.91 1.376
   vertex 36.815 12.91 1.736
   vertex 35.265 12.91 1.736
  endloop
 endfacet
  facet normal 0 0 0
    outer loop
   vertex 24.315 12.91 1.376
   vertex 24.315 12.91 1.736
   vertex 23.54 12.91 1.376
  endloop
 endfacet
  facet normal 0 0 0
    outer loop
   vertex 23.54 12.91 1.376
   vertex 22.765 12.91 1.736
   vertex 22.765 12.91 1.376
  endloop
 endfacet
  facet normal 0 0 0
    outer loop
   vertex 23.54 12.91 1.376
   vertex 24.315 12.91 1.736
   vertex 22.765 12.91 1.736
  endloop
 endfacet
  facet normal 0 0 0
    outer loop
   vertex -2.56 14.51 1.376
   vertex -2.56 14.51 1.736
   vertex -2.94 14.51 1.736
  endloop
 endfacet
  facet normal 0 0 0
    outer loop
   vertex -2.56 14.51 1.376
   vertex -2.94 14.51 1.736
   vertex -2.94 14.51 1.376
  endloop
 endfacet
  facet normal 0 0 0
    outer loop
   vertex -3.99 14.51 1.376
   vertex -3.99 14.51 1.736
   vertex -4.37 14.51 1.736
  endloop
 endfacet
  facet normal 0 0 0
    outer loop
   vertex -3.99 14.51 1.376
   vertex -4.37 14.51 1.736
   vertex -4.37 14.51 1.376
  endloop
 endfacet
  facet normal 0 0 0
    outer loop
   vertex -6.65 14.51 1.376
   vertex -6.65 14.51 1.736
   vertex -7.03 14.51 1.736
  endloop
 endfacet
  facet normal 0 0 0
    outer loop
   vertex -6.65 14.51 1.376
   vertex -7.03 14.51 1.736
   vertex -7.03 14.51 1.376
  endloop
 endfacet
  facet normal 0 0 0
    outer loop
   vertex -9.32 14.51 1.376
   vertex -9.32 14.51 1.736
   vertex -9.7 14.51 1.736
  endloop
 endfacet
  facet normal 0 0 0
    outer loop
   vertex -9.32 14.51 1.376
   vertex -9.7 14.51 1.736
   vertex -9.7 14.51 1.376
  endloop
 endfacet
  facet normal 0 0 0
    outer loop
   vertex -9.32 14.89 1.556
   vertex -9.32 14.89 1.646
   vertex -9.32 14.85 1.556
  endloop
 endfacet
  facet normal 0 0 0
    outer loop
   vertex -9.32 14.89 1.646
   vertex -9.32 14.89 1.736
   vertex -9.32 14.85 1.736
  endloop
 endfacet
  facet normal 0 0 0
    outer loop
   vertex -9.32 14.85 1.556
   vertex -9.32 14.89 1.646
   vertex -9.32 14.85 1.736
  endloop
 endfacet
  facet normal 0 0 0
    outer loop
   vertex -9.32 14.89 1.376
   vertex -9.32 14.85 1.466
   vertex -9.32 14.85 1.376
  endloop
 endfacet
  facet normal 0 0 0
    outer loop
   vertex -9.32 14.85 1.466
   vertex -9.32 14.89 1.556
   vertex -9.32 14.85 1.556
  endloop
 endfacet
  facet normal 0 0 0
    outer loop
   vertex -9.32 14.89 1.376
   vertex -9.32 14.89 1.556
   vertex -9.32 14.85 1.466
  endloop
 endfacet
  facet normal 0 0 0
    outer loop
   vertex -9.32 14.55 1.556
   vertex -9.32 14.55 1.646
   vertex -9.32 14.51 1.556
  endloop
 endfacet
  facet normal 0 0 0
    outer loop
   vertex -9.32 14.55 1.646
   vertex -9.32 14.55 1.736
   vertex -9.32 14.51 1.736
  endloop
 endfacet
  facet normal 0 0 0
    outer loop
   vertex -9.32 14.51 1.556
   vertex -9.32 14.55 1.646
   vertex -9.32 14.51 1.736
  endloop
 endfacet
  facet normal 0 0 0
    outer loop
   vertex -9.32 14.55 1.376
   vertex -9.32 14.51 1.466
   vertex -9.32 14.51 1.376
  endloop
 endfacet
  facet normal 0 0 0
    outer loop
   vertex -9.32 14.51 1.466
   vertex -9.32 14.55 1.556
   vertex -9.32 14.51 1.556
  endloop
 endfacet
  facet normal 0 0 0
    outer loop
   vertex -9.32 14.55 1.376
   vertex -9.32 14.55 1.556
   vertex -9.32 14.51 1.466
  endloop
 endfacet
  facet normal 0 0 0
    outer loop
   vertex -9.32 14.85 1.376
   vertex -9.32 14.85 1.736
   vertex -9.02 14.85 1.736
  endloop
 endfacet
  facet normal 0 0 0
    outer loop
   vertex -9.32 14.85 1.376
   vertex -9.02 14.85 1.736
   vertex -9.02 14.85 1.376
  endloop
 endfacet
  facet normal 0 0 0
    outer loop
   vertex -7.47 14.85 1.376
   vertex -7.47 14.85 1.736
   vertex -7.03 14.85 1.736
  endloop
 endfacet
  facet normal 0 0 0
    outer loop
   vertex -7.47 14.85 1.376
   vertex -7.03 14.85 1.736
   vertex -7.03 14.85 1.376
  endloop
 endfacet
  facet normal 0 0 0
    outer loop
   vertex -6.65 14.85 1.376
   vertex -6.65 14.85 1.736
   vertex -6.22 14.85 1.736
  endloop
 endfacet
  facet normal 0 0 0
    outer loop
   vertex -6.65 14.85 1.376
   vertex -6.22 14.85 1.736
   vertex -6.22 14.85 1.376
  endloop
 endfacet
  facet normal 0 0 0
    outer loop
   vertex -4.67 14.85 1.376
   vertex -4.67 14.85 1.736
   vertex -4.37 14.85 1.736
  endloop
 endfacet
  facet normal 0 0 0
    outer loop
   vertex -4.67 14.85 1.376
   vertex -4.37 14.85 1.736
   vertex -4.37 14.85 1.376
  endloop
 endfacet
  facet normal 0 0 0
    outer loop
   vertex -4.37 14.55 1.376
   vertex -4.37 14.55 1.736
   vertex -4.67 14.55 1.736
  endloop
 endfacet
  facet normal 0 0 0
    outer loop
   vertex -4.37 14.55 1.376
   vertex -4.67 14.55 1.736
   vertex -4.67 14.55 1.376
  endloop
 endfacet
  facet normal 0 0 0
    outer loop
   vertex -6.22 14.55 1.376
   vertex -6.22 14.55 1.736
   vertex -6.65 14.55 1.736
  endloop
 endfacet
  facet normal 0 0 0
    outer loop
   vertex -6.22 14.55 1.376
   vertex -6.65 14.55 1.736
   vertex -6.65 14.55 1.376
  endloop
 endfacet
  facet normal 0 0 0
    outer loop
   vertex -7.03 14.55 1.376
   vertex -7.03 14.55 1.736
   vertex -7.47 14.55 1.736
  endloop
 endfacet
  facet normal 0 0 0
    outer loop
   vertex -7.03 14.55 1.376
   vertex -7.47 14.55 1.736
   vertex -7.47 14.55 1.376
  endloop
 endfacet
  facet normal 0 0 0
    outer loop
   vertex -9.02 14.55 1.376
   vertex -9.02 14.55 1.736
   vertex -9.32 14.55 1.736
  endloop
 endfacet
  facet normal 0 0 0
    outer loop
   vertex -9.02 14.55 1.376
   vertex -9.32 14.55 1.736
   vertex -9.32 14.55 1.376
  endloop
 endfacet
  facet normal 0 0 0
    outer loop
   vertex -9.02 14.85 1.376
   vertex -9.02 14.85 1.736
   vertex -9.02 14.55 1.736
  endloop
 endfacet
  facet normal 0 0 0
    outer loop
   vertex -9.02 14.85 1.376
   vertex -9.02 14.55 1.736
   vertex -9.02 14.55 1.376
  endloop
 endfacet
  facet normal 0 0 0
    outer loop
   vertex -7.47 14.55 1.376
   vertex -7.47 14.55 1.736
   vertex -7.47 14.85 1.736
  endloop
 endfacet
  facet normal 0 0 0
    outer loop
   vertex -7.47 14.55 1.376
   vertex -7.47 14.85 1.736
   vertex -7.47 14.85 1.376
  endloop
 endfacet
  facet normal 0 0 0
    outer loop
   vertex -7.03 14.51 1.556
   vertex -7.03 14.51 1.646
   vertex -7.03 14.55 1.556
  endloop
 endfacet
  facet normal 0 0 0
    outer loop
   vertex -7.03 14.51 1.646
   vertex -7.03 14.51 1.736
   vertex -7.03 14.55 1.736
  endloop
 endfacet
  facet normal 0 0 0
    outer loop
   vertex -7.03 14.55 1.556
   vertex -7.03 14.51 1.646
   vertex -7.03 14.55 1.736
  endloop
 endfacet
  facet normal 0 0 0
    outer loop
   vertex -7.03 14.51 1.376
   vertex -7.03 14.55 1.466
   vertex -7.03 14.55 1.376
  endloop
 endfacet
  facet normal 0 0 0
    outer loop
   vertex -7.03 14.55 1.466
   vertex -7.03 14.51 1.556
   vertex -7.03 14.55 1.556
  endloop
 endfacet
  facet normal 0 0 0
    outer loop
   vertex -7.03 14.51 1.376
   vertex -7.03 14.51 1.556
   vertex -7.03 14.55 1.466
  endloop
 endfacet
  facet normal 0 0 0
    outer loop
   vertex -7.03 14.85 1.556
   vertex -7.03 14.85 1.646
   vertex -7.03 14.89 1.556
  endloop
 endfacet
  facet normal 0 0 0
    outer loop
   vertex -7.03 14.85 1.646
   vertex -7.03 14.85 1.736
   vertex -7.03 14.89 1.736
  endloop
 endfacet
  facet normal 0 0 0
    outer loop
   vertex -7.03 14.89 1.556
   vertex -7.03 14.85 1.646
   vertex -7.03 14.89 1.736
  endloop
 endfacet
  facet normal 0 0 0
    outer loop
   vertex -7.03 14.85 1.376
   vertex -7.03 14.89 1.466
   vertex -7.03 14.89 1.376
  endloop
 endfacet
  facet normal 0 0 0
    outer loop
   vertex -7.03 14.89 1.466
   vertex -7.03 14.85 1.556
   vertex -7.03 14.89 1.556
  endloop
 endfacet
  facet normal 0 0 0
    outer loop
   vertex -7.03 14.85 1.376
   vertex -7.03 14.85 1.556
   vertex -7.03 14.89 1.466
  endloop
 endfacet
  facet normal 0 0 0
    outer loop
   vertex -6.65 14.89 1.556
   vertex -6.65 14.89 1.646
   vertex -6.65 14.85 1.556
  endloop
 endfacet
  facet normal 0 0 0
    outer loop
   vertex -6.65 14.89 1.646
   vertex -6.65 14.89 1.736
   vertex -6.65 14.85 1.736
  endloop
 endfacet
  facet normal 0 0 0
    outer loop
   vertex -6.65 14.85 1.556
   vertex -6.65 14.89 1.646
   vertex -6.65 14.85 1.736
  endloop
 endfacet
  facet normal 0 0 0
    outer loop
   vertex -6.65 14.89 1.376
   vertex -6.65 14.85 1.466
   vertex -6.65 14.85 1.376
  endloop
 endfacet
  facet normal 0 0 0
    outer loop
   vertex -6.65 14.85 1.466
   vertex -6.65 14.89 1.556
   vertex -6.65 14.85 1.556
  endloop
 endfacet
  facet normal 0 0 0
    outer loop
   vertex -6.65 14.89 1.376
   vertex -6.65 14.89 1.556
   vertex -6.65 14.85 1.466
  endloop
 endfacet
  facet normal 0 0 0
    outer loop
   vertex -6.65 14.55 1.556
   vertex -6.65 14.55 1.646
   vertex -6.65 14.51 1.556
  endloop
 endfacet
  facet normal 0 0 0
    outer loop
   vertex -6.65 14.55 1.646
   vertex -6.65 14.55 1.736
   vertex -6.65 14.51 1.736
  endloop
 endfacet
  facet normal 0 0 0
    outer loop
   vertex -6.65 14.51 1.556
   vertex -6.65 14.55 1.646
   vertex -6.65 14.51 1.736
  endloop
 endfacet
  facet normal 0 0 0
    outer loop
   vertex -6.65 14.55 1.376
   vertex -6.65 14.51 1.466
   vertex -6.65 14.51 1.376
  endloop
 endfacet
  facet normal 0 0 0
    outer loop
   vertex -6.65 14.51 1.466
   vertex -6.65 14.55 1.556
   vertex -6.65 14.51 1.556
  endloop
 endfacet
  facet normal 0 0 0
    outer loop
   vertex -6.65 14.55 1.376
   vertex -6.65 14.55 1.556
   vertex -6.65 14.51 1.466
  endloop
 endfacet
  facet normal 0 0 0
    outer loop
   vertex -4.37 14.51 1.556
   vertex -4.37 14.51 1.646
   vertex -4.37 14.55 1.556
  endloop
 endfacet
  facet normal 0 0 0
    outer loop
   vertex -4.37 14.51 1.646
   vertex -4.37 14.51 1.736
   vertex -4.37 14.55 1.736
  endloop
 endfacet
  facet normal 0 0 0
    outer loop
   vertex -4.37 14.55 1.556
   vertex -4.37 14.51 1.646
   vertex -4.37 14.55 1.736
  endloop
 endfacet
  facet normal 0 0 0
    outer loop
   vertex -4.37 14.51 1.376
   vertex -4.37 14.55 1.466
   vertex -4.37 14.55 1.376
  endloop
 endfacet
  facet normal 0 0 0
    outer loop
   vertex -4.37 14.55 1.466
   vertex -4.37 14.51 1.556
   vertex -4.37 14.55 1.556
  endloop
 endfacet
  facet normal 0 0 0
    outer loop
   vertex -4.37 14.51 1.376
   vertex -4.37 14.51 1.556
   vertex -4.37 14.55 1.466
  endloop
 endfacet
  facet normal 0 0 0
    outer loop
   vertex -4.37 14.85 1.556
   vertex -4.37 14.85 1.646
   vertex -4.37 14.89 1.556
  endloop
 endfacet
  facet normal 0 0 0
    outer loop
   vertex -4.37 14.85 1.646
   vertex -4.37 14.85 1.736
   vertex -4.37 14.89 1.736
  endloop
 endfacet
  facet normal 0 0 0
    outer loop
   vertex -4.37 14.89 1.556
   vertex -4.37 14.85 1.646
   vertex -4.37 14.89 1.736
  endloop
 endfacet
  facet normal 0 0 0
    outer loop
   vertex -4.37 14.85 1.376
   vertex -4.37 14.89 1.466
   vertex -4.37 14.89 1.376
  endloop
 endfacet
  facet normal 0 0 0
    outer loop
   vertex -4.37 14.89 1.466
   vertex -4.37 14.85 1.556
   vertex -4.37 14.89 1.556
  endloop
 endfacet
  facet normal 0 0 0
    outer loop
   vertex -4.37 14.85 1.376
   vertex -4.37 14.85 1.556
   vertex -4.37 14.89 1.466
  endloop
 endfacet
  facet normal 0 0 0
    outer loop
   vertex -6.22 14.85 1.376
   vertex -6.22 14.85 1.736
   vertex -6.22 14.55 1.736
  endloop
 endfacet
  facet normal 0 0 0
    outer loop
   vertex -6.22 14.85 1.376
   vertex -6.22 14.55 1.736
   vertex -6.22 14.55 1.376
  endloop
 endfacet
  facet normal 0 0 0
    outer loop
   vertex -4.67 14.55 1.376
   vertex -4.67 14.55 1.736
   vertex -4.67 14.85 1.736
  endloop
 endfacet
  facet normal 0 0 0
    outer loop
   vertex -4.67 14.55 1.376
   vertex -4.67 14.85 1.736
   vertex -4.67 14.85 1.376
  endloop
 endfacet
  facet normal 0 0 0
    outer loop
   vertex 36.815 16.15 1.376
   vertex 36.815 16.15 1.736
   vertex 36.815 15.34 1.376
  endloop
 endfacet
  facet normal 0 0 0
    outer loop
   vertex 36.815 15.34 1.376
   vertex 36.815 14.53 1.736
   vertex 36.815 14.53 1.376
  endloop
 endfacet
  facet normal 0 0 0
    outer loop
   vertex 36.815 15.34 1.376
   vertex 36.815 16.15 1.736
   vertex 36.815 14.53 1.736
  endloop
 endfacet
  facet normal 0 0 0
    outer loop
   vertex 36.815 13.72 1.376
   vertex 36.815 12.91 1.736
   vertex 36.815 12.91 1.376
  endloop
 endfacet
  facet normal 0 0 0
    outer loop
   vertex 36.815 14.53 1.376
   vertex 36.815 14.53 1.736
   vertex 36.815 13.72 1.376
  endloop
 endfacet
  facet normal 0 0 0
    outer loop
   vertex 36.815 13.72 1.376
   vertex 36.815 14.53 1.736
   vertex 36.815 12.91 1.736
  endloop
 endfacet
  facet normal 0 0 0
    outer loop
   vertex 35.265 12.91 1.376
   vertex 35.265 12.91 1.736
   vertex 35.265 13.62 1.376
  endloop
 endfacet
  facet normal 0 0 0
    outer loop
   vertex 35.265 13.62 1.376
   vertex 35.265 14.33 1.736
   vertex 35.265 14.33 1.376
  endloop
 endfacet
  facet normal 0 0 0
    outer loop
   vertex 35.265 13.62 1.376
   vertex 35.265 12.91 1.736
   vertex 35.265 14.33 1.736
  endloop
 endfacet
  facet normal 0 0 0
    outer loop
   vertex 35.265 15.04 1.376
   vertex 35.265 15.75 1.736
   vertex 35.265 15.75 1.376
  endloop
 endfacet
  facet normal 0 0 0
    outer loop
   vertex 35.265 14.33 1.376
   vertex 35.265 14.33 1.736
   vertex 35.265 15.04 1.376
  endloop
 endfacet
  facet normal 0 0 0
    outer loop
   vertex 35.265 15.04 1.376
   vertex 35.265 14.33 1.736
   vertex 35.265 15.75 1.736
  endloop
 endfacet
  facet normal 0 0 0
    outer loop
   vertex -9.7 14.51 1.376
   vertex -9.7 14.51 1.736
   vertex -9.7 14.89 1.736
  endloop
 endfacet
  facet normal 0 0 0
    outer loop
   vertex -9.7 14.51 1.376
   vertex -9.7 14.89 1.736
   vertex -9.7 14.89 1.376
  endloop
 endfacet
  facet normal 0 0 0
    outer loop
   vertex -9.7 14.89 1.376
   vertex -9.7 14.89 1.736
   vertex -9.32 14.89 1.736
  endloop
 endfacet
  facet normal 0 0 0
    outer loop
   vertex -9.7 14.89 1.376
   vertex -9.32 14.89 1.736
   vertex -9.32 14.89 1.376
  endloop
 endfacet
  facet normal 0 0 0
    outer loop
   vertex -7.03 14.89 1.376
   vertex -7.03 14.89 1.736
   vertex -6.65 14.89 1.736
  endloop
 endfacet
  facet normal 0 0 0
    outer loop
   vertex -7.03 14.89 1.376
   vertex -6.65 14.89 1.736
   vertex -6.65 14.89 1.376
  endloop
 endfacet
  facet normal 0 0 0
    outer loop
   vertex -4.37 14.89 1.376
   vertex -4.37 14.89 1.736
   vertex -3.99 14.89 1.736
  endloop
 endfacet
  facet normal 0 0 0
    outer loop
   vertex -4.37 14.89 1.376
   vertex -3.99 14.89 1.736
   vertex -3.99 14.89 1.376
  endloop
 endfacet
  facet normal 0 0 0
    outer loop
   vertex 21.39 16.15 1.376
   vertex 21.39 16.15 1.736
   vertex 22.121 16.15 1.376
  endloop
 endfacet
  facet normal 0 0 0
    outer loop
   vertex 22.121 16.15 1.376
   vertex 22.853 16.15 1.736
   vertex 22.853 16.15 1.376
  endloop
 endfacet
  facet normal 0 0 0
    outer loop
   vertex 22.121 16.15 1.376
   vertex 21.39 16.15 1.736
   vertex 22.853 16.15 1.736
  endloop
 endfacet
  facet normal 0 0 0
    outer loop
   vertex 23.584 16.15 1.376
   vertex 24.315 16.15 1.736
   vertex 24.315 16.15 1.376
  endloop
 endfacet
  facet normal 0 0 0
    outer loop
   vertex 22.853 16.15 1.376
   vertex 22.853 16.15 1.736
   vertex 23.584 16.15 1.376
  endloop
 endfacet
  facet normal 0 0 0
    outer loop
   vertex 23.584 16.15 1.376
   vertex 22.853 16.15 1.736
   vertex 24.315 16.15 1.736
  endloop
 endfacet
  facet normal 0 0 0
    outer loop
   vertex 33.89 16.15 1.376
   vertex 33.89 16.15 1.736
   vertex 34.621 16.15 1.376
  endloop
 endfacet
  facet normal 0 0 0
    outer loop
   vertex 34.621 16.15 1.376
   vertex 35.353 16.15 1.736
   vertex 35.353 16.15 1.376
  endloop
 endfacet
  facet normal 0 0 0
    outer loop
   vertex 34.621 16.15 1.376
   vertex 33.89 16.15 1.736
   vertex 35.353 16.15 1.736
  endloop
 endfacet
  facet normal 0 0 0
    outer loop
   vertex 36.084 16.15 1.376
   vertex 36.815 16.15 1.736
   vertex 36.815 16.15 1.376
  endloop
 endfacet
  facet normal 0 0 0
    outer loop
   vertex 35.353 16.15 1.376
   vertex 35.353 16.15 1.736
   vertex 36.084 16.15 1.376
  endloop
 endfacet
  facet normal 0 0 0
    outer loop
   vertex 36.084 16.15 1.376
   vertex 35.353 16.15 1.736
   vertex 36.815 16.15 1.736
  endloop
 endfacet
  facet normal 0 0 0
    outer loop
   vertex 35.265 15.75 1.376
   vertex 35.265 15.75 1.736
   vertex 34.378 15.75 1.376
  endloop
 endfacet
  facet normal 0 0 0
    outer loop
   vertex 34.378 15.75 1.376
   vertex 33.49 15.75 1.736
   vertex 33.49 15.75 1.376
  endloop
 endfacet
  facet normal 0 0 0
    outer loop
   vertex 34.378 15.75 1.376
   vertex 35.265 15.75 1.736
   vertex 33.49 15.75 1.736
  endloop
 endfacet
  facet normal 0 0 0
    outer loop
   vertex 22.765 15.75 1.376
   vertex 22.765 15.75 1.736
   vertex 21.878 15.75 1.376
  endloop
 endfacet
  facet normal 0 0 0
    outer loop
   vertex 21.878 15.75 1.376
   vertex 20.99 15.75 1.736
   vertex 20.99 15.75 1.376
  endloop
 endfacet
  facet normal 0 0 0
    outer loop
   vertex 21.878 15.75 1.376
   vertex 22.765 15.75 1.736
   vertex 20.99 15.75 1.736
  endloop
 endfacet
  facet normal 0 0 0
    outer loop
   vertex 24.315 16.15 1.376
   vertex 24.315 16.15 1.736
   vertex 24.315 15.34 1.376
  endloop
 endfacet
  facet normal 0 0 0
    outer loop
   vertex 24.315 15.34 1.376
   vertex 24.315 14.53 1.736
   vertex 24.315 14.53 1.376
  endloop
 endfacet
  facet normal 0 0 0
    outer loop
   vertex 24.315 15.34 1.376
   vertex 24.315 16.15 1.736
   vertex 24.315 14.53 1.736
  endloop
 endfacet
  facet normal 0 0 0
    outer loop
   vertex 24.315 13.72 1.376
   vertex 24.315 12.91 1.736
   vertex 24.315 12.91 1.376
  endloop
 endfacet
  facet normal 0 0 0
    outer loop
   vertex 24.315 14.53 1.376
   vertex 24.315 14.53 1.736
   vertex 24.315 13.72 1.376
  endloop
 endfacet
  facet normal 0 0 0
    outer loop
   vertex 24.315 13.72 1.376
   vertex 24.315 14.53 1.736
   vertex 24.315 12.91 1.736
  endloop
 endfacet
  facet normal 0 0 0
    outer loop
   vertex 22.765 12.91 1.376
   vertex 22.765 12.91 1.736
   vertex 22.765 13.62 1.376
  endloop
 endfacet
  facet normal 0 0 0
    outer loop
   vertex 22.765 13.62 1.376
   vertex 22.765 14.33 1.736
   vertex 22.765 14.33 1.376
  endloop
 endfacet
  facet normal 0 0 0
    outer loop
   vertex 22.765 13.62 1.376
   vertex 22.765 12.91 1.736
   vertex 22.765 14.33 1.736
  endloop
 endfacet
  facet normal 0 0 0
    outer loop
   vertex 22.765 15.04 1.376
   vertex 22.765 15.75 1.736
   vertex 22.765 15.75 1.376
  endloop
 endfacet
  facet normal 0 0 0
    outer loop
   vertex 22.765 14.33 1.376
   vertex 22.765 14.33 1.736
   vertex 22.765 15.04 1.376
  endloop
 endfacet
  facet normal 0 0 0
    outer loop
   vertex 22.765 15.04 1.376
   vertex 22.765 14.33 1.736
   vertex 22.765 15.75 1.736
  endloop
 endfacet
  facet normal 0 0 0
    outer loop
   vertex -3.99 14.89 1.376
   vertex -3.99 14.89 1.736
   vertex -3.99 14.51 1.736
  endloop
 endfacet
  facet normal 0 0 0
    outer loop
   vertex -3.99 14.89 1.376
   vertex -3.99 14.51 1.736
   vertex -3.99 14.51 1.376
  endloop
 endfacet
  facet normal 0 0 0
    outer loop
   vertex 34.09 21.42 1.376
   vertex 34.09 21.42 1.736
   vertex 33.89 21.42 1.736
  endloop
 endfacet
  facet normal 0 0 0
    outer loop
   vertex 34.09 21.42 1.376
   vertex 33.89 21.42 1.736
   vertex 33.89 21.42 1.376
  endloop
 endfacet
  facet normal 0 0 0
    outer loop
   vertex 33.49 21.42 1.376
   vertex 33.49 21.42 1.736
   vertex 33.29 21.42 1.736
  endloop
 endfacet
  facet normal 0 0 0
    outer loop
   vertex 33.49 21.42 1.376
   vertex 33.29 21.42 1.736
   vertex 33.29 21.42 1.376
  endloop
 endfacet
  facet normal 0 0 0
    outer loop
   vertex 30.565 21.42 1.376
   vertex 30.565 21.42 1.736
   vertex 29.79 21.42 1.376
  endloop
 endfacet
  facet normal 0 0 0
    outer loop
   vertex 29.79 21.42 1.376
   vertex 29.015 21.42 1.736
   vertex 29.015 21.42 1.376
  endloop
 endfacet
  facet normal 0 0 0
    outer loop
   vertex 29.79 21.42 1.376
   vertex 30.565 21.42 1.736
   vertex 29.015 21.42 1.736
  endloop
 endfacet
  facet normal 0 0 0
    outer loop
   vertex 26.79 21.42 1.376
   vertex 26.79 21.42 1.736
   vertex 26.59 21.42 1.736
  endloop
 endfacet
  facet normal 0 0 0
    outer loop
   vertex 26.79 21.42 1.376
   vertex 26.59 21.42 1.736
   vertex 26.59 21.42 1.376
  endloop
 endfacet
  facet normal 0 0 0
    outer loop
   vertex 26.19 21.42 1.376
   vertex 26.19 21.42 1.736
   vertex 25.99 21.42 1.736
  endloop
 endfacet
  facet normal 0 0 0
    outer loop
   vertex 26.19 21.42 1.376
   vertex 25.99 21.42 1.736
   vertex 25.99 21.42 1.376
  endloop
 endfacet
  facet normal 0 0 0
    outer loop
   vertex 21.595 21.42 1.376
   vertex 21.595 21.42 1.736
   vertex 21.39 21.42 1.736
  endloop
 endfacet
  facet normal 0 0 0
    outer loop
   vertex 21.595 21.42 1.376
   vertex 21.39 21.42 1.736
   vertex 21.39 21.42 1.376
  endloop
 endfacet
  facet normal 0 0 0
    outer loop
   vertex 20.99 21.42 1.376
   vertex 20.99 21.42 1.736
   vertex 20.795 21.42 1.736
  endloop
 endfacet
  facet normal 0 0 0
    outer loop
   vertex 20.99 21.42 1.376
   vertex 20.795 21.42 1.736
   vertex 20.795 21.42 1.376
  endloop
 endfacet
  facet normal 0 0 0
    outer loop
   vertex -1.27 21.42 1.376
   vertex -1.27 21.42 1.736
   vertex -2.07 21.42 1.736
  endloop
 endfacet
  facet normal 0 0 0
    outer loop
   vertex -1.27 21.42 1.376
   vertex -2.07 21.42 1.736
   vertex -2.07 21.42 1.376
  endloop
 endfacet
  facet normal 0 0 0
    outer loop
   vertex 33.89 21.42 1.376
   vertex 33.89 21.42 1.736
   vertex 33.89 20.103 1.376
  endloop
 endfacet
  facet normal 0 0 0
    outer loop
   vertex 33.89 20.103 1.376
   vertex 33.89 18.785 1.736
   vertex 33.89 18.785 1.376
  endloop
 endfacet
  facet normal 0 0 0
    outer loop
   vertex 33.89 20.103 1.376
   vertex 33.89 21.42 1.736
   vertex 33.89 18.785 1.736
  endloop
 endfacet
  facet normal 0 0 0
    outer loop
   vertex 33.89 17.468 1.376
   vertex 33.89 16.15 1.736
   vertex 33.89 16.15 1.376
  endloop
 endfacet
  facet normal 0 0 0
    outer loop
   vertex 33.89 18.785 1.376
   vertex 33.89 18.785 1.736
   vertex 33.89 17.468 1.376
  endloop
 endfacet
  facet normal 0 0 0
    outer loop
   vertex 33.89 17.468 1.376
   vertex 33.89 18.785 1.736
   vertex 33.89 16.15 1.736
  endloop
 endfacet
  facet normal 0 0 0
    outer loop
   vertex 33.49 15.75 1.376
   vertex 33.49 15.75 1.736
   vertex 33.49 16.459 1.376
  endloop
 endfacet
  facet normal 0 0 0
    outer loop
   vertex 33.49 16.459 1.376
   vertex 33.49 17.168 1.736
   vertex 33.49 17.168 1.376
  endloop
 endfacet
  facet normal 0 0 0
    outer loop
   vertex 33.49 16.459 1.376
   vertex 33.49 15.75 1.736
   vertex 33.49 17.168 1.736
  endloop
 endfacet
  facet normal 0 0 0
    outer loop
   vertex 33.49 17.168 1.376
   vertex 33.49 17.168 1.736
   vertex 33.49 17.876 1.736
  endloop
 endfacet
  facet normal 0 0 0
    outer loop
   vertex 33.49 18.585 1.376
   vertex 33.49 17.876 1.736
   vertex 33.49 18.585 1.736
  endloop
 endfacet
  facet normal 0 0 0
    outer loop
   vertex 33.49 17.168 1.376
   vertex 33.49 17.876 1.736
   vertex 33.49 18.585 1.376
  endloop
 endfacet
  facet normal 0 0 0
    outer loop
   vertex 33.49 20.003 1.376
   vertex 33.49 20.003 1.736
   vertex 33.49 20.711 1.736
  endloop
 endfacet
  facet normal 0 0 0
    outer loop
   vertex 33.49 21.42 1.376
   vertex 33.49 20.711 1.736
   vertex 33.49 21.42 1.736
  endloop
 endfacet
  facet normal 0 0 0
    outer loop
   vertex 33.49 20.003 1.376
   vertex 33.49 20.711 1.736
   vertex 33.49 21.42 1.376
  endloop
 endfacet
  facet normal 0 0 0
    outer loop
   vertex 33.49 20.003 1.376
   vertex 33.49 19.294 1.736
   vertex 33.49 20.003 1.736
  endloop
 endfacet
  facet normal 0 0 0
    outer loop
   vertex 33.49 18.585 1.376
   vertex 33.49 18.585 1.736
   vertex 33.49 19.294 1.736
  endloop
 endfacet
  facet normal 0 0 0
    outer loop
   vertex 33.49 18.585 1.376
   vertex 33.49 19.294 1.736
   vertex 33.49 20.003 1.376
  endloop
 endfacet
  facet normal 0 0 0
    outer loop
   vertex 29.015 21.62 1.376
   vertex 29.015 21.62 1.736
   vertex 27.903 21.62 1.376
  endloop
 endfacet
  facet normal 0 0 0
    outer loop
   vertex 27.903 21.62 1.376
   vertex 26.79 21.62 1.736
   vertex 26.79 21.62 1.376
  endloop
 endfacet
  facet normal 0 0 0
    outer loop
   vertex 27.903 21.62 1.376
   vertex 29.015 21.62 1.736
   vertex 26.79 21.62 1.736
  endloop
 endfacet
  facet normal 0 0 0
    outer loop
   vertex 26.79 22.22 1.376
   vertex 26.79 22.22 1.736
   vertex 26.79 22.02 1.736
  endloop
 endfacet
  facet normal 0 0 0
    outer loop
   vertex 26.79 22.22 1.376
   vertex 26.79 22.02 1.736
   vertex 26.79 22.02 1.376
  endloop
 endfacet
  facet normal 0 0 0
    outer loop
   vertex 26.79 21.62 1.376
   vertex 26.79 21.62 1.736
   vertex 26.79 21.42 1.736
  endloop
 endfacet
  facet normal 0 0 0
    outer loop
   vertex 26.79 21.62 1.376
   vertex 26.79 21.42 1.736
   vertex 26.79 21.42 1.376
  endloop
 endfacet
  facet normal 0 0 0
    outer loop
   vertex -2.56 21.63 1.376
   vertex -2.56 21.63 1.736
   vertex -2.56 20.74 1.376
  endloop
 endfacet
  facet normal 0 0 0
    outer loop
   vertex -2.56 20.74 1.376
   vertex -2.56 19.85 1.736
   vertex -2.56 19.85 1.376
  endloop
 endfacet
  facet normal 0 0 0
    outer loop
   vertex -2.56 20.74 1.376
   vertex -2.56 21.63 1.736
   vertex -2.56 19.85 1.736
  endloop
 endfacet
  facet normal 0 0 0
    outer loop
   vertex -2.56 19.85 1.376
   vertex -2.56 19.85 1.736
   vertex -2.56 18.96 1.736
  endloop
 endfacet
  facet normal 0 0 0
    outer loop
   vertex -2.56 18.07 1.376
   vertex -2.56 18.96 1.736
   vertex -2.56 18.07 1.736
  endloop
 endfacet
  facet normal 0 0 0
    outer loop
   vertex -2.56 19.85 1.376
   vertex -2.56 18.96 1.736
   vertex -2.56 18.07 1.376
  endloop
 endfacet
  facet normal 0 0 0
    outer loop
   vertex -2.56 16.29 1.376
   vertex -2.56 16.29 1.736
   vertex -2.56 15.4 1.736
  endloop
 endfacet
  facet normal 0 0 0
    outer loop
   vertex -2.56 14.51 1.376
   vertex -2.56 15.4 1.736
   vertex -2.56 14.51 1.736
  endloop
 endfacet
  facet normal 0 0 0
    outer loop
   vertex -2.56 16.29 1.376
   vertex -2.56 15.4 1.736
   vertex -2.56 14.51 1.376
  endloop
 endfacet
  facet normal 0 0 0
    outer loop
   vertex -2.56 16.29 1.376
   vertex -2.56 17.18 1.736
   vertex -2.56 16.29 1.736
  endloop
 endfacet
  facet normal 0 0 0
    outer loop
   vertex -2.56 18.07 1.376
   vertex -2.56 18.07 1.736
   vertex -2.56 17.18 1.736
  endloop
 endfacet
  facet normal 0 0 0
    outer loop
   vertex -2.56 18.07 1.376
   vertex -2.56 17.18 1.736
   vertex -2.56 16.29 1.376
  endloop
 endfacet
  facet normal 0 0 0
    outer loop
   vertex -2.07 21.63 1.376
   vertex -2.07 21.63 1.736
   vertex -2.56 21.63 1.736
  endloop
 endfacet
  facet normal 0 0 0
    outer loop
   vertex -2.07 21.63 1.376
   vertex -2.56 21.63 1.736
   vertex -2.56 21.63 1.376
  endloop
 endfacet
  facet normal 0 0 0
    outer loop
   vertex -2.07 21.42 1.376
   vertex -2.07 21.42 1.736
   vertex -2.07 21.63 1.736
  endloop
 endfacet
  facet normal 0 0 0
    outer loop
   vertex -2.07 21.42 1.376
   vertex -2.07 21.63 1.736
   vertex -2.07 21.63 1.376
  endloop
 endfacet
  facet normal 0 0 0
    outer loop
   vertex -2.07 22.01 1.376
   vertex -2.07 22.01 1.736
   vertex -2.07 22.22 1.736
  endloop
 endfacet
  facet normal 0 0 0
    outer loop
   vertex -2.07 22.01 1.376
   vertex -2.07 22.22 1.736
   vertex -2.07 22.22 1.376
  endloop
 endfacet
  facet normal 0 0 0
    outer loop
   vertex 26.59 21.42 1.376
   vertex 26.59 21.42 1.736
   vertex 26.59 20.558 1.376
  endloop
 endfacet
  facet normal 0 0 0
    outer loop
   vertex 26.59 20.558 1.376
   vertex 26.59 19.696 1.736
   vertex 26.59 19.696 1.376
  endloop
 endfacet
  facet normal 0 0 0
    outer loop
   vertex 26.59 20.558 1.376
   vertex 26.59 21.42 1.736
   vertex 26.59 19.696 1.736
  endloop
 endfacet
  facet normal 0 0 0
    outer loop
   vertex 26.59 19.696 1.376
   vertex 26.59 19.696 1.736
   vertex 26.59 18.834 1.736
  endloop
 endfacet
  facet normal 0 0 0
    outer loop
   vertex 26.59 17.973 1.376
   vertex 26.59 18.834 1.736
   vertex 26.59 17.973 1.736
  endloop
 endfacet
  facet normal 0 0 0
    outer loop
   vertex 26.59 19.696 1.376
   vertex 26.59 18.834 1.736
   vertex 26.59 17.973 1.376
  endloop
 endfacet
  facet normal 0 0 0
    outer loop
   vertex 26.59 17.111 1.376
   vertex 26.59 16.249 1.736
   vertex 26.59 16.249 1.376
  endloop
 endfacet
  facet normal 0 0 0
    outer loop
   vertex 26.59 17.973 1.376
   vertex 26.59 17.973 1.736
   vertex 26.59 17.111 1.376
  endloop
 endfacet
  facet normal 0 0 0
    outer loop
   vertex 26.59 17.111 1.376
   vertex 26.59 17.973 1.736
   vertex 26.59 16.249 1.736
  endloop
 endfacet
  facet normal 0 0 0
    outer loop
   vertex 26.59 16.249 1.376
   vertex 26.59 16.249 1.736
   vertex 26.59 15.387 1.376
  endloop
 endfacet
  facet normal 0 0 0
    outer loop
   vertex 26.59 15.387 1.376
   vertex 26.59 14.525 1.736
   vertex 26.59 14.525 1.376
  endloop
 endfacet
  facet normal 0 0 0
    outer loop
   vertex 26.59 15.387 1.376
   vertex 26.59 16.249 1.736
   vertex 26.59 14.525 1.736
  endloop
 endfacet
  facet normal 0 0 0
    outer loop
   vertex 26.59 10.216 1.376
   vertex 26.59 9.354 1.736
   vertex 26.59 9.354 1.376
  endloop
 endfacet
  facet normal 0 0 0
    outer loop
   vertex 26.59 11.078 1.376
   vertex 26.59 11.078 1.736
   vertex 26.59 10.216 1.376
  endloop
 endfacet
  facet normal 0 0 0
    outer loop
   vertex 26.59 10.216 1.376
   vertex 26.59 11.078 1.736
   vertex 26.59 9.354 1.736
  endloop
 endfacet
  facet normal 0 0 0
    outer loop
   vertex 26.59 9.354 1.376
   vertex 26.59 9.354 1.736
   vertex 26.59 8.492 1.376
  endloop
 endfacet
  facet normal 0 0 0
    outer loop
   vertex 26.59 8.492 1.376
   vertex 26.59 7.63 1.736
   vertex 26.59 7.63 1.376
  endloop
 endfacet
  facet normal 0 0 0
    outer loop
   vertex 26.59 8.492 1.376
   vertex 26.59 9.354 1.736
   vertex 26.59 7.63 1.736
  endloop
 endfacet
  facet normal 0 0 0
    outer loop
   vertex 26.59 11.078 1.376
   vertex 26.59 11.939 1.736
   vertex 26.59 11.078 1.736
  endloop
 endfacet
  facet normal 0 0 0
    outer loop
   vertex 26.59 12.801 1.376
   vertex 26.59 12.801 1.736
   vertex 26.59 11.939 1.736
  endloop
 endfacet
  facet normal 0 0 0
    outer loop
   vertex 26.59 12.801 1.376
   vertex 26.59 11.939 1.736
   vertex 26.59 11.078 1.376
  endloop
 endfacet
  facet normal 0 0 0
    outer loop
   vertex 26.59 13.663 1.376
   vertex 26.59 12.801 1.736
   vertex 26.59 12.801 1.376
  endloop
 endfacet
  facet normal 0 0 0
    outer loop
   vertex 26.59 14.525 1.376
   vertex 26.59 14.525 1.736
   vertex 26.59 13.663 1.376
  endloop
 endfacet
  facet normal 0 0 0
    outer loop
   vertex 26.59 13.663 1.376
   vertex 26.59 14.525 1.736
   vertex 26.59 12.801 1.736
  endloop
 endfacet
  facet normal 0 0 0
    outer loop
   vertex 26.19 7.23 1.376
   vertex 26.19 7.23 1.736
   vertex 26.19 8.117 1.376
  endloop
 endfacet
  facet normal 0 0 0
    outer loop
   vertex 26.19 8.117 1.376
   vertex 26.19 9.004 1.736
   vertex 26.19 9.004 1.376
  endloop
 endfacet
  facet normal 0 0 0
    outer loop
   vertex 26.19 8.117 1.376
   vertex 26.19 7.23 1.736
   vertex 26.19 9.004 1.736
  endloop
 endfacet
  facet normal 0 0 0
    outer loop
   vertex 26.19 9.004 1.376
   vertex 26.19 9.004 1.736
   vertex 26.19 9.891 1.736
  endloop
 endfacet
  facet normal 0 0 0
    outer loop
   vertex 26.19 10.778 1.376
   vertex 26.19 9.891 1.736
   vertex 26.19 10.778 1.736
  endloop
 endfacet
  facet normal 0 0 0
    outer loop
   vertex 26.19 9.004 1.376
   vertex 26.19 9.891 1.736
   vertex 26.19 10.778 1.376
  endloop
 endfacet
  facet normal 0 0 0
    outer loop
   vertex 26.19 11.664 1.376
   vertex 26.19 12.551 1.736
   vertex 26.19 12.551 1.376
  endloop
 endfacet
  facet normal 0 0 0
    outer loop
   vertex 26.19 10.778 1.376
   vertex 26.19 10.778 1.736
   vertex 26.19 11.664 1.376
  endloop
 endfacet
  facet normal 0 0 0
    outer loop
   vertex 26.19 11.664 1.376
   vertex 26.19 10.778 1.736
   vertex 26.19 12.551 1.736
  endloop
 endfacet
  facet normal 0 0 0
    outer loop
   vertex 26.19 12.551 1.376
   vertex 26.19 12.551 1.736
   vertex 26.19 13.438 1.376
  endloop
 endfacet
  facet normal 0 0 0
    outer loop
   vertex 26.19 13.438 1.376
   vertex 26.19 14.325 1.736
   vertex 26.19 14.325 1.376
  endloop
 endfacet
  facet normal 0 0 0
    outer loop
   vertex 26.19 13.438 1.376
   vertex 26.19 12.551 1.736
   vertex 26.19 14.325 1.736
  endloop
 endfacet
  facet normal 0 0 0
    outer loop
   vertex 26.19 18.759 1.376
   vertex 26.19 19.646 1.736
   vertex 26.19 19.646 1.376
  endloop
 endfacet
  facet normal 0 0 0
    outer loop
   vertex 26.19 17.873 1.376
   vertex 26.19 17.873 1.736
   vertex 26.19 18.759 1.376
  endloop
 endfacet
  facet normal 0 0 0
    outer loop
   vertex 26.19 18.759 1.376
   vertex 26.19 17.873 1.736
   vertex 26.19 19.646 1.736
  endloop
 endfacet
  facet normal 0 0 0
    outer loop
   vertex 26.19 19.646 1.376
   vertex 26.19 19.646 1.736
   vertex 26.19 20.533 1.376
  endloop
 endfacet
  facet normal 0 0 0
    outer loop
   vertex 26.19 20.533 1.376
   vertex 26.19 21.42 1.736
   vertex 26.19 21.42 1.376
  endloop
 endfacet
  facet normal 0 0 0
    outer loop
   vertex 26.19 20.533 1.376
   vertex 26.19 19.646 1.736
   vertex 26.19 21.42 1.736
  endloop
 endfacet
  facet normal 0 0 0
    outer loop
   vertex 26.19 17.873 1.376
   vertex 26.19 16.986 1.736
   vertex 26.19 17.873 1.736
  endloop
 endfacet
  facet normal 0 0 0
    outer loop
   vertex 26.19 16.099 1.376
   vertex 26.19 16.099 1.736
   vertex 26.19 16.986 1.736
  endloop
 endfacet
  facet normal 0 0 0
    outer loop
   vertex 26.19 16.099 1.376
   vertex 26.19 16.986 1.736
   vertex 26.19 17.873 1.376
  endloop
 endfacet
  facet normal 0 0 0
    outer loop
   vertex 26.19 15.212 1.376
   vertex 26.19 16.099 1.736
   vertex 26.19 16.099 1.376
  endloop
 endfacet
  facet normal 0 0 0
    outer loop
   vertex 26.19 14.325 1.376
   vertex 26.19 14.325 1.736
   vertex 26.19 15.212 1.376
  endloop
 endfacet
  facet normal 0 0 0
    outer loop
   vertex 26.19 15.212 1.376
   vertex 26.19 14.325 1.736
   vertex 26.19 16.099 1.736
  endloop
 endfacet
  facet normal 0 0 0
    outer loop
   vertex 21.39 21.42 1.376
   vertex 21.39 21.42 1.736
   vertex 21.39 20.103 1.376
  endloop
 endfacet
  facet normal 0 0 0
    outer loop
   vertex 21.39 20.103 1.376
   vertex 21.39 18.785 1.736
   vertex 21.39 18.785 1.376
  endloop
 endfacet
  facet normal 0 0 0
    outer loop
   vertex 21.39 20.103 1.376
   vertex 21.39 21.42 1.736
   vertex 21.39 18.785 1.736
  endloop
 endfacet
  facet normal 0 0 0
    outer loop
   vertex 21.39 17.468 1.376
   vertex 21.39 16.15 1.736
   vertex 21.39 16.15 1.376
  endloop
 endfacet
  facet normal 0 0 0
    outer loop
   vertex 21.39 18.785 1.376
   vertex 21.39 18.785 1.736
   vertex 21.39 17.468 1.376
  endloop
 endfacet
  facet normal 0 0 0
    outer loop
   vertex 21.39 17.468 1.376
   vertex 21.39 18.785 1.736
   vertex 21.39 16.15 1.736
  endloop
 endfacet
  facet normal 0 0 0
    outer loop
   vertex 20.99 15.75 1.376
   vertex 20.99 15.75 1.736
   vertex 20.99 16.459 1.376
  endloop
 endfacet
  facet normal 0 0 0
    outer loop
   vertex 20.99 16.459 1.376
   vertex 20.99 17.168 1.736
   vertex 20.99 17.168 1.376
  endloop
 endfacet
  facet normal 0 0 0
    outer loop
   vertex 20.99 16.459 1.376
   vertex 20.99 15.75 1.736
   vertex 20.99 17.168 1.736
  endloop
 endfacet
  facet normal 0 0 0
    outer loop
   vertex 20.99 17.168 1.376
   vertex 20.99 17.168 1.736
   vertex 20.99 17.876 1.736
  endloop
 endfacet
  facet normal 0 0 0
    outer loop
   vertex 20.99 18.585 1.376
   vertex 20.99 17.876 1.736
   vertex 20.99 18.585 1.736
  endloop
 endfacet
  facet normal 0 0 0
    outer loop
   vertex 20.99 17.168 1.376
   vertex 20.99 17.876 1.736
   vertex 20.99 18.585 1.376
  endloop
 endfacet
  facet normal 0 0 0
    outer loop
   vertex 20.99 20.003 1.376
   vertex 20.99 20.003 1.736
   vertex 20.99 20.711 1.736
  endloop
 endfacet
  facet normal 0 0 0
    outer loop
   vertex 20.99 21.42 1.376
   vertex 20.99 20.711 1.736
   vertex 20.99 21.42 1.736
  endloop
 endfacet
  facet normal 0 0 0
    outer loop
   vertex 20.99 20.003 1.376
   vertex 20.99 20.711 1.736
   vertex 20.99 21.42 1.376
  endloop
 endfacet
  facet normal 0 0 0
    outer loop
   vertex 20.99 20.003 1.376
   vertex 20.99 19.294 1.736
   vertex 20.99 20.003 1.736
  endloop
 endfacet
  facet normal 0 0 0
    outer loop
   vertex 20.99 18.585 1.376
   vertex 20.99 18.585 1.736
   vertex 20.99 19.294 1.736
  endloop
 endfacet
  facet normal 0 0 0
    outer loop
   vertex 20.99 18.585 1.376
   vertex 20.99 19.294 1.736
   vertex 20.99 20.003 1.376
  endloop
 endfacet
  facet normal 0 0 0
    outer loop
   vertex 34.09 22.22 1.376
   vertex 34.09 22.22 1.736
   vertex 34.09 21.42 1.736
  endloop
 endfacet
  facet normal 0 0 0
    outer loop
   vertex 34.09 22.22 1.376
   vertex 34.09 21.42 1.736
   vertex 34.09 21.42 1.376
  endloop
 endfacet
  facet normal 0 0 0
    outer loop
   vertex 33.29 21.42 1.376
   vertex 33.29 21.42 1.736
   vertex 33.29 22.22 1.736
  endloop
 endfacet
  facet normal 0 0 0
    outer loop
   vertex 33.29 21.42 1.376
   vertex 33.29 22.22 1.736
   vertex 33.29 22.22 1.376
  endloop
 endfacet
  facet normal 0 0 0
    outer loop
   vertex -2.07 22.22 1.376
   vertex -2.07 22.22 1.736
   vertex -1.27 22.22 1.736
  endloop
 endfacet
  facet normal 0 0 0
    outer loop
   vertex -2.07 22.22 1.376
   vertex -1.27 22.22 1.736
   vertex -1.27 22.22 1.376
  endloop
 endfacet
  facet normal 0 0 0
    outer loop
   vertex 20.795 22.22 1.376
   vertex 20.795 22.22 1.736
   vertex 21.595 22.22 1.736
  endloop
 endfacet
  facet normal 0 0 0
    outer loop
   vertex 20.795 22.22 1.376
   vertex 21.595 22.22 1.736
   vertex 21.595 22.22 1.376
  endloop
 endfacet
  facet normal 0 0 0
    outer loop
   vertex 25.99 22.22 1.376
   vertex 25.99 22.22 1.736
   vertex 26.79 22.22 1.736
  endloop
 endfacet
  facet normal 0 0 0
    outer loop
   vertex 25.99 22.22 1.376
   vertex 26.79 22.22 1.736
   vertex 26.79 22.22 1.376
  endloop
 endfacet
  facet normal 0 0 0
    outer loop
   vertex 33.29 22.22 1.376
   vertex 33.29 22.22 1.736
   vertex 34.09 22.22 1.736
  endloop
 endfacet
  facet normal 0 0 0
    outer loop
   vertex 33.29 22.22 1.376
   vertex 34.09 22.22 1.736
   vertex 34.09 22.22 1.376
  endloop
 endfacet
  facet normal 0 0 0
    outer loop
   vertex 26.79 22.02 1.376
   vertex 26.79 22.02 1.736
   vertex 27.903 22.02 1.376
  endloop
 endfacet
  facet normal 0 0 0
    outer loop
   vertex 27.903 22.02 1.376
   vertex 29.015 22.02 1.736
   vertex 29.015 22.02 1.376
  endloop
 endfacet
  facet normal 0 0 0
    outer loop
   vertex 27.903 22.02 1.376
   vertex 26.79 22.02 1.736
   vertex 29.015 22.02 1.736
  endloop
 endfacet
  facet normal 0 0 0
    outer loop
   vertex 25.99 21.42 1.376
   vertex 25.99 21.42 1.736
   vertex 25.99 22.22 1.736
  endloop
 endfacet
  facet normal 0 0 0
    outer loop
   vertex 25.99 21.42 1.376
   vertex 25.99 22.22 1.736
   vertex 25.99 22.22 1.376
  endloop
 endfacet
  facet normal 0 0 0
    outer loop
   vertex 21.595 22.22 1.376
   vertex 21.595 22.22 1.736
   vertex 21.595 21.42 1.736
  endloop
 endfacet
  facet normal 0 0 0
    outer loop
   vertex 21.595 22.22 1.376
   vertex 21.595 21.42 1.736
   vertex 21.595 21.42 1.376
  endloop
 endfacet
  facet normal 0 0 0
    outer loop
   vertex 20.795 21.42 1.376
   vertex 20.795 21.42 1.736
   vertex 20.795 22.22 1.736
  endloop
 endfacet
  facet normal 0 0 0
    outer loop
   vertex 20.795 21.42 1.376
   vertex 20.795 22.22 1.736
   vertex 20.795 22.22 1.376
  endloop
 endfacet
  facet normal 0 0 0
    outer loop
   vertex -1.27 22.22 1.376
   vertex -1.27 22.22 1.736
   vertex -1.27 21.42 1.736
  endloop
 endfacet
  facet normal 0 0 0
    outer loop
   vertex -1.27 22.22 1.376
   vertex -1.27 21.42 1.736
   vertex -1.27 21.42 1.376
  endloop
 endfacet
  facet normal 0 0 0
    outer loop
   vertex -2.94 14.51 1.376
   vertex -2.94 14.51 1.736
   vertex -2.94 15.447 1.376
  endloop
 endfacet
  facet normal 0 0 0
    outer loop
   vertex -2.94 15.447 1.376
   vertex -2.94 16.385 1.736
   vertex -2.94 16.385 1.376
  endloop
 endfacet
  facet normal 0 0 0
    outer loop
   vertex -2.94 15.447 1.376
   vertex -2.94 14.51 1.736
   vertex -2.94 16.385 1.736
  endloop
 endfacet
  facet normal 0 0 0
    outer loop
   vertex -2.94 16.385 1.376
   vertex -2.94 16.385 1.736
   vertex -2.94 17.323 1.736
  endloop
 endfacet
  facet normal 0 0 0
    outer loop
   vertex -2.94 18.26 1.376
   vertex -2.94 17.323 1.736
   vertex -2.94 18.26 1.736
  endloop
 endfacet
  facet normal 0 0 0
    outer loop
   vertex -2.94 16.385 1.376
   vertex -2.94 17.323 1.736
   vertex -2.94 18.26 1.376
  endloop
 endfacet
  facet normal 0 0 0
    outer loop
   vertex -2.94 20.135 1.376
   vertex -2.94 20.135 1.736
   vertex -2.94 21.073 1.736
  endloop
 endfacet
  facet normal 0 0 0
    outer loop
   vertex -2.94 22.01 1.376
   vertex -2.94 21.073 1.736
   vertex -2.94 22.01 1.736
  endloop
 endfacet
  facet normal 0 0 0
    outer loop
   vertex -2.94 20.135 1.376
   vertex -2.94 21.073 1.736
   vertex -2.94 22.01 1.376
  endloop
 endfacet
  facet normal 0 0 0
    outer loop
   vertex -2.94 20.135 1.376
   vertex -2.94 19.198 1.736
   vertex -2.94 20.135 1.736
  endloop
 endfacet
  facet normal 0 0 0
    outer loop
   vertex -2.94 18.26 1.376
   vertex -2.94 18.26 1.736
   vertex -2.94 19.198 1.736
  endloop
 endfacet
  facet normal 0 0 0
    outer loop
   vertex -2.94 18.26 1.376
   vertex -2.94 19.198 1.736
   vertex -2.94 20.135 1.376
  endloop
 endfacet
  facet normal 0 0 0
    outer loop
   vertex -2.94 22.01 1.376
   vertex -2.94 22.01 1.736
   vertex -2.07 22.01 1.736
  endloop
 endfacet
  facet normal 0 0 0
    outer loop
   vertex -2.94 22.01 1.376
   vertex -2.07 22.01 1.736
   vertex -2.07 22.01 1.376
  endloop
 endfacet
  facet normal 0 0 0
    outer loop
   vertex 29.015 24.66 1.376
   vertex 29.015 24.66 1.736
   vertex 29.79 24.66 1.376
  endloop
 endfacet
  facet normal 0 0 0
    outer loop
   vertex 29.79 24.66 1.376
   vertex 30.565 24.66 1.736
   vertex 30.565 24.66 1.376
  endloop
 endfacet
  facet normal 0 0 0
    outer loop
   vertex 29.79 24.66 1.376
   vertex 29.015 24.66 1.736
   vertex 30.565 24.66 1.736
  endloop
 endfacet
  facet normal 0 0 0
    outer loop
   vertex -2.56 14.51 2.006
   vertex -2.56 14.51 2.366
   vertex -2.94 14.51 2.366
  endloop
 endfacet
  facet normal 0 0 0
    outer loop
   vertex -2.56 14.51 2.006
   vertex -2.94 14.51 2.366
   vertex -2.94 14.51 2.006
  endloop
 endfacet
  facet normal 0 0 0
    outer loop
   vertex -3.99 14.51 2.006
   vertex -3.99 14.51 2.366
   vertex -4.37 14.51 2.366
  endloop
 endfacet
  facet normal 0 0 0
    outer loop
   vertex -3.99 14.51 2.006
   vertex -4.37 14.51 2.366
   vertex -4.37 14.51 2.006
  endloop
 endfacet
  facet normal 0 0 0
    outer loop
   vertex -6.65 14.51 2.006
   vertex -6.65 14.51 2.366
   vertex -7.03 14.51 2.366
  endloop
 endfacet
  facet normal 0 0 0
    outer loop
   vertex -6.65 14.51 2.006
   vertex -7.03 14.51 2.366
   vertex -7.03 14.51 2.006
  endloop
 endfacet
  facet normal 0 0 0
    outer loop
   vertex -9.32 14.51 2.006
   vertex -9.32 14.51 2.366
   vertex -9.7 14.51 2.366
  endloop
 endfacet
  facet normal 0 0 0
    outer loop
   vertex -9.32 14.51 2.006
   vertex -9.7 14.51 2.366
   vertex -9.7 14.51 2.006
  endloop
 endfacet
  facet normal 0 0 0
    outer loop
   vertex -9.32 14.82 2.186
   vertex -9.32 14.89 2.366
   vertex -9.32 14.82 2.366
  endloop
 endfacet
  facet normal 0 0 0
    outer loop
   vertex -9.32 14.89 2.006
   vertex -9.32 14.82 2.186
   vertex -9.32 14.82 2.006
  endloop
 endfacet
  facet normal 0 0 0
    outer loop
   vertex -9.32 14.89 2.006
   vertex -9.32 14.89 2.366
   vertex -9.32 14.82 2.186
  endloop
 endfacet
  facet normal 0 0 0
    outer loop
   vertex -9.32 14.51 2.186
   vertex -9.32 14.58 2.366
   vertex -9.32 14.51 2.366
  endloop
 endfacet
  facet normal 0 0 0
    outer loop
   vertex -9.32 14.58 2.006
   vertex -9.32 14.51 2.186
   vertex -9.32 14.51 2.006
  endloop
 endfacet
  facet normal 0 0 0
    outer loop
   vertex -9.32 14.58 2.006
   vertex -9.32 14.58 2.366
   vertex -9.32 14.51 2.186
  endloop
 endfacet
  facet normal 0 0 0
    outer loop
   vertex -2.94 14.58 2.186
   vertex -2.94 14.51 2.366
   vertex -2.94 14.58 2.366
  endloop
 endfacet
  facet normal 0 0 0
    outer loop
   vertex -2.94 14.51 2.006
   vertex -2.94 14.58 2.186
   vertex -2.94 14.58 2.006
  endloop
 endfacet
  facet normal 0 0 0
    outer loop
   vertex -2.94 14.51 2.006
   vertex -2.94 14.51 2.366
   vertex -2.94 14.58 2.186
  endloop
 endfacet
  facet normal 0 0 0
    outer loop
   vertex -2.94 14.89 2.186
   vertex -2.94 14.82 2.366
   vertex -2.94 14.89 2.366
  endloop
 endfacet
  facet normal 0 0 0
    outer loop
   vertex -2.94 14.82 2.006
   vertex -2.94 14.89 2.186
   vertex -2.94 14.89 2.006
  endloop
 endfacet
  facet normal 0 0 0
    outer loop
   vertex -2.94 14.82 2.006
   vertex -2.94 14.82 2.366
   vertex -2.94 14.89 2.186
  endloop
 endfacet
  facet normal 0 0 0
    outer loop
   vertex -2.94 14.58 2.006
   vertex -2.94 14.58 2.366
   vertex -3.99 14.58 2.366
  endloop
 endfacet
  facet normal 0 0 0
    outer loop
   vertex -2.94 14.58 2.006
   vertex -3.99 14.58 2.366
   vertex -3.99 14.58 2.006
  endloop
 endfacet
  facet normal 0 0 0
    outer loop
   vertex -4.37 14.58 2.006
   vertex -4.37 14.58 2.366
   vertex -5.51 14.58 2.006
  endloop
 endfacet
  facet normal 0 0 0
    outer loop
   vertex -5.51 14.58 2.006
   vertex -6.65 14.58 2.366
   vertex -6.65 14.58 2.006
  endloop
 endfacet
  facet normal 0 0 0
    outer loop
   vertex -5.51 14.58 2.006
   vertex -4.37 14.58 2.366
   vertex -6.65 14.58 2.366
  endloop
 endfacet
  facet normal 0 0 0
    outer loop
   vertex -7.03 14.58 2.006
   vertex -7.03 14.58 2.366
   vertex -8.175 14.58 2.006
  endloop
 endfacet
  facet normal 0 0 0
    outer loop
   vertex -8.175 14.58 2.006
   vertex -9.32 14.58 2.366
   vertex -9.32 14.58 2.006
  endloop
 endfacet
  facet normal 0 0 0
    outer loop
   vertex -8.175 14.58 2.006
   vertex -7.03 14.58 2.366
   vertex -9.32 14.58 2.366
  endloop
 endfacet
  facet normal 0 0 0
    outer loop
   vertex -9.32 14.82 2.006
   vertex -9.32 14.82 2.366
   vertex -8.175 14.82 2.006
  endloop
 endfacet
  facet normal 0 0 0
    outer loop
   vertex -8.175 14.82 2.006
   vertex -7.03 14.82 2.366
   vertex -7.03 14.82 2.006
  endloop
 endfacet
  facet normal 0 0 0
    outer loop
   vertex -8.175 14.82 2.006
   vertex -9.32 14.82 2.366
   vertex -7.03 14.82 2.366
  endloop
 endfacet
  facet normal 0 0 0
    outer loop
   vertex -6.65 14.82 2.006
   vertex -6.65 14.82 2.366
   vertex -5.51 14.82 2.006
  endloop
 endfacet
  facet normal 0 0 0
    outer loop
   vertex -5.51 14.82 2.006
   vertex -4.37 14.82 2.366
   vertex -4.37 14.82 2.006
  endloop
 endfacet
  facet normal 0 0 0
    outer loop
   vertex -5.51 14.82 2.006
   vertex -6.65 14.82 2.366
   vertex -4.37 14.82 2.366
  endloop
 endfacet
  facet normal 0 0 0
    outer loop
   vertex -3.99 14.82 2.006
   vertex -3.99 14.82 2.366
   vertex -2.94 14.82 2.366
  endloop
 endfacet
  facet normal 0 0 0
    outer loop
   vertex -3.99 14.82 2.006
   vertex -2.94 14.82 2.366
   vertex -2.94 14.82 2.006
  endloop
 endfacet
  facet normal 0 0 0
    outer loop
   vertex -7.03 14.58 2.186
   vertex -7.03 14.51 2.366
   vertex -7.03 14.58 2.366
  endloop
 endfacet
  facet normal 0 0 0
    outer loop
   vertex -7.03 14.51 2.006
   vertex -7.03 14.58 2.186
   vertex -7.03 14.58 2.006
  endloop
 endfacet
  facet normal 0 0 0
    outer loop
   vertex -7.03 14.51 2.006
   vertex -7.03 14.51 2.366
   vertex -7.03 14.58 2.186
  endloop
 endfacet
  facet normal 0 0 0
    outer loop
   vertex -7.03 14.89 2.186
   vertex -7.03 14.82 2.366
   vertex -7.03 14.89 2.366
  endloop
 endfacet
  facet normal 0 0 0
    outer loop
   vertex -7.03 14.82 2.006
   vertex -7.03 14.89 2.186
   vertex -7.03 14.89 2.006
  endloop
 endfacet
  facet normal 0 0 0
    outer loop
   vertex -7.03 14.82 2.006
   vertex -7.03 14.82 2.366
   vertex -7.03 14.89 2.186
  endloop
 endfacet
  facet normal 0 0 0
    outer loop
   vertex -6.65 14.82 2.186
   vertex -6.65 14.89 2.366
   vertex -6.65 14.82 2.366
  endloop
 endfacet
  facet normal 0 0 0
    outer loop
   vertex -6.65 14.89 2.006
   vertex -6.65 14.82 2.186
   vertex -6.65 14.82 2.006
  endloop
 endfacet
  facet normal 0 0 0
    outer loop
   vertex -6.65 14.89 2.006
   vertex -6.65 14.89 2.366
   vertex -6.65 14.82 2.186
  endloop
 endfacet
  facet normal 0 0 0
    outer loop
   vertex -6.65 14.51 2.186
   vertex -6.65 14.58 2.366
   vertex -6.65 14.51 2.366
  endloop
 endfacet
  facet normal 0 0 0
    outer loop
   vertex -6.65 14.58 2.006
   vertex -6.65 14.51 2.186
   vertex -6.65 14.51 2.006
  endloop
 endfacet
  facet normal 0 0 0
    outer loop
   vertex -6.65 14.58 2.006
   vertex -6.65 14.58 2.366
   vertex -6.65 14.51 2.186
  endloop
 endfacet
  facet normal 0 0 0
    outer loop
   vertex -3.99 14.82 2.186
   vertex -3.99 14.89 2.366
   vertex -3.99 14.82 2.366
  endloop
 endfacet
  facet normal 0 0 0
    outer loop
   vertex -3.99 14.89 2.006
   vertex -3.99 14.82 2.186
   vertex -3.99 14.82 2.006
  endloop
 endfacet
  facet normal 0 0 0
    outer loop
   vertex -3.99 14.89 2.006
   vertex -3.99 14.89 2.366
   vertex -3.99 14.82 2.186
  endloop
 endfacet
  facet normal 0 0 0
    outer loop
   vertex -3.99 14.51 2.186
   vertex -3.99 14.58 2.366
   vertex -3.99 14.51 2.366
  endloop
 endfacet
  facet normal 0 0 0
    outer loop
   vertex -3.99 14.58 2.006
   vertex -3.99 14.51 2.186
   vertex -3.99 14.51 2.006
  endloop
 endfacet
  facet normal 0 0 0
    outer loop
   vertex -3.99 14.58 2.006
   vertex -3.99 14.58 2.366
   vertex -3.99 14.51 2.186
  endloop
 endfacet
  facet normal 0 0 0
    outer loop
   vertex -4.37 14.58 2.186
   vertex -4.37 14.51 2.366
   vertex -4.37 14.58 2.366
  endloop
 endfacet
  facet normal 0 0 0
    outer loop
   vertex -4.37 14.51 2.006
   vertex -4.37 14.58 2.186
   vertex -4.37 14.58 2.006
  endloop
 endfacet
  facet normal 0 0 0
    outer loop
   vertex -4.37 14.51 2.006
   vertex -4.37 14.51 2.366
   vertex -4.37 14.58 2.186
  endloop
 endfacet
  facet normal 0 0 0
    outer loop
   vertex -4.37 14.89 2.186
   vertex -4.37 14.82 2.366
   vertex -4.37 14.89 2.366
  endloop
 endfacet
  facet normal 0 0 0
    outer loop
   vertex -4.37 14.82 2.006
   vertex -4.37 14.89 2.186
   vertex -4.37 14.89 2.006
  endloop
 endfacet
  facet normal 0 0 0
    outer loop
   vertex -4.37 14.82 2.006
   vertex -4.37 14.82 2.366
   vertex -4.37 14.89 2.186
  endloop
 endfacet
  facet normal 0 0 0
    outer loop
   vertex -9.7 14.51 2.006
   vertex -9.7 14.51 2.366
   vertex -9.7 14.89 2.366
  endloop
 endfacet
  facet normal 0 0 0
    outer loop
   vertex -9.7 14.51 2.006
   vertex -9.7 14.89 2.366
   vertex -9.7 14.89 2.006
  endloop
 endfacet
  facet normal 0 0 0
    outer loop
   vertex -9.7 14.89 2.006
   vertex -9.7 14.89 2.366
   vertex -9.32 14.89 2.366
  endloop
 endfacet
  facet normal 0 0 0
    outer loop
   vertex -9.7 14.89 2.006
   vertex -9.32 14.89 2.366
   vertex -9.32 14.89 2.006
  endloop
 endfacet
  facet normal 0 0 0
    outer loop
   vertex -7.03 14.89 2.006
   vertex -7.03 14.89 2.366
   vertex -6.65 14.89 2.366
  endloop
 endfacet
  facet normal 0 0 0
    outer loop
   vertex -7.03 14.89 2.006
   vertex -6.65 14.89 2.366
   vertex -6.65 14.89 2.006
  endloop
 endfacet
  facet normal 0 0 0
    outer loop
   vertex -4.37 14.89 2.006
   vertex -4.37 14.89 2.366
   vertex -3.99 14.89 2.366
  endloop
 endfacet
  facet normal 0 0 0
    outer loop
   vertex -4.37 14.89 2.006
   vertex -3.99 14.89 2.366
   vertex -3.99 14.89 2.006
  endloop
 endfacet
  facet normal 0 0 0
    outer loop
   vertex -2.94 14.89 2.006
   vertex -2.94 14.89 2.366
   vertex -2.56 14.89 2.366
  endloop
 endfacet
  facet normal 0 0 0
    outer loop
   vertex -2.94 14.89 2.006
   vertex -2.56 14.89 2.366
   vertex -2.56 14.89 2.006
  endloop
 endfacet
  facet normal 0 0 0
    outer loop
   vertex -2.56 14.89 2.006
   vertex -2.56 14.89 2.366
   vertex -2.56 14.51 2.366
  endloop
 endfacet
  facet normal 0 0 0
    outer loop
   vertex -2.56 14.89 2.006
   vertex -2.56 14.51 2.366
   vertex -2.56 14.51 2.006
  endloop
 endfacet
  facet normal 0 0 0
    outer loop
   vertex 34.09 21.42 2.006
   vertex 34.09 21.42 2.366
   vertex 33.29 21.42 2.366
  endloop
 endfacet
  facet normal 0 0 0
    outer loop
   vertex 34.09 21.42 2.006
   vertex 33.29 21.42 2.366
   vertex 33.29 21.42 2.006
  endloop
 endfacet
  facet normal 0 0 0
    outer loop
   vertex 26.79 21.42 2.006
   vertex 26.79 21.42 2.366
   vertex 25.99 21.42 2.366
  endloop
 endfacet
  facet normal 0 0 0
    outer loop
   vertex 26.79 21.42 2.006
   vertex 25.99 21.42 2.366
   vertex 25.99 21.42 2.006
  endloop
 endfacet
  facet normal 0 0 0
    outer loop
   vertex 21.595 21.42 2.006
   vertex 21.595 21.42 2.366
   vertex 20.795 21.42 2.366
  endloop
 endfacet
  facet normal 0 0 0
    outer loop
   vertex 21.595 21.42 2.006
   vertex 20.795 21.42 2.366
   vertex 20.795 21.42 2.006
  endloop
 endfacet
  facet normal 0 0 0
    outer loop
   vertex -1.27 21.42 2.006
   vertex -1.27 21.42 2.366
   vertex -2.07 21.42 2.366
  endloop
 endfacet
  facet normal 0 0 0
    outer loop
   vertex -1.27 21.42 2.006
   vertex -2.07 21.42 2.366
   vertex -2.07 21.42 2.006
  endloop
 endfacet
  facet normal 0 0 0
    outer loop
   vertex 33.29 21.42 2.006
   vertex 33.29 21.42 2.366
   vertex 33.29 21.59 2.366
  endloop
 endfacet
  facet normal 0 0 0
    outer loop
   vertex 33.29 21.42 2.006
   vertex 33.29 21.59 2.366
   vertex 33.29 21.59 2.006
  endloop
 endfacet
  facet normal 0 0 0
    outer loop
   vertex 33.29 22.05 2.006
   vertex 33.29 22.05 2.366
   vertex 33.29 22.22 2.366
  endloop
 endfacet
  facet normal 0 0 0
    outer loop
   vertex 33.29 22.05 2.006
   vertex 33.29 22.22 2.366
   vertex 33.29 22.22 2.006
  endloop
 endfacet
  facet normal 0 0 0
    outer loop
   vertex 33.29 21.59 2.006
   vertex 33.29 21.59 2.366
   vertex 32.478 21.59 2.006
  endloop
 endfacet
  facet normal 0 0 0
    outer loop
   vertex 32.478 21.59 2.006
   vertex 31.665 21.59 2.366
   vertex 31.665 21.59 2.006
  endloop
 endfacet
  facet normal 0 0 0
    outer loop
   vertex 32.478 21.59 2.006
   vertex 33.29 21.59 2.366
   vertex 31.665 21.59 2.366
  endloop
 endfacet
  facet normal 0 0 0
    outer loop
   vertex 31.665 21.59 2.006
   vertex 31.665 21.59 2.366
   vertex 30.853 21.59 2.366
  endloop
 endfacet
  facet normal 0 0 0
    outer loop
   vertex 30.04 21.59 2.006
   vertex 30.853 21.59 2.366
   vertex 30.04 21.59 2.366
  endloop
 endfacet
  facet normal 0 0 0
    outer loop
   vertex 31.665 21.59 2.006
   vertex 30.853 21.59 2.366
   vertex 30.04 21.59 2.006
  endloop
 endfacet
  facet normal 0 0 0
    outer loop
   vertex 28.415 21.59 2.006
   vertex 28.415 21.59 2.366
   vertex 27.603 21.59 2.366
  endloop
 endfacet
  facet normal 0 0 0
    outer loop
   vertex 26.79 21.59 2.006
   vertex 27.603 21.59 2.366
   vertex 26.79 21.59 2.366
  endloop
 endfacet
  facet normal 0 0 0
    outer loop
   vertex 28.415 21.59 2.006
   vertex 27.603 21.59 2.366
   vertex 26.79 21.59 2.006
  endloop
 endfacet
  facet normal 0 0 0
    outer loop
   vertex 28.415 21.59 2.006
   vertex 29.228 21.59 2.366
   vertex 28.415 21.59 2.366
  endloop
 endfacet
  facet normal 0 0 0
    outer loop
   vertex 30.04 21.59 2.006
   vertex 30.04 21.59 2.366
   vertex 29.228 21.59 2.366
  endloop
 endfacet
  facet normal 0 0 0
    outer loop
   vertex 30.04 21.59 2.006
   vertex 29.228 21.59 2.366
   vertex 28.415 21.59 2.006
  endloop
 endfacet
  facet normal 0 0 0
    outer loop
   vertex 25.99 21.59 2.006
   vertex 25.99 21.59 2.366
   vertex 24.891 21.59 2.006
  endloop
 endfacet
  facet normal 0 0 0
    outer loop
   vertex 24.891 21.59 2.006
   vertex 23.793 21.59 2.366
   vertex 23.793 21.59 2.006
  endloop
 endfacet
  facet normal 0 0 0
    outer loop
   vertex 24.891 21.59 2.006
   vertex 25.99 21.59 2.366
   vertex 23.793 21.59 2.366
  endloop
 endfacet
  facet normal 0 0 0
    outer loop
   vertex 22.694 21.59 2.006
   vertex 21.595 21.59 2.366
   vertex 21.595 21.59 2.006
  endloop
 endfacet
  facet normal 0 0 0
    outer loop
   vertex 23.793 21.59 2.006
   vertex 23.793 21.59 2.366
   vertex 22.694 21.59 2.006
  endloop
 endfacet
  facet normal 0 0 0
    outer loop
   vertex 22.694 21.59 2.006
   vertex 23.793 21.59 2.366
   vertex 21.595 21.59 2.366
  endloop
 endfacet
  facet normal 0 0 0
    outer loop
   vertex 20.795 21.59 2.006
   vertex 20.795 21.59 2.366
   vertex 19.416 21.59 2.006
  endloop
 endfacet
  facet normal 0 0 0
    outer loop
   vertex 19.416 21.59 2.006
   vertex 18.037 21.59 2.366
   vertex 18.037 21.59 2.006
  endloop
 endfacet
  facet normal 0 0 0
    outer loop
   vertex 19.416 21.59 2.006
   vertex 20.795 21.59 2.366
   vertex 18.037 21.59 2.366
  endloop
 endfacet
  facet normal 0 0 0
    outer loop
   vertex 18.037 21.59 2.006
   vertex 18.037 21.59 2.366
   vertex 16.658 21.59 2.366
  endloop
 endfacet
  facet normal 0 0 0
    outer loop
   vertex 15.279 21.59 2.006
   vertex 16.658 21.59 2.366
   vertex 15.279 21.59 2.366
  endloop
 endfacet
  facet normal 0 0 0
    outer loop
   vertex 18.037 21.59 2.006
   vertex 16.658 21.59 2.366
   vertex 15.279 21.59 2.006
  endloop
 endfacet
  facet normal 0 0 0
    outer loop
   vertex 13.9 21.59 2.006
   vertex 12.521 21.59 2.366
   vertex 12.521 21.59 2.006
  endloop
 endfacet
  facet normal 0 0 0
    outer loop
   vertex 15.279 21.59 2.006
   vertex 15.279 21.59 2.366
   vertex 13.9 21.59 2.006
  endloop
 endfacet
  facet normal 0 0 0
    outer loop
   vertex 13.9 21.59 2.006
   vertex 15.279 21.59 2.366
   vertex 12.521 21.59 2.366
  endloop
 endfacet
  facet normal 0 0 0
    outer loop
   vertex 12.521 21.59 2.006
   vertex 12.521 21.59 2.366
   vertex 11.142 21.59 2.006
  endloop
 endfacet
  facet normal 0 0 0
    outer loop
   vertex 11.142 21.59 2.006
   vertex 9.763 21.59 2.366
   vertex 9.763 21.59 2.006
  endloop
 endfacet
  facet normal 0 0 0
    outer loop
   vertex 11.142 21.59 2.006
   vertex 12.521 21.59 2.366
   vertex 9.763 21.59 2.366
  endloop
 endfacet
  facet normal 0 0 0
    outer loop
   vertex 2.867 21.59 2.006
   vertex 1.488 21.59 2.366
   vertex 1.488 21.59 2.006
  endloop
 endfacet
  facet normal 0 0 0
    outer loop
   vertex 4.246 21.59 2.006
   vertex 4.246 21.59 2.366
   vertex 2.867 21.59 2.006
  endloop
 endfacet
  facet normal 0 0 0
    outer loop
   vertex 2.867 21.59 2.006
   vertex 4.246 21.59 2.366
   vertex 1.488 21.59 2.366
  endloop
 endfacet
  facet normal 0 0 0
    outer loop
   vertex 1.488 21.59 2.006
   vertex 1.488 21.59 2.366
   vertex 0.109 21.59 2.006
  endloop
 endfacet
  facet normal 0 0 0
    outer loop
   vertex 0.109 21.59 2.006
   vertex -1.27 21.59 2.366
   vertex -1.27 21.59 2.006
  endloop
 endfacet
  facet normal 0 0 0
    outer loop
   vertex 0.109 21.59 2.006
   vertex 1.488 21.59 2.366
   vertex -1.27 21.59 2.366
  endloop
 endfacet
  facet normal 0 0 0
    outer loop
   vertex 4.246 21.59 2.006
   vertex 5.625 21.59 2.366
   vertex 4.246 21.59 2.366
  endloop
 endfacet
  facet normal 0 0 0
    outer loop
   vertex 7.004 21.59 2.006
   vertex 7.004 21.59 2.366
   vertex 5.625 21.59 2.366
  endloop
 endfacet
  facet normal 0 0 0
    outer loop
   vertex 7.004 21.59 2.006
   vertex 5.625 21.59 2.366
   vertex 4.246 21.59 2.006
  endloop
 endfacet
  facet normal 0 0 0
    outer loop
   vertex 8.383 21.59 2.006
   vertex 7.004 21.59 2.366
   vertex 7.004 21.59 2.006
  endloop
 endfacet
  facet normal 0 0 0
    outer loop
   vertex 9.763 21.59 2.006
   vertex 9.763 21.59 2.366
   vertex 8.383 21.59 2.006
  endloop
 endfacet
  facet normal 0 0 0
    outer loop
   vertex 8.383 21.59 2.006
   vertex 9.763 21.59 2.366
   vertex 7.004 21.59 2.366
  endloop
 endfacet
  facet normal 0 0 0
    outer loop
   vertex 26.79 22.22 2.006
   vertex 26.79 22.22 2.366
   vertex 26.79 22.05 2.366
  endloop
 endfacet
  facet normal 0 0 0
    outer loop
   vertex 26.79 22.22 2.006
   vertex 26.79 22.05 2.366
   vertex 26.79 22.05 2.006
  endloop
 endfacet
  facet normal 0 0 0
    outer loop
   vertex 26.79 21.59 2.006
   vertex 26.79 21.59 2.366
   vertex 26.79 21.42 2.366
  endloop
 endfacet
  facet normal 0 0 0
    outer loop
   vertex 26.79 21.59 2.006
   vertex 26.79 21.42 2.366
   vertex 26.79 21.42 2.006
  endloop
 endfacet
  facet normal 0 0 0
    outer loop
   vertex 25.99 21.42 2.006
   vertex 25.99 21.42 2.366
   vertex 25.99 21.59 2.366
  endloop
 endfacet
  facet normal 0 0 0
    outer loop
   vertex 25.99 21.42 2.006
   vertex 25.99 21.59 2.366
   vertex 25.99 21.59 2.006
  endloop
 endfacet
  facet normal 0 0 0
    outer loop
   vertex 25.99 22.05 2.006
   vertex 25.99 22.05 2.366
   vertex 25.99 22.22 2.366
  endloop
 endfacet
  facet normal 0 0 0
    outer loop
   vertex 25.99 22.05 2.006
   vertex 25.99 22.22 2.366
   vertex 25.99 22.22 2.006
  endloop
 endfacet
  facet normal 0 0 0
    outer loop
   vertex 21.595 22.22 2.006
   vertex 21.595 22.22 2.366
   vertex 21.595 22.05 2.366
  endloop
 endfacet
  facet normal 0 0 0
    outer loop
   vertex 21.595 22.22 2.006
   vertex 21.595 22.05 2.366
   vertex 21.595 22.05 2.006
  endloop
 endfacet
  facet normal 0 0 0
    outer loop
   vertex 21.595 21.59 2.006
   vertex 21.595 21.59 2.366
   vertex 21.595 21.42 2.366
  endloop
 endfacet
  facet normal 0 0 0
    outer loop
   vertex 21.595 21.59 2.006
   vertex 21.595 21.42 2.366
   vertex 21.595 21.42 2.006
  endloop
 endfacet
  facet normal 0 0 0
    outer loop
   vertex -1.27 22.22 2.006
   vertex -1.27 22.22 2.366
   vertex -1.27 22.05 2.366
  endloop
 endfacet
  facet normal 0 0 0
    outer loop
   vertex -1.27 22.22 2.006
   vertex -1.27 22.05 2.366
   vertex -1.27 22.05 2.006
  endloop
 endfacet
  facet normal 0 0 0
    outer loop
   vertex -1.27 21.59 2.006
   vertex -1.27 21.59 2.366
   vertex -1.27 21.42 2.366
  endloop
 endfacet
  facet normal 0 0 0
    outer loop
   vertex -1.27 21.59 2.006
   vertex -1.27 21.42 2.366
   vertex -1.27 21.42 2.006
  endloop
 endfacet
  facet normal 0 0 0
    outer loop
   vertex 20.795 21.42 2.006
   vertex 20.795 21.42 2.366
   vertex 20.795 21.59 2.366
  endloop
 endfacet
  facet normal 0 0 0
    outer loop
   vertex 20.795 21.42 2.006
   vertex 20.795 21.59 2.366
   vertex 20.795 21.59 2.006
  endloop
 endfacet
  facet normal 0 0 0
    outer loop
   vertex 20.795 22.05 2.006
   vertex 20.795 22.05 2.366
   vertex 20.795 22.22 2.366
  endloop
 endfacet
  facet normal 0 0 0
    outer loop
   vertex 20.795 22.05 2.006
   vertex 20.795 22.22 2.366
   vertex 20.795 22.22 2.006
  endloop
 endfacet
  facet normal 0 0 0
    outer loop
   vertex 34.09 22.22 2.006
   vertex 34.09 22.22 2.366
   vertex 34.09 21.42 2.366
  endloop
 endfacet
  facet normal 0 0 0
    outer loop
   vertex 34.09 22.22 2.006
   vertex 34.09 21.42 2.366
   vertex 34.09 21.42 2.006
  endloop
 endfacet
  facet normal 0 0 0
    outer loop
   vertex -2.07 22.22 2.006
   vertex -2.07 22.22 2.366
   vertex -1.27 22.22 2.366
  endloop
 endfacet
  facet normal 0 0 0
    outer loop
   vertex -2.07 22.22 2.006
   vertex -1.27 22.22 2.366
   vertex -1.27 22.22 2.006
  endloop
 endfacet
  facet normal 0 0 0
    outer loop
   vertex 20.795 22.22 2.006
   vertex 20.795 22.22 2.366
   vertex 21.595 22.22 2.366
  endloop
 endfacet
  facet normal 0 0 0
    outer loop
   vertex 20.795 22.22 2.006
   vertex 21.595 22.22 2.366
   vertex 21.595 22.22 2.006
  endloop
 endfacet
  facet normal 0 0 0
    outer loop
   vertex 25.99 22.22 2.006
   vertex 25.99 22.22 2.366
   vertex 26.79 22.22 2.366
  endloop
 endfacet
  facet normal 0 0 0
    outer loop
   vertex 25.99 22.22 2.006
   vertex 26.79 22.22 2.366
   vertex 26.79 22.22 2.006
  endloop
 endfacet
  facet normal 0 0 0
    outer loop
   vertex 33.29 22.22 2.006
   vertex 33.29 22.22 2.366
   vertex 34.09 22.22 2.366
  endloop
 endfacet
  facet normal 0 0 0
    outer loop
   vertex 33.29 22.22 2.006
   vertex 34.09 22.22 2.366
   vertex 34.09 22.22 2.006
  endloop
 endfacet
  facet normal 0 0 0
    outer loop
   vertex -1.27 22.05 2.006
   vertex -1.27 22.05 2.366
   vertex 0.109 22.05 2.006
  endloop
 endfacet
  facet normal 0 0 0
    outer loop
   vertex 0.109 22.05 2.006
   vertex 1.488 22.05 2.366
   vertex 1.488 22.05 2.006
  endloop
 endfacet
  facet normal 0 0 0
    outer loop
   vertex 0.109 22.05 2.006
   vertex -1.27 22.05 2.366
   vertex 1.488 22.05 2.366
  endloop
 endfacet
  facet normal 0 0 0
    outer loop
   vertex 1.488 22.05 2.006
   vertex 1.488 22.05 2.366
   vertex 2.867 22.05 2.366
  endloop
 endfacet
  facet normal 0 0 0
    outer loop
   vertex 4.246 22.05 2.006
   vertex 2.867 22.05 2.366
   vertex 4.246 22.05 2.366
  endloop
 endfacet
  facet normal 0 0 0
    outer loop
   vertex 1.488 22.05 2.006
   vertex 2.867 22.05 2.366
   vertex 4.246 22.05 2.006
  endloop
 endfacet
  facet normal 0 0 0
    outer loop
   vertex 5.625 22.05 2.006
   vertex 7.004 22.05 2.366
   vertex 7.004 22.05 2.006
  endloop
 endfacet
  facet normal 0 0 0
    outer loop
   vertex 4.246 22.05 2.006
   vertex 4.246 22.05 2.366
   vertex 5.625 22.05 2.006
  endloop
 endfacet
  facet normal 0 0 0
    outer loop
   vertex 5.625 22.05 2.006
   vertex 4.246 22.05 2.366
   vertex 7.004 22.05 2.366
  endloop
 endfacet
  facet normal 0 0 0
    outer loop
   vertex 7.004 22.05 2.006
   vertex 7.004 22.05 2.366
   vertex 8.383 22.05 2.006
  endloop
 endfacet
  facet normal 0 0 0
    outer loop
   vertex 8.383 22.05 2.006
   vertex 9.763 22.05 2.366
   vertex 9.763 22.05 2.006
  endloop
 endfacet
  facet normal 0 0 0
    outer loop
   vertex 8.383 22.05 2.006
   vertex 7.004 22.05 2.366
   vertex 9.763 22.05 2.366
  endloop
 endfacet
  facet normal 0 0 0
    outer loop
   vertex 16.658 22.05 2.006
   vertex 18.037 22.05 2.366
   vertex 18.037 22.05 2.006
  endloop
 endfacet
  facet normal 0 0 0
    outer loop
   vertex 15.279 22.05 2.006
   vertex 15.279 22.05 2.366
   vertex 16.658 22.05 2.006
  endloop
 endfacet
  facet normal 0 0 0
    outer loop
   vertex 16.658 22.05 2.006
   vertex 15.279 22.05 2.366
   vertex 18.037 22.05 2.366
  endloop
 endfacet
  facet normal 0 0 0
    outer loop
   vertex 18.037 22.05 2.006
   vertex 18.037 22.05 2.366
   vertex 19.416 22.05 2.006
  endloop
 endfacet
  facet normal 0 0 0
    outer loop
   vertex 19.416 22.05 2.006
   vertex 20.795 22.05 2.366
   vertex 20.795 22.05 2.006
  endloop
 endfacet
  facet normal 0 0 0
    outer loop
   vertex 19.416 22.05 2.006
   vertex 18.037 22.05 2.366
   vertex 20.795 22.05 2.366
  endloop
 endfacet
  facet normal 0 0 0
    outer loop
   vertex 15.279 22.05 2.006
   vertex 13.9 22.05 2.366
   vertex 15.279 22.05 2.366
  endloop
 endfacet
  facet normal 0 0 0
    outer loop
   vertex 12.521 22.05 2.006
   vertex 12.521 22.05 2.366
   vertex 13.9 22.05 2.366
  endloop
 endfacet
  facet normal 0 0 0
    outer loop
   vertex 12.521 22.05 2.006
   vertex 13.9 22.05 2.366
   vertex 15.279 22.05 2.006
  endloop
 endfacet
  facet normal 0 0 0
    outer loop
   vertex 11.142 22.05 2.006
   vertex 12.521 22.05 2.366
   vertex 12.521 22.05 2.006
  endloop
 endfacet
  facet normal 0 0 0
    outer loop
   vertex 9.763 22.05 2.006
   vertex 9.763 22.05 2.366
   vertex 11.142 22.05 2.006
  endloop
 endfacet
  facet normal 0 0 0
    outer loop
   vertex 11.142 22.05 2.006
   vertex 9.763 22.05 2.366
   vertex 12.521 22.05 2.366
  endloop
 endfacet
  facet normal 0 0 0
    outer loop
   vertex 21.595 22.05 2.006
   vertex 21.595 22.05 2.366
   vertex 22.694 22.05 2.006
  endloop
 endfacet
  facet normal 0 0 0
    outer loop
   vertex 22.694 22.05 2.006
   vertex 23.793 22.05 2.366
   vertex 23.793 22.05 2.006
  endloop
 endfacet
  facet normal 0 0 0
    outer loop
   vertex 22.694 22.05 2.006
   vertex 21.595 22.05 2.366
   vertex 23.793 22.05 2.366
  endloop
 endfacet
  facet normal 0 0 0
    outer loop
   vertex 24.891 22.05 2.006
   vertex 25.99 22.05 2.366
   vertex 25.99 22.05 2.006
  endloop
 endfacet
  facet normal 0 0 0
    outer loop
   vertex 23.793 22.05 2.006
   vertex 23.793 22.05 2.366
   vertex 24.891 22.05 2.006
  endloop
 endfacet
  facet normal 0 0 0
    outer loop
   vertex 24.891 22.05 2.006
   vertex 23.793 22.05 2.366
   vertex 25.99 22.05 2.366
  endloop
 endfacet
  facet normal 0 0 0
    outer loop
   vertex 26.79 22.05 2.006
   vertex 26.79 22.05 2.366
   vertex 27.603 22.05 2.006
  endloop
 endfacet
  facet normal 0 0 0
    outer loop
   vertex 27.603 22.05 2.006
   vertex 28.415 22.05 2.366
   vertex 28.415 22.05 2.006
  endloop
 endfacet
  facet normal 0 0 0
    outer loop
   vertex 27.603 22.05 2.006
   vertex 26.79 22.05 2.366
   vertex 28.415 22.05 2.366
  endloop
 endfacet
  facet normal 0 0 0
    outer loop
   vertex 28.415 22.05 2.006
   vertex 28.415 22.05 2.366
   vertex 29.228 22.05 2.366
  endloop
 endfacet
  facet normal 0 0 0
    outer loop
   vertex 30.04 22.05 2.006
   vertex 29.228 22.05 2.366
   vertex 30.04 22.05 2.366
  endloop
 endfacet
  facet normal 0 0 0
    outer loop
   vertex 28.415 22.05 2.006
   vertex 29.228 22.05 2.366
   vertex 30.04 22.05 2.006
  endloop
 endfacet
  facet normal 0 0 0
    outer loop
   vertex 31.665 22.05 2.006
   vertex 31.665 22.05 2.366
   vertex 32.478 22.05 2.366
  endloop
 endfacet
  facet normal 0 0 0
    outer loop
   vertex 33.29 22.05 2.006
   vertex 32.478 22.05 2.366
   vertex 33.29 22.05 2.366
  endloop
 endfacet
  facet normal 0 0 0
    outer loop
   vertex 31.665 22.05 2.006
   vertex 32.478 22.05 2.366
   vertex 33.29 22.05 2.006
  endloop
 endfacet
  facet normal 0 0 0
    outer loop
   vertex 31.665 22.05 2.006
   vertex 30.853 22.05 2.366
   vertex 31.665 22.05 2.366
  endloop
 endfacet
  facet normal 0 0 0
    outer loop
   vertex 30.04 22.05 2.006
   vertex 30.04 22.05 2.366
   vertex 30.853 22.05 2.366
  endloop
 endfacet
  facet normal 0 0 0
    outer loop
   vertex 30.04 22.05 2.006
   vertex 30.853 22.05 2.366
   vertex 31.665 22.05 2.006
  endloop
 endfacet
  facet normal 0 0 0
    outer loop
   vertex -2.07 21.42 2.006
   vertex -2.07 21.42 2.366
   vertex -2.07 22.22 2.366
  endloop
 endfacet
  facet normal 0 0 0
    outer loop
   vertex -2.07 21.42 2.006
   vertex -2.07 22.22 2.366
   vertex -2.07 22.22 2.006
  endloop
 endfacet
endsolid stl
