solid stl
  facet normal 0 0 0
    outer loop
   vertex -1 9.014 -0.43
   vertex -3.37 11.79 -0.43
   vertex -1 15.755 -0.43
  endloop
 endfacet
  facet normal 0 0 0
    outer loop
   vertex 1.3 6.32 -0.43
   vertex 1.3 19.603 -0.43
   vertex 4.3 14.658 -0.43
  endloop
 endfacet
  facet normal 0 0 0
    outer loop
   vertex 4.3 14.658 -0.43
   vertex 1.3 19.603 -0.43
   vertex 4.3 22.995 -0.43
  endloop
 endfacet
  facet normal 0 0 0
    outer loop
   vertex 20.05 26.694 -0.43
   vertex 20.05 30.06 -0.43
   vertex 23.05 30.06 -0.43
  endloop
 endfacet
  facet normal 0 0 0
    outer loop
   vertex 13.8 4.151 -0.43
   vertex 13.8 19.681 -0.43
   vertex 16.8 14.717 -0.43
  endloop
 endfacet
  facet normal 0 0 0
    outer loop
   vertex 16.8 14.717 -0.43
   vertex 13.8 19.681 -0.43
   vertex 16.8 23.047 -0.43
  endloop
 endfacet
  facet normal 0 0 0
    outer loop
   vertex 20.05 -1 -0.43
   vertex 20.05 9.34 -0.43
   vertex 23.05 1.482 -0.43
  endloop
 endfacet
  facet normal 0 0 0
    outer loop
   vertex 20.05 -1 -0.43
   vertex 23.05 1.482 -0.43
   vertex 23.05 -1 -0.43
  endloop
 endfacet
  facet normal 0 0 0
    outer loop
   vertex 23.05 23.337 -0.43
   vertex 20.05 26.694 -0.43
   vertex 23.05 30.06 -0.43
  endloop
 endfacet
  facet normal 0 0 0
    outer loop
   vertex 26.3 4.17 -0.43
   vertex 26.3 19.7 -0.43
   vertex 29.3 14.732 -0.43
  endloop
 endfacet
  facet normal 0 0 0
    outer loop
   vertex 29.3 14.732 -0.43
   vertex 26.3 19.7 -0.43
   vertex 29.3 23.06 -0.43
  endloop
 endfacet
  facet normal 0 0 0
    outer loop
   vertex 38.8 4.175 -0.43
   vertex 38.8 19.705 -0.43
   vertex 41.8 14.736 -0.43
  endloop
 endfacet
  facet normal 0 0 0
    outer loop
   vertex 41.8 14.736 -0.43
   vertex 38.8 19.705 -0.43
   vertex 41.8 23.063 -0.43
  endloop
 endfacet
  facet normal 0 0 0
    outer loop
   vertex -3.37 11.79 -0.43
   vertex -3.37 23.648 -0.43
   vertex -1 15.755 -0.43
  endloop
 endfacet
  facet normal 0 0 0
    outer loop
   vertex 23.05 1.482 -0.43
   vertex 20.05 9.34 -0.43
   vertex 23.05 14.313 -0.43
  endloop
 endfacet
  facet normal 0 0 0
    outer loop
   vertex 21.813 -8.88 -0.43
   vertex 20.05 -1 -0.43
   vertex 23.05 -1 -0.43
  endloop
 endfacet
  facet normal 0 0 0
    outer loop
   vertex 20.05 30.06 -0.43
   vertex 21.812 40 -0.43
   vertex 23.05 30.06 -0.43
  endloop
 endfacet
  facet normal 0 0 0
    outer loop
   vertex 7.55 9.302 -0.43
   vertex 7.55 17.985 -0.43
   vertex 10.55 14.284 -0.43
  endloop
 endfacet
  facet normal 0 0 0
    outer loop
   vertex 10.55 14.284 -0.43
   vertex 7.55 17.985 -0.43
   vertex 10.55 23.314 -0.43
  endloop
 endfacet
  facet normal 0 0 0
    outer loop
   vertex 20.05 9.34 -0.43
   vertex 20.05 18.017 -0.43
   vertex 23.05 14.313 -0.43
  endloop
 endfacet
  facet normal 0 0 0
    outer loop
   vertex 20.05 18.017 -0.43
   vertex 20.05 26.694 -0.43
   vertex 23.05 23.337 -0.43
  endloop
 endfacet
  facet normal 0 0 0
    outer loop
   vertex 23.05 14.313 -0.43
   vertex 20.05 18.017 -0.43
   vertex 23.05 23.337 -0.43
  endloop
 endfacet
  facet normal 0 0 0
    outer loop
   vertex 32.55 9.35 -0.43
   vertex 32.55 18.025 -0.43
   vertex 35.55 14.32 -0.43
  endloop
 endfacet
  facet normal 0 0 0
    outer loop
   vertex 35.55 14.32 -0.43
   vertex 32.55 18.025 -0.43
   vertex 35.55 23.342 -0.43
  endloop
 endfacet
  facet normal 0 0 0
    outer loop
   vertex 45.05 9.353 -0.43
   vertex 45.05 18.027 -0.43
   vertex 48.05 14.731 -0.43
  endloop
 endfacet
  facet normal 0 0 0
    outer loop
   vertex 48.05 14.731 -0.43
   vertex 45.05 18.027 -0.43
   vertex 48.05 23.753 -0.43
  endloop
 endfacet
  facet normal 0 0 0
    outer loop
   vertex 51.3 12.154 -0.43
   vertex 51.3 20.558 -0.43
   vertex 54.3 19.208 -0.43
  endloop
 endfacet
  facet normal 0 0 0
    outer loop
   vertex 54.3 8.355 -0.43
   vertex 51.3 12.154 -0.43
   vertex 54.3 19.208 -0.43
  endloop
 endfacet
  facet normal 0 0 0
    outer loop
   vertex -10.32 11.79 -0.43
   vertex -13.662 18.95 -0.43
   vertex -10.32 26.11 -0.43
  endloop
 endfacet
  facet normal 0 0 0
    outer loop
   vertex 21.813 -8.88 -0.43
   vertex 16.8 -1 -0.43
   vertex 20.05 -1 -0.43
  endloop
 endfacet
  facet normal 0 0 0
    outer loop
   vertex 11.159 -8.88 -0.43
   vertex 16.8 -1 -0.43
   vertex 21.813 -8.88 -0.43
  endloop
 endfacet
  facet normal 0 0 0
    outer loop
   vertex 56.6 14.53 -0.43
   vertex 56.6 22.295 -0.43
   vertex 64.425 15.56 -0.43
  endloop
 endfacet
  facet normal 0 0 0
    outer loop
   vertex -17.08 9.45 -0.43
   vertex -13.662 18.95 -0.43
   vertex -10.32 11.79 -0.43
  endloop
 endfacet
  facet normal 0 0 0
    outer loop
   vertex -17.08 9.45 -0.43
   vertex -20.8 15.56 -0.43
   vertex -13.662 18.95 -0.43
  endloop
 endfacet
  facet normal 0 0 0
    outer loop
   vertex 41.8 23.063 -0.43
   vertex 38.8 28.97 -0.43
   vertex 41.8 30.06 -0.43
  endloop
 endfacet
  facet normal 0 0 0
    outer loop
   vertex 51.3 28.971 -0.43
   vertex 51.3 30.06 -0.43
   vertex 54.3 30.06 -0.43
  endloop
 endfacet
  facet normal 0 0 0
    outer loop
   vertex 32.55 18.025 -0.43
   vertex 32.55 26.7 -0.43
   vertex 35.55 23.342 -0.43
  endloop
 endfacet
  facet normal 0 0 0
    outer loop
   vertex 51.3 20.558 -0.43
   vertex 51.3 28.971 -0.43
   vertex 54.3 30.06 -0.43
  endloop
 endfacet
  facet normal 0 0 0
    outer loop
   vertex 48.05 23.753 -0.43
   vertex 45.05 26.702 -0.43
   vertex 48.05 30.06 -0.43
  endloop
 endfacet
  facet normal 0 0 0
    outer loop
   vertex 45.05 18.027 -0.43
   vertex 45.05 26.702 -0.43
   vertex 48.05 23.753 -0.43
  endloop
 endfacet
  facet normal 0 0 0
    outer loop
   vertex 32.55 26.7 -0.43
   vertex 32.55 30.06 -0.43
   vertex 35.55 30.06 -0.43
  endloop
 endfacet
  facet normal 0 0 0
    outer loop
   vertex 54.3 19.208 -0.43
   vertex 51.3 20.558 -0.43
   vertex 54.3 30.06 -0.43
  endloop
 endfacet
  facet normal 0 0 0
    outer loop
   vertex 29.3 23.06 -0.43
   vertex 26.3 28.968 -0.43
   vertex 29.3 30.06 -0.43
  endloop
 endfacet
  facet normal 0 0 0
    outer loop
   vertex 38.8 28.97 -0.43
   vertex 38.8 30.06 -0.43
   vertex 41.8 30.06 -0.43
  endloop
 endfacet
  facet normal 0 0 0
    outer loop
   vertex 64.425 27.78 -0.43
   vertex 56.6 30.06 -0.43
   vertex 64.425 40 -0.43
  endloop
 endfacet
  facet normal 0 0 0
    outer loop
   vertex 35.55 23.342 -0.43
   vertex 32.55 26.7 -0.43
   vertex 35.55 30.06 -0.43
  endloop
 endfacet
  facet normal 0 0 0
    outer loop
   vertex 41.8 30.06 -0.43
   vertex 43.119 40 -0.43
   vertex 45.05 30.06 -0.43
  endloop
 endfacet
  facet normal 0 0 0
    outer loop
   vertex 48.445 36.449 -0.43
   vertex 43.119 40 -0.43
   vertex 53.772 40 -0.43
  endloop
 endfacet
  facet normal 0 0 0
    outer loop
   vertex 45.05 30.06 -0.43
   vertex 48.445 36.449 -0.43
   vertex 48.05 30.06 -0.43
  endloop
 endfacet
  facet normal 0 0 0
    outer loop
   vertex 45.05 30.06 -0.43
   vertex 43.119 40 -0.43
   vertex 48.445 36.449 -0.43
  endloop
 endfacet
  facet normal 0 0 0
    outer loop
   vertex 48.05 30.06 -0.43
   vertex 48.445 36.449 -0.43
   vertex 51.3 30.06 -0.43
  endloop
 endfacet
  facet normal 0 0 0
    outer loop
   vertex 56.6 30.06 -0.43
   vertex 55.45 35.105 -0.43
   vertex 64.425 40 -0.43
  endloop
 endfacet
  facet normal 0 0 0
    outer loop
   vertex 55.45 35.105 -0.43
   vertex 53.772 40 -0.43
   vertex 64.425 40 -0.43
  endloop
 endfacet
  facet normal 0 0 0
    outer loop
   vertex 54.3 30.06 -0.43
   vertex 55.45 35.105 -0.43
   vertex 56.6 30.06 -0.43
  endloop
 endfacet
  facet normal 0 0 0
    outer loop
   vertex 55.45 35.105 -0.43
   vertex 48.445 36.449 -0.43
   vertex 53.772 40 -0.43
  endloop
 endfacet
  facet normal 0 0 0
    outer loop
   vertex 51.3 30.06 -0.43
   vertex 55.45 35.105 -0.43
   vertex 54.3 30.06 -0.43
  endloop
 endfacet
  facet normal 0 0 0
    outer loop
   vertex 51.3 30.06 -0.43
   vertex 48.445 36.449 -0.43
   vertex 55.45 35.105 -0.43
  endloop
 endfacet
  facet normal 0 0 0
    outer loop
   vertex 45.05 26.702 -0.43
   vertex 45.05 30.06 -0.43
   vertex 48.05 30.06 -0.43
  endloop
 endfacet
  facet normal 0 0 0
    outer loop
   vertex 27.8 36.012 -0.43
   vertex 21.812 40 -0.43
   vertex 32.466 40 -0.43
  endloop
 endfacet
  facet normal 0 0 0
    outer loop
   vertex 26.3 30.06 -0.43
   vertex 27.8 36.012 -0.43
   vertex 29.3 30.06 -0.43
  endloop
 endfacet
  facet normal 0 0 0
    outer loop
   vertex 23.05 30.06 -0.43
   vertex 21.812 40 -0.43
   vertex 27.8 36.012 -0.43
  endloop
 endfacet
  facet normal 0 0 0
    outer loop
   vertex 23.05 30.06 -0.43
   vertex 27.8 36.012 -0.43
   vertex 26.3 30.06 -0.43
  endloop
 endfacet
  facet normal 0 0 0
    outer loop
   vertex 29.3 30.06 -0.43
   vertex 27.8 36.012 -0.43
   vertex 32.55 30.06 -0.43
  endloop
 endfacet
  facet normal 0 0 0
    outer loop
   vertex 32.55 30.06 -0.43
   vertex 27.8 36.012 -0.43
   vertex 32.466 40 -0.43
  endloop
 endfacet
  facet normal 0 0 0
    outer loop
   vertex 37.792 36.406 -0.43
   vertex 32.466 40 -0.43
   vertex 43.119 40 -0.43
  endloop
 endfacet
  facet normal 0 0 0
    outer loop
   vertex 35.55 30.06 -0.43
   vertex 37.792 36.406 -0.43
   vertex 38.8 30.06 -0.43
  endloop
 endfacet
  facet normal 0 0 0
    outer loop
   vertex 38.8 30.06 -0.43
   vertex 37.792 36.406 -0.43
   vertex 41.8 30.06 -0.43
  endloop
 endfacet
  facet normal 0 0 0
    outer loop
   vertex 41.8 30.06 -0.43
   vertex 37.792 36.406 -0.43
   vertex 43.119 40 -0.43
  endloop
 endfacet
  facet normal 0 0 0
    outer loop
   vertex 32.55 30.06 -0.43
   vertex 37.792 36.406 -0.43
   vertex 35.55 30.06 -0.43
  endloop
 endfacet
  facet normal 0 0 0
    outer loop
   vertex 32.55 30.06 -0.43
   vertex 32.466 40 -0.43
   vertex 37.792 36.406 -0.43
  endloop
 endfacet
  facet normal 0 0 0
    outer loop
   vertex 26.3 28.968 -0.43
   vertex 26.3 30.06 -0.43
   vertex 29.3 30.06 -0.43
  endloop
 endfacet
  facet normal 0 0 0
    outer loop
   vertex 64.425 15.56 -0.43
   vertex 56.6 22.295 -0.43
   vertex 64.425 27.78 -0.43
  endloop
 endfacet
  facet normal 0 0 0
    outer loop
   vertex 56.6 22.295 -0.43
   vertex 56.6 30.06 -0.43
   vertex 64.425 27.78 -0.43
  endloop
 endfacet
  facet normal 0 0 0
    outer loop
   vertex 38.8 19.705 -0.43
   vertex 38.8 28.97 -0.43
   vertex 41.8 23.063 -0.43
  endloop
 endfacet
  facet normal 0 0 0
    outer loop
   vertex 26.3 19.7 -0.43
   vertex 26.3 28.968 -0.43
   vertex 29.3 23.06 -0.43
  endloop
 endfacet
  facet normal 0 0 0
    outer loop
   vertex -20.8 15.56 -0.43
   vertex -20.8 27.78 -0.43
   vertex -13.662 18.95 -0.43
  endloop
 endfacet
  facet normal 0 0 0
    outer loop
   vertex -1 15.755 -0.43
   vertex -3.37 23.648 -0.43
   vertex -1 22.808 -0.43
  endloop
 endfacet
  facet normal 0 0 0
    outer loop
   vertex -1 22.808 -0.43
   vertex -3.37 23.648 -0.43
   vertex -3.37 26.11 -0.43
  endloop
 endfacet
  facet normal 0 0 0
    outer loop
   vertex 4.3 22.995 -0.43
   vertex 1.3 28.515 -0.43
   vertex 4.3 30.06 -0.43
  endloop
 endfacet
  facet normal 0 0 0
    outer loop
   vertex 13.8 28.96 -0.43
   vertex 13.8 30.06 -0.43
   vertex 16.8 30.06 -0.43
  endloop
 endfacet
  facet normal 0 0 0
    outer loop
   vertex 10.55 23.314 -0.43
   vertex 7.55 26.669 -0.43
   vertex 10.55 30.06 -0.43
  endloop
 endfacet
  facet normal 0 0 0
    outer loop
   vertex 7.55 26.669 -0.43
   vertex 7.55 30.06 -0.43
   vertex 10.55 30.06 -0.43
  endloop
 endfacet
  facet normal 0 0 0
    outer loop
   vertex 1.3 28.515 -0.43
   vertex 1.3 30.06 -0.43
   vertex 4.3 30.06 -0.43
  endloop
 endfacet
  facet normal 0 0 0
    outer loop
   vertex 13.8 19.681 -0.43
   vertex 13.8 28.96 -0.43
   vertex 16.8 23.047 -0.43
  endloop
 endfacet
  facet normal 0 0 0
    outer loop
   vertex 7.55 17.985 -0.43
   vertex 7.55 26.669 -0.43
   vertex 10.55 23.314 -0.43
  endloop
 endfacet
  facet normal 0 0 0
    outer loop
   vertex 1.3 19.603 -0.43
   vertex 1.3 28.515 -0.43
   vertex 4.3 22.995 -0.43
  endloop
 endfacet
  facet normal 0 0 0
    outer loop
   vertex 16.8 23.047 -0.43
   vertex 13.8 28.96 -0.43
   vertex 16.8 30.06 -0.43
  endloop
 endfacet
  facet normal 0 0 0
    outer loop
   vertex -1 22.808 -0.43
   vertex -3.37 26.11 -0.43
   vertex -1 30.06 -0.43
  endloop
 endfacet
  facet normal 0 0 0
    outer loop
   vertex -1 30.06 -0.43
   vertex 0.15 34.97 -0.43
   vertex 1.3 30.06 -0.43
  endloop
 endfacet
  facet normal 0 0 0
    outer loop
   vertex 7.55 30.06 -0.43
   vertex 11.159 40 -0.43
   vertex 10.55 30.06 -0.43
  endloop
 endfacet
  facet normal 0 0 0
    outer loop
   vertex 0.15 34.97 -0.43
   vertex 0.506 40 -0.43
   vertex 11.159 40 -0.43
  endloop
 endfacet
  facet normal 0 0 0
    outer loop
   vertex 4.3 30.06 -0.43
   vertex 0.15 34.97 -0.43
   vertex 7.55 30.06 -0.43
  endloop
 endfacet
  facet normal 0 0 0
    outer loop
   vertex 7.55 30.06 -0.43
   vertex 0.15 34.97 -0.43
   vertex 11.159 40 -0.43
  endloop
 endfacet
  facet normal 0 0 0
    outer loop
   vertex 1.3 30.06 -0.43
   vertex 0.15 34.97 -0.43
   vertex 4.3 30.06 -0.43
  endloop
 endfacet
  facet normal 0 0 0
    outer loop
   vertex -13.662 18.95 -0.43
   vertex -20.8 27.78 -0.43
   vertex -10.32 26.11 -0.43
  endloop
 endfacet
  facet normal 0 0 0
    outer loop
   vertex -10.32 26.11 -0.43
   vertex -20.8 27.78 -0.43
   vertex -15.473 33.89 -0.43
  endloop
 endfacet
  facet normal 0 0 0
    outer loop
   vertex -20.8 27.78 -0.43
   vertex -20.8 40 -0.43
   vertex -15.473 33.89 -0.43
  endloop
 endfacet
  facet normal 0 0 0
    outer loop
   vertex -15.473 33.89 -0.43
   vertex -20.8 40 -0.43
   vertex -10.147 40 -0.43
  endloop
 endfacet
  facet normal 0 0 0
    outer loop
   vertex -3.37 26.11 -0.43
   vertex -7.753 33.024 -0.43
   vertex -1 30.06 -0.43
  endloop
 endfacet
  facet normal 0 0 0
    outer loop
   vertex -10.32 26.11 -0.43
   vertex -7.753 33.024 -0.43
   vertex -3.37 26.11 -0.43
  endloop
 endfacet
  facet normal 0 0 0
    outer loop
   vertex -1 30.06 -0.43
   vertex -7.753 33.024 -0.43
   vertex 0.15 34.97 -0.43
  endloop
 endfacet
  facet normal 0 0 0
    outer loop
   vertex -7.753 33.024 -0.43
   vertex -15.473 33.89 -0.43
   vertex -10.147 40 -0.43
  endloop
 endfacet
  facet normal 0 0 0
    outer loop
   vertex -10.32 26.11 -0.43
   vertex -15.473 33.89 -0.43
   vertex -7.753 33.024 -0.43
  endloop
 endfacet
  facet normal 0 0 0
    outer loop
   vertex -7.753 33.024 -0.43
   vertex -10.147 40 -0.43
   vertex 0.506 40 -0.43
  endloop
 endfacet
  facet normal 0 0 0
    outer loop
   vertex -7.753 33.024 -0.43
   vertex 0.506 40 -0.43
   vertex 0.15 34.97 -0.43
  endloop
 endfacet
  facet normal 0 0 0
    outer loop
   vertex 16.486 36.452 -0.43
   vertex 11.159 40 -0.43
   vertex 21.812 40 -0.43
  endloop
 endfacet
  facet normal 0 0 0
    outer loop
   vertex 13.8 30.06 -0.43
   vertex 16.486 36.452 -0.43
   vertex 16.8 30.06 -0.43
  endloop
 endfacet
  facet normal 0 0 0
    outer loop
   vertex 16.8 30.06 -0.43
   vertex 16.486 36.452 -0.43
   vertex 20.05 30.06 -0.43
  endloop
 endfacet
  facet normal 0 0 0
    outer loop
   vertex 20.05 30.06 -0.43
   vertex 16.486 36.452 -0.43
   vertex 21.812 40 -0.43
  endloop
 endfacet
  facet normal 0 0 0
    outer loop
   vertex 10.55 30.06 -0.43
   vertex 11.159 40 -0.43
   vertex 16.486 36.452 -0.43
  endloop
 endfacet
  facet normal 0 0 0
    outer loop
   vertex 10.55 30.06 -0.43
   vertex 16.486 36.452 -0.43
   vertex 13.8 30.06 -0.43
  endloop
 endfacet
  facet normal 0 0 0
    outer loop
   vertex -20.8 3.34 -0.43
   vertex -20.8 15.56 -0.43
   vertex -17.08 9.45 -0.43
  endloop
 endfacet
  facet normal 0 0 0
    outer loop
   vertex 7.55 -1 -0.43
   vertex 7.55 9.302 -0.43
   vertex 10.55 1.472 -0.43
  endloop
 endfacet
  facet normal 0 0 0
    outer loop
   vertex 4.3 2.807 -0.43
   vertex 1.3 6.32 -0.43
   vertex 4.3 14.658 -0.43
  endloop
 endfacet
  facet normal 0 0 0
    outer loop
   vertex -20.8 -8.88 -0.43
   vertex -15.473 -2.77 -0.43
   vertex -10.147 -8.88 -0.43
  endloop
 endfacet
  facet normal 0 0 0
    outer loop
   vertex -20.8 -8.88 -0.43
   vertex -20.8 3.34 -0.43
   vertex -15.473 -2.77 -0.43
  endloop
 endfacet
  facet normal 0 0 0
    outer loop
   vertex 10.55 1.472 -0.43
   vertex 7.55 9.302 -0.43
   vertex 10.55 14.284 -0.43
  endloop
 endfacet
  facet normal 0 0 0
    outer loop
   vertex 1.3 -1 -0.43
   vertex 1.3 6.32 -0.43
   vertex 4.3 2.807 -0.43
  endloop
 endfacet
  facet normal 0 0 0
    outer loop
   vertex 1.3 -1 -0.43
   vertex 4.3 2.807 -0.43
   vertex 4.3 -1 -0.43
  endloop
 endfacet
  facet normal 0 0 0
    outer loop
   vertex 13.8 -1 -0.43
   vertex 16.8 1.678 -0.43
   vertex 16.8 -1 -0.43
  endloop
 endfacet
  facet normal 0 0 0
    outer loop
   vertex 0.506 -8.88 -0.43
   vertex -1 -1 -0.43
   vertex 1.3 -1 -0.43
  endloop
 endfacet
  facet normal 0 0 0
    outer loop
   vertex 11.159 -8.88 -0.43
   vertex 7.55 -1 -0.43
   vertex 10.55 -1 -0.43
  endloop
 endfacet
  facet normal 0 0 0
    outer loop
   vertex 11.159 -8.88 -0.43
   vertex 10.55 -1 -0.43
   vertex 13.8 -1 -0.43
  endloop
 endfacet
  facet normal 0 0 0
    outer loop
   vertex 11.159 -8.88 -0.43
   vertex 4.3 -1 -0.43
   vertex 7.55 -1 -0.43
  endloop
 endfacet
  facet normal 0 0 0
    outer loop
   vertex 0.506 -8.88 -0.43
   vertex 4.3 -1 -0.43
   vertex 11.159 -8.88 -0.43
  endloop
 endfacet
  facet normal 0 0 0
    outer loop
   vertex 0.506 -8.88 -0.43
   vertex 1.3 -1 -0.43
   vertex 4.3 -1 -0.43
  endloop
 endfacet
  facet normal 0 0 0
    outer loop
   vertex 11.159 -8.88 -0.43
   vertex 13.8 -1 -0.43
   vertex 16.8 -1 -0.43
  endloop
 endfacet
  facet normal 0 0 0
    outer loop
   vertex -10.147 -8.88 -0.43
   vertex -1 -1 -0.43
   vertex 0.506 -8.88 -0.43
  endloop
 endfacet
  facet normal 0 0 0
    outer loop
   vertex 13.8 -1 -0.43
   vertex 13.8 4.151 -0.43
   vertex 16.8 1.678 -0.43
  endloop
 endfacet
  facet normal 0 0 0
    outer loop
   vertex 16.8 1.678 -0.43
   vertex 13.8 4.151 -0.43
   vertex 16.8 6.642 -0.43
  endloop
 endfacet
  facet normal 0 0 0
    outer loop
   vertex 7.55 -1 -0.43
   vertex 10.55 1.472 -0.43
   vertex 10.55 -1 -0.43
  endloop
 endfacet
  facet normal 0 0 0
    outer loop
   vertex 13.8 4.151 -0.43
   vertex 16.8 14.717 -0.43
   vertex 16.8 6.642 -0.43
  endloop
 endfacet
  facet normal 0 0 0
    outer loop
   vertex -1 -1 -0.43
   vertex -8.843 3.075 -0.43
   vertex -1 9.014 -0.43
  endloop
 endfacet
  facet normal 0 0 0
    outer loop
   vertex -10.147 -8.88 -0.43
   vertex -8.843 3.075 -0.43
   vertex -1 -1 -0.43
  endloop
 endfacet
  facet normal 0 0 0
    outer loop
   vertex -10.147 -8.88 -0.43
   vertex -15.473 -2.77 -0.43
   vertex -8.843 3.075 -0.43
  endloop
 endfacet
  facet normal 0 0 0
    outer loop
   vertex -8.843 3.075 -0.43
   vertex -17.08 9.45 -0.43
   vertex -10.32 11.79 -0.43
  endloop
 endfacet
  facet normal 0 0 0
    outer loop
   vertex -8.843 3.075 -0.43
   vertex -3.37 11.79 -0.43
   vertex -1 9.014 -0.43
  endloop
 endfacet
  facet normal 0 0 0
    outer loop
   vertex -8.843 3.075 -0.43
   vertex -10.32 11.79 -0.43
   vertex -3.37 11.79 -0.43
  endloop
 endfacet
  facet normal 0 0 0
    outer loop
   vertex -8.843 3.075 -0.43
   vertex -20.8 3.34 -0.43
   vertex -17.08 9.45 -0.43
  endloop
 endfacet
  facet normal 0 0 0
    outer loop
   vertex -15.473 -2.77 -0.43
   vertex -20.8 3.34 -0.43
   vertex -8.843 3.075 -0.43
  endloop
 endfacet
  facet normal 0 0 0
    outer loop
   vertex 32.466 -8.88 -0.43
   vertex 26.3 -1 -0.43
   vertex 29.3 -1 -0.43
  endloop
 endfacet
  facet normal 0 0 0
    outer loop
   vertex 56.6 6.765 -0.43
   vertex 56.6 14.53 -0.43
   vertex 64.425 15.56 -0.43
  endloop
 endfacet
  facet normal 0 0 0
    outer loop
   vertex 56.6 -1 -0.43
   vertex 56.6 6.765 -0.43
   vertex 64.425 3.34 -0.43
  endloop
 endfacet
  facet normal 0 0 0
    outer loop
   vertex 64.425 3.34 -0.43
   vertex 56.6 6.765 -0.43
   vertex 64.425 15.56 -0.43
  endloop
 endfacet
  facet normal 0 0 0
    outer loop
   vertex 21.813 -8.88 -0.43
   vertex 26.3 -1 -0.43
   vertex 32.466 -8.88 -0.43
  endloop
 endfacet
  facet normal 0 0 0
    outer loop
   vertex 21.813 -8.88 -0.43
   vertex 23.05 -1 -0.43
   vertex 26.3 -1 -0.43
  endloop
 endfacet
  facet normal 0 0 0
    outer loop
   vertex 53.772 -8.88 -0.43
   vertex 54.3 -1 -0.43
   vertex 56.6 -1 -0.43
  endloop
 endfacet
  facet normal 0 0 0
    outer loop
   vertex 53.772 -8.88 -0.43
   vertex 51.3 -1 -0.43
   vertex 54.3 -1 -0.43
  endloop
 endfacet
  facet normal 0 0 0
    outer loop
   vertex 43.119 -8.88 -0.43
   vertex 48.05 -1 -0.43
   vertex 53.772 -8.88 -0.43
  endloop
 endfacet
  facet normal 0 0 0
    outer loop
   vertex 53.772 -8.88 -0.43
   vertex 48.05 -1 -0.43
   vertex 51.3 -1 -0.43
  endloop
 endfacet
  facet normal 0 0 0
    outer loop
   vertex 45.05 -1 -0.43
   vertex 48.05 1.28 -0.43
   vertex 48.05 -1 -0.43
  endloop
 endfacet
  facet normal 0 0 0
    outer loop
   vertex 45.05 -1 -0.43
   vertex 45.05 9.353 -0.43
   vertex 48.05 6.664 -0.43
  endloop
 endfacet
  facet normal 0 0 0
    outer loop
   vertex 45.05 -1 -0.43
   vertex 48.05 6.664 -0.43
   vertex 48.05 1.28 -0.43
  endloop
 endfacet
  facet normal 0 0 0
    outer loop
   vertex 48.05 6.664 -0.43
   vertex 45.05 9.353 -0.43
   vertex 48.05 14.731 -0.43
  endloop
 endfacet
  facet normal 0 0 0
    outer loop
   vertex 38.8 -1 -0.43
   vertex 41.8 1.691 -0.43
   vertex 41.8 -1 -0.43
  endloop
 endfacet
  facet normal 0 0 0
    outer loop
   vertex 51.3 -1 -0.43
   vertex 54.3 1.062 -0.43
   vertex 54.3 -1 -0.43
  endloop
 endfacet
  facet normal 0 0 0
    outer loop
   vertex 51.3 -1 -0.43
   vertex 51.3 3.751 -0.43
   vertex 54.3 1.062 -0.43
  endloop
 endfacet
  facet normal 0 0 0
    outer loop
   vertex 54.3 1.062 -0.43
   vertex 51.3 3.751 -0.43
   vertex 54.3 8.355 -0.43
  endloop
 endfacet
  facet normal 0 0 0
    outer loop
   vertex 38.8 -1 -0.43
   vertex 38.8 4.175 -0.43
   vertex 41.8 1.691 -0.43
  endloop
 endfacet
  facet normal 0 0 0
    outer loop
   vertex 41.8 1.691 -0.43
   vertex 38.8 4.175 -0.43
   vertex 41.8 6.66 -0.43
  endloop
 endfacet
  facet normal 0 0 0
    outer loop
   vertex 26.3 -1 -0.43
   vertex 29.3 1.689 -0.43
   vertex 29.3 -1 -0.43
  endloop
 endfacet
  facet normal 0 0 0
    outer loop
   vertex 38.8 4.175 -0.43
   vertex 41.8 14.736 -0.43
   vertex 41.8 6.66 -0.43
  endloop
 endfacet
  facet normal 0 0 0
    outer loop
   vertex 51.3 3.751 -0.43
   vertex 51.3 12.154 -0.43
   vertex 54.3 8.355 -0.43
  endloop
 endfacet
  facet normal 0 0 0
    outer loop
   vertex 26.3 4.17 -0.43
   vertex 29.3 14.732 -0.43
   vertex 29.3 6.657 -0.43
  endloop
 endfacet
  facet normal 0 0 0
    outer loop
   vertex 32.55 -1 -0.43
   vertex 32.55 9.35 -0.43
   vertex 35.55 1.484 -0.43
  endloop
 endfacet
  facet normal 0 0 0
    outer loop
   vertex 35.55 1.484 -0.43
   vertex 32.55 9.35 -0.43
   vertex 35.55 14.32 -0.43
  endloop
 endfacet
  facet normal 0 0 0
    outer loop
   vertex 32.55 -1 -0.43
   vertex 35.55 1.484 -0.43
   vertex 35.55 -1 -0.43
  endloop
 endfacet
  facet normal 0 0 0
    outer loop
   vertex 64.425 -8.88 -0.43
   vertex 56.6 -1 -0.43
   vertex 64.425 3.34 -0.43
  endloop
 endfacet
  facet normal 0 0 0
    outer loop
   vertex 26.3 -1 -0.43
   vertex 26.3 4.17 -0.43
   vertex 29.3 1.689 -0.43
  endloop
 endfacet
  facet normal 0 0 0
    outer loop
   vertex 43.119 -8.88 -0.43
   vertex 41.8 -1 -0.43
   vertex 45.05 -1 -0.43
  endloop
 endfacet
  facet normal 0 0 0
    outer loop
   vertex 43.119 -8.88 -0.43
   vertex 38.8 -1 -0.43
   vertex 41.8 -1 -0.43
  endloop
 endfacet
  facet normal 0 0 0
    outer loop
   vertex 43.119 -8.88 -0.43
   vertex 45.05 -1 -0.43
   vertex 48.05 -1 -0.43
  endloop
 endfacet
  facet normal 0 0 0
    outer loop
   vertex 29.3 1.689 -0.43
   vertex 26.3 4.17 -0.43
   vertex 29.3 6.657 -0.43
  endloop
 endfacet
  facet normal 0 0 0
    outer loop
   vertex 53.772 -8.88 -0.43
   vertex 56.6 -1 -0.43
   vertex 64.425 -8.88 -0.43
  endloop
 endfacet
  facet normal 0 0 0
    outer loop
   vertex 32.466 -8.88 -0.43
   vertex 35.55 -1 -0.43
   vertex 38.8 -1 -0.43
  endloop
 endfacet
  facet normal 0 0 0
    outer loop
   vertex 32.466 -8.88 -0.43
   vertex 38.8 -1 -0.43
   vertex 43.119 -8.88 -0.43
  endloop
 endfacet
  facet normal 0 0 0
    outer loop
   vertex 32.466 -8.88 -0.43
   vertex 32.55 -1 -0.43
   vertex 35.55 -1 -0.43
  endloop
 endfacet
  facet normal 0 0 0
    outer loop
   vertex 32.466 -8.88 -0.43
   vertex 29.3 -1 -0.43
   vertex 32.55 -1 -0.43
  endloop
 endfacet
  facet normal 0 0 0
    outer loop
   vertex -1 15.755 -0.1
   vertex -3.37 11.79 -0.1
   vertex -1 9.014 -0.1
  endloop
 endfacet
  facet normal 0 0 0
    outer loop
   vertex 4.3 14.658 -0.1
   vertex 1.3 19.603 -0.1
   vertex 1.3 6.32 -0.1
  endloop
 endfacet
  facet normal 0 0 0
    outer loop
   vertex 4.3 22.995 -0.1
   vertex 1.3 19.603 -0.1
   vertex 4.3 14.658 -0.1
  endloop
 endfacet
  facet normal 0 0 0
    outer loop
   vertex 23.05 30.06 -0.1
   vertex 20.05 30.06 -0.1
   vertex 20.05 26.694 -0.1
  endloop
 endfacet
  facet normal 0 0 0
    outer loop
   vertex 16.8 14.717 -0.1
   vertex 13.8 19.681 -0.1
   vertex 13.8 4.151 -0.1
  endloop
 endfacet
  facet normal 0 0 0
    outer loop
   vertex 16.8 23.047 -0.1
   vertex 13.8 19.681 -0.1
   vertex 16.8 14.717 -0.1
  endloop
 endfacet
  facet normal 0 0 0
    outer loop
   vertex 23.05 1.482 -0.1
   vertex 20.05 9.34 -0.1
   vertex 20.05 -1 -0.1
  endloop
 endfacet
  facet normal 0 0 0
    outer loop
   vertex 23.05 -1 -0.1
   vertex 23.05 1.482 -0.1
   vertex 20.05 -1 -0.1
  endloop
 endfacet
  facet normal 0 0 0
    outer loop
   vertex 23.05 30.06 -0.1
   vertex 20.05 26.694 -0.1
   vertex 23.05 23.337 -0.1
  endloop
 endfacet
  facet normal 0 0 0
    outer loop
   vertex 29.3 14.732 -0.1
   vertex 26.3 19.7 -0.1
   vertex 26.3 4.17 -0.1
  endloop
 endfacet
  facet normal 0 0 0
    outer loop
   vertex 29.3 23.06 -0.1
   vertex 26.3 19.7 -0.1
   vertex 29.3 14.732 -0.1
  endloop
 endfacet
  facet normal 0 0 0
    outer loop
   vertex 41.8 14.736 -0.1
   vertex 38.8 19.705 -0.1
   vertex 38.8 4.175 -0.1
  endloop
 endfacet
  facet normal 0 0 0
    outer loop
   vertex 41.8 23.063 -0.1
   vertex 38.8 19.705 -0.1
   vertex 41.8 14.736 -0.1
  endloop
 endfacet
  facet normal 0 0 0
    outer loop
   vertex -1 15.755 -0.1
   vertex -3.37 23.648 -0.1
   vertex -3.37 11.79 -0.1
  endloop
 endfacet
  facet normal 0 0 0
    outer loop
   vertex 23.05 14.313 -0.1
   vertex 20.05 9.34 -0.1
   vertex 23.05 1.482 -0.1
  endloop
 endfacet
  facet normal 0 0 0
    outer loop
   vertex 23.05 -1 -0.1
   vertex 20.05 -1 -0.1
   vertex 21.813 -8.88 -0.1
  endloop
 endfacet
  facet normal 0 0 0
    outer loop
   vertex 23.05 30.06 -0.1
   vertex 21.812 40 -0.1
   vertex 20.05 30.06 -0.1
  endloop
 endfacet
  facet normal 0 0 0
    outer loop
   vertex 10.55 14.284 -0.1
   vertex 7.55 17.985 -0.1
   vertex 7.55 9.302 -0.1
  endloop
 endfacet
  facet normal 0 0 0
    outer loop
   vertex 10.55 23.314 -0.1
   vertex 7.55 17.985 -0.1
   vertex 10.55 14.284 -0.1
  endloop
 endfacet
  facet normal 0 0 0
    outer loop
   vertex 23.05 14.313 -0.1
   vertex 20.05 18.017 -0.1
   vertex 20.05 9.34 -0.1
  endloop
 endfacet
  facet normal 0 0 0
    outer loop
   vertex 23.05 23.337 -0.1
   vertex 20.05 26.694 -0.1
   vertex 20.05 18.017 -0.1
  endloop
 endfacet
  facet normal 0 0 0
    outer loop
   vertex 23.05 23.337 -0.1
   vertex 20.05 18.017 -0.1
   vertex 23.05 14.313 -0.1
  endloop
 endfacet
  facet normal 0 0 0
    outer loop
   vertex 35.55 14.32 -0.1
   vertex 32.55 18.025 -0.1
   vertex 32.55 9.35 -0.1
  endloop
 endfacet
  facet normal 0 0 0
    outer loop
   vertex 35.55 23.342 -0.1
   vertex 32.55 18.025 -0.1
   vertex 35.55 14.32 -0.1
  endloop
 endfacet
  facet normal 0 0 0
    outer loop
   vertex 48.05 14.731 -0.1
   vertex 45.05 18.027 -0.1
   vertex 45.05 9.353 -0.1
  endloop
 endfacet
  facet normal 0 0 0
    outer loop
   vertex 48.05 23.753 -0.1
   vertex 45.05 18.027 -0.1
   vertex 48.05 14.731 -0.1
  endloop
 endfacet
  facet normal 0 0 0
    outer loop
   vertex 54.3 19.208 -0.1
   vertex 51.3 20.558 -0.1
   vertex 51.3 12.154 -0.1
  endloop
 endfacet
  facet normal 0 0 0
    outer loop
   vertex 54.3 19.208 -0.1
   vertex 51.3 12.154 -0.1
   vertex 54.3 8.355 -0.1
  endloop
 endfacet
  facet normal 0 0 0
    outer loop
   vertex -10.32 26.11 -0.1
   vertex -13.662 18.95 -0.1
   vertex -10.32 11.79 -0.1
  endloop
 endfacet
  facet normal 0 0 0
    outer loop
   vertex 20.05 -1 -0.1
   vertex 16.8 -1 -0.1
   vertex 21.813 -8.88 -0.1
  endloop
 endfacet
  facet normal 0 0 0
    outer loop
   vertex 21.813 -8.88 -0.1
   vertex 16.8 -1 -0.1
   vertex 11.159 -8.88 -0.1
  endloop
 endfacet
  facet normal 0 0 0
    outer loop
   vertex 64.425 15.56 -0.1
   vertex 56.6 22.295 -0.1
   vertex 56.6 14.53 -0.1
  endloop
 endfacet
  facet normal 0 0 0
    outer loop
   vertex -10.32 11.79 -0.1
   vertex -13.662 18.95 -0.1
   vertex -17.08 9.45 -0.1
  endloop
 endfacet
  facet normal 0 0 0
    outer loop
   vertex -13.662 18.95 -0.1
   vertex -20.8 15.56 -0.1
   vertex -17.08 9.45 -0.1
  endloop
 endfacet
  facet normal 0 0 0
    outer loop
   vertex 41.8 30.06 -0.1
   vertex 38.8 28.97 -0.1
   vertex 41.8 23.063 -0.1
  endloop
 endfacet
  facet normal 0 0 0
    outer loop
   vertex 54.3 30.06 -0.1
   vertex 51.3 30.06 -0.1
   vertex 51.3 28.971 -0.1
  endloop
 endfacet
  facet normal 0 0 0
    outer loop
   vertex 35.55 23.342 -0.1
   vertex 32.55 26.7 -0.1
   vertex 32.55 18.025 -0.1
  endloop
 endfacet
  facet normal 0 0 0
    outer loop
   vertex 54.3 30.06 -0.1
   vertex 51.3 28.971 -0.1
   vertex 51.3 20.558 -0.1
  endloop
 endfacet
  facet normal 0 0 0
    outer loop
   vertex 48.05 30.06 -0.1
   vertex 45.05 26.702 -0.1
   vertex 48.05 23.753 -0.1
  endloop
 endfacet
  facet normal 0 0 0
    outer loop
   vertex 48.05 23.753 -0.1
   vertex 45.05 26.702 -0.1
   vertex 45.05 18.027 -0.1
  endloop
 endfacet
  facet normal 0 0 0
    outer loop
   vertex 35.55 30.06 -0.1
   vertex 32.55 30.06 -0.1
   vertex 32.55 26.7 -0.1
  endloop
 endfacet
  facet normal 0 0 0
    outer loop
   vertex 54.3 30.06 -0.1
   vertex 51.3 20.558 -0.1
   vertex 54.3 19.208 -0.1
  endloop
 endfacet
  facet normal 0 0 0
    outer loop
   vertex 29.3 30.06 -0.1
   vertex 26.3 28.968 -0.1
   vertex 29.3 23.06 -0.1
  endloop
 endfacet
  facet normal 0 0 0
    outer loop
   vertex 41.8 30.06 -0.1
   vertex 38.8 30.06 -0.1
   vertex 38.8 28.97 -0.1
  endloop
 endfacet
  facet normal 0 0 0
    outer loop
   vertex 64.425 40 -0.1
   vertex 56.6 30.06 -0.1
   vertex 64.425 27.78 -0.1
  endloop
 endfacet
  facet normal 0 0 0
    outer loop
   vertex 35.55 30.06 -0.1
   vertex 32.55 26.7 -0.1
   vertex 35.55 23.342 -0.1
  endloop
 endfacet
  facet normal 0 0 0
    outer loop
   vertex 45.05 30.06 -0.1
   vertex 43.119 40 -0.1
   vertex 41.8 30.06 -0.1
  endloop
 endfacet
  facet normal 0 0 0
    outer loop
   vertex 53.772 40 -0.1
   vertex 43.119 40 -0.1
   vertex 48.445 36.449 -0.1
  endloop
 endfacet
  facet normal 0 0 0
    outer loop
   vertex 48.05 30.06 -0.1
   vertex 48.445 36.449 -0.1
   vertex 45.05 30.06 -0.1
  endloop
 endfacet
  facet normal 0 0 0
    outer loop
   vertex 48.445 36.449 -0.1
   vertex 43.119 40 -0.1
   vertex 45.05 30.06 -0.1
  endloop
 endfacet
  facet normal 0 0 0
    outer loop
   vertex 51.3 30.06 -0.1
   vertex 48.445 36.449 -0.1
   vertex 48.05 30.06 -0.1
  endloop
 endfacet
  facet normal 0 0 0
    outer loop
   vertex 64.425 40 -0.1
   vertex 55.45 35.105 -0.1
   vertex 56.6 30.06 -0.1
  endloop
 endfacet
  facet normal 0 0 0
    outer loop
   vertex 64.425 40 -0.1
   vertex 53.772 40 -0.1
   vertex 55.45 35.105 -0.1
  endloop
 endfacet
  facet normal 0 0 0
    outer loop
   vertex 56.6 30.06 -0.1
   vertex 55.45 35.105 -0.1
   vertex 54.3 30.06 -0.1
  endloop
 endfacet
  facet normal 0 0 0
    outer loop
   vertex 53.772 40 -0.1
   vertex 48.445 36.449 -0.1
   vertex 55.45 35.105 -0.1
  endloop
 endfacet
  facet normal 0 0 0
    outer loop
   vertex 54.3 30.06 -0.1
   vertex 55.45 35.105 -0.1
   vertex 51.3 30.06 -0.1
  endloop
 endfacet
  facet normal 0 0 0
    outer loop
   vertex 55.45 35.105 -0.1
   vertex 48.445 36.449 -0.1
   vertex 51.3 30.06 -0.1
  endloop
 endfacet
  facet normal 0 0 0
    outer loop
   vertex 48.05 30.06 -0.1
   vertex 45.05 30.06 -0.1
   vertex 45.05 26.702 -0.1
  endloop
 endfacet
  facet normal 0 0 0
    outer loop
   vertex 32.466 40 -0.1
   vertex 21.812 40 -0.1
   vertex 27.8 36.012 -0.1
  endloop
 endfacet
  facet normal 0 0 0
    outer loop
   vertex 29.3 30.06 -0.1
   vertex 27.8 36.012 -0.1
   vertex 26.3 30.06 -0.1
  endloop
 endfacet
  facet normal 0 0 0
    outer loop
   vertex 27.8 36.012 -0.1
   vertex 21.812 40 -0.1
   vertex 23.05 30.06 -0.1
  endloop
 endfacet
  facet normal 0 0 0
    outer loop
   vertex 26.3 30.06 -0.1
   vertex 27.8 36.012 -0.1
   vertex 23.05 30.06 -0.1
  endloop
 endfacet
  facet normal 0 0 0
    outer loop
   vertex 32.55 30.06 -0.1
   vertex 27.8 36.012 -0.1
   vertex 29.3 30.06 -0.1
  endloop
 endfacet
  facet normal 0 0 0
    outer loop
   vertex 32.466 40 -0.1
   vertex 27.8 36.012 -0.1
   vertex 32.55 30.06 -0.1
  endloop
 endfacet
  facet normal 0 0 0
    outer loop
   vertex 43.119 40 -0.1
   vertex 32.466 40 -0.1
   vertex 37.792 36.406 -0.1
  endloop
 endfacet
  facet normal 0 0 0
    outer loop
   vertex 38.8 30.06 -0.1
   vertex 37.792 36.406 -0.1
   vertex 35.55 30.06 -0.1
  endloop
 endfacet
  facet normal 0 0 0
    outer loop
   vertex 41.8 30.06 -0.1
   vertex 37.792 36.406 -0.1
   vertex 38.8 30.06 -0.1
  endloop
 endfacet
  facet normal 0 0 0
    outer loop
   vertex 43.119 40 -0.1
   vertex 37.792 36.406 -0.1
   vertex 41.8 30.06 -0.1
  endloop
 endfacet
  facet normal 0 0 0
    outer loop
   vertex 35.55 30.06 -0.1
   vertex 37.792 36.406 -0.1
   vertex 32.55 30.06 -0.1
  endloop
 endfacet
  facet normal 0 0 0
    outer loop
   vertex 37.792 36.406 -0.1
   vertex 32.466 40 -0.1
   vertex 32.55 30.06 -0.1
  endloop
 endfacet
  facet normal 0 0 0
    outer loop
   vertex 29.3 30.06 -0.1
   vertex 26.3 30.06 -0.1
   vertex 26.3 28.968 -0.1
  endloop
 endfacet
  facet normal 0 0 0
    outer loop
   vertex 64.425 27.78 -0.1
   vertex 56.6 22.295 -0.1
   vertex 64.425 15.56 -0.1
  endloop
 endfacet
  facet normal 0 0 0
    outer loop
   vertex 64.425 27.78 -0.1
   vertex 56.6 30.06 -0.1
   vertex 56.6 22.295 -0.1
  endloop
 endfacet
  facet normal 0 0 0
    outer loop
   vertex 41.8 23.063 -0.1
   vertex 38.8 28.97 -0.1
   vertex 38.8 19.705 -0.1
  endloop
 endfacet
  facet normal 0 0 0
    outer loop
   vertex 29.3 23.06 -0.1
   vertex 26.3 28.968 -0.1
   vertex 26.3 19.7 -0.1
  endloop
 endfacet
  facet normal 0 0 0
    outer loop
   vertex -13.662 18.95 -0.1
   vertex -20.8 27.78 -0.1
   vertex -20.8 15.56 -0.1
  endloop
 endfacet
  facet normal 0 0 0
    outer loop
   vertex -1 22.808 -0.1
   vertex -3.37 23.648 -0.1
   vertex -1 15.755 -0.1
  endloop
 endfacet
  facet normal 0 0 0
    outer loop
   vertex -3.37 26.11 -0.1
   vertex -3.37 23.648 -0.1
   vertex -1 22.808 -0.1
  endloop
 endfacet
  facet normal 0 0 0
    outer loop
   vertex 4.3 30.06 -0.1
   vertex 1.3 28.515 -0.1
   vertex 4.3 22.995 -0.1
  endloop
 endfacet
  facet normal 0 0 0
    outer loop
   vertex 16.8 30.06 -0.1
   vertex 13.8 30.06 -0.1
   vertex 13.8 28.96 -0.1
  endloop
 endfacet
  facet normal 0 0 0
    outer loop
   vertex 10.55 30.06 -0.1
   vertex 7.55 26.669 -0.1
   vertex 10.55 23.314 -0.1
  endloop
 endfacet
  facet normal 0 0 0
    outer loop
   vertex 10.55 30.06 -0.1
   vertex 7.55 30.06 -0.1
   vertex 7.55 26.669 -0.1
  endloop
 endfacet
  facet normal 0 0 0
    outer loop
   vertex 4.3 30.06 -0.1
   vertex 1.3 30.06 -0.1
   vertex 1.3 28.515 -0.1
  endloop
 endfacet
  facet normal 0 0 0
    outer loop
   vertex 16.8 23.047 -0.1
   vertex 13.8 28.96 -0.1
   vertex 13.8 19.681 -0.1
  endloop
 endfacet
  facet normal 0 0 0
    outer loop
   vertex 10.55 23.314 -0.1
   vertex 7.55 26.669 -0.1
   vertex 7.55 17.985 -0.1
  endloop
 endfacet
  facet normal 0 0 0
    outer loop
   vertex 4.3 22.995 -0.1
   vertex 1.3 28.515 -0.1
   vertex 1.3 19.603 -0.1
  endloop
 endfacet
  facet normal 0 0 0
    outer loop
   vertex 16.8 30.06 -0.1
   vertex 13.8 28.96 -0.1
   vertex 16.8 23.047 -0.1
  endloop
 endfacet
  facet normal 0 0 0
    outer loop
   vertex -1 30.06 -0.1
   vertex -3.37 26.11 -0.1
   vertex -1 22.808 -0.1
  endloop
 endfacet
  facet normal 0 0 0
    outer loop
   vertex 1.3 30.06 -0.1
   vertex 0.15 34.97 -0.1
   vertex -1 30.06 -0.1
  endloop
 endfacet
  facet normal 0 0 0
    outer loop
   vertex 10.55 30.06 -0.1
   vertex 11.159 40 -0.1
   vertex 7.55 30.06 -0.1
  endloop
 endfacet
  facet normal 0 0 0
    outer loop
   vertex 11.159 40 -0.1
   vertex 0.506 40 -0.1
   vertex 0.15 34.97 -0.1
  endloop
 endfacet
  facet normal 0 0 0
    outer loop
   vertex 7.55 30.06 -0.1
   vertex 0.15 34.97 -0.1
   vertex 4.3 30.06 -0.1
  endloop
 endfacet
  facet normal 0 0 0
    outer loop
   vertex 11.159 40 -0.1
   vertex 0.15 34.97 -0.1
   vertex 7.55 30.06 -0.1
  endloop
 endfacet
  facet normal 0 0 0
    outer loop
   vertex 4.3 30.06 -0.1
   vertex 0.15 34.97 -0.1
   vertex 1.3 30.06 -0.1
  endloop
 endfacet
  facet normal 0 0 0
    outer loop
   vertex -10.32 26.11 -0.1
   vertex -20.8 27.78 -0.1
   vertex -13.662 18.95 -0.1
  endloop
 endfacet
  facet normal 0 0 0
    outer loop
   vertex -15.473 33.89 -0.1
   vertex -20.8 27.78 -0.1
   vertex -10.32 26.11 -0.1
  endloop
 endfacet
  facet normal 0 0 0
    outer loop
   vertex -15.473 33.89 -0.1
   vertex -20.8 40 -0.1
   vertex -20.8 27.78 -0.1
  endloop
 endfacet
  facet normal 0 0 0
    outer loop
   vertex -10.147 40 -0.1
   vertex -20.8 40 -0.1
   vertex -15.473 33.89 -0.1
  endloop
 endfacet
  facet normal 0 0 0
    outer loop
   vertex -1 30.06 -0.1
   vertex -7.753 33.024 -0.1
   vertex -3.37 26.11 -0.1
  endloop
 endfacet
  facet normal 0 0 0
    outer loop
   vertex -3.37 26.11 -0.1
   vertex -7.753 33.024 -0.1
   vertex -10.32 26.11 -0.1
  endloop
 endfacet
  facet normal 0 0 0
    outer loop
   vertex 0.15 34.97 -0.1
   vertex -7.753 33.024 -0.1
   vertex -1 30.06 -0.1
  endloop
 endfacet
  facet normal 0 0 0
    outer loop
   vertex -10.147 40 -0.1
   vertex -15.473 33.89 -0.1
   vertex -7.753 33.024 -0.1
  endloop
 endfacet
  facet normal 0 0 0
    outer loop
   vertex -7.753 33.024 -0.1
   vertex -15.473 33.89 -0.1
   vertex -10.32 26.11 -0.1
  endloop
 endfacet
  facet normal 0 0 0
    outer loop
   vertex 0.506 40 -0.1
   vertex -10.147 40 -0.1
   vertex -7.753 33.024 -0.1
  endloop
 endfacet
  facet normal 0 0 0
    outer loop
   vertex 0.15 34.97 -0.1
   vertex 0.506 40 -0.1
   vertex -7.753 33.024 -0.1
  endloop
 endfacet
  facet normal 0 0 0
    outer loop
   vertex 21.812 40 -0.1
   vertex 11.159 40 -0.1
   vertex 16.486 36.452 -0.1
  endloop
 endfacet
  facet normal 0 0 0
    outer loop
   vertex 16.8 30.06 -0.1
   vertex 16.486 36.452 -0.1
   vertex 13.8 30.06 -0.1
  endloop
 endfacet
  facet normal 0 0 0
    outer loop
   vertex 20.05 30.06 -0.1
   vertex 16.486 36.452 -0.1
   vertex 16.8 30.06 -0.1
  endloop
 endfacet
  facet normal 0 0 0
    outer loop
   vertex 21.812 40 -0.1
   vertex 16.486 36.452 -0.1
   vertex 20.05 30.06 -0.1
  endloop
 endfacet
  facet normal 0 0 0
    outer loop
   vertex 16.486 36.452 -0.1
   vertex 11.159 40 -0.1
   vertex 10.55 30.06 -0.1
  endloop
 endfacet
  facet normal 0 0 0
    outer loop
   vertex 13.8 30.06 -0.1
   vertex 16.486 36.452 -0.1
   vertex 10.55 30.06 -0.1
  endloop
 endfacet
  facet normal 0 0 0
    outer loop
   vertex -17.08 9.45 -0.1
   vertex -20.8 15.56 -0.1
   vertex -20.8 3.34 -0.1
  endloop
 endfacet
  facet normal 0 0 0
    outer loop
   vertex 10.55 1.472 -0.1
   vertex 7.55 9.302 -0.1
   vertex 7.55 -1 -0.1
  endloop
 endfacet
  facet normal 0 0 0
    outer loop
   vertex 4.3 14.658 -0.1
   vertex 1.3 6.32 -0.1
   vertex 4.3 2.807 -0.1
  endloop
 endfacet
  facet normal 0 0 0
    outer loop
   vertex -10.147 -8.88 -0.1
   vertex -15.473 -2.77 -0.1
   vertex -20.8 -8.88 -0.1
  endloop
 endfacet
  facet normal 0 0 0
    outer loop
   vertex -15.473 -2.77 -0.1
   vertex -20.8 3.34 -0.1
   vertex -20.8 -8.88 -0.1
  endloop
 endfacet
  facet normal 0 0 0
    outer loop
   vertex 10.55 14.284 -0.1
   vertex 7.55 9.302 -0.1
   vertex 10.55 1.472 -0.1
  endloop
 endfacet
  facet normal 0 0 0
    outer loop
   vertex 4.3 2.807 -0.1
   vertex 1.3 6.32 -0.1
   vertex 1.3 -1 -0.1
  endloop
 endfacet
  facet normal 0 0 0
    outer loop
   vertex 4.3 -1 -0.1
   vertex 4.3 2.807 -0.1
   vertex 1.3 -1 -0.1
  endloop
 endfacet
  facet normal 0 0 0
    outer loop
   vertex 16.8 -1 -0.1
   vertex 16.8 1.678 -0.1
   vertex 13.8 -1 -0.1
  endloop
 endfacet
  facet normal 0 0 0
    outer loop
   vertex 1.3 -1 -0.1
   vertex -1 -1 -0.1
   vertex 0.506 -8.88 -0.1
  endloop
 endfacet
  facet normal 0 0 0
    outer loop
   vertex 10.55 -1 -0.1
   vertex 7.55 -1 -0.1
   vertex 11.159 -8.88 -0.1
  endloop
 endfacet
  facet normal 0 0 0
    outer loop
   vertex 13.8 -1 -0.1
   vertex 10.55 -1 -0.1
   vertex 11.159 -8.88 -0.1
  endloop
 endfacet
  facet normal 0 0 0
    outer loop
   vertex 7.55 -1 -0.1
   vertex 4.3 -1 -0.1
   vertex 11.159 -8.88 -0.1
  endloop
 endfacet
  facet normal 0 0 0
    outer loop
   vertex 11.159 -8.88 -0.1
   vertex 4.3 -1 -0.1
   vertex 0.506 -8.88 -0.1
  endloop
 endfacet
  facet normal 0 0 0
    outer loop
   vertex 4.3 -1 -0.1
   vertex 1.3 -1 -0.1
   vertex 0.506 -8.88 -0.1
  endloop
 endfacet
  facet normal 0 0 0
    outer loop
   vertex 16.8 -1 -0.1
   vertex 13.8 -1 -0.1
   vertex 11.159 -8.88 -0.1
  endloop
 endfacet
  facet normal 0 0 0
    outer loop
   vertex 0.506 -8.88 -0.1
   vertex -1 -1 -0.1
   vertex -10.147 -8.88 -0.1
  endloop
 endfacet
  facet normal 0 0 0
    outer loop
   vertex 16.8 1.678 -0.1
   vertex 13.8 4.151 -0.1
   vertex 13.8 -1 -0.1
  endloop
 endfacet
  facet normal 0 0 0
    outer loop
   vertex 16.8 6.642 -0.1
   vertex 13.8 4.151 -0.1
   vertex 16.8 1.678 -0.1
  endloop
 endfacet
  facet normal 0 0 0
    outer loop
   vertex 10.55 -1 -0.1
   vertex 10.55 1.472 -0.1
   vertex 7.55 -1 -0.1
  endloop
 endfacet
  facet normal 0 0 0
    outer loop
   vertex 16.8 6.642 -0.1
   vertex 16.8 14.717 -0.1
   vertex 13.8 4.151 -0.1
  endloop
 endfacet
  facet normal 0 0 0
    outer loop
   vertex -1 9.014 -0.1
   vertex -8.843 3.075 -0.1
   vertex -1 -1 -0.1
  endloop
 endfacet
  facet normal 0 0 0
    outer loop
   vertex -1 -1 -0.1
   vertex -8.843 3.075 -0.1
   vertex -10.147 -8.88 -0.1
  endloop
 endfacet
  facet normal 0 0 0
    outer loop
   vertex -8.843 3.075 -0.1
   vertex -15.473 -2.77 -0.1
   vertex -10.147 -8.88 -0.1
  endloop
 endfacet
  facet normal 0 0 0
    outer loop
   vertex -10.32 11.79 -0.1
   vertex -17.08 9.45 -0.1
   vertex -8.843 3.075 -0.1
  endloop
 endfacet
  facet normal 0 0 0
    outer loop
   vertex -1 9.014 -0.1
   vertex -3.37 11.79 -0.1
   vertex -8.843 3.075 -0.1
  endloop
 endfacet
  facet normal 0 0 0
    outer loop
   vertex -3.37 11.79 -0.1
   vertex -10.32 11.79 -0.1
   vertex -8.843 3.075 -0.1
  endloop
 endfacet
  facet normal 0 0 0
    outer loop
   vertex -17.08 9.45 -0.1
   vertex -20.8 3.34 -0.1
   vertex -8.843 3.075 -0.1
  endloop
 endfacet
  facet normal 0 0 0
    outer loop
   vertex -8.843 3.075 -0.1
   vertex -20.8 3.34 -0.1
   vertex -15.473 -2.77 -0.1
  endloop
 endfacet
  facet normal 0 0 0
    outer loop
   vertex 29.3 -1 -0.1
   vertex 26.3 -1 -0.1
   vertex 32.466 -8.88 -0.1
  endloop
 endfacet
  facet normal 0 0 0
    outer loop
   vertex 64.425 15.56 -0.1
   vertex 56.6 14.53 -0.1
   vertex 56.6 6.765 -0.1
  endloop
 endfacet
  facet normal 0 0 0
    outer loop
   vertex 64.425 3.34 -0.1
   vertex 56.6 6.765 -0.1
   vertex 56.6 -1 -0.1
  endloop
 endfacet
  facet normal 0 0 0
    outer loop
   vertex 64.425 15.56 -0.1
   vertex 56.6 6.765 -0.1
   vertex 64.425 3.34 -0.1
  endloop
 endfacet
  facet normal 0 0 0
    outer loop
   vertex 32.466 -8.88 -0.1
   vertex 26.3 -1 -0.1
   vertex 21.813 -8.88 -0.1
  endloop
 endfacet
  facet normal 0 0 0
    outer loop
   vertex 26.3 -1 -0.1
   vertex 23.05 -1 -0.1
   vertex 21.813 -8.88 -0.1
  endloop
 endfacet
  facet normal 0 0 0
    outer loop
   vertex 56.6 -1 -0.1
   vertex 54.3 -1 -0.1
   vertex 53.772 -8.88 -0.1
  endloop
 endfacet
  facet normal 0 0 0
    outer loop
   vertex 54.3 -1 -0.1
   vertex 51.3 -1 -0.1
   vertex 53.772 -8.88 -0.1
  endloop
 endfacet
  facet normal 0 0 0
    outer loop
   vertex 53.772 -8.88 -0.1
   vertex 48.05 -1 -0.1
   vertex 43.119 -8.88 -0.1
  endloop
 endfacet
  facet normal 0 0 0
    outer loop
   vertex 51.3 -1 -0.1
   vertex 48.05 -1 -0.1
   vertex 53.772 -8.88 -0.1
  endloop
 endfacet
  facet normal 0 0 0
    outer loop
   vertex 48.05 -1 -0.1
   vertex 48.05 1.28 -0.1
   vertex 45.05 -1 -0.1
  endloop
 endfacet
  facet normal 0 0 0
    outer loop
   vertex 48.05 6.664 -0.1
   vertex 45.05 9.353 -0.1
   vertex 45.05 -1 -0.1
  endloop
 endfacet
  facet normal 0 0 0
    outer loop
   vertex 48.05 1.28 -0.1
   vertex 48.05 6.664 -0.1
   vertex 45.05 -1 -0.1
  endloop
 endfacet
  facet normal 0 0 0
    outer loop
   vertex 48.05 14.731 -0.1
   vertex 45.05 9.353 -0.1
   vertex 48.05 6.664 -0.1
  endloop
 endfacet
  facet normal 0 0 0
    outer loop
   vertex 41.8 -1 -0.1
   vertex 41.8 1.691 -0.1
   vertex 38.8 -1 -0.1
  endloop
 endfacet
  facet normal 0 0 0
    outer loop
   vertex 54.3 -1 -0.1
   vertex 54.3 1.062 -0.1
   vertex 51.3 -1 -0.1
  endloop
 endfacet
  facet normal 0 0 0
    outer loop
   vertex 54.3 1.062 -0.1
   vertex 51.3 3.751 -0.1
   vertex 51.3 -1 -0.1
  endloop
 endfacet
  facet normal 0 0 0
    outer loop
   vertex 54.3 8.355 -0.1
   vertex 51.3 3.751 -0.1
   vertex 54.3 1.062 -0.1
  endloop
 endfacet
  facet normal 0 0 0
    outer loop
   vertex 41.8 1.691 -0.1
   vertex 38.8 4.175 -0.1
   vertex 38.8 -1 -0.1
  endloop
 endfacet
  facet normal 0 0 0
    outer loop
   vertex 41.8 6.66 -0.1
   vertex 38.8 4.175 -0.1
   vertex 41.8 1.691 -0.1
  endloop
 endfacet
  facet normal 0 0 0
    outer loop
   vertex 29.3 -1 -0.1
   vertex 29.3 1.689 -0.1
   vertex 26.3 -1 -0.1
  endloop
 endfacet
  facet normal 0 0 0
    outer loop
   vertex 41.8 6.66 -0.1
   vertex 41.8 14.736 -0.1
   vertex 38.8 4.175 -0.1
  endloop
 endfacet
  facet normal 0 0 0
    outer loop
   vertex 54.3 8.355 -0.1
   vertex 51.3 12.154 -0.1
   vertex 51.3 3.751 -0.1
  endloop
 endfacet
  facet normal 0 0 0
    outer loop
   vertex 29.3 6.657 -0.1
   vertex 29.3 14.732 -0.1
   vertex 26.3 4.17 -0.1
  endloop
 endfacet
  facet normal 0 0 0
    outer loop
   vertex 35.55 1.484 -0.1
   vertex 32.55 9.35 -0.1
   vertex 32.55 -1 -0.1
  endloop
 endfacet
  facet normal 0 0 0
    outer loop
   vertex 35.55 14.32 -0.1
   vertex 32.55 9.35 -0.1
   vertex 35.55 1.484 -0.1
  endloop
 endfacet
  facet normal 0 0 0
    outer loop
   vertex 35.55 -1 -0.1
   vertex 35.55 1.484 -0.1
   vertex 32.55 -1 -0.1
  endloop
 endfacet
  facet normal 0 0 0
    outer loop
   vertex 64.425 3.34 -0.1
   vertex 56.6 -1 -0.1
   vertex 64.425 -8.88 -0.1
  endloop
 endfacet
  facet normal 0 0 0
    outer loop
   vertex 29.3 1.689 -0.1
   vertex 26.3 4.17 -0.1
   vertex 26.3 -1 -0.1
  endloop
 endfacet
  facet normal 0 0 0
    outer loop
   vertex 45.05 -1 -0.1
   vertex 41.8 -1 -0.1
   vertex 43.119 -8.88 -0.1
  endloop
 endfacet
  facet normal 0 0 0
    outer loop
   vertex 41.8 -1 -0.1
   vertex 38.8 -1 -0.1
   vertex 43.119 -8.88 -0.1
  endloop
 endfacet
  facet normal 0 0 0
    outer loop
   vertex 48.05 -1 -0.1
   vertex 45.05 -1 -0.1
   vertex 43.119 -8.88 -0.1
  endloop
 endfacet
  facet normal 0 0 0
    outer loop
   vertex 29.3 6.657 -0.1
   vertex 26.3 4.17 -0.1
   vertex 29.3 1.689 -0.1
  endloop
 endfacet
  facet normal 0 0 0
    outer loop
   vertex 64.425 -8.88 -0.1
   vertex 56.6 -1 -0.1
   vertex 53.772 -8.88 -0.1
  endloop
 endfacet
  facet normal 0 0 0
    outer loop
   vertex 38.8 -1 -0.1
   vertex 35.55 -1 -0.1
   vertex 32.466 -8.88 -0.1
  endloop
 endfacet
  facet normal 0 0 0
    outer loop
   vertex 43.119 -8.88 -0.1
   vertex 38.8 -1 -0.1
   vertex 32.466 -8.88 -0.1
  endloop
 endfacet
  facet normal 0 0 0
    outer loop
   vertex 35.55 -1 -0.1
   vertex 32.55 -1 -0.1
   vertex 32.466 -8.88 -0.1
  endloop
 endfacet
  facet normal 0 0 0
    outer loop
   vertex 32.55 -1 -0.1
   vertex 29.3 -1 -0.1
   vertex 32.466 -8.88 -0.1
  endloop
 endfacet
  facet normal 0 0 0
    outer loop
   vertex -20.8 -8.88 -0.43
   vertex -20.8 -8.88 -0.1
   vertex -20.8 -8.116 -0.43
  endloop
 endfacet
  facet normal 0 0 0
    outer loop
   vertex -20.8 -8.116 -0.43
   vertex -20.8 -7.353 -0.1
   vertex -20.8 -7.353 -0.43
  endloop
 endfacet
  facet normal 0 0 0
    outer loop
   vertex -20.8 -8.116 -0.43
   vertex -20.8 -8.88 -0.1
   vertex -20.8 -7.353 -0.1
  endloop
 endfacet
  facet normal 0 0 0
    outer loop
   vertex -20.8 -7.353 -0.43
   vertex -20.8 -7.353 -0.1
   vertex -20.8 -6.589 -0.1
  endloop
 endfacet
  facet normal 0 0 0
    outer loop
   vertex -20.8 -5.825 -0.43
   vertex -20.8 -6.589 -0.1
   vertex -20.8 -5.825 -0.1
  endloop
 endfacet
  facet normal 0 0 0
    outer loop
   vertex -20.8 -7.353 -0.43
   vertex -20.8 -6.589 -0.1
   vertex -20.8 -5.825 -0.43
  endloop
 endfacet
  facet normal 0 0 0
    outer loop
   vertex -20.8 -5.061 -0.43
   vertex -20.8 -4.298 -0.1
   vertex -20.8 -4.298 -0.43
  endloop
 endfacet
  facet normal 0 0 0
    outer loop
   vertex -20.8 -5.825 -0.43
   vertex -20.8 -5.825 -0.1
   vertex -20.8 -5.061 -0.43
  endloop
 endfacet
  facet normal 0 0 0
    outer loop
   vertex -20.8 -5.061 -0.43
   vertex -20.8 -5.825 -0.1
   vertex -20.8 -4.298 -0.1
  endloop
 endfacet
  facet normal 0 0 0
    outer loop
   vertex -20.8 -4.298 -0.43
   vertex -20.8 -4.298 -0.1
   vertex -20.8 -3.534 -0.43
  endloop
 endfacet
  facet normal 0 0 0
    outer loop
   vertex -20.8 -3.534 -0.43
   vertex -20.8 -2.77 -0.1
   vertex -20.8 -2.77 -0.43
  endloop
 endfacet
  facet normal 0 0 0
    outer loop
   vertex -20.8 -3.534 -0.43
   vertex -20.8 -4.298 -0.1
   vertex -20.8 -2.77 -0.1
  endloop
 endfacet
  facet normal 0 0 0
    outer loop
   vertex -20.8 -1.243 -0.43
   vertex -20.8 -1.243 -0.1
   vertex -20.8 -0.479 -0.1
  endloop
 endfacet
  facet normal 0 0 0
    outer loop
   vertex -20.8 0.285 -0.43
   vertex -20.8 -0.479 -0.1
   vertex -20.8 0.285 -0.1
  endloop
 endfacet
  facet normal 0 0 0
    outer loop
   vertex -20.8 -1.243 -0.43
   vertex -20.8 -0.479 -0.1
   vertex -20.8 0.285 -0.43
  endloop
 endfacet
  facet normal 0 0 0
    outer loop
   vertex -20.8 -1.243 -0.43
   vertex -20.8 -2.006 -0.1
   vertex -20.8 -1.243 -0.1
  endloop
 endfacet
  facet normal 0 0 0
    outer loop
   vertex -20.8 -2.77 -0.43
   vertex -20.8 -2.77 -0.1
   vertex -20.8 -2.006 -0.1
  endloop
 endfacet
  facet normal 0 0 0
    outer loop
   vertex -20.8 -2.77 -0.43
   vertex -20.8 -2.006 -0.1
   vertex -20.8 -1.243 -0.43
  endloop
 endfacet
  facet normal 0 0 0
    outer loop
   vertex -20.8 0.285 -0.43
   vertex -20.8 0.285 -0.1
   vertex -20.8 1.049 -0.43
  endloop
 endfacet
  facet normal 0 0 0
    outer loop
   vertex -20.8 1.049 -0.43
   vertex -20.8 1.812 -0.1
   vertex -20.8 1.812 -0.43
  endloop
 endfacet
  facet normal 0 0 0
    outer loop
   vertex -20.8 1.049 -0.43
   vertex -20.8 0.285 -0.1
   vertex -20.8 1.812 -0.1
  endloop
 endfacet
  facet normal 0 0 0
    outer loop
   vertex -20.8 1.812 -0.43
   vertex -20.8 1.812 -0.1
   vertex -20.8 2.576 -0.1
  endloop
 endfacet
  facet normal 0 0 0
    outer loop
   vertex -20.8 3.34 -0.43
   vertex -20.8 2.576 -0.1
   vertex -20.8 3.34 -0.1
  endloop
 endfacet
  facet normal 0 0 0
    outer loop
   vertex -20.8 1.812 -0.43
   vertex -20.8 2.576 -0.1
   vertex -20.8 3.34 -0.43
  endloop
 endfacet
  facet normal 0 0 0
    outer loop
   vertex -20.8 7.159 -0.43
   vertex -20.8 7.922 -0.1
   vertex -20.8 7.922 -0.43
  endloop
 endfacet
  facet normal 0 0 0
    outer loop
   vertex -20.8 6.395 -0.43
   vertex -20.8 6.395 -0.1
   vertex -20.8 7.159 -0.43
  endloop
 endfacet
  facet normal 0 0 0
    outer loop
   vertex -20.8 7.159 -0.43
   vertex -20.8 6.395 -0.1
   vertex -20.8 7.922 -0.1
  endloop
 endfacet
  facet normal 0 0 0
    outer loop
   vertex -20.8 7.922 -0.43
   vertex -20.8 7.922 -0.1
   vertex -20.8 8.686 -0.43
  endloop
 endfacet
  facet normal 0 0 0
    outer loop
   vertex -20.8 8.686 -0.43
   vertex -20.8 9.45 -0.1
   vertex -20.8 9.45 -0.43
  endloop
 endfacet
  facet normal 0 0 0
    outer loop
   vertex -20.8 8.686 -0.43
   vertex -20.8 7.922 -0.1
   vertex -20.8 9.45 -0.1
  endloop
 endfacet
  facet normal 0 0 0
    outer loop
   vertex -20.8 6.395 -0.43
   vertex -20.8 5.631 -0.1
   vertex -20.8 6.395 -0.1
  endloop
 endfacet
  facet normal 0 0 0
    outer loop
   vertex -20.8 4.868 -0.43
   vertex -20.8 4.867 -0.1
   vertex -20.8 5.631 -0.1
  endloop
 endfacet
  facet normal 0 0 0
    outer loop
   vertex -20.8 4.868 -0.43
   vertex -20.8 5.631 -0.1
   vertex -20.8 6.395 -0.43
  endloop
 endfacet
  facet normal 0 0 0
    outer loop
   vertex -20.8 4.104 -0.43
   vertex -20.8 4.867 -0.1
   vertex -20.8 4.868 -0.43
  endloop
 endfacet
  facet normal 0 0 0
    outer loop
   vertex -20.8 3.34 -0.43
   vertex -20.8 3.34 -0.1
   vertex -20.8 4.104 -0.43
  endloop
 endfacet
  facet normal 0 0 0
    outer loop
   vertex -20.8 4.104 -0.43
   vertex -20.8 3.34 -0.1
   vertex -20.8 4.867 -0.1
  endloop
 endfacet
  facet normal 0 0 0
    outer loop
   vertex -20.8 9.45 -0.43
   vertex -20.8 9.45 -0.1
   vertex -20.8 10.214 -0.43
  endloop
 endfacet
  facet normal 0 0 0
    outer loop
   vertex -20.8 10.214 -0.43
   vertex -20.8 10.977 -0.1
   vertex -20.8 10.978 -0.43
  endloop
 endfacet
  facet normal 0 0 0
    outer loop
   vertex -20.8 10.214 -0.43
   vertex -20.8 9.45 -0.1
   vertex -20.8 10.977 -0.1
  endloop
 endfacet
  facet normal 0 0 0
    outer loop
   vertex -20.8 10.978 -0.43
   vertex -20.8 10.977 -0.1
   vertex -20.8 11.741 -0.1
  endloop
 endfacet
  facet normal 0 0 0
    outer loop
   vertex -20.8 12.505 -0.43
   vertex -20.8 11.741 -0.1
   vertex -20.8 12.505 -0.1
  endloop
 endfacet
  facet normal 0 0 0
    outer loop
   vertex -20.8 10.978 -0.43
   vertex -20.8 11.741 -0.1
   vertex -20.8 12.505 -0.43
  endloop
 endfacet
  facet normal 0 0 0
    outer loop
   vertex -20.8 13.269 -0.43
   vertex -20.8 14.032 -0.1
   vertex -20.8 14.033 -0.43
  endloop
 endfacet
  facet normal 0 0 0
    outer loop
   vertex -20.8 12.505 -0.43
   vertex -20.8 12.505 -0.1
   vertex -20.8 13.269 -0.43
  endloop
 endfacet
  facet normal 0 0 0
    outer loop
   vertex -20.8 13.269 -0.43
   vertex -20.8 12.505 -0.1
   vertex -20.8 14.032 -0.1
  endloop
 endfacet
  facet normal 0 0 0
    outer loop
   vertex -20.8 14.033 -0.43
   vertex -20.8 14.032 -0.1
   vertex -20.8 14.796 -0.43
  endloop
 endfacet
  facet normal 0 0 0
    outer loop
   vertex -20.8 14.796 -0.43
   vertex -20.8 15.56 -0.1
   vertex -20.8 15.56 -0.43
  endloop
 endfacet
  facet normal 0 0 0
    outer loop
   vertex -20.8 14.796 -0.43
   vertex -20.8 14.032 -0.1
   vertex -20.8 15.56 -0.1
  endloop
 endfacet
  facet normal 0 0 0
    outer loop
   vertex -20.8 31.599 -0.43
   vertex -20.8 32.363 -0.1
   vertex -20.8 32.363 -0.43
  endloop
 endfacet
  facet normal 0 0 0
    outer loop
   vertex -20.8 30.835 -0.43
   vertex -20.8 30.835 -0.1
   vertex -20.8 31.599 -0.43
  endloop
 endfacet
  facet normal 0 0 0
    outer loop
   vertex -20.8 31.599 -0.43
   vertex -20.8 30.835 -0.1
   vertex -20.8 32.363 -0.1
  endloop
 endfacet
  facet normal 0 0 0
    outer loop
   vertex -20.8 32.363 -0.43
   vertex -20.8 32.363 -0.1
   vertex -20.8 33.126 -0.43
  endloop
 endfacet
  facet normal 0 0 0
    outer loop
   vertex -20.8 33.126 -0.43
   vertex -20.8 33.89 -0.1
   vertex -20.8 33.89 -0.43
  endloop
 endfacet
  facet normal 0 0 0
    outer loop
   vertex -20.8 33.126 -0.43
   vertex -20.8 32.363 -0.1
   vertex -20.8 33.89 -0.1
  endloop
 endfacet
  facet normal 0 0 0
    outer loop
   vertex -20.8 30.835 -0.43
   vertex -20.8 30.071 -0.1
   vertex -20.8 30.835 -0.1
  endloop
 endfacet
  facet normal 0 0 0
    outer loop
   vertex -20.8 29.308 -0.43
   vertex -20.8 29.308 -0.1
   vertex -20.8 30.071 -0.1
  endloop
 endfacet
  facet normal 0 0 0
    outer loop
   vertex -20.8 29.308 -0.43
   vertex -20.8 30.071 -0.1
   vertex -20.8 30.835 -0.43
  endloop
 endfacet
  facet normal 0 0 0
    outer loop
   vertex -20.8 28.544 -0.43
   vertex -20.8 29.308 -0.1
   vertex -20.8 29.308 -0.43
  endloop
 endfacet
  facet normal 0 0 0
    outer loop
   vertex -20.8 27.78 -0.43
   vertex -20.8 27.78 -0.1
   vertex -20.8 28.544 -0.43
  endloop
 endfacet
  facet normal 0 0 0
    outer loop
   vertex -20.8 28.544 -0.43
   vertex -20.8 27.78 -0.1
   vertex -20.8 29.308 -0.1
  endloop
 endfacet
  facet normal 0 0 0
    outer loop
   vertex -20.8 33.89 -0.43
   vertex -20.8 33.89 -0.1
   vertex -20.8 34.654 -0.43
  endloop
 endfacet
  facet normal 0 0 0
    outer loop
   vertex -20.8 34.654 -0.43
   vertex -20.8 35.418 -0.1
   vertex -20.8 35.418 -0.43
  endloop
 endfacet
  facet normal 0 0 0
    outer loop
   vertex -20.8 34.654 -0.43
   vertex -20.8 33.89 -0.1
   vertex -20.8 35.418 -0.1
  endloop
 endfacet
  facet normal 0 0 0
    outer loop
   vertex -20.8 35.418 -0.43
   vertex -20.8 35.418 -0.1
   vertex -20.8 36.181 -0.1
  endloop
 endfacet
  facet normal 0 0 0
    outer loop
   vertex -20.8 36.945 -0.43
   vertex -20.8 36.181 -0.1
   vertex -20.8 36.945 -0.1
  endloop
 endfacet
  facet normal 0 0 0
    outer loop
   vertex -20.8 35.418 -0.43
   vertex -20.8 36.181 -0.1
   vertex -20.8 36.945 -0.43
  endloop
 endfacet
  facet normal 0 0 0
    outer loop
   vertex -20.8 37.709 -0.43
   vertex -20.8 38.473 -0.1
   vertex -20.8 38.473 -0.43
  endloop
 endfacet
  facet normal 0 0 0
    outer loop
   vertex -20.8 36.945 -0.43
   vertex -20.8 36.945 -0.1
   vertex -20.8 37.709 -0.43
  endloop
 endfacet
  facet normal 0 0 0
    outer loop
   vertex -20.8 37.709 -0.43
   vertex -20.8 36.945 -0.1
   vertex -20.8 38.473 -0.1
  endloop
 endfacet
  facet normal 0 0 0
    outer loop
   vertex -20.8 38.473 -0.43
   vertex -20.8 38.473 -0.1
   vertex -20.8 39.236 -0.43
  endloop
 endfacet
  facet normal 0 0 0
    outer loop
   vertex -20.8 39.236 -0.43
   vertex -20.8 40 -0.1
   vertex -20.8 40 -0.43
  endloop
 endfacet
  facet normal 0 0 0
    outer loop
   vertex -20.8 39.236 -0.43
   vertex -20.8 38.473 -0.1
   vertex -20.8 40 -0.1
  endloop
 endfacet
  facet normal 0 0 0
    outer loop
   vertex -20.8 27.78 -0.43
   vertex -20.8 27.016 -0.1
   vertex -20.8 27.78 -0.1
  endloop
 endfacet
  facet normal 0 0 0
    outer loop
   vertex -20.8 26.253 -0.43
   vertex -20.8 26.252 -0.1
   vertex -20.8 27.016 -0.1
  endloop
 endfacet
  facet normal 0 0 0
    outer loop
   vertex -20.8 26.253 -0.43
   vertex -20.8 27.016 -0.1
   vertex -20.8 27.78 -0.43
  endloop
 endfacet
  facet normal 0 0 0
    outer loop
   vertex -20.8 25.489 -0.43
   vertex -20.8 26.252 -0.1
   vertex -20.8 26.253 -0.43
  endloop
 endfacet
  facet normal 0 0 0
    outer loop
   vertex -20.8 24.725 -0.43
   vertex -20.8 24.725 -0.1
   vertex -20.8 25.489 -0.43
  endloop
 endfacet
  facet normal 0 0 0
    outer loop
   vertex -20.8 25.489 -0.43
   vertex -20.8 24.725 -0.1
   vertex -20.8 26.252 -0.1
  endloop
 endfacet
  facet normal 0 0 0
    outer loop
   vertex -20.8 23.198 -0.43
   vertex -20.8 23.197 -0.1
   vertex -20.8 23.961 -0.1
  endloop
 endfacet
  facet normal 0 0 0
    outer loop
   vertex -20.8 24.725 -0.43
   vertex -20.8 23.961 -0.1
   vertex -20.8 24.725 -0.1
  endloop
 endfacet
  facet normal 0 0 0
    outer loop
   vertex -20.8 23.198 -0.43
   vertex -20.8 23.961 -0.1
   vertex -20.8 24.725 -0.43
  endloop
 endfacet
  facet normal 0 0 0
    outer loop
   vertex -20.8 23.198 -0.43
   vertex -20.8 22.434 -0.1
   vertex -20.8 23.197 -0.1
  endloop
 endfacet
  facet normal 0 0 0
    outer loop
   vertex -20.8 21.67 -0.43
   vertex -20.8 21.67 -0.1
   vertex -20.8 22.434 -0.1
  endloop
 endfacet
  facet normal 0 0 0
    outer loop
   vertex -20.8 21.67 -0.43
   vertex -20.8 22.434 -0.1
   vertex -20.8 23.198 -0.43
  endloop
 endfacet
  facet normal 0 0 0
    outer loop
   vertex -20.8 19.379 -0.43
   vertex -20.8 20.142 -0.1
   vertex -20.8 20.143 -0.43
  endloop
 endfacet
  facet normal 0 0 0
    outer loop
   vertex -20.8 18.615 -0.43
   vertex -20.8 18.615 -0.1
   vertex -20.8 19.379 -0.43
  endloop
 endfacet
  facet normal 0 0 0
    outer loop
   vertex -20.8 19.379 -0.43
   vertex -20.8 18.615 -0.1
   vertex -20.8 20.142 -0.1
  endloop
 endfacet
  facet normal 0 0 0
    outer loop
   vertex -20.8 20.143 -0.43
   vertex -20.8 20.142 -0.1
   vertex -20.8 20.906 -0.43
  endloop
 endfacet
  facet normal 0 0 0
    outer loop
   vertex -20.8 20.906 -0.43
   vertex -20.8 21.67 -0.1
   vertex -20.8 21.67 -0.43
  endloop
 endfacet
  facet normal 0 0 0
    outer loop
   vertex -20.8 20.906 -0.43
   vertex -20.8 20.142 -0.1
   vertex -20.8 21.67 -0.1
  endloop
 endfacet
  facet normal 0 0 0
    outer loop
   vertex -20.8 18.615 -0.43
   vertex -20.8 17.851 -0.1
   vertex -20.8 18.615 -0.1
  endloop
 endfacet
  facet normal 0 0 0
    outer loop
   vertex -20.8 17.088 -0.43
   vertex -20.8 17.087 -0.1
   vertex -20.8 17.851 -0.1
  endloop
 endfacet
  facet normal 0 0 0
    outer loop
   vertex -20.8 17.088 -0.43
   vertex -20.8 17.851 -0.1
   vertex -20.8 18.615 -0.43
  endloop
 endfacet
  facet normal 0 0 0
    outer loop
   vertex -20.8 16.324 -0.43
   vertex -20.8 17.087 -0.1
   vertex -20.8 17.088 -0.43
  endloop
 endfacet
  facet normal 0 0 0
    outer loop
   vertex -20.8 15.56 -0.43
   vertex -20.8 15.56 -0.1
   vertex -20.8 16.324 -0.43
  endloop
 endfacet
  facet normal 0 0 0
    outer loop
   vertex -20.8 16.324 -0.43
   vertex -20.8 15.56 -0.1
   vertex -20.8 17.087 -0.1
  endloop
 endfacet
  facet normal 0 0 0
    outer loop
   vertex 21.813 40 -0.43
   vertex 21.147 40 -0.1
   vertex 21.812 40 -0.1
  endloop
 endfacet
  facet normal 0 0 0
    outer loop
   vertex 20.481 40 -0.43
   vertex 21.147 40 -0.1
   vertex 21.813 40 -0.43
  endloop
 endfacet
  facet normal 0 0 0
    outer loop
   vertex 49.777 40 -0.43
   vertex 49.777 40 -0.1
   vertex 50.443 40 -0.1
  endloop
 endfacet
  facet normal 0 0 0
    outer loop
   vertex 51.109 40 -0.43
   vertex 50.443 40 -0.1
   vertex 51.109 40 -0.1
  endloop
 endfacet
  facet normal 0 0 0
    outer loop
   vertex 49.777 40 -0.43
   vertex 50.443 40 -0.1
   vertex 51.109 40 -0.43
  endloop
 endfacet
  facet normal 0 0 0
    outer loop
   vertex 49.777 40 -0.43
   vertex 49.111 40 -0.1
   vertex 49.777 40 -0.1
  endloop
 endfacet
  facet normal 0 0 0
    outer loop
   vertex 48.445 40 -0.43
   vertex 48.445 40 -0.1
   vertex 49.111 40 -0.1
  endloop
 endfacet
  facet normal 0 0 0
    outer loop
   vertex 48.445 40 -0.43
   vertex 49.111 40 -0.1
   vertex 49.777 40 -0.43
  endloop
 endfacet
  facet normal 0 0 0
    outer loop
   vertex 51.109 40 -0.43
   vertex 51.109 40 -0.1
   vertex 51.774 40 -0.43
  endloop
 endfacet
  facet normal 0 0 0
    outer loop
   vertex 51.774 40 -0.43
   vertex 52.44 40 -0.1
   vertex 52.44 40 -0.43
  endloop
 endfacet
  facet normal 0 0 0
    outer loop
   vertex 51.774 40 -0.43
   vertex 51.109 40 -0.1
   vertex 52.44 40 -0.1
  endloop
 endfacet
  facet normal 0 0 0
    outer loop
   vertex 52.44 40 -0.43
   vertex 52.44 40 -0.1
   vertex 53.106 40 -0.1
  endloop
 endfacet
  facet normal 0 0 0
    outer loop
   vertex 53.772 40 -0.43
   vertex 53.106 40 -0.1
   vertex 53.772 40 -0.1
  endloop
 endfacet
  facet normal 0 0 0
    outer loop
   vertex 52.44 40 -0.43
   vertex 53.106 40 -0.1
   vertex 53.772 40 -0.43
  endloop
 endfacet
  facet normal 0 0 0
    outer loop
   vertex 48.445 40 -0.43
   vertex 47.779 40 -0.1
   vertex 48.445 40 -0.1
  endloop
 endfacet
  facet normal 0 0 0
    outer loop
   vertex 47.114 40 -0.43
   vertex 47.114 40 -0.1
   vertex 47.779 40 -0.1
  endloop
 endfacet
  facet normal 0 0 0
    outer loop
   vertex 47.114 40 -0.43
   vertex 47.779 40 -0.1
   vertex 48.445 40 -0.43
  endloop
 endfacet
  facet normal 0 0 0
    outer loop
   vertex 46.448 40 -0.43
   vertex 47.114 40 -0.1
   vertex 47.114 40 -0.43
  endloop
 endfacet
  facet normal 0 0 0
    outer loop
   vertex 45.782 40 -0.43
   vertex 45.782 40 -0.1
   vertex 46.448 40 -0.43
  endloop
 endfacet
  facet normal 0 0 0
    outer loop
   vertex 46.448 40 -0.43
   vertex 45.782 40 -0.1
   vertex 47.114 40 -0.1
  endloop
 endfacet
  facet normal 0 0 0
    outer loop
   vertex 44.45 40 -0.43
   vertex 44.45 40 -0.1
   vertex 45.116 40 -0.1
  endloop
 endfacet
  facet normal 0 0 0
    outer loop
   vertex 45.782 40 -0.43
   vertex 45.116 40 -0.1
   vertex 45.782 40 -0.1
  endloop
 endfacet
  facet normal 0 0 0
    outer loop
   vertex 44.45 40 -0.43
   vertex 45.116 40 -0.1
   vertex 45.782 40 -0.43
  endloop
 endfacet
  facet normal 0 0 0
    outer loop
   vertex 44.45 40 -0.43
   vertex 43.785 40 -0.1
   vertex 44.45 40 -0.1
  endloop
 endfacet
  facet normal 0 0 0
    outer loop
   vertex 43.119 40 -0.43
   vertex 43.119 40 -0.1
   vertex 43.785 40 -0.1
  endloop
 endfacet
  facet normal 0 0 0
    outer loop
   vertex 43.119 40 -0.43
   vertex 43.785 40 -0.1
   vertex 44.45 40 -0.43
  endloop
 endfacet
  facet normal 0 0 0
    outer loop
   vertex 53.772 40 -0.43
   vertex 53.772 40 -0.1
   vertex 54.438 40 -0.43
  endloop
 endfacet
  facet normal 0 0 0
    outer loop
   vertex 54.438 40 -0.43
   vertex 55.104 40 -0.1
   vertex 55.104 40 -0.43
  endloop
 endfacet
  facet normal 0 0 0
    outer loop
   vertex 54.438 40 -0.43
   vertex 53.772 40 -0.1
   vertex 55.104 40 -0.1
  endloop
 endfacet
  facet normal 0 0 0
    outer loop
   vertex 55.104 40 -0.43
   vertex 55.104 40 -0.1
   vertex 55.769 40 -0.1
  endloop
 endfacet
  facet normal 0 0 0
    outer loop
   vertex 56.435 40 -0.43
   vertex 55.769 40 -0.1
   vertex 56.435 40 -0.1
  endloop
 endfacet
  facet normal 0 0 0
    outer loop
   vertex 55.104 40 -0.43
   vertex 55.769 40 -0.1
   vertex 56.435 40 -0.43
  endloop
 endfacet
  facet normal 0 0 0
    outer loop
   vertex 57.101 40 -0.43
   vertex 57.767 40 -0.1
   vertex 57.767 40 -0.43
  endloop
 endfacet
  facet normal 0 0 0
    outer loop
   vertex 56.435 40 -0.43
   vertex 56.435 40 -0.1
   vertex 57.101 40 -0.43
  endloop
 endfacet
  facet normal 0 0 0
    outer loop
   vertex 57.101 40 -0.43
   vertex 56.435 40 -0.1
   vertex 57.767 40 -0.1
  endloop
 endfacet
  facet normal 0 0 0
    outer loop
   vertex 57.767 40 -0.43
   vertex 57.767 40 -0.1
   vertex 58.433 40 -0.43
  endloop
 endfacet
  facet normal 0 0 0
    outer loop
   vertex 58.433 40 -0.43
   vertex 59.098 40 -0.1
   vertex 59.098 40 -0.43
  endloop
 endfacet
  facet normal 0 0 0
    outer loop
   vertex 58.433 40 -0.43
   vertex 57.767 40 -0.1
   vertex 59.098 40 -0.1
  endloop
 endfacet
  facet normal 0 0 0
    outer loop
   vertex 60.43 40 -0.43
   vertex 60.43 40 -0.1
   vertex 61.096 40 -0.1
  endloop
 endfacet
  facet normal 0 0 0
    outer loop
   vertex 61.762 40 -0.43
   vertex 61.096 40 -0.1
   vertex 61.762 40 -0.1
  endloop
 endfacet
  facet normal 0 0 0
    outer loop
   vertex 60.43 40 -0.43
   vertex 61.096 40 -0.1
   vertex 61.762 40 -0.43
  endloop
 endfacet
  facet normal 0 0 0
    outer loop
   vertex 60.43 40 -0.43
   vertex 59.764 40 -0.1
   vertex 60.43 40 -0.1
  endloop
 endfacet
  facet normal 0 0 0
    outer loop
   vertex 59.098 40 -0.43
   vertex 59.098 40 -0.1
   vertex 59.764 40 -0.1
  endloop
 endfacet
  facet normal 0 0 0
    outer loop
   vertex 59.098 40 -0.43
   vertex 59.764 40 -0.1
   vertex 60.43 40 -0.43
  endloop
 endfacet
  facet normal 0 0 0
    outer loop
   vertex 61.762 40 -0.43
   vertex 61.762 40 -0.1
   vertex 62.428 40 -0.43
  endloop
 endfacet
  facet normal 0 0 0
    outer loop
   vertex 62.428 40 -0.43
   vertex 63.093 40 -0.1
   vertex 63.093 40 -0.43
  endloop
 endfacet
  facet normal 0 0 0
    outer loop
   vertex 62.428 40 -0.43
   vertex 61.762 40 -0.1
   vertex 63.093 40 -0.1
  endloop
 endfacet
  facet normal 0 0 0
    outer loop
   vertex 63.093 40 -0.43
   vertex 63.093 40 -0.1
   vertex 63.759 40 -0.1
  endloop
 endfacet
  facet normal 0 0 0
    outer loop
   vertex 64.425 40 -0.43
   vertex 63.759 40 -0.1
   vertex 64.425 40 -0.1
  endloop
 endfacet
  facet normal 0 0 0
    outer loop
   vertex 63.093 40 -0.43
   vertex 63.759 40 -0.1
   vertex 64.425 40 -0.43
  endloop
 endfacet
  facet normal 0 0 0
    outer loop
   vertex 43.119 40 -0.43
   vertex 42.453 40 -0.1
   vertex 43.119 40 -0.1
  endloop
 endfacet
  facet normal 0 0 0
    outer loop
   vertex 41.787 40 -0.43
   vertex 41.787 40 -0.1
   vertex 42.453 40 -0.1
  endloop
 endfacet
  facet normal 0 0 0
    outer loop
   vertex 41.787 40 -0.43
   vertex 42.453 40 -0.1
   vertex 43.119 40 -0.43
  endloop
 endfacet
  facet normal 0 0 0
    outer loop
   vertex 41.121 40 -0.43
   vertex 41.787 40 -0.1
   vertex 41.787 40 -0.43
  endloop
 endfacet
  facet normal 0 0 0
    outer loop
   vertex 40.455 40 -0.43
   vertex 40.455 40 -0.1
   vertex 41.121 40 -0.43
  endloop
 endfacet
  facet normal 0 0 0
    outer loop
   vertex 41.121 40 -0.43
   vertex 40.455 40 -0.1
   vertex 41.787 40 -0.1
  endloop
 endfacet
  facet normal 0 0 0
    outer loop
   vertex 39.124 40 -0.43
   vertex 39.124 40 -0.1
   vertex 39.79 40 -0.1
  endloop
 endfacet
  facet normal 0 0 0
    outer loop
   vertex 40.455 40 -0.43
   vertex 39.79 40 -0.1
   vertex 40.455 40 -0.1
  endloop
 endfacet
  facet normal 0 0 0
    outer loop
   vertex 39.124 40 -0.43
   vertex 39.79 40 -0.1
   vertex 40.455 40 -0.43
  endloop
 endfacet
  facet normal 0 0 0
    outer loop
   vertex 39.124 40 -0.43
   vertex 38.458 40 -0.1
   vertex 39.124 40 -0.1
  endloop
 endfacet
  facet normal 0 0 0
    outer loop
   vertex 37.792 40 -0.43
   vertex 37.792 40 -0.1
   vertex 38.458 40 -0.1
  endloop
 endfacet
  facet normal 0 0 0
    outer loop
   vertex 37.792 40 -0.43
   vertex 38.458 40 -0.1
   vertex 39.124 40 -0.43
  endloop
 endfacet
  facet normal 0 0 0
    outer loop
   vertex 35.795 40 -0.43
   vertex 36.461 40 -0.1
   vertex 36.461 40 -0.43
  endloop
 endfacet
  facet normal 0 0 0
    outer loop
   vertex 35.129 40 -0.43
   vertex 35.129 40 -0.1
   vertex 35.795 40 -0.43
  endloop
 endfacet
  facet normal 0 0 0
    outer loop
   vertex 35.795 40 -0.43
   vertex 35.129 40 -0.1
   vertex 36.461 40 -0.1
  endloop
 endfacet
  facet normal 0 0 0
    outer loop
   vertex 36.461 40 -0.43
   vertex 36.461 40 -0.1
   vertex 37.126 40 -0.43
  endloop
 endfacet
  facet normal 0 0 0
    outer loop
   vertex 37.126 40 -0.43
   vertex 37.792 40 -0.1
   vertex 37.792 40 -0.43
  endloop
 endfacet
  facet normal 0 0 0
    outer loop
   vertex 37.126 40 -0.43
   vertex 36.461 40 -0.1
   vertex 37.792 40 -0.1
  endloop
 endfacet
  facet normal 0 0 0
    outer loop
   vertex 35.129 40 -0.43
   vertex 34.463 40 -0.1
   vertex 35.129 40 -0.1
  endloop
 endfacet
  facet normal 0 0 0
    outer loop
   vertex 33.797 40 -0.43
   vertex 33.797 40 -0.1
   vertex 34.463 40 -0.1
  endloop
 endfacet
  facet normal 0 0 0
    outer loop
   vertex 33.797 40 -0.43
   vertex 34.463 40 -0.1
   vertex 35.129 40 -0.43
  endloop
 endfacet
  facet normal 0 0 0
    outer loop
   vertex 33.131 40 -0.43
   vertex 33.797 40 -0.1
   vertex 33.797 40 -0.43
  endloop
 endfacet
  facet normal 0 0 0
    outer loop
   vertex 32.466 40 -0.43
   vertex 32.466 40 -0.1
   vertex 33.131 40 -0.43
  endloop
 endfacet
  facet normal 0 0 0
    outer loop
   vertex 33.131 40 -0.43
   vertex 32.466 40 -0.1
   vertex 33.797 40 -0.1
  endloop
 endfacet
  facet normal 0 0 0
    outer loop
   vertex 28.471 40 -0.43
   vertex 28.471 40 -0.1
   vertex 29.137 40 -0.1
  endloop
 endfacet
  facet normal 0 0 0
    outer loop
   vertex 29.802 40 -0.43
   vertex 29.137 40 -0.1
   vertex 29.802 40 -0.1
  endloop
 endfacet
  facet normal 0 0 0
    outer loop
   vertex 28.471 40 -0.43
   vertex 29.137 40 -0.1
   vertex 29.802 40 -0.43
  endloop
 endfacet
  facet normal 0 0 0
    outer loop
   vertex 28.471 40 -0.43
   vertex 27.805 40 -0.1
   vertex 28.471 40 -0.1
  endloop
 endfacet
  facet normal 0 0 0
    outer loop
   vertex 27.139 40 -0.43
   vertex 27.139 40 -0.1
   vertex 27.805 40 -0.1
  endloop
 endfacet
  facet normal 0 0 0
    outer loop
   vertex 27.139 40 -0.43
   vertex 27.805 40 -0.1
   vertex 28.471 40 -0.43
  endloop
 endfacet
  facet normal 0 0 0
    outer loop
   vertex 29.802 40 -0.43
   vertex 29.802 40 -0.1
   vertex 30.468 40 -0.43
  endloop
 endfacet
  facet normal 0 0 0
    outer loop
   vertex 30.468 40 -0.43
   vertex 31.134 40 -0.1
   vertex 31.134 40 -0.43
  endloop
 endfacet
  facet normal 0 0 0
    outer loop
   vertex 30.468 40 -0.43
   vertex 29.802 40 -0.1
   vertex 31.134 40 -0.1
  endloop
 endfacet
  facet normal 0 0 0
    outer loop
   vertex 31.134 40 -0.43
   vertex 31.134 40 -0.1
   vertex 31.8 40 -0.1
  endloop
 endfacet
  facet normal 0 0 0
    outer loop
   vertex 32.466 40 -0.43
   vertex 31.8 40 -0.1
   vertex 32.466 40 -0.1
  endloop
 endfacet
  facet normal 0 0 0
    outer loop
   vertex 31.134 40 -0.43
   vertex 31.8 40 -0.1
   vertex 32.466 40 -0.43
  endloop
 endfacet
  facet normal 0 0 0
    outer loop
   vertex 27.139 40 -0.43
   vertex 26.473 40 -0.1
   vertex 27.139 40 -0.1
  endloop
 endfacet
  facet normal 0 0 0
    outer loop
   vertex 25.807 40 -0.43
   vertex 25.807 40 -0.1
   vertex 26.473 40 -0.1
  endloop
 endfacet
  facet normal 0 0 0
    outer loop
   vertex 25.807 40 -0.43
   vertex 26.473 40 -0.1
   vertex 27.139 40 -0.43
  endloop
 endfacet
  facet normal 0 0 0
    outer loop
   vertex 25.142 40 -0.43
   vertex 25.807 40 -0.1
   vertex 25.807 40 -0.43
  endloop
 endfacet
  facet normal 0 0 0
    outer loop
   vertex 24.476 40 -0.43
   vertex 24.476 40 -0.1
   vertex 25.142 40 -0.43
  endloop
 endfacet
  facet normal 0 0 0
    outer loop
   vertex 25.142 40 -0.43
   vertex 24.476 40 -0.1
   vertex 25.807 40 -0.1
  endloop
 endfacet
  facet normal 0 0 0
    outer loop
   vertex 23.144 40 -0.43
   vertex 23.144 40 -0.1
   vertex 23.81 40 -0.1
  endloop
 endfacet
  facet normal 0 0 0
    outer loop
   vertex 24.476 40 -0.43
   vertex 23.81 40 -0.1
   vertex 24.476 40 -0.1
  endloop
 endfacet
  facet normal 0 0 0
    outer loop
   vertex 23.144 40 -0.43
   vertex 23.81 40 -0.1
   vertex 24.476 40 -0.43
  endloop
 endfacet
  facet normal 0 0 0
    outer loop
   vertex 23.144 40 -0.43
   vertex 22.478 40 -0.1
   vertex 23.144 40 -0.1
  endloop
 endfacet
  facet normal 0 0 0
    outer loop
   vertex 21.813 40 -0.43
   vertex 21.812 40 -0.1
   vertex 22.478 40 -0.1
  endloop
 endfacet
  facet normal 0 0 0
    outer loop
   vertex 21.813 40 -0.43
   vertex 22.478 40 -0.1
   vertex 23.144 40 -0.43
  endloop
 endfacet
  facet normal 0 0 0
    outer loop
   vertex -18.137 40 -0.43
   vertex -18.803 40 -0.1
   vertex -18.137 40 -0.1
  endloop
 endfacet
  facet normal 0 0 0
    outer loop
   vertex -19.468 40 -0.43
   vertex -18.803 40 -0.1
   vertex -18.137 40 -0.43
  endloop
 endfacet
  facet normal 0 0 0
    outer loop
   vertex -17.471 40 -0.43
   vertex -16.805 40 -0.1
   vertex -16.805 40 -0.43
  endloop
 endfacet
  facet normal 0 0 0
    outer loop
   vertex -18.137 40 -0.43
   vertex -18.137 40 -0.1
   vertex -17.471 40 -0.43
  endloop
 endfacet
  facet normal 0 0 0
    outer loop
   vertex -17.471 40 -0.43
   vertex -18.137 40 -0.1
   vertex -16.805 40 -0.1
  endloop
 endfacet
  facet normal 0 0 0
    outer loop
   vertex -16.805 40 -0.43
   vertex -16.805 40 -0.1
   vertex -16.139 40 -0.43
  endloop
 endfacet
  facet normal 0 0 0
    outer loop
   vertex -16.139 40 -0.43
   vertex -15.473 40 -0.1
   vertex -15.473 40 -0.43
  endloop
 endfacet
  facet normal 0 0 0
    outer loop
   vertex -16.139 40 -0.43
   vertex -16.805 40 -0.1
   vertex -15.473 40 -0.1
  endloop
 endfacet
  facet normal 0 0 0
    outer loop
   vertex -14.142 40 -0.43
   vertex -14.142 40 -0.1
   vertex -13.476 40 -0.1
  endloop
 endfacet
  facet normal 0 0 0
    outer loop
   vertex -12.81 40 -0.43
   vertex -13.476 40 -0.1
   vertex -12.81 40 -0.1
  endloop
 endfacet
  facet normal 0 0 0
    outer loop
   vertex -14.142 40 -0.43
   vertex -13.476 40 -0.1
   vertex -12.81 40 -0.43
  endloop
 endfacet
  facet normal 0 0 0
    outer loop
   vertex -14.142 40 -0.43
   vertex -14.808 40 -0.1
   vertex -14.142 40 -0.1
  endloop
 endfacet
  facet normal 0 0 0
    outer loop
   vertex -15.473 40 -0.43
   vertex -15.473 40 -0.1
   vertex -14.808 40 -0.1
  endloop
 endfacet
  facet normal 0 0 0
    outer loop
   vertex -15.473 40 -0.43
   vertex -14.808 40 -0.1
   vertex -14.142 40 -0.43
  endloop
 endfacet
  facet normal 0 0 0
    outer loop
   vertex -12.81 40 -0.43
   vertex -12.81 40 -0.1
   vertex -12.144 40 -0.43
  endloop
 endfacet
  facet normal 0 0 0
    outer loop
   vertex -12.144 40 -0.43
   vertex -11.479 40 -0.1
   vertex -11.479 40 -0.43
  endloop
 endfacet
  facet normal 0 0 0
    outer loop
   vertex -12.144 40 -0.43
   vertex -12.81 40 -0.1
   vertex -11.479 40 -0.1
  endloop
 endfacet
  facet normal 0 0 0
    outer loop
   vertex -11.479 40 -0.43
   vertex -11.479 40 -0.1
   vertex -10.813 40 -0.1
  endloop
 endfacet
  facet normal 0 0 0
    outer loop
   vertex -10.147 40 -0.43
   vertex -10.813 40 -0.1
   vertex -10.147 40 -0.1
  endloop
 endfacet
  facet normal 0 0 0
    outer loop
   vertex -11.479 40 -0.43
   vertex -10.813 40 -0.1
   vertex -10.147 40 -0.43
  endloop
 endfacet
  facet normal 0 0 0
    outer loop
   vertex -6.818 40 -0.43
   vertex -6.152 40 -0.1
   vertex -6.152 40 -0.43
  endloop
 endfacet
  facet normal 0 0 0
    outer loop
   vertex -7.484 40 -0.43
   vertex -7.484 40 -0.1
   vertex -6.818 40 -0.43
  endloop
 endfacet
  facet normal 0 0 0
    outer loop
   vertex -6.818 40 -0.43
   vertex -7.484 40 -0.1
   vertex -6.152 40 -0.1
  endloop
 endfacet
  facet normal 0 0 0
    outer loop
   vertex -6.152 40 -0.43
   vertex -6.152 40 -0.1
   vertex -5.486 40 -0.43
  endloop
 endfacet
  facet normal 0 0 0
    outer loop
   vertex -5.486 40 -0.43
   vertex -4.82 40 -0.1
   vertex -4.82 40 -0.43
  endloop
 endfacet
  facet normal 0 0 0
    outer loop
   vertex -5.486 40 -0.43
   vertex -6.152 40 -0.1
   vertex -4.82 40 -0.1
  endloop
 endfacet
  facet normal 0 0 0
    outer loop
   vertex -7.484 40 -0.43
   vertex -8.149 40 -0.1
   vertex -7.484 40 -0.1
  endloop
 endfacet
  facet normal 0 0 0
    outer loop
   vertex -8.815 40 -0.43
   vertex -8.815 40 -0.1
   vertex -8.149 40 -0.1
  endloop
 endfacet
  facet normal 0 0 0
    outer loop
   vertex -8.815 40 -0.43
   vertex -8.149 40 -0.1
   vertex -7.484 40 -0.43
  endloop
 endfacet
  facet normal 0 0 0
    outer loop
   vertex -9.481 40 -0.43
   vertex -8.815 40 -0.1
   vertex -8.815 40 -0.43
  endloop
 endfacet
  facet normal 0 0 0
    outer loop
   vertex -10.147 40 -0.43
   vertex -10.147 40 -0.1
   vertex -9.481 40 -0.43
  endloop
 endfacet
  facet normal 0 0 0
    outer loop
   vertex -9.481 40 -0.43
   vertex -10.147 40 -0.1
   vertex -8.815 40 -0.1
  endloop
 endfacet
  facet normal 0 0 0
    outer loop
   vertex -4.82 40 -0.43
   vertex -4.82 40 -0.1
   vertex -4.154 40 -0.43
  endloop
 endfacet
  facet normal 0 0 0
    outer loop
   vertex -4.154 40 -0.43
   vertex -3.489 40 -0.1
   vertex -3.489 40 -0.43
  endloop
 endfacet
  facet normal 0 0 0
    outer loop
   vertex -4.154 40 -0.43
   vertex -4.82 40 -0.1
   vertex -3.489 40 -0.1
  endloop
 endfacet
  facet normal 0 0 0
    outer loop
   vertex -3.489 40 -0.43
   vertex -3.489 40 -0.1
   vertex -2.823 40 -0.1
  endloop
 endfacet
  facet normal 0 0 0
    outer loop
   vertex -2.157 40 -0.43
   vertex -2.823 40 -0.1
   vertex -2.157 40 -0.1
  endloop
 endfacet
  facet normal 0 0 0
    outer loop
   vertex -3.489 40 -0.43
   vertex -2.823 40 -0.1
   vertex -2.157 40 -0.43
  endloop
 endfacet
  facet normal 0 0 0
    outer loop
   vertex -1.491 40 -0.43
   vertex -0.825 40 -0.1
   vertex -0.825 40 -0.43
  endloop
 endfacet
  facet normal 0 0 0
    outer loop
   vertex -2.157 40 -0.43
   vertex -2.157 40 -0.1
   vertex -1.491 40 -0.43
  endloop
 endfacet
  facet normal 0 0 0
    outer loop
   vertex -1.491 40 -0.43
   vertex -2.157 40 -0.1
   vertex -0.825 40 -0.1
  endloop
 endfacet
  facet normal 0 0 0
    outer loop
   vertex -0.825 40 -0.43
   vertex -0.825 40 -0.1
   vertex -0.16 40 -0.43
  endloop
 endfacet
  facet normal 0 0 0
    outer loop
   vertex -0.16 40 -0.43
   vertex 0.506 40 -0.1
   vertex 0.506 40 -0.43
  endloop
 endfacet
  facet normal 0 0 0
    outer loop
   vertex -0.16 40 -0.43
   vertex -0.825 40 -0.1
   vertex 0.506 40 -0.1
  endloop
 endfacet
  facet normal 0 0 0
    outer loop
   vertex 7.164 40 -0.43
   vertex 7.164 40 -0.1
   vertex 7.83 40 -0.1
  endloop
 endfacet
  facet normal 0 0 0
    outer loop
   vertex 8.496 40 -0.43
   vertex 7.83 40 -0.1
   vertex 8.496 40 -0.1
  endloop
 endfacet
  facet normal 0 0 0
    outer loop
   vertex 7.164 40 -0.43
   vertex 7.83 40 -0.1
   vertex 8.496 40 -0.43
  endloop
 endfacet
  facet normal 0 0 0
    outer loop
   vertex 7.164 40 -0.43
   vertex 6.499 40 -0.1
   vertex 7.164 40 -0.1
  endloop
 endfacet
  facet normal 0 0 0
    outer loop
   vertex 5.833 40 -0.43
   vertex 5.833 40 -0.1
   vertex 6.499 40 -0.1
  endloop
 endfacet
  facet normal 0 0 0
    outer loop
   vertex 5.833 40 -0.43
   vertex 6.499 40 -0.1
   vertex 7.164 40 -0.43
  endloop
 endfacet
  facet normal 0 0 0
    outer loop
   vertex 8.496 40 -0.43
   vertex 8.496 40 -0.1
   vertex 9.162 40 -0.43
  endloop
 endfacet
  facet normal 0 0 0
    outer loop
   vertex 9.162 40 -0.43
   vertex 9.828 40 -0.1
   vertex 9.828 40 -0.43
  endloop
 endfacet
  facet normal 0 0 0
    outer loop
   vertex 9.162 40 -0.43
   vertex 8.496 40 -0.1
   vertex 9.828 40 -0.1
  endloop
 endfacet
  facet normal 0 0 0
    outer loop
   vertex 9.828 40 -0.43
   vertex 9.828 40 -0.1
   vertex 10.494 40 -0.1
  endloop
 endfacet
  facet normal 0 0 0
    outer loop
   vertex 11.159 40 -0.43
   vertex 10.494 40 -0.1
   vertex 11.159 40 -0.1
  endloop
 endfacet
  facet normal 0 0 0
    outer loop
   vertex 9.828 40 -0.43
   vertex 10.494 40 -0.1
   vertex 11.159 40 -0.43
  endloop
 endfacet
  facet normal 0 0 0
    outer loop
   vertex 5.833 40 -0.43
   vertex 5.167 40 -0.1
   vertex 5.833 40 -0.1
  endloop
 endfacet
  facet normal 0 0 0
    outer loop
   vertex 4.501 40 -0.43
   vertex 4.501 40 -0.1
   vertex 5.167 40 -0.1
  endloop
 endfacet
  facet normal 0 0 0
    outer loop
   vertex 4.501 40 -0.43
   vertex 5.167 40 -0.1
   vertex 5.833 40 -0.43
  endloop
 endfacet
  facet normal 0 0 0
    outer loop
   vertex 3.835 40 -0.43
   vertex 4.501 40 -0.1
   vertex 4.501 40 -0.43
  endloop
 endfacet
  facet normal 0 0 0
    outer loop
   vertex 3.17 40 -0.43
   vertex 3.17 40 -0.1
   vertex 3.835 40 -0.43
  endloop
 endfacet
  facet normal 0 0 0
    outer loop
   vertex 3.835 40 -0.43
   vertex 3.17 40 -0.1
   vertex 4.501 40 -0.1
  endloop
 endfacet
  facet normal 0 0 0
    outer loop
   vertex 1.838 40 -0.43
   vertex 1.838 40 -0.1
   vertex 2.504 40 -0.1
  endloop
 endfacet
  facet normal 0 0 0
    outer loop
   vertex 3.17 40 -0.43
   vertex 2.504 40 -0.1
   vertex 3.17 40 -0.1
  endloop
 endfacet
  facet normal 0 0 0
    outer loop
   vertex 1.838 40 -0.43
   vertex 2.504 40 -0.1
   vertex 3.17 40 -0.43
  endloop
 endfacet
  facet normal 0 0 0
    outer loop
   vertex 1.838 40 -0.43
   vertex 1.172 40 -0.1
   vertex 1.838 40 -0.1
  endloop
 endfacet
  facet normal 0 0 0
    outer loop
   vertex 0.506 40 -0.43
   vertex 0.506 40 -0.1
   vertex 1.172 40 -0.1
  endloop
 endfacet
  facet normal 0 0 0
    outer loop
   vertex 0.506 40 -0.43
   vertex 1.172 40 -0.1
   vertex 1.838 40 -0.43
  endloop
 endfacet
  facet normal 0 0 0
    outer loop
   vertex 11.159 40 -0.43
   vertex 11.159 40 -0.1
   vertex 11.825 40 -0.43
  endloop
 endfacet
  facet normal 0 0 0
    outer loop
   vertex 11.825 40 -0.43
   vertex 12.491 40 -0.1
   vertex 12.491 40 -0.43
  endloop
 endfacet
  facet normal 0 0 0
    outer loop
   vertex 11.825 40 -0.43
   vertex 11.159 40 -0.1
   vertex 12.491 40 -0.1
  endloop
 endfacet
  facet normal 0 0 0
    outer loop
   vertex 12.491 40 -0.43
   vertex 12.491 40 -0.1
   vertex 13.157 40 -0.1
  endloop
 endfacet
  facet normal 0 0 0
    outer loop
   vertex 13.823 40 -0.43
   vertex 13.157 40 -0.1
   vertex 13.823 40 -0.1
  endloop
 endfacet
  facet normal 0 0 0
    outer loop
   vertex 12.491 40 -0.43
   vertex 13.157 40 -0.1
   vertex 13.823 40 -0.43
  endloop
 endfacet
  facet normal 0 0 0
    outer loop
   vertex 14.488 40 -0.43
   vertex 15.154 40 -0.1
   vertex 15.154 40 -0.43
  endloop
 endfacet
  facet normal 0 0 0
    outer loop
   vertex 13.823 40 -0.43
   vertex 13.823 40 -0.1
   vertex 14.488 40 -0.43
  endloop
 endfacet
  facet normal 0 0 0
    outer loop
   vertex 14.488 40 -0.43
   vertex 13.823 40 -0.1
   vertex 15.154 40 -0.1
  endloop
 endfacet
  facet normal 0 0 0
    outer loop
   vertex 15.154 40 -0.43
   vertex 15.154 40 -0.1
   vertex 15.82 40 -0.43
  endloop
 endfacet
  facet normal 0 0 0
    outer loop
   vertex 15.82 40 -0.43
   vertex 16.486 40 -0.1
   vertex 16.486 40 -0.43
  endloop
 endfacet
  facet normal 0 0 0
    outer loop
   vertex 15.82 40 -0.43
   vertex 15.154 40 -0.1
   vertex 16.486 40 -0.1
  endloop
 endfacet
  facet normal 0 0 0
    outer loop
   vertex 17.818 40 -0.43
   vertex 17.818 40 -0.1
   vertex 18.483 40 -0.1
  endloop
 endfacet
  facet normal 0 0 0
    outer loop
   vertex 19.149 40 -0.43
   vertex 18.483 40 -0.1
   vertex 19.149 40 -0.1
  endloop
 endfacet
  facet normal 0 0 0
    outer loop
   vertex 17.818 40 -0.43
   vertex 18.483 40 -0.1
   vertex 19.149 40 -0.43
  endloop
 endfacet
  facet normal 0 0 0
    outer loop
   vertex 17.818 40 -0.43
   vertex 17.152 40 -0.1
   vertex 17.818 40 -0.1
  endloop
 endfacet
  facet normal 0 0 0
    outer loop
   vertex 16.486 40 -0.43
   vertex 16.486 40 -0.1
   vertex 17.152 40 -0.1
  endloop
 endfacet
  facet normal 0 0 0
    outer loop
   vertex 16.486 40 -0.43
   vertex 17.152 40 -0.1
   vertex 17.818 40 -0.43
  endloop
 endfacet
  facet normal 0 0 0
    outer loop
   vertex 19.149 40 -0.43
   vertex 19.149 40 -0.1
   vertex 19.815 40 -0.43
  endloop
 endfacet
  facet normal 0 0 0
    outer loop
   vertex 19.815 40 -0.43
   vertex 20.481 40 -0.1
   vertex 20.481 40 -0.43
  endloop
 endfacet
  facet normal 0 0 0
    outer loop
   vertex 19.815 40 -0.43
   vertex 19.149 40 -0.1
   vertex 20.481 40 -0.1
  endloop
 endfacet
  facet normal 0 0 0
    outer loop
   vertex 20.481 40 -0.43
   vertex 20.481 40 -0.1
   vertex 21.147 40 -0.1
  endloop
 endfacet
  facet normal 0 0 0
    outer loop
   vertex -20.8 40 -0.43
   vertex -20.8 40 -0.1
   vertex -20.134 40 -0.43
  endloop
 endfacet
  facet normal 0 0 0
    outer loop
   vertex -20.134 40 -0.43
   vertex -19.468 40 -0.1
   vertex -19.468 40 -0.43
  endloop
 endfacet
  facet normal 0 0 0
    outer loop
   vertex -20.134 40 -0.43
   vertex -20.8 40 -0.1
   vertex -19.468 40 -0.1
  endloop
 endfacet
  facet normal 0 0 0
    outer loop
   vertex -19.468 40 -0.43
   vertex -19.468 40 -0.1
   vertex -18.803 40 -0.1
  endloop
 endfacet
  facet normal 0 0 0
    outer loop
   vertex 64.425 40 -0.43
   vertex 64.425 40 -0.1
   vertex 64.425 39.236 -0.43
  endloop
 endfacet
  facet normal 0 0 0
    outer loop
   vertex 64.425 39.236 -0.43
   vertex 64.425 38.473 -0.1
   vertex 64.425 38.473 -0.43
  endloop
 endfacet
  facet normal 0 0 0
    outer loop
   vertex 64.425 39.236 -0.43
   vertex 64.425 40 -0.1
   vertex 64.425 38.473 -0.1
  endloop
 endfacet
  facet normal 0 0 0
    outer loop
   vertex 64.425 38.473 -0.43
   vertex 64.425 38.473 -0.1
   vertex 64.425 37.709 -0.1
  endloop
 endfacet
  facet normal 0 0 0
    outer loop
   vertex 64.425 36.945 -0.43
   vertex 64.425 37.709 -0.1
   vertex 64.425 36.945 -0.1
  endloop
 endfacet
  facet normal 0 0 0
    outer loop
   vertex 64.425 38.473 -0.43
   vertex 64.425 37.709 -0.1
   vertex 64.425 36.945 -0.43
  endloop
 endfacet
  facet normal 0 0 0
    outer loop
   vertex 64.425 36.181 -0.43
   vertex 64.425 35.418 -0.1
   vertex 64.425 35.418 -0.43
  endloop
 endfacet
  facet normal 0 0 0
    outer loop
   vertex 64.425 36.945 -0.43
   vertex 64.425 36.945 -0.1
   vertex 64.425 36.181 -0.43
  endloop
 endfacet
  facet normal 0 0 0
    outer loop
   vertex 64.425 36.181 -0.43
   vertex 64.425 36.945 -0.1
   vertex 64.425 35.418 -0.1
  endloop
 endfacet
  facet normal 0 0 0
    outer loop
   vertex 64.425 35.418 -0.43
   vertex 64.425 35.418 -0.1
   vertex 64.425 34.654 -0.43
  endloop
 endfacet
  facet normal 0 0 0
    outer loop
   vertex 64.425 34.654 -0.43
   vertex 64.425 33.89 -0.1
   vertex 64.425 33.89 -0.43
  endloop
 endfacet
  facet normal 0 0 0
    outer loop
   vertex 64.425 34.654 -0.43
   vertex 64.425 35.418 -0.1
   vertex 64.425 33.89 -0.1
  endloop
 endfacet
  facet normal 0 0 0
    outer loop
   vertex 64.425 32.363 -0.43
   vertex 64.425 32.363 -0.1
   vertex 64.425 31.599 -0.1
  endloop
 endfacet
  facet normal 0 0 0
    outer loop
   vertex 64.425 30.835 -0.43
   vertex 64.425 31.599 -0.1
   vertex 64.425 30.835 -0.1
  endloop
 endfacet
  facet normal 0 0 0
    outer loop
   vertex 64.425 32.363 -0.43
   vertex 64.425 31.599 -0.1
   vertex 64.425 30.835 -0.43
  endloop
 endfacet
  facet normal 0 0 0
    outer loop
   vertex 64.425 32.363 -0.43
   vertex 64.425 33.126 -0.1
   vertex 64.425 32.363 -0.1
  endloop
 endfacet
  facet normal 0 0 0
    outer loop
   vertex 64.425 33.89 -0.43
   vertex 64.425 33.89 -0.1
   vertex 64.425 33.126 -0.1
  endloop
 endfacet
  facet normal 0 0 0
    outer loop
   vertex 64.425 33.89 -0.43
   vertex 64.425 33.126 -0.1
   vertex 64.425 32.363 -0.43
  endloop
 endfacet
  facet normal 0 0 0
    outer loop
   vertex 64.425 30.835 -0.43
   vertex 64.425 30.835 -0.1
   vertex 64.425 30.071 -0.43
  endloop
 endfacet
  facet normal 0 0 0
    outer loop
   vertex 64.425 30.071 -0.43
   vertex 64.425 29.308 -0.1
   vertex 64.425 29.308 -0.43
  endloop
 endfacet
  facet normal 0 0 0
    outer loop
   vertex 64.425 30.071 -0.43
   vertex 64.425 30.835 -0.1
   vertex 64.425 29.308 -0.1
  endloop
 endfacet
  facet normal 0 0 0
    outer loop
   vertex 64.425 29.308 -0.43
   vertex 64.425 29.308 -0.1
   vertex 64.425 28.544 -0.1
  endloop
 endfacet
  facet normal 0 0 0
    outer loop
   vertex 64.425 27.78 -0.43
   vertex 64.425 28.544 -0.1
   vertex 64.425 27.78 -0.1
  endloop
 endfacet
  facet normal 0 0 0
    outer loop
   vertex 64.425 29.308 -0.43
   vertex 64.425 28.544 -0.1
   vertex 64.425 27.78 -0.43
  endloop
 endfacet
  facet normal 0 0 0
    outer loop
   vertex 64.425 23.961 -0.43
   vertex 64.425 23.198 -0.1
   vertex 64.425 23.197 -0.43
  endloop
 endfacet
  facet normal 0 0 0
    outer loop
   vertex 64.425 24.725 -0.43
   vertex 64.425 24.725 -0.1
   vertex 64.425 23.961 -0.43
  endloop
 endfacet
  facet normal 0 0 0
    outer loop
   vertex 64.425 23.961 -0.43
   vertex 64.425 24.725 -0.1
   vertex 64.425 23.198 -0.1
  endloop
 endfacet
  facet normal 0 0 0
    outer loop
   vertex 64.425 23.197 -0.43
   vertex 64.425 23.198 -0.1
   vertex 64.425 22.434 -0.43
  endloop
 endfacet
  facet normal 0 0 0
    outer loop
   vertex 64.425 22.434 -0.43
   vertex 64.425 21.67 -0.1
   vertex 64.425 21.67 -0.43
  endloop
 endfacet
  facet normal 0 0 0
    outer loop
   vertex 64.425 22.434 -0.43
   vertex 64.425 23.198 -0.1
   vertex 64.425 21.67 -0.1
  endloop
 endfacet
  facet normal 0 0 0
    outer loop
   vertex 64.425 24.725 -0.43
   vertex 64.425 25.489 -0.1
   vertex 64.425 24.725 -0.1
  endloop
 endfacet
  facet normal 0 0 0
    outer loop
   vertex 64.425 26.252 -0.43
   vertex 64.425 26.253 -0.1
   vertex 64.425 25.489 -0.1
  endloop
 endfacet
  facet normal 0 0 0
    outer loop
   vertex 64.425 26.252 -0.43
   vertex 64.425 25.489 -0.1
   vertex 64.425 24.725 -0.43
  endloop
 endfacet
  facet normal 0 0 0
    outer loop
   vertex 64.425 27.016 -0.43
   vertex 64.425 26.253 -0.1
   vertex 64.425 26.252 -0.43
  endloop
 endfacet
  facet normal 0 0 0
    outer loop
   vertex 64.425 27.78 -0.43
   vertex 64.425 27.78 -0.1
   vertex 64.425 27.016 -0.43
  endloop
 endfacet
  facet normal 0 0 0
    outer loop
   vertex 64.425 27.016 -0.43
   vertex 64.425 27.78 -0.1
   vertex 64.425 26.253 -0.1
  endloop
 endfacet
  facet normal 0 0 0
    outer loop
   vertex 64.425 21.67 -0.43
   vertex 64.425 21.67 -0.1
   vertex 64.425 20.906 -0.43
  endloop
 endfacet
  facet normal 0 0 0
    outer loop
   vertex 64.425 20.906 -0.43
   vertex 64.425 20.143 -0.1
   vertex 64.425 20.142 -0.43
  endloop
 endfacet
  facet normal 0 0 0
    outer loop
   vertex 64.425 20.906 -0.43
   vertex 64.425 21.67 -0.1
   vertex 64.425 20.143 -0.1
  endloop
 endfacet
  facet normal 0 0 0
    outer loop
   vertex 64.425 20.142 -0.43
   vertex 64.425 20.143 -0.1
   vertex 64.425 19.379 -0.1
  endloop
 endfacet
  facet normal 0 0 0
    outer loop
   vertex 64.425 18.615 -0.43
   vertex 64.425 19.379 -0.1
   vertex 64.425 18.615 -0.1
  endloop
 endfacet
  facet normal 0 0 0
    outer loop
   vertex 64.425 20.142 -0.43
   vertex 64.425 19.379 -0.1
   vertex 64.425 18.615 -0.43
  endloop
 endfacet
  facet normal 0 0 0
    outer loop
   vertex 64.425 17.851 -0.43
   vertex 64.425 17.088 -0.1
   vertex 64.425 17.087 -0.43
  endloop
 endfacet
  facet normal 0 0 0
    outer loop
   vertex 64.425 18.615 -0.43
   vertex 64.425 18.615 -0.1
   vertex 64.425 17.851 -0.43
  endloop
 endfacet
  facet normal 0 0 0
    outer loop
   vertex 64.425 17.851 -0.43
   vertex 64.425 18.615 -0.1
   vertex 64.425 17.088 -0.1
  endloop
 endfacet
  facet normal 0 0 0
    outer loop
   vertex 64.425 17.087 -0.43
   vertex 64.425 17.088 -0.1
   vertex 64.425 16.324 -0.43
  endloop
 endfacet
  facet normal 0 0 0
    outer loop
   vertex 64.425 16.324 -0.43
   vertex 64.425 15.56 -0.1
   vertex 64.425 15.56 -0.43
  endloop
 endfacet
  facet normal 0 0 0
    outer loop
   vertex 64.425 16.324 -0.43
   vertex 64.425 17.088 -0.1
   vertex 64.425 15.56 -0.1
  endloop
 endfacet
  facet normal 0 0 0
    outer loop
   vertex 64.425 -0.479 -0.43
   vertex 64.425 -1.243 -0.1
   vertex 64.425 -1.243 -0.43
  endloop
 endfacet
  facet normal 0 0 0
    outer loop
   vertex 64.425 0.285 -0.43
   vertex 64.425 0.285 -0.1
   vertex 64.425 -0.479 -0.43
  endloop
 endfacet
  facet normal 0 0 0
    outer loop
   vertex 64.425 -0.479 -0.43
   vertex 64.425 0.285 -0.1
   vertex 64.425 -1.243 -0.1
  endloop
 endfacet
  facet normal 0 0 0
    outer loop
   vertex 64.425 -1.243 -0.43
   vertex 64.425 -1.243 -0.1
   vertex 64.425 -2.006 -0.43
  endloop
 endfacet
  facet normal 0 0 0
    outer loop
   vertex 64.425 -2.006 -0.43
   vertex 64.425 -2.77 -0.1
   vertex 64.425 -2.77 -0.43
  endloop
 endfacet
  facet normal 0 0 0
    outer loop
   vertex 64.425 -2.006 -0.43
   vertex 64.425 -1.243 -0.1
   vertex 64.425 -2.77 -0.1
  endloop
 endfacet
  facet normal 0 0 0
    outer loop
   vertex 64.425 0.285 -0.43
   vertex 64.425 1.049 -0.1
   vertex 64.425 0.285 -0.1
  endloop
 endfacet
  facet normal 0 0 0
    outer loop
   vertex 64.425 1.812 -0.43
   vertex 64.425 1.812 -0.1
   vertex 64.425 1.049 -0.1
  endloop
 endfacet
  facet normal 0 0 0
    outer loop
   vertex 64.425 1.812 -0.43
   vertex 64.425 1.049 -0.1
   vertex 64.425 0.285 -0.43
  endloop
 endfacet
  facet normal 0 0 0
    outer loop
   vertex 64.425 2.576 -0.43
   vertex 64.425 1.812 -0.1
   vertex 64.425 1.812 -0.43
  endloop
 endfacet
  facet normal 0 0 0
    outer loop
   vertex 64.425 3.34 -0.43
   vertex 64.425 3.34 -0.1
   vertex 64.425 2.576 -0.43
  endloop
 endfacet
  facet normal 0 0 0
    outer loop
   vertex 64.425 2.576 -0.43
   vertex 64.425 3.34 -0.1
   vertex 64.425 1.812 -0.1
  endloop
 endfacet
  facet normal 0 0 0
    outer loop
   vertex 64.425 -2.77 -0.43
   vertex 64.425 -2.77 -0.1
   vertex 64.425 -3.534 -0.43
  endloop
 endfacet
  facet normal 0 0 0
    outer loop
   vertex 64.425 -3.534 -0.43
   vertex 64.425 -4.298 -0.1
   vertex 64.425 -4.298 -0.43
  endloop
 endfacet
  facet normal 0 0 0
    outer loop
   vertex 64.425 -3.534 -0.43
   vertex 64.425 -2.77 -0.1
   vertex 64.425 -4.298 -0.1
  endloop
 endfacet
  facet normal 0 0 0
    outer loop
   vertex 64.425 -4.298 -0.43
   vertex 64.425 -4.298 -0.1
   vertex 64.425 -5.061 -0.1
  endloop
 endfacet
  facet normal 0 0 0
    outer loop
   vertex 64.425 -5.825 -0.43
   vertex 64.425 -5.061 -0.1
   vertex 64.425 -5.825 -0.1
  endloop
 endfacet
  facet normal 0 0 0
    outer loop
   vertex 64.425 -4.298 -0.43
   vertex 64.425 -5.061 -0.1
   vertex 64.425 -5.825 -0.43
  endloop
 endfacet
  facet normal 0 0 0
    outer loop
   vertex 64.425 -6.589 -0.43
   vertex 64.425 -7.353 -0.1
   vertex 64.425 -7.353 -0.43
  endloop
 endfacet
  facet normal 0 0 0
    outer loop
   vertex 64.425 -5.825 -0.43
   vertex 64.425 -5.825 -0.1
   vertex 64.425 -6.589 -0.43
  endloop
 endfacet
  facet normal 0 0 0
    outer loop
   vertex 64.425 -6.589 -0.43
   vertex 64.425 -5.825 -0.1
   vertex 64.425 -7.353 -0.1
  endloop
 endfacet
  facet normal 0 0 0
    outer loop
   vertex 64.425 -7.353 -0.43
   vertex 64.425 -7.353 -0.1
   vertex 64.425 -8.116 -0.43
  endloop
 endfacet
  facet normal 0 0 0
    outer loop
   vertex 64.425 -8.116 -0.43
   vertex 64.425 -8.88 -0.1
   vertex 64.425 -8.88 -0.43
  endloop
 endfacet
  facet normal 0 0 0
    outer loop
   vertex 64.425 -8.116 -0.43
   vertex 64.425 -7.353 -0.1
   vertex 64.425 -8.88 -0.1
  endloop
 endfacet
  facet normal 0 0 0
    outer loop
   vertex 64.425 3.34 -0.43
   vertex 64.425 4.104 -0.1
   vertex 64.425 3.34 -0.1
  endloop
 endfacet
  facet normal 0 0 0
    outer loop
   vertex 64.425 4.867 -0.43
   vertex 64.425 4.868 -0.1
   vertex 64.425 4.104 -0.1
  endloop
 endfacet
  facet normal 0 0 0
    outer loop
   vertex 64.425 4.867 -0.43
   vertex 64.425 4.104 -0.1
   vertex 64.425 3.34 -0.43
  endloop
 endfacet
  facet normal 0 0 0
    outer loop
   vertex 64.425 5.631 -0.43
   vertex 64.425 4.868 -0.1
   vertex 64.425 4.867 -0.43
  endloop
 endfacet
  facet normal 0 0 0
    outer loop
   vertex 64.425 6.395 -0.43
   vertex 64.425 6.395 -0.1
   vertex 64.425 5.631 -0.43
  endloop
 endfacet
  facet normal 0 0 0
    outer loop
   vertex 64.425 5.631 -0.43
   vertex 64.425 6.395 -0.1
   vertex 64.425 4.868 -0.1
  endloop
 endfacet
  facet normal 0 0 0
    outer loop
   vertex 64.425 7.922 -0.43
   vertex 64.425 7.922 -0.1
   vertex 64.425 7.159 -0.1
  endloop
 endfacet
  facet normal 0 0 0
    outer loop
   vertex 64.425 6.395 -0.43
   vertex 64.425 7.159 -0.1
   vertex 64.425 6.395 -0.1
  endloop
 endfacet
  facet normal 0 0 0
    outer loop
   vertex 64.425 7.922 -0.43
   vertex 64.425 7.159 -0.1
   vertex 64.425 6.395 -0.43
  endloop
 endfacet
  facet normal 0 0 0
    outer loop
   vertex 64.425 7.922 -0.43
   vertex 64.425 8.686 -0.1
   vertex 64.425 7.922 -0.1
  endloop
 endfacet
  facet normal 0 0 0
    outer loop
   vertex 64.425 9.45 -0.43
   vertex 64.425 9.45 -0.1
   vertex 64.425 8.686 -0.1
  endloop
 endfacet
  facet normal 0 0 0
    outer loop
   vertex 64.425 9.45 -0.43
   vertex 64.425 8.686 -0.1
   vertex 64.425 7.922 -0.43
  endloop
 endfacet
  facet normal 0 0 0
    outer loop
   vertex 64.425 11.741 -0.43
   vertex 64.425 10.978 -0.1
   vertex 64.425 10.977 -0.43
  endloop
 endfacet
  facet normal 0 0 0
    outer loop
   vertex 64.425 12.505 -0.43
   vertex 64.425 12.505 -0.1
   vertex 64.425 11.741 -0.43
  endloop
 endfacet
  facet normal 0 0 0
    outer loop
   vertex 64.425 11.741 -0.43
   vertex 64.425 12.505 -0.1
   vertex 64.425 10.978 -0.1
  endloop
 endfacet
  facet normal 0 0 0
    outer loop
   vertex 64.425 10.977 -0.43
   vertex 64.425 10.978 -0.1
   vertex 64.425 10.214 -0.43
  endloop
 endfacet
  facet normal 0 0 0
    outer loop
   vertex 64.425 10.214 -0.43
   vertex 64.425 9.45 -0.1
   vertex 64.425 9.45 -0.43
  endloop
 endfacet
  facet normal 0 0 0
    outer loop
   vertex 64.425 10.214 -0.43
   vertex 64.425 10.978 -0.1
   vertex 64.425 9.45 -0.1
  endloop
 endfacet
  facet normal 0 0 0
    outer loop
   vertex 64.425 12.505 -0.43
   vertex 64.425 13.269 -0.1
   vertex 64.425 12.505 -0.1
  endloop
 endfacet
  facet normal 0 0 0
    outer loop
   vertex 64.425 14.032 -0.43
   vertex 64.425 14.033 -0.1
   vertex 64.425 13.269 -0.1
  endloop
 endfacet
  facet normal 0 0 0
    outer loop
   vertex 64.425 14.032 -0.43
   vertex 64.425 13.269 -0.1
   vertex 64.425 12.505 -0.43
  endloop
 endfacet
  facet normal 0 0 0
    outer loop
   vertex 64.425 14.796 -0.43
   vertex 64.425 14.033 -0.1
   vertex 64.425 14.032 -0.43
  endloop
 endfacet
  facet normal 0 0 0
    outer loop
   vertex 64.425 15.56 -0.43
   vertex 64.425 15.56 -0.1
   vertex 64.425 14.796 -0.43
  endloop
 endfacet
  facet normal 0 0 0
    outer loop
   vertex 64.425 14.796 -0.43
   vertex 64.425 15.56 -0.1
   vertex 64.425 14.033 -0.1
  endloop
 endfacet
  facet normal 0 0 0
    outer loop
   vertex 21.812 -8.88 -0.43
   vertex 22.478 -8.88 -0.1
   vertex 21.812 -8.88 -0.1
  endloop
 endfacet
  facet normal 0 0 0
    outer loop
   vertex 23.144 -8.88 -0.43
   vertex 22.478 -8.88 -0.1
   vertex 21.812 -8.88 -0.43
  endloop
 endfacet
  facet normal 0 0 0
    outer loop
   vertex -6.152 -8.88 -0.43
   vertex -6.152 -8.88 -0.1
   vertex -6.818 -8.88 -0.1
  endloop
 endfacet
  facet normal 0 0 0
    outer loop
   vertex -7.484 -8.88 -0.43
   vertex -6.818 -8.88 -0.1
   vertex -7.484 -8.88 -0.1
  endloop
 endfacet
  facet normal 0 0 0
    outer loop
   vertex -6.152 -8.88 -0.43
   vertex -6.818 -8.88 -0.1
   vertex -7.484 -8.88 -0.43
  endloop
 endfacet
  facet normal 0 0 0
    outer loop
   vertex -6.152 -8.88 -0.43
   vertex -5.486 -8.88 -0.1
   vertex -6.152 -8.88 -0.1
  endloop
 endfacet
  facet normal 0 0 0
    outer loop
   vertex -4.82 -8.88 -0.43
   vertex -4.82 -8.88 -0.1
   vertex -5.486 -8.88 -0.1
  endloop
 endfacet
  facet normal 0 0 0
    outer loop
   vertex -4.82 -8.88 -0.43
   vertex -5.486 -8.88 -0.1
   vertex -6.152 -8.88 -0.43
  endloop
 endfacet
  facet normal 0 0 0
    outer loop
   vertex -7.484 -8.88 -0.43
   vertex -7.484 -8.88 -0.1
   vertex -8.149 -8.88 -0.43
  endloop
 endfacet
  facet normal 0 0 0
    outer loop
   vertex -8.149 -8.88 -0.43
   vertex -8.815 -8.88 -0.1
   vertex -8.815 -8.88 -0.43
  endloop
 endfacet
  facet normal 0 0 0
    outer loop
   vertex -8.149 -8.88 -0.43
   vertex -7.484 -8.88 -0.1
   vertex -8.815 -8.88 -0.1
  endloop
 endfacet
  facet normal 0 0 0
    outer loop
   vertex -8.815 -8.88 -0.43
   vertex -8.815 -8.88 -0.1
   vertex -9.481 -8.88 -0.1
  endloop
 endfacet
  facet normal 0 0 0
    outer loop
   vertex -10.147 -8.88 -0.43
   vertex -9.481 -8.88 -0.1
   vertex -10.147 -8.88 -0.1
  endloop
 endfacet
  facet normal 0 0 0
    outer loop
   vertex -8.815 -8.88 -0.43
   vertex -9.481 -8.88 -0.1
   vertex -10.147 -8.88 -0.43
  endloop
 endfacet
  facet normal 0 0 0
    outer loop
   vertex -4.82 -8.88 -0.43
   vertex -4.154 -8.88 -0.1
   vertex -4.82 -8.88 -0.1
  endloop
 endfacet
  facet normal 0 0 0
    outer loop
   vertex -3.489 -8.88 -0.43
   vertex -3.489 -8.88 -0.1
   vertex -4.154 -8.88 -0.1
  endloop
 endfacet
  facet normal 0 0 0
    outer loop
   vertex -3.489 -8.88 -0.43
   vertex -4.154 -8.88 -0.1
   vertex -4.82 -8.88 -0.43
  endloop
 endfacet
  facet normal 0 0 0
    outer loop
   vertex -2.823 -8.88 -0.43
   vertex -3.489 -8.88 -0.1
   vertex -3.489 -8.88 -0.43
  endloop
 endfacet
  facet normal 0 0 0
    outer loop
   vertex -2.157 -8.88 -0.43
   vertex -2.157 -8.88 -0.1
   vertex -2.823 -8.88 -0.43
  endloop
 endfacet
  facet normal 0 0 0
    outer loop
   vertex -2.823 -8.88 -0.43
   vertex -2.157 -8.88 -0.1
   vertex -3.489 -8.88 -0.1
  endloop
 endfacet
  facet normal 0 0 0
    outer loop
   vertex -0.825 -8.88 -0.43
   vertex -0.825 -8.88 -0.1
   vertex -1.491 -8.88 -0.1
  endloop
 endfacet
  facet normal 0 0 0
    outer loop
   vertex -2.157 -8.88 -0.43
   vertex -1.491 -8.88 -0.1
   vertex -2.157 -8.88 -0.1
  endloop
 endfacet
  facet normal 0 0 0
    outer loop
   vertex -0.825 -8.88 -0.43
   vertex -1.491 -8.88 -0.1
   vertex -2.157 -8.88 -0.43
  endloop
 endfacet
  facet normal 0 0 0
    outer loop
   vertex -0.825 -8.88 -0.43
   vertex -0.16 -8.88 -0.1
   vertex -0.825 -8.88 -0.1
  endloop
 endfacet
  facet normal 0 0 0
    outer loop
   vertex 0.506 -8.88 -0.43
   vertex 0.506 -8.88 -0.1
   vertex -0.16 -8.88 -0.1
  endloop
 endfacet
  facet normal 0 0 0
    outer loop
   vertex 0.506 -8.88 -0.43
   vertex -0.16 -8.88 -0.1
   vertex -0.825 -8.88 -0.43
  endloop
 endfacet
  facet normal 0 0 0
    outer loop
   vertex -10.147 -8.88 -0.43
   vertex -10.147 -8.88 -0.1
   vertex -10.813 -8.88 -0.43
  endloop
 endfacet
  facet normal 0 0 0
    outer loop
   vertex -10.813 -8.88 -0.43
   vertex -11.479 -8.88 -0.1
   vertex -11.479 -8.88 -0.43
  endloop
 endfacet
  facet normal 0 0 0
    outer loop
   vertex -10.813 -8.88 -0.43
   vertex -10.147 -8.88 -0.1
   vertex -11.479 -8.88 -0.1
  endloop
 endfacet
  facet normal 0 0 0
    outer loop
   vertex -11.479 -8.88 -0.43
   vertex -11.479 -8.88 -0.1
   vertex -12.144 -8.88 -0.1
  endloop
 endfacet
  facet normal 0 0 0
    outer loop
   vertex -12.81 -8.88 -0.43
   vertex -12.144 -8.88 -0.1
   vertex -12.81 -8.88 -0.1
  endloop
 endfacet
  facet normal 0 0 0
    outer loop
   vertex -11.479 -8.88 -0.43
   vertex -12.144 -8.88 -0.1
   vertex -12.81 -8.88 -0.43
  endloop
 endfacet
  facet normal 0 0 0
    outer loop
   vertex -13.476 -8.88 -0.43
   vertex -14.142 -8.88 -0.1
   vertex -14.142 -8.88 -0.43
  endloop
 endfacet
  facet normal 0 0 0
    outer loop
   vertex -12.81 -8.88 -0.43
   vertex -12.81 -8.88 -0.1
   vertex -13.476 -8.88 -0.43
  endloop
 endfacet
  facet normal 0 0 0
    outer loop
   vertex -13.476 -8.88 -0.43
   vertex -12.81 -8.88 -0.1
   vertex -14.142 -8.88 -0.1
  endloop
 endfacet
  facet normal 0 0 0
    outer loop
   vertex -14.142 -8.88 -0.43
   vertex -14.142 -8.88 -0.1
   vertex -14.808 -8.88 -0.43
  endloop
 endfacet
  facet normal 0 0 0
    outer loop
   vertex -14.808 -8.88 -0.43
   vertex -15.473 -8.88 -0.1
   vertex -15.473 -8.88 -0.43
  endloop
 endfacet
  facet normal 0 0 0
    outer loop
   vertex -14.808 -8.88 -0.43
   vertex -14.142 -8.88 -0.1
   vertex -15.473 -8.88 -0.1
  endloop
 endfacet
  facet normal 0 0 0
    outer loop
   vertex -16.805 -8.88 -0.43
   vertex -16.805 -8.88 -0.1
   vertex -17.471 -8.88 -0.1
  endloop
 endfacet
  facet normal 0 0 0
    outer loop
   vertex -18.137 -8.88 -0.43
   vertex -17.471 -8.88 -0.1
   vertex -18.137 -8.88 -0.1
  endloop
 endfacet
  facet normal 0 0 0
    outer loop
   vertex -16.805 -8.88 -0.43
   vertex -17.471 -8.88 -0.1
   vertex -18.137 -8.88 -0.43
  endloop
 endfacet
  facet normal 0 0 0
    outer loop
   vertex -16.805 -8.88 -0.43
   vertex -16.139 -8.88 -0.1
   vertex -16.805 -8.88 -0.1
  endloop
 endfacet
  facet normal 0 0 0
    outer loop
   vertex -15.473 -8.88 -0.43
   vertex -15.473 -8.88 -0.1
   vertex -16.139 -8.88 -0.1
  endloop
 endfacet
  facet normal 0 0 0
    outer loop
   vertex -15.473 -8.88 -0.43
   vertex -16.139 -8.88 -0.1
   vertex -16.805 -8.88 -0.43
  endloop
 endfacet
  facet normal 0 0 0
    outer loop
   vertex -18.137 -8.88 -0.43
   vertex -18.137 -8.88 -0.1
   vertex -18.803 -8.88 -0.43
  endloop
 endfacet
  facet normal 0 0 0
    outer loop
   vertex -18.803 -8.88 -0.43
   vertex -19.468 -8.88 -0.1
   vertex -19.468 -8.88 -0.43
  endloop
 endfacet
  facet normal 0 0 0
    outer loop
   vertex -18.803 -8.88 -0.43
   vertex -18.137 -8.88 -0.1
   vertex -19.468 -8.88 -0.1
  endloop
 endfacet
  facet normal 0 0 0
    outer loop
   vertex -19.468 -8.88 -0.43
   vertex -19.468 -8.88 -0.1
   vertex -20.134 -8.88 -0.1
  endloop
 endfacet
  facet normal 0 0 0
    outer loop
   vertex -20.8 -8.88 -0.43
   vertex -20.134 -8.88 -0.1
   vertex -20.8 -8.88 -0.1
  endloop
 endfacet
  facet normal 0 0 0
    outer loop
   vertex -19.468 -8.88 -0.43
   vertex -20.134 -8.88 -0.1
   vertex -20.8 -8.88 -0.43
  endloop
 endfacet
  facet normal 0 0 0
    outer loop
   vertex 0.506 -8.88 -0.43
   vertex 1.172 -8.88 -0.1
   vertex 0.506 -8.88 -0.1
  endloop
 endfacet
  facet normal 0 0 0
    outer loop
   vertex 1.838 -8.88 -0.43
   vertex 1.838 -8.88 -0.1
   vertex 1.172 -8.88 -0.1
  endloop
 endfacet
  facet normal 0 0 0
    outer loop
   vertex 1.838 -8.88 -0.43
   vertex 1.172 -8.88 -0.1
   vertex 0.506 -8.88 -0.43
  endloop
 endfacet
  facet normal 0 0 0
    outer loop
   vertex 2.504 -8.88 -0.43
   vertex 1.838 -8.88 -0.1
   vertex 1.838 -8.88 -0.43
  endloop
 endfacet
  facet normal 0 0 0
    outer loop
   vertex 3.17 -8.88 -0.43
   vertex 3.17 -8.88 -0.1
   vertex 2.504 -8.88 -0.43
  endloop
 endfacet
  facet normal 0 0 0
    outer loop
   vertex 2.504 -8.88 -0.43
   vertex 3.17 -8.88 -0.1
   vertex 1.838 -8.88 -0.1
  endloop
 endfacet
  facet normal 0 0 0
    outer loop
   vertex 4.501 -8.88 -0.43
   vertex 4.501 -8.88 -0.1
   vertex 3.835 -8.88 -0.1
  endloop
 endfacet
  facet normal 0 0 0
    outer loop
   vertex 3.17 -8.88 -0.43
   vertex 3.835 -8.88 -0.1
   vertex 3.17 -8.88 -0.1
  endloop
 endfacet
  facet normal 0 0 0
    outer loop
   vertex 4.501 -8.88 -0.43
   vertex 3.835 -8.88 -0.1
   vertex 3.17 -8.88 -0.43
  endloop
 endfacet
  facet normal 0 0 0
    outer loop
   vertex 4.501 -8.88 -0.43
   vertex 5.167 -8.88 -0.1
   vertex 4.501 -8.88 -0.1
  endloop
 endfacet
  facet normal 0 0 0
    outer loop
   vertex 5.833 -8.88 -0.43
   vertex 5.833 -8.88 -0.1
   vertex 5.167 -8.88 -0.1
  endloop
 endfacet
  facet normal 0 0 0
    outer loop
   vertex 5.833 -8.88 -0.43
   vertex 5.167 -8.88 -0.1
   vertex 4.501 -8.88 -0.43
  endloop
 endfacet
  facet normal 0 0 0
    outer loop
   vertex 7.83 -8.88 -0.43
   vertex 7.164 -8.88 -0.1
   vertex 7.164 -8.88 -0.43
  endloop
 endfacet
  facet normal 0 0 0
    outer loop
   vertex 8.496 -8.88 -0.43
   vertex 8.496 -8.88 -0.1
   vertex 7.83 -8.88 -0.43
  endloop
 endfacet
  facet normal 0 0 0
    outer loop
   vertex 7.83 -8.88 -0.43
   vertex 8.496 -8.88 -0.1
   vertex 7.164 -8.88 -0.1
  endloop
 endfacet
  facet normal 0 0 0
    outer loop
   vertex 7.164 -8.88 -0.43
   vertex 7.164 -8.88 -0.1
   vertex 6.499 -8.88 -0.43
  endloop
 endfacet
  facet normal 0 0 0
    outer loop
   vertex 6.499 -8.88 -0.43
   vertex 5.833 -8.88 -0.1
   vertex 5.833 -8.88 -0.43
  endloop
 endfacet
  facet normal 0 0 0
    outer loop
   vertex 6.499 -8.88 -0.43
   vertex 7.164 -8.88 -0.1
   vertex 5.833 -8.88 -0.1
  endloop
 endfacet
  facet normal 0 0 0
    outer loop
   vertex 8.496 -8.88 -0.43
   vertex 9.162 -8.88 -0.1
   vertex 8.496 -8.88 -0.1
  endloop
 endfacet
  facet normal 0 0 0
    outer loop
   vertex 9.828 -8.88 -0.43
   vertex 9.828 -8.88 -0.1
   vertex 9.162 -8.88 -0.1
  endloop
 endfacet
  facet normal 0 0 0
    outer loop
   vertex 9.828 -8.88 -0.43
   vertex 9.162 -8.88 -0.1
   vertex 8.496 -8.88 -0.43
  endloop
 endfacet
  facet normal 0 0 0
    outer loop
   vertex 10.494 -8.88 -0.43
   vertex 9.828 -8.88 -0.1
   vertex 9.828 -8.88 -0.43
  endloop
 endfacet
  facet normal 0 0 0
    outer loop
   vertex 11.159 -8.88 -0.43
   vertex 11.159 -8.88 -0.1
   vertex 10.494 -8.88 -0.43
  endloop
 endfacet
  facet normal 0 0 0
    outer loop
   vertex 10.494 -8.88 -0.43
   vertex 11.159 -8.88 -0.1
   vertex 9.828 -8.88 -0.1
  endloop
 endfacet
  facet normal 0 0 0
    outer loop
   vertex 15.154 -8.88 -0.43
   vertex 15.154 -8.88 -0.1
   vertex 14.488 -8.88 -0.1
  endloop
 endfacet
  facet normal 0 0 0
    outer loop
   vertex 13.823 -8.88 -0.43
   vertex 14.488 -8.88 -0.1
   vertex 13.823 -8.88 -0.1
  endloop
 endfacet
  facet normal 0 0 0
    outer loop
   vertex 15.154 -8.88 -0.43
   vertex 14.488 -8.88 -0.1
   vertex 13.823 -8.88 -0.43
  endloop
 endfacet
  facet normal 0 0 0
    outer loop
   vertex 15.154 -8.88 -0.43
   vertex 15.82 -8.88 -0.1
   vertex 15.154 -8.88 -0.1
  endloop
 endfacet
  facet normal 0 0 0
    outer loop
   vertex 16.486 -8.88 -0.43
   vertex 16.486 -8.88 -0.1
   vertex 15.82 -8.88 -0.1
  endloop
 endfacet
  facet normal 0 0 0
    outer loop
   vertex 16.486 -8.88 -0.43
   vertex 15.82 -8.88 -0.1
   vertex 15.154 -8.88 -0.43
  endloop
 endfacet
  facet normal 0 0 0
    outer loop
   vertex 13.823 -8.88 -0.43
   vertex 13.823 -8.88 -0.1
   vertex 13.157 -8.88 -0.43
  endloop
 endfacet
  facet normal 0 0 0
    outer loop
   vertex 13.157 -8.88 -0.43
   vertex 12.491 -8.88 -0.1
   vertex 12.491 -8.88 -0.43
  endloop
 endfacet
  facet normal 0 0 0
    outer loop
   vertex 13.157 -8.88 -0.43
   vertex 13.823 -8.88 -0.1
   vertex 12.491 -8.88 -0.1
  endloop
 endfacet
  facet normal 0 0 0
    outer loop
   vertex 12.491 -8.88 -0.43
   vertex 12.491 -8.88 -0.1
   vertex 11.825 -8.88 -0.1
  endloop
 endfacet
  facet normal 0 0 0
    outer loop
   vertex 11.159 -8.88 -0.43
   vertex 11.825 -8.88 -0.1
   vertex 11.159 -8.88 -0.1
  endloop
 endfacet
  facet normal 0 0 0
    outer loop
   vertex 12.491 -8.88 -0.43
   vertex 11.825 -8.88 -0.1
   vertex 11.159 -8.88 -0.43
  endloop
 endfacet
  facet normal 0 0 0
    outer loop
   vertex 16.486 -8.88 -0.43
   vertex 17.152 -8.88 -0.1
   vertex 16.486 -8.88 -0.1
  endloop
 endfacet
  facet normal 0 0 0
    outer loop
   vertex 17.818 -8.88 -0.43
   vertex 17.818 -8.88 -0.1
   vertex 17.152 -8.88 -0.1
  endloop
 endfacet
  facet normal 0 0 0
    outer loop
   vertex 17.818 -8.88 -0.43
   vertex 17.152 -8.88 -0.1
   vertex 16.486 -8.88 -0.43
  endloop
 endfacet
  facet normal 0 0 0
    outer loop
   vertex 18.483 -8.88 -0.43
   vertex 17.818 -8.88 -0.1
   vertex 17.818 -8.88 -0.43
  endloop
 endfacet
  facet normal 0 0 0
    outer loop
   vertex 19.149 -8.88 -0.43
   vertex 19.149 -8.88 -0.1
   vertex 18.483 -8.88 -0.43
  endloop
 endfacet
  facet normal 0 0 0
    outer loop
   vertex 18.483 -8.88 -0.43
   vertex 19.149 -8.88 -0.1
   vertex 17.818 -8.88 -0.1
  endloop
 endfacet
  facet normal 0 0 0
    outer loop
   vertex 20.481 -8.88 -0.43
   vertex 20.481 -8.88 -0.1
   vertex 19.815 -8.88 -0.1
  endloop
 endfacet
  facet normal 0 0 0
    outer loop
   vertex 19.149 -8.88 -0.43
   vertex 19.815 -8.88 -0.1
   vertex 19.149 -8.88 -0.1
  endloop
 endfacet
  facet normal 0 0 0
    outer loop
   vertex 20.481 -8.88 -0.43
   vertex 19.815 -8.88 -0.1
   vertex 19.149 -8.88 -0.43
  endloop
 endfacet
  facet normal 0 0 0
    outer loop
   vertex 20.481 -8.88 -0.43
   vertex 21.147 -8.88 -0.1
   vertex 20.481 -8.88 -0.1
  endloop
 endfacet
  facet normal 0 0 0
    outer loop
   vertex 21.812 -8.88 -0.43
   vertex 21.812 -8.88 -0.1
   vertex 21.147 -8.88 -0.1
  endloop
 endfacet
  facet normal 0 0 0
    outer loop
   vertex 21.812 -8.88 -0.43
   vertex 21.147 -8.88 -0.1
   vertex 20.481 -8.88 -0.43
  endloop
 endfacet
  facet normal 0 0 0
    outer loop
   vertex 61.762 -8.88 -0.43
   vertex 62.428 -8.88 -0.1
   vertex 61.762 -8.88 -0.1
  endloop
 endfacet
  facet normal 0 0 0
    outer loop
   vertex 63.093 -8.88 -0.43
   vertex 62.428 -8.88 -0.1
   vertex 61.762 -8.88 -0.43
  endloop
 endfacet
  facet normal 0 0 0
    outer loop
   vertex 61.096 -8.88 -0.43
   vertex 60.43 -8.88 -0.1
   vertex 60.43 -8.88 -0.43
  endloop
 endfacet
  facet normal 0 0 0
    outer loop
   vertex 61.762 -8.88 -0.43
   vertex 61.762 -8.88 -0.1
   vertex 61.096 -8.88 -0.43
  endloop
 endfacet
  facet normal 0 0 0
    outer loop
   vertex 61.096 -8.88 -0.43
   vertex 61.762 -8.88 -0.1
   vertex 60.43 -8.88 -0.1
  endloop
 endfacet
  facet normal 0 0 0
    outer loop
   vertex 60.43 -8.88 -0.43
   vertex 60.43 -8.88 -0.1
   vertex 59.764 -8.88 -0.43
  endloop
 endfacet
  facet normal 0 0 0
    outer loop
   vertex 59.764 -8.88 -0.43
   vertex 59.098 -8.88 -0.1
   vertex 59.098 -8.88 -0.43
  endloop
 endfacet
  facet normal 0 0 0
    outer loop
   vertex 59.764 -8.88 -0.43
   vertex 60.43 -8.88 -0.1
   vertex 59.098 -8.88 -0.1
  endloop
 endfacet
  facet normal 0 0 0
    outer loop
   vertex 57.767 -8.88 -0.43
   vertex 57.767 -8.88 -0.1
   vertex 57.101 -8.88 -0.1
  endloop
 endfacet
  facet normal 0 0 0
    outer loop
   vertex 56.435 -8.88 -0.43
   vertex 57.101 -8.88 -0.1
   vertex 56.435 -8.88 -0.1
  endloop
 endfacet
  facet normal 0 0 0
    outer loop
   vertex 57.767 -8.88 -0.43
   vertex 57.101 -8.88 -0.1
   vertex 56.435 -8.88 -0.43
  endloop
 endfacet
  facet normal 0 0 0
    outer loop
   vertex 57.767 -8.88 -0.43
   vertex 58.433 -8.88 -0.1
   vertex 57.767 -8.88 -0.1
  endloop
 endfacet
  facet normal 0 0 0
    outer loop
   vertex 59.098 -8.88 -0.43
   vertex 59.098 -8.88 -0.1
   vertex 58.433 -8.88 -0.1
  endloop
 endfacet
  facet normal 0 0 0
    outer loop
   vertex 59.098 -8.88 -0.43
   vertex 58.433 -8.88 -0.1
   vertex 57.767 -8.88 -0.43
  endloop
 endfacet
  facet normal 0 0 0
    outer loop
   vertex 56.435 -8.88 -0.43
   vertex 56.435 -8.88 -0.1
   vertex 55.769 -8.88 -0.43
  endloop
 endfacet
  facet normal 0 0 0
    outer loop
   vertex 55.769 -8.88 -0.43
   vertex 55.104 -8.88 -0.1
   vertex 55.104 -8.88 -0.43
  endloop
 endfacet
  facet normal 0 0 0
    outer loop
   vertex 55.769 -8.88 -0.43
   vertex 56.435 -8.88 -0.1
   vertex 55.104 -8.88 -0.1
  endloop
 endfacet
  facet normal 0 0 0
    outer loop
   vertex 55.104 -8.88 -0.43
   vertex 55.104 -8.88 -0.1
   vertex 54.438 -8.88 -0.1
  endloop
 endfacet
  facet normal 0 0 0
    outer loop
   vertex 53.772 -8.88 -0.43
   vertex 54.438 -8.88 -0.1
   vertex 53.772 -8.88 -0.1
  endloop
 endfacet
  facet normal 0 0 0
    outer loop
   vertex 55.104 -8.88 -0.43
   vertex 54.438 -8.88 -0.1
   vertex 53.772 -8.88 -0.43
  endloop
 endfacet
  facet normal 0 0 0
    outer loop
   vertex 50.443 -8.88 -0.43
   vertex 49.777 -8.88 -0.1
   vertex 49.777 -8.88 -0.43
  endloop
 endfacet
  facet normal 0 0 0
    outer loop
   vertex 51.109 -8.88 -0.43
   vertex 51.109 -8.88 -0.1
   vertex 50.443 -8.88 -0.43
  endloop
 endfacet
  facet normal 0 0 0
    outer loop
   vertex 50.443 -8.88 -0.43
   vertex 51.109 -8.88 -0.1
   vertex 49.777 -8.88 -0.1
  endloop
 endfacet
  facet normal 0 0 0
    outer loop
   vertex 49.777 -8.88 -0.43
   vertex 49.777 -8.88 -0.1
   vertex 49.111 -8.88 -0.43
  endloop
 endfacet
  facet normal 0 0 0
    outer loop
   vertex 49.111 -8.88 -0.43
   vertex 48.445 -8.88 -0.1
   vertex 48.445 -8.88 -0.43
  endloop
 endfacet
  facet normal 0 0 0
    outer loop
   vertex 49.111 -8.88 -0.43
   vertex 49.777 -8.88 -0.1
   vertex 48.445 -8.88 -0.1
  endloop
 endfacet
  facet normal 0 0 0
    outer loop
   vertex 51.109 -8.88 -0.43
   vertex 51.774 -8.88 -0.1
   vertex 51.109 -8.88 -0.1
  endloop
 endfacet
  facet normal 0 0 0
    outer loop
   vertex 52.44 -8.88 -0.43
   vertex 52.44 -8.88 -0.1
   vertex 51.774 -8.88 -0.1
  endloop
 endfacet
  facet normal 0 0 0
    outer loop
   vertex 52.44 -8.88 -0.43
   vertex 51.774 -8.88 -0.1
   vertex 51.109 -8.88 -0.43
  endloop
 endfacet
  facet normal 0 0 0
    outer loop
   vertex 53.106 -8.88 -0.43
   vertex 52.44 -8.88 -0.1
   vertex 52.44 -8.88 -0.43
  endloop
 endfacet
  facet normal 0 0 0
    outer loop
   vertex 53.772 -8.88 -0.43
   vertex 53.772 -8.88 -0.1
   vertex 53.106 -8.88 -0.43
  endloop
 endfacet
  facet normal 0 0 0
    outer loop
   vertex 53.106 -8.88 -0.43
   vertex 53.772 -8.88 -0.1
   vertex 52.44 -8.88 -0.1
  endloop
 endfacet
  facet normal 0 0 0
    outer loop
   vertex 48.445 -8.88 -0.43
   vertex 48.445 -8.88 -0.1
   vertex 47.779 -8.88 -0.43
  endloop
 endfacet
  facet normal 0 0 0
    outer loop
   vertex 47.779 -8.88 -0.43
   vertex 47.114 -8.88 -0.1
   vertex 47.114 -8.88 -0.43
  endloop
 endfacet
  facet normal 0 0 0
    outer loop
   vertex 47.779 -8.88 -0.43
   vertex 48.445 -8.88 -0.1
   vertex 47.114 -8.88 -0.1
  endloop
 endfacet
  facet normal 0 0 0
    outer loop
   vertex 47.114 -8.88 -0.43
   vertex 47.114 -8.88 -0.1
   vertex 46.448 -8.88 -0.1
  endloop
 endfacet
  facet normal 0 0 0
    outer loop
   vertex 45.782 -8.88 -0.43
   vertex 46.448 -8.88 -0.1
   vertex 45.782 -8.88 -0.1
  endloop
 endfacet
  facet normal 0 0 0
    outer loop
   vertex 47.114 -8.88 -0.43
   vertex 46.448 -8.88 -0.1
   vertex 45.782 -8.88 -0.43
  endloop
 endfacet
  facet normal 0 0 0
    outer loop
   vertex 45.116 -8.88 -0.43
   vertex 44.45 -8.88 -0.1
   vertex 44.45 -8.88 -0.43
  endloop
 endfacet
  facet normal 0 0 0
    outer loop
   vertex 45.782 -8.88 -0.43
   vertex 45.782 -8.88 -0.1
   vertex 45.116 -8.88 -0.43
  endloop
 endfacet
  facet normal 0 0 0
    outer loop
   vertex 45.116 -8.88 -0.43
   vertex 45.782 -8.88 -0.1
   vertex 44.45 -8.88 -0.1
  endloop
 endfacet
  facet normal 0 0 0
    outer loop
   vertex 44.45 -8.88 -0.43
   vertex 44.45 -8.88 -0.1
   vertex 43.785 -8.88 -0.43
  endloop
 endfacet
  facet normal 0 0 0
    outer loop
   vertex 43.785 -8.88 -0.43
   vertex 43.119 -8.88 -0.1
   vertex 43.119 -8.88 -0.43
  endloop
 endfacet
  facet normal 0 0 0
    outer loop
   vertex 43.785 -8.88 -0.43
   vertex 44.45 -8.88 -0.1
   vertex 43.119 -8.88 -0.1
  endloop
 endfacet
  facet normal 0 0 0
    outer loop
   vertex 36.461 -8.88 -0.43
   vertex 36.461 -8.88 -0.1
   vertex 35.795 -8.88 -0.1
  endloop
 endfacet
  facet normal 0 0 0
    outer loop
   vertex 35.129 -8.88 -0.43
   vertex 35.795 -8.88 -0.1
   vertex 35.129 -8.88 -0.1
  endloop
 endfacet
  facet normal 0 0 0
    outer loop
   vertex 36.461 -8.88 -0.43
   vertex 35.795 -8.88 -0.1
   vertex 35.129 -8.88 -0.43
  endloop
 endfacet
  facet normal 0 0 0
    outer loop
   vertex 36.461 -8.88 -0.43
   vertex 37.126 -8.88 -0.1
   vertex 36.461 -8.88 -0.1
  endloop
 endfacet
  facet normal 0 0 0
    outer loop
   vertex 37.792 -8.88 -0.43
   vertex 37.792 -8.88 -0.1
   vertex 37.126 -8.88 -0.1
  endloop
 endfacet
  facet normal 0 0 0
    outer loop
   vertex 37.792 -8.88 -0.43
   vertex 37.126 -8.88 -0.1
   vertex 36.461 -8.88 -0.43
  endloop
 endfacet
  facet normal 0 0 0
    outer loop
   vertex 35.129 -8.88 -0.43
   vertex 35.129 -8.88 -0.1
   vertex 34.463 -8.88 -0.43
  endloop
 endfacet
  facet normal 0 0 0
    outer loop
   vertex 34.463 -8.88 -0.43
   vertex 33.797 -8.88 -0.1
   vertex 33.797 -8.88 -0.43
  endloop
 endfacet
  facet normal 0 0 0
    outer loop
   vertex 34.463 -8.88 -0.43
   vertex 35.129 -8.88 -0.1
   vertex 33.797 -8.88 -0.1
  endloop
 endfacet
  facet normal 0 0 0
    outer loop
   vertex 33.797 -8.88 -0.43
   vertex 33.797 -8.88 -0.1
   vertex 33.131 -8.88 -0.1
  endloop
 endfacet
  facet normal 0 0 0
    outer loop
   vertex 32.466 -8.88 -0.43
   vertex 33.131 -8.88 -0.1
   vertex 32.466 -8.88 -0.1
  endloop
 endfacet
  facet normal 0 0 0
    outer loop
   vertex 33.797 -8.88 -0.43
   vertex 33.131 -8.88 -0.1
   vertex 32.466 -8.88 -0.43
  endloop
 endfacet
  facet normal 0 0 0
    outer loop
   vertex 37.792 -8.88 -0.43
   vertex 38.458 -8.88 -0.1
   vertex 37.792 -8.88 -0.1
  endloop
 endfacet
  facet normal 0 0 0
    outer loop
   vertex 39.124 -8.88 -0.43
   vertex 39.124 -8.88 -0.1
   vertex 38.458 -8.88 -0.1
  endloop
 endfacet
  facet normal 0 0 0
    outer loop
   vertex 39.124 -8.88 -0.43
   vertex 38.458 -8.88 -0.1
   vertex 37.792 -8.88 -0.43
  endloop
 endfacet
  facet normal 0 0 0
    outer loop
   vertex 39.79 -8.88 -0.43
   vertex 39.124 -8.88 -0.1
   vertex 39.124 -8.88 -0.43
  endloop
 endfacet
  facet normal 0 0 0
    outer loop
   vertex 40.455 -8.88 -0.43
   vertex 40.455 -8.88 -0.1
   vertex 39.79 -8.88 -0.43
  endloop
 endfacet
  facet normal 0 0 0
    outer loop
   vertex 39.79 -8.88 -0.43
   vertex 40.455 -8.88 -0.1
   vertex 39.124 -8.88 -0.1
  endloop
 endfacet
  facet normal 0 0 0
    outer loop
   vertex 41.787 -8.88 -0.43
   vertex 41.787 -8.88 -0.1
   vertex 41.121 -8.88 -0.1
  endloop
 endfacet
  facet normal 0 0 0
    outer loop
   vertex 40.455 -8.88 -0.43
   vertex 41.121 -8.88 -0.1
   vertex 40.455 -8.88 -0.1
  endloop
 endfacet
  facet normal 0 0 0
    outer loop
   vertex 41.787 -8.88 -0.43
   vertex 41.121 -8.88 -0.1
   vertex 40.455 -8.88 -0.43
  endloop
 endfacet
  facet normal 0 0 0
    outer loop
   vertex 41.787 -8.88 -0.43
   vertex 42.453 -8.88 -0.1
   vertex 41.787 -8.88 -0.1
  endloop
 endfacet
  facet normal 0 0 0
    outer loop
   vertex 43.119 -8.88 -0.43
   vertex 43.119 -8.88 -0.1
   vertex 42.453 -8.88 -0.1
  endloop
 endfacet
  facet normal 0 0 0
    outer loop
   vertex 43.119 -8.88 -0.43
   vertex 42.453 -8.88 -0.1
   vertex 41.787 -8.88 -0.43
  endloop
 endfacet
  facet normal 0 0 0
    outer loop
   vertex 32.466 -8.88 -0.43
   vertex 32.466 -8.88 -0.1
   vertex 31.8 -8.88 -0.43
  endloop
 endfacet
  facet normal 0 0 0
    outer loop
   vertex 31.8 -8.88 -0.43
   vertex 31.134 -8.88 -0.1
   vertex 31.134 -8.88 -0.43
  endloop
 endfacet
  facet normal 0 0 0
    outer loop
   vertex 31.8 -8.88 -0.43
   vertex 32.466 -8.88 -0.1
   vertex 31.134 -8.88 -0.1
  endloop
 endfacet
  facet normal 0 0 0
    outer loop
   vertex 31.134 -8.88 -0.43
   vertex 31.134 -8.88 -0.1
   vertex 30.468 -8.88 -0.1
  endloop
 endfacet
  facet normal 0 0 0
    outer loop
   vertex 29.802 -8.88 -0.43
   vertex 30.468 -8.88 -0.1
   vertex 29.802 -8.88 -0.1
  endloop
 endfacet
  facet normal 0 0 0
    outer loop
   vertex 31.134 -8.88 -0.43
   vertex 30.468 -8.88 -0.1
   vertex 29.802 -8.88 -0.43
  endloop
 endfacet
  facet normal 0 0 0
    outer loop
   vertex 29.137 -8.88 -0.43
   vertex 28.471 -8.88 -0.1
   vertex 28.471 -8.88 -0.43
  endloop
 endfacet
  facet normal 0 0 0
    outer loop
   vertex 29.802 -8.88 -0.43
   vertex 29.802 -8.88 -0.1
   vertex 29.137 -8.88 -0.43
  endloop
 endfacet
  facet normal 0 0 0
    outer loop
   vertex 29.137 -8.88 -0.43
   vertex 29.802 -8.88 -0.1
   vertex 28.471 -8.88 -0.1
  endloop
 endfacet
  facet normal 0 0 0
    outer loop
   vertex 28.471 -8.88 -0.43
   vertex 28.471 -8.88 -0.1
   vertex 27.805 -8.88 -0.43
  endloop
 endfacet
  facet normal 0 0 0
    outer loop
   vertex 27.805 -8.88 -0.43
   vertex 27.139 -8.88 -0.1
   vertex 27.139 -8.88 -0.43
  endloop
 endfacet
  facet normal 0 0 0
    outer loop
   vertex 27.805 -8.88 -0.43
   vertex 28.471 -8.88 -0.1
   vertex 27.139 -8.88 -0.1
  endloop
 endfacet
  facet normal 0 0 0
    outer loop
   vertex 25.807 -8.88 -0.43
   vertex 25.807 -8.88 -0.1
   vertex 25.142 -8.88 -0.1
  endloop
 endfacet
  facet normal 0 0 0
    outer loop
   vertex 24.476 -8.88 -0.43
   vertex 25.142 -8.88 -0.1
   vertex 24.476 -8.88 -0.1
  endloop
 endfacet
  facet normal 0 0 0
    outer loop
   vertex 25.807 -8.88 -0.43
   vertex 25.142 -8.88 -0.1
   vertex 24.476 -8.88 -0.43
  endloop
 endfacet
  facet normal 0 0 0
    outer loop
   vertex 25.807 -8.88 -0.43
   vertex 26.473 -8.88 -0.1
   vertex 25.807 -8.88 -0.1
  endloop
 endfacet
  facet normal 0 0 0
    outer loop
   vertex 27.139 -8.88 -0.43
   vertex 27.139 -8.88 -0.1
   vertex 26.473 -8.88 -0.1
  endloop
 endfacet
  facet normal 0 0 0
    outer loop
   vertex 27.139 -8.88 -0.43
   vertex 26.473 -8.88 -0.1
   vertex 25.807 -8.88 -0.43
  endloop
 endfacet
  facet normal 0 0 0
    outer loop
   vertex 24.476 -8.88 -0.43
   vertex 24.476 -8.88 -0.1
   vertex 23.81 -8.88 -0.43
  endloop
 endfacet
  facet normal 0 0 0
    outer loop
   vertex 23.81 -8.88 -0.43
   vertex 23.144 -8.88 -0.1
   vertex 23.144 -8.88 -0.43
  endloop
 endfacet
  facet normal 0 0 0
    outer loop
   vertex 23.81 -8.88 -0.43
   vertex 24.476 -8.88 -0.1
   vertex 23.144 -8.88 -0.1
  endloop
 endfacet
  facet normal 0 0 0
    outer loop
   vertex 23.144 -8.88 -0.43
   vertex 23.144 -8.88 -0.1
   vertex 22.478 -8.88 -0.1
  endloop
 endfacet
  facet normal 0 0 0
    outer loop
   vertex 64.425 -8.88 -0.43
   vertex 64.425 -8.88 -0.1
   vertex 63.759 -8.88 -0.43
  endloop
 endfacet
  facet normal 0 0 0
    outer loop
   vertex 63.759 -8.88 -0.43
   vertex 63.093 -8.88 -0.1
   vertex 63.093 -8.88 -0.43
  endloop
 endfacet
  facet normal 0 0 0
    outer loop
   vertex 63.759 -8.88 -0.43
   vertex 64.425 -8.88 -0.1
   vertex 63.093 -8.88 -0.1
  endloop
 endfacet
  facet normal 0 0 0
    outer loop
   vertex 63.093 -8.88 -0.43
   vertex 63.093 -8.88 -0.1
   vertex 62.428 -8.88 -0.1
  endloop
 endfacet
  facet normal 0 0 0
    outer loop
   vertex -1 -1 -0.43
   vertex -1 -1 -0.1
   vertex 0.15 -1 -0.43
  endloop
 endfacet
  facet normal 0 0 0
    outer loop
   vertex 0.15 -1 -0.43
   vertex 1.3 -1 -0.1
   vertex 1.3 -1 -0.43
  endloop
 endfacet
  facet normal 0 0 0
    outer loop
   vertex 0.15 -1 -0.43
   vertex -1 -1 -0.1
   vertex 1.3 -1 -0.1
  endloop
 endfacet
  facet normal 0 0 0
    outer loop
   vertex 4.3 -1 -0.43
   vertex 4.3 -1 -0.1
   vertex 5.113 -1 -0.43
  endloop
 endfacet
  facet normal 0 0 0
    outer loop
   vertex 5.113 -1 -0.43
   vertex 5.925 -1 -0.1
   vertex 5.925 -1 -0.43
  endloop
 endfacet
  facet normal 0 0 0
    outer loop
   vertex 5.113 -1 -0.43
   vertex 4.3 -1 -0.1
   vertex 5.925 -1 -0.1
  endloop
 endfacet
  facet normal 0 0 0
    outer loop
   vertex 6.738 -1 -0.43
   vertex 7.55 -1 -0.1
   vertex 7.55 -1 -0.43
  endloop
 endfacet
  facet normal 0 0 0
    outer loop
   vertex 5.925 -1 -0.43
   vertex 5.925 -1 -0.1
   vertex 6.738 -1 -0.43
  endloop
 endfacet
  facet normal 0 0 0
    outer loop
   vertex 6.738 -1 -0.43
   vertex 5.925 -1 -0.1
   vertex 7.55 -1 -0.1
  endloop
 endfacet
  facet normal 0 0 0
    outer loop
   vertex 10.55 -1 -0.43
   vertex 10.55 -1 -0.1
   vertex 11.363 -1 -0.43
  endloop
 endfacet
  facet normal 0 0 0
    outer loop
   vertex 11.363 -1 -0.43
   vertex 12.175 -1 -0.1
   vertex 12.175 -1 -0.43
  endloop
 endfacet
  facet normal 0 0 0
    outer loop
   vertex 11.363 -1 -0.43
   vertex 10.55 -1 -0.1
   vertex 12.175 -1 -0.1
  endloop
 endfacet
  facet normal 0 0 0
    outer loop
   vertex 12.988 -1 -0.43
   vertex 13.8 -1 -0.1
   vertex 13.8 -1 -0.43
  endloop
 endfacet
  facet normal 0 0 0
    outer loop
   vertex 12.175 -1 -0.43
   vertex 12.175 -1 -0.1
   vertex 12.988 -1 -0.43
  endloop
 endfacet
  facet normal 0 0 0
    outer loop
   vertex 12.988 -1 -0.43
   vertex 12.175 -1 -0.1
   vertex 13.8 -1 -0.1
  endloop
 endfacet
  facet normal 0 0 0
    outer loop
   vertex 16.8 -1 -0.43
   vertex 16.8 -1 -0.1
   vertex 17.613 -1 -0.43
  endloop
 endfacet
  facet normal 0 0 0
    outer loop
   vertex 17.613 -1 -0.43
   vertex 18.425 -1 -0.1
   vertex 18.425 -1 -0.43
  endloop
 endfacet
  facet normal 0 0 0
    outer loop
   vertex 17.613 -1 -0.43
   vertex 16.8 -1 -0.1
   vertex 18.425 -1 -0.1
  endloop
 endfacet
  facet normal 0 0 0
    outer loop
   vertex 19.238 -1 -0.43
   vertex 20.05 -1 -0.1
   vertex 20.05 -1 -0.43
  endloop
 endfacet
  facet normal 0 0 0
    outer loop
   vertex 18.425 -1 -0.43
   vertex 18.425 -1 -0.1
   vertex 19.238 -1 -0.43
  endloop
 endfacet
  facet normal 0 0 0
    outer loop
   vertex 19.238 -1 -0.43
   vertex 18.425 -1 -0.1
   vertex 20.05 -1 -0.1
  endloop
 endfacet
  facet normal 0 0 0
    outer loop
   vertex 23.05 -1 -0.43
   vertex 23.05 -1 -0.1
   vertex 23.863 -1 -0.43
  endloop
 endfacet
  facet normal 0 0 0
    outer loop
   vertex 23.863 -1 -0.43
   vertex 24.675 -1 -0.1
   vertex 24.675 -1 -0.43
  endloop
 endfacet
  facet normal 0 0 0
    outer loop
   vertex 23.863 -1 -0.43
   vertex 23.05 -1 -0.1
   vertex 24.675 -1 -0.1
  endloop
 endfacet
  facet normal 0 0 0
    outer loop
   vertex 25.488 -1 -0.43
   vertex 26.3 -1 -0.1
   vertex 26.3 -1 -0.43
  endloop
 endfacet
  facet normal 0 0 0
    outer loop
   vertex 24.675 -1 -0.43
   vertex 24.675 -1 -0.1
   vertex 25.488 -1 -0.43
  endloop
 endfacet
  facet normal 0 0 0
    outer loop
   vertex 25.488 -1 -0.43
   vertex 24.675 -1 -0.1
   vertex 26.3 -1 -0.1
  endloop
 endfacet
  facet normal 0 0 0
    outer loop
   vertex 29.3 -1 -0.43
   vertex 29.3 -1 -0.1
   vertex 30.113 -1 -0.43
  endloop
 endfacet
  facet normal 0 0 0
    outer loop
   vertex 30.113 -1 -0.43
   vertex 30.925 -1 -0.1
   vertex 30.925 -1 -0.43
  endloop
 endfacet
  facet normal 0 0 0
    outer loop
   vertex 30.113 -1 -0.43
   vertex 29.3 -1 -0.1
   vertex 30.925 -1 -0.1
  endloop
 endfacet
  facet normal 0 0 0
    outer loop
   vertex 31.737 -1 -0.43
   vertex 32.55 -1 -0.1
   vertex 32.55 -1 -0.43
  endloop
 endfacet
  facet normal 0 0 0
    outer loop
   vertex 30.925 -1 -0.43
   vertex 30.925 -1 -0.1
   vertex 31.737 -1 -0.43
  endloop
 endfacet
  facet normal 0 0 0
    outer loop
   vertex 31.737 -1 -0.43
   vertex 30.925 -1 -0.1
   vertex 32.55 -1 -0.1
  endloop
 endfacet
  facet normal 0 0 0
    outer loop
   vertex 35.55 -1 -0.43
   vertex 35.55 -1 -0.1
   vertex 36.363 -1 -0.43
  endloop
 endfacet
  facet normal 0 0 0
    outer loop
   vertex 36.363 -1 -0.43
   vertex 37.175 -1 -0.1
   vertex 37.175 -1 -0.43
  endloop
 endfacet
  facet normal 0 0 0
    outer loop
   vertex 36.363 -1 -0.43
   vertex 35.55 -1 -0.1
   vertex 37.175 -1 -0.1
  endloop
 endfacet
  facet normal 0 0 0
    outer loop
   vertex 37.988 -1 -0.43
   vertex 38.8 -1 -0.1
   vertex 38.8 -1 -0.43
  endloop
 endfacet
  facet normal 0 0 0
    outer loop
   vertex 37.175 -1 -0.43
   vertex 37.175 -1 -0.1
   vertex 37.988 -1 -0.43
  endloop
 endfacet
  facet normal 0 0 0
    outer loop
   vertex 37.988 -1 -0.43
   vertex 37.175 -1 -0.1
   vertex 38.8 -1 -0.1
  endloop
 endfacet
  facet normal 0 0 0
    outer loop
   vertex 41.8 -1 -0.43
   vertex 41.8 -1 -0.1
   vertex 42.613 -1 -0.43
  endloop
 endfacet
  facet normal 0 0 0
    outer loop
   vertex 42.613 -1 -0.43
   vertex 43.425 -1 -0.1
   vertex 43.425 -1 -0.43
  endloop
 endfacet
  facet normal 0 0 0
    outer loop
   vertex 42.613 -1 -0.43
   vertex 41.8 -1 -0.1
   vertex 43.425 -1 -0.1
  endloop
 endfacet
  facet normal 0 0 0
    outer loop
   vertex 44.238 -1 -0.43
   vertex 45.05 -1 -0.1
   vertex 45.05 -1 -0.43
  endloop
 endfacet
  facet normal 0 0 0
    outer loop
   vertex 43.425 -1 -0.43
   vertex 43.425 -1 -0.1
   vertex 44.238 -1 -0.43
  endloop
 endfacet
  facet normal 0 0 0
    outer loop
   vertex 44.238 -1 -0.43
   vertex 43.425 -1 -0.1
   vertex 45.05 -1 -0.1
  endloop
 endfacet
  facet normal 0 0 0
    outer loop
   vertex 48.05 -1 -0.43
   vertex 48.05 -1 -0.1
   vertex 48.863 -1 -0.43
  endloop
 endfacet
  facet normal 0 0 0
    outer loop
   vertex 48.863 -1 -0.43
   vertex 49.675 -1 -0.1
   vertex 49.675 -1 -0.43
  endloop
 endfacet
  facet normal 0 0 0
    outer loop
   vertex 48.863 -1 -0.43
   vertex 48.05 -1 -0.1
   vertex 49.675 -1 -0.1
  endloop
 endfacet
  facet normal 0 0 0
    outer loop
   vertex 50.488 -1 -0.43
   vertex 51.3 -1 -0.1
   vertex 51.3 -1 -0.43
  endloop
 endfacet
  facet normal 0 0 0
    outer loop
   vertex 49.675 -1 -0.43
   vertex 49.675 -1 -0.1
   vertex 50.488 -1 -0.43
  endloop
 endfacet
  facet normal 0 0 0
    outer loop
   vertex 50.488 -1 -0.43
   vertex 49.675 -1 -0.1
   vertex 51.3 -1 -0.1
  endloop
 endfacet
  facet normal 0 0 0
    outer loop
   vertex 54.3 -1 -0.43
   vertex 54.3 -1 -0.1
   vertex 55.45 -1 -0.43
  endloop
 endfacet
  facet normal 0 0 0
    outer loop
   vertex 55.45 -1 -0.43
   vertex 56.6 -1 -0.1
   vertex 56.6 -1 -0.43
  endloop
 endfacet
  facet normal 0 0 0
    outer loop
   vertex 55.45 -1 -0.43
   vertex 54.3 -1 -0.1
   vertex 56.6 -1 -0.1
  endloop
 endfacet
  facet normal 0 0 0
    outer loop
   vertex 1.3 -1 -0.43
   vertex 1.3 -1 -0.1
   vertex 1.3 -0.029 -0.43
  endloop
 endfacet
  facet normal 0 0 0
    outer loop
   vertex 1.3 -0.029 -0.43
   vertex 1.3 0.941 -0.1
   vertex 1.3 0.941 -0.43
  endloop
 endfacet
  facet normal 0 0 0
    outer loop
   vertex 1.3 -0.029 -0.43
   vertex 1.3 -1 -0.1
   vertex 1.3 0.941 -0.1
  endloop
 endfacet
  facet normal 0 0 0
    outer loop
   vertex 1.3 0.941 -0.43
   vertex 1.3 0.941 -0.1
   vertex 1.3 1.912 -0.1
  endloop
 endfacet
  facet normal 0 0 0
    outer loop
   vertex 1.3 2.883 -0.43
   vertex 1.3 1.912 -0.1
   vertex 1.3 2.883 -0.1
  endloop
 endfacet
  facet normal 0 0 0
    outer loop
   vertex 1.3 0.941 -0.43
   vertex 1.3 1.912 -0.1
   vertex 1.3 2.883 -0.43
  endloop
 endfacet
  facet normal 0 0 0
    outer loop
   vertex 1.3 3.853 -0.43
   vertex 1.3 4.824 -0.1
   vertex 1.3 4.824 -0.43
  endloop
 endfacet
  facet normal 0 0 0
    outer loop
   vertex 1.3 2.883 -0.43
   vertex 1.3 2.883 -0.1
   vertex 1.3 3.853 -0.43
  endloop
 endfacet
  facet normal 0 0 0
    outer loop
   vertex 1.3 3.853 -0.43
   vertex 1.3 2.883 -0.1
   vertex 1.3 4.824 -0.1
  endloop
 endfacet
  facet normal 0 0 0
    outer loop
   vertex 1.3 4.824 -0.43
   vertex 1.3 4.824 -0.1
   vertex 1.3 5.794 -0.43
  endloop
 endfacet
  facet normal 0 0 0
    outer loop
   vertex 1.3 5.794 -0.43
   vertex 1.3 6.765 -0.1
   vertex 1.3 6.765 -0.43
  endloop
 endfacet
  facet normal 0 0 0
    outer loop
   vertex 1.3 5.794 -0.43
   vertex 1.3 4.824 -0.1
   vertex 1.3 6.765 -0.1
  endloop
 endfacet
  facet normal 0 0 0
    outer loop
   vertex 1.3 8.706 -0.43
   vertex 1.3 8.706 -0.1
   vertex 1.3 9.677 -0.1
  endloop
 endfacet
  facet normal 0 0 0
    outer loop
   vertex 1.3 10.648 -0.43
   vertex 1.3 9.677 -0.1
   vertex 1.3 10.648 -0.1
  endloop
 endfacet
  facet normal 0 0 0
    outer loop
   vertex 1.3 8.706 -0.43
   vertex 1.3 9.677 -0.1
   vertex 1.3 10.648 -0.43
  endloop
 endfacet
  facet normal 0 0 0
    outer loop
   vertex 1.3 8.706 -0.43
   vertex 1.3 7.736 -0.1
   vertex 1.3 8.706 -0.1
  endloop
 endfacet
  facet normal 0 0 0
    outer loop
   vertex 1.3 6.765 -0.43
   vertex 1.3 6.765 -0.1
   vertex 1.3 7.736 -0.1
  endloop
 endfacet
  facet normal 0 0 0
    outer loop
   vertex 1.3 6.765 -0.43
   vertex 1.3 7.736 -0.1
   vertex 1.3 8.706 -0.43
  endloop
 endfacet
  facet normal 0 0 0
    outer loop
   vertex 1.3 10.648 -0.43
   vertex 1.3 10.648 -0.1
   vertex 1.3 11.618 -0.43
  endloop
 endfacet
  facet normal 0 0 0
    outer loop
   vertex 1.3 11.618 -0.43
   vertex 1.3 12.589 -0.1
   vertex 1.3 12.589 -0.43
  endloop
 endfacet
  facet normal 0 0 0
    outer loop
   vertex 1.3 11.618 -0.43
   vertex 1.3 10.648 -0.1
   vertex 1.3 12.589 -0.1
  endloop
 endfacet
  facet normal 0 0 0
    outer loop
   vertex 1.3 12.589 -0.43
   vertex 1.3 12.589 -0.1
   vertex 1.3 13.559 -0.1
  endloop
 endfacet
  facet normal 0 0 0
    outer loop
   vertex 1.3 14.53 -0.43
   vertex 1.3 13.559 -0.1
   vertex 1.3 14.53 -0.1
  endloop
 endfacet
  facet normal 0 0 0
    outer loop
   vertex 1.3 12.589 -0.43
   vertex 1.3 13.559 -0.1
   vertex 1.3 14.53 -0.43
  endloop
 endfacet
  facet normal 0 0 0
    outer loop
   vertex 1.3 24.236 -0.43
   vertex 1.3 24.236 -0.1
   vertex 1.3 25.207 -0.1
  endloop
 endfacet
  facet normal 0 0 0
    outer loop
   vertex 1.3 26.178 -0.43
   vertex 1.3 25.207 -0.1
   vertex 1.3 26.178 -0.1
  endloop
 endfacet
  facet normal 0 0 0
    outer loop
   vertex 1.3 24.236 -0.43
   vertex 1.3 25.207 -0.1
   vertex 1.3 26.178 -0.43
  endloop
 endfacet
  facet normal 0 0 0
    outer loop
   vertex 1.3 24.236 -0.43
   vertex 1.3 23.266 -0.1
   vertex 1.3 24.236 -0.1
  endloop
 endfacet
  facet normal 0 0 0
    outer loop
   vertex 1.3 22.295 -0.43
   vertex 1.3 22.295 -0.1
   vertex 1.3 23.266 -0.1
  endloop
 endfacet
  facet normal 0 0 0
    outer loop
   vertex 1.3 22.295 -0.43
   vertex 1.3 23.266 -0.1
   vertex 1.3 24.236 -0.43
  endloop
 endfacet
  facet normal 0 0 0
    outer loop
   vertex 1.3 26.178 -0.43
   vertex 1.3 26.178 -0.1
   vertex 1.3 27.148 -0.43
  endloop
 endfacet
  facet normal 0 0 0
    outer loop
   vertex 1.3 27.148 -0.43
   vertex 1.3 28.119 -0.1
   vertex 1.3 28.119 -0.43
  endloop
 endfacet
  facet normal 0 0 0
    outer loop
   vertex 1.3 27.148 -0.43
   vertex 1.3 26.178 -0.1
   vertex 1.3 28.119 -0.1
  endloop
 endfacet
  facet normal 0 0 0
    outer loop
   vertex 1.3 28.119 -0.43
   vertex 1.3 28.119 -0.1
   vertex 1.3 29.089 -0.1
  endloop
 endfacet
  facet normal 0 0 0
    outer loop
   vertex 1.3 30.06 -0.43
   vertex 1.3 29.089 -0.1
   vertex 1.3 30.06 -0.1
  endloop
 endfacet
  facet normal 0 0 0
    outer loop
   vertex 1.3 28.119 -0.43
   vertex 1.3 29.089 -0.1
   vertex 1.3 30.06 -0.43
  endloop
 endfacet
  facet normal 0 0 0
    outer loop
   vertex 1.3 22.295 -0.43
   vertex 1.3 21.324 -0.1
   vertex 1.3 22.295 -0.1
  endloop
 endfacet
  facet normal 0 0 0
    outer loop
   vertex 1.3 20.354 -0.43
   vertex 1.3 20.354 -0.1
   vertex 1.3 21.324 -0.1
  endloop
 endfacet
  facet normal 0 0 0
    outer loop
   vertex 1.3 20.354 -0.43
   vertex 1.3 21.324 -0.1
   vertex 1.3 22.295 -0.43
  endloop
 endfacet
  facet normal 0 0 0
    outer loop
   vertex 1.3 19.383 -0.43
   vertex 1.3 20.354 -0.1
   vertex 1.3 20.354 -0.43
  endloop
 endfacet
  facet normal 0 0 0
    outer loop
   vertex 1.3 18.413 -0.43
   vertex 1.3 18.413 -0.1
   vertex 1.3 19.383 -0.43
  endloop
 endfacet
  facet normal 0 0 0
    outer loop
   vertex 1.3 19.383 -0.43
   vertex 1.3 18.413 -0.1
   vertex 1.3 20.354 -0.1
  endloop
 endfacet
  facet normal 0 0 0
    outer loop
   vertex 1.3 16.471 -0.43
   vertex 1.3 16.471 -0.1
   vertex 1.3 17.442 -0.1
  endloop
 endfacet
  facet normal 0 0 0
    outer loop
   vertex 1.3 18.413 -0.43
   vertex 1.3 17.442 -0.1
   vertex 1.3 18.413 -0.1
  endloop
 endfacet
  facet normal 0 0 0
    outer loop
   vertex 1.3 16.471 -0.43
   vertex 1.3 17.442 -0.1
   vertex 1.3 18.413 -0.43
  endloop
 endfacet
  facet normal 0 0 0
    outer loop
   vertex 1.3 16.471 -0.43
   vertex 1.3 15.501 -0.1
   vertex 1.3 16.471 -0.1
  endloop
 endfacet
  facet normal 0 0 0
    outer loop
   vertex 1.3 14.53 -0.43
   vertex 1.3 14.53 -0.1
   vertex 1.3 15.501 -0.1
  endloop
 endfacet
  facet normal 0 0 0
    outer loop
   vertex 1.3 14.53 -0.43
   vertex 1.3 15.501 -0.1
   vertex 1.3 16.471 -0.43
  endloop
 endfacet
  facet normal 0 0 0
    outer loop
   vertex 56.6 30.06 -0.43
   vertex 56.6 30.06 -0.1
   vertex 55.45 30.06 -0.43
  endloop
 endfacet
  facet normal 0 0 0
    outer loop
   vertex 55.45 30.06 -0.43
   vertex 54.3 30.06 -0.1
   vertex 54.3 30.06 -0.43
  endloop
 endfacet
  facet normal 0 0 0
    outer loop
   vertex 55.45 30.06 -0.43
   vertex 56.6 30.06 -0.1
   vertex 54.3 30.06 -0.1
  endloop
 endfacet
  facet normal 0 0 0
    outer loop
   vertex 51.3 30.06 -0.43
   vertex 51.3 30.06 -0.1
   vertex 50.488 30.06 -0.43
  endloop
 endfacet
  facet normal 0 0 0
    outer loop
   vertex 50.488 30.06 -0.43
   vertex 49.675 30.06 -0.1
   vertex 49.675 30.06 -0.43
  endloop
 endfacet
  facet normal 0 0 0
    outer loop
   vertex 50.488 30.06 -0.43
   vertex 51.3 30.06 -0.1
   vertex 49.675 30.06 -0.1
  endloop
 endfacet
  facet normal 0 0 0
    outer loop
   vertex 48.863 30.06 -0.43
   vertex 48.05 30.06 -0.1
   vertex 48.05 30.06 -0.43
  endloop
 endfacet
  facet normal 0 0 0
    outer loop
   vertex 49.675 30.06 -0.43
   vertex 49.675 30.06 -0.1
   vertex 48.863 30.06 -0.43
  endloop
 endfacet
  facet normal 0 0 0
    outer loop
   vertex 48.863 30.06 -0.43
   vertex 49.675 30.06 -0.1
   vertex 48.05 30.06 -0.1
  endloop
 endfacet
  facet normal 0 0 0
    outer loop
   vertex 45.05 30.06 -0.43
   vertex 45.05 30.06 -0.1
   vertex 44.238 30.06 -0.43
  endloop
 endfacet
  facet normal 0 0 0
    outer loop
   vertex 44.238 30.06 -0.43
   vertex 43.425 30.06 -0.1
   vertex 43.425 30.06 -0.43
  endloop
 endfacet
  facet normal 0 0 0
    outer loop
   vertex 44.238 30.06 -0.43
   vertex 45.05 30.06 -0.1
   vertex 43.425 30.06 -0.1
  endloop
 endfacet
  facet normal 0 0 0
    outer loop
   vertex 42.613 30.06 -0.43
   vertex 41.8 30.06 -0.1
   vertex 41.8 30.06 -0.43
  endloop
 endfacet
  facet normal 0 0 0
    outer loop
   vertex 43.425 30.06 -0.43
   vertex 43.425 30.06 -0.1
   vertex 42.613 30.06 -0.43
  endloop
 endfacet
  facet normal 0 0 0
    outer loop
   vertex 42.613 30.06 -0.43
   vertex 43.425 30.06 -0.1
   vertex 41.8 30.06 -0.1
  endloop
 endfacet
  facet normal 0 0 0
    outer loop
   vertex 38.8 30.06 -0.43
   vertex 38.8 30.06 -0.1
   vertex 37.988 30.06 -0.43
  endloop
 endfacet
  facet normal 0 0 0
    outer loop
   vertex 37.988 30.06 -0.43
   vertex 37.175 30.06 -0.1
   vertex 37.175 30.06 -0.43
  endloop
 endfacet
  facet normal 0 0 0
    outer loop
   vertex 37.988 30.06 -0.43
   vertex 38.8 30.06 -0.1
   vertex 37.175 30.06 -0.1
  endloop
 endfacet
  facet normal 0 0 0
    outer loop
   vertex 36.363 30.06 -0.43
   vertex 35.55 30.06 -0.1
   vertex 35.55 30.06 -0.43
  endloop
 endfacet
  facet normal 0 0 0
    outer loop
   vertex 37.175 30.06 -0.43
   vertex 37.175 30.06 -0.1
   vertex 36.363 30.06 -0.43
  endloop
 endfacet
  facet normal 0 0 0
    outer loop
   vertex 36.363 30.06 -0.43
   vertex 37.175 30.06 -0.1
   vertex 35.55 30.06 -0.1
  endloop
 endfacet
  facet normal 0 0 0
    outer loop
   vertex 32.55 30.06 -0.43
   vertex 32.55 30.06 -0.1
   vertex 31.737 30.06 -0.43
  endloop
 endfacet
  facet normal 0 0 0
    outer loop
   vertex 31.737 30.06 -0.43
   vertex 30.925 30.06 -0.1
   vertex 30.925 30.06 -0.43
  endloop
 endfacet
  facet normal 0 0 0
    outer loop
   vertex 31.737 30.06 -0.43
   vertex 32.55 30.06 -0.1
   vertex 30.925 30.06 -0.1
  endloop
 endfacet
  facet normal 0 0 0
    outer loop
   vertex 30.113 30.06 -0.43
   vertex 29.3 30.06 -0.1
   vertex 29.3 30.06 -0.43
  endloop
 endfacet
  facet normal 0 0 0
    outer loop
   vertex 30.925 30.06 -0.43
   vertex 30.925 30.06 -0.1
   vertex 30.113 30.06 -0.43
  endloop
 endfacet
  facet normal 0 0 0
    outer loop
   vertex 30.113 30.06 -0.43
   vertex 30.925 30.06 -0.1
   vertex 29.3 30.06 -0.1
  endloop
 endfacet
  facet normal 0 0 0
    outer loop
   vertex 26.3 30.06 -0.43
   vertex 26.3 30.06 -0.1
   vertex 25.488 30.06 -0.43
  endloop
 endfacet
  facet normal 0 0 0
    outer loop
   vertex 25.488 30.06 -0.43
   vertex 24.675 30.06 -0.1
   vertex 24.675 30.06 -0.43
  endloop
 endfacet
  facet normal 0 0 0
    outer loop
   vertex 25.488 30.06 -0.43
   vertex 26.3 30.06 -0.1
   vertex 24.675 30.06 -0.1
  endloop
 endfacet
  facet normal 0 0 0
    outer loop
   vertex 23.863 30.06 -0.43
   vertex 23.05 30.06 -0.1
   vertex 23.05 30.06 -0.43
  endloop
 endfacet
  facet normal 0 0 0
    outer loop
   vertex 24.675 30.06 -0.43
   vertex 24.675 30.06 -0.1
   vertex 23.863 30.06 -0.43
  endloop
 endfacet
  facet normal 0 0 0
    outer loop
   vertex 23.863 30.06 -0.43
   vertex 24.675 30.06 -0.1
   vertex 23.05 30.06 -0.1
  endloop
 endfacet
  facet normal 0 0 0
    outer loop
   vertex 20.05 30.06 -0.43
   vertex 20.05 30.06 -0.1
   vertex 19.238 30.06 -0.43
  endloop
 endfacet
  facet normal 0 0 0
    outer loop
   vertex 19.238 30.06 -0.43
   vertex 18.425 30.06 -0.1
   vertex 18.425 30.06 -0.43
  endloop
 endfacet
  facet normal 0 0 0
    outer loop
   vertex 19.238 30.06 -0.43
   vertex 20.05 30.06 -0.1
   vertex 18.425 30.06 -0.1
  endloop
 endfacet
  facet normal 0 0 0
    outer loop
   vertex 17.613 30.06 -0.43
   vertex 16.8 30.06 -0.1
   vertex 16.8 30.06 -0.43
  endloop
 endfacet
  facet normal 0 0 0
    outer loop
   vertex 18.425 30.06 -0.43
   vertex 18.425 30.06 -0.1
   vertex 17.613 30.06 -0.43
  endloop
 endfacet
  facet normal 0 0 0
    outer loop
   vertex 17.613 30.06 -0.43
   vertex 18.425 30.06 -0.1
   vertex 16.8 30.06 -0.1
  endloop
 endfacet
  facet normal 0 0 0
    outer loop
   vertex 13.8 30.06 -0.43
   vertex 13.8 30.06 -0.1
   vertex 12.988 30.06 -0.43
  endloop
 endfacet
  facet normal 0 0 0
    outer loop
   vertex 12.988 30.06 -0.43
   vertex 12.175 30.06 -0.1
   vertex 12.175 30.06 -0.43
  endloop
 endfacet
  facet normal 0 0 0
    outer loop
   vertex 12.988 30.06 -0.43
   vertex 13.8 30.06 -0.1
   vertex 12.175 30.06 -0.1
  endloop
 endfacet
  facet normal 0 0 0
    outer loop
   vertex 11.363 30.06 -0.43
   vertex 10.55 30.06 -0.1
   vertex 10.55 30.06 -0.43
  endloop
 endfacet
  facet normal 0 0 0
    outer loop
   vertex 12.175 30.06 -0.43
   vertex 12.175 30.06 -0.1
   vertex 11.363 30.06 -0.43
  endloop
 endfacet
  facet normal 0 0 0
    outer loop
   vertex 11.363 30.06 -0.43
   vertex 12.175 30.06 -0.1
   vertex 10.55 30.06 -0.1
  endloop
 endfacet
  facet normal 0 0 0
    outer loop
   vertex 7.55 30.06 -0.43
   vertex 7.55 30.06 -0.1
   vertex 6.738 30.06 -0.43
  endloop
 endfacet
  facet normal 0 0 0
    outer loop
   vertex 6.738 30.06 -0.43
   vertex 5.925 30.06 -0.1
   vertex 5.925 30.06 -0.43
  endloop
 endfacet
  facet normal 0 0 0
    outer loop
   vertex 6.738 30.06 -0.43
   vertex 7.55 30.06 -0.1
   vertex 5.925 30.06 -0.1
  endloop
 endfacet
  facet normal 0 0 0
    outer loop
   vertex 5.113 30.06 -0.43
   vertex 4.3 30.06 -0.1
   vertex 4.3 30.06 -0.43
  endloop
 endfacet
  facet normal 0 0 0
    outer loop
   vertex 5.925 30.06 -0.43
   vertex 5.925 30.06 -0.1
   vertex 5.113 30.06 -0.43
  endloop
 endfacet
  facet normal 0 0 0
    outer loop
   vertex 5.113 30.06 -0.43
   vertex 5.925 30.06 -0.1
   vertex 4.3 30.06 -0.1
  endloop
 endfacet
  facet normal 0 0 0
    outer loop
   vertex 1.3 30.06 -0.43
   vertex 1.3 30.06 -0.1
   vertex 0.15 30.06 -0.43
  endloop
 endfacet
  facet normal 0 0 0
    outer loop
   vertex 0.15 30.06 -0.43
   vertex -1 30.06 -0.1
   vertex -1 30.06 -0.43
  endloop
 endfacet
  facet normal 0 0 0
    outer loop
   vertex 0.15 30.06 -0.43
   vertex 1.3 30.06 -0.1
   vertex -1 30.06 -0.1
  endloop
 endfacet
  facet normal 0 0 0
    outer loop
   vertex -1 30.06 -0.43
   vertex -1 30.06 -0.1
   vertex -1 29.089 -0.43
  endloop
 endfacet
  facet normal 0 0 0
    outer loop
   vertex -1 29.089 -0.43
   vertex -1 28.119 -0.1
   vertex -1 28.119 -0.43
  endloop
 endfacet
  facet normal 0 0 0
    outer loop
   vertex -1 29.089 -0.43
   vertex -1 30.06 -0.1
   vertex -1 28.119 -0.1
  endloop
 endfacet
  facet normal 0 0 0
    outer loop
   vertex -1 28.119 -0.43
   vertex -1 28.119 -0.1
   vertex -1 27.148 -0.1
  endloop
 endfacet
  facet normal 0 0 0
    outer loop
   vertex -1 26.178 -0.43
   vertex -1 27.148 -0.1
   vertex -1 26.178 -0.1
  endloop
 endfacet
  facet normal 0 0 0
    outer loop
   vertex -1 28.119 -0.43
   vertex -1 27.148 -0.1
   vertex -1 26.178 -0.43
  endloop
 endfacet
  facet normal 0 0 0
    outer loop
   vertex -1 25.207 -0.43
   vertex -1 24.236 -0.1
   vertex -1 24.236 -0.43
  endloop
 endfacet
  facet normal 0 0 0
    outer loop
   vertex -1 26.178 -0.43
   vertex -1 26.178 -0.1
   vertex -1 25.207 -0.43
  endloop
 endfacet
  facet normal 0 0 0
    outer loop
   vertex -1 25.207 -0.43
   vertex -1 26.178 -0.1
   vertex -1 24.236 -0.1
  endloop
 endfacet
  facet normal 0 0 0
    outer loop
   vertex -1 24.236 -0.43
   vertex -1 24.236 -0.1
   vertex -1 23.266 -0.43
  endloop
 endfacet
  facet normal 0 0 0
    outer loop
   vertex -1 23.266 -0.43
   vertex -1 22.295 -0.1
   vertex -1 22.295 -0.43
  endloop
 endfacet
  facet normal 0 0 0
    outer loop
   vertex -1 23.266 -0.43
   vertex -1 24.236 -0.1
   vertex -1 22.295 -0.1
  endloop
 endfacet
  facet normal 0 0 0
    outer loop
   vertex -1 20.354 -0.43
   vertex -1 20.354 -0.1
   vertex -1 19.383 -0.1
  endloop
 endfacet
  facet normal 0 0 0
    outer loop
   vertex -1 18.413 -0.43
   vertex -1 19.383 -0.1
   vertex -1 18.413 -0.1
  endloop
 endfacet
  facet normal 0 0 0
    outer loop
   vertex -1 20.354 -0.43
   vertex -1 19.383 -0.1
   vertex -1 18.413 -0.43
  endloop
 endfacet
  facet normal 0 0 0
    outer loop
   vertex -1 20.354 -0.43
   vertex -1 21.324 -0.1
   vertex -1 20.354 -0.1
  endloop
 endfacet
  facet normal 0 0 0
    outer loop
   vertex -1 22.295 -0.43
   vertex -1 22.295 -0.1
   vertex -1 21.324 -0.1
  endloop
 endfacet
  facet normal 0 0 0
    outer loop
   vertex -1 22.295 -0.43
   vertex -1 21.324 -0.1
   vertex -1 20.354 -0.43
  endloop
 endfacet
  facet normal 0 0 0
    outer loop
   vertex -1 18.413 -0.43
   vertex -1 18.413 -0.1
   vertex -1 17.442 -0.43
  endloop
 endfacet
  facet normal 0 0 0
    outer loop
   vertex -1 17.442 -0.43
   vertex -1 16.471 -0.1
   vertex -1 16.471 -0.43
  endloop
 endfacet
  facet normal 0 0 0
    outer loop
   vertex -1 17.442 -0.43
   vertex -1 18.413 -0.1
   vertex -1 16.471 -0.1
  endloop
 endfacet
  facet normal 0 0 0
    outer loop
   vertex -1 16.471 -0.43
   vertex -1 16.471 -0.1
   vertex -1 15.501 -0.1
  endloop
 endfacet
  facet normal 0 0 0
    outer loop
   vertex -1 14.53 -0.43
   vertex -1 15.501 -0.1
   vertex -1 14.53 -0.1
  endloop
 endfacet
  facet normal 0 0 0
    outer loop
   vertex -1 16.471 -0.43
   vertex -1 15.501 -0.1
   vertex -1 14.53 -0.43
  endloop
 endfacet
  facet normal 0 0 0
    outer loop
   vertex -1 4.824 -0.43
   vertex -1 4.824 -0.1
   vertex -1 3.853 -0.1
  endloop
 endfacet
  facet normal 0 0 0
    outer loop
   vertex -1 2.883 -0.43
   vertex -1 3.853 -0.1
   vertex -1 2.883 -0.1
  endloop
 endfacet
  facet normal 0 0 0
    outer loop
   vertex -1 4.824 -0.43
   vertex -1 3.853 -0.1
   vertex -1 2.883 -0.43
  endloop
 endfacet
  facet normal 0 0 0
    outer loop
   vertex -1 4.824 -0.43
   vertex -1 5.794 -0.1
   vertex -1 4.824 -0.1
  endloop
 endfacet
  facet normal 0 0 0
    outer loop
   vertex -1 6.765 -0.43
   vertex -1 6.765 -0.1
   vertex -1 5.794 -0.1
  endloop
 endfacet
  facet normal 0 0 0
    outer loop
   vertex -1 6.765 -0.43
   vertex -1 5.794 -0.1
   vertex -1 4.824 -0.43
  endloop
 endfacet
  facet normal 0 0 0
    outer loop
   vertex -1 2.883 -0.43
   vertex -1 2.883 -0.1
   vertex -1 1.912 -0.43
  endloop
 endfacet
  facet normal 0 0 0
    outer loop
   vertex -1 1.912 -0.43
   vertex -1 0.941 -0.1
   vertex -1 0.941 -0.43
  endloop
 endfacet
  facet normal 0 0 0
    outer loop
   vertex -1 1.912 -0.43
   vertex -1 2.883 -0.1
   vertex -1 0.941 -0.1
  endloop
 endfacet
  facet normal 0 0 0
    outer loop
   vertex -1 0.941 -0.43
   vertex -1 0.941 -0.1
   vertex -1 -0.029 -0.1
  endloop
 endfacet
  facet normal 0 0 0
    outer loop
   vertex -1 -1 -0.43
   vertex -1 -0.029 -0.1
   vertex -1 -1 -0.1
  endloop
 endfacet
  facet normal 0 0 0
    outer loop
   vertex -1 0.941 -0.43
   vertex -1 -0.029 -0.1
   vertex -1 -1 -0.43
  endloop
 endfacet
  facet normal 0 0 0
    outer loop
   vertex -1 6.765 -0.43
   vertex -1 7.736 -0.1
   vertex -1 6.765 -0.1
  endloop
 endfacet
  facet normal 0 0 0
    outer loop
   vertex -1 8.706 -0.43
   vertex -1 8.706 -0.1
   vertex -1 7.736 -0.1
  endloop
 endfacet
  facet normal 0 0 0
    outer loop
   vertex -1 8.706 -0.43
   vertex -1 7.736 -0.1
   vertex -1 6.765 -0.43
  endloop
 endfacet
  facet normal 0 0 0
    outer loop
   vertex -1 9.677 -0.43
   vertex -1 8.706 -0.1
   vertex -1 8.706 -0.43
  endloop
 endfacet
  facet normal 0 0 0
    outer loop
   vertex -1 10.648 -0.43
   vertex -1 10.648 -0.1
   vertex -1 9.677 -0.43
  endloop
 endfacet
  facet normal 0 0 0
    outer loop
   vertex -1 9.677 -0.43
   vertex -1 10.648 -0.1
   vertex -1 8.706 -0.1
  endloop
 endfacet
  facet normal 0 0 0
    outer loop
   vertex -1 12.589 -0.43
   vertex -1 12.589 -0.1
   vertex -1 11.618 -0.1
  endloop
 endfacet
  facet normal 0 0 0
    outer loop
   vertex -1 10.648 -0.43
   vertex -1 11.618 -0.1
   vertex -1 10.648 -0.1
  endloop
 endfacet
  facet normal 0 0 0
    outer loop
   vertex -1 12.589 -0.43
   vertex -1 11.618 -0.1
   vertex -1 10.648 -0.43
  endloop
 endfacet
  facet normal 0 0 0
    outer loop
   vertex -1 12.589 -0.43
   vertex -1 13.559 -0.1
   vertex -1 12.589 -0.1
  endloop
 endfacet
  facet normal 0 0 0
    outer loop
   vertex -1 14.53 -0.43
   vertex -1 14.53 -0.1
   vertex -1 13.559 -0.1
  endloop
 endfacet
  facet normal 0 0 0
    outer loop
   vertex -1 14.53 -0.43
   vertex -1 13.559 -0.1
   vertex -1 12.589 -0.43
  endloop
 endfacet
  facet normal 0 0 0
    outer loop
   vertex 7.55 -1 -0.43
   vertex 7.55 -1 -0.1
   vertex 7.55 -0.029 -0.43
  endloop
 endfacet
  facet normal 0 0 0
    outer loop
   vertex 7.55 -0.029 -0.43
   vertex 7.55 0.941 -0.1
   vertex 7.55 0.941 -0.43
  endloop
 endfacet
  facet normal 0 0 0
    outer loop
   vertex 7.55 -0.029 -0.43
   vertex 7.55 -1 -0.1
   vertex 7.55 0.941 -0.1
  endloop
 endfacet
  facet normal 0 0 0
    outer loop
   vertex 7.55 0.941 -0.43
   vertex 7.55 0.941 -0.1
   vertex 7.55 1.912 -0.1
  endloop
 endfacet
  facet normal 0 0 0
    outer loop
   vertex 7.55 2.883 -0.43
   vertex 7.55 1.912 -0.1
   vertex 7.55 2.883 -0.1
  endloop
 endfacet
  facet normal 0 0 0
    outer loop
   vertex 7.55 0.941 -0.43
   vertex 7.55 1.912 -0.1
   vertex 7.55 2.883 -0.43
  endloop
 endfacet
  facet normal 0 0 0
    outer loop
   vertex 7.55 3.853 -0.43
   vertex 7.55 4.824 -0.1
   vertex 7.55 4.824 -0.43
  endloop
 endfacet
  facet normal 0 0 0
    outer loop
   vertex 7.55 2.883 -0.43
   vertex 7.55 2.883 -0.1
   vertex 7.55 3.853 -0.43
  endloop
 endfacet
  facet normal 0 0 0
    outer loop
   vertex 7.55 3.853 -0.43
   vertex 7.55 2.883 -0.1
   vertex 7.55 4.824 -0.1
  endloop
 endfacet
  facet normal 0 0 0
    outer loop
   vertex 7.55 4.824 -0.43
   vertex 7.55 4.824 -0.1
   vertex 7.55 5.794 -0.43
  endloop
 endfacet
  facet normal 0 0 0
    outer loop
   vertex 7.55 5.794 -0.43
   vertex 7.55 6.765 -0.1
   vertex 7.55 6.765 -0.43
  endloop
 endfacet
  facet normal 0 0 0
    outer loop
   vertex 7.55 5.794 -0.43
   vertex 7.55 4.824 -0.1
   vertex 7.55 6.765 -0.1
  endloop
 endfacet
  facet normal 0 0 0
    outer loop
   vertex 7.55 8.706 -0.43
   vertex 7.55 8.706 -0.1
   vertex 7.55 9.677 -0.1
  endloop
 endfacet
  facet normal 0 0 0
    outer loop
   vertex 7.55 10.648 -0.43
   vertex 7.55 9.677 -0.1
   vertex 7.55 10.648 -0.1
  endloop
 endfacet
  facet normal 0 0 0
    outer loop
   vertex 7.55 8.706 -0.43
   vertex 7.55 9.677 -0.1
   vertex 7.55 10.648 -0.43
  endloop
 endfacet
  facet normal 0 0 0
    outer loop
   vertex 7.55 8.706 -0.43
   vertex 7.55 7.736 -0.1
   vertex 7.55 8.706 -0.1
  endloop
 endfacet
  facet normal 0 0 0
    outer loop
   vertex 7.55 6.765 -0.43
   vertex 7.55 6.765 -0.1
   vertex 7.55 7.736 -0.1
  endloop
 endfacet
  facet normal 0 0 0
    outer loop
   vertex 7.55 6.765 -0.43
   vertex 7.55 7.736 -0.1
   vertex 7.55 8.706 -0.43
  endloop
 endfacet
  facet normal 0 0 0
    outer loop
   vertex 7.55 10.648 -0.43
   vertex 7.55 10.648 -0.1
   vertex 7.55 11.618 -0.43
  endloop
 endfacet
  facet normal 0 0 0
    outer loop
   vertex 7.55 11.618 -0.43
   vertex 7.55 12.589 -0.1
   vertex 7.55 12.589 -0.43
  endloop
 endfacet
  facet normal 0 0 0
    outer loop
   vertex 7.55 11.618 -0.43
   vertex 7.55 10.648 -0.1
   vertex 7.55 12.589 -0.1
  endloop
 endfacet
  facet normal 0 0 0
    outer loop
   vertex 7.55 12.589 -0.43
   vertex 7.55 12.589 -0.1
   vertex 7.55 13.559 -0.1
  endloop
 endfacet
  facet normal 0 0 0
    outer loop
   vertex 7.55 14.53 -0.43
   vertex 7.55 13.559 -0.1
   vertex 7.55 14.53 -0.1
  endloop
 endfacet
  facet normal 0 0 0
    outer loop
   vertex 7.55 12.589 -0.43
   vertex 7.55 13.559 -0.1
   vertex 7.55 14.53 -0.43
  endloop
 endfacet
  facet normal 0 0 0
    outer loop
   vertex 7.55 24.236 -0.43
   vertex 7.55 24.236 -0.1
   vertex 7.55 25.207 -0.1
  endloop
 endfacet
  facet normal 0 0 0
    outer loop
   vertex 7.55 26.178 -0.43
   vertex 7.55 25.207 -0.1
   vertex 7.55 26.178 -0.1
  endloop
 endfacet
  facet normal 0 0 0
    outer loop
   vertex 7.55 24.236 -0.43
   vertex 7.55 25.207 -0.1
   vertex 7.55 26.178 -0.43
  endloop
 endfacet
  facet normal 0 0 0
    outer loop
   vertex 7.55 24.236 -0.43
   vertex 7.55 23.266 -0.1
   vertex 7.55 24.236 -0.1
  endloop
 endfacet
  facet normal 0 0 0
    outer loop
   vertex 7.55 22.295 -0.43
   vertex 7.55 22.295 -0.1
   vertex 7.55 23.266 -0.1
  endloop
 endfacet
  facet normal 0 0 0
    outer loop
   vertex 7.55 22.295 -0.43
   vertex 7.55 23.266 -0.1
   vertex 7.55 24.236 -0.43
  endloop
 endfacet
  facet normal 0 0 0
    outer loop
   vertex 7.55 26.178 -0.43
   vertex 7.55 26.178 -0.1
   vertex 7.55 27.148 -0.43
  endloop
 endfacet
  facet normal 0 0 0
    outer loop
   vertex 7.55 27.148 -0.43
   vertex 7.55 28.119 -0.1
   vertex 7.55 28.119 -0.43
  endloop
 endfacet
  facet normal 0 0 0
    outer loop
   vertex 7.55 27.148 -0.43
   vertex 7.55 26.178 -0.1
   vertex 7.55 28.119 -0.1
  endloop
 endfacet
  facet normal 0 0 0
    outer loop
   vertex 7.55 28.119 -0.43
   vertex 7.55 28.119 -0.1
   vertex 7.55 29.089 -0.1
  endloop
 endfacet
  facet normal 0 0 0
    outer loop
   vertex 7.55 30.06 -0.43
   vertex 7.55 29.089 -0.1
   vertex 7.55 30.06 -0.1
  endloop
 endfacet
  facet normal 0 0 0
    outer loop
   vertex 7.55 28.119 -0.43
   vertex 7.55 29.089 -0.1
   vertex 7.55 30.06 -0.43
  endloop
 endfacet
  facet normal 0 0 0
    outer loop
   vertex 7.55 22.295 -0.43
   vertex 7.55 21.324 -0.1
   vertex 7.55 22.295 -0.1
  endloop
 endfacet
  facet normal 0 0 0
    outer loop
   vertex 7.55 20.354 -0.43
   vertex 7.55 20.354 -0.1
   vertex 7.55 21.324 -0.1
  endloop
 endfacet
  facet normal 0 0 0
    outer loop
   vertex 7.55 20.354 -0.43
   vertex 7.55 21.324 -0.1
   vertex 7.55 22.295 -0.43
  endloop
 endfacet
  facet normal 0 0 0
    outer loop
   vertex 7.55 19.383 -0.43
   vertex 7.55 20.354 -0.1
   vertex 7.55 20.354 -0.43
  endloop
 endfacet
  facet normal 0 0 0
    outer loop
   vertex 7.55 18.413 -0.43
   vertex 7.55 18.413 -0.1
   vertex 7.55 19.383 -0.43
  endloop
 endfacet
  facet normal 0 0 0
    outer loop
   vertex 7.55 19.383 -0.43
   vertex 7.55 18.413 -0.1
   vertex 7.55 20.354 -0.1
  endloop
 endfacet
  facet normal 0 0 0
    outer loop
   vertex 7.55 16.471 -0.43
   vertex 7.55 16.471 -0.1
   vertex 7.55 17.442 -0.1
  endloop
 endfacet
  facet normal 0 0 0
    outer loop
   vertex 7.55 18.413 -0.43
   vertex 7.55 17.442 -0.1
   vertex 7.55 18.413 -0.1
  endloop
 endfacet
  facet normal 0 0 0
    outer loop
   vertex 7.55 16.471 -0.43
   vertex 7.55 17.442 -0.1
   vertex 7.55 18.413 -0.43
  endloop
 endfacet
  facet normal 0 0 0
    outer loop
   vertex 7.55 16.471 -0.43
   vertex 7.55 15.501 -0.1
   vertex 7.55 16.471 -0.1
  endloop
 endfacet
  facet normal 0 0 0
    outer loop
   vertex 7.55 14.53 -0.43
   vertex 7.55 14.53 -0.1
   vertex 7.55 15.501 -0.1
  endloop
 endfacet
  facet normal 0 0 0
    outer loop
   vertex 7.55 14.53 -0.43
   vertex 7.55 15.501 -0.1
   vertex 7.55 16.471 -0.43
  endloop
 endfacet
  facet normal 0 0 0
    outer loop
   vertex 4.3 30.06 -0.43
   vertex 4.3 30.06 -0.1
   vertex 4.3 29.089 -0.43
  endloop
 endfacet
  facet normal 0 0 0
    outer loop
   vertex 4.3 29.089 -0.43
   vertex 4.3 28.119 -0.1
   vertex 4.3 28.119 -0.43
  endloop
 endfacet
  facet normal 0 0 0
    outer loop
   vertex 4.3 29.089 -0.43
   vertex 4.3 30.06 -0.1
   vertex 4.3 28.119 -0.1
  endloop
 endfacet
  facet normal 0 0 0
    outer loop
   vertex 4.3 28.119 -0.43
   vertex 4.3 28.119 -0.1
   vertex 4.3 27.148 -0.1
  endloop
 endfacet
  facet normal 0 0 0
    outer loop
   vertex 4.3 26.178 -0.43
   vertex 4.3 27.148 -0.1
   vertex 4.3 26.178 -0.1
  endloop
 endfacet
  facet normal 0 0 0
    outer loop
   vertex 4.3 28.119 -0.43
   vertex 4.3 27.148 -0.1
   vertex 4.3 26.178 -0.43
  endloop
 endfacet
  facet normal 0 0 0
    outer loop
   vertex 4.3 25.207 -0.43
   vertex 4.3 24.236 -0.1
   vertex 4.3 24.236 -0.43
  endloop
 endfacet
  facet normal 0 0 0
    outer loop
   vertex 4.3 26.178 -0.43
   vertex 4.3 26.178 -0.1
   vertex 4.3 25.207 -0.43
  endloop
 endfacet
  facet normal 0 0 0
    outer loop
   vertex 4.3 25.207 -0.43
   vertex 4.3 26.178 -0.1
   vertex 4.3 24.236 -0.1
  endloop
 endfacet
  facet normal 0 0 0
    outer loop
   vertex 4.3 24.236 -0.43
   vertex 4.3 24.236 -0.1
   vertex 4.3 23.266 -0.43
  endloop
 endfacet
  facet normal 0 0 0
    outer loop
   vertex 4.3 23.266 -0.43
   vertex 4.3 22.295 -0.1
   vertex 4.3 22.295 -0.43
  endloop
 endfacet
  facet normal 0 0 0
    outer loop
   vertex 4.3 23.266 -0.43
   vertex 4.3 24.236 -0.1
   vertex 4.3 22.295 -0.1
  endloop
 endfacet
  facet normal 0 0 0
    outer loop
   vertex 4.3 20.354 -0.43
   vertex 4.3 20.354 -0.1
   vertex 4.3 19.383 -0.1
  endloop
 endfacet
  facet normal 0 0 0
    outer loop
   vertex 4.3 18.413 -0.43
   vertex 4.3 19.383 -0.1
   vertex 4.3 18.413 -0.1
  endloop
 endfacet
  facet normal 0 0 0
    outer loop
   vertex 4.3 20.354 -0.43
   vertex 4.3 19.383 -0.1
   vertex 4.3 18.413 -0.43
  endloop
 endfacet
  facet normal 0 0 0
    outer loop
   vertex 4.3 20.354 -0.43
   vertex 4.3 21.324 -0.1
   vertex 4.3 20.354 -0.1
  endloop
 endfacet
  facet normal 0 0 0
    outer loop
   vertex 4.3 22.295 -0.43
   vertex 4.3 22.295 -0.1
   vertex 4.3 21.324 -0.1
  endloop
 endfacet
  facet normal 0 0 0
    outer loop
   vertex 4.3 22.295 -0.43
   vertex 4.3 21.324 -0.1
   vertex 4.3 20.354 -0.43
  endloop
 endfacet
  facet normal 0 0 0
    outer loop
   vertex 4.3 18.413 -0.43
   vertex 4.3 18.413 -0.1
   vertex 4.3 17.442 -0.43
  endloop
 endfacet
  facet normal 0 0 0
    outer loop
   vertex 4.3 17.442 -0.43
   vertex 4.3 16.471 -0.1
   vertex 4.3 16.471 -0.43
  endloop
 endfacet
  facet normal 0 0 0
    outer loop
   vertex 4.3 17.442 -0.43
   vertex 4.3 18.413 -0.1
   vertex 4.3 16.471 -0.1
  endloop
 endfacet
  facet normal 0 0 0
    outer loop
   vertex 4.3 16.471 -0.43
   vertex 4.3 16.471 -0.1
   vertex 4.3 15.501 -0.1
  endloop
 endfacet
  facet normal 0 0 0
    outer loop
   vertex 4.3 14.53 -0.43
   vertex 4.3 15.501 -0.1
   vertex 4.3 14.53 -0.1
  endloop
 endfacet
  facet normal 0 0 0
    outer loop
   vertex 4.3 16.471 -0.43
   vertex 4.3 15.501 -0.1
   vertex 4.3 14.53 -0.43
  endloop
 endfacet
  facet normal 0 0 0
    outer loop
   vertex 4.3 4.824 -0.43
   vertex 4.3 4.824 -0.1
   vertex 4.3 3.853 -0.1
  endloop
 endfacet
  facet normal 0 0 0
    outer loop
   vertex 4.3 2.883 -0.43
   vertex 4.3 3.853 -0.1
   vertex 4.3 2.883 -0.1
  endloop
 endfacet
  facet normal 0 0 0
    outer loop
   vertex 4.3 4.824 -0.43
   vertex 4.3 3.853 -0.1
   vertex 4.3 2.883 -0.43
  endloop
 endfacet
  facet normal 0 0 0
    outer loop
   vertex 4.3 4.824 -0.43
   vertex 4.3 5.794 -0.1
   vertex 4.3 4.824 -0.1
  endloop
 endfacet
  facet normal 0 0 0
    outer loop
   vertex 4.3 6.765 -0.43
   vertex 4.3 6.765 -0.1
   vertex 4.3 5.794 -0.1
  endloop
 endfacet
  facet normal 0 0 0
    outer loop
   vertex 4.3 6.765 -0.43
   vertex 4.3 5.794 -0.1
   vertex 4.3 4.824 -0.43
  endloop
 endfacet
  facet normal 0 0 0
    outer loop
   vertex 4.3 2.883 -0.43
   vertex 4.3 2.883 -0.1
   vertex 4.3 1.912 -0.43
  endloop
 endfacet
  facet normal 0 0 0
    outer loop
   vertex 4.3 1.912 -0.43
   vertex 4.3 0.941 -0.1
   vertex 4.3 0.941 -0.43
  endloop
 endfacet
  facet normal 0 0 0
    outer loop
   vertex 4.3 1.912 -0.43
   vertex 4.3 2.883 -0.1
   vertex 4.3 0.941 -0.1
  endloop
 endfacet
  facet normal 0 0 0
    outer loop
   vertex 4.3 0.941 -0.43
   vertex 4.3 0.941 -0.1
   vertex 4.3 -0.029 -0.1
  endloop
 endfacet
  facet normal 0 0 0
    outer loop
   vertex 4.3 -1 -0.43
   vertex 4.3 -0.029 -0.1
   vertex 4.3 -1 -0.1
  endloop
 endfacet
  facet normal 0 0 0
    outer loop
   vertex 4.3 0.941 -0.43
   vertex 4.3 -0.029 -0.1
   vertex 4.3 -1 -0.43
  endloop
 endfacet
  facet normal 0 0 0
    outer loop
   vertex 4.3 6.765 -0.43
   vertex 4.3 7.736 -0.1
   vertex 4.3 6.765 -0.1
  endloop
 endfacet
  facet normal 0 0 0
    outer loop
   vertex 4.3 8.706 -0.43
   vertex 4.3 8.706 -0.1
   vertex 4.3 7.736 -0.1
  endloop
 endfacet
  facet normal 0 0 0
    outer loop
   vertex 4.3 8.706 -0.43
   vertex 4.3 7.736 -0.1
   vertex 4.3 6.765 -0.43
  endloop
 endfacet
  facet normal 0 0 0
    outer loop
   vertex 4.3 9.677 -0.43
   vertex 4.3 8.706 -0.1
   vertex 4.3 8.706 -0.43
  endloop
 endfacet
  facet normal 0 0 0
    outer loop
   vertex 4.3 10.648 -0.43
   vertex 4.3 10.648 -0.1
   vertex 4.3 9.677 -0.43
  endloop
 endfacet
  facet normal 0 0 0
    outer loop
   vertex 4.3 9.677 -0.43
   vertex 4.3 10.648 -0.1
   vertex 4.3 8.706 -0.1
  endloop
 endfacet
  facet normal 0 0 0
    outer loop
   vertex 4.3 12.589 -0.43
   vertex 4.3 12.589 -0.1
   vertex 4.3 11.618 -0.1
  endloop
 endfacet
  facet normal 0 0 0
    outer loop
   vertex 4.3 10.648 -0.43
   vertex 4.3 11.618 -0.1
   vertex 4.3 10.648 -0.1
  endloop
 endfacet
  facet normal 0 0 0
    outer loop
   vertex 4.3 12.589 -0.43
   vertex 4.3 11.618 -0.1
   vertex 4.3 10.648 -0.43
  endloop
 endfacet
  facet normal 0 0 0
    outer loop
   vertex 4.3 12.589 -0.43
   vertex 4.3 13.559 -0.1
   vertex 4.3 12.589 -0.1
  endloop
 endfacet
  facet normal 0 0 0
    outer loop
   vertex 4.3 14.53 -0.43
   vertex 4.3 14.53 -0.1
   vertex 4.3 13.559 -0.1
  endloop
 endfacet
  facet normal 0 0 0
    outer loop
   vertex 4.3 14.53 -0.43
   vertex 4.3 13.559 -0.1
   vertex 4.3 12.589 -0.43
  endloop
 endfacet
  facet normal 0 0 0
    outer loop
   vertex 13.8 -1 -0.43
   vertex 13.8 -1 -0.1
   vertex 13.8 -0.029 -0.43
  endloop
 endfacet
  facet normal 0 0 0
    outer loop
   vertex 13.8 -0.029 -0.43
   vertex 13.8 0.941 -0.1
   vertex 13.8 0.941 -0.43
  endloop
 endfacet
  facet normal 0 0 0
    outer loop
   vertex 13.8 -0.029 -0.43
   vertex 13.8 -1 -0.1
   vertex 13.8 0.941 -0.1
  endloop
 endfacet
  facet normal 0 0 0
    outer loop
   vertex 13.8 0.941 -0.43
   vertex 13.8 0.941 -0.1
   vertex 13.8 1.912 -0.1
  endloop
 endfacet
  facet normal 0 0 0
    outer loop
   vertex 13.8 2.883 -0.43
   vertex 13.8 1.912 -0.1
   vertex 13.8 2.883 -0.1
  endloop
 endfacet
  facet normal 0 0 0
    outer loop
   vertex 13.8 0.941 -0.43
   vertex 13.8 1.912 -0.1
   vertex 13.8 2.883 -0.43
  endloop
 endfacet
  facet normal 0 0 0
    outer loop
   vertex 13.8 3.853 -0.43
   vertex 13.8 4.824 -0.1
   vertex 13.8 4.824 -0.43
  endloop
 endfacet
  facet normal 0 0 0
    outer loop
   vertex 13.8 2.883 -0.43
   vertex 13.8 2.883 -0.1
   vertex 13.8 3.853 -0.43
  endloop
 endfacet
  facet normal 0 0 0
    outer loop
   vertex 13.8 3.853 -0.43
   vertex 13.8 2.883 -0.1
   vertex 13.8 4.824 -0.1
  endloop
 endfacet
  facet normal 0 0 0
    outer loop
   vertex 13.8 4.824 -0.43
   vertex 13.8 4.824 -0.1
   vertex 13.8 5.794 -0.43
  endloop
 endfacet
  facet normal 0 0 0
    outer loop
   vertex 13.8 5.794 -0.43
   vertex 13.8 6.765 -0.1
   vertex 13.8 6.765 -0.43
  endloop
 endfacet
  facet normal 0 0 0
    outer loop
   vertex 13.8 5.794 -0.43
   vertex 13.8 4.824 -0.1
   vertex 13.8 6.765 -0.1
  endloop
 endfacet
  facet normal 0 0 0
    outer loop
   vertex 13.8 8.706 -0.43
   vertex 13.8 8.706 -0.1
   vertex 13.8 9.677 -0.1
  endloop
 endfacet
  facet normal 0 0 0
    outer loop
   vertex 13.8 10.648 -0.43
   vertex 13.8 9.677 -0.1
   vertex 13.8 10.648 -0.1
  endloop
 endfacet
  facet normal 0 0 0
    outer loop
   vertex 13.8 8.706 -0.43
   vertex 13.8 9.677 -0.1
   vertex 13.8 10.648 -0.43
  endloop
 endfacet
  facet normal 0 0 0
    outer loop
   vertex 13.8 8.706 -0.43
   vertex 13.8 7.736 -0.1
   vertex 13.8 8.706 -0.1
  endloop
 endfacet
  facet normal 0 0 0
    outer loop
   vertex 13.8 6.765 -0.43
   vertex 13.8 6.765 -0.1
   vertex 13.8 7.736 -0.1
  endloop
 endfacet
  facet normal 0 0 0
    outer loop
   vertex 13.8 6.765 -0.43
   vertex 13.8 7.736 -0.1
   vertex 13.8 8.706 -0.43
  endloop
 endfacet
  facet normal 0 0 0
    outer loop
   vertex 13.8 10.648 -0.43
   vertex 13.8 10.648 -0.1
   vertex 13.8 11.618 -0.43
  endloop
 endfacet
  facet normal 0 0 0
    outer loop
   vertex 13.8 11.618 -0.43
   vertex 13.8 12.589 -0.1
   vertex 13.8 12.589 -0.43
  endloop
 endfacet
  facet normal 0 0 0
    outer loop
   vertex 13.8 11.618 -0.43
   vertex 13.8 10.648 -0.1
   vertex 13.8 12.589 -0.1
  endloop
 endfacet
  facet normal 0 0 0
    outer loop
   vertex 13.8 12.589 -0.43
   vertex 13.8 12.589 -0.1
   vertex 13.8 13.559 -0.1
  endloop
 endfacet
  facet normal 0 0 0
    outer loop
   vertex 13.8 14.53 -0.43
   vertex 13.8 13.559 -0.1
   vertex 13.8 14.53 -0.1
  endloop
 endfacet
  facet normal 0 0 0
    outer loop
   vertex 13.8 12.589 -0.43
   vertex 13.8 13.559 -0.1
   vertex 13.8 14.53 -0.43
  endloop
 endfacet
  facet normal 0 0 0
    outer loop
   vertex 13.8 24.236 -0.43
   vertex 13.8 24.236 -0.1
   vertex 13.8 25.207 -0.1
  endloop
 endfacet
  facet normal 0 0 0
    outer loop
   vertex 13.8 26.178 -0.43
   vertex 13.8 25.207 -0.1
   vertex 13.8 26.178 -0.1
  endloop
 endfacet
  facet normal 0 0 0
    outer loop
   vertex 13.8 24.236 -0.43
   vertex 13.8 25.207 -0.1
   vertex 13.8 26.178 -0.43
  endloop
 endfacet
  facet normal 0 0 0
    outer loop
   vertex 13.8 24.236 -0.43
   vertex 13.8 23.266 -0.1
   vertex 13.8 24.236 -0.1
  endloop
 endfacet
  facet normal 0 0 0
    outer loop
   vertex 13.8 22.295 -0.43
   vertex 13.8 22.295 -0.1
   vertex 13.8 23.266 -0.1
  endloop
 endfacet
  facet normal 0 0 0
    outer loop
   vertex 13.8 22.295 -0.43
   vertex 13.8 23.266 -0.1
   vertex 13.8 24.236 -0.43
  endloop
 endfacet
  facet normal 0 0 0
    outer loop
   vertex 13.8 26.178 -0.43
   vertex 13.8 26.178 -0.1
   vertex 13.8 27.148 -0.43
  endloop
 endfacet
  facet normal 0 0 0
    outer loop
   vertex 13.8 27.148 -0.43
   vertex 13.8 28.119 -0.1
   vertex 13.8 28.119 -0.43
  endloop
 endfacet
  facet normal 0 0 0
    outer loop
   vertex 13.8 27.148 -0.43
   vertex 13.8 26.178 -0.1
   vertex 13.8 28.119 -0.1
  endloop
 endfacet
  facet normal 0 0 0
    outer loop
   vertex 13.8 28.119 -0.43
   vertex 13.8 28.119 -0.1
   vertex 13.8 29.089 -0.1
  endloop
 endfacet
  facet normal 0 0 0
    outer loop
   vertex 13.8 30.06 -0.43
   vertex 13.8 29.089 -0.1
   vertex 13.8 30.06 -0.1
  endloop
 endfacet
  facet normal 0 0 0
    outer loop
   vertex 13.8 28.119 -0.43
   vertex 13.8 29.089 -0.1
   vertex 13.8 30.06 -0.43
  endloop
 endfacet
  facet normal 0 0 0
    outer loop
   vertex 13.8 22.295 -0.43
   vertex 13.8 21.324 -0.1
   vertex 13.8 22.295 -0.1
  endloop
 endfacet
  facet normal 0 0 0
    outer loop
   vertex 13.8 20.354 -0.43
   vertex 13.8 20.354 -0.1
   vertex 13.8 21.324 -0.1
  endloop
 endfacet
  facet normal 0 0 0
    outer loop
   vertex 13.8 20.354 -0.43
   vertex 13.8 21.324 -0.1
   vertex 13.8 22.295 -0.43
  endloop
 endfacet
  facet normal 0 0 0
    outer loop
   vertex 13.8 19.383 -0.43
   vertex 13.8 20.354 -0.1
   vertex 13.8 20.354 -0.43
  endloop
 endfacet
  facet normal 0 0 0
    outer loop
   vertex 13.8 18.413 -0.43
   vertex 13.8 18.413 -0.1
   vertex 13.8 19.383 -0.43
  endloop
 endfacet
  facet normal 0 0 0
    outer loop
   vertex 13.8 19.383 -0.43
   vertex 13.8 18.413 -0.1
   vertex 13.8 20.354 -0.1
  endloop
 endfacet
  facet normal 0 0 0
    outer loop
   vertex 13.8 16.471 -0.43
   vertex 13.8 16.471 -0.1
   vertex 13.8 17.442 -0.1
  endloop
 endfacet
  facet normal 0 0 0
    outer loop
   vertex 13.8 18.413 -0.43
   vertex 13.8 17.442 -0.1
   vertex 13.8 18.413 -0.1
  endloop
 endfacet
  facet normal 0 0 0
    outer loop
   vertex 13.8 16.471 -0.43
   vertex 13.8 17.442 -0.1
   vertex 13.8 18.413 -0.43
  endloop
 endfacet
  facet normal 0 0 0
    outer loop
   vertex 13.8 16.471 -0.43
   vertex 13.8 15.501 -0.1
   vertex 13.8 16.471 -0.1
  endloop
 endfacet
  facet normal 0 0 0
    outer loop
   vertex 13.8 14.53 -0.43
   vertex 13.8 14.53 -0.1
   vertex 13.8 15.501 -0.1
  endloop
 endfacet
  facet normal 0 0 0
    outer loop
   vertex 13.8 14.53 -0.43
   vertex 13.8 15.501 -0.1
   vertex 13.8 16.471 -0.43
  endloop
 endfacet
  facet normal 0 0 0
    outer loop
   vertex 10.55 30.06 -0.43
   vertex 10.55 30.06 -0.1
   vertex 10.55 29.089 -0.43
  endloop
 endfacet
  facet normal 0 0 0
    outer loop
   vertex 10.55 29.089 -0.43
   vertex 10.55 28.119 -0.1
   vertex 10.55 28.119 -0.43
  endloop
 endfacet
  facet normal 0 0 0
    outer loop
   vertex 10.55 29.089 -0.43
   vertex 10.55 30.06 -0.1
   vertex 10.55 28.119 -0.1
  endloop
 endfacet
  facet normal 0 0 0
    outer loop
   vertex 10.55 28.119 -0.43
   vertex 10.55 28.119 -0.1
   vertex 10.55 27.148 -0.1
  endloop
 endfacet
  facet normal 0 0 0
    outer loop
   vertex 10.55 26.178 -0.43
   vertex 10.55 27.148 -0.1
   vertex 10.55 26.178 -0.1
  endloop
 endfacet
  facet normal 0 0 0
    outer loop
   vertex 10.55 28.119 -0.43
   vertex 10.55 27.148 -0.1
   vertex 10.55 26.178 -0.43
  endloop
 endfacet
  facet normal 0 0 0
    outer loop
   vertex 10.55 25.207 -0.43
   vertex 10.55 24.236 -0.1
   vertex 10.55 24.236 -0.43
  endloop
 endfacet
  facet normal 0 0 0
    outer loop
   vertex 10.55 26.178 -0.43
   vertex 10.55 26.178 -0.1
   vertex 10.55 25.207 -0.43
  endloop
 endfacet
  facet normal 0 0 0
    outer loop
   vertex 10.55 25.207 -0.43
   vertex 10.55 26.178 -0.1
   vertex 10.55 24.236 -0.1
  endloop
 endfacet
  facet normal 0 0 0
    outer loop
   vertex 10.55 24.236 -0.43
   vertex 10.55 24.236 -0.1
   vertex 10.55 23.266 -0.43
  endloop
 endfacet
  facet normal 0 0 0
    outer loop
   vertex 10.55 23.266 -0.43
   vertex 10.55 22.295 -0.1
   vertex 10.55 22.295 -0.43
  endloop
 endfacet
  facet normal 0 0 0
    outer loop
   vertex 10.55 23.266 -0.43
   vertex 10.55 24.236 -0.1
   vertex 10.55 22.295 -0.1
  endloop
 endfacet
  facet normal 0 0 0
    outer loop
   vertex 10.55 20.354 -0.43
   vertex 10.55 20.354 -0.1
   vertex 10.55 19.383 -0.1
  endloop
 endfacet
  facet normal 0 0 0
    outer loop
   vertex 10.55 18.413 -0.43
   vertex 10.55 19.383 -0.1
   vertex 10.55 18.413 -0.1
  endloop
 endfacet
  facet normal 0 0 0
    outer loop
   vertex 10.55 20.354 -0.43
   vertex 10.55 19.383 -0.1
   vertex 10.55 18.413 -0.43
  endloop
 endfacet
  facet normal 0 0 0
    outer loop
   vertex 10.55 20.354 -0.43
   vertex 10.55 21.324 -0.1
   vertex 10.55 20.354 -0.1
  endloop
 endfacet
  facet normal 0 0 0
    outer loop
   vertex 10.55 22.295 -0.43
   vertex 10.55 22.295 -0.1
   vertex 10.55 21.324 -0.1
  endloop
 endfacet
  facet normal 0 0 0
    outer loop
   vertex 10.55 22.295 -0.43
   vertex 10.55 21.324 -0.1
   vertex 10.55 20.354 -0.43
  endloop
 endfacet
  facet normal 0 0 0
    outer loop
   vertex 10.55 18.413 -0.43
   vertex 10.55 18.413 -0.1
   vertex 10.55 17.442 -0.43
  endloop
 endfacet
  facet normal 0 0 0
    outer loop
   vertex 10.55 17.442 -0.43
   vertex 10.55 16.471 -0.1
   vertex 10.55 16.471 -0.43
  endloop
 endfacet
  facet normal 0 0 0
    outer loop
   vertex 10.55 17.442 -0.43
   vertex 10.55 18.413 -0.1
   vertex 10.55 16.471 -0.1
  endloop
 endfacet
  facet normal 0 0 0
    outer loop
   vertex 10.55 16.471 -0.43
   vertex 10.55 16.471 -0.1
   vertex 10.55 15.501 -0.1
  endloop
 endfacet
  facet normal 0 0 0
    outer loop
   vertex 10.55 14.53 -0.43
   vertex 10.55 15.501 -0.1
   vertex 10.55 14.53 -0.1
  endloop
 endfacet
  facet normal 0 0 0
    outer loop
   vertex 10.55 16.471 -0.43
   vertex 10.55 15.501 -0.1
   vertex 10.55 14.53 -0.43
  endloop
 endfacet
  facet normal 0 0 0
    outer loop
   vertex 10.55 4.824 -0.43
   vertex 10.55 4.824 -0.1
   vertex 10.55 3.853 -0.1
  endloop
 endfacet
  facet normal 0 0 0
    outer loop
   vertex 10.55 2.883 -0.43
   vertex 10.55 3.853 -0.1
   vertex 10.55 2.883 -0.1
  endloop
 endfacet
  facet normal 0 0 0
    outer loop
   vertex 10.55 4.824 -0.43
   vertex 10.55 3.853 -0.1
   vertex 10.55 2.883 -0.43
  endloop
 endfacet
  facet normal 0 0 0
    outer loop
   vertex 10.55 4.824 -0.43
   vertex 10.55 5.794 -0.1
   vertex 10.55 4.824 -0.1
  endloop
 endfacet
  facet normal 0 0 0
    outer loop
   vertex 10.55 6.765 -0.43
   vertex 10.55 6.765 -0.1
   vertex 10.55 5.794 -0.1
  endloop
 endfacet
  facet normal 0 0 0
    outer loop
   vertex 10.55 6.765 -0.43
   vertex 10.55 5.794 -0.1
   vertex 10.55 4.824 -0.43
  endloop
 endfacet
  facet normal 0 0 0
    outer loop
   vertex 10.55 2.883 -0.43
   vertex 10.55 2.883 -0.1
   vertex 10.55 1.912 -0.43
  endloop
 endfacet
  facet normal 0 0 0
    outer loop
   vertex 10.55 1.912 -0.43
   vertex 10.55 0.941 -0.1
   vertex 10.55 0.941 -0.43
  endloop
 endfacet
  facet normal 0 0 0
    outer loop
   vertex 10.55 1.912 -0.43
   vertex 10.55 2.883 -0.1
   vertex 10.55 0.941 -0.1
  endloop
 endfacet
  facet normal 0 0 0
    outer loop
   vertex 10.55 0.941 -0.43
   vertex 10.55 0.941 -0.1
   vertex 10.55 -0.029 -0.1
  endloop
 endfacet
  facet normal 0 0 0
    outer loop
   vertex 10.55 -1 -0.43
   vertex 10.55 -0.029 -0.1
   vertex 10.55 -1 -0.1
  endloop
 endfacet
  facet normal 0 0 0
    outer loop
   vertex 10.55 0.941 -0.43
   vertex 10.55 -0.029 -0.1
   vertex 10.55 -1 -0.43
  endloop
 endfacet
  facet normal 0 0 0
    outer loop
   vertex 10.55 6.765 -0.43
   vertex 10.55 7.736 -0.1
   vertex 10.55 6.765 -0.1
  endloop
 endfacet
  facet normal 0 0 0
    outer loop
   vertex 10.55 8.706 -0.43
   vertex 10.55 8.706 -0.1
   vertex 10.55 7.736 -0.1
  endloop
 endfacet
  facet normal 0 0 0
    outer loop
   vertex 10.55 8.706 -0.43
   vertex 10.55 7.736 -0.1
   vertex 10.55 6.765 -0.43
  endloop
 endfacet
  facet normal 0 0 0
    outer loop
   vertex 10.55 9.677 -0.43
   vertex 10.55 8.706 -0.1
   vertex 10.55 8.706 -0.43
  endloop
 endfacet
  facet normal 0 0 0
    outer loop
   vertex 10.55 10.648 -0.43
   vertex 10.55 10.648 -0.1
   vertex 10.55 9.677 -0.43
  endloop
 endfacet
  facet normal 0 0 0
    outer loop
   vertex 10.55 9.677 -0.43
   vertex 10.55 10.648 -0.1
   vertex 10.55 8.706 -0.1
  endloop
 endfacet
  facet normal 0 0 0
    outer loop
   vertex 10.55 12.589 -0.43
   vertex 10.55 12.589 -0.1
   vertex 10.55 11.618 -0.1
  endloop
 endfacet
  facet normal 0 0 0
    outer loop
   vertex 10.55 10.648 -0.43
   vertex 10.55 11.618 -0.1
   vertex 10.55 10.648 -0.1
  endloop
 endfacet
  facet normal 0 0 0
    outer loop
   vertex 10.55 12.589 -0.43
   vertex 10.55 11.618 -0.1
   vertex 10.55 10.648 -0.43
  endloop
 endfacet
  facet normal 0 0 0
    outer loop
   vertex 10.55 12.589 -0.43
   vertex 10.55 13.559 -0.1
   vertex 10.55 12.589 -0.1
  endloop
 endfacet
  facet normal 0 0 0
    outer loop
   vertex 10.55 14.53 -0.43
   vertex 10.55 14.53 -0.1
   vertex 10.55 13.559 -0.1
  endloop
 endfacet
  facet normal 0 0 0
    outer loop
   vertex 10.55 14.53 -0.43
   vertex 10.55 13.559 -0.1
   vertex 10.55 12.589 -0.43
  endloop
 endfacet
  facet normal 0 0 0
    outer loop
   vertex 20.05 -1 -0.43
   vertex 20.05 -1 -0.1
   vertex 20.05 -0.029 -0.43
  endloop
 endfacet
  facet normal 0 0 0
    outer loop
   vertex 20.05 -0.029 -0.43
   vertex 20.05 0.941 -0.1
   vertex 20.05 0.941 -0.43
  endloop
 endfacet
  facet normal 0 0 0
    outer loop
   vertex 20.05 -0.029 -0.43
   vertex 20.05 -1 -0.1
   vertex 20.05 0.941 -0.1
  endloop
 endfacet
  facet normal 0 0 0
    outer loop
   vertex 20.05 0.941 -0.43
   vertex 20.05 0.941 -0.1
   vertex 20.05 1.912 -0.1
  endloop
 endfacet
  facet normal 0 0 0
    outer loop
   vertex 20.05 2.883 -0.43
   vertex 20.05 1.912 -0.1
   vertex 20.05 2.883 -0.1
  endloop
 endfacet
  facet normal 0 0 0
    outer loop
   vertex 20.05 0.941 -0.43
   vertex 20.05 1.912 -0.1
   vertex 20.05 2.883 -0.43
  endloop
 endfacet
  facet normal 0 0 0
    outer loop
   vertex 20.05 3.853 -0.43
   vertex 20.05 4.824 -0.1
   vertex 20.05 4.824 -0.43
  endloop
 endfacet
  facet normal 0 0 0
    outer loop
   vertex 20.05 2.883 -0.43
   vertex 20.05 2.883 -0.1
   vertex 20.05 3.853 -0.43
  endloop
 endfacet
  facet normal 0 0 0
    outer loop
   vertex 20.05 3.853 -0.43
   vertex 20.05 2.883 -0.1
   vertex 20.05 4.824 -0.1
  endloop
 endfacet
  facet normal 0 0 0
    outer loop
   vertex 20.05 4.824 -0.43
   vertex 20.05 4.824 -0.1
   vertex 20.05 5.794 -0.43
  endloop
 endfacet
  facet normal 0 0 0
    outer loop
   vertex 20.05 5.794 -0.43
   vertex 20.05 6.765 -0.1
   vertex 20.05 6.765 -0.43
  endloop
 endfacet
  facet normal 0 0 0
    outer loop
   vertex 20.05 5.794 -0.43
   vertex 20.05 4.824 -0.1
   vertex 20.05 6.765 -0.1
  endloop
 endfacet
  facet normal 0 0 0
    outer loop
   vertex 20.05 8.706 -0.43
   vertex 20.05 8.706 -0.1
   vertex 20.05 9.677 -0.1
  endloop
 endfacet
  facet normal 0 0 0
    outer loop
   vertex 20.05 10.648 -0.43
   vertex 20.05 9.677 -0.1
   vertex 20.05 10.648 -0.1
  endloop
 endfacet
  facet normal 0 0 0
    outer loop
   vertex 20.05 8.706 -0.43
   vertex 20.05 9.677 -0.1
   vertex 20.05 10.648 -0.43
  endloop
 endfacet
  facet normal 0 0 0
    outer loop
   vertex 20.05 8.706 -0.43
   vertex 20.05 7.736 -0.1
   vertex 20.05 8.706 -0.1
  endloop
 endfacet
  facet normal 0 0 0
    outer loop
   vertex 20.05 6.765 -0.43
   vertex 20.05 6.765 -0.1
   vertex 20.05 7.736 -0.1
  endloop
 endfacet
  facet normal 0 0 0
    outer loop
   vertex 20.05 6.765 -0.43
   vertex 20.05 7.736 -0.1
   vertex 20.05 8.706 -0.43
  endloop
 endfacet
  facet normal 0 0 0
    outer loop
   vertex 20.05 10.648 -0.43
   vertex 20.05 10.648 -0.1
   vertex 20.05 11.618 -0.43
  endloop
 endfacet
  facet normal 0 0 0
    outer loop
   vertex 20.05 11.618 -0.43
   vertex 20.05 12.589 -0.1
   vertex 20.05 12.589 -0.43
  endloop
 endfacet
  facet normal 0 0 0
    outer loop
   vertex 20.05 11.618 -0.43
   vertex 20.05 10.648 -0.1
   vertex 20.05 12.589 -0.1
  endloop
 endfacet
  facet normal 0 0 0
    outer loop
   vertex 20.05 12.589 -0.43
   vertex 20.05 12.589 -0.1
   vertex 20.05 13.559 -0.1
  endloop
 endfacet
  facet normal 0 0 0
    outer loop
   vertex 20.05 14.53 -0.43
   vertex 20.05 13.559 -0.1
   vertex 20.05 14.53 -0.1
  endloop
 endfacet
  facet normal 0 0 0
    outer loop
   vertex 20.05 12.589 -0.43
   vertex 20.05 13.559 -0.1
   vertex 20.05 14.53 -0.43
  endloop
 endfacet
  facet normal 0 0 0
    outer loop
   vertex 20.05 24.236 -0.43
   vertex 20.05 24.236 -0.1
   vertex 20.05 25.207 -0.1
  endloop
 endfacet
  facet normal 0 0 0
    outer loop
   vertex 20.05 26.178 -0.43
   vertex 20.05 25.207 -0.1
   vertex 20.05 26.178 -0.1
  endloop
 endfacet
  facet normal 0 0 0
    outer loop
   vertex 20.05 24.236 -0.43
   vertex 20.05 25.207 -0.1
   vertex 20.05 26.178 -0.43
  endloop
 endfacet
  facet normal 0 0 0
    outer loop
   vertex 20.05 24.236 -0.43
   vertex 20.05 23.266 -0.1
   vertex 20.05 24.236 -0.1
  endloop
 endfacet
  facet normal 0 0 0
    outer loop
   vertex 20.05 22.295 -0.43
   vertex 20.05 22.295 -0.1
   vertex 20.05 23.266 -0.1
  endloop
 endfacet
  facet normal 0 0 0
    outer loop
   vertex 20.05 22.295 -0.43
   vertex 20.05 23.266 -0.1
   vertex 20.05 24.236 -0.43
  endloop
 endfacet
  facet normal 0 0 0
    outer loop
   vertex 20.05 26.178 -0.43
   vertex 20.05 26.178 -0.1
   vertex 20.05 27.148 -0.43
  endloop
 endfacet
  facet normal 0 0 0
    outer loop
   vertex 20.05 27.148 -0.43
   vertex 20.05 28.119 -0.1
   vertex 20.05 28.119 -0.43
  endloop
 endfacet
  facet normal 0 0 0
    outer loop
   vertex 20.05 27.148 -0.43
   vertex 20.05 26.178 -0.1
   vertex 20.05 28.119 -0.1
  endloop
 endfacet
  facet normal 0 0 0
    outer loop
   vertex 20.05 28.119 -0.43
   vertex 20.05 28.119 -0.1
   vertex 20.05 29.089 -0.1
  endloop
 endfacet
  facet normal 0 0 0
    outer loop
   vertex 20.05 30.06 -0.43
   vertex 20.05 29.089 -0.1
   vertex 20.05 30.06 -0.1
  endloop
 endfacet
  facet normal 0 0 0
    outer loop
   vertex 20.05 28.119 -0.43
   vertex 20.05 29.089 -0.1
   vertex 20.05 30.06 -0.43
  endloop
 endfacet
  facet normal 0 0 0
    outer loop
   vertex 20.05 22.295 -0.43
   vertex 20.05 21.324 -0.1
   vertex 20.05 22.295 -0.1
  endloop
 endfacet
  facet normal 0 0 0
    outer loop
   vertex 20.05 20.354 -0.43
   vertex 20.05 20.354 -0.1
   vertex 20.05 21.324 -0.1
  endloop
 endfacet
  facet normal 0 0 0
    outer loop
   vertex 20.05 20.354 -0.43
   vertex 20.05 21.324 -0.1
   vertex 20.05 22.295 -0.43
  endloop
 endfacet
  facet normal 0 0 0
    outer loop
   vertex 20.05 19.383 -0.43
   vertex 20.05 20.354 -0.1
   vertex 20.05 20.354 -0.43
  endloop
 endfacet
  facet normal 0 0 0
    outer loop
   vertex 20.05 18.413 -0.43
   vertex 20.05 18.413 -0.1
   vertex 20.05 19.383 -0.43
  endloop
 endfacet
  facet normal 0 0 0
    outer loop
   vertex 20.05 19.383 -0.43
   vertex 20.05 18.413 -0.1
   vertex 20.05 20.354 -0.1
  endloop
 endfacet
  facet normal 0 0 0
    outer loop
   vertex 20.05 16.471 -0.43
   vertex 20.05 16.471 -0.1
   vertex 20.05 17.442 -0.1
  endloop
 endfacet
  facet normal 0 0 0
    outer loop
   vertex 20.05 18.413 -0.43
   vertex 20.05 17.442 -0.1
   vertex 20.05 18.413 -0.1
  endloop
 endfacet
  facet normal 0 0 0
    outer loop
   vertex 20.05 16.471 -0.43
   vertex 20.05 17.442 -0.1
   vertex 20.05 18.413 -0.43
  endloop
 endfacet
  facet normal 0 0 0
    outer loop
   vertex 20.05 16.471 -0.43
   vertex 20.05 15.501 -0.1
   vertex 20.05 16.471 -0.1
  endloop
 endfacet
  facet normal 0 0 0
    outer loop
   vertex 20.05 14.53 -0.43
   vertex 20.05 14.53 -0.1
   vertex 20.05 15.501 -0.1
  endloop
 endfacet
  facet normal 0 0 0
    outer loop
   vertex 20.05 14.53 -0.43
   vertex 20.05 15.501 -0.1
   vertex 20.05 16.471 -0.43
  endloop
 endfacet
  facet normal 0 0 0
    outer loop
   vertex 16.8 30.06 -0.43
   vertex 16.8 30.06 -0.1
   vertex 16.8 29.089 -0.43
  endloop
 endfacet
  facet normal 0 0 0
    outer loop
   vertex 16.8 29.089 -0.43
   vertex 16.8 28.119 -0.1
   vertex 16.8 28.119 -0.43
  endloop
 endfacet
  facet normal 0 0 0
    outer loop
   vertex 16.8 29.089 -0.43
   vertex 16.8 30.06 -0.1
   vertex 16.8 28.119 -0.1
  endloop
 endfacet
  facet normal 0 0 0
    outer loop
   vertex 16.8 28.119 -0.43
   vertex 16.8 28.119 -0.1
   vertex 16.8 27.148 -0.1
  endloop
 endfacet
  facet normal 0 0 0
    outer loop
   vertex 16.8 26.178 -0.43
   vertex 16.8 27.148 -0.1
   vertex 16.8 26.178 -0.1
  endloop
 endfacet
  facet normal 0 0 0
    outer loop
   vertex 16.8 28.119 -0.43
   vertex 16.8 27.148 -0.1
   vertex 16.8 26.178 -0.43
  endloop
 endfacet
  facet normal 0 0 0
    outer loop
   vertex 16.8 25.207 -0.43
   vertex 16.8 24.236 -0.1
   vertex 16.8 24.236 -0.43
  endloop
 endfacet
  facet normal 0 0 0
    outer loop
   vertex 16.8 26.178 -0.43
   vertex 16.8 26.178 -0.1
   vertex 16.8 25.207 -0.43
  endloop
 endfacet
  facet normal 0 0 0
    outer loop
   vertex 16.8 25.207 -0.43
   vertex 16.8 26.178 -0.1
   vertex 16.8 24.236 -0.1
  endloop
 endfacet
  facet normal 0 0 0
    outer loop
   vertex 16.8 24.236 -0.43
   vertex 16.8 24.236 -0.1
   vertex 16.8 23.266 -0.43
  endloop
 endfacet
  facet normal 0 0 0
    outer loop
   vertex 16.8 23.266 -0.43
   vertex 16.8 22.295 -0.1
   vertex 16.8 22.295 -0.43
  endloop
 endfacet
  facet normal 0 0 0
    outer loop
   vertex 16.8 23.266 -0.43
   vertex 16.8 24.236 -0.1
   vertex 16.8 22.295 -0.1
  endloop
 endfacet
  facet normal 0 0 0
    outer loop
   vertex 16.8 20.354 -0.43
   vertex 16.8 20.354 -0.1
   vertex 16.8 19.383 -0.1
  endloop
 endfacet
  facet normal 0 0 0
    outer loop
   vertex 16.8 18.413 -0.43
   vertex 16.8 19.383 -0.1
   vertex 16.8 18.413 -0.1
  endloop
 endfacet
  facet normal 0 0 0
    outer loop
   vertex 16.8 20.354 -0.43
   vertex 16.8 19.383 -0.1
   vertex 16.8 18.413 -0.43
  endloop
 endfacet
  facet normal 0 0 0
    outer loop
   vertex 16.8 20.354 -0.43
   vertex 16.8 21.324 -0.1
   vertex 16.8 20.354 -0.1
  endloop
 endfacet
  facet normal 0 0 0
    outer loop
   vertex 16.8 22.295 -0.43
   vertex 16.8 22.295 -0.1
   vertex 16.8 21.324 -0.1
  endloop
 endfacet
  facet normal 0 0 0
    outer loop
   vertex 16.8 22.295 -0.43
   vertex 16.8 21.324 -0.1
   vertex 16.8 20.354 -0.43
  endloop
 endfacet
  facet normal 0 0 0
    outer loop
   vertex 16.8 18.413 -0.43
   vertex 16.8 18.413 -0.1
   vertex 16.8 17.442 -0.43
  endloop
 endfacet
  facet normal 0 0 0
    outer loop
   vertex 16.8 17.442 -0.43
   vertex 16.8 16.471 -0.1
   vertex 16.8 16.471 -0.43
  endloop
 endfacet
  facet normal 0 0 0
    outer loop
   vertex 16.8 17.442 -0.43
   vertex 16.8 18.413 -0.1
   vertex 16.8 16.471 -0.1
  endloop
 endfacet
  facet normal 0 0 0
    outer loop
   vertex 16.8 16.471 -0.43
   vertex 16.8 16.471 -0.1
   vertex 16.8 15.501 -0.1
  endloop
 endfacet
  facet normal 0 0 0
    outer loop
   vertex 16.8 14.53 -0.43
   vertex 16.8 15.501 -0.1
   vertex 16.8 14.53 -0.1
  endloop
 endfacet
  facet normal 0 0 0
    outer loop
   vertex 16.8 16.471 -0.43
   vertex 16.8 15.501 -0.1
   vertex 16.8 14.53 -0.43
  endloop
 endfacet
  facet normal 0 0 0
    outer loop
   vertex 16.8 4.824 -0.43
   vertex 16.8 4.824 -0.1
   vertex 16.8 3.853 -0.1
  endloop
 endfacet
  facet normal 0 0 0
    outer loop
   vertex 16.8 2.883 -0.43
   vertex 16.8 3.853 -0.1
   vertex 16.8 2.883 -0.1
  endloop
 endfacet
  facet normal 0 0 0
    outer loop
   vertex 16.8 4.824 -0.43
   vertex 16.8 3.853 -0.1
   vertex 16.8 2.883 -0.43
  endloop
 endfacet
  facet normal 0 0 0
    outer loop
   vertex 16.8 4.824 -0.43
   vertex 16.8 5.794 -0.1
   vertex 16.8 4.824 -0.1
  endloop
 endfacet
  facet normal 0 0 0
    outer loop
   vertex 16.8 6.765 -0.43
   vertex 16.8 6.765 -0.1
   vertex 16.8 5.794 -0.1
  endloop
 endfacet
  facet normal 0 0 0
    outer loop
   vertex 16.8 6.765 -0.43
   vertex 16.8 5.794 -0.1
   vertex 16.8 4.824 -0.43
  endloop
 endfacet
  facet normal 0 0 0
    outer loop
   vertex 16.8 2.883 -0.43
   vertex 16.8 2.883 -0.1
   vertex 16.8 1.912 -0.43
  endloop
 endfacet
  facet normal 0 0 0
    outer loop
   vertex 16.8 1.912 -0.43
   vertex 16.8 0.941 -0.1
   vertex 16.8 0.941 -0.43
  endloop
 endfacet
  facet normal 0 0 0
    outer loop
   vertex 16.8 1.912 -0.43
   vertex 16.8 2.883 -0.1
   vertex 16.8 0.941 -0.1
  endloop
 endfacet
  facet normal 0 0 0
    outer loop
   vertex 16.8 0.941 -0.43
   vertex 16.8 0.941 -0.1
   vertex 16.8 -0.029 -0.1
  endloop
 endfacet
  facet normal 0 0 0
    outer loop
   vertex 16.8 -1 -0.43
   vertex 16.8 -0.029 -0.1
   vertex 16.8 -1 -0.1
  endloop
 endfacet
  facet normal 0 0 0
    outer loop
   vertex 16.8 0.941 -0.43
   vertex 16.8 -0.029 -0.1
   vertex 16.8 -1 -0.43
  endloop
 endfacet
  facet normal 0 0 0
    outer loop
   vertex 16.8 6.765 -0.43
   vertex 16.8 7.736 -0.1
   vertex 16.8 6.765 -0.1
  endloop
 endfacet
  facet normal 0 0 0
    outer loop
   vertex 16.8 8.706 -0.43
   vertex 16.8 8.706 -0.1
   vertex 16.8 7.736 -0.1
  endloop
 endfacet
  facet normal 0 0 0
    outer loop
   vertex 16.8 8.706 -0.43
   vertex 16.8 7.736 -0.1
   vertex 16.8 6.765 -0.43
  endloop
 endfacet
  facet normal 0 0 0
    outer loop
   vertex 16.8 9.677 -0.43
   vertex 16.8 8.706 -0.1
   vertex 16.8 8.706 -0.43
  endloop
 endfacet
  facet normal 0 0 0
    outer loop
   vertex 16.8 10.648 -0.43
   vertex 16.8 10.648 -0.1
   vertex 16.8 9.677 -0.43
  endloop
 endfacet
  facet normal 0 0 0
    outer loop
   vertex 16.8 9.677 -0.43
   vertex 16.8 10.648 -0.1
   vertex 16.8 8.706 -0.1
  endloop
 endfacet
  facet normal 0 0 0
    outer loop
   vertex 16.8 12.589 -0.43
   vertex 16.8 12.589 -0.1
   vertex 16.8 11.618 -0.1
  endloop
 endfacet
  facet normal 0 0 0
    outer loop
   vertex 16.8 10.648 -0.43
   vertex 16.8 11.618 -0.1
   vertex 16.8 10.648 -0.1
  endloop
 endfacet
  facet normal 0 0 0
    outer loop
   vertex 16.8 12.589 -0.43
   vertex 16.8 11.618 -0.1
   vertex 16.8 10.648 -0.43
  endloop
 endfacet
  facet normal 0 0 0
    outer loop
   vertex 16.8 12.589 -0.43
   vertex 16.8 13.559 -0.1
   vertex 16.8 12.589 -0.1
  endloop
 endfacet
  facet normal 0 0 0
    outer loop
   vertex 16.8 14.53 -0.43
   vertex 16.8 14.53 -0.1
   vertex 16.8 13.559 -0.1
  endloop
 endfacet
  facet normal 0 0 0
    outer loop
   vertex 16.8 14.53 -0.43
   vertex 16.8 13.559 -0.1
   vertex 16.8 12.589 -0.43
  endloop
 endfacet
  facet normal 0 0 0
    outer loop
   vertex 26.3 -1 -0.43
   vertex 26.3 -1 -0.1
   vertex 26.3 -0.029 -0.43
  endloop
 endfacet
  facet normal 0 0 0
    outer loop
   vertex 26.3 -0.029 -0.43
   vertex 26.3 0.941 -0.1
   vertex 26.3 0.941 -0.43
  endloop
 endfacet
  facet normal 0 0 0
    outer loop
   vertex 26.3 -0.029 -0.43
   vertex 26.3 -1 -0.1
   vertex 26.3 0.941 -0.1
  endloop
 endfacet
  facet normal 0 0 0
    outer loop
   vertex 26.3 0.941 -0.43
   vertex 26.3 0.941 -0.1
   vertex 26.3 1.912 -0.1
  endloop
 endfacet
  facet normal 0 0 0
    outer loop
   vertex 26.3 2.883 -0.43
   vertex 26.3 1.912 -0.1
   vertex 26.3 2.883 -0.1
  endloop
 endfacet
  facet normal 0 0 0
    outer loop
   vertex 26.3 0.941 -0.43
   vertex 26.3 1.912 -0.1
   vertex 26.3 2.883 -0.43
  endloop
 endfacet
  facet normal 0 0 0
    outer loop
   vertex 26.3 3.853 -0.43
   vertex 26.3 4.824 -0.1
   vertex 26.3 4.824 -0.43
  endloop
 endfacet
  facet normal 0 0 0
    outer loop
   vertex 26.3 2.883 -0.43
   vertex 26.3 2.883 -0.1
   vertex 26.3 3.853 -0.43
  endloop
 endfacet
  facet normal 0 0 0
    outer loop
   vertex 26.3 3.853 -0.43
   vertex 26.3 2.883 -0.1
   vertex 26.3 4.824 -0.1
  endloop
 endfacet
  facet normal 0 0 0
    outer loop
   vertex 26.3 4.824 -0.43
   vertex 26.3 4.824 -0.1
   vertex 26.3 5.794 -0.43
  endloop
 endfacet
  facet normal 0 0 0
    outer loop
   vertex 26.3 5.794 -0.43
   vertex 26.3 6.765 -0.1
   vertex 26.3 6.765 -0.43
  endloop
 endfacet
  facet normal 0 0 0
    outer loop
   vertex 26.3 5.794 -0.43
   vertex 26.3 4.824 -0.1
   vertex 26.3 6.765 -0.1
  endloop
 endfacet
  facet normal 0 0 0
    outer loop
   vertex 26.3 8.706 -0.43
   vertex 26.3 8.706 -0.1
   vertex 26.3 9.677 -0.1
  endloop
 endfacet
  facet normal 0 0 0
    outer loop
   vertex 26.3 10.648 -0.43
   vertex 26.3 9.677 -0.1
   vertex 26.3 10.648 -0.1
  endloop
 endfacet
  facet normal 0 0 0
    outer loop
   vertex 26.3 8.706 -0.43
   vertex 26.3 9.677 -0.1
   vertex 26.3 10.648 -0.43
  endloop
 endfacet
  facet normal 0 0 0
    outer loop
   vertex 26.3 8.706 -0.43
   vertex 26.3 7.736 -0.1
   vertex 26.3 8.706 -0.1
  endloop
 endfacet
  facet normal 0 0 0
    outer loop
   vertex 26.3 6.765 -0.43
   vertex 26.3 6.765 -0.1
   vertex 26.3 7.736 -0.1
  endloop
 endfacet
  facet normal 0 0 0
    outer loop
   vertex 26.3 6.765 -0.43
   vertex 26.3 7.736 -0.1
   vertex 26.3 8.706 -0.43
  endloop
 endfacet
  facet normal 0 0 0
    outer loop
   vertex 26.3 10.648 -0.43
   vertex 26.3 10.648 -0.1
   vertex 26.3 11.618 -0.43
  endloop
 endfacet
  facet normal 0 0 0
    outer loop
   vertex 26.3 11.618 -0.43
   vertex 26.3 12.589 -0.1
   vertex 26.3 12.589 -0.43
  endloop
 endfacet
  facet normal 0 0 0
    outer loop
   vertex 26.3 11.618 -0.43
   vertex 26.3 10.648 -0.1
   vertex 26.3 12.589 -0.1
  endloop
 endfacet
  facet normal 0 0 0
    outer loop
   vertex 26.3 12.589 -0.43
   vertex 26.3 12.589 -0.1
   vertex 26.3 13.559 -0.1
  endloop
 endfacet
  facet normal 0 0 0
    outer loop
   vertex 26.3 14.53 -0.43
   vertex 26.3 13.559 -0.1
   vertex 26.3 14.53 -0.1
  endloop
 endfacet
  facet normal 0 0 0
    outer loop
   vertex 26.3 12.589 -0.43
   vertex 26.3 13.559 -0.1
   vertex 26.3 14.53 -0.43
  endloop
 endfacet
  facet normal 0 0 0
    outer loop
   vertex 26.3 24.236 -0.43
   vertex 26.3 24.236 -0.1
   vertex 26.3 25.207 -0.1
  endloop
 endfacet
  facet normal 0 0 0
    outer loop
   vertex 26.3 26.178 -0.43
   vertex 26.3 25.207 -0.1
   vertex 26.3 26.178 -0.1
  endloop
 endfacet
  facet normal 0 0 0
    outer loop
   vertex 26.3 24.236 -0.43
   vertex 26.3 25.207 -0.1
   vertex 26.3 26.178 -0.43
  endloop
 endfacet
  facet normal 0 0 0
    outer loop
   vertex 26.3 24.236 -0.43
   vertex 26.3 23.266 -0.1
   vertex 26.3 24.236 -0.1
  endloop
 endfacet
  facet normal 0 0 0
    outer loop
   vertex 26.3 22.295 -0.43
   vertex 26.3 22.295 -0.1
   vertex 26.3 23.266 -0.1
  endloop
 endfacet
  facet normal 0 0 0
    outer loop
   vertex 26.3 22.295 -0.43
   vertex 26.3 23.266 -0.1
   vertex 26.3 24.236 -0.43
  endloop
 endfacet
  facet normal 0 0 0
    outer loop
   vertex 26.3 26.178 -0.43
   vertex 26.3 26.178 -0.1
   vertex 26.3 27.148 -0.43
  endloop
 endfacet
  facet normal 0 0 0
    outer loop
   vertex 26.3 27.148 -0.43
   vertex 26.3 28.119 -0.1
   vertex 26.3 28.119 -0.43
  endloop
 endfacet
  facet normal 0 0 0
    outer loop
   vertex 26.3 27.148 -0.43
   vertex 26.3 26.178 -0.1
   vertex 26.3 28.119 -0.1
  endloop
 endfacet
  facet normal 0 0 0
    outer loop
   vertex 26.3 28.119 -0.43
   vertex 26.3 28.119 -0.1
   vertex 26.3 29.089 -0.1
  endloop
 endfacet
  facet normal 0 0 0
    outer loop
   vertex 26.3 30.06 -0.43
   vertex 26.3 29.089 -0.1
   vertex 26.3 30.06 -0.1
  endloop
 endfacet
  facet normal 0 0 0
    outer loop
   vertex 26.3 28.119 -0.43
   vertex 26.3 29.089 -0.1
   vertex 26.3 30.06 -0.43
  endloop
 endfacet
  facet normal 0 0 0
    outer loop
   vertex 26.3 22.295 -0.43
   vertex 26.3 21.324 -0.1
   vertex 26.3 22.295 -0.1
  endloop
 endfacet
  facet normal 0 0 0
    outer loop
   vertex 26.3 20.354 -0.43
   vertex 26.3 20.354 -0.1
   vertex 26.3 21.324 -0.1
  endloop
 endfacet
  facet normal 0 0 0
    outer loop
   vertex 26.3 20.354 -0.43
   vertex 26.3 21.324 -0.1
   vertex 26.3 22.295 -0.43
  endloop
 endfacet
  facet normal 0 0 0
    outer loop
   vertex 26.3 19.383 -0.43
   vertex 26.3 20.354 -0.1
   vertex 26.3 20.354 -0.43
  endloop
 endfacet
  facet normal 0 0 0
    outer loop
   vertex 26.3 18.413 -0.43
   vertex 26.3 18.413 -0.1
   vertex 26.3 19.383 -0.43
  endloop
 endfacet
  facet normal 0 0 0
    outer loop
   vertex 26.3 19.383 -0.43
   vertex 26.3 18.413 -0.1
   vertex 26.3 20.354 -0.1
  endloop
 endfacet
  facet normal 0 0 0
    outer loop
   vertex 26.3 16.471 -0.43
   vertex 26.3 16.471 -0.1
   vertex 26.3 17.442 -0.1
  endloop
 endfacet
  facet normal 0 0 0
    outer loop
   vertex 26.3 18.413 -0.43
   vertex 26.3 17.442 -0.1
   vertex 26.3 18.413 -0.1
  endloop
 endfacet
  facet normal 0 0 0
    outer loop
   vertex 26.3 16.471 -0.43
   vertex 26.3 17.442 -0.1
   vertex 26.3 18.413 -0.43
  endloop
 endfacet
  facet normal 0 0 0
    outer loop
   vertex 26.3 16.471 -0.43
   vertex 26.3 15.501 -0.1
   vertex 26.3 16.471 -0.1
  endloop
 endfacet
  facet normal 0 0 0
    outer loop
   vertex 26.3 14.53 -0.43
   vertex 26.3 14.53 -0.1
   vertex 26.3 15.501 -0.1
  endloop
 endfacet
  facet normal 0 0 0
    outer loop
   vertex 26.3 14.53 -0.43
   vertex 26.3 15.501 -0.1
   vertex 26.3 16.471 -0.43
  endloop
 endfacet
  facet normal 0 0 0
    outer loop
   vertex 23.05 30.06 -0.43
   vertex 23.05 30.06 -0.1
   vertex 23.05 29.089 -0.43
  endloop
 endfacet
  facet normal 0 0 0
    outer loop
   vertex 23.05 29.089 -0.43
   vertex 23.05 28.119 -0.1
   vertex 23.05 28.119 -0.43
  endloop
 endfacet
  facet normal 0 0 0
    outer loop
   vertex 23.05 29.089 -0.43
   vertex 23.05 30.06 -0.1
   vertex 23.05 28.119 -0.1
  endloop
 endfacet
  facet normal 0 0 0
    outer loop
   vertex 23.05 28.119 -0.43
   vertex 23.05 28.119 -0.1
   vertex 23.05 27.148 -0.1
  endloop
 endfacet
  facet normal 0 0 0
    outer loop
   vertex 23.05 26.178 -0.43
   vertex 23.05 27.148 -0.1
   vertex 23.05 26.178 -0.1
  endloop
 endfacet
  facet normal 0 0 0
    outer loop
   vertex 23.05 28.119 -0.43
   vertex 23.05 27.148 -0.1
   vertex 23.05 26.178 -0.43
  endloop
 endfacet
  facet normal 0 0 0
    outer loop
   vertex 23.05 25.207 -0.43
   vertex 23.05 24.236 -0.1
   vertex 23.05 24.236 -0.43
  endloop
 endfacet
  facet normal 0 0 0
    outer loop
   vertex 23.05 26.178 -0.43
   vertex 23.05 26.178 -0.1
   vertex 23.05 25.207 -0.43
  endloop
 endfacet
  facet normal 0 0 0
    outer loop
   vertex 23.05 25.207 -0.43
   vertex 23.05 26.178 -0.1
   vertex 23.05 24.236 -0.1
  endloop
 endfacet
  facet normal 0 0 0
    outer loop
   vertex 23.05 24.236 -0.43
   vertex 23.05 24.236 -0.1
   vertex 23.05 23.266 -0.43
  endloop
 endfacet
  facet normal 0 0 0
    outer loop
   vertex 23.05 23.266 -0.43
   vertex 23.05 22.295 -0.1
   vertex 23.05 22.295 -0.43
  endloop
 endfacet
  facet normal 0 0 0
    outer loop
   vertex 23.05 23.266 -0.43
   vertex 23.05 24.236 -0.1
   vertex 23.05 22.295 -0.1
  endloop
 endfacet
  facet normal 0 0 0
    outer loop
   vertex 23.05 20.354 -0.43
   vertex 23.05 20.354 -0.1
   vertex 23.05 19.383 -0.1
  endloop
 endfacet
  facet normal 0 0 0
    outer loop
   vertex 23.05 18.413 -0.43
   vertex 23.05 19.383 -0.1
   vertex 23.05 18.413 -0.1
  endloop
 endfacet
  facet normal 0 0 0
    outer loop
   vertex 23.05 20.354 -0.43
   vertex 23.05 19.383 -0.1
   vertex 23.05 18.413 -0.43
  endloop
 endfacet
  facet normal 0 0 0
    outer loop
   vertex 23.05 20.354 -0.43
   vertex 23.05 21.324 -0.1
   vertex 23.05 20.354 -0.1
  endloop
 endfacet
  facet normal 0 0 0
    outer loop
   vertex 23.05 22.295 -0.43
   vertex 23.05 22.295 -0.1
   vertex 23.05 21.324 -0.1
  endloop
 endfacet
  facet normal 0 0 0
    outer loop
   vertex 23.05 22.295 -0.43
   vertex 23.05 21.324 -0.1
   vertex 23.05 20.354 -0.43
  endloop
 endfacet
  facet normal 0 0 0
    outer loop
   vertex 23.05 18.413 -0.43
   vertex 23.05 18.413 -0.1
   vertex 23.05 17.442 -0.43
  endloop
 endfacet
  facet normal 0 0 0
    outer loop
   vertex 23.05 17.442 -0.43
   vertex 23.05 16.471 -0.1
   vertex 23.05 16.471 -0.43
  endloop
 endfacet
  facet normal 0 0 0
    outer loop
   vertex 23.05 17.442 -0.43
   vertex 23.05 18.413 -0.1
   vertex 23.05 16.471 -0.1
  endloop
 endfacet
  facet normal 0 0 0
    outer loop
   vertex 23.05 16.471 -0.43
   vertex 23.05 16.471 -0.1
   vertex 23.05 15.501 -0.1
  endloop
 endfacet
  facet normal 0 0 0
    outer loop
   vertex 23.05 14.53 -0.43
   vertex 23.05 15.501 -0.1
   vertex 23.05 14.53 -0.1
  endloop
 endfacet
  facet normal 0 0 0
    outer loop
   vertex 23.05 16.471 -0.43
   vertex 23.05 15.501 -0.1
   vertex 23.05 14.53 -0.43
  endloop
 endfacet
  facet normal 0 0 0
    outer loop
   vertex 23.05 4.824 -0.43
   vertex 23.05 4.824 -0.1
   vertex 23.05 3.853 -0.1
  endloop
 endfacet
  facet normal 0 0 0
    outer loop
   vertex 23.05 2.883 -0.43
   vertex 23.05 3.853 -0.1
   vertex 23.05 2.883 -0.1
  endloop
 endfacet
  facet normal 0 0 0
    outer loop
   vertex 23.05 4.824 -0.43
   vertex 23.05 3.853 -0.1
   vertex 23.05 2.883 -0.43
  endloop
 endfacet
  facet normal 0 0 0
    outer loop
   vertex 23.05 4.824 -0.43
   vertex 23.05 5.794 -0.1
   vertex 23.05 4.824 -0.1
  endloop
 endfacet
  facet normal 0 0 0
    outer loop
   vertex 23.05 6.765 -0.43
   vertex 23.05 6.765 -0.1
   vertex 23.05 5.794 -0.1
  endloop
 endfacet
  facet normal 0 0 0
    outer loop
   vertex 23.05 6.765 -0.43
   vertex 23.05 5.794 -0.1
   vertex 23.05 4.824 -0.43
  endloop
 endfacet
  facet normal 0 0 0
    outer loop
   vertex 23.05 2.883 -0.43
   vertex 23.05 2.883 -0.1
   vertex 23.05 1.912 -0.43
  endloop
 endfacet
  facet normal 0 0 0
    outer loop
   vertex 23.05 1.912 -0.43
   vertex 23.05 0.941 -0.1
   vertex 23.05 0.941 -0.43
  endloop
 endfacet
  facet normal 0 0 0
    outer loop
   vertex 23.05 1.912 -0.43
   vertex 23.05 2.883 -0.1
   vertex 23.05 0.941 -0.1
  endloop
 endfacet
  facet normal 0 0 0
    outer loop
   vertex 23.05 0.941 -0.43
   vertex 23.05 0.941 -0.1
   vertex 23.05 -0.029 -0.1
  endloop
 endfacet
  facet normal 0 0 0
    outer loop
   vertex 23.05 -1 -0.43
   vertex 23.05 -0.029 -0.1
   vertex 23.05 -1 -0.1
  endloop
 endfacet
  facet normal 0 0 0
    outer loop
   vertex 23.05 0.941 -0.43
   vertex 23.05 -0.029 -0.1
   vertex 23.05 -1 -0.43
  endloop
 endfacet
  facet normal 0 0 0
    outer loop
   vertex 23.05 6.765 -0.43
   vertex 23.05 7.736 -0.1
   vertex 23.05 6.765 -0.1
  endloop
 endfacet
  facet normal 0 0 0
    outer loop
   vertex 23.05 8.706 -0.43
   vertex 23.05 8.706 -0.1
   vertex 23.05 7.736 -0.1
  endloop
 endfacet
  facet normal 0 0 0
    outer loop
   vertex 23.05 8.706 -0.43
   vertex 23.05 7.736 -0.1
   vertex 23.05 6.765 -0.43
  endloop
 endfacet
  facet normal 0 0 0
    outer loop
   vertex 23.05 9.677 -0.43
   vertex 23.05 8.706 -0.1
   vertex 23.05 8.706 -0.43
  endloop
 endfacet
  facet normal 0 0 0
    outer loop
   vertex 23.05 10.648 -0.43
   vertex 23.05 10.648 -0.1
   vertex 23.05 9.677 -0.43
  endloop
 endfacet
  facet normal 0 0 0
    outer loop
   vertex 23.05 9.677 -0.43
   vertex 23.05 10.648 -0.1
   vertex 23.05 8.706 -0.1
  endloop
 endfacet
  facet normal 0 0 0
    outer loop
   vertex 23.05 12.589 -0.43
   vertex 23.05 12.589 -0.1
   vertex 23.05 11.618 -0.1
  endloop
 endfacet
  facet normal 0 0 0
    outer loop
   vertex 23.05 10.648 -0.43
   vertex 23.05 11.618 -0.1
   vertex 23.05 10.648 -0.1
  endloop
 endfacet
  facet normal 0 0 0
    outer loop
   vertex 23.05 12.589 -0.43
   vertex 23.05 11.618 -0.1
   vertex 23.05 10.648 -0.43
  endloop
 endfacet
  facet normal 0 0 0
    outer loop
   vertex 23.05 12.589 -0.43
   vertex 23.05 13.559 -0.1
   vertex 23.05 12.589 -0.1
  endloop
 endfacet
  facet normal 0 0 0
    outer loop
   vertex 23.05 14.53 -0.43
   vertex 23.05 14.53 -0.1
   vertex 23.05 13.559 -0.1
  endloop
 endfacet
  facet normal 0 0 0
    outer loop
   vertex 23.05 14.53 -0.43
   vertex 23.05 13.559 -0.1
   vertex 23.05 12.589 -0.43
  endloop
 endfacet
  facet normal 0 0 0
    outer loop
   vertex 32.55 -1 -0.43
   vertex 32.55 -1 -0.1
   vertex 32.55 -0.029 -0.43
  endloop
 endfacet
  facet normal 0 0 0
    outer loop
   vertex 32.55 -0.029 -0.43
   vertex 32.55 0.941 -0.1
   vertex 32.55 0.941 -0.43
  endloop
 endfacet
  facet normal 0 0 0
    outer loop
   vertex 32.55 -0.029 -0.43
   vertex 32.55 -1 -0.1
   vertex 32.55 0.941 -0.1
  endloop
 endfacet
  facet normal 0 0 0
    outer loop
   vertex 32.55 0.941 -0.43
   vertex 32.55 0.941 -0.1
   vertex 32.55 1.912 -0.1
  endloop
 endfacet
  facet normal 0 0 0
    outer loop
   vertex 32.55 2.883 -0.43
   vertex 32.55 1.912 -0.1
   vertex 32.55 2.883 -0.1
  endloop
 endfacet
  facet normal 0 0 0
    outer loop
   vertex 32.55 0.941 -0.43
   vertex 32.55 1.912 -0.1
   vertex 32.55 2.883 -0.43
  endloop
 endfacet
  facet normal 0 0 0
    outer loop
   vertex 32.55 3.853 -0.43
   vertex 32.55 4.824 -0.1
   vertex 32.55 4.824 -0.43
  endloop
 endfacet
  facet normal 0 0 0
    outer loop
   vertex 32.55 2.883 -0.43
   vertex 32.55 2.883 -0.1
   vertex 32.55 3.853 -0.43
  endloop
 endfacet
  facet normal 0 0 0
    outer loop
   vertex 32.55 3.853 -0.43
   vertex 32.55 2.883 -0.1
   vertex 32.55 4.824 -0.1
  endloop
 endfacet
  facet normal 0 0 0
    outer loop
   vertex 32.55 4.824 -0.43
   vertex 32.55 4.824 -0.1
   vertex 32.55 5.794 -0.43
  endloop
 endfacet
  facet normal 0 0 0
    outer loop
   vertex 32.55 5.794 -0.43
   vertex 32.55 6.765 -0.1
   vertex 32.55 6.765 -0.43
  endloop
 endfacet
  facet normal 0 0 0
    outer loop
   vertex 32.55 5.794 -0.43
   vertex 32.55 4.824 -0.1
   vertex 32.55 6.765 -0.1
  endloop
 endfacet
  facet normal 0 0 0
    outer loop
   vertex 32.55 8.706 -0.43
   vertex 32.55 8.706 -0.1
   vertex 32.55 9.677 -0.1
  endloop
 endfacet
  facet normal 0 0 0
    outer loop
   vertex 32.55 10.648 -0.43
   vertex 32.55 9.677 -0.1
   vertex 32.55 10.648 -0.1
  endloop
 endfacet
  facet normal 0 0 0
    outer loop
   vertex 32.55 8.706 -0.43
   vertex 32.55 9.677 -0.1
   vertex 32.55 10.648 -0.43
  endloop
 endfacet
  facet normal 0 0 0
    outer loop
   vertex 32.55 8.706 -0.43
   vertex 32.55 7.736 -0.1
   vertex 32.55 8.706 -0.1
  endloop
 endfacet
  facet normal 0 0 0
    outer loop
   vertex 32.55 6.765 -0.43
   vertex 32.55 6.765 -0.1
   vertex 32.55 7.736 -0.1
  endloop
 endfacet
  facet normal 0 0 0
    outer loop
   vertex 32.55 6.765 -0.43
   vertex 32.55 7.736 -0.1
   vertex 32.55 8.706 -0.43
  endloop
 endfacet
  facet normal 0 0 0
    outer loop
   vertex 32.55 10.648 -0.43
   vertex 32.55 10.648 -0.1
   vertex 32.55 11.618 -0.43
  endloop
 endfacet
  facet normal 0 0 0
    outer loop
   vertex 32.55 11.618 -0.43
   vertex 32.55 12.589 -0.1
   vertex 32.55 12.589 -0.43
  endloop
 endfacet
  facet normal 0 0 0
    outer loop
   vertex 32.55 11.618 -0.43
   vertex 32.55 10.648 -0.1
   vertex 32.55 12.589 -0.1
  endloop
 endfacet
  facet normal 0 0 0
    outer loop
   vertex 32.55 12.589 -0.43
   vertex 32.55 12.589 -0.1
   vertex 32.55 13.559 -0.1
  endloop
 endfacet
  facet normal 0 0 0
    outer loop
   vertex 32.55 14.53 -0.43
   vertex 32.55 13.559 -0.1
   vertex 32.55 14.53 -0.1
  endloop
 endfacet
  facet normal 0 0 0
    outer loop
   vertex 32.55 12.589 -0.43
   vertex 32.55 13.559 -0.1
   vertex 32.55 14.53 -0.43
  endloop
 endfacet
  facet normal 0 0 0
    outer loop
   vertex 32.55 24.236 -0.43
   vertex 32.55 24.236 -0.1
   vertex 32.55 25.207 -0.1
  endloop
 endfacet
  facet normal 0 0 0
    outer loop
   vertex 32.55 26.178 -0.43
   vertex 32.55 25.207 -0.1
   vertex 32.55 26.178 -0.1
  endloop
 endfacet
  facet normal 0 0 0
    outer loop
   vertex 32.55 24.236 -0.43
   vertex 32.55 25.207 -0.1
   vertex 32.55 26.178 -0.43
  endloop
 endfacet
  facet normal 0 0 0
    outer loop
   vertex 32.55 24.236 -0.43
   vertex 32.55 23.266 -0.1
   vertex 32.55 24.236 -0.1
  endloop
 endfacet
  facet normal 0 0 0
    outer loop
   vertex 32.55 22.295 -0.43
   vertex 32.55 22.295 -0.1
   vertex 32.55 23.266 -0.1
  endloop
 endfacet
  facet normal 0 0 0
    outer loop
   vertex 32.55 22.295 -0.43
   vertex 32.55 23.266 -0.1
   vertex 32.55 24.236 -0.43
  endloop
 endfacet
  facet normal 0 0 0
    outer loop
   vertex 32.55 26.178 -0.43
   vertex 32.55 26.178 -0.1
   vertex 32.55 27.148 -0.43
  endloop
 endfacet
  facet normal 0 0 0
    outer loop
   vertex 32.55 27.148 -0.43
   vertex 32.55 28.119 -0.1
   vertex 32.55 28.119 -0.43
  endloop
 endfacet
  facet normal 0 0 0
    outer loop
   vertex 32.55 27.148 -0.43
   vertex 32.55 26.178 -0.1
   vertex 32.55 28.119 -0.1
  endloop
 endfacet
  facet normal 0 0 0
    outer loop
   vertex 32.55 28.119 -0.43
   vertex 32.55 28.119 -0.1
   vertex 32.55 29.089 -0.1
  endloop
 endfacet
  facet normal 0 0 0
    outer loop
   vertex 32.55 30.06 -0.43
   vertex 32.55 29.089 -0.1
   vertex 32.55 30.06 -0.1
  endloop
 endfacet
  facet normal 0 0 0
    outer loop
   vertex 32.55 28.119 -0.43
   vertex 32.55 29.089 -0.1
   vertex 32.55 30.06 -0.43
  endloop
 endfacet
  facet normal 0 0 0
    outer loop
   vertex 32.55 22.295 -0.43
   vertex 32.55 21.324 -0.1
   vertex 32.55 22.295 -0.1
  endloop
 endfacet
  facet normal 0 0 0
    outer loop
   vertex 32.55 20.354 -0.43
   vertex 32.55 20.354 -0.1
   vertex 32.55 21.324 -0.1
  endloop
 endfacet
  facet normal 0 0 0
    outer loop
   vertex 32.55 20.354 -0.43
   vertex 32.55 21.324 -0.1
   vertex 32.55 22.295 -0.43
  endloop
 endfacet
  facet normal 0 0 0
    outer loop
   vertex 32.55 19.383 -0.43
   vertex 32.55 20.354 -0.1
   vertex 32.55 20.354 -0.43
  endloop
 endfacet
  facet normal 0 0 0
    outer loop
   vertex 32.55 18.413 -0.43
   vertex 32.55 18.413 -0.1
   vertex 32.55 19.383 -0.43
  endloop
 endfacet
  facet normal 0 0 0
    outer loop
   vertex 32.55 19.383 -0.43
   vertex 32.55 18.413 -0.1
   vertex 32.55 20.354 -0.1
  endloop
 endfacet
  facet normal 0 0 0
    outer loop
   vertex 32.55 16.471 -0.43
   vertex 32.55 16.471 -0.1
   vertex 32.55 17.442 -0.1
  endloop
 endfacet
  facet normal 0 0 0
    outer loop
   vertex 32.55 18.413 -0.43
   vertex 32.55 17.442 -0.1
   vertex 32.55 18.413 -0.1
  endloop
 endfacet
  facet normal 0 0 0
    outer loop
   vertex 32.55 16.471 -0.43
   vertex 32.55 17.442 -0.1
   vertex 32.55 18.413 -0.43
  endloop
 endfacet
  facet normal 0 0 0
    outer loop
   vertex 32.55 16.471 -0.43
   vertex 32.55 15.501 -0.1
   vertex 32.55 16.471 -0.1
  endloop
 endfacet
  facet normal 0 0 0
    outer loop
   vertex 32.55 14.53 -0.43
   vertex 32.55 14.53 -0.1
   vertex 32.55 15.501 -0.1
  endloop
 endfacet
  facet normal 0 0 0
    outer loop
   vertex 32.55 14.53 -0.43
   vertex 32.55 15.501 -0.1
   vertex 32.55 16.471 -0.43
  endloop
 endfacet
  facet normal 0 0 0
    outer loop
   vertex 29.3 30.06 -0.43
   vertex 29.3 30.06 -0.1
   vertex 29.3 29.089 -0.43
  endloop
 endfacet
  facet normal 0 0 0
    outer loop
   vertex 29.3 29.089 -0.43
   vertex 29.3 28.119 -0.1
   vertex 29.3 28.119 -0.43
  endloop
 endfacet
  facet normal 0 0 0
    outer loop
   vertex 29.3 29.089 -0.43
   vertex 29.3 30.06 -0.1
   vertex 29.3 28.119 -0.1
  endloop
 endfacet
  facet normal 0 0 0
    outer loop
   vertex 29.3 28.119 -0.43
   vertex 29.3 28.119 -0.1
   vertex 29.3 27.148 -0.1
  endloop
 endfacet
  facet normal 0 0 0
    outer loop
   vertex 29.3 26.178 -0.43
   vertex 29.3 27.148 -0.1
   vertex 29.3 26.178 -0.1
  endloop
 endfacet
  facet normal 0 0 0
    outer loop
   vertex 29.3 28.119 -0.43
   vertex 29.3 27.148 -0.1
   vertex 29.3 26.178 -0.43
  endloop
 endfacet
  facet normal 0 0 0
    outer loop
   vertex 29.3 25.207 -0.43
   vertex 29.3 24.236 -0.1
   vertex 29.3 24.236 -0.43
  endloop
 endfacet
  facet normal 0 0 0
    outer loop
   vertex 29.3 26.178 -0.43
   vertex 29.3 26.178 -0.1
   vertex 29.3 25.207 -0.43
  endloop
 endfacet
  facet normal 0 0 0
    outer loop
   vertex 29.3 25.207 -0.43
   vertex 29.3 26.178 -0.1
   vertex 29.3 24.236 -0.1
  endloop
 endfacet
  facet normal 0 0 0
    outer loop
   vertex 29.3 24.236 -0.43
   vertex 29.3 24.236 -0.1
   vertex 29.3 23.266 -0.43
  endloop
 endfacet
  facet normal 0 0 0
    outer loop
   vertex 29.3 23.266 -0.43
   vertex 29.3 22.295 -0.1
   vertex 29.3 22.295 -0.43
  endloop
 endfacet
  facet normal 0 0 0
    outer loop
   vertex 29.3 23.266 -0.43
   vertex 29.3 24.236 -0.1
   vertex 29.3 22.295 -0.1
  endloop
 endfacet
  facet normal 0 0 0
    outer loop
   vertex 29.3 20.354 -0.43
   vertex 29.3 20.354 -0.1
   vertex 29.3 19.383 -0.1
  endloop
 endfacet
  facet normal 0 0 0
    outer loop
   vertex 29.3 18.413 -0.43
   vertex 29.3 19.383 -0.1
   vertex 29.3 18.413 -0.1
  endloop
 endfacet
  facet normal 0 0 0
    outer loop
   vertex 29.3 20.354 -0.43
   vertex 29.3 19.383 -0.1
   vertex 29.3 18.413 -0.43
  endloop
 endfacet
  facet normal 0 0 0
    outer loop
   vertex 29.3 20.354 -0.43
   vertex 29.3 21.324 -0.1
   vertex 29.3 20.354 -0.1
  endloop
 endfacet
  facet normal 0 0 0
    outer loop
   vertex 29.3 22.295 -0.43
   vertex 29.3 22.295 -0.1
   vertex 29.3 21.324 -0.1
  endloop
 endfacet
  facet normal 0 0 0
    outer loop
   vertex 29.3 22.295 -0.43
   vertex 29.3 21.324 -0.1
   vertex 29.3 20.354 -0.43
  endloop
 endfacet
  facet normal 0 0 0
    outer loop
   vertex 29.3 18.413 -0.43
   vertex 29.3 18.413 -0.1
   vertex 29.3 17.442 -0.43
  endloop
 endfacet
  facet normal 0 0 0
    outer loop
   vertex 29.3 17.442 -0.43
   vertex 29.3 16.471 -0.1
   vertex 29.3 16.471 -0.43
  endloop
 endfacet
  facet normal 0 0 0
    outer loop
   vertex 29.3 17.442 -0.43
   vertex 29.3 18.413 -0.1
   vertex 29.3 16.471 -0.1
  endloop
 endfacet
  facet normal 0 0 0
    outer loop
   vertex 29.3 16.471 -0.43
   vertex 29.3 16.471 -0.1
   vertex 29.3 15.501 -0.1
  endloop
 endfacet
  facet normal 0 0 0
    outer loop
   vertex 29.3 14.53 -0.43
   vertex 29.3 15.501 -0.1
   vertex 29.3 14.53 -0.1
  endloop
 endfacet
  facet normal 0 0 0
    outer loop
   vertex 29.3 16.471 -0.43
   vertex 29.3 15.501 -0.1
   vertex 29.3 14.53 -0.43
  endloop
 endfacet
  facet normal 0 0 0
    outer loop
   vertex 29.3 4.824 -0.43
   vertex 29.3 4.824 -0.1
   vertex 29.3 3.853 -0.1
  endloop
 endfacet
  facet normal 0 0 0
    outer loop
   vertex 29.3 2.883 -0.43
   vertex 29.3 3.853 -0.1
   vertex 29.3 2.883 -0.1
  endloop
 endfacet
  facet normal 0 0 0
    outer loop
   vertex 29.3 4.824 -0.43
   vertex 29.3 3.853 -0.1
   vertex 29.3 2.883 -0.43
  endloop
 endfacet
  facet normal 0 0 0
    outer loop
   vertex 29.3 4.824 -0.43
   vertex 29.3 5.794 -0.1
   vertex 29.3 4.824 -0.1
  endloop
 endfacet
  facet normal 0 0 0
    outer loop
   vertex 29.3 6.765 -0.43
   vertex 29.3 6.765 -0.1
   vertex 29.3 5.794 -0.1
  endloop
 endfacet
  facet normal 0 0 0
    outer loop
   vertex 29.3 6.765 -0.43
   vertex 29.3 5.794 -0.1
   vertex 29.3 4.824 -0.43
  endloop
 endfacet
  facet normal 0 0 0
    outer loop
   vertex 29.3 2.883 -0.43
   vertex 29.3 2.883 -0.1
   vertex 29.3 1.912 -0.43
  endloop
 endfacet
  facet normal 0 0 0
    outer loop
   vertex 29.3 1.912 -0.43
   vertex 29.3 0.941 -0.1
   vertex 29.3 0.941 -0.43
  endloop
 endfacet
  facet normal 0 0 0
    outer loop
   vertex 29.3 1.912 -0.43
   vertex 29.3 2.883 -0.1
   vertex 29.3 0.941 -0.1
  endloop
 endfacet
  facet normal 0 0 0
    outer loop
   vertex 29.3 0.941 -0.43
   vertex 29.3 0.941 -0.1
   vertex 29.3 -0.029 -0.1
  endloop
 endfacet
  facet normal 0 0 0
    outer loop
   vertex 29.3 -1 -0.43
   vertex 29.3 -0.029 -0.1
   vertex 29.3 -1 -0.1
  endloop
 endfacet
  facet normal 0 0 0
    outer loop
   vertex 29.3 0.941 -0.43
   vertex 29.3 -0.029 -0.1
   vertex 29.3 -1 -0.43
  endloop
 endfacet
  facet normal 0 0 0
    outer loop
   vertex 29.3 6.765 -0.43
   vertex 29.3 7.736 -0.1
   vertex 29.3 6.765 -0.1
  endloop
 endfacet
  facet normal 0 0 0
    outer loop
   vertex 29.3 8.706 -0.43
   vertex 29.3 8.706 -0.1
   vertex 29.3 7.736 -0.1
  endloop
 endfacet
  facet normal 0 0 0
    outer loop
   vertex 29.3 8.706 -0.43
   vertex 29.3 7.736 -0.1
   vertex 29.3 6.765 -0.43
  endloop
 endfacet
  facet normal 0 0 0
    outer loop
   vertex 29.3 9.677 -0.43
   vertex 29.3 8.706 -0.1
   vertex 29.3 8.706 -0.43
  endloop
 endfacet
  facet normal 0 0 0
    outer loop
   vertex 29.3 10.648 -0.43
   vertex 29.3 10.648 -0.1
   vertex 29.3 9.677 -0.43
  endloop
 endfacet
  facet normal 0 0 0
    outer loop
   vertex 29.3 9.677 -0.43
   vertex 29.3 10.648 -0.1
   vertex 29.3 8.706 -0.1
  endloop
 endfacet
  facet normal 0 0 0
    outer loop
   vertex 29.3 12.589 -0.43
   vertex 29.3 12.589 -0.1
   vertex 29.3 11.618 -0.1
  endloop
 endfacet
  facet normal 0 0 0
    outer loop
   vertex 29.3 10.648 -0.43
   vertex 29.3 11.618 -0.1
   vertex 29.3 10.648 -0.1
  endloop
 endfacet
  facet normal 0 0 0
    outer loop
   vertex 29.3 12.589 -0.43
   vertex 29.3 11.618 -0.1
   vertex 29.3 10.648 -0.43
  endloop
 endfacet
  facet normal 0 0 0
    outer loop
   vertex 29.3 12.589 -0.43
   vertex 29.3 13.559 -0.1
   vertex 29.3 12.589 -0.1
  endloop
 endfacet
  facet normal 0 0 0
    outer loop
   vertex 29.3 14.53 -0.43
   vertex 29.3 14.53 -0.1
   vertex 29.3 13.559 -0.1
  endloop
 endfacet
  facet normal 0 0 0
    outer loop
   vertex 29.3 14.53 -0.43
   vertex 29.3 13.559 -0.1
   vertex 29.3 12.589 -0.43
  endloop
 endfacet
  facet normal 0 0 0
    outer loop
   vertex 38.8 -1 -0.43
   vertex 38.8 -1 -0.1
   vertex 38.8 -0.029 -0.43
  endloop
 endfacet
  facet normal 0 0 0
    outer loop
   vertex 38.8 -0.029 -0.43
   vertex 38.8 0.941 -0.1
   vertex 38.8 0.941 -0.43
  endloop
 endfacet
  facet normal 0 0 0
    outer loop
   vertex 38.8 -0.029 -0.43
   vertex 38.8 -1 -0.1
   vertex 38.8 0.941 -0.1
  endloop
 endfacet
  facet normal 0 0 0
    outer loop
   vertex 38.8 0.941 -0.43
   vertex 38.8 0.941 -0.1
   vertex 38.8 1.912 -0.1
  endloop
 endfacet
  facet normal 0 0 0
    outer loop
   vertex 38.8 2.883 -0.43
   vertex 38.8 1.912 -0.1
   vertex 38.8 2.883 -0.1
  endloop
 endfacet
  facet normal 0 0 0
    outer loop
   vertex 38.8 0.941 -0.43
   vertex 38.8 1.912 -0.1
   vertex 38.8 2.883 -0.43
  endloop
 endfacet
  facet normal 0 0 0
    outer loop
   vertex 38.8 3.853 -0.43
   vertex 38.8 4.824 -0.1
   vertex 38.8 4.824 -0.43
  endloop
 endfacet
  facet normal 0 0 0
    outer loop
   vertex 38.8 2.883 -0.43
   vertex 38.8 2.883 -0.1
   vertex 38.8 3.853 -0.43
  endloop
 endfacet
  facet normal 0 0 0
    outer loop
   vertex 38.8 3.853 -0.43
   vertex 38.8 2.883 -0.1
   vertex 38.8 4.824 -0.1
  endloop
 endfacet
  facet normal 0 0 0
    outer loop
   vertex 38.8 4.824 -0.43
   vertex 38.8 4.824 -0.1
   vertex 38.8 5.794 -0.43
  endloop
 endfacet
  facet normal 0 0 0
    outer loop
   vertex 38.8 5.794 -0.43
   vertex 38.8 6.765 -0.1
   vertex 38.8 6.765 -0.43
  endloop
 endfacet
  facet normal 0 0 0
    outer loop
   vertex 38.8 5.794 -0.43
   vertex 38.8 4.824 -0.1
   vertex 38.8 6.765 -0.1
  endloop
 endfacet
  facet normal 0 0 0
    outer loop
   vertex 38.8 8.706 -0.43
   vertex 38.8 8.706 -0.1
   vertex 38.8 9.677 -0.1
  endloop
 endfacet
  facet normal 0 0 0
    outer loop
   vertex 38.8 10.648 -0.43
   vertex 38.8 9.677 -0.1
   vertex 38.8 10.648 -0.1
  endloop
 endfacet
  facet normal 0 0 0
    outer loop
   vertex 38.8 8.706 -0.43
   vertex 38.8 9.677 -0.1
   vertex 38.8 10.648 -0.43
  endloop
 endfacet
  facet normal 0 0 0
    outer loop
   vertex 38.8 8.706 -0.43
   vertex 38.8 7.736 -0.1
   vertex 38.8 8.706 -0.1
  endloop
 endfacet
  facet normal 0 0 0
    outer loop
   vertex 38.8 6.765 -0.43
   vertex 38.8 6.765 -0.1
   vertex 38.8 7.736 -0.1
  endloop
 endfacet
  facet normal 0 0 0
    outer loop
   vertex 38.8 6.765 -0.43
   vertex 38.8 7.736 -0.1
   vertex 38.8 8.706 -0.43
  endloop
 endfacet
  facet normal 0 0 0
    outer loop
   vertex 38.8 10.648 -0.43
   vertex 38.8 10.648 -0.1
   vertex 38.8 11.618 -0.43
  endloop
 endfacet
  facet normal 0 0 0
    outer loop
   vertex 38.8 11.618 -0.43
   vertex 38.8 12.589 -0.1
   vertex 38.8 12.589 -0.43
  endloop
 endfacet
  facet normal 0 0 0
    outer loop
   vertex 38.8 11.618 -0.43
   vertex 38.8 10.648 -0.1
   vertex 38.8 12.589 -0.1
  endloop
 endfacet
  facet normal 0 0 0
    outer loop
   vertex 38.8 12.589 -0.43
   vertex 38.8 12.589 -0.1
   vertex 38.8 13.559 -0.1
  endloop
 endfacet
  facet normal 0 0 0
    outer loop
   vertex 38.8 14.53 -0.43
   vertex 38.8 13.559 -0.1
   vertex 38.8 14.53 -0.1
  endloop
 endfacet
  facet normal 0 0 0
    outer loop
   vertex 38.8 12.589 -0.43
   vertex 38.8 13.559 -0.1
   vertex 38.8 14.53 -0.43
  endloop
 endfacet
  facet normal 0 0 0
    outer loop
   vertex 38.8 24.236 -0.43
   vertex 38.8 24.236 -0.1
   vertex 38.8 25.207 -0.1
  endloop
 endfacet
  facet normal 0 0 0
    outer loop
   vertex 38.8 26.178 -0.43
   vertex 38.8 25.207 -0.1
   vertex 38.8 26.178 -0.1
  endloop
 endfacet
  facet normal 0 0 0
    outer loop
   vertex 38.8 24.236 -0.43
   vertex 38.8 25.207 -0.1
   vertex 38.8 26.178 -0.43
  endloop
 endfacet
  facet normal 0 0 0
    outer loop
   vertex 38.8 24.236 -0.43
   vertex 38.8 23.266 -0.1
   vertex 38.8 24.236 -0.1
  endloop
 endfacet
  facet normal 0 0 0
    outer loop
   vertex 38.8 22.295 -0.43
   vertex 38.8 22.295 -0.1
   vertex 38.8 23.266 -0.1
  endloop
 endfacet
  facet normal 0 0 0
    outer loop
   vertex 38.8 22.295 -0.43
   vertex 38.8 23.266 -0.1
   vertex 38.8 24.236 -0.43
  endloop
 endfacet
  facet normal 0 0 0
    outer loop
   vertex 38.8 26.178 -0.43
   vertex 38.8 26.178 -0.1
   vertex 38.8 27.148 -0.43
  endloop
 endfacet
  facet normal 0 0 0
    outer loop
   vertex 38.8 27.148 -0.43
   vertex 38.8 28.119 -0.1
   vertex 38.8 28.119 -0.43
  endloop
 endfacet
  facet normal 0 0 0
    outer loop
   vertex 38.8 27.148 -0.43
   vertex 38.8 26.178 -0.1
   vertex 38.8 28.119 -0.1
  endloop
 endfacet
  facet normal 0 0 0
    outer loop
   vertex 38.8 28.119 -0.43
   vertex 38.8 28.119 -0.1
   vertex 38.8 29.089 -0.1
  endloop
 endfacet
  facet normal 0 0 0
    outer loop
   vertex 38.8 30.06 -0.43
   vertex 38.8 29.089 -0.1
   vertex 38.8 30.06 -0.1
  endloop
 endfacet
  facet normal 0 0 0
    outer loop
   vertex 38.8 28.119 -0.43
   vertex 38.8 29.089 -0.1
   vertex 38.8 30.06 -0.43
  endloop
 endfacet
  facet normal 0 0 0
    outer loop
   vertex 38.8 22.295 -0.43
   vertex 38.8 21.324 -0.1
   vertex 38.8 22.295 -0.1
  endloop
 endfacet
  facet normal 0 0 0
    outer loop
   vertex 38.8 20.354 -0.43
   vertex 38.8 20.354 -0.1
   vertex 38.8 21.324 -0.1
  endloop
 endfacet
  facet normal 0 0 0
    outer loop
   vertex 38.8 20.354 -0.43
   vertex 38.8 21.324 -0.1
   vertex 38.8 22.295 -0.43
  endloop
 endfacet
  facet normal 0 0 0
    outer loop
   vertex 38.8 19.383 -0.43
   vertex 38.8 20.354 -0.1
   vertex 38.8 20.354 -0.43
  endloop
 endfacet
  facet normal 0 0 0
    outer loop
   vertex 38.8 18.413 -0.43
   vertex 38.8 18.413 -0.1
   vertex 38.8 19.383 -0.43
  endloop
 endfacet
  facet normal 0 0 0
    outer loop
   vertex 38.8 19.383 -0.43
   vertex 38.8 18.413 -0.1
   vertex 38.8 20.354 -0.1
  endloop
 endfacet
  facet normal 0 0 0
    outer loop
   vertex 38.8 16.471 -0.43
   vertex 38.8 16.471 -0.1
   vertex 38.8 17.442 -0.1
  endloop
 endfacet
  facet normal 0 0 0
    outer loop
   vertex 38.8 18.413 -0.43
   vertex 38.8 17.442 -0.1
   vertex 38.8 18.413 -0.1
  endloop
 endfacet
  facet normal 0 0 0
    outer loop
   vertex 38.8 16.471 -0.43
   vertex 38.8 17.442 -0.1
   vertex 38.8 18.413 -0.43
  endloop
 endfacet
  facet normal 0 0 0
    outer loop
   vertex 38.8 16.471 -0.43
   vertex 38.8 15.501 -0.1
   vertex 38.8 16.471 -0.1
  endloop
 endfacet
  facet normal 0 0 0
    outer loop
   vertex 38.8 14.53 -0.43
   vertex 38.8 14.53 -0.1
   vertex 38.8 15.501 -0.1
  endloop
 endfacet
  facet normal 0 0 0
    outer loop
   vertex 38.8 14.53 -0.43
   vertex 38.8 15.501 -0.1
   vertex 38.8 16.471 -0.43
  endloop
 endfacet
  facet normal 0 0 0
    outer loop
   vertex 35.55 30.06 -0.43
   vertex 35.55 30.06 -0.1
   vertex 35.55 29.089 -0.43
  endloop
 endfacet
  facet normal 0 0 0
    outer loop
   vertex 35.55 29.089 -0.43
   vertex 35.55 28.119 -0.1
   vertex 35.55 28.119 -0.43
  endloop
 endfacet
  facet normal 0 0 0
    outer loop
   vertex 35.55 29.089 -0.43
   vertex 35.55 30.06 -0.1
   vertex 35.55 28.119 -0.1
  endloop
 endfacet
  facet normal 0 0 0
    outer loop
   vertex 35.55 28.119 -0.43
   vertex 35.55 28.119 -0.1
   vertex 35.55 27.148 -0.1
  endloop
 endfacet
  facet normal 0 0 0
    outer loop
   vertex 35.55 26.178 -0.43
   vertex 35.55 27.148 -0.1
   vertex 35.55 26.178 -0.1
  endloop
 endfacet
  facet normal 0 0 0
    outer loop
   vertex 35.55 28.119 -0.43
   vertex 35.55 27.148 -0.1
   vertex 35.55 26.178 -0.43
  endloop
 endfacet
  facet normal 0 0 0
    outer loop
   vertex 35.55 25.207 -0.43
   vertex 35.55 24.236 -0.1
   vertex 35.55 24.236 -0.43
  endloop
 endfacet
  facet normal 0 0 0
    outer loop
   vertex 35.55 26.178 -0.43
   vertex 35.55 26.178 -0.1
   vertex 35.55 25.207 -0.43
  endloop
 endfacet
  facet normal 0 0 0
    outer loop
   vertex 35.55 25.207 -0.43
   vertex 35.55 26.178 -0.1
   vertex 35.55 24.236 -0.1
  endloop
 endfacet
  facet normal 0 0 0
    outer loop
   vertex 35.55 24.236 -0.43
   vertex 35.55 24.236 -0.1
   vertex 35.55 23.266 -0.43
  endloop
 endfacet
  facet normal 0 0 0
    outer loop
   vertex 35.55 23.266 -0.43
   vertex 35.55 22.295 -0.1
   vertex 35.55 22.295 -0.43
  endloop
 endfacet
  facet normal 0 0 0
    outer loop
   vertex 35.55 23.266 -0.43
   vertex 35.55 24.236 -0.1
   vertex 35.55 22.295 -0.1
  endloop
 endfacet
  facet normal 0 0 0
    outer loop
   vertex 35.55 20.354 -0.43
   vertex 35.55 20.354 -0.1
   vertex 35.55 19.383 -0.1
  endloop
 endfacet
  facet normal 0 0 0
    outer loop
   vertex 35.55 18.413 -0.43
   vertex 35.55 19.383 -0.1
   vertex 35.55 18.413 -0.1
  endloop
 endfacet
  facet normal 0 0 0
    outer loop
   vertex 35.55 20.354 -0.43
   vertex 35.55 19.383 -0.1
   vertex 35.55 18.413 -0.43
  endloop
 endfacet
  facet normal 0 0 0
    outer loop
   vertex 35.55 20.354 -0.43
   vertex 35.55 21.324 -0.1
   vertex 35.55 20.354 -0.1
  endloop
 endfacet
  facet normal 0 0 0
    outer loop
   vertex 35.55 22.295 -0.43
   vertex 35.55 22.295 -0.1
   vertex 35.55 21.324 -0.1
  endloop
 endfacet
  facet normal 0 0 0
    outer loop
   vertex 35.55 22.295 -0.43
   vertex 35.55 21.324 -0.1
   vertex 35.55 20.354 -0.43
  endloop
 endfacet
  facet normal 0 0 0
    outer loop
   vertex 35.55 18.413 -0.43
   vertex 35.55 18.413 -0.1
   vertex 35.55 17.442 -0.43
  endloop
 endfacet
  facet normal 0 0 0
    outer loop
   vertex 35.55 17.442 -0.43
   vertex 35.55 16.471 -0.1
   vertex 35.55 16.471 -0.43
  endloop
 endfacet
  facet normal 0 0 0
    outer loop
   vertex 35.55 17.442 -0.43
   vertex 35.55 18.413 -0.1
   vertex 35.55 16.471 -0.1
  endloop
 endfacet
  facet normal 0 0 0
    outer loop
   vertex 35.55 16.471 -0.43
   vertex 35.55 16.471 -0.1
   vertex 35.55 15.501 -0.1
  endloop
 endfacet
  facet normal 0 0 0
    outer loop
   vertex 35.55 14.53 -0.43
   vertex 35.55 15.501 -0.1
   vertex 35.55 14.53 -0.1
  endloop
 endfacet
  facet normal 0 0 0
    outer loop
   vertex 35.55 16.471 -0.43
   vertex 35.55 15.501 -0.1
   vertex 35.55 14.53 -0.43
  endloop
 endfacet
  facet normal 0 0 0
    outer loop
   vertex 35.55 4.824 -0.43
   vertex 35.55 4.824 -0.1
   vertex 35.55 3.853 -0.1
  endloop
 endfacet
  facet normal 0 0 0
    outer loop
   vertex 35.55 2.883 -0.43
   vertex 35.55 3.853 -0.1
   vertex 35.55 2.883 -0.1
  endloop
 endfacet
  facet normal 0 0 0
    outer loop
   vertex 35.55 4.824 -0.43
   vertex 35.55 3.853 -0.1
   vertex 35.55 2.883 -0.43
  endloop
 endfacet
  facet normal 0 0 0
    outer loop
   vertex 35.55 4.824 -0.43
   vertex 35.55 5.794 -0.1
   vertex 35.55 4.824 -0.1
  endloop
 endfacet
  facet normal 0 0 0
    outer loop
   vertex 35.55 6.765 -0.43
   vertex 35.55 6.765 -0.1
   vertex 35.55 5.794 -0.1
  endloop
 endfacet
  facet normal 0 0 0
    outer loop
   vertex 35.55 6.765 -0.43
   vertex 35.55 5.794 -0.1
   vertex 35.55 4.824 -0.43
  endloop
 endfacet
  facet normal 0 0 0
    outer loop
   vertex 35.55 2.883 -0.43
   vertex 35.55 2.883 -0.1
   vertex 35.55 1.912 -0.43
  endloop
 endfacet
  facet normal 0 0 0
    outer loop
   vertex 35.55 1.912 -0.43
   vertex 35.55 0.941 -0.1
   vertex 35.55 0.941 -0.43
  endloop
 endfacet
  facet normal 0 0 0
    outer loop
   vertex 35.55 1.912 -0.43
   vertex 35.55 2.883 -0.1
   vertex 35.55 0.941 -0.1
  endloop
 endfacet
  facet normal 0 0 0
    outer loop
   vertex 35.55 0.941 -0.43
   vertex 35.55 0.941 -0.1
   vertex 35.55 -0.029 -0.1
  endloop
 endfacet
  facet normal 0 0 0
    outer loop
   vertex 35.55 -1 -0.43
   vertex 35.55 -0.029 -0.1
   vertex 35.55 -1 -0.1
  endloop
 endfacet
  facet normal 0 0 0
    outer loop
   vertex 35.55 0.941 -0.43
   vertex 35.55 -0.029 -0.1
   vertex 35.55 -1 -0.43
  endloop
 endfacet
  facet normal 0 0 0
    outer loop
   vertex 35.55 6.765 -0.43
   vertex 35.55 7.736 -0.1
   vertex 35.55 6.765 -0.1
  endloop
 endfacet
  facet normal 0 0 0
    outer loop
   vertex 35.55 8.706 -0.43
   vertex 35.55 8.706 -0.1
   vertex 35.55 7.736 -0.1
  endloop
 endfacet
  facet normal 0 0 0
    outer loop
   vertex 35.55 8.706 -0.43
   vertex 35.55 7.736 -0.1
   vertex 35.55 6.765 -0.43
  endloop
 endfacet
  facet normal 0 0 0
    outer loop
   vertex 35.55 9.677 -0.43
   vertex 35.55 8.706 -0.1
   vertex 35.55 8.706 -0.43
  endloop
 endfacet
  facet normal 0 0 0
    outer loop
   vertex 35.55 10.648 -0.43
   vertex 35.55 10.648 -0.1
   vertex 35.55 9.677 -0.43
  endloop
 endfacet
  facet normal 0 0 0
    outer loop
   vertex 35.55 9.677 -0.43
   vertex 35.55 10.648 -0.1
   vertex 35.55 8.706 -0.1
  endloop
 endfacet
  facet normal 0 0 0
    outer loop
   vertex 35.55 12.589 -0.43
   vertex 35.55 12.589 -0.1
   vertex 35.55 11.618 -0.1
  endloop
 endfacet
  facet normal 0 0 0
    outer loop
   vertex 35.55 10.648 -0.43
   vertex 35.55 11.618 -0.1
   vertex 35.55 10.648 -0.1
  endloop
 endfacet
  facet normal 0 0 0
    outer loop
   vertex 35.55 12.589 -0.43
   vertex 35.55 11.618 -0.1
   vertex 35.55 10.648 -0.43
  endloop
 endfacet
  facet normal 0 0 0
    outer loop
   vertex 35.55 12.589 -0.43
   vertex 35.55 13.559 -0.1
   vertex 35.55 12.589 -0.1
  endloop
 endfacet
  facet normal 0 0 0
    outer loop
   vertex 35.55 14.53 -0.43
   vertex 35.55 14.53 -0.1
   vertex 35.55 13.559 -0.1
  endloop
 endfacet
  facet normal 0 0 0
    outer loop
   vertex 35.55 14.53 -0.43
   vertex 35.55 13.559 -0.1
   vertex 35.55 12.589 -0.43
  endloop
 endfacet
  facet normal 0 0 0
    outer loop
   vertex 45.05 -1 -0.43
   vertex 45.05 -1 -0.1
   vertex 45.05 -0.029 -0.43
  endloop
 endfacet
  facet normal 0 0 0
    outer loop
   vertex 45.05 -0.029 -0.43
   vertex 45.05 0.941 -0.1
   vertex 45.05 0.941 -0.43
  endloop
 endfacet
  facet normal 0 0 0
    outer loop
   vertex 45.05 -0.029 -0.43
   vertex 45.05 -1 -0.1
   vertex 45.05 0.941 -0.1
  endloop
 endfacet
  facet normal 0 0 0
    outer loop
   vertex 45.05 0.941 -0.43
   vertex 45.05 0.941 -0.1
   vertex 45.05 1.912 -0.1
  endloop
 endfacet
  facet normal 0 0 0
    outer loop
   vertex 45.05 2.883 -0.43
   vertex 45.05 1.912 -0.1
   vertex 45.05 2.883 -0.1
  endloop
 endfacet
  facet normal 0 0 0
    outer loop
   vertex 45.05 0.941 -0.43
   vertex 45.05 1.912 -0.1
   vertex 45.05 2.883 -0.43
  endloop
 endfacet
  facet normal 0 0 0
    outer loop
   vertex 45.05 3.853 -0.43
   vertex 45.05 4.824 -0.1
   vertex 45.05 4.824 -0.43
  endloop
 endfacet
  facet normal 0 0 0
    outer loop
   vertex 45.05 2.883 -0.43
   vertex 45.05 2.883 -0.1
   vertex 45.05 3.853 -0.43
  endloop
 endfacet
  facet normal 0 0 0
    outer loop
   vertex 45.05 3.853 -0.43
   vertex 45.05 2.883 -0.1
   vertex 45.05 4.824 -0.1
  endloop
 endfacet
  facet normal 0 0 0
    outer loop
   vertex 45.05 4.824 -0.43
   vertex 45.05 4.824 -0.1
   vertex 45.05 5.794 -0.43
  endloop
 endfacet
  facet normal 0 0 0
    outer loop
   vertex 45.05 5.794 -0.43
   vertex 45.05 6.765 -0.1
   vertex 45.05 6.765 -0.43
  endloop
 endfacet
  facet normal 0 0 0
    outer loop
   vertex 45.05 5.794 -0.43
   vertex 45.05 4.824 -0.1
   vertex 45.05 6.765 -0.1
  endloop
 endfacet
  facet normal 0 0 0
    outer loop
   vertex 45.05 8.706 -0.43
   vertex 45.05 8.706 -0.1
   vertex 45.05 9.677 -0.1
  endloop
 endfacet
  facet normal 0 0 0
    outer loop
   vertex 45.05 10.648 -0.43
   vertex 45.05 9.677 -0.1
   vertex 45.05 10.648 -0.1
  endloop
 endfacet
  facet normal 0 0 0
    outer loop
   vertex 45.05 8.706 -0.43
   vertex 45.05 9.677 -0.1
   vertex 45.05 10.648 -0.43
  endloop
 endfacet
  facet normal 0 0 0
    outer loop
   vertex 45.05 8.706 -0.43
   vertex 45.05 7.736 -0.1
   vertex 45.05 8.706 -0.1
  endloop
 endfacet
  facet normal 0 0 0
    outer loop
   vertex 45.05 6.765 -0.43
   vertex 45.05 6.765 -0.1
   vertex 45.05 7.736 -0.1
  endloop
 endfacet
  facet normal 0 0 0
    outer loop
   vertex 45.05 6.765 -0.43
   vertex 45.05 7.736 -0.1
   vertex 45.05 8.706 -0.43
  endloop
 endfacet
  facet normal 0 0 0
    outer loop
   vertex 45.05 10.648 -0.43
   vertex 45.05 10.648 -0.1
   vertex 45.05 11.618 -0.43
  endloop
 endfacet
  facet normal 0 0 0
    outer loop
   vertex 45.05 11.618 -0.43
   vertex 45.05 12.589 -0.1
   vertex 45.05 12.589 -0.43
  endloop
 endfacet
  facet normal 0 0 0
    outer loop
   vertex 45.05 11.618 -0.43
   vertex 45.05 10.648 -0.1
   vertex 45.05 12.589 -0.1
  endloop
 endfacet
  facet normal 0 0 0
    outer loop
   vertex 45.05 12.589 -0.43
   vertex 45.05 12.589 -0.1
   vertex 45.05 13.559 -0.1
  endloop
 endfacet
  facet normal 0 0 0
    outer loop
   vertex 45.05 14.53 -0.43
   vertex 45.05 13.559 -0.1
   vertex 45.05 14.53 -0.1
  endloop
 endfacet
  facet normal 0 0 0
    outer loop
   vertex 45.05 12.589 -0.43
   vertex 45.05 13.559 -0.1
   vertex 45.05 14.53 -0.43
  endloop
 endfacet
  facet normal 0 0 0
    outer loop
   vertex 45.05 24.236 -0.43
   vertex 45.05 24.236 -0.1
   vertex 45.05 25.207 -0.1
  endloop
 endfacet
  facet normal 0 0 0
    outer loop
   vertex 45.05 26.178 -0.43
   vertex 45.05 25.207 -0.1
   vertex 45.05 26.178 -0.1
  endloop
 endfacet
  facet normal 0 0 0
    outer loop
   vertex 45.05 24.236 -0.43
   vertex 45.05 25.207 -0.1
   vertex 45.05 26.178 -0.43
  endloop
 endfacet
  facet normal 0 0 0
    outer loop
   vertex 45.05 24.236 -0.43
   vertex 45.05 23.266 -0.1
   vertex 45.05 24.236 -0.1
  endloop
 endfacet
  facet normal 0 0 0
    outer loop
   vertex 45.05 22.295 -0.43
   vertex 45.05 22.295 -0.1
   vertex 45.05 23.266 -0.1
  endloop
 endfacet
  facet normal 0 0 0
    outer loop
   vertex 45.05 22.295 -0.43
   vertex 45.05 23.266 -0.1
   vertex 45.05 24.236 -0.43
  endloop
 endfacet
  facet normal 0 0 0
    outer loop
   vertex 45.05 26.178 -0.43
   vertex 45.05 26.178 -0.1
   vertex 45.05 27.148 -0.43
  endloop
 endfacet
  facet normal 0 0 0
    outer loop
   vertex 45.05 27.148 -0.43
   vertex 45.05 28.119 -0.1
   vertex 45.05 28.119 -0.43
  endloop
 endfacet
  facet normal 0 0 0
    outer loop
   vertex 45.05 27.148 -0.43
   vertex 45.05 26.178 -0.1
   vertex 45.05 28.119 -0.1
  endloop
 endfacet
  facet normal 0 0 0
    outer loop
   vertex 45.05 28.119 -0.43
   vertex 45.05 28.119 -0.1
   vertex 45.05 29.089 -0.1
  endloop
 endfacet
  facet normal 0 0 0
    outer loop
   vertex 45.05 30.06 -0.43
   vertex 45.05 29.089 -0.1
   vertex 45.05 30.06 -0.1
  endloop
 endfacet
  facet normal 0 0 0
    outer loop
   vertex 45.05 28.119 -0.43
   vertex 45.05 29.089 -0.1
   vertex 45.05 30.06 -0.43
  endloop
 endfacet
  facet normal 0 0 0
    outer loop
   vertex 45.05 22.295 -0.43
   vertex 45.05 21.324 -0.1
   vertex 45.05 22.295 -0.1
  endloop
 endfacet
  facet normal 0 0 0
    outer loop
   vertex 45.05 20.354 -0.43
   vertex 45.05 20.354 -0.1
   vertex 45.05 21.324 -0.1
  endloop
 endfacet
  facet normal 0 0 0
    outer loop
   vertex 45.05 20.354 -0.43
   vertex 45.05 21.324 -0.1
   vertex 45.05 22.295 -0.43
  endloop
 endfacet
  facet normal 0 0 0
    outer loop
   vertex 45.05 19.383 -0.43
   vertex 45.05 20.354 -0.1
   vertex 45.05 20.354 -0.43
  endloop
 endfacet
  facet normal 0 0 0
    outer loop
   vertex 45.05 18.413 -0.43
   vertex 45.05 18.413 -0.1
   vertex 45.05 19.383 -0.43
  endloop
 endfacet
  facet normal 0 0 0
    outer loop
   vertex 45.05 19.383 -0.43
   vertex 45.05 18.413 -0.1
   vertex 45.05 20.354 -0.1
  endloop
 endfacet
  facet normal 0 0 0
    outer loop
   vertex 45.05 16.471 -0.43
   vertex 45.05 16.471 -0.1
   vertex 45.05 17.442 -0.1
  endloop
 endfacet
  facet normal 0 0 0
    outer loop
   vertex 45.05 18.413 -0.43
   vertex 45.05 17.442 -0.1
   vertex 45.05 18.413 -0.1
  endloop
 endfacet
  facet normal 0 0 0
    outer loop
   vertex 45.05 16.471 -0.43
   vertex 45.05 17.442 -0.1
   vertex 45.05 18.413 -0.43
  endloop
 endfacet
  facet normal 0 0 0
    outer loop
   vertex 45.05 16.471 -0.43
   vertex 45.05 15.501 -0.1
   vertex 45.05 16.471 -0.1
  endloop
 endfacet
  facet normal 0 0 0
    outer loop
   vertex 45.05 14.53 -0.43
   vertex 45.05 14.53 -0.1
   vertex 45.05 15.501 -0.1
  endloop
 endfacet
  facet normal 0 0 0
    outer loop
   vertex 45.05 14.53 -0.43
   vertex 45.05 15.501 -0.1
   vertex 45.05 16.471 -0.43
  endloop
 endfacet
  facet normal 0 0 0
    outer loop
   vertex 41.8 30.06 -0.43
   vertex 41.8 30.06 -0.1
   vertex 41.8 29.089 -0.43
  endloop
 endfacet
  facet normal 0 0 0
    outer loop
   vertex 41.8 29.089 -0.43
   vertex 41.8 28.119 -0.1
   vertex 41.8 28.119 -0.43
  endloop
 endfacet
  facet normal 0 0 0
    outer loop
   vertex 41.8 29.089 -0.43
   vertex 41.8 30.06 -0.1
   vertex 41.8 28.119 -0.1
  endloop
 endfacet
  facet normal 0 0 0
    outer loop
   vertex 41.8 28.119 -0.43
   vertex 41.8 28.119 -0.1
   vertex 41.8 27.148 -0.1
  endloop
 endfacet
  facet normal 0 0 0
    outer loop
   vertex 41.8 26.178 -0.43
   vertex 41.8 27.148 -0.1
   vertex 41.8 26.178 -0.1
  endloop
 endfacet
  facet normal 0 0 0
    outer loop
   vertex 41.8 28.119 -0.43
   vertex 41.8 27.148 -0.1
   vertex 41.8 26.178 -0.43
  endloop
 endfacet
  facet normal 0 0 0
    outer loop
   vertex 41.8 25.207 -0.43
   vertex 41.8 24.236 -0.1
   vertex 41.8 24.236 -0.43
  endloop
 endfacet
  facet normal 0 0 0
    outer loop
   vertex 41.8 26.178 -0.43
   vertex 41.8 26.178 -0.1
   vertex 41.8 25.207 -0.43
  endloop
 endfacet
  facet normal 0 0 0
    outer loop
   vertex 41.8 25.207 -0.43
   vertex 41.8 26.178 -0.1
   vertex 41.8 24.236 -0.1
  endloop
 endfacet
  facet normal 0 0 0
    outer loop
   vertex 41.8 24.236 -0.43
   vertex 41.8 24.236 -0.1
   vertex 41.8 23.266 -0.43
  endloop
 endfacet
  facet normal 0 0 0
    outer loop
   vertex 41.8 23.266 -0.43
   vertex 41.8 22.295 -0.1
   vertex 41.8 22.295 -0.43
  endloop
 endfacet
  facet normal 0 0 0
    outer loop
   vertex 41.8 23.266 -0.43
   vertex 41.8 24.236 -0.1
   vertex 41.8 22.295 -0.1
  endloop
 endfacet
  facet normal 0 0 0
    outer loop
   vertex 41.8 20.354 -0.43
   vertex 41.8 20.354 -0.1
   vertex 41.8 19.383 -0.1
  endloop
 endfacet
  facet normal 0 0 0
    outer loop
   vertex 41.8 18.413 -0.43
   vertex 41.8 19.383 -0.1
   vertex 41.8 18.413 -0.1
  endloop
 endfacet
  facet normal 0 0 0
    outer loop
   vertex 41.8 20.354 -0.43
   vertex 41.8 19.383 -0.1
   vertex 41.8 18.413 -0.43
  endloop
 endfacet
  facet normal 0 0 0
    outer loop
   vertex 41.8 20.354 -0.43
   vertex 41.8 21.324 -0.1
   vertex 41.8 20.354 -0.1
  endloop
 endfacet
  facet normal 0 0 0
    outer loop
   vertex 41.8 22.295 -0.43
   vertex 41.8 22.295 -0.1
   vertex 41.8 21.324 -0.1
  endloop
 endfacet
  facet normal 0 0 0
    outer loop
   vertex 41.8 22.295 -0.43
   vertex 41.8 21.324 -0.1
   vertex 41.8 20.354 -0.43
  endloop
 endfacet
  facet normal 0 0 0
    outer loop
   vertex 41.8 18.413 -0.43
   vertex 41.8 18.413 -0.1
   vertex 41.8 17.442 -0.43
  endloop
 endfacet
  facet normal 0 0 0
    outer loop
   vertex 41.8 17.442 -0.43
   vertex 41.8 16.471 -0.1
   vertex 41.8 16.471 -0.43
  endloop
 endfacet
  facet normal 0 0 0
    outer loop
   vertex 41.8 17.442 -0.43
   vertex 41.8 18.413 -0.1
   vertex 41.8 16.471 -0.1
  endloop
 endfacet
  facet normal 0 0 0
    outer loop
   vertex 41.8 16.471 -0.43
   vertex 41.8 16.471 -0.1
   vertex 41.8 15.501 -0.1
  endloop
 endfacet
  facet normal 0 0 0
    outer loop
   vertex 41.8 14.53 -0.43
   vertex 41.8 15.501 -0.1
   vertex 41.8 14.53 -0.1
  endloop
 endfacet
  facet normal 0 0 0
    outer loop
   vertex 41.8 16.471 -0.43
   vertex 41.8 15.501 -0.1
   vertex 41.8 14.53 -0.43
  endloop
 endfacet
  facet normal 0 0 0
    outer loop
   vertex 41.8 4.824 -0.43
   vertex 41.8 4.824 -0.1
   vertex 41.8 3.853 -0.1
  endloop
 endfacet
  facet normal 0 0 0
    outer loop
   vertex 41.8 2.883 -0.43
   vertex 41.8 3.853 -0.1
   vertex 41.8 2.883 -0.1
  endloop
 endfacet
  facet normal 0 0 0
    outer loop
   vertex 41.8 4.824 -0.43
   vertex 41.8 3.853 -0.1
   vertex 41.8 2.883 -0.43
  endloop
 endfacet
  facet normal 0 0 0
    outer loop
   vertex 41.8 4.824 -0.43
   vertex 41.8 5.794 -0.1
   vertex 41.8 4.824 -0.1
  endloop
 endfacet
  facet normal 0 0 0
    outer loop
   vertex 41.8 6.765 -0.43
   vertex 41.8 6.765 -0.1
   vertex 41.8 5.794 -0.1
  endloop
 endfacet
  facet normal 0 0 0
    outer loop
   vertex 41.8 6.765 -0.43
   vertex 41.8 5.794 -0.1
   vertex 41.8 4.824 -0.43
  endloop
 endfacet
  facet normal 0 0 0
    outer loop
   vertex 41.8 2.883 -0.43
   vertex 41.8 2.883 -0.1
   vertex 41.8 1.912 -0.43
  endloop
 endfacet
  facet normal 0 0 0
    outer loop
   vertex 41.8 1.912 -0.43
   vertex 41.8 0.941 -0.1
   vertex 41.8 0.941 -0.43
  endloop
 endfacet
  facet normal 0 0 0
    outer loop
   vertex 41.8 1.912 -0.43
   vertex 41.8 2.883 -0.1
   vertex 41.8 0.941 -0.1
  endloop
 endfacet
  facet normal 0 0 0
    outer loop
   vertex 41.8 0.941 -0.43
   vertex 41.8 0.941 -0.1
   vertex 41.8 -0.029 -0.1
  endloop
 endfacet
  facet normal 0 0 0
    outer loop
   vertex 41.8 -1 -0.43
   vertex 41.8 -0.029 -0.1
   vertex 41.8 -1 -0.1
  endloop
 endfacet
  facet normal 0 0 0
    outer loop
   vertex 41.8 0.941 -0.43
   vertex 41.8 -0.029 -0.1
   vertex 41.8 -1 -0.43
  endloop
 endfacet
  facet normal 0 0 0
    outer loop
   vertex 41.8 6.765 -0.43
   vertex 41.8 7.736 -0.1
   vertex 41.8 6.765 -0.1
  endloop
 endfacet
  facet normal 0 0 0
    outer loop
   vertex 41.8 8.706 -0.43
   vertex 41.8 8.706 -0.1
   vertex 41.8 7.736 -0.1
  endloop
 endfacet
  facet normal 0 0 0
    outer loop
   vertex 41.8 8.706 -0.43
   vertex 41.8 7.736 -0.1
   vertex 41.8 6.765 -0.43
  endloop
 endfacet
  facet normal 0 0 0
    outer loop
   vertex 41.8 9.677 -0.43
   vertex 41.8 8.706 -0.1
   vertex 41.8 8.706 -0.43
  endloop
 endfacet
  facet normal 0 0 0
    outer loop
   vertex 41.8 10.648 -0.43
   vertex 41.8 10.648 -0.1
   vertex 41.8 9.677 -0.43
  endloop
 endfacet
  facet normal 0 0 0
    outer loop
   vertex 41.8 9.677 -0.43
   vertex 41.8 10.648 -0.1
   vertex 41.8 8.706 -0.1
  endloop
 endfacet
  facet normal 0 0 0
    outer loop
   vertex 41.8 12.589 -0.43
   vertex 41.8 12.589 -0.1
   vertex 41.8 11.618 -0.1
  endloop
 endfacet
  facet normal 0 0 0
    outer loop
   vertex 41.8 10.648 -0.43
   vertex 41.8 11.618 -0.1
   vertex 41.8 10.648 -0.1
  endloop
 endfacet
  facet normal 0 0 0
    outer loop
   vertex 41.8 12.589 -0.43
   vertex 41.8 11.618 -0.1
   vertex 41.8 10.648 -0.43
  endloop
 endfacet
  facet normal 0 0 0
    outer loop
   vertex 41.8 12.589 -0.43
   vertex 41.8 13.559 -0.1
   vertex 41.8 12.589 -0.1
  endloop
 endfacet
  facet normal 0 0 0
    outer loop
   vertex 41.8 14.53 -0.43
   vertex 41.8 14.53 -0.1
   vertex 41.8 13.559 -0.1
  endloop
 endfacet
  facet normal 0 0 0
    outer loop
   vertex 41.8 14.53 -0.43
   vertex 41.8 13.559 -0.1
   vertex 41.8 12.589 -0.43
  endloop
 endfacet
  facet normal 0 0 0
    outer loop
   vertex 51.3 -1 -0.43
   vertex 51.3 -1 -0.1
   vertex 51.3 -0.029 -0.43
  endloop
 endfacet
  facet normal 0 0 0
    outer loop
   vertex 51.3 -0.029 -0.43
   vertex 51.3 0.941 -0.1
   vertex 51.3 0.941 -0.43
  endloop
 endfacet
  facet normal 0 0 0
    outer loop
   vertex 51.3 -0.029 -0.43
   vertex 51.3 -1 -0.1
   vertex 51.3 0.941 -0.1
  endloop
 endfacet
  facet normal 0 0 0
    outer loop
   vertex 51.3 0.941 -0.43
   vertex 51.3 0.941 -0.1
   vertex 51.3 1.912 -0.1
  endloop
 endfacet
  facet normal 0 0 0
    outer loop
   vertex 51.3 2.883 -0.43
   vertex 51.3 1.912 -0.1
   vertex 51.3 2.883 -0.1
  endloop
 endfacet
  facet normal 0 0 0
    outer loop
   vertex 51.3 0.941 -0.43
   vertex 51.3 1.912 -0.1
   vertex 51.3 2.883 -0.43
  endloop
 endfacet
  facet normal 0 0 0
    outer loop
   vertex 51.3 3.853 -0.43
   vertex 51.3 4.824 -0.1
   vertex 51.3 4.824 -0.43
  endloop
 endfacet
  facet normal 0 0 0
    outer loop
   vertex 51.3 2.883 -0.43
   vertex 51.3 2.883 -0.1
   vertex 51.3 3.853 -0.43
  endloop
 endfacet
  facet normal 0 0 0
    outer loop
   vertex 51.3 3.853 -0.43
   vertex 51.3 2.883 -0.1
   vertex 51.3 4.824 -0.1
  endloop
 endfacet
  facet normal 0 0 0
    outer loop
   vertex 51.3 4.824 -0.43
   vertex 51.3 4.824 -0.1
   vertex 51.3 5.794 -0.43
  endloop
 endfacet
  facet normal 0 0 0
    outer loop
   vertex 51.3 5.794 -0.43
   vertex 51.3 6.765 -0.1
   vertex 51.3 6.765 -0.43
  endloop
 endfacet
  facet normal 0 0 0
    outer loop
   vertex 51.3 5.794 -0.43
   vertex 51.3 4.824 -0.1
   vertex 51.3 6.765 -0.1
  endloop
 endfacet
  facet normal 0 0 0
    outer loop
   vertex 51.3 8.706 -0.43
   vertex 51.3 8.706 -0.1
   vertex 51.3 9.677 -0.1
  endloop
 endfacet
  facet normal 0 0 0
    outer loop
   vertex 51.3 10.648 -0.43
   vertex 51.3 9.677 -0.1
   vertex 51.3 10.648 -0.1
  endloop
 endfacet
  facet normal 0 0 0
    outer loop
   vertex 51.3 8.706 -0.43
   vertex 51.3 9.677 -0.1
   vertex 51.3 10.648 -0.43
  endloop
 endfacet
  facet normal 0 0 0
    outer loop
   vertex 51.3 8.706 -0.43
   vertex 51.3 7.736 -0.1
   vertex 51.3 8.706 -0.1
  endloop
 endfacet
  facet normal 0 0 0
    outer loop
   vertex 51.3 6.765 -0.43
   vertex 51.3 6.765 -0.1
   vertex 51.3 7.736 -0.1
  endloop
 endfacet
  facet normal 0 0 0
    outer loop
   vertex 51.3 6.765 -0.43
   vertex 51.3 7.736 -0.1
   vertex 51.3 8.706 -0.43
  endloop
 endfacet
  facet normal 0 0 0
    outer loop
   vertex 51.3 10.648 -0.43
   vertex 51.3 10.648 -0.1
   vertex 51.3 11.618 -0.43
  endloop
 endfacet
  facet normal 0 0 0
    outer loop
   vertex 51.3 11.618 -0.43
   vertex 51.3 12.589 -0.1
   vertex 51.3 12.589 -0.43
  endloop
 endfacet
  facet normal 0 0 0
    outer loop
   vertex 51.3 11.618 -0.43
   vertex 51.3 10.648 -0.1
   vertex 51.3 12.589 -0.1
  endloop
 endfacet
  facet normal 0 0 0
    outer loop
   vertex 51.3 12.589 -0.43
   vertex 51.3 12.589 -0.1
   vertex 51.3 13.559 -0.1
  endloop
 endfacet
  facet normal 0 0 0
    outer loop
   vertex 51.3 14.53 -0.43
   vertex 51.3 13.559 -0.1
   vertex 51.3 14.53 -0.1
  endloop
 endfacet
  facet normal 0 0 0
    outer loop
   vertex 51.3 12.589 -0.43
   vertex 51.3 13.559 -0.1
   vertex 51.3 14.53 -0.43
  endloop
 endfacet
  facet normal 0 0 0
    outer loop
   vertex 51.3 24.236 -0.43
   vertex 51.3 24.236 -0.1
   vertex 51.3 25.207 -0.1
  endloop
 endfacet
  facet normal 0 0 0
    outer loop
   vertex 51.3 26.178 -0.43
   vertex 51.3 25.207 -0.1
   vertex 51.3 26.178 -0.1
  endloop
 endfacet
  facet normal 0 0 0
    outer loop
   vertex 51.3 24.236 -0.43
   vertex 51.3 25.207 -0.1
   vertex 51.3 26.178 -0.43
  endloop
 endfacet
  facet normal 0 0 0
    outer loop
   vertex 51.3 24.236 -0.43
   vertex 51.3 23.266 -0.1
   vertex 51.3 24.236 -0.1
  endloop
 endfacet
  facet normal 0 0 0
    outer loop
   vertex 51.3 22.295 -0.43
   vertex 51.3 22.295 -0.1
   vertex 51.3 23.266 -0.1
  endloop
 endfacet
  facet normal 0 0 0
    outer loop
   vertex 51.3 22.295 -0.43
   vertex 51.3 23.266 -0.1
   vertex 51.3 24.236 -0.43
  endloop
 endfacet
  facet normal 0 0 0
    outer loop
   vertex 51.3 26.178 -0.43
   vertex 51.3 26.178 -0.1
   vertex 51.3 27.148 -0.43
  endloop
 endfacet
  facet normal 0 0 0
    outer loop
   vertex 51.3 27.148 -0.43
   vertex 51.3 28.119 -0.1
   vertex 51.3 28.119 -0.43
  endloop
 endfacet
  facet normal 0 0 0
    outer loop
   vertex 51.3 27.148 -0.43
   vertex 51.3 26.178 -0.1
   vertex 51.3 28.119 -0.1
  endloop
 endfacet
  facet normal 0 0 0
    outer loop
   vertex 51.3 28.119 -0.43
   vertex 51.3 28.119 -0.1
   vertex 51.3 29.089 -0.1
  endloop
 endfacet
  facet normal 0 0 0
    outer loop
   vertex 51.3 30.06 -0.43
   vertex 51.3 29.089 -0.1
   vertex 51.3 30.06 -0.1
  endloop
 endfacet
  facet normal 0 0 0
    outer loop
   vertex 51.3 28.119 -0.43
   vertex 51.3 29.089 -0.1
   vertex 51.3 30.06 -0.43
  endloop
 endfacet
  facet normal 0 0 0
    outer loop
   vertex 51.3 22.295 -0.43
   vertex 51.3 21.324 -0.1
   vertex 51.3 22.295 -0.1
  endloop
 endfacet
  facet normal 0 0 0
    outer loop
   vertex 51.3 20.354 -0.43
   vertex 51.3 20.354 -0.1
   vertex 51.3 21.324 -0.1
  endloop
 endfacet
  facet normal 0 0 0
    outer loop
   vertex 51.3 20.354 -0.43
   vertex 51.3 21.324 -0.1
   vertex 51.3 22.295 -0.43
  endloop
 endfacet
  facet normal 0 0 0
    outer loop
   vertex 51.3 19.383 -0.43
   vertex 51.3 20.354 -0.1
   vertex 51.3 20.354 -0.43
  endloop
 endfacet
  facet normal 0 0 0
    outer loop
   vertex 51.3 18.413 -0.43
   vertex 51.3 18.413 -0.1
   vertex 51.3 19.383 -0.43
  endloop
 endfacet
  facet normal 0 0 0
    outer loop
   vertex 51.3 19.383 -0.43
   vertex 51.3 18.413 -0.1
   vertex 51.3 20.354 -0.1
  endloop
 endfacet
  facet normal 0 0 0
    outer loop
   vertex 51.3 16.471 -0.43
   vertex 51.3 16.471 -0.1
   vertex 51.3 17.442 -0.1
  endloop
 endfacet
  facet normal 0 0 0
    outer loop
   vertex 51.3 18.413 -0.43
   vertex 51.3 17.442 -0.1
   vertex 51.3 18.413 -0.1
  endloop
 endfacet
  facet normal 0 0 0
    outer loop
   vertex 51.3 16.471 -0.43
   vertex 51.3 17.442 -0.1
   vertex 51.3 18.413 -0.43
  endloop
 endfacet
  facet normal 0 0 0
    outer loop
   vertex 51.3 16.471 -0.43
   vertex 51.3 15.501 -0.1
   vertex 51.3 16.471 -0.1
  endloop
 endfacet
  facet normal 0 0 0
    outer loop
   vertex 51.3 14.53 -0.43
   vertex 51.3 14.53 -0.1
   vertex 51.3 15.501 -0.1
  endloop
 endfacet
  facet normal 0 0 0
    outer loop
   vertex 51.3 14.53 -0.43
   vertex 51.3 15.501 -0.1
   vertex 51.3 16.471 -0.43
  endloop
 endfacet
  facet normal 0 0 0
    outer loop
   vertex 48.05 30.06 -0.43
   vertex 48.05 30.06 -0.1
   vertex 48.05 29.089 -0.43
  endloop
 endfacet
  facet normal 0 0 0
    outer loop
   vertex 48.05 29.089 -0.43
   vertex 48.05 28.119 -0.1
   vertex 48.05 28.119 -0.43
  endloop
 endfacet
  facet normal 0 0 0
    outer loop
   vertex 48.05 29.089 -0.43
   vertex 48.05 30.06 -0.1
   vertex 48.05 28.119 -0.1
  endloop
 endfacet
  facet normal 0 0 0
    outer loop
   vertex 48.05 28.119 -0.43
   vertex 48.05 28.119 -0.1
   vertex 48.05 27.148 -0.1
  endloop
 endfacet
  facet normal 0 0 0
    outer loop
   vertex 48.05 26.178 -0.43
   vertex 48.05 27.148 -0.1
   vertex 48.05 26.178 -0.1
  endloop
 endfacet
  facet normal 0 0 0
    outer loop
   vertex 48.05 28.119 -0.43
   vertex 48.05 27.148 -0.1
   vertex 48.05 26.178 -0.43
  endloop
 endfacet
  facet normal 0 0 0
    outer loop
   vertex 48.05 25.207 -0.43
   vertex 48.05 24.236 -0.1
   vertex 48.05 24.236 -0.43
  endloop
 endfacet
  facet normal 0 0 0
    outer loop
   vertex 48.05 26.178 -0.43
   vertex 48.05 26.178 -0.1
   vertex 48.05 25.207 -0.43
  endloop
 endfacet
  facet normal 0 0 0
    outer loop
   vertex 48.05 25.207 -0.43
   vertex 48.05 26.178 -0.1
   vertex 48.05 24.236 -0.1
  endloop
 endfacet
  facet normal 0 0 0
    outer loop
   vertex 48.05 24.236 -0.43
   vertex 48.05 24.236 -0.1
   vertex 48.05 23.266 -0.43
  endloop
 endfacet
  facet normal 0 0 0
    outer loop
   vertex 48.05 23.266 -0.43
   vertex 48.05 22.295 -0.1
   vertex 48.05 22.295 -0.43
  endloop
 endfacet
  facet normal 0 0 0
    outer loop
   vertex 48.05 23.266 -0.43
   vertex 48.05 24.236 -0.1
   vertex 48.05 22.295 -0.1
  endloop
 endfacet
  facet normal 0 0 0
    outer loop
   vertex 48.05 20.354 -0.43
   vertex 48.05 20.354 -0.1
   vertex 48.05 19.383 -0.1
  endloop
 endfacet
  facet normal 0 0 0
    outer loop
   vertex 48.05 18.413 -0.43
   vertex 48.05 19.383 -0.1
   vertex 48.05 18.413 -0.1
  endloop
 endfacet
  facet normal 0 0 0
    outer loop
   vertex 48.05 20.354 -0.43
   vertex 48.05 19.383 -0.1
   vertex 48.05 18.413 -0.43
  endloop
 endfacet
  facet normal 0 0 0
    outer loop
   vertex 48.05 20.354 -0.43
   vertex 48.05 21.324 -0.1
   vertex 48.05 20.354 -0.1
  endloop
 endfacet
  facet normal 0 0 0
    outer loop
   vertex 48.05 22.295 -0.43
   vertex 48.05 22.295 -0.1
   vertex 48.05 21.324 -0.1
  endloop
 endfacet
  facet normal 0 0 0
    outer loop
   vertex 48.05 22.295 -0.43
   vertex 48.05 21.324 -0.1
   vertex 48.05 20.354 -0.43
  endloop
 endfacet
  facet normal 0 0 0
    outer loop
   vertex 48.05 18.413 -0.43
   vertex 48.05 18.413 -0.1
   vertex 48.05 17.442 -0.43
  endloop
 endfacet
  facet normal 0 0 0
    outer loop
   vertex 48.05 17.442 -0.43
   vertex 48.05 16.471 -0.1
   vertex 48.05 16.471 -0.43
  endloop
 endfacet
  facet normal 0 0 0
    outer loop
   vertex 48.05 17.442 -0.43
   vertex 48.05 18.413 -0.1
   vertex 48.05 16.471 -0.1
  endloop
 endfacet
  facet normal 0 0 0
    outer loop
   vertex 48.05 16.471 -0.43
   vertex 48.05 16.471 -0.1
   vertex 48.05 15.501 -0.1
  endloop
 endfacet
  facet normal 0 0 0
    outer loop
   vertex 48.05 14.53 -0.43
   vertex 48.05 15.501 -0.1
   vertex 48.05 14.53 -0.1
  endloop
 endfacet
  facet normal 0 0 0
    outer loop
   vertex 48.05 16.471 -0.43
   vertex 48.05 15.501 -0.1
   vertex 48.05 14.53 -0.43
  endloop
 endfacet
  facet normal 0 0 0
    outer loop
   vertex 48.05 4.824 -0.43
   vertex 48.05 4.824 -0.1
   vertex 48.05 3.853 -0.1
  endloop
 endfacet
  facet normal 0 0 0
    outer loop
   vertex 48.05 2.883 -0.43
   vertex 48.05 3.853 -0.1
   vertex 48.05 2.883 -0.1
  endloop
 endfacet
  facet normal 0 0 0
    outer loop
   vertex 48.05 4.824 -0.43
   vertex 48.05 3.853 -0.1
   vertex 48.05 2.883 -0.43
  endloop
 endfacet
  facet normal 0 0 0
    outer loop
   vertex 48.05 4.824 -0.43
   vertex 48.05 5.794 -0.1
   vertex 48.05 4.824 -0.1
  endloop
 endfacet
  facet normal 0 0 0
    outer loop
   vertex 48.05 6.765 -0.43
   vertex 48.05 6.765 -0.1
   vertex 48.05 5.794 -0.1
  endloop
 endfacet
  facet normal 0 0 0
    outer loop
   vertex 48.05 6.765 -0.43
   vertex 48.05 5.794 -0.1
   vertex 48.05 4.824 -0.43
  endloop
 endfacet
  facet normal 0 0 0
    outer loop
   vertex 48.05 2.883 -0.43
   vertex 48.05 2.883 -0.1
   vertex 48.05 1.912 -0.43
  endloop
 endfacet
  facet normal 0 0 0
    outer loop
   vertex 48.05 1.912 -0.43
   vertex 48.05 0.941 -0.1
   vertex 48.05 0.941 -0.43
  endloop
 endfacet
  facet normal 0 0 0
    outer loop
   vertex 48.05 1.912 -0.43
   vertex 48.05 2.883 -0.1
   vertex 48.05 0.941 -0.1
  endloop
 endfacet
  facet normal 0 0 0
    outer loop
   vertex 48.05 0.941 -0.43
   vertex 48.05 0.941 -0.1
   vertex 48.05 -0.029 -0.1
  endloop
 endfacet
  facet normal 0 0 0
    outer loop
   vertex 48.05 -1 -0.43
   vertex 48.05 -0.029 -0.1
   vertex 48.05 -1 -0.1
  endloop
 endfacet
  facet normal 0 0 0
    outer loop
   vertex 48.05 0.941 -0.43
   vertex 48.05 -0.029 -0.1
   vertex 48.05 -1 -0.43
  endloop
 endfacet
  facet normal 0 0 0
    outer loop
   vertex 48.05 6.765 -0.43
   vertex 48.05 7.736 -0.1
   vertex 48.05 6.765 -0.1
  endloop
 endfacet
  facet normal 0 0 0
    outer loop
   vertex 48.05 8.706 -0.43
   vertex 48.05 8.706 -0.1
   vertex 48.05 7.736 -0.1
  endloop
 endfacet
  facet normal 0 0 0
    outer loop
   vertex 48.05 8.706 -0.43
   vertex 48.05 7.736 -0.1
   vertex 48.05 6.765 -0.43
  endloop
 endfacet
  facet normal 0 0 0
    outer loop
   vertex 48.05 9.677 -0.43
   vertex 48.05 8.706 -0.1
   vertex 48.05 8.706 -0.43
  endloop
 endfacet
  facet normal 0 0 0
    outer loop
   vertex 48.05 10.648 -0.43
   vertex 48.05 10.648 -0.1
   vertex 48.05 9.677 -0.43
  endloop
 endfacet
  facet normal 0 0 0
    outer loop
   vertex 48.05 9.677 -0.43
   vertex 48.05 10.648 -0.1
   vertex 48.05 8.706 -0.1
  endloop
 endfacet
  facet normal 0 0 0
    outer loop
   vertex 48.05 12.589 -0.43
   vertex 48.05 12.589 -0.1
   vertex 48.05 11.618 -0.1
  endloop
 endfacet
  facet normal 0 0 0
    outer loop
   vertex 48.05 10.648 -0.43
   vertex 48.05 11.618 -0.1
   vertex 48.05 10.648 -0.1
  endloop
 endfacet
  facet normal 0 0 0
    outer loop
   vertex 48.05 12.589 -0.43
   vertex 48.05 11.618 -0.1
   vertex 48.05 10.648 -0.43
  endloop
 endfacet
  facet normal 0 0 0
    outer loop
   vertex 48.05 12.589 -0.43
   vertex 48.05 13.559 -0.1
   vertex 48.05 12.589 -0.1
  endloop
 endfacet
  facet normal 0 0 0
    outer loop
   vertex 48.05 14.53 -0.43
   vertex 48.05 14.53 -0.1
   vertex 48.05 13.559 -0.1
  endloop
 endfacet
  facet normal 0 0 0
    outer loop
   vertex 48.05 14.53 -0.43
   vertex 48.05 13.559 -0.1
   vertex 48.05 12.589 -0.43
  endloop
 endfacet
  facet normal 0 0 0
    outer loop
   vertex 56.6 -1 -0.43
   vertex 56.6 -1 -0.1
   vertex 56.6 -0.029 -0.43
  endloop
 endfacet
  facet normal 0 0 0
    outer loop
   vertex 56.6 -0.029 -0.43
   vertex 56.6 0.941 -0.1
   vertex 56.6 0.941 -0.43
  endloop
 endfacet
  facet normal 0 0 0
    outer loop
   vertex 56.6 -0.029 -0.43
   vertex 56.6 -1 -0.1
   vertex 56.6 0.941 -0.1
  endloop
 endfacet
  facet normal 0 0 0
    outer loop
   vertex 56.6 0.941 -0.43
   vertex 56.6 0.941 -0.1
   vertex 56.6 1.912 -0.1
  endloop
 endfacet
  facet normal 0 0 0
    outer loop
   vertex 56.6 2.883 -0.43
   vertex 56.6 1.912 -0.1
   vertex 56.6 2.883 -0.1
  endloop
 endfacet
  facet normal 0 0 0
    outer loop
   vertex 56.6 0.941 -0.43
   vertex 56.6 1.912 -0.1
   vertex 56.6 2.883 -0.43
  endloop
 endfacet
  facet normal 0 0 0
    outer loop
   vertex 56.6 3.853 -0.43
   vertex 56.6 4.824 -0.1
   vertex 56.6 4.824 -0.43
  endloop
 endfacet
  facet normal 0 0 0
    outer loop
   vertex 56.6 2.883 -0.43
   vertex 56.6 2.883 -0.1
   vertex 56.6 3.853 -0.43
  endloop
 endfacet
  facet normal 0 0 0
    outer loop
   vertex 56.6 3.853 -0.43
   vertex 56.6 2.883 -0.1
   vertex 56.6 4.824 -0.1
  endloop
 endfacet
  facet normal 0 0 0
    outer loop
   vertex 56.6 4.824 -0.43
   vertex 56.6 4.824 -0.1
   vertex 56.6 5.794 -0.43
  endloop
 endfacet
  facet normal 0 0 0
    outer loop
   vertex 56.6 5.794 -0.43
   vertex 56.6 6.765 -0.1
   vertex 56.6 6.765 -0.43
  endloop
 endfacet
  facet normal 0 0 0
    outer loop
   vertex 56.6 5.794 -0.43
   vertex 56.6 4.824 -0.1
   vertex 56.6 6.765 -0.1
  endloop
 endfacet
  facet normal 0 0 0
    outer loop
   vertex 56.6 8.706 -0.43
   vertex 56.6 8.706 -0.1
   vertex 56.6 9.677 -0.1
  endloop
 endfacet
  facet normal 0 0 0
    outer loop
   vertex 56.6 10.648 -0.43
   vertex 56.6 9.677 -0.1
   vertex 56.6 10.648 -0.1
  endloop
 endfacet
  facet normal 0 0 0
    outer loop
   vertex 56.6 8.706 -0.43
   vertex 56.6 9.677 -0.1
   vertex 56.6 10.648 -0.43
  endloop
 endfacet
  facet normal 0 0 0
    outer loop
   vertex 56.6 8.706 -0.43
   vertex 56.6 7.736 -0.1
   vertex 56.6 8.706 -0.1
  endloop
 endfacet
  facet normal 0 0 0
    outer loop
   vertex 56.6 6.765 -0.43
   vertex 56.6 6.765 -0.1
   vertex 56.6 7.736 -0.1
  endloop
 endfacet
  facet normal 0 0 0
    outer loop
   vertex 56.6 6.765 -0.43
   vertex 56.6 7.736 -0.1
   vertex 56.6 8.706 -0.43
  endloop
 endfacet
  facet normal 0 0 0
    outer loop
   vertex 56.6 10.648 -0.43
   vertex 56.6 10.648 -0.1
   vertex 56.6 11.618 -0.43
  endloop
 endfacet
  facet normal 0 0 0
    outer loop
   vertex 56.6 11.618 -0.43
   vertex 56.6 12.589 -0.1
   vertex 56.6 12.589 -0.43
  endloop
 endfacet
  facet normal 0 0 0
    outer loop
   vertex 56.6 11.618 -0.43
   vertex 56.6 10.648 -0.1
   vertex 56.6 12.589 -0.1
  endloop
 endfacet
  facet normal 0 0 0
    outer loop
   vertex 56.6 12.589 -0.43
   vertex 56.6 12.589 -0.1
   vertex 56.6 13.559 -0.1
  endloop
 endfacet
  facet normal 0 0 0
    outer loop
   vertex 56.6 14.53 -0.43
   vertex 56.6 13.559 -0.1
   vertex 56.6 14.53 -0.1
  endloop
 endfacet
  facet normal 0 0 0
    outer loop
   vertex 56.6 12.589 -0.43
   vertex 56.6 13.559 -0.1
   vertex 56.6 14.53 -0.43
  endloop
 endfacet
  facet normal 0 0 0
    outer loop
   vertex 56.6 24.236 -0.43
   vertex 56.6 24.236 -0.1
   vertex 56.6 25.207 -0.1
  endloop
 endfacet
  facet normal 0 0 0
    outer loop
   vertex 56.6 26.178 -0.43
   vertex 56.6 25.207 -0.1
   vertex 56.6 26.178 -0.1
  endloop
 endfacet
  facet normal 0 0 0
    outer loop
   vertex 56.6 24.236 -0.43
   vertex 56.6 25.207 -0.1
   vertex 56.6 26.178 -0.43
  endloop
 endfacet
  facet normal 0 0 0
    outer loop
   vertex 56.6 24.236 -0.43
   vertex 56.6 23.266 -0.1
   vertex 56.6 24.236 -0.1
  endloop
 endfacet
  facet normal 0 0 0
    outer loop
   vertex 56.6 22.295 -0.43
   vertex 56.6 22.295 -0.1
   vertex 56.6 23.266 -0.1
  endloop
 endfacet
  facet normal 0 0 0
    outer loop
   vertex 56.6 22.295 -0.43
   vertex 56.6 23.266 -0.1
   vertex 56.6 24.236 -0.43
  endloop
 endfacet
  facet normal 0 0 0
    outer loop
   vertex 56.6 26.178 -0.43
   vertex 56.6 26.178 -0.1
   vertex 56.6 27.148 -0.43
  endloop
 endfacet
  facet normal 0 0 0
    outer loop
   vertex 56.6 27.148 -0.43
   vertex 56.6 28.119 -0.1
   vertex 56.6 28.119 -0.43
  endloop
 endfacet
  facet normal 0 0 0
    outer loop
   vertex 56.6 27.148 -0.43
   vertex 56.6 26.178 -0.1
   vertex 56.6 28.119 -0.1
  endloop
 endfacet
  facet normal 0 0 0
    outer loop
   vertex 56.6 28.119 -0.43
   vertex 56.6 28.119 -0.1
   vertex 56.6 29.089 -0.1
  endloop
 endfacet
  facet normal 0 0 0
    outer loop
   vertex 56.6 30.06 -0.43
   vertex 56.6 29.089 -0.1
   vertex 56.6 30.06 -0.1
  endloop
 endfacet
  facet normal 0 0 0
    outer loop
   vertex 56.6 28.119 -0.43
   vertex 56.6 29.089 -0.1
   vertex 56.6 30.06 -0.43
  endloop
 endfacet
  facet normal 0 0 0
    outer loop
   vertex 56.6 22.295 -0.43
   vertex 56.6 21.324 -0.1
   vertex 56.6 22.295 -0.1
  endloop
 endfacet
  facet normal 0 0 0
    outer loop
   vertex 56.6 20.354 -0.43
   vertex 56.6 20.354 -0.1
   vertex 56.6 21.324 -0.1
  endloop
 endfacet
  facet normal 0 0 0
    outer loop
   vertex 56.6 20.354 -0.43
   vertex 56.6 21.324 -0.1
   vertex 56.6 22.295 -0.43
  endloop
 endfacet
  facet normal 0 0 0
    outer loop
   vertex 56.6 19.383 -0.43
   vertex 56.6 20.354 -0.1
   vertex 56.6 20.354 -0.43
  endloop
 endfacet
  facet normal 0 0 0
    outer loop
   vertex 56.6 18.413 -0.43
   vertex 56.6 18.413 -0.1
   vertex 56.6 19.383 -0.43
  endloop
 endfacet
  facet normal 0 0 0
    outer loop
   vertex 56.6 19.383 -0.43
   vertex 56.6 18.413 -0.1
   vertex 56.6 20.354 -0.1
  endloop
 endfacet
  facet normal 0 0 0
    outer loop
   vertex 56.6 16.471 -0.43
   vertex 56.6 16.471 -0.1
   vertex 56.6 17.442 -0.1
  endloop
 endfacet
  facet normal 0 0 0
    outer loop
   vertex 56.6 18.413 -0.43
   vertex 56.6 17.442 -0.1
   vertex 56.6 18.413 -0.1
  endloop
 endfacet
  facet normal 0 0 0
    outer loop
   vertex 56.6 16.471 -0.43
   vertex 56.6 17.442 -0.1
   vertex 56.6 18.413 -0.43
  endloop
 endfacet
  facet normal 0 0 0
    outer loop
   vertex 56.6 16.471 -0.43
   vertex 56.6 15.501 -0.1
   vertex 56.6 16.471 -0.1
  endloop
 endfacet
  facet normal 0 0 0
    outer loop
   vertex 56.6 14.53 -0.43
   vertex 56.6 14.53 -0.1
   vertex 56.6 15.501 -0.1
  endloop
 endfacet
  facet normal 0 0 0
    outer loop
   vertex 56.6 14.53 -0.43
   vertex 56.6 15.501 -0.1
   vertex 56.6 16.471 -0.43
  endloop
 endfacet
  facet normal 0 0 0
    outer loop
   vertex 54.3 30.06 -0.43
   vertex 54.3 30.06 -0.1
   vertex 54.3 29.089 -0.43
  endloop
 endfacet
  facet normal 0 0 0
    outer loop
   vertex 54.3 29.089 -0.43
   vertex 54.3 28.119 -0.1
   vertex 54.3 28.119 -0.43
  endloop
 endfacet
  facet normal 0 0 0
    outer loop
   vertex 54.3 29.089 -0.43
   vertex 54.3 30.06 -0.1
   vertex 54.3 28.119 -0.1
  endloop
 endfacet
  facet normal 0 0 0
    outer loop
   vertex 54.3 28.119 -0.43
   vertex 54.3 28.119 -0.1
   vertex 54.3 27.148 -0.1
  endloop
 endfacet
  facet normal 0 0 0
    outer loop
   vertex 54.3 26.178 -0.43
   vertex 54.3 27.148 -0.1
   vertex 54.3 26.178 -0.1
  endloop
 endfacet
  facet normal 0 0 0
    outer loop
   vertex 54.3 28.119 -0.43
   vertex 54.3 27.148 -0.1
   vertex 54.3 26.178 -0.43
  endloop
 endfacet
  facet normal 0 0 0
    outer loop
   vertex 54.3 25.207 -0.43
   vertex 54.3 24.236 -0.1
   vertex 54.3 24.236 -0.43
  endloop
 endfacet
  facet normal 0 0 0
    outer loop
   vertex 54.3 26.178 -0.43
   vertex 54.3 26.178 -0.1
   vertex 54.3 25.207 -0.43
  endloop
 endfacet
  facet normal 0 0 0
    outer loop
   vertex 54.3 25.207 -0.43
   vertex 54.3 26.178 -0.1
   vertex 54.3 24.236 -0.1
  endloop
 endfacet
  facet normal 0 0 0
    outer loop
   vertex 54.3 24.236 -0.43
   vertex 54.3 24.236 -0.1
   vertex 54.3 23.266 -0.43
  endloop
 endfacet
  facet normal 0 0 0
    outer loop
   vertex 54.3 23.266 -0.43
   vertex 54.3 22.295 -0.1
   vertex 54.3 22.295 -0.43
  endloop
 endfacet
  facet normal 0 0 0
    outer loop
   vertex 54.3 23.266 -0.43
   vertex 54.3 24.236 -0.1
   vertex 54.3 22.295 -0.1
  endloop
 endfacet
  facet normal 0 0 0
    outer loop
   vertex 54.3 20.354 -0.43
   vertex 54.3 20.354 -0.1
   vertex 54.3 19.383 -0.1
  endloop
 endfacet
  facet normal 0 0 0
    outer loop
   vertex 54.3 18.413 -0.43
   vertex 54.3 19.383 -0.1
   vertex 54.3 18.413 -0.1
  endloop
 endfacet
  facet normal 0 0 0
    outer loop
   vertex 54.3 20.354 -0.43
   vertex 54.3 19.383 -0.1
   vertex 54.3 18.413 -0.43
  endloop
 endfacet
  facet normal 0 0 0
    outer loop
   vertex 54.3 20.354 -0.43
   vertex 54.3 21.324 -0.1
   vertex 54.3 20.354 -0.1
  endloop
 endfacet
  facet normal 0 0 0
    outer loop
   vertex 54.3 22.295 -0.43
   vertex 54.3 22.295 -0.1
   vertex 54.3 21.324 -0.1
  endloop
 endfacet
  facet normal 0 0 0
    outer loop
   vertex 54.3 22.295 -0.43
   vertex 54.3 21.324 -0.1
   vertex 54.3 20.354 -0.43
  endloop
 endfacet
  facet normal 0 0 0
    outer loop
   vertex 54.3 18.413 -0.43
   vertex 54.3 18.413 -0.1
   vertex 54.3 17.442 -0.43
  endloop
 endfacet
  facet normal 0 0 0
    outer loop
   vertex 54.3 17.442 -0.43
   vertex 54.3 16.471 -0.1
   vertex 54.3 16.471 -0.43
  endloop
 endfacet
  facet normal 0 0 0
    outer loop
   vertex 54.3 17.442 -0.43
   vertex 54.3 18.413 -0.1
   vertex 54.3 16.471 -0.1
  endloop
 endfacet
  facet normal 0 0 0
    outer loop
   vertex 54.3 16.471 -0.43
   vertex 54.3 16.471 -0.1
   vertex 54.3 15.501 -0.1
  endloop
 endfacet
  facet normal 0 0 0
    outer loop
   vertex 54.3 14.53 -0.43
   vertex 54.3 15.501 -0.1
   vertex 54.3 14.53 -0.1
  endloop
 endfacet
  facet normal 0 0 0
    outer loop
   vertex 54.3 16.471 -0.43
   vertex 54.3 15.501 -0.1
   vertex 54.3 14.53 -0.43
  endloop
 endfacet
  facet normal 0 0 0
    outer loop
   vertex 54.3 4.824 -0.43
   vertex 54.3 4.824 -0.1
   vertex 54.3 3.853 -0.1
  endloop
 endfacet
  facet normal 0 0 0
    outer loop
   vertex 54.3 2.883 -0.43
   vertex 54.3 3.853 -0.1
   vertex 54.3 2.883 -0.1
  endloop
 endfacet
  facet normal 0 0 0
    outer loop
   vertex 54.3 4.824 -0.43
   vertex 54.3 3.853 -0.1
   vertex 54.3 2.883 -0.43
  endloop
 endfacet
  facet normal 0 0 0
    outer loop
   vertex 54.3 4.824 -0.43
   vertex 54.3 5.794 -0.1
   vertex 54.3 4.824 -0.1
  endloop
 endfacet
  facet normal 0 0 0
    outer loop
   vertex 54.3 6.765 -0.43
   vertex 54.3 6.765 -0.1
   vertex 54.3 5.794 -0.1
  endloop
 endfacet
  facet normal 0 0 0
    outer loop
   vertex 54.3 6.765 -0.43
   vertex 54.3 5.794 -0.1
   vertex 54.3 4.824 -0.43
  endloop
 endfacet
  facet normal 0 0 0
    outer loop
   vertex 54.3 2.883 -0.43
   vertex 54.3 2.883 -0.1
   vertex 54.3 1.912 -0.43
  endloop
 endfacet
  facet normal 0 0 0
    outer loop
   vertex 54.3 1.912 -0.43
   vertex 54.3 0.941 -0.1
   vertex 54.3 0.941 -0.43
  endloop
 endfacet
  facet normal 0 0 0
    outer loop
   vertex 54.3 1.912 -0.43
   vertex 54.3 2.883 -0.1
   vertex 54.3 0.941 -0.1
  endloop
 endfacet
  facet normal 0 0 0
    outer loop
   vertex 54.3 0.941 -0.43
   vertex 54.3 0.941 -0.1
   vertex 54.3 -0.029 -0.1
  endloop
 endfacet
  facet normal 0 0 0
    outer loop
   vertex 54.3 -1 -0.43
   vertex 54.3 -0.029 -0.1
   vertex 54.3 -1 -0.1
  endloop
 endfacet
  facet normal 0 0 0
    outer loop
   vertex 54.3 0.941 -0.43
   vertex 54.3 -0.029 -0.1
   vertex 54.3 -1 -0.43
  endloop
 endfacet
  facet normal 0 0 0
    outer loop
   vertex 54.3 6.765 -0.43
   vertex 54.3 7.736 -0.1
   vertex 54.3 6.765 -0.1
  endloop
 endfacet
  facet normal 0 0 0
    outer loop
   vertex 54.3 8.706 -0.43
   vertex 54.3 8.706 -0.1
   vertex 54.3 7.736 -0.1
  endloop
 endfacet
  facet normal 0 0 0
    outer loop
   vertex 54.3 8.706 -0.43
   vertex 54.3 7.736 -0.1
   vertex 54.3 6.765 -0.43
  endloop
 endfacet
  facet normal 0 0 0
    outer loop
   vertex 54.3 9.677 -0.43
   vertex 54.3 8.706 -0.1
   vertex 54.3 8.706 -0.43
  endloop
 endfacet
  facet normal 0 0 0
    outer loop
   vertex 54.3 10.648 -0.43
   vertex 54.3 10.648 -0.1
   vertex 54.3 9.677 -0.43
  endloop
 endfacet
  facet normal 0 0 0
    outer loop
   vertex 54.3 9.677 -0.43
   vertex 54.3 10.648 -0.1
   vertex 54.3 8.706 -0.1
  endloop
 endfacet
  facet normal 0 0 0
    outer loop
   vertex 54.3 12.589 -0.43
   vertex 54.3 12.589 -0.1
   vertex 54.3 11.618 -0.1
  endloop
 endfacet
  facet normal 0 0 0
    outer loop
   vertex 54.3 10.648 -0.43
   vertex 54.3 11.618 -0.1
   vertex 54.3 10.648 -0.1
  endloop
 endfacet
  facet normal 0 0 0
    outer loop
   vertex 54.3 12.589 -0.43
   vertex 54.3 11.618 -0.1
   vertex 54.3 10.648 -0.43
  endloop
 endfacet
  facet normal 0 0 0
    outer loop
   vertex 54.3 12.589 -0.43
   vertex 54.3 13.559 -0.1
   vertex 54.3 12.589 -0.1
  endloop
 endfacet
  facet normal 0 0 0
    outer loop
   vertex 54.3 14.53 -0.43
   vertex 54.3 14.53 -0.1
   vertex 54.3 13.559 -0.1
  endloop
 endfacet
  facet normal 0 0 0
    outer loop
   vertex 54.3 14.53 -0.43
   vertex 54.3 13.559 -0.1
   vertex 54.3 12.589 -0.43
  endloop
 endfacet
  facet normal 0 0 0
    outer loop
   vertex -10.32 11.79 -0.43
   vertex -10.32 11.79 -0.1
   vertex -9.451 11.79 -0.43
  endloop
 endfacet
  facet normal 0 0 0
    outer loop
   vertex -9.451 11.79 -0.43
   vertex -8.583 11.79 -0.1
   vertex -8.583 11.79 -0.43
  endloop
 endfacet
  facet normal 0 0 0
    outer loop
   vertex -9.451 11.79 -0.43
   vertex -10.32 11.79 -0.1
   vertex -8.583 11.79 -0.1
  endloop
 endfacet
  facet normal 0 0 0
    outer loop
   vertex -8.583 11.79 -0.43
   vertex -8.583 11.79 -0.1
   vertex -7.714 11.79 -0.1
  endloop
 endfacet
  facet normal 0 0 0
    outer loop
   vertex -6.845 11.79 -0.43
   vertex -7.714 11.79 -0.1
   vertex -6.845 11.79 -0.1
  endloop
 endfacet
  facet normal 0 0 0
    outer loop
   vertex -8.583 11.79 -0.43
   vertex -7.714 11.79 -0.1
   vertex -6.845 11.79 -0.43
  endloop
 endfacet
  facet normal 0 0 0
    outer loop
   vertex -5.108 11.79 -0.43
   vertex -5.108 11.79 -0.1
   vertex -4.239 11.79 -0.1
  endloop
 endfacet
  facet normal 0 0 0
    outer loop
   vertex -3.37 11.79 -0.43
   vertex -4.239 11.79 -0.1
   vertex -3.37 11.79 -0.1
  endloop
 endfacet
  facet normal 0 0 0
    outer loop
   vertex -5.108 11.79 -0.43
   vertex -4.239 11.79 -0.1
   vertex -3.37 11.79 -0.43
  endloop
 endfacet
  facet normal 0 0 0
    outer loop
   vertex -5.108 11.79 -0.43
   vertex -5.976 11.79 -0.1
   vertex -5.108 11.79 -0.1
  endloop
 endfacet
  facet normal 0 0 0
    outer loop
   vertex -6.845 11.79 -0.43
   vertex -6.845 11.79 -0.1
   vertex -5.976 11.79 -0.1
  endloop
 endfacet
  facet normal 0 0 0
    outer loop
   vertex -6.845 11.79 -0.43
   vertex -5.976 11.79 -0.1
   vertex -5.108 11.79 -0.43
  endloop
 endfacet
  facet normal 0 0 0
    outer loop
   vertex -3.37 11.79 -0.43
   vertex -3.37 11.79 -0.1
   vertex -3.37 12.685 -0.43
  endloop
 endfacet
  facet normal 0 0 0
    outer loop
   vertex -3.37 12.685 -0.43
   vertex -3.37 13.58 -0.1
   vertex -3.37 13.58 -0.43
  endloop
 endfacet
  facet normal 0 0 0
    outer loop
   vertex -3.37 12.685 -0.43
   vertex -3.37 11.79 -0.1
   vertex -3.37 13.58 -0.1
  endloop
 endfacet
  facet normal 0 0 0
    outer loop
   vertex -3.37 13.58 -0.43
   vertex -3.37 13.58 -0.1
   vertex -3.37 14.475 -0.1
  endloop
 endfacet
  facet normal 0 0 0
    outer loop
   vertex -3.37 15.37 -0.43
   vertex -3.37 14.475 -0.1
   vertex -3.37 15.37 -0.1
  endloop
 endfacet
  facet normal 0 0 0
    outer loop
   vertex -3.37 13.58 -0.43
   vertex -3.37 14.475 -0.1
   vertex -3.37 15.37 -0.43
  endloop
 endfacet
  facet normal 0 0 0
    outer loop
   vertex -3.37 16.265 -0.43
   vertex -3.37 17.16 -0.1
   vertex -3.37 17.16 -0.43
  endloop
 endfacet
  facet normal 0 0 0
    outer loop
   vertex -3.37 15.37 -0.43
   vertex -3.37 15.37 -0.1
   vertex -3.37 16.265 -0.43
  endloop
 endfacet
  facet normal 0 0 0
    outer loop
   vertex -3.37 16.265 -0.43
   vertex -3.37 15.37 -0.1
   vertex -3.37 17.16 -0.1
  endloop
 endfacet
  facet normal 0 0 0
    outer loop
   vertex -3.37 17.16 -0.43
   vertex -3.37 17.16 -0.1
   vertex -3.37 18.055 -0.43
  endloop
 endfacet
  facet normal 0 0 0
    outer loop
   vertex -3.37 18.055 -0.43
   vertex -3.37 18.95 -0.1
   vertex -3.37 18.95 -0.43
  endloop
 endfacet
  facet normal 0 0 0
    outer loop
   vertex -3.37 18.055 -0.43
   vertex -3.37 17.16 -0.1
   vertex -3.37 18.95 -0.1
  endloop
 endfacet
  facet normal 0 0 0
    outer loop
   vertex -3.37 23.425 -0.43
   vertex -3.37 24.32 -0.1
   vertex -3.37 24.32 -0.43
  endloop
 endfacet
  facet normal 0 0 0
    outer loop
   vertex -3.37 22.53 -0.43
   vertex -3.37 22.53 -0.1
   vertex -3.37 23.425 -0.43
  endloop
 endfacet
  facet normal 0 0 0
    outer loop
   vertex -3.37 23.425 -0.43
   vertex -3.37 22.53 -0.1
   vertex -3.37 24.32 -0.1
  endloop
 endfacet
  facet normal 0 0 0
    outer loop
   vertex -3.37 24.32 -0.43
   vertex -3.37 24.32 -0.1
   vertex -3.37 25.215 -0.43
  endloop
 endfacet
  facet normal 0 0 0
    outer loop
   vertex -3.37 25.215 -0.43
   vertex -3.37 26.11 -0.1
   vertex -3.37 26.11 -0.43
  endloop
 endfacet
  facet normal 0 0 0
    outer loop
   vertex -3.37 25.215 -0.43
   vertex -3.37 24.32 -0.1
   vertex -3.37 26.11 -0.1
  endloop
 endfacet
  facet normal 0 0 0
    outer loop
   vertex -3.37 22.53 -0.43
   vertex -3.37 21.635 -0.1
   vertex -3.37 22.53 -0.1
  endloop
 endfacet
  facet normal 0 0 0
    outer loop
   vertex -3.37 20.74 -0.43
   vertex -3.37 20.74 -0.1
   vertex -3.37 21.635 -0.1
  endloop
 endfacet
  facet normal 0 0 0
    outer loop
   vertex -3.37 20.74 -0.43
   vertex -3.37 21.635 -0.1
   vertex -3.37 22.53 -0.43
  endloop
 endfacet
  facet normal 0 0 0
    outer loop
   vertex -3.37 19.845 -0.43
   vertex -3.37 20.74 -0.1
   vertex -3.37 20.74 -0.43
  endloop
 endfacet
  facet normal 0 0 0
    outer loop
   vertex -3.37 18.95 -0.43
   vertex -3.37 18.95 -0.1
   vertex -3.37 19.845 -0.43
  endloop
 endfacet
  facet normal 0 0 0
    outer loop
   vertex -3.37 19.845 -0.43
   vertex -3.37 18.95 -0.1
   vertex -3.37 20.74 -0.1
  endloop
 endfacet
  facet normal 0 0 0
    outer loop
   vertex -3.37 26.11 -0.43
   vertex -3.37 26.11 -0.1
   vertex -4.239 26.11 -0.43
  endloop
 endfacet
  facet normal 0 0 0
    outer loop
   vertex -4.239 26.11 -0.43
   vertex -5.108 26.11 -0.1
   vertex -5.108 26.11 -0.43
  endloop
 endfacet
  facet normal 0 0 0
    outer loop
   vertex -4.239 26.11 -0.43
   vertex -3.37 26.11 -0.1
   vertex -5.108 26.11 -0.1
  endloop
 endfacet
  facet normal 0 0 0
    outer loop
   vertex -5.108 26.11 -0.43
   vertex -5.108 26.11 -0.1
   vertex -5.976 26.11 -0.1
  endloop
 endfacet
  facet normal 0 0 0
    outer loop
   vertex -6.845 26.11 -0.43
   vertex -5.976 26.11 -0.1
   vertex -6.845 26.11 -0.1
  endloop
 endfacet
  facet normal 0 0 0
    outer loop
   vertex -5.108 26.11 -0.43
   vertex -5.976 26.11 -0.1
   vertex -6.845 26.11 -0.43
  endloop
 endfacet
  facet normal 0 0 0
    outer loop
   vertex -8.583 26.11 -0.43
   vertex -8.583 26.11 -0.1
   vertex -9.451 26.11 -0.1
  endloop
 endfacet
  facet normal 0 0 0
    outer loop
   vertex -10.32 26.11 -0.43
   vertex -9.451 26.11 -0.1
   vertex -10.32 26.11 -0.1
  endloop
 endfacet
  facet normal 0 0 0
    outer loop
   vertex -8.583 26.11 -0.43
   vertex -9.451 26.11 -0.1
   vertex -10.32 26.11 -0.43
  endloop
 endfacet
  facet normal 0 0 0
    outer loop
   vertex -8.583 26.11 -0.43
   vertex -7.714 26.11 -0.1
   vertex -8.583 26.11 -0.1
  endloop
 endfacet
  facet normal 0 0 0
    outer loop
   vertex -6.845 26.11 -0.43
   vertex -6.845 26.11 -0.1
   vertex -7.714 26.11 -0.1
  endloop
 endfacet
  facet normal 0 0 0
    outer loop
   vertex -6.845 26.11 -0.43
   vertex -7.714 26.11 -0.1
   vertex -8.583 26.11 -0.43
  endloop
 endfacet
  facet normal 0 0 0
    outer loop
   vertex -10.32 26.11 -0.43
   vertex -10.32 26.11 -0.1
   vertex -10.32 25.215 -0.43
  endloop
 endfacet
  facet normal 0 0 0
    outer loop
   vertex -10.32 25.215 -0.43
   vertex -10.32 24.32 -0.1
   vertex -10.32 24.32 -0.43
  endloop
 endfacet
  facet normal 0 0 0
    outer loop
   vertex -10.32 25.215 -0.43
   vertex -10.32 26.11 -0.1
   vertex -10.32 24.32 -0.1
  endloop
 endfacet
  facet normal 0 0 0
    outer loop
   vertex -10.32 24.32 -0.43
   vertex -10.32 24.32 -0.1
   vertex -10.32 23.425 -0.1
  endloop
 endfacet
  facet normal 0 0 0
    outer loop
   vertex -10.32 22.53 -0.43
   vertex -10.32 23.425 -0.1
   vertex -10.32 22.53 -0.1
  endloop
 endfacet
  facet normal 0 0 0
    outer loop
   vertex -10.32 24.32 -0.43
   vertex -10.32 23.425 -0.1
   vertex -10.32 22.53 -0.43
  endloop
 endfacet
  facet normal 0 0 0
    outer loop
   vertex -10.32 21.635 -0.43
   vertex -10.32 20.74 -0.1
   vertex -10.32 20.74 -0.43
  endloop
 endfacet
  facet normal 0 0 0
    outer loop
   vertex -10.32 22.53 -0.43
   vertex -10.32 22.53 -0.1
   vertex -10.32 21.635 -0.43
  endloop
 endfacet
  facet normal 0 0 0
    outer loop
   vertex -10.32 21.635 -0.43
   vertex -10.32 22.53 -0.1
   vertex -10.32 20.74 -0.1
  endloop
 endfacet
  facet normal 0 0 0
    outer loop
   vertex -10.32 20.74 -0.43
   vertex -10.32 20.74 -0.1
   vertex -10.32 19.845 -0.43
  endloop
 endfacet
  facet normal 0 0 0
    outer loop
   vertex -10.32 19.845 -0.43
   vertex -10.32 18.95 -0.1
   vertex -10.32 18.95 -0.43
  endloop
 endfacet
  facet normal 0 0 0
    outer loop
   vertex -10.32 19.845 -0.43
   vertex -10.32 20.74 -0.1
   vertex -10.32 18.95 -0.1
  endloop
 endfacet
  facet normal 0 0 0
    outer loop
   vertex -10.32 14.475 -0.43
   vertex -10.32 13.58 -0.1
   vertex -10.32 13.58 -0.43
  endloop
 endfacet
  facet normal 0 0 0
    outer loop
   vertex -10.32 15.37 -0.43
   vertex -10.32 15.37 -0.1
   vertex -10.32 14.475 -0.43
  endloop
 endfacet
  facet normal 0 0 0
    outer loop
   vertex -10.32 14.475 -0.43
   vertex -10.32 15.37 -0.1
   vertex -10.32 13.58 -0.1
  endloop
 endfacet
  facet normal 0 0 0
    outer loop
   vertex -10.32 13.58 -0.43
   vertex -10.32 13.58 -0.1
   vertex -10.32 12.685 -0.43
  endloop
 endfacet
  facet normal 0 0 0
    outer loop
   vertex -10.32 12.685 -0.43
   vertex -10.32 11.79 -0.1
   vertex -10.32 11.79 -0.43
  endloop
 endfacet
  facet normal 0 0 0
    outer loop
   vertex -10.32 12.685 -0.43
   vertex -10.32 13.58 -0.1
   vertex -10.32 11.79 -0.1
  endloop
 endfacet
  facet normal 0 0 0
    outer loop
   vertex -10.32 15.37 -0.43
   vertex -10.32 16.265 -0.1
   vertex -10.32 15.37 -0.1
  endloop
 endfacet
  facet normal 0 0 0
    outer loop
   vertex -10.32 17.16 -0.43
   vertex -10.32 17.16 -0.1
   vertex -10.32 16.265 -0.1
  endloop
 endfacet
  facet normal 0 0 0
    outer loop
   vertex -10.32 17.16 -0.43
   vertex -10.32 16.265 -0.1
   vertex -10.32 15.37 -0.43
  endloop
 endfacet
  facet normal 0 0 0
    outer loop
   vertex -10.32 18.055 -0.43
   vertex -10.32 17.16 -0.1
   vertex -10.32 17.16 -0.43
  endloop
 endfacet
  facet normal 0 0 0
    outer loop
   vertex -10.32 18.95 -0.43
   vertex -10.32 18.95 -0.1
   vertex -10.32 18.055 -0.43
  endloop
 endfacet
  facet normal 0 0 0
    outer loop
   vertex -10.32 18.055 -0.43
   vertex -10.32 18.95 -0.1
   vertex -10.32 17.16 -0.1
  endloop
 endfacet
endsolid stl
