solid stl
  facet normal 0 0 0
    outer loop
   vertex -9.32 12.79 0
   vertex -9.32 13.21 0
   vertex -9.02 13.21 0
  endloop
 endfacet
  facet normal 0 0 0
    outer loop
   vertex -9.32 12.79 0
   vertex -9.02 13.21 0
   vertex -9.02 12.79 0
  endloop
 endfacet
  facet normal 0 0 0
    outer loop
   vertex -8.87 12.79 0
   vertex -8.87 13.21 0
   vertex -8.57 13.21 0
  endloop
 endfacet
  facet normal 0 0 0
    outer loop
   vertex -8.87 12.79 0
   vertex -8.57 13.21 0
   vertex -8.57 12.79 0
  endloop
 endfacet
  facet normal 0 0 0
    outer loop
   vertex -7.92 12.79 0
   vertex -7.92 13.21 0
   vertex -7.62 13.21 0
  endloop
 endfacet
  facet normal 0 0 0
    outer loop
   vertex -7.92 12.79 0
   vertex -7.62 13.21 0
   vertex -7.62 12.79 0
  endloop
 endfacet
  facet normal 0 0 0
    outer loop
   vertex -6.07 12.79 0
   vertex -6.07 13.21 0
   vertex -5.77 13.21 0
  endloop
 endfacet
  facet normal 0 0 0
    outer loop
   vertex -6.07 12.79 0
   vertex -5.77 13.21 0
   vertex -5.77 12.79 0
  endloop
 endfacet
  facet normal 0 0 0
    outer loop
   vertex -5.12 12.79 0
   vertex -5.12 13.21 0
   vertex -4.82 13.21 0
  endloop
 endfacet
  facet normal 0 0 0
    outer loop
   vertex -5.12 12.79 0
   vertex -4.82 13.21 0
   vertex -4.82 12.79 0
  endloop
 endfacet
  facet normal 0 0 0
    outer loop
   vertex -8.87 14.49 0
   vertex -8.87 14.91 0
   vertex -8.57 14.91 0
  endloop
 endfacet
  facet normal 0 0 0
    outer loop
   vertex -8.87 14.49 0
   vertex -8.57 14.91 0
   vertex -8.57 14.49 0
  endloop
 endfacet
  facet normal 0 0 0
    outer loop
   vertex -7.92 14.49 0
   vertex -7.92 14.91 0
   vertex -7.62 14.91 0
  endloop
 endfacet
  facet normal 0 0 0
    outer loop
   vertex -7.92 14.49 0
   vertex -7.62 14.91 0
   vertex -7.62 14.49 0
  endloop
 endfacet
  facet normal 0 0 0
    outer loop
   vertex -6.07 14.49 0
   vertex -6.07 14.91 0
   vertex -5.77 14.91 0
  endloop
 endfacet
  facet normal 0 0 0
    outer loop
   vertex -6.07 14.49 0
   vertex -5.77 14.91 0
   vertex -5.77 14.49 0
  endloop
 endfacet
  facet normal 0 0 0
    outer loop
   vertex -5.12 14.49 0
   vertex -5.12 14.91 0
   vertex -4.82 14.91 0
  endloop
 endfacet
  facet normal 0 0 0
    outer loop
   vertex -5.12 14.49 0
   vertex -4.82 14.91 0
   vertex -4.82 14.49 0
  endloop
 endfacet
  facet normal 0 0 0
    outer loop
   vertex -8.87 16.19 0
   vertex -8.87 16.61 0
   vertex -8.57 16.61 0
  endloop
 endfacet
  facet normal 0 0 0
    outer loop
   vertex -8.87 16.19 0
   vertex -8.57 16.61 0
   vertex -8.57 16.19 0
  endloop
 endfacet
  facet normal 0 0 0
    outer loop
   vertex -7.92 16.19 0
   vertex -7.92 16.61 0
   vertex -7.62 16.61 0
  endloop
 endfacet
  facet normal 0 0 0
    outer loop
   vertex -7.92 16.19 0
   vertex -7.62 16.61 0
   vertex -7.62 16.19 0
  endloop
 endfacet
  facet normal 0 0 0
    outer loop
   vertex -6.07 16.19 0
   vertex -6.07 16.61 0
   vertex -5.77 16.61 0
  endloop
 endfacet
  facet normal 0 0 0
    outer loop
   vertex -6.07 16.19 0
   vertex -5.77 16.61 0
   vertex -5.77 16.19 0
  endloop
 endfacet
  facet normal 0 0 0
    outer loop
   vertex -5.12 16.19 0
   vertex -5.12 16.61 0
   vertex -4.82 16.61 0
  endloop
 endfacet
  facet normal 0 0 0
    outer loop
   vertex -5.12 16.19 0
   vertex -4.82 16.61 0
   vertex -4.82 16.19 0
  endloop
 endfacet
  facet normal 0 0 0
    outer loop
   vertex -8.87 17.89 0
   vertex -8.87 18.31 0
   vertex -8.57 18.31 0
  endloop
 endfacet
  facet normal 0 0 0
    outer loop
   vertex -8.87 17.89 0
   vertex -8.57 18.31 0
   vertex -8.57 17.89 0
  endloop
 endfacet
  facet normal 0 0 0
    outer loop
   vertex -7.92 17.89 0
   vertex -7.92 18.31 0
   vertex -7.62 18.31 0
  endloop
 endfacet
  facet normal 0 0 0
    outer loop
   vertex -7.92 17.89 0
   vertex -7.62 18.31 0
   vertex -7.62 17.89 0
  endloop
 endfacet
  facet normal 0 0 0
    outer loop
   vertex -6.07 17.89 0
   vertex -6.07 18.31 0
   vertex -5.77 18.31 0
  endloop
 endfacet
  facet normal 0 0 0
    outer loop
   vertex -6.07 17.89 0
   vertex -5.77 18.31 0
   vertex -5.77 17.89 0
  endloop
 endfacet
  facet normal 0 0 0
    outer loop
   vertex -5.12 17.89 0
   vertex -5.12 18.31 0
   vertex -4.82 18.31 0
  endloop
 endfacet
  facet normal 0 0 0
    outer loop
   vertex -5.12 17.89 0
   vertex -4.82 18.31 0
   vertex -4.82 17.89 0
  endloop
 endfacet
  facet normal 0 0 0
    outer loop
   vertex -8.87 19.59 0
   vertex -8.87 20.01 0
   vertex -8.57 20.01 0
  endloop
 endfacet
  facet normal 0 0 0
    outer loop
   vertex -8.87 19.59 0
   vertex -8.57 20.01 0
   vertex -8.57 19.59 0
  endloop
 endfacet
  facet normal 0 0 0
    outer loop
   vertex -7.92 19.59 0
   vertex -7.92 20.01 0
   vertex -7.62 20.01 0
  endloop
 endfacet
  facet normal 0 0 0
    outer loop
   vertex -7.92 19.59 0
   vertex -7.62 20.01 0
   vertex -7.62 19.59 0
  endloop
 endfacet
  facet normal 0 0 0
    outer loop
   vertex -6.07 19.59 0
   vertex -6.07 20.01 0
   vertex -5.77 20.01 0
  endloop
 endfacet
  facet normal 0 0 0
    outer loop
   vertex -6.07 19.59 0
   vertex -5.77 20.01 0
   vertex -5.77 19.59 0
  endloop
 endfacet
  facet normal 0 0 0
    outer loop
   vertex -5.12 19.59 0
   vertex -5.12 20.01 0
   vertex -4.82 20.01 0
  endloop
 endfacet
  facet normal 0 0 0
    outer loop
   vertex -5.12 19.59 0
   vertex -4.82 20.01 0
   vertex -4.82 19.59 0
  endloop
 endfacet
  facet normal 0 0 0
    outer loop
   vertex -8.87 21.29 0
   vertex -8.87 21.71 0
   vertex -8.57 21.71 0
  endloop
 endfacet
  facet normal 0 0 0
    outer loop
   vertex -8.87 21.29 0
   vertex -8.57 21.71 0
   vertex -8.57 21.29 0
  endloop
 endfacet
  facet normal 0 0 0
    outer loop
   vertex -7.92 21.29 0
   vertex -7.92 21.71 0
   vertex -7.62 21.71 0
  endloop
 endfacet
  facet normal 0 0 0
    outer loop
   vertex -7.92 21.29 0
   vertex -7.62 21.71 0
   vertex -7.62 21.29 0
  endloop
 endfacet
  facet normal 0 0 0
    outer loop
   vertex -6.07 21.29 0
   vertex -6.07 21.71 0
   vertex -5.77 21.71 0
  endloop
 endfacet
  facet normal 0 0 0
    outer loop
   vertex -6.07 21.29 0
   vertex -5.77 21.71 0
   vertex -5.77 21.29 0
  endloop
 endfacet
  facet normal 0 0 0
    outer loop
   vertex -5.12 21.29 0
   vertex -5.12 21.71 0
   vertex -4.82 21.71 0
  endloop
 endfacet
  facet normal 0 0 0
    outer loop
   vertex -5.12 21.29 0
   vertex -4.82 21.71 0
   vertex -4.82 21.29 0
  endloop
 endfacet
  facet normal 0 0 0
    outer loop
   vertex -8.87 22.99 0
   vertex -8.87 23.41 0
   vertex -8.57 23.41 0
  endloop
 endfacet
  facet normal 0 0 0
    outer loop
   vertex -8.87 22.99 0
   vertex -8.57 23.41 0
   vertex -8.57 22.99 0
  endloop
 endfacet
  facet normal 0 0 0
    outer loop
   vertex -7.92 22.99 0
   vertex -7.92 23.41 0
   vertex -7.62 23.41 0
  endloop
 endfacet
  facet normal 0 0 0
    outer loop
   vertex -7.92 22.99 0
   vertex -7.62 23.41 0
   vertex -7.62 22.99 0
  endloop
 endfacet
  facet normal 0 0 0
    outer loop
   vertex -6.07 22.99 0
   vertex -6.07 23.41 0
   vertex -5.77 23.41 0
  endloop
 endfacet
  facet normal 0 0 0
    outer loop
   vertex -6.07 22.99 0
   vertex -5.77 23.41 0
   vertex -5.77 22.99 0
  endloop
 endfacet
  facet normal 0 0 0
    outer loop
   vertex -5.12 22.99 0
   vertex -5.12 23.41 0
   vertex -4.82 23.41 0
  endloop
 endfacet
  facet normal 0 0 0
    outer loop
   vertex -5.12 22.99 0
   vertex -4.82 23.41 0
   vertex -4.82 22.99 0
  endloop
 endfacet
  facet normal 0 0 0
    outer loop
   vertex -8.87 24.69 0
   vertex -8.87 25.11 0
   vertex -8.57 25.11 0
  endloop
 endfacet
  facet normal 0 0 0
    outer loop
   vertex -8.87 24.69 0
   vertex -8.57 25.11 0
   vertex -8.57 24.69 0
  endloop
 endfacet
  facet normal 0 0 0
    outer loop
   vertex -7.92 24.69 0
   vertex -7.92 25.11 0
   vertex -7.62 25.11 0
  endloop
 endfacet
  facet normal 0 0 0
    outer loop
   vertex -7.92 24.69 0
   vertex -7.62 25.11 0
   vertex -7.62 24.69 0
  endloop
 endfacet
  facet normal 0 0 0
    outer loop
   vertex -6.07 24.69 0
   vertex -6.07 25.11 0
   vertex -5.77 25.11 0
  endloop
 endfacet
  facet normal 0 0 0
    outer loop
   vertex -6.07 24.69 0
   vertex -5.77 25.11 0
   vertex -5.77 24.69 0
  endloop
 endfacet
  facet normal 0 0 0
    outer loop
   vertex -5.12 24.69 0
   vertex -5.12 25.11 0
   vertex -4.82 25.11 0
  endloop
 endfacet
  facet normal 0 0 0
    outer loop
   vertex -5.12 24.69 0
   vertex -4.82 25.11 0
   vertex -4.82 24.69 0
  endloop
 endfacet
  facet normal 0 0 0
    outer loop
   vertex -5.77 19.59 0.1
   vertex -6.005 19.715 0.1
   vertex -6.07 19.59 0.1
  endloop
 endfacet
  facet normal 0 0 0
    outer loop
   vertex -5.835 19.715 0.1
   vertex -6.005 19.715 0.1
   vertex -5.77 19.59 0.1
  endloop
 endfacet
  facet normal 0 0 0
    outer loop
   vertex -5.77 20.01 0.1
   vertex -6.07 20.01 0.1
   vertex -5.835 19.885 0.1
  endloop
 endfacet
  facet normal 0 0 0
    outer loop
   vertex -5.835 19.885 0.1
   vertex -6.07 20.01 0.1
   vertex -6.005 19.885 0.1
  endloop
 endfacet
  facet normal 0 0 0
    outer loop
   vertex -6.005 19.715 0.1
   vertex -6.07 19.8 0.1
   vertex -6.07 19.59 0.1
  endloop
 endfacet
  facet normal 0 0 0
    outer loop
   vertex -6.005 19.885 0.1
   vertex -6.07 20.01 0.1
   vertex -6.07 19.8 0.1
  endloop
 endfacet
  facet normal 0 0 0
    outer loop
   vertex -6.005 19.885 0.1
   vertex -6.07 19.8 0.1
   vertex -6.005 19.715 0.1
  endloop
 endfacet
  facet normal 0 0 0
    outer loop
   vertex -5.77 19.8 0.1
   vertex -5.835 19.715 0.1
   vertex -5.77 19.59 0.1
  endloop
 endfacet
  facet normal 0 0 0
    outer loop
   vertex -5.77 20.01 0.1
   vertex -5.835 19.885 0.1
   vertex -5.77 19.8 0.1
  endloop
 endfacet
  facet normal 0 0 0
    outer loop
   vertex -5.77 19.8 0.1
   vertex -5.835 19.885 0.1
   vertex -5.835 19.715 0.1
  endloop
 endfacet
  facet normal 0 0 0
    outer loop
   vertex -4.82 19.59 0.1
   vertex -5.055 19.715 0.1
   vertex -5.12 19.59 0.1
  endloop
 endfacet
  facet normal 0 0 0
    outer loop
   vertex -4.885 19.715 0.1
   vertex -5.055 19.715 0.1
   vertex -4.82 19.59 0.1
  endloop
 endfacet
  facet normal 0 0 0
    outer loop
   vertex -4.82 20.01 0.1
   vertex -5.12 20.01 0.1
   vertex -4.885 19.885 0.1
  endloop
 endfacet
  facet normal 0 0 0
    outer loop
   vertex -4.885 19.885 0.1
   vertex -5.12 20.01 0.1
   vertex -5.055 19.885 0.1
  endloop
 endfacet
  facet normal 0 0 0
    outer loop
   vertex -5.055 19.715 0.1
   vertex -5.12 19.8 0.1
   vertex -5.12 19.59 0.1
  endloop
 endfacet
  facet normal 0 0 0
    outer loop
   vertex -5.055 19.885 0.1
   vertex -5.12 20.01 0.1
   vertex -5.12 19.8 0.1
  endloop
 endfacet
  facet normal 0 0 0
    outer loop
   vertex -5.055 19.885 0.1
   vertex -5.12 19.8 0.1
   vertex -5.055 19.715 0.1
  endloop
 endfacet
  facet normal 0 0 0
    outer loop
   vertex -4.82 19.8 0.1
   vertex -4.885 19.715 0.1
   vertex -4.82 19.59 0.1
  endloop
 endfacet
  facet normal 0 0 0
    outer loop
   vertex -4.82 20.01 0.1
   vertex -4.885 19.885 0.1
   vertex -4.82 19.8 0.1
  endloop
 endfacet
  facet normal 0 0 0
    outer loop
   vertex -4.82 19.8 0.1
   vertex -4.885 19.885 0.1
   vertex -4.885 19.715 0.1
  endloop
 endfacet
  facet normal 0 0 0
    outer loop
   vertex -5.77 21.29 0.1
   vertex -6.005 21.415 0.1
   vertex -6.07 21.29 0.1
  endloop
 endfacet
  facet normal 0 0 0
    outer loop
   vertex -5.835 21.415 0.1
   vertex -6.005 21.415 0.1
   vertex -5.77 21.29 0.1
  endloop
 endfacet
  facet normal 0 0 0
    outer loop
   vertex -5.77 21.71 0.1
   vertex -6.07 21.71 0.1
   vertex -5.835 21.585 0.1
  endloop
 endfacet
  facet normal 0 0 0
    outer loop
   vertex -5.835 21.585 0.1
   vertex -6.07 21.71 0.1
   vertex -6.005 21.585 0.1
  endloop
 endfacet
  facet normal 0 0 0
    outer loop
   vertex -6.005 21.415 0.1
   vertex -6.07 21.5 0.1
   vertex -6.07 21.29 0.1
  endloop
 endfacet
  facet normal 0 0 0
    outer loop
   vertex -6.005 21.585 0.1
   vertex -6.07 21.71 0.1
   vertex -6.07 21.5 0.1
  endloop
 endfacet
  facet normal 0 0 0
    outer loop
   vertex -6.005 21.585 0.1
   vertex -6.07 21.5 0.1
   vertex -6.005 21.415 0.1
  endloop
 endfacet
  facet normal 0 0 0
    outer loop
   vertex -5.77 21.5 0.1
   vertex -5.835 21.415 0.1
   vertex -5.77 21.29 0.1
  endloop
 endfacet
  facet normal 0 0 0
    outer loop
   vertex -5.77 21.71 0.1
   vertex -5.835 21.585 0.1
   vertex -5.77 21.5 0.1
  endloop
 endfacet
  facet normal 0 0 0
    outer loop
   vertex -5.77 21.5 0.1
   vertex -5.835 21.585 0.1
   vertex -5.835 21.415 0.1
  endloop
 endfacet
  facet normal 0 0 0
    outer loop
   vertex -4.82 21.29 0.1
   vertex -5.055 21.415 0.1
   vertex -5.12 21.29 0.1
  endloop
 endfacet
  facet normal 0 0 0
    outer loop
   vertex -4.885 21.415 0.1
   vertex -5.055 21.415 0.1
   vertex -4.82 21.29 0.1
  endloop
 endfacet
  facet normal 0 0 0
    outer loop
   vertex -4.82 21.71 0.1
   vertex -5.12 21.71 0.1
   vertex -4.885 21.585 0.1
  endloop
 endfacet
  facet normal 0 0 0
    outer loop
   vertex -4.885 21.585 0.1
   vertex -5.12 21.71 0.1
   vertex -5.055 21.585 0.1
  endloop
 endfacet
  facet normal 0 0 0
    outer loop
   vertex -5.055 21.415 0.1
   vertex -5.12 21.5 0.1
   vertex -5.12 21.29 0.1
  endloop
 endfacet
  facet normal 0 0 0
    outer loop
   vertex -5.055 21.585 0.1
   vertex -5.12 21.71 0.1
   vertex -5.12 21.5 0.1
  endloop
 endfacet
  facet normal 0 0 0
    outer loop
   vertex -5.055 21.585 0.1
   vertex -5.12 21.5 0.1
   vertex -5.055 21.415 0.1
  endloop
 endfacet
  facet normal 0 0 0
    outer loop
   vertex -4.82 21.5 0.1
   vertex -4.885 21.415 0.1
   vertex -4.82 21.29 0.1
  endloop
 endfacet
  facet normal 0 0 0
    outer loop
   vertex -4.82 21.71 0.1
   vertex -4.885 21.585 0.1
   vertex -4.82 21.5 0.1
  endloop
 endfacet
  facet normal 0 0 0
    outer loop
   vertex -4.82 21.5 0.1
   vertex -4.885 21.585 0.1
   vertex -4.885 21.415 0.1
  endloop
 endfacet
  facet normal 0 0 0
    outer loop
   vertex -5.77 22.99 0.1
   vertex -6.005 23.115 0.1
   vertex -6.07 22.99 0.1
  endloop
 endfacet
  facet normal 0 0 0
    outer loop
   vertex -5.835 23.115 0.1
   vertex -6.005 23.115 0.1
   vertex -5.77 22.99 0.1
  endloop
 endfacet
  facet normal 0 0 0
    outer loop
   vertex -5.77 23.41 0.1
   vertex -6.07 23.41 0.1
   vertex -5.835 23.285 0.1
  endloop
 endfacet
  facet normal 0 0 0
    outer loop
   vertex -5.835 23.285 0.1
   vertex -6.07 23.41 0.1
   vertex -6.005 23.285 0.1
  endloop
 endfacet
  facet normal 0 0 0
    outer loop
   vertex -6.005 23.115 0.1
   vertex -6.07 23.2 0.1
   vertex -6.07 22.99 0.1
  endloop
 endfacet
  facet normal 0 0 0
    outer loop
   vertex -6.005 23.285 0.1
   vertex -6.07 23.41 0.1
   vertex -6.07 23.2 0.1
  endloop
 endfacet
  facet normal 0 0 0
    outer loop
   vertex -6.005 23.285 0.1
   vertex -6.07 23.2 0.1
   vertex -6.005 23.115 0.1
  endloop
 endfacet
  facet normal 0 0 0
    outer loop
   vertex -5.77 23.2 0.1
   vertex -5.835 23.115 0.1
   vertex -5.77 22.99 0.1
  endloop
 endfacet
  facet normal 0 0 0
    outer loop
   vertex -5.77 23.41 0.1
   vertex -5.835 23.285 0.1
   vertex -5.77 23.2 0.1
  endloop
 endfacet
  facet normal 0 0 0
    outer loop
   vertex -5.77 23.2 0.1
   vertex -5.835 23.285 0.1
   vertex -5.835 23.115 0.1
  endloop
 endfacet
  facet normal 0 0 0
    outer loop
   vertex -4.82 22.99 0.1
   vertex -5.055 23.115 0.1
   vertex -5.12 22.99 0.1
  endloop
 endfacet
  facet normal 0 0 0
    outer loop
   vertex -4.885 23.115 0.1
   vertex -5.055 23.115 0.1
   vertex -4.82 22.99 0.1
  endloop
 endfacet
  facet normal 0 0 0
    outer loop
   vertex -4.82 23.41 0.1
   vertex -5.12 23.41 0.1
   vertex -4.885 23.285 0.1
  endloop
 endfacet
  facet normal 0 0 0
    outer loop
   vertex -4.885 23.285 0.1
   vertex -5.12 23.41 0.1
   vertex -5.055 23.285 0.1
  endloop
 endfacet
  facet normal 0 0 0
    outer loop
   vertex -5.055 23.115 0.1
   vertex -5.12 23.2 0.1
   vertex -5.12 22.99 0.1
  endloop
 endfacet
  facet normal 0 0 0
    outer loop
   vertex -5.055 23.285 0.1
   vertex -5.12 23.41 0.1
   vertex -5.12 23.2 0.1
  endloop
 endfacet
  facet normal 0 0 0
    outer loop
   vertex -5.055 23.285 0.1
   vertex -5.12 23.2 0.1
   vertex -5.055 23.115 0.1
  endloop
 endfacet
  facet normal 0 0 0
    outer loop
   vertex -4.82 23.2 0.1
   vertex -4.885 23.115 0.1
   vertex -4.82 22.99 0.1
  endloop
 endfacet
  facet normal 0 0 0
    outer loop
   vertex -4.82 23.41 0.1
   vertex -4.885 23.285 0.1
   vertex -4.82 23.2 0.1
  endloop
 endfacet
  facet normal 0 0 0
    outer loop
   vertex -4.82 23.2 0.1
   vertex -4.885 23.285 0.1
   vertex -4.885 23.115 0.1
  endloop
 endfacet
  facet normal 0 0 0
    outer loop
   vertex -5.77 24.69 0.1
   vertex -6.005 24.815 0.1
   vertex -6.07 24.69 0.1
  endloop
 endfacet
  facet normal 0 0 0
    outer loop
   vertex -5.835 24.815 0.1
   vertex -6.005 24.815 0.1
   vertex -5.77 24.69 0.1
  endloop
 endfacet
  facet normal 0 0 0
    outer loop
   vertex -5.77 25.11 0.1
   vertex -6.07 25.11 0.1
   vertex -5.835 24.985 0.1
  endloop
 endfacet
  facet normal 0 0 0
    outer loop
   vertex -5.835 24.985 0.1
   vertex -6.07 25.11 0.1
   vertex -6.005 24.985 0.1
  endloop
 endfacet
  facet normal 0 0 0
    outer loop
   vertex -6.005 24.815 0.1
   vertex -6.07 24.9 0.1
   vertex -6.07 24.69 0.1
  endloop
 endfacet
  facet normal 0 0 0
    outer loop
   vertex -6.005 24.985 0.1
   vertex -6.07 25.11 0.1
   vertex -6.07 24.9 0.1
  endloop
 endfacet
  facet normal 0 0 0
    outer loop
   vertex -6.005 24.985 0.1
   vertex -6.07 24.9 0.1
   vertex -6.005 24.815 0.1
  endloop
 endfacet
  facet normal 0 0 0
    outer loop
   vertex -5.77 24.9 0.1
   vertex -5.835 24.815 0.1
   vertex -5.77 24.69 0.1
  endloop
 endfacet
  facet normal 0 0 0
    outer loop
   vertex -5.77 25.11 0.1
   vertex -5.835 24.985 0.1
   vertex -5.77 24.9 0.1
  endloop
 endfacet
  facet normal 0 0 0
    outer loop
   vertex -5.77 24.9 0.1
   vertex -5.835 24.985 0.1
   vertex -5.835 24.815 0.1
  endloop
 endfacet
  facet normal 0 0 0
    outer loop
   vertex -4.82 24.69 0.1
   vertex -5.055 24.815 0.1
   vertex -5.12 24.69 0.1
  endloop
 endfacet
  facet normal 0 0 0
    outer loop
   vertex -4.885 24.815 0.1
   vertex -5.055 24.815 0.1
   vertex -4.82 24.69 0.1
  endloop
 endfacet
  facet normal 0 0 0
    outer loop
   vertex -4.82 25.11 0.1
   vertex -5.12 25.11 0.1
   vertex -4.885 24.985 0.1
  endloop
 endfacet
  facet normal 0 0 0
    outer loop
   vertex -4.885 24.985 0.1
   vertex -5.12 25.11 0.1
   vertex -5.055 24.985 0.1
  endloop
 endfacet
  facet normal 0 0 0
    outer loop
   vertex -5.055 24.815 0.1
   vertex -5.12 24.9 0.1
   vertex -5.12 24.69 0.1
  endloop
 endfacet
  facet normal 0 0 0
    outer loop
   vertex -5.055 24.985 0.1
   vertex -5.12 25.11 0.1
   vertex -5.12 24.9 0.1
  endloop
 endfacet
  facet normal 0 0 0
    outer loop
   vertex -5.055 24.985 0.1
   vertex -5.12 24.9 0.1
   vertex -5.055 24.815 0.1
  endloop
 endfacet
  facet normal 0 0 0
    outer loop
   vertex -4.82 24.9 0.1
   vertex -4.885 24.815 0.1
   vertex -4.82 24.69 0.1
  endloop
 endfacet
  facet normal 0 0 0
    outer loop
   vertex -4.82 25.11 0.1
   vertex -4.885 24.985 0.1
   vertex -4.82 24.9 0.1
  endloop
 endfacet
  facet normal 0 0 0
    outer loop
   vertex -4.82 24.9 0.1
   vertex -4.885 24.985 0.1
   vertex -4.885 24.815 0.1
  endloop
 endfacet
  facet normal 0 0 0
    outer loop
   vertex -8.57 22.99 0.1
   vertex -8.805 23.115 0.1
   vertex -8.87 22.99 0.1
  endloop
 endfacet
  facet normal 0 0 0
    outer loop
   vertex -8.635 23.115 0.1
   vertex -8.805 23.115 0.1
   vertex -8.57 22.99 0.1
  endloop
 endfacet
  facet normal 0 0 0
    outer loop
   vertex -8.57 23.41 0.1
   vertex -8.87 23.41 0.1
   vertex -8.635 23.285 0.1
  endloop
 endfacet
  facet normal 0 0 0
    outer loop
   vertex -8.635 23.285 0.1
   vertex -8.87 23.41 0.1
   vertex -8.805 23.285 0.1
  endloop
 endfacet
  facet normal 0 0 0
    outer loop
   vertex -8.805 23.115 0.1
   vertex -8.87 23.2 0.1
   vertex -8.87 22.99 0.1
  endloop
 endfacet
  facet normal 0 0 0
    outer loop
   vertex -8.805 23.285 0.1
   vertex -8.87 23.41 0.1
   vertex -8.87 23.2 0.1
  endloop
 endfacet
  facet normal 0 0 0
    outer loop
   vertex -8.805 23.285 0.1
   vertex -8.87 23.2 0.1
   vertex -8.805 23.115 0.1
  endloop
 endfacet
  facet normal 0 0 0
    outer loop
   vertex -8.57 23.2 0.1
   vertex -8.635 23.115 0.1
   vertex -8.57 22.99 0.1
  endloop
 endfacet
  facet normal 0 0 0
    outer loop
   vertex -8.57 23.41 0.1
   vertex -8.635 23.285 0.1
   vertex -8.57 23.2 0.1
  endloop
 endfacet
  facet normal 0 0 0
    outer loop
   vertex -8.57 23.2 0.1
   vertex -8.635 23.285 0.1
   vertex -8.635 23.115 0.1
  endloop
 endfacet
  facet normal 0 0 0
    outer loop
   vertex -7.62 22.99 0.1
   vertex -7.855 23.115 0.1
   vertex -7.92 22.99 0.1
  endloop
 endfacet
  facet normal 0 0 0
    outer loop
   vertex -7.685 23.115 0.1
   vertex -7.855 23.115 0.1
   vertex -7.62 22.99 0.1
  endloop
 endfacet
  facet normal 0 0 0
    outer loop
   vertex -7.62 23.41 0.1
   vertex -7.92 23.41 0.1
   vertex -7.685 23.285 0.1
  endloop
 endfacet
  facet normal 0 0 0
    outer loop
   vertex -7.685 23.285 0.1
   vertex -7.92 23.41 0.1
   vertex -7.855 23.285 0.1
  endloop
 endfacet
  facet normal 0 0 0
    outer loop
   vertex -7.855 23.115 0.1
   vertex -7.92 23.2 0.1
   vertex -7.92 22.99 0.1
  endloop
 endfacet
  facet normal 0 0 0
    outer loop
   vertex -7.855 23.285 0.1
   vertex -7.92 23.41 0.1
   vertex -7.92 23.2 0.1
  endloop
 endfacet
  facet normal 0 0 0
    outer loop
   vertex -7.855 23.285 0.1
   vertex -7.92 23.2 0.1
   vertex -7.855 23.115 0.1
  endloop
 endfacet
  facet normal 0 0 0
    outer loop
   vertex -7.62 23.2 0.1
   vertex -7.685 23.115 0.1
   vertex -7.62 22.99 0.1
  endloop
 endfacet
  facet normal 0 0 0
    outer loop
   vertex -7.62 23.41 0.1
   vertex -7.685 23.285 0.1
   vertex -7.62 23.2 0.1
  endloop
 endfacet
  facet normal 0 0 0
    outer loop
   vertex -7.62 23.2 0.1
   vertex -7.685 23.285 0.1
   vertex -7.685 23.115 0.1
  endloop
 endfacet
  facet normal 0 0 0
    outer loop
   vertex -8.57 21.29 0.1
   vertex -8.805 21.415 0.1
   vertex -8.87 21.29 0.1
  endloop
 endfacet
  facet normal 0 0 0
    outer loop
   vertex -8.635 21.415 0.1
   vertex -8.805 21.415 0.1
   vertex -8.57 21.29 0.1
  endloop
 endfacet
  facet normal 0 0 0
    outer loop
   vertex -8.57 21.71 0.1
   vertex -8.87 21.71 0.1
   vertex -8.635 21.585 0.1
  endloop
 endfacet
  facet normal 0 0 0
    outer loop
   vertex -8.635 21.585 0.1
   vertex -8.87 21.71 0.1
   vertex -8.805 21.585 0.1
  endloop
 endfacet
  facet normal 0 0 0
    outer loop
   vertex -8.805 21.415 0.1
   vertex -8.87 21.5 0.1
   vertex -8.87 21.29 0.1
  endloop
 endfacet
  facet normal 0 0 0
    outer loop
   vertex -8.805 21.585 0.1
   vertex -8.87 21.71 0.1
   vertex -8.87 21.5 0.1
  endloop
 endfacet
  facet normal 0 0 0
    outer loop
   vertex -8.805 21.585 0.1
   vertex -8.87 21.5 0.1
   vertex -8.805 21.415 0.1
  endloop
 endfacet
  facet normal 0 0 0
    outer loop
   vertex -8.57 21.5 0.1
   vertex -8.635 21.415 0.1
   vertex -8.57 21.29 0.1
  endloop
 endfacet
  facet normal 0 0 0
    outer loop
   vertex -8.57 21.71 0.1
   vertex -8.635 21.585 0.1
   vertex -8.57 21.5 0.1
  endloop
 endfacet
  facet normal 0 0 0
    outer loop
   vertex -8.57 21.5 0.1
   vertex -8.635 21.585 0.1
   vertex -8.635 21.415 0.1
  endloop
 endfacet
  facet normal 0 0 0
    outer loop
   vertex -7.62 21.29 0.1
   vertex -7.855 21.415 0.1
   vertex -7.92 21.29 0.1
  endloop
 endfacet
  facet normal 0 0 0
    outer loop
   vertex -7.685 21.415 0.1
   vertex -7.855 21.415 0.1
   vertex -7.62 21.29 0.1
  endloop
 endfacet
  facet normal 0 0 0
    outer loop
   vertex -7.62 21.71 0.1
   vertex -7.92 21.71 0.1
   vertex -7.685 21.585 0.1
  endloop
 endfacet
  facet normal 0 0 0
    outer loop
   vertex -7.685 21.585 0.1
   vertex -7.92 21.71 0.1
   vertex -7.855 21.585 0.1
  endloop
 endfacet
  facet normal 0 0 0
    outer loop
   vertex -7.855 21.415 0.1
   vertex -7.92 21.5 0.1
   vertex -7.92 21.29 0.1
  endloop
 endfacet
  facet normal 0 0 0
    outer loop
   vertex -7.855 21.585 0.1
   vertex -7.92 21.71 0.1
   vertex -7.92 21.5 0.1
  endloop
 endfacet
  facet normal 0 0 0
    outer loop
   vertex -7.855 21.585 0.1
   vertex -7.92 21.5 0.1
   vertex -7.855 21.415 0.1
  endloop
 endfacet
  facet normal 0 0 0
    outer loop
   vertex -7.62 21.5 0.1
   vertex -7.685 21.415 0.1
   vertex -7.62 21.29 0.1
  endloop
 endfacet
  facet normal 0 0 0
    outer loop
   vertex -7.62 21.71 0.1
   vertex -7.685 21.585 0.1
   vertex -7.62 21.5 0.1
  endloop
 endfacet
  facet normal 0 0 0
    outer loop
   vertex -7.62 21.5 0.1
   vertex -7.685 21.585 0.1
   vertex -7.685 21.415 0.1
  endloop
 endfacet
  facet normal 0 0 0
    outer loop
   vertex -8.57 24.69 0.1
   vertex -8.805 24.815 0.1
   vertex -8.87 24.69 0.1
  endloop
 endfacet
  facet normal 0 0 0
    outer loop
   vertex -8.635 24.815 0.1
   vertex -8.805 24.815 0.1
   vertex -8.57 24.69 0.1
  endloop
 endfacet
  facet normal 0 0 0
    outer loop
   vertex -8.57 25.11 0.1
   vertex -8.87 25.11 0.1
   vertex -8.635 24.985 0.1
  endloop
 endfacet
  facet normal 0 0 0
    outer loop
   vertex -8.635 24.985 0.1
   vertex -8.87 25.11 0.1
   vertex -8.805 24.985 0.1
  endloop
 endfacet
  facet normal 0 0 0
    outer loop
   vertex -8.805 24.815 0.1
   vertex -8.87 24.9 0.1
   vertex -8.87 24.69 0.1
  endloop
 endfacet
  facet normal 0 0 0
    outer loop
   vertex -8.805 24.985 0.1
   vertex -8.87 25.11 0.1
   vertex -8.87 24.9 0.1
  endloop
 endfacet
  facet normal 0 0 0
    outer loop
   vertex -8.805 24.985 0.1
   vertex -8.87 24.9 0.1
   vertex -8.805 24.815 0.1
  endloop
 endfacet
  facet normal 0 0 0
    outer loop
   vertex -8.57 24.9 0.1
   vertex -8.635 24.815 0.1
   vertex -8.57 24.69 0.1
  endloop
 endfacet
  facet normal 0 0 0
    outer loop
   vertex -8.57 25.11 0.1
   vertex -8.635 24.985 0.1
   vertex -8.57 24.9 0.1
  endloop
 endfacet
  facet normal 0 0 0
    outer loop
   vertex -8.57 24.9 0.1
   vertex -8.635 24.985 0.1
   vertex -8.635 24.815 0.1
  endloop
 endfacet
  facet normal 0 0 0
    outer loop
   vertex -7.62 24.69 0.1
   vertex -7.855 24.815 0.1
   vertex -7.92 24.69 0.1
  endloop
 endfacet
  facet normal 0 0 0
    outer loop
   vertex -7.685 24.815 0.1
   vertex -7.855 24.815 0.1
   vertex -7.62 24.69 0.1
  endloop
 endfacet
  facet normal 0 0 0
    outer loop
   vertex -7.62 25.11 0.1
   vertex -7.92 25.11 0.1
   vertex -7.685 24.985 0.1
  endloop
 endfacet
  facet normal 0 0 0
    outer loop
   vertex -7.685 24.985 0.1
   vertex -7.92 25.11 0.1
   vertex -7.855 24.985 0.1
  endloop
 endfacet
  facet normal 0 0 0
    outer loop
   vertex -7.855 24.815 0.1
   vertex -7.92 24.9 0.1
   vertex -7.92 24.69 0.1
  endloop
 endfacet
  facet normal 0 0 0
    outer loop
   vertex -7.855 24.985 0.1
   vertex -7.92 25.11 0.1
   vertex -7.92 24.9 0.1
  endloop
 endfacet
  facet normal 0 0 0
    outer loop
   vertex -7.855 24.985 0.1
   vertex -7.92 24.9 0.1
   vertex -7.855 24.815 0.1
  endloop
 endfacet
  facet normal 0 0 0
    outer loop
   vertex -7.62 24.9 0.1
   vertex -7.685 24.815 0.1
   vertex -7.62 24.69 0.1
  endloop
 endfacet
  facet normal 0 0 0
    outer loop
   vertex -7.62 25.11 0.1
   vertex -7.685 24.985 0.1
   vertex -7.62 24.9 0.1
  endloop
 endfacet
  facet normal 0 0 0
    outer loop
   vertex -7.62 24.9 0.1
   vertex -7.685 24.985 0.1
   vertex -7.685 24.815 0.1
  endloop
 endfacet
  facet normal 0 0 0
    outer loop
   vertex -8.57 19.59 0.1
   vertex -8.805 19.715 0.1
   vertex -8.87 19.59 0.1
  endloop
 endfacet
  facet normal 0 0 0
    outer loop
   vertex -8.635 19.715 0.1
   vertex -8.805 19.715 0.1
   vertex -8.57 19.59 0.1
  endloop
 endfacet
  facet normal 0 0 0
    outer loop
   vertex -8.57 20.01 0.1
   vertex -8.87 20.01 0.1
   vertex -8.635 19.885 0.1
  endloop
 endfacet
  facet normal 0 0 0
    outer loop
   vertex -8.635 19.885 0.1
   vertex -8.87 20.01 0.1
   vertex -8.805 19.885 0.1
  endloop
 endfacet
  facet normal 0 0 0
    outer loop
   vertex -8.805 19.715 0.1
   vertex -8.87 19.8 0.1
   vertex -8.87 19.59 0.1
  endloop
 endfacet
  facet normal 0 0 0
    outer loop
   vertex -8.805 19.885 0.1
   vertex -8.87 20.01 0.1
   vertex -8.87 19.8 0.1
  endloop
 endfacet
  facet normal 0 0 0
    outer loop
   vertex -8.805 19.885 0.1
   vertex -8.87 19.8 0.1
   vertex -8.805 19.715 0.1
  endloop
 endfacet
  facet normal 0 0 0
    outer loop
   vertex -8.57 19.8 0.1
   vertex -8.635 19.715 0.1
   vertex -8.57 19.59 0.1
  endloop
 endfacet
  facet normal 0 0 0
    outer loop
   vertex -8.57 20.01 0.1
   vertex -8.635 19.885 0.1
   vertex -8.57 19.8 0.1
  endloop
 endfacet
  facet normal 0 0 0
    outer loop
   vertex -8.57 19.8 0.1
   vertex -8.635 19.885 0.1
   vertex -8.635 19.715 0.1
  endloop
 endfacet
  facet normal 0 0 0
    outer loop
   vertex -7.62 19.59 0.1
   vertex -7.855 19.715 0.1
   vertex -7.92 19.59 0.1
  endloop
 endfacet
  facet normal 0 0 0
    outer loop
   vertex -7.685 19.715 0.1
   vertex -7.855 19.715 0.1
   vertex -7.62 19.59 0.1
  endloop
 endfacet
  facet normal 0 0 0
    outer loop
   vertex -7.62 20.01 0.1
   vertex -7.92 20.01 0.1
   vertex -7.685 19.885 0.1
  endloop
 endfacet
  facet normal 0 0 0
    outer loop
   vertex -7.685 19.885 0.1
   vertex -7.92 20.01 0.1
   vertex -7.855 19.885 0.1
  endloop
 endfacet
  facet normal 0 0 0
    outer loop
   vertex -7.855 19.715 0.1
   vertex -7.92 19.8 0.1
   vertex -7.92 19.59 0.1
  endloop
 endfacet
  facet normal 0 0 0
    outer loop
   vertex -7.855 19.885 0.1
   vertex -7.92 20.01 0.1
   vertex -7.92 19.8 0.1
  endloop
 endfacet
  facet normal 0 0 0
    outer loop
   vertex -7.855 19.885 0.1
   vertex -7.92 19.8 0.1
   vertex -7.855 19.715 0.1
  endloop
 endfacet
  facet normal 0 0 0
    outer loop
   vertex -7.62 19.8 0.1
   vertex -7.685 19.715 0.1
   vertex -7.62 19.59 0.1
  endloop
 endfacet
  facet normal 0 0 0
    outer loop
   vertex -7.62 20.01 0.1
   vertex -7.685 19.885 0.1
   vertex -7.62 19.8 0.1
  endloop
 endfacet
  facet normal 0 0 0
    outer loop
   vertex -7.62 19.8 0.1
   vertex -7.685 19.885 0.1
   vertex -7.685 19.715 0.1
  endloop
 endfacet
  facet normal 0 0 0
    outer loop
   vertex -8.57 17.89 0.1
   vertex -8.805 18.015 0.1
   vertex -8.87 17.89 0.1
  endloop
 endfacet
  facet normal 0 0 0
    outer loop
   vertex -8.635 18.015 0.1
   vertex -8.805 18.015 0.1
   vertex -8.57 17.89 0.1
  endloop
 endfacet
  facet normal 0 0 0
    outer loop
   vertex -8.57 18.31 0.1
   vertex -8.87 18.31 0.1
   vertex -8.635 18.185 0.1
  endloop
 endfacet
  facet normal 0 0 0
    outer loop
   vertex -8.635 18.185 0.1
   vertex -8.87 18.31 0.1
   vertex -8.805 18.185 0.1
  endloop
 endfacet
  facet normal 0 0 0
    outer loop
   vertex -8.805 18.015 0.1
   vertex -8.87 18.1 0.1
   vertex -8.87 17.89 0.1
  endloop
 endfacet
  facet normal 0 0 0
    outer loop
   vertex -8.805 18.185 0.1
   vertex -8.87 18.31 0.1
   vertex -8.87 18.1 0.1
  endloop
 endfacet
  facet normal 0 0 0
    outer loop
   vertex -8.805 18.185 0.1
   vertex -8.87 18.1 0.1
   vertex -8.805 18.015 0.1
  endloop
 endfacet
  facet normal 0 0 0
    outer loop
   vertex -8.57 18.1 0.1
   vertex -8.635 18.015 0.1
   vertex -8.57 17.89 0.1
  endloop
 endfacet
  facet normal 0 0 0
    outer loop
   vertex -8.57 18.31 0.1
   vertex -8.635 18.185 0.1
   vertex -8.57 18.1 0.1
  endloop
 endfacet
  facet normal 0 0 0
    outer loop
   vertex -8.57 18.1 0.1
   vertex -8.635 18.185 0.1
   vertex -8.635 18.015 0.1
  endloop
 endfacet
  facet normal 0 0 0
    outer loop
   vertex -7.62 17.89 0.1
   vertex -7.855 18.015 0.1
   vertex -7.92 17.89 0.1
  endloop
 endfacet
  facet normal 0 0 0
    outer loop
   vertex -7.685 18.015 0.1
   vertex -7.855 18.015 0.1
   vertex -7.62 17.89 0.1
  endloop
 endfacet
  facet normal 0 0 0
    outer loop
   vertex -7.62 18.31 0.1
   vertex -7.92 18.31 0.1
   vertex -7.685 18.185 0.1
  endloop
 endfacet
  facet normal 0 0 0
    outer loop
   vertex -7.685 18.185 0.1
   vertex -7.92 18.31 0.1
   vertex -7.855 18.185 0.1
  endloop
 endfacet
  facet normal 0 0 0
    outer loop
   vertex -7.855 18.015 0.1
   vertex -7.92 18.1 0.1
   vertex -7.92 17.89 0.1
  endloop
 endfacet
  facet normal 0 0 0
    outer loop
   vertex -7.855 18.185 0.1
   vertex -7.92 18.31 0.1
   vertex -7.92 18.1 0.1
  endloop
 endfacet
  facet normal 0 0 0
    outer loop
   vertex -7.855 18.185 0.1
   vertex -7.92 18.1 0.1
   vertex -7.855 18.015 0.1
  endloop
 endfacet
  facet normal 0 0 0
    outer loop
   vertex -7.62 18.1 0.1
   vertex -7.685 18.015 0.1
   vertex -7.62 17.89 0.1
  endloop
 endfacet
  facet normal 0 0 0
    outer loop
   vertex -7.62 18.31 0.1
   vertex -7.685 18.185 0.1
   vertex -7.62 18.1 0.1
  endloop
 endfacet
  facet normal 0 0 0
    outer loop
   vertex -7.62 18.1 0.1
   vertex -7.685 18.185 0.1
   vertex -7.685 18.015 0.1
  endloop
 endfacet
  facet normal 0 0 0
    outer loop
   vertex -9.02 12.79 0.1
   vertex -9.255 12.915 0.1
   vertex -9.32 12.79 0.1
  endloop
 endfacet
  facet normal 0 0 0
    outer loop
   vertex -9.085 12.915 0.1
   vertex -9.255 12.915 0.1
   vertex -9.02 12.79 0.1
  endloop
 endfacet
  facet normal 0 0 0
    outer loop
   vertex -9.02 13.21 0.1
   vertex -9.32 13.21 0.1
   vertex -9.085 13.085 0.1
  endloop
 endfacet
  facet normal 0 0 0
    outer loop
   vertex -9.085 13.085 0.1
   vertex -9.32 13.21 0.1
   vertex -9.255 13.085 0.1
  endloop
 endfacet
  facet normal 0 0 0
    outer loop
   vertex -9.255 12.915 0.1
   vertex -9.32 13 0.1
   vertex -9.32 12.79 0.1
  endloop
 endfacet
  facet normal 0 0 0
    outer loop
   vertex -9.255 13.085 0.1
   vertex -9.32 13.21 0.1
   vertex -9.32 13 0.1
  endloop
 endfacet
  facet normal 0 0 0
    outer loop
   vertex -9.255 13.085 0.1
   vertex -9.32 13 0.1
   vertex -9.255 12.915 0.1
  endloop
 endfacet
  facet normal 0 0 0
    outer loop
   vertex -9.02 13 0.1
   vertex -9.085 12.915 0.1
   vertex -9.02 12.79 0.1
  endloop
 endfacet
  facet normal 0 0 0
    outer loop
   vertex -9.02 13.21 0.1
   vertex -9.085 13.085 0.1
   vertex -9.02 13 0.1
  endloop
 endfacet
  facet normal 0 0 0
    outer loop
   vertex -9.02 13 0.1
   vertex -9.085 13.085 0.1
   vertex -9.085 12.915 0.1
  endloop
 endfacet
  facet normal 0 0 0
    outer loop
   vertex -8.57 12.79 0.1
   vertex -8.805 12.915 0.1
   vertex -8.87 12.79 0.1
  endloop
 endfacet
  facet normal 0 0 0
    outer loop
   vertex -8.635 12.915 0.1
   vertex -8.805 12.915 0.1
   vertex -8.57 12.79 0.1
  endloop
 endfacet
  facet normal 0 0 0
    outer loop
   vertex -8.57 13.21 0.1
   vertex -8.87 13.21 0.1
   vertex -8.635 13.085 0.1
  endloop
 endfacet
  facet normal 0 0 0
    outer loop
   vertex -8.635 13.085 0.1
   vertex -8.87 13.21 0.1
   vertex -8.805 13.085 0.1
  endloop
 endfacet
  facet normal 0 0 0
    outer loop
   vertex -8.805 12.915 0.1
   vertex -8.87 13 0.1
   vertex -8.87 12.79 0.1
  endloop
 endfacet
  facet normal 0 0 0
    outer loop
   vertex -8.805 13.085 0.1
   vertex -8.87 13.21 0.1
   vertex -8.87 13 0.1
  endloop
 endfacet
  facet normal 0 0 0
    outer loop
   vertex -8.805 13.085 0.1
   vertex -8.87 13 0.1
   vertex -8.805 12.915 0.1
  endloop
 endfacet
  facet normal 0 0 0
    outer loop
   vertex -8.57 13 0.1
   vertex -8.635 12.915 0.1
   vertex -8.57 12.79 0.1
  endloop
 endfacet
  facet normal 0 0 0
    outer loop
   vertex -8.57 13.21 0.1
   vertex -8.635 13.085 0.1
   vertex -8.57 13 0.1
  endloop
 endfacet
  facet normal 0 0 0
    outer loop
   vertex -8.57 13 0.1
   vertex -8.635 13.085 0.1
   vertex -8.635 12.915 0.1
  endloop
 endfacet
  facet normal 0 0 0
    outer loop
   vertex -7.62 12.79 0.1
   vertex -7.855 12.915 0.1
   vertex -7.92 12.79 0.1
  endloop
 endfacet
  facet normal 0 0 0
    outer loop
   vertex -7.685 12.915 0.1
   vertex -7.855 12.915 0.1
   vertex -7.62 12.79 0.1
  endloop
 endfacet
  facet normal 0 0 0
    outer loop
   vertex -7.62 13.21 0.1
   vertex -7.92 13.21 0.1
   vertex -7.685 13.085 0.1
  endloop
 endfacet
  facet normal 0 0 0
    outer loop
   vertex -7.685 13.085 0.1
   vertex -7.92 13.21 0.1
   vertex -7.855 13.085 0.1
  endloop
 endfacet
  facet normal 0 0 0
    outer loop
   vertex -7.855 12.915 0.1
   vertex -7.92 13 0.1
   vertex -7.92 12.79 0.1
  endloop
 endfacet
  facet normal 0 0 0
    outer loop
   vertex -7.855 13.085 0.1
   vertex -7.92 13.21 0.1
   vertex -7.92 13 0.1
  endloop
 endfacet
  facet normal 0 0 0
    outer loop
   vertex -7.855 13.085 0.1
   vertex -7.92 13 0.1
   vertex -7.855 12.915 0.1
  endloop
 endfacet
  facet normal 0 0 0
    outer loop
   vertex -7.62 13 0.1
   vertex -7.685 12.915 0.1
   vertex -7.62 12.79 0.1
  endloop
 endfacet
  facet normal 0 0 0
    outer loop
   vertex -7.62 13.21 0.1
   vertex -7.685 13.085 0.1
   vertex -7.62 13 0.1
  endloop
 endfacet
  facet normal 0 0 0
    outer loop
   vertex -7.62 13 0.1
   vertex -7.685 13.085 0.1
   vertex -7.685 12.915 0.1
  endloop
 endfacet
  facet normal 0 0 0
    outer loop
   vertex -8.57 14.49 0.1
   vertex -8.805 14.615 0.1
   vertex -8.87 14.49 0.1
  endloop
 endfacet
  facet normal 0 0 0
    outer loop
   vertex -8.635 14.615 0.1
   vertex -8.805 14.615 0.1
   vertex -8.57 14.49 0.1
  endloop
 endfacet
  facet normal 0 0 0
    outer loop
   vertex -8.57 14.91 0.1
   vertex -8.87 14.91 0.1
   vertex -8.635 14.785 0.1
  endloop
 endfacet
  facet normal 0 0 0
    outer loop
   vertex -8.635 14.785 0.1
   vertex -8.87 14.91 0.1
   vertex -8.805 14.785 0.1
  endloop
 endfacet
  facet normal 0 0 0
    outer loop
   vertex -8.805 14.615 0.1
   vertex -8.87 14.7 0.1
   vertex -8.87 14.49 0.1
  endloop
 endfacet
  facet normal 0 0 0
    outer loop
   vertex -8.805 14.785 0.1
   vertex -8.87 14.91 0.1
   vertex -8.87 14.7 0.1
  endloop
 endfacet
  facet normal 0 0 0
    outer loop
   vertex -8.805 14.785 0.1
   vertex -8.87 14.7 0.1
   vertex -8.805 14.615 0.1
  endloop
 endfacet
  facet normal 0 0 0
    outer loop
   vertex -8.57 14.7 0.1
   vertex -8.635 14.615 0.1
   vertex -8.57 14.49 0.1
  endloop
 endfacet
  facet normal 0 0 0
    outer loop
   vertex -8.57 14.91 0.1
   vertex -8.635 14.785 0.1
   vertex -8.57 14.7 0.1
  endloop
 endfacet
  facet normal 0 0 0
    outer loop
   vertex -8.57 14.7 0.1
   vertex -8.635 14.785 0.1
   vertex -8.635 14.615 0.1
  endloop
 endfacet
  facet normal 0 0 0
    outer loop
   vertex -7.62 14.49 0.1
   vertex -7.855 14.615 0.1
   vertex -7.92 14.49 0.1
  endloop
 endfacet
  facet normal 0 0 0
    outer loop
   vertex -7.685 14.615 0.1
   vertex -7.855 14.615 0.1
   vertex -7.62 14.49 0.1
  endloop
 endfacet
  facet normal 0 0 0
    outer loop
   vertex -7.62 14.91 0.1
   vertex -7.92 14.91 0.1
   vertex -7.685 14.785 0.1
  endloop
 endfacet
  facet normal 0 0 0
    outer loop
   vertex -7.685 14.785 0.1
   vertex -7.92 14.91 0.1
   vertex -7.855 14.785 0.1
  endloop
 endfacet
  facet normal 0 0 0
    outer loop
   vertex -7.855 14.615 0.1
   vertex -7.92 14.7 0.1
   vertex -7.92 14.49 0.1
  endloop
 endfacet
  facet normal 0 0 0
    outer loop
   vertex -7.855 14.785 0.1
   vertex -7.92 14.91 0.1
   vertex -7.92 14.7 0.1
  endloop
 endfacet
  facet normal 0 0 0
    outer loop
   vertex -7.855 14.785 0.1
   vertex -7.92 14.7 0.1
   vertex -7.855 14.615 0.1
  endloop
 endfacet
  facet normal 0 0 0
    outer loop
   vertex -7.62 14.7 0.1
   vertex -7.685 14.615 0.1
   vertex -7.62 14.49 0.1
  endloop
 endfacet
  facet normal 0 0 0
    outer loop
   vertex -7.62 14.91 0.1
   vertex -7.685 14.785 0.1
   vertex -7.62 14.7 0.1
  endloop
 endfacet
  facet normal 0 0 0
    outer loop
   vertex -7.62 14.7 0.1
   vertex -7.685 14.785 0.1
   vertex -7.685 14.615 0.1
  endloop
 endfacet
  facet normal 0 0 0
    outer loop
   vertex -8.57 16.19 0.1
   vertex -8.805 16.315 0.1
   vertex -8.87 16.19 0.1
  endloop
 endfacet
  facet normal 0 0 0
    outer loop
   vertex -8.635 16.315 0.1
   vertex -8.805 16.315 0.1
   vertex -8.57 16.19 0.1
  endloop
 endfacet
  facet normal 0 0 0
    outer loop
   vertex -8.57 16.61 0.1
   vertex -8.87 16.61 0.1
   vertex -8.635 16.485 0.1
  endloop
 endfacet
  facet normal 0 0 0
    outer loop
   vertex -8.635 16.485 0.1
   vertex -8.87 16.61 0.1
   vertex -8.805 16.485 0.1
  endloop
 endfacet
  facet normal 0 0 0
    outer loop
   vertex -8.805 16.315 0.1
   vertex -8.87 16.4 0.1
   vertex -8.87 16.19 0.1
  endloop
 endfacet
  facet normal 0 0 0
    outer loop
   vertex -8.805 16.485 0.1
   vertex -8.87 16.61 0.1
   vertex -8.87 16.4 0.1
  endloop
 endfacet
  facet normal 0 0 0
    outer loop
   vertex -8.805 16.485 0.1
   vertex -8.87 16.4 0.1
   vertex -8.805 16.315 0.1
  endloop
 endfacet
  facet normal 0 0 0
    outer loop
   vertex -8.57 16.4 0.1
   vertex -8.635 16.315 0.1
   vertex -8.57 16.19 0.1
  endloop
 endfacet
  facet normal 0 0 0
    outer loop
   vertex -8.57 16.61 0.1
   vertex -8.635 16.485 0.1
   vertex -8.57 16.4 0.1
  endloop
 endfacet
  facet normal 0 0 0
    outer loop
   vertex -8.57 16.4 0.1
   vertex -8.635 16.485 0.1
   vertex -8.635 16.315 0.1
  endloop
 endfacet
  facet normal 0 0 0
    outer loop
   vertex -7.62 16.19 0.1
   vertex -7.855 16.315 0.1
   vertex -7.92 16.19 0.1
  endloop
 endfacet
  facet normal 0 0 0
    outer loop
   vertex -7.685 16.315 0.1
   vertex -7.855 16.315 0.1
   vertex -7.62 16.19 0.1
  endloop
 endfacet
  facet normal 0 0 0
    outer loop
   vertex -7.62 16.61 0.1
   vertex -7.92 16.61 0.1
   vertex -7.685 16.485 0.1
  endloop
 endfacet
  facet normal 0 0 0
    outer loop
   vertex -7.685 16.485 0.1
   vertex -7.92 16.61 0.1
   vertex -7.855 16.485 0.1
  endloop
 endfacet
  facet normal 0 0 0
    outer loop
   vertex -7.855 16.315 0.1
   vertex -7.92 16.4 0.1
   vertex -7.92 16.19 0.1
  endloop
 endfacet
  facet normal 0 0 0
    outer loop
   vertex -7.855 16.485 0.1
   vertex -7.92 16.61 0.1
   vertex -7.92 16.4 0.1
  endloop
 endfacet
  facet normal 0 0 0
    outer loop
   vertex -7.855 16.485 0.1
   vertex -7.92 16.4 0.1
   vertex -7.855 16.315 0.1
  endloop
 endfacet
  facet normal 0 0 0
    outer loop
   vertex -7.62 16.4 0.1
   vertex -7.685 16.315 0.1
   vertex -7.62 16.19 0.1
  endloop
 endfacet
  facet normal 0 0 0
    outer loop
   vertex -7.62 16.61 0.1
   vertex -7.685 16.485 0.1
   vertex -7.62 16.4 0.1
  endloop
 endfacet
  facet normal 0 0 0
    outer loop
   vertex -7.62 16.4 0.1
   vertex -7.685 16.485 0.1
   vertex -7.685 16.315 0.1
  endloop
 endfacet
  facet normal 0 0 0
    outer loop
   vertex -5.77 12.79 0.1
   vertex -6.005 12.915 0.1
   vertex -6.07 12.79 0.1
  endloop
 endfacet
  facet normal 0 0 0
    outer loop
   vertex -5.835 12.915 0.1
   vertex -6.005 12.915 0.1
   vertex -5.77 12.79 0.1
  endloop
 endfacet
  facet normal 0 0 0
    outer loop
   vertex -5.77 13.21 0.1
   vertex -6.07 13.21 0.1
   vertex -5.835 13.085 0.1
  endloop
 endfacet
  facet normal 0 0 0
    outer loop
   vertex -5.835 13.085 0.1
   vertex -6.07 13.21 0.1
   vertex -6.005 13.085 0.1
  endloop
 endfacet
  facet normal 0 0 0
    outer loop
   vertex -6.005 12.915 0.1
   vertex -6.07 13 0.1
   vertex -6.07 12.79 0.1
  endloop
 endfacet
  facet normal 0 0 0
    outer loop
   vertex -6.005 13.085 0.1
   vertex -6.07 13.21 0.1
   vertex -6.07 13 0.1
  endloop
 endfacet
  facet normal 0 0 0
    outer loop
   vertex -6.005 13.085 0.1
   vertex -6.07 13 0.1
   vertex -6.005 12.915 0.1
  endloop
 endfacet
  facet normal 0 0 0
    outer loop
   vertex -5.77 13 0.1
   vertex -5.835 12.915 0.1
   vertex -5.77 12.79 0.1
  endloop
 endfacet
  facet normal 0 0 0
    outer loop
   vertex -5.77 13.21 0.1
   vertex -5.835 13.085 0.1
   vertex -5.77 13 0.1
  endloop
 endfacet
  facet normal 0 0 0
    outer loop
   vertex -5.77 13 0.1
   vertex -5.835 13.085 0.1
   vertex -5.835 12.915 0.1
  endloop
 endfacet
  facet normal 0 0 0
    outer loop
   vertex -4.82 12.79 0.1
   vertex -5.055 12.915 0.1
   vertex -5.12 12.79 0.1
  endloop
 endfacet
  facet normal 0 0 0
    outer loop
   vertex -4.885 12.915 0.1
   vertex -5.055 12.915 0.1
   vertex -4.82 12.79 0.1
  endloop
 endfacet
  facet normal 0 0 0
    outer loop
   vertex -4.82 13.21 0.1
   vertex -5.12 13.21 0.1
   vertex -4.885 13.085 0.1
  endloop
 endfacet
  facet normal 0 0 0
    outer loop
   vertex -4.885 13.085 0.1
   vertex -5.12 13.21 0.1
   vertex -5.055 13.085 0.1
  endloop
 endfacet
  facet normal 0 0 0
    outer loop
   vertex -5.055 12.915 0.1
   vertex -5.12 13 0.1
   vertex -5.12 12.79 0.1
  endloop
 endfacet
  facet normal 0 0 0
    outer loop
   vertex -5.055 13.085 0.1
   vertex -5.12 13.21 0.1
   vertex -5.12 13 0.1
  endloop
 endfacet
  facet normal 0 0 0
    outer loop
   vertex -5.055 13.085 0.1
   vertex -5.12 13 0.1
   vertex -5.055 12.915 0.1
  endloop
 endfacet
  facet normal 0 0 0
    outer loop
   vertex -4.82 13 0.1
   vertex -4.885 12.915 0.1
   vertex -4.82 12.79 0.1
  endloop
 endfacet
  facet normal 0 0 0
    outer loop
   vertex -4.82 13.21 0.1
   vertex -4.885 13.085 0.1
   vertex -4.82 13 0.1
  endloop
 endfacet
  facet normal 0 0 0
    outer loop
   vertex -4.82 13 0.1
   vertex -4.885 13.085 0.1
   vertex -4.885 12.915 0.1
  endloop
 endfacet
  facet normal 0 0 0
    outer loop
   vertex -5.77 16.19 0.1
   vertex -6.005 16.315 0.1
   vertex -6.07 16.19 0.1
  endloop
 endfacet
  facet normal 0 0 0
    outer loop
   vertex -5.835 16.315 0.1
   vertex -6.005 16.315 0.1
   vertex -5.77 16.19 0.1
  endloop
 endfacet
  facet normal 0 0 0
    outer loop
   vertex -5.77 16.61 0.1
   vertex -6.07 16.61 0.1
   vertex -5.835 16.485 0.1
  endloop
 endfacet
  facet normal 0 0 0
    outer loop
   vertex -5.835 16.485 0.1
   vertex -6.07 16.61 0.1
   vertex -6.005 16.485 0.1
  endloop
 endfacet
  facet normal 0 0 0
    outer loop
   vertex -6.005 16.315 0.1
   vertex -6.07 16.4 0.1
   vertex -6.07 16.19 0.1
  endloop
 endfacet
  facet normal 0 0 0
    outer loop
   vertex -6.005 16.485 0.1
   vertex -6.07 16.61 0.1
   vertex -6.07 16.4 0.1
  endloop
 endfacet
  facet normal 0 0 0
    outer loop
   vertex -6.005 16.485 0.1
   vertex -6.07 16.4 0.1
   vertex -6.005 16.315 0.1
  endloop
 endfacet
  facet normal 0 0 0
    outer loop
   vertex -5.77 16.4 0.1
   vertex -5.835 16.315 0.1
   vertex -5.77 16.19 0.1
  endloop
 endfacet
  facet normal 0 0 0
    outer loop
   vertex -5.77 16.61 0.1
   vertex -5.835 16.485 0.1
   vertex -5.77 16.4 0.1
  endloop
 endfacet
  facet normal 0 0 0
    outer loop
   vertex -5.77 16.4 0.1
   vertex -5.835 16.485 0.1
   vertex -5.835 16.315 0.1
  endloop
 endfacet
  facet normal 0 0 0
    outer loop
   vertex -4.82 16.19 0.1
   vertex -5.055 16.315 0.1
   vertex -5.12 16.19 0.1
  endloop
 endfacet
  facet normal 0 0 0
    outer loop
   vertex -4.885 16.315 0.1
   vertex -5.055 16.315 0.1
   vertex -4.82 16.19 0.1
  endloop
 endfacet
  facet normal 0 0 0
    outer loop
   vertex -4.82 16.61 0.1
   vertex -5.12 16.61 0.1
   vertex -4.885 16.485 0.1
  endloop
 endfacet
  facet normal 0 0 0
    outer loop
   vertex -4.885 16.485 0.1
   vertex -5.12 16.61 0.1
   vertex -5.055 16.485 0.1
  endloop
 endfacet
  facet normal 0 0 0
    outer loop
   vertex -5.055 16.315 0.1
   vertex -5.12 16.4 0.1
   vertex -5.12 16.19 0.1
  endloop
 endfacet
  facet normal 0 0 0
    outer loop
   vertex -5.055 16.485 0.1
   vertex -5.12 16.61 0.1
   vertex -5.12 16.4 0.1
  endloop
 endfacet
  facet normal 0 0 0
    outer loop
   vertex -5.055 16.485 0.1
   vertex -5.12 16.4 0.1
   vertex -5.055 16.315 0.1
  endloop
 endfacet
  facet normal 0 0 0
    outer loop
   vertex -4.82 16.4 0.1
   vertex -4.885 16.315 0.1
   vertex -4.82 16.19 0.1
  endloop
 endfacet
  facet normal 0 0 0
    outer loop
   vertex -4.82 16.61 0.1
   vertex -4.885 16.485 0.1
   vertex -4.82 16.4 0.1
  endloop
 endfacet
  facet normal 0 0 0
    outer loop
   vertex -4.82 16.4 0.1
   vertex -4.885 16.485 0.1
   vertex -4.885 16.315 0.1
  endloop
 endfacet
  facet normal 0 0 0
    outer loop
   vertex -5.77 14.49 0.1
   vertex -6.005 14.615 0.1
   vertex -6.07 14.49 0.1
  endloop
 endfacet
  facet normal 0 0 0
    outer loop
   vertex -5.835 14.615 0.1
   vertex -6.005 14.615 0.1
   vertex -5.77 14.49 0.1
  endloop
 endfacet
  facet normal 0 0 0
    outer loop
   vertex -5.77 14.91 0.1
   vertex -6.07 14.91 0.1
   vertex -5.835 14.785 0.1
  endloop
 endfacet
  facet normal 0 0 0
    outer loop
   vertex -5.835 14.785 0.1
   vertex -6.07 14.91 0.1
   vertex -6.005 14.785 0.1
  endloop
 endfacet
  facet normal 0 0 0
    outer loop
   vertex -6.005 14.615 0.1
   vertex -6.07 14.7 0.1
   vertex -6.07 14.49 0.1
  endloop
 endfacet
  facet normal 0 0 0
    outer loop
   vertex -6.005 14.785 0.1
   vertex -6.07 14.91 0.1
   vertex -6.07 14.7 0.1
  endloop
 endfacet
  facet normal 0 0 0
    outer loop
   vertex -6.005 14.785 0.1
   vertex -6.07 14.7 0.1
   vertex -6.005 14.615 0.1
  endloop
 endfacet
  facet normal 0 0 0
    outer loop
   vertex -5.77 14.7 0.1
   vertex -5.835 14.615 0.1
   vertex -5.77 14.49 0.1
  endloop
 endfacet
  facet normal 0 0 0
    outer loop
   vertex -5.77 14.91 0.1
   vertex -5.835 14.785 0.1
   vertex -5.77 14.7 0.1
  endloop
 endfacet
  facet normal 0 0 0
    outer loop
   vertex -5.77 14.7 0.1
   vertex -5.835 14.785 0.1
   vertex -5.835 14.615 0.1
  endloop
 endfacet
  facet normal 0 0 0
    outer loop
   vertex -4.82 14.49 0.1
   vertex -5.055 14.615 0.1
   vertex -5.12 14.49 0.1
  endloop
 endfacet
  facet normal 0 0 0
    outer loop
   vertex -4.885 14.615 0.1
   vertex -5.055 14.615 0.1
   vertex -4.82 14.49 0.1
  endloop
 endfacet
  facet normal 0 0 0
    outer loop
   vertex -4.82 14.91 0.1
   vertex -5.12 14.91 0.1
   vertex -4.885 14.785 0.1
  endloop
 endfacet
  facet normal 0 0 0
    outer loop
   vertex -4.885 14.785 0.1
   vertex -5.12 14.91 0.1
   vertex -5.055 14.785 0.1
  endloop
 endfacet
  facet normal 0 0 0
    outer loop
   vertex -5.055 14.615 0.1
   vertex -5.12 14.7 0.1
   vertex -5.12 14.49 0.1
  endloop
 endfacet
  facet normal 0 0 0
    outer loop
   vertex -5.055 14.785 0.1
   vertex -5.12 14.91 0.1
   vertex -5.12 14.7 0.1
  endloop
 endfacet
  facet normal 0 0 0
    outer loop
   vertex -5.055 14.785 0.1
   vertex -5.12 14.7 0.1
   vertex -5.055 14.615 0.1
  endloop
 endfacet
  facet normal 0 0 0
    outer loop
   vertex -4.82 14.7 0.1
   vertex -4.885 14.615 0.1
   vertex -4.82 14.49 0.1
  endloop
 endfacet
  facet normal 0 0 0
    outer loop
   vertex -4.82 14.91 0.1
   vertex -4.885 14.785 0.1
   vertex -4.82 14.7 0.1
  endloop
 endfacet
  facet normal 0 0 0
    outer loop
   vertex -4.82 14.7 0.1
   vertex -4.885 14.785 0.1
   vertex -4.885 14.615 0.1
  endloop
 endfacet
  facet normal 0 0 0
    outer loop
   vertex -5.77 17.89 0.1
   vertex -6.005 18.015 0.1
   vertex -6.07 17.89 0.1
  endloop
 endfacet
  facet normal 0 0 0
    outer loop
   vertex -5.835 18.015 0.1
   vertex -6.005 18.015 0.1
   vertex -5.77 17.89 0.1
  endloop
 endfacet
  facet normal 0 0 0
    outer loop
   vertex -5.77 18.31 0.1
   vertex -6.07 18.31 0.1
   vertex -5.835 18.185 0.1
  endloop
 endfacet
  facet normal 0 0 0
    outer loop
   vertex -5.835 18.185 0.1
   vertex -6.07 18.31 0.1
   vertex -6.005 18.185 0.1
  endloop
 endfacet
  facet normal 0 0 0
    outer loop
   vertex -6.005 18.015 0.1
   vertex -6.07 18.1 0.1
   vertex -6.07 17.89 0.1
  endloop
 endfacet
  facet normal 0 0 0
    outer loop
   vertex -6.005 18.185 0.1
   vertex -6.07 18.31 0.1
   vertex -6.07 18.1 0.1
  endloop
 endfacet
  facet normal 0 0 0
    outer loop
   vertex -6.005 18.185 0.1
   vertex -6.07 18.1 0.1
   vertex -6.005 18.015 0.1
  endloop
 endfacet
  facet normal 0 0 0
    outer loop
   vertex -5.77 18.1 0.1
   vertex -5.835 18.015 0.1
   vertex -5.77 17.89 0.1
  endloop
 endfacet
  facet normal 0 0 0
    outer loop
   vertex -5.77 18.31 0.1
   vertex -5.835 18.185 0.1
   vertex -5.77 18.1 0.1
  endloop
 endfacet
  facet normal 0 0 0
    outer loop
   vertex -5.77 18.1 0.1
   vertex -5.835 18.185 0.1
   vertex -5.835 18.015 0.1
  endloop
 endfacet
  facet normal 0 0 0
    outer loop
   vertex -4.82 17.89 0.1
   vertex -5.055 18.015 0.1
   vertex -5.12 17.89 0.1
  endloop
 endfacet
  facet normal 0 0 0
    outer loop
   vertex -4.885 18.015 0.1
   vertex -5.055 18.015 0.1
   vertex -4.82 17.89 0.1
  endloop
 endfacet
  facet normal 0 0 0
    outer loop
   vertex -4.82 18.31 0.1
   vertex -5.12 18.31 0.1
   vertex -4.885 18.185 0.1
  endloop
 endfacet
  facet normal 0 0 0
    outer loop
   vertex -4.885 18.185 0.1
   vertex -5.12 18.31 0.1
   vertex -5.055 18.185 0.1
  endloop
 endfacet
  facet normal 0 0 0
    outer loop
   vertex -5.055 18.015 0.1
   vertex -5.12 18.1 0.1
   vertex -5.12 17.89 0.1
  endloop
 endfacet
  facet normal 0 0 0
    outer loop
   vertex -5.055 18.185 0.1
   vertex -5.12 18.31 0.1
   vertex -5.12 18.1 0.1
  endloop
 endfacet
  facet normal 0 0 0
    outer loop
   vertex -5.055 18.185 0.1
   vertex -5.12 18.1 0.1
   vertex -5.055 18.015 0.1
  endloop
 endfacet
  facet normal 0 0 0
    outer loop
   vertex -4.82 18.1 0.1
   vertex -4.885 18.015 0.1
   vertex -4.82 17.89 0.1
  endloop
 endfacet
  facet normal 0 0 0
    outer loop
   vertex -4.82 18.31 0.1
   vertex -4.885 18.185 0.1
   vertex -4.82 18.1 0.1
  endloop
 endfacet
  facet normal 0 0 0
    outer loop
   vertex -4.82 18.1 0.1
   vertex -4.885 18.185 0.1
   vertex -4.885 18.015 0.1
  endloop
 endfacet
  facet normal 0 0 0
    outer loop
   vertex -8.87 20.01 0
   vertex -8.87 20.01 0.1
   vertex -8.57 20.01 0.1
  endloop
 endfacet
  facet normal 0 0 0
    outer loop
   vertex -8.87 20.01 0
   vertex -8.57 20.01 0.1
   vertex -8.57 20.01 0
  endloop
 endfacet
  facet normal 0 0 0
    outer loop
   vertex -7.92 20.01 0
   vertex -7.92 20.01 0.1
   vertex -7.62 20.01 0.1
  endloop
 endfacet
  facet normal 0 0 0
    outer loop
   vertex -7.92 20.01 0
   vertex -7.62 20.01 0.1
   vertex -7.62 20.01 0
  endloop
 endfacet
  facet normal 0 0 0
    outer loop
   vertex -6.07 20.01 0
   vertex -6.07 20.01 0.1
   vertex -5.77 20.01 0.1
  endloop
 endfacet
  facet normal 0 0 0
    outer loop
   vertex -6.07 20.01 0
   vertex -5.77 20.01 0.1
   vertex -5.77 20.01 0
  endloop
 endfacet
  facet normal 0 0 0
    outer loop
   vertex -5.12 20.01 0
   vertex -5.12 20.01 0.1
   vertex -4.82 20.01 0.1
  endloop
 endfacet
  facet normal 0 0 0
    outer loop
   vertex -5.12 20.01 0
   vertex -4.82 20.01 0.1
   vertex -4.82 20.01 0
  endloop
 endfacet
  facet normal 0 0 0
    outer loop
   vertex -6.07 12.79 0
   vertex -6.07 12.79 0.1
   vertex -6.07 13 0
  endloop
 endfacet
  facet normal 0 0 0
    outer loop
   vertex -6.07 13 0
   vertex -6.07 13.21 0.1
   vertex -6.07 13.21 0
  endloop
 endfacet
  facet normal 0 0 0
    outer loop
   vertex -6.07 13 0
   vertex -6.07 12.79 0.1
   vertex -6.07 13.21 0.1
  endloop
 endfacet
  facet normal 0 0 0
    outer loop
   vertex -6.07 14.49 0
   vertex -6.07 14.49 0.1
   vertex -6.07 14.7 0
  endloop
 endfacet
  facet normal 0 0 0
    outer loop
   vertex -6.07 14.7 0
   vertex -6.07 14.91 0.1
   vertex -6.07 14.91 0
  endloop
 endfacet
  facet normal 0 0 0
    outer loop
   vertex -6.07 14.7 0
   vertex -6.07 14.49 0.1
   vertex -6.07 14.91 0.1
  endloop
 endfacet
  facet normal 0 0 0
    outer loop
   vertex -6.07 16.19 0
   vertex -6.07 16.19 0.1
   vertex -6.07 16.4 0
  endloop
 endfacet
  facet normal 0 0 0
    outer loop
   vertex -6.07 16.4 0
   vertex -6.07 16.61 0.1
   vertex -6.07 16.61 0
  endloop
 endfacet
  facet normal 0 0 0
    outer loop
   vertex -6.07 16.4 0
   vertex -6.07 16.19 0.1
   vertex -6.07 16.61 0.1
  endloop
 endfacet
  facet normal 0 0 0
    outer loop
   vertex -6.07 17.89 0
   vertex -6.07 17.89 0.1
   vertex -6.07 18.1 0
  endloop
 endfacet
  facet normal 0 0 0
    outer loop
   vertex -6.07 18.1 0
   vertex -6.07 18.31 0.1
   vertex -6.07 18.31 0
  endloop
 endfacet
  facet normal 0 0 0
    outer loop
   vertex -6.07 18.1 0
   vertex -6.07 17.89 0.1
   vertex -6.07 18.31 0.1
  endloop
 endfacet
  facet normal 0 0 0
    outer loop
   vertex -6.07 19.59 0
   vertex -6.07 19.59 0.1
   vertex -6.07 19.8 0
  endloop
 endfacet
  facet normal 0 0 0
    outer loop
   vertex -6.07 19.8 0
   vertex -6.07 20.01 0.1
   vertex -6.07 20.01 0
  endloop
 endfacet
  facet normal 0 0 0
    outer loop
   vertex -6.07 19.8 0
   vertex -6.07 19.59 0.1
   vertex -6.07 20.01 0.1
  endloop
 endfacet
  facet normal 0 0 0
    outer loop
   vertex -6.07 21.29 0
   vertex -6.07 21.29 0.1
   vertex -6.07 21.5 0
  endloop
 endfacet
  facet normal 0 0 0
    outer loop
   vertex -6.07 21.5 0
   vertex -6.07 21.71 0.1
   vertex -6.07 21.71 0
  endloop
 endfacet
  facet normal 0 0 0
    outer loop
   vertex -6.07 21.5 0
   vertex -6.07 21.29 0.1
   vertex -6.07 21.71 0.1
  endloop
 endfacet
  facet normal 0 0 0
    outer loop
   vertex -6.07 22.99 0
   vertex -6.07 22.99 0.1
   vertex -6.07 23.2 0
  endloop
 endfacet
  facet normal 0 0 0
    outer loop
   vertex -6.07 23.2 0
   vertex -6.07 23.41 0.1
   vertex -6.07 23.41 0
  endloop
 endfacet
  facet normal 0 0 0
    outer loop
   vertex -6.07 23.2 0
   vertex -6.07 22.99 0.1
   vertex -6.07 23.41 0.1
  endloop
 endfacet
  facet normal 0 0 0
    outer loop
   vertex -6.07 24.69 0
   vertex -6.07 24.69 0.1
   vertex -6.07 24.9 0
  endloop
 endfacet
  facet normal 0 0 0
    outer loop
   vertex -6.07 24.9 0
   vertex -6.07 25.11 0.1
   vertex -6.07 25.11 0
  endloop
 endfacet
  facet normal 0 0 0
    outer loop
   vertex -6.07 24.9 0
   vertex -6.07 24.69 0.1
   vertex -6.07 25.11 0.1
  endloop
 endfacet
  facet normal 0 0 0
    outer loop
   vertex -4.82 19.59 0
   vertex -4.82 19.59 0.1
   vertex -5.12 19.59 0.1
  endloop
 endfacet
  facet normal 0 0 0
    outer loop
   vertex -4.82 19.59 0
   vertex -5.12 19.59 0.1
   vertex -5.12 19.59 0
  endloop
 endfacet
  facet normal 0 0 0
    outer loop
   vertex -5.77 19.59 0
   vertex -5.77 19.59 0.1
   vertex -6.07 19.59 0.1
  endloop
 endfacet
  facet normal 0 0 0
    outer loop
   vertex -5.77 19.59 0
   vertex -6.07 19.59 0.1
   vertex -6.07 19.59 0
  endloop
 endfacet
  facet normal 0 0 0
    outer loop
   vertex -7.62 19.59 0
   vertex -7.62 19.59 0.1
   vertex -7.92 19.59 0.1
  endloop
 endfacet
  facet normal 0 0 0
    outer loop
   vertex -7.62 19.59 0
   vertex -7.92 19.59 0.1
   vertex -7.92 19.59 0
  endloop
 endfacet
  facet normal 0 0 0
    outer loop
   vertex -8.57 19.59 0
   vertex -8.57 19.59 0.1
   vertex -8.87 19.59 0.1
  endloop
 endfacet
  facet normal 0 0 0
    outer loop
   vertex -8.57 19.59 0
   vertex -8.87 19.59 0.1
   vertex -8.87 19.59 0
  endloop
 endfacet
  facet normal 0 0 0
    outer loop
   vertex -4.82 21.29 0
   vertex -4.82 21.29 0.1
   vertex -5.12 21.29 0.1
  endloop
 endfacet
  facet normal 0 0 0
    outer loop
   vertex -4.82 21.29 0
   vertex -5.12 21.29 0.1
   vertex -5.12 21.29 0
  endloop
 endfacet
  facet normal 0 0 0
    outer loop
   vertex -5.77 21.29 0
   vertex -5.77 21.29 0.1
   vertex -6.07 21.29 0.1
  endloop
 endfacet
  facet normal 0 0 0
    outer loop
   vertex -5.77 21.29 0
   vertex -6.07 21.29 0.1
   vertex -6.07 21.29 0
  endloop
 endfacet
  facet normal 0 0 0
    outer loop
   vertex -7.62 21.29 0
   vertex -7.62 21.29 0.1
   vertex -7.92 21.29 0.1
  endloop
 endfacet
  facet normal 0 0 0
    outer loop
   vertex -7.62 21.29 0
   vertex -7.92 21.29 0.1
   vertex -7.92 21.29 0
  endloop
 endfacet
  facet normal 0 0 0
    outer loop
   vertex -8.57 21.29 0
   vertex -8.57 21.29 0.1
   vertex -8.87 21.29 0.1
  endloop
 endfacet
  facet normal 0 0 0
    outer loop
   vertex -8.57 21.29 0
   vertex -8.87 21.29 0.1
   vertex -8.87 21.29 0
  endloop
 endfacet
  facet normal 0 0 0
    outer loop
   vertex -5.77 25.11 0
   vertex -5.77 25.11 0.1
   vertex -5.77 24.9 0
  endloop
 endfacet
  facet normal 0 0 0
    outer loop
   vertex -5.77 24.9 0
   vertex -5.77 24.69 0.1
   vertex -5.77 24.69 0
  endloop
 endfacet
  facet normal 0 0 0
    outer loop
   vertex -5.77 24.9 0
   vertex -5.77 25.11 0.1
   vertex -5.77 24.69 0.1
  endloop
 endfacet
  facet normal 0 0 0
    outer loop
   vertex -5.77 23.41 0
   vertex -5.77 23.41 0.1
   vertex -5.77 23.2 0
  endloop
 endfacet
  facet normal 0 0 0
    outer loop
   vertex -5.77 23.2 0
   vertex -5.77 22.99 0.1
   vertex -5.77 22.99 0
  endloop
 endfacet
  facet normal 0 0 0
    outer loop
   vertex -5.77 23.2 0
   vertex -5.77 23.41 0.1
   vertex -5.77 22.99 0.1
  endloop
 endfacet
  facet normal 0 0 0
    outer loop
   vertex -5.77 21.71 0
   vertex -5.77 21.71 0.1
   vertex -5.77 21.5 0
  endloop
 endfacet
  facet normal 0 0 0
    outer loop
   vertex -5.77 21.5 0
   vertex -5.77 21.29 0.1
   vertex -5.77 21.29 0
  endloop
 endfacet
  facet normal 0 0 0
    outer loop
   vertex -5.77 21.5 0
   vertex -5.77 21.71 0.1
   vertex -5.77 21.29 0.1
  endloop
 endfacet
  facet normal 0 0 0
    outer loop
   vertex -5.77 20.01 0
   vertex -5.77 20.01 0.1
   vertex -5.77 19.8 0
  endloop
 endfacet
  facet normal 0 0 0
    outer loop
   vertex -5.77 19.8 0
   vertex -5.77 19.59 0.1
   vertex -5.77 19.59 0
  endloop
 endfacet
  facet normal 0 0 0
    outer loop
   vertex -5.77 19.8 0
   vertex -5.77 20.01 0.1
   vertex -5.77 19.59 0.1
  endloop
 endfacet
  facet normal 0 0 0
    outer loop
   vertex -5.77 18.31 0
   vertex -5.77 18.31 0.1
   vertex -5.77 18.1 0
  endloop
 endfacet
  facet normal 0 0 0
    outer loop
   vertex -5.77 18.1 0
   vertex -5.77 17.89 0.1
   vertex -5.77 17.89 0
  endloop
 endfacet
  facet normal 0 0 0
    outer loop
   vertex -5.77 18.1 0
   vertex -5.77 18.31 0.1
   vertex -5.77 17.89 0.1
  endloop
 endfacet
  facet normal 0 0 0
    outer loop
   vertex -5.77 16.61 0
   vertex -5.77 16.61 0.1
   vertex -5.77 16.4 0
  endloop
 endfacet
  facet normal 0 0 0
    outer loop
   vertex -5.77 16.4 0
   vertex -5.77 16.19 0.1
   vertex -5.77 16.19 0
  endloop
 endfacet
  facet normal 0 0 0
    outer loop
   vertex -5.77 16.4 0
   vertex -5.77 16.61 0.1
   vertex -5.77 16.19 0.1
  endloop
 endfacet
  facet normal 0 0 0
    outer loop
   vertex -5.77 14.91 0
   vertex -5.77 14.91 0.1
   vertex -5.77 14.7 0
  endloop
 endfacet
  facet normal 0 0 0
    outer loop
   vertex -5.77 14.7 0
   vertex -5.77 14.49 0.1
   vertex -5.77 14.49 0
  endloop
 endfacet
  facet normal 0 0 0
    outer loop
   vertex -5.77 14.7 0
   vertex -5.77 14.91 0.1
   vertex -5.77 14.49 0.1
  endloop
 endfacet
  facet normal 0 0 0
    outer loop
   vertex -5.77 13.21 0
   vertex -5.77 13.21 0.1
   vertex -5.77 13 0
  endloop
 endfacet
  facet normal 0 0 0
    outer loop
   vertex -5.77 13 0
   vertex -5.77 12.79 0.1
   vertex -5.77 12.79 0
  endloop
 endfacet
  facet normal 0 0 0
    outer loop
   vertex -5.77 13 0
   vertex -5.77 13.21 0.1
   vertex -5.77 12.79 0.1
  endloop
 endfacet
  facet normal 0 0 0
    outer loop
   vertex -5.12 12.79 0
   vertex -5.12 12.79 0.1
   vertex -5.12 13 0
  endloop
 endfacet
  facet normal 0 0 0
    outer loop
   vertex -5.12 13 0
   vertex -5.12 13.21 0.1
   vertex -5.12 13.21 0
  endloop
 endfacet
  facet normal 0 0 0
    outer loop
   vertex -5.12 13 0
   vertex -5.12 12.79 0.1
   vertex -5.12 13.21 0.1
  endloop
 endfacet
  facet normal 0 0 0
    outer loop
   vertex -5.12 14.49 0
   vertex -5.12 14.49 0.1
   vertex -5.12 14.7 0
  endloop
 endfacet
  facet normal 0 0 0
    outer loop
   vertex -5.12 14.7 0
   vertex -5.12 14.91 0.1
   vertex -5.12 14.91 0
  endloop
 endfacet
  facet normal 0 0 0
    outer loop
   vertex -5.12 14.7 0
   vertex -5.12 14.49 0.1
   vertex -5.12 14.91 0.1
  endloop
 endfacet
  facet normal 0 0 0
    outer loop
   vertex -5.12 16.19 0
   vertex -5.12 16.19 0.1
   vertex -5.12 16.4 0
  endloop
 endfacet
  facet normal 0 0 0
    outer loop
   vertex -5.12 16.4 0
   vertex -5.12 16.61 0.1
   vertex -5.12 16.61 0
  endloop
 endfacet
  facet normal 0 0 0
    outer loop
   vertex -5.12 16.4 0
   vertex -5.12 16.19 0.1
   vertex -5.12 16.61 0.1
  endloop
 endfacet
  facet normal 0 0 0
    outer loop
   vertex -5.12 17.89 0
   vertex -5.12 17.89 0.1
   vertex -5.12 18.1 0
  endloop
 endfacet
  facet normal 0 0 0
    outer loop
   vertex -5.12 18.1 0
   vertex -5.12 18.31 0.1
   vertex -5.12 18.31 0
  endloop
 endfacet
  facet normal 0 0 0
    outer loop
   vertex -5.12 18.1 0
   vertex -5.12 17.89 0.1
   vertex -5.12 18.31 0.1
  endloop
 endfacet
  facet normal 0 0 0
    outer loop
   vertex -5.12 19.59 0
   vertex -5.12 19.59 0.1
   vertex -5.12 19.8 0
  endloop
 endfacet
  facet normal 0 0 0
    outer loop
   vertex -5.12 19.8 0
   vertex -5.12 20.01 0.1
   vertex -5.12 20.01 0
  endloop
 endfacet
  facet normal 0 0 0
    outer loop
   vertex -5.12 19.8 0
   vertex -5.12 19.59 0.1
   vertex -5.12 20.01 0.1
  endloop
 endfacet
  facet normal 0 0 0
    outer loop
   vertex -5.12 21.29 0
   vertex -5.12 21.29 0.1
   vertex -5.12 21.5 0
  endloop
 endfacet
  facet normal 0 0 0
    outer loop
   vertex -5.12 21.5 0
   vertex -5.12 21.71 0.1
   vertex -5.12 21.71 0
  endloop
 endfacet
  facet normal 0 0 0
    outer loop
   vertex -5.12 21.5 0
   vertex -5.12 21.29 0.1
   vertex -5.12 21.71 0.1
  endloop
 endfacet
  facet normal 0 0 0
    outer loop
   vertex -5.12 22.99 0
   vertex -5.12 22.99 0.1
   vertex -5.12 23.2 0
  endloop
 endfacet
  facet normal 0 0 0
    outer loop
   vertex -5.12 23.2 0
   vertex -5.12 23.41 0.1
   vertex -5.12 23.41 0
  endloop
 endfacet
  facet normal 0 0 0
    outer loop
   vertex -5.12 23.2 0
   vertex -5.12 22.99 0.1
   vertex -5.12 23.41 0.1
  endloop
 endfacet
  facet normal 0 0 0
    outer loop
   vertex -5.12 24.69 0
   vertex -5.12 24.69 0.1
   vertex -5.12 24.9 0
  endloop
 endfacet
  facet normal 0 0 0
    outer loop
   vertex -5.12 24.9 0
   vertex -5.12 25.11 0.1
   vertex -5.12 25.11 0
  endloop
 endfacet
  facet normal 0 0 0
    outer loop
   vertex -5.12 24.9 0
   vertex -5.12 24.69 0.1
   vertex -5.12 25.11 0.1
  endloop
 endfacet
  facet normal 0 0 0
    outer loop
   vertex -4.82 25.11 0
   vertex -4.82 25.11 0.1
   vertex -4.82 24.9 0
  endloop
 endfacet
  facet normal 0 0 0
    outer loop
   vertex -4.82 24.9 0
   vertex -4.82 24.69 0.1
   vertex -4.82 24.69 0
  endloop
 endfacet
  facet normal 0 0 0
    outer loop
   vertex -4.82 24.9 0
   vertex -4.82 25.11 0.1
   vertex -4.82 24.69 0.1
  endloop
 endfacet
  facet normal 0 0 0
    outer loop
   vertex -4.82 23.41 0
   vertex -4.82 23.41 0.1
   vertex -4.82 23.2 0
  endloop
 endfacet
  facet normal 0 0 0
    outer loop
   vertex -4.82 23.2 0
   vertex -4.82 22.99 0.1
   vertex -4.82 22.99 0
  endloop
 endfacet
  facet normal 0 0 0
    outer loop
   vertex -4.82 23.2 0
   vertex -4.82 23.41 0.1
   vertex -4.82 22.99 0.1
  endloop
 endfacet
  facet normal 0 0 0
    outer loop
   vertex -4.82 21.71 0
   vertex -4.82 21.71 0.1
   vertex -4.82 21.5 0
  endloop
 endfacet
  facet normal 0 0 0
    outer loop
   vertex -4.82 21.5 0
   vertex -4.82 21.29 0.1
   vertex -4.82 21.29 0
  endloop
 endfacet
  facet normal 0 0 0
    outer loop
   vertex -4.82 21.5 0
   vertex -4.82 21.71 0.1
   vertex -4.82 21.29 0.1
  endloop
 endfacet
  facet normal 0 0 0
    outer loop
   vertex -4.82 20.01 0
   vertex -4.82 20.01 0.1
   vertex -4.82 19.8 0
  endloop
 endfacet
  facet normal 0 0 0
    outer loop
   vertex -4.82 19.8 0
   vertex -4.82 19.59 0.1
   vertex -4.82 19.59 0
  endloop
 endfacet
  facet normal 0 0 0
    outer loop
   vertex -4.82 19.8 0
   vertex -4.82 20.01 0.1
   vertex -4.82 19.59 0.1
  endloop
 endfacet
  facet normal 0 0 0
    outer loop
   vertex -4.82 18.31 0
   vertex -4.82 18.31 0.1
   vertex -4.82 18.1 0
  endloop
 endfacet
  facet normal 0 0 0
    outer loop
   vertex -4.82 18.1 0
   vertex -4.82 17.89 0.1
   vertex -4.82 17.89 0
  endloop
 endfacet
  facet normal 0 0 0
    outer loop
   vertex -4.82 18.1 0
   vertex -4.82 18.31 0.1
   vertex -4.82 17.89 0.1
  endloop
 endfacet
  facet normal 0 0 0
    outer loop
   vertex -4.82 16.61 0
   vertex -4.82 16.61 0.1
   vertex -4.82 16.4 0
  endloop
 endfacet
  facet normal 0 0 0
    outer loop
   vertex -4.82 16.4 0
   vertex -4.82 16.19 0.1
   vertex -4.82 16.19 0
  endloop
 endfacet
  facet normal 0 0 0
    outer loop
   vertex -4.82 16.4 0
   vertex -4.82 16.61 0.1
   vertex -4.82 16.19 0.1
  endloop
 endfacet
  facet normal 0 0 0
    outer loop
   vertex -4.82 14.91 0
   vertex -4.82 14.91 0.1
   vertex -4.82 14.7 0
  endloop
 endfacet
  facet normal 0 0 0
    outer loop
   vertex -4.82 14.7 0
   vertex -4.82 14.49 0.1
   vertex -4.82 14.49 0
  endloop
 endfacet
  facet normal 0 0 0
    outer loop
   vertex -4.82 14.7 0
   vertex -4.82 14.91 0.1
   vertex -4.82 14.49 0.1
  endloop
 endfacet
  facet normal 0 0 0
    outer loop
   vertex -4.82 13.21 0
   vertex -4.82 13.21 0.1
   vertex -4.82 13 0
  endloop
 endfacet
  facet normal 0 0 0
    outer loop
   vertex -4.82 13 0
   vertex -4.82 12.79 0.1
   vertex -4.82 12.79 0
  endloop
 endfacet
  facet normal 0 0 0
    outer loop
   vertex -4.82 13 0
   vertex -4.82 13.21 0.1
   vertex -4.82 12.79 0.1
  endloop
 endfacet
  facet normal 0 0 0
    outer loop
   vertex -8.87 21.71 0
   vertex -8.87 21.71 0.1
   vertex -8.57 21.71 0.1
  endloop
 endfacet
  facet normal 0 0 0
    outer loop
   vertex -8.87 21.71 0
   vertex -8.57 21.71 0.1
   vertex -8.57 21.71 0
  endloop
 endfacet
  facet normal 0 0 0
    outer loop
   vertex -7.92 21.71 0
   vertex -7.92 21.71 0.1
   vertex -7.62 21.71 0.1
  endloop
 endfacet
  facet normal 0 0 0
    outer loop
   vertex -7.92 21.71 0
   vertex -7.62 21.71 0.1
   vertex -7.62 21.71 0
  endloop
 endfacet
  facet normal 0 0 0
    outer loop
   vertex -6.07 21.71 0
   vertex -6.07 21.71 0.1
   vertex -5.77 21.71 0.1
  endloop
 endfacet
  facet normal 0 0 0
    outer loop
   vertex -6.07 21.71 0
   vertex -5.77 21.71 0.1
   vertex -5.77 21.71 0
  endloop
 endfacet
  facet normal 0 0 0
    outer loop
   vertex -5.12 21.71 0
   vertex -5.12 21.71 0.1
   vertex -4.82 21.71 0.1
  endloop
 endfacet
  facet normal 0 0 0
    outer loop
   vertex -5.12 21.71 0
   vertex -4.82 21.71 0.1
   vertex -4.82 21.71 0
  endloop
 endfacet
  facet normal 0 0 0
    outer loop
   vertex -8.87 23.41 0
   vertex -8.87 23.41 0.1
   vertex -8.57 23.41 0.1
  endloop
 endfacet
  facet normal 0 0 0
    outer loop
   vertex -8.87 23.41 0
   vertex -8.57 23.41 0.1
   vertex -8.57 23.41 0
  endloop
 endfacet
  facet normal 0 0 0
    outer loop
   vertex -7.92 23.41 0
   vertex -7.92 23.41 0.1
   vertex -7.62 23.41 0.1
  endloop
 endfacet
  facet normal 0 0 0
    outer loop
   vertex -7.92 23.41 0
   vertex -7.62 23.41 0.1
   vertex -7.62 23.41 0
  endloop
 endfacet
  facet normal 0 0 0
    outer loop
   vertex -6.07 23.41 0
   vertex -6.07 23.41 0.1
   vertex -5.77 23.41 0.1
  endloop
 endfacet
  facet normal 0 0 0
    outer loop
   vertex -6.07 23.41 0
   vertex -5.77 23.41 0.1
   vertex -5.77 23.41 0
  endloop
 endfacet
  facet normal 0 0 0
    outer loop
   vertex -5.12 23.41 0
   vertex -5.12 23.41 0.1
   vertex -4.82 23.41 0.1
  endloop
 endfacet
  facet normal 0 0 0
    outer loop
   vertex -5.12 23.41 0
   vertex -4.82 23.41 0.1
   vertex -4.82 23.41 0
  endloop
 endfacet
  facet normal 0 0 0
    outer loop
   vertex -4.82 22.99 0
   vertex -4.82 22.99 0.1
   vertex -5.12 22.99 0.1
  endloop
 endfacet
  facet normal 0 0 0
    outer loop
   vertex -4.82 22.99 0
   vertex -5.12 22.99 0.1
   vertex -5.12 22.99 0
  endloop
 endfacet
  facet normal 0 0 0
    outer loop
   vertex -5.77 22.99 0
   vertex -5.77 22.99 0.1
   vertex -6.07 22.99 0.1
  endloop
 endfacet
  facet normal 0 0 0
    outer loop
   vertex -5.77 22.99 0
   vertex -6.07 22.99 0.1
   vertex -6.07 22.99 0
  endloop
 endfacet
  facet normal 0 0 0
    outer loop
   vertex -7.62 22.99 0
   vertex -7.62 22.99 0.1
   vertex -7.92 22.99 0.1
  endloop
 endfacet
  facet normal 0 0 0
    outer loop
   vertex -7.62 22.99 0
   vertex -7.92 22.99 0.1
   vertex -7.92 22.99 0
  endloop
 endfacet
  facet normal 0 0 0
    outer loop
   vertex -8.57 22.99 0
   vertex -8.57 22.99 0.1
   vertex -8.87 22.99 0.1
  endloop
 endfacet
  facet normal 0 0 0
    outer loop
   vertex -8.57 22.99 0
   vertex -8.87 22.99 0.1
   vertex -8.87 22.99 0
  endloop
 endfacet
  facet normal 0 0 0
    outer loop
   vertex -4.82 24.69 0
   vertex -4.82 24.69 0.1
   vertex -5.12 24.69 0.1
  endloop
 endfacet
  facet normal 0 0 0
    outer loop
   vertex -4.82 24.69 0
   vertex -5.12 24.69 0.1
   vertex -5.12 24.69 0
  endloop
 endfacet
  facet normal 0 0 0
    outer loop
   vertex -5.77 24.69 0
   vertex -5.77 24.69 0.1
   vertex -6.07 24.69 0.1
  endloop
 endfacet
  facet normal 0 0 0
    outer loop
   vertex -5.77 24.69 0
   vertex -6.07 24.69 0.1
   vertex -6.07 24.69 0
  endloop
 endfacet
  facet normal 0 0 0
    outer loop
   vertex -7.62 24.69 0
   vertex -7.62 24.69 0.1
   vertex -7.92 24.69 0.1
  endloop
 endfacet
  facet normal 0 0 0
    outer loop
   vertex -7.62 24.69 0
   vertex -7.92 24.69 0.1
   vertex -7.92 24.69 0
  endloop
 endfacet
  facet normal 0 0 0
    outer loop
   vertex -8.57 24.69 0
   vertex -8.57 24.69 0.1
   vertex -8.87 24.69 0.1
  endloop
 endfacet
  facet normal 0 0 0
    outer loop
   vertex -8.57 24.69 0
   vertex -8.87 24.69 0.1
   vertex -8.87 24.69 0
  endloop
 endfacet
  facet normal 0 0 0
    outer loop
   vertex -8.87 25.11 0
   vertex -8.87 25.11 0.1
   vertex -8.57 25.11 0.1
  endloop
 endfacet
  facet normal 0 0 0
    outer loop
   vertex -8.87 25.11 0
   vertex -8.57 25.11 0.1
   vertex -8.57 25.11 0
  endloop
 endfacet
  facet normal 0 0 0
    outer loop
   vertex -7.92 25.11 0
   vertex -7.92 25.11 0.1
   vertex -7.62 25.11 0.1
  endloop
 endfacet
  facet normal 0 0 0
    outer loop
   vertex -7.92 25.11 0
   vertex -7.62 25.11 0.1
   vertex -7.62 25.11 0
  endloop
 endfacet
  facet normal 0 0 0
    outer loop
   vertex -6.07 25.11 0
   vertex -6.07 25.11 0.1
   vertex -5.77 25.11 0.1
  endloop
 endfacet
  facet normal 0 0 0
    outer loop
   vertex -6.07 25.11 0
   vertex -5.77 25.11 0.1
   vertex -5.77 25.11 0
  endloop
 endfacet
  facet normal 0 0 0
    outer loop
   vertex -5.12 25.11 0
   vertex -5.12 25.11 0.1
   vertex -4.82 25.11 0.1
  endloop
 endfacet
  facet normal 0 0 0
    outer loop
   vertex -5.12 25.11 0
   vertex -4.82 25.11 0.1
   vertex -4.82 25.11 0
  endloop
 endfacet
  facet normal 0 0 0
    outer loop
   vertex -7.62 25.11 0
   vertex -7.62 25.11 0.1
   vertex -7.62 24.9 0
  endloop
 endfacet
  facet normal 0 0 0
    outer loop
   vertex -7.62 24.9 0
   vertex -7.62 24.69 0.1
   vertex -7.62 24.69 0
  endloop
 endfacet
  facet normal 0 0 0
    outer loop
   vertex -7.62 24.9 0
   vertex -7.62 25.11 0.1
   vertex -7.62 24.69 0.1
  endloop
 endfacet
  facet normal 0 0 0
    outer loop
   vertex -7.62 23.41 0
   vertex -7.62 23.41 0.1
   vertex -7.62 23.2 0
  endloop
 endfacet
  facet normal 0 0 0
    outer loop
   vertex -7.62 23.2 0
   vertex -7.62 22.99 0.1
   vertex -7.62 22.99 0
  endloop
 endfacet
  facet normal 0 0 0
    outer loop
   vertex -7.62 23.2 0
   vertex -7.62 23.41 0.1
   vertex -7.62 22.99 0.1
  endloop
 endfacet
  facet normal 0 0 0
    outer loop
   vertex -7.62 21.71 0
   vertex -7.62 21.71 0.1
   vertex -7.62 21.5 0
  endloop
 endfacet
  facet normal 0 0 0
    outer loop
   vertex -7.62 21.5 0
   vertex -7.62 21.29 0.1
   vertex -7.62 21.29 0
  endloop
 endfacet
  facet normal 0 0 0
    outer loop
   vertex -7.62 21.5 0
   vertex -7.62 21.71 0.1
   vertex -7.62 21.29 0.1
  endloop
 endfacet
  facet normal 0 0 0
    outer loop
   vertex -7.62 20.01 0
   vertex -7.62 20.01 0.1
   vertex -7.62 19.8 0
  endloop
 endfacet
  facet normal 0 0 0
    outer loop
   vertex -7.62 19.8 0
   vertex -7.62 19.59 0.1
   vertex -7.62 19.59 0
  endloop
 endfacet
  facet normal 0 0 0
    outer loop
   vertex -7.62 19.8 0
   vertex -7.62 20.01 0.1
   vertex -7.62 19.59 0.1
  endloop
 endfacet
  facet normal 0 0 0
    outer loop
   vertex -7.62 18.31 0
   vertex -7.62 18.31 0.1
   vertex -7.62 18.1 0
  endloop
 endfacet
  facet normal 0 0 0
    outer loop
   vertex -7.62 18.1 0
   vertex -7.62 17.89 0.1
   vertex -7.62 17.89 0
  endloop
 endfacet
  facet normal 0 0 0
    outer loop
   vertex -7.62 18.1 0
   vertex -7.62 18.31 0.1
   vertex -7.62 17.89 0.1
  endloop
 endfacet
  facet normal 0 0 0
    outer loop
   vertex -7.62 16.61 0
   vertex -7.62 16.61 0.1
   vertex -7.62 16.4 0
  endloop
 endfacet
  facet normal 0 0 0
    outer loop
   vertex -7.62 16.4 0
   vertex -7.62 16.19 0.1
   vertex -7.62 16.19 0
  endloop
 endfacet
  facet normal 0 0 0
    outer loop
   vertex -7.62 16.4 0
   vertex -7.62 16.61 0.1
   vertex -7.62 16.19 0.1
  endloop
 endfacet
  facet normal 0 0 0
    outer loop
   vertex -7.62 14.91 0
   vertex -7.62 14.91 0.1
   vertex -7.62 14.7 0
  endloop
 endfacet
  facet normal 0 0 0
    outer loop
   vertex -7.62 14.7 0
   vertex -7.62 14.49 0.1
   vertex -7.62 14.49 0
  endloop
 endfacet
  facet normal 0 0 0
    outer loop
   vertex -7.62 14.7 0
   vertex -7.62 14.91 0.1
   vertex -7.62 14.49 0.1
  endloop
 endfacet
  facet normal 0 0 0
    outer loop
   vertex -7.62 13.21 0
   vertex -7.62 13.21 0.1
   vertex -7.62 13 0
  endloop
 endfacet
  facet normal 0 0 0
    outer loop
   vertex -7.62 13 0
   vertex -7.62 12.79 0.1
   vertex -7.62 12.79 0
  endloop
 endfacet
  facet normal 0 0 0
    outer loop
   vertex -7.62 13 0
   vertex -7.62 13.21 0.1
   vertex -7.62 12.79 0.1
  endloop
 endfacet
  facet normal 0 0 0
    outer loop
   vertex -8.87 12.79 0
   vertex -8.87 12.79 0.1
   vertex -8.87 13 0
  endloop
 endfacet
  facet normal 0 0 0
    outer loop
   vertex -8.87 13 0
   vertex -8.87 13.21 0.1
   vertex -8.87 13.21 0
  endloop
 endfacet
  facet normal 0 0 0
    outer loop
   vertex -8.87 13 0
   vertex -8.87 12.79 0.1
   vertex -8.87 13.21 0.1
  endloop
 endfacet
  facet normal 0 0 0
    outer loop
   vertex -8.87 14.49 0
   vertex -8.87 14.49 0.1
   vertex -8.87 14.7 0
  endloop
 endfacet
  facet normal 0 0 0
    outer loop
   vertex -8.87 14.7 0
   vertex -8.87 14.91 0.1
   vertex -8.87 14.91 0
  endloop
 endfacet
  facet normal 0 0 0
    outer loop
   vertex -8.87 14.7 0
   vertex -8.87 14.49 0.1
   vertex -8.87 14.91 0.1
  endloop
 endfacet
  facet normal 0 0 0
    outer loop
   vertex -8.87 16.19 0
   vertex -8.87 16.19 0.1
   vertex -8.87 16.4 0
  endloop
 endfacet
  facet normal 0 0 0
    outer loop
   vertex -8.87 16.4 0
   vertex -8.87 16.61 0.1
   vertex -8.87 16.61 0
  endloop
 endfacet
  facet normal 0 0 0
    outer loop
   vertex -8.87 16.4 0
   vertex -8.87 16.19 0.1
   vertex -8.87 16.61 0.1
  endloop
 endfacet
  facet normal 0 0 0
    outer loop
   vertex -8.87 17.89 0
   vertex -8.87 17.89 0.1
   vertex -8.87 18.1 0
  endloop
 endfacet
  facet normal 0 0 0
    outer loop
   vertex -8.87 18.1 0
   vertex -8.87 18.31 0.1
   vertex -8.87 18.31 0
  endloop
 endfacet
  facet normal 0 0 0
    outer loop
   vertex -8.87 18.1 0
   vertex -8.87 17.89 0.1
   vertex -8.87 18.31 0.1
  endloop
 endfacet
  facet normal 0 0 0
    outer loop
   vertex -8.87 19.59 0
   vertex -8.87 19.59 0.1
   vertex -8.87 19.8 0
  endloop
 endfacet
  facet normal 0 0 0
    outer loop
   vertex -8.87 19.8 0
   vertex -8.87 20.01 0.1
   vertex -8.87 20.01 0
  endloop
 endfacet
  facet normal 0 0 0
    outer loop
   vertex -8.87 19.8 0
   vertex -8.87 19.59 0.1
   vertex -8.87 20.01 0.1
  endloop
 endfacet
  facet normal 0 0 0
    outer loop
   vertex -8.87 21.29 0
   vertex -8.87 21.29 0.1
   vertex -8.87 21.5 0
  endloop
 endfacet
  facet normal 0 0 0
    outer loop
   vertex -8.87 21.5 0
   vertex -8.87 21.71 0.1
   vertex -8.87 21.71 0
  endloop
 endfacet
  facet normal 0 0 0
    outer loop
   vertex -8.87 21.5 0
   vertex -8.87 21.29 0.1
   vertex -8.87 21.71 0.1
  endloop
 endfacet
  facet normal 0 0 0
    outer loop
   vertex -8.87 22.99 0
   vertex -8.87 22.99 0.1
   vertex -8.87 23.2 0
  endloop
 endfacet
  facet normal 0 0 0
    outer loop
   vertex -8.87 23.2 0
   vertex -8.87 23.41 0.1
   vertex -8.87 23.41 0
  endloop
 endfacet
  facet normal 0 0 0
    outer loop
   vertex -8.87 23.2 0
   vertex -8.87 22.99 0.1
   vertex -8.87 23.41 0.1
  endloop
 endfacet
  facet normal 0 0 0
    outer loop
   vertex -8.87 24.69 0
   vertex -8.87 24.69 0.1
   vertex -8.87 24.9 0
  endloop
 endfacet
  facet normal 0 0 0
    outer loop
   vertex -8.87 24.9 0
   vertex -8.87 25.11 0.1
   vertex -8.87 25.11 0
  endloop
 endfacet
  facet normal 0 0 0
    outer loop
   vertex -8.87 24.9 0
   vertex -8.87 24.69 0.1
   vertex -8.87 25.11 0.1
  endloop
 endfacet
  facet normal 0 0 0
    outer loop
   vertex -8.57 25.11 0
   vertex -8.57 25.11 0.1
   vertex -8.57 24.9 0
  endloop
 endfacet
  facet normal 0 0 0
    outer loop
   vertex -8.57 24.9 0
   vertex -8.57 24.69 0.1
   vertex -8.57 24.69 0
  endloop
 endfacet
  facet normal 0 0 0
    outer loop
   vertex -8.57 24.9 0
   vertex -8.57 25.11 0.1
   vertex -8.57 24.69 0.1
  endloop
 endfacet
  facet normal 0 0 0
    outer loop
   vertex -8.57 23.41 0
   vertex -8.57 23.41 0.1
   vertex -8.57 23.2 0
  endloop
 endfacet
  facet normal 0 0 0
    outer loop
   vertex -8.57 23.2 0
   vertex -8.57 22.99 0.1
   vertex -8.57 22.99 0
  endloop
 endfacet
  facet normal 0 0 0
    outer loop
   vertex -8.57 23.2 0
   vertex -8.57 23.41 0.1
   vertex -8.57 22.99 0.1
  endloop
 endfacet
  facet normal 0 0 0
    outer loop
   vertex -8.57 21.71 0
   vertex -8.57 21.71 0.1
   vertex -8.57 21.5 0
  endloop
 endfacet
  facet normal 0 0 0
    outer loop
   vertex -8.57 21.5 0
   vertex -8.57 21.29 0.1
   vertex -8.57 21.29 0
  endloop
 endfacet
  facet normal 0 0 0
    outer loop
   vertex -8.57 21.5 0
   vertex -8.57 21.71 0.1
   vertex -8.57 21.29 0.1
  endloop
 endfacet
  facet normal 0 0 0
    outer loop
   vertex -8.57 20.01 0
   vertex -8.57 20.01 0.1
   vertex -8.57 19.8 0
  endloop
 endfacet
  facet normal 0 0 0
    outer loop
   vertex -8.57 19.8 0
   vertex -8.57 19.59 0.1
   vertex -8.57 19.59 0
  endloop
 endfacet
  facet normal 0 0 0
    outer loop
   vertex -8.57 19.8 0
   vertex -8.57 20.01 0.1
   vertex -8.57 19.59 0.1
  endloop
 endfacet
  facet normal 0 0 0
    outer loop
   vertex -8.57 18.31 0
   vertex -8.57 18.31 0.1
   vertex -8.57 18.1 0
  endloop
 endfacet
  facet normal 0 0 0
    outer loop
   vertex -8.57 18.1 0
   vertex -8.57 17.89 0.1
   vertex -8.57 17.89 0
  endloop
 endfacet
  facet normal 0 0 0
    outer loop
   vertex -8.57 18.1 0
   vertex -8.57 18.31 0.1
   vertex -8.57 17.89 0.1
  endloop
 endfacet
  facet normal 0 0 0
    outer loop
   vertex -8.57 16.61 0
   vertex -8.57 16.61 0.1
   vertex -8.57 16.4 0
  endloop
 endfacet
  facet normal 0 0 0
    outer loop
   vertex -8.57 16.4 0
   vertex -8.57 16.19 0.1
   vertex -8.57 16.19 0
  endloop
 endfacet
  facet normal 0 0 0
    outer loop
   vertex -8.57 16.4 0
   vertex -8.57 16.61 0.1
   vertex -8.57 16.19 0.1
  endloop
 endfacet
  facet normal 0 0 0
    outer loop
   vertex -8.57 14.91 0
   vertex -8.57 14.91 0.1
   vertex -8.57 14.7 0
  endloop
 endfacet
  facet normal 0 0 0
    outer loop
   vertex -8.57 14.7 0
   vertex -8.57 14.49 0.1
   vertex -8.57 14.49 0
  endloop
 endfacet
  facet normal 0 0 0
    outer loop
   vertex -8.57 14.7 0
   vertex -8.57 14.91 0.1
   vertex -8.57 14.49 0.1
  endloop
 endfacet
  facet normal 0 0 0
    outer loop
   vertex -8.57 13.21 0
   vertex -8.57 13.21 0.1
   vertex -8.57 13 0
  endloop
 endfacet
  facet normal 0 0 0
    outer loop
   vertex -8.57 13 0
   vertex -8.57 12.79 0.1
   vertex -8.57 12.79 0
  endloop
 endfacet
  facet normal 0 0 0
    outer loop
   vertex -8.57 13 0
   vertex -8.57 13.21 0.1
   vertex -8.57 12.79 0.1
  endloop
 endfacet
  facet normal 0 0 0
    outer loop
   vertex -7.92 12.79 0
   vertex -7.92 12.79 0.1
   vertex -7.92 13 0
  endloop
 endfacet
  facet normal 0 0 0
    outer loop
   vertex -7.92 13 0
   vertex -7.92 13.21 0.1
   vertex -7.92 13.21 0
  endloop
 endfacet
  facet normal 0 0 0
    outer loop
   vertex -7.92 13 0
   vertex -7.92 12.79 0.1
   vertex -7.92 13.21 0.1
  endloop
 endfacet
  facet normal 0 0 0
    outer loop
   vertex -7.92 14.49 0
   vertex -7.92 14.49 0.1
   vertex -7.92 14.7 0
  endloop
 endfacet
  facet normal 0 0 0
    outer loop
   vertex -7.92 14.7 0
   vertex -7.92 14.91 0.1
   vertex -7.92 14.91 0
  endloop
 endfacet
  facet normal 0 0 0
    outer loop
   vertex -7.92 14.7 0
   vertex -7.92 14.49 0.1
   vertex -7.92 14.91 0.1
  endloop
 endfacet
  facet normal 0 0 0
    outer loop
   vertex -7.92 16.19 0
   vertex -7.92 16.19 0.1
   vertex -7.92 16.4 0
  endloop
 endfacet
  facet normal 0 0 0
    outer loop
   vertex -7.92 16.4 0
   vertex -7.92 16.61 0.1
   vertex -7.92 16.61 0
  endloop
 endfacet
  facet normal 0 0 0
    outer loop
   vertex -7.92 16.4 0
   vertex -7.92 16.19 0.1
   vertex -7.92 16.61 0.1
  endloop
 endfacet
  facet normal 0 0 0
    outer loop
   vertex -7.92 17.89 0
   vertex -7.92 17.89 0.1
   vertex -7.92 18.1 0
  endloop
 endfacet
  facet normal 0 0 0
    outer loop
   vertex -7.92 18.1 0
   vertex -7.92 18.31 0.1
   vertex -7.92 18.31 0
  endloop
 endfacet
  facet normal 0 0 0
    outer loop
   vertex -7.92 18.1 0
   vertex -7.92 17.89 0.1
   vertex -7.92 18.31 0.1
  endloop
 endfacet
  facet normal 0 0 0
    outer loop
   vertex -7.92 19.59 0
   vertex -7.92 19.59 0.1
   vertex -7.92 19.8 0
  endloop
 endfacet
  facet normal 0 0 0
    outer loop
   vertex -7.92 19.8 0
   vertex -7.92 20.01 0.1
   vertex -7.92 20.01 0
  endloop
 endfacet
  facet normal 0 0 0
    outer loop
   vertex -7.92 19.8 0
   vertex -7.92 19.59 0.1
   vertex -7.92 20.01 0.1
  endloop
 endfacet
  facet normal 0 0 0
    outer loop
   vertex -7.92 21.29 0
   vertex -7.92 21.29 0.1
   vertex -7.92 21.5 0
  endloop
 endfacet
  facet normal 0 0 0
    outer loop
   vertex -7.92 21.5 0
   vertex -7.92 21.71 0.1
   vertex -7.92 21.71 0
  endloop
 endfacet
  facet normal 0 0 0
    outer loop
   vertex -7.92 21.5 0
   vertex -7.92 21.29 0.1
   vertex -7.92 21.71 0.1
  endloop
 endfacet
  facet normal 0 0 0
    outer loop
   vertex -7.92 22.99 0
   vertex -7.92 22.99 0.1
   vertex -7.92 23.2 0
  endloop
 endfacet
  facet normal 0 0 0
    outer loop
   vertex -7.92 23.2 0
   vertex -7.92 23.41 0.1
   vertex -7.92 23.41 0
  endloop
 endfacet
  facet normal 0 0 0
    outer loop
   vertex -7.92 23.2 0
   vertex -7.92 22.99 0.1
   vertex -7.92 23.41 0.1
  endloop
 endfacet
  facet normal 0 0 0
    outer loop
   vertex -7.92 24.69 0
   vertex -7.92 24.69 0.1
   vertex -7.92 24.9 0
  endloop
 endfacet
  facet normal 0 0 0
    outer loop
   vertex -7.92 24.9 0
   vertex -7.92 25.11 0.1
   vertex -7.92 25.11 0
  endloop
 endfacet
  facet normal 0 0 0
    outer loop
   vertex -7.92 24.9 0
   vertex -7.92 24.69 0.1
   vertex -7.92 25.11 0.1
  endloop
 endfacet
  facet normal 0 0 0
    outer loop
   vertex -4.82 17.89 0
   vertex -4.82 17.89 0.1
   vertex -5.12 17.89 0.1
  endloop
 endfacet
  facet normal 0 0 0
    outer loop
   vertex -4.82 17.89 0
   vertex -5.12 17.89 0.1
   vertex -5.12 17.89 0
  endloop
 endfacet
  facet normal 0 0 0
    outer loop
   vertex -5.77 17.89 0
   vertex -5.77 17.89 0.1
   vertex -6.07 17.89 0.1
  endloop
 endfacet
  facet normal 0 0 0
    outer loop
   vertex -5.77 17.89 0
   vertex -6.07 17.89 0.1
   vertex -6.07 17.89 0
  endloop
 endfacet
  facet normal 0 0 0
    outer loop
   vertex -7.62 17.89 0
   vertex -7.62 17.89 0.1
   vertex -7.92 17.89 0.1
  endloop
 endfacet
  facet normal 0 0 0
    outer loop
   vertex -7.62 17.89 0
   vertex -7.92 17.89 0.1
   vertex -7.92 17.89 0
  endloop
 endfacet
  facet normal 0 0 0
    outer loop
   vertex -8.57 17.89 0
   vertex -8.57 17.89 0.1
   vertex -8.87 17.89 0.1
  endloop
 endfacet
  facet normal 0 0 0
    outer loop
   vertex -8.57 17.89 0
   vertex -8.87 17.89 0.1
   vertex -8.87 17.89 0
  endloop
 endfacet
  facet normal 0 0 0
    outer loop
   vertex -8.87 18.31 0
   vertex -8.87 18.31 0.1
   vertex -8.57 18.31 0.1
  endloop
 endfacet
  facet normal 0 0 0
    outer loop
   vertex -8.87 18.31 0
   vertex -8.57 18.31 0.1
   vertex -8.57 18.31 0
  endloop
 endfacet
  facet normal 0 0 0
    outer loop
   vertex -7.92 18.31 0
   vertex -7.92 18.31 0.1
   vertex -7.62 18.31 0.1
  endloop
 endfacet
  facet normal 0 0 0
    outer loop
   vertex -7.92 18.31 0
   vertex -7.62 18.31 0.1
   vertex -7.62 18.31 0
  endloop
 endfacet
  facet normal 0 0 0
    outer loop
   vertex -6.07 18.31 0
   vertex -6.07 18.31 0.1
   vertex -5.77 18.31 0.1
  endloop
 endfacet
  facet normal 0 0 0
    outer loop
   vertex -6.07 18.31 0
   vertex -5.77 18.31 0.1
   vertex -5.77 18.31 0
  endloop
 endfacet
  facet normal 0 0 0
    outer loop
   vertex -5.12 18.31 0
   vertex -5.12 18.31 0.1
   vertex -4.82 18.31 0.1
  endloop
 endfacet
  facet normal 0 0 0
    outer loop
   vertex -5.12 18.31 0
   vertex -4.82 18.31 0.1
   vertex -4.82 18.31 0
  endloop
 endfacet
  facet normal 0 0 0
    outer loop
   vertex -9.32 13.21 0
   vertex -9.32 13.21 0.1
   vertex -9.02 13.21 0.1
  endloop
 endfacet
  facet normal 0 0 0
    outer loop
   vertex -9.32 13.21 0
   vertex -9.02 13.21 0.1
   vertex -9.02 13.21 0
  endloop
 endfacet
  facet normal 0 0 0
    outer loop
   vertex -8.87 13.21 0
   vertex -8.87 13.21 0.1
   vertex -8.57 13.21 0.1
  endloop
 endfacet
  facet normal 0 0 0
    outer loop
   vertex -8.87 13.21 0
   vertex -8.57 13.21 0.1
   vertex -8.57 13.21 0
  endloop
 endfacet
  facet normal 0 0 0
    outer loop
   vertex -7.92 13.21 0
   vertex -7.92 13.21 0.1
   vertex -7.62 13.21 0.1
  endloop
 endfacet
  facet normal 0 0 0
    outer loop
   vertex -7.92 13.21 0
   vertex -7.62 13.21 0.1
   vertex -7.62 13.21 0
  endloop
 endfacet
  facet normal 0 0 0
    outer loop
   vertex -6.07 13.21 0
   vertex -6.07 13.21 0.1
   vertex -5.77 13.21 0.1
  endloop
 endfacet
  facet normal 0 0 0
    outer loop
   vertex -6.07 13.21 0
   vertex -5.77 13.21 0.1
   vertex -5.77 13.21 0
  endloop
 endfacet
  facet normal 0 0 0
    outer loop
   vertex -5.12 13.21 0
   vertex -5.12 13.21 0.1
   vertex -4.82 13.21 0.1
  endloop
 endfacet
  facet normal 0 0 0
    outer loop
   vertex -5.12 13.21 0
   vertex -4.82 13.21 0.1
   vertex -4.82 13.21 0
  endloop
 endfacet
  facet normal 0 0 0
    outer loop
   vertex -9.32 12.79 0
   vertex -9.32 12.79 0.1
   vertex -9.32 13 0
  endloop
 endfacet
  facet normal 0 0 0
    outer loop
   vertex -9.32 13 0
   vertex -9.32 13.21 0.1
   vertex -9.32 13.21 0
  endloop
 endfacet
  facet normal 0 0 0
    outer loop
   vertex -9.32 13 0
   vertex -9.32 12.79 0.1
   vertex -9.32 13.21 0.1
  endloop
 endfacet
  facet normal 0 0 0
    outer loop
   vertex -4.82 12.79 0
   vertex -4.82 12.79 0.1
   vertex -5.12 12.79 0.1
  endloop
 endfacet
  facet normal 0 0 0
    outer loop
   vertex -4.82 12.79 0
   vertex -5.12 12.79 0.1
   vertex -5.12 12.79 0
  endloop
 endfacet
  facet normal 0 0 0
    outer loop
   vertex -5.77 12.79 0
   vertex -5.77 12.79 0.1
   vertex -6.07 12.79 0.1
  endloop
 endfacet
  facet normal 0 0 0
    outer loop
   vertex -5.77 12.79 0
   vertex -6.07 12.79 0.1
   vertex -6.07 12.79 0
  endloop
 endfacet
  facet normal 0 0 0
    outer loop
   vertex -7.62 12.79 0
   vertex -7.62 12.79 0.1
   vertex -7.92 12.79 0.1
  endloop
 endfacet
  facet normal 0 0 0
    outer loop
   vertex -7.62 12.79 0
   vertex -7.92 12.79 0.1
   vertex -7.92 12.79 0
  endloop
 endfacet
  facet normal 0 0 0
    outer loop
   vertex -8.57 12.79 0
   vertex -8.57 12.79 0.1
   vertex -8.87 12.79 0.1
  endloop
 endfacet
  facet normal 0 0 0
    outer loop
   vertex -8.57 12.79 0
   vertex -8.87 12.79 0.1
   vertex -8.87 12.79 0
  endloop
 endfacet
  facet normal 0 0 0
    outer loop
   vertex -9.02 12.79 0
   vertex -9.02 12.79 0.1
   vertex -9.32 12.79 0.1
  endloop
 endfacet
  facet normal 0 0 0
    outer loop
   vertex -9.02 12.79 0
   vertex -9.32 12.79 0.1
   vertex -9.32 12.79 0
  endloop
 endfacet
  facet normal 0 0 0
    outer loop
   vertex -9.02 13.21 0
   vertex -9.02 13.21 0.1
   vertex -9.02 13 0
  endloop
 endfacet
  facet normal 0 0 0
    outer loop
   vertex -9.02 13 0
   vertex -9.02 12.79 0.1
   vertex -9.02 12.79 0
  endloop
 endfacet
  facet normal 0 0 0
    outer loop
   vertex -9.02 13 0
   vertex -9.02 13.21 0.1
   vertex -9.02 12.79 0.1
  endloop
 endfacet
  facet normal 0 0 0
    outer loop
   vertex -4.82 16.19 0
   vertex -4.82 16.19 0.1
   vertex -5.12 16.19 0.1
  endloop
 endfacet
  facet normal 0 0 0
    outer loop
   vertex -4.82 16.19 0
   vertex -5.12 16.19 0.1
   vertex -5.12 16.19 0
  endloop
 endfacet
  facet normal 0 0 0
    outer loop
   vertex -5.77 16.19 0
   vertex -5.77 16.19 0.1
   vertex -6.07 16.19 0.1
  endloop
 endfacet
  facet normal 0 0 0
    outer loop
   vertex -5.77 16.19 0
   vertex -6.07 16.19 0.1
   vertex -6.07 16.19 0
  endloop
 endfacet
  facet normal 0 0 0
    outer loop
   vertex -7.62 16.19 0
   vertex -7.62 16.19 0.1
   vertex -7.92 16.19 0.1
  endloop
 endfacet
  facet normal 0 0 0
    outer loop
   vertex -7.62 16.19 0
   vertex -7.92 16.19 0.1
   vertex -7.92 16.19 0
  endloop
 endfacet
  facet normal 0 0 0
    outer loop
   vertex -8.57 16.19 0
   vertex -8.57 16.19 0.1
   vertex -8.87 16.19 0.1
  endloop
 endfacet
  facet normal 0 0 0
    outer loop
   vertex -8.57 16.19 0
   vertex -8.87 16.19 0.1
   vertex -8.87 16.19 0
  endloop
 endfacet
  facet normal 0 0 0
    outer loop
   vertex -8.87 14.91 0
   vertex -8.87 14.91 0.1
   vertex -8.57 14.91 0.1
  endloop
 endfacet
  facet normal 0 0 0
    outer loop
   vertex -8.87 14.91 0
   vertex -8.57 14.91 0.1
   vertex -8.57 14.91 0
  endloop
 endfacet
  facet normal 0 0 0
    outer loop
   vertex -7.92 14.91 0
   vertex -7.92 14.91 0.1
   vertex -7.62 14.91 0.1
  endloop
 endfacet
  facet normal 0 0 0
    outer loop
   vertex -7.92 14.91 0
   vertex -7.62 14.91 0.1
   vertex -7.62 14.91 0
  endloop
 endfacet
  facet normal 0 0 0
    outer loop
   vertex -6.07 14.91 0
   vertex -6.07 14.91 0.1
   vertex -5.77 14.91 0.1
  endloop
 endfacet
  facet normal 0 0 0
    outer loop
   vertex -6.07 14.91 0
   vertex -5.77 14.91 0.1
   vertex -5.77 14.91 0
  endloop
 endfacet
  facet normal 0 0 0
    outer loop
   vertex -5.12 14.91 0
   vertex -5.12 14.91 0.1
   vertex -4.82 14.91 0.1
  endloop
 endfacet
  facet normal 0 0 0
    outer loop
   vertex -5.12 14.91 0
   vertex -4.82 14.91 0.1
   vertex -4.82 14.91 0
  endloop
 endfacet
  facet normal 0 0 0
    outer loop
   vertex -4.82 14.49 0
   vertex -4.82 14.49 0.1
   vertex -5.12 14.49 0.1
  endloop
 endfacet
  facet normal 0 0 0
    outer loop
   vertex -4.82 14.49 0
   vertex -5.12 14.49 0.1
   vertex -5.12 14.49 0
  endloop
 endfacet
  facet normal 0 0 0
    outer loop
   vertex -5.77 14.49 0
   vertex -5.77 14.49 0.1
   vertex -6.07 14.49 0.1
  endloop
 endfacet
  facet normal 0 0 0
    outer loop
   vertex -5.77 14.49 0
   vertex -6.07 14.49 0.1
   vertex -6.07 14.49 0
  endloop
 endfacet
  facet normal 0 0 0
    outer loop
   vertex -7.62 14.49 0
   vertex -7.62 14.49 0.1
   vertex -7.92 14.49 0.1
  endloop
 endfacet
  facet normal 0 0 0
    outer loop
   vertex -7.62 14.49 0
   vertex -7.92 14.49 0.1
   vertex -7.92 14.49 0
  endloop
 endfacet
  facet normal 0 0 0
    outer loop
   vertex -8.57 14.49 0
   vertex -8.57 14.49 0.1
   vertex -8.87 14.49 0.1
  endloop
 endfacet
  facet normal 0 0 0
    outer loop
   vertex -8.57 14.49 0
   vertex -8.87 14.49 0.1
   vertex -8.87 14.49 0
  endloop
 endfacet
  facet normal 0 0 0
    outer loop
   vertex -8.87 16.61 0
   vertex -8.87 16.61 0.1
   vertex -8.57 16.61 0.1
  endloop
 endfacet
  facet normal 0 0 0
    outer loop
   vertex -8.87 16.61 0
   vertex -8.57 16.61 0.1
   vertex -8.57 16.61 0
  endloop
 endfacet
  facet normal 0 0 0
    outer loop
   vertex -7.92 16.61 0
   vertex -7.92 16.61 0.1
   vertex -7.62 16.61 0.1
  endloop
 endfacet
  facet normal 0 0 0
    outer loop
   vertex -7.92 16.61 0
   vertex -7.62 16.61 0.1
   vertex -7.62 16.61 0
  endloop
 endfacet
  facet normal 0 0 0
    outer loop
   vertex -6.07 16.61 0
   vertex -6.07 16.61 0.1
   vertex -5.77 16.61 0.1
  endloop
 endfacet
  facet normal 0 0 0
    outer loop
   vertex -6.07 16.61 0
   vertex -5.77 16.61 0.1
   vertex -5.77 16.61 0
  endloop
 endfacet
  facet normal 0 0 0
    outer loop
   vertex -5.12 16.61 0
   vertex -5.12 16.61 0.1
   vertex -4.82 16.61 0.1
  endloop
 endfacet
  facet normal 0 0 0
    outer loop
   vertex -5.12 16.61 0
   vertex -4.82 16.61 0.1
   vertex -4.82 16.61 0
  endloop
 endfacet
  facet normal 0 0 0
    outer loop
   vertex -4.885 19.715 0.1
   vertex -4.885 19.715 0.326
   vertex -5.055 19.715 0.326
  endloop
 endfacet
  facet normal 0 0 0
    outer loop
   vertex -4.885 19.715 0.1
   vertex -5.055 19.715 0.326
   vertex -5.055 19.715 0.1
  endloop
 endfacet
  facet normal 0 0 0
    outer loop
   vertex -5.835 19.715 0.1
   vertex -5.835 19.715 0.326
   vertex -6.005 19.715 0.326
  endloop
 endfacet
  facet normal 0 0 0
    outer loop
   vertex -5.835 19.715 0.1
   vertex -6.005 19.715 0.326
   vertex -6.005 19.715 0.1
  endloop
 endfacet
  facet normal 0 0 0
    outer loop
   vertex -7.685 19.715 0.1
   vertex -7.685 19.715 0.326
   vertex -7.855 19.715 0.326
  endloop
 endfacet
  facet normal 0 0 0
    outer loop
   vertex -7.685 19.715 0.1
   vertex -7.855 19.715 0.326
   vertex -7.855 19.715 0.1
  endloop
 endfacet
  facet normal 0 0 0
    outer loop
   vertex -8.635 19.715 0.1
   vertex -8.635 19.715 0.326
   vertex -8.805 19.715 0.326
  endloop
 endfacet
  facet normal 0 0 0
    outer loop
   vertex -8.635 19.715 0.1
   vertex -8.805 19.715 0.326
   vertex -8.805 19.715 0.1
  endloop
 endfacet
  facet normal 0 0 0
    outer loop
   vertex -6.005 12.915 0.1
   vertex -6.005 12.915 0.326
   vertex -6.005 13.085 0.326
  endloop
 endfacet
  facet normal 0 0 0
    outer loop
   vertex -6.005 12.915 0.1
   vertex -6.005 13.085 0.326
   vertex -6.005 13.085 0.1
  endloop
 endfacet
  facet normal 0 0 0
    outer loop
   vertex -6.005 14.615 0.1
   vertex -6.005 14.615 0.326
   vertex -6.005 14.785 0.326
  endloop
 endfacet
  facet normal 0 0 0
    outer loop
   vertex -6.005 14.615 0.1
   vertex -6.005 14.785 0.326
   vertex -6.005 14.785 0.1
  endloop
 endfacet
  facet normal 0 0 0
    outer loop
   vertex -6.005 16.315 0.1
   vertex -6.005 16.315 0.326
   vertex -6.005 16.485 0.326
  endloop
 endfacet
  facet normal 0 0 0
    outer loop
   vertex -6.005 16.315 0.1
   vertex -6.005 16.485 0.326
   vertex -6.005 16.485 0.1
  endloop
 endfacet
  facet normal 0 0 0
    outer loop
   vertex -6.005 18.015 0.1
   vertex -6.005 18.015 0.326
   vertex -6.005 18.185 0.326
  endloop
 endfacet
  facet normal 0 0 0
    outer loop
   vertex -6.005 18.015 0.1
   vertex -6.005 18.185 0.326
   vertex -6.005 18.185 0.1
  endloop
 endfacet
  facet normal 0 0 0
    outer loop
   vertex -6.005 19.715 0.1
   vertex -6.005 19.715 0.326
   vertex -6.005 19.885 0.326
  endloop
 endfacet
  facet normal 0 0 0
    outer loop
   vertex -6.005 19.715 0.1
   vertex -6.005 19.885 0.326
   vertex -6.005 19.885 0.1
  endloop
 endfacet
  facet normal 0 0 0
    outer loop
   vertex -6.005 21.415 0.1
   vertex -6.005 21.415 0.326
   vertex -6.005 21.585 0.326
  endloop
 endfacet
  facet normal 0 0 0
    outer loop
   vertex -6.005 21.415 0.1
   vertex -6.005 21.585 0.326
   vertex -6.005 21.585 0.1
  endloop
 endfacet
  facet normal 0 0 0
    outer loop
   vertex -6.005 23.115 0.1
   vertex -6.005 23.115 0.326
   vertex -6.005 23.285 0.326
  endloop
 endfacet
  facet normal 0 0 0
    outer loop
   vertex -6.005 23.115 0.1
   vertex -6.005 23.285 0.326
   vertex -6.005 23.285 0.1
  endloop
 endfacet
  facet normal 0 0 0
    outer loop
   vertex -6.005 24.815 0.1
   vertex -6.005 24.815 0.326
   vertex -6.005 24.985 0.326
  endloop
 endfacet
  facet normal 0 0 0
    outer loop
   vertex -6.005 24.815 0.1
   vertex -6.005 24.985 0.326
   vertex -6.005 24.985 0.1
  endloop
 endfacet
  facet normal 0 0 0
    outer loop
   vertex -8.805 19.885 0.1
   vertex -8.805 19.885 0.326
   vertex -8.635 19.885 0.326
  endloop
 endfacet
  facet normal 0 0 0
    outer loop
   vertex -8.805 19.885 0.1
   vertex -8.635 19.885 0.326
   vertex -8.635 19.885 0.1
  endloop
 endfacet
  facet normal 0 0 0
    outer loop
   vertex -7.855 19.885 0.1
   vertex -7.855 19.885 0.326
   vertex -7.685 19.885 0.326
  endloop
 endfacet
  facet normal 0 0 0
    outer loop
   vertex -7.855 19.885 0.1
   vertex -7.685 19.885 0.326
   vertex -7.685 19.885 0.1
  endloop
 endfacet
  facet normal 0 0 0
    outer loop
   vertex -6.005 19.885 0.1
   vertex -6.005 19.885 0.326
   vertex -5.835 19.885 0.326
  endloop
 endfacet
  facet normal 0 0 0
    outer loop
   vertex -6.005 19.885 0.1
   vertex -5.835 19.885 0.326
   vertex -5.835 19.885 0.1
  endloop
 endfacet
  facet normal 0 0 0
    outer loop
   vertex -5.055 19.885 0.1
   vertex -5.055 19.885 0.326
   vertex -4.885 19.885 0.326
  endloop
 endfacet
  facet normal 0 0 0
    outer loop
   vertex -5.055 19.885 0.1
   vertex -4.885 19.885 0.326
   vertex -4.885 19.885 0.1
  endloop
 endfacet
  facet normal 0 0 0
    outer loop
   vertex -5.835 24.985 0.1
   vertex -5.835 24.985 0.326
   vertex -5.835 24.815 0.326
  endloop
 endfacet
  facet normal 0 0 0
    outer loop
   vertex -5.835 24.985 0.1
   vertex -5.835 24.815 0.326
   vertex -5.835 24.815 0.1
  endloop
 endfacet
  facet normal 0 0 0
    outer loop
   vertex -5.835 23.285 0.1
   vertex -5.835 23.285 0.326
   vertex -5.835 23.115 0.326
  endloop
 endfacet
  facet normal 0 0 0
    outer loop
   vertex -5.835 23.285 0.1
   vertex -5.835 23.115 0.326
   vertex -5.835 23.115 0.1
  endloop
 endfacet
  facet normal 0 0 0
    outer loop
   vertex -5.835 21.585 0.1
   vertex -5.835 21.585 0.326
   vertex -5.835 21.415 0.326
  endloop
 endfacet
  facet normal 0 0 0
    outer loop
   vertex -5.835 21.585 0.1
   vertex -5.835 21.415 0.326
   vertex -5.835 21.415 0.1
  endloop
 endfacet
  facet normal 0 0 0
    outer loop
   vertex -5.835 19.885 0.1
   vertex -5.835 19.885 0.326
   vertex -5.835 19.715 0.326
  endloop
 endfacet
  facet normal 0 0 0
    outer loop
   vertex -5.835 19.885 0.1
   vertex -5.835 19.715 0.326
   vertex -5.835 19.715 0.1
  endloop
 endfacet
  facet normal 0 0 0
    outer loop
   vertex -5.835 18.185 0.1
   vertex -5.835 18.185 0.326
   vertex -5.835 18.015 0.326
  endloop
 endfacet
  facet normal 0 0 0
    outer loop
   vertex -5.835 18.185 0.1
   vertex -5.835 18.015 0.326
   vertex -5.835 18.015 0.1
  endloop
 endfacet
  facet normal 0 0 0
    outer loop
   vertex -5.835 16.485 0.1
   vertex -5.835 16.485 0.326
   vertex -5.835 16.315 0.326
  endloop
 endfacet
  facet normal 0 0 0
    outer loop
   vertex -5.835 16.485 0.1
   vertex -5.835 16.315 0.326
   vertex -5.835 16.315 0.1
  endloop
 endfacet
  facet normal 0 0 0
    outer loop
   vertex -5.835 14.785 0.1
   vertex -5.835 14.785 0.326
   vertex -5.835 14.615 0.326
  endloop
 endfacet
  facet normal 0 0 0
    outer loop
   vertex -5.835 14.785 0.1
   vertex -5.835 14.615 0.326
   vertex -5.835 14.615 0.1
  endloop
 endfacet
  facet normal 0 0 0
    outer loop
   vertex -5.835 13.085 0.1
   vertex -5.835 13.085 0.326
   vertex -5.835 12.915 0.326
  endloop
 endfacet
  facet normal 0 0 0
    outer loop
   vertex -5.835 13.085 0.1
   vertex -5.835 12.915 0.326
   vertex -5.835 12.915 0.1
  endloop
 endfacet
  facet normal 0 0 0
    outer loop
   vertex -5.055 12.915 0.1
   vertex -5.055 12.915 0.326
   vertex -5.055 13.085 0.326
  endloop
 endfacet
  facet normal 0 0 0
    outer loop
   vertex -5.055 12.915 0.1
   vertex -5.055 13.085 0.326
   vertex -5.055 13.085 0.1
  endloop
 endfacet
  facet normal 0 0 0
    outer loop
   vertex -5.055 14.615 0.1
   vertex -5.055 14.615 0.326
   vertex -5.055 14.785 0.326
  endloop
 endfacet
  facet normal 0 0 0
    outer loop
   vertex -5.055 14.615 0.1
   vertex -5.055 14.785 0.326
   vertex -5.055 14.785 0.1
  endloop
 endfacet
  facet normal 0 0 0
    outer loop
   vertex -5.055 16.315 0.1
   vertex -5.055 16.315 0.326
   vertex -5.055 16.485 0.326
  endloop
 endfacet
  facet normal 0 0 0
    outer loop
   vertex -5.055 16.315 0.1
   vertex -5.055 16.485 0.326
   vertex -5.055 16.485 0.1
  endloop
 endfacet
  facet normal 0 0 0
    outer loop
   vertex -5.055 18.015 0.1
   vertex -5.055 18.015 0.326
   vertex -5.055 18.185 0.326
  endloop
 endfacet
  facet normal 0 0 0
    outer loop
   vertex -5.055 18.015 0.1
   vertex -5.055 18.185 0.326
   vertex -5.055 18.185 0.1
  endloop
 endfacet
  facet normal 0 0 0
    outer loop
   vertex -5.055 19.715 0.1
   vertex -5.055 19.715 0.326
   vertex -5.055 19.885 0.326
  endloop
 endfacet
  facet normal 0 0 0
    outer loop
   vertex -5.055 19.715 0.1
   vertex -5.055 19.885 0.326
   vertex -5.055 19.885 0.1
  endloop
 endfacet
  facet normal 0 0 0
    outer loop
   vertex -5.055 21.415 0.1
   vertex -5.055 21.415 0.326
   vertex -5.055 21.585 0.326
  endloop
 endfacet
  facet normal 0 0 0
    outer loop
   vertex -5.055 21.415 0.1
   vertex -5.055 21.585 0.326
   vertex -5.055 21.585 0.1
  endloop
 endfacet
  facet normal 0 0 0
    outer loop
   vertex -5.055 23.115 0.1
   vertex -5.055 23.115 0.326
   vertex -5.055 23.285 0.326
  endloop
 endfacet
  facet normal 0 0 0
    outer loop
   vertex -5.055 23.115 0.1
   vertex -5.055 23.285 0.326
   vertex -5.055 23.285 0.1
  endloop
 endfacet
  facet normal 0 0 0
    outer loop
   vertex -5.055 24.815 0.1
   vertex -5.055 24.815 0.326
   vertex -5.055 24.985 0.326
  endloop
 endfacet
  facet normal 0 0 0
    outer loop
   vertex -5.055 24.815 0.1
   vertex -5.055 24.985 0.326
   vertex -5.055 24.985 0.1
  endloop
 endfacet
  facet normal 0 0 0
    outer loop
   vertex -4.885 24.985 0.1
   vertex -4.885 24.985 0.326
   vertex -4.885 24.815 0.326
  endloop
 endfacet
  facet normal 0 0 0
    outer loop
   vertex -4.885 24.985 0.1
   vertex -4.885 24.815 0.326
   vertex -4.885 24.815 0.1
  endloop
 endfacet
  facet normal 0 0 0
    outer loop
   vertex -4.885 23.285 0.1
   vertex -4.885 23.285 0.326
   vertex -4.885 23.115 0.326
  endloop
 endfacet
  facet normal 0 0 0
    outer loop
   vertex -4.885 23.285 0.1
   vertex -4.885 23.115 0.326
   vertex -4.885 23.115 0.1
  endloop
 endfacet
  facet normal 0 0 0
    outer loop
   vertex -4.885 21.585 0.1
   vertex -4.885 21.585 0.326
   vertex -4.885 21.415 0.326
  endloop
 endfacet
  facet normal 0 0 0
    outer loop
   vertex -4.885 21.585 0.1
   vertex -4.885 21.415 0.326
   vertex -4.885 21.415 0.1
  endloop
 endfacet
  facet normal 0 0 0
    outer loop
   vertex -4.885 19.885 0.1
   vertex -4.885 19.885 0.326
   vertex -4.885 19.715 0.326
  endloop
 endfacet
  facet normal 0 0 0
    outer loop
   vertex -4.885 19.885 0.1
   vertex -4.885 19.715 0.326
   vertex -4.885 19.715 0.1
  endloop
 endfacet
  facet normal 0 0 0
    outer loop
   vertex -4.885 18.185 0.1
   vertex -4.885 18.185 0.326
   vertex -4.885 18.015 0.326
  endloop
 endfacet
  facet normal 0 0 0
    outer loop
   vertex -4.885 18.185 0.1
   vertex -4.885 18.015 0.326
   vertex -4.885 18.015 0.1
  endloop
 endfacet
  facet normal 0 0 0
    outer loop
   vertex -4.885 16.485 0.1
   vertex -4.885 16.485 0.326
   vertex -4.885 16.315 0.326
  endloop
 endfacet
  facet normal 0 0 0
    outer loop
   vertex -4.885 16.485 0.1
   vertex -4.885 16.315 0.326
   vertex -4.885 16.315 0.1
  endloop
 endfacet
  facet normal 0 0 0
    outer loop
   vertex -4.885 14.785 0.1
   vertex -4.885 14.785 0.326
   vertex -4.885 14.615 0.326
  endloop
 endfacet
  facet normal 0 0 0
    outer loop
   vertex -4.885 14.785 0.1
   vertex -4.885 14.615 0.326
   vertex -4.885 14.615 0.1
  endloop
 endfacet
  facet normal 0 0 0
    outer loop
   vertex -4.885 13.085 0.1
   vertex -4.885 13.085 0.326
   vertex -4.885 12.915 0.326
  endloop
 endfacet
  facet normal 0 0 0
    outer loop
   vertex -4.885 13.085 0.1
   vertex -4.885 12.915 0.326
   vertex -4.885 12.915 0.1
  endloop
 endfacet
  facet normal 0 0 0
    outer loop
   vertex -4.885 21.415 0.1
   vertex -4.885 21.415 0.326
   vertex -5.055 21.415 0.326
  endloop
 endfacet
  facet normal 0 0 0
    outer loop
   vertex -4.885 21.415 0.1
   vertex -5.055 21.415 0.326
   vertex -5.055 21.415 0.1
  endloop
 endfacet
  facet normal 0 0 0
    outer loop
   vertex -5.835 21.415 0.1
   vertex -5.835 21.415 0.326
   vertex -6.005 21.415 0.326
  endloop
 endfacet
  facet normal 0 0 0
    outer loop
   vertex -5.835 21.415 0.1
   vertex -6.005 21.415 0.326
   vertex -6.005 21.415 0.1
  endloop
 endfacet
  facet normal 0 0 0
    outer loop
   vertex -7.685 21.415 0.1
   vertex -7.685 21.415 0.326
   vertex -7.855 21.415 0.326
  endloop
 endfacet
  facet normal 0 0 0
    outer loop
   vertex -7.685 21.415 0.1
   vertex -7.855 21.415 0.326
   vertex -7.855 21.415 0.1
  endloop
 endfacet
  facet normal 0 0 0
    outer loop
   vertex -8.635 21.415 0.1
   vertex -8.635 21.415 0.326
   vertex -8.805 21.415 0.326
  endloop
 endfacet
  facet normal 0 0 0
    outer loop
   vertex -8.635 21.415 0.1
   vertex -8.805 21.415 0.326
   vertex -8.805 21.415 0.1
  endloop
 endfacet
  facet normal 0 0 0
    outer loop
   vertex -8.805 21.585 0.1
   vertex -8.805 21.585 0.326
   vertex -8.635 21.585 0.326
  endloop
 endfacet
  facet normal 0 0 0
    outer loop
   vertex -8.805 21.585 0.1
   vertex -8.635 21.585 0.326
   vertex -8.635 21.585 0.1
  endloop
 endfacet
  facet normal 0 0 0
    outer loop
   vertex -7.855 21.585 0.1
   vertex -7.855 21.585 0.326
   vertex -7.685 21.585 0.326
  endloop
 endfacet
  facet normal 0 0 0
    outer loop
   vertex -7.855 21.585 0.1
   vertex -7.685 21.585 0.326
   vertex -7.685 21.585 0.1
  endloop
 endfacet
  facet normal 0 0 0
    outer loop
   vertex -6.005 21.585 0.1
   vertex -6.005 21.585 0.326
   vertex -5.835 21.585 0.326
  endloop
 endfacet
  facet normal 0 0 0
    outer loop
   vertex -6.005 21.585 0.1
   vertex -5.835 21.585 0.326
   vertex -5.835 21.585 0.1
  endloop
 endfacet
  facet normal 0 0 0
    outer loop
   vertex -5.055 21.585 0.1
   vertex -5.055 21.585 0.326
   vertex -4.885 21.585 0.326
  endloop
 endfacet
  facet normal 0 0 0
    outer loop
   vertex -5.055 21.585 0.1
   vertex -4.885 21.585 0.326
   vertex -4.885 21.585 0.1
  endloop
 endfacet
  facet normal 0 0 0
    outer loop
   vertex -4.885 23.115 0.1
   vertex -4.885 23.115 0.326
   vertex -5.055 23.115 0.326
  endloop
 endfacet
  facet normal 0 0 0
    outer loop
   vertex -4.885 23.115 0.1
   vertex -5.055 23.115 0.326
   vertex -5.055 23.115 0.1
  endloop
 endfacet
  facet normal 0 0 0
    outer loop
   vertex -5.835 23.115 0.1
   vertex -5.835 23.115 0.326
   vertex -6.005 23.115 0.326
  endloop
 endfacet
  facet normal 0 0 0
    outer loop
   vertex -5.835 23.115 0.1
   vertex -6.005 23.115 0.326
   vertex -6.005 23.115 0.1
  endloop
 endfacet
  facet normal 0 0 0
    outer loop
   vertex -7.685 23.115 0.1
   vertex -7.685 23.115 0.326
   vertex -7.855 23.115 0.326
  endloop
 endfacet
  facet normal 0 0 0
    outer loop
   vertex -7.685 23.115 0.1
   vertex -7.855 23.115 0.326
   vertex -7.855 23.115 0.1
  endloop
 endfacet
  facet normal 0 0 0
    outer loop
   vertex -8.635 23.115 0.1
   vertex -8.635 23.115 0.326
   vertex -8.805 23.115 0.326
  endloop
 endfacet
  facet normal 0 0 0
    outer loop
   vertex -8.635 23.115 0.1
   vertex -8.805 23.115 0.326
   vertex -8.805 23.115 0.1
  endloop
 endfacet
  facet normal 0 0 0
    outer loop
   vertex -8.805 23.285 0.1
   vertex -8.805 23.285 0.326
   vertex -8.635 23.285 0.326
  endloop
 endfacet
  facet normal 0 0 0
    outer loop
   vertex -8.805 23.285 0.1
   vertex -8.635 23.285 0.326
   vertex -8.635 23.285 0.1
  endloop
 endfacet
  facet normal 0 0 0
    outer loop
   vertex -7.855 23.285 0.1
   vertex -7.855 23.285 0.326
   vertex -7.685 23.285 0.326
  endloop
 endfacet
  facet normal 0 0 0
    outer loop
   vertex -7.855 23.285 0.1
   vertex -7.685 23.285 0.326
   vertex -7.685 23.285 0.1
  endloop
 endfacet
  facet normal 0 0 0
    outer loop
   vertex -6.005 23.285 0.1
   vertex -6.005 23.285 0.326
   vertex -5.835 23.285 0.326
  endloop
 endfacet
  facet normal 0 0 0
    outer loop
   vertex -6.005 23.285 0.1
   vertex -5.835 23.285 0.326
   vertex -5.835 23.285 0.1
  endloop
 endfacet
  facet normal 0 0 0
    outer loop
   vertex -5.055 23.285 0.1
   vertex -5.055 23.285 0.326
   vertex -4.885 23.285 0.326
  endloop
 endfacet
  facet normal 0 0 0
    outer loop
   vertex -5.055 23.285 0.1
   vertex -4.885 23.285 0.326
   vertex -4.885 23.285 0.1
  endloop
 endfacet
  facet normal 0 0 0
    outer loop
   vertex -4.885 24.815 0.1
   vertex -4.885 24.815 0.326
   vertex -5.055 24.815 0.326
  endloop
 endfacet
  facet normal 0 0 0
    outer loop
   vertex -4.885 24.815 0.1
   vertex -5.055 24.815 0.326
   vertex -5.055 24.815 0.1
  endloop
 endfacet
  facet normal 0 0 0
    outer loop
   vertex -5.835 24.815 0.1
   vertex -5.835 24.815 0.326
   vertex -6.005 24.815 0.326
  endloop
 endfacet
  facet normal 0 0 0
    outer loop
   vertex -5.835 24.815 0.1
   vertex -6.005 24.815 0.326
   vertex -6.005 24.815 0.1
  endloop
 endfacet
  facet normal 0 0 0
    outer loop
   vertex -7.685 24.815 0.1
   vertex -7.685 24.815 0.326
   vertex -7.855 24.815 0.326
  endloop
 endfacet
  facet normal 0 0 0
    outer loop
   vertex -7.685 24.815 0.1
   vertex -7.855 24.815 0.326
   vertex -7.855 24.815 0.1
  endloop
 endfacet
  facet normal 0 0 0
    outer loop
   vertex -8.635 24.815 0.1
   vertex -8.635 24.815 0.326
   vertex -8.805 24.815 0.326
  endloop
 endfacet
  facet normal 0 0 0
    outer loop
   vertex -8.635 24.815 0.1
   vertex -8.805 24.815 0.326
   vertex -8.805 24.815 0.1
  endloop
 endfacet
  facet normal 0 0 0
    outer loop
   vertex -8.805 24.985 0.1
   vertex -8.805 24.985 0.326
   vertex -8.635 24.985 0.326
  endloop
 endfacet
  facet normal 0 0 0
    outer loop
   vertex -8.805 24.985 0.1
   vertex -8.635 24.985 0.326
   vertex -8.635 24.985 0.1
  endloop
 endfacet
  facet normal 0 0 0
    outer loop
   vertex -7.855 24.985 0.1
   vertex -7.855 24.985 0.326
   vertex -7.685 24.985 0.326
  endloop
 endfacet
  facet normal 0 0 0
    outer loop
   vertex -7.855 24.985 0.1
   vertex -7.685 24.985 0.326
   vertex -7.685 24.985 0.1
  endloop
 endfacet
  facet normal 0 0 0
    outer loop
   vertex -6.005 24.985 0.1
   vertex -6.005 24.985 0.326
   vertex -5.835 24.985 0.326
  endloop
 endfacet
  facet normal 0 0 0
    outer loop
   vertex -6.005 24.985 0.1
   vertex -5.835 24.985 0.326
   vertex -5.835 24.985 0.1
  endloop
 endfacet
  facet normal 0 0 0
    outer loop
   vertex -5.055 24.985 0.1
   vertex -5.055 24.985 0.326
   vertex -4.885 24.985 0.326
  endloop
 endfacet
  facet normal 0 0 0
    outer loop
   vertex -5.055 24.985 0.1
   vertex -4.885 24.985 0.326
   vertex -4.885 24.985 0.1
  endloop
 endfacet
  facet normal 0 0 0
    outer loop
   vertex -8.805 12.915 0.1
   vertex -8.805 12.915 0.326
   vertex -8.805 13.085 0.326
  endloop
 endfacet
  facet normal 0 0 0
    outer loop
   vertex -8.805 12.915 0.1
   vertex -8.805 13.085 0.326
   vertex -8.805 13.085 0.1
  endloop
 endfacet
  facet normal 0 0 0
    outer loop
   vertex -8.805 14.615 0.1
   vertex -8.805 14.615 0.326
   vertex -8.805 14.785 0.326
  endloop
 endfacet
  facet normal 0 0 0
    outer loop
   vertex -8.805 14.615 0.1
   vertex -8.805 14.785 0.326
   vertex -8.805 14.785 0.1
  endloop
 endfacet
  facet normal 0 0 0
    outer loop
   vertex -8.805 16.315 0.1
   vertex -8.805 16.315 0.326
   vertex -8.805 16.485 0.326
  endloop
 endfacet
  facet normal 0 0 0
    outer loop
   vertex -8.805 16.315 0.1
   vertex -8.805 16.485 0.326
   vertex -8.805 16.485 0.1
  endloop
 endfacet
  facet normal 0 0 0
    outer loop
   vertex -8.805 18.015 0.1
   vertex -8.805 18.015 0.326
   vertex -8.805 18.185 0.326
  endloop
 endfacet
  facet normal 0 0 0
    outer loop
   vertex -8.805 18.015 0.1
   vertex -8.805 18.185 0.326
   vertex -8.805 18.185 0.1
  endloop
 endfacet
  facet normal 0 0 0
    outer loop
   vertex -8.805 19.715 0.1
   vertex -8.805 19.715 0.326
   vertex -8.805 19.885 0.326
  endloop
 endfacet
  facet normal 0 0 0
    outer loop
   vertex -8.805 19.715 0.1
   vertex -8.805 19.885 0.326
   vertex -8.805 19.885 0.1
  endloop
 endfacet
  facet normal 0 0 0
    outer loop
   vertex -8.805 21.415 0.1
   vertex -8.805 21.415 0.326
   vertex -8.805 21.585 0.326
  endloop
 endfacet
  facet normal 0 0 0
    outer loop
   vertex -8.805 21.415 0.1
   vertex -8.805 21.585 0.326
   vertex -8.805 21.585 0.1
  endloop
 endfacet
  facet normal 0 0 0
    outer loop
   vertex -8.805 23.115 0.1
   vertex -8.805 23.115 0.326
   vertex -8.805 23.285 0.326
  endloop
 endfacet
  facet normal 0 0 0
    outer loop
   vertex -8.805 23.115 0.1
   vertex -8.805 23.285 0.326
   vertex -8.805 23.285 0.1
  endloop
 endfacet
  facet normal 0 0 0
    outer loop
   vertex -8.805 24.815 0.1
   vertex -8.805 24.815 0.326
   vertex -8.805 24.985 0.326
  endloop
 endfacet
  facet normal 0 0 0
    outer loop
   vertex -8.805 24.815 0.1
   vertex -8.805 24.985 0.326
   vertex -8.805 24.985 0.1
  endloop
 endfacet
  facet normal 0 0 0
    outer loop
   vertex -8.635 24.985 0.1
   vertex -8.635 24.985 0.326
   vertex -8.635 24.815 0.326
  endloop
 endfacet
  facet normal 0 0 0
    outer loop
   vertex -8.635 24.985 0.1
   vertex -8.635 24.815 0.326
   vertex -8.635 24.815 0.1
  endloop
 endfacet
  facet normal 0 0 0
    outer loop
   vertex -8.635 23.285 0.1
   vertex -8.635 23.285 0.326
   vertex -8.635 23.115 0.326
  endloop
 endfacet
  facet normal 0 0 0
    outer loop
   vertex -8.635 23.285 0.1
   vertex -8.635 23.115 0.326
   vertex -8.635 23.115 0.1
  endloop
 endfacet
  facet normal 0 0 0
    outer loop
   vertex -8.635 21.585 0.1
   vertex -8.635 21.585 0.326
   vertex -8.635 21.415 0.326
  endloop
 endfacet
  facet normal 0 0 0
    outer loop
   vertex -8.635 21.585 0.1
   vertex -8.635 21.415 0.326
   vertex -8.635 21.415 0.1
  endloop
 endfacet
  facet normal 0 0 0
    outer loop
   vertex -8.635 19.885 0.1
   vertex -8.635 19.885 0.326
   vertex -8.635 19.715 0.326
  endloop
 endfacet
  facet normal 0 0 0
    outer loop
   vertex -8.635 19.885 0.1
   vertex -8.635 19.715 0.326
   vertex -8.635 19.715 0.1
  endloop
 endfacet
  facet normal 0 0 0
    outer loop
   vertex -8.635 18.185 0.1
   vertex -8.635 18.185 0.326
   vertex -8.635 18.015 0.326
  endloop
 endfacet
  facet normal 0 0 0
    outer loop
   vertex -8.635 18.185 0.1
   vertex -8.635 18.015 0.326
   vertex -8.635 18.015 0.1
  endloop
 endfacet
  facet normal 0 0 0
    outer loop
   vertex -8.635 16.485 0.1
   vertex -8.635 16.485 0.326
   vertex -8.635 16.315 0.326
  endloop
 endfacet
  facet normal 0 0 0
    outer loop
   vertex -8.635 16.485 0.1
   vertex -8.635 16.315 0.326
   vertex -8.635 16.315 0.1
  endloop
 endfacet
  facet normal 0 0 0
    outer loop
   vertex -8.635 14.785 0.1
   vertex -8.635 14.785 0.326
   vertex -8.635 14.615 0.326
  endloop
 endfacet
  facet normal 0 0 0
    outer loop
   vertex -8.635 14.785 0.1
   vertex -8.635 14.615 0.326
   vertex -8.635 14.615 0.1
  endloop
 endfacet
  facet normal 0 0 0
    outer loop
   vertex -8.635 13.085 0.1
   vertex -8.635 13.085 0.326
   vertex -8.635 12.915 0.326
  endloop
 endfacet
  facet normal 0 0 0
    outer loop
   vertex -8.635 13.085 0.1
   vertex -8.635 12.915 0.326
   vertex -8.635 12.915 0.1
  endloop
 endfacet
  facet normal 0 0 0
    outer loop
   vertex -7.855 12.915 0.1
   vertex -7.855 12.915 0.326
   vertex -7.855 13.085 0.326
  endloop
 endfacet
  facet normal 0 0 0
    outer loop
   vertex -7.855 12.915 0.1
   vertex -7.855 13.085 0.326
   vertex -7.855 13.085 0.1
  endloop
 endfacet
  facet normal 0 0 0
    outer loop
   vertex -7.855 14.615 0.1
   vertex -7.855 14.615 0.326
   vertex -7.855 14.785 0.326
  endloop
 endfacet
  facet normal 0 0 0
    outer loop
   vertex -7.855 14.615 0.1
   vertex -7.855 14.785 0.326
   vertex -7.855 14.785 0.1
  endloop
 endfacet
  facet normal 0 0 0
    outer loop
   vertex -7.855 16.315 0.1
   vertex -7.855 16.315 0.326
   vertex -7.855 16.485 0.326
  endloop
 endfacet
  facet normal 0 0 0
    outer loop
   vertex -7.855 16.315 0.1
   vertex -7.855 16.485 0.326
   vertex -7.855 16.485 0.1
  endloop
 endfacet
  facet normal 0 0 0
    outer loop
   vertex -7.855 18.015 0.1
   vertex -7.855 18.015 0.326
   vertex -7.855 18.185 0.326
  endloop
 endfacet
  facet normal 0 0 0
    outer loop
   vertex -7.855 18.015 0.1
   vertex -7.855 18.185 0.326
   vertex -7.855 18.185 0.1
  endloop
 endfacet
  facet normal 0 0 0
    outer loop
   vertex -7.855 19.715 0.1
   vertex -7.855 19.715 0.326
   vertex -7.855 19.885 0.326
  endloop
 endfacet
  facet normal 0 0 0
    outer loop
   vertex -7.855 19.715 0.1
   vertex -7.855 19.885 0.326
   vertex -7.855 19.885 0.1
  endloop
 endfacet
  facet normal 0 0 0
    outer loop
   vertex -7.855 21.415 0.1
   vertex -7.855 21.415 0.326
   vertex -7.855 21.585 0.326
  endloop
 endfacet
  facet normal 0 0 0
    outer loop
   vertex -7.855 21.415 0.1
   vertex -7.855 21.585 0.326
   vertex -7.855 21.585 0.1
  endloop
 endfacet
  facet normal 0 0 0
    outer loop
   vertex -7.855 23.115 0.1
   vertex -7.855 23.115 0.326
   vertex -7.855 23.285 0.326
  endloop
 endfacet
  facet normal 0 0 0
    outer loop
   vertex -7.855 23.115 0.1
   vertex -7.855 23.285 0.326
   vertex -7.855 23.285 0.1
  endloop
 endfacet
  facet normal 0 0 0
    outer loop
   vertex -7.855 24.815 0.1
   vertex -7.855 24.815 0.326
   vertex -7.855 24.985 0.326
  endloop
 endfacet
  facet normal 0 0 0
    outer loop
   vertex -7.855 24.815 0.1
   vertex -7.855 24.985 0.326
   vertex -7.855 24.985 0.1
  endloop
 endfacet
  facet normal 0 0 0
    outer loop
   vertex -7.685 24.985 0.1
   vertex -7.685 24.985 0.326
   vertex -7.685 24.815 0.326
  endloop
 endfacet
  facet normal 0 0 0
    outer loop
   vertex -7.685 24.985 0.1
   vertex -7.685 24.815 0.326
   vertex -7.685 24.815 0.1
  endloop
 endfacet
  facet normal 0 0 0
    outer loop
   vertex -7.685 23.285 0.1
   vertex -7.685 23.285 0.326
   vertex -7.685 23.115 0.326
  endloop
 endfacet
  facet normal 0 0 0
    outer loop
   vertex -7.685 23.285 0.1
   vertex -7.685 23.115 0.326
   vertex -7.685 23.115 0.1
  endloop
 endfacet
  facet normal 0 0 0
    outer loop
   vertex -7.685 21.585 0.1
   vertex -7.685 21.585 0.326
   vertex -7.685 21.415 0.326
  endloop
 endfacet
  facet normal 0 0 0
    outer loop
   vertex -7.685 21.585 0.1
   vertex -7.685 21.415 0.326
   vertex -7.685 21.415 0.1
  endloop
 endfacet
  facet normal 0 0 0
    outer loop
   vertex -7.685 19.885 0.1
   vertex -7.685 19.885 0.326
   vertex -7.685 19.715 0.326
  endloop
 endfacet
  facet normal 0 0 0
    outer loop
   vertex -7.685 19.885 0.1
   vertex -7.685 19.715 0.326
   vertex -7.685 19.715 0.1
  endloop
 endfacet
  facet normal 0 0 0
    outer loop
   vertex -7.685 18.185 0.1
   vertex -7.685 18.185 0.326
   vertex -7.685 18.015 0.326
  endloop
 endfacet
  facet normal 0 0 0
    outer loop
   vertex -7.685 18.185 0.1
   vertex -7.685 18.015 0.326
   vertex -7.685 18.015 0.1
  endloop
 endfacet
  facet normal 0 0 0
    outer loop
   vertex -7.685 16.485 0.1
   vertex -7.685 16.485 0.326
   vertex -7.685 16.315 0.326
  endloop
 endfacet
  facet normal 0 0 0
    outer loop
   vertex -7.685 16.485 0.1
   vertex -7.685 16.315 0.326
   vertex -7.685 16.315 0.1
  endloop
 endfacet
  facet normal 0 0 0
    outer loop
   vertex -7.685 14.785 0.1
   vertex -7.685 14.785 0.326
   vertex -7.685 14.615 0.326
  endloop
 endfacet
  facet normal 0 0 0
    outer loop
   vertex -7.685 14.785 0.1
   vertex -7.685 14.615 0.326
   vertex -7.685 14.615 0.1
  endloop
 endfacet
  facet normal 0 0 0
    outer loop
   vertex -7.685 13.085 0.1
   vertex -7.685 13.085 0.326
   vertex -7.685 12.915 0.326
  endloop
 endfacet
  facet normal 0 0 0
    outer loop
   vertex -7.685 13.085 0.1
   vertex -7.685 12.915 0.326
   vertex -7.685 12.915 0.1
  endloop
 endfacet
  facet normal 0 0 0
    outer loop
   vertex -4.885 18.015 0.1
   vertex -4.885 18.015 0.326
   vertex -5.055 18.015 0.326
  endloop
 endfacet
  facet normal 0 0 0
    outer loop
   vertex -4.885 18.015 0.1
   vertex -5.055 18.015 0.326
   vertex -5.055 18.015 0.1
  endloop
 endfacet
  facet normal 0 0 0
    outer loop
   vertex -5.835 18.015 0.1
   vertex -5.835 18.015 0.326
   vertex -6.005 18.015 0.326
  endloop
 endfacet
  facet normal 0 0 0
    outer loop
   vertex -5.835 18.015 0.1
   vertex -6.005 18.015 0.326
   vertex -6.005 18.015 0.1
  endloop
 endfacet
  facet normal 0 0 0
    outer loop
   vertex -7.685 18.015 0.1
   vertex -7.685 18.015 0.326
   vertex -7.855 18.015 0.326
  endloop
 endfacet
  facet normal 0 0 0
    outer loop
   vertex -7.685 18.015 0.1
   vertex -7.855 18.015 0.326
   vertex -7.855 18.015 0.1
  endloop
 endfacet
  facet normal 0 0 0
    outer loop
   vertex -8.635 18.015 0.1
   vertex -8.635 18.015 0.326
   vertex -8.805 18.015 0.326
  endloop
 endfacet
  facet normal 0 0 0
    outer loop
   vertex -8.635 18.015 0.1
   vertex -8.805 18.015 0.326
   vertex -8.805 18.015 0.1
  endloop
 endfacet
  facet normal 0 0 0
    outer loop
   vertex -8.805 18.185 0.1
   vertex -8.805 18.185 0.326
   vertex -8.635 18.185 0.326
  endloop
 endfacet
  facet normal 0 0 0
    outer loop
   vertex -8.805 18.185 0.1
   vertex -8.635 18.185 0.326
   vertex -8.635 18.185 0.1
  endloop
 endfacet
  facet normal 0 0 0
    outer loop
   vertex -7.855 18.185 0.1
   vertex -7.855 18.185 0.326
   vertex -7.685 18.185 0.326
  endloop
 endfacet
  facet normal 0 0 0
    outer loop
   vertex -7.855 18.185 0.1
   vertex -7.685 18.185 0.326
   vertex -7.685 18.185 0.1
  endloop
 endfacet
  facet normal 0 0 0
    outer loop
   vertex -6.005 18.185 0.1
   vertex -6.005 18.185 0.326
   vertex -5.835 18.185 0.326
  endloop
 endfacet
  facet normal 0 0 0
    outer loop
   vertex -6.005 18.185 0.1
   vertex -5.835 18.185 0.326
   vertex -5.835 18.185 0.1
  endloop
 endfacet
  facet normal 0 0 0
    outer loop
   vertex -5.055 18.185 0.1
   vertex -5.055 18.185 0.326
   vertex -4.885 18.185 0.326
  endloop
 endfacet
  facet normal 0 0 0
    outer loop
   vertex -5.055 18.185 0.1
   vertex -4.885 18.185 0.326
   vertex -4.885 18.185 0.1
  endloop
 endfacet
  facet normal 0 0 0
    outer loop
   vertex -4.885 12.915 0.1
   vertex -4.885 12.915 0.326
   vertex -5.055 12.915 0.326
  endloop
 endfacet
  facet normal 0 0 0
    outer loop
   vertex -4.885 12.915 0.1
   vertex -5.055 12.915 0.326
   vertex -5.055 12.915 0.1
  endloop
 endfacet
  facet normal 0 0 0
    outer loop
   vertex -5.835 12.915 0.1
   vertex -5.835 12.915 0.326
   vertex -6.005 12.915 0.326
  endloop
 endfacet
  facet normal 0 0 0
    outer loop
   vertex -5.835 12.915 0.1
   vertex -6.005 12.915 0.326
   vertex -6.005 12.915 0.1
  endloop
 endfacet
  facet normal 0 0 0
    outer loop
   vertex -7.685 12.915 0.1
   vertex -7.685 12.915 0.326
   vertex -7.855 12.915 0.326
  endloop
 endfacet
  facet normal 0 0 0
    outer loop
   vertex -7.685 12.915 0.1
   vertex -7.855 12.915 0.326
   vertex -7.855 12.915 0.1
  endloop
 endfacet
  facet normal 0 0 0
    outer loop
   vertex -8.635 12.915 0.1
   vertex -8.635 12.915 0.326
   vertex -8.805 12.915 0.326
  endloop
 endfacet
  facet normal 0 0 0
    outer loop
   vertex -8.635 12.915 0.1
   vertex -8.805 12.915 0.326
   vertex -8.805 12.915 0.1
  endloop
 endfacet
  facet normal 0 0 0
    outer loop
   vertex -9.085 12.915 0.1
   vertex -9.085 12.915 0.326
   vertex -9.255 12.915 0.326
  endloop
 endfacet
  facet normal 0 0 0
    outer loop
   vertex -9.085 12.915 0.1
   vertex -9.255 12.915 0.326
   vertex -9.255 12.915 0.1
  endloop
 endfacet
  facet normal 0 0 0
    outer loop
   vertex -9.255 13.085 0.1
   vertex -9.255 13.085 0.326
   vertex -9.085 13.085 0.326
  endloop
 endfacet
  facet normal 0 0 0
    outer loop
   vertex -9.255 13.085 0.1
   vertex -9.085 13.085 0.326
   vertex -9.085 13.085 0.1
  endloop
 endfacet
  facet normal 0 0 0
    outer loop
   vertex -8.805 13.085 0.1
   vertex -8.805 13.085 0.326
   vertex -8.635 13.085 0.326
  endloop
 endfacet
  facet normal 0 0 0
    outer loop
   vertex -8.805 13.085 0.1
   vertex -8.635 13.085 0.326
   vertex -8.635 13.085 0.1
  endloop
 endfacet
  facet normal 0 0 0
    outer loop
   vertex -7.855 13.085 0.1
   vertex -7.855 13.085 0.326
   vertex -7.685 13.085 0.326
  endloop
 endfacet
  facet normal 0 0 0
    outer loop
   vertex -7.855 13.085 0.1
   vertex -7.685 13.085 0.326
   vertex -7.685 13.085 0.1
  endloop
 endfacet
  facet normal 0 0 0
    outer loop
   vertex -6.005 13.085 0.1
   vertex -6.005 13.085 0.326
   vertex -5.835 13.085 0.326
  endloop
 endfacet
  facet normal 0 0 0
    outer loop
   vertex -6.005 13.085 0.1
   vertex -5.835 13.085 0.326
   vertex -5.835 13.085 0.1
  endloop
 endfacet
  facet normal 0 0 0
    outer loop
   vertex -5.055 13.085 0.1
   vertex -5.055 13.085 0.326
   vertex -4.885 13.085 0.326
  endloop
 endfacet
  facet normal 0 0 0
    outer loop
   vertex -5.055 13.085 0.1
   vertex -4.885 13.085 0.326
   vertex -4.885 13.085 0.1
  endloop
 endfacet
  facet normal 0 0 0
    outer loop
   vertex -9.255 12.915 0.1
   vertex -9.255 12.915 0.326
   vertex -9.255 13.085 0.326
  endloop
 endfacet
  facet normal 0 0 0
    outer loop
   vertex -9.255 12.915 0.1
   vertex -9.255 13.085 0.326
   vertex -9.255 13.085 0.1
  endloop
 endfacet
  facet normal 0 0 0
    outer loop
   vertex -9.085 13.085 0.1
   vertex -9.085 13.085 0.326
   vertex -9.085 12.915 0.326
  endloop
 endfacet
  facet normal 0 0 0
    outer loop
   vertex -9.085 13.085 0.1
   vertex -9.085 12.915 0.326
   vertex -9.085 12.915 0.1
  endloop
 endfacet
  facet normal 0 0 0
    outer loop
   vertex -4.885 14.615 0.1
   vertex -4.885 14.615 0.326
   vertex -5.055 14.615 0.326
  endloop
 endfacet
  facet normal 0 0 0
    outer loop
   vertex -4.885 14.615 0.1
   vertex -5.055 14.615 0.326
   vertex -5.055 14.615 0.1
  endloop
 endfacet
  facet normal 0 0 0
    outer loop
   vertex -5.835 14.615 0.1
   vertex -5.835 14.615 0.326
   vertex -6.005 14.615 0.326
  endloop
 endfacet
  facet normal 0 0 0
    outer loop
   vertex -5.835 14.615 0.1
   vertex -6.005 14.615 0.326
   vertex -6.005 14.615 0.1
  endloop
 endfacet
  facet normal 0 0 0
    outer loop
   vertex -7.685 14.615 0.1
   vertex -7.685 14.615 0.326
   vertex -7.855 14.615 0.326
  endloop
 endfacet
  facet normal 0 0 0
    outer loop
   vertex -7.685 14.615 0.1
   vertex -7.855 14.615 0.326
   vertex -7.855 14.615 0.1
  endloop
 endfacet
  facet normal 0 0 0
    outer loop
   vertex -8.635 14.615 0.1
   vertex -8.635 14.615 0.326
   vertex -8.805 14.615 0.326
  endloop
 endfacet
  facet normal 0 0 0
    outer loop
   vertex -8.635 14.615 0.1
   vertex -8.805 14.615 0.326
   vertex -8.805 14.615 0.1
  endloop
 endfacet
  facet normal 0 0 0
    outer loop
   vertex -8.805 14.785 0.1
   vertex -8.805 14.785 0.326
   vertex -8.635 14.785 0.326
  endloop
 endfacet
  facet normal 0 0 0
    outer loop
   vertex -8.805 14.785 0.1
   vertex -8.635 14.785 0.326
   vertex -8.635 14.785 0.1
  endloop
 endfacet
  facet normal 0 0 0
    outer loop
   vertex -7.855 14.785 0.1
   vertex -7.855 14.785 0.326
   vertex -7.685 14.785 0.326
  endloop
 endfacet
  facet normal 0 0 0
    outer loop
   vertex -7.855 14.785 0.1
   vertex -7.685 14.785 0.326
   vertex -7.685 14.785 0.1
  endloop
 endfacet
  facet normal 0 0 0
    outer loop
   vertex -6.005 14.785 0.1
   vertex -6.005 14.785 0.326
   vertex -5.835 14.785 0.326
  endloop
 endfacet
  facet normal 0 0 0
    outer loop
   vertex -6.005 14.785 0.1
   vertex -5.835 14.785 0.326
   vertex -5.835 14.785 0.1
  endloop
 endfacet
  facet normal 0 0 0
    outer loop
   vertex -5.055 14.785 0.1
   vertex -5.055 14.785 0.326
   vertex -4.885 14.785 0.326
  endloop
 endfacet
  facet normal 0 0 0
    outer loop
   vertex -5.055 14.785 0.1
   vertex -4.885 14.785 0.326
   vertex -4.885 14.785 0.1
  endloop
 endfacet
  facet normal 0 0 0
    outer loop
   vertex -4.885 16.315 0.1
   vertex -4.885 16.315 0.326
   vertex -5.055 16.315 0.326
  endloop
 endfacet
  facet normal 0 0 0
    outer loop
   vertex -4.885 16.315 0.1
   vertex -5.055 16.315 0.326
   vertex -5.055 16.315 0.1
  endloop
 endfacet
  facet normal 0 0 0
    outer loop
   vertex -5.835 16.315 0.1
   vertex -5.835 16.315 0.326
   vertex -6.005 16.315 0.326
  endloop
 endfacet
  facet normal 0 0 0
    outer loop
   vertex -5.835 16.315 0.1
   vertex -6.005 16.315 0.326
   vertex -6.005 16.315 0.1
  endloop
 endfacet
  facet normal 0 0 0
    outer loop
   vertex -7.685 16.315 0.1
   vertex -7.685 16.315 0.326
   vertex -7.855 16.315 0.326
  endloop
 endfacet
  facet normal 0 0 0
    outer loop
   vertex -7.685 16.315 0.1
   vertex -7.855 16.315 0.326
   vertex -7.855 16.315 0.1
  endloop
 endfacet
  facet normal 0 0 0
    outer loop
   vertex -8.635 16.315 0.1
   vertex -8.635 16.315 0.326
   vertex -8.805 16.315 0.326
  endloop
 endfacet
  facet normal 0 0 0
    outer loop
   vertex -8.635 16.315 0.1
   vertex -8.805 16.315 0.326
   vertex -8.805 16.315 0.1
  endloop
 endfacet
  facet normal 0 0 0
    outer loop
   vertex -8.805 16.485 0.1
   vertex -8.805 16.485 0.326
   vertex -8.635 16.485 0.326
  endloop
 endfacet
  facet normal 0 0 0
    outer loop
   vertex -8.805 16.485 0.1
   vertex -8.635 16.485 0.326
   vertex -8.635 16.485 0.1
  endloop
 endfacet
  facet normal 0 0 0
    outer loop
   vertex -7.855 16.485 0.1
   vertex -7.855 16.485 0.326
   vertex -7.685 16.485 0.326
  endloop
 endfacet
  facet normal 0 0 0
    outer loop
   vertex -7.855 16.485 0.1
   vertex -7.685 16.485 0.326
   vertex -7.685 16.485 0.1
  endloop
 endfacet
  facet normal 0 0 0
    outer loop
   vertex -6.005 16.485 0.1
   vertex -6.005 16.485 0.326
   vertex -5.835 16.485 0.326
  endloop
 endfacet
  facet normal 0 0 0
    outer loop
   vertex -6.005 16.485 0.1
   vertex -5.835 16.485 0.326
   vertex -5.835 16.485 0.1
  endloop
 endfacet
  facet normal 0 0 0
    outer loop
   vertex -5.055 16.485 0.1
   vertex -5.055 16.485 0.326
   vertex -4.885 16.485 0.326
  endloop
 endfacet
  facet normal 0 0 0
    outer loop
   vertex -5.055 16.485 0.1
   vertex -4.885 16.485 0.326
   vertex -4.885 16.485 0.1
  endloop
 endfacet
  facet normal 0 0 0
    outer loop
   vertex -6.005 19.635 0.936
   vertex -6.005 19.715 0.936
   vertex -5.835 19.715 0.936
  endloop
 endfacet
  facet normal 0 0 0
    outer loop
   vertex -6.005 19.635 0.936
   vertex -5.835 19.715 0.936
   vertex -5.835 19.635 0.936
  endloop
 endfacet
  facet normal 0 0 0
    outer loop
   vertex -5.055 19.635 0.936
   vertex -5.055 19.715 0.936
   vertex -4.885 19.715 0.936
  endloop
 endfacet
  facet normal 0 0 0
    outer loop
   vertex -5.055 19.635 0.936
   vertex -4.885 19.715 0.936
   vertex -4.885 19.635 0.936
  endloop
 endfacet
  facet normal 0 0 0
    outer loop
   vertex -6.005 19.885 0.936
   vertex -6.005 19.965 0.936
   vertex -5.835 19.965 0.936
  endloop
 endfacet
  facet normal 0 0 0
    outer loop
   vertex -6.005 19.885 0.936
   vertex -5.835 19.965 0.936
   vertex -5.835 19.885 0.936
  endloop
 endfacet
  facet normal 0 0 0
    outer loop
   vertex -5.055 19.885 0.936
   vertex -5.055 19.965 0.936
   vertex -4.885 19.965 0.936
  endloop
 endfacet
  facet normal 0 0 0
    outer loop
   vertex -5.055 19.885 0.936
   vertex -4.885 19.965 0.936
   vertex -4.885 19.885 0.936
  endloop
 endfacet
  facet normal 0 0 0
    outer loop
   vertex -6.005 21.335 0.936
   vertex -6.005 21.415 0.936
   vertex -5.835 21.415 0.936
  endloop
 endfacet
  facet normal 0 0 0
    outer loop
   vertex -6.005 21.335 0.936
   vertex -5.835 21.415 0.936
   vertex -5.835 21.335 0.936
  endloop
 endfacet
  facet normal 0 0 0
    outer loop
   vertex -5.055 21.335 0.936
   vertex -5.055 21.415 0.936
   vertex -4.885 21.415 0.936
  endloop
 endfacet
  facet normal 0 0 0
    outer loop
   vertex -5.055 21.335 0.936
   vertex -4.885 21.415 0.936
   vertex -4.885 21.335 0.936
  endloop
 endfacet
  facet normal 0 0 0
    outer loop
   vertex -6.005 21.585 0.936
   vertex -6.005 21.665 0.936
   vertex -5.835 21.665 0.936
  endloop
 endfacet
  facet normal 0 0 0
    outer loop
   vertex -6.005 21.585 0.936
   vertex -5.835 21.665 0.936
   vertex -5.835 21.585 0.936
  endloop
 endfacet
  facet normal 0 0 0
    outer loop
   vertex -5.055 21.585 0.936
   vertex -5.055 21.665 0.936
   vertex -4.885 21.665 0.936
  endloop
 endfacet
  facet normal 0 0 0
    outer loop
   vertex -5.055 21.585 0.936
   vertex -4.885 21.665 0.936
   vertex -4.885 21.585 0.936
  endloop
 endfacet
  facet normal 0 0 0
    outer loop
   vertex -6.005 23.035 0.936
   vertex -6.005 23.115 0.936
   vertex -5.835 23.115 0.936
  endloop
 endfacet
  facet normal 0 0 0
    outer loop
   vertex -6.005 23.035 0.936
   vertex -5.835 23.115 0.936
   vertex -5.835 23.035 0.936
  endloop
 endfacet
  facet normal 0 0 0
    outer loop
   vertex -5.055 23.035 0.936
   vertex -5.055 23.115 0.936
   vertex -4.885 23.115 0.936
  endloop
 endfacet
  facet normal 0 0 0
    outer loop
   vertex -5.055 23.035 0.936
   vertex -4.885 23.115 0.936
   vertex -4.885 23.035 0.936
  endloop
 endfacet
  facet normal 0 0 0
    outer loop
   vertex -6.005 23.285 0.936
   vertex -6.005 23.365 0.936
   vertex -5.835 23.365 0.936
  endloop
 endfacet
  facet normal 0 0 0
    outer loop
   vertex -6.005 23.285 0.936
   vertex -5.835 23.365 0.936
   vertex -5.835 23.285 0.936
  endloop
 endfacet
  facet normal 0 0 0
    outer loop
   vertex -5.055 23.285 0.936
   vertex -5.055 23.365 0.936
   vertex -4.885 23.365 0.936
  endloop
 endfacet
  facet normal 0 0 0
    outer loop
   vertex -5.055 23.285 0.936
   vertex -4.885 23.365 0.936
   vertex -4.885 23.285 0.936
  endloop
 endfacet
  facet normal 0 0 0
    outer loop
   vertex -6.005 24.735 0.936
   vertex -6.005 24.815 0.936
   vertex -5.835 24.815 0.936
  endloop
 endfacet
  facet normal 0 0 0
    outer loop
   vertex -6.005 24.735 0.936
   vertex -5.835 24.815 0.936
   vertex -5.835 24.735 0.936
  endloop
 endfacet
  facet normal 0 0 0
    outer loop
   vertex -5.055 24.735 0.936
   vertex -5.055 24.815 0.936
   vertex -4.885 24.815 0.936
  endloop
 endfacet
  facet normal 0 0 0
    outer loop
   vertex -5.055 24.735 0.936
   vertex -4.885 24.815 0.936
   vertex -4.885 24.735 0.936
  endloop
 endfacet
  facet normal 0 0 0
    outer loop
   vertex -6.005 24.985 0.936
   vertex -6.005 25.065 0.936
   vertex -5.835 25.065 0.936
  endloop
 endfacet
  facet normal 0 0 0
    outer loop
   vertex -6.005 24.985 0.936
   vertex -5.835 25.065 0.936
   vertex -5.835 24.985 0.936
  endloop
 endfacet
  facet normal 0 0 0
    outer loop
   vertex -5.055 24.985 0.936
   vertex -5.055 25.065 0.936
   vertex -4.885 25.065 0.936
  endloop
 endfacet
  facet normal 0 0 0
    outer loop
   vertex -5.055 24.985 0.936
   vertex -4.885 25.065 0.936
   vertex -4.885 24.985 0.936
  endloop
 endfacet
  facet normal 0 0 0
    outer loop
   vertex -8.805 23.035 0.936
   vertex -8.805 23.115 0.936
   vertex -8.635 23.115 0.936
  endloop
 endfacet
  facet normal 0 0 0
    outer loop
   vertex -8.805 23.035 0.936
   vertex -8.635 23.115 0.936
   vertex -8.635 23.035 0.936
  endloop
 endfacet
  facet normal 0 0 0
    outer loop
   vertex -7.855 23.035 0.936
   vertex -7.855 23.115 0.936
   vertex -7.685 23.115 0.936
  endloop
 endfacet
  facet normal 0 0 0
    outer loop
   vertex -7.855 23.035 0.936
   vertex -7.685 23.115 0.936
   vertex -7.685 23.035 0.936
  endloop
 endfacet
  facet normal 0 0 0
    outer loop
   vertex -8.805 21.335 0.936
   vertex -8.805 21.415 0.936
   vertex -8.635 21.415 0.936
  endloop
 endfacet
  facet normal 0 0 0
    outer loop
   vertex -8.805 21.335 0.936
   vertex -8.635 21.415 0.936
   vertex -8.635 21.335 0.936
  endloop
 endfacet
  facet normal 0 0 0
    outer loop
   vertex -7.855 21.335 0.936
   vertex -7.855 21.415 0.936
   vertex -7.685 21.415 0.936
  endloop
 endfacet
  facet normal 0 0 0
    outer loop
   vertex -7.855 21.335 0.936
   vertex -7.685 21.415 0.936
   vertex -7.685 21.335 0.936
  endloop
 endfacet
  facet normal 0 0 0
    outer loop
   vertex -8.805 23.285 0.936
   vertex -8.805 23.365 0.936
   vertex -8.635 23.365 0.936
  endloop
 endfacet
  facet normal 0 0 0
    outer loop
   vertex -8.805 23.285 0.936
   vertex -8.635 23.365 0.936
   vertex -8.635 23.285 0.936
  endloop
 endfacet
  facet normal 0 0 0
    outer loop
   vertex -7.855 23.285 0.936
   vertex -7.855 23.365 0.936
   vertex -7.685 23.365 0.936
  endloop
 endfacet
  facet normal 0 0 0
    outer loop
   vertex -7.855 23.285 0.936
   vertex -7.685 23.365 0.936
   vertex -7.685 23.285 0.936
  endloop
 endfacet
  facet normal 0 0 0
    outer loop
   vertex -8.805 19.885 0.936
   vertex -8.805 19.965 0.936
   vertex -8.635 19.965 0.936
  endloop
 endfacet
  facet normal 0 0 0
    outer loop
   vertex -8.805 19.885 0.936
   vertex -8.635 19.965 0.936
   vertex -8.635 19.885 0.936
  endloop
 endfacet
  facet normal 0 0 0
    outer loop
   vertex -7.855 19.885 0.936
   vertex -7.855 19.965 0.936
   vertex -7.685 19.965 0.936
  endloop
 endfacet
  facet normal 0 0 0
    outer loop
   vertex -7.855 19.885 0.936
   vertex -7.685 19.965 0.936
   vertex -7.685 19.885 0.936
  endloop
 endfacet
  facet normal 0 0 0
    outer loop
   vertex -8.805 24.735 0.936
   vertex -8.805 24.815 0.936
   vertex -8.635 24.815 0.936
  endloop
 endfacet
  facet normal 0 0 0
    outer loop
   vertex -8.805 24.735 0.936
   vertex -8.635 24.815 0.936
   vertex -8.635 24.735 0.936
  endloop
 endfacet
  facet normal 0 0 0
    outer loop
   vertex -7.855 24.735 0.936
   vertex -7.855 24.815 0.936
   vertex -7.685 24.815 0.936
  endloop
 endfacet
  facet normal 0 0 0
    outer loop
   vertex -7.855 24.735 0.936
   vertex -7.685 24.815 0.936
   vertex -7.685 24.735 0.936
  endloop
 endfacet
  facet normal 0 0 0
    outer loop
   vertex -8.805 21.585 0.936
   vertex -8.805 21.665 0.936
   vertex -8.635 21.665 0.936
  endloop
 endfacet
  facet normal 0 0 0
    outer loop
   vertex -8.805 21.585 0.936
   vertex -8.635 21.665 0.936
   vertex -8.635 21.585 0.936
  endloop
 endfacet
  facet normal 0 0 0
    outer loop
   vertex -7.855 21.585 0.936
   vertex -7.855 21.665 0.936
   vertex -7.685 21.665 0.936
  endloop
 endfacet
  facet normal 0 0 0
    outer loop
   vertex -7.855 21.585 0.936
   vertex -7.685 21.665 0.936
   vertex -7.685 21.585 0.936
  endloop
 endfacet
  facet normal 0 0 0
    outer loop
   vertex -8.805 24.985 0.936
   vertex -8.805 25.065 0.936
   vertex -8.635 25.065 0.936
  endloop
 endfacet
  facet normal 0 0 0
    outer loop
   vertex -8.805 24.985 0.936
   vertex -8.635 25.065 0.936
   vertex -8.635 24.985 0.936
  endloop
 endfacet
  facet normal 0 0 0
    outer loop
   vertex -7.855 24.985 0.936
   vertex -7.855 25.065 0.936
   vertex -7.685 25.065 0.936
  endloop
 endfacet
  facet normal 0 0 0
    outer loop
   vertex -7.855 24.985 0.936
   vertex -7.685 25.065 0.936
   vertex -7.685 24.985 0.936
  endloop
 endfacet
  facet normal 0 0 0
    outer loop
   vertex -8.805 19.635 0.936
   vertex -8.805 19.715 0.936
   vertex -8.635 19.715 0.936
  endloop
 endfacet
  facet normal 0 0 0
    outer loop
   vertex -8.805 19.635 0.936
   vertex -8.635 19.715 0.936
   vertex -8.635 19.635 0.936
  endloop
 endfacet
  facet normal 0 0 0
    outer loop
   vertex -7.855 19.635 0.936
   vertex -7.855 19.715 0.936
   vertex -7.685 19.715 0.936
  endloop
 endfacet
  facet normal 0 0 0
    outer loop
   vertex -7.855 19.635 0.936
   vertex -7.685 19.715 0.936
   vertex -7.685 19.635 0.936
  endloop
 endfacet
  facet normal 0 0 0
    outer loop
   vertex -8.805 17.935 0.936
   vertex -8.805 18.015 0.936
   vertex -8.635 18.015 0.936
  endloop
 endfacet
  facet normal 0 0 0
    outer loop
   vertex -8.805 17.935 0.936
   vertex -8.635 18.015 0.936
   vertex -8.635 17.935 0.936
  endloop
 endfacet
  facet normal 0 0 0
    outer loop
   vertex -7.855 17.935 0.936
   vertex -7.855 18.015 0.936
   vertex -7.685 18.015 0.936
  endloop
 endfacet
  facet normal 0 0 0
    outer loop
   vertex -7.855 17.935 0.936
   vertex -7.685 18.015 0.936
   vertex -7.685 17.935 0.936
  endloop
 endfacet
  facet normal 0 0 0
    outer loop
   vertex -8.805 18.185 0.936
   vertex -8.805 18.265 0.936
   vertex -8.635 18.265 0.936
  endloop
 endfacet
  facet normal 0 0 0
    outer loop
   vertex -8.805 18.185 0.936
   vertex -8.635 18.265 0.936
   vertex -8.635 18.185 0.936
  endloop
 endfacet
  facet normal 0 0 0
    outer loop
   vertex -7.855 18.185 0.936
   vertex -7.855 18.265 0.936
   vertex -7.685 18.265 0.936
  endloop
 endfacet
  facet normal 0 0 0
    outer loop
   vertex -7.855 18.185 0.936
   vertex -7.685 18.265 0.936
   vertex -7.685 18.185 0.936
  endloop
 endfacet
  facet normal 0 0 0
    outer loop
   vertex -9.255 12.835 0.936
   vertex -9.255 12.915 0.936
   vertex -9.085 12.915 0.936
  endloop
 endfacet
  facet normal 0 0 0
    outer loop
   vertex -9.255 12.835 0.936
   vertex -9.085 12.915 0.936
   vertex -9.085 12.835 0.936
  endloop
 endfacet
  facet normal 0 0 0
    outer loop
   vertex -8.805 12.835 0.936
   vertex -8.805 12.915 0.936
   vertex -8.635 12.915 0.936
  endloop
 endfacet
  facet normal 0 0 0
    outer loop
   vertex -8.805 12.835 0.936
   vertex -8.635 12.915 0.936
   vertex -8.635 12.835 0.936
  endloop
 endfacet
  facet normal 0 0 0
    outer loop
   vertex -7.855 12.835 0.936
   vertex -7.855 12.915 0.936
   vertex -7.685 12.915 0.936
  endloop
 endfacet
  facet normal 0 0 0
    outer loop
   vertex -7.855 12.835 0.936
   vertex -7.685 12.915 0.936
   vertex -7.685 12.835 0.936
  endloop
 endfacet
  facet normal 0 0 0
    outer loop
   vertex -9.255 13.085 0.936
   vertex -9.255 13.165 0.936
   vertex -9.085 13.165 0.936
  endloop
 endfacet
  facet normal 0 0 0
    outer loop
   vertex -9.255 13.085 0.936
   vertex -9.085 13.165 0.936
   vertex -9.085 13.085 0.936
  endloop
 endfacet
  facet normal 0 0 0
    outer loop
   vertex -8.805 13.085 0.936
   vertex -8.805 13.165 0.936
   vertex -8.635 13.165 0.936
  endloop
 endfacet
  facet normal 0 0 0
    outer loop
   vertex -8.805 13.085 0.936
   vertex -8.635 13.165 0.936
   vertex -8.635 13.085 0.936
  endloop
 endfacet
  facet normal 0 0 0
    outer loop
   vertex -7.855 13.085 0.936
   vertex -7.855 13.165 0.936
   vertex -7.685 13.165 0.936
  endloop
 endfacet
  facet normal 0 0 0
    outer loop
   vertex -7.855 13.085 0.936
   vertex -7.685 13.165 0.936
   vertex -7.685 13.085 0.936
  endloop
 endfacet
  facet normal 0 0 0
    outer loop
   vertex -8.805 14.535 0.936
   vertex -8.805 14.615 0.936
   vertex -8.635 14.615 0.936
  endloop
 endfacet
  facet normal 0 0 0
    outer loop
   vertex -8.805 14.535 0.936
   vertex -8.635 14.615 0.936
   vertex -8.635 14.535 0.936
  endloop
 endfacet
  facet normal 0 0 0
    outer loop
   vertex -7.855 14.535 0.936
   vertex -7.855 14.615 0.936
   vertex -7.685 14.615 0.936
  endloop
 endfacet
  facet normal 0 0 0
    outer loop
   vertex -7.855 14.535 0.936
   vertex -7.685 14.615 0.936
   vertex -7.685 14.535 0.936
  endloop
 endfacet
  facet normal 0 0 0
    outer loop
   vertex -8.805 14.785 0.936
   vertex -8.805 14.865 0.936
   vertex -8.635 14.865 0.936
  endloop
 endfacet
  facet normal 0 0 0
    outer loop
   vertex -8.805 14.785 0.936
   vertex -8.635 14.865 0.936
   vertex -8.635 14.785 0.936
  endloop
 endfacet
  facet normal 0 0 0
    outer loop
   vertex -7.855 14.785 0.936
   vertex -7.855 14.865 0.936
   vertex -7.685 14.865 0.936
  endloop
 endfacet
  facet normal 0 0 0
    outer loop
   vertex -7.855 14.785 0.936
   vertex -7.685 14.865 0.936
   vertex -7.685 14.785 0.936
  endloop
 endfacet
  facet normal 0 0 0
    outer loop
   vertex -8.805 16.235 0.936
   vertex -8.805 16.315 0.936
   vertex -8.635 16.315 0.936
  endloop
 endfacet
  facet normal 0 0 0
    outer loop
   vertex -8.805 16.235 0.936
   vertex -8.635 16.315 0.936
   vertex -8.635 16.235 0.936
  endloop
 endfacet
  facet normal 0 0 0
    outer loop
   vertex -7.855 16.235 0.936
   vertex -7.855 16.315 0.936
   vertex -7.685 16.315 0.936
  endloop
 endfacet
  facet normal 0 0 0
    outer loop
   vertex -7.855 16.235 0.936
   vertex -7.685 16.315 0.936
   vertex -7.685 16.235 0.936
  endloop
 endfacet
  facet normal 0 0 0
    outer loop
   vertex -8.805 16.485 0.936
   vertex -8.805 16.565 0.936
   vertex -8.635 16.565 0.936
  endloop
 endfacet
  facet normal 0 0 0
    outer loop
   vertex -8.805 16.485 0.936
   vertex -8.635 16.565 0.936
   vertex -8.635 16.485 0.936
  endloop
 endfacet
  facet normal 0 0 0
    outer loop
   vertex -7.855 16.485 0.936
   vertex -7.855 16.565 0.936
   vertex -7.685 16.565 0.936
  endloop
 endfacet
  facet normal 0 0 0
    outer loop
   vertex -7.855 16.485 0.936
   vertex -7.685 16.565 0.936
   vertex -7.685 16.485 0.936
  endloop
 endfacet
  facet normal 0 0 0
    outer loop
   vertex -5.055 12.835 0.936
   vertex -5.055 12.915 0.936
   vertex -4.885 12.915 0.936
  endloop
 endfacet
  facet normal 0 0 0
    outer loop
   vertex -5.055 12.835 0.936
   vertex -4.885 12.915 0.936
   vertex -4.885 12.835 0.936
  endloop
 endfacet
  facet normal 0 0 0
    outer loop
   vertex -6.005 12.835 0.936
   vertex -6.005 12.915 0.936
   vertex -5.835 12.915 0.936
  endloop
 endfacet
  facet normal 0 0 0
    outer loop
   vertex -6.005 12.835 0.936
   vertex -5.835 12.915 0.936
   vertex -5.835 12.835 0.936
  endloop
 endfacet
  facet normal 0 0 0
    outer loop
   vertex -6.005 16.235 0.936
   vertex -6.005 16.315 0.936
   vertex -5.835 16.315 0.936
  endloop
 endfacet
  facet normal 0 0 0
    outer loop
   vertex -6.005 16.235 0.936
   vertex -5.835 16.315 0.936
   vertex -5.835 16.235 0.936
  endloop
 endfacet
  facet normal 0 0 0
    outer loop
   vertex -5.055 16.235 0.936
   vertex -5.055 16.315 0.936
   vertex -4.885 16.315 0.936
  endloop
 endfacet
  facet normal 0 0 0
    outer loop
   vertex -5.055 16.235 0.936
   vertex -4.885 16.315 0.936
   vertex -4.885 16.235 0.936
  endloop
 endfacet
  facet normal 0 0 0
    outer loop
   vertex -6.005 14.535 0.936
   vertex -6.005 14.615 0.936
   vertex -5.835 14.615 0.936
  endloop
 endfacet
  facet normal 0 0 0
    outer loop
   vertex -6.005 14.535 0.936
   vertex -5.835 14.615 0.936
   vertex -5.835 14.535 0.936
  endloop
 endfacet
  facet normal 0 0 0
    outer loop
   vertex -5.055 14.535 0.936
   vertex -5.055 14.615 0.936
   vertex -4.885 14.615 0.936
  endloop
 endfacet
  facet normal 0 0 0
    outer loop
   vertex -5.055 14.535 0.936
   vertex -4.885 14.615 0.936
   vertex -4.885 14.535 0.936
  endloop
 endfacet
  facet normal 0 0 0
    outer loop
   vertex -6.005 16.485 0.936
   vertex -6.005 16.565 0.936
   vertex -5.835 16.565 0.936
  endloop
 endfacet
  facet normal 0 0 0
    outer loop
   vertex -6.005 16.485 0.936
   vertex -5.835 16.565 0.936
   vertex -5.835 16.485 0.936
  endloop
 endfacet
  facet normal 0 0 0
    outer loop
   vertex -5.055 16.485 0.936
   vertex -5.055 16.565 0.936
   vertex -4.885 16.565 0.936
  endloop
 endfacet
  facet normal 0 0 0
    outer loop
   vertex -5.055 16.485 0.936
   vertex -4.885 16.565 0.936
   vertex -4.885 16.485 0.936
  endloop
 endfacet
  facet normal 0 0 0
    outer loop
   vertex -6.005 13.085 0.936
   vertex -6.005 13.165 0.936
   vertex -5.835 13.165 0.936
  endloop
 endfacet
  facet normal 0 0 0
    outer loop
   vertex -6.005 13.085 0.936
   vertex -5.835 13.165 0.936
   vertex -5.835 13.085 0.936
  endloop
 endfacet
  facet normal 0 0 0
    outer loop
   vertex -5.055 13.085 0.936
   vertex -5.055 13.165 0.936
   vertex -4.885 13.165 0.936
  endloop
 endfacet
  facet normal 0 0 0
    outer loop
   vertex -5.055 13.085 0.936
   vertex -4.885 13.165 0.936
   vertex -4.885 13.085 0.936
  endloop
 endfacet
  facet normal 0 0 0
    outer loop
   vertex -6.005 17.935 0.936
   vertex -6.005 18.015 0.936
   vertex -5.835 18.015 0.936
  endloop
 endfacet
  facet normal 0 0 0
    outer loop
   vertex -6.005 17.935 0.936
   vertex -5.835 18.015 0.936
   vertex -5.835 17.935 0.936
  endloop
 endfacet
  facet normal 0 0 0
    outer loop
   vertex -5.055 17.935 0.936
   vertex -5.055 18.015 0.936
   vertex -4.885 18.015 0.936
  endloop
 endfacet
  facet normal 0 0 0
    outer loop
   vertex -5.055 17.935 0.936
   vertex -4.885 18.015 0.936
   vertex -4.885 17.935 0.936
  endloop
 endfacet
  facet normal 0 0 0
    outer loop
   vertex -6.005 14.785 0.936
   vertex -6.005 14.865 0.936
   vertex -5.835 14.865 0.936
  endloop
 endfacet
  facet normal 0 0 0
    outer loop
   vertex -6.005 14.785 0.936
   vertex -5.835 14.865 0.936
   vertex -5.835 14.785 0.936
  endloop
 endfacet
  facet normal 0 0 0
    outer loop
   vertex -5.055 14.785 0.936
   vertex -5.055 14.865 0.936
   vertex -4.885 14.865 0.936
  endloop
 endfacet
  facet normal 0 0 0
    outer loop
   vertex -5.055 14.785 0.936
   vertex -4.885 14.865 0.936
   vertex -4.885 14.785 0.936
  endloop
 endfacet
  facet normal 0 0 0
    outer loop
   vertex -6.005 18.185 0.936
   vertex -6.005 18.265 0.936
   vertex -5.835 18.265 0.936
  endloop
 endfacet
  facet normal 0 0 0
    outer loop
   vertex -6.005 18.185 0.936
   vertex -5.835 18.265 0.936
   vertex -5.835 18.185 0.936
  endloop
 endfacet
  facet normal 0 0 0
    outer loop
   vertex -5.055 18.185 0.936
   vertex -5.055 18.265 0.936
   vertex -4.885 18.265 0.936
  endloop
 endfacet
  facet normal 0 0 0
    outer loop
   vertex -5.055 18.185 0.936
   vertex -4.885 18.265 0.936
   vertex -4.885 18.185 0.936
  endloop
 endfacet
  facet normal 0 0 0
    outer loop
   vertex -4.885 19.715 0.326
   vertex -4.885 19.715 0.936
   vertex -5.055 19.715 0.936
  endloop
 endfacet
  facet normal 0 0 0
    outer loop
   vertex -4.885 19.715 0.326
   vertex -5.055 19.715 0.936
   vertex -5.055 19.715 0.326
  endloop
 endfacet
  facet normal 0 0 0
    outer loop
   vertex -5.835 19.715 0.326
   vertex -5.835 19.715 0.936
   vertex -6.005 19.715 0.936
  endloop
 endfacet
  facet normal 0 0 0
    outer loop
   vertex -5.835 19.715 0.326
   vertex -6.005 19.715 0.936
   vertex -6.005 19.715 0.326
  endloop
 endfacet
  facet normal 0 0 0
    outer loop
   vertex -7.685 19.715 0.326
   vertex -7.685 19.715 0.936
   vertex -7.855 19.715 0.936
  endloop
 endfacet
  facet normal 0 0 0
    outer loop
   vertex -7.685 19.715 0.326
   vertex -7.855 19.715 0.936
   vertex -7.855 19.715 0.326
  endloop
 endfacet
  facet normal 0 0 0
    outer loop
   vertex -8.635 19.715 0.326
   vertex -8.635 19.715 0.936
   vertex -8.805 19.715 0.936
  endloop
 endfacet
  facet normal 0 0 0
    outer loop
   vertex -8.635 19.715 0.326
   vertex -8.805 19.715 0.936
   vertex -8.805 19.715 0.326
  endloop
 endfacet
  facet normal 0 0 0
    outer loop
   vertex -8.805 19.885 0.326
   vertex -8.805 19.885 0.936
   vertex -8.635 19.885 0.936
  endloop
 endfacet
  facet normal 0 0 0
    outer loop
   vertex -8.805 19.885 0.326
   vertex -8.635 19.885 0.936
   vertex -8.635 19.885 0.326
  endloop
 endfacet
  facet normal 0 0 0
    outer loop
   vertex -7.855 19.885 0.326
   vertex -7.855 19.885 0.936
   vertex -7.685 19.885 0.936
  endloop
 endfacet
  facet normal 0 0 0
    outer loop
   vertex -7.855 19.885 0.326
   vertex -7.685 19.885 0.936
   vertex -7.685 19.885 0.326
  endloop
 endfacet
  facet normal 0 0 0
    outer loop
   vertex -6.005 19.885 0.326
   vertex -6.005 19.885 0.936
   vertex -5.835 19.885 0.936
  endloop
 endfacet
  facet normal 0 0 0
    outer loop
   vertex -6.005 19.885 0.326
   vertex -5.835 19.885 0.936
   vertex -5.835 19.885 0.326
  endloop
 endfacet
  facet normal 0 0 0
    outer loop
   vertex -5.055 19.885 0.326
   vertex -5.055 19.885 0.936
   vertex -4.885 19.885 0.936
  endloop
 endfacet
  facet normal 0 0 0
    outer loop
   vertex -5.055 19.885 0.326
   vertex -4.885 19.885 0.936
   vertex -4.885 19.885 0.326
  endloop
 endfacet
  facet normal 0 0 0
    outer loop
   vertex -6.005 12.915 0.326
   vertex -6.005 12.915 0.936
   vertex -6.005 13.085 0.936
  endloop
 endfacet
  facet normal 0 0 0
    outer loop
   vertex -6.005 12.915 0.326
   vertex -6.005 13.085 0.936
   vertex -6.005 13.085 0.326
  endloop
 endfacet
  facet normal 0 0 0
    outer loop
   vertex -6.005 14.615 0.326
   vertex -6.005 14.615 0.936
   vertex -6.005 14.785 0.936
  endloop
 endfacet
  facet normal 0 0 0
    outer loop
   vertex -6.005 14.615 0.326
   vertex -6.005 14.785 0.936
   vertex -6.005 14.785 0.326
  endloop
 endfacet
  facet normal 0 0 0
    outer loop
   vertex -6.005 16.315 0.326
   vertex -6.005 16.315 0.936
   vertex -6.005 16.485 0.936
  endloop
 endfacet
  facet normal 0 0 0
    outer loop
   vertex -6.005 16.315 0.326
   vertex -6.005 16.485 0.936
   vertex -6.005 16.485 0.326
  endloop
 endfacet
  facet normal 0 0 0
    outer loop
   vertex -6.005 18.015 0.326
   vertex -6.005 18.015 0.936
   vertex -6.005 18.185 0.936
  endloop
 endfacet
  facet normal 0 0 0
    outer loop
   vertex -6.005 18.015 0.326
   vertex -6.005 18.185 0.936
   vertex -6.005 18.185 0.326
  endloop
 endfacet
  facet normal 0 0 0
    outer loop
   vertex -6.005 19.715 0.326
   vertex -6.005 19.715 0.936
   vertex -6.005 19.885 0.936
  endloop
 endfacet
  facet normal 0 0 0
    outer loop
   vertex -6.005 19.715 0.326
   vertex -6.005 19.885 0.936
   vertex -6.005 19.885 0.326
  endloop
 endfacet
  facet normal 0 0 0
    outer loop
   vertex -6.005 21.415 0.326
   vertex -6.005 21.415 0.936
   vertex -6.005 21.585 0.936
  endloop
 endfacet
  facet normal 0 0 0
    outer loop
   vertex -6.005 21.415 0.326
   vertex -6.005 21.585 0.936
   vertex -6.005 21.585 0.326
  endloop
 endfacet
  facet normal 0 0 0
    outer loop
   vertex -6.005 23.115 0.326
   vertex -6.005 23.115 0.936
   vertex -6.005 23.285 0.936
  endloop
 endfacet
  facet normal 0 0 0
    outer loop
   vertex -6.005 23.115 0.326
   vertex -6.005 23.285 0.936
   vertex -6.005 23.285 0.326
  endloop
 endfacet
  facet normal 0 0 0
    outer loop
   vertex -6.005 24.815 0.326
   vertex -6.005 24.815 0.936
   vertex -6.005 24.985 0.936
  endloop
 endfacet
  facet normal 0 0 0
    outer loop
   vertex -6.005 24.815 0.326
   vertex -6.005 24.985 0.936
   vertex -6.005 24.985 0.326
  endloop
 endfacet
  facet normal 0 0 0
    outer loop
   vertex -5.835 24.985 0.326
   vertex -5.835 24.985 0.936
   vertex -5.835 24.815 0.936
  endloop
 endfacet
  facet normal 0 0 0
    outer loop
   vertex -5.835 24.985 0.326
   vertex -5.835 24.815 0.936
   vertex -5.835 24.815 0.326
  endloop
 endfacet
  facet normal 0 0 0
    outer loop
   vertex -5.835 23.285 0.326
   vertex -5.835 23.285 0.936
   vertex -5.835 23.115 0.936
  endloop
 endfacet
  facet normal 0 0 0
    outer loop
   vertex -5.835 23.285 0.326
   vertex -5.835 23.115 0.936
   vertex -5.835 23.115 0.326
  endloop
 endfacet
  facet normal 0 0 0
    outer loop
   vertex -5.835 21.585 0.326
   vertex -5.835 21.585 0.936
   vertex -5.835 21.415 0.936
  endloop
 endfacet
  facet normal 0 0 0
    outer loop
   vertex -5.835 21.585 0.326
   vertex -5.835 21.415 0.936
   vertex -5.835 21.415 0.326
  endloop
 endfacet
  facet normal 0 0 0
    outer loop
   vertex -5.835 19.885 0.326
   vertex -5.835 19.885 0.936
   vertex -5.835 19.715 0.936
  endloop
 endfacet
  facet normal 0 0 0
    outer loop
   vertex -5.835 19.885 0.326
   vertex -5.835 19.715 0.936
   vertex -5.835 19.715 0.326
  endloop
 endfacet
  facet normal 0 0 0
    outer loop
   vertex -5.835 18.185 0.326
   vertex -5.835 18.185 0.936
   vertex -5.835 18.015 0.936
  endloop
 endfacet
  facet normal 0 0 0
    outer loop
   vertex -5.835 18.185 0.326
   vertex -5.835 18.015 0.936
   vertex -5.835 18.015 0.326
  endloop
 endfacet
  facet normal 0 0 0
    outer loop
   vertex -5.835 16.485 0.326
   vertex -5.835 16.485 0.936
   vertex -5.835 16.315 0.936
  endloop
 endfacet
  facet normal 0 0 0
    outer loop
   vertex -5.835 16.485 0.326
   vertex -5.835 16.315 0.936
   vertex -5.835 16.315 0.326
  endloop
 endfacet
  facet normal 0 0 0
    outer loop
   vertex -5.835 14.785 0.326
   vertex -5.835 14.785 0.936
   vertex -5.835 14.615 0.936
  endloop
 endfacet
  facet normal 0 0 0
    outer loop
   vertex -5.835 14.785 0.326
   vertex -5.835 14.615 0.936
   vertex -5.835 14.615 0.326
  endloop
 endfacet
  facet normal 0 0 0
    outer loop
   vertex -5.835 13.085 0.326
   vertex -5.835 13.085 0.936
   vertex -5.835 12.915 0.936
  endloop
 endfacet
  facet normal 0 0 0
    outer loop
   vertex -5.835 13.085 0.326
   vertex -5.835 12.915 0.936
   vertex -5.835 12.915 0.326
  endloop
 endfacet
  facet normal 0 0 0
    outer loop
   vertex -5.055 12.915 0.326
   vertex -5.055 12.915 0.936
   vertex -5.055 13.085 0.936
  endloop
 endfacet
  facet normal 0 0 0
    outer loop
   vertex -5.055 12.915 0.326
   vertex -5.055 13.085 0.936
   vertex -5.055 13.085 0.326
  endloop
 endfacet
  facet normal 0 0 0
    outer loop
   vertex -5.055 14.615 0.326
   vertex -5.055 14.615 0.936
   vertex -5.055 14.785 0.936
  endloop
 endfacet
  facet normal 0 0 0
    outer loop
   vertex -5.055 14.615 0.326
   vertex -5.055 14.785 0.936
   vertex -5.055 14.785 0.326
  endloop
 endfacet
  facet normal 0 0 0
    outer loop
   vertex -5.055 16.315 0.326
   vertex -5.055 16.315 0.936
   vertex -5.055 16.485 0.936
  endloop
 endfacet
  facet normal 0 0 0
    outer loop
   vertex -5.055 16.315 0.326
   vertex -5.055 16.485 0.936
   vertex -5.055 16.485 0.326
  endloop
 endfacet
  facet normal 0 0 0
    outer loop
   vertex -5.055 18.015 0.326
   vertex -5.055 18.015 0.936
   vertex -5.055 18.185 0.936
  endloop
 endfacet
  facet normal 0 0 0
    outer loop
   vertex -5.055 18.015 0.326
   vertex -5.055 18.185 0.936
   vertex -5.055 18.185 0.326
  endloop
 endfacet
  facet normal 0 0 0
    outer loop
   vertex -5.055 19.715 0.326
   vertex -5.055 19.715 0.936
   vertex -5.055 19.885 0.936
  endloop
 endfacet
  facet normal 0 0 0
    outer loop
   vertex -5.055 19.715 0.326
   vertex -5.055 19.885 0.936
   vertex -5.055 19.885 0.326
  endloop
 endfacet
  facet normal 0 0 0
    outer loop
   vertex -5.055 21.415 0.326
   vertex -5.055 21.415 0.936
   vertex -5.055 21.585 0.936
  endloop
 endfacet
  facet normal 0 0 0
    outer loop
   vertex -5.055 21.415 0.326
   vertex -5.055 21.585 0.936
   vertex -5.055 21.585 0.326
  endloop
 endfacet
  facet normal 0 0 0
    outer loop
   vertex -5.055 23.115 0.326
   vertex -5.055 23.115 0.936
   vertex -5.055 23.285 0.936
  endloop
 endfacet
  facet normal 0 0 0
    outer loop
   vertex -5.055 23.115 0.326
   vertex -5.055 23.285 0.936
   vertex -5.055 23.285 0.326
  endloop
 endfacet
  facet normal 0 0 0
    outer loop
   vertex -5.055 24.815 0.326
   vertex -5.055 24.815 0.936
   vertex -5.055 24.985 0.936
  endloop
 endfacet
  facet normal 0 0 0
    outer loop
   vertex -5.055 24.815 0.326
   vertex -5.055 24.985 0.936
   vertex -5.055 24.985 0.326
  endloop
 endfacet
  facet normal 0 0 0
    outer loop
   vertex -4.885 24.985 0.326
   vertex -4.885 24.985 0.936
   vertex -4.885 24.815 0.936
  endloop
 endfacet
  facet normal 0 0 0
    outer loop
   vertex -4.885 24.985 0.326
   vertex -4.885 24.815 0.936
   vertex -4.885 24.815 0.326
  endloop
 endfacet
  facet normal 0 0 0
    outer loop
   vertex -4.885 23.285 0.326
   vertex -4.885 23.285 0.936
   vertex -4.885 23.115 0.936
  endloop
 endfacet
  facet normal 0 0 0
    outer loop
   vertex -4.885 23.285 0.326
   vertex -4.885 23.115 0.936
   vertex -4.885 23.115 0.326
  endloop
 endfacet
  facet normal 0 0 0
    outer loop
   vertex -4.885 21.585 0.326
   vertex -4.885 21.585 0.936
   vertex -4.885 21.415 0.936
  endloop
 endfacet
  facet normal 0 0 0
    outer loop
   vertex -4.885 21.585 0.326
   vertex -4.885 21.415 0.936
   vertex -4.885 21.415 0.326
  endloop
 endfacet
  facet normal 0 0 0
    outer loop
   vertex -4.885 19.885 0.326
   vertex -4.885 19.885 0.936
   vertex -4.885 19.715 0.936
  endloop
 endfacet
  facet normal 0 0 0
    outer loop
   vertex -4.885 19.885 0.326
   vertex -4.885 19.715 0.936
   vertex -4.885 19.715 0.326
  endloop
 endfacet
  facet normal 0 0 0
    outer loop
   vertex -4.885 18.185 0.326
   vertex -4.885 18.185 0.936
   vertex -4.885 18.015 0.936
  endloop
 endfacet
  facet normal 0 0 0
    outer loop
   vertex -4.885 18.185 0.326
   vertex -4.885 18.015 0.936
   vertex -4.885 18.015 0.326
  endloop
 endfacet
  facet normal 0 0 0
    outer loop
   vertex -4.885 16.485 0.326
   vertex -4.885 16.485 0.936
   vertex -4.885 16.315 0.936
  endloop
 endfacet
  facet normal 0 0 0
    outer loop
   vertex -4.885 16.485 0.326
   vertex -4.885 16.315 0.936
   vertex -4.885 16.315 0.326
  endloop
 endfacet
  facet normal 0 0 0
    outer loop
   vertex -4.885 14.785 0.326
   vertex -4.885 14.785 0.936
   vertex -4.885 14.615 0.936
  endloop
 endfacet
  facet normal 0 0 0
    outer loop
   vertex -4.885 14.785 0.326
   vertex -4.885 14.615 0.936
   vertex -4.885 14.615 0.326
  endloop
 endfacet
  facet normal 0 0 0
    outer loop
   vertex -4.885 13.085 0.326
   vertex -4.885 13.085 0.936
   vertex -4.885 12.915 0.936
  endloop
 endfacet
  facet normal 0 0 0
    outer loop
   vertex -4.885 13.085 0.326
   vertex -4.885 12.915 0.936
   vertex -4.885 12.915 0.326
  endloop
 endfacet
  facet normal 0 0 0
    outer loop
   vertex -4.885 21.415 0.326
   vertex -4.885 21.415 0.936
   vertex -5.055 21.415 0.936
  endloop
 endfacet
  facet normal 0 0 0
    outer loop
   vertex -4.885 21.415 0.326
   vertex -5.055 21.415 0.936
   vertex -5.055 21.415 0.326
  endloop
 endfacet
  facet normal 0 0 0
    outer loop
   vertex -5.835 21.415 0.326
   vertex -5.835 21.415 0.936
   vertex -6.005 21.415 0.936
  endloop
 endfacet
  facet normal 0 0 0
    outer loop
   vertex -5.835 21.415 0.326
   vertex -6.005 21.415 0.936
   vertex -6.005 21.415 0.326
  endloop
 endfacet
  facet normal 0 0 0
    outer loop
   vertex -7.685 21.415 0.326
   vertex -7.685 21.415 0.936
   vertex -7.855 21.415 0.936
  endloop
 endfacet
  facet normal 0 0 0
    outer loop
   vertex -7.685 21.415 0.326
   vertex -7.855 21.415 0.936
   vertex -7.855 21.415 0.326
  endloop
 endfacet
  facet normal 0 0 0
    outer loop
   vertex -8.635 21.415 0.326
   vertex -8.635 21.415 0.936
   vertex -8.805 21.415 0.936
  endloop
 endfacet
  facet normal 0 0 0
    outer loop
   vertex -8.635 21.415 0.326
   vertex -8.805 21.415 0.936
   vertex -8.805 21.415 0.326
  endloop
 endfacet
  facet normal 0 0 0
    outer loop
   vertex -8.805 21.585 0.326
   vertex -8.805 21.585 0.936
   vertex -8.635 21.585 0.936
  endloop
 endfacet
  facet normal 0 0 0
    outer loop
   vertex -8.805 21.585 0.326
   vertex -8.635 21.585 0.936
   vertex -8.635 21.585 0.326
  endloop
 endfacet
  facet normal 0 0 0
    outer loop
   vertex -7.855 21.585 0.326
   vertex -7.855 21.585 0.936
   vertex -7.685 21.585 0.936
  endloop
 endfacet
  facet normal 0 0 0
    outer loop
   vertex -7.855 21.585 0.326
   vertex -7.685 21.585 0.936
   vertex -7.685 21.585 0.326
  endloop
 endfacet
  facet normal 0 0 0
    outer loop
   vertex -6.005 21.585 0.326
   vertex -6.005 21.585 0.936
   vertex -5.835 21.585 0.936
  endloop
 endfacet
  facet normal 0 0 0
    outer loop
   vertex -6.005 21.585 0.326
   vertex -5.835 21.585 0.936
   vertex -5.835 21.585 0.326
  endloop
 endfacet
  facet normal 0 0 0
    outer loop
   vertex -5.055 21.585 0.326
   vertex -5.055 21.585 0.936
   vertex -4.885 21.585 0.936
  endloop
 endfacet
  facet normal 0 0 0
    outer loop
   vertex -5.055 21.585 0.326
   vertex -4.885 21.585 0.936
   vertex -4.885 21.585 0.326
  endloop
 endfacet
  facet normal 0 0 0
    outer loop
   vertex -8.805 23.285 0.326
   vertex -8.805 23.285 0.936
   vertex -8.635 23.285 0.936
  endloop
 endfacet
  facet normal 0 0 0
    outer loop
   vertex -8.805 23.285 0.326
   vertex -8.635 23.285 0.936
   vertex -8.635 23.285 0.326
  endloop
 endfacet
  facet normal 0 0 0
    outer loop
   vertex -7.855 23.285 0.326
   vertex -7.855 23.285 0.936
   vertex -7.685 23.285 0.936
  endloop
 endfacet
  facet normal 0 0 0
    outer loop
   vertex -7.855 23.285 0.326
   vertex -7.685 23.285 0.936
   vertex -7.685 23.285 0.326
  endloop
 endfacet
  facet normal 0 0 0
    outer loop
   vertex -6.005 23.285 0.326
   vertex -6.005 23.285 0.936
   vertex -5.835 23.285 0.936
  endloop
 endfacet
  facet normal 0 0 0
    outer loop
   vertex -6.005 23.285 0.326
   vertex -5.835 23.285 0.936
   vertex -5.835 23.285 0.326
  endloop
 endfacet
  facet normal 0 0 0
    outer loop
   vertex -5.055 23.285 0.326
   vertex -5.055 23.285 0.936
   vertex -4.885 23.285 0.936
  endloop
 endfacet
  facet normal 0 0 0
    outer loop
   vertex -5.055 23.285 0.326
   vertex -4.885 23.285 0.936
   vertex -4.885 23.285 0.326
  endloop
 endfacet
  facet normal 0 0 0
    outer loop
   vertex -4.885 23.115 0.326
   vertex -4.885 23.115 0.936
   vertex -5.055 23.115 0.936
  endloop
 endfacet
  facet normal 0 0 0
    outer loop
   vertex -4.885 23.115 0.326
   vertex -5.055 23.115 0.936
   vertex -5.055 23.115 0.326
  endloop
 endfacet
  facet normal 0 0 0
    outer loop
   vertex -5.835 23.115 0.326
   vertex -5.835 23.115 0.936
   vertex -6.005 23.115 0.936
  endloop
 endfacet
  facet normal 0 0 0
    outer loop
   vertex -5.835 23.115 0.326
   vertex -6.005 23.115 0.936
   vertex -6.005 23.115 0.326
  endloop
 endfacet
  facet normal 0 0 0
    outer loop
   vertex -7.685 23.115 0.326
   vertex -7.685 23.115 0.936
   vertex -7.855 23.115 0.936
  endloop
 endfacet
  facet normal 0 0 0
    outer loop
   vertex -7.685 23.115 0.326
   vertex -7.855 23.115 0.936
   vertex -7.855 23.115 0.326
  endloop
 endfacet
  facet normal 0 0 0
    outer loop
   vertex -8.635 23.115 0.326
   vertex -8.635 23.115 0.936
   vertex -8.805 23.115 0.936
  endloop
 endfacet
  facet normal 0 0 0
    outer loop
   vertex -8.635 23.115 0.326
   vertex -8.805 23.115 0.936
   vertex -8.805 23.115 0.326
  endloop
 endfacet
  facet normal 0 0 0
    outer loop
   vertex -4.885 24.815 0.326
   vertex -4.885 24.815 0.936
   vertex -5.055 24.815 0.936
  endloop
 endfacet
  facet normal 0 0 0
    outer loop
   vertex -4.885 24.815 0.326
   vertex -5.055 24.815 0.936
   vertex -5.055 24.815 0.326
  endloop
 endfacet
  facet normal 0 0 0
    outer loop
   vertex -5.835 24.815 0.326
   vertex -5.835 24.815 0.936
   vertex -6.005 24.815 0.936
  endloop
 endfacet
  facet normal 0 0 0
    outer loop
   vertex -5.835 24.815 0.326
   vertex -6.005 24.815 0.936
   vertex -6.005 24.815 0.326
  endloop
 endfacet
  facet normal 0 0 0
    outer loop
   vertex -7.685 24.815 0.326
   vertex -7.685 24.815 0.936
   vertex -7.855 24.815 0.936
  endloop
 endfacet
  facet normal 0 0 0
    outer loop
   vertex -7.685 24.815 0.326
   vertex -7.855 24.815 0.936
   vertex -7.855 24.815 0.326
  endloop
 endfacet
  facet normal 0 0 0
    outer loop
   vertex -8.635 24.815 0.326
   vertex -8.635 24.815 0.936
   vertex -8.805 24.815 0.936
  endloop
 endfacet
  facet normal 0 0 0
    outer loop
   vertex -8.635 24.815 0.326
   vertex -8.805 24.815 0.936
   vertex -8.805 24.815 0.326
  endloop
 endfacet
  facet normal 0 0 0
    outer loop
   vertex -8.805 24.985 0.326
   vertex -8.805 24.985 0.936
   vertex -8.635 24.985 0.936
  endloop
 endfacet
  facet normal 0 0 0
    outer loop
   vertex -8.805 24.985 0.326
   vertex -8.635 24.985 0.936
   vertex -8.635 24.985 0.326
  endloop
 endfacet
  facet normal 0 0 0
    outer loop
   vertex -7.855 24.985 0.326
   vertex -7.855 24.985 0.936
   vertex -7.685 24.985 0.936
  endloop
 endfacet
  facet normal 0 0 0
    outer loop
   vertex -7.855 24.985 0.326
   vertex -7.685 24.985 0.936
   vertex -7.685 24.985 0.326
  endloop
 endfacet
  facet normal 0 0 0
    outer loop
   vertex -6.005 24.985 0.326
   vertex -6.005 24.985 0.936
   vertex -5.835 24.985 0.936
  endloop
 endfacet
  facet normal 0 0 0
    outer loop
   vertex -6.005 24.985 0.326
   vertex -5.835 24.985 0.936
   vertex -5.835 24.985 0.326
  endloop
 endfacet
  facet normal 0 0 0
    outer loop
   vertex -5.055 24.985 0.326
   vertex -5.055 24.985 0.936
   vertex -4.885 24.985 0.936
  endloop
 endfacet
  facet normal 0 0 0
    outer loop
   vertex -5.055 24.985 0.326
   vertex -4.885 24.985 0.936
   vertex -4.885 24.985 0.326
  endloop
 endfacet
  facet normal 0 0 0
    outer loop
   vertex -8.805 12.915 0.326
   vertex -8.805 12.915 0.936
   vertex -8.805 13.085 0.936
  endloop
 endfacet
  facet normal 0 0 0
    outer loop
   vertex -8.805 12.915 0.326
   vertex -8.805 13.085 0.936
   vertex -8.805 13.085 0.326
  endloop
 endfacet
  facet normal 0 0 0
    outer loop
   vertex -8.805 14.615 0.326
   vertex -8.805 14.615 0.936
   vertex -8.805 14.785 0.936
  endloop
 endfacet
  facet normal 0 0 0
    outer loop
   vertex -8.805 14.615 0.326
   vertex -8.805 14.785 0.936
   vertex -8.805 14.785 0.326
  endloop
 endfacet
  facet normal 0 0 0
    outer loop
   vertex -8.805 16.315 0.326
   vertex -8.805 16.315 0.936
   vertex -8.805 16.485 0.936
  endloop
 endfacet
  facet normal 0 0 0
    outer loop
   vertex -8.805 16.315 0.326
   vertex -8.805 16.485 0.936
   vertex -8.805 16.485 0.326
  endloop
 endfacet
  facet normal 0 0 0
    outer loop
   vertex -8.805 18.015 0.326
   vertex -8.805 18.015 0.936
   vertex -8.805 18.185 0.936
  endloop
 endfacet
  facet normal 0 0 0
    outer loop
   vertex -8.805 18.015 0.326
   vertex -8.805 18.185 0.936
   vertex -8.805 18.185 0.326
  endloop
 endfacet
  facet normal 0 0 0
    outer loop
   vertex -8.805 19.715 0.326
   vertex -8.805 19.715 0.936
   vertex -8.805 19.885 0.936
  endloop
 endfacet
  facet normal 0 0 0
    outer loop
   vertex -8.805 19.715 0.326
   vertex -8.805 19.885 0.936
   vertex -8.805 19.885 0.326
  endloop
 endfacet
  facet normal 0 0 0
    outer loop
   vertex -8.805 21.415 0.326
   vertex -8.805 21.415 0.936
   vertex -8.805 21.585 0.936
  endloop
 endfacet
  facet normal 0 0 0
    outer loop
   vertex -8.805 21.415 0.326
   vertex -8.805 21.585 0.936
   vertex -8.805 21.585 0.326
  endloop
 endfacet
  facet normal 0 0 0
    outer loop
   vertex -8.805 23.115 0.326
   vertex -8.805 23.115 0.936
   vertex -8.805 23.285 0.936
  endloop
 endfacet
  facet normal 0 0 0
    outer loop
   vertex -8.805 23.115 0.326
   vertex -8.805 23.285 0.936
   vertex -8.805 23.285 0.326
  endloop
 endfacet
  facet normal 0 0 0
    outer loop
   vertex -8.805 24.815 0.326
   vertex -8.805 24.815 0.936
   vertex -8.805 24.985 0.936
  endloop
 endfacet
  facet normal 0 0 0
    outer loop
   vertex -8.805 24.815 0.326
   vertex -8.805 24.985 0.936
   vertex -8.805 24.985 0.326
  endloop
 endfacet
  facet normal 0 0 0
    outer loop
   vertex -8.635 24.985 0.326
   vertex -8.635 24.985 0.936
   vertex -8.635 24.815 0.936
  endloop
 endfacet
  facet normal 0 0 0
    outer loop
   vertex -8.635 24.985 0.326
   vertex -8.635 24.815 0.936
   vertex -8.635 24.815 0.326
  endloop
 endfacet
  facet normal 0 0 0
    outer loop
   vertex -8.635 23.285 0.326
   vertex -8.635 23.285 0.936
   vertex -8.635 23.115 0.936
  endloop
 endfacet
  facet normal 0 0 0
    outer loop
   vertex -8.635 23.285 0.326
   vertex -8.635 23.115 0.936
   vertex -8.635 23.115 0.326
  endloop
 endfacet
  facet normal 0 0 0
    outer loop
   vertex -8.635 21.585 0.326
   vertex -8.635 21.585 0.936
   vertex -8.635 21.415 0.936
  endloop
 endfacet
  facet normal 0 0 0
    outer loop
   vertex -8.635 21.585 0.326
   vertex -8.635 21.415 0.936
   vertex -8.635 21.415 0.326
  endloop
 endfacet
  facet normal 0 0 0
    outer loop
   vertex -8.635 19.885 0.326
   vertex -8.635 19.885 0.936
   vertex -8.635 19.715 0.936
  endloop
 endfacet
  facet normal 0 0 0
    outer loop
   vertex -8.635 19.885 0.326
   vertex -8.635 19.715 0.936
   vertex -8.635 19.715 0.326
  endloop
 endfacet
  facet normal 0 0 0
    outer loop
   vertex -8.635 18.185 0.326
   vertex -8.635 18.185 0.936
   vertex -8.635 18.015 0.936
  endloop
 endfacet
  facet normal 0 0 0
    outer loop
   vertex -8.635 18.185 0.326
   vertex -8.635 18.015 0.936
   vertex -8.635 18.015 0.326
  endloop
 endfacet
  facet normal 0 0 0
    outer loop
   vertex -8.635 16.485 0.326
   vertex -8.635 16.485 0.936
   vertex -8.635 16.315 0.936
  endloop
 endfacet
  facet normal 0 0 0
    outer loop
   vertex -8.635 16.485 0.326
   vertex -8.635 16.315 0.936
   vertex -8.635 16.315 0.326
  endloop
 endfacet
  facet normal 0 0 0
    outer loop
   vertex -8.635 14.785 0.326
   vertex -8.635 14.785 0.936
   vertex -8.635 14.615 0.936
  endloop
 endfacet
  facet normal 0 0 0
    outer loop
   vertex -8.635 14.785 0.326
   vertex -8.635 14.615 0.936
   vertex -8.635 14.615 0.326
  endloop
 endfacet
  facet normal 0 0 0
    outer loop
   vertex -8.635 13.085 0.326
   vertex -8.635 13.085 0.936
   vertex -8.635 12.915 0.936
  endloop
 endfacet
  facet normal 0 0 0
    outer loop
   vertex -8.635 13.085 0.326
   vertex -8.635 12.915 0.936
   vertex -8.635 12.915 0.326
  endloop
 endfacet
  facet normal 0 0 0
    outer loop
   vertex -7.855 12.915 0.326
   vertex -7.855 12.915 0.936
   vertex -7.855 13.085 0.936
  endloop
 endfacet
  facet normal 0 0 0
    outer loop
   vertex -7.855 12.915 0.326
   vertex -7.855 13.085 0.936
   vertex -7.855 13.085 0.326
  endloop
 endfacet
  facet normal 0 0 0
    outer loop
   vertex -7.855 14.615 0.326
   vertex -7.855 14.615 0.936
   vertex -7.855 14.785 0.936
  endloop
 endfacet
  facet normal 0 0 0
    outer loop
   vertex -7.855 14.615 0.326
   vertex -7.855 14.785 0.936
   vertex -7.855 14.785 0.326
  endloop
 endfacet
  facet normal 0 0 0
    outer loop
   vertex -7.855 16.315 0.326
   vertex -7.855 16.315 0.936
   vertex -7.855 16.485 0.936
  endloop
 endfacet
  facet normal 0 0 0
    outer loop
   vertex -7.855 16.315 0.326
   vertex -7.855 16.485 0.936
   vertex -7.855 16.485 0.326
  endloop
 endfacet
  facet normal 0 0 0
    outer loop
   vertex -7.855 18.015 0.326
   vertex -7.855 18.015 0.936
   vertex -7.855 18.185 0.936
  endloop
 endfacet
  facet normal 0 0 0
    outer loop
   vertex -7.855 18.015 0.326
   vertex -7.855 18.185 0.936
   vertex -7.855 18.185 0.326
  endloop
 endfacet
  facet normal 0 0 0
    outer loop
   vertex -7.855 19.715 0.326
   vertex -7.855 19.715 0.936
   vertex -7.855 19.885 0.936
  endloop
 endfacet
  facet normal 0 0 0
    outer loop
   vertex -7.855 19.715 0.326
   vertex -7.855 19.885 0.936
   vertex -7.855 19.885 0.326
  endloop
 endfacet
  facet normal 0 0 0
    outer loop
   vertex -7.855 21.415 0.326
   vertex -7.855 21.415 0.936
   vertex -7.855 21.585 0.936
  endloop
 endfacet
  facet normal 0 0 0
    outer loop
   vertex -7.855 21.415 0.326
   vertex -7.855 21.585 0.936
   vertex -7.855 21.585 0.326
  endloop
 endfacet
  facet normal 0 0 0
    outer loop
   vertex -7.855 23.115 0.326
   vertex -7.855 23.115 0.936
   vertex -7.855 23.285 0.936
  endloop
 endfacet
  facet normal 0 0 0
    outer loop
   vertex -7.855 23.115 0.326
   vertex -7.855 23.285 0.936
   vertex -7.855 23.285 0.326
  endloop
 endfacet
  facet normal 0 0 0
    outer loop
   vertex -7.855 24.815 0.326
   vertex -7.855 24.815 0.936
   vertex -7.855 24.985 0.936
  endloop
 endfacet
  facet normal 0 0 0
    outer loop
   vertex -7.855 24.815 0.326
   vertex -7.855 24.985 0.936
   vertex -7.855 24.985 0.326
  endloop
 endfacet
  facet normal 0 0 0
    outer loop
   vertex -7.685 24.985 0.326
   vertex -7.685 24.985 0.936
   vertex -7.685 24.815 0.936
  endloop
 endfacet
  facet normal 0 0 0
    outer loop
   vertex -7.685 24.985 0.326
   vertex -7.685 24.815 0.936
   vertex -7.685 24.815 0.326
  endloop
 endfacet
  facet normal 0 0 0
    outer loop
   vertex -7.685 23.285 0.326
   vertex -7.685 23.285 0.936
   vertex -7.685 23.115 0.936
  endloop
 endfacet
  facet normal 0 0 0
    outer loop
   vertex -7.685 23.285 0.326
   vertex -7.685 23.115 0.936
   vertex -7.685 23.115 0.326
  endloop
 endfacet
  facet normal 0 0 0
    outer loop
   vertex -7.685 21.585 0.326
   vertex -7.685 21.585 0.936
   vertex -7.685 21.415 0.936
  endloop
 endfacet
  facet normal 0 0 0
    outer loop
   vertex -7.685 21.585 0.326
   vertex -7.685 21.415 0.936
   vertex -7.685 21.415 0.326
  endloop
 endfacet
  facet normal 0 0 0
    outer loop
   vertex -7.685 19.885 0.326
   vertex -7.685 19.885 0.936
   vertex -7.685 19.715 0.936
  endloop
 endfacet
  facet normal 0 0 0
    outer loop
   vertex -7.685 19.885 0.326
   vertex -7.685 19.715 0.936
   vertex -7.685 19.715 0.326
  endloop
 endfacet
  facet normal 0 0 0
    outer loop
   vertex -7.685 18.185 0.326
   vertex -7.685 18.185 0.936
   vertex -7.685 18.015 0.936
  endloop
 endfacet
  facet normal 0 0 0
    outer loop
   vertex -7.685 18.185 0.326
   vertex -7.685 18.015 0.936
   vertex -7.685 18.015 0.326
  endloop
 endfacet
  facet normal 0 0 0
    outer loop
   vertex -7.685 16.485 0.326
   vertex -7.685 16.485 0.936
   vertex -7.685 16.315 0.936
  endloop
 endfacet
  facet normal 0 0 0
    outer loop
   vertex -7.685 16.485 0.326
   vertex -7.685 16.315 0.936
   vertex -7.685 16.315 0.326
  endloop
 endfacet
  facet normal 0 0 0
    outer loop
   vertex -7.685 14.785 0.326
   vertex -7.685 14.785 0.936
   vertex -7.685 14.615 0.936
  endloop
 endfacet
  facet normal 0 0 0
    outer loop
   vertex -7.685 14.785 0.326
   vertex -7.685 14.615 0.936
   vertex -7.685 14.615 0.326
  endloop
 endfacet
  facet normal 0 0 0
    outer loop
   vertex -7.685 13.085 0.326
   vertex -7.685 13.085 0.936
   vertex -7.685 12.915 0.936
  endloop
 endfacet
  facet normal 0 0 0
    outer loop
   vertex -7.685 13.085 0.326
   vertex -7.685 12.915 0.936
   vertex -7.685 12.915 0.326
  endloop
 endfacet
  facet normal 0 0 0
    outer loop
   vertex -8.805 18.185 0.326
   vertex -8.805 18.185 0.936
   vertex -8.635 18.185 0.936
  endloop
 endfacet
  facet normal 0 0 0
    outer loop
   vertex -8.805 18.185 0.326
   vertex -8.635 18.185 0.936
   vertex -8.635 18.185 0.326
  endloop
 endfacet
  facet normal 0 0 0
    outer loop
   vertex -7.855 18.185 0.326
   vertex -7.855 18.185 0.936
   vertex -7.685 18.185 0.936
  endloop
 endfacet
  facet normal 0 0 0
    outer loop
   vertex -7.855 18.185 0.326
   vertex -7.685 18.185 0.936
   vertex -7.685 18.185 0.326
  endloop
 endfacet
  facet normal 0 0 0
    outer loop
   vertex -6.005 18.185 0.326
   vertex -6.005 18.185 0.936
   vertex -5.835 18.185 0.936
  endloop
 endfacet
  facet normal 0 0 0
    outer loop
   vertex -6.005 18.185 0.326
   vertex -5.835 18.185 0.936
   vertex -5.835 18.185 0.326
  endloop
 endfacet
  facet normal 0 0 0
    outer loop
   vertex -5.055 18.185 0.326
   vertex -5.055 18.185 0.936
   vertex -4.885 18.185 0.936
  endloop
 endfacet
  facet normal 0 0 0
    outer loop
   vertex -5.055 18.185 0.326
   vertex -4.885 18.185 0.936
   vertex -4.885 18.185 0.326
  endloop
 endfacet
  facet normal 0 0 0
    outer loop
   vertex -4.885 18.015 0.326
   vertex -4.885 18.015 0.936
   vertex -5.055 18.015 0.936
  endloop
 endfacet
  facet normal 0 0 0
    outer loop
   vertex -4.885 18.015 0.326
   vertex -5.055 18.015 0.936
   vertex -5.055 18.015 0.326
  endloop
 endfacet
  facet normal 0 0 0
    outer loop
   vertex -5.835 18.015 0.326
   vertex -5.835 18.015 0.936
   vertex -6.005 18.015 0.936
  endloop
 endfacet
  facet normal 0 0 0
    outer loop
   vertex -5.835 18.015 0.326
   vertex -6.005 18.015 0.936
   vertex -6.005 18.015 0.326
  endloop
 endfacet
  facet normal 0 0 0
    outer loop
   vertex -7.685 18.015 0.326
   vertex -7.685 18.015 0.936
   vertex -7.855 18.015 0.936
  endloop
 endfacet
  facet normal 0 0 0
    outer loop
   vertex -7.685 18.015 0.326
   vertex -7.855 18.015 0.936
   vertex -7.855 18.015 0.326
  endloop
 endfacet
  facet normal 0 0 0
    outer loop
   vertex -8.635 18.015 0.326
   vertex -8.635 18.015 0.936
   vertex -8.805 18.015 0.936
  endloop
 endfacet
  facet normal 0 0 0
    outer loop
   vertex -8.635 18.015 0.326
   vertex -8.805 18.015 0.936
   vertex -8.805 18.015 0.326
  endloop
 endfacet
  facet normal 0 0 0
    outer loop
   vertex -4.885 12.915 0.326
   vertex -4.885 12.915 0.936
   vertex -5.055 12.915 0.936
  endloop
 endfacet
  facet normal 0 0 0
    outer loop
   vertex -4.885 12.915 0.326
   vertex -5.055 12.915 0.936
   vertex -5.055 12.915 0.326
  endloop
 endfacet
  facet normal 0 0 0
    outer loop
   vertex -5.835 12.915 0.326
   vertex -5.835 12.915 0.936
   vertex -6.005 12.915 0.936
  endloop
 endfacet
  facet normal 0 0 0
    outer loop
   vertex -5.835 12.915 0.326
   vertex -6.005 12.915 0.936
   vertex -6.005 12.915 0.326
  endloop
 endfacet
  facet normal 0 0 0
    outer loop
   vertex -7.685 12.915 0.326
   vertex -7.685 12.915 0.936
   vertex -7.855 12.915 0.936
  endloop
 endfacet
  facet normal 0 0 0
    outer loop
   vertex -7.685 12.915 0.326
   vertex -7.855 12.915 0.936
   vertex -7.855 12.915 0.326
  endloop
 endfacet
  facet normal 0 0 0
    outer loop
   vertex -8.635 12.915 0.326
   vertex -8.635 12.915 0.936
   vertex -8.805 12.915 0.936
  endloop
 endfacet
  facet normal 0 0 0
    outer loop
   vertex -8.635 12.915 0.326
   vertex -8.805 12.915 0.936
   vertex -8.805 12.915 0.326
  endloop
 endfacet
  facet normal 0 0 0
    outer loop
   vertex -9.085 12.915 0.326
   vertex -9.085 12.915 0.936
   vertex -9.255 12.915 0.936
  endloop
 endfacet
  facet normal 0 0 0
    outer loop
   vertex -9.085 12.915 0.326
   vertex -9.255 12.915 0.936
   vertex -9.255 12.915 0.326
  endloop
 endfacet
  facet normal 0 0 0
    outer loop
   vertex -9.255 12.915 0.326
   vertex -9.255 12.915 0.936
   vertex -9.255 13.085 0.936
  endloop
 endfacet
  facet normal 0 0 0
    outer loop
   vertex -9.255 12.915 0.326
   vertex -9.255 13.085 0.936
   vertex -9.255 13.085 0.326
  endloop
 endfacet
  facet normal 0 0 0
    outer loop
   vertex -9.255 13.085 0.326
   vertex -9.255 13.085 0.936
   vertex -9.085 13.085 0.936
  endloop
 endfacet
  facet normal 0 0 0
    outer loop
   vertex -9.255 13.085 0.326
   vertex -9.085 13.085 0.936
   vertex -9.085 13.085 0.326
  endloop
 endfacet
  facet normal 0 0 0
    outer loop
   vertex -8.805 13.085 0.326
   vertex -8.805 13.085 0.936
   vertex -8.635 13.085 0.936
  endloop
 endfacet
  facet normal 0 0 0
    outer loop
   vertex -8.805 13.085 0.326
   vertex -8.635 13.085 0.936
   vertex -8.635 13.085 0.326
  endloop
 endfacet
  facet normal 0 0 0
    outer loop
   vertex -7.855 13.085 0.326
   vertex -7.855 13.085 0.936
   vertex -7.685 13.085 0.936
  endloop
 endfacet
  facet normal 0 0 0
    outer loop
   vertex -7.855 13.085 0.326
   vertex -7.685 13.085 0.936
   vertex -7.685 13.085 0.326
  endloop
 endfacet
  facet normal 0 0 0
    outer loop
   vertex -6.005 13.085 0.326
   vertex -6.005 13.085 0.936
   vertex -5.835 13.085 0.936
  endloop
 endfacet
  facet normal 0 0 0
    outer loop
   vertex -6.005 13.085 0.326
   vertex -5.835 13.085 0.936
   vertex -5.835 13.085 0.326
  endloop
 endfacet
  facet normal 0 0 0
    outer loop
   vertex -5.055 13.085 0.326
   vertex -5.055 13.085 0.936
   vertex -4.885 13.085 0.936
  endloop
 endfacet
  facet normal 0 0 0
    outer loop
   vertex -5.055 13.085 0.326
   vertex -4.885 13.085 0.936
   vertex -4.885 13.085 0.326
  endloop
 endfacet
  facet normal 0 0 0
    outer loop
   vertex -9.085 13.085 0.326
   vertex -9.085 13.085 0.936
   vertex -9.085 12.915 0.936
  endloop
 endfacet
  facet normal 0 0 0
    outer loop
   vertex -9.085 13.085 0.326
   vertex -9.085 12.915 0.936
   vertex -9.085 12.915 0.326
  endloop
 endfacet
  facet normal 0 0 0
    outer loop
   vertex -4.885 14.615 0.326
   vertex -4.885 14.615 0.936
   vertex -5.055 14.615 0.936
  endloop
 endfacet
  facet normal 0 0 0
    outer loop
   vertex -4.885 14.615 0.326
   vertex -5.055 14.615 0.936
   vertex -5.055 14.615 0.326
  endloop
 endfacet
  facet normal 0 0 0
    outer loop
   vertex -5.835 14.615 0.326
   vertex -5.835 14.615 0.936
   vertex -6.005 14.615 0.936
  endloop
 endfacet
  facet normal 0 0 0
    outer loop
   vertex -5.835 14.615 0.326
   vertex -6.005 14.615 0.936
   vertex -6.005 14.615 0.326
  endloop
 endfacet
  facet normal 0 0 0
    outer loop
   vertex -7.685 14.615 0.326
   vertex -7.685 14.615 0.936
   vertex -7.855 14.615 0.936
  endloop
 endfacet
  facet normal 0 0 0
    outer loop
   vertex -7.685 14.615 0.326
   vertex -7.855 14.615 0.936
   vertex -7.855 14.615 0.326
  endloop
 endfacet
  facet normal 0 0 0
    outer loop
   vertex -8.635 14.615 0.326
   vertex -8.635 14.615 0.936
   vertex -8.805 14.615 0.936
  endloop
 endfacet
  facet normal 0 0 0
    outer loop
   vertex -8.635 14.615 0.326
   vertex -8.805 14.615 0.936
   vertex -8.805 14.615 0.326
  endloop
 endfacet
  facet normal 0 0 0
    outer loop
   vertex -8.805 14.785 0.326
   vertex -8.805 14.785 0.936
   vertex -8.635 14.785 0.936
  endloop
 endfacet
  facet normal 0 0 0
    outer loop
   vertex -8.805 14.785 0.326
   vertex -8.635 14.785 0.936
   vertex -8.635 14.785 0.326
  endloop
 endfacet
  facet normal 0 0 0
    outer loop
   vertex -7.855 14.785 0.326
   vertex -7.855 14.785 0.936
   vertex -7.685 14.785 0.936
  endloop
 endfacet
  facet normal 0 0 0
    outer loop
   vertex -7.855 14.785 0.326
   vertex -7.685 14.785 0.936
   vertex -7.685 14.785 0.326
  endloop
 endfacet
  facet normal 0 0 0
    outer loop
   vertex -6.005 14.785 0.326
   vertex -6.005 14.785 0.936
   vertex -5.835 14.785 0.936
  endloop
 endfacet
  facet normal 0 0 0
    outer loop
   vertex -6.005 14.785 0.326
   vertex -5.835 14.785 0.936
   vertex -5.835 14.785 0.326
  endloop
 endfacet
  facet normal 0 0 0
    outer loop
   vertex -5.055 14.785 0.326
   vertex -5.055 14.785 0.936
   vertex -4.885 14.785 0.936
  endloop
 endfacet
  facet normal 0 0 0
    outer loop
   vertex -5.055 14.785 0.326
   vertex -4.885 14.785 0.936
   vertex -4.885 14.785 0.326
  endloop
 endfacet
  facet normal 0 0 0
    outer loop
   vertex -4.885 16.315 0.326
   vertex -4.885 16.315 0.936
   vertex -5.055 16.315 0.936
  endloop
 endfacet
  facet normal 0 0 0
    outer loop
   vertex -4.885 16.315 0.326
   vertex -5.055 16.315 0.936
   vertex -5.055 16.315 0.326
  endloop
 endfacet
  facet normal 0 0 0
    outer loop
   vertex -5.835 16.315 0.326
   vertex -5.835 16.315 0.936
   vertex -6.005 16.315 0.936
  endloop
 endfacet
  facet normal 0 0 0
    outer loop
   vertex -5.835 16.315 0.326
   vertex -6.005 16.315 0.936
   vertex -6.005 16.315 0.326
  endloop
 endfacet
  facet normal 0 0 0
    outer loop
   vertex -7.685 16.315 0.326
   vertex -7.685 16.315 0.936
   vertex -7.855 16.315 0.936
  endloop
 endfacet
  facet normal 0 0 0
    outer loop
   vertex -7.685 16.315 0.326
   vertex -7.855 16.315 0.936
   vertex -7.855 16.315 0.326
  endloop
 endfacet
  facet normal 0 0 0
    outer loop
   vertex -8.635 16.315 0.326
   vertex -8.635 16.315 0.936
   vertex -8.805 16.315 0.936
  endloop
 endfacet
  facet normal 0 0 0
    outer loop
   vertex -8.635 16.315 0.326
   vertex -8.805 16.315 0.936
   vertex -8.805 16.315 0.326
  endloop
 endfacet
  facet normal 0 0 0
    outer loop
   vertex -8.805 16.485 0.326
   vertex -8.805 16.485 0.936
   vertex -8.635 16.485 0.936
  endloop
 endfacet
  facet normal 0 0 0
    outer loop
   vertex -8.805 16.485 0.326
   vertex -8.635 16.485 0.936
   vertex -8.635 16.485 0.326
  endloop
 endfacet
  facet normal 0 0 0
    outer loop
   vertex -7.855 16.485 0.326
   vertex -7.855 16.485 0.936
   vertex -7.685 16.485 0.936
  endloop
 endfacet
  facet normal 0 0 0
    outer loop
   vertex -7.855 16.485 0.326
   vertex -7.685 16.485 0.936
   vertex -7.685 16.485 0.326
  endloop
 endfacet
  facet normal 0 0 0
    outer loop
   vertex -6.005 16.485 0.326
   vertex -6.005 16.485 0.936
   vertex -5.835 16.485 0.936
  endloop
 endfacet
  facet normal 0 0 0
    outer loop
   vertex -6.005 16.485 0.326
   vertex -5.835 16.485 0.936
   vertex -5.835 16.485 0.326
  endloop
 endfacet
  facet normal 0 0 0
    outer loop
   vertex -5.055 16.485 0.326
   vertex -5.055 16.485 0.936
   vertex -4.885 16.485 0.936
  endloop
 endfacet
  facet normal 0 0 0
    outer loop
   vertex -5.055 16.485 0.326
   vertex -4.885 16.485 0.936
   vertex -4.885 16.485 0.326
  endloop
 endfacet
  facet normal 0 0 0
    outer loop
   vertex -5.835 19.715 1.036
   vertex -6.005 19.715 1.036
   vertex -6.005 19.635 1.036
  endloop
 endfacet
  facet normal 0 0 0
    outer loop
   vertex -5.835 19.635 1.036
   vertex -5.835 19.715 1.036
   vertex -6.005 19.635 1.036
  endloop
 endfacet
  facet normal 0 0 0
    outer loop
   vertex -4.885 19.715 1.036
   vertex -5.055 19.715 1.036
   vertex -5.055 19.635 1.036
  endloop
 endfacet
  facet normal 0 0 0
    outer loop
   vertex -4.885 19.635 1.036
   vertex -4.885 19.715 1.036
   vertex -5.055 19.635 1.036
  endloop
 endfacet
  facet normal 0 0 0
    outer loop
   vertex -5.835 19.965 1.036
   vertex -6.005 19.965 1.036
   vertex -6.005 19.885 1.036
  endloop
 endfacet
  facet normal 0 0 0
    outer loop
   vertex -5.835 19.885 1.036
   vertex -5.835 19.965 1.036
   vertex -6.005 19.885 1.036
  endloop
 endfacet
  facet normal 0 0 0
    outer loop
   vertex -4.885 19.965 1.036
   vertex -5.055 19.965 1.036
   vertex -5.055 19.885 1.036
  endloop
 endfacet
  facet normal 0 0 0
    outer loop
   vertex -4.885 19.885 1.036
   vertex -4.885 19.965 1.036
   vertex -5.055 19.885 1.036
  endloop
 endfacet
  facet normal 0 0 0
    outer loop
   vertex -5.835 21.415 1.036
   vertex -6.005 21.415 1.036
   vertex -6.005 21.335 1.036
  endloop
 endfacet
  facet normal 0 0 0
    outer loop
   vertex -5.835 21.335 1.036
   vertex -5.835 21.415 1.036
   vertex -6.005 21.335 1.036
  endloop
 endfacet
  facet normal 0 0 0
    outer loop
   vertex -4.885 21.415 1.036
   vertex -5.055 21.415 1.036
   vertex -5.055 21.335 1.036
  endloop
 endfacet
  facet normal 0 0 0
    outer loop
   vertex -4.885 21.335 1.036
   vertex -4.885 21.415 1.036
   vertex -5.055 21.335 1.036
  endloop
 endfacet
  facet normal 0 0 0
    outer loop
   vertex -5.835 21.665 1.036
   vertex -6.005 21.665 1.036
   vertex -6.005 21.585 1.036
  endloop
 endfacet
  facet normal 0 0 0
    outer loop
   vertex -5.835 21.585 1.036
   vertex -5.835 21.665 1.036
   vertex -6.005 21.585 1.036
  endloop
 endfacet
  facet normal 0 0 0
    outer loop
   vertex -4.885 21.665 1.036
   vertex -5.055 21.665 1.036
   vertex -5.055 21.585 1.036
  endloop
 endfacet
  facet normal 0 0 0
    outer loop
   vertex -4.885 21.585 1.036
   vertex -4.885 21.665 1.036
   vertex -5.055 21.585 1.036
  endloop
 endfacet
  facet normal 0 0 0
    outer loop
   vertex -5.835 23.115 1.036
   vertex -6.005 23.115 1.036
   vertex -6.005 23.035 1.036
  endloop
 endfacet
  facet normal 0 0 0
    outer loop
   vertex -5.835 23.035 1.036
   vertex -5.835 23.115 1.036
   vertex -6.005 23.035 1.036
  endloop
 endfacet
  facet normal 0 0 0
    outer loop
   vertex -4.885 23.115 1.036
   vertex -5.055 23.115 1.036
   vertex -5.055 23.035 1.036
  endloop
 endfacet
  facet normal 0 0 0
    outer loop
   vertex -4.885 23.035 1.036
   vertex -4.885 23.115 1.036
   vertex -5.055 23.035 1.036
  endloop
 endfacet
  facet normal 0 0 0
    outer loop
   vertex -5.835 23.365 1.036
   vertex -6.005 23.365 1.036
   vertex -6.005 23.285 1.036
  endloop
 endfacet
  facet normal 0 0 0
    outer loop
   vertex -5.835 23.285 1.036
   vertex -5.835 23.365 1.036
   vertex -6.005 23.285 1.036
  endloop
 endfacet
  facet normal 0 0 0
    outer loop
   vertex -4.885 23.365 1.036
   vertex -5.055 23.365 1.036
   vertex -5.055 23.285 1.036
  endloop
 endfacet
  facet normal 0 0 0
    outer loop
   vertex -4.885 23.285 1.036
   vertex -4.885 23.365 1.036
   vertex -5.055 23.285 1.036
  endloop
 endfacet
  facet normal 0 0 0
    outer loop
   vertex -5.835 24.815 1.036
   vertex -6.005 24.815 1.036
   vertex -6.005 24.735 1.036
  endloop
 endfacet
  facet normal 0 0 0
    outer loop
   vertex -5.835 24.735 1.036
   vertex -5.835 24.815 1.036
   vertex -6.005 24.735 1.036
  endloop
 endfacet
  facet normal 0 0 0
    outer loop
   vertex -4.885 24.815 1.036
   vertex -5.055 24.815 1.036
   vertex -5.055 24.735 1.036
  endloop
 endfacet
  facet normal 0 0 0
    outer loop
   vertex -4.885 24.735 1.036
   vertex -4.885 24.815 1.036
   vertex -5.055 24.735 1.036
  endloop
 endfacet
  facet normal 0 0 0
    outer loop
   vertex -5.835 25.065 1.036
   vertex -6.005 25.065 1.036
   vertex -6.005 24.985 1.036
  endloop
 endfacet
  facet normal 0 0 0
    outer loop
   vertex -5.835 24.985 1.036
   vertex -5.835 25.065 1.036
   vertex -6.005 24.985 1.036
  endloop
 endfacet
  facet normal 0 0 0
    outer loop
   vertex -4.885 25.065 1.036
   vertex -5.055 25.065 1.036
   vertex -5.055 24.985 1.036
  endloop
 endfacet
  facet normal 0 0 0
    outer loop
   vertex -4.885 24.985 1.036
   vertex -4.885 25.065 1.036
   vertex -5.055 24.985 1.036
  endloop
 endfacet
  facet normal 0 0 0
    outer loop
   vertex -8.635 23.115 1.036
   vertex -8.805 23.115 1.036
   vertex -8.805 23.035 1.036
  endloop
 endfacet
  facet normal 0 0 0
    outer loop
   vertex -8.635 23.035 1.036
   vertex -8.635 23.115 1.036
   vertex -8.805 23.035 1.036
  endloop
 endfacet
  facet normal 0 0 0
    outer loop
   vertex -7.685 23.115 1.036
   vertex -7.855 23.115 1.036
   vertex -7.855 23.035 1.036
  endloop
 endfacet
  facet normal 0 0 0
    outer loop
   vertex -7.685 23.035 1.036
   vertex -7.685 23.115 1.036
   vertex -7.855 23.035 1.036
  endloop
 endfacet
  facet normal 0 0 0
    outer loop
   vertex -8.635 21.415 1.036
   vertex -8.805 21.415 1.036
   vertex -8.805 21.335 1.036
  endloop
 endfacet
  facet normal 0 0 0
    outer loop
   vertex -8.635 21.335 1.036
   vertex -8.635 21.415 1.036
   vertex -8.805 21.335 1.036
  endloop
 endfacet
  facet normal 0 0 0
    outer loop
   vertex -7.685 21.415 1.036
   vertex -7.855 21.415 1.036
   vertex -7.855 21.335 1.036
  endloop
 endfacet
  facet normal 0 0 0
    outer loop
   vertex -7.685 21.335 1.036
   vertex -7.685 21.415 1.036
   vertex -7.855 21.335 1.036
  endloop
 endfacet
  facet normal 0 0 0
    outer loop
   vertex -8.635 23.365 1.036
   vertex -8.805 23.365 1.036
   vertex -8.805 23.285 1.036
  endloop
 endfacet
  facet normal 0 0 0
    outer loop
   vertex -8.635 23.285 1.036
   vertex -8.635 23.365 1.036
   vertex -8.805 23.285 1.036
  endloop
 endfacet
  facet normal 0 0 0
    outer loop
   vertex -7.685 23.365 1.036
   vertex -7.855 23.365 1.036
   vertex -7.855 23.285 1.036
  endloop
 endfacet
  facet normal 0 0 0
    outer loop
   vertex -7.685 23.285 1.036
   vertex -7.685 23.365 1.036
   vertex -7.855 23.285 1.036
  endloop
 endfacet
  facet normal 0 0 0
    outer loop
   vertex -8.635 19.965 1.036
   vertex -8.805 19.965 1.036
   vertex -8.805 19.885 1.036
  endloop
 endfacet
  facet normal 0 0 0
    outer loop
   vertex -8.635 19.885 1.036
   vertex -8.635 19.965 1.036
   vertex -8.805 19.885 1.036
  endloop
 endfacet
  facet normal 0 0 0
    outer loop
   vertex -7.685 19.965 1.036
   vertex -7.855 19.965 1.036
   vertex -7.855 19.885 1.036
  endloop
 endfacet
  facet normal 0 0 0
    outer loop
   vertex -7.685 19.885 1.036
   vertex -7.685 19.965 1.036
   vertex -7.855 19.885 1.036
  endloop
 endfacet
  facet normal 0 0 0
    outer loop
   vertex -8.635 24.815 1.036
   vertex -8.805 24.815 1.036
   vertex -8.805 24.735 1.036
  endloop
 endfacet
  facet normal 0 0 0
    outer loop
   vertex -8.635 24.735 1.036
   vertex -8.635 24.815 1.036
   vertex -8.805 24.735 1.036
  endloop
 endfacet
  facet normal 0 0 0
    outer loop
   vertex -7.685 24.815 1.036
   vertex -7.855 24.815 1.036
   vertex -7.855 24.735 1.036
  endloop
 endfacet
  facet normal 0 0 0
    outer loop
   vertex -7.685 24.735 1.036
   vertex -7.685 24.815 1.036
   vertex -7.855 24.735 1.036
  endloop
 endfacet
  facet normal 0 0 0
    outer loop
   vertex -8.635 21.665 1.036
   vertex -8.805 21.665 1.036
   vertex -8.805 21.585 1.036
  endloop
 endfacet
  facet normal 0 0 0
    outer loop
   vertex -8.635 21.585 1.036
   vertex -8.635 21.665 1.036
   vertex -8.805 21.585 1.036
  endloop
 endfacet
  facet normal 0 0 0
    outer loop
   vertex -7.685 21.665 1.036
   vertex -7.855 21.665 1.036
   vertex -7.855 21.585 1.036
  endloop
 endfacet
  facet normal 0 0 0
    outer loop
   vertex -7.685 21.585 1.036
   vertex -7.685 21.665 1.036
   vertex -7.855 21.585 1.036
  endloop
 endfacet
  facet normal 0 0 0
    outer loop
   vertex -8.635 25.065 1.036
   vertex -8.805 25.065 1.036
   vertex -8.805 24.985 1.036
  endloop
 endfacet
  facet normal 0 0 0
    outer loop
   vertex -8.635 24.985 1.036
   vertex -8.635 25.065 1.036
   vertex -8.805 24.985 1.036
  endloop
 endfacet
  facet normal 0 0 0
    outer loop
   vertex -7.685 25.065 1.036
   vertex -7.855 25.065 1.036
   vertex -7.855 24.985 1.036
  endloop
 endfacet
  facet normal 0 0 0
    outer loop
   vertex -7.685 24.985 1.036
   vertex -7.685 25.065 1.036
   vertex -7.855 24.985 1.036
  endloop
 endfacet
  facet normal 0 0 0
    outer loop
   vertex -8.635 19.715 1.036
   vertex -8.805 19.715 1.036
   vertex -8.805 19.635 1.036
  endloop
 endfacet
  facet normal 0 0 0
    outer loop
   vertex -8.635 19.635 1.036
   vertex -8.635 19.715 1.036
   vertex -8.805 19.635 1.036
  endloop
 endfacet
  facet normal 0 0 0
    outer loop
   vertex -7.685 19.715 1.036
   vertex -7.855 19.715 1.036
   vertex -7.855 19.635 1.036
  endloop
 endfacet
  facet normal 0 0 0
    outer loop
   vertex -7.685 19.635 1.036
   vertex -7.685 19.715 1.036
   vertex -7.855 19.635 1.036
  endloop
 endfacet
  facet normal 0 0 0
    outer loop
   vertex -8.635 18.015 1.036
   vertex -8.805 18.015 1.036
   vertex -8.805 17.935 1.036
  endloop
 endfacet
  facet normal 0 0 0
    outer loop
   vertex -8.635 17.935 1.036
   vertex -8.635 18.015 1.036
   vertex -8.805 17.935 1.036
  endloop
 endfacet
  facet normal 0 0 0
    outer loop
   vertex -7.685 18.015 1.036
   vertex -7.855 18.015 1.036
   vertex -7.855 17.935 1.036
  endloop
 endfacet
  facet normal 0 0 0
    outer loop
   vertex -7.685 17.935 1.036
   vertex -7.685 18.015 1.036
   vertex -7.855 17.935 1.036
  endloop
 endfacet
  facet normal 0 0 0
    outer loop
   vertex -8.635 18.265 1.036
   vertex -8.805 18.265 1.036
   vertex -8.805 18.185 1.036
  endloop
 endfacet
  facet normal 0 0 0
    outer loop
   vertex -8.635 18.185 1.036
   vertex -8.635 18.265 1.036
   vertex -8.805 18.185 1.036
  endloop
 endfacet
  facet normal 0 0 0
    outer loop
   vertex -7.685 18.265 1.036
   vertex -7.855 18.265 1.036
   vertex -7.855 18.185 1.036
  endloop
 endfacet
  facet normal 0 0 0
    outer loop
   vertex -7.685 18.185 1.036
   vertex -7.685 18.265 1.036
   vertex -7.855 18.185 1.036
  endloop
 endfacet
  facet normal 0 0 0
    outer loop
   vertex -9.085 12.915 1.036
   vertex -9.255 12.915 1.036
   vertex -9.255 12.835 1.036
  endloop
 endfacet
  facet normal 0 0 0
    outer loop
   vertex -9.085 12.835 1.036
   vertex -9.085 12.915 1.036
   vertex -9.255 12.835 1.036
  endloop
 endfacet
  facet normal 0 0 0
    outer loop
   vertex -8.635 12.915 1.036
   vertex -8.805 12.915 1.036
   vertex -8.805 12.835 1.036
  endloop
 endfacet
  facet normal 0 0 0
    outer loop
   vertex -8.635 12.835 1.036
   vertex -8.635 12.915 1.036
   vertex -8.805 12.835 1.036
  endloop
 endfacet
  facet normal 0 0 0
    outer loop
   vertex -7.685 12.915 1.036
   vertex -7.855 12.915 1.036
   vertex -7.855 12.835 1.036
  endloop
 endfacet
  facet normal 0 0 0
    outer loop
   vertex -7.685 12.835 1.036
   vertex -7.685 12.915 1.036
   vertex -7.855 12.835 1.036
  endloop
 endfacet
  facet normal 0 0 0
    outer loop
   vertex -9.085 13.165 1.036
   vertex -9.255 13.165 1.036
   vertex -9.255 13.085 1.036
  endloop
 endfacet
  facet normal 0 0 0
    outer loop
   vertex -9.085 13.085 1.036
   vertex -9.085 13.165 1.036
   vertex -9.255 13.085 1.036
  endloop
 endfacet
  facet normal 0 0 0
    outer loop
   vertex -8.635 13.165 1.036
   vertex -8.805 13.165 1.036
   vertex -8.805 13.085 1.036
  endloop
 endfacet
  facet normal 0 0 0
    outer loop
   vertex -8.635 13.085 1.036
   vertex -8.635 13.165 1.036
   vertex -8.805 13.085 1.036
  endloop
 endfacet
  facet normal 0 0 0
    outer loop
   vertex -7.685 13.165 1.036
   vertex -7.855 13.165 1.036
   vertex -7.855 13.085 1.036
  endloop
 endfacet
  facet normal 0 0 0
    outer loop
   vertex -7.685 13.085 1.036
   vertex -7.685 13.165 1.036
   vertex -7.855 13.085 1.036
  endloop
 endfacet
  facet normal 0 0 0
    outer loop
   vertex -8.635 14.615 1.036
   vertex -8.805 14.615 1.036
   vertex -8.805 14.535 1.036
  endloop
 endfacet
  facet normal 0 0 0
    outer loop
   vertex -8.635 14.535 1.036
   vertex -8.635 14.615 1.036
   vertex -8.805 14.535 1.036
  endloop
 endfacet
  facet normal 0 0 0
    outer loop
   vertex -7.685 14.615 1.036
   vertex -7.855 14.615 1.036
   vertex -7.855 14.535 1.036
  endloop
 endfacet
  facet normal 0 0 0
    outer loop
   vertex -7.685 14.535 1.036
   vertex -7.685 14.615 1.036
   vertex -7.855 14.535 1.036
  endloop
 endfacet
  facet normal 0 0 0
    outer loop
   vertex -8.635 14.865 1.036
   vertex -8.805 14.865 1.036
   vertex -8.805 14.785 1.036
  endloop
 endfacet
  facet normal 0 0 0
    outer loop
   vertex -8.635 14.785 1.036
   vertex -8.635 14.865 1.036
   vertex -8.805 14.785 1.036
  endloop
 endfacet
  facet normal 0 0 0
    outer loop
   vertex -7.685 14.865 1.036
   vertex -7.855 14.865 1.036
   vertex -7.855 14.785 1.036
  endloop
 endfacet
  facet normal 0 0 0
    outer loop
   vertex -7.685 14.785 1.036
   vertex -7.685 14.865 1.036
   vertex -7.855 14.785 1.036
  endloop
 endfacet
  facet normal 0 0 0
    outer loop
   vertex -8.635 16.315 1.036
   vertex -8.805 16.315 1.036
   vertex -8.805 16.235 1.036
  endloop
 endfacet
  facet normal 0 0 0
    outer loop
   vertex -8.635 16.235 1.036
   vertex -8.635 16.315 1.036
   vertex -8.805 16.235 1.036
  endloop
 endfacet
  facet normal 0 0 0
    outer loop
   vertex -7.685 16.315 1.036
   vertex -7.855 16.315 1.036
   vertex -7.855 16.235 1.036
  endloop
 endfacet
  facet normal 0 0 0
    outer loop
   vertex -7.685 16.235 1.036
   vertex -7.685 16.315 1.036
   vertex -7.855 16.235 1.036
  endloop
 endfacet
  facet normal 0 0 0
    outer loop
   vertex -8.635 16.565 1.036
   vertex -8.805 16.565 1.036
   vertex -8.805 16.485 1.036
  endloop
 endfacet
  facet normal 0 0 0
    outer loop
   vertex -8.635 16.485 1.036
   vertex -8.635 16.565 1.036
   vertex -8.805 16.485 1.036
  endloop
 endfacet
  facet normal 0 0 0
    outer loop
   vertex -7.685 16.565 1.036
   vertex -7.855 16.565 1.036
   vertex -7.855 16.485 1.036
  endloop
 endfacet
  facet normal 0 0 0
    outer loop
   vertex -7.685 16.485 1.036
   vertex -7.685 16.565 1.036
   vertex -7.855 16.485 1.036
  endloop
 endfacet
  facet normal 0 0 0
    outer loop
   vertex -4.885 12.915 1.036
   vertex -5.055 12.915 1.036
   vertex -5.055 12.835 1.036
  endloop
 endfacet
  facet normal 0 0 0
    outer loop
   vertex -4.885 12.835 1.036
   vertex -4.885 12.915 1.036
   vertex -5.055 12.835 1.036
  endloop
 endfacet
  facet normal 0 0 0
    outer loop
   vertex -5.835 12.915 1.036
   vertex -6.005 12.915 1.036
   vertex -6.005 12.835 1.036
  endloop
 endfacet
  facet normal 0 0 0
    outer loop
   vertex -5.835 12.835 1.036
   vertex -5.835 12.915 1.036
   vertex -6.005 12.835 1.036
  endloop
 endfacet
  facet normal 0 0 0
    outer loop
   vertex -5.835 16.315 1.036
   vertex -6.005 16.315 1.036
   vertex -6.005 16.235 1.036
  endloop
 endfacet
  facet normal 0 0 0
    outer loop
   vertex -5.835 16.235 1.036
   vertex -5.835 16.315 1.036
   vertex -6.005 16.235 1.036
  endloop
 endfacet
  facet normal 0 0 0
    outer loop
   vertex -4.885 16.315 1.036
   vertex -5.055 16.315 1.036
   vertex -5.055 16.235 1.036
  endloop
 endfacet
  facet normal 0 0 0
    outer loop
   vertex -4.885 16.235 1.036
   vertex -4.885 16.315 1.036
   vertex -5.055 16.235 1.036
  endloop
 endfacet
  facet normal 0 0 0
    outer loop
   vertex -5.835 14.615 1.036
   vertex -6.005 14.615 1.036
   vertex -6.005 14.535 1.036
  endloop
 endfacet
  facet normal 0 0 0
    outer loop
   vertex -5.835 14.535 1.036
   vertex -5.835 14.615 1.036
   vertex -6.005 14.535 1.036
  endloop
 endfacet
  facet normal 0 0 0
    outer loop
   vertex -4.885 14.615 1.036
   vertex -5.055 14.615 1.036
   vertex -5.055 14.535 1.036
  endloop
 endfacet
  facet normal 0 0 0
    outer loop
   vertex -4.885 14.535 1.036
   vertex -4.885 14.615 1.036
   vertex -5.055 14.535 1.036
  endloop
 endfacet
  facet normal 0 0 0
    outer loop
   vertex -5.835 16.565 1.036
   vertex -6.005 16.565 1.036
   vertex -6.005 16.485 1.036
  endloop
 endfacet
  facet normal 0 0 0
    outer loop
   vertex -5.835 16.485 1.036
   vertex -5.835 16.565 1.036
   vertex -6.005 16.485 1.036
  endloop
 endfacet
  facet normal 0 0 0
    outer loop
   vertex -4.885 16.565 1.036
   vertex -5.055 16.565 1.036
   vertex -5.055 16.485 1.036
  endloop
 endfacet
  facet normal 0 0 0
    outer loop
   vertex -4.885 16.485 1.036
   vertex -4.885 16.565 1.036
   vertex -5.055 16.485 1.036
  endloop
 endfacet
  facet normal 0 0 0
    outer loop
   vertex -5.835 13.165 1.036
   vertex -6.005 13.165 1.036
   vertex -6.005 13.085 1.036
  endloop
 endfacet
  facet normal 0 0 0
    outer loop
   vertex -5.835 13.085 1.036
   vertex -5.835 13.165 1.036
   vertex -6.005 13.085 1.036
  endloop
 endfacet
  facet normal 0 0 0
    outer loop
   vertex -4.885 13.165 1.036
   vertex -5.055 13.165 1.036
   vertex -5.055 13.085 1.036
  endloop
 endfacet
  facet normal 0 0 0
    outer loop
   vertex -4.885 13.085 1.036
   vertex -4.885 13.165 1.036
   vertex -5.055 13.085 1.036
  endloop
 endfacet
  facet normal 0 0 0
    outer loop
   vertex -5.835 18.015 1.036
   vertex -6.005 18.015 1.036
   vertex -6.005 17.935 1.036
  endloop
 endfacet
  facet normal 0 0 0
    outer loop
   vertex -5.835 17.935 1.036
   vertex -5.835 18.015 1.036
   vertex -6.005 17.935 1.036
  endloop
 endfacet
  facet normal 0 0 0
    outer loop
   vertex -4.885 18.015 1.036
   vertex -5.055 18.015 1.036
   vertex -5.055 17.935 1.036
  endloop
 endfacet
  facet normal 0 0 0
    outer loop
   vertex -4.885 17.935 1.036
   vertex -4.885 18.015 1.036
   vertex -5.055 17.935 1.036
  endloop
 endfacet
  facet normal 0 0 0
    outer loop
   vertex -5.835 14.865 1.036
   vertex -6.005 14.865 1.036
   vertex -6.005 14.785 1.036
  endloop
 endfacet
  facet normal 0 0 0
    outer loop
   vertex -5.835 14.785 1.036
   vertex -5.835 14.865 1.036
   vertex -6.005 14.785 1.036
  endloop
 endfacet
  facet normal 0 0 0
    outer loop
   vertex -4.885 14.865 1.036
   vertex -5.055 14.865 1.036
   vertex -5.055 14.785 1.036
  endloop
 endfacet
  facet normal 0 0 0
    outer loop
   vertex -4.885 14.785 1.036
   vertex -4.885 14.865 1.036
   vertex -5.055 14.785 1.036
  endloop
 endfacet
  facet normal 0 0 0
    outer loop
   vertex -5.835 18.265 1.036
   vertex -6.005 18.265 1.036
   vertex -6.005 18.185 1.036
  endloop
 endfacet
  facet normal 0 0 0
    outer loop
   vertex -5.835 18.185 1.036
   vertex -5.835 18.265 1.036
   vertex -6.005 18.185 1.036
  endloop
 endfacet
  facet normal 0 0 0
    outer loop
   vertex -4.885 18.265 1.036
   vertex -5.055 18.265 1.036
   vertex -5.055 18.185 1.036
  endloop
 endfacet
  facet normal 0 0 0
    outer loop
   vertex -4.885 18.185 1.036
   vertex -4.885 18.265 1.036
   vertex -5.055 18.185 1.036
  endloop
 endfacet
  facet normal 0 0 0
    outer loop
   vertex -4.885 25.065 0.936
   vertex -4.885 25.065 1.036
   vertex -4.885 24.985 1.036
  endloop
 endfacet
  facet normal 0 0 0
    outer loop
   vertex -4.885 24.985 1.036
   vertex -4.885 24.985 1.111
   vertex -4.885 24.815 1.111
  endloop
 endfacet
  facet normal 0 0 0
    outer loop
   vertex -4.885 25.065 0.936
   vertex -4.885 24.985 1.036
   vertex -4.885 24.815 1.036
  endloop
 endfacet
  facet normal 0 0 0
    outer loop
   vertex -4.885 24.985 1.036
   vertex -4.885 24.815 1.111
   vertex -4.885 24.815 1.036
  endloop
 endfacet
  facet normal 0 0 0
    outer loop
   vertex -4.885 25.065 0.936
   vertex -4.885 24.815 1.036
   vertex -4.885 24.735 0.936
  endloop
 endfacet
  facet normal 0 0 0
    outer loop
   vertex -4.885 24.735 0.936
   vertex -4.885 24.815 1.036
   vertex -4.885 24.735 1.036
  endloop
 endfacet
  facet normal 0 0 0
    outer loop
   vertex -4.885 23.365 0.936
   vertex -4.885 23.365 1.036
   vertex -4.885 23.285 1.036
  endloop
 endfacet
  facet normal 0 0 0
    outer loop
   vertex -4.885 23.285 1.036
   vertex -4.885 23.285 1.111
   vertex -4.885 23.115 1.111
  endloop
 endfacet
  facet normal 0 0 0
    outer loop
   vertex -4.885 23.365 0.936
   vertex -4.885 23.285 1.036
   vertex -4.885 23.115 1.036
  endloop
 endfacet
  facet normal 0 0 0
    outer loop
   vertex -4.885 23.285 1.036
   vertex -4.885 23.115 1.111
   vertex -4.885 23.115 1.036
  endloop
 endfacet
  facet normal 0 0 0
    outer loop
   vertex -4.885 23.365 0.936
   vertex -4.885 23.115 1.036
   vertex -4.885 23.035 0.936
  endloop
 endfacet
  facet normal 0 0 0
    outer loop
   vertex -4.885 23.035 0.936
   vertex -4.885 23.115 1.036
   vertex -4.885 23.035 1.036
  endloop
 endfacet
  facet normal 0 0 0
    outer loop
   vertex -4.885 21.665 0.936
   vertex -4.885 21.665 1.036
   vertex -4.885 21.585 1.036
  endloop
 endfacet
  facet normal 0 0 0
    outer loop
   vertex -4.885 21.585 1.036
   vertex -4.885 21.585 1.111
   vertex -4.885 21.415 1.111
  endloop
 endfacet
  facet normal 0 0 0
    outer loop
   vertex -4.885 21.665 0.936
   vertex -4.885 21.585 1.036
   vertex -4.885 21.415 1.036
  endloop
 endfacet
  facet normal 0 0 0
    outer loop
   vertex -4.885 21.585 1.036
   vertex -4.885 21.415 1.111
   vertex -4.885 21.415 1.036
  endloop
 endfacet
  facet normal 0 0 0
    outer loop
   vertex -4.885 21.665 0.936
   vertex -4.885 21.415 1.036
   vertex -4.885 21.335 0.936
  endloop
 endfacet
  facet normal 0 0 0
    outer loop
   vertex -4.885 21.335 0.936
   vertex -4.885 21.415 1.036
   vertex -4.885 21.335 1.036
  endloop
 endfacet
  facet normal 0 0 0
    outer loop
   vertex -4.885 19.965 0.936
   vertex -4.885 19.965 1.036
   vertex -4.885 19.885 1.036
  endloop
 endfacet
  facet normal 0 0 0
    outer loop
   vertex -4.885 19.885 1.036
   vertex -4.885 19.885 1.111
   vertex -4.885 19.715 1.111
  endloop
 endfacet
  facet normal 0 0 0
    outer loop
   vertex -4.885 19.965 0.936
   vertex -4.885 19.885 1.036
   vertex -4.885 19.715 1.036
  endloop
 endfacet
  facet normal 0 0 0
    outer loop
   vertex -4.885 19.885 1.036
   vertex -4.885 19.715 1.111
   vertex -4.885 19.715 1.036
  endloop
 endfacet
  facet normal 0 0 0
    outer loop
   vertex -4.885 19.965 0.936
   vertex -4.885 19.715 1.036
   vertex -4.885 19.635 0.936
  endloop
 endfacet
  facet normal 0 0 0
    outer loop
   vertex -4.885 19.635 0.936
   vertex -4.885 19.715 1.036
   vertex -4.885 19.635 1.036
  endloop
 endfacet
  facet normal 0 0 0
    outer loop
   vertex -4.885 18.265 0.936
   vertex -4.885 18.265 1.036
   vertex -4.885 18.185 1.036
  endloop
 endfacet
  facet normal 0 0 0
    outer loop
   vertex -4.885 18.185 1.036
   vertex -4.885 18.185 1.111
   vertex -4.885 18.015 1.111
  endloop
 endfacet
  facet normal 0 0 0
    outer loop
   vertex -4.885 18.265 0.936
   vertex -4.885 18.185 1.036
   vertex -4.885 18.015 1.036
  endloop
 endfacet
  facet normal 0 0 0
    outer loop
   vertex -4.885 18.185 1.036
   vertex -4.885 18.015 1.111
   vertex -4.885 18.015 1.036
  endloop
 endfacet
  facet normal 0 0 0
    outer loop
   vertex -4.885 18.265 0.936
   vertex -4.885 18.015 1.036
   vertex -4.885 17.935 0.936
  endloop
 endfacet
  facet normal 0 0 0
    outer loop
   vertex -4.885 17.935 0.936
   vertex -4.885 18.015 1.036
   vertex -4.885 17.935 1.036
  endloop
 endfacet
  facet normal 0 0 0
    outer loop
   vertex -4.885 16.565 0.936
   vertex -4.885 16.565 1.036
   vertex -4.885 16.485 1.036
  endloop
 endfacet
  facet normal 0 0 0
    outer loop
   vertex -4.885 16.485 1.036
   vertex -4.885 16.485 1.111
   vertex -4.885 16.315 1.111
  endloop
 endfacet
  facet normal 0 0 0
    outer loop
   vertex -4.885 16.565 0.936
   vertex -4.885 16.485 1.036
   vertex -4.885 16.315 1.036
  endloop
 endfacet
  facet normal 0 0 0
    outer loop
   vertex -4.885 16.485 1.036
   vertex -4.885 16.315 1.111
   vertex -4.885 16.315 1.036
  endloop
 endfacet
  facet normal 0 0 0
    outer loop
   vertex -4.885 16.565 0.936
   vertex -4.885 16.315 1.036
   vertex -4.885 16.235 0.936
  endloop
 endfacet
  facet normal 0 0 0
    outer loop
   vertex -4.885 16.235 0.936
   vertex -4.885 16.315 1.036
   vertex -4.885 16.235 1.036
  endloop
 endfacet
  facet normal 0 0 0
    outer loop
   vertex -4.885 14.865 0.936
   vertex -4.885 14.865 1.036
   vertex -4.885 14.785 1.036
  endloop
 endfacet
  facet normal 0 0 0
    outer loop
   vertex -4.885 14.785 1.036
   vertex -4.885 14.785 1.111
   vertex -4.885 14.615 1.111
  endloop
 endfacet
  facet normal 0 0 0
    outer loop
   vertex -4.885 14.865 0.936
   vertex -4.885 14.785 1.036
   vertex -4.885 14.615 1.036
  endloop
 endfacet
  facet normal 0 0 0
    outer loop
   vertex -4.885 14.785 1.036
   vertex -4.885 14.615 1.111
   vertex -4.885 14.615 1.036
  endloop
 endfacet
  facet normal 0 0 0
    outer loop
   vertex -4.885 14.865 0.936
   vertex -4.885 14.615 1.036
   vertex -4.885 14.535 0.936
  endloop
 endfacet
  facet normal 0 0 0
    outer loop
   vertex -4.885 14.535 0.936
   vertex -4.885 14.615 1.036
   vertex -4.885 14.535 1.036
  endloop
 endfacet
  facet normal 0 0 0
    outer loop
   vertex -4.885 13.165 0.936
   vertex -4.885 13.165 1.036
   vertex -4.885 13.085 1.036
  endloop
 endfacet
  facet normal 0 0 0
    outer loop
   vertex -4.885 13.085 1.036
   vertex -4.885 13.085 1.111
   vertex -4.885 12.915 1.111
  endloop
 endfacet
  facet normal 0 0 0
    outer loop
   vertex -4.885 13.165 0.936
   vertex -4.885 13.085 1.036
   vertex -4.885 12.915 1.036
  endloop
 endfacet
  facet normal 0 0 0
    outer loop
   vertex -4.885 13.085 1.036
   vertex -4.885 12.915 1.111
   vertex -4.885 12.915 1.036
  endloop
 endfacet
  facet normal 0 0 0
    outer loop
   vertex -4.885 13.165 0.936
   vertex -4.885 12.915 1.036
   vertex -4.885 12.835 0.936
  endloop
 endfacet
  facet normal 0 0 0
    outer loop
   vertex -4.885 12.835 0.936
   vertex -4.885 12.915 1.036
   vertex -4.885 12.835 1.036
  endloop
 endfacet
  facet normal 0 0 0
    outer loop
   vertex -4.885 19.635 0.936
   vertex -4.885 19.635 1.036
   vertex -5.055 19.635 1.036
  endloop
 endfacet
  facet normal 0 0 0
    outer loop
   vertex -4.885 19.635 0.936
   vertex -5.055 19.635 1.036
   vertex -5.055 19.635 0.936
  endloop
 endfacet
  facet normal 0 0 0
    outer loop
   vertex -5.835 19.635 0.936
   vertex -5.835 19.635 1.036
   vertex -6.005 19.635 1.036
  endloop
 endfacet
  facet normal 0 0 0
    outer loop
   vertex -5.835 19.635 0.936
   vertex -6.005 19.635 1.036
   vertex -6.005 19.635 0.936
  endloop
 endfacet
  facet normal 0 0 0
    outer loop
   vertex -7.685 19.635 0.936
   vertex -7.685 19.635 1.036
   vertex -7.855 19.635 1.036
  endloop
 endfacet
  facet normal 0 0 0
    outer loop
   vertex -7.685 19.635 0.936
   vertex -7.855 19.635 1.036
   vertex -7.855 19.635 0.936
  endloop
 endfacet
  facet normal 0 0 0
    outer loop
   vertex -8.635 19.635 0.936
   vertex -8.635 19.635 1.036
   vertex -8.805 19.635 1.036
  endloop
 endfacet
  facet normal 0 0 0
    outer loop
   vertex -8.635 19.635 0.936
   vertex -8.805 19.635 1.036
   vertex -8.805 19.635 0.936
  endloop
 endfacet
  facet normal 0 0 0
    outer loop
   vertex -6.005 12.835 0.936
   vertex -6.005 12.835 1.036
   vertex -6.005 12.915 1.036
  endloop
 endfacet
  facet normal 0 0 0
    outer loop
   vertex -6.005 12.915 1.036
   vertex -6.005 12.915 1.111
   vertex -6.005 13.085 1.111
  endloop
 endfacet
  facet normal 0 0 0
    outer loop
   vertex -6.005 12.835 0.936
   vertex -6.005 12.915 1.036
   vertex -6.005 13.085 1.036
  endloop
 endfacet
  facet normal 0 0 0
    outer loop
   vertex -6.005 12.915 1.036
   vertex -6.005 13.085 1.111
   vertex -6.005 13.085 1.036
  endloop
 endfacet
  facet normal 0 0 0
    outer loop
   vertex -6.005 12.835 0.936
   vertex -6.005 13.085 1.036
   vertex -6.005 13.165 0.936
  endloop
 endfacet
  facet normal 0 0 0
    outer loop
   vertex -6.005 13.165 0.936
   vertex -6.005 13.085 1.036
   vertex -6.005 13.165 1.036
  endloop
 endfacet
  facet normal 0 0 0
    outer loop
   vertex -6.005 14.535 0.936
   vertex -6.005 14.535 1.036
   vertex -6.005 14.615 1.036
  endloop
 endfacet
  facet normal 0 0 0
    outer loop
   vertex -6.005 14.615 1.036
   vertex -6.005 14.615 1.111
   vertex -6.005 14.785 1.111
  endloop
 endfacet
  facet normal 0 0 0
    outer loop
   vertex -6.005 14.535 0.936
   vertex -6.005 14.615 1.036
   vertex -6.005 14.785 1.036
  endloop
 endfacet
  facet normal 0 0 0
    outer loop
   vertex -6.005 14.615 1.036
   vertex -6.005 14.785 1.111
   vertex -6.005 14.785 1.036
  endloop
 endfacet
  facet normal 0 0 0
    outer loop
   vertex -6.005 14.535 0.936
   vertex -6.005 14.785 1.036
   vertex -6.005 14.865 0.936
  endloop
 endfacet
  facet normal 0 0 0
    outer loop
   vertex -6.005 14.865 0.936
   vertex -6.005 14.785 1.036
   vertex -6.005 14.865 1.036
  endloop
 endfacet
  facet normal 0 0 0
    outer loop
   vertex -6.005 16.235 0.936
   vertex -6.005 16.235 1.036
   vertex -6.005 16.315 1.036
  endloop
 endfacet
  facet normal 0 0 0
    outer loop
   vertex -6.005 16.315 1.036
   vertex -6.005 16.315 1.111
   vertex -6.005 16.485 1.111
  endloop
 endfacet
  facet normal 0 0 0
    outer loop
   vertex -6.005 16.235 0.936
   vertex -6.005 16.315 1.036
   vertex -6.005 16.485 1.036
  endloop
 endfacet
  facet normal 0 0 0
    outer loop
   vertex -6.005 16.315 1.036
   vertex -6.005 16.485 1.111
   vertex -6.005 16.485 1.036
  endloop
 endfacet
  facet normal 0 0 0
    outer loop
   vertex -6.005 16.235 0.936
   vertex -6.005 16.485 1.036
   vertex -6.005 16.565 0.936
  endloop
 endfacet
  facet normal 0 0 0
    outer loop
   vertex -6.005 16.565 0.936
   vertex -6.005 16.485 1.036
   vertex -6.005 16.565 1.036
  endloop
 endfacet
  facet normal 0 0 0
    outer loop
   vertex -6.005 17.935 0.936
   vertex -6.005 17.935 1.036
   vertex -6.005 18.015 1.036
  endloop
 endfacet
  facet normal 0 0 0
    outer loop
   vertex -6.005 18.015 1.036
   vertex -6.005 18.015 1.111
   vertex -6.005 18.185 1.111
  endloop
 endfacet
  facet normal 0 0 0
    outer loop
   vertex -6.005 17.935 0.936
   vertex -6.005 18.015 1.036
   vertex -6.005 18.185 1.036
  endloop
 endfacet
  facet normal 0 0 0
    outer loop
   vertex -6.005 18.015 1.036
   vertex -6.005 18.185 1.111
   vertex -6.005 18.185 1.036
  endloop
 endfacet
  facet normal 0 0 0
    outer loop
   vertex -6.005 17.935 0.936
   vertex -6.005 18.185 1.036
   vertex -6.005 18.265 0.936
  endloop
 endfacet
  facet normal 0 0 0
    outer loop
   vertex -6.005 18.265 0.936
   vertex -6.005 18.185 1.036
   vertex -6.005 18.265 1.036
  endloop
 endfacet
  facet normal 0 0 0
    outer loop
   vertex -6.005 19.635 0.936
   vertex -6.005 19.635 1.036
   vertex -6.005 19.715 1.036
  endloop
 endfacet
  facet normal 0 0 0
    outer loop
   vertex -6.005 19.715 1.036
   vertex -6.005 19.715 1.111
   vertex -6.005 19.885 1.111
  endloop
 endfacet
  facet normal 0 0 0
    outer loop
   vertex -6.005 19.635 0.936
   vertex -6.005 19.715 1.036
   vertex -6.005 19.885 1.036
  endloop
 endfacet
  facet normal 0 0 0
    outer loop
   vertex -6.005 19.715 1.036
   vertex -6.005 19.885 1.111
   vertex -6.005 19.885 1.036
  endloop
 endfacet
  facet normal 0 0 0
    outer loop
   vertex -6.005 19.635 0.936
   vertex -6.005 19.885 1.036
   vertex -6.005 19.965 0.936
  endloop
 endfacet
  facet normal 0 0 0
    outer loop
   vertex -6.005 19.965 0.936
   vertex -6.005 19.885 1.036
   vertex -6.005 19.965 1.036
  endloop
 endfacet
  facet normal 0 0 0
    outer loop
   vertex -6.005 21.335 0.936
   vertex -6.005 21.335 1.036
   vertex -6.005 21.415 1.036
  endloop
 endfacet
  facet normal 0 0 0
    outer loop
   vertex -6.005 21.415 1.036
   vertex -6.005 21.415 1.111
   vertex -6.005 21.585 1.111
  endloop
 endfacet
  facet normal 0 0 0
    outer loop
   vertex -6.005 21.335 0.936
   vertex -6.005 21.415 1.036
   vertex -6.005 21.585 1.036
  endloop
 endfacet
  facet normal 0 0 0
    outer loop
   vertex -6.005 21.415 1.036
   vertex -6.005 21.585 1.111
   vertex -6.005 21.585 1.036
  endloop
 endfacet
  facet normal 0 0 0
    outer loop
   vertex -6.005 21.335 0.936
   vertex -6.005 21.585 1.036
   vertex -6.005 21.665 0.936
  endloop
 endfacet
  facet normal 0 0 0
    outer loop
   vertex -6.005 21.665 0.936
   vertex -6.005 21.585 1.036
   vertex -6.005 21.665 1.036
  endloop
 endfacet
  facet normal 0 0 0
    outer loop
   vertex -6.005 23.035 0.936
   vertex -6.005 23.035 1.036
   vertex -6.005 23.115 1.036
  endloop
 endfacet
  facet normal 0 0 0
    outer loop
   vertex -6.005 23.115 1.036
   vertex -6.005 23.115 1.111
   vertex -6.005 23.285 1.111
  endloop
 endfacet
  facet normal 0 0 0
    outer loop
   vertex -6.005 23.035 0.936
   vertex -6.005 23.115 1.036
   vertex -6.005 23.285 1.036
  endloop
 endfacet
  facet normal 0 0 0
    outer loop
   vertex -6.005 23.115 1.036
   vertex -6.005 23.285 1.111
   vertex -6.005 23.285 1.036
  endloop
 endfacet
  facet normal 0 0 0
    outer loop
   vertex -6.005 23.035 0.936
   vertex -6.005 23.285 1.036
   vertex -6.005 23.365 0.936
  endloop
 endfacet
  facet normal 0 0 0
    outer loop
   vertex -6.005 23.365 0.936
   vertex -6.005 23.285 1.036
   vertex -6.005 23.365 1.036
  endloop
 endfacet
  facet normal 0 0 0
    outer loop
   vertex -6.005 24.735 0.936
   vertex -6.005 24.735 1.036
   vertex -6.005 24.815 1.036
  endloop
 endfacet
  facet normal 0 0 0
    outer loop
   vertex -6.005 24.815 1.036
   vertex -6.005 24.815 1.111
   vertex -6.005 24.985 1.111
  endloop
 endfacet
  facet normal 0 0 0
    outer loop
   vertex -6.005 24.735 0.936
   vertex -6.005 24.815 1.036
   vertex -6.005 24.985 1.036
  endloop
 endfacet
  facet normal 0 0 0
    outer loop
   vertex -6.005 24.815 1.036
   vertex -6.005 24.985 1.111
   vertex -6.005 24.985 1.036
  endloop
 endfacet
  facet normal 0 0 0
    outer loop
   vertex -6.005 24.735 0.936
   vertex -6.005 24.985 1.036
   vertex -6.005 25.065 0.936
  endloop
 endfacet
  facet normal 0 0 0
    outer loop
   vertex -6.005 25.065 0.936
   vertex -6.005 24.985 1.036
   vertex -6.005 25.065 1.036
  endloop
 endfacet
  facet normal 0 0 0
    outer loop
   vertex -8.805 19.965 0.936
   vertex -8.805 19.965 1.036
   vertex -8.635 19.965 1.036
  endloop
 endfacet
  facet normal 0 0 0
    outer loop
   vertex -8.805 19.965 0.936
   vertex -8.635 19.965 1.036
   vertex -8.635 19.965 0.936
  endloop
 endfacet
  facet normal 0 0 0
    outer loop
   vertex -7.855 19.965 0.936
   vertex -7.855 19.965 1.036
   vertex -7.685 19.965 1.036
  endloop
 endfacet
  facet normal 0 0 0
    outer loop
   vertex -7.855 19.965 0.936
   vertex -7.685 19.965 1.036
   vertex -7.685 19.965 0.936
  endloop
 endfacet
  facet normal 0 0 0
    outer loop
   vertex -6.005 19.965 0.936
   vertex -6.005 19.965 1.036
   vertex -5.835 19.965 1.036
  endloop
 endfacet
  facet normal 0 0 0
    outer loop
   vertex -6.005 19.965 0.936
   vertex -5.835 19.965 1.036
   vertex -5.835 19.965 0.936
  endloop
 endfacet
  facet normal 0 0 0
    outer loop
   vertex -5.055 19.965 0.936
   vertex -5.055 19.965 1.036
   vertex -4.885 19.965 1.036
  endloop
 endfacet
  facet normal 0 0 0
    outer loop
   vertex -5.055 19.965 0.936
   vertex -4.885 19.965 1.036
   vertex -4.885 19.965 0.936
  endloop
 endfacet
  facet normal 0 0 0
    outer loop
   vertex -5.835 25.065 0.936
   vertex -5.835 25.065 1.036
   vertex -5.835 24.985 1.036
  endloop
 endfacet
  facet normal 0 0 0
    outer loop
   vertex -5.835 24.985 1.036
   vertex -5.835 24.985 1.111
   vertex -5.835 24.815 1.111
  endloop
 endfacet
  facet normal 0 0 0
    outer loop
   vertex -5.835 25.065 0.936
   vertex -5.835 24.985 1.036
   vertex -5.835 24.815 1.036
  endloop
 endfacet
  facet normal 0 0 0
    outer loop
   vertex -5.835 24.985 1.036
   vertex -5.835 24.815 1.111
   vertex -5.835 24.815 1.036
  endloop
 endfacet
  facet normal 0 0 0
    outer loop
   vertex -5.835 25.065 0.936
   vertex -5.835 24.815 1.036
   vertex -5.835 24.735 0.936
  endloop
 endfacet
  facet normal 0 0 0
    outer loop
   vertex -5.835 24.735 0.936
   vertex -5.835 24.815 1.036
   vertex -5.835 24.735 1.036
  endloop
 endfacet
  facet normal 0 0 0
    outer loop
   vertex -5.835 23.365 0.936
   vertex -5.835 23.365 1.036
   vertex -5.835 23.285 1.036
  endloop
 endfacet
  facet normal 0 0 0
    outer loop
   vertex -5.835 23.285 1.036
   vertex -5.835 23.285 1.111
   vertex -5.835 23.115 1.111
  endloop
 endfacet
  facet normal 0 0 0
    outer loop
   vertex -5.835 23.365 0.936
   vertex -5.835 23.285 1.036
   vertex -5.835 23.115 1.036
  endloop
 endfacet
  facet normal 0 0 0
    outer loop
   vertex -5.835 23.285 1.036
   vertex -5.835 23.115 1.111
   vertex -5.835 23.115 1.036
  endloop
 endfacet
  facet normal 0 0 0
    outer loop
   vertex -5.835 23.365 0.936
   vertex -5.835 23.115 1.036
   vertex -5.835 23.035 0.936
  endloop
 endfacet
  facet normal 0 0 0
    outer loop
   vertex -5.835 23.035 0.936
   vertex -5.835 23.115 1.036
   vertex -5.835 23.035 1.036
  endloop
 endfacet
  facet normal 0 0 0
    outer loop
   vertex -5.835 21.665 0.936
   vertex -5.835 21.665 1.036
   vertex -5.835 21.585 1.036
  endloop
 endfacet
  facet normal 0 0 0
    outer loop
   vertex -5.835 21.585 1.036
   vertex -5.835 21.585 1.111
   vertex -5.835 21.415 1.111
  endloop
 endfacet
  facet normal 0 0 0
    outer loop
   vertex -5.835 21.665 0.936
   vertex -5.835 21.585 1.036
   vertex -5.835 21.415 1.036
  endloop
 endfacet
  facet normal 0 0 0
    outer loop
   vertex -5.835 21.585 1.036
   vertex -5.835 21.415 1.111
   vertex -5.835 21.415 1.036
  endloop
 endfacet
  facet normal 0 0 0
    outer loop
   vertex -5.835 21.665 0.936
   vertex -5.835 21.415 1.036
   vertex -5.835 21.335 0.936
  endloop
 endfacet
  facet normal 0 0 0
    outer loop
   vertex -5.835 21.335 0.936
   vertex -5.835 21.415 1.036
   vertex -5.835 21.335 1.036
  endloop
 endfacet
  facet normal 0 0 0
    outer loop
   vertex -5.835 19.965 0.936
   vertex -5.835 19.965 1.036
   vertex -5.835 19.885 1.036
  endloop
 endfacet
  facet normal 0 0 0
    outer loop
   vertex -5.835 19.885 1.036
   vertex -5.835 19.885 1.111
   vertex -5.835 19.715 1.111
  endloop
 endfacet
  facet normal 0 0 0
    outer loop
   vertex -5.835 19.965 0.936
   vertex -5.835 19.885 1.036
   vertex -5.835 19.715 1.036
  endloop
 endfacet
  facet normal 0 0 0
    outer loop
   vertex -5.835 19.885 1.036
   vertex -5.835 19.715 1.111
   vertex -5.835 19.715 1.036
  endloop
 endfacet
  facet normal 0 0 0
    outer loop
   vertex -5.835 19.965 0.936
   vertex -5.835 19.715 1.036
   vertex -5.835 19.635 0.936
  endloop
 endfacet
  facet normal 0 0 0
    outer loop
   vertex -5.835 19.635 0.936
   vertex -5.835 19.715 1.036
   vertex -5.835 19.635 1.036
  endloop
 endfacet
  facet normal 0 0 0
    outer loop
   vertex -5.835 18.265 0.936
   vertex -5.835 18.265 1.036
   vertex -5.835 18.185 1.036
  endloop
 endfacet
  facet normal 0 0 0
    outer loop
   vertex -5.835 18.185 1.036
   vertex -5.835 18.185 1.111
   vertex -5.835 18.015 1.111
  endloop
 endfacet
  facet normal 0 0 0
    outer loop
   vertex -5.835 18.265 0.936
   vertex -5.835 18.185 1.036
   vertex -5.835 18.015 1.036
  endloop
 endfacet
  facet normal 0 0 0
    outer loop
   vertex -5.835 18.185 1.036
   vertex -5.835 18.015 1.111
   vertex -5.835 18.015 1.036
  endloop
 endfacet
  facet normal 0 0 0
    outer loop
   vertex -5.835 18.265 0.936
   vertex -5.835 18.015 1.036
   vertex -5.835 17.935 0.936
  endloop
 endfacet
  facet normal 0 0 0
    outer loop
   vertex -5.835 17.935 0.936
   vertex -5.835 18.015 1.036
   vertex -5.835 17.935 1.036
  endloop
 endfacet
  facet normal 0 0 0
    outer loop
   vertex -5.835 16.565 0.936
   vertex -5.835 16.565 1.036
   vertex -5.835 16.485 1.036
  endloop
 endfacet
  facet normal 0 0 0
    outer loop
   vertex -5.835 16.485 1.036
   vertex -5.835 16.485 1.111
   vertex -5.835 16.315 1.111
  endloop
 endfacet
  facet normal 0 0 0
    outer loop
   vertex -5.835 16.565 0.936
   vertex -5.835 16.485 1.036
   vertex -5.835 16.315 1.036
  endloop
 endfacet
  facet normal 0 0 0
    outer loop
   vertex -5.835 16.485 1.036
   vertex -5.835 16.315 1.111
   vertex -5.835 16.315 1.036
  endloop
 endfacet
  facet normal 0 0 0
    outer loop
   vertex -5.835 16.565 0.936
   vertex -5.835 16.315 1.036
   vertex -5.835 16.235 0.936
  endloop
 endfacet
  facet normal 0 0 0
    outer loop
   vertex -5.835 16.235 0.936
   vertex -5.835 16.315 1.036
   vertex -5.835 16.235 1.036
  endloop
 endfacet
  facet normal 0 0 0
    outer loop
   vertex -5.835 14.865 0.936
   vertex -5.835 14.865 1.036
   vertex -5.835 14.785 1.036
  endloop
 endfacet
  facet normal 0 0 0
    outer loop
   vertex -5.835 14.785 1.036
   vertex -5.835 14.785 1.111
   vertex -5.835 14.615 1.111
  endloop
 endfacet
  facet normal 0 0 0
    outer loop
   vertex -5.835 14.865 0.936
   vertex -5.835 14.785 1.036
   vertex -5.835 14.615 1.036
  endloop
 endfacet
  facet normal 0 0 0
    outer loop
   vertex -5.835 14.785 1.036
   vertex -5.835 14.615 1.111
   vertex -5.835 14.615 1.036
  endloop
 endfacet
  facet normal 0 0 0
    outer loop
   vertex -5.835 14.865 0.936
   vertex -5.835 14.615 1.036
   vertex -5.835 14.535 0.936
  endloop
 endfacet
  facet normal 0 0 0
    outer loop
   vertex -5.835 14.535 0.936
   vertex -5.835 14.615 1.036
   vertex -5.835 14.535 1.036
  endloop
 endfacet
  facet normal 0 0 0
    outer loop
   vertex -5.835 13.165 0.936
   vertex -5.835 13.165 1.036
   vertex -5.835 13.085 1.036
  endloop
 endfacet
  facet normal 0 0 0
    outer loop
   vertex -5.835 13.085 1.036
   vertex -5.835 13.085 1.111
   vertex -5.835 12.915 1.111
  endloop
 endfacet
  facet normal 0 0 0
    outer loop
   vertex -5.835 13.165 0.936
   vertex -5.835 13.085 1.036
   vertex -5.835 12.915 1.036
  endloop
 endfacet
  facet normal 0 0 0
    outer loop
   vertex -5.835 13.085 1.036
   vertex -5.835 12.915 1.111
   vertex -5.835 12.915 1.036
  endloop
 endfacet
  facet normal 0 0 0
    outer loop
   vertex -5.835 13.165 0.936
   vertex -5.835 12.915 1.036
   vertex -5.835 12.835 0.936
  endloop
 endfacet
  facet normal 0 0 0
    outer loop
   vertex -5.835 12.835 0.936
   vertex -5.835 12.915 1.036
   vertex -5.835 12.835 1.036
  endloop
 endfacet
  facet normal 0 0 0
    outer loop
   vertex -5.055 12.835 0.936
   vertex -5.055 12.835 1.036
   vertex -5.055 12.915 1.036
  endloop
 endfacet
  facet normal 0 0 0
    outer loop
   vertex -5.055 12.915 1.036
   vertex -5.055 12.915 1.111
   vertex -5.055 13.085 1.111
  endloop
 endfacet
  facet normal 0 0 0
    outer loop
   vertex -5.055 12.835 0.936
   vertex -5.055 12.915 1.036
   vertex -5.055 13.085 1.036
  endloop
 endfacet
  facet normal 0 0 0
    outer loop
   vertex -5.055 12.915 1.036
   vertex -5.055 13.085 1.111
   vertex -5.055 13.085 1.036
  endloop
 endfacet
  facet normal 0 0 0
    outer loop
   vertex -5.055 12.835 0.936
   vertex -5.055 13.085 1.036
   vertex -5.055 13.165 0.936
  endloop
 endfacet
  facet normal 0 0 0
    outer loop
   vertex -5.055 13.165 0.936
   vertex -5.055 13.085 1.036
   vertex -5.055 13.165 1.036
  endloop
 endfacet
  facet normal 0 0 0
    outer loop
   vertex -5.055 14.535 0.936
   vertex -5.055 14.535 1.036
   vertex -5.055 14.615 1.036
  endloop
 endfacet
  facet normal 0 0 0
    outer loop
   vertex -5.055 14.615 1.036
   vertex -5.055 14.615 1.111
   vertex -5.055 14.785 1.111
  endloop
 endfacet
  facet normal 0 0 0
    outer loop
   vertex -5.055 14.535 0.936
   vertex -5.055 14.615 1.036
   vertex -5.055 14.785 1.036
  endloop
 endfacet
  facet normal 0 0 0
    outer loop
   vertex -5.055 14.615 1.036
   vertex -5.055 14.785 1.111
   vertex -5.055 14.785 1.036
  endloop
 endfacet
  facet normal 0 0 0
    outer loop
   vertex -5.055 14.535 0.936
   vertex -5.055 14.785 1.036
   vertex -5.055 14.865 0.936
  endloop
 endfacet
  facet normal 0 0 0
    outer loop
   vertex -5.055 14.865 0.936
   vertex -5.055 14.785 1.036
   vertex -5.055 14.865 1.036
  endloop
 endfacet
  facet normal 0 0 0
    outer loop
   vertex -5.055 16.235 0.936
   vertex -5.055 16.235 1.036
   vertex -5.055 16.315 1.036
  endloop
 endfacet
  facet normal 0 0 0
    outer loop
   vertex -5.055 16.315 1.036
   vertex -5.055 16.315 1.111
   vertex -5.055 16.485 1.111
  endloop
 endfacet
  facet normal 0 0 0
    outer loop
   vertex -5.055 16.235 0.936
   vertex -5.055 16.315 1.036
   vertex -5.055 16.485 1.036
  endloop
 endfacet
  facet normal 0 0 0
    outer loop
   vertex -5.055 16.315 1.036
   vertex -5.055 16.485 1.111
   vertex -5.055 16.485 1.036
  endloop
 endfacet
  facet normal 0 0 0
    outer loop
   vertex -5.055 16.235 0.936
   vertex -5.055 16.485 1.036
   vertex -5.055 16.565 0.936
  endloop
 endfacet
  facet normal 0 0 0
    outer loop
   vertex -5.055 16.565 0.936
   vertex -5.055 16.485 1.036
   vertex -5.055 16.565 1.036
  endloop
 endfacet
  facet normal 0 0 0
    outer loop
   vertex -5.055 17.935 0.936
   vertex -5.055 17.935 1.036
   vertex -5.055 18.015 1.036
  endloop
 endfacet
  facet normal 0 0 0
    outer loop
   vertex -5.055 18.015 1.036
   vertex -5.055 18.015 1.111
   vertex -5.055 18.185 1.111
  endloop
 endfacet
  facet normal 0 0 0
    outer loop
   vertex -5.055 17.935 0.936
   vertex -5.055 18.015 1.036
   vertex -5.055 18.185 1.036
  endloop
 endfacet
  facet normal 0 0 0
    outer loop
   vertex -5.055 18.015 1.036
   vertex -5.055 18.185 1.111
   vertex -5.055 18.185 1.036
  endloop
 endfacet
  facet normal 0 0 0
    outer loop
   vertex -5.055 17.935 0.936
   vertex -5.055 18.185 1.036
   vertex -5.055 18.265 0.936
  endloop
 endfacet
  facet normal 0 0 0
    outer loop
   vertex -5.055 18.265 0.936
   vertex -5.055 18.185 1.036
   vertex -5.055 18.265 1.036
  endloop
 endfacet
  facet normal 0 0 0
    outer loop
   vertex -5.055 19.635 0.936
   vertex -5.055 19.635 1.036
   vertex -5.055 19.715 1.036
  endloop
 endfacet
  facet normal 0 0 0
    outer loop
   vertex -5.055 19.715 1.036
   vertex -5.055 19.715 1.111
   vertex -5.055 19.885 1.111
  endloop
 endfacet
  facet normal 0 0 0
    outer loop
   vertex -5.055 19.635 0.936
   vertex -5.055 19.715 1.036
   vertex -5.055 19.885 1.036
  endloop
 endfacet
  facet normal 0 0 0
    outer loop
   vertex -5.055 19.715 1.036
   vertex -5.055 19.885 1.111
   vertex -5.055 19.885 1.036
  endloop
 endfacet
  facet normal 0 0 0
    outer loop
   vertex -5.055 19.635 0.936
   vertex -5.055 19.885 1.036
   vertex -5.055 19.965 0.936
  endloop
 endfacet
  facet normal 0 0 0
    outer loop
   vertex -5.055 19.965 0.936
   vertex -5.055 19.885 1.036
   vertex -5.055 19.965 1.036
  endloop
 endfacet
  facet normal 0 0 0
    outer loop
   vertex -5.055 21.335 0.936
   vertex -5.055 21.335 1.036
   vertex -5.055 21.415 1.036
  endloop
 endfacet
  facet normal 0 0 0
    outer loop
   vertex -5.055 21.415 1.036
   vertex -5.055 21.415 1.111
   vertex -5.055 21.585 1.111
  endloop
 endfacet
  facet normal 0 0 0
    outer loop
   vertex -5.055 21.335 0.936
   vertex -5.055 21.415 1.036
   vertex -5.055 21.585 1.036
  endloop
 endfacet
  facet normal 0 0 0
    outer loop
   vertex -5.055 21.415 1.036
   vertex -5.055 21.585 1.111
   vertex -5.055 21.585 1.036
  endloop
 endfacet
  facet normal 0 0 0
    outer loop
   vertex -5.055 21.335 0.936
   vertex -5.055 21.585 1.036
   vertex -5.055 21.665 0.936
  endloop
 endfacet
  facet normal 0 0 0
    outer loop
   vertex -5.055 21.665 0.936
   vertex -5.055 21.585 1.036
   vertex -5.055 21.665 1.036
  endloop
 endfacet
  facet normal 0 0 0
    outer loop
   vertex -5.055 23.035 0.936
   vertex -5.055 23.035 1.036
   vertex -5.055 23.115 1.036
  endloop
 endfacet
  facet normal 0 0 0
    outer loop
   vertex -5.055 23.115 1.036
   vertex -5.055 23.115 1.111
   vertex -5.055 23.285 1.111
  endloop
 endfacet
  facet normal 0 0 0
    outer loop
   vertex -5.055 23.035 0.936
   vertex -5.055 23.115 1.036
   vertex -5.055 23.285 1.036
  endloop
 endfacet
  facet normal 0 0 0
    outer loop
   vertex -5.055 23.115 1.036
   vertex -5.055 23.285 1.111
   vertex -5.055 23.285 1.036
  endloop
 endfacet
  facet normal 0 0 0
    outer loop
   vertex -5.055 23.035 0.936
   vertex -5.055 23.285 1.036
   vertex -5.055 23.365 0.936
  endloop
 endfacet
  facet normal 0 0 0
    outer loop
   vertex -5.055 23.365 0.936
   vertex -5.055 23.285 1.036
   vertex -5.055 23.365 1.036
  endloop
 endfacet
  facet normal 0 0 0
    outer loop
   vertex -5.055 24.735 0.936
   vertex -5.055 24.735 1.036
   vertex -5.055 24.815 1.036
  endloop
 endfacet
  facet normal 0 0 0
    outer loop
   vertex -5.055 24.815 1.036
   vertex -5.055 24.815 1.111
   vertex -5.055 24.985 1.111
  endloop
 endfacet
  facet normal 0 0 0
    outer loop
   vertex -5.055 24.735 0.936
   vertex -5.055 24.815 1.036
   vertex -5.055 24.985 1.036
  endloop
 endfacet
  facet normal 0 0 0
    outer loop
   vertex -5.055 24.815 1.036
   vertex -5.055 24.985 1.111
   vertex -5.055 24.985 1.036
  endloop
 endfacet
  facet normal 0 0 0
    outer loop
   vertex -5.055 24.735 0.936
   vertex -5.055 24.985 1.036
   vertex -5.055 25.065 0.936
  endloop
 endfacet
  facet normal 0 0 0
    outer loop
   vertex -5.055 25.065 0.936
   vertex -5.055 24.985 1.036
   vertex -5.055 25.065 1.036
  endloop
 endfacet
  facet normal 0 0 0
    outer loop
   vertex -4.885 21.335 0.936
   vertex -4.885 21.335 1.036
   vertex -5.055 21.335 1.036
  endloop
 endfacet
  facet normal 0 0 0
    outer loop
   vertex -4.885 21.335 0.936
   vertex -5.055 21.335 1.036
   vertex -5.055 21.335 0.936
  endloop
 endfacet
  facet normal 0 0 0
    outer loop
   vertex -5.835 21.335 0.936
   vertex -5.835 21.335 1.036
   vertex -6.005 21.335 1.036
  endloop
 endfacet
  facet normal 0 0 0
    outer loop
   vertex -5.835 21.335 0.936
   vertex -6.005 21.335 1.036
   vertex -6.005 21.335 0.936
  endloop
 endfacet
  facet normal 0 0 0
    outer loop
   vertex -7.685 21.335 0.936
   vertex -7.685 21.335 1.036
   vertex -7.855 21.335 1.036
  endloop
 endfacet
  facet normal 0 0 0
    outer loop
   vertex -7.685 21.335 0.936
   vertex -7.855 21.335 1.036
   vertex -7.855 21.335 0.936
  endloop
 endfacet
  facet normal 0 0 0
    outer loop
   vertex -8.635 21.335 0.936
   vertex -8.635 21.335 1.036
   vertex -8.805 21.335 1.036
  endloop
 endfacet
  facet normal 0 0 0
    outer loop
   vertex -8.635 21.335 0.936
   vertex -8.805 21.335 1.036
   vertex -8.805 21.335 0.936
  endloop
 endfacet
  facet normal 0 0 0
    outer loop
   vertex -8.805 21.665 0.936
   vertex -8.805 21.665 1.036
   vertex -8.635 21.665 1.036
  endloop
 endfacet
  facet normal 0 0 0
    outer loop
   vertex -8.805 21.665 0.936
   vertex -8.635 21.665 1.036
   vertex -8.635 21.665 0.936
  endloop
 endfacet
  facet normal 0 0 0
    outer loop
   vertex -7.855 21.665 0.936
   vertex -7.855 21.665 1.036
   vertex -7.685 21.665 1.036
  endloop
 endfacet
  facet normal 0 0 0
    outer loop
   vertex -7.855 21.665 0.936
   vertex -7.685 21.665 1.036
   vertex -7.685 21.665 0.936
  endloop
 endfacet
  facet normal 0 0 0
    outer loop
   vertex -6.005 21.665 0.936
   vertex -6.005 21.665 1.036
   vertex -5.835 21.665 1.036
  endloop
 endfacet
  facet normal 0 0 0
    outer loop
   vertex -6.005 21.665 0.936
   vertex -5.835 21.665 1.036
   vertex -5.835 21.665 0.936
  endloop
 endfacet
  facet normal 0 0 0
    outer loop
   vertex -5.055 21.665 0.936
   vertex -5.055 21.665 1.036
   vertex -4.885 21.665 1.036
  endloop
 endfacet
  facet normal 0 0 0
    outer loop
   vertex -5.055 21.665 0.936
   vertex -4.885 21.665 1.036
   vertex -4.885 21.665 0.936
  endloop
 endfacet
  facet normal 0 0 0
    outer loop
   vertex -4.885 23.035 0.936
   vertex -4.885 23.035 1.036
   vertex -5.055 23.035 1.036
  endloop
 endfacet
  facet normal 0 0 0
    outer loop
   vertex -4.885 23.035 0.936
   vertex -5.055 23.035 1.036
   vertex -5.055 23.035 0.936
  endloop
 endfacet
  facet normal 0 0 0
    outer loop
   vertex -5.835 23.035 0.936
   vertex -5.835 23.035 1.036
   vertex -6.005 23.035 1.036
  endloop
 endfacet
  facet normal 0 0 0
    outer loop
   vertex -5.835 23.035 0.936
   vertex -6.005 23.035 1.036
   vertex -6.005 23.035 0.936
  endloop
 endfacet
  facet normal 0 0 0
    outer loop
   vertex -7.685 23.035 0.936
   vertex -7.685 23.035 1.036
   vertex -7.855 23.035 1.036
  endloop
 endfacet
  facet normal 0 0 0
    outer loop
   vertex -7.685 23.035 0.936
   vertex -7.855 23.035 1.036
   vertex -7.855 23.035 0.936
  endloop
 endfacet
  facet normal 0 0 0
    outer loop
   vertex -8.635 23.035 0.936
   vertex -8.635 23.035 1.036
   vertex -8.805 23.035 1.036
  endloop
 endfacet
  facet normal 0 0 0
    outer loop
   vertex -8.635 23.035 0.936
   vertex -8.805 23.035 1.036
   vertex -8.805 23.035 0.936
  endloop
 endfacet
  facet normal 0 0 0
    outer loop
   vertex -8.805 23.365 0.936
   vertex -8.805 23.365 1.036
   vertex -8.635 23.365 1.036
  endloop
 endfacet
  facet normal 0 0 0
    outer loop
   vertex -8.805 23.365 0.936
   vertex -8.635 23.365 1.036
   vertex -8.635 23.365 0.936
  endloop
 endfacet
  facet normal 0 0 0
    outer loop
   vertex -7.855 23.365 0.936
   vertex -7.855 23.365 1.036
   vertex -7.685 23.365 1.036
  endloop
 endfacet
  facet normal 0 0 0
    outer loop
   vertex -7.855 23.365 0.936
   vertex -7.685 23.365 1.036
   vertex -7.685 23.365 0.936
  endloop
 endfacet
  facet normal 0 0 0
    outer loop
   vertex -6.005 23.365 0.936
   vertex -6.005 23.365 1.036
   vertex -5.835 23.365 1.036
  endloop
 endfacet
  facet normal 0 0 0
    outer loop
   vertex -6.005 23.365 0.936
   vertex -5.835 23.365 1.036
   vertex -5.835 23.365 0.936
  endloop
 endfacet
  facet normal 0 0 0
    outer loop
   vertex -5.055 23.365 0.936
   vertex -5.055 23.365 1.036
   vertex -4.885 23.365 1.036
  endloop
 endfacet
  facet normal 0 0 0
    outer loop
   vertex -5.055 23.365 0.936
   vertex -4.885 23.365 1.036
   vertex -4.885 23.365 0.936
  endloop
 endfacet
  facet normal 0 0 0
    outer loop
   vertex -8.805 25.065 0.936
   vertex -8.805 25.065 1.036
   vertex -8.635 25.065 1.036
  endloop
 endfacet
  facet normal 0 0 0
    outer loop
   vertex -8.805 25.065 0.936
   vertex -8.635 25.065 1.036
   vertex -8.635 25.065 0.936
  endloop
 endfacet
  facet normal 0 0 0
    outer loop
   vertex -7.855 25.065 0.936
   vertex -7.855 25.065 1.036
   vertex -7.685 25.065 1.036
  endloop
 endfacet
  facet normal 0 0 0
    outer loop
   vertex -7.855 25.065 0.936
   vertex -7.685 25.065 1.036
   vertex -7.685 25.065 0.936
  endloop
 endfacet
  facet normal 0 0 0
    outer loop
   vertex -6.005 25.065 0.936
   vertex -6.005 25.065 1.036
   vertex -5.835 25.065 1.036
  endloop
 endfacet
  facet normal 0 0 0
    outer loop
   vertex -6.005 25.065 0.936
   vertex -5.835 25.065 1.036
   vertex -5.835 25.065 0.936
  endloop
 endfacet
  facet normal 0 0 0
    outer loop
   vertex -5.055 25.065 0.936
   vertex -5.055 25.065 1.036
   vertex -4.885 25.065 1.036
  endloop
 endfacet
  facet normal 0 0 0
    outer loop
   vertex -5.055 25.065 0.936
   vertex -4.885 25.065 1.036
   vertex -4.885 25.065 0.936
  endloop
 endfacet
  facet normal 0 0 0
    outer loop
   vertex -4.885 24.735 0.936
   vertex -4.885 24.735 1.036
   vertex -5.055 24.735 1.036
  endloop
 endfacet
  facet normal 0 0 0
    outer loop
   vertex -4.885 24.735 0.936
   vertex -5.055 24.735 1.036
   vertex -5.055 24.735 0.936
  endloop
 endfacet
  facet normal 0 0 0
    outer loop
   vertex -5.835 24.735 0.936
   vertex -5.835 24.735 1.036
   vertex -6.005 24.735 1.036
  endloop
 endfacet
  facet normal 0 0 0
    outer loop
   vertex -5.835 24.735 0.936
   vertex -6.005 24.735 1.036
   vertex -6.005 24.735 0.936
  endloop
 endfacet
  facet normal 0 0 0
    outer loop
   vertex -7.685 24.735 0.936
   vertex -7.685 24.735 1.036
   vertex -7.855 24.735 1.036
  endloop
 endfacet
  facet normal 0 0 0
    outer loop
   vertex -7.685 24.735 0.936
   vertex -7.855 24.735 1.036
   vertex -7.855 24.735 0.936
  endloop
 endfacet
  facet normal 0 0 0
    outer loop
   vertex -8.635 24.735 0.936
   vertex -8.635 24.735 1.036
   vertex -8.805 24.735 1.036
  endloop
 endfacet
  facet normal 0 0 0
    outer loop
   vertex -8.635 24.735 0.936
   vertex -8.805 24.735 1.036
   vertex -8.805 24.735 0.936
  endloop
 endfacet
  facet normal 0 0 0
    outer loop
   vertex -7.685 25.065 0.936
   vertex -7.685 25.065 1.036
   vertex -7.685 24.985 1.036
  endloop
 endfacet
  facet normal 0 0 0
    outer loop
   vertex -7.685 24.985 1.036
   vertex -7.685 24.985 1.111
   vertex -7.685 24.815 1.111
  endloop
 endfacet
  facet normal 0 0 0
    outer loop
   vertex -7.685 25.065 0.936
   vertex -7.685 24.985 1.036
   vertex -7.685 24.815 1.036
  endloop
 endfacet
  facet normal 0 0 0
    outer loop
   vertex -7.685 24.985 1.036
   vertex -7.685 24.815 1.111
   vertex -7.685 24.815 1.036
  endloop
 endfacet
  facet normal 0 0 0
    outer loop
   vertex -7.685 25.065 0.936
   vertex -7.685 24.815 1.036
   vertex -7.685 24.735 0.936
  endloop
 endfacet
  facet normal 0 0 0
    outer loop
   vertex -7.685 24.735 0.936
   vertex -7.685 24.815 1.036
   vertex -7.685 24.735 1.036
  endloop
 endfacet
  facet normal 0 0 0
    outer loop
   vertex -7.685 23.365 0.936
   vertex -7.685 23.365 1.036
   vertex -7.685 23.285 1.036
  endloop
 endfacet
  facet normal 0 0 0
    outer loop
   vertex -7.685 23.285 1.036
   vertex -7.685 23.285 1.111
   vertex -7.685 23.115 1.111
  endloop
 endfacet
  facet normal 0 0 0
    outer loop
   vertex -7.685 23.365 0.936
   vertex -7.685 23.285 1.036
   vertex -7.685 23.115 1.036
  endloop
 endfacet
  facet normal 0 0 0
    outer loop
   vertex -7.685 23.285 1.036
   vertex -7.685 23.115 1.111
   vertex -7.685 23.115 1.036
  endloop
 endfacet
  facet normal 0 0 0
    outer loop
   vertex -7.685 23.365 0.936
   vertex -7.685 23.115 1.036
   vertex -7.685 23.035 0.936
  endloop
 endfacet
  facet normal 0 0 0
    outer loop
   vertex -7.685 23.035 0.936
   vertex -7.685 23.115 1.036
   vertex -7.685 23.035 1.036
  endloop
 endfacet
  facet normal 0 0 0
    outer loop
   vertex -7.685 21.665 0.936
   vertex -7.685 21.665 1.036
   vertex -7.685 21.585 1.036
  endloop
 endfacet
  facet normal 0 0 0
    outer loop
   vertex -7.685 21.585 1.036
   vertex -7.685 21.585 1.111
   vertex -7.685 21.415 1.111
  endloop
 endfacet
  facet normal 0 0 0
    outer loop
   vertex -7.685 21.665 0.936
   vertex -7.685 21.585 1.036
   vertex -7.685 21.415 1.036
  endloop
 endfacet
  facet normal 0 0 0
    outer loop
   vertex -7.685 21.585 1.036
   vertex -7.685 21.415 1.111
   vertex -7.685 21.415 1.036
  endloop
 endfacet
  facet normal 0 0 0
    outer loop
   vertex -7.685 21.665 0.936
   vertex -7.685 21.415 1.036
   vertex -7.685 21.335 0.936
  endloop
 endfacet
  facet normal 0 0 0
    outer loop
   vertex -7.685 21.335 0.936
   vertex -7.685 21.415 1.036
   vertex -7.685 21.335 1.036
  endloop
 endfacet
  facet normal 0 0 0
    outer loop
   vertex -7.685 19.965 0.936
   vertex -7.685 19.965 1.036
   vertex -7.685 19.885 1.036
  endloop
 endfacet
  facet normal 0 0 0
    outer loop
   vertex -7.685 19.885 1.036
   vertex -7.685 19.885 1.111
   vertex -7.685 19.715 1.111
  endloop
 endfacet
  facet normal 0 0 0
    outer loop
   vertex -7.685 19.965 0.936
   vertex -7.685 19.885 1.036
   vertex -7.685 19.715 1.036
  endloop
 endfacet
  facet normal 0 0 0
    outer loop
   vertex -7.685 19.885 1.036
   vertex -7.685 19.715 1.111
   vertex -7.685 19.715 1.036
  endloop
 endfacet
  facet normal 0 0 0
    outer loop
   vertex -7.685 19.965 0.936
   vertex -7.685 19.715 1.036
   vertex -7.685 19.635 0.936
  endloop
 endfacet
  facet normal 0 0 0
    outer loop
   vertex -7.685 19.635 0.936
   vertex -7.685 19.715 1.036
   vertex -7.685 19.635 1.036
  endloop
 endfacet
  facet normal 0 0 0
    outer loop
   vertex -7.685 18.265 0.936
   vertex -7.685 18.265 1.036
   vertex -7.685 18.185 1.036
  endloop
 endfacet
  facet normal 0 0 0
    outer loop
   vertex -7.685 18.185 1.036
   vertex -7.685 18.185 1.111
   vertex -7.685 18.015 1.111
  endloop
 endfacet
  facet normal 0 0 0
    outer loop
   vertex -7.685 18.265 0.936
   vertex -7.685 18.185 1.036
   vertex -7.685 18.015 1.036
  endloop
 endfacet
  facet normal 0 0 0
    outer loop
   vertex -7.685 18.185 1.036
   vertex -7.685 18.015 1.111
   vertex -7.685 18.015 1.036
  endloop
 endfacet
  facet normal 0 0 0
    outer loop
   vertex -7.685 18.265 0.936
   vertex -7.685 18.015 1.036
   vertex -7.685 17.935 0.936
  endloop
 endfacet
  facet normal 0 0 0
    outer loop
   vertex -7.685 17.935 0.936
   vertex -7.685 18.015 1.036
   vertex -7.685 17.935 1.036
  endloop
 endfacet
  facet normal 0 0 0
    outer loop
   vertex -7.685 16.565 0.936
   vertex -7.685 16.565 1.036
   vertex -7.685 16.485 1.036
  endloop
 endfacet
  facet normal 0 0 0
    outer loop
   vertex -7.685 16.485 1.036
   vertex -7.685 16.485 1.111
   vertex -7.685 16.315 1.111
  endloop
 endfacet
  facet normal 0 0 0
    outer loop
   vertex -7.685 16.565 0.936
   vertex -7.685 16.485 1.036
   vertex -7.685 16.315 1.036
  endloop
 endfacet
  facet normal 0 0 0
    outer loop
   vertex -7.685 16.485 1.036
   vertex -7.685 16.315 1.111
   vertex -7.685 16.315 1.036
  endloop
 endfacet
  facet normal 0 0 0
    outer loop
   vertex -7.685 16.565 0.936
   vertex -7.685 16.315 1.036
   vertex -7.685 16.235 0.936
  endloop
 endfacet
  facet normal 0 0 0
    outer loop
   vertex -7.685 16.235 0.936
   vertex -7.685 16.315 1.036
   vertex -7.685 16.235 1.036
  endloop
 endfacet
  facet normal 0 0 0
    outer loop
   vertex -7.685 14.865 0.936
   vertex -7.685 14.865 1.036
   vertex -7.685 14.785 1.036
  endloop
 endfacet
  facet normal 0 0 0
    outer loop
   vertex -7.685 14.785 1.036
   vertex -7.685 14.785 1.111
   vertex -7.685 14.615 1.111
  endloop
 endfacet
  facet normal 0 0 0
    outer loop
   vertex -7.685 14.865 0.936
   vertex -7.685 14.785 1.036
   vertex -7.685 14.615 1.036
  endloop
 endfacet
  facet normal 0 0 0
    outer loop
   vertex -7.685 14.785 1.036
   vertex -7.685 14.615 1.111
   vertex -7.685 14.615 1.036
  endloop
 endfacet
  facet normal 0 0 0
    outer loop
   vertex -7.685 14.865 0.936
   vertex -7.685 14.615 1.036
   vertex -7.685 14.535 0.936
  endloop
 endfacet
  facet normal 0 0 0
    outer loop
   vertex -7.685 14.535 0.936
   vertex -7.685 14.615 1.036
   vertex -7.685 14.535 1.036
  endloop
 endfacet
  facet normal 0 0 0
    outer loop
   vertex -7.685 13.165 0.936
   vertex -7.685 13.165 1.036
   vertex -7.685 13.085 1.036
  endloop
 endfacet
  facet normal 0 0 0
    outer loop
   vertex -7.685 13.085 1.036
   vertex -7.685 13.085 1.111
   vertex -7.685 12.915 1.111
  endloop
 endfacet
  facet normal 0 0 0
    outer loop
   vertex -7.685 13.165 0.936
   vertex -7.685 13.085 1.036
   vertex -7.685 12.915 1.036
  endloop
 endfacet
  facet normal 0 0 0
    outer loop
   vertex -7.685 13.085 1.036
   vertex -7.685 12.915 1.111
   vertex -7.685 12.915 1.036
  endloop
 endfacet
  facet normal 0 0 0
    outer loop
   vertex -7.685 13.165 0.936
   vertex -7.685 12.915 1.036
   vertex -7.685 12.835 0.936
  endloop
 endfacet
  facet normal 0 0 0
    outer loop
   vertex -7.685 12.835 0.936
   vertex -7.685 12.915 1.036
   vertex -7.685 12.835 1.036
  endloop
 endfacet
  facet normal 0 0 0
    outer loop
   vertex -8.635 25.065 0.936
   vertex -8.635 25.065 1.036
   vertex -8.635 24.985 1.036
  endloop
 endfacet
  facet normal 0 0 0
    outer loop
   vertex -8.635 24.985 1.036
   vertex -8.635 24.985 1.111
   vertex -8.635 24.815 1.111
  endloop
 endfacet
  facet normal 0 0 0
    outer loop
   vertex -8.635 25.065 0.936
   vertex -8.635 24.985 1.036
   vertex -8.635 24.815 1.036
  endloop
 endfacet
  facet normal 0 0 0
    outer loop
   vertex -8.635 24.985 1.036
   vertex -8.635 24.815 1.111
   vertex -8.635 24.815 1.036
  endloop
 endfacet
  facet normal 0 0 0
    outer loop
   vertex -8.635 25.065 0.936
   vertex -8.635 24.815 1.036
   vertex -8.635 24.735 0.936
  endloop
 endfacet
  facet normal 0 0 0
    outer loop
   vertex -8.635 24.735 0.936
   vertex -8.635 24.815 1.036
   vertex -8.635 24.735 1.036
  endloop
 endfacet
  facet normal 0 0 0
    outer loop
   vertex -8.635 23.365 0.936
   vertex -8.635 23.365 1.036
   vertex -8.635 23.285 1.036
  endloop
 endfacet
  facet normal 0 0 0
    outer loop
   vertex -8.635 23.285 1.036
   vertex -8.635 23.285 1.111
   vertex -8.635 23.115 1.111
  endloop
 endfacet
  facet normal 0 0 0
    outer loop
   vertex -8.635 23.365 0.936
   vertex -8.635 23.285 1.036
   vertex -8.635 23.115 1.036
  endloop
 endfacet
  facet normal 0 0 0
    outer loop
   vertex -8.635 23.285 1.036
   vertex -8.635 23.115 1.111
   vertex -8.635 23.115 1.036
  endloop
 endfacet
  facet normal 0 0 0
    outer loop
   vertex -8.635 23.365 0.936
   vertex -8.635 23.115 1.036
   vertex -8.635 23.035 0.936
  endloop
 endfacet
  facet normal 0 0 0
    outer loop
   vertex -8.635 23.035 0.936
   vertex -8.635 23.115 1.036
   vertex -8.635 23.035 1.036
  endloop
 endfacet
  facet normal 0 0 0
    outer loop
   vertex -8.635 21.665 0.936
   vertex -8.635 21.665 1.036
   vertex -8.635 21.585 1.036
  endloop
 endfacet
  facet normal 0 0 0
    outer loop
   vertex -8.635 21.585 1.036
   vertex -8.635 21.585 1.111
   vertex -8.635 21.415 1.111
  endloop
 endfacet
  facet normal 0 0 0
    outer loop
   vertex -8.635 21.665 0.936
   vertex -8.635 21.585 1.036
   vertex -8.635 21.415 1.036
  endloop
 endfacet
  facet normal 0 0 0
    outer loop
   vertex -8.635 21.585 1.036
   vertex -8.635 21.415 1.111
   vertex -8.635 21.415 1.036
  endloop
 endfacet
  facet normal 0 0 0
    outer loop
   vertex -8.635 21.665 0.936
   vertex -8.635 21.415 1.036
   vertex -8.635 21.335 0.936
  endloop
 endfacet
  facet normal 0 0 0
    outer loop
   vertex -8.635 21.335 0.936
   vertex -8.635 21.415 1.036
   vertex -8.635 21.335 1.036
  endloop
 endfacet
  facet normal 0 0 0
    outer loop
   vertex -8.635 19.965 0.936
   vertex -8.635 19.965 1.036
   vertex -8.635 19.885 1.036
  endloop
 endfacet
  facet normal 0 0 0
    outer loop
   vertex -8.635 19.885 1.036
   vertex -8.635 19.885 1.111
   vertex -8.635 19.715 1.111
  endloop
 endfacet
  facet normal 0 0 0
    outer loop
   vertex -8.635 19.965 0.936
   vertex -8.635 19.885 1.036
   vertex -8.635 19.715 1.036
  endloop
 endfacet
  facet normal 0 0 0
    outer loop
   vertex -8.635 19.885 1.036
   vertex -8.635 19.715 1.111
   vertex -8.635 19.715 1.036
  endloop
 endfacet
  facet normal 0 0 0
    outer loop
   vertex -8.635 19.965 0.936
   vertex -8.635 19.715 1.036
   vertex -8.635 19.635 0.936
  endloop
 endfacet
  facet normal 0 0 0
    outer loop
   vertex -8.635 19.635 0.936
   vertex -8.635 19.715 1.036
   vertex -8.635 19.635 1.036
  endloop
 endfacet
  facet normal 0 0 0
    outer loop
   vertex -8.635 18.265 0.936
   vertex -8.635 18.265 1.036
   vertex -8.635 18.185 1.036
  endloop
 endfacet
  facet normal 0 0 0
    outer loop
   vertex -8.635 18.185 1.036
   vertex -8.635 18.185 1.111
   vertex -8.635 18.015 1.111
  endloop
 endfacet
  facet normal 0 0 0
    outer loop
   vertex -8.635 18.265 0.936
   vertex -8.635 18.185 1.036
   vertex -8.635 18.015 1.036
  endloop
 endfacet
  facet normal 0 0 0
    outer loop
   vertex -8.635 18.185 1.036
   vertex -8.635 18.015 1.111
   vertex -8.635 18.015 1.036
  endloop
 endfacet
  facet normal 0 0 0
    outer loop
   vertex -8.635 18.265 0.936
   vertex -8.635 18.015 1.036
   vertex -8.635 17.935 0.936
  endloop
 endfacet
  facet normal 0 0 0
    outer loop
   vertex -8.635 17.935 0.936
   vertex -8.635 18.015 1.036
   vertex -8.635 17.935 1.036
  endloop
 endfacet
  facet normal 0 0 0
    outer loop
   vertex -8.635 16.565 0.936
   vertex -8.635 16.565 1.036
   vertex -8.635 16.485 1.036
  endloop
 endfacet
  facet normal 0 0 0
    outer loop
   vertex -8.635 16.485 1.036
   vertex -8.635 16.485 1.111
   vertex -8.635 16.315 1.111
  endloop
 endfacet
  facet normal 0 0 0
    outer loop
   vertex -8.635 16.565 0.936
   vertex -8.635 16.485 1.036
   vertex -8.635 16.315 1.036
  endloop
 endfacet
  facet normal 0 0 0
    outer loop
   vertex -8.635 16.485 1.036
   vertex -8.635 16.315 1.111
   vertex -8.635 16.315 1.036
  endloop
 endfacet
  facet normal 0 0 0
    outer loop
   vertex -8.635 16.565 0.936
   vertex -8.635 16.315 1.036
   vertex -8.635 16.235 0.936
  endloop
 endfacet
  facet normal 0 0 0
    outer loop
   vertex -8.635 16.235 0.936
   vertex -8.635 16.315 1.036
   vertex -8.635 16.235 1.036
  endloop
 endfacet
  facet normal 0 0 0
    outer loop
   vertex -8.635 14.865 0.936
   vertex -8.635 14.865 1.036
   vertex -8.635 14.785 1.036
  endloop
 endfacet
  facet normal 0 0 0
    outer loop
   vertex -8.635 14.785 1.036
   vertex -8.635 14.785 1.111
   vertex -8.635 14.615 1.111
  endloop
 endfacet
  facet normal 0 0 0
    outer loop
   vertex -8.635 14.865 0.936
   vertex -8.635 14.785 1.036
   vertex -8.635 14.615 1.036
  endloop
 endfacet
  facet normal 0 0 0
    outer loop
   vertex -8.635 14.785 1.036
   vertex -8.635 14.615 1.111
   vertex -8.635 14.615 1.036
  endloop
 endfacet
  facet normal 0 0 0
    outer loop
   vertex -8.635 14.865 0.936
   vertex -8.635 14.615 1.036
   vertex -8.635 14.535 0.936
  endloop
 endfacet
  facet normal 0 0 0
    outer loop
   vertex -8.635 14.535 0.936
   vertex -8.635 14.615 1.036
   vertex -8.635 14.535 1.036
  endloop
 endfacet
  facet normal 0 0 0
    outer loop
   vertex -8.635 13.165 0.936
   vertex -8.635 13.165 1.036
   vertex -8.635 13.085 1.036
  endloop
 endfacet
  facet normal 0 0 0
    outer loop
   vertex -8.635 13.085 1.036
   vertex -8.635 13.085 1.111
   vertex -8.635 12.915 1.111
  endloop
 endfacet
  facet normal 0 0 0
    outer loop
   vertex -8.635 13.165 0.936
   vertex -8.635 13.085 1.036
   vertex -8.635 12.915 1.036
  endloop
 endfacet
  facet normal 0 0 0
    outer loop
   vertex -8.635 13.085 1.036
   vertex -8.635 12.915 1.111
   vertex -8.635 12.915 1.036
  endloop
 endfacet
  facet normal 0 0 0
    outer loop
   vertex -8.635 13.165 0.936
   vertex -8.635 12.915 1.036
   vertex -8.635 12.835 0.936
  endloop
 endfacet
  facet normal 0 0 0
    outer loop
   vertex -8.635 12.835 0.936
   vertex -8.635 12.915 1.036
   vertex -8.635 12.835 1.036
  endloop
 endfacet
  facet normal 0 0 0
    outer loop
   vertex -7.855 12.835 0.936
   vertex -7.855 12.835 1.036
   vertex -7.855 12.915 1.036
  endloop
 endfacet
  facet normal 0 0 0
    outer loop
   vertex -7.855 12.915 1.036
   vertex -7.855 12.915 1.111
   vertex -7.855 13.085 1.111
  endloop
 endfacet
  facet normal 0 0 0
    outer loop
   vertex -7.855 12.835 0.936
   vertex -7.855 12.915 1.036
   vertex -7.855 13.085 1.036
  endloop
 endfacet
  facet normal 0 0 0
    outer loop
   vertex -7.855 12.915 1.036
   vertex -7.855 13.085 1.111
   vertex -7.855 13.085 1.036
  endloop
 endfacet
  facet normal 0 0 0
    outer loop
   vertex -7.855 12.835 0.936
   vertex -7.855 13.085 1.036
   vertex -7.855 13.165 0.936
  endloop
 endfacet
  facet normal 0 0 0
    outer loop
   vertex -7.855 13.165 0.936
   vertex -7.855 13.085 1.036
   vertex -7.855 13.165 1.036
  endloop
 endfacet
  facet normal 0 0 0
    outer loop
   vertex -7.855 14.535 0.936
   vertex -7.855 14.535 1.036
   vertex -7.855 14.615 1.036
  endloop
 endfacet
  facet normal 0 0 0
    outer loop
   vertex -7.855 14.615 1.036
   vertex -7.855 14.615 1.111
   vertex -7.855 14.785 1.111
  endloop
 endfacet
  facet normal 0 0 0
    outer loop
   vertex -7.855 14.535 0.936
   vertex -7.855 14.615 1.036
   vertex -7.855 14.785 1.036
  endloop
 endfacet
  facet normal 0 0 0
    outer loop
   vertex -7.855 14.615 1.036
   vertex -7.855 14.785 1.111
   vertex -7.855 14.785 1.036
  endloop
 endfacet
  facet normal 0 0 0
    outer loop
   vertex -7.855 14.535 0.936
   vertex -7.855 14.785 1.036
   vertex -7.855 14.865 0.936
  endloop
 endfacet
  facet normal 0 0 0
    outer loop
   vertex -7.855 14.865 0.936
   vertex -7.855 14.785 1.036
   vertex -7.855 14.865 1.036
  endloop
 endfacet
  facet normal 0 0 0
    outer loop
   vertex -7.855 16.235 0.936
   vertex -7.855 16.235 1.036
   vertex -7.855 16.315 1.036
  endloop
 endfacet
  facet normal 0 0 0
    outer loop
   vertex -7.855 16.315 1.036
   vertex -7.855 16.315 1.111
   vertex -7.855 16.485 1.111
  endloop
 endfacet
  facet normal 0 0 0
    outer loop
   vertex -7.855 16.235 0.936
   vertex -7.855 16.315 1.036
   vertex -7.855 16.485 1.036
  endloop
 endfacet
  facet normal 0 0 0
    outer loop
   vertex -7.855 16.315 1.036
   vertex -7.855 16.485 1.111
   vertex -7.855 16.485 1.036
  endloop
 endfacet
  facet normal 0 0 0
    outer loop
   vertex -7.855 16.235 0.936
   vertex -7.855 16.485 1.036
   vertex -7.855 16.565 0.936
  endloop
 endfacet
  facet normal 0 0 0
    outer loop
   vertex -7.855 16.565 0.936
   vertex -7.855 16.485 1.036
   vertex -7.855 16.565 1.036
  endloop
 endfacet
  facet normal 0 0 0
    outer loop
   vertex -7.855 17.935 0.936
   vertex -7.855 17.935 1.036
   vertex -7.855 18.015 1.036
  endloop
 endfacet
  facet normal 0 0 0
    outer loop
   vertex -7.855 18.015 1.036
   vertex -7.855 18.015 1.111
   vertex -7.855 18.185 1.111
  endloop
 endfacet
  facet normal 0 0 0
    outer loop
   vertex -7.855 17.935 0.936
   vertex -7.855 18.015 1.036
   vertex -7.855 18.185 1.036
  endloop
 endfacet
  facet normal 0 0 0
    outer loop
   vertex -7.855 18.015 1.036
   vertex -7.855 18.185 1.111
   vertex -7.855 18.185 1.036
  endloop
 endfacet
  facet normal 0 0 0
    outer loop
   vertex -7.855 17.935 0.936
   vertex -7.855 18.185 1.036
   vertex -7.855 18.265 0.936
  endloop
 endfacet
  facet normal 0 0 0
    outer loop
   vertex -7.855 18.265 0.936
   vertex -7.855 18.185 1.036
   vertex -7.855 18.265 1.036
  endloop
 endfacet
  facet normal 0 0 0
    outer loop
   vertex -7.855 19.635 0.936
   vertex -7.855 19.635 1.036
   vertex -7.855 19.715 1.036
  endloop
 endfacet
  facet normal 0 0 0
    outer loop
   vertex -7.855 19.715 1.036
   vertex -7.855 19.715 1.111
   vertex -7.855 19.885 1.111
  endloop
 endfacet
  facet normal 0 0 0
    outer loop
   vertex -7.855 19.635 0.936
   vertex -7.855 19.715 1.036
   vertex -7.855 19.885 1.036
  endloop
 endfacet
  facet normal 0 0 0
    outer loop
   vertex -7.855 19.715 1.036
   vertex -7.855 19.885 1.111
   vertex -7.855 19.885 1.036
  endloop
 endfacet
  facet normal 0 0 0
    outer loop
   vertex -7.855 19.635 0.936
   vertex -7.855 19.885 1.036
   vertex -7.855 19.965 0.936
  endloop
 endfacet
  facet normal 0 0 0
    outer loop
   vertex -7.855 19.965 0.936
   vertex -7.855 19.885 1.036
   vertex -7.855 19.965 1.036
  endloop
 endfacet
  facet normal 0 0 0
    outer loop
   vertex -7.855 21.335 0.936
   vertex -7.855 21.335 1.036
   vertex -7.855 21.415 1.036
  endloop
 endfacet
  facet normal 0 0 0
    outer loop
   vertex -7.855 21.415 1.036
   vertex -7.855 21.415 1.111
   vertex -7.855 21.585 1.111
  endloop
 endfacet
  facet normal 0 0 0
    outer loop
   vertex -7.855 21.335 0.936
   vertex -7.855 21.415 1.036
   vertex -7.855 21.585 1.036
  endloop
 endfacet
  facet normal 0 0 0
    outer loop
   vertex -7.855 21.415 1.036
   vertex -7.855 21.585 1.111
   vertex -7.855 21.585 1.036
  endloop
 endfacet
  facet normal 0 0 0
    outer loop
   vertex -7.855 21.335 0.936
   vertex -7.855 21.585 1.036
   vertex -7.855 21.665 0.936
  endloop
 endfacet
  facet normal 0 0 0
    outer loop
   vertex -7.855 21.665 0.936
   vertex -7.855 21.585 1.036
   vertex -7.855 21.665 1.036
  endloop
 endfacet
  facet normal 0 0 0
    outer loop
   vertex -7.855 23.035 0.936
   vertex -7.855 23.035 1.036
   vertex -7.855 23.115 1.036
  endloop
 endfacet
  facet normal 0 0 0
    outer loop
   vertex -7.855 23.115 1.036
   vertex -7.855 23.115 1.111
   vertex -7.855 23.285 1.111
  endloop
 endfacet
  facet normal 0 0 0
    outer loop
   vertex -7.855 23.035 0.936
   vertex -7.855 23.115 1.036
   vertex -7.855 23.285 1.036
  endloop
 endfacet
  facet normal 0 0 0
    outer loop
   vertex -7.855 23.115 1.036
   vertex -7.855 23.285 1.111
   vertex -7.855 23.285 1.036
  endloop
 endfacet
  facet normal 0 0 0
    outer loop
   vertex -7.855 23.035 0.936
   vertex -7.855 23.285 1.036
   vertex -7.855 23.365 0.936
  endloop
 endfacet
  facet normal 0 0 0
    outer loop
   vertex -7.855 23.365 0.936
   vertex -7.855 23.285 1.036
   vertex -7.855 23.365 1.036
  endloop
 endfacet
  facet normal 0 0 0
    outer loop
   vertex -7.855 24.735 0.936
   vertex -7.855 24.735 1.036
   vertex -7.855 24.815 1.036
  endloop
 endfacet
  facet normal 0 0 0
    outer loop
   vertex -7.855 24.815 1.036
   vertex -7.855 24.815 1.111
   vertex -7.855 24.985 1.111
  endloop
 endfacet
  facet normal 0 0 0
    outer loop
   vertex -7.855 24.735 0.936
   vertex -7.855 24.815 1.036
   vertex -7.855 24.985 1.036
  endloop
 endfacet
  facet normal 0 0 0
    outer loop
   vertex -7.855 24.815 1.036
   vertex -7.855 24.985 1.111
   vertex -7.855 24.985 1.036
  endloop
 endfacet
  facet normal 0 0 0
    outer loop
   vertex -7.855 24.735 0.936
   vertex -7.855 24.985 1.036
   vertex -7.855 25.065 0.936
  endloop
 endfacet
  facet normal 0 0 0
    outer loop
   vertex -7.855 25.065 0.936
   vertex -7.855 24.985 1.036
   vertex -7.855 25.065 1.036
  endloop
 endfacet
  facet normal 0 0 0
    outer loop
   vertex -8.805 12.835 0.936
   vertex -8.805 12.835 1.036
   vertex -8.805 12.915 1.036
  endloop
 endfacet
  facet normal 0 0 0
    outer loop
   vertex -8.805 12.915 1.036
   vertex -8.805 12.915 1.111
   vertex -8.805 13.085 1.111
  endloop
 endfacet
  facet normal 0 0 0
    outer loop
   vertex -8.805 12.835 0.936
   vertex -8.805 12.915 1.036
   vertex -8.805 13.085 1.036
  endloop
 endfacet
  facet normal 0 0 0
    outer loop
   vertex -8.805 12.915 1.036
   vertex -8.805 13.085 1.111
   vertex -8.805 13.085 1.036
  endloop
 endfacet
  facet normal 0 0 0
    outer loop
   vertex -8.805 12.835 0.936
   vertex -8.805 13.085 1.036
   vertex -8.805 13.165 0.936
  endloop
 endfacet
  facet normal 0 0 0
    outer loop
   vertex -8.805 13.165 0.936
   vertex -8.805 13.085 1.036
   vertex -8.805 13.165 1.036
  endloop
 endfacet
  facet normal 0 0 0
    outer loop
   vertex -8.805 14.535 0.936
   vertex -8.805 14.535 1.036
   vertex -8.805 14.615 1.036
  endloop
 endfacet
  facet normal 0 0 0
    outer loop
   vertex -8.805 14.615 1.036
   vertex -8.805 14.615 1.111
   vertex -8.805 14.785 1.111
  endloop
 endfacet
  facet normal 0 0 0
    outer loop
   vertex -8.805 14.535 0.936
   vertex -8.805 14.615 1.036
   vertex -8.805 14.785 1.036
  endloop
 endfacet
  facet normal 0 0 0
    outer loop
   vertex -8.805 14.615 1.036
   vertex -8.805 14.785 1.111
   vertex -8.805 14.785 1.036
  endloop
 endfacet
  facet normal 0 0 0
    outer loop
   vertex -8.805 14.535 0.936
   vertex -8.805 14.785 1.036
   vertex -8.805 14.865 0.936
  endloop
 endfacet
  facet normal 0 0 0
    outer loop
   vertex -8.805 14.865 0.936
   vertex -8.805 14.785 1.036
   vertex -8.805 14.865 1.036
  endloop
 endfacet
  facet normal 0 0 0
    outer loop
   vertex -8.805 16.235 0.936
   vertex -8.805 16.235 1.036
   vertex -8.805 16.315 1.036
  endloop
 endfacet
  facet normal 0 0 0
    outer loop
   vertex -8.805 16.315 1.036
   vertex -8.805 16.315 1.111
   vertex -8.805 16.485 1.111
  endloop
 endfacet
  facet normal 0 0 0
    outer loop
   vertex -8.805 16.235 0.936
   vertex -8.805 16.315 1.036
   vertex -8.805 16.485 1.036
  endloop
 endfacet
  facet normal 0 0 0
    outer loop
   vertex -8.805 16.315 1.036
   vertex -8.805 16.485 1.111
   vertex -8.805 16.485 1.036
  endloop
 endfacet
  facet normal 0 0 0
    outer loop
   vertex -8.805 16.235 0.936
   vertex -8.805 16.485 1.036
   vertex -8.805 16.565 0.936
  endloop
 endfacet
  facet normal 0 0 0
    outer loop
   vertex -8.805 16.565 0.936
   vertex -8.805 16.485 1.036
   vertex -8.805 16.565 1.036
  endloop
 endfacet
  facet normal 0 0 0
    outer loop
   vertex -8.805 17.935 0.936
   vertex -8.805 17.935 1.036
   vertex -8.805 18.015 1.036
  endloop
 endfacet
  facet normal 0 0 0
    outer loop
   vertex -8.805 18.015 1.036
   vertex -8.805 18.015 1.111
   vertex -8.805 18.185 1.111
  endloop
 endfacet
  facet normal 0 0 0
    outer loop
   vertex -8.805 17.935 0.936
   vertex -8.805 18.015 1.036
   vertex -8.805 18.185 1.036
  endloop
 endfacet
  facet normal 0 0 0
    outer loop
   vertex -8.805 18.015 1.036
   vertex -8.805 18.185 1.111
   vertex -8.805 18.185 1.036
  endloop
 endfacet
  facet normal 0 0 0
    outer loop
   vertex -8.805 17.935 0.936
   vertex -8.805 18.185 1.036
   vertex -8.805 18.265 0.936
  endloop
 endfacet
  facet normal 0 0 0
    outer loop
   vertex -8.805 18.265 0.936
   vertex -8.805 18.185 1.036
   vertex -8.805 18.265 1.036
  endloop
 endfacet
  facet normal 0 0 0
    outer loop
   vertex -8.805 19.635 0.936
   vertex -8.805 19.635 1.036
   vertex -8.805 19.715 1.036
  endloop
 endfacet
  facet normal 0 0 0
    outer loop
   vertex -8.805 19.715 1.036
   vertex -8.805 19.715 1.111
   vertex -8.805 19.885 1.111
  endloop
 endfacet
  facet normal 0 0 0
    outer loop
   vertex -8.805 19.635 0.936
   vertex -8.805 19.715 1.036
   vertex -8.805 19.885 1.036
  endloop
 endfacet
  facet normal 0 0 0
    outer loop
   vertex -8.805 19.715 1.036
   vertex -8.805 19.885 1.111
   vertex -8.805 19.885 1.036
  endloop
 endfacet
  facet normal 0 0 0
    outer loop
   vertex -8.805 19.635 0.936
   vertex -8.805 19.885 1.036
   vertex -8.805 19.965 0.936
  endloop
 endfacet
  facet normal 0 0 0
    outer loop
   vertex -8.805 19.965 0.936
   vertex -8.805 19.885 1.036
   vertex -8.805 19.965 1.036
  endloop
 endfacet
  facet normal 0 0 0
    outer loop
   vertex -8.805 21.335 0.936
   vertex -8.805 21.335 1.036
   vertex -8.805 21.415 1.036
  endloop
 endfacet
  facet normal 0 0 0
    outer loop
   vertex -8.805 21.415 1.036
   vertex -8.805 21.415 1.111
   vertex -8.805 21.585 1.111
  endloop
 endfacet
  facet normal 0 0 0
    outer loop
   vertex -8.805 21.335 0.936
   vertex -8.805 21.415 1.036
   vertex -8.805 21.585 1.036
  endloop
 endfacet
  facet normal 0 0 0
    outer loop
   vertex -8.805 21.415 1.036
   vertex -8.805 21.585 1.111
   vertex -8.805 21.585 1.036
  endloop
 endfacet
  facet normal 0 0 0
    outer loop
   vertex -8.805 21.335 0.936
   vertex -8.805 21.585 1.036
   vertex -8.805 21.665 0.936
  endloop
 endfacet
  facet normal 0 0 0
    outer loop
   vertex -8.805 21.665 0.936
   vertex -8.805 21.585 1.036
   vertex -8.805 21.665 1.036
  endloop
 endfacet
  facet normal 0 0 0
    outer loop
   vertex -8.805 23.035 0.936
   vertex -8.805 23.035 1.036
   vertex -8.805 23.115 1.036
  endloop
 endfacet
  facet normal 0 0 0
    outer loop
   vertex -8.805 23.115 1.036
   vertex -8.805 23.115 1.111
   vertex -8.805 23.285 1.111
  endloop
 endfacet
  facet normal 0 0 0
    outer loop
   vertex -8.805 23.035 0.936
   vertex -8.805 23.115 1.036
   vertex -8.805 23.285 1.036
  endloop
 endfacet
  facet normal 0 0 0
    outer loop
   vertex -8.805 23.115 1.036
   vertex -8.805 23.285 1.111
   vertex -8.805 23.285 1.036
  endloop
 endfacet
  facet normal 0 0 0
    outer loop
   vertex -8.805 23.035 0.936
   vertex -8.805 23.285 1.036
   vertex -8.805 23.365 0.936
  endloop
 endfacet
  facet normal 0 0 0
    outer loop
   vertex -8.805 23.365 0.936
   vertex -8.805 23.285 1.036
   vertex -8.805 23.365 1.036
  endloop
 endfacet
  facet normal 0 0 0
    outer loop
   vertex -8.805 24.735 0.936
   vertex -8.805 24.735 1.036
   vertex -8.805 24.815 1.036
  endloop
 endfacet
  facet normal 0 0 0
    outer loop
   vertex -8.805 24.815 1.036
   vertex -8.805 24.815 1.111
   vertex -8.805 24.985 1.111
  endloop
 endfacet
  facet normal 0 0 0
    outer loop
   vertex -8.805 24.735 0.936
   vertex -8.805 24.815 1.036
   vertex -8.805 24.985 1.036
  endloop
 endfacet
  facet normal 0 0 0
    outer loop
   vertex -8.805 24.815 1.036
   vertex -8.805 24.985 1.111
   vertex -8.805 24.985 1.036
  endloop
 endfacet
  facet normal 0 0 0
    outer loop
   vertex -8.805 24.735 0.936
   vertex -8.805 24.985 1.036
   vertex -8.805 25.065 0.936
  endloop
 endfacet
  facet normal 0 0 0
    outer loop
   vertex -8.805 25.065 0.936
   vertex -8.805 24.985 1.036
   vertex -8.805 25.065 1.036
  endloop
 endfacet
  facet normal 0 0 0
    outer loop
   vertex -4.885 17.935 0.936
   vertex -4.885 17.935 1.036
   vertex -5.055 17.935 1.036
  endloop
 endfacet
  facet normal 0 0 0
    outer loop
   vertex -4.885 17.935 0.936
   vertex -5.055 17.935 1.036
   vertex -5.055 17.935 0.936
  endloop
 endfacet
  facet normal 0 0 0
    outer loop
   vertex -5.835 17.935 0.936
   vertex -5.835 17.935 1.036
   vertex -6.005 17.935 1.036
  endloop
 endfacet
  facet normal 0 0 0
    outer loop
   vertex -5.835 17.935 0.936
   vertex -6.005 17.935 1.036
   vertex -6.005 17.935 0.936
  endloop
 endfacet
  facet normal 0 0 0
    outer loop
   vertex -7.685 17.935 0.936
   vertex -7.685 17.935 1.036
   vertex -7.855 17.935 1.036
  endloop
 endfacet
  facet normal 0 0 0
    outer loop
   vertex -7.685 17.935 0.936
   vertex -7.855 17.935 1.036
   vertex -7.855 17.935 0.936
  endloop
 endfacet
  facet normal 0 0 0
    outer loop
   vertex -8.635 17.935 0.936
   vertex -8.635 17.935 1.036
   vertex -8.805 17.935 1.036
  endloop
 endfacet
  facet normal 0 0 0
    outer loop
   vertex -8.635 17.935 0.936
   vertex -8.805 17.935 1.036
   vertex -8.805 17.935 0.936
  endloop
 endfacet
  facet normal 0 0 0
    outer loop
   vertex -8.805 18.265 0.936
   vertex -8.805 18.265 1.036
   vertex -8.635 18.265 1.036
  endloop
 endfacet
  facet normal 0 0 0
    outer loop
   vertex -8.805 18.265 0.936
   vertex -8.635 18.265 1.036
   vertex -8.635 18.265 0.936
  endloop
 endfacet
  facet normal 0 0 0
    outer loop
   vertex -7.855 18.265 0.936
   vertex -7.855 18.265 1.036
   vertex -7.685 18.265 1.036
  endloop
 endfacet
  facet normal 0 0 0
    outer loop
   vertex -7.855 18.265 0.936
   vertex -7.685 18.265 1.036
   vertex -7.685 18.265 0.936
  endloop
 endfacet
  facet normal 0 0 0
    outer loop
   vertex -6.005 18.265 0.936
   vertex -6.005 18.265 1.036
   vertex -5.835 18.265 1.036
  endloop
 endfacet
  facet normal 0 0 0
    outer loop
   vertex -6.005 18.265 0.936
   vertex -5.835 18.265 1.036
   vertex -5.835 18.265 0.936
  endloop
 endfacet
  facet normal 0 0 0
    outer loop
   vertex -5.055 18.265 0.936
   vertex -5.055 18.265 1.036
   vertex -4.885 18.265 1.036
  endloop
 endfacet
  facet normal 0 0 0
    outer loop
   vertex -5.055 18.265 0.936
   vertex -4.885 18.265 1.036
   vertex -4.885 18.265 0.936
  endloop
 endfacet
  facet normal 0 0 0
    outer loop
   vertex -4.885 12.835 0.936
   vertex -4.885 12.835 1.036
   vertex -5.055 12.835 1.036
  endloop
 endfacet
  facet normal 0 0 0
    outer loop
   vertex -4.885 12.835 0.936
   vertex -5.055 12.835 1.036
   vertex -5.055 12.835 0.936
  endloop
 endfacet
  facet normal 0 0 0
    outer loop
   vertex -5.835 12.835 0.936
   vertex -5.835 12.835 1.036
   vertex -6.005 12.835 1.036
  endloop
 endfacet
  facet normal 0 0 0
    outer loop
   vertex -5.835 12.835 0.936
   vertex -6.005 12.835 1.036
   vertex -6.005 12.835 0.936
  endloop
 endfacet
  facet normal 0 0 0
    outer loop
   vertex -7.685 12.835 0.936
   vertex -7.685 12.835 1.036
   vertex -7.855 12.835 1.036
  endloop
 endfacet
  facet normal 0 0 0
    outer loop
   vertex -7.685 12.835 0.936
   vertex -7.855 12.835 1.036
   vertex -7.855 12.835 0.936
  endloop
 endfacet
  facet normal 0 0 0
    outer loop
   vertex -8.635 12.835 0.936
   vertex -8.635 12.835 1.036
   vertex -8.805 12.835 1.036
  endloop
 endfacet
  facet normal 0 0 0
    outer loop
   vertex -8.635 12.835 0.936
   vertex -8.805 12.835 1.036
   vertex -8.805 12.835 0.936
  endloop
 endfacet
  facet normal 0 0 0
    outer loop
   vertex -9.085 12.835 0.936
   vertex -9.085 12.835 1.036
   vertex -9.255 12.835 1.036
  endloop
 endfacet
  facet normal 0 0 0
    outer loop
   vertex -9.085 12.835 0.936
   vertex -9.255 12.835 1.036
   vertex -9.255 12.835 0.936
  endloop
 endfacet
  facet normal 0 0 0
    outer loop
   vertex -9.255 12.835 0.936
   vertex -9.255 12.835 1.036
   vertex -9.255 12.915 1.036
  endloop
 endfacet
  facet normal 0 0 0
    outer loop
   vertex -9.255 12.915 1.036
   vertex -9.255 12.915 1.111
   vertex -9.255 13.085 1.111
  endloop
 endfacet
  facet normal 0 0 0
    outer loop
   vertex -9.255 12.835 0.936
   vertex -9.255 12.915 1.036
   vertex -9.255 13.085 1.036
  endloop
 endfacet
  facet normal 0 0 0
    outer loop
   vertex -9.255 12.915 1.036
   vertex -9.255 13.085 1.111
   vertex -9.255 13.085 1.036
  endloop
 endfacet
  facet normal 0 0 0
    outer loop
   vertex -9.255 12.835 0.936
   vertex -9.255 13.085 1.036
   vertex -9.255 13.165 0.936
  endloop
 endfacet
  facet normal 0 0 0
    outer loop
   vertex -9.255 13.165 0.936
   vertex -9.255 13.085 1.036
   vertex -9.255 13.165 1.036
  endloop
 endfacet
  facet normal 0 0 0
    outer loop
   vertex -9.255 13.165 0.936
   vertex -9.255 13.165 1.036
   vertex -9.085 13.165 1.036
  endloop
 endfacet
  facet normal 0 0 0
    outer loop
   vertex -9.255 13.165 0.936
   vertex -9.085 13.165 1.036
   vertex -9.085 13.165 0.936
  endloop
 endfacet
  facet normal 0 0 0
    outer loop
   vertex -8.805 13.165 0.936
   vertex -8.805 13.165 1.036
   vertex -8.635 13.165 1.036
  endloop
 endfacet
  facet normal 0 0 0
    outer loop
   vertex -8.805 13.165 0.936
   vertex -8.635 13.165 1.036
   vertex -8.635 13.165 0.936
  endloop
 endfacet
  facet normal 0 0 0
    outer loop
   vertex -7.855 13.165 0.936
   vertex -7.855 13.165 1.036
   vertex -7.685 13.165 1.036
  endloop
 endfacet
  facet normal 0 0 0
    outer loop
   vertex -7.855 13.165 0.936
   vertex -7.685 13.165 1.036
   vertex -7.685 13.165 0.936
  endloop
 endfacet
  facet normal 0 0 0
    outer loop
   vertex -6.005 13.165 0.936
   vertex -6.005 13.165 1.036
   vertex -5.835 13.165 1.036
  endloop
 endfacet
  facet normal 0 0 0
    outer loop
   vertex -6.005 13.165 0.936
   vertex -5.835 13.165 1.036
   vertex -5.835 13.165 0.936
  endloop
 endfacet
  facet normal 0 0 0
    outer loop
   vertex -5.055 13.165 0.936
   vertex -5.055 13.165 1.036
   vertex -4.885 13.165 1.036
  endloop
 endfacet
  facet normal 0 0 0
    outer loop
   vertex -5.055 13.165 0.936
   vertex -4.885 13.165 1.036
   vertex -4.885 13.165 0.936
  endloop
 endfacet
  facet normal 0 0 0
    outer loop
   vertex -9.085 13.165 0.936
   vertex -9.085 13.165 1.036
   vertex -9.085 13.085 1.036
  endloop
 endfacet
  facet normal 0 0 0
    outer loop
   vertex -9.085 13.085 1.036
   vertex -9.085 13.085 1.111
   vertex -9.085 12.915 1.111
  endloop
 endfacet
  facet normal 0 0 0
    outer loop
   vertex -9.085 13.165 0.936
   vertex -9.085 13.085 1.036
   vertex -9.085 12.915 1.036
  endloop
 endfacet
  facet normal 0 0 0
    outer loop
   vertex -9.085 13.085 1.036
   vertex -9.085 12.915 1.111
   vertex -9.085 12.915 1.036
  endloop
 endfacet
  facet normal 0 0 0
    outer loop
   vertex -9.085 13.165 0.936
   vertex -9.085 12.915 1.036
   vertex -9.085 12.835 0.936
  endloop
 endfacet
  facet normal 0 0 0
    outer loop
   vertex -9.085 12.835 0.936
   vertex -9.085 12.915 1.036
   vertex -9.085 12.835 1.036
  endloop
 endfacet
  facet normal 0 0 0
    outer loop
   vertex -8.805 14.865 0.936
   vertex -8.805 14.865 1.036
   vertex -8.635 14.865 1.036
  endloop
 endfacet
  facet normal 0 0 0
    outer loop
   vertex -8.805 14.865 0.936
   vertex -8.635 14.865 1.036
   vertex -8.635 14.865 0.936
  endloop
 endfacet
  facet normal 0 0 0
    outer loop
   vertex -7.855 14.865 0.936
   vertex -7.855 14.865 1.036
   vertex -7.685 14.865 1.036
  endloop
 endfacet
  facet normal 0 0 0
    outer loop
   vertex -7.855 14.865 0.936
   vertex -7.685 14.865 1.036
   vertex -7.685 14.865 0.936
  endloop
 endfacet
  facet normal 0 0 0
    outer loop
   vertex -6.005 14.865 0.936
   vertex -6.005 14.865 1.036
   vertex -5.835 14.865 1.036
  endloop
 endfacet
  facet normal 0 0 0
    outer loop
   vertex -6.005 14.865 0.936
   vertex -5.835 14.865 1.036
   vertex -5.835 14.865 0.936
  endloop
 endfacet
  facet normal 0 0 0
    outer loop
   vertex -5.055 14.865 0.936
   vertex -5.055 14.865 1.036
   vertex -4.885 14.865 1.036
  endloop
 endfacet
  facet normal 0 0 0
    outer loop
   vertex -5.055 14.865 0.936
   vertex -4.885 14.865 1.036
   vertex -4.885 14.865 0.936
  endloop
 endfacet
  facet normal 0 0 0
    outer loop
   vertex -4.885 14.535 0.936
   vertex -4.885 14.535 1.036
   vertex -5.055 14.535 1.036
  endloop
 endfacet
  facet normal 0 0 0
    outer loop
   vertex -4.885 14.535 0.936
   vertex -5.055 14.535 1.036
   vertex -5.055 14.535 0.936
  endloop
 endfacet
  facet normal 0 0 0
    outer loop
   vertex -5.835 14.535 0.936
   vertex -5.835 14.535 1.036
   vertex -6.005 14.535 1.036
  endloop
 endfacet
  facet normal 0 0 0
    outer loop
   vertex -5.835 14.535 0.936
   vertex -6.005 14.535 1.036
   vertex -6.005 14.535 0.936
  endloop
 endfacet
  facet normal 0 0 0
    outer loop
   vertex -7.685 14.535 0.936
   vertex -7.685 14.535 1.036
   vertex -7.855 14.535 1.036
  endloop
 endfacet
  facet normal 0 0 0
    outer loop
   vertex -7.685 14.535 0.936
   vertex -7.855 14.535 1.036
   vertex -7.855 14.535 0.936
  endloop
 endfacet
  facet normal 0 0 0
    outer loop
   vertex -8.635 14.535 0.936
   vertex -8.635 14.535 1.036
   vertex -8.805 14.535 1.036
  endloop
 endfacet
  facet normal 0 0 0
    outer loop
   vertex -8.635 14.535 0.936
   vertex -8.805 14.535 1.036
   vertex -8.805 14.535 0.936
  endloop
 endfacet
  facet normal 0 0 0
    outer loop
   vertex -4.885 16.235 0.936
   vertex -4.885 16.235 1.036
   vertex -5.055 16.235 1.036
  endloop
 endfacet
  facet normal 0 0 0
    outer loop
   vertex -4.885 16.235 0.936
   vertex -5.055 16.235 1.036
   vertex -5.055 16.235 0.936
  endloop
 endfacet
  facet normal 0 0 0
    outer loop
   vertex -5.835 16.235 0.936
   vertex -5.835 16.235 1.036
   vertex -6.005 16.235 1.036
  endloop
 endfacet
  facet normal 0 0 0
    outer loop
   vertex -5.835 16.235 0.936
   vertex -6.005 16.235 1.036
   vertex -6.005 16.235 0.936
  endloop
 endfacet
  facet normal 0 0 0
    outer loop
   vertex -7.685 16.235 0.936
   vertex -7.685 16.235 1.036
   vertex -7.855 16.235 1.036
  endloop
 endfacet
  facet normal 0 0 0
    outer loop
   vertex -7.685 16.235 0.936
   vertex -7.855 16.235 1.036
   vertex -7.855 16.235 0.936
  endloop
 endfacet
  facet normal 0 0 0
    outer loop
   vertex -8.635 16.235 0.936
   vertex -8.635 16.235 1.036
   vertex -8.805 16.235 1.036
  endloop
 endfacet
  facet normal 0 0 0
    outer loop
   vertex -8.635 16.235 0.936
   vertex -8.805 16.235 1.036
   vertex -8.805 16.235 0.936
  endloop
 endfacet
  facet normal 0 0 0
    outer loop
   vertex -8.805 16.565 0.936
   vertex -8.805 16.565 1.036
   vertex -8.635 16.565 1.036
  endloop
 endfacet
  facet normal 0 0 0
    outer loop
   vertex -8.805 16.565 0.936
   vertex -8.635 16.565 1.036
   vertex -8.635 16.565 0.936
  endloop
 endfacet
  facet normal 0 0 0
    outer loop
   vertex -7.855 16.565 0.936
   vertex -7.855 16.565 1.036
   vertex -7.685 16.565 1.036
  endloop
 endfacet
  facet normal 0 0 0
    outer loop
   vertex -7.855 16.565 0.936
   vertex -7.685 16.565 1.036
   vertex -7.685 16.565 0.936
  endloop
 endfacet
  facet normal 0 0 0
    outer loop
   vertex -6.005 16.565 0.936
   vertex -6.005 16.565 1.036
   vertex -5.835 16.565 1.036
  endloop
 endfacet
  facet normal 0 0 0
    outer loop
   vertex -6.005 16.565 0.936
   vertex -5.835 16.565 1.036
   vertex -5.835 16.565 0.936
  endloop
 endfacet
  facet normal 0 0 0
    outer loop
   vertex -5.055 16.565 0.936
   vertex -5.055 16.565 1.036
   vertex -4.885 16.565 1.036
  endloop
 endfacet
  facet normal 0 0 0
    outer loop
   vertex -5.055 16.565 0.936
   vertex -4.885 16.565 1.036
   vertex -4.885 16.565 0.936
  endloop
 endfacet
  facet normal 0 0 0
    outer loop
   vertex -8.805 19.885 1.036
   vertex -8.805 19.885 1.111
   vertex -8.635 19.885 1.111
  endloop
 endfacet
  facet normal 0 0 0
    outer loop
   vertex -8.805 19.885 1.036
   vertex -8.635 19.885 1.111
   vertex -8.635 19.885 1.036
  endloop
 endfacet
  facet normal 0 0 0
    outer loop
   vertex -7.855 19.885 1.036
   vertex -7.855 19.885 1.111
   vertex -7.685 19.885 1.111
  endloop
 endfacet
  facet normal 0 0 0
    outer loop
   vertex -7.855 19.885 1.036
   vertex -7.685 19.885 1.111
   vertex -7.685 19.885 1.036
  endloop
 endfacet
  facet normal 0 0 0
    outer loop
   vertex -6.005 19.885 1.036
   vertex -6.005 19.885 1.111
   vertex -5.835 19.885 1.111
  endloop
 endfacet
  facet normal 0 0 0
    outer loop
   vertex -6.005 19.885 1.036
   vertex -5.835 19.885 1.111
   vertex -5.835 19.885 1.036
  endloop
 endfacet
  facet normal 0 0 0
    outer loop
   vertex -5.055 19.885 1.036
   vertex -5.055 19.885 1.111
   vertex -4.885 19.885 1.111
  endloop
 endfacet
  facet normal 0 0 0
    outer loop
   vertex -5.055 19.885 1.036
   vertex -4.885 19.885 1.111
   vertex -4.885 19.885 1.036
  endloop
 endfacet
  facet normal 0 0 0
    outer loop
   vertex -4.885 19.715 1.036
   vertex -4.885 19.715 1.111
   vertex -5.055 19.715 1.111
  endloop
 endfacet
  facet normal 0 0 0
    outer loop
   vertex -4.885 19.715 1.036
   vertex -5.055 19.715 1.111
   vertex -5.055 19.715 1.036
  endloop
 endfacet
  facet normal 0 0 0
    outer loop
   vertex -5.835 19.715 1.036
   vertex -5.835 19.715 1.111
   vertex -6.005 19.715 1.111
  endloop
 endfacet
  facet normal 0 0 0
    outer loop
   vertex -5.835 19.715 1.036
   vertex -6.005 19.715 1.111
   vertex -6.005 19.715 1.036
  endloop
 endfacet
  facet normal 0 0 0
    outer loop
   vertex -7.685 19.715 1.036
   vertex -7.685 19.715 1.111
   vertex -7.855 19.715 1.111
  endloop
 endfacet
  facet normal 0 0 0
    outer loop
   vertex -7.685 19.715 1.036
   vertex -7.855 19.715 1.111
   vertex -7.855 19.715 1.036
  endloop
 endfacet
  facet normal 0 0 0
    outer loop
   vertex -8.635 19.715 1.036
   vertex -8.635 19.715 1.111
   vertex -8.805 19.715 1.111
  endloop
 endfacet
  facet normal 0 0 0
    outer loop
   vertex -8.635 19.715 1.036
   vertex -8.805 19.715 1.111
   vertex -8.805 19.715 1.036
  endloop
 endfacet
  facet normal 0 0 0
    outer loop
   vertex -4.885 21.415 1.036
   vertex -4.885 21.415 1.111
   vertex -5.055 21.415 1.111
  endloop
 endfacet
  facet normal 0 0 0
    outer loop
   vertex -4.885 21.415 1.036
   vertex -5.055 21.415 1.111
   vertex -5.055 21.415 1.036
  endloop
 endfacet
  facet normal 0 0 0
    outer loop
   vertex -5.835 21.415 1.036
   vertex -5.835 21.415 1.111
   vertex -6.005 21.415 1.111
  endloop
 endfacet
  facet normal 0 0 0
    outer loop
   vertex -5.835 21.415 1.036
   vertex -6.005 21.415 1.111
   vertex -6.005 21.415 1.036
  endloop
 endfacet
  facet normal 0 0 0
    outer loop
   vertex -7.685 21.415 1.036
   vertex -7.685 21.415 1.111
   vertex -7.855 21.415 1.111
  endloop
 endfacet
  facet normal 0 0 0
    outer loop
   vertex -7.685 21.415 1.036
   vertex -7.855 21.415 1.111
   vertex -7.855 21.415 1.036
  endloop
 endfacet
  facet normal 0 0 0
    outer loop
   vertex -8.635 21.415 1.036
   vertex -8.635 21.415 1.111
   vertex -8.805 21.415 1.111
  endloop
 endfacet
  facet normal 0 0 0
    outer loop
   vertex -8.635 21.415 1.036
   vertex -8.805 21.415 1.111
   vertex -8.805 21.415 1.036
  endloop
 endfacet
  facet normal 0 0 0
    outer loop
   vertex -8.805 21.585 1.036
   vertex -8.805 21.585 1.111
   vertex -8.635 21.585 1.111
  endloop
 endfacet
  facet normal 0 0 0
    outer loop
   vertex -8.805 21.585 1.036
   vertex -8.635 21.585 1.111
   vertex -8.635 21.585 1.036
  endloop
 endfacet
  facet normal 0 0 0
    outer loop
   vertex -7.855 21.585 1.036
   vertex -7.855 21.585 1.111
   vertex -7.685 21.585 1.111
  endloop
 endfacet
  facet normal 0 0 0
    outer loop
   vertex -7.855 21.585 1.036
   vertex -7.685 21.585 1.111
   vertex -7.685 21.585 1.036
  endloop
 endfacet
  facet normal 0 0 0
    outer loop
   vertex -6.005 21.585 1.036
   vertex -6.005 21.585 1.111
   vertex -5.835 21.585 1.111
  endloop
 endfacet
  facet normal 0 0 0
    outer loop
   vertex -6.005 21.585 1.036
   vertex -5.835 21.585 1.111
   vertex -5.835 21.585 1.036
  endloop
 endfacet
  facet normal 0 0 0
    outer loop
   vertex -5.055 21.585 1.036
   vertex -5.055 21.585 1.111
   vertex -4.885 21.585 1.111
  endloop
 endfacet
  facet normal 0 0 0
    outer loop
   vertex -5.055 21.585 1.036
   vertex -4.885 21.585 1.111
   vertex -4.885 21.585 1.036
  endloop
 endfacet
  facet normal 0 0 0
    outer loop
   vertex -4.885 23.115 1.036
   vertex -4.885 23.115 1.111
   vertex -5.055 23.115 1.111
  endloop
 endfacet
  facet normal 0 0 0
    outer loop
   vertex -4.885 23.115 1.036
   vertex -5.055 23.115 1.111
   vertex -5.055 23.115 1.036
  endloop
 endfacet
  facet normal 0 0 0
    outer loop
   vertex -5.835 23.115 1.036
   vertex -5.835 23.115 1.111
   vertex -6.005 23.115 1.111
  endloop
 endfacet
  facet normal 0 0 0
    outer loop
   vertex -5.835 23.115 1.036
   vertex -6.005 23.115 1.111
   vertex -6.005 23.115 1.036
  endloop
 endfacet
  facet normal 0 0 0
    outer loop
   vertex -7.685 23.115 1.036
   vertex -7.685 23.115 1.111
   vertex -7.855 23.115 1.111
  endloop
 endfacet
  facet normal 0 0 0
    outer loop
   vertex -7.685 23.115 1.036
   vertex -7.855 23.115 1.111
   vertex -7.855 23.115 1.036
  endloop
 endfacet
  facet normal 0 0 0
    outer loop
   vertex -8.635 23.115 1.036
   vertex -8.635 23.115 1.111
   vertex -8.805 23.115 1.111
  endloop
 endfacet
  facet normal 0 0 0
    outer loop
   vertex -8.635 23.115 1.036
   vertex -8.805 23.115 1.111
   vertex -8.805 23.115 1.036
  endloop
 endfacet
  facet normal 0 0 0
    outer loop
   vertex -8.805 23.285 1.036
   vertex -8.805 23.285 1.111
   vertex -8.635 23.285 1.111
  endloop
 endfacet
  facet normal 0 0 0
    outer loop
   vertex -8.805 23.285 1.036
   vertex -8.635 23.285 1.111
   vertex -8.635 23.285 1.036
  endloop
 endfacet
  facet normal 0 0 0
    outer loop
   vertex -7.855 23.285 1.036
   vertex -7.855 23.285 1.111
   vertex -7.685 23.285 1.111
  endloop
 endfacet
  facet normal 0 0 0
    outer loop
   vertex -7.855 23.285 1.036
   vertex -7.685 23.285 1.111
   vertex -7.685 23.285 1.036
  endloop
 endfacet
  facet normal 0 0 0
    outer loop
   vertex -6.005 23.285 1.036
   vertex -6.005 23.285 1.111
   vertex -5.835 23.285 1.111
  endloop
 endfacet
  facet normal 0 0 0
    outer loop
   vertex -6.005 23.285 1.036
   vertex -5.835 23.285 1.111
   vertex -5.835 23.285 1.036
  endloop
 endfacet
  facet normal 0 0 0
    outer loop
   vertex -5.055 23.285 1.036
   vertex -5.055 23.285 1.111
   vertex -4.885 23.285 1.111
  endloop
 endfacet
  facet normal 0 0 0
    outer loop
   vertex -5.055 23.285 1.036
   vertex -4.885 23.285 1.111
   vertex -4.885 23.285 1.036
  endloop
 endfacet
  facet normal 0 0 0
    outer loop
   vertex -4.885 24.815 1.036
   vertex -4.885 24.815 1.111
   vertex -5.055 24.815 1.111
  endloop
 endfacet
  facet normal 0 0 0
    outer loop
   vertex -4.885 24.815 1.036
   vertex -5.055 24.815 1.111
   vertex -5.055 24.815 1.036
  endloop
 endfacet
  facet normal 0 0 0
    outer loop
   vertex -5.835 24.815 1.036
   vertex -5.835 24.815 1.111
   vertex -6.005 24.815 1.111
  endloop
 endfacet
  facet normal 0 0 0
    outer loop
   vertex -5.835 24.815 1.036
   vertex -6.005 24.815 1.111
   vertex -6.005 24.815 1.036
  endloop
 endfacet
  facet normal 0 0 0
    outer loop
   vertex -7.685 24.815 1.036
   vertex -7.685 24.815 1.111
   vertex -7.855 24.815 1.111
  endloop
 endfacet
  facet normal 0 0 0
    outer loop
   vertex -7.685 24.815 1.036
   vertex -7.855 24.815 1.111
   vertex -7.855 24.815 1.036
  endloop
 endfacet
  facet normal 0 0 0
    outer loop
   vertex -8.635 24.815 1.036
   vertex -8.635 24.815 1.111
   vertex -8.805 24.815 1.111
  endloop
 endfacet
  facet normal 0 0 0
    outer loop
   vertex -8.635 24.815 1.036
   vertex -8.805 24.815 1.111
   vertex -8.805 24.815 1.036
  endloop
 endfacet
  facet normal 0 0 0
    outer loop
   vertex -8.805 24.985 1.036
   vertex -8.805 24.985 1.111
   vertex -8.635 24.985 1.111
  endloop
 endfacet
  facet normal 0 0 0
    outer loop
   vertex -8.805 24.985 1.036
   vertex -8.635 24.985 1.111
   vertex -8.635 24.985 1.036
  endloop
 endfacet
  facet normal 0 0 0
    outer loop
   vertex -7.855 24.985 1.036
   vertex -7.855 24.985 1.111
   vertex -7.685 24.985 1.111
  endloop
 endfacet
  facet normal 0 0 0
    outer loop
   vertex -7.855 24.985 1.036
   vertex -7.685 24.985 1.111
   vertex -7.685 24.985 1.036
  endloop
 endfacet
  facet normal 0 0 0
    outer loop
   vertex -6.005 24.985 1.036
   vertex -6.005 24.985 1.111
   vertex -5.835 24.985 1.111
  endloop
 endfacet
  facet normal 0 0 0
    outer loop
   vertex -6.005 24.985 1.036
   vertex -5.835 24.985 1.111
   vertex -5.835 24.985 1.036
  endloop
 endfacet
  facet normal 0 0 0
    outer loop
   vertex -5.055 24.985 1.036
   vertex -5.055 24.985 1.111
   vertex -4.885 24.985 1.111
  endloop
 endfacet
  facet normal 0 0 0
    outer loop
   vertex -5.055 24.985 1.036
   vertex -4.885 24.985 1.111
   vertex -4.885 24.985 1.036
  endloop
 endfacet
  facet normal 0 0 0
    outer loop
   vertex -8.805 18.185 1.036
   vertex -8.805 18.185 1.111
   vertex -8.635 18.185 1.111
  endloop
 endfacet
  facet normal 0 0 0
    outer loop
   vertex -8.805 18.185 1.036
   vertex -8.635 18.185 1.111
   vertex -8.635 18.185 1.036
  endloop
 endfacet
  facet normal 0 0 0
    outer loop
   vertex -7.855 18.185 1.036
   vertex -7.855 18.185 1.111
   vertex -7.685 18.185 1.111
  endloop
 endfacet
  facet normal 0 0 0
    outer loop
   vertex -7.855 18.185 1.036
   vertex -7.685 18.185 1.111
   vertex -7.685 18.185 1.036
  endloop
 endfacet
  facet normal 0 0 0
    outer loop
   vertex -6.005 18.185 1.036
   vertex -6.005 18.185 1.111
   vertex -5.835 18.185 1.111
  endloop
 endfacet
  facet normal 0 0 0
    outer loop
   vertex -6.005 18.185 1.036
   vertex -5.835 18.185 1.111
   vertex -5.835 18.185 1.036
  endloop
 endfacet
  facet normal 0 0 0
    outer loop
   vertex -5.055 18.185 1.036
   vertex -5.055 18.185 1.111
   vertex -4.885 18.185 1.111
  endloop
 endfacet
  facet normal 0 0 0
    outer loop
   vertex -5.055 18.185 1.036
   vertex -4.885 18.185 1.111
   vertex -4.885 18.185 1.036
  endloop
 endfacet
  facet normal 0 0 0
    outer loop
   vertex -4.885 18.015 1.036
   vertex -4.885 18.015 1.111
   vertex -5.055 18.015 1.111
  endloop
 endfacet
  facet normal 0 0 0
    outer loop
   vertex -4.885 18.015 1.036
   vertex -5.055 18.015 1.111
   vertex -5.055 18.015 1.036
  endloop
 endfacet
  facet normal 0 0 0
    outer loop
   vertex -5.835 18.015 1.036
   vertex -5.835 18.015 1.111
   vertex -6.005 18.015 1.111
  endloop
 endfacet
  facet normal 0 0 0
    outer loop
   vertex -5.835 18.015 1.036
   vertex -6.005 18.015 1.111
   vertex -6.005 18.015 1.036
  endloop
 endfacet
  facet normal 0 0 0
    outer loop
   vertex -7.685 18.015 1.036
   vertex -7.685 18.015 1.111
   vertex -7.855 18.015 1.111
  endloop
 endfacet
  facet normal 0 0 0
    outer loop
   vertex -7.685 18.015 1.036
   vertex -7.855 18.015 1.111
   vertex -7.855 18.015 1.036
  endloop
 endfacet
  facet normal 0 0 0
    outer loop
   vertex -8.635 18.015 1.036
   vertex -8.635 18.015 1.111
   vertex -8.805 18.015 1.111
  endloop
 endfacet
  facet normal 0 0 0
    outer loop
   vertex -8.635 18.015 1.036
   vertex -8.805 18.015 1.111
   vertex -8.805 18.015 1.036
  endloop
 endfacet
  facet normal 0 0 0
    outer loop
   vertex -4.885 12.915 1.036
   vertex -4.885 12.915 1.111
   vertex -5.055 12.915 1.111
  endloop
 endfacet
  facet normal 0 0 0
    outer loop
   vertex -4.885 12.915 1.036
   vertex -5.055 12.915 1.111
   vertex -5.055 12.915 1.036
  endloop
 endfacet
  facet normal 0 0 0
    outer loop
   vertex -5.835 12.915 1.036
   vertex -5.835 12.915 1.111
   vertex -6.005 12.915 1.111
  endloop
 endfacet
  facet normal 0 0 0
    outer loop
   vertex -5.835 12.915 1.036
   vertex -6.005 12.915 1.111
   vertex -6.005 12.915 1.036
  endloop
 endfacet
  facet normal 0 0 0
    outer loop
   vertex -7.685 12.915 1.036
   vertex -7.685 12.915 1.111
   vertex -7.855 12.915 1.111
  endloop
 endfacet
  facet normal 0 0 0
    outer loop
   vertex -7.685 12.915 1.036
   vertex -7.855 12.915 1.111
   vertex -7.855 12.915 1.036
  endloop
 endfacet
  facet normal 0 0 0
    outer loop
   vertex -8.635 12.915 1.036
   vertex -8.635 12.915 1.111
   vertex -8.805 12.915 1.111
  endloop
 endfacet
  facet normal 0 0 0
    outer loop
   vertex -8.635 12.915 1.036
   vertex -8.805 12.915 1.111
   vertex -8.805 12.915 1.036
  endloop
 endfacet
  facet normal 0 0 0
    outer loop
   vertex -9.085 12.915 1.036
   vertex -9.085 12.915 1.111
   vertex -9.255 12.915 1.111
  endloop
 endfacet
  facet normal 0 0 0
    outer loop
   vertex -9.085 12.915 1.036
   vertex -9.255 12.915 1.111
   vertex -9.255 12.915 1.036
  endloop
 endfacet
  facet normal 0 0 0
    outer loop
   vertex -9.255 13.085 1.036
   vertex -9.255 13.085 1.111
   vertex -9.085 13.085 1.111
  endloop
 endfacet
  facet normal 0 0 0
    outer loop
   vertex -9.255 13.085 1.036
   vertex -9.085 13.085 1.111
   vertex -9.085 13.085 1.036
  endloop
 endfacet
  facet normal 0 0 0
    outer loop
   vertex -8.805 13.085 1.036
   vertex -8.805 13.085 1.111
   vertex -8.635 13.085 1.111
  endloop
 endfacet
  facet normal 0 0 0
    outer loop
   vertex -8.805 13.085 1.036
   vertex -8.635 13.085 1.111
   vertex -8.635 13.085 1.036
  endloop
 endfacet
  facet normal 0 0 0
    outer loop
   vertex -7.855 13.085 1.036
   vertex -7.855 13.085 1.111
   vertex -7.685 13.085 1.111
  endloop
 endfacet
  facet normal 0 0 0
    outer loop
   vertex -7.855 13.085 1.036
   vertex -7.685 13.085 1.111
   vertex -7.685 13.085 1.036
  endloop
 endfacet
  facet normal 0 0 0
    outer loop
   vertex -6.005 13.085 1.036
   vertex -6.005 13.085 1.111
   vertex -5.835 13.085 1.111
  endloop
 endfacet
  facet normal 0 0 0
    outer loop
   vertex -6.005 13.085 1.036
   vertex -5.835 13.085 1.111
   vertex -5.835 13.085 1.036
  endloop
 endfacet
  facet normal 0 0 0
    outer loop
   vertex -5.055 13.085 1.036
   vertex -5.055 13.085 1.111
   vertex -4.885 13.085 1.111
  endloop
 endfacet
  facet normal 0 0 0
    outer loop
   vertex -5.055 13.085 1.036
   vertex -4.885 13.085 1.111
   vertex -4.885 13.085 1.036
  endloop
 endfacet
  facet normal 0 0 0
    outer loop
   vertex -4.885 14.615 1.036
   vertex -4.885 14.615 1.111
   vertex -5.055 14.615 1.111
  endloop
 endfacet
  facet normal 0 0 0
    outer loop
   vertex -4.885 14.615 1.036
   vertex -5.055 14.615 1.111
   vertex -5.055 14.615 1.036
  endloop
 endfacet
  facet normal 0 0 0
    outer loop
   vertex -5.835 14.615 1.036
   vertex -5.835 14.615 1.111
   vertex -6.005 14.615 1.111
  endloop
 endfacet
  facet normal 0 0 0
    outer loop
   vertex -5.835 14.615 1.036
   vertex -6.005 14.615 1.111
   vertex -6.005 14.615 1.036
  endloop
 endfacet
  facet normal 0 0 0
    outer loop
   vertex -7.685 14.615 1.036
   vertex -7.685 14.615 1.111
   vertex -7.855 14.615 1.111
  endloop
 endfacet
  facet normal 0 0 0
    outer loop
   vertex -7.685 14.615 1.036
   vertex -7.855 14.615 1.111
   vertex -7.855 14.615 1.036
  endloop
 endfacet
  facet normal 0 0 0
    outer loop
   vertex -8.635 14.615 1.036
   vertex -8.635 14.615 1.111
   vertex -8.805 14.615 1.111
  endloop
 endfacet
  facet normal 0 0 0
    outer loop
   vertex -8.635 14.615 1.036
   vertex -8.805 14.615 1.111
   vertex -8.805 14.615 1.036
  endloop
 endfacet
  facet normal 0 0 0
    outer loop
   vertex -8.805 14.785 1.036
   vertex -8.805 14.785 1.111
   vertex -8.635 14.785 1.111
  endloop
 endfacet
  facet normal 0 0 0
    outer loop
   vertex -8.805 14.785 1.036
   vertex -8.635 14.785 1.111
   vertex -8.635 14.785 1.036
  endloop
 endfacet
  facet normal 0 0 0
    outer loop
   vertex -7.855 14.785 1.036
   vertex -7.855 14.785 1.111
   vertex -7.685 14.785 1.111
  endloop
 endfacet
  facet normal 0 0 0
    outer loop
   vertex -7.855 14.785 1.036
   vertex -7.685 14.785 1.111
   vertex -7.685 14.785 1.036
  endloop
 endfacet
  facet normal 0 0 0
    outer loop
   vertex -6.005 14.785 1.036
   vertex -6.005 14.785 1.111
   vertex -5.835 14.785 1.111
  endloop
 endfacet
  facet normal 0 0 0
    outer loop
   vertex -6.005 14.785 1.036
   vertex -5.835 14.785 1.111
   vertex -5.835 14.785 1.036
  endloop
 endfacet
  facet normal 0 0 0
    outer loop
   vertex -5.055 14.785 1.036
   vertex -5.055 14.785 1.111
   vertex -4.885 14.785 1.111
  endloop
 endfacet
  facet normal 0 0 0
    outer loop
   vertex -5.055 14.785 1.036
   vertex -4.885 14.785 1.111
   vertex -4.885 14.785 1.036
  endloop
 endfacet
  facet normal 0 0 0
    outer loop
   vertex -8.805 16.485 1.036
   vertex -8.805 16.485 1.111
   vertex -8.635 16.485 1.111
  endloop
 endfacet
  facet normal 0 0 0
    outer loop
   vertex -8.805 16.485 1.036
   vertex -8.635 16.485 1.111
   vertex -8.635 16.485 1.036
  endloop
 endfacet
  facet normal 0 0 0
    outer loop
   vertex -7.855 16.485 1.036
   vertex -7.855 16.485 1.111
   vertex -7.685 16.485 1.111
  endloop
 endfacet
  facet normal 0 0 0
    outer loop
   vertex -7.855 16.485 1.036
   vertex -7.685 16.485 1.111
   vertex -7.685 16.485 1.036
  endloop
 endfacet
  facet normal 0 0 0
    outer loop
   vertex -6.005 16.485 1.036
   vertex -6.005 16.485 1.111
   vertex -5.835 16.485 1.111
  endloop
 endfacet
  facet normal 0 0 0
    outer loop
   vertex -6.005 16.485 1.036
   vertex -5.835 16.485 1.111
   vertex -5.835 16.485 1.036
  endloop
 endfacet
  facet normal 0 0 0
    outer loop
   vertex -5.055 16.485 1.036
   vertex -5.055 16.485 1.111
   vertex -4.885 16.485 1.111
  endloop
 endfacet
  facet normal 0 0 0
    outer loop
   vertex -5.055 16.485 1.036
   vertex -4.885 16.485 1.111
   vertex -4.885 16.485 1.036
  endloop
 endfacet
  facet normal 0 0 0
    outer loop
   vertex -4.885 16.315 1.036
   vertex -4.885 16.315 1.111
   vertex -5.055 16.315 1.111
  endloop
 endfacet
  facet normal 0 0 0
    outer loop
   vertex -4.885 16.315 1.036
   vertex -5.055 16.315 1.111
   vertex -5.055 16.315 1.036
  endloop
 endfacet
  facet normal 0 0 0
    outer loop
   vertex -5.835 16.315 1.036
   vertex -5.835 16.315 1.111
   vertex -6.005 16.315 1.111
  endloop
 endfacet
  facet normal 0 0 0
    outer loop
   vertex -5.835 16.315 1.036
   vertex -6.005 16.315 1.111
   vertex -6.005 16.315 1.036
  endloop
 endfacet
  facet normal 0 0 0
    outer loop
   vertex -7.685 16.315 1.036
   vertex -7.685 16.315 1.111
   vertex -7.855 16.315 1.111
  endloop
 endfacet
  facet normal 0 0 0
    outer loop
   vertex -7.685 16.315 1.036
   vertex -7.855 16.315 1.111
   vertex -7.855 16.315 1.036
  endloop
 endfacet
  facet normal 0 0 0
    outer loop
   vertex -8.635 16.315 1.036
   vertex -8.635 16.315 1.111
   vertex -8.805 16.315 1.111
  endloop
 endfacet
  facet normal 0 0 0
    outer loop
   vertex -8.635 16.315 1.036
   vertex -8.805 16.315 1.111
   vertex -8.805 16.315 1.036
  endloop
 endfacet
  facet normal 0 0 0
    outer loop
   vertex -8.404 18.215 1.376
   vertex -8.635 18.245 1.376
   vertex -8.635 18.95 1.376
  endloop
 endfacet
  facet normal 0 0 0
    outer loop
   vertex -8.086 18.215 1.376
   vertex -7.855 18.95 1.376
   vertex -7.855 18.245 1.376
  endloop
 endfacet
  facet normal 0 0 0
    outer loop
   vertex -8.404 18.215 1.376
   vertex -7.855 18.95 1.376
   vertex -8.086 18.215 1.376
  endloop
 endfacet
  facet normal 0 0 0
    outer loop
   vertex -8.404 18.215 1.376
   vertex -8.635 18.95 1.376
   vertex -7.855 18.95 1.376
  endloop
 endfacet
  facet normal 0 0 0
    outer loop
   vertex -5.604 18.215 1.376
   vertex -5.835 18.245 1.376
   vertex -5.835 18.95 1.376
  endloop
 endfacet
  facet normal 0 0 0
    outer loop
   vertex -5.286 18.215 1.376
   vertex -5.055 18.95 1.376
   vertex -5.055 18.245 1.376
  endloop
 endfacet
  facet normal 0 0 0
    outer loop
   vertex -5.604 18.215 1.376
   vertex -5.055 18.95 1.376
   vertex -5.286 18.215 1.376
  endloop
 endfacet
  facet normal 0 0 0
    outer loop
   vertex -5.604 18.215 1.376
   vertex -5.835 18.95 1.376
   vertex -5.055 18.95 1.376
  endloop
 endfacet
  facet normal 0 0 0
    outer loop
   vertex -6.005 19.885 1.376
   vertex -5.835 19.945 1.376
   vertex -5.835 19.885 1.376
  endloop
 endfacet
  facet normal 0 0 0
    outer loop
   vertex -6.005 19.885 1.376
   vertex -6.065 19.945 1.376
   vertex -5.835 19.945 1.376
  endloop
 endfacet
  facet normal 0 0 0
    outer loop
   vertex -6.065 21.355 1.376
   vertex -6.005 21.415 1.376
   vertex -5.835 21.355 1.376
  endloop
 endfacet
  facet normal 0 0 0
    outer loop
   vertex -5.835 21.355 1.376
   vertex -6.005 21.415 1.376
   vertex -5.835 21.415 1.376
  endloop
 endfacet
  facet normal 0 0 0
    outer loop
   vertex -6.005 21.585 1.376
   vertex -5.835 21.645 1.376
   vertex -5.835 21.585 1.376
  endloop
 endfacet
  facet normal 0 0 0
    outer loop
   vertex -6.005 21.585 1.376
   vertex -6.065 21.645 1.376
   vertex -5.835 21.645 1.376
  endloop
 endfacet
  facet normal 0 0 0
    outer loop
   vertex -6.065 23.055 1.376
   vertex -6.005 23.115 1.376
   vertex -5.835 23.055 1.376
  endloop
 endfacet
  facet normal 0 0 0
    outer loop
   vertex -5.835 23.055 1.376
   vertex -6.005 23.115 1.376
   vertex -5.835 23.115 1.376
  endloop
 endfacet
  facet normal 0 0 0
    outer loop
   vertex -6.005 23.285 1.376
   vertex -5.835 23.345 1.376
   vertex -5.835 23.285 1.376
  endloop
 endfacet
  facet normal 0 0 0
    outer loop
   vertex -6.005 23.285 1.376
   vertex -6.065 23.345 1.376
   vertex -5.835 23.345 1.376
  endloop
 endfacet
  facet normal 0 0 0
    outer loop
   vertex -6.065 24.755 1.376
   vertex -6.005 24.815 1.376
   vertex -5.835 24.755 1.376
  endloop
 endfacet
  facet normal 0 0 0
    outer loop
   vertex -5.835 24.755 1.376
   vertex -6.005 24.815 1.376
   vertex -5.835 24.815 1.376
  endloop
 endfacet
  facet normal 0 0 0
    outer loop
   vertex -6.005 24.985 1.376
   vertex -5.835 25.045 1.376
   vertex -5.835 24.985 1.376
  endloop
 endfacet
  facet normal 0 0 0
    outer loop
   vertex -6.005 24.985 1.376
   vertex -6.065 25.045 1.376
   vertex -5.835 25.045 1.376
  endloop
 endfacet
  facet normal 0 0 0
    outer loop
   vertex -5.604 21.615 1.376
   vertex -5.835 21.645 1.376
   vertex -5.835 22.35 1.376
  endloop
 endfacet
  facet normal 0 0 0
    outer loop
   vertex -6.065 19.655 1.376
   vertex -6.005 19.715 1.376
   vertex -5.835 19.655 1.376
  endloop
 endfacet
  facet normal 0 0 0
    outer loop
   vertex -5.835 19.655 1.376
   vertex -6.005 19.715 1.376
   vertex -5.835 19.715 1.376
  endloop
 endfacet
  facet normal 0 0 0
    outer loop
   vertex -5.286 21.615 1.376
   vertex -5.055 22.35 1.376
   vertex -5.055 21.645 1.376
  endloop
 endfacet
  facet normal 0 0 0
    outer loop
   vertex -5.604 21.615 1.376
   vertex -5.055 22.35 1.376
   vertex -5.286 21.615 1.376
  endloop
 endfacet
  facet normal 0 0 0
    outer loop
   vertex -5.604 21.615 1.376
   vertex -5.835 22.35 1.376
   vertex -5.055 22.35 1.376
  endloop
 endfacet
  facet normal 0 0 0
    outer loop
   vertex -4.825 24.755 1.376
   vertex -4.885 24.815 1.376
   vertex -4.825 25.045 1.376
  endloop
 endfacet
  facet normal 0 0 0
    outer loop
   vertex -5.055 24.755 1.376
   vertex -4.885 24.815 1.376
   vertex -4.825 24.755 1.376
  endloop
 endfacet
  facet normal 0 0 0
    outer loop
   vertex -5.055 24.755 1.376
   vertex -5.055 24.815 1.376
   vertex -4.885 24.815 1.376
  endloop
 endfacet
  facet normal 0 0 0
    outer loop
   vertex -4.885 24.985 1.376
   vertex -5.055 25.045 1.376
   vertex -4.825 25.045 1.376
  endloop
 endfacet
  facet normal 0 0 0
    outer loop
   vertex -4.885 24.815 1.376
   vertex -4.885 24.985 1.376
   vertex -4.825 25.045 1.376
  endloop
 endfacet
  facet normal 0 0 0
    outer loop
   vertex -5.055 24.985 1.376
   vertex -5.055 25.045 1.376
   vertex -4.885 24.985 1.376
  endloop
 endfacet
  facet normal 0 0 0
    outer loop
   vertex -5.055 23.055 1.376
   vertex -5.249 23.085 1.376
   vertex -5.055 23.115 1.376
  endloop
 endfacet
  facet normal 0 0 0
    outer loop
   vertex -5.249 23.085 1.376
   vertex -5.055 23.285 1.376
   vertex -5.055 23.115 1.376
  endloop
 endfacet
  facet normal 0 0 0
    outer loop
   vertex -5.835 23.055 1.376
   vertex -5.835 23.115 1.376
   vertex -5.641 23.085 1.376
  endloop
 endfacet
  facet normal 0 0 0
    outer loop
   vertex -5.641 23.085 1.376
   vertex -5.835 23.115 1.376
   vertex -5.835 23.285 1.376
  endloop
 endfacet
  facet normal 0 0 0
    outer loop
   vertex -5.055 24.755 1.376
   vertex -5.249 24.785 1.376
   vertex -5.055 24.815 1.376
  endloop
 endfacet
  facet normal 0 0 0
    outer loop
   vertex -5.249 24.785 1.376
   vertex -5.055 24.985 1.376
   vertex -5.055 24.815 1.376
  endloop
 endfacet
  facet normal 0 0 0
    outer loop
   vertex -5.835 24.755 1.376
   vertex -5.835 24.815 1.376
   vertex -5.641 24.785 1.376
  endloop
 endfacet
  facet normal 0 0 0
    outer loop
   vertex -5.641 24.785 1.376
   vertex -5.835 24.815 1.376
   vertex -5.835 24.985 1.376
  endloop
 endfacet
  facet normal 0 0 0
    outer loop
   vertex -5.445 23.085 1.376
   vertex -5.286 23.315 1.376
   vertex -5.249 23.085 1.376
  endloop
 endfacet
  facet normal 0 0 0
    outer loop
   vertex -5.055 23.285 1.376
   vertex -5.286 23.315 1.376
   vertex -5.055 23.345 1.376
  endloop
 endfacet
  facet normal 0 0 0
    outer loop
   vertex -5.249 23.085 1.376
   vertex -5.286 23.315 1.376
   vertex -5.055 23.285 1.376
  endloop
 endfacet
  facet normal 0 0 0
    outer loop
   vertex -5.835 23.285 1.376
   vertex -5.835 23.345 1.376
   vertex -5.604 23.315 1.376
  endloop
 endfacet
  facet normal 0 0 0
    outer loop
   vertex -5.641 23.085 1.376
   vertex -5.835 23.285 1.376
   vertex -5.604 23.315 1.376
  endloop
 endfacet
  facet normal 0 0 0
    outer loop
   vertex -5.641 23.085 1.376
   vertex -5.604 23.315 1.376
   vertex -5.445 23.085 1.376
  endloop
 endfacet
  facet normal 0 0 0
    outer loop
   vertex -5.445 23.085 1.376
   vertex -5.604 23.315 1.376
   vertex -5.286 23.315 1.376
  endloop
 endfacet
  facet normal 0 0 0
    outer loop
   vertex -5.445 24.785 1.376
   vertex -5.286 25.015 1.376
   vertex -5.249 24.785 1.376
  endloop
 endfacet
  facet normal 0 0 0
    outer loop
   vertex -5.055 24.985 1.376
   vertex -5.286 25.015 1.376
   vertex -5.055 25.045 1.376
  endloop
 endfacet
  facet normal 0 0 0
    outer loop
   vertex -5.249 24.785 1.376
   vertex -5.286 25.015 1.376
   vertex -5.055 24.985 1.376
  endloop
 endfacet
  facet normal 0 0 0
    outer loop
   vertex -5.835 24.985 1.376
   vertex -5.835 25.045 1.376
   vertex -5.604 25.015 1.376
  endloop
 endfacet
  facet normal 0 0 0
    outer loop
   vertex -5.641 24.785 1.376
   vertex -5.835 24.985 1.376
   vertex -5.604 25.015 1.376
  endloop
 endfacet
  facet normal 0 0 0
    outer loop
   vertex -5.641 24.785 1.376
   vertex -5.604 25.015 1.376
   vertex -5.445 24.785 1.376
  endloop
 endfacet
  facet normal 0 0 0
    outer loop
   vertex -5.445 24.785 1.376
   vertex -5.604 25.015 1.376
   vertex -5.286 25.015 1.376
  endloop
 endfacet
  facet normal 0 0 0
    outer loop
   vertex -5.235 25.528 1.376
   vertex -5.835 26.01 1.376
   vertex -5.055 26.01 1.376
  endloop
 endfacet
  facet normal 0 0 0
    outer loop
   vertex -5.055 25.045 1.376
   vertex -5.235 25.528 1.376
   vertex -5.055 26.01 1.376
  endloop
 endfacet
  facet normal 0 0 0
    outer loop
   vertex -5.286 25.015 1.376
   vertex -5.235 25.528 1.376
   vertex -5.055 25.045 1.376
  endloop
 endfacet
  facet normal 0 0 0
    outer loop
   vertex -5.604 25.015 1.376
   vertex -5.235 25.528 1.376
   vertex -5.286 25.015 1.376
  endloop
 endfacet
  facet normal 0 0 0
    outer loop
   vertex -5.835 25.045 1.376
   vertex -5.835 26.01 1.376
   vertex -5.235 25.528 1.376
  endloop
 endfacet
  facet normal 0 0 0
    outer loop
   vertex -5.604 25.015 1.376
   vertex -5.835 25.045 1.376
   vertex -5.235 25.528 1.376
  endloop
 endfacet
  facet normal 0 0 0
    outer loop
   vertex -4.885 23.115 1.376
   vertex -4.885 23.285 1.376
   vertex -4.825 23.345 1.376
  endloop
 endfacet
  facet normal 0 0 0
    outer loop
   vertex -5.604 23.315 1.376
   vertex -5.835 23.345 1.376
   vertex -5.835 24.05 1.376
  endloop
 endfacet
  facet normal 0 0 0
    outer loop
   vertex -5.055 23.285 1.376
   vertex -5.055 23.345 1.376
   vertex -4.885 23.285 1.376
  endloop
 endfacet
  facet normal 0 0 0
    outer loop
   vertex -4.825 23.055 1.376
   vertex -4.885 23.115 1.376
   vertex -4.825 23.345 1.376
  endloop
 endfacet
  facet normal 0 0 0
    outer loop
   vertex -5.055 23.055 1.376
   vertex -4.885 23.115 1.376
   vertex -4.825 23.055 1.376
  endloop
 endfacet
  facet normal 0 0 0
    outer loop
   vertex -5.055 23.055 1.376
   vertex -5.055 23.115 1.376
   vertex -4.885 23.115 1.376
  endloop
 endfacet
  facet normal 0 0 0
    outer loop
   vertex -4.885 23.285 1.376
   vertex -5.055 23.345 1.376
   vertex -4.825 23.345 1.376
  endloop
 endfacet
  facet normal 0 0 0
    outer loop
   vertex -5.286 23.315 1.376
   vertex -5.055 24.05 1.376
   vertex -5.055 23.345 1.376
  endloop
 endfacet
  facet normal 0 0 0
    outer loop
   vertex -5.604 23.315 1.376
   vertex -5.055 24.05 1.376
   vertex -5.286 23.315 1.376
  endloop
 endfacet
  facet normal 0 0 0
    outer loop
   vertex -5.604 23.315 1.376
   vertex -5.835 24.05 1.376
   vertex -5.055 24.05 1.376
  endloop
 endfacet
  facet normal 0 0 0
    outer loop
   vertex -5.835 22.35 1.376
   vertex -5.347 22.666 1.376
   vertex -5.055 22.35 1.376
  endloop
 endfacet
  facet normal 0 0 0
    outer loop
   vertex -5.347 22.666 1.376
   vertex -5.445 23.085 1.376
   vertex -5.249 23.085 1.376
  endloop
 endfacet
  facet normal 0 0 0
    outer loop
   vertex -5.347 22.666 1.376
   vertex -5.641 23.085 1.376
   vertex -5.445 23.085 1.376
  endloop
 endfacet
  facet normal 0 0 0
    outer loop
   vertex -5.055 22.35 1.376
   vertex -5.347 22.666 1.376
   vertex -5.055 23.055 1.376
  endloop
 endfacet
  facet normal 0 0 0
    outer loop
   vertex -5.347 22.666 1.376
   vertex -5.249 23.085 1.376
   vertex -5.055 23.055 1.376
  endloop
 endfacet
  facet normal 0 0 0
    outer loop
   vertex -5.835 22.35 1.376
   vertex -5.835 23.055 1.376
   vertex -5.347 22.666 1.376
  endloop
 endfacet
  facet normal 0 0 0
    outer loop
   vertex -5.347 22.666 1.376
   vertex -5.835 23.055 1.376
   vertex -5.641 23.085 1.376
  endloop
 endfacet
  facet normal 0 0 0
    outer loop
   vertex -5.835 24.05 1.376
   vertex -5.347 24.366 1.376
   vertex -5.055 24.05 1.376
  endloop
 endfacet
  facet normal 0 0 0
    outer loop
   vertex -5.347 24.366 1.376
   vertex -5.445 24.785 1.376
   vertex -5.249 24.785 1.376
  endloop
 endfacet
  facet normal 0 0 0
    outer loop
   vertex -5.347 24.366 1.376
   vertex -5.641 24.785 1.376
   vertex -5.445 24.785 1.376
  endloop
 endfacet
  facet normal 0 0 0
    outer loop
   vertex -5.055 24.05 1.376
   vertex -5.347 24.366 1.376
   vertex -5.055 24.755 1.376
  endloop
 endfacet
  facet normal 0 0 0
    outer loop
   vertex -5.347 24.366 1.376
   vertex -5.249 24.785 1.376
   vertex -5.055 24.755 1.376
  endloop
 endfacet
  facet normal 0 0 0
    outer loop
   vertex -5.835 24.05 1.376
   vertex -5.835 24.755 1.376
   vertex -5.347 24.366 1.376
  endloop
 endfacet
  facet normal 0 0 0
    outer loop
   vertex -5.347 24.366 1.376
   vertex -5.835 24.755 1.376
   vertex -5.641 24.785 1.376
  endloop
 endfacet
  facet normal 0 0 0
    outer loop
   vertex -6.065 24.755 1.376
   vertex -6.065 25.045 1.376
   vertex -6.005 24.815 1.376
  endloop
 endfacet
  facet normal 0 0 0
    outer loop
   vertex -6.065 23.055 1.376
   vertex -6.065 23.345 1.376
   vertex -6.005 23.115 1.376
  endloop
 endfacet
  facet normal 0 0 0
    outer loop
   vertex -6.005 23.115 1.376
   vertex -6.065 23.345 1.376
   vertex -6.005 23.285 1.376
  endloop
 endfacet
  facet normal 0 0 0
    outer loop
   vertex -6.005 24.815 1.376
   vertex -6.065 25.045 1.376
   vertex -6.005 24.985 1.376
  endloop
 endfacet
  facet normal 0 0 0
    outer loop
   vertex -6.005 21.415 1.376
   vertex -6.065 21.645 1.376
   vertex -6.005 21.585 1.376
  endloop
 endfacet
  facet normal 0 0 0
    outer loop
   vertex -6.065 19.655 1.376
   vertex -6.065 19.945 1.376
   vertex -6.005 19.715 1.376
  endloop
 endfacet
  facet normal 0 0 0
    outer loop
   vertex -6.065 21.355 1.376
   vertex -6.065 21.645 1.376
   vertex -6.005 21.415 1.376
  endloop
 endfacet
  facet normal 0 0 0
    outer loop
   vertex -6.005 19.715 1.376
   vertex -6.065 19.945 1.376
   vertex -6.005 19.885 1.376
  endloop
 endfacet
  facet normal 0 0 0
    outer loop
   vertex -4.825 19.655 1.376
   vertex -4.885 19.715 1.376
   vertex -4.825 19.945 1.376
  endloop
 endfacet
  facet normal 0 0 0
    outer loop
   vertex -5.055 19.655 1.376
   vertex -4.885 19.715 1.376
   vertex -4.825 19.655 1.376
  endloop
 endfacet
  facet normal 0 0 0
    outer loop
   vertex -5.055 19.655 1.376
   vertex -5.055 19.715 1.376
   vertex -4.885 19.715 1.376
  endloop
 endfacet
  facet normal 0 0 0
    outer loop
   vertex -4.885 19.885 1.376
   vertex -5.055 19.945 1.376
   vertex -4.825 19.945 1.376
  endloop
 endfacet
  facet normal 0 0 0
    outer loop
   vertex -4.885 19.715 1.376
   vertex -4.885 19.885 1.376
   vertex -4.825 19.945 1.376
  endloop
 endfacet
  facet normal 0 0 0
    outer loop
   vertex -5.055 19.885 1.376
   vertex -5.055 19.945 1.376
   vertex -4.885 19.885 1.376
  endloop
 endfacet
  facet normal 0 0 0
    outer loop
   vertex -4.825 21.355 1.376
   vertex -4.885 21.415 1.376
   vertex -4.825 21.645 1.376
  endloop
 endfacet
  facet normal 0 0 0
    outer loop
   vertex -5.055 21.355 1.376
   vertex -4.885 21.415 1.376
   vertex -4.825 21.355 1.376
  endloop
 endfacet
  facet normal 0 0 0
    outer loop
   vertex -5.445 19.685 1.376
   vertex -5.286 19.915 1.376
   vertex -5.249 19.685 1.376
  endloop
 endfacet
  facet normal 0 0 0
    outer loop
   vertex -5.604 19.915 1.376
   vertex -5.835 19.945 1.376
   vertex -5.835 20.65 1.376
  endloop
 endfacet
  facet normal 0 0 0
    outer loop
   vertex -5.055 19.885 1.376
   vertex -5.286 19.915 1.376
   vertex -5.055 19.945 1.376
  endloop
 endfacet
  facet normal 0 0 0
    outer loop
   vertex -5.249 19.685 1.376
   vertex -5.286 19.915 1.376
   vertex -5.055 19.885 1.376
  endloop
 endfacet
  facet normal 0 0 0
    outer loop
   vertex -5.835 19.885 1.376
   vertex -5.835 19.945 1.376
   vertex -5.604 19.915 1.376
  endloop
 endfacet
  facet normal 0 0 0
    outer loop
   vertex -5.641 19.685 1.376
   vertex -5.835 19.885 1.376
   vertex -5.604 19.915 1.376
  endloop
 endfacet
  facet normal 0 0 0
    outer loop
   vertex -5.641 19.685 1.376
   vertex -5.604 19.915 1.376
   vertex -5.445 19.685 1.376
  endloop
 endfacet
  facet normal 0 0 0
    outer loop
   vertex -5.286 19.915 1.376
   vertex -5.055 20.65 1.376
   vertex -5.055 19.945 1.376
  endloop
 endfacet
  facet normal 0 0 0
    outer loop
   vertex -5.604 19.915 1.376
   vertex -5.055 20.65 1.376
   vertex -5.286 19.915 1.376
  endloop
 endfacet
  facet normal 0 0 0
    outer loop
   vertex -5.604 19.915 1.376
   vertex -5.835 20.65 1.376
   vertex -5.055 20.65 1.376
  endloop
 endfacet
  facet normal 0 0 0
    outer loop
   vertex -5.445 19.685 1.376
   vertex -5.604 19.915 1.376
   vertex -5.286 19.915 1.376
  endloop
 endfacet
  facet normal 0 0 0
    outer loop
   vertex -5.445 21.385 1.376
   vertex -5.286 21.615 1.376
   vertex -5.249 21.385 1.376
  endloop
 endfacet
  facet normal 0 0 0
    outer loop
   vertex -5.055 21.585 1.376
   vertex -5.286 21.615 1.376
   vertex -5.055 21.645 1.376
  endloop
 endfacet
  facet normal 0 0 0
    outer loop
   vertex -5.249 21.385 1.376
   vertex -5.286 21.615 1.376
   vertex -5.055 21.585 1.376
  endloop
 endfacet
  facet normal 0 0 0
    outer loop
   vertex -5.835 21.585 1.376
   vertex -5.835 21.645 1.376
   vertex -5.604 21.615 1.376
  endloop
 endfacet
  facet normal 0 0 0
    outer loop
   vertex -5.641 21.385 1.376
   vertex -5.835 21.585 1.376
   vertex -5.604 21.615 1.376
  endloop
 endfacet
  facet normal 0 0 0
    outer loop
   vertex -5.835 18.95 1.376
   vertex -5.347 19.266 1.376
   vertex -5.055 18.95 1.376
  endloop
 endfacet
  facet normal 0 0 0
    outer loop
   vertex -5.347 19.266 1.376
   vertex -5.445 19.685 1.376
   vertex -5.249 19.685 1.376
  endloop
 endfacet
  facet normal 0 0 0
    outer loop
   vertex -5.347 19.266 1.376
   vertex -5.641 19.685 1.376
   vertex -5.445 19.685 1.376
  endloop
 endfacet
  facet normal 0 0 0
    outer loop
   vertex -5.055 18.95 1.376
   vertex -5.347 19.266 1.376
   vertex -5.055 19.655 1.376
  endloop
 endfacet
  facet normal 0 0 0
    outer loop
   vertex -5.347 19.266 1.376
   vertex -5.249 19.685 1.376
   vertex -5.055 19.655 1.376
  endloop
 endfacet
  facet normal 0 0 0
    outer loop
   vertex -5.835 18.95 1.376
   vertex -5.835 19.655 1.376
   vertex -5.347 19.266 1.376
  endloop
 endfacet
  facet normal 0 0 0
    outer loop
   vertex -5.347 19.266 1.376
   vertex -5.835 19.655 1.376
   vertex -5.641 19.685 1.376
  endloop
 endfacet
  facet normal 0 0 0
    outer loop
   vertex -5.835 20.65 1.376
   vertex -5.347 20.966 1.376
   vertex -5.055 20.65 1.376
  endloop
 endfacet
  facet normal 0 0 0
    outer loop
   vertex -5.347 20.966 1.376
   vertex -5.445 21.385 1.376
   vertex -5.249 21.385 1.376
  endloop
 endfacet
  facet normal 0 0 0
    outer loop
   vertex -5.347 20.966 1.376
   vertex -5.641 21.385 1.376
   vertex -5.445 21.385 1.376
  endloop
 endfacet
  facet normal 0 0 0
    outer loop
   vertex -5.055 20.65 1.376
   vertex -5.347 20.966 1.376
   vertex -5.055 21.355 1.376
  endloop
 endfacet
  facet normal 0 0 0
    outer loop
   vertex -5.347 20.966 1.376
   vertex -5.249 21.385 1.376
   vertex -5.055 21.355 1.376
  endloop
 endfacet
  facet normal 0 0 0
    outer loop
   vertex -5.835 20.65 1.376
   vertex -5.835 21.355 1.376
   vertex -5.347 20.966 1.376
  endloop
 endfacet
  facet normal 0 0 0
    outer loop
   vertex -5.347 20.966 1.376
   vertex -5.835 21.355 1.376
   vertex -5.641 21.385 1.376
  endloop
 endfacet
  facet normal 0 0 0
    outer loop
   vertex -5.641 21.385 1.376
   vertex -5.604 21.615 1.376
   vertex -5.445 21.385 1.376
  endloop
 endfacet
  facet normal 0 0 0
    outer loop
   vertex -5.445 21.385 1.376
   vertex -5.604 21.615 1.376
   vertex -5.286 21.615 1.376
  endloop
 endfacet
  facet normal 0 0 0
    outer loop
   vertex -5.055 21.355 1.376
   vertex -5.055 21.415 1.376
   vertex -4.885 21.415 1.376
  endloop
 endfacet
  facet normal 0 0 0
    outer loop
   vertex -4.885 21.415 1.376
   vertex -4.885 21.585 1.376
   vertex -4.825 21.645 1.376
  endloop
 endfacet
  facet normal 0 0 0
    outer loop
   vertex -4.885 21.585 1.376
   vertex -5.055 21.645 1.376
   vertex -4.825 21.645 1.376
  endloop
 endfacet
  facet normal 0 0 0
    outer loop
   vertex -5.055 21.585 1.376
   vertex -5.055 21.645 1.376
   vertex -4.885 21.585 1.376
  endloop
 endfacet
  facet normal 0 0 0
    outer loop
   vertex -5.055 19.655 1.376
   vertex -5.249 19.685 1.376
   vertex -5.055 19.715 1.376
  endloop
 endfacet
  facet normal 0 0 0
    outer loop
   vertex -5.249 19.685 1.376
   vertex -5.055 19.885 1.376
   vertex -5.055 19.715 1.376
  endloop
 endfacet
  facet normal 0 0 0
    outer loop
   vertex -5.835 19.655 1.376
   vertex -5.835 19.715 1.376
   vertex -5.641 19.685 1.376
  endloop
 endfacet
  facet normal 0 0 0
    outer loop
   vertex -5.641 19.685 1.376
   vertex -5.835 19.715 1.376
   vertex -5.835 19.885 1.376
  endloop
 endfacet
  facet normal 0 0 0
    outer loop
   vertex -5.055 21.355 1.376
   vertex -5.249 21.385 1.376
   vertex -5.055 21.415 1.376
  endloop
 endfacet
  facet normal 0 0 0
    outer loop
   vertex -5.249 21.385 1.376
   vertex -5.055 21.585 1.376
   vertex -5.055 21.415 1.376
  endloop
 endfacet
  facet normal 0 0 0
    outer loop
   vertex -5.835 21.355 1.376
   vertex -5.835 21.415 1.376
   vertex -5.641 21.385 1.376
  endloop
 endfacet
  facet normal 0 0 0
    outer loop
   vertex -5.641 21.385 1.376
   vertex -5.835 21.415 1.376
   vertex -5.835 21.585 1.376
  endloop
 endfacet
  facet normal 0 0 0
    outer loop
   vertex -8.441 19.685 1.376
   vertex -8.404 19.915 1.376
   vertex -8.245 19.685 1.376
  endloop
 endfacet
  facet normal 0 0 0
    outer loop
   vertex -8.245 19.685 1.376
   vertex -8.404 19.915 1.376
   vertex -8.086 19.915 1.376
  endloop
 endfacet
  facet normal 0 0 0
    outer loop
   vertex -8.441 21.385 1.376
   vertex -8.404 21.615 1.376
   vertex -8.245 21.385 1.376
  endloop
 endfacet
  facet normal 0 0 0
    outer loop
   vertex -8.245 21.385 1.376
   vertex -8.404 21.615 1.376
   vertex -8.086 21.615 1.376
  endloop
 endfacet
  facet normal 0 0 0
    outer loop
   vertex -8.441 23.085 1.376
   vertex -8.404 23.315 1.376
   vertex -8.245 23.085 1.376
  endloop
 endfacet
  facet normal 0 0 0
    outer loop
   vertex -8.245 23.085 1.376
   vertex -8.404 23.315 1.376
   vertex -8.086 23.315 1.376
  endloop
 endfacet
  facet normal 0 0 0
    outer loop
   vertex -8.441 24.785 1.376
   vertex -8.404 25.015 1.376
   vertex -8.245 24.785 1.376
  endloop
 endfacet
  facet normal 0 0 0
    outer loop
   vertex -8.245 24.785 1.376
   vertex -8.404 25.015 1.376
   vertex -8.086 25.015 1.376
  endloop
 endfacet
  facet normal 0 0 0
    outer loop
   vertex -8.035 25.528 1.376
   vertex -8.635 26.01 1.376
   vertex -7.855 26.01 1.376
  endloop
 endfacet
  facet normal 0 0 0
    outer loop
   vertex -8.404 25.015 1.376
   vertex -8.035 25.528 1.376
   vertex -8.086 25.015 1.376
  endloop
 endfacet
  facet normal 0 0 0
    outer loop
   vertex -8.635 25.045 1.376
   vertex -8.635 26.01 1.376
   vertex -8.035 25.528 1.376
  endloop
 endfacet
  facet normal 0 0 0
    outer loop
   vertex -8.404 25.015 1.376
   vertex -8.635 25.045 1.376
   vertex -8.035 25.528 1.376
  endloop
 endfacet
  facet normal 0 0 0
    outer loop
   vertex -8.404 21.615 1.376
   vertex -8.635 21.645 1.376
   vertex -8.635 22.35 1.376
  endloop
 endfacet
  facet normal 0 0 0
    outer loop
   vertex -8.404 19.915 1.376
   vertex -7.855 20.65 1.376
   vertex -8.086 19.915 1.376
  endloop
 endfacet
  facet normal 0 0 0
    outer loop
   vertex -8.404 19.915 1.376
   vertex -8.635 20.65 1.376
   vertex -7.855 20.65 1.376
  endloop
 endfacet
  facet normal 0 0 0
    outer loop
   vertex -8.086 21.615 1.376
   vertex -7.855 22.35 1.376
   vertex -7.855 21.645 1.376
  endloop
 endfacet
  facet normal 0 0 0
    outer loop
   vertex -8.404 21.615 1.376
   vertex -7.855 22.35 1.376
   vertex -8.086 21.615 1.376
  endloop
 endfacet
  facet normal 0 0 0
    outer loop
   vertex -8.404 21.615 1.376
   vertex -8.635 22.35 1.376
   vertex -7.855 22.35 1.376
  endloop
 endfacet
  facet normal 0 0 0
    outer loop
   vertex -8.404 23.315 1.376
   vertex -7.855 24.05 1.376
   vertex -8.086 23.315 1.376
  endloop
 endfacet
  facet normal 0 0 0
    outer loop
   vertex -8.404 23.315 1.376
   vertex -8.635 24.05 1.376
   vertex -7.855 24.05 1.376
  endloop
 endfacet
  facet normal 0 0 0
    outer loop
   vertex -8.635 18.95 1.376
   vertex -8.147 19.266 1.376
   vertex -7.855 18.95 1.376
  endloop
 endfacet
  facet normal 0 0 0
    outer loop
   vertex -8.147 19.266 1.376
   vertex -8.441 19.685 1.376
   vertex -8.245 19.685 1.376
  endloop
 endfacet
  facet normal 0 0 0
    outer loop
   vertex -8.635 18.95 1.376
   vertex -8.635 19.655 1.376
   vertex -8.147 19.266 1.376
  endloop
 endfacet
  facet normal 0 0 0
    outer loop
   vertex -8.147 19.266 1.376
   vertex -8.635 19.655 1.376
   vertex -8.441 19.685 1.376
  endloop
 endfacet
  facet normal 0 0 0
    outer loop
   vertex -8.635 20.65 1.376
   vertex -8.147 20.966 1.376
   vertex -7.855 20.65 1.376
  endloop
 endfacet
  facet normal 0 0 0
    outer loop
   vertex -8.147 20.966 1.376
   vertex -8.441 21.385 1.376
   vertex -8.245 21.385 1.376
  endloop
 endfacet
  facet normal 0 0 0
    outer loop
   vertex -8.635 20.65 1.376
   vertex -8.635 21.355 1.376
   vertex -8.147 20.966 1.376
  endloop
 endfacet
  facet normal 0 0 0
    outer loop
   vertex -8.147 20.966 1.376
   vertex -8.635 21.355 1.376
   vertex -8.441 21.385 1.376
  endloop
 endfacet
  facet normal 0 0 0
    outer loop
   vertex -8.635 22.35 1.376
   vertex -8.147 22.666 1.376
   vertex -7.855 22.35 1.376
  endloop
 endfacet
  facet normal 0 0 0
    outer loop
   vertex -8.147 22.666 1.376
   vertex -8.441 23.085 1.376
   vertex -8.245 23.085 1.376
  endloop
 endfacet
  facet normal 0 0 0
    outer loop
   vertex -8.635 22.35 1.376
   vertex -8.635 23.055 1.376
   vertex -8.147 22.666 1.376
  endloop
 endfacet
  facet normal 0 0 0
    outer loop
   vertex -8.147 22.666 1.376
   vertex -8.635 23.055 1.376
   vertex -8.441 23.085 1.376
  endloop
 endfacet
  facet normal 0 0 0
    outer loop
   vertex -8.635 24.05 1.376
   vertex -8.147 24.366 1.376
   vertex -7.855 24.05 1.376
  endloop
 endfacet
  facet normal 0 0 0
    outer loop
   vertex -8.147 24.366 1.376
   vertex -8.441 24.785 1.376
   vertex -8.245 24.785 1.376
  endloop
 endfacet
  facet normal 0 0 0
    outer loop
   vertex -8.635 24.05 1.376
   vertex -8.635 24.755 1.376
   vertex -8.147 24.366 1.376
  endloop
 endfacet
  facet normal 0 0 0
    outer loop
   vertex -8.147 24.366 1.376
   vertex -8.635 24.755 1.376
   vertex -8.441 24.785 1.376
  endloop
 endfacet
  facet normal 0 0 0
    outer loop
   vertex -7.855 23.055 1.376
   vertex -8.049 23.085 1.376
   vertex -7.855 23.115 1.376
  endloop
 endfacet
  facet normal 0 0 0
    outer loop
   vertex -8.049 23.085 1.376
   vertex -7.855 23.285 1.376
   vertex -7.855 23.115 1.376
  endloop
 endfacet
  facet normal 0 0 0
    outer loop
   vertex -7.855 24.755 1.376
   vertex -8.049 24.785 1.376
   vertex -7.855 24.815 1.376
  endloop
 endfacet
  facet normal 0 0 0
    outer loop
   vertex -8.049 24.785 1.376
   vertex -7.855 24.985 1.376
   vertex -7.855 24.815 1.376
  endloop
 endfacet
  facet normal 0 0 0
    outer loop
   vertex -7.625 23.055 1.376
   vertex -7.685 23.115 1.376
   vertex -7.625 23.345 1.376
  endloop
 endfacet
  facet normal 0 0 0
    outer loop
   vertex -7.855 23.055 1.376
   vertex -7.685 23.115 1.376
   vertex -7.625 23.055 1.376
  endloop
 endfacet
  facet normal 0 0 0
    outer loop
   vertex -8.086 23.315 1.376
   vertex -7.855 24.05 1.376
   vertex -7.855 23.345 1.376
  endloop
 endfacet
  facet normal 0 0 0
    outer loop
   vertex -7.855 23.055 1.376
   vertex -7.855 23.115 1.376
   vertex -7.685 23.115 1.376
  endloop
 endfacet
  facet normal 0 0 0
    outer loop
   vertex -7.685 23.285 1.376
   vertex -7.855 23.345 1.376
   vertex -7.625 23.345 1.376
  endloop
 endfacet
  facet normal 0 0 0
    outer loop
   vertex -8.245 23.085 1.376
   vertex -8.086 23.315 1.376
   vertex -8.049 23.085 1.376
  endloop
 endfacet
  facet normal 0 0 0
    outer loop
   vertex -7.855 23.285 1.376
   vertex -8.086 23.315 1.376
   vertex -7.855 23.345 1.376
  endloop
 endfacet
  facet normal 0 0 0
    outer loop
   vertex -8.049 23.085 1.376
   vertex -8.086 23.315 1.376
   vertex -7.855 23.285 1.376
  endloop
 endfacet
  facet normal 0 0 0
    outer loop
   vertex -7.685 23.115 1.376
   vertex -7.685 23.285 1.376
   vertex -7.625 23.345 1.376
  endloop
 endfacet
  facet normal 0 0 0
    outer loop
   vertex -7.855 23.285 1.376
   vertex -7.855 23.345 1.376
   vertex -7.685 23.285 1.376
  endloop
 endfacet
  facet normal 0 0 0
    outer loop
   vertex -8.245 24.785 1.376
   vertex -8.086 25.015 1.376
   vertex -8.049 24.785 1.376
  endloop
 endfacet
  facet normal 0 0 0
    outer loop
   vertex -7.855 24.985 1.376
   vertex -8.086 25.015 1.376
   vertex -7.855 25.045 1.376
  endloop
 endfacet
  facet normal 0 0 0
    outer loop
   vertex -8.049 24.785 1.376
   vertex -8.086 25.015 1.376
   vertex -7.855 24.985 1.376
  endloop
 endfacet
  facet normal 0 0 0
    outer loop
   vertex -7.625 24.755 1.376
   vertex -7.685 24.815 1.376
   vertex -7.625 25.045 1.376
  endloop
 endfacet
  facet normal 0 0 0
    outer loop
   vertex -8.147 22.666 1.376
   vertex -8.245 23.085 1.376
   vertex -8.049 23.085 1.376
  endloop
 endfacet
  facet normal 0 0 0
    outer loop
   vertex -7.855 24.755 1.376
   vertex -7.685 24.815 1.376
   vertex -7.625 24.755 1.376
  endloop
 endfacet
  facet normal 0 0 0
    outer loop
   vertex -7.855 22.35 1.376
   vertex -8.147 22.666 1.376
   vertex -7.855 23.055 1.376
  endloop
 endfacet
  facet normal 0 0 0
    outer loop
   vertex -8.147 22.666 1.376
   vertex -8.049 23.085 1.376
   vertex -7.855 23.055 1.376
  endloop
 endfacet
  facet normal 0 0 0
    outer loop
   vertex -7.855 24.755 1.376
   vertex -7.855 24.815 1.376
   vertex -7.685 24.815 1.376
  endloop
 endfacet
  facet normal 0 0 0
    outer loop
   vertex -7.855 25.045 1.376
   vertex -8.035 25.528 1.376
   vertex -7.855 26.01 1.376
  endloop
 endfacet
  facet normal 0 0 0
    outer loop
   vertex -8.086 25.015 1.376
   vertex -8.035 25.528 1.376
   vertex -7.855 25.045 1.376
  endloop
 endfacet
  facet normal 0 0 0
    outer loop
   vertex -8.147 24.366 1.376
   vertex -8.245 24.785 1.376
   vertex -8.049 24.785 1.376
  endloop
 endfacet
  facet normal 0 0 0
    outer loop
   vertex -7.685 24.985 1.376
   vertex -7.855 25.045 1.376
   vertex -7.625 25.045 1.376
  endloop
 endfacet
  facet normal 0 0 0
    outer loop
   vertex -7.855 24.05 1.376
   vertex -8.147 24.366 1.376
   vertex -7.855 24.755 1.376
  endloop
 endfacet
  facet normal 0 0 0
    outer loop
   vertex -8.147 24.366 1.376
   vertex -8.049 24.785 1.376
   vertex -7.855 24.755 1.376
  endloop
 endfacet
  facet normal 0 0 0
    outer loop
   vertex -7.685 24.815 1.376
   vertex -7.685 24.985 1.376
   vertex -7.625 25.045 1.376
  endloop
 endfacet
  facet normal 0 0 0
    outer loop
   vertex -7.855 24.985 1.376
   vertex -7.855 25.045 1.376
   vertex -7.685 24.985 1.376
  endloop
 endfacet
  facet normal 0 0 0
    outer loop
   vertex -8.635 24.985 1.376
   vertex -8.635 25.045 1.376
   vertex -8.404 25.015 1.376
  endloop
 endfacet
  facet normal 0 0 0
    outer loop
   vertex -8.441 24.785 1.376
   vertex -8.635 24.985 1.376
   vertex -8.404 25.015 1.376
  endloop
 endfacet
  facet normal 0 0 0
    outer loop
   vertex -8.635 24.755 1.376
   vertex -8.805 24.815 1.376
   vertex -8.635 24.815 1.376
  endloop
 endfacet
  facet normal 0 0 0
    outer loop
   vertex -8.805 24.815 1.376
   vertex -8.865 25.045 1.376
   vertex -8.805 24.985 1.376
  endloop
 endfacet
  facet normal 0 0 0
    outer loop
   vertex -8.635 24.755 1.376
   vertex -8.635 24.815 1.376
   vertex -8.441 24.785 1.376
  endloop
 endfacet
  facet normal 0 0 0
    outer loop
   vertex -8.441 24.785 1.376
   vertex -8.635 24.815 1.376
   vertex -8.635 24.985 1.376
  endloop
 endfacet
  facet normal 0 0 0
    outer loop
   vertex -8.805 24.985 1.376
   vertex -8.635 25.045 1.376
   vertex -8.635 24.985 1.376
  endloop
 endfacet
  facet normal 0 0 0
    outer loop
   vertex -8.805 24.985 1.376
   vertex -8.865 25.045 1.376
   vertex -8.635 25.045 1.376
  endloop
 endfacet
  facet normal 0 0 0
    outer loop
   vertex -8.865 23.055 1.376
   vertex -8.865 23.345 1.376
   vertex -8.805 23.115 1.376
  endloop
 endfacet
  facet normal 0 0 0
    outer loop
   vertex -8.865 23.055 1.376
   vertex -8.805 23.115 1.376
   vertex -8.635 23.055 1.376
  endloop
 endfacet
  facet normal 0 0 0
    outer loop
   vertex -8.635 23.055 1.376
   vertex -8.805 23.115 1.376
   vertex -8.635 23.115 1.376
  endloop
 endfacet
  facet normal 0 0 0
    outer loop
   vertex -8.404 23.315 1.376
   vertex -8.635 23.345 1.376
   vertex -8.635 24.05 1.376
  endloop
 endfacet
  facet normal 0 0 0
    outer loop
   vertex -8.805 23.115 1.376
   vertex -8.865 23.345 1.376
   vertex -8.805 23.285 1.376
  endloop
 endfacet
  facet normal 0 0 0
    outer loop
   vertex -8.805 23.285 1.376
   vertex -8.635 23.345 1.376
   vertex -8.635 23.285 1.376
  endloop
 endfacet
  facet normal 0 0 0
    outer loop
   vertex -8.635 23.285 1.376
   vertex -8.635 23.345 1.376
   vertex -8.404 23.315 1.376
  endloop
 endfacet
  facet normal 0 0 0
    outer loop
   vertex -8.441 23.085 1.376
   vertex -8.635 23.285 1.376
   vertex -8.404 23.315 1.376
  endloop
 endfacet
  facet normal 0 0 0
    outer loop
   vertex -8.805 23.285 1.376
   vertex -8.865 23.345 1.376
   vertex -8.635 23.345 1.376
  endloop
 endfacet
  facet normal 0 0 0
    outer loop
   vertex -8.865 24.755 1.376
   vertex -8.865 25.045 1.376
   vertex -8.805 24.815 1.376
  endloop
 endfacet
  facet normal 0 0 0
    outer loop
   vertex -8.865 24.755 1.376
   vertex -8.805 24.815 1.376
   vertex -8.635 24.755 1.376
  endloop
 endfacet
  facet normal 0 0 0
    outer loop
   vertex -8.635 23.055 1.376
   vertex -8.635 23.115 1.376
   vertex -8.441 23.085 1.376
  endloop
 endfacet
  facet normal 0 0 0
    outer loop
   vertex -8.441 23.085 1.376
   vertex -8.635 23.115 1.376
   vertex -8.635 23.285 1.376
  endloop
 endfacet
  facet normal 0 0 0
    outer loop
   vertex -8.441 19.685 1.376
   vertex -8.635 19.715 1.376
   vertex -8.635 19.885 1.376
  endloop
 endfacet
  facet normal 0 0 0
    outer loop
   vertex -8.865 19.655 1.376
   vertex -8.865 19.945 1.376
   vertex -8.805 19.715 1.376
  endloop
 endfacet
  facet normal 0 0 0
    outer loop
   vertex -8.404 19.915 1.376
   vertex -8.635 19.945 1.376
   vertex -8.635 20.65 1.376
  endloop
 endfacet
  facet normal 0 0 0
    outer loop
   vertex -8.635 19.885 1.376
   vertex -8.635 19.945 1.376
   vertex -8.404 19.915 1.376
  endloop
 endfacet
  facet normal 0 0 0
    outer loop
   vertex -8.441 19.685 1.376
   vertex -8.635 19.885 1.376
   vertex -8.404 19.915 1.376
  endloop
 endfacet
  facet normal 0 0 0
    outer loop
   vertex -8.865 19.655 1.376
   vertex -8.805 19.715 1.376
   vertex -8.635 19.655 1.376
  endloop
 endfacet
  facet normal 0 0 0
    outer loop
   vertex -8.635 19.655 1.376
   vertex -8.805 19.715 1.376
   vertex -8.635 19.715 1.376
  endloop
 endfacet
  facet normal 0 0 0
    outer loop
   vertex -8.805 19.715 1.376
   vertex -8.865 19.945 1.376
   vertex -8.805 19.885 1.376
  endloop
 endfacet
  facet normal 0 0 0
    outer loop
   vertex -8.635 21.355 1.376
   vertex -8.635 21.415 1.376
   vertex -8.441 21.385 1.376
  endloop
 endfacet
  facet normal 0 0 0
    outer loop
   vertex -8.441 21.385 1.376
   vertex -8.635 21.415 1.376
   vertex -8.635 21.585 1.376
  endloop
 endfacet
  facet normal 0 0 0
    outer loop
   vertex -8.635 21.585 1.376
   vertex -8.635 21.645 1.376
   vertex -8.404 21.615 1.376
  endloop
 endfacet
  facet normal 0 0 0
    outer loop
   vertex -8.441 21.385 1.376
   vertex -8.635 21.585 1.376
   vertex -8.404 21.615 1.376
  endloop
 endfacet
  facet normal 0 0 0
    outer loop
   vertex -8.865 21.355 1.376
   vertex -8.865 21.645 1.376
   vertex -8.805 21.415 1.376
  endloop
 endfacet
  facet normal 0 0 0
    outer loop
   vertex -8.865 21.355 1.376
   vertex -8.805 21.415 1.376
   vertex -8.635 21.355 1.376
  endloop
 endfacet
  facet normal 0 0 0
    outer loop
   vertex -8.635 21.355 1.376
   vertex -8.805 21.415 1.376
   vertex -8.635 21.415 1.376
  endloop
 endfacet
  facet normal 0 0 0
    outer loop
   vertex -8.805 21.415 1.376
   vertex -8.865 21.645 1.376
   vertex -8.805 21.585 1.376
  endloop
 endfacet
  facet normal 0 0 0
    outer loop
   vertex -8.805 21.585 1.376
   vertex -8.635 21.645 1.376
   vertex -8.635 21.585 1.376
  endloop
 endfacet
  facet normal 0 0 0
    outer loop
   vertex -8.805 21.585 1.376
   vertex -8.865 21.645 1.376
   vertex -8.635 21.645 1.376
  endloop
 endfacet
  facet normal 0 0 0
    outer loop
   vertex -8.635 19.655 1.376
   vertex -8.635 19.715 1.376
   vertex -8.441 19.685 1.376
  endloop
 endfacet
  facet normal 0 0 0
    outer loop
   vertex -8.805 19.885 1.376
   vertex -8.635 19.945 1.376
   vertex -8.635 19.885 1.376
  endloop
 endfacet
  facet normal 0 0 0
    outer loop
   vertex -8.805 19.885 1.376
   vertex -8.865 19.945 1.376
   vertex -8.635 19.945 1.376
  endloop
 endfacet
  facet normal 0 0 0
    outer loop
   vertex -7.855 18.95 1.376
   vertex -8.147 19.266 1.376
   vertex -7.855 19.655 1.376
  endloop
 endfacet
  facet normal 0 0 0
    outer loop
   vertex -8.147 19.266 1.376
   vertex -8.049 19.685 1.376
   vertex -7.855 19.655 1.376
  endloop
 endfacet
  facet normal 0 0 0
    outer loop
   vertex -7.685 21.415 1.376
   vertex -7.685 21.585 1.376
   vertex -7.625 21.645 1.376
  endloop
 endfacet
  facet normal 0 0 0
    outer loop
   vertex -7.685 21.585 1.376
   vertex -7.855 21.645 1.376
   vertex -7.625 21.645 1.376
  endloop
 endfacet
  facet normal 0 0 0
    outer loop
   vertex -7.855 21.585 1.376
   vertex -7.855 21.645 1.376
   vertex -7.685 21.585 1.376
  endloop
 endfacet
  facet normal 0 0 0
    outer loop
   vertex -8.147 20.966 1.376
   vertex -8.245 21.385 1.376
   vertex -8.049 21.385 1.376
  endloop
 endfacet
  facet normal 0 0 0
    outer loop
   vertex -7.685 19.715 1.376
   vertex -7.685 19.885 1.376
   vertex -7.625 19.945 1.376
  endloop
 endfacet
  facet normal 0 0 0
    outer loop
   vertex -7.855 20.65 1.376
   vertex -8.147 20.966 1.376
   vertex -7.855 21.355 1.376
  endloop
 endfacet
  facet normal 0 0 0
    outer loop
   vertex -8.147 20.966 1.376
   vertex -8.049 21.385 1.376
   vertex -7.855 21.355 1.376
  endloop
 endfacet
  facet normal 0 0 0
    outer loop
   vertex -7.855 19.885 1.376
   vertex -7.855 19.945 1.376
   vertex -7.685 19.885 1.376
  endloop
 endfacet
  facet normal 0 0 0
    outer loop
   vertex -7.855 19.655 1.376
   vertex -7.855 19.715 1.376
   vertex -7.685 19.715 1.376
  endloop
 endfacet
  facet normal 0 0 0
    outer loop
   vertex -7.685 19.885 1.376
   vertex -7.855 19.945 1.376
   vertex -7.625 19.945 1.376
  endloop
 endfacet
  facet normal 0 0 0
    outer loop
   vertex -7.855 19.655 1.376
   vertex -8.049 19.685 1.376
   vertex -7.855 19.715 1.376
  endloop
 endfacet
  facet normal 0 0 0
    outer loop
   vertex -8.049 19.685 1.376
   vertex -7.855 19.885 1.376
   vertex -7.855 19.715 1.376
  endloop
 endfacet
  facet normal 0 0 0
    outer loop
   vertex -8.245 19.685 1.376
   vertex -8.086 19.915 1.376
   vertex -8.049 19.685 1.376
  endloop
 endfacet
  facet normal 0 0 0
    outer loop
   vertex -8.086 19.915 1.376
   vertex -7.855 20.65 1.376
   vertex -7.855 19.945 1.376
  endloop
 endfacet
  facet normal 0 0 0
    outer loop
   vertex -7.855 19.885 1.376
   vertex -8.086 19.915 1.376
   vertex -7.855 19.945 1.376
  endloop
 endfacet
  facet normal 0 0 0
    outer loop
   vertex -8.049 19.685 1.376
   vertex -8.086 19.915 1.376
   vertex -7.855 19.885 1.376
  endloop
 endfacet
  facet normal 0 0 0
    outer loop
   vertex -7.625 21.355 1.376
   vertex -7.685 21.415 1.376
   vertex -7.625 21.645 1.376
  endloop
 endfacet
  facet normal 0 0 0
    outer loop
   vertex -7.855 21.355 1.376
   vertex -7.685 21.415 1.376
   vertex -7.625 21.355 1.376
  endloop
 endfacet
  facet normal 0 0 0
    outer loop
   vertex -7.855 21.355 1.376
   vertex -8.049 21.385 1.376
   vertex -7.855 21.415 1.376
  endloop
 endfacet
  facet normal 0 0 0
    outer loop
   vertex -8.049 21.385 1.376
   vertex -7.855 21.585 1.376
   vertex -7.855 21.415 1.376
  endloop
 endfacet
  facet normal 0 0 0
    outer loop
   vertex -8.245 21.385 1.376
   vertex -8.086 21.615 1.376
   vertex -8.049 21.385 1.376
  endloop
 endfacet
  facet normal 0 0 0
    outer loop
   vertex -7.855 21.585 1.376
   vertex -8.086 21.615 1.376
   vertex -7.855 21.645 1.376
  endloop
 endfacet
  facet normal 0 0 0
    outer loop
   vertex -8.049 21.385 1.376
   vertex -8.086 21.615 1.376
   vertex -7.855 21.585 1.376
  endloop
 endfacet
  facet normal 0 0 0
    outer loop
   vertex -8.147 19.266 1.376
   vertex -8.245 19.685 1.376
   vertex -8.049 19.685 1.376
  endloop
 endfacet
  facet normal 0 0 0
    outer loop
   vertex -7.855 21.355 1.376
   vertex -7.855 21.415 1.376
   vertex -7.685 21.415 1.376
  endloop
 endfacet
  facet normal 0 0 0
    outer loop
   vertex -7.625 19.655 1.376
   vertex -7.685 19.715 1.376
   vertex -7.625 19.945 1.376
  endloop
 endfacet
  facet normal 0 0 0
    outer loop
   vertex -7.855 19.655 1.376
   vertex -7.685 19.715 1.376
   vertex -7.625 19.655 1.376
  endloop
 endfacet
  facet normal 0 0 0
    outer loop
   vertex -8.635 11.95 1.376
   vertex -8.024 12.403 1.376
   vertex -7.855 11.95 1.376
  endloop
 endfacet
  facet normal 0 0 0
    outer loop
   vertex -8.441 12.885 1.376
   vertex -8.404 13.115 1.376
   vertex -8.245 12.885 1.376
  endloop
 endfacet
  facet normal 0 0 0
    outer loop
   vertex -8.245 12.885 1.376
   vertex -8.404 13.115 1.376
   vertex -8.086 13.115 1.376
  endloop
 endfacet
  facet normal 0 0 0
    outer loop
   vertex -8.245 14.585 1.376
   vertex -8.086 14.815 1.376
   vertex -8.049 14.585 1.376
  endloop
 endfacet
  facet normal 0 0 0
    outer loop
   vertex -8.049 14.585 1.376
   vertex -8.086 14.815 1.376
   vertex -7.855 14.785 1.376
  endloop
 endfacet
  facet normal 0 0 0
    outer loop
   vertex -8.441 14.585 1.376
   vertex -8.635 14.785 1.376
   vertex -8.404 14.815 1.376
  endloop
 endfacet
  facet normal 0 0 0
    outer loop
   vertex -8.441 14.585 1.376
   vertex -8.404 14.815 1.376
   vertex -8.245 14.585 1.376
  endloop
 endfacet
  facet normal 0 0 0
    outer loop
   vertex -8.245 14.585 1.376
   vertex -8.404 14.815 1.376
   vertex -8.086 14.815 1.376
  endloop
 endfacet
  facet normal 0 0 0
    outer loop
   vertex -8.441 16.285 1.376
   vertex -8.404 16.515 1.376
   vertex -8.245 16.285 1.376
  endloop
 endfacet
  facet normal 0 0 0
    outer loop
   vertex -8.245 16.285 1.376
   vertex -8.404 16.515 1.376
   vertex -8.086 16.515 1.376
  endloop
 endfacet
  facet normal 0 0 0
    outer loop
   vertex -8.441 17.985 1.376
   vertex -8.404 18.215 1.376
   vertex -8.245 17.985 1.376
  endloop
 endfacet
  facet normal 0 0 0
    outer loop
   vertex -8.245 17.985 1.376
   vertex -8.404 18.215 1.376
   vertex -8.086 18.215 1.376
  endloop
 endfacet
  facet normal 0 0 0
    outer loop
   vertex -8.865 14.555 1.376
   vertex -8.865 14.845 1.376
   vertex -8.805 14.615 1.376
  endloop
 endfacet
  facet normal 0 0 0
    outer loop
   vertex -8.805 14.615 1.376
   vertex -8.865 14.845 1.376
   vertex -8.805 14.785 1.376
  endloop
 endfacet
  facet normal 0 0 0
    outer loop
   vertex -7.625 14.555 1.376
   vertex -7.685 14.615 1.376
   vertex -7.625 14.845 1.376
  endloop
 endfacet
  facet normal 0 0 0
    outer loop
   vertex -7.685 14.615 1.376
   vertex -7.685 14.785 1.376
   vertex -7.625 14.845 1.376
  endloop
 endfacet
  facet normal 0 0 0
    outer loop
   vertex -7.75 11.45 1.376
   vertex -8.345 11.63 1.376
   vertex -7.75 11.7 1.376
  endloop
 endfacet
  facet normal 0 0 0
    outer loop
   vertex -8.345 11.63 1.376
   vertex -7.855 11.95 1.376
   vertex -7.75 11.7 1.376
  endloop
 endfacet
  facet normal 0 0 0
    outer loop
   vertex -8.635 11.95 1.376
   vertex -8.471 12.438 1.376
   vertex -8.024 12.403 1.376
  endloop
 endfacet
  facet normal 0 0 0
    outer loop
   vertex -8.024 12.403 1.376
   vertex -8.471 12.438 1.376
   vertex -8.245 12.885 1.376
  endloop
 endfacet
  facet normal 0 0 0
    outer loop
   vertex -8.471 12.438 1.376
   vertex -8.441 12.885 1.376
   vertex -8.245 12.885 1.376
  endloop
 endfacet
  facet normal 0 0 0
    outer loop
   vertex -8.404 13.115 1.376
   vertex -7.855 13.85 1.376
   vertex -8.086 13.115 1.376
  endloop
 endfacet
  facet normal 0 0 0
    outer loop
   vertex -8.404 13.115 1.376
   vertex -8.635 13.85 1.376
   vertex -7.855 13.85 1.376
  endloop
 endfacet
  facet normal 0 0 0
    outer loop
   vertex -8.404 14.815 1.376
   vertex -7.855 15.55 1.376
   vertex -8.086 14.815 1.376
  endloop
 endfacet
  facet normal 0 0 0
    outer loop
   vertex -8.404 14.815 1.376
   vertex -8.635 15.55 1.376
   vertex -7.855 15.55 1.376
  endloop
 endfacet
  facet normal 0 0 0
    outer loop
   vertex -8.404 16.515 1.376
   vertex -7.855 17.25 1.376
   vertex -8.086 16.515 1.376
  endloop
 endfacet
  facet normal 0 0 0
    outer loop
   vertex -8.404 16.515 1.376
   vertex -8.635 17.25 1.376
   vertex -7.855 17.25 1.376
  endloop
 endfacet
  facet normal 0 0 0
    outer loop
   vertex -8.345 11.63 1.376
   vertex -8.635 11.95 1.376
   vertex -7.855 11.95 1.376
  endloop
 endfacet
  facet normal 0 0 0
    outer loop
   vertex -8.75 10.95 1.376
   vertex -8.345 11.63 1.376
   vertex -7.75 10.95 1.376
  endloop
 endfacet
  facet normal 0 0 0
    outer loop
   vertex -8.635 13.85 1.376
   vertex -8.147 14.166 1.376
   vertex -7.855 13.85 1.376
  endloop
 endfacet
  facet normal 0 0 0
    outer loop
   vertex -8.147 14.166 1.376
   vertex -8.441 14.585 1.376
   vertex -8.245 14.585 1.376
  endloop
 endfacet
  facet normal 0 0 0
    outer loop
   vertex -8.635 13.85 1.376
   vertex -8.635 14.555 1.376
   vertex -8.147 14.166 1.376
  endloop
 endfacet
  facet normal 0 0 0
    outer loop
   vertex -8.147 14.166 1.376
   vertex -8.635 14.555 1.376
   vertex -8.441 14.585 1.376
  endloop
 endfacet
  facet normal 0 0 0
    outer loop
   vertex -8.635 15.55 1.376
   vertex -8.147 15.866 1.376
   vertex -7.855 15.55 1.376
  endloop
 endfacet
  facet normal 0 0 0
    outer loop
   vertex -8.147 15.866 1.376
   vertex -8.441 16.285 1.376
   vertex -8.245 16.285 1.376
  endloop
 endfacet
  facet normal 0 0 0
    outer loop
   vertex -8.635 15.55 1.376
   vertex -8.635 16.255 1.376
   vertex -8.147 15.866 1.376
  endloop
 endfacet
  facet normal 0 0 0
    outer loop
   vertex -8.147 15.866 1.376
   vertex -8.635 16.255 1.376
   vertex -8.441 16.285 1.376
  endloop
 endfacet
  facet normal 0 0 0
    outer loop
   vertex -8.635 17.25 1.376
   vertex -8.147 17.566 1.376
   vertex -7.855 17.25 1.376
  endloop
 endfacet
  facet normal 0 0 0
    outer loop
   vertex -8.147 17.566 1.376
   vertex -8.441 17.985 1.376
   vertex -8.245 17.985 1.376
  endloop
 endfacet
  facet normal 0 0 0
    outer loop
   vertex -8.635 17.25 1.376
   vertex -8.635 17.955 1.376
   vertex -8.147 17.566 1.376
  endloop
 endfacet
  facet normal 0 0 0
    outer loop
   vertex -8.147 17.566 1.376
   vertex -8.635 17.955 1.376
   vertex -8.441 17.985 1.376
  endloop
 endfacet
  facet normal 0 0 0
    outer loop
   vertex -7.75 10.95 1.376
   vertex -8.345 11.63 1.376
   vertex -7.75 11.45 1.376
  endloop
 endfacet
  facet normal 0 0 0
    outer loop
   vertex -8.049 14.585 1.376
   vertex -7.855 14.785 1.376
   vertex -7.855 14.615 1.376
  endloop
 endfacet
  facet normal 0 0 0
    outer loop
   vertex -8.441 14.585 1.376
   vertex -8.635 14.615 1.376
   vertex -8.635 14.785 1.376
  endloop
 endfacet
  facet normal 0 0 0
    outer loop
   vertex -7.855 16.485 1.376
   vertex -7.855 16.545 1.376
   vertex -7.685 16.485 1.376
  endloop
 endfacet
  facet normal 0 0 0
    outer loop
   vertex -7.855 18.185 1.376
   vertex -7.855 18.245 1.376
   vertex -7.685 18.185 1.376
  endloop
 endfacet
  facet normal 0 0 0
    outer loop
   vertex -8.049 16.285 1.376
   vertex -7.855 16.485 1.376
   vertex -7.855 16.315 1.376
  endloop
 endfacet
  facet normal 0 0 0
    outer loop
   vertex -8.086 14.815 1.376
   vertex -7.855 15.55 1.376
   vertex -7.855 14.845 1.376
  endloop
 endfacet
  facet normal 0 0 0
    outer loop
   vertex -8.245 17.985 1.376
   vertex -8.086 18.215 1.376
   vertex -8.049 17.985 1.376
  endloop
 endfacet
  facet normal 0 0 0
    outer loop
   vertex -7.855 18.185 1.376
   vertex -8.086 18.215 1.376
   vertex -7.855 18.245 1.376
  endloop
 endfacet
  facet normal 0 0 0
    outer loop
   vertex -8.086 16.515 1.376
   vertex -7.855 17.25 1.376
   vertex -7.855 16.545 1.376
  endloop
 endfacet
  facet normal 0 0 0
    outer loop
   vertex -8.049 17.985 1.376
   vertex -8.086 18.215 1.376
   vertex -7.855 18.185 1.376
  endloop
 endfacet
  facet normal 0 0 0
    outer loop
   vertex -7.855 17.955 1.376
   vertex -8.049 17.985 1.376
   vertex -7.855 18.015 1.376
  endloop
 endfacet
  facet normal 0 0 0
    outer loop
   vertex -8.049 17.985 1.376
   vertex -7.855 18.185 1.376
   vertex -7.855 18.015 1.376
  endloop
 endfacet
  facet normal 0 0 0
    outer loop
   vertex -7.625 17.955 1.376
   vertex -7.685 18.015 1.376
   vertex -7.625 18.245 1.376
  endloop
 endfacet
  facet normal 0 0 0
    outer loop
   vertex -7.855 14.785 1.376
   vertex -8.086 14.815 1.376
   vertex -7.855 14.845 1.376
  endloop
 endfacet
  facet normal 0 0 0
    outer loop
   vertex -7.855 17.955 1.376
   vertex -7.685 18.015 1.376
   vertex -7.625 17.955 1.376
  endloop
 endfacet
  facet normal 0 0 0
    outer loop
   vertex -7.855 17.955 1.376
   vertex -7.855 18.015 1.376
   vertex -7.685 18.015 1.376
  endloop
 endfacet
  facet normal 0 0 0
    outer loop
   vertex -7.685 14.785 1.376
   vertex -7.855 14.845 1.376
   vertex -7.625 14.845 1.376
  endloop
 endfacet
  facet normal 0 0 0
    outer loop
   vertex -7.855 14.785 1.376
   vertex -7.855 14.845 1.376
   vertex -7.685 14.785 1.376
  endloop
 endfacet
  facet normal 0 0 0
    outer loop
   vertex -8.147 15.866 1.376
   vertex -8.245 16.285 1.376
   vertex -8.049 16.285 1.376
  endloop
 endfacet
  facet normal 0 0 0
    outer loop
   vertex -7.625 16.255 1.376
   vertex -7.685 16.315 1.376
   vertex -7.625 16.545 1.376
  endloop
 endfacet
  facet normal 0 0 0
    outer loop
   vertex -7.855 15.55 1.376
   vertex -8.147 15.866 1.376
   vertex -7.855 16.255 1.376
  endloop
 endfacet
  facet normal 0 0 0
    outer loop
   vertex -8.147 15.866 1.376
   vertex -8.049 16.285 1.376
   vertex -7.855 16.255 1.376
  endloop
 endfacet
  facet normal 0 0 0
    outer loop
   vertex -7.855 16.255 1.376
   vertex -7.685 16.315 1.376
   vertex -7.625 16.255 1.376
  endloop
 endfacet
  facet normal 0 0 0
    outer loop
   vertex -7.685 18.015 1.376
   vertex -7.685 18.185 1.376
   vertex -7.625 18.245 1.376
  endloop
 endfacet
  facet normal 0 0 0
    outer loop
   vertex -7.685 18.185 1.376
   vertex -7.855 18.245 1.376
   vertex -7.625 18.245 1.376
  endloop
 endfacet
  facet normal 0 0 0
    outer loop
   vertex -8.147 17.566 1.376
   vertex -8.245 17.985 1.376
   vertex -8.049 17.985 1.376
  endloop
 endfacet
  facet normal 0 0 0
    outer loop
   vertex -8.245 16.285 1.376
   vertex -8.086 16.515 1.376
   vertex -8.049 16.285 1.376
  endloop
 endfacet
  facet normal 0 0 0
    outer loop
   vertex -7.855 17.25 1.376
   vertex -8.147 17.566 1.376
   vertex -7.855 17.955 1.376
  endloop
 endfacet
  facet normal 0 0 0
    outer loop
   vertex -8.147 17.566 1.376
   vertex -8.049 17.985 1.376
   vertex -7.855 17.955 1.376
  endloop
 endfacet
  facet normal 0 0 0
    outer loop
   vertex -7.855 16.485 1.376
   vertex -8.086 16.515 1.376
   vertex -7.855 16.545 1.376
  endloop
 endfacet
  facet normal 0 0 0
    outer loop
   vertex -8.049 16.285 1.376
   vertex -8.086 16.515 1.376
   vertex -7.855 16.485 1.376
  endloop
 endfacet
  facet normal 0 0 0
    outer loop
   vertex -7.855 16.255 1.376
   vertex -7.855 16.315 1.376
   vertex -7.685 16.315 1.376
  endloop
 endfacet
  facet normal 0 0 0
    outer loop
   vertex -7.685 16.485 1.376
   vertex -7.855 16.545 1.376
   vertex -7.625 16.545 1.376
  endloop
 endfacet
  facet normal 0 0 0
    outer loop
   vertex -7.685 16.315 1.376
   vertex -7.685 16.485 1.376
   vertex -7.625 16.545 1.376
  endloop
 endfacet
  facet normal 0 0 0
    outer loop
   vertex -7.855 16.255 1.376
   vertex -8.049 16.285 1.376
   vertex -7.855 16.315 1.376
  endloop
 endfacet
  facet normal 0 0 0
    outer loop
   vertex -8.635 16.485 1.376
   vertex -8.635 16.545 1.376
   vertex -8.404 16.515 1.376
  endloop
 endfacet
  facet normal 0 0 0
    outer loop
   vertex -8.441 16.285 1.376
   vertex -8.635 16.485 1.376
   vertex -8.404 16.515 1.376
  endloop
 endfacet
  facet normal 0 0 0
    outer loop
   vertex -8.441 16.285 1.376
   vertex -8.635 16.315 1.376
   vertex -8.635 16.485 1.376
  endloop
 endfacet
  facet normal 0 0 0
    outer loop
   vertex -8.635 17.955 1.376
   vertex -8.635 18.015 1.376
   vertex -8.441 17.985 1.376
  endloop
 endfacet
  facet normal 0 0 0
    outer loop
   vertex -8.805 14.785 1.376
   vertex -8.635 14.845 1.376
   vertex -8.635 14.785 1.376
  endloop
 endfacet
  facet normal 0 0 0
    outer loop
   vertex -8.805 14.785 1.376
   vertex -8.865 14.845 1.376
   vertex -8.635 14.845 1.376
  endloop
 endfacet
  facet normal 0 0 0
    outer loop
   vertex -8.441 17.985 1.376
   vertex -8.635 18.015 1.376
   vertex -8.635 18.185 1.376
  endloop
 endfacet
  facet normal 0 0 0
    outer loop
   vertex -8.635 14.785 1.376
   vertex -8.635 14.845 1.376
   vertex -8.404 14.815 1.376
  endloop
 endfacet
  facet normal 0 0 0
    outer loop
   vertex -8.635 16.255 1.376
   vertex -8.635 16.315 1.376
   vertex -8.441 16.285 1.376
  endloop
 endfacet
  facet normal 0 0 0
    outer loop
   vertex -8.635 18.185 1.376
   vertex -8.635 18.245 1.376
   vertex -8.404 18.215 1.376
  endloop
 endfacet
  facet normal 0 0 0
    outer loop
   vertex -8.865 17.955 1.376
   vertex -8.865 18.245 1.376
   vertex -8.805 18.015 1.376
  endloop
 endfacet
  facet normal 0 0 0
    outer loop
   vertex -8.865 17.955 1.376
   vertex -8.805 18.015 1.376
   vertex -8.635 17.955 1.376
  endloop
 endfacet
  facet normal 0 0 0
    outer loop
   vertex -8.404 14.815 1.376
   vertex -8.635 14.845 1.376
   vertex -8.635 15.55 1.376
  endloop
 endfacet
  facet normal 0 0 0
    outer loop
   vertex -8.404 16.515 1.376
   vertex -8.635 16.545 1.376
   vertex -8.635 17.25 1.376
  endloop
 endfacet
  facet normal 0 0 0
    outer loop
   vertex -8.635 17.955 1.376
   vertex -8.805 18.015 1.376
   vertex -8.635 18.015 1.376
  endloop
 endfacet
  facet normal 0 0 0
    outer loop
   vertex -8.805 18.015 1.376
   vertex -8.865 18.245 1.376
   vertex -8.805 18.185 1.376
  endloop
 endfacet
  facet normal 0 0 0
    outer loop
   vertex -8.805 18.185 1.376
   vertex -8.635 18.245 1.376
   vertex -8.635 18.185 1.376
  endloop
 endfacet
  facet normal 0 0 0
    outer loop
   vertex -8.805 18.185 1.376
   vertex -8.865 18.245 1.376
   vertex -8.635 18.245 1.376
  endloop
 endfacet
  facet normal 0 0 0
    outer loop
   vertex -8.865 16.255 1.376
   vertex -8.865 16.545 1.376
   vertex -8.805 16.315 1.376
  endloop
 endfacet
  facet normal 0 0 0
    outer loop
   vertex -8.865 16.255 1.376
   vertex -8.805 16.315 1.376
   vertex -8.635 16.255 1.376
  endloop
 endfacet
  facet normal 0 0 0
    outer loop
   vertex -8.635 16.255 1.376
   vertex -8.805 16.315 1.376
   vertex -8.635 16.315 1.376
  endloop
 endfacet
  facet normal 0 0 0
    outer loop
   vertex -8.805 16.315 1.376
   vertex -8.865 16.545 1.376
   vertex -8.805 16.485 1.376
  endloop
 endfacet
  facet normal 0 0 0
    outer loop
   vertex -8.805 16.485 1.376
   vertex -8.635 16.545 1.376
   vertex -8.635 16.485 1.376
  endloop
 endfacet
  facet normal 0 0 0
    outer loop
   vertex -8.805 16.485 1.376
   vertex -8.865 16.545 1.376
   vertex -8.635 16.545 1.376
  endloop
 endfacet
  facet normal 0 0 0
    outer loop
   vertex -8.441 17.985 1.376
   vertex -8.635 18.185 1.376
   vertex -8.404 18.215 1.376
  endloop
 endfacet
  facet normal 0 0 0
    outer loop
   vertex -9.025 12.899 1.376
   vertex -9.085 12.915 1.376
   vertex -9.085 13.085 1.376
  endloop
 endfacet
  facet normal 0 0 0
    outer loop
   vertex -9.025 12.899 1.376
   vertex -9.085 13.085 1.376
   vertex -9.025 13.145 1.376
  endloop
 endfacet
  facet normal 0 0 0
    outer loop
   vertex -8.865 13.034 1.376
   vertex -8.865 13.145 1.376
   vertex -8.805 13.085 1.376
  endloop
 endfacet
  facet normal 0 0 0
    outer loop
   vertex -8.805 12.915 1.376
   vertex -8.865 13.034 1.376
   vertex -8.805 13.085 1.376
  endloop
 endfacet
  facet normal 0 0 0
    outer loop
   vertex -8.865 12.855 1.376
   vertex -8.865 13.034 1.376
   vertex -8.805 12.915 1.376
  endloop
 endfacet
  facet normal 0 0 0
    outer loop
   vertex -8.865 14.555 1.376
   vertex -8.805 14.615 1.376
   vertex -8.635 14.555 1.376
  endloop
 endfacet
  facet normal 0 0 0
    outer loop
   vertex -8.635 14.555 1.376
   vertex -8.805 14.615 1.376
   vertex -8.635 14.615 1.376
  endloop
 endfacet
  facet normal 0 0 0
    outer loop
   vertex -8.75 10.95 1.376
   vertex -8.75 11.48 1.376
   vertex -8.345 11.63 1.376
  endloop
 endfacet
  facet normal 0 0 0
    outer loop
   vertex -8.75 11.48 1.376
   vertex -8.75 11.78 1.376
   vertex -8.345 11.63 1.376
  endloop
 endfacet
  facet normal 0 0 0
    outer loop
   vertex -8.345 11.63 1.376
   vertex -8.75 11.78 1.376
   vertex -8.635 11.95 1.376
  endloop
 endfacet
  facet normal 0 0 0
    outer loop
   vertex -9.465 11.48 1.376
   vertex -9.465 12.313 1.376
   vertex -9.165 11.78 1.376
  endloop
 endfacet
  facet normal 0 0 0
    outer loop
   vertex -8.635 12.855 1.376
   vertex -8.805 12.915 1.376
   vertex -8.635 12.915 1.376
  endloop
 endfacet
  facet normal 0 0 0
    outer loop
   vertex -9.465 12.729 1.376
   vertex -9.465 13.145 1.376
   vertex -9.255 12.915 1.376
  endloop
 endfacet
  facet normal 0 0 0
    outer loop
   vertex -9.465 12.729 1.376
   vertex -9.255 12.915 1.376
   vertex -9.165 12.855 1.376
  endloop
 endfacet
  facet normal 0 0 0
    outer loop
   vertex -9.465 12.313 1.376
   vertex -9.465 12.729 1.376
   vertex -9.165 12.855 1.376
  endloop
 endfacet
  facet normal 0 0 0
    outer loop
   vertex -9.165 11.78 1.376
   vertex -9.465 12.313 1.376
   vertex -9.165 12.855 1.376
  endloop
 endfacet
  facet normal 0 0 0
    outer loop
   vertex -9.465 11.48 1.376
   vertex -9.165 11.78 1.376
   vertex -8.75 11.48 1.376
  endloop
 endfacet
  facet normal 0 0 0
    outer loop
   vertex -8.404 13.115 1.376
   vertex -8.635 13.145 1.376
   vertex -8.635 13.85 1.376
  endloop
 endfacet
  facet normal 0 0 0
    outer loop
   vertex -8.635 13.085 1.376
   vertex -8.635 13.145 1.376
   vertex -8.404 13.115 1.376
  endloop
 endfacet
  facet normal 0 0 0
    outer loop
   vertex -8.441 12.885 1.376
   vertex -8.635 13.085 1.376
   vertex -8.404 13.115 1.376
  endloop
 endfacet
  facet normal 0 0 0
    outer loop
   vertex -8.75 11.48 1.376
   vertex -9.165 11.78 1.376
   vertex -8.75 11.78 1.376
  endloop
 endfacet
  facet normal 0 0 0
    outer loop
   vertex -8.75 11.78 1.376
   vertex -8.75 11.95 1.376
   vertex -8.635 11.95 1.376
  endloop
 endfacet
  facet normal 0 0 0
    outer loop
   vertex -9.165 12.855 1.376
   vertex -9.085 12.915 1.376
   vertex -9.025 12.855 1.376
  endloop
 endfacet
  facet normal 0 0 0
    outer loop
   vertex -9.165 12.855 1.376
   vertex -9.255 12.915 1.376
   vertex -9.085 12.915 1.376
  endloop
 endfacet
  facet normal 0 0 0
    outer loop
   vertex -9.255 12.915 1.376
   vertex -9.465 13.145 1.376
   vertex -9.255 13.085 1.376
  endloop
 endfacet
  facet normal 0 0 0
    outer loop
   vertex -9.255 13.085 1.376
   vertex -9.465 13.145 1.376
   vertex -9.025 13.145 1.376
  endloop
 endfacet
  facet normal 0 0 0
    outer loop
   vertex -9.255 13.085 1.376
   vertex -9.025 13.145 1.376
   vertex -9.085 13.085 1.376
  endloop
 endfacet
  facet normal 0 0 0
    outer loop
   vertex -8.805 13.085 1.376
   vertex -8.635 13.145 1.376
   vertex -8.635 13.085 1.376
  endloop
 endfacet
  facet normal 0 0 0
    outer loop
   vertex -8.805 13.085 1.376
   vertex -8.865 13.145 1.376
   vertex -8.635 13.145 1.376
  endloop
 endfacet
  facet normal 0 0 0
    outer loop
   vertex -8.635 11.95 1.376
   vertex -8.635 12.855 1.376
   vertex -8.471 12.438 1.376
  endloop
 endfacet
  facet normal 0 0 0
    outer loop
   vertex -8.635 12.855 1.376
   vertex -8.635 12.915 1.376
   vertex -8.441 12.885 1.376
  endloop
 endfacet
  facet normal 0 0 0
    outer loop
   vertex -8.441 12.885 1.376
   vertex -8.635 12.915 1.376
   vertex -8.635 13.085 1.376
  endloop
 endfacet
  facet normal 0 0 0
    outer loop
   vertex -8.865 12.855 1.376
   vertex -8.805 12.915 1.376
   vertex -8.635 12.855 1.376
  endloop
 endfacet
  facet normal 0 0 0
    outer loop
   vertex -8.635 14.555 1.376
   vertex -8.635 14.615 1.376
   vertex -8.441 14.585 1.376
  endloop
 endfacet
  facet normal 0 0 0
    outer loop
   vertex -8.471 12.438 1.376
   vertex -8.635 12.855 1.376
   vertex -8.441 12.885 1.376
  endloop
 endfacet
  facet normal 0 0 0
    outer loop
   vertex -9.025 12.855 1.376
   vertex -9.085 12.915 1.376
   vertex -9.025 12.899 1.376
  endloop
 endfacet
  facet normal 0 0 0
    outer loop
   vertex -7.75 11.7 1.376
   vertex -7.855 11.95 1.376
   vertex -7.75 11.95 1.376
  endloop
 endfacet
  facet normal 0 0 0
    outer loop
   vertex -7.855 14.555 1.376
   vertex -7.685 14.615 1.376
   vertex -7.625 14.555 1.376
  endloop
 endfacet
  facet normal 0 0 0
    outer loop
   vertex -7.855 14.555 1.376
   vertex -7.855 14.615 1.376
   vertex -7.685 14.615 1.376
  endloop
 endfacet
  facet normal 0 0 0
    outer loop
   vertex -7.855 12.855 1.376
   vertex -7.685 12.915 1.376
   vertex -7.625 12.855 1.376
  endloop
 endfacet
  facet normal 0 0 0
    outer loop
   vertex -7.855 12.855 1.376
   vertex -7.855 12.915 1.376
   vertex -7.685 12.915 1.376
  endloop
 endfacet
  facet normal 0 0 0
    outer loop
   vertex -8.086 13.115 1.376
   vertex -7.855 13.85 1.376
   vertex -7.855 13.145 1.376
  endloop
 endfacet
  facet normal 0 0 0
    outer loop
   vertex -7.685 12.915 1.376
   vertex -7.685 13.085 1.376
   vertex -7.625 13.145 1.376
  endloop
 endfacet
  facet normal 0 0 0
    outer loop
   vertex -7.685 13.085 1.376
   vertex -7.855 13.145 1.376
   vertex -7.625 13.145 1.376
  endloop
 endfacet
  facet normal 0 0 0
    outer loop
   vertex -7.855 13.085 1.376
   vertex -7.855 13.145 1.376
   vertex -7.685 13.085 1.376
  endloop
 endfacet
  facet normal 0 0 0
    outer loop
   vertex -8.245 12.885 1.376
   vertex -8.086 13.115 1.376
   vertex -8.049 12.885 1.376
  endloop
 endfacet
  facet normal 0 0 0
    outer loop
   vertex -7.855 13.085 1.376
   vertex -8.086 13.115 1.376
   vertex -7.855 13.145 1.376
  endloop
 endfacet
  facet normal 0 0 0
    outer loop
   vertex -8.147 14.166 1.376
   vertex -8.245 14.585 1.376
   vertex -8.049 14.585 1.376
  endloop
 endfacet
  facet normal 0 0 0
    outer loop
   vertex -8.049 12.885 1.376
   vertex -8.086 13.115 1.376
   vertex -7.855 13.085 1.376
  endloop
 endfacet
  facet normal 0 0 0
    outer loop
   vertex -7.855 12.855 1.376
   vertex -8.049 12.885 1.376
   vertex -7.855 12.915 1.376
  endloop
 endfacet
  facet normal 0 0 0
    outer loop
   vertex -8.049 12.885 1.376
   vertex -7.855 13.085 1.376
   vertex -7.855 12.915 1.376
  endloop
 endfacet
  facet normal 0 0 0
    outer loop
   vertex -7.855 13.85 1.376
   vertex -8.147 14.166 1.376
   vertex -7.855 14.555 1.376
  endloop
 endfacet
  facet normal 0 0 0
    outer loop
   vertex -8.147 14.166 1.376
   vertex -8.049 14.585 1.376
   vertex -7.855 14.555 1.376
  endloop
 endfacet
  facet normal 0 0 0
    outer loop
   vertex -7.855 14.555 1.376
   vertex -8.049 14.585 1.376
   vertex -7.855 14.615 1.376
  endloop
 endfacet
  facet normal 0 0 0
    outer loop
   vertex -8.024 12.403 1.376
   vertex -8.245 12.885 1.376
   vertex -8.049 12.885 1.376
  endloop
 endfacet
  facet normal 0 0 0
    outer loop
   vertex -7.855 11.95 1.376
   vertex -8.024 12.403 1.376
   vertex -7.855 12.855 1.376
  endloop
 endfacet
  facet normal 0 0 0
    outer loop
   vertex -8.024 12.403 1.376
   vertex -8.049 12.885 1.376
   vertex -7.855 12.855 1.376
  endloop
 endfacet
  facet normal 0 0 0
    outer loop
   vertex -7.625 12.855 1.376
   vertex -7.685 12.915 1.376
   vertex -7.625 13.145 1.376
  endloop
 endfacet
  facet normal 0 0 0
    outer loop
   vertex -5.641 14.585 1.376
   vertex -5.835 14.785 1.376
   vertex -5.604 14.815 1.376
  endloop
 endfacet
  facet normal 0 0 0
    outer loop
   vertex -5.641 14.585 1.376
   vertex -5.604 14.815 1.376
   vertex -5.445 14.585 1.376
  endloop
 endfacet
  facet normal 0 0 0
    outer loop
   vertex -5.445 14.585 1.376
   vertex -5.604 14.815 1.376
   vertex -5.286 14.815 1.376
  endloop
 endfacet
  facet normal 0 0 0
    outer loop
   vertex -6.005 14.785 1.376
   vertex -5.835 14.845 1.376
   vertex -5.835 14.785 1.376
  endloop
 endfacet
  facet normal 0 0 0
    outer loop
   vertex -6.005 14.785 1.376
   vertex -6.065 14.845 1.376
   vertex -5.835 14.845 1.376
  endloop
 endfacet
  facet normal 0 0 0
    outer loop
   vertex -4.825 14.555 1.376
   vertex -4.885 14.615 1.376
   vertex -4.825 14.845 1.376
  endloop
 endfacet
  facet normal 0 0 0
    outer loop
   vertex -4.885 14.615 1.376
   vertex -4.885 14.785 1.376
   vertex -4.825 14.845 1.376
  endloop
 endfacet
  facet normal 0 0 0
    outer loop
   vertex -6.065 16.255 1.376
   vertex -6.005 16.315 1.376
   vertex -5.835 16.255 1.376
  endloop
 endfacet
  facet normal 0 0 0
    outer loop
   vertex -5.835 16.255 1.376
   vertex -6.005 16.315 1.376
   vertex -5.835 16.315 1.376
  endloop
 endfacet
  facet normal 0 0 0
    outer loop
   vertex -6.005 16.485 1.376
   vertex -5.835 16.545 1.376
   vertex -5.835 16.485 1.376
  endloop
 endfacet
  facet normal 0 0 0
    outer loop
   vertex -6.005 16.485 1.376
   vertex -6.065 16.545 1.376
   vertex -5.835 16.545 1.376
  endloop
 endfacet
  facet normal 0 0 0
    outer loop
   vertex -6.065 17.955 1.376
   vertex -6.005 18.015 1.376
   vertex -5.835 17.955 1.376
  endloop
 endfacet
  facet normal 0 0 0
    outer loop
   vertex -5.835 17.955 1.376
   vertex -6.005 18.015 1.376
   vertex -5.835 18.015 1.376
  endloop
 endfacet
  facet normal 0 0 0
    outer loop
   vertex -6.005 18.185 1.376
   vertex -5.835 18.245 1.376
   vertex -5.835 18.185 1.376
  endloop
 endfacet
  facet normal 0 0 0
    outer loop
   vertex -6.005 18.185 1.376
   vertex -6.065 18.245 1.376
   vertex -5.835 18.245 1.376
  endloop
 endfacet
  facet normal 0 0 0
    outer loop
   vertex -5.249 14.585 1.376
   vertex -5.055 14.785 1.376
   vertex -5.055 14.615 1.376
  endloop
 endfacet
  facet normal 0 0 0
    outer loop
   vertex -5.641 14.585 1.376
   vertex -5.835 14.615 1.376
   vertex -5.835 14.785 1.376
  endloop
 endfacet
  facet normal 0 0 0
    outer loop
   vertex -6.065 12.855 1.376
   vertex -6.005 12.915 1.376
   vertex -5.835 12.855 1.376
  endloop
 endfacet
  facet normal 0 0 0
    outer loop
   vertex -5.835 12.855 1.376
   vertex -6.005 12.915 1.376
   vertex -5.835 12.915 1.376
  endloop
 endfacet
  facet normal 0 0 0
    outer loop
   vertex -6.005 13.085 1.376
   vertex -5.835 13.145 1.376
   vertex -5.835 13.085 1.376
  endloop
 endfacet
  facet normal 0 0 0
    outer loop
   vertex -6.005 13.085 1.376
   vertex -6.065 13.145 1.376
   vertex -5.835 13.145 1.376
  endloop
 endfacet
  facet normal 0 0 0
    outer loop
   vertex -6.065 14.555 1.376
   vertex -6.065 14.845 1.376
   vertex -6.005 14.615 1.376
  endloop
 endfacet
  facet normal 0 0 0
    outer loop
   vertex -6.065 14.555 1.376
   vertex -6.005 14.615 1.376
   vertex -5.835 14.555 1.376
  endloop
 endfacet
  facet normal 0 0 0
    outer loop
   vertex -5.835 14.555 1.376
   vertex -6.005 14.615 1.376
   vertex -5.835 14.615 1.376
  endloop
 endfacet
  facet normal 0 0 0
    outer loop
   vertex -6.005 14.615 1.376
   vertex -6.065 14.845 1.376
   vertex -6.005 14.785 1.376
  endloop
 endfacet
  facet normal 0 0 0
    outer loop
   vertex -5.445 14.585 1.376
   vertex -5.286 14.815 1.376
   vertex -5.249 14.585 1.376
  endloop
 endfacet
  facet normal 0 0 0
    outer loop
   vertex -5.249 14.585 1.376
   vertex -5.286 14.815 1.376
   vertex -5.055 14.785 1.376
  endloop
 endfacet
  facet normal 0 0 0
    outer loop
   vertex -5.445 16.285 1.376
   vertex -5.604 16.515 1.376
   vertex -5.286 16.515 1.376
  endloop
 endfacet
  facet normal 0 0 0
    outer loop
   vertex -4.825 16.255 1.376
   vertex -4.885 16.315 1.376
   vertex -4.825 16.545 1.376
  endloop
 endfacet
  facet normal 0 0 0
    outer loop
   vertex -5.055 16.255 1.376
   vertex -4.885 16.315 1.376
   vertex -4.825 16.255 1.376
  endloop
 endfacet
  facet normal 0 0 0
    outer loop
   vertex -5.055 16.255 1.376
   vertex -5.055 16.315 1.376
   vertex -4.885 16.315 1.376
  endloop
 endfacet
  facet normal 0 0 0
    outer loop
   vertex -4.885 16.315 1.376
   vertex -4.885 16.485 1.376
   vertex -4.825 16.545 1.376
  endloop
 endfacet
  facet normal 0 0 0
    outer loop
   vertex -4.885 16.485 1.376
   vertex -5.055 16.545 1.376
   vertex -4.825 16.545 1.376
  endloop
 endfacet
  facet normal 0 0 0
    outer loop
   vertex -5.055 16.485 1.376
   vertex -5.055 16.545 1.376
   vertex -4.885 16.485 1.376
  endloop
 endfacet
  facet normal 0 0 0
    outer loop
   vertex -5.445 17.985 1.376
   vertex -5.286 18.215 1.376
   vertex -5.249 17.985 1.376
  endloop
 endfacet
  facet normal 0 0 0
    outer loop
   vertex -5.055 18.185 1.376
   vertex -5.286 18.215 1.376
   vertex -5.055 18.245 1.376
  endloop
 endfacet
  facet normal 0 0 0
    outer loop
   vertex -5.249 17.985 1.376
   vertex -5.286 18.215 1.376
   vertex -5.055 18.185 1.376
  endloop
 endfacet
  facet normal 0 0 0
    outer loop
   vertex -5.835 18.185 1.376
   vertex -5.835 18.245 1.376
   vertex -5.604 18.215 1.376
  endloop
 endfacet
  facet normal 0 0 0
    outer loop
   vertex -4.825 17.955 1.376
   vertex -4.885 18.015 1.376
   vertex -4.825 18.245 1.376
  endloop
 endfacet
  facet normal 0 0 0
    outer loop
   vertex -5.055 17.955 1.376
   vertex -4.885 18.015 1.376
   vertex -4.825 17.955 1.376
  endloop
 endfacet
  facet normal 0 0 0
    outer loop
   vertex -5.055 17.955 1.376
   vertex -5.055 18.015 1.376
   vertex -4.885 18.015 1.376
  endloop
 endfacet
  facet normal 0 0 0
    outer loop
   vertex -4.885 18.015 1.376
   vertex -4.885 18.185 1.376
   vertex -4.825 18.245 1.376
  endloop
 endfacet
  facet normal 0 0 0
    outer loop
   vertex -4.885 18.185 1.376
   vertex -5.055 18.245 1.376
   vertex -4.825 18.245 1.376
  endloop
 endfacet
  facet normal 0 0 0
    outer loop
   vertex -5.055 18.185 1.376
   vertex -5.055 18.245 1.376
   vertex -4.885 18.185 1.376
  endloop
 endfacet
  facet normal 0 0 0
    outer loop
   vertex -5.604 14.815 1.376
   vertex -5.835 14.845 1.376
   vertex -5.835 15.55 1.376
  endloop
 endfacet
  facet normal 0 0 0
    outer loop
   vertex -5.604 16.515 1.376
   vertex -5.835 16.545 1.376
   vertex -5.835 17.25 1.376
  endloop
 endfacet
  facet normal 0 0 0
    outer loop
   vertex -5.641 17.985 1.376
   vertex -5.835 18.185 1.376
   vertex -5.604 18.215 1.376
  endloop
 endfacet
  facet normal 0 0 0
    outer loop
   vertex -5.286 14.815 1.376
   vertex -5.055 15.55 1.376
   vertex -5.055 14.845 1.376
  endloop
 endfacet
  facet normal 0 0 0
    outer loop
   vertex -5.604 14.815 1.376
   vertex -5.055 15.55 1.376
   vertex -5.286 14.815 1.376
  endloop
 endfacet
  facet normal 0 0 0
    outer loop
   vertex -5.604 14.815 1.376
   vertex -5.835 15.55 1.376
   vertex -5.055 15.55 1.376
  endloop
 endfacet
  facet normal 0 0 0
    outer loop
   vertex -5.286 16.515 1.376
   vertex -5.055 17.25 1.376
   vertex -5.055 16.545 1.376
  endloop
 endfacet
  facet normal 0 0 0
    outer loop
   vertex -5.604 16.515 1.376
   vertex -5.055 17.25 1.376
   vertex -5.286 16.515 1.376
  endloop
 endfacet
  facet normal 0 0 0
    outer loop
   vertex -5.604 16.515 1.376
   vertex -5.835 17.25 1.376
   vertex -5.055 17.25 1.376
  endloop
 endfacet
  facet normal 0 0 0
    outer loop
   vertex -5.641 17.985 1.376
   vertex -5.604 18.215 1.376
   vertex -5.445 17.985 1.376
  endloop
 endfacet
  facet normal 0 0 0
    outer loop
   vertex -5.055 16.255 1.376
   vertex -5.249 16.285 1.376
   vertex -5.055 16.315 1.376
  endloop
 endfacet
  facet normal 0 0 0
    outer loop
   vertex -5.249 16.285 1.376
   vertex -5.055 16.485 1.376
   vertex -5.055 16.315 1.376
  endloop
 endfacet
  facet normal 0 0 0
    outer loop
   vertex -5.835 16.255 1.376
   vertex -5.835 16.315 1.376
   vertex -5.641 16.285 1.376
  endloop
 endfacet
  facet normal 0 0 0
    outer loop
   vertex -5.641 16.285 1.376
   vertex -5.835 16.315 1.376
   vertex -5.835 16.485 1.376
  endloop
 endfacet
  facet normal 0 0 0
    outer loop
   vertex -5.055 17.955 1.376
   vertex -5.249 17.985 1.376
   vertex -5.055 18.015 1.376
  endloop
 endfacet
  facet normal 0 0 0
    outer loop
   vertex -5.249 17.985 1.376
   vertex -5.055 18.185 1.376
   vertex -5.055 18.015 1.376
  endloop
 endfacet
  facet normal 0 0 0
    outer loop
   vertex -5.835 17.955 1.376
   vertex -5.835 18.015 1.376
   vertex -5.641 17.985 1.376
  endloop
 endfacet
  facet normal 0 0 0
    outer loop
   vertex -5.641 17.985 1.376
   vertex -5.835 18.015 1.376
   vertex -5.835 18.185 1.376
  endloop
 endfacet
  facet normal 0 0 0
    outer loop
   vertex -5.445 17.985 1.376
   vertex -5.604 18.215 1.376
   vertex -5.286 18.215 1.376
  endloop
 endfacet
  facet normal 0 0 0
    outer loop
   vertex -5.835 15.55 1.376
   vertex -5.347 15.866 1.376
   vertex -5.055 15.55 1.376
  endloop
 endfacet
  facet normal 0 0 0
    outer loop
   vertex -5.347 15.866 1.376
   vertex -5.445 16.285 1.376
   vertex -5.249 16.285 1.376
  endloop
 endfacet
  facet normal 0 0 0
    outer loop
   vertex -5.347 15.866 1.376
   vertex -5.641 16.285 1.376
   vertex -5.445 16.285 1.376
  endloop
 endfacet
  facet normal 0 0 0
    outer loop
   vertex -5.055 15.55 1.376
   vertex -5.347 15.866 1.376
   vertex -5.055 16.255 1.376
  endloop
 endfacet
  facet normal 0 0 0
    outer loop
   vertex -5.347 15.866 1.376
   vertex -5.249 16.285 1.376
   vertex -5.055 16.255 1.376
  endloop
 endfacet
  facet normal 0 0 0
    outer loop
   vertex -5.835 15.55 1.376
   vertex -5.835 16.255 1.376
   vertex -5.347 15.866 1.376
  endloop
 endfacet
  facet normal 0 0 0
    outer loop
   vertex -5.347 15.866 1.376
   vertex -5.835 16.255 1.376
   vertex -5.641 16.285 1.376
  endloop
 endfacet
  facet normal 0 0 0
    outer loop
   vertex -5.835 17.25 1.376
   vertex -5.347 17.566 1.376
   vertex -5.055 17.25 1.376
  endloop
 endfacet
  facet normal 0 0 0
    outer loop
   vertex -5.347 17.566 1.376
   vertex -5.445 17.985 1.376
   vertex -5.249 17.985 1.376
  endloop
 endfacet
  facet normal 0 0 0
    outer loop
   vertex -5.347 17.566 1.376
   vertex -5.641 17.985 1.376
   vertex -5.445 17.985 1.376
  endloop
 endfacet
  facet normal 0 0 0
    outer loop
   vertex -5.055 17.25 1.376
   vertex -5.347 17.566 1.376
   vertex -5.055 17.955 1.376
  endloop
 endfacet
  facet normal 0 0 0
    outer loop
   vertex -5.347 17.566 1.376
   vertex -5.249 17.985 1.376
   vertex -5.055 17.955 1.376
  endloop
 endfacet
  facet normal 0 0 0
    outer loop
   vertex -5.835 17.25 1.376
   vertex -5.835 17.955 1.376
   vertex -5.347 17.566 1.376
  endloop
 endfacet
  facet normal 0 0 0
    outer loop
   vertex -5.347 17.566 1.376
   vertex -5.835 17.955 1.376
   vertex -5.641 17.985 1.376
  endloop
 endfacet
  facet normal 0 0 0
    outer loop
   vertex -5.835 14.785 1.376
   vertex -5.835 14.845 1.376
   vertex -5.604 14.815 1.376
  endloop
 endfacet
  facet normal 0 0 0
    outer loop
   vertex -5.445 16.285 1.376
   vertex -5.286 16.515 1.376
   vertex -5.249 16.285 1.376
  endloop
 endfacet
  facet normal 0 0 0
    outer loop
   vertex -5.055 16.485 1.376
   vertex -5.286 16.515 1.376
   vertex -5.055 16.545 1.376
  endloop
 endfacet
  facet normal 0 0 0
    outer loop
   vertex -5.249 16.285 1.376
   vertex -5.286 16.515 1.376
   vertex -5.055 16.485 1.376
  endloop
 endfacet
  facet normal 0 0 0
    outer loop
   vertex -4.885 14.785 1.376
   vertex -5.055 14.845 1.376
   vertex -4.825 14.845 1.376
  endloop
 endfacet
  facet normal 0 0 0
    outer loop
   vertex -5.055 14.785 1.376
   vertex -5.055 14.845 1.376
   vertex -4.885 14.785 1.376
  endloop
 endfacet
  facet normal 0 0 0
    outer loop
   vertex -5.835 16.485 1.376
   vertex -5.835 16.545 1.376
   vertex -5.604 16.515 1.376
  endloop
 endfacet
  facet normal 0 0 0
    outer loop
   vertex -5.641 16.285 1.376
   vertex -5.835 16.485 1.376
   vertex -5.604 16.515 1.376
  endloop
 endfacet
  facet normal 0 0 0
    outer loop
   vertex -5.055 14.785 1.376
   vertex -5.286 14.815 1.376
   vertex -5.055 14.845 1.376
  endloop
 endfacet
  facet normal 0 0 0
    outer loop
   vertex -5.641 16.285 1.376
   vertex -5.604 16.515 1.376
   vertex -5.445 16.285 1.376
  endloop
 endfacet
  facet normal 0 0 0
    outer loop
   vertex -6.005 18.015 1.376
   vertex -6.065 18.245 1.376
   vertex -6.005 18.185 1.376
  endloop
 endfacet
  facet normal 0 0 0
    outer loop
   vertex -6.065 17.955 1.376
   vertex -6.065 18.245 1.376
   vertex -6.005 18.015 1.376
  endloop
 endfacet
  facet normal 0 0 0
    outer loop
   vertex -6.065 16.255 1.376
   vertex -6.065 16.545 1.376
   vertex -6.005 16.315 1.376
  endloop
 endfacet
  facet normal 0 0 0
    outer loop
   vertex -6.005 16.315 1.376
   vertex -6.065 16.545 1.376
   vertex -6.005 16.485 1.376
  endloop
 endfacet
  facet normal 0 0 0
    outer loop
   vertex -6.005 12.915 1.376
   vertex -6.065 13.145 1.376
   vertex -6.005 13.085 1.376
  endloop
 endfacet
  facet normal 0 0 0
    outer loop
   vertex -6.065 12.855 1.376
   vertex -6.065 13.145 1.376
   vertex -6.005 12.915 1.376
  endloop
 endfacet
  facet normal 0 0 0
    outer loop
   vertex -5.44 11.575 1.376
   vertex -5.835 11.95 1.376
   vertex -5.055 11.95 1.376
  endloop
 endfacet
  facet normal 0 0 0
    outer loop
   vertex -5.604 13.115 1.376
   vertex -5.835 13.145 1.376
   vertex -5.835 13.85 1.376
  endloop
 endfacet
  facet normal 0 0 0
    outer loop
   vertex -5.835 13.85 1.376
   vertex -5.347 14.166 1.376
   vertex -5.055 13.85 1.376
  endloop
 endfacet
  facet normal 0 0 0
    outer loop
   vertex -5.347 14.166 1.376
   vertex -5.445 14.585 1.376
   vertex -5.249 14.585 1.376
  endloop
 endfacet
  facet normal 0 0 0
    outer loop
   vertex -5.347 14.166 1.376
   vertex -5.641 14.585 1.376
   vertex -5.445 14.585 1.376
  endloop
 endfacet
  facet normal 0 0 0
    outer loop
   vertex -5.055 13.85 1.376
   vertex -5.347 14.166 1.376
   vertex -5.055 14.555 1.376
  endloop
 endfacet
  facet normal 0 0 0
    outer loop
   vertex -5.347 14.166 1.376
   vertex -5.249 14.585 1.376
   vertex -5.055 14.555 1.376
  endloop
 endfacet
  facet normal 0 0 0
    outer loop
   vertex -5.835 13.85 1.376
   vertex -5.835 14.555 1.376
   vertex -5.347 14.166 1.376
  endloop
 endfacet
  facet normal 0 0 0
    outer loop
   vertex -5.347 14.166 1.376
   vertex -5.835 14.555 1.376
   vertex -5.641 14.585 1.376
  endloop
 endfacet
  facet normal 0 0 0
    outer loop
   vertex -5.835 11.95 1.376
   vertex -5.835 12.855 1.376
   vertex -5.671 12.438 1.376
  endloop
 endfacet
  facet normal 0 0 0
    outer loop
   vertex -5.835 11.95 1.376
   vertex -5.671 12.438 1.376
   vertex -5.224 12.403 1.376
  endloop
 endfacet
  facet normal 0 0 0
    outer loop
   vertex -5.835 12.855 1.376
   vertex -5.835 12.915 1.376
   vertex -5.641 12.885 1.376
  endloop
 endfacet
  facet normal 0 0 0
    outer loop
   vertex -5.641 12.885 1.376
   vertex -5.835 12.915 1.376
   vertex -5.835 13.085 1.376
  endloop
 endfacet
  facet normal 0 0 0
    outer loop
   vertex -5.055 14.555 1.376
   vertex -5.249 14.585 1.376
   vertex -5.055 14.615 1.376
  endloop
 endfacet
  facet normal 0 0 0
    outer loop
   vertex -5.671 12.438 1.376
   vertex -5.835 12.855 1.376
   vertex -5.641 12.885 1.376
  endloop
 endfacet
  facet normal 0 0 0
    outer loop
   vertex -5.286 13.115 1.376
   vertex -5.055 13.85 1.376
   vertex -5.055 13.145 1.376
  endloop
 endfacet
  facet normal 0 0 0
    outer loop
   vertex -5.604 13.115 1.376
   vertex -5.055 13.85 1.376
   vertex -5.286 13.115 1.376
  endloop
 endfacet
  facet normal 0 0 0
    outer loop
   vertex -5.604 13.115 1.376
   vertex -5.835 13.85 1.376
   vertex -5.055 13.85 1.376
  endloop
 endfacet
  facet normal 0 0 0
    outer loop
   vertex -5.224 12.403 1.376
   vertex -5.671 12.438 1.376
   vertex -5.445 12.885 1.376
  endloop
 endfacet
  facet normal 0 0 0
    outer loop
   vertex -5.671 12.438 1.376
   vertex -5.641 12.885 1.376
   vertex -5.445 12.885 1.376
  endloop
 endfacet
  facet normal 0 0 0
    outer loop
   vertex -5.055 14.555 1.376
   vertex -5.055 14.615 1.376
   vertex -4.885 14.615 1.376
  endloop
 endfacet
  facet normal 0 0 0
    outer loop
   vertex -5.055 14.555 1.376
   vertex -4.885 14.615 1.376
   vertex -4.825 14.555 1.376
  endloop
 endfacet
  facet normal 0 0 0
    outer loop
   vertex -5.94 11.7 1.376
   vertex -5.94 11.95 1.376
   vertex -5.835 11.95 1.376
  endloop
 endfacet
  facet normal 0 0 0
    outer loop
   vertex -4.94 11.7 1.376
   vertex -5.055 11.95 1.376
   vertex -4.94 11.95 1.376
  endloop
 endfacet
  facet normal 0 0 0
    outer loop
   vertex -5.835 14.555 1.376
   vertex -5.835 14.615 1.376
   vertex -5.641 14.585 1.376
  endloop
 endfacet
  facet normal 0 0 0
    outer loop
   vertex -5.055 12.855 1.376
   vertex -5.249 12.885 1.376
   vertex -5.055 12.915 1.376
  endloop
 endfacet
  facet normal 0 0 0
    outer loop
   vertex -5.249 12.885 1.376
   vertex -5.055 13.085 1.376
   vertex -5.055 12.915 1.376
  endloop
 endfacet
  facet normal 0 0 0
    outer loop
   vertex -4.825 12.855 1.376
   vertex -4.885 12.915 1.376
   vertex -4.825 13.145 1.376
  endloop
 endfacet
  facet normal 0 0 0
    outer loop
   vertex -5.055 12.855 1.376
   vertex -4.885 12.915 1.376
   vertex -4.825 12.855 1.376
  endloop
 endfacet
  facet normal 0 0 0
    outer loop
   vertex -5.055 12.855 1.376
   vertex -5.055 12.915 1.376
   vertex -4.885 12.915 1.376
  endloop
 endfacet
  facet normal 0 0 0
    outer loop
   vertex -4.885 12.915 1.376
   vertex -4.885 13.085 1.376
   vertex -4.825 13.145 1.376
  endloop
 endfacet
  facet normal 0 0 0
    outer loop
   vertex -4.885 13.085 1.376
   vertex -5.055 13.145 1.376
   vertex -4.825 13.145 1.376
  endloop
 endfacet
  facet normal 0 0 0
    outer loop
   vertex -5.055 13.085 1.376
   vertex -5.055 13.145 1.376
   vertex -4.885 13.085 1.376
  endloop
 endfacet
  facet normal 0 0 0
    outer loop
   vertex -5.94 11.45 1.376
   vertex -5.94 11.7 1.376
   vertex -5.44 11.575 1.376
  endloop
 endfacet
  facet normal 0 0 0
    outer loop
   vertex -4.94 11.45 1.376
   vertex -5.44 11.575 1.376
   vertex -4.94 11.7 1.376
  endloop
 endfacet
  facet normal 0 0 0
    outer loop
   vertex -5.94 10.95 1.376
   vertex -5.94 11.45 1.376
   vertex -5.44 11.575 1.376
  endloop
 endfacet
  facet normal 0 0 0
    outer loop
   vertex -5.44 11.575 1.376
   vertex -5.055 11.95 1.376
   vertex -4.94 11.7 1.376
  endloop
 endfacet
  facet normal 0 0 0
    outer loop
   vertex -5.224 12.403 1.376
   vertex -5.445 12.885 1.376
   vertex -5.249 12.885 1.376
  endloop
 endfacet
  facet normal 0 0 0
    outer loop
   vertex -5.835 11.95 1.376
   vertex -5.224 12.403 1.376
   vertex -5.055 11.95 1.376
  endloop
 endfacet
  facet normal 0 0 0
    outer loop
   vertex -5.055 11.95 1.376
   vertex -5.224 12.403 1.376
   vertex -5.055 12.855 1.376
  endloop
 endfacet
  facet normal 0 0 0
    outer loop
   vertex -5.224 12.403 1.376
   vertex -5.249 12.885 1.376
   vertex -5.055 12.855 1.376
  endloop
 endfacet
  facet normal 0 0 0
    outer loop
   vertex -5.445 12.885 1.376
   vertex -5.286 13.115 1.376
   vertex -5.249 12.885 1.376
  endloop
 endfacet
  facet normal 0 0 0
    outer loop
   vertex -5.055 13.085 1.376
   vertex -5.286 13.115 1.376
   vertex -5.055 13.145 1.376
  endloop
 endfacet
  facet normal 0 0 0
    outer loop
   vertex -5.249 12.885 1.376
   vertex -5.286 13.115 1.376
   vertex -5.055 13.085 1.376
  endloop
 endfacet
  facet normal 0 0 0
    outer loop
   vertex -5.835 13.085 1.376
   vertex -5.835 13.145 1.376
   vertex -5.604 13.115 1.376
  endloop
 endfacet
  facet normal 0 0 0
    outer loop
   vertex -5.641 12.885 1.376
   vertex -5.835 13.085 1.376
   vertex -5.604 13.115 1.376
  endloop
 endfacet
  facet normal 0 0 0
    outer loop
   vertex -5.641 12.885 1.376
   vertex -5.604 13.115 1.376
   vertex -5.445 12.885 1.376
  endloop
 endfacet
  facet normal 0 0 0
    outer loop
   vertex -5.445 12.885 1.376
   vertex -5.604 13.115 1.376
   vertex -5.286 13.115 1.376
  endloop
 endfacet
  facet normal 0 0 0
    outer loop
   vertex -5.94 10.95 1.376
   vertex -5.44 11.575 1.376
   vertex -4.94 10.95 1.376
  endloop
 endfacet
  facet normal 0 0 0
    outer loop
   vertex -4.94 10.95 1.376
   vertex -5.44 11.575 1.376
   vertex -4.94 11.45 1.376
  endloop
 endfacet
  facet normal 0 0 0
    outer loop
   vertex -5.44 11.575 1.376
   vertex -5.94 11.7 1.376
   vertex -5.835 11.95 1.376
  endloop
 endfacet
  facet normal 0 0 0
    outer loop
   vertex -4.885 19.715 1.111
   vertex -4.885 19.715 1.376
   vertex -5.055 19.715 1.376
  endloop
 endfacet
  facet normal 0 0 0
    outer loop
   vertex -4.885 19.715 1.111
   vertex -5.055 19.715 1.376
   vertex -5.055 19.715 1.111
  endloop
 endfacet
  facet normal 0 0 0
    outer loop
   vertex -5.835 19.715 1.111
   vertex -5.835 19.715 1.376
   vertex -6.005 19.715 1.376
  endloop
 endfacet
  facet normal 0 0 0
    outer loop
   vertex -5.835 19.715 1.111
   vertex -6.005 19.715 1.376
   vertex -6.005 19.715 1.111
  endloop
 endfacet
  facet normal 0 0 0
    outer loop
   vertex -7.685 19.715 1.111
   vertex -7.685 19.715 1.376
   vertex -7.855 19.715 1.376
  endloop
 endfacet
  facet normal 0 0 0
    outer loop
   vertex -7.685 19.715 1.111
   vertex -7.855 19.715 1.376
   vertex -7.855 19.715 1.111
  endloop
 endfacet
  facet normal 0 0 0
    outer loop
   vertex -8.635 19.715 1.111
   vertex -8.635 19.715 1.376
   vertex -8.805 19.715 1.376
  endloop
 endfacet
  facet normal 0 0 0
    outer loop
   vertex -8.635 19.715 1.111
   vertex -8.805 19.715 1.376
   vertex -8.805 19.715 1.111
  endloop
 endfacet
  facet normal 0 0 0
    outer loop
   vertex -6.005 12.915 1.111
   vertex -6.005 12.915 1.376
   vertex -6.005 13.085 1.376
  endloop
 endfacet
  facet normal 0 0 0
    outer loop
   vertex -6.005 12.915 1.111
   vertex -6.005 13.085 1.376
   vertex -6.005 13.085 1.111
  endloop
 endfacet
  facet normal 0 0 0
    outer loop
   vertex -6.005 14.615 1.111
   vertex -6.005 14.615 1.376
   vertex -6.005 14.785 1.376
  endloop
 endfacet
  facet normal 0 0 0
    outer loop
   vertex -6.005 14.615 1.111
   vertex -6.005 14.785 1.376
   vertex -6.005 14.785 1.111
  endloop
 endfacet
  facet normal 0 0 0
    outer loop
   vertex -6.005 16.315 1.111
   vertex -6.005 16.315 1.376
   vertex -6.005 16.485 1.376
  endloop
 endfacet
  facet normal 0 0 0
    outer loop
   vertex -6.005 16.315 1.111
   vertex -6.005 16.485 1.376
   vertex -6.005 16.485 1.111
  endloop
 endfacet
  facet normal 0 0 0
    outer loop
   vertex -6.005 18.015 1.111
   vertex -6.005 18.015 1.376
   vertex -6.005 18.185 1.376
  endloop
 endfacet
  facet normal 0 0 0
    outer loop
   vertex -6.005 18.015 1.111
   vertex -6.005 18.185 1.376
   vertex -6.005 18.185 1.111
  endloop
 endfacet
  facet normal 0 0 0
    outer loop
   vertex -6.005 19.715 1.111
   vertex -6.005 19.715 1.376
   vertex -6.005 19.885 1.376
  endloop
 endfacet
  facet normal 0 0 0
    outer loop
   vertex -6.005 19.715 1.111
   vertex -6.005 19.885 1.376
   vertex -6.005 19.885 1.111
  endloop
 endfacet
  facet normal 0 0 0
    outer loop
   vertex -6.005 21.415 1.111
   vertex -6.005 21.415 1.376
   vertex -6.005 21.585 1.376
  endloop
 endfacet
  facet normal 0 0 0
    outer loop
   vertex -6.005 21.415 1.111
   vertex -6.005 21.585 1.376
   vertex -6.005 21.585 1.111
  endloop
 endfacet
  facet normal 0 0 0
    outer loop
   vertex -6.005 23.115 1.111
   vertex -6.005 23.115 1.376
   vertex -6.005 23.285 1.376
  endloop
 endfacet
  facet normal 0 0 0
    outer loop
   vertex -6.005 23.115 1.111
   vertex -6.005 23.285 1.376
   vertex -6.005 23.285 1.111
  endloop
 endfacet
  facet normal 0 0 0
    outer loop
   vertex -6.005 24.815 1.111
   vertex -6.005 24.815 1.376
   vertex -6.005 24.985 1.376
  endloop
 endfacet
  facet normal 0 0 0
    outer loop
   vertex -6.005 24.815 1.111
   vertex -6.005 24.985 1.376
   vertex -6.005 24.985 1.111
  endloop
 endfacet
  facet normal 0 0 0
    outer loop
   vertex -8.805 19.885 1.111
   vertex -8.805 19.885 1.376
   vertex -8.635 19.885 1.376
  endloop
 endfacet
  facet normal 0 0 0
    outer loop
   vertex -8.805 19.885 1.111
   vertex -8.635 19.885 1.376
   vertex -8.635 19.885 1.111
  endloop
 endfacet
  facet normal 0 0 0
    outer loop
   vertex -7.855 19.885 1.111
   vertex -7.855 19.885 1.376
   vertex -7.685 19.885 1.376
  endloop
 endfacet
  facet normal 0 0 0
    outer loop
   vertex -7.855 19.885 1.111
   vertex -7.685 19.885 1.376
   vertex -7.685 19.885 1.111
  endloop
 endfacet
  facet normal 0 0 0
    outer loop
   vertex -6.005 19.885 1.111
   vertex -6.005 19.885 1.376
   vertex -5.835 19.885 1.376
  endloop
 endfacet
  facet normal 0 0 0
    outer loop
   vertex -6.005 19.885 1.111
   vertex -5.835 19.885 1.376
   vertex -5.835 19.885 1.111
  endloop
 endfacet
  facet normal 0 0 0
    outer loop
   vertex -5.055 19.885 1.111
   vertex -5.055 19.885 1.376
   vertex -4.885 19.885 1.376
  endloop
 endfacet
  facet normal 0 0 0
    outer loop
   vertex -5.055 19.885 1.111
   vertex -4.885 19.885 1.376
   vertex -4.885 19.885 1.111
  endloop
 endfacet
  facet normal 0 0 0
    outer loop
   vertex -5.835 24.985 1.111
   vertex -5.835 24.985 1.376
   vertex -5.835 24.815 1.376
  endloop
 endfacet
  facet normal 0 0 0
    outer loop
   vertex -5.835 24.985 1.111
   vertex -5.835 24.815 1.376
   vertex -5.835 24.815 1.111
  endloop
 endfacet
  facet normal 0 0 0
    outer loop
   vertex -5.835 23.285 1.111
   vertex -5.835 23.285 1.376
   vertex -5.835 23.115 1.376
  endloop
 endfacet
  facet normal 0 0 0
    outer loop
   vertex -5.835 23.285 1.111
   vertex -5.835 23.115 1.376
   vertex -5.835 23.115 1.111
  endloop
 endfacet
  facet normal 0 0 0
    outer loop
   vertex -5.835 21.585 1.111
   vertex -5.835 21.585 1.376
   vertex -5.835 21.415 1.376
  endloop
 endfacet
  facet normal 0 0 0
    outer loop
   vertex -5.835 21.585 1.111
   vertex -5.835 21.415 1.376
   vertex -5.835 21.415 1.111
  endloop
 endfacet
  facet normal 0 0 0
    outer loop
   vertex -5.835 19.885 1.111
   vertex -5.835 19.885 1.376
   vertex -5.835 19.715 1.376
  endloop
 endfacet
  facet normal 0 0 0
    outer loop
   vertex -5.835 19.885 1.111
   vertex -5.835 19.715 1.376
   vertex -5.835 19.715 1.111
  endloop
 endfacet
  facet normal 0 0 0
    outer loop
   vertex -5.835 18.185 1.111
   vertex -5.835 18.185 1.376
   vertex -5.835 18.015 1.376
  endloop
 endfacet
  facet normal 0 0 0
    outer loop
   vertex -5.835 18.185 1.111
   vertex -5.835 18.015 1.376
   vertex -5.835 18.015 1.111
  endloop
 endfacet
  facet normal 0 0 0
    outer loop
   vertex -5.835 16.485 1.111
   vertex -5.835 16.485 1.376
   vertex -5.835 16.315 1.376
  endloop
 endfacet
  facet normal 0 0 0
    outer loop
   vertex -5.835 16.485 1.111
   vertex -5.835 16.315 1.376
   vertex -5.835 16.315 1.111
  endloop
 endfacet
  facet normal 0 0 0
    outer loop
   vertex -5.835 14.785 1.111
   vertex -5.835 14.785 1.376
   vertex -5.835 14.615 1.376
  endloop
 endfacet
  facet normal 0 0 0
    outer loop
   vertex -5.835 14.785 1.111
   vertex -5.835 14.615 1.376
   vertex -5.835 14.615 1.111
  endloop
 endfacet
  facet normal 0 0 0
    outer loop
   vertex -5.835 13.085 1.111
   vertex -5.835 13.085 1.376
   vertex -5.835 12.915 1.376
  endloop
 endfacet
  facet normal 0 0 0
    outer loop
   vertex -5.835 13.085 1.111
   vertex -5.835 12.915 1.376
   vertex -5.835 12.915 1.111
  endloop
 endfacet
  facet normal 0 0 0
    outer loop
   vertex -5.055 12.915 1.111
   vertex -5.055 12.915 1.376
   vertex -5.055 13.085 1.376
  endloop
 endfacet
  facet normal 0 0 0
    outer loop
   vertex -5.055 12.915 1.111
   vertex -5.055 13.085 1.376
   vertex -5.055 13.085 1.111
  endloop
 endfacet
  facet normal 0 0 0
    outer loop
   vertex -5.055 14.615 1.111
   vertex -5.055 14.615 1.376
   vertex -5.055 14.785 1.376
  endloop
 endfacet
  facet normal 0 0 0
    outer loop
   vertex -5.055 14.615 1.111
   vertex -5.055 14.785 1.376
   vertex -5.055 14.785 1.111
  endloop
 endfacet
  facet normal 0 0 0
    outer loop
   vertex -5.055 16.315 1.111
   vertex -5.055 16.315 1.376
   vertex -5.055 16.485 1.376
  endloop
 endfacet
  facet normal 0 0 0
    outer loop
   vertex -5.055 16.315 1.111
   vertex -5.055 16.485 1.376
   vertex -5.055 16.485 1.111
  endloop
 endfacet
  facet normal 0 0 0
    outer loop
   vertex -5.055 18.015 1.111
   vertex -5.055 18.015 1.376
   vertex -5.055 18.185 1.376
  endloop
 endfacet
  facet normal 0 0 0
    outer loop
   vertex -5.055 18.015 1.111
   vertex -5.055 18.185 1.376
   vertex -5.055 18.185 1.111
  endloop
 endfacet
  facet normal 0 0 0
    outer loop
   vertex -5.055 19.715 1.111
   vertex -5.055 19.715 1.376
   vertex -5.055 19.885 1.376
  endloop
 endfacet
  facet normal 0 0 0
    outer loop
   vertex -5.055 19.715 1.111
   vertex -5.055 19.885 1.376
   vertex -5.055 19.885 1.111
  endloop
 endfacet
  facet normal 0 0 0
    outer loop
   vertex -5.055 21.415 1.111
   vertex -5.055 21.415 1.376
   vertex -5.055 21.585 1.376
  endloop
 endfacet
  facet normal 0 0 0
    outer loop
   vertex -5.055 21.415 1.111
   vertex -5.055 21.585 1.376
   vertex -5.055 21.585 1.111
  endloop
 endfacet
  facet normal 0 0 0
    outer loop
   vertex -5.055 23.115 1.111
   vertex -5.055 23.115 1.376
   vertex -5.055 23.285 1.376
  endloop
 endfacet
  facet normal 0 0 0
    outer loop
   vertex -5.055 23.115 1.111
   vertex -5.055 23.285 1.376
   vertex -5.055 23.285 1.111
  endloop
 endfacet
  facet normal 0 0 0
    outer loop
   vertex -5.055 24.815 1.111
   vertex -5.055 24.815 1.376
   vertex -5.055 24.985 1.376
  endloop
 endfacet
  facet normal 0 0 0
    outer loop
   vertex -5.055 24.815 1.111
   vertex -5.055 24.985 1.376
   vertex -5.055 24.985 1.111
  endloop
 endfacet
  facet normal 0 0 0
    outer loop
   vertex -4.885 24.985 1.111
   vertex -4.885 24.985 1.376
   vertex -4.885 24.815 1.376
  endloop
 endfacet
  facet normal 0 0 0
    outer loop
   vertex -4.885 24.985 1.111
   vertex -4.885 24.815 1.376
   vertex -4.885 24.815 1.111
  endloop
 endfacet
  facet normal 0 0 0
    outer loop
   vertex -4.885 23.285 1.111
   vertex -4.885 23.285 1.376
   vertex -4.885 23.115 1.376
  endloop
 endfacet
  facet normal 0 0 0
    outer loop
   vertex -4.885 23.285 1.111
   vertex -4.885 23.115 1.376
   vertex -4.885 23.115 1.111
  endloop
 endfacet
  facet normal 0 0 0
    outer loop
   vertex -4.885 21.585 1.111
   vertex -4.885 21.585 1.376
   vertex -4.885 21.415 1.376
  endloop
 endfacet
  facet normal 0 0 0
    outer loop
   vertex -4.885 21.585 1.111
   vertex -4.885 21.415 1.376
   vertex -4.885 21.415 1.111
  endloop
 endfacet
  facet normal 0 0 0
    outer loop
   vertex -4.885 19.885 1.111
   vertex -4.885 19.885 1.376
   vertex -4.885 19.715 1.376
  endloop
 endfacet
  facet normal 0 0 0
    outer loop
   vertex -4.885 19.885 1.111
   vertex -4.885 19.715 1.376
   vertex -4.885 19.715 1.111
  endloop
 endfacet
  facet normal 0 0 0
    outer loop
   vertex -4.885 18.185 1.111
   vertex -4.885 18.185 1.376
   vertex -4.885 18.015 1.376
  endloop
 endfacet
  facet normal 0 0 0
    outer loop
   vertex -4.885 18.185 1.111
   vertex -4.885 18.015 1.376
   vertex -4.885 18.015 1.111
  endloop
 endfacet
  facet normal 0 0 0
    outer loop
   vertex -4.885 16.485 1.111
   vertex -4.885 16.485 1.376
   vertex -4.885 16.315 1.376
  endloop
 endfacet
  facet normal 0 0 0
    outer loop
   vertex -4.885 16.485 1.111
   vertex -4.885 16.315 1.376
   vertex -4.885 16.315 1.111
  endloop
 endfacet
  facet normal 0 0 0
    outer loop
   vertex -4.885 14.785 1.111
   vertex -4.885 14.785 1.376
   vertex -4.885 14.615 1.376
  endloop
 endfacet
  facet normal 0 0 0
    outer loop
   vertex -4.885 14.785 1.111
   vertex -4.885 14.615 1.376
   vertex -4.885 14.615 1.111
  endloop
 endfacet
  facet normal 0 0 0
    outer loop
   vertex -4.885 13.085 1.111
   vertex -4.885 13.085 1.376
   vertex -4.885 12.915 1.376
  endloop
 endfacet
  facet normal 0 0 0
    outer loop
   vertex -4.885 13.085 1.111
   vertex -4.885 12.915 1.376
   vertex -4.885 12.915 1.111
  endloop
 endfacet
  facet normal 0 0 0
    outer loop
   vertex -4.885 21.415 1.111
   vertex -4.885 21.415 1.376
   vertex -5.055 21.415 1.376
  endloop
 endfacet
  facet normal 0 0 0
    outer loop
   vertex -4.885 21.415 1.111
   vertex -5.055 21.415 1.376
   vertex -5.055 21.415 1.111
  endloop
 endfacet
  facet normal 0 0 0
    outer loop
   vertex -5.835 21.415 1.111
   vertex -5.835 21.415 1.376
   vertex -6.005 21.415 1.376
  endloop
 endfacet
  facet normal 0 0 0
    outer loop
   vertex -5.835 21.415 1.111
   vertex -6.005 21.415 1.376
   vertex -6.005 21.415 1.111
  endloop
 endfacet
  facet normal 0 0 0
    outer loop
   vertex -7.685 21.415 1.111
   vertex -7.685 21.415 1.376
   vertex -7.855 21.415 1.376
  endloop
 endfacet
  facet normal 0 0 0
    outer loop
   vertex -7.685 21.415 1.111
   vertex -7.855 21.415 1.376
   vertex -7.855 21.415 1.111
  endloop
 endfacet
  facet normal 0 0 0
    outer loop
   vertex -8.635 21.415 1.111
   vertex -8.635 21.415 1.376
   vertex -8.805 21.415 1.376
  endloop
 endfacet
  facet normal 0 0 0
    outer loop
   vertex -8.635 21.415 1.111
   vertex -8.805 21.415 1.376
   vertex -8.805 21.415 1.111
  endloop
 endfacet
  facet normal 0 0 0
    outer loop
   vertex -8.805 21.585 1.111
   vertex -8.805 21.585 1.376
   vertex -8.635 21.585 1.376
  endloop
 endfacet
  facet normal 0 0 0
    outer loop
   vertex -8.805 21.585 1.111
   vertex -8.635 21.585 1.376
   vertex -8.635 21.585 1.111
  endloop
 endfacet
  facet normal 0 0 0
    outer loop
   vertex -7.855 21.585 1.111
   vertex -7.855 21.585 1.376
   vertex -7.685 21.585 1.376
  endloop
 endfacet
  facet normal 0 0 0
    outer loop
   vertex -7.855 21.585 1.111
   vertex -7.685 21.585 1.376
   vertex -7.685 21.585 1.111
  endloop
 endfacet
  facet normal 0 0 0
    outer loop
   vertex -6.005 21.585 1.111
   vertex -6.005 21.585 1.376
   vertex -5.835 21.585 1.376
  endloop
 endfacet
  facet normal 0 0 0
    outer loop
   vertex -6.005 21.585 1.111
   vertex -5.835 21.585 1.376
   vertex -5.835 21.585 1.111
  endloop
 endfacet
  facet normal 0 0 0
    outer loop
   vertex -5.055 21.585 1.111
   vertex -5.055 21.585 1.376
   vertex -4.885 21.585 1.376
  endloop
 endfacet
  facet normal 0 0 0
    outer loop
   vertex -5.055 21.585 1.111
   vertex -4.885 21.585 1.376
   vertex -4.885 21.585 1.111
  endloop
 endfacet
  facet normal 0 0 0
    outer loop
   vertex -4.885 23.115 1.111
   vertex -4.885 23.115 1.376
   vertex -5.055 23.115 1.376
  endloop
 endfacet
  facet normal 0 0 0
    outer loop
   vertex -4.885 23.115 1.111
   vertex -5.055 23.115 1.376
   vertex -5.055 23.115 1.111
  endloop
 endfacet
  facet normal 0 0 0
    outer loop
   vertex -5.835 23.115 1.111
   vertex -5.835 23.115 1.376
   vertex -6.005 23.115 1.376
  endloop
 endfacet
  facet normal 0 0 0
    outer loop
   vertex -5.835 23.115 1.111
   vertex -6.005 23.115 1.376
   vertex -6.005 23.115 1.111
  endloop
 endfacet
  facet normal 0 0 0
    outer loop
   vertex -7.685 23.115 1.111
   vertex -7.685 23.115 1.376
   vertex -7.855 23.115 1.376
  endloop
 endfacet
  facet normal 0 0 0
    outer loop
   vertex -7.685 23.115 1.111
   vertex -7.855 23.115 1.376
   vertex -7.855 23.115 1.111
  endloop
 endfacet
  facet normal 0 0 0
    outer loop
   vertex -8.635 23.115 1.111
   vertex -8.635 23.115 1.376
   vertex -8.805 23.115 1.376
  endloop
 endfacet
  facet normal 0 0 0
    outer loop
   vertex -8.635 23.115 1.111
   vertex -8.805 23.115 1.376
   vertex -8.805 23.115 1.111
  endloop
 endfacet
  facet normal 0 0 0
    outer loop
   vertex -8.805 23.285 1.111
   vertex -8.805 23.285 1.376
   vertex -8.635 23.285 1.376
  endloop
 endfacet
  facet normal 0 0 0
    outer loop
   vertex -8.805 23.285 1.111
   vertex -8.635 23.285 1.376
   vertex -8.635 23.285 1.111
  endloop
 endfacet
  facet normal 0 0 0
    outer loop
   vertex -7.855 23.285 1.111
   vertex -7.855 23.285 1.376
   vertex -7.685 23.285 1.376
  endloop
 endfacet
  facet normal 0 0 0
    outer loop
   vertex -7.855 23.285 1.111
   vertex -7.685 23.285 1.376
   vertex -7.685 23.285 1.111
  endloop
 endfacet
  facet normal 0 0 0
    outer loop
   vertex -6.005 23.285 1.111
   vertex -6.005 23.285 1.376
   vertex -5.835 23.285 1.376
  endloop
 endfacet
  facet normal 0 0 0
    outer loop
   vertex -6.005 23.285 1.111
   vertex -5.835 23.285 1.376
   vertex -5.835 23.285 1.111
  endloop
 endfacet
  facet normal 0 0 0
    outer loop
   vertex -5.055 23.285 1.111
   vertex -5.055 23.285 1.376
   vertex -4.885 23.285 1.376
  endloop
 endfacet
  facet normal 0 0 0
    outer loop
   vertex -5.055 23.285 1.111
   vertex -4.885 23.285 1.376
   vertex -4.885 23.285 1.111
  endloop
 endfacet
  facet normal 0 0 0
    outer loop
   vertex -8.805 24.985 1.111
   vertex -8.805 24.985 1.376
   vertex -8.635 24.985 1.376
  endloop
 endfacet
  facet normal 0 0 0
    outer loop
   vertex -8.805 24.985 1.111
   vertex -8.635 24.985 1.376
   vertex -8.635 24.985 1.111
  endloop
 endfacet
  facet normal 0 0 0
    outer loop
   vertex -7.855 24.985 1.111
   vertex -7.855 24.985 1.376
   vertex -7.685 24.985 1.376
  endloop
 endfacet
  facet normal 0 0 0
    outer loop
   vertex -7.855 24.985 1.111
   vertex -7.685 24.985 1.376
   vertex -7.685 24.985 1.111
  endloop
 endfacet
  facet normal 0 0 0
    outer loop
   vertex -6.005 24.985 1.111
   vertex -6.005 24.985 1.376
   vertex -5.835 24.985 1.376
  endloop
 endfacet
  facet normal 0 0 0
    outer loop
   vertex -6.005 24.985 1.111
   vertex -5.835 24.985 1.376
   vertex -5.835 24.985 1.111
  endloop
 endfacet
  facet normal 0 0 0
    outer loop
   vertex -5.055 24.985 1.111
   vertex -5.055 24.985 1.376
   vertex -4.885 24.985 1.376
  endloop
 endfacet
  facet normal 0 0 0
    outer loop
   vertex -5.055 24.985 1.111
   vertex -4.885 24.985 1.376
   vertex -4.885 24.985 1.111
  endloop
 endfacet
  facet normal 0 0 0
    outer loop
   vertex -4.885 24.815 1.111
   vertex -4.885 24.815 1.376
   vertex -5.055 24.815 1.376
  endloop
 endfacet
  facet normal 0 0 0
    outer loop
   vertex -4.885 24.815 1.111
   vertex -5.055 24.815 1.376
   vertex -5.055 24.815 1.111
  endloop
 endfacet
  facet normal 0 0 0
    outer loop
   vertex -5.835 24.815 1.111
   vertex -5.835 24.815 1.376
   vertex -6.005 24.815 1.376
  endloop
 endfacet
  facet normal 0 0 0
    outer loop
   vertex -5.835 24.815 1.111
   vertex -6.005 24.815 1.376
   vertex -6.005 24.815 1.111
  endloop
 endfacet
  facet normal 0 0 0
    outer loop
   vertex -7.685 24.815 1.111
   vertex -7.685 24.815 1.376
   vertex -7.855 24.815 1.376
  endloop
 endfacet
  facet normal 0 0 0
    outer loop
   vertex -7.685 24.815 1.111
   vertex -7.855 24.815 1.376
   vertex -7.855 24.815 1.111
  endloop
 endfacet
  facet normal 0 0 0
    outer loop
   vertex -8.635 24.815 1.111
   vertex -8.635 24.815 1.376
   vertex -8.805 24.815 1.376
  endloop
 endfacet
  facet normal 0 0 0
    outer loop
   vertex -8.635 24.815 1.111
   vertex -8.805 24.815 1.376
   vertex -8.805 24.815 1.111
  endloop
 endfacet
  facet normal 0 0 0
    outer loop
   vertex -7.855 12.915 1.111
   vertex -7.855 12.915 1.376
   vertex -7.855 13.085 1.376
  endloop
 endfacet
  facet normal 0 0 0
    outer loop
   vertex -7.855 12.915 1.111
   vertex -7.855 13.085 1.376
   vertex -7.855 13.085 1.111
  endloop
 endfacet
  facet normal 0 0 0
    outer loop
   vertex -7.855 14.615 1.111
   vertex -7.855 14.615 1.376
   vertex -7.855 14.785 1.376
  endloop
 endfacet
  facet normal 0 0 0
    outer loop
   vertex -7.855 14.615 1.111
   vertex -7.855 14.785 1.376
   vertex -7.855 14.785 1.111
  endloop
 endfacet
  facet normal 0 0 0
    outer loop
   vertex -7.855 16.315 1.111
   vertex -7.855 16.315 1.376
   vertex -7.855 16.485 1.376
  endloop
 endfacet
  facet normal 0 0 0
    outer loop
   vertex -7.855 16.315 1.111
   vertex -7.855 16.485 1.376
   vertex -7.855 16.485 1.111
  endloop
 endfacet
  facet normal 0 0 0
    outer loop
   vertex -7.855 18.015 1.111
   vertex -7.855 18.015 1.376
   vertex -7.855 18.185 1.376
  endloop
 endfacet
  facet normal 0 0 0
    outer loop
   vertex -7.855 18.015 1.111
   vertex -7.855 18.185 1.376
   vertex -7.855 18.185 1.111
  endloop
 endfacet
  facet normal 0 0 0
    outer loop
   vertex -7.855 19.715 1.111
   vertex -7.855 19.715 1.376
   vertex -7.855 19.885 1.376
  endloop
 endfacet
  facet normal 0 0 0
    outer loop
   vertex -7.855 19.715 1.111
   vertex -7.855 19.885 1.376
   vertex -7.855 19.885 1.111
  endloop
 endfacet
  facet normal 0 0 0
    outer loop
   vertex -7.855 21.415 1.111
   vertex -7.855 21.415 1.376
   vertex -7.855 21.585 1.376
  endloop
 endfacet
  facet normal 0 0 0
    outer loop
   vertex -7.855 21.415 1.111
   vertex -7.855 21.585 1.376
   vertex -7.855 21.585 1.111
  endloop
 endfacet
  facet normal 0 0 0
    outer loop
   vertex -7.855 23.115 1.111
   vertex -7.855 23.115 1.376
   vertex -7.855 23.285 1.376
  endloop
 endfacet
  facet normal 0 0 0
    outer loop
   vertex -7.855 23.115 1.111
   vertex -7.855 23.285 1.376
   vertex -7.855 23.285 1.111
  endloop
 endfacet
  facet normal 0 0 0
    outer loop
   vertex -7.855 24.815 1.111
   vertex -7.855 24.815 1.376
   vertex -7.855 24.985 1.376
  endloop
 endfacet
  facet normal 0 0 0
    outer loop
   vertex -7.855 24.815 1.111
   vertex -7.855 24.985 1.376
   vertex -7.855 24.985 1.111
  endloop
 endfacet
  facet normal 0 0 0
    outer loop
   vertex -8.805 12.915 1.111
   vertex -8.805 12.915 1.376
   vertex -8.805 13.085 1.376
  endloop
 endfacet
  facet normal 0 0 0
    outer loop
   vertex -8.805 12.915 1.111
   vertex -8.805 13.085 1.376
   vertex -8.805 13.085 1.111
  endloop
 endfacet
  facet normal 0 0 0
    outer loop
   vertex -8.805 14.615 1.111
   vertex -8.805 14.615 1.376
   vertex -8.805 14.785 1.376
  endloop
 endfacet
  facet normal 0 0 0
    outer loop
   vertex -8.805 14.615 1.111
   vertex -8.805 14.785 1.376
   vertex -8.805 14.785 1.111
  endloop
 endfacet
  facet normal 0 0 0
    outer loop
   vertex -8.805 16.315 1.111
   vertex -8.805 16.315 1.376
   vertex -8.805 16.485 1.376
  endloop
 endfacet
  facet normal 0 0 0
    outer loop
   vertex -8.805 16.315 1.111
   vertex -8.805 16.485 1.376
   vertex -8.805 16.485 1.111
  endloop
 endfacet
  facet normal 0 0 0
    outer loop
   vertex -8.805 18.015 1.111
   vertex -8.805 18.015 1.376
   vertex -8.805 18.185 1.376
  endloop
 endfacet
  facet normal 0 0 0
    outer loop
   vertex -8.805 18.015 1.111
   vertex -8.805 18.185 1.376
   vertex -8.805 18.185 1.111
  endloop
 endfacet
  facet normal 0 0 0
    outer loop
   vertex -8.805 19.715 1.111
   vertex -8.805 19.715 1.376
   vertex -8.805 19.885 1.376
  endloop
 endfacet
  facet normal 0 0 0
    outer loop
   vertex -8.805 19.715 1.111
   vertex -8.805 19.885 1.376
   vertex -8.805 19.885 1.111
  endloop
 endfacet
  facet normal 0 0 0
    outer loop
   vertex -8.805 21.415 1.111
   vertex -8.805 21.415 1.376
   vertex -8.805 21.585 1.376
  endloop
 endfacet
  facet normal 0 0 0
    outer loop
   vertex -8.805 21.415 1.111
   vertex -8.805 21.585 1.376
   vertex -8.805 21.585 1.111
  endloop
 endfacet
  facet normal 0 0 0
    outer loop
   vertex -8.805 23.115 1.111
   vertex -8.805 23.115 1.376
   vertex -8.805 23.285 1.376
  endloop
 endfacet
  facet normal 0 0 0
    outer loop
   vertex -8.805 23.115 1.111
   vertex -8.805 23.285 1.376
   vertex -8.805 23.285 1.111
  endloop
 endfacet
  facet normal 0 0 0
    outer loop
   vertex -8.805 24.815 1.111
   vertex -8.805 24.815 1.376
   vertex -8.805 24.985 1.376
  endloop
 endfacet
  facet normal 0 0 0
    outer loop
   vertex -8.805 24.815 1.111
   vertex -8.805 24.985 1.376
   vertex -8.805 24.985 1.111
  endloop
 endfacet
  facet normal 0 0 0
    outer loop
   vertex -8.635 24.985 1.111
   vertex -8.635 24.985 1.376
   vertex -8.635 24.815 1.376
  endloop
 endfacet
  facet normal 0 0 0
    outer loop
   vertex -8.635 24.985 1.111
   vertex -8.635 24.815 1.376
   vertex -8.635 24.815 1.111
  endloop
 endfacet
  facet normal 0 0 0
    outer loop
   vertex -8.635 23.285 1.111
   vertex -8.635 23.285 1.376
   vertex -8.635 23.115 1.376
  endloop
 endfacet
  facet normal 0 0 0
    outer loop
   vertex -8.635 23.285 1.111
   vertex -8.635 23.115 1.376
   vertex -8.635 23.115 1.111
  endloop
 endfacet
  facet normal 0 0 0
    outer loop
   vertex -8.635 21.585 1.111
   vertex -8.635 21.585 1.376
   vertex -8.635 21.415 1.376
  endloop
 endfacet
  facet normal 0 0 0
    outer loop
   vertex -8.635 21.585 1.111
   vertex -8.635 21.415 1.376
   vertex -8.635 21.415 1.111
  endloop
 endfacet
  facet normal 0 0 0
    outer loop
   vertex -8.635 19.885 1.111
   vertex -8.635 19.885 1.376
   vertex -8.635 19.715 1.376
  endloop
 endfacet
  facet normal 0 0 0
    outer loop
   vertex -8.635 19.885 1.111
   vertex -8.635 19.715 1.376
   vertex -8.635 19.715 1.111
  endloop
 endfacet
  facet normal 0 0 0
    outer loop
   vertex -8.635 18.185 1.111
   vertex -8.635 18.185 1.376
   vertex -8.635 18.015 1.376
  endloop
 endfacet
  facet normal 0 0 0
    outer loop
   vertex -8.635 18.185 1.111
   vertex -8.635 18.015 1.376
   vertex -8.635 18.015 1.111
  endloop
 endfacet
  facet normal 0 0 0
    outer loop
   vertex -8.635 16.485 1.111
   vertex -8.635 16.485 1.376
   vertex -8.635 16.315 1.376
  endloop
 endfacet
  facet normal 0 0 0
    outer loop
   vertex -8.635 16.485 1.111
   vertex -8.635 16.315 1.376
   vertex -8.635 16.315 1.111
  endloop
 endfacet
  facet normal 0 0 0
    outer loop
   vertex -8.635 14.785 1.111
   vertex -8.635 14.785 1.376
   vertex -8.635 14.615 1.376
  endloop
 endfacet
  facet normal 0 0 0
    outer loop
   vertex -8.635 14.785 1.111
   vertex -8.635 14.615 1.376
   vertex -8.635 14.615 1.111
  endloop
 endfacet
  facet normal 0 0 0
    outer loop
   vertex -8.635 13.085 1.111
   vertex -8.635 13.085 1.376
   vertex -8.635 12.915 1.376
  endloop
 endfacet
  facet normal 0 0 0
    outer loop
   vertex -8.635 13.085 1.111
   vertex -8.635 12.915 1.376
   vertex -8.635 12.915 1.111
  endloop
 endfacet
  facet normal 0 0 0
    outer loop
   vertex -7.685 24.985 1.111
   vertex -7.685 24.985 1.376
   vertex -7.685 24.815 1.376
  endloop
 endfacet
  facet normal 0 0 0
    outer loop
   vertex -7.685 24.985 1.111
   vertex -7.685 24.815 1.376
   vertex -7.685 24.815 1.111
  endloop
 endfacet
  facet normal 0 0 0
    outer loop
   vertex -7.685 23.285 1.111
   vertex -7.685 23.285 1.376
   vertex -7.685 23.115 1.376
  endloop
 endfacet
  facet normal 0 0 0
    outer loop
   vertex -7.685 23.285 1.111
   vertex -7.685 23.115 1.376
   vertex -7.685 23.115 1.111
  endloop
 endfacet
  facet normal 0 0 0
    outer loop
   vertex -7.685 21.585 1.111
   vertex -7.685 21.585 1.376
   vertex -7.685 21.415 1.376
  endloop
 endfacet
  facet normal 0 0 0
    outer loop
   vertex -7.685 21.585 1.111
   vertex -7.685 21.415 1.376
   vertex -7.685 21.415 1.111
  endloop
 endfacet
  facet normal 0 0 0
    outer loop
   vertex -7.685 19.885 1.111
   vertex -7.685 19.885 1.376
   vertex -7.685 19.715 1.376
  endloop
 endfacet
  facet normal 0 0 0
    outer loop
   vertex -7.685 19.885 1.111
   vertex -7.685 19.715 1.376
   vertex -7.685 19.715 1.111
  endloop
 endfacet
  facet normal 0 0 0
    outer loop
   vertex -7.685 18.185 1.111
   vertex -7.685 18.185 1.376
   vertex -7.685 18.015 1.376
  endloop
 endfacet
  facet normal 0 0 0
    outer loop
   vertex -7.685 18.185 1.111
   vertex -7.685 18.015 1.376
   vertex -7.685 18.015 1.111
  endloop
 endfacet
  facet normal 0 0 0
    outer loop
   vertex -7.685 16.485 1.111
   vertex -7.685 16.485 1.376
   vertex -7.685 16.315 1.376
  endloop
 endfacet
  facet normal 0 0 0
    outer loop
   vertex -7.685 16.485 1.111
   vertex -7.685 16.315 1.376
   vertex -7.685 16.315 1.111
  endloop
 endfacet
  facet normal 0 0 0
    outer loop
   vertex -7.685 14.785 1.111
   vertex -7.685 14.785 1.376
   vertex -7.685 14.615 1.376
  endloop
 endfacet
  facet normal 0 0 0
    outer loop
   vertex -7.685 14.785 1.111
   vertex -7.685 14.615 1.376
   vertex -7.685 14.615 1.111
  endloop
 endfacet
  facet normal 0 0 0
    outer loop
   vertex -7.685 13.085 1.111
   vertex -7.685 13.085 1.376
   vertex -7.685 12.915 1.376
  endloop
 endfacet
  facet normal 0 0 0
    outer loop
   vertex -7.685 13.085 1.111
   vertex -7.685 12.915 1.376
   vertex -7.685 12.915 1.111
  endloop
 endfacet
  facet normal 0 0 0
    outer loop
   vertex -4.885 18.015 1.111
   vertex -4.885 18.015 1.376
   vertex -5.055 18.015 1.376
  endloop
 endfacet
  facet normal 0 0 0
    outer loop
   vertex -4.885 18.015 1.111
   vertex -5.055 18.015 1.376
   vertex -5.055 18.015 1.111
  endloop
 endfacet
  facet normal 0 0 0
    outer loop
   vertex -5.835 18.015 1.111
   vertex -5.835 18.015 1.376
   vertex -6.005 18.015 1.376
  endloop
 endfacet
  facet normal 0 0 0
    outer loop
   vertex -5.835 18.015 1.111
   vertex -6.005 18.015 1.376
   vertex -6.005 18.015 1.111
  endloop
 endfacet
  facet normal 0 0 0
    outer loop
   vertex -7.685 18.015 1.111
   vertex -7.685 18.015 1.376
   vertex -7.855 18.015 1.376
  endloop
 endfacet
  facet normal 0 0 0
    outer loop
   vertex -7.685 18.015 1.111
   vertex -7.855 18.015 1.376
   vertex -7.855 18.015 1.111
  endloop
 endfacet
  facet normal 0 0 0
    outer loop
   vertex -8.635 18.015 1.111
   vertex -8.635 18.015 1.376
   vertex -8.805 18.015 1.376
  endloop
 endfacet
  facet normal 0 0 0
    outer loop
   vertex -8.635 18.015 1.111
   vertex -8.805 18.015 1.376
   vertex -8.805 18.015 1.111
  endloop
 endfacet
  facet normal 0 0 0
    outer loop
   vertex -8.805 18.185 1.111
   vertex -8.805 18.185 1.376
   vertex -8.635 18.185 1.376
  endloop
 endfacet
  facet normal 0 0 0
    outer loop
   vertex -8.805 18.185 1.111
   vertex -8.635 18.185 1.376
   vertex -8.635 18.185 1.111
  endloop
 endfacet
  facet normal 0 0 0
    outer loop
   vertex -7.855 18.185 1.111
   vertex -7.855 18.185 1.376
   vertex -7.685 18.185 1.376
  endloop
 endfacet
  facet normal 0 0 0
    outer loop
   vertex -7.855 18.185 1.111
   vertex -7.685 18.185 1.376
   vertex -7.685 18.185 1.111
  endloop
 endfacet
  facet normal 0 0 0
    outer loop
   vertex -6.005 18.185 1.111
   vertex -6.005 18.185 1.376
   vertex -5.835 18.185 1.376
  endloop
 endfacet
  facet normal 0 0 0
    outer loop
   vertex -6.005 18.185 1.111
   vertex -5.835 18.185 1.376
   vertex -5.835 18.185 1.111
  endloop
 endfacet
  facet normal 0 0 0
    outer loop
   vertex -5.055 18.185 1.111
   vertex -5.055 18.185 1.376
   vertex -4.885 18.185 1.376
  endloop
 endfacet
  facet normal 0 0 0
    outer loop
   vertex -5.055 18.185 1.111
   vertex -4.885 18.185 1.376
   vertex -4.885 18.185 1.111
  endloop
 endfacet
  facet normal 0 0 0
    outer loop
   vertex -4.885 12.915 1.111
   vertex -4.885 12.915 1.376
   vertex -5.055 12.915 1.376
  endloop
 endfacet
  facet normal 0 0 0
    outer loop
   vertex -4.885 12.915 1.111
   vertex -5.055 12.915 1.376
   vertex -5.055 12.915 1.111
  endloop
 endfacet
  facet normal 0 0 0
    outer loop
   vertex -5.835 12.915 1.111
   vertex -5.835 12.915 1.376
   vertex -6.005 12.915 1.376
  endloop
 endfacet
  facet normal 0 0 0
    outer loop
   vertex -5.835 12.915 1.111
   vertex -6.005 12.915 1.376
   vertex -6.005 12.915 1.111
  endloop
 endfacet
  facet normal 0 0 0
    outer loop
   vertex -7.685 12.915 1.111
   vertex -7.685 12.915 1.376
   vertex -7.855 12.915 1.376
  endloop
 endfacet
  facet normal 0 0 0
    outer loop
   vertex -7.685 12.915 1.111
   vertex -7.855 12.915 1.376
   vertex -7.855 12.915 1.111
  endloop
 endfacet
  facet normal 0 0 0
    outer loop
   vertex -8.635 12.915 1.111
   vertex -8.635 12.915 1.376
   vertex -8.805 12.915 1.376
  endloop
 endfacet
  facet normal 0 0 0
    outer loop
   vertex -8.635 12.915 1.111
   vertex -8.805 12.915 1.376
   vertex -8.805 12.915 1.111
  endloop
 endfacet
  facet normal 0 0 0
    outer loop
   vertex -9.085 12.915 1.111
   vertex -9.085 12.915 1.376
   vertex -9.255 12.915 1.376
  endloop
 endfacet
  facet normal 0 0 0
    outer loop
   vertex -9.085 12.915 1.111
   vertex -9.255 12.915 1.376
   vertex -9.255 12.915 1.111
  endloop
 endfacet
  facet normal 0 0 0
    outer loop
   vertex -9.255 13.085 1.111
   vertex -9.255 13.085 1.376
   vertex -9.085 13.085 1.376
  endloop
 endfacet
  facet normal 0 0 0
    outer loop
   vertex -9.255 13.085 1.111
   vertex -9.085 13.085 1.376
   vertex -9.085 13.085 1.111
  endloop
 endfacet
  facet normal 0 0 0
    outer loop
   vertex -8.805 13.085 1.111
   vertex -8.805 13.085 1.376
   vertex -8.635 13.085 1.376
  endloop
 endfacet
  facet normal 0 0 0
    outer loop
   vertex -8.805 13.085 1.111
   vertex -8.635 13.085 1.376
   vertex -8.635 13.085 1.111
  endloop
 endfacet
  facet normal 0 0 0
    outer loop
   vertex -7.855 13.085 1.111
   vertex -7.855 13.085 1.376
   vertex -7.685 13.085 1.376
  endloop
 endfacet
  facet normal 0 0 0
    outer loop
   vertex -7.855 13.085 1.111
   vertex -7.685 13.085 1.376
   vertex -7.685 13.085 1.111
  endloop
 endfacet
  facet normal 0 0 0
    outer loop
   vertex -6.005 13.085 1.111
   vertex -6.005 13.085 1.376
   vertex -5.835 13.085 1.376
  endloop
 endfacet
  facet normal 0 0 0
    outer loop
   vertex -6.005 13.085 1.111
   vertex -5.835 13.085 1.376
   vertex -5.835 13.085 1.111
  endloop
 endfacet
  facet normal 0 0 0
    outer loop
   vertex -5.055 13.085 1.111
   vertex -5.055 13.085 1.376
   vertex -4.885 13.085 1.376
  endloop
 endfacet
  facet normal 0 0 0
    outer loop
   vertex -5.055 13.085 1.111
   vertex -4.885 13.085 1.376
   vertex -4.885 13.085 1.111
  endloop
 endfacet
  facet normal 0 0 0
    outer loop
   vertex -9.255 12.915 1.111
   vertex -9.255 12.915 1.376
   vertex -9.255 13.085 1.376
  endloop
 endfacet
  facet normal 0 0 0
    outer loop
   vertex -9.255 12.915 1.111
   vertex -9.255 13.085 1.376
   vertex -9.255 13.085 1.111
  endloop
 endfacet
  facet normal 0 0 0
    outer loop
   vertex -9.085 13.085 1.111
   vertex -9.085 13.085 1.376
   vertex -9.085 12.915 1.376
  endloop
 endfacet
  facet normal 0 0 0
    outer loop
   vertex -9.085 13.085 1.111
   vertex -9.085 12.915 1.376
   vertex -9.085 12.915 1.111
  endloop
 endfacet
  facet normal 0 0 0
    outer loop
   vertex -8.805 14.785 1.111
   vertex -8.805 14.785 1.376
   vertex -8.635 14.785 1.376
  endloop
 endfacet
  facet normal 0 0 0
    outer loop
   vertex -8.805 14.785 1.111
   vertex -8.635 14.785 1.376
   vertex -8.635 14.785 1.111
  endloop
 endfacet
  facet normal 0 0 0
    outer loop
   vertex -7.855 14.785 1.111
   vertex -7.855 14.785 1.376
   vertex -7.685 14.785 1.376
  endloop
 endfacet
  facet normal 0 0 0
    outer loop
   vertex -7.855 14.785 1.111
   vertex -7.685 14.785 1.376
   vertex -7.685 14.785 1.111
  endloop
 endfacet
  facet normal 0 0 0
    outer loop
   vertex -6.005 14.785 1.111
   vertex -6.005 14.785 1.376
   vertex -5.835 14.785 1.376
  endloop
 endfacet
  facet normal 0 0 0
    outer loop
   vertex -6.005 14.785 1.111
   vertex -5.835 14.785 1.376
   vertex -5.835 14.785 1.111
  endloop
 endfacet
  facet normal 0 0 0
    outer loop
   vertex -5.055 14.785 1.111
   vertex -5.055 14.785 1.376
   vertex -4.885 14.785 1.376
  endloop
 endfacet
  facet normal 0 0 0
    outer loop
   vertex -5.055 14.785 1.111
   vertex -4.885 14.785 1.376
   vertex -4.885 14.785 1.111
  endloop
 endfacet
  facet normal 0 0 0
    outer loop
   vertex -4.885 14.615 1.111
   vertex -4.885 14.615 1.376
   vertex -5.055 14.615 1.376
  endloop
 endfacet
  facet normal 0 0 0
    outer loop
   vertex -4.885 14.615 1.111
   vertex -5.055 14.615 1.376
   vertex -5.055 14.615 1.111
  endloop
 endfacet
  facet normal 0 0 0
    outer loop
   vertex -5.835 14.615 1.111
   vertex -5.835 14.615 1.376
   vertex -6.005 14.615 1.376
  endloop
 endfacet
  facet normal 0 0 0
    outer loop
   vertex -5.835 14.615 1.111
   vertex -6.005 14.615 1.376
   vertex -6.005 14.615 1.111
  endloop
 endfacet
  facet normal 0 0 0
    outer loop
   vertex -7.685 14.615 1.111
   vertex -7.685 14.615 1.376
   vertex -7.855 14.615 1.376
  endloop
 endfacet
  facet normal 0 0 0
    outer loop
   vertex -7.685 14.615 1.111
   vertex -7.855 14.615 1.376
   vertex -7.855 14.615 1.111
  endloop
 endfacet
  facet normal 0 0 0
    outer loop
   vertex -8.635 14.615 1.111
   vertex -8.635 14.615 1.376
   vertex -8.805 14.615 1.376
  endloop
 endfacet
  facet normal 0 0 0
    outer loop
   vertex -8.635 14.615 1.111
   vertex -8.805 14.615 1.376
   vertex -8.805 14.615 1.111
  endloop
 endfacet
  facet normal 0 0 0
    outer loop
   vertex -4.885 16.315 1.111
   vertex -4.885 16.315 1.376
   vertex -5.055 16.315 1.376
  endloop
 endfacet
  facet normal 0 0 0
    outer loop
   vertex -4.885 16.315 1.111
   vertex -5.055 16.315 1.376
   vertex -5.055 16.315 1.111
  endloop
 endfacet
  facet normal 0 0 0
    outer loop
   vertex -5.835 16.315 1.111
   vertex -5.835 16.315 1.376
   vertex -6.005 16.315 1.376
  endloop
 endfacet
  facet normal 0 0 0
    outer loop
   vertex -5.835 16.315 1.111
   vertex -6.005 16.315 1.376
   vertex -6.005 16.315 1.111
  endloop
 endfacet
  facet normal 0 0 0
    outer loop
   vertex -7.685 16.315 1.111
   vertex -7.685 16.315 1.376
   vertex -7.855 16.315 1.376
  endloop
 endfacet
  facet normal 0 0 0
    outer loop
   vertex -7.685 16.315 1.111
   vertex -7.855 16.315 1.376
   vertex -7.855 16.315 1.111
  endloop
 endfacet
  facet normal 0 0 0
    outer loop
   vertex -8.635 16.315 1.111
   vertex -8.635 16.315 1.376
   vertex -8.805 16.315 1.376
  endloop
 endfacet
  facet normal 0 0 0
    outer loop
   vertex -8.635 16.315 1.111
   vertex -8.805 16.315 1.376
   vertex -8.805 16.315 1.111
  endloop
 endfacet
  facet normal 0 0 0
    outer loop
   vertex -8.805 16.485 1.111
   vertex -8.805 16.485 1.376
   vertex -8.635 16.485 1.376
  endloop
 endfacet
  facet normal 0 0 0
    outer loop
   vertex -8.805 16.485 1.111
   vertex -8.635 16.485 1.376
   vertex -8.635 16.485 1.111
  endloop
 endfacet
  facet normal 0 0 0
    outer loop
   vertex -7.855 16.485 1.111
   vertex -7.855 16.485 1.376
   vertex -7.685 16.485 1.376
  endloop
 endfacet
  facet normal 0 0 0
    outer loop
   vertex -7.855 16.485 1.111
   vertex -7.685 16.485 1.376
   vertex -7.685 16.485 1.111
  endloop
 endfacet
  facet normal 0 0 0
    outer loop
   vertex -6.005 16.485 1.111
   vertex -6.005 16.485 1.376
   vertex -5.835 16.485 1.376
  endloop
 endfacet
  facet normal 0 0 0
    outer loop
   vertex -6.005 16.485 1.111
   vertex -5.835 16.485 1.376
   vertex -5.835 16.485 1.111
  endloop
 endfacet
  facet normal 0 0 0
    outer loop
   vertex -5.055 16.485 1.111
   vertex -5.055 16.485 1.376
   vertex -4.885 16.485 1.376
  endloop
 endfacet
  facet normal 0 0 0
    outer loop
   vertex -5.055 16.485 1.111
   vertex -4.885 16.485 1.376
   vertex -4.885 16.485 1.111
  endloop
 endfacet
  facet normal 0 0 0
    outer loop
   vertex -7.855 19.655 1.736
   vertex -8.635 19.655 1.736
   vertex -8.635 18.245 1.736
  endloop
 endfacet
  facet normal 0 0 0
    outer loop
   vertex -7.855 18.245 1.736
   vertex -7.855 19.655 1.736
   vertex -8.635 18.245 1.736
  endloop
 endfacet
  facet normal 0 0 0
    outer loop
   vertex -5.055 19.655 1.736
   vertex -5.835 19.655 1.736
   vertex -5.835 18.245 1.736
  endloop
 endfacet
  facet normal 0 0 0
    outer loop
   vertex -5.055 18.245 1.736
   vertex -5.055 19.655 1.736
   vertex -5.835 18.245 1.736
  endloop
 endfacet
  facet normal 0 0 0
    outer loop
   vertex -5.835 21.355 1.736
   vertex -6.065 21.645 1.736
   vertex -6.065 21.355 1.736
  endloop
 endfacet
  facet normal 0 0 0
    outer loop
   vertex -5.835 21.645 1.736
   vertex -6.065 21.645 1.736
   vertex -5.835 21.355 1.736
  endloop
 endfacet
  facet normal 0 0 0
    outer loop
   vertex -5.835 23.055 1.736
   vertex -6.065 23.345 1.736
   vertex -6.065 23.055 1.736
  endloop
 endfacet
  facet normal 0 0 0
    outer loop
   vertex -5.835 23.345 1.736
   vertex -6.065 23.345 1.736
   vertex -5.835 23.055 1.736
  endloop
 endfacet
  facet normal 0 0 0
    outer loop
   vertex -5.835 24.755 1.736
   vertex -6.065 25.045 1.736
   vertex -6.065 24.755 1.736
  endloop
 endfacet
  facet normal 0 0 0
    outer loop
   vertex -5.835 25.045 1.736
   vertex -6.065 25.045 1.736
   vertex -5.835 24.755 1.736
  endloop
 endfacet
  facet normal 0 0 0
    outer loop
   vertex -5.055 26.01 1.736
   vertex -5.835 26.01 1.736
   vertex -5.835 25.045 1.736
  endloop
 endfacet
  facet normal 0 0 0
    outer loop
   vertex -5.055 25.045 1.736
   vertex -5.835 25.045 1.736
   vertex -5.835 24.755 1.736
  endloop
 endfacet
  facet normal 0 0 0
    outer loop
   vertex -5.055 25.045 1.736
   vertex -5.055 26.01 1.736
   vertex -5.835 25.045 1.736
  endloop
 endfacet
  facet normal 0 0 0
    outer loop
   vertex -4.825 25.045 1.736
   vertex -5.055 25.045 1.736
   vertex -4.825 24.755 1.736
  endloop
 endfacet
  facet normal 0 0 0
    outer loop
   vertex -4.825 24.755 1.736
   vertex -5.055 25.045 1.736
   vertex -5.055 24.755 1.736
  endloop
 endfacet
  facet normal 0 0 0
    outer loop
   vertex -5.055 24.755 1.736
   vertex -5.055 25.045 1.736
   vertex -5.835 24.755 1.736
  endloop
 endfacet
  facet normal 0 0 0
    outer loop
   vertex -5.055 24.755 1.736
   vertex -5.835 24.755 1.736
   vertex -5.835 23.345 1.736
  endloop
 endfacet
  facet normal 0 0 0
    outer loop
   vertex -5.055 23.345 1.736
   vertex -5.835 23.345 1.736
   vertex -5.835 23.055 1.736
  endloop
 endfacet
  facet normal 0 0 0
    outer loop
   vertex -5.055 23.345 1.736
   vertex -5.055 24.755 1.736
   vertex -5.835 23.345 1.736
  endloop
 endfacet
  facet normal 0 0 0
    outer loop
   vertex -4.825 23.345 1.736
   vertex -5.055 23.345 1.736
   vertex -4.825 23.055 1.736
  endloop
 endfacet
  facet normal 0 0 0
    outer loop
   vertex -4.825 23.055 1.736
   vertex -5.055 23.345 1.736
   vertex -5.055 23.055 1.736
  endloop
 endfacet
  facet normal 0 0 0
    outer loop
   vertex -5.055 23.055 1.736
   vertex -5.055 23.345 1.736
   vertex -5.835 23.055 1.736
  endloop
 endfacet
  facet normal 0 0 0
    outer loop
   vertex -5.055 23.055 1.736
   vertex -5.835 23.055 1.736
   vertex -5.835 21.645 1.736
  endloop
 endfacet
  facet normal 0 0 0
    outer loop
   vertex -5.055 21.645 1.736
   vertex -5.835 21.645 1.736
   vertex -5.835 21.355 1.736
  endloop
 endfacet
  facet normal 0 0 0
    outer loop
   vertex -5.055 21.645 1.736
   vertex -5.055 23.055 1.736
   vertex -5.835 21.645 1.736
  endloop
 endfacet
  facet normal 0 0 0
    outer loop
   vertex -4.825 21.645 1.736
   vertex -5.055 21.645 1.736
   vertex -4.825 21.355 1.736
  endloop
 endfacet
  facet normal 0 0 0
    outer loop
   vertex -5.055 21.355 1.736
   vertex -5.835 21.355 1.736
   vertex -5.835 19.945 1.736
  endloop
 endfacet
  facet normal 0 0 0
    outer loop
   vertex -5.055 21.355 1.736
   vertex -5.055 21.645 1.736
   vertex -5.835 21.355 1.736
  endloop
 endfacet
  facet normal 0 0 0
    outer loop
   vertex -4.825 21.355 1.736
   vertex -5.055 21.645 1.736
   vertex -5.055 21.355 1.736
  endloop
 endfacet
  facet normal 0 0 0
    outer loop
   vertex -5.055 19.945 1.736
   vertex -5.835 19.945 1.736
   vertex -5.835 19.655 1.736
  endloop
 endfacet
  facet normal 0 0 0
    outer loop
   vertex -5.055 19.945 1.736
   vertex -5.055 21.355 1.736
   vertex -5.835 19.945 1.736
  endloop
 endfacet
  facet normal 0 0 0
    outer loop
   vertex -4.825 19.945 1.736
   vertex -5.055 19.945 1.736
   vertex -4.825 19.655 1.736
  endloop
 endfacet
  facet normal 0 0 0
    outer loop
   vertex -4.825 19.655 1.736
   vertex -5.055 19.945 1.736
   vertex -5.055 19.655 1.736
  endloop
 endfacet
  facet normal 0 0 0
    outer loop
   vertex -5.055 19.655 1.736
   vertex -5.055 19.945 1.736
   vertex -5.835 19.655 1.736
  endloop
 endfacet
  facet normal 0 0 0
    outer loop
   vertex -5.835 19.655 1.736
   vertex -6.065 19.945 1.736
   vertex -6.065 19.655 1.736
  endloop
 endfacet
  facet normal 0 0 0
    outer loop
   vertex -5.835 19.945 1.736
   vertex -6.065 19.945 1.736
   vertex -5.835 19.655 1.736
  endloop
 endfacet
  facet normal 0 0 0
    outer loop
   vertex -8.635 23.055 1.736
   vertex -8.865 23.345 1.736
   vertex -8.865 23.055 1.736
  endloop
 endfacet
  facet normal 0 0 0
    outer loop
   vertex -8.635 23.345 1.736
   vertex -8.865 23.345 1.736
   vertex -8.635 23.055 1.736
  endloop
 endfacet
  facet normal 0 0 0
    outer loop
   vertex -8.635 24.755 1.736
   vertex -8.865 25.045 1.736
   vertex -8.865 24.755 1.736
  endloop
 endfacet
  facet normal 0 0 0
    outer loop
   vertex -8.635 25.045 1.736
   vertex -8.865 25.045 1.736
   vertex -8.635 24.755 1.736
  endloop
 endfacet
  facet normal 0 0 0
    outer loop
   vertex -7.855 26.01 1.736
   vertex -8.635 26.01 1.736
   vertex -8.635 25.045 1.736
  endloop
 endfacet
  facet normal 0 0 0
    outer loop
   vertex -7.855 25.045 1.736
   vertex -8.635 25.045 1.736
   vertex -8.635 24.755 1.736
  endloop
 endfacet
  facet normal 0 0 0
    outer loop
   vertex -7.855 25.045 1.736
   vertex -7.855 26.01 1.736
   vertex -8.635 25.045 1.736
  endloop
 endfacet
  facet normal 0 0 0
    outer loop
   vertex -7.625 25.045 1.736
   vertex -7.855 25.045 1.736
   vertex -7.625 24.755 1.736
  endloop
 endfacet
  facet normal 0 0 0
    outer loop
   vertex -7.625 24.755 1.736
   vertex -7.855 25.045 1.736
   vertex -7.855 24.755 1.736
  endloop
 endfacet
  facet normal 0 0 0
    outer loop
   vertex -7.855 24.755 1.736
   vertex -7.855 25.045 1.736
   vertex -8.635 24.755 1.736
  endloop
 endfacet
  facet normal 0 0 0
    outer loop
   vertex -7.855 24.755 1.736
   vertex -8.635 24.755 1.736
   vertex -8.635 23.345 1.736
  endloop
 endfacet
  facet normal 0 0 0
    outer loop
   vertex -7.855 23.345 1.736
   vertex -8.635 23.345 1.736
   vertex -8.635 23.055 1.736
  endloop
 endfacet
  facet normal 0 0 0
    outer loop
   vertex -7.855 23.345 1.736
   vertex -7.855 24.755 1.736
   vertex -8.635 23.345 1.736
  endloop
 endfacet
  facet normal 0 0 0
    outer loop
   vertex -7.625 23.345 1.736
   vertex -7.855 23.345 1.736
   vertex -7.625 23.055 1.736
  endloop
 endfacet
  facet normal 0 0 0
    outer loop
   vertex -7.625 23.055 1.736
   vertex -7.855 23.345 1.736
   vertex -7.855 23.055 1.736
  endloop
 endfacet
  facet normal 0 0 0
    outer loop
   vertex -7.855 23.055 1.736
   vertex -7.855 23.345 1.736
   vertex -8.635 23.055 1.736
  endloop
 endfacet
  facet normal 0 0 0
    outer loop
   vertex -7.855 23.055 1.736
   vertex -8.635 23.055 1.736
   vertex -8.635 21.645 1.736
  endloop
 endfacet
  facet normal 0 0 0
    outer loop
   vertex -7.855 21.645 1.736
   vertex -8.635 21.645 1.736
   vertex -8.635 21.355 1.736
  endloop
 endfacet
  facet normal 0 0 0
    outer loop
   vertex -7.855 21.645 1.736
   vertex -7.855 23.055 1.736
   vertex -8.635 21.645 1.736
  endloop
 endfacet
  facet normal 0 0 0
    outer loop
   vertex -7.625 21.645 1.736
   vertex -7.855 21.645 1.736
   vertex -7.625 21.355 1.736
  endloop
 endfacet
  facet normal 0 0 0
    outer loop
   vertex -7.855 21.355 1.736
   vertex -8.635 21.355 1.736
   vertex -8.635 19.945 1.736
  endloop
 endfacet
  facet normal 0 0 0
    outer loop
   vertex -7.855 21.355 1.736
   vertex -7.855 21.645 1.736
   vertex -8.635 21.355 1.736
  endloop
 endfacet
  facet normal 0 0 0
    outer loop
   vertex -7.625 21.355 1.736
   vertex -7.855 21.645 1.736
   vertex -7.855 21.355 1.736
  endloop
 endfacet
  facet normal 0 0 0
    outer loop
   vertex -7.855 19.945 1.736
   vertex -8.635 19.945 1.736
   vertex -8.635 19.655 1.736
  endloop
 endfacet
  facet normal 0 0 0
    outer loop
   vertex -7.855 19.945 1.736
   vertex -7.855 21.355 1.736
   vertex -8.635 19.945 1.736
  endloop
 endfacet
  facet normal 0 0 0
    outer loop
   vertex -7.625 19.945 1.736
   vertex -7.855 19.945 1.736
   vertex -7.625 19.655 1.736
  endloop
 endfacet
  facet normal 0 0 0
    outer loop
   vertex -7.625 19.655 1.736
   vertex -7.855 19.945 1.736
   vertex -7.855 19.655 1.736
  endloop
 endfacet
  facet normal 0 0 0
    outer loop
   vertex -7.855 19.655 1.736
   vertex -7.855 19.945 1.736
   vertex -8.635 19.655 1.736
  endloop
 endfacet
  facet normal 0 0 0
    outer loop
   vertex -8.635 19.655 1.736
   vertex -8.865 19.945 1.736
   vertex -8.865 19.655 1.736
  endloop
 endfacet
  facet normal 0 0 0
    outer loop
   vertex -8.635 19.945 1.736
   vertex -8.865 19.945 1.736
   vertex -8.635 19.655 1.736
  endloop
 endfacet
  facet normal 0 0 0
    outer loop
   vertex -8.635 21.355 1.736
   vertex -8.865 21.645 1.736
   vertex -8.865 21.355 1.736
  endloop
 endfacet
  facet normal 0 0 0
    outer loop
   vertex -8.635 21.645 1.736
   vertex -8.865 21.645 1.736
   vertex -8.635 21.355 1.736
  endloop
 endfacet
  facet normal 0 0 0
    outer loop
   vertex -8.175 11.205 1.736
   vertex -8.325 11.375 1.736
   vertex -8.325 11.205 1.736
  endloop
 endfacet
  facet normal 0 0 0
    outer loop
   vertex -8.175 11.375 1.736
   vertex -8.325 11.375 1.736
   vertex -8.175 11.205 1.736
  endloop
 endfacet
  facet normal 0 0 0
    outer loop
   vertex -8.175 11.525 1.736
   vertex -8.325 11.695 1.736
   vertex -8.325 11.525 1.736
  endloop
 endfacet
  facet normal 0 0 0
    outer loop
   vertex -8.175 11.695 1.736
   vertex -8.325 11.695 1.736
   vertex -8.175 11.525 1.736
  endloop
 endfacet
  facet normal 0 0 0
    outer loop
   vertex -8.175 11.055 1.736
   vertex -8.325 11.055 1.736
   vertex -8.25 10.95 1.736
  endloop
 endfacet
  facet normal 0 0 0
    outer loop
   vertex -8.25 10.95 1.736
   vertex -8.495 11.055 1.736
   vertex -8.75 10.95 1.736
  endloop
 endfacet
  facet normal 0 0 0
    outer loop
   vertex -8.325 11.055 1.736
   vertex -8.495 11.055 1.736
   vertex -8.25 10.95 1.736
  endloop
 endfacet
  facet normal 0 0 0
    outer loop
   vertex -7.855 12.855 1.736
   vertex -8.635 12.855 1.736
   vertex -8.25 12.421 1.736
  endloop
 endfacet
  facet normal 0 0 0
    outer loop
   vertex -8.175 11.845 1.736
   vertex -8.25 12.421 1.736
   vertex -8.325 11.845 1.736
  endloop
 endfacet
  facet normal 0 0 0
    outer loop
   vertex -8.25 12.421 1.736
   vertex -8.635 11.95 1.736
   vertex -8.325 11.845 1.736
  endloop
 endfacet
  facet normal 0 0 0
    outer loop
   vertex -8.25 12.421 1.736
   vertex -8.635 12.855 1.736
   vertex -8.635 11.95 1.736
  endloop
 endfacet
  facet normal 0 0 0
    outer loop
   vertex -8.635 14.555 1.736
   vertex -8.865 14.845 1.736
   vertex -8.865 14.555 1.736
  endloop
 endfacet
  facet normal 0 0 0
    outer loop
   vertex -8.635 14.845 1.736
   vertex -8.865 14.845 1.736
   vertex -8.635 14.555 1.736
  endloop
 endfacet
  facet normal 0 0 0
    outer loop
   vertex -7.855 18.245 1.736
   vertex -8.635 18.245 1.736
   vertex -8.635 17.955 1.736
  endloop
 endfacet
  facet normal 0 0 0
    outer loop
   vertex -7.855 17.955 1.736
   vertex -7.855 18.245 1.736
   vertex -8.635 17.955 1.736
  endloop
 endfacet
  facet normal 0 0 0
    outer loop
   vertex -7.855 17.955 1.736
   vertex -8.635 17.955 1.736
   vertex -8.635 16.545 1.736
  endloop
 endfacet
  facet normal 0 0 0
    outer loop
   vertex -7.855 16.545 1.736
   vertex -8.635 16.545 1.736
   vertex -8.635 16.255 1.736
  endloop
 endfacet
  facet normal 0 0 0
    outer loop
   vertex -7.855 16.545 1.736
   vertex -7.855 17.955 1.736
   vertex -8.635 16.545 1.736
  endloop
 endfacet
  facet normal 0 0 0
    outer loop
   vertex -7.855 16.255 1.736
   vertex -8.635 16.255 1.736
   vertex -8.635 14.845 1.736
  endloop
 endfacet
  facet normal 0 0 0
    outer loop
   vertex -7.855 16.255 1.736
   vertex -7.855 16.545 1.736
   vertex -8.635 16.255 1.736
  endloop
 endfacet
  facet normal 0 0 0
    outer loop
   vertex -7.855 14.845 1.736
   vertex -8.635 14.845 1.736
   vertex -8.635 14.555 1.736
  endloop
 endfacet
  facet normal 0 0 0
    outer loop
   vertex -7.855 14.845 1.736
   vertex -7.855 16.255 1.736
   vertex -8.635 14.845 1.736
  endloop
 endfacet
  facet normal 0 0 0
    outer loop
   vertex -7.625 14.845 1.736
   vertex -7.855 14.845 1.736
   vertex -7.625 14.555 1.736
  endloop
 endfacet
  facet normal 0 0 0
    outer loop
   vertex -7.625 14.555 1.736
   vertex -7.855 14.845 1.736
   vertex -7.855 14.555 1.736
  endloop
 endfacet
  facet normal 0 0 0
    outer loop
   vertex -7.855 14.555 1.736
   vertex -7.855 14.845 1.736
   vertex -8.635 14.555 1.736
  endloop
 endfacet
  facet normal 0 0 0
    outer loop
   vertex -7.855 14.555 1.736
   vertex -8.635 14.555 1.736
   vertex -8.635 13.145 1.736
  endloop
 endfacet
  facet normal 0 0 0
    outer loop
   vertex -7.855 13.145 1.736
   vertex -8.635 13.145 1.736
   vertex -8.635 12.855 1.736
  endloop
 endfacet
  facet normal 0 0 0
    outer loop
   vertex -7.855 13.145 1.736
   vertex -7.855 14.555 1.736
   vertex -8.635 13.145 1.736
  endloop
 endfacet
  facet normal 0 0 0
    outer loop
   vertex -7.855 12.855 1.736
   vertex -7.855 13.145 1.736
   vertex -8.635 12.855 1.736
  endloop
 endfacet
  facet normal 0 0 0
    outer loop
   vertex -7.625 18.245 1.736
   vertex -7.855 18.245 1.736
   vertex -7.625 17.955 1.736
  endloop
 endfacet
  facet normal 0 0 0
    outer loop
   vertex -7.625 17.955 1.736
   vertex -7.855 18.245 1.736
   vertex -7.855 17.955 1.736
  endloop
 endfacet
  facet normal 0 0 0
    outer loop
   vertex -7.625 16.255 1.736
   vertex -7.855 16.545 1.736
   vertex -7.855 16.255 1.736
  endloop
 endfacet
  facet normal 0 0 0
    outer loop
   vertex -7.625 16.545 1.736
   vertex -7.855 16.545 1.736
   vertex -7.625 16.255 1.736
  endloop
 endfacet
  facet normal 0 0 0
    outer loop
   vertex -8.635 16.545 1.736
   vertex -8.865 16.545 1.736
   vertex -8.635 16.255 1.736
  endloop
 endfacet
  facet normal 0 0 0
    outer loop
   vertex -8.635 18.245 1.736
   vertex -8.865 18.245 1.736
   vertex -8.635 17.955 1.736
  endloop
 endfacet
  facet normal 0 0 0
    outer loop
   vertex -8.635 16.255 1.736
   vertex -8.865 16.545 1.736
   vertex -8.865 16.255 1.736
  endloop
 endfacet
  facet normal 0 0 0
    outer loop
   vertex -8.635 17.955 1.736
   vertex -8.865 18.245 1.736
   vertex -8.865 17.955 1.736
  endloop
 endfacet
  facet normal 0 0 0
    outer loop
   vertex -8.495 11.375 1.736
   vertex -8.645 11.375 1.736
   vertex -8.495 11.205 1.736
  endloop
 endfacet
  facet normal 0 0 0
    outer loop
   vertex -8.645 11.525 1.736
   vertex -8.75 11.48 1.736
   vertex -8.645 11.375 1.736
  endloop
 endfacet
  facet normal 0 0 0
    outer loop
   vertex -8.325 11.375 1.736
   vertex -8.495 11.525 1.736
   vertex -8.495 11.375 1.736
  endloop
 endfacet
  facet normal 0 0 0
    outer loop
   vertex -8.495 11.055 1.736
   vertex -8.645 11.055 1.736
   vertex -8.75 10.95 1.736
  endloop
 endfacet
  facet normal 0 0 0
    outer loop
   vertex -8.325 11.375 1.736
   vertex -8.495 11.375 1.736
   vertex -8.325 11.205 1.736
  endloop
 endfacet
  facet normal 0 0 0
    outer loop
   vertex -9.025 12.855 1.736
   vertex -9.025 13.145 1.736
   vertex -9.165 12.855 1.736
  endloop
 endfacet
  facet normal 0 0 0
    outer loop
   vertex -9.025 13.145 1.736
   vertex -9.465 13.145 1.736
   vertex -9.165 12.855 1.736
  endloop
 endfacet
  facet normal 0 0 0
    outer loop
   vertex -8.75 11.48 1.736
   vertex -9.165 11.78 1.736
   vertex -9.465 11.48 1.736
  endloop
 endfacet
  facet normal 0 0 0
    outer loop
   vertex -8.75 11.78 1.736
   vertex -9.165 11.78 1.736
   vertex -8.75 11.48 1.736
  endloop
 endfacet
  facet normal 0 0 0
    outer loop
   vertex -8.635 12.855 1.736
   vertex -8.865 13.145 1.736
   vertex -8.865 12.855 1.736
  endloop
 endfacet
  facet normal 0 0 0
    outer loop
   vertex -8.635 13.145 1.736
   vertex -8.865 13.145 1.736
   vertex -8.635 12.855 1.736
  endloop
 endfacet
  facet normal 0 0 0
    outer loop
   vertex -8.645 11.205 1.736
   vertex -8.75 11.48 1.736
   vertex -8.75 10.95 1.736
  endloop
 endfacet
  facet normal 0 0 0
    outer loop
   vertex -8.325 11.525 1.736
   vertex -8.495 11.525 1.736
   vertex -8.325 11.375 1.736
  endloop
 endfacet
  facet normal 0 0 0
    outer loop
   vertex -8.495 11.525 1.736
   vertex -8.645 11.695 1.736
   vertex -8.645 11.525 1.736
  endloop
 endfacet
  facet normal 0 0 0
    outer loop
   vertex -8.645 11.695 1.736
   vertex -8.75 11.78 1.736
   vertex -8.75 11.48 1.736
  endloop
 endfacet
  facet normal 0 0 0
    outer loop
   vertex -8.645 11.525 1.736
   vertex -8.645 11.695 1.736
   vertex -8.75 11.48 1.736
  endloop
 endfacet
  facet normal 0 0 0
    outer loop
   vertex -8.325 11.525 1.736
   vertex -8.495 11.695 1.736
   vertex -8.495 11.525 1.736
  endloop
 endfacet
  facet normal 0 0 0
    outer loop
   vertex -8.495 11.695 1.736
   vertex -8.645 11.695 1.736
   vertex -8.495 11.525 1.736
  endloop
 endfacet
  facet normal 0 0 0
    outer loop
   vertex -8.645 11.845 1.736
   vertex -8.75 11.78 1.736
   vertex -8.645 11.695 1.736
  endloop
 endfacet
  facet normal 0 0 0
    outer loop
   vertex -8.635 11.95 1.736
   vertex -8.75 11.95 1.736
   vertex -8.645 11.845 1.736
  endloop
 endfacet
  facet normal 0 0 0
    outer loop
   vertex -8.645 11.845 1.736
   vertex -8.75 11.95 1.736
   vertex -8.75 11.78 1.736
  endloop
 endfacet
  facet normal 0 0 0
    outer loop
   vertex -8.495 11.845 1.736
   vertex -8.635 11.95 1.736
   vertex -8.645 11.845 1.736
  endloop
 endfacet
  facet normal 0 0 0
    outer loop
   vertex -8.325 11.695 1.736
   vertex -8.495 11.845 1.736
   vertex -8.495 11.695 1.736
  endloop
 endfacet
  facet normal 0 0 0
    outer loop
   vertex -8.645 11.055 1.736
   vertex -8.645 11.205 1.736
   vertex -8.75 10.95 1.736
  endloop
 endfacet
  facet normal 0 0 0
    outer loop
   vertex -8.325 11.695 1.736
   vertex -8.495 11.695 1.736
   vertex -8.325 11.525 1.736
  endloop
 endfacet
  facet normal 0 0 0
    outer loop
   vertex -8.325 11.055 1.736
   vertex -8.495 11.205 1.736
   vertex -8.495 11.055 1.736
  endloop
 endfacet
  facet normal 0 0 0
    outer loop
   vertex -8.325 11.845 1.736
   vertex -8.635 11.95 1.736
   vertex -8.495 11.845 1.736
  endloop
 endfacet
  facet normal 0 0 0
    outer loop
   vertex -8.325 11.845 1.736
   vertex -8.495 11.845 1.736
   vertex -8.325 11.695 1.736
  endloop
 endfacet
  facet normal 0 0 0
    outer loop
   vertex -9.165 11.78 1.736
   vertex -9.465 12.313 1.736
   vertex -9.465 11.48 1.736
  endloop
 endfacet
  facet normal 0 0 0
    outer loop
   vertex -9.165 12.855 1.736
   vertex -9.465 13.145 1.736
   vertex -9.465 12.313 1.736
  endloop
 endfacet
  facet normal 0 0 0
    outer loop
   vertex -9.165 12.855 1.736
   vertex -9.465 12.313 1.736
   vertex -9.165 11.78 1.736
  endloop
 endfacet
  facet normal 0 0 0
    outer loop
   vertex -8.325 11.205 1.736
   vertex -8.495 11.205 1.736
   vertex -8.325 11.055 1.736
  endloop
 endfacet
  facet normal 0 0 0
    outer loop
   vertex -8.645 11.375 1.736
   vertex -8.75 11.48 1.736
   vertex -8.645 11.205 1.736
  endloop
 endfacet
  facet normal 0 0 0
    outer loop
   vertex -8.495 11.205 1.736
   vertex -8.645 11.375 1.736
   vertex -8.645 11.205 1.736
  endloop
 endfacet
  facet normal 0 0 0
    outer loop
   vertex -8.325 11.205 1.736
   vertex -8.495 11.375 1.736
   vertex -8.495 11.205 1.736
  endloop
 endfacet
  facet normal 0 0 0
    outer loop
   vertex -8.005 11.695 1.736
   vertex -8.175 11.845 1.736
   vertex -8.175 11.695 1.736
  endloop
 endfacet
  facet normal 0 0 0
    outer loop
   vertex -7.855 11.695 1.736
   vertex -8.005 11.695 1.736
   vertex -7.855 11.525 1.736
  endloop
 endfacet
  facet normal 0 0 0
    outer loop
   vertex -7.75 11.95 1.736
   vertex -7.855 11.95 1.736
   vertex -7.855 11.845 1.736
  endloop
 endfacet
  facet normal 0 0 0
    outer loop
   vertex -7.75 11.95 1.736
   vertex -7.855 11.845 1.736
   vertex -7.855 11.695 1.736
  endloop
 endfacet
  facet normal 0 0 0
    outer loop
   vertex -8.005 11.845 1.736
   vertex -8.175 11.845 1.736
   vertex -8.005 11.695 1.736
  endloop
 endfacet
  facet normal 0 0 0
    outer loop
   vertex -8.005 11.845 1.736
   vertex -7.855 11.95 1.736
   vertex -8.175 11.845 1.736
  endloop
 endfacet
  facet normal 0 0 0
    outer loop
   vertex -7.855 11.845 1.736
   vertex -7.855 11.95 1.736
   vertex -8.005 11.845 1.736
  endloop
 endfacet
  facet normal 0 0 0
    outer loop
   vertex -8.005 11.375 1.736
   vertex -8.175 11.525 1.736
   vertex -8.175 11.375 1.736
  endloop
 endfacet
  facet normal 0 0 0
    outer loop
   vertex -7.855 11.205 1.736
   vertex -8.005 11.375 1.736
   vertex -8.005 11.205 1.736
  endloop
 endfacet
  facet normal 0 0 0
    outer loop
   vertex -8.005 11.375 1.736
   vertex -8.175 11.375 1.736
   vertex -8.005 11.205 1.736
  endloop
 endfacet
  facet normal 0 0 0
    outer loop
   vertex -7.855 11.375 1.736
   vertex -8.005 11.375 1.736
   vertex -7.855 11.205 1.736
  endloop
 endfacet
  facet normal 0 0 0
    outer loop
   vertex -8.005 11.525 1.736
   vertex -8.175 11.525 1.736
   vertex -8.005 11.375 1.736
  endloop
 endfacet
  facet normal 0 0 0
    outer loop
   vertex -7.855 11.205 1.736
   vertex -7.855 11.055 1.736
   vertex -7.75 10.95 1.736
  endloop
 endfacet
  facet normal 0 0 0
    outer loop
   vertex -7.75 10.95 1.736
   vertex -8.005 11.055 1.736
   vertex -8.25 10.95 1.736
  endloop
 endfacet
  facet normal 0 0 0
    outer loop
   vertex -8.005 11.055 1.736
   vertex -8.175 11.055 1.736
   vertex -8.25 10.95 1.736
  endloop
 endfacet
  facet normal 0 0 0
    outer loop
   vertex -7.75 11.45 1.736
   vertex -7.855 11.525 1.736
   vertex -7.855 11.375 1.736
  endloop
 endfacet
  facet normal 0 0 0
    outer loop
   vertex -7.75 11.45 1.736
   vertex -7.855 11.205 1.736
   vertex -7.75 10.95 1.736
  endloop
 endfacet
  facet normal 0 0 0
    outer loop
   vertex -7.75 11.45 1.736
   vertex -7.855 11.375 1.736
   vertex -7.855 11.205 1.736
  endloop
 endfacet
  facet normal 0 0 0
    outer loop
   vertex -7.75 11.95 1.736
   vertex -7.855 11.695 1.736
   vertex -7.75 11.45 1.736
  endloop
 endfacet
  facet normal 0 0 0
    outer loop
   vertex -7.855 11.695 1.736
   vertex -7.855 11.525 1.736
   vertex -7.75 11.45 1.736
  endloop
 endfacet
  facet normal 0 0 0
    outer loop
   vertex -8.005 11.205 1.736
   vertex -8.175 11.205 1.736
   vertex -8.005 11.055 1.736
  endloop
 endfacet
  facet normal 0 0 0
    outer loop
   vertex -7.855 12.855 1.736
   vertex -8.25 12.421 1.736
   vertex -7.855 11.95 1.736
  endloop
 endfacet
  facet normal 0 0 0
    outer loop
   vertex -7.855 11.95 1.736
   vertex -8.25 12.421 1.736
   vertex -8.175 11.845 1.736
  endloop
 endfacet
  facet normal 0 0 0
    outer loop
   vertex -8.005 11.525 1.736
   vertex -8.175 11.695 1.736
   vertex -8.175 11.525 1.736
  endloop
 endfacet
  facet normal 0 0 0
    outer loop
   vertex -8.005 11.205 1.736
   vertex -8.175 11.375 1.736
   vertex -8.175 11.205 1.736
  endloop
 endfacet
  facet normal 0 0 0
    outer loop
   vertex -8.005 11.055 1.736
   vertex -8.175 11.205 1.736
   vertex -8.175 11.055 1.736
  endloop
 endfacet
  facet normal 0 0 0
    outer loop
   vertex -7.855 11.055 1.736
   vertex -8.005 11.055 1.736
   vertex -7.75 10.95 1.736
  endloop
 endfacet
  facet normal 0 0 0
    outer loop
   vertex -8.005 11.695 1.736
   vertex -8.175 11.695 1.736
   vertex -8.005 11.525 1.736
  endloop
 endfacet
  facet normal 0 0 0
    outer loop
   vertex -7.625 13.145 1.736
   vertex -7.855 13.145 1.736
   vertex -7.625 12.855 1.736
  endloop
 endfacet
  facet normal 0 0 0
    outer loop
   vertex -7.855 11.525 1.736
   vertex -8.005 11.695 1.736
   vertex -8.005 11.525 1.736
  endloop
 endfacet
  facet normal 0 0 0
    outer loop
   vertex -7.625 12.855 1.736
   vertex -7.855 13.145 1.736
   vertex -7.855 12.855 1.736
  endloop
 endfacet
  facet normal 0 0 0
    outer loop
   vertex -5.835 14.555 1.736
   vertex -6.065 14.845 1.736
   vertex -6.065 14.555 1.736
  endloop
 endfacet
  facet normal 0 0 0
    outer loop
   vertex -5.835 14.845 1.736
   vertex -6.065 14.845 1.736
   vertex -5.835 14.555 1.736
  endloop
 endfacet
  facet normal 0 0 0
    outer loop
   vertex -5.835 16.255 1.736
   vertex -6.065 16.545 1.736
   vertex -6.065 16.255 1.736
  endloop
 endfacet
  facet normal 0 0 0
    outer loop
   vertex -5.835 16.545 1.736
   vertex -6.065 16.545 1.736
   vertex -5.835 16.255 1.736
  endloop
 endfacet
  facet normal 0 0 0
    outer loop
   vertex -5.835 17.955 1.736
   vertex -6.065 18.245 1.736
   vertex -6.065 17.955 1.736
  endloop
 endfacet
  facet normal 0 0 0
    outer loop
   vertex -5.835 18.245 1.736
   vertex -6.065 18.245 1.736
   vertex -5.835 17.955 1.736
  endloop
 endfacet
  facet normal 0 0 0
    outer loop
   vertex -5.835 12.855 1.736
   vertex -6.065 13.145 1.736
   vertex -6.065 12.855 1.736
  endloop
 endfacet
  facet normal 0 0 0
    outer loop
   vertex -5.055 18.245 1.736
   vertex -5.835 18.245 1.736
   vertex -5.835 17.955 1.736
  endloop
 endfacet
  facet normal 0 0 0
    outer loop
   vertex -5.835 13.145 1.736
   vertex -6.065 13.145 1.736
   vertex -5.835 12.855 1.736
  endloop
 endfacet
  facet normal 0 0 0
    outer loop
   vertex -4.825 18.245 1.736
   vertex -5.055 18.245 1.736
   vertex -4.825 17.955 1.736
  endloop
 endfacet
  facet normal 0 0 0
    outer loop
   vertex -4.825 17.955 1.736
   vertex -5.055 18.245 1.736
   vertex -5.055 17.955 1.736
  endloop
 endfacet
  facet normal 0 0 0
    outer loop
   vertex -5.055 17.955 1.736
   vertex -5.055 18.245 1.736
   vertex -5.835 17.955 1.736
  endloop
 endfacet
  facet normal 0 0 0
    outer loop
   vertex -5.055 17.955 1.736
   vertex -5.835 17.955 1.736
   vertex -5.835 16.545 1.736
  endloop
 endfacet
  facet normal 0 0 0
    outer loop
   vertex -5.055 16.545 1.736
   vertex -5.835 16.545 1.736
   vertex -5.835 16.255 1.736
  endloop
 endfacet
  facet normal 0 0 0
    outer loop
   vertex -5.055 16.545 1.736
   vertex -5.055 17.955 1.736
   vertex -5.835 16.545 1.736
  endloop
 endfacet
  facet normal 0 0 0
    outer loop
   vertex -4.825 16.545 1.736
   vertex -5.055 16.545 1.736
   vertex -4.825 16.255 1.736
  endloop
 endfacet
  facet normal 0 0 0
    outer loop
   vertex -5.055 16.255 1.736
   vertex -5.835 16.255 1.736
   vertex -5.835 14.845 1.736
  endloop
 endfacet
  facet normal 0 0 0
    outer loop
   vertex -5.055 16.255 1.736
   vertex -5.055 16.545 1.736
   vertex -5.835 16.255 1.736
  endloop
 endfacet
  facet normal 0 0 0
    outer loop
   vertex -4.825 16.255 1.736
   vertex -5.055 16.545 1.736
   vertex -5.055 16.255 1.736
  endloop
 endfacet
  facet normal 0 0 0
    outer loop
   vertex -5.055 14.845 1.736
   vertex -5.835 14.845 1.736
   vertex -5.835 14.555 1.736
  endloop
 endfacet
  facet normal 0 0 0
    outer loop
   vertex -5.055 14.845 1.736
   vertex -5.055 16.255 1.736
   vertex -5.835 14.845 1.736
  endloop
 endfacet
  facet normal 0 0 0
    outer loop
   vertex -4.825 14.845 1.736
   vertex -5.055 14.845 1.736
   vertex -4.825 14.555 1.736
  endloop
 endfacet
  facet normal 0 0 0
    outer loop
   vertex -4.825 14.555 1.736
   vertex -5.055 14.845 1.736
   vertex -5.055 14.555 1.736
  endloop
 endfacet
  facet normal 0 0 0
    outer loop
   vertex -5.055 14.555 1.736
   vertex -5.055 14.845 1.736
   vertex -5.835 14.555 1.736
  endloop
 endfacet
  facet normal 0 0 0
    outer loop
   vertex -5.055 14.555 1.736
   vertex -5.835 14.555 1.736
   vertex -5.835 13.145 1.736
  endloop
 endfacet
  facet normal 0 0 0
    outer loop
   vertex -5.055 13.145 1.736
   vertex -5.835 13.145 1.736
   vertex -5.835 12.855 1.736
  endloop
 endfacet
  facet normal 0 0 0
    outer loop
   vertex -5.055 13.145 1.736
   vertex -5.055 14.555 1.736
   vertex -5.835 13.145 1.736
  endloop
 endfacet
  facet normal 0 0 0
    outer loop
   vertex -4.825 13.145 1.736
   vertex -5.055 13.145 1.736
   vertex -4.825 12.855 1.736
  endloop
 endfacet
  facet normal 0 0 0
    outer loop
   vertex -5.055 12.855 1.736
   vertex -5.055 13.145 1.736
   vertex -5.835 12.855 1.736
  endloop
 endfacet
  facet normal 0 0 0
    outer loop
   vertex -4.825 12.855 1.736
   vertex -5.055 13.145 1.736
   vertex -5.055 12.855 1.736
  endloop
 endfacet
  facet normal 0 0 0
    outer loop
   vertex -5.685 11.055 1.736
   vertex -5.835 11.055 1.736
   vertex -5.94 10.95 1.736
  endloop
 endfacet
  facet normal 0 0 0
    outer loop
   vertex -5.835 11.055 1.736
   vertex -5.835 11.205 1.736
   vertex -5.94 10.95 1.736
  endloop
 endfacet
  facet normal 0 0 0
    outer loop
   vertex -5.515 11.055 1.736
   vertex -5.685 11.205 1.736
   vertex -5.685 11.055 1.736
  endloop
 endfacet
  facet normal 0 0 0
    outer loop
   vertex -5.515 11.205 1.736
   vertex -5.685 11.205 1.736
   vertex -5.515 11.055 1.736
  endloop
 endfacet
  facet normal 0 0 0
    outer loop
   vertex -5.195 11.055 1.736
   vertex -5.365 11.205 1.736
   vertex -5.365 11.055 1.736
  endloop
 endfacet
  facet normal 0 0 0
    outer loop
   vertex -5.045 11.055 1.736
   vertex -5.195 11.055 1.736
   vertex -4.94 10.95 1.736
  endloop
 endfacet
  facet normal 0 0 0
    outer loop
   vertex -5.045 11.205 1.736
   vertex -5.045 11.055 1.736
   vertex -4.94 10.95 1.736
  endloop
 endfacet
  facet normal 0 0 0
    outer loop
   vertex -5.195 11.205 1.736
   vertex -5.365 11.205 1.736
   vertex -5.195 11.055 1.736
  endloop
 endfacet
  facet normal 0 0 0
    outer loop
   vertex -5.685 11.205 1.736
   vertex -5.835 11.375 1.736
   vertex -5.835 11.205 1.736
  endloop
 endfacet
  facet normal 0 0 0
    outer loop
   vertex -5.515 11.205 1.736
   vertex -5.685 11.375 1.736
   vertex -5.685 11.205 1.736
  endloop
 endfacet
  facet normal 0 0 0
    outer loop
   vertex -5.685 11.375 1.736
   vertex -5.835 11.375 1.736
   vertex -5.685 11.205 1.736
  endloop
 endfacet
  facet normal 0 0 0
    outer loop
   vertex -5.515 11.375 1.736
   vertex -5.685 11.525 1.736
   vertex -5.685 11.375 1.736
  endloop
 endfacet
  facet normal 0 0 0
    outer loop
   vertex -5.515 11.375 1.736
   vertex -5.685 11.375 1.736
   vertex -5.515 11.205 1.736
  endloop
 endfacet
  facet normal 0 0 0
    outer loop
   vertex -5.365 11.205 1.736
   vertex -5.515 11.375 1.736
   vertex -5.515 11.205 1.736
  endloop
 endfacet
  facet normal 0 0 0
    outer loop
   vertex -5.195 11.205 1.736
   vertex -5.365 11.375 1.736
   vertex -5.365 11.205 1.736
  endloop
 endfacet
  facet normal 0 0 0
    outer loop
   vertex -5.365 11.375 1.736
   vertex -5.515 11.375 1.736
   vertex -5.365 11.205 1.736
  endloop
 endfacet
  facet normal 0 0 0
    outer loop
   vertex -5.515 11.525 1.736
   vertex -5.685 11.525 1.736
   vertex -5.515 11.375 1.736
  endloop
 endfacet
  facet normal 0 0 0
    outer loop
   vertex -5.195 11.375 1.736
   vertex -5.365 11.525 1.736
   vertex -5.365 11.375 1.736
  endloop
 endfacet
  facet normal 0 0 0
    outer loop
   vertex -5.045 11.205 1.736
   vertex -5.195 11.375 1.736
   vertex -5.195 11.205 1.736
  endloop
 endfacet
  facet normal 0 0 0
    outer loop
   vertex -5.195 11.375 1.736
   vertex -5.365 11.375 1.736
   vertex -5.195 11.205 1.736
  endloop
 endfacet
  facet normal 0 0 0
    outer loop
   vertex -5.045 11.375 1.736
   vertex -5.195 11.375 1.736
   vertex -5.045 11.205 1.736
  endloop
 endfacet
  facet normal 0 0 0
    outer loop
   vertex -5.195 11.525 1.736
   vertex -5.365 11.525 1.736
   vertex -5.195 11.375 1.736
  endloop
 endfacet
  facet normal 0 0 0
    outer loop
   vertex -5.685 11.525 1.736
   vertex -5.835 11.695 1.736
   vertex -5.835 11.525 1.736
  endloop
 endfacet
  facet normal 0 0 0
    outer loop
   vertex -5.515 11.525 1.736
   vertex -5.685 11.695 1.736
   vertex -5.685 11.525 1.736
  endloop
 endfacet
  facet normal 0 0 0
    outer loop
   vertex -5.685 11.695 1.736
   vertex -5.835 11.695 1.736
   vertex -5.685 11.525 1.736
  endloop
 endfacet
  facet normal 0 0 0
    outer loop
   vertex -5.685 11.845 1.736
   vertex -5.835 11.95 1.736
   vertex -5.835 11.845 1.736
  endloop
 endfacet
  facet normal 0 0 0
    outer loop
   vertex -5.835 11.845 1.736
   vertex -5.94 11.95 1.736
   vertex -5.835 11.695 1.736
  endloop
 endfacet
  facet normal 0 0 0
    outer loop
   vertex -5.835 11.95 1.736
   vertex -5.94 11.95 1.736
   vertex -5.835 11.845 1.736
  endloop
 endfacet
  facet normal 0 0 0
    outer loop
   vertex -5.515 11.695 1.736
   vertex -5.685 11.845 1.736
   vertex -5.685 11.695 1.736
  endloop
 endfacet
  facet normal 0 0 0
    outer loop
   vertex -5.515 11.695 1.736
   vertex -5.685 11.695 1.736
   vertex -5.515 11.525 1.736
  endloop
 endfacet
  facet normal 0 0 0
    outer loop
   vertex -5.365 11.525 1.736
   vertex -5.515 11.695 1.736
   vertex -5.515 11.525 1.736
  endloop
 endfacet
  facet normal 0 0 0
    outer loop
   vertex -5.195 11.525 1.736
   vertex -5.365 11.695 1.736
   vertex -5.365 11.525 1.736
  endloop
 endfacet
  facet normal 0 0 0
    outer loop
   vertex -5.365 11.695 1.736
   vertex -5.515 11.695 1.736
   vertex -5.365 11.525 1.736
  endloop
 endfacet
  facet normal 0 0 0
    outer loop
   vertex -5.515 11.845 1.736
   vertex -5.835 11.95 1.736
   vertex -5.685 11.845 1.736
  endloop
 endfacet
  facet normal 0 0 0
    outer loop
   vertex -5.515 11.845 1.736
   vertex -5.685 11.845 1.736
   vertex -5.515 11.695 1.736
  endloop
 endfacet
  facet normal 0 0 0
    outer loop
   vertex -5.195 11.695 1.736
   vertex -5.365 11.695 1.736
   vertex -5.195 11.525 1.736
  endloop
 endfacet
  facet normal 0 0 0
    outer loop
   vertex -5.045 11.525 1.736
   vertex -5.195 11.695 1.736
   vertex -5.195 11.525 1.736
  endloop
 endfacet
  facet normal 0 0 0
    outer loop
   vertex -5.195 11.695 1.736
   vertex -5.365 11.845 1.736
   vertex -5.365 11.695 1.736
  endloop
 endfacet
  facet normal 0 0 0
    outer loop
   vertex -5.045 11.695 1.736
   vertex -5.195 11.695 1.736
   vertex -5.045 11.525 1.736
  endloop
 endfacet
  facet normal 0 0 0
    outer loop
   vertex -4.94 11.95 1.736
   vertex -5.055 11.95 1.736
   vertex -5.045 11.845 1.736
  endloop
 endfacet
  facet normal 0 0 0
    outer loop
   vertex -4.94 11.95 1.736
   vertex -5.045 11.845 1.736
   vertex -5.045 11.695 1.736
  endloop
 endfacet
  facet normal 0 0 0
    outer loop
   vertex -5.195 11.845 1.736
   vertex -5.365 11.845 1.736
   vertex -5.195 11.695 1.736
  endloop
 endfacet
  facet normal 0 0 0
    outer loop
   vertex -5.195 11.845 1.736
   vertex -5.055 11.95 1.736
   vertex -5.365 11.845 1.736
  endloop
 endfacet
  facet normal 0 0 0
    outer loop
   vertex -5.045 11.845 1.736
   vertex -5.055 11.95 1.736
   vertex -5.195 11.845 1.736
  endloop
 endfacet
  facet normal 0 0 0
    outer loop
   vertex -5.365 11.055 1.736
   vertex -5.515 11.055 1.736
   vertex -5.44 10.95 1.736
  endloop
 endfacet
  facet normal 0 0 0
    outer loop
   vertex -5.44 10.95 1.736
   vertex -5.685 11.055 1.736
   vertex -5.94 10.95 1.736
  endloop
 endfacet
  facet normal 0 0 0
    outer loop
   vertex -5.515 11.055 1.736
   vertex -5.685 11.055 1.736
   vertex -5.44 10.95 1.736
  endloop
 endfacet
  facet normal 0 0 0
    outer loop
   vertex -4.94 10.95 1.736
   vertex -5.195 11.055 1.736
   vertex -5.44 10.95 1.736
  endloop
 endfacet
  facet normal 0 0 0
    outer loop
   vertex -5.195 11.055 1.736
   vertex -5.365 11.055 1.736
   vertex -5.44 10.95 1.736
  endloop
 endfacet
  facet normal 0 0 0
    outer loop
   vertex -5.835 11.525 1.736
   vertex -5.94 11.45 1.736
   vertex -5.835 11.375 1.736
  endloop
 endfacet
  facet normal 0 0 0
    outer loop
   vertex -5.835 11.375 1.736
   vertex -5.94 11.45 1.736
   vertex -5.835 11.205 1.736
  endloop
 endfacet
  facet normal 0 0 0
    outer loop
   vertex -5.835 11.205 1.736
   vertex -5.94 11.45 1.736
   vertex -5.94 10.95 1.736
  endloop
 endfacet
  facet normal 0 0 0
    outer loop
   vertex -5.835 11.695 1.736
   vertex -5.94 11.95 1.736
   vertex -5.94 11.45 1.736
  endloop
 endfacet
  facet normal 0 0 0
    outer loop
   vertex -5.835 11.525 1.736
   vertex -5.835 11.695 1.736
   vertex -5.94 11.45 1.736
  endloop
 endfacet
  facet normal 0 0 0
    outer loop
   vertex -4.94 11.45 1.736
   vertex -5.045 11.525 1.736
   vertex -5.045 11.375 1.736
  endloop
 endfacet
  facet normal 0 0 0
    outer loop
   vertex -4.94 11.45 1.736
   vertex -5.045 11.205 1.736
   vertex -4.94 10.95 1.736
  endloop
 endfacet
  facet normal 0 0 0
    outer loop
   vertex -4.94 11.45 1.736
   vertex -5.045 11.375 1.736
   vertex -5.045 11.205 1.736
  endloop
 endfacet
  facet normal 0 0 0
    outer loop
   vertex -4.94 11.95 1.736
   vertex -5.045 11.695 1.736
   vertex -4.94 11.45 1.736
  endloop
 endfacet
  facet normal 0 0 0
    outer loop
   vertex -5.045 11.695 1.736
   vertex -5.045 11.525 1.736
   vertex -4.94 11.45 1.736
  endloop
 endfacet
  facet normal 0 0 0
    outer loop
   vertex -5.055 12.855 1.736
   vertex -5.835 12.855 1.736
   vertex -5.44 12.421 1.736
  endloop
 endfacet
  facet normal 0 0 0
    outer loop
   vertex -5.44 12.421 1.736
   vertex -5.835 11.95 1.736
   vertex -5.515 11.845 1.736
  endloop
 endfacet
  facet normal 0 0 0
    outer loop
   vertex -5.44 12.421 1.736
   vertex -5.835 12.855 1.736
   vertex -5.835 11.95 1.736
  endloop
 endfacet
  facet normal 0 0 0
    outer loop
   vertex -5.365 11.845 1.736
   vertex -5.44 12.421 1.736
   vertex -5.515 11.845 1.736
  endloop
 endfacet
  facet normal 0 0 0
    outer loop
   vertex -5.055 11.95 1.736
   vertex -5.44 12.421 1.736
   vertex -5.365 11.845 1.736
  endloop
 endfacet
  facet normal 0 0 0
    outer loop
   vertex -5.055 12.855 1.736
   vertex -5.44 12.421 1.736
   vertex -5.055 11.95 1.736
  endloop
 endfacet
  facet normal 0 0 0
    outer loop
   vertex -8.75 5.85 2.006
   vertex -4.94 8.9 2.006
   vertex -4.94 5.85 2.006
  endloop
 endfacet
  facet normal 0 0 0
    outer loop
   vertex -8.75 5.85 2.006
   vertex -8.75 8.9 2.006
   vertex -4.94 8.9 2.006
  endloop
 endfacet
  facet normal 0 0 0
    outer loop
   vertex -6.316 11.13 2.006
   vertex -7.49 11.29 2.006
   vertex -6.845 11.95 2.006
  endloop
 endfacet
  facet normal 0 0 0
    outer loop
   vertex -7.93 10.555 2.006
   vertex -7.49 11.29 2.006
   vertex -6.316 11.13 2.006
  endloop
 endfacet
  facet normal 0 0 0
    outer loop
   vertex -8.75 8.9 2.006
   vertex -7.93 10.555 2.006
   vertex -4.94 8.9 2.006
  endloop
 endfacet
  facet normal 0 0 0
    outer loop
   vertex -4.94 8.9 2.006
   vertex -7.93 10.555 2.006
   vertex -5.76 10.555 2.006
  endloop
 endfacet
  facet normal 0 0 0
    outer loop
   vertex -7.93 10.555 2.006
   vertex -6.316 11.13 2.006
   vertex -5.76 10.555 2.006
  endloop
 endfacet
  facet normal 0 0 0
    outer loop
   vertex -5.685 11.375 2.006
   vertex -5.685 11.525 2.006
   vertex -5.515 11.375 2.006
  endloop
 endfacet
  facet normal 0 0 0
    outer loop
   vertex -5.515 11.205 2.006
   vertex -5.515 11.375 2.006
   vertex -5.365 11.205 2.006
  endloop
 endfacet
  facet normal 0 0 0
    outer loop
   vertex -5.515 11.205 2.006
   vertex -5.685 11.375 2.006
   vertex -5.515 11.375 2.006
  endloop
 endfacet
  facet normal 0 0 0
    outer loop
   vertex -5.365 11.205 2.006
   vertex -5.365 11.375 2.006
   vertex -5.195 11.205 2.006
  endloop
 endfacet
  facet normal 0 0 0
    outer loop
   vertex -5.365 11.205 2.006
   vertex -5.515 11.375 2.006
   vertex -5.365 11.375 2.006
  endloop
 endfacet
  facet normal 0 0 0
    outer loop
   vertex -5.515 11.375 2.006
   vertex -5.685 11.525 2.006
   vertex -5.515 11.525 2.006
  endloop
 endfacet
  facet normal 0 0 0
    outer loop
   vertex -5.365 11.375 2.006
   vertex -5.365 11.525 2.006
   vertex -5.195 11.375 2.006
  endloop
 endfacet
  facet normal 0 0 0
    outer loop
   vertex -5.195 11.205 2.006
   vertex -5.195 11.375 2.006
   vertex -5.045 11.205 2.006
  endloop
 endfacet
  facet normal 0 0 0
    outer loop
   vertex -5.195 11.205 2.006
   vertex -5.365 11.375 2.006
   vertex -5.195 11.375 2.006
  endloop
 endfacet
  facet normal 0 0 0
    outer loop
   vertex -5.045 11.205 2.006
   vertex -5.195 11.375 2.006
   vertex -5.045 11.375 2.006
  endloop
 endfacet
  facet normal 0 0 0
    outer loop
   vertex -5.195 11.375 2.006
   vertex -5.365 11.525 2.006
   vertex -5.195 11.525 2.006
  endloop
 endfacet
  facet normal 0 0 0
    outer loop
   vertex -5.835 11.525 2.006
   vertex -5.835 11.695 2.006
   vertex -5.685 11.525 2.006
  endloop
 endfacet
  facet normal 0 0 0
    outer loop
   vertex -5.685 11.525 2.006
   vertex -5.685 11.695 2.006
   vertex -5.515 11.525 2.006
  endloop
 endfacet
  facet normal 0 0 0
    outer loop
   vertex -5.685 11.525 2.006
   vertex -5.835 11.695 2.006
   vertex -5.685 11.695 2.006
  endloop
 endfacet
  facet normal 0 0 0
    outer loop
   vertex -5.685 11.695 2.006
   vertex -5.685 11.845 2.006
   vertex -5.515 11.695 2.006
  endloop
 endfacet
  facet normal 0 0 0
    outer loop
   vertex -5.515 11.525 2.006
   vertex -5.515 11.695 2.006
   vertex -5.365 11.525 2.006
  endloop
 endfacet
  facet normal 0 0 0
    outer loop
   vertex -5.515 11.525 2.006
   vertex -5.685 11.695 2.006
   vertex -5.515 11.695 2.006
  endloop
 endfacet
  facet normal 0 0 0
    outer loop
   vertex -5.365 11.525 2.006
   vertex -5.365 11.695 2.006
   vertex -5.195 11.525 2.006
  endloop
 endfacet
  facet normal 0 0 0
    outer loop
   vertex -5.365 11.525 2.006
   vertex -5.515 11.695 2.006
   vertex -5.365 11.695 2.006
  endloop
 endfacet
  facet normal 0 0 0
    outer loop
   vertex -5.515 11.695 2.006
   vertex -5.685 11.845 2.006
   vertex -5.515 11.845 2.006
  endloop
 endfacet
  facet normal 0 0 0
    outer loop
   vertex -5.195 11.525 2.006
   vertex -5.365 11.695 2.006
   vertex -5.195 11.695 2.006
  endloop
 endfacet
  facet normal 0 0 0
    outer loop
   vertex -5.195 11.525 2.006
   vertex -5.195 11.695 2.006
   vertex -5.045 11.525 2.006
  endloop
 endfacet
  facet normal 0 0 0
    outer loop
   vertex -5.365 11.695 2.006
   vertex -5.365 11.845 2.006
   vertex -5.195 11.695 2.006
  endloop
 endfacet
  facet normal 0 0 0
    outer loop
   vertex -5.045 11.525 2.006
   vertex -5.195 11.695 2.006
   vertex -5.045 11.695 2.006
  endloop
 endfacet
  facet normal 0 0 0
    outer loop
   vertex -5.045 11.695 2.006
   vertex -5.045 11.845 2.006
   vertex -4.94 11.95 2.006
  endloop
 endfacet
  facet normal 0 0 0
    outer loop
   vertex -5.195 11.845 2.006
   vertex -4.94 11.95 2.006
   vertex -5.045 11.845 2.006
  endloop
 endfacet
  facet normal 0 0 0
    outer loop
   vertex -5.195 11.695 2.006
   vertex -5.365 11.845 2.006
   vertex -5.195 11.845 2.006
  endloop
 endfacet
  facet normal 0 0 0
    outer loop
   vertex -5.685 11.055 2.006
   vertex -5.685 11.205 2.006
   vertex -5.515 11.055 2.006
  endloop
 endfacet
  facet normal 0 0 0
    outer loop
   vertex -5.515 11.055 2.006
   vertex -5.685 11.205 2.006
   vertex -5.515 11.205 2.006
  endloop
 endfacet
  facet normal 0 0 0
    outer loop
   vertex -4.94 11.188 2.006
   vertex -5.045 11.205 2.006
   vertex -5.045 11.375 2.006
  endloop
 endfacet
  facet normal 0 0 0
    outer loop
   vertex -5.045 11.055 2.006
   vertex -5.045 11.205 2.006
   vertex -4.94 11.188 2.006
  endloop
 endfacet
  facet normal 0 0 0
    outer loop
   vertex -5.835 11.845 2.006
   vertex -5.893 11.95 2.006
   vertex -5.685 11.845 2.006
  endloop
 endfacet
  facet normal 0 0 0
    outer loop
   vertex -4.94 11.569 2.006
   vertex -5.045 11.695 2.006
   vertex -4.94 11.95 2.006
  endloop
 endfacet
  facet normal 0 0 0
    outer loop
   vertex -5.045 11.525 2.006
   vertex -5.045 11.695 2.006
   vertex -4.94 11.569 2.006
  endloop
 endfacet
  facet normal 0 0 0
    outer loop
   vertex -4.94 11.188 2.006
   vertex -5.045 11.375 2.006
   vertex -4.94 11.569 2.006
  endloop
 endfacet
  facet normal 0 0 0
    outer loop
   vertex -5.045 11.375 2.006
   vertex -5.045 11.525 2.006
   vertex -4.94 11.569 2.006
  endloop
 endfacet
  facet normal 0 0 0
    outer loop
   vertex -5.195 11.845 2.006
   vertex -5.416 11.95 2.006
   vertex -4.94 11.95 2.006
  endloop
 endfacet
  facet normal 0 0 0
    outer loop
   vertex -5.365 11.845 2.006
   vertex -5.416 11.95 2.006
   vertex -5.195 11.845 2.006
  endloop
 endfacet
  facet normal 0 0 0
    outer loop
   vertex -5.515 11.845 2.006
   vertex -5.416 11.95 2.006
   vertex -5.365 11.845 2.006
  endloop
 endfacet
  facet normal 0 0 0
    outer loop
   vertex -5.685 11.845 2.006
   vertex -5.416 11.95 2.006
   vertex -5.515 11.845 2.006
  endloop
 endfacet
  facet normal 0 0 0
    outer loop
   vertex -5.685 11.845 2.006
   vertex -5.893 11.95 2.006
   vertex -5.416 11.95 2.006
  endloop
 endfacet
  facet normal 0 0 0
    outer loop
   vertex -4.94 10.806 2.006
   vertex -5.045 11.055 2.006
   vertex -4.94 11.188 2.006
  endloop
 endfacet
  facet normal 0 0 0
    outer loop
   vertex -4.94 10.806 2.006
   vertex -5.195 11.055 2.006
   vertex -5.045 11.055 2.006
  endloop
 endfacet
  facet normal 0 0 0
    outer loop
   vertex -5.28 10.713 2.006
   vertex -5.515 11.055 2.006
   vertex -5.365 11.055 2.006
  endloop
 endfacet
  facet normal 0 0 0
    outer loop
   vertex -4.94 10.425 2.006
   vertex -5.28 10.713 2.006
   vertex -4.94 10.806 2.006
  endloop
 endfacet
  facet normal 0 0 0
    outer loop
   vertex -5.28 10.713 2.006
   vertex -5.195 11.055 2.006
   vertex -4.94 10.806 2.006
  endloop
 endfacet
  facet normal 0 0 0
    outer loop
   vertex -5.28 10.713 2.006
   vertex -5.365 11.055 2.006
   vertex -5.195 11.055 2.006
  endloop
 endfacet
  facet normal 0 0 0
    outer loop
   vertex -5.835 11.055 2.006
   vertex -6.316 11.13 2.006
   vertex -5.835 11.205 2.006
  endloop
 endfacet
  facet normal 0 0 0
    outer loop
   vertex -5.835 11.375 2.006
   vertex -6.132 11.45 2.006
   vertex -5.835 11.525 2.006
  endloop
 endfacet
  facet normal 0 0 0
    outer loop
   vertex -6.316 11.13 2.006
   vertex -6.132 11.45 2.006
   vertex -5.835 11.205 2.006
  endloop
 endfacet
  facet normal 0 0 0
    outer loop
   vertex -5.835 11.205 2.006
   vertex -6.132 11.45 2.006
   vertex -5.835 11.375 2.006
  endloop
 endfacet
  facet normal 0 0 0
    outer loop
   vertex -6.132 11.45 2.006
   vertex -6.845 11.95 2.006
   vertex -6.369 11.95 2.006
  endloop
 endfacet
  facet normal 0 0 0
    outer loop
   vertex -6.316 11.13 2.006
   vertex -6.845 11.95 2.006
   vertex -6.132 11.45 2.006
  endloop
 endfacet
  facet normal 0 0 0
    outer loop
   vertex -5.365 11.055 2.006
   vertex -5.365 11.205 2.006
   vertex -5.195 11.055 2.006
  endloop
 endfacet
  facet normal 0 0 0
    outer loop
   vertex -5.195 11.055 2.006
   vertex -5.365 11.205 2.006
   vertex -5.195 11.205 2.006
  endloop
 endfacet
  facet normal 0 0 0
    outer loop
   vertex -5.835 11.205 2.006
   vertex -5.835 11.375 2.006
   vertex -5.685 11.205 2.006
  endloop
 endfacet
  facet normal 0 0 0
    outer loop
   vertex -4.94 8.9 2.006
   vertex -5.76 10.555 2.006
   vertex -4.94 10.425 2.006
  endloop
 endfacet
  facet normal 0 0 0
    outer loop
   vertex -4.94 10.425 2.006
   vertex -5.76 10.555 2.006
   vertex -5.28 10.713 2.006
  endloop
 endfacet
  facet normal 0 0 0
    outer loop
   vertex -5.685 11.205 2.006
   vertex -5.685 11.375 2.006
   vertex -5.515 11.205 2.006
  endloop
 endfacet
  facet normal 0 0 0
    outer loop
   vertex -5.685 11.205 2.006
   vertex -5.835 11.375 2.006
   vertex -5.685 11.375 2.006
  endloop
 endfacet
  facet normal 0 0 0
    outer loop
   vertex -5.76 10.555 2.006
   vertex -6.316 11.13 2.006
   vertex -5.835 11.055 2.006
  endloop
 endfacet
  facet normal 0 0 0
    outer loop
   vertex -5.76 10.555 2.006
   vertex -5.835 11.055 2.006
   vertex -5.685 11.055 2.006
  endloop
 endfacet
  facet normal 0 0 0
    outer loop
   vertex -5.76 10.555 2.006
   vertex -5.685 11.055 2.006
   vertex -5.515 11.055 2.006
  endloop
 endfacet
  facet normal 0 0 0
    outer loop
   vertex -5.76 10.555 2.006
   vertex -5.515 11.055 2.006
   vertex -5.28 10.713 2.006
  endloop
 endfacet
  facet normal 0 0 0
    outer loop
   vertex -6.132 11.45 2.006
   vertex -6.369 11.95 2.006
   vertex -6.097 11.77 2.006
  endloop
 endfacet
  facet normal 0 0 0
    outer loop
   vertex -6.097 11.77 2.006
   vertex -6.369 11.95 2.006
   vertex -5.893 11.95 2.006
  endloop
 endfacet
  facet normal 0 0 0
    outer loop
   vertex -5.835 11.525 2.006
   vertex -6.097 11.77 2.006
   vertex -5.835 11.695 2.006
  endloop
 endfacet
  facet normal 0 0 0
    outer loop
   vertex -6.132 11.45 2.006
   vertex -6.097 11.77 2.006
   vertex -5.835 11.525 2.006
  endloop
 endfacet
  facet normal 0 0 0
    outer loop
   vertex -5.835 11.695 2.006
   vertex -6.097 11.77 2.006
   vertex -5.835 11.845 2.006
  endloop
 endfacet
  facet normal 0 0 0
    outer loop
   vertex -6.097 11.77 2.006
   vertex -5.893 11.95 2.006
   vertex -5.835 11.845 2.006
  endloop
 endfacet
  facet normal 0 0 0
    outer loop
   vertex -8.75 11.188 2.006
   vertex -8.75 11.569 2.006
   vertex -8.645 11.375 2.006
  endloop
 endfacet
  facet normal 0 0 0
    outer loop
   vertex -8.005 11.845 2.006
   vertex -7.798 11.95 2.006
   vertex -7.855 11.845 2.006
  endloop
 endfacet
  facet normal 0 0 0
    outer loop
   vertex -8.495 11.525 2.006
   vertex -8.645 11.695 2.006
   vertex -8.495 11.695 2.006
  endloop
 endfacet
  facet normal 0 0 0
    outer loop
   vertex -8.645 11.695 2.006
   vertex -8.75 11.95 2.006
   vertex -8.645 11.845 2.006
  endloop
 endfacet
  facet normal 0 0 0
    outer loop
   vertex -8.645 11.845 2.006
   vertex -8.75 11.95 2.006
   vertex -8.495 11.845 2.006
  endloop
 endfacet
  facet normal 0 0 0
    outer loop
   vertex -8.495 11.695 2.006
   vertex -8.495 11.845 2.006
   vertex -8.325 11.695 2.006
  endloop
 endfacet
  facet normal 0 0 0
    outer loop
   vertex -8.325 11.525 2.006
   vertex -8.325 11.695 2.006
   vertex -8.175 11.525 2.006
  endloop
 endfacet
  facet normal 0 0 0
    outer loop
   vertex -8.325 11.525 2.006
   vertex -8.495 11.695 2.006
   vertex -8.325 11.695 2.006
  endloop
 endfacet
  facet normal 0 0 0
    outer loop
   vertex -8.175 11.525 2.006
   vertex -8.175 11.695 2.006
   vertex -8.005 11.525 2.006
  endloop
 endfacet
  facet normal 0 0 0
    outer loop
   vertex -8.175 11.525 2.006
   vertex -8.325 11.695 2.006
   vertex -8.175 11.695 2.006
  endloop
 endfacet
  facet normal 0 0 0
    outer loop
   vertex -8.325 11.695 2.006
   vertex -8.495 11.845 2.006
   vertex -8.325 11.845 2.006
  endloop
 endfacet
  facet normal 0 0 0
    outer loop
   vertex -8.175 11.695 2.006
   vertex -8.175 11.845 2.006
   vertex -8.005 11.695 2.006
  endloop
 endfacet
  facet normal 0 0 0
    outer loop
   vertex -8.75 10.806 2.006
   vertex -8.75 11.188 2.006
   vertex -8.645 11.055 2.006
  endloop
 endfacet
  facet normal 0 0 0
    outer loop
   vertex -8.75 10.806 2.006
   vertex -8.645 11.055 2.006
   vertex -8.495 11.055 2.006
  endloop
 endfacet
  facet normal 0 0 0
    outer loop
   vertex -8.005 11.525 2.006
   vertex -8.005 11.695 2.006
   vertex -7.855 11.525 2.006
  endloop
 endfacet
  facet normal 0 0 0
    outer loop
   vertex -8.005 11.525 2.006
   vertex -8.175 11.695 2.006
   vertex -8.005 11.695 2.006
  endloop
 endfacet
  facet normal 0 0 0
    outer loop
   vertex -8.495 11.845 2.006
   vertex -8.75 11.95 2.006
   vertex -8.274 11.95 2.006
  endloop
 endfacet
  facet normal 0 0 0
    outer loop
   vertex -8.495 11.845 2.006
   vertex -8.274 11.95 2.006
   vertex -8.325 11.845 2.006
  endloop
 endfacet
  facet normal 0 0 0
    outer loop
   vertex -8.325 11.845 2.006
   vertex -8.274 11.95 2.006
   vertex -8.175 11.845 2.006
  endloop
 endfacet
  facet normal 0 0 0
    outer loop
   vertex -8.005 11.845 2.006
   vertex -8.274 11.95 2.006
   vertex -7.798 11.95 2.006
  endloop
 endfacet
  facet normal 0 0 0
    outer loop
   vertex -8.175 11.845 2.006
   vertex -8.274 11.95 2.006
   vertex -8.005 11.845 2.006
  endloop
 endfacet
  facet normal 0 0 0
    outer loop
   vertex -8.41 10.713 2.006
   vertex -8.325 11.055 2.006
   vertex -8.175 11.055 2.006
  endloop
 endfacet
  facet normal 0 0 0
    outer loop
   vertex -8.75 10.425 2.006
   vertex -8.75 10.806 2.006
   vertex -8.41 10.713 2.006
  endloop
 endfacet
  facet normal 0 0 0
    outer loop
   vertex -8.41 10.713 2.006
   vertex -8.495 11.055 2.006
   vertex -8.325 11.055 2.006
  endloop
 endfacet
  facet normal 0 0 0
    outer loop
   vertex -8.41 10.713 2.006
   vertex -8.75 10.806 2.006
   vertex -8.495 11.055 2.006
  endloop
 endfacet
  facet normal 0 0 0
    outer loop
   vertex -7.855 11.525 2.006
   vertex -8.005 11.695 2.006
   vertex -7.855 11.695 2.006
  endloop
 endfacet
  facet normal 0 0 0
    outer loop
   vertex -8.005 11.695 2.006
   vertex -8.175 11.845 2.006
   vertex -8.005 11.845 2.006
  endloop
 endfacet
  facet normal 0 0 0
    outer loop
   vertex -8.005 11.205 2.006
   vertex -8.005 11.375 2.006
   vertex -7.855 11.205 2.006
  endloop
 endfacet
  facet normal 0 0 0
    outer loop
   vertex -8.005 11.205 2.006
   vertex -8.175 11.375 2.006
   vertex -8.005 11.375 2.006
  endloop
 endfacet
  facet normal 0 0 0
    outer loop
   vertex -7.855 11.205 2.006
   vertex -8.005 11.375 2.006
   vertex -7.855 11.375 2.006
  endloop
 endfacet
  facet normal 0 0 0
    outer loop
   vertex -8.005 11.375 2.006
   vertex -8.175 11.525 2.006
   vertex -8.005 11.525 2.006
  endloop
 endfacet
  facet normal 0 0 0
    outer loop
   vertex -8.495 11.055 2.006
   vertex -8.495 11.205 2.006
   vertex -8.325 11.055 2.006
  endloop
 endfacet
  facet normal 0 0 0
    outer loop
   vertex -8.325 11.055 2.006
   vertex -8.495 11.205 2.006
   vertex -8.325 11.205 2.006
  endloop
 endfacet
  facet normal 0 0 0
    outer loop
   vertex -7.855 11.055 2.006
   vertex -7.855 11.205 2.006
   vertex -7.49 11.29 2.006
  endloop
 endfacet
  facet normal 0 0 0
    outer loop
   vertex -7.855 11.205 2.006
   vertex -7.855 11.375 2.006
   vertex -7.49 11.29 2.006
  endloop
 endfacet
  facet normal 0 0 0
    outer loop
   vertex -7.49 11.29 2.006
   vertex -7.855 11.375 2.006
   vertex -7.855 11.525 2.006
  endloop
 endfacet
  facet normal 0 0 0
    outer loop
   vertex -7.49 11.29 2.006
   vertex -7.321 11.95 2.006
   vertex -6.845 11.95 2.006
  endloop
 endfacet
  facet normal 0 0 0
    outer loop
   vertex -8.175 11.055 2.006
   vertex -8.175 11.205 2.006
   vertex -8.005 11.055 2.006
  endloop
 endfacet
  facet normal 0 0 0
    outer loop
   vertex -8.005 11.055 2.006
   vertex -8.175 11.205 2.006
   vertex -8.005 11.205 2.006
  endloop
 endfacet
  facet normal 0 0 0
    outer loop
   vertex -8.645 11.205 2.006
   vertex -8.645 11.375 2.006
   vertex -8.495 11.205 2.006
  endloop
 endfacet
  facet normal 0 0 0
    outer loop
   vertex -7.93 10.555 2.006
   vertex -7.855 11.055 2.006
   vertex -7.49 11.29 2.006
  endloop
 endfacet
  facet normal 0 0 0
    outer loop
   vertex -8.495 11.205 2.006
   vertex -8.495 11.375 2.006
   vertex -8.325 11.205 2.006
  endloop
 endfacet
  facet normal 0 0 0
    outer loop
   vertex -8.495 11.205 2.006
   vertex -8.645 11.375 2.006
   vertex -8.495 11.375 2.006
  endloop
 endfacet
  facet normal 0 0 0
    outer loop
   vertex -7.93 10.555 2.006
   vertex -8.005 11.055 2.006
   vertex -7.855 11.055 2.006
  endloop
 endfacet
  facet normal 0 0 0
    outer loop
   vertex -8.75 10.425 2.006
   vertex -8.41 10.713 2.006
   vertex -7.93 10.555 2.006
  endloop
 endfacet
  facet normal 0 0 0
    outer loop
   vertex -8.75 8.9 2.006
   vertex -8.75 10.425 2.006
   vertex -7.93 10.555 2.006
  endloop
 endfacet
  facet normal 0 0 0
    outer loop
   vertex -7.93 10.555 2.006
   vertex -8.175 11.055 2.006
   vertex -8.005 11.055 2.006
  endloop
 endfacet
  facet normal 0 0 0
    outer loop
   vertex -7.93 10.555 2.006
   vertex -8.41 10.713 2.006
   vertex -8.175 11.055 2.006
  endloop
 endfacet
  facet normal 0 0 0
    outer loop
   vertex -8.495 11.375 2.006
   vertex -8.495 11.525 2.006
   vertex -8.325 11.375 2.006
  endloop
 endfacet
  facet normal 0 0 0
    outer loop
   vertex -8.325 11.205 2.006
   vertex -8.325 11.375 2.006
   vertex -8.175 11.205 2.006
  endloop
 endfacet
  facet normal 0 0 0
    outer loop
   vertex -8.325 11.205 2.006
   vertex -8.495 11.375 2.006
   vertex -8.325 11.375 2.006
  endloop
 endfacet
  facet normal 0 0 0
    outer loop
   vertex -8.175 11.205 2.006
   vertex -8.175 11.375 2.006
   vertex -8.005 11.205 2.006
  endloop
 endfacet
  facet normal 0 0 0
    outer loop
   vertex -8.175 11.205 2.006
   vertex -8.325 11.375 2.006
   vertex -8.175 11.375 2.006
  endloop
 endfacet
  facet normal 0 0 0
    outer loop
   vertex -8.325 11.375 2.006
   vertex -8.495 11.525 2.006
   vertex -8.325 11.525 2.006
  endloop
 endfacet
  facet normal 0 0 0
    outer loop
   vertex -8.175 11.375 2.006
   vertex -8.175 11.525 2.006
   vertex -8.005 11.375 2.006
  endloop
 endfacet
  facet normal 0 0 0
    outer loop
   vertex -8.75 11.188 2.006
   vertex -8.645 11.375 2.006
   vertex -8.645 11.205 2.006
  endloop
 endfacet
  facet normal 0 0 0
    outer loop
   vertex -7.49 11.29 2.006
   vertex -7.593 11.77 2.006
   vertex -7.321 11.95 2.006
  endloop
 endfacet
  facet normal 0 0 0
    outer loop
   vertex -7.593 11.77 2.006
   vertex -7.798 11.95 2.006
   vertex -7.321 11.95 2.006
  endloop
 endfacet
  facet normal 0 0 0
    outer loop
   vertex -7.49 11.29 2.006
   vertex -7.855 11.525 2.006
   vertex -7.593 11.77 2.006
  endloop
 endfacet
  facet normal 0 0 0
    outer loop
   vertex -7.855 11.525 2.006
   vertex -7.855 11.695 2.006
   vertex -7.593 11.77 2.006
  endloop
 endfacet
  facet normal 0 0 0
    outer loop
   vertex -7.855 11.695 2.006
   vertex -7.855 11.845 2.006
   vertex -7.593 11.77 2.006
  endloop
 endfacet
  facet normal 0 0 0
    outer loop
   vertex -7.593 11.77 2.006
   vertex -7.855 11.845 2.006
   vertex -7.798 11.95 2.006
  endloop
 endfacet
  facet normal 0 0 0
    outer loop
   vertex -8.645 11.055 2.006
   vertex -8.75 11.188 2.006
   vertex -8.645 11.205 2.006
  endloop
 endfacet
  facet normal 0 0 0
    outer loop
   vertex -8.645 11.525 2.006
   vertex -8.645 11.695 2.006
   vertex -8.495 11.525 2.006
  endloop
 endfacet
  facet normal 0 0 0
    outer loop
   vertex -8.495 11.525 2.006
   vertex -8.495 11.695 2.006
   vertex -8.325 11.525 2.006
  endloop
 endfacet
  facet normal 0 0 0
    outer loop
   vertex -8.75 11.569 2.006
   vertex -8.75 11.95 2.006
   vertex -8.645 11.695 2.006
  endloop
 endfacet
  facet normal 0 0 0
    outer loop
   vertex -8.645 11.525 2.006
   vertex -8.75 11.569 2.006
   vertex -8.645 11.695 2.006
  endloop
 endfacet
  facet normal 0 0 0
    outer loop
   vertex -8.645 11.375 2.006
   vertex -8.75 11.569 2.006
   vertex -8.645 11.525 2.006
  endloop
 endfacet
  facet normal 0 0 0
    outer loop
   vertex -8.645 11.055 1.736
   vertex -8.645 11.055 2.006
   vertex -8.645 11.205 2.006
  endloop
 endfacet
  facet normal 0 0 0
    outer loop
   vertex -8.645 11.055 1.736
   vertex -8.645 11.205 2.006
   vertex -8.645 11.205 1.736
  endloop
 endfacet
  facet normal 0 0 0
    outer loop
   vertex -8.645 11.375 1.736
   vertex -8.645 11.375 2.006
   vertex -8.645 11.525 2.006
  endloop
 endfacet
  facet normal 0 0 0
    outer loop
   vertex -8.645 11.375 1.736
   vertex -8.645 11.525 2.006
   vertex -8.645 11.525 1.736
  endloop
 endfacet
  facet normal 0 0 0
    outer loop
   vertex -8.645 11.695 1.736
   vertex -8.645 11.695 2.006
   vertex -8.645 11.845 2.006
  endloop
 endfacet
  facet normal 0 0 0
    outer loop
   vertex -8.645 11.695 1.736
   vertex -8.645 11.845 2.006
   vertex -8.645 11.845 1.736
  endloop
 endfacet
  facet normal 0 0 0
    outer loop
   vertex -8.645 11.205 1.736
   vertex -8.645 11.205 2.006
   vertex -8.495 11.205 2.006
  endloop
 endfacet
  facet normal 0 0 0
    outer loop
   vertex -8.645 11.205 1.736
   vertex -8.495 11.205 2.006
   vertex -8.495 11.205 1.736
  endloop
 endfacet
  facet normal 0 0 0
    outer loop
   vertex -8.325 11.205 1.736
   vertex -8.325 11.205 2.006
   vertex -8.175 11.205 2.006
  endloop
 endfacet
  facet normal 0 0 0
    outer loop
   vertex -8.325 11.205 1.736
   vertex -8.175 11.205 2.006
   vertex -8.175 11.205 1.736
  endloop
 endfacet
  facet normal 0 0 0
    outer loop
   vertex -8.005 11.205 1.736
   vertex -8.005 11.205 2.006
   vertex -7.855 11.205 2.006
  endloop
 endfacet
  facet normal 0 0 0
    outer loop
   vertex -8.005 11.205 1.736
   vertex -7.855 11.205 2.006
   vertex -7.855 11.205 1.736
  endloop
 endfacet
  facet normal 0 0 0
    outer loop
   vertex -5.835 11.205 1.736
   vertex -5.835 11.205 2.006
   vertex -5.685 11.205 2.006
  endloop
 endfacet
  facet normal 0 0 0
    outer loop
   vertex -5.835 11.205 1.736
   vertex -5.685 11.205 2.006
   vertex -5.685 11.205 1.736
  endloop
 endfacet
  facet normal 0 0 0
    outer loop
   vertex -5.515 11.205 1.736
   vertex -5.515 11.205 2.006
   vertex -5.365 11.205 2.006
  endloop
 endfacet
  facet normal 0 0 0
    outer loop
   vertex -5.515 11.205 1.736
   vertex -5.365 11.205 2.006
   vertex -5.365 11.205 1.736
  endloop
 endfacet
  facet normal 0 0 0
    outer loop
   vertex -5.195 11.205 1.736
   vertex -5.195 11.205 2.006
   vertex -5.045 11.205 2.006
  endloop
 endfacet
  facet normal 0 0 0
    outer loop
   vertex -5.195 11.205 1.736
   vertex -5.045 11.205 2.006
   vertex -5.045 11.205 1.736
  endloop
 endfacet
  facet normal 0 0 0
    outer loop
   vertex -5.045 11.055 1.736
   vertex -5.045 11.055 2.006
   vertex -5.195 11.055 2.006
  endloop
 endfacet
  facet normal 0 0 0
    outer loop
   vertex -5.045 11.055 1.736
   vertex -5.195 11.055 2.006
   vertex -5.195 11.055 1.736
  endloop
 endfacet
  facet normal 0 0 0
    outer loop
   vertex -5.365 11.055 1.736
   vertex -5.365 11.055 2.006
   vertex -5.515 11.055 2.006
  endloop
 endfacet
  facet normal 0 0 0
    outer loop
   vertex -5.365 11.055 1.736
   vertex -5.515 11.055 2.006
   vertex -5.515 11.055 1.736
  endloop
 endfacet
  facet normal 0 0 0
    outer loop
   vertex -5.685 11.055 1.736
   vertex -5.685 11.055 2.006
   vertex -5.835 11.055 2.006
  endloop
 endfacet
  facet normal 0 0 0
    outer loop
   vertex -5.685 11.055 1.736
   vertex -5.835 11.055 2.006
   vertex -5.835 11.055 1.736
  endloop
 endfacet
  facet normal 0 0 0
    outer loop
   vertex -7.855 11.055 1.736
   vertex -7.855 11.055 2.006
   vertex -8.005 11.055 2.006
  endloop
 endfacet
  facet normal 0 0 0
    outer loop
   vertex -7.855 11.055 1.736
   vertex -8.005 11.055 2.006
   vertex -8.005 11.055 1.736
  endloop
 endfacet
  facet normal 0 0 0
    outer loop
   vertex -8.175 11.055 1.736
   vertex -8.175 11.055 2.006
   vertex -8.325 11.055 2.006
  endloop
 endfacet
  facet normal 0 0 0
    outer loop
   vertex -8.175 11.055 1.736
   vertex -8.325 11.055 2.006
   vertex -8.325 11.055 1.736
  endloop
 endfacet
  facet normal 0 0 0
    outer loop
   vertex -8.495 11.055 1.736
   vertex -8.495 11.055 2.006
   vertex -8.645 11.055 2.006
  endloop
 endfacet
  facet normal 0 0 0
    outer loop
   vertex -8.495 11.055 1.736
   vertex -8.645 11.055 2.006
   vertex -8.645 11.055 1.736
  endloop
 endfacet
  facet normal 0 0 0
    outer loop
   vertex -8.495 11.845 1.736
   vertex -8.495 11.845 2.006
   vertex -8.495 11.695 2.006
  endloop
 endfacet
  facet normal 0 0 0
    outer loop
   vertex -8.495 11.845 1.736
   vertex -8.495 11.695 2.006
   vertex -8.495 11.695 1.736
  endloop
 endfacet
  facet normal 0 0 0
    outer loop
   vertex -8.495 11.525 1.736
   vertex -8.495 11.525 2.006
   vertex -8.495 11.375 2.006
  endloop
 endfacet
  facet normal 0 0 0
    outer loop
   vertex -8.495 11.525 1.736
   vertex -8.495 11.375 2.006
   vertex -8.495 11.375 1.736
  endloop
 endfacet
  facet normal 0 0 0
    outer loop
   vertex -8.495 11.205 1.736
   vertex -8.495 11.205 2.006
   vertex -8.495 11.055 2.006
  endloop
 endfacet
  facet normal 0 0 0
    outer loop
   vertex -8.495 11.205 1.736
   vertex -8.495 11.055 2.006
   vertex -8.495 11.055 1.736
  endloop
 endfacet
  facet normal 0 0 0
    outer loop
   vertex -8.325 11.055 1.736
   vertex -8.325 11.055 2.006
   vertex -8.325 11.205 2.006
  endloop
 endfacet
  facet normal 0 0 0
    outer loop
   vertex -8.325 11.055 1.736
   vertex -8.325 11.205 2.006
   vertex -8.325 11.205 1.736
  endloop
 endfacet
  facet normal 0 0 0
    outer loop
   vertex -8.325 11.375 1.736
   vertex -8.325 11.375 2.006
   vertex -8.325 11.525 2.006
  endloop
 endfacet
  facet normal 0 0 0
    outer loop
   vertex -8.325 11.375 1.736
   vertex -8.325 11.525 2.006
   vertex -8.325 11.525 1.736
  endloop
 endfacet
  facet normal 0 0 0
    outer loop
   vertex -8.325 11.695 1.736
   vertex -8.325 11.695 2.006
   vertex -8.325 11.845 2.006
  endloop
 endfacet
  facet normal 0 0 0
    outer loop
   vertex -8.325 11.695 1.736
   vertex -8.325 11.845 2.006
   vertex -8.325 11.845 1.736
  endloop
 endfacet
  facet normal 0 0 0
    outer loop
   vertex -5.045 11.845 1.736
   vertex -5.045 11.845 2.006
   vertex -5.045 11.695 2.006
  endloop
 endfacet
  facet normal 0 0 0
    outer loop
   vertex -5.045 11.845 1.736
   vertex -5.045 11.695 2.006
   vertex -5.045 11.695 1.736
  endloop
 endfacet
  facet normal 0 0 0
    outer loop
   vertex -5.045 11.525 1.736
   vertex -5.045 11.525 2.006
   vertex -5.045 11.375 2.006
  endloop
 endfacet
  facet normal 0 0 0
    outer loop
   vertex -5.045 11.525 1.736
   vertex -5.045 11.375 2.006
   vertex -5.045 11.375 1.736
  endloop
 endfacet
  facet normal 0 0 0
    outer loop
   vertex -5.045 11.205 1.736
   vertex -5.045 11.205 2.006
   vertex -5.045 11.055 2.006
  endloop
 endfacet
  facet normal 0 0 0
    outer loop
   vertex -5.045 11.205 1.736
   vertex -5.045 11.055 2.006
   vertex -5.045 11.055 1.736
  endloop
 endfacet
  facet normal 0 0 0
    outer loop
   vertex -8.175 11.845 1.736
   vertex -8.175 11.845 2.006
   vertex -8.175 11.695 2.006
  endloop
 endfacet
  facet normal 0 0 0
    outer loop
   vertex -8.175 11.845 1.736
   vertex -8.175 11.695 2.006
   vertex -8.175 11.695 1.736
  endloop
 endfacet
  facet normal 0 0 0
    outer loop
   vertex -8.175 11.525 1.736
   vertex -8.175 11.525 2.006
   vertex -8.175 11.375 2.006
  endloop
 endfacet
  facet normal 0 0 0
    outer loop
   vertex -8.175 11.525 1.736
   vertex -8.175 11.375 2.006
   vertex -8.175 11.375 1.736
  endloop
 endfacet
  facet normal 0 0 0
    outer loop
   vertex -8.175 11.205 1.736
   vertex -8.175 11.205 2.006
   vertex -8.175 11.055 2.006
  endloop
 endfacet
  facet normal 0 0 0
    outer loop
   vertex -8.175 11.205 1.736
   vertex -8.175 11.055 2.006
   vertex -8.175 11.055 1.736
  endloop
 endfacet
  facet normal 0 0 0
    outer loop
   vertex -5.195 11.055 1.736
   vertex -5.195 11.055 2.006
   vertex -5.195 11.205 2.006
  endloop
 endfacet
  facet normal 0 0 0
    outer loop
   vertex -5.195 11.055 1.736
   vertex -5.195 11.205 2.006
   vertex -5.195 11.205 1.736
  endloop
 endfacet
  facet normal 0 0 0
    outer loop
   vertex -5.195 11.375 1.736
   vertex -5.195 11.375 2.006
   vertex -5.195 11.525 2.006
  endloop
 endfacet
  facet normal 0 0 0
    outer loop
   vertex -5.195 11.375 1.736
   vertex -5.195 11.525 2.006
   vertex -5.195 11.525 1.736
  endloop
 endfacet
  facet normal 0 0 0
    outer loop
   vertex -5.195 11.695 1.736
   vertex -5.195 11.695 2.006
   vertex -5.195 11.845 2.006
  endloop
 endfacet
  facet normal 0 0 0
    outer loop
   vertex -5.195 11.695 1.736
   vertex -5.195 11.845 2.006
   vertex -5.195 11.845 1.736
  endloop
 endfacet
  facet normal 0 0 0
    outer loop
   vertex -8.005 11.055 1.736
   vertex -8.005 11.055 2.006
   vertex -8.005 11.205 2.006
  endloop
 endfacet
  facet normal 0 0 0
    outer loop
   vertex -8.005 11.055 1.736
   vertex -8.005 11.205 2.006
   vertex -8.005 11.205 1.736
  endloop
 endfacet
  facet normal 0 0 0
    outer loop
   vertex -8.005 11.375 1.736
   vertex -8.005 11.375 2.006
   vertex -8.005 11.525 2.006
  endloop
 endfacet
  facet normal 0 0 0
    outer loop
   vertex -8.005 11.375 1.736
   vertex -8.005 11.525 2.006
   vertex -8.005 11.525 1.736
  endloop
 endfacet
  facet normal 0 0 0
    outer loop
   vertex -8.005 11.695 1.736
   vertex -8.005 11.695 2.006
   vertex -8.005 11.845 2.006
  endloop
 endfacet
  facet normal 0 0 0
    outer loop
   vertex -8.005 11.695 1.736
   vertex -8.005 11.845 2.006
   vertex -8.005 11.845 1.736
  endloop
 endfacet
  facet normal 0 0 0
    outer loop
   vertex -5.365 11.845 1.736
   vertex -5.365 11.845 2.006
   vertex -5.365 11.695 2.006
  endloop
 endfacet
  facet normal 0 0 0
    outer loop
   vertex -5.365 11.845 1.736
   vertex -5.365 11.695 2.006
   vertex -5.365 11.695 1.736
  endloop
 endfacet
  facet normal 0 0 0
    outer loop
   vertex -5.365 11.525 1.736
   vertex -5.365 11.525 2.006
   vertex -5.365 11.375 2.006
  endloop
 endfacet
  facet normal 0 0 0
    outer loop
   vertex -5.365 11.525 1.736
   vertex -5.365 11.375 2.006
   vertex -5.365 11.375 1.736
  endloop
 endfacet
  facet normal 0 0 0
    outer loop
   vertex -5.365 11.205 1.736
   vertex -5.365 11.205 2.006
   vertex -5.365 11.055 2.006
  endloop
 endfacet
  facet normal 0 0 0
    outer loop
   vertex -5.365 11.205 1.736
   vertex -5.365 11.055 2.006
   vertex -5.365 11.055 1.736
  endloop
 endfacet
  facet normal 0 0 0
    outer loop
   vertex -7.855 11.845 1.736
   vertex -7.855 11.845 2.006
   vertex -7.855 11.695 2.006
  endloop
 endfacet
  facet normal 0 0 0
    outer loop
   vertex -7.855 11.845 1.736
   vertex -7.855 11.695 2.006
   vertex -7.855 11.695 1.736
  endloop
 endfacet
  facet normal 0 0 0
    outer loop
   vertex -7.855 11.525 1.736
   vertex -7.855 11.525 2.006
   vertex -7.855 11.375 2.006
  endloop
 endfacet
  facet normal 0 0 0
    outer loop
   vertex -7.855 11.525 1.736
   vertex -7.855 11.375 2.006
   vertex -7.855 11.375 1.736
  endloop
 endfacet
  facet normal 0 0 0
    outer loop
   vertex -7.855 11.205 1.736
   vertex -7.855 11.205 2.006
   vertex -7.855 11.055 2.006
  endloop
 endfacet
  facet normal 0 0 0
    outer loop
   vertex -7.855 11.205 1.736
   vertex -7.855 11.055 2.006
   vertex -7.855 11.055 1.736
  endloop
 endfacet
  facet normal 0 0 0
    outer loop
   vertex -5.515 11.055 1.736
   vertex -5.515 11.055 2.006
   vertex -5.515 11.205 2.006
  endloop
 endfacet
  facet normal 0 0 0
    outer loop
   vertex -5.515 11.055 1.736
   vertex -5.515 11.205 2.006
   vertex -5.515 11.205 1.736
  endloop
 endfacet
  facet normal 0 0 0
    outer loop
   vertex -5.515 11.375 1.736
   vertex -5.515 11.375 2.006
   vertex -5.515 11.525 2.006
  endloop
 endfacet
  facet normal 0 0 0
    outer loop
   vertex -5.515 11.375 1.736
   vertex -5.515 11.525 2.006
   vertex -5.515 11.525 1.736
  endloop
 endfacet
  facet normal 0 0 0
    outer loop
   vertex -5.515 11.695 1.736
   vertex -5.515 11.695 2.006
   vertex -5.515 11.845 2.006
  endloop
 endfacet
  facet normal 0 0 0
    outer loop
   vertex -5.515 11.695 1.736
   vertex -5.515 11.845 2.006
   vertex -5.515 11.845 1.736
  endloop
 endfacet
  facet normal 0 0 0
    outer loop
   vertex -5.835 11.055 1.736
   vertex -5.835 11.055 2.006
   vertex -5.835 11.205 2.006
  endloop
 endfacet
  facet normal 0 0 0
    outer loop
   vertex -5.835 11.055 1.736
   vertex -5.835 11.205 2.006
   vertex -5.835 11.205 1.736
  endloop
 endfacet
  facet normal 0 0 0
    outer loop
   vertex -5.835 11.375 1.736
   vertex -5.835 11.375 2.006
   vertex -5.835 11.525 2.006
  endloop
 endfacet
  facet normal 0 0 0
    outer loop
   vertex -5.835 11.375 1.736
   vertex -5.835 11.525 2.006
   vertex -5.835 11.525 1.736
  endloop
 endfacet
  facet normal 0 0 0
    outer loop
   vertex -5.835 11.695 1.736
   vertex -5.835 11.695 2.006
   vertex -5.835 11.845 2.006
  endloop
 endfacet
  facet normal 0 0 0
    outer loop
   vertex -5.835 11.695 1.736
   vertex -5.835 11.845 2.006
   vertex -5.835 11.845 1.736
  endloop
 endfacet
  facet normal 0 0 0
    outer loop
   vertex -5.685 11.845 1.736
   vertex -5.685 11.845 2.006
   vertex -5.685 11.695 2.006
  endloop
 endfacet
  facet normal 0 0 0
    outer loop
   vertex -5.685 11.845 1.736
   vertex -5.685 11.695 2.006
   vertex -5.685 11.695 1.736
  endloop
 endfacet
  facet normal 0 0 0
    outer loop
   vertex -5.685 11.525 1.736
   vertex -5.685 11.525 2.006
   vertex -5.685 11.375 2.006
  endloop
 endfacet
  facet normal 0 0 0
    outer loop
   vertex -5.685 11.525 1.736
   vertex -5.685 11.375 2.006
   vertex -5.685 11.375 1.736
  endloop
 endfacet
  facet normal 0 0 0
    outer loop
   vertex -5.685 11.205 1.736
   vertex -5.685 11.205 2.006
   vertex -5.685 11.055 2.006
  endloop
 endfacet
  facet normal 0 0 0
    outer loop
   vertex -5.685 11.205 1.736
   vertex -5.685 11.055 2.006
   vertex -5.685 11.055 1.736
  endloop
 endfacet
  facet normal 0 0 0
    outer loop
   vertex -8.645 11.525 1.736
   vertex -8.645 11.525 2.006
   vertex -8.495 11.525 2.006
  endloop
 endfacet
  facet normal 0 0 0
    outer loop
   vertex -8.645 11.525 1.736
   vertex -8.495 11.525 2.006
   vertex -8.495 11.525 1.736
  endloop
 endfacet
  facet normal 0 0 0
    outer loop
   vertex -8.325 11.525 1.736
   vertex -8.325 11.525 2.006
   vertex -8.175 11.525 2.006
  endloop
 endfacet
  facet normal 0 0 0
    outer loop
   vertex -8.325 11.525 1.736
   vertex -8.175 11.525 2.006
   vertex -8.175 11.525 1.736
  endloop
 endfacet
  facet normal 0 0 0
    outer loop
   vertex -8.005 11.525 1.736
   vertex -8.005 11.525 2.006
   vertex -7.855 11.525 2.006
  endloop
 endfacet
  facet normal 0 0 0
    outer loop
   vertex -8.005 11.525 1.736
   vertex -7.855 11.525 2.006
   vertex -7.855 11.525 1.736
  endloop
 endfacet
  facet normal 0 0 0
    outer loop
   vertex -5.835 11.525 1.736
   vertex -5.835 11.525 2.006
   vertex -5.685 11.525 2.006
  endloop
 endfacet
  facet normal 0 0 0
    outer loop
   vertex -5.835 11.525 1.736
   vertex -5.685 11.525 2.006
   vertex -5.685 11.525 1.736
  endloop
 endfacet
  facet normal 0 0 0
    outer loop
   vertex -5.515 11.525 1.736
   vertex -5.515 11.525 2.006
   vertex -5.365 11.525 2.006
  endloop
 endfacet
  facet normal 0 0 0
    outer loop
   vertex -5.515 11.525 1.736
   vertex -5.365 11.525 2.006
   vertex -5.365 11.525 1.736
  endloop
 endfacet
  facet normal 0 0 0
    outer loop
   vertex -5.195 11.525 1.736
   vertex -5.195 11.525 2.006
   vertex -5.045 11.525 2.006
  endloop
 endfacet
  facet normal 0 0 0
    outer loop
   vertex -5.195 11.525 1.736
   vertex -5.045 11.525 2.006
   vertex -5.045 11.525 1.736
  endloop
 endfacet
  facet normal 0 0 0
    outer loop
   vertex -5.045 11.375 1.736
   vertex -5.045 11.375 2.006
   vertex -5.195 11.375 2.006
  endloop
 endfacet
  facet normal 0 0 0
    outer loop
   vertex -5.045 11.375 1.736
   vertex -5.195 11.375 2.006
   vertex -5.195 11.375 1.736
  endloop
 endfacet
  facet normal 0 0 0
    outer loop
   vertex -5.365 11.375 1.736
   vertex -5.365 11.375 2.006
   vertex -5.515 11.375 2.006
  endloop
 endfacet
  facet normal 0 0 0
    outer loop
   vertex -5.365 11.375 1.736
   vertex -5.515 11.375 2.006
   vertex -5.515 11.375 1.736
  endloop
 endfacet
  facet normal 0 0 0
    outer loop
   vertex -5.685 11.375 1.736
   vertex -5.685 11.375 2.006
   vertex -5.835 11.375 2.006
  endloop
 endfacet
  facet normal 0 0 0
    outer loop
   vertex -5.685 11.375 1.736
   vertex -5.835 11.375 2.006
   vertex -5.835 11.375 1.736
  endloop
 endfacet
  facet normal 0 0 0
    outer loop
   vertex -7.855 11.375 1.736
   vertex -7.855 11.375 2.006
   vertex -8.005 11.375 2.006
  endloop
 endfacet
  facet normal 0 0 0
    outer loop
   vertex -7.855 11.375 1.736
   vertex -8.005 11.375 2.006
   vertex -8.005 11.375 1.736
  endloop
 endfacet
  facet normal 0 0 0
    outer loop
   vertex -8.175 11.375 1.736
   vertex -8.175 11.375 2.006
   vertex -8.325 11.375 2.006
  endloop
 endfacet
  facet normal 0 0 0
    outer loop
   vertex -8.175 11.375 1.736
   vertex -8.325 11.375 2.006
   vertex -8.325 11.375 1.736
  endloop
 endfacet
  facet normal 0 0 0
    outer loop
   vertex -8.495 11.375 1.736
   vertex -8.495 11.375 2.006
   vertex -8.645 11.375 2.006
  endloop
 endfacet
  facet normal 0 0 0
    outer loop
   vertex -8.495 11.375 1.736
   vertex -8.645 11.375 2.006
   vertex -8.645 11.375 1.736
  endloop
 endfacet
  facet normal 0 0 0
    outer loop
   vertex -8.645 11.845 1.736
   vertex -8.645 11.845 2.006
   vertex -8.495 11.845 2.006
  endloop
 endfacet
  facet normal 0 0 0
    outer loop
   vertex -8.645 11.845 1.736
   vertex -8.495 11.845 2.006
   vertex -8.495 11.845 1.736
  endloop
 endfacet
  facet normal 0 0 0
    outer loop
   vertex -8.325 11.845 1.736
   vertex -8.325 11.845 2.006
   vertex -8.175 11.845 2.006
  endloop
 endfacet
  facet normal 0 0 0
    outer loop
   vertex -8.325 11.845 1.736
   vertex -8.175 11.845 2.006
   vertex -8.175 11.845 1.736
  endloop
 endfacet
  facet normal 0 0 0
    outer loop
   vertex -8.005 11.845 1.736
   vertex -8.005 11.845 2.006
   vertex -7.855 11.845 2.006
  endloop
 endfacet
  facet normal 0 0 0
    outer loop
   vertex -8.005 11.845 1.736
   vertex -7.855 11.845 2.006
   vertex -7.855 11.845 1.736
  endloop
 endfacet
  facet normal 0 0 0
    outer loop
   vertex -5.835 11.845 1.736
   vertex -5.835 11.845 2.006
   vertex -5.685 11.845 2.006
  endloop
 endfacet
  facet normal 0 0 0
    outer loop
   vertex -5.835 11.845 1.736
   vertex -5.685 11.845 2.006
   vertex -5.685 11.845 1.736
  endloop
 endfacet
  facet normal 0 0 0
    outer loop
   vertex -5.515 11.845 1.736
   vertex -5.515 11.845 2.006
   vertex -5.365 11.845 2.006
  endloop
 endfacet
  facet normal 0 0 0
    outer loop
   vertex -5.515 11.845 1.736
   vertex -5.365 11.845 2.006
   vertex -5.365 11.845 1.736
  endloop
 endfacet
  facet normal 0 0 0
    outer loop
   vertex -5.195 11.845 1.736
   vertex -5.195 11.845 2.006
   vertex -5.045 11.845 2.006
  endloop
 endfacet
  facet normal 0 0 0
    outer loop
   vertex -5.195 11.845 1.736
   vertex -5.045 11.845 2.006
   vertex -5.045 11.845 1.736
  endloop
 endfacet
  facet normal 0 0 0
    outer loop
   vertex -5.045 11.695 1.736
   vertex -5.045 11.695 2.006
   vertex -5.195 11.695 2.006
  endloop
 endfacet
  facet normal 0 0 0
    outer loop
   vertex -5.045 11.695 1.736
   vertex -5.195 11.695 2.006
   vertex -5.195 11.695 1.736
  endloop
 endfacet
  facet normal 0 0 0
    outer loop
   vertex -5.365 11.695 1.736
   vertex -5.365 11.695 2.006
   vertex -5.515 11.695 2.006
  endloop
 endfacet
  facet normal 0 0 0
    outer loop
   vertex -5.365 11.695 1.736
   vertex -5.515 11.695 2.006
   vertex -5.515 11.695 1.736
  endloop
 endfacet
  facet normal 0 0 0
    outer loop
   vertex -5.685 11.695 1.736
   vertex -5.685 11.695 2.006
   vertex -5.835 11.695 2.006
  endloop
 endfacet
  facet normal 0 0 0
    outer loop
   vertex -5.685 11.695 1.736
   vertex -5.835 11.695 2.006
   vertex -5.835 11.695 1.736
  endloop
 endfacet
  facet normal 0 0 0
    outer loop
   vertex -7.855 11.695 1.736
   vertex -7.855 11.695 2.006
   vertex -8.005 11.695 2.006
  endloop
 endfacet
  facet normal 0 0 0
    outer loop
   vertex -7.855 11.695 1.736
   vertex -8.005 11.695 2.006
   vertex -8.005 11.695 1.736
  endloop
 endfacet
  facet normal 0 0 0
    outer loop
   vertex -8.175 11.695 1.736
   vertex -8.175 11.695 2.006
   vertex -8.325 11.695 2.006
  endloop
 endfacet
  facet normal 0 0 0
    outer loop
   vertex -8.175 11.695 1.736
   vertex -8.325 11.695 2.006
   vertex -8.325 11.695 1.736
  endloop
 endfacet
  facet normal 0 0 0
    outer loop
   vertex -8.495 11.695 1.736
   vertex -8.495 11.695 2.006
   vertex -8.645 11.695 2.006
  endloop
 endfacet
  facet normal 0 0 0
    outer loop
   vertex -8.495 11.695 1.736
   vertex -8.645 11.695 2.006
   vertex -8.645 11.695 1.736
  endloop
 endfacet
  facet normal 0 0 0
    outer loop
   vertex -4.94 11.95 2.366
   vertex -8.75 11.95 2.366
   vertex -8.75 5.85 2.366
  endloop
 endfacet
  facet normal 0 0 0
    outer loop
   vertex -4.94 5.85 2.366
   vertex -4.94 11.95 2.366
   vertex -8.75 5.85 2.366
  endloop
 endfacet
  facet normal 0 0 0
    outer loop
   vertex -8.635 11.95 1.376
   vertex -8.635 11.95 1.736
   vertex -8.635 12.855 1.736
  endloop
 endfacet
  facet normal 0 0 0
    outer loop
   vertex -8.635 11.95 1.376
   vertex -8.635 12.855 1.736
   vertex -8.635 12.855 1.376
  endloop
 endfacet
  facet normal 0 0 0
    outer loop
   vertex -8.635 13.145 1.376
   vertex -8.635 13.145 1.736
   vertex -8.635 13.85 1.376
  endloop
 endfacet
  facet normal 0 0 0
    outer loop
   vertex -8.635 13.85 1.376
   vertex -8.635 14.555 1.736
   vertex -8.635 14.555 1.376
  endloop
 endfacet
  facet normal 0 0 0
    outer loop
   vertex -8.635 13.85 1.376
   vertex -8.635 13.145 1.736
   vertex -8.635 14.555 1.736
  endloop
 endfacet
  facet normal 0 0 0
    outer loop
   vertex -8.635 14.845 1.376
   vertex -8.635 14.845 1.736
   vertex -8.635 15.55 1.376
  endloop
 endfacet
  facet normal 0 0 0
    outer loop
   vertex -8.635 15.55 1.376
   vertex -8.635 16.255 1.736
   vertex -8.635 16.255 1.376
  endloop
 endfacet
  facet normal 0 0 0
    outer loop
   vertex -8.635 15.55 1.376
   vertex -8.635 14.845 1.736
   vertex -8.635 16.255 1.736
  endloop
 endfacet
  facet normal 0 0 0
    outer loop
   vertex -8.635 16.545 1.376
   vertex -8.635 16.545 1.736
   vertex -8.635 17.25 1.376
  endloop
 endfacet
  facet normal 0 0 0
    outer loop
   vertex -8.635 17.25 1.376
   vertex -8.635 17.955 1.736
   vertex -8.635 17.955 1.376
  endloop
 endfacet
  facet normal 0 0 0
    outer loop
   vertex -8.635 17.25 1.376
   vertex -8.635 16.545 1.736
   vertex -8.635 17.955 1.736
  endloop
 endfacet
  facet normal 0 0 0
    outer loop
   vertex -8.635 18.245 1.376
   vertex -8.635 18.245 1.736
   vertex -8.635 18.95 1.376
  endloop
 endfacet
  facet normal 0 0 0
    outer loop
   vertex -8.635 18.95 1.376
   vertex -8.635 19.655 1.736
   vertex -8.635 19.655 1.376
  endloop
 endfacet
  facet normal 0 0 0
    outer loop
   vertex -8.635 18.95 1.376
   vertex -8.635 18.245 1.736
   vertex -8.635 19.655 1.736
  endloop
 endfacet
  facet normal 0 0 0
    outer loop
   vertex -8.635 19.945 1.376
   vertex -8.635 19.945 1.736
   vertex -8.635 20.65 1.376
  endloop
 endfacet
  facet normal 0 0 0
    outer loop
   vertex -8.635 20.65 1.376
   vertex -8.635 21.355 1.736
   vertex -8.635 21.355 1.376
  endloop
 endfacet
  facet normal 0 0 0
    outer loop
   vertex -8.635 20.65 1.376
   vertex -8.635 19.945 1.736
   vertex -8.635 21.355 1.736
  endloop
 endfacet
  facet normal 0 0 0
    outer loop
   vertex -8.635 21.645 1.376
   vertex -8.635 21.645 1.736
   vertex -8.635 22.35 1.376
  endloop
 endfacet
  facet normal 0 0 0
    outer loop
   vertex -8.635 22.35 1.376
   vertex -8.635 23.055 1.736
   vertex -8.635 23.055 1.376
  endloop
 endfacet
  facet normal 0 0 0
    outer loop
   vertex -8.635 22.35 1.376
   vertex -8.635 21.645 1.736
   vertex -8.635 23.055 1.736
  endloop
 endfacet
  facet normal 0 0 0
    outer loop
   vertex -8.635 23.345 1.376
   vertex -8.635 23.345 1.736
   vertex -8.635 24.05 1.376
  endloop
 endfacet
  facet normal 0 0 0
    outer loop
   vertex -8.635 24.05 1.376
   vertex -8.635 24.755 1.736
   vertex -8.635 24.755 1.376
  endloop
 endfacet
  facet normal 0 0 0
    outer loop
   vertex -8.635 24.05 1.376
   vertex -8.635 23.345 1.736
   vertex -8.635 24.755 1.736
  endloop
 endfacet
  facet normal 0 0 0
    outer loop
   vertex -8.635 25.045 1.376
   vertex -8.635 25.045 1.736
   vertex -8.635 26.01 1.736
  endloop
 endfacet
  facet normal 0 0 0
    outer loop
   vertex -8.635 25.045 1.376
   vertex -8.635 26.01 1.736
   vertex -8.635 26.01 1.376
  endloop
 endfacet
  facet normal 0 0 0
    outer loop
   vertex -7.855 26.01 1.376
   vertex -7.855 26.01 1.736
   vertex -7.855 25.045 1.736
  endloop
 endfacet
  facet normal 0 0 0
    outer loop
   vertex -7.855 26.01 1.376
   vertex -7.855 25.045 1.736
   vertex -7.855 25.045 1.376
  endloop
 endfacet
  facet normal 0 0 0
    outer loop
   vertex -7.855 24.755 1.376
   vertex -7.855 24.755 1.736
   vertex -7.855 24.05 1.376
  endloop
 endfacet
  facet normal 0 0 0
    outer loop
   vertex -7.855 24.05 1.376
   vertex -7.855 23.345 1.736
   vertex -7.855 23.345 1.376
  endloop
 endfacet
  facet normal 0 0 0
    outer loop
   vertex -7.855 24.05 1.376
   vertex -7.855 24.755 1.736
   vertex -7.855 23.345 1.736
  endloop
 endfacet
  facet normal 0 0 0
    outer loop
   vertex -7.855 23.055 1.376
   vertex -7.855 23.055 1.736
   vertex -7.855 22.35 1.376
  endloop
 endfacet
  facet normal 0 0 0
    outer loop
   vertex -7.855 22.35 1.376
   vertex -7.855 21.645 1.736
   vertex -7.855 21.645 1.376
  endloop
 endfacet
  facet normal 0 0 0
    outer loop
   vertex -7.855 22.35 1.376
   vertex -7.855 23.055 1.736
   vertex -7.855 21.645 1.736
  endloop
 endfacet
  facet normal 0 0 0
    outer loop
   vertex -7.855 21.355 1.376
   vertex -7.855 21.355 1.736
   vertex -7.855 20.65 1.376
  endloop
 endfacet
  facet normal 0 0 0
    outer loop
   vertex -7.855 20.65 1.376
   vertex -7.855 19.945 1.736
   vertex -7.855 19.945 1.376
  endloop
 endfacet
  facet normal 0 0 0
    outer loop
   vertex -7.855 20.65 1.376
   vertex -7.855 21.355 1.736
   vertex -7.855 19.945 1.736
  endloop
 endfacet
  facet normal 0 0 0
    outer loop
   vertex -7.855 19.655 1.376
   vertex -7.855 19.655 1.736
   vertex -7.855 18.95 1.376
  endloop
 endfacet
  facet normal 0 0 0
    outer loop
   vertex -7.855 18.95 1.376
   vertex -7.855 18.245 1.736
   vertex -7.855 18.245 1.376
  endloop
 endfacet
  facet normal 0 0 0
    outer loop
   vertex -7.855 18.95 1.376
   vertex -7.855 19.655 1.736
   vertex -7.855 18.245 1.736
  endloop
 endfacet
  facet normal 0 0 0
    outer loop
   vertex -7.855 17.955 1.376
   vertex -7.855 17.955 1.736
   vertex -7.855 17.25 1.376
  endloop
 endfacet
  facet normal 0 0 0
    outer loop
   vertex -7.855 17.25 1.376
   vertex -7.855 16.545 1.736
   vertex -7.855 16.545 1.376
  endloop
 endfacet
  facet normal 0 0 0
    outer loop
   vertex -7.855 17.25 1.376
   vertex -7.855 17.955 1.736
   vertex -7.855 16.545 1.736
  endloop
 endfacet
  facet normal 0 0 0
    outer loop
   vertex -7.855 16.255 1.376
   vertex -7.855 16.255 1.736
   vertex -7.855 15.55 1.376
  endloop
 endfacet
  facet normal 0 0 0
    outer loop
   vertex -7.855 15.55 1.376
   vertex -7.855 14.845 1.736
   vertex -7.855 14.845 1.376
  endloop
 endfacet
  facet normal 0 0 0
    outer loop
   vertex -7.855 15.55 1.376
   vertex -7.855 16.255 1.736
   vertex -7.855 14.845 1.736
  endloop
 endfacet
  facet normal 0 0 0
    outer loop
   vertex -7.855 14.555 1.376
   vertex -7.855 14.555 1.736
   vertex -7.855 13.85 1.376
  endloop
 endfacet
  facet normal 0 0 0
    outer loop
   vertex -7.855 13.85 1.376
   vertex -7.855 13.145 1.736
   vertex -7.855 13.145 1.376
  endloop
 endfacet
  facet normal 0 0 0
    outer loop
   vertex -7.855 13.85 1.376
   vertex -7.855 14.555 1.736
   vertex -7.855 13.145 1.736
  endloop
 endfacet
  facet normal 0 0 0
    outer loop
   vertex -7.855 12.855 1.376
   vertex -7.855 12.855 1.736
   vertex -7.855 11.95 1.736
  endloop
 endfacet
  facet normal 0 0 0
    outer loop
   vertex -7.855 12.855 1.376
   vertex -7.855 11.95 1.736
   vertex -7.855 11.95 1.376
  endloop
 endfacet
  facet normal 0 0 0
    outer loop
   vertex -5.835 11.95 1.376
   vertex -5.835 11.95 1.736
   vertex -5.835 12.855 1.736
  endloop
 endfacet
  facet normal 0 0 0
    outer loop
   vertex -5.835 11.95 1.376
   vertex -5.835 12.855 1.736
   vertex -5.835 12.855 1.376
  endloop
 endfacet
  facet normal 0 0 0
    outer loop
   vertex -5.835 13.145 1.376
   vertex -5.835 13.145 1.736
   vertex -5.835 13.85 1.376
  endloop
 endfacet
  facet normal 0 0 0
    outer loop
   vertex -5.835 13.85 1.376
   vertex -5.835 14.555 1.736
   vertex -5.835 14.555 1.376
  endloop
 endfacet
  facet normal 0 0 0
    outer loop
   vertex -5.835 13.85 1.376
   vertex -5.835 13.145 1.736
   vertex -5.835 14.555 1.736
  endloop
 endfacet
  facet normal 0 0 0
    outer loop
   vertex -5.835 14.845 1.376
   vertex -5.835 14.845 1.736
   vertex -5.835 15.55 1.376
  endloop
 endfacet
  facet normal 0 0 0
    outer loop
   vertex -5.835 15.55 1.376
   vertex -5.835 16.255 1.736
   vertex -5.835 16.255 1.376
  endloop
 endfacet
  facet normal 0 0 0
    outer loop
   vertex -5.835 15.55 1.376
   vertex -5.835 14.845 1.736
   vertex -5.835 16.255 1.736
  endloop
 endfacet
  facet normal 0 0 0
    outer loop
   vertex -5.835 16.545 1.376
   vertex -5.835 16.545 1.736
   vertex -5.835 17.25 1.376
  endloop
 endfacet
  facet normal 0 0 0
    outer loop
   vertex -5.835 17.25 1.376
   vertex -5.835 17.955 1.736
   vertex -5.835 17.955 1.376
  endloop
 endfacet
  facet normal 0 0 0
    outer loop
   vertex -5.835 17.25 1.376
   vertex -5.835 16.545 1.736
   vertex -5.835 17.955 1.736
  endloop
 endfacet
  facet normal 0 0 0
    outer loop
   vertex -5.835 18.245 1.376
   vertex -5.835 18.245 1.736
   vertex -5.835 18.95 1.376
  endloop
 endfacet
  facet normal 0 0 0
    outer loop
   vertex -5.835 18.95 1.376
   vertex -5.835 19.655 1.736
   vertex -5.835 19.655 1.376
  endloop
 endfacet
  facet normal 0 0 0
    outer loop
   vertex -5.835 18.95 1.376
   vertex -5.835 18.245 1.736
   vertex -5.835 19.655 1.736
  endloop
 endfacet
  facet normal 0 0 0
    outer loop
   vertex -5.835 19.945 1.376
   vertex -5.835 19.945 1.736
   vertex -5.835 20.65 1.376
  endloop
 endfacet
  facet normal 0 0 0
    outer loop
   vertex -5.835 20.65 1.376
   vertex -5.835 21.355 1.736
   vertex -5.835 21.355 1.376
  endloop
 endfacet
  facet normal 0 0 0
    outer loop
   vertex -5.835 20.65 1.376
   vertex -5.835 19.945 1.736
   vertex -5.835 21.355 1.736
  endloop
 endfacet
  facet normal 0 0 0
    outer loop
   vertex -5.835 21.645 1.376
   vertex -5.835 21.645 1.736
   vertex -5.835 22.35 1.376
  endloop
 endfacet
  facet normal 0 0 0
    outer loop
   vertex -5.835 22.35 1.376
   vertex -5.835 23.055 1.736
   vertex -5.835 23.055 1.376
  endloop
 endfacet
  facet normal 0 0 0
    outer loop
   vertex -5.835 22.35 1.376
   vertex -5.835 21.645 1.736
   vertex -5.835 23.055 1.736
  endloop
 endfacet
  facet normal 0 0 0
    outer loop
   vertex -5.835 23.345 1.376
   vertex -5.835 23.345 1.736
   vertex -5.835 24.05 1.376
  endloop
 endfacet
  facet normal 0 0 0
    outer loop
   vertex -5.835 24.05 1.376
   vertex -5.835 24.755 1.736
   vertex -5.835 24.755 1.376
  endloop
 endfacet
  facet normal 0 0 0
    outer loop
   vertex -5.835 24.05 1.376
   vertex -5.835 23.345 1.736
   vertex -5.835 24.755 1.736
  endloop
 endfacet
  facet normal 0 0 0
    outer loop
   vertex -5.835 25.045 1.376
   vertex -5.835 25.045 1.736
   vertex -5.835 26.01 1.736
  endloop
 endfacet
  facet normal 0 0 0
    outer loop
   vertex -5.835 25.045 1.376
   vertex -5.835 26.01 1.736
   vertex -5.835 26.01 1.376
  endloop
 endfacet
  facet normal 0 0 0
    outer loop
   vertex -5.055 26.01 1.376
   vertex -5.055 26.01 1.736
   vertex -5.055 25.045 1.736
  endloop
 endfacet
  facet normal 0 0 0
    outer loop
   vertex -5.055 26.01 1.376
   vertex -5.055 25.045 1.736
   vertex -5.055 25.045 1.376
  endloop
 endfacet
  facet normal 0 0 0
    outer loop
   vertex -5.055 24.755 1.376
   vertex -5.055 24.755 1.736
   vertex -5.055 24.05 1.376
  endloop
 endfacet
  facet normal 0 0 0
    outer loop
   vertex -5.055 24.05 1.376
   vertex -5.055 23.345 1.736
   vertex -5.055 23.345 1.376
  endloop
 endfacet
  facet normal 0 0 0
    outer loop
   vertex -5.055 24.05 1.376
   vertex -5.055 24.755 1.736
   vertex -5.055 23.345 1.736
  endloop
 endfacet
  facet normal 0 0 0
    outer loop
   vertex -5.055 23.055 1.376
   vertex -5.055 23.055 1.736
   vertex -5.055 22.35 1.376
  endloop
 endfacet
  facet normal 0 0 0
    outer loop
   vertex -5.055 22.35 1.376
   vertex -5.055 21.645 1.736
   vertex -5.055 21.645 1.376
  endloop
 endfacet
  facet normal 0 0 0
    outer loop
   vertex -5.055 22.35 1.376
   vertex -5.055 23.055 1.736
   vertex -5.055 21.645 1.736
  endloop
 endfacet
  facet normal 0 0 0
    outer loop
   vertex -5.055 21.355 1.376
   vertex -5.055 21.355 1.736
   vertex -5.055 20.65 1.376
  endloop
 endfacet
  facet normal 0 0 0
    outer loop
   vertex -5.055 20.65 1.376
   vertex -5.055 19.945 1.736
   vertex -5.055 19.945 1.376
  endloop
 endfacet
  facet normal 0 0 0
    outer loop
   vertex -5.055 20.65 1.376
   vertex -5.055 21.355 1.736
   vertex -5.055 19.945 1.736
  endloop
 endfacet
  facet normal 0 0 0
    outer loop
   vertex -5.055 19.655 1.376
   vertex -5.055 19.655 1.736
   vertex -5.055 18.95 1.376
  endloop
 endfacet
  facet normal 0 0 0
    outer loop
   vertex -5.055 18.95 1.376
   vertex -5.055 18.245 1.736
   vertex -5.055 18.245 1.376
  endloop
 endfacet
  facet normal 0 0 0
    outer loop
   vertex -5.055 18.95 1.376
   vertex -5.055 19.655 1.736
   vertex -5.055 18.245 1.736
  endloop
 endfacet
  facet normal 0 0 0
    outer loop
   vertex -5.055 17.955 1.376
   vertex -5.055 17.955 1.736
   vertex -5.055 17.25 1.376
  endloop
 endfacet
  facet normal 0 0 0
    outer loop
   vertex -5.055 17.25 1.376
   vertex -5.055 16.545 1.736
   vertex -5.055 16.545 1.376
  endloop
 endfacet
  facet normal 0 0 0
    outer loop
   vertex -5.055 17.25 1.376
   vertex -5.055 17.955 1.736
   vertex -5.055 16.545 1.736
  endloop
 endfacet
  facet normal 0 0 0
    outer loop
   vertex -5.055 16.255 1.376
   vertex -5.055 16.255 1.736
   vertex -5.055 15.55 1.376
  endloop
 endfacet
  facet normal 0 0 0
    outer loop
   vertex -5.055 15.55 1.376
   vertex -5.055 14.845 1.736
   vertex -5.055 14.845 1.376
  endloop
 endfacet
  facet normal 0 0 0
    outer loop
   vertex -5.055 15.55 1.376
   vertex -5.055 16.255 1.736
   vertex -5.055 14.845 1.736
  endloop
 endfacet
  facet normal 0 0 0
    outer loop
   vertex -5.055 14.555 1.376
   vertex -5.055 14.555 1.736
   vertex -5.055 13.85 1.376
  endloop
 endfacet
  facet normal 0 0 0
    outer loop
   vertex -5.055 13.85 1.376
   vertex -5.055 13.145 1.736
   vertex -5.055 13.145 1.376
  endloop
 endfacet
  facet normal 0 0 0
    outer loop
   vertex -5.055 13.85 1.376
   vertex -5.055 14.555 1.736
   vertex -5.055 13.145 1.736
  endloop
 endfacet
  facet normal 0 0 0
    outer loop
   vertex -5.055 12.855 1.376
   vertex -5.055 12.855 1.736
   vertex -5.055 11.95 1.736
  endloop
 endfacet
  facet normal 0 0 0
    outer loop
   vertex -5.055 12.855 1.376
   vertex -5.055 11.95 1.736
   vertex -5.055 11.95 1.376
  endloop
 endfacet
  facet normal 0 0 0
    outer loop
   vertex -6.065 12.855 1.376
   vertex -6.065 12.855 1.736
   vertex -6.065 13.145 1.736
  endloop
 endfacet
  facet normal 0 0 0
    outer loop
   vertex -6.065 12.855 1.376
   vertex -6.065 13.145 1.736
   vertex -6.065 13.145 1.376
  endloop
 endfacet
  facet normal 0 0 0
    outer loop
   vertex -6.065 14.555 1.376
   vertex -6.065 14.555 1.736
   vertex -6.065 14.845 1.736
  endloop
 endfacet
  facet normal 0 0 0
    outer loop
   vertex -6.065 14.555 1.376
   vertex -6.065 14.845 1.736
   vertex -6.065 14.845 1.376
  endloop
 endfacet
  facet normal 0 0 0
    outer loop
   vertex -6.065 16.255 1.376
   vertex -6.065 16.255 1.736
   vertex -6.065 16.545 1.736
  endloop
 endfacet
  facet normal 0 0 0
    outer loop
   vertex -6.065 16.255 1.376
   vertex -6.065 16.545 1.736
   vertex -6.065 16.545 1.376
  endloop
 endfacet
  facet normal 0 0 0
    outer loop
   vertex -6.065 17.955 1.376
   vertex -6.065 17.955 1.736
   vertex -6.065 18.245 1.736
  endloop
 endfacet
  facet normal 0 0 0
    outer loop
   vertex -6.065 17.955 1.376
   vertex -6.065 18.245 1.736
   vertex -6.065 18.245 1.376
  endloop
 endfacet
  facet normal 0 0 0
    outer loop
   vertex -6.065 19.655 1.376
   vertex -6.065 19.655 1.736
   vertex -6.065 19.945 1.736
  endloop
 endfacet
  facet normal 0 0 0
    outer loop
   vertex -6.065 19.655 1.376
   vertex -6.065 19.945 1.736
   vertex -6.065 19.945 1.376
  endloop
 endfacet
  facet normal 0 0 0
    outer loop
   vertex -6.065 21.355 1.376
   vertex -6.065 21.355 1.736
   vertex -6.065 21.645 1.736
  endloop
 endfacet
  facet normal 0 0 0
    outer loop
   vertex -6.065 21.355 1.376
   vertex -6.065 21.645 1.736
   vertex -6.065 21.645 1.376
  endloop
 endfacet
  facet normal 0 0 0
    outer loop
   vertex -6.065 23.055 1.376
   vertex -6.065 23.055 1.736
   vertex -6.065 23.345 1.736
  endloop
 endfacet
  facet normal 0 0 0
    outer loop
   vertex -6.065 23.055 1.376
   vertex -6.065 23.345 1.736
   vertex -6.065 23.345 1.376
  endloop
 endfacet
  facet normal 0 0 0
    outer loop
   vertex -6.065 24.755 1.376
   vertex -6.065 24.755 1.736
   vertex -6.065 25.045 1.736
  endloop
 endfacet
  facet normal 0 0 0
    outer loop
   vertex -6.065 24.755 1.376
   vertex -6.065 25.045 1.736
   vertex -6.065 25.045 1.376
  endloop
 endfacet
  facet normal 0 0 0
    outer loop
   vertex -4.825 19.655 1.376
   vertex -4.825 19.655 1.736
   vertex -5.055 19.655 1.736
  endloop
 endfacet
  facet normal 0 0 0
    outer loop
   vertex -4.825 19.655 1.376
   vertex -5.055 19.655 1.736
   vertex -5.055 19.655 1.376
  endloop
 endfacet
  facet normal 0 0 0
    outer loop
   vertex -5.835 19.655 1.376
   vertex -5.835 19.655 1.736
   vertex -6.065 19.655 1.736
  endloop
 endfacet
  facet normal 0 0 0
    outer loop
   vertex -5.835 19.655 1.376
   vertex -6.065 19.655 1.736
   vertex -6.065 19.655 1.376
  endloop
 endfacet
  facet normal 0 0 0
    outer loop
   vertex -7.625 19.655 1.376
   vertex -7.625 19.655 1.736
   vertex -7.855 19.655 1.736
  endloop
 endfacet
  facet normal 0 0 0
    outer loop
   vertex -7.625 19.655 1.376
   vertex -7.855 19.655 1.736
   vertex -7.855 19.655 1.376
  endloop
 endfacet
  facet normal 0 0 0
    outer loop
   vertex -8.635 19.655 1.376
   vertex -8.635 19.655 1.736
   vertex -8.865 19.655 1.736
  endloop
 endfacet
  facet normal 0 0 0
    outer loop
   vertex -8.635 19.655 1.376
   vertex -8.865 19.655 1.736
   vertex -8.865 19.655 1.376
  endloop
 endfacet
  facet normal 0 0 0
    outer loop
   vertex -4.825 25.045 1.376
   vertex -4.825 25.045 1.736
   vertex -4.825 24.755 1.736
  endloop
 endfacet
  facet normal 0 0 0
    outer loop
   vertex -4.825 25.045 1.376
   vertex -4.825 24.755 1.736
   vertex -4.825 24.755 1.376
  endloop
 endfacet
  facet normal 0 0 0
    outer loop
   vertex -4.825 23.345 1.376
   vertex -4.825 23.345 1.736
   vertex -4.825 23.055 1.736
  endloop
 endfacet
  facet normal 0 0 0
    outer loop
   vertex -4.825 23.345 1.376
   vertex -4.825 23.055 1.736
   vertex -4.825 23.055 1.376
  endloop
 endfacet
  facet normal 0 0 0
    outer loop
   vertex -4.825 21.645 1.376
   vertex -4.825 21.645 1.736
   vertex -4.825 21.355 1.736
  endloop
 endfacet
  facet normal 0 0 0
    outer loop
   vertex -4.825 21.645 1.376
   vertex -4.825 21.355 1.736
   vertex -4.825 21.355 1.376
  endloop
 endfacet
  facet normal 0 0 0
    outer loop
   vertex -4.825 19.945 1.376
   vertex -4.825 19.945 1.736
   vertex -4.825 19.655 1.736
  endloop
 endfacet
  facet normal 0 0 0
    outer loop
   vertex -4.825 19.945 1.376
   vertex -4.825 19.655 1.736
   vertex -4.825 19.655 1.376
  endloop
 endfacet
  facet normal 0 0 0
    outer loop
   vertex -4.825 18.245 1.376
   vertex -4.825 18.245 1.736
   vertex -4.825 17.955 1.736
  endloop
 endfacet
  facet normal 0 0 0
    outer loop
   vertex -4.825 18.245 1.376
   vertex -4.825 17.955 1.736
   vertex -4.825 17.955 1.376
  endloop
 endfacet
  facet normal 0 0 0
    outer loop
   vertex -4.825 16.545 1.376
   vertex -4.825 16.545 1.736
   vertex -4.825 16.255 1.736
  endloop
 endfacet
  facet normal 0 0 0
    outer loop
   vertex -4.825 16.545 1.376
   vertex -4.825 16.255 1.736
   vertex -4.825 16.255 1.376
  endloop
 endfacet
  facet normal 0 0 0
    outer loop
   vertex -4.825 14.845 1.376
   vertex -4.825 14.845 1.736
   vertex -4.825 14.555 1.736
  endloop
 endfacet
  facet normal 0 0 0
    outer loop
   vertex -4.825 14.845 1.376
   vertex -4.825 14.555 1.736
   vertex -4.825 14.555 1.376
  endloop
 endfacet
  facet normal 0 0 0
    outer loop
   vertex -4.825 13.145 1.376
   vertex -4.825 13.145 1.736
   vertex -4.825 12.855 1.736
  endloop
 endfacet
  facet normal 0 0 0
    outer loop
   vertex -4.825 13.145 1.376
   vertex -4.825 12.855 1.736
   vertex -4.825 12.855 1.376
  endloop
 endfacet
  facet normal 0 0 0
    outer loop
   vertex -8.865 19.945 1.376
   vertex -8.865 19.945 1.736
   vertex -8.635 19.945 1.736
  endloop
 endfacet
  facet normal 0 0 0
    outer loop
   vertex -8.865 19.945 1.376
   vertex -8.635 19.945 1.736
   vertex -8.635 19.945 1.376
  endloop
 endfacet
  facet normal 0 0 0
    outer loop
   vertex -7.855 19.945 1.376
   vertex -7.855 19.945 1.736
   vertex -7.625 19.945 1.736
  endloop
 endfacet
  facet normal 0 0 0
    outer loop
   vertex -7.855 19.945 1.376
   vertex -7.625 19.945 1.736
   vertex -7.625 19.945 1.376
  endloop
 endfacet
  facet normal 0 0 0
    outer loop
   vertex -6.065 19.945 1.376
   vertex -6.065 19.945 1.736
   vertex -5.835 19.945 1.736
  endloop
 endfacet
  facet normal 0 0 0
    outer loop
   vertex -6.065 19.945 1.376
   vertex -5.835 19.945 1.736
   vertex -5.835 19.945 1.376
  endloop
 endfacet
  facet normal 0 0 0
    outer loop
   vertex -5.055 19.945 1.376
   vertex -5.055 19.945 1.736
   vertex -4.825 19.945 1.736
  endloop
 endfacet
  facet normal 0 0 0
    outer loop
   vertex -5.055 19.945 1.376
   vertex -4.825 19.945 1.736
   vertex -4.825 19.945 1.376
  endloop
 endfacet
  facet normal 0 0 0
    outer loop
   vertex -8.865 21.645 1.376
   vertex -8.865 21.645 1.736
   vertex -8.635 21.645 1.736
  endloop
 endfacet
  facet normal 0 0 0
    outer loop
   vertex -8.865 21.645 1.376
   vertex -8.635 21.645 1.736
   vertex -8.635 21.645 1.376
  endloop
 endfacet
  facet normal 0 0 0
    outer loop
   vertex -7.855 21.645 1.376
   vertex -7.855 21.645 1.736
   vertex -7.625 21.645 1.736
  endloop
 endfacet
  facet normal 0 0 0
    outer loop
   vertex -7.855 21.645 1.376
   vertex -7.625 21.645 1.736
   vertex -7.625 21.645 1.376
  endloop
 endfacet
  facet normal 0 0 0
    outer loop
   vertex -6.065 21.645 1.376
   vertex -6.065 21.645 1.736
   vertex -5.835 21.645 1.736
  endloop
 endfacet
  facet normal 0 0 0
    outer loop
   vertex -6.065 21.645 1.376
   vertex -5.835 21.645 1.736
   vertex -5.835 21.645 1.376
  endloop
 endfacet
  facet normal 0 0 0
    outer loop
   vertex -5.055 21.645 1.376
   vertex -5.055 21.645 1.736
   vertex -4.825 21.645 1.736
  endloop
 endfacet
  facet normal 0 0 0
    outer loop
   vertex -5.055 21.645 1.376
   vertex -4.825 21.645 1.736
   vertex -4.825 21.645 1.376
  endloop
 endfacet
  facet normal 0 0 0
    outer loop
   vertex -4.825 21.355 1.376
   vertex -4.825 21.355 1.736
   vertex -5.055 21.355 1.736
  endloop
 endfacet
  facet normal 0 0 0
    outer loop
   vertex -4.825 21.355 1.376
   vertex -5.055 21.355 1.736
   vertex -5.055 21.355 1.376
  endloop
 endfacet
  facet normal 0 0 0
    outer loop
   vertex -5.835 21.355 1.376
   vertex -5.835 21.355 1.736
   vertex -6.065 21.355 1.736
  endloop
 endfacet
  facet normal 0 0 0
    outer loop
   vertex -5.835 21.355 1.376
   vertex -6.065 21.355 1.736
   vertex -6.065 21.355 1.376
  endloop
 endfacet
  facet normal 0 0 0
    outer loop
   vertex -7.625 21.355 1.376
   vertex -7.625 21.355 1.736
   vertex -7.855 21.355 1.736
  endloop
 endfacet
  facet normal 0 0 0
    outer loop
   vertex -7.625 21.355 1.376
   vertex -7.855 21.355 1.736
   vertex -7.855 21.355 1.376
  endloop
 endfacet
  facet normal 0 0 0
    outer loop
   vertex -8.635 21.355 1.376
   vertex -8.635 21.355 1.736
   vertex -8.865 21.355 1.736
  endloop
 endfacet
  facet normal 0 0 0
    outer loop
   vertex -8.635 21.355 1.376
   vertex -8.865 21.355 1.736
   vertex -8.865 21.355 1.376
  endloop
 endfacet
  facet normal 0 0 0
    outer loop
   vertex -4.825 23.055 1.376
   vertex -4.825 23.055 1.736
   vertex -5.055 23.055 1.736
  endloop
 endfacet
  facet normal 0 0 0
    outer loop
   vertex -4.825 23.055 1.376
   vertex -5.055 23.055 1.736
   vertex -5.055 23.055 1.376
  endloop
 endfacet
  facet normal 0 0 0
    outer loop
   vertex -5.835 23.055 1.376
   vertex -5.835 23.055 1.736
   vertex -6.065 23.055 1.736
  endloop
 endfacet
  facet normal 0 0 0
    outer loop
   vertex -5.835 23.055 1.376
   vertex -6.065 23.055 1.736
   vertex -6.065 23.055 1.376
  endloop
 endfacet
  facet normal 0 0 0
    outer loop
   vertex -7.625 23.055 1.376
   vertex -7.625 23.055 1.736
   vertex -7.855 23.055 1.736
  endloop
 endfacet
  facet normal 0 0 0
    outer loop
   vertex -7.625 23.055 1.376
   vertex -7.855 23.055 1.736
   vertex -7.855 23.055 1.376
  endloop
 endfacet
  facet normal 0 0 0
    outer loop
   vertex -8.635 23.055 1.376
   vertex -8.635 23.055 1.736
   vertex -8.865 23.055 1.736
  endloop
 endfacet
  facet normal 0 0 0
    outer loop
   vertex -8.635 23.055 1.376
   vertex -8.865 23.055 1.736
   vertex -8.865 23.055 1.376
  endloop
 endfacet
  facet normal 0 0 0
    outer loop
   vertex -8.865 23.345 1.376
   vertex -8.865 23.345 1.736
   vertex -8.635 23.345 1.736
  endloop
 endfacet
  facet normal 0 0 0
    outer loop
   vertex -8.865 23.345 1.376
   vertex -8.635 23.345 1.736
   vertex -8.635 23.345 1.376
  endloop
 endfacet
  facet normal 0 0 0
    outer loop
   vertex -7.855 23.345 1.376
   vertex -7.855 23.345 1.736
   vertex -7.625 23.345 1.736
  endloop
 endfacet
  facet normal 0 0 0
    outer loop
   vertex -7.855 23.345 1.376
   vertex -7.625 23.345 1.736
   vertex -7.625 23.345 1.376
  endloop
 endfacet
  facet normal 0 0 0
    outer loop
   vertex -6.065 23.345 1.376
   vertex -6.065 23.345 1.736
   vertex -5.835 23.345 1.736
  endloop
 endfacet
  facet normal 0 0 0
    outer loop
   vertex -6.065 23.345 1.376
   vertex -5.835 23.345 1.736
   vertex -5.835 23.345 1.376
  endloop
 endfacet
  facet normal 0 0 0
    outer loop
   vertex -5.055 23.345 1.376
   vertex -5.055 23.345 1.736
   vertex -4.825 23.345 1.736
  endloop
 endfacet
  facet normal 0 0 0
    outer loop
   vertex -5.055 23.345 1.376
   vertex -4.825 23.345 1.736
   vertex -4.825 23.345 1.376
  endloop
 endfacet
  facet normal 0 0 0
    outer loop
   vertex -4.825 24.755 1.376
   vertex -4.825 24.755 1.736
   vertex -5.055 24.755 1.736
  endloop
 endfacet
  facet normal 0 0 0
    outer loop
   vertex -4.825 24.755 1.376
   vertex -5.055 24.755 1.736
   vertex -5.055 24.755 1.376
  endloop
 endfacet
  facet normal 0 0 0
    outer loop
   vertex -5.835 24.755 1.376
   vertex -5.835 24.755 1.736
   vertex -6.065 24.755 1.736
  endloop
 endfacet
  facet normal 0 0 0
    outer loop
   vertex -5.835 24.755 1.376
   vertex -6.065 24.755 1.736
   vertex -6.065 24.755 1.376
  endloop
 endfacet
  facet normal 0 0 0
    outer loop
   vertex -7.625 24.755 1.376
   vertex -7.625 24.755 1.736
   vertex -7.855 24.755 1.736
  endloop
 endfacet
  facet normal 0 0 0
    outer loop
   vertex -7.625 24.755 1.376
   vertex -7.855 24.755 1.736
   vertex -7.855 24.755 1.376
  endloop
 endfacet
  facet normal 0 0 0
    outer loop
   vertex -8.635 24.755 1.376
   vertex -8.635 24.755 1.736
   vertex -8.865 24.755 1.736
  endloop
 endfacet
  facet normal 0 0 0
    outer loop
   vertex -8.635 24.755 1.376
   vertex -8.865 24.755 1.736
   vertex -8.865 24.755 1.376
  endloop
 endfacet
  facet normal 0 0 0
    outer loop
   vertex -8.865 25.045 1.376
   vertex -8.865 25.045 1.736
   vertex -8.635 25.045 1.736
  endloop
 endfacet
  facet normal 0 0 0
    outer loop
   vertex -8.865 25.045 1.376
   vertex -8.635 25.045 1.736
   vertex -8.635 25.045 1.376
  endloop
 endfacet
  facet normal 0 0 0
    outer loop
   vertex -7.855 25.045 1.376
   vertex -7.855 25.045 1.736
   vertex -7.625 25.045 1.736
  endloop
 endfacet
  facet normal 0 0 0
    outer loop
   vertex -7.855 25.045 1.376
   vertex -7.625 25.045 1.736
   vertex -7.625 25.045 1.376
  endloop
 endfacet
  facet normal 0 0 0
    outer loop
   vertex -6.065 25.045 1.376
   vertex -6.065 25.045 1.736
   vertex -5.835 25.045 1.736
  endloop
 endfacet
  facet normal 0 0 0
    outer loop
   vertex -6.065 25.045 1.376
   vertex -5.835 25.045 1.736
   vertex -5.835 25.045 1.376
  endloop
 endfacet
  facet normal 0 0 0
    outer loop
   vertex -5.055 25.045 1.376
   vertex -5.055 25.045 1.736
   vertex -4.825 25.045 1.736
  endloop
 endfacet
  facet normal 0 0 0
    outer loop
   vertex -5.055 25.045 1.376
   vertex -4.825 25.045 1.736
   vertex -4.825 25.045 1.376
  endloop
 endfacet
  facet normal 0 0 0
    outer loop
   vertex -8.635 26.01 1.376
   vertex -8.635 26.01 1.736
   vertex -7.855 26.01 1.736
  endloop
 endfacet
  facet normal 0 0 0
    outer loop
   vertex -8.635 26.01 1.376
   vertex -7.855 26.01 1.736
   vertex -7.855 26.01 1.376
  endloop
 endfacet
  facet normal 0 0 0
    outer loop
   vertex -5.835 26.01 1.376
   vertex -5.835 26.01 1.736
   vertex -5.055 26.01 1.736
  endloop
 endfacet
  facet normal 0 0 0
    outer loop
   vertex -5.835 26.01 1.376
   vertex -5.055 26.01 1.736
   vertex -5.055 26.01 1.376
  endloop
 endfacet
  facet normal 0 0 0
    outer loop
   vertex -7.625 25.045 1.376
   vertex -7.625 25.045 1.736
   vertex -7.625 24.755 1.736
  endloop
 endfacet
  facet normal 0 0 0
    outer loop
   vertex -7.625 25.045 1.376
   vertex -7.625 24.755 1.736
   vertex -7.625 24.755 1.376
  endloop
 endfacet
  facet normal 0 0 0
    outer loop
   vertex -7.625 23.345 1.376
   vertex -7.625 23.345 1.736
   vertex -7.625 23.055 1.736
  endloop
 endfacet
  facet normal 0 0 0
    outer loop
   vertex -7.625 23.345 1.376
   vertex -7.625 23.055 1.736
   vertex -7.625 23.055 1.376
  endloop
 endfacet
  facet normal 0 0 0
    outer loop
   vertex -7.625 21.645 1.376
   vertex -7.625 21.645 1.736
   vertex -7.625 21.355 1.736
  endloop
 endfacet
  facet normal 0 0 0
    outer loop
   vertex -7.625 21.645 1.376
   vertex -7.625 21.355 1.736
   vertex -7.625 21.355 1.376
  endloop
 endfacet
  facet normal 0 0 0
    outer loop
   vertex -7.625 19.945 1.376
   vertex -7.625 19.945 1.736
   vertex -7.625 19.655 1.736
  endloop
 endfacet
  facet normal 0 0 0
    outer loop
   vertex -7.625 19.945 1.376
   vertex -7.625 19.655 1.736
   vertex -7.625 19.655 1.376
  endloop
 endfacet
  facet normal 0 0 0
    outer loop
   vertex -7.625 18.245 1.376
   vertex -7.625 18.245 1.736
   vertex -7.625 17.955 1.736
  endloop
 endfacet
  facet normal 0 0 0
    outer loop
   vertex -7.625 18.245 1.376
   vertex -7.625 17.955 1.736
   vertex -7.625 17.955 1.376
  endloop
 endfacet
  facet normal 0 0 0
    outer loop
   vertex -7.625 16.545 1.376
   vertex -7.625 16.545 1.736
   vertex -7.625 16.255 1.736
  endloop
 endfacet
  facet normal 0 0 0
    outer loop
   vertex -7.625 16.545 1.376
   vertex -7.625 16.255 1.736
   vertex -7.625 16.255 1.376
  endloop
 endfacet
  facet normal 0 0 0
    outer loop
   vertex -7.625 14.845 1.376
   vertex -7.625 14.845 1.736
   vertex -7.625 14.555 1.736
  endloop
 endfacet
  facet normal 0 0 0
    outer loop
   vertex -7.625 14.845 1.376
   vertex -7.625 14.555 1.736
   vertex -7.625 14.555 1.376
  endloop
 endfacet
  facet normal 0 0 0
    outer loop
   vertex -7.625 13.145 1.376
   vertex -7.625 13.145 1.736
   vertex -7.625 12.855 1.736
  endloop
 endfacet
  facet normal 0 0 0
    outer loop
   vertex -7.625 13.145 1.376
   vertex -7.625 12.855 1.736
   vertex -7.625 12.855 1.376
  endloop
 endfacet
  facet normal 0 0 0
    outer loop
   vertex -8.865 12.855 1.376
   vertex -8.865 12.855 1.736
   vertex -8.865 13.145 1.736
  endloop
 endfacet
  facet normal 0 0 0
    outer loop
   vertex -8.865 12.855 1.376
   vertex -8.865 13.145 1.736
   vertex -8.865 13.145 1.376
  endloop
 endfacet
  facet normal 0 0 0
    outer loop
   vertex -8.865 14.555 1.376
   vertex -8.865 14.555 1.736
   vertex -8.865 14.845 1.736
  endloop
 endfacet
  facet normal 0 0 0
    outer loop
   vertex -8.865 14.555 1.376
   vertex -8.865 14.845 1.736
   vertex -8.865 14.845 1.376
  endloop
 endfacet
  facet normal 0 0 0
    outer loop
   vertex -8.865 16.255 1.376
   vertex -8.865 16.255 1.736
   vertex -8.865 16.545 1.736
  endloop
 endfacet
  facet normal 0 0 0
    outer loop
   vertex -8.865 16.255 1.376
   vertex -8.865 16.545 1.736
   vertex -8.865 16.545 1.376
  endloop
 endfacet
  facet normal 0 0 0
    outer loop
   vertex -8.865 17.955 1.376
   vertex -8.865 17.955 1.736
   vertex -8.865 18.245 1.736
  endloop
 endfacet
  facet normal 0 0 0
    outer loop
   vertex -8.865 17.955 1.376
   vertex -8.865 18.245 1.736
   vertex -8.865 18.245 1.376
  endloop
 endfacet
  facet normal 0 0 0
    outer loop
   vertex -8.865 19.655 1.376
   vertex -8.865 19.655 1.736
   vertex -8.865 19.945 1.736
  endloop
 endfacet
  facet normal 0 0 0
    outer loop
   vertex -8.865 19.655 1.376
   vertex -8.865 19.945 1.736
   vertex -8.865 19.945 1.376
  endloop
 endfacet
  facet normal 0 0 0
    outer loop
   vertex -8.865 21.355 1.376
   vertex -8.865 21.355 1.736
   vertex -8.865 21.645 1.736
  endloop
 endfacet
  facet normal 0 0 0
    outer loop
   vertex -8.865 21.355 1.376
   vertex -8.865 21.645 1.736
   vertex -8.865 21.645 1.376
  endloop
 endfacet
  facet normal 0 0 0
    outer loop
   vertex -8.865 23.055 1.376
   vertex -8.865 23.055 1.736
   vertex -8.865 23.345 1.736
  endloop
 endfacet
  facet normal 0 0 0
    outer loop
   vertex -8.865 23.055 1.376
   vertex -8.865 23.345 1.736
   vertex -8.865 23.345 1.376
  endloop
 endfacet
  facet normal 0 0 0
    outer loop
   vertex -8.865 24.755 1.376
   vertex -8.865 24.755 1.736
   vertex -8.865 25.045 1.736
  endloop
 endfacet
  facet normal 0 0 0
    outer loop
   vertex -8.865 24.755 1.376
   vertex -8.865 25.045 1.736
   vertex -8.865 25.045 1.376
  endloop
 endfacet
  facet normal 0 0 0
    outer loop
   vertex -8.865 14.845 1.376
   vertex -8.865 14.845 1.736
   vertex -8.635 14.845 1.736
  endloop
 endfacet
  facet normal 0 0 0
    outer loop
   vertex -8.865 14.845 1.376
   vertex -8.635 14.845 1.736
   vertex -8.635 14.845 1.376
  endloop
 endfacet
  facet normal 0 0 0
    outer loop
   vertex -7.855 14.845 1.376
   vertex -7.855 14.845 1.736
   vertex -7.625 14.845 1.736
  endloop
 endfacet
  facet normal 0 0 0
    outer loop
   vertex -7.855 14.845 1.376
   vertex -7.625 14.845 1.736
   vertex -7.625 14.845 1.376
  endloop
 endfacet
  facet normal 0 0 0
    outer loop
   vertex -6.065 14.845 1.376
   vertex -6.065 14.845 1.736
   vertex -5.835 14.845 1.736
  endloop
 endfacet
  facet normal 0 0 0
    outer loop
   vertex -6.065 14.845 1.376
   vertex -5.835 14.845 1.736
   vertex -5.835 14.845 1.376
  endloop
 endfacet
  facet normal 0 0 0
    outer loop
   vertex -5.055 14.845 1.376
   vertex -5.055 14.845 1.736
   vertex -4.825 14.845 1.736
  endloop
 endfacet
  facet normal 0 0 0
    outer loop
   vertex -5.055 14.845 1.376
   vertex -4.825 14.845 1.736
   vertex -4.825 14.845 1.376
  endloop
 endfacet
  facet normal 0 0 0
    outer loop
   vertex -4.825 16.255 1.376
   vertex -4.825 16.255 1.736
   vertex -5.055 16.255 1.736
  endloop
 endfacet
  facet normal 0 0 0
    outer loop
   vertex -4.825 16.255 1.376
   vertex -5.055 16.255 1.736
   vertex -5.055 16.255 1.376
  endloop
 endfacet
  facet normal 0 0 0
    outer loop
   vertex -5.835 16.255 1.376
   vertex -5.835 16.255 1.736
   vertex -6.065 16.255 1.736
  endloop
 endfacet
  facet normal 0 0 0
    outer loop
   vertex -5.835 16.255 1.376
   vertex -6.065 16.255 1.736
   vertex -6.065 16.255 1.376
  endloop
 endfacet
  facet normal 0 0 0
    outer loop
   vertex -7.625 16.255 1.376
   vertex -7.625 16.255 1.736
   vertex -7.855 16.255 1.736
  endloop
 endfacet
  facet normal 0 0 0
    outer loop
   vertex -7.625 16.255 1.376
   vertex -7.855 16.255 1.736
   vertex -7.855 16.255 1.376
  endloop
 endfacet
  facet normal 0 0 0
    outer loop
   vertex -8.635 16.255 1.376
   vertex -8.635 16.255 1.736
   vertex -8.865 16.255 1.736
  endloop
 endfacet
  facet normal 0 0 0
    outer loop
   vertex -8.635 16.255 1.376
   vertex -8.865 16.255 1.736
   vertex -8.865 16.255 1.376
  endloop
 endfacet
  facet normal 0 0 0
    outer loop
   vertex -8.865 16.545 1.376
   vertex -8.865 16.545 1.736
   vertex -8.635 16.545 1.736
  endloop
 endfacet
  facet normal 0 0 0
    outer loop
   vertex -8.865 16.545 1.376
   vertex -8.635 16.545 1.736
   vertex -8.635 16.545 1.376
  endloop
 endfacet
  facet normal 0 0 0
    outer loop
   vertex -7.855 16.545 1.376
   vertex -7.855 16.545 1.736
   vertex -7.625 16.545 1.736
  endloop
 endfacet
  facet normal 0 0 0
    outer loop
   vertex -7.855 16.545 1.376
   vertex -7.625 16.545 1.736
   vertex -7.625 16.545 1.376
  endloop
 endfacet
  facet normal 0 0 0
    outer loop
   vertex -6.065 16.545 1.376
   vertex -6.065 16.545 1.736
   vertex -5.835 16.545 1.736
  endloop
 endfacet
  facet normal 0 0 0
    outer loop
   vertex -6.065 16.545 1.376
   vertex -5.835 16.545 1.736
   vertex -5.835 16.545 1.376
  endloop
 endfacet
  facet normal 0 0 0
    outer loop
   vertex -5.055 16.545 1.376
   vertex -5.055 16.545 1.736
   vertex -4.825 16.545 1.736
  endloop
 endfacet
  facet normal 0 0 0
    outer loop
   vertex -5.055 16.545 1.376
   vertex -4.825 16.545 1.736
   vertex -4.825 16.545 1.376
  endloop
 endfacet
  facet normal 0 0 0
    outer loop
   vertex -4.825 17.955 1.376
   vertex -4.825 17.955 1.736
   vertex -5.055 17.955 1.736
  endloop
 endfacet
  facet normal 0 0 0
    outer loop
   vertex -4.825 17.955 1.376
   vertex -5.055 17.955 1.736
   vertex -5.055 17.955 1.376
  endloop
 endfacet
  facet normal 0 0 0
    outer loop
   vertex -5.835 17.955 1.376
   vertex -5.835 17.955 1.736
   vertex -6.065 17.955 1.736
  endloop
 endfacet
  facet normal 0 0 0
    outer loop
   vertex -5.835 17.955 1.376
   vertex -6.065 17.955 1.736
   vertex -6.065 17.955 1.376
  endloop
 endfacet
  facet normal 0 0 0
    outer loop
   vertex -7.625 17.955 1.376
   vertex -7.625 17.955 1.736
   vertex -7.855 17.955 1.736
  endloop
 endfacet
  facet normal 0 0 0
    outer loop
   vertex -7.625 17.955 1.376
   vertex -7.855 17.955 1.736
   vertex -7.855 17.955 1.376
  endloop
 endfacet
  facet normal 0 0 0
    outer loop
   vertex -8.635 17.955 1.376
   vertex -8.635 17.955 1.736
   vertex -8.865 17.955 1.736
  endloop
 endfacet
  facet normal 0 0 0
    outer loop
   vertex -8.635 17.955 1.376
   vertex -8.865 17.955 1.736
   vertex -8.865 17.955 1.376
  endloop
 endfacet
  facet normal 0 0 0
    outer loop
   vertex -8.865 18.245 1.376
   vertex -8.865 18.245 1.736
   vertex -8.635 18.245 1.736
  endloop
 endfacet
  facet normal 0 0 0
    outer loop
   vertex -8.865 18.245 1.376
   vertex -8.635 18.245 1.736
   vertex -8.635 18.245 1.376
  endloop
 endfacet
  facet normal 0 0 0
    outer loop
   vertex -7.855 18.245 1.376
   vertex -7.855 18.245 1.736
   vertex -7.625 18.245 1.736
  endloop
 endfacet
  facet normal 0 0 0
    outer loop
   vertex -7.855 18.245 1.376
   vertex -7.625 18.245 1.736
   vertex -7.625 18.245 1.376
  endloop
 endfacet
  facet normal 0 0 0
    outer loop
   vertex -6.065 18.245 1.376
   vertex -6.065 18.245 1.736
   vertex -5.835 18.245 1.736
  endloop
 endfacet
  facet normal 0 0 0
    outer loop
   vertex -6.065 18.245 1.376
   vertex -5.835 18.245 1.736
   vertex -5.835 18.245 1.376
  endloop
 endfacet
  facet normal 0 0 0
    outer loop
   vertex -5.055 18.245 1.376
   vertex -5.055 18.245 1.736
   vertex -4.825 18.245 1.736
  endloop
 endfacet
  facet normal 0 0 0
    outer loop
   vertex -5.055 18.245 1.376
   vertex -4.825 18.245 1.736
   vertex -4.825 18.245 1.376
  endloop
 endfacet
  facet normal 0 0 0
    outer loop
   vertex -8.75 11.48 1.376
   vertex -8.75 11.48 1.736
   vertex -9.465 11.48 1.736
  endloop
 endfacet
  facet normal 0 0 0
    outer loop
   vertex -8.75 11.48 1.376
   vertex -9.465 11.48 1.736
   vertex -9.465 11.48 1.376
  endloop
 endfacet
  facet normal 0 0 0
    outer loop
   vertex -9.165 11.78 1.376
   vertex -9.165 11.78 1.736
   vertex -8.75 11.78 1.736
  endloop
 endfacet
  facet normal 0 0 0
    outer loop
   vertex -9.165 11.78 1.376
   vertex -8.75 11.78 1.736
   vertex -8.75 11.78 1.376
  endloop
 endfacet
  facet normal 0 0 0
    outer loop
   vertex -8.75 10.95 1.376
   vertex -8.75 10.95 1.736
   vertex -8.75 11.48 1.736
  endloop
 endfacet
  facet normal 0 0 0
    outer loop
   vertex -8.75 10.95 1.376
   vertex -8.75 11.48 1.736
   vertex -8.75 11.48 1.376
  endloop
 endfacet
  facet normal 0 0 0
    outer loop
   vertex -8.75 11.78 1.376
   vertex -8.75 11.78 1.736
   vertex -8.75 11.95 1.736
  endloop
 endfacet
  facet normal 0 0 0
    outer loop
   vertex -8.75 11.78 1.376
   vertex -8.75 11.95 1.736
   vertex -8.75 11.95 1.376
  endloop
 endfacet
  facet normal 0 0 0
    outer loop
   vertex -4.94 10.95 1.376
   vertex -4.94 10.95 1.736
   vertex -5.94 10.95 1.736
  endloop
 endfacet
  facet normal 0 0 0
    outer loop
   vertex -4.94 10.95 1.376
   vertex -5.94 10.95 1.736
   vertex -5.94 10.95 1.376
  endloop
 endfacet
  facet normal 0 0 0
    outer loop
   vertex -7.75 10.95 1.376
   vertex -7.75 10.95 1.736
   vertex -8.75 10.95 1.736
  endloop
 endfacet
  facet normal 0 0 0
    outer loop
   vertex -7.75 10.95 1.376
   vertex -8.75 10.95 1.736
   vertex -8.75 10.95 1.376
  endloop
 endfacet
  facet normal 0 0 0
    outer loop
   vertex -9.165 12.855 1.376
   vertex -9.165 12.855 1.736
   vertex -9.165 11.78 1.736
  endloop
 endfacet
  facet normal 0 0 0
    outer loop
   vertex -9.165 12.855 1.376
   vertex -9.165 11.78 1.736
   vertex -9.165 11.78 1.376
  endloop
 endfacet
  facet normal 0 0 0
    outer loop
   vertex -9.465 11.48 1.376
   vertex -9.465 11.48 1.736
   vertex -9.465 12.313 1.376
  endloop
 endfacet
  facet normal 0 0 0
    outer loop
   vertex -9.465 12.313 1.376
   vertex -9.465 13.145 1.736
   vertex -9.465 13.145 1.376
  endloop
 endfacet
  facet normal 0 0 0
    outer loop
   vertex -9.465 12.313 1.376
   vertex -9.465 11.48 1.736
   vertex -9.465 13.145 1.736
  endloop
 endfacet
  facet normal 0 0 0
    outer loop
   vertex -9.465 13.145 1.376
   vertex -9.465 13.145 1.736
   vertex -9.025 13.145 1.736
  endloop
 endfacet
  facet normal 0 0 0
    outer loop
   vertex -9.465 13.145 1.376
   vertex -9.025 13.145 1.736
   vertex -9.025 13.145 1.376
  endloop
 endfacet
  facet normal 0 0 0
    outer loop
   vertex -8.865 13.145 1.376
   vertex -8.865 13.145 1.736
   vertex -8.635 13.145 1.736
  endloop
 endfacet
  facet normal 0 0 0
    outer loop
   vertex -8.865 13.145 1.376
   vertex -8.635 13.145 1.736
   vertex -8.635 13.145 1.376
  endloop
 endfacet
  facet normal 0 0 0
    outer loop
   vertex -7.855 13.145 1.376
   vertex -7.855 13.145 1.736
   vertex -7.625 13.145 1.736
  endloop
 endfacet
  facet normal 0 0 0
    outer loop
   vertex -7.855 13.145 1.376
   vertex -7.625 13.145 1.736
   vertex -7.625 13.145 1.376
  endloop
 endfacet
  facet normal 0 0 0
    outer loop
   vertex -6.065 13.145 1.376
   vertex -6.065 13.145 1.736
   vertex -5.835 13.145 1.736
  endloop
 endfacet
  facet normal 0 0 0
    outer loop
   vertex -6.065 13.145 1.376
   vertex -5.835 13.145 1.736
   vertex -5.835 13.145 1.376
  endloop
 endfacet
  facet normal 0 0 0
    outer loop
   vertex -5.055 13.145 1.376
   vertex -5.055 13.145 1.736
   vertex -4.825 13.145 1.736
  endloop
 endfacet
  facet normal 0 0 0
    outer loop
   vertex -5.055 13.145 1.376
   vertex -4.825 13.145 1.736
   vertex -4.825 13.145 1.376
  endloop
 endfacet
  facet normal 0 0 0
    outer loop
   vertex -4.825 12.855 1.376
   vertex -4.825 12.855 1.736
   vertex -5.055 12.855 1.736
  endloop
 endfacet
  facet normal 0 0 0
    outer loop
   vertex -4.825 12.855 1.376
   vertex -5.055 12.855 1.736
   vertex -5.055 12.855 1.376
  endloop
 endfacet
  facet normal 0 0 0
    outer loop
   vertex -5.835 12.855 1.376
   vertex -5.835 12.855 1.736
   vertex -6.065 12.855 1.736
  endloop
 endfacet
  facet normal 0 0 0
    outer loop
   vertex -5.835 12.855 1.376
   vertex -6.065 12.855 1.736
   vertex -6.065 12.855 1.376
  endloop
 endfacet
  facet normal 0 0 0
    outer loop
   vertex -7.625 12.855 1.376
   vertex -7.625 12.855 1.736
   vertex -7.855 12.855 1.736
  endloop
 endfacet
  facet normal 0 0 0
    outer loop
   vertex -7.625 12.855 1.376
   vertex -7.855 12.855 1.736
   vertex -7.855 12.855 1.376
  endloop
 endfacet
  facet normal 0 0 0
    outer loop
   vertex -8.635 12.855 1.376
   vertex -8.635 12.855 1.736
   vertex -8.865 12.855 1.736
  endloop
 endfacet
  facet normal 0 0 0
    outer loop
   vertex -8.635 12.855 1.376
   vertex -8.865 12.855 1.736
   vertex -8.865 12.855 1.376
  endloop
 endfacet
  facet normal 0 0 0
    outer loop
   vertex -9.025 12.855 1.376
   vertex -9.025 12.855 1.736
   vertex -9.165 12.855 1.736
  endloop
 endfacet
  facet normal 0 0 0
    outer loop
   vertex -9.025 12.855 1.376
   vertex -9.165 12.855 1.736
   vertex -9.165 12.855 1.376
  endloop
 endfacet
  facet normal 0 0 0
    outer loop
   vertex -9.025 13.145 1.376
   vertex -9.025 13.145 1.736
   vertex -9.025 12.855 1.736
  endloop
 endfacet
  facet normal 0 0 0
    outer loop
   vertex -9.025 13.145 1.376
   vertex -9.025 12.855 1.736
   vertex -9.025 12.855 1.376
  endloop
 endfacet
  facet normal 0 0 0
    outer loop
   vertex -8.75 11.95 1.376
   vertex -8.75 11.95 1.736
   vertex -8.635 11.95 1.736
  endloop
 endfacet
  facet normal 0 0 0
    outer loop
   vertex -8.75 11.95 1.376
   vertex -8.635 11.95 1.736
   vertex -8.635 11.95 1.376
  endloop
 endfacet
  facet normal 0 0 0
    outer loop
   vertex -7.855 11.95 1.376
   vertex -7.855 11.95 1.736
   vertex -7.75 11.95 1.736
  endloop
 endfacet
  facet normal 0 0 0
    outer loop
   vertex -7.855 11.95 1.376
   vertex -7.75 11.95 1.736
   vertex -7.75 11.95 1.376
  endloop
 endfacet
  facet normal 0 0 0
    outer loop
   vertex -5.94 11.95 1.376
   vertex -5.94 11.95 1.736
   vertex -5.835 11.95 1.736
  endloop
 endfacet
  facet normal 0 0 0
    outer loop
   vertex -5.94 11.95 1.376
   vertex -5.835 11.95 1.736
   vertex -5.835 11.95 1.376
  endloop
 endfacet
  facet normal 0 0 0
    outer loop
   vertex -5.055 11.95 1.376
   vertex -5.055 11.95 1.736
   vertex -4.94 11.95 1.736
  endloop
 endfacet
  facet normal 0 0 0
    outer loop
   vertex -5.055 11.95 1.376
   vertex -4.94 11.95 1.736
   vertex -4.94 11.95 1.376
  endloop
 endfacet
  facet normal 0 0 0
    outer loop
   vertex -7.75 11.95 1.376
   vertex -7.75 11.95 1.736
   vertex -7.75 10.95 1.736
  endloop
 endfacet
  facet normal 0 0 0
    outer loop
   vertex -7.75 11.95 1.376
   vertex -7.75 10.95 1.736
   vertex -7.75 10.95 1.376
  endloop
 endfacet
  facet normal 0 0 0
    outer loop
   vertex -4.825 14.555 1.376
   vertex -4.825 14.555 1.736
   vertex -5.055 14.555 1.736
  endloop
 endfacet
  facet normal 0 0 0
    outer loop
   vertex -4.825 14.555 1.376
   vertex -5.055 14.555 1.736
   vertex -5.055 14.555 1.376
  endloop
 endfacet
  facet normal 0 0 0
    outer loop
   vertex -5.835 14.555 1.376
   vertex -5.835 14.555 1.736
   vertex -6.065 14.555 1.736
  endloop
 endfacet
  facet normal 0 0 0
    outer loop
   vertex -5.835 14.555 1.376
   vertex -6.065 14.555 1.736
   vertex -6.065 14.555 1.376
  endloop
 endfacet
  facet normal 0 0 0
    outer loop
   vertex -7.625 14.555 1.376
   vertex -7.625 14.555 1.736
   vertex -7.855 14.555 1.736
  endloop
 endfacet
  facet normal 0 0 0
    outer loop
   vertex -7.625 14.555 1.376
   vertex -7.855 14.555 1.736
   vertex -7.855 14.555 1.376
  endloop
 endfacet
  facet normal 0 0 0
    outer loop
   vertex -8.635 14.555 1.376
   vertex -8.635 14.555 1.736
   vertex -8.865 14.555 1.736
  endloop
 endfacet
  facet normal 0 0 0
    outer loop
   vertex -8.635 14.555 1.376
   vertex -8.865 14.555 1.736
   vertex -8.865 14.555 1.376
  endloop
 endfacet
  facet normal 0 0 0
    outer loop
   vertex -4.94 11.95 1.376
   vertex -4.94 11.95 1.736
   vertex -4.94 10.95 1.736
  endloop
 endfacet
  facet normal 0 0 0
    outer loop
   vertex -4.94 11.95 1.376
   vertex -4.94 10.95 1.736
   vertex -4.94 10.95 1.376
  endloop
 endfacet
  facet normal 0 0 0
    outer loop
   vertex -5.94 10.95 1.376
   vertex -5.94 10.95 1.736
   vertex -5.94 11.95 1.736
  endloop
 endfacet
  facet normal 0 0 0
    outer loop
   vertex -5.94 10.95 1.376
   vertex -5.94 11.95 1.736
   vertex -5.94 11.95 1.376
  endloop
 endfacet
  facet normal 0 0 0
    outer loop
   vertex -4.94 5.85 2.006
   vertex -4.94 5.85 2.366
   vertex -5.893 5.85 2.006
  endloop
 endfacet
  facet normal 0 0 0
    outer loop
   vertex -5.893 5.85 2.006
   vertex -6.845 5.85 2.366
   vertex -6.845 5.85 2.006
  endloop
 endfacet
  facet normal 0 0 0
    outer loop
   vertex -5.893 5.85 2.006
   vertex -4.94 5.85 2.366
   vertex -6.845 5.85 2.366
  endloop
 endfacet
  facet normal 0 0 0
    outer loop
   vertex -7.798 5.85 2.006
   vertex -8.75 5.85 2.366
   vertex -8.75 5.85 2.006
  endloop
 endfacet
  facet normal 0 0 0
    outer loop
   vertex -6.845 5.85 2.006
   vertex -6.845 5.85 2.366
   vertex -7.798 5.85 2.006
  endloop
 endfacet
  facet normal 0 0 0
    outer loop
   vertex -7.798 5.85 2.006
   vertex -6.845 5.85 2.366
   vertex -8.75 5.85 2.366
  endloop
 endfacet
  facet normal 0 0 0
    outer loop
   vertex -8.75 5.85 2.006
   vertex -8.75 5.85 2.366
   vertex -8.75 6.613 2.006
  endloop
 endfacet
  facet normal 0 0 0
    outer loop
   vertex -8.75 6.613 2.006
   vertex -8.75 7.375 2.366
   vertex -8.75 7.375 2.006
  endloop
 endfacet
  facet normal 0 0 0
    outer loop
   vertex -8.75 6.613 2.006
   vertex -8.75 5.85 2.366
   vertex -8.75 7.375 2.366
  endloop
 endfacet
  facet normal 0 0 0
    outer loop
   vertex -8.75 7.375 2.006
   vertex -8.75 7.375 2.366
   vertex -8.75 8.138 2.366
  endloop
 endfacet
  facet normal 0 0 0
    outer loop
   vertex -8.75 8.9 2.006
   vertex -8.75 8.138 2.366
   vertex -8.75 8.9 2.366
  endloop
 endfacet
  facet normal 0 0 0
    outer loop
   vertex -8.75 7.375 2.006
   vertex -8.75 8.138 2.366
   vertex -8.75 8.9 2.006
  endloop
 endfacet
  facet normal 0 0 0
    outer loop
   vertex -8.75 10.425 2.006
   vertex -8.75 10.425 2.366
   vertex -8.75 11.188 2.366
  endloop
 endfacet
  facet normal 0 0 0
    outer loop
   vertex -8.75 11.95 2.006
   vertex -8.75 11.188 2.366
   vertex -8.75 11.95 2.366
  endloop
 endfacet
  facet normal 0 0 0
    outer loop
   vertex -8.75 10.425 2.006
   vertex -8.75 11.188 2.366
   vertex -8.75 11.95 2.006
  endloop
 endfacet
  facet normal 0 0 0
    outer loop
   vertex -8.75 10.425 2.006
   vertex -8.75 9.663 2.366
   vertex -8.75 10.425 2.366
  endloop
 endfacet
  facet normal 0 0 0
    outer loop
   vertex -8.75 8.9 2.006
   vertex -8.75 8.9 2.366
   vertex -8.75 9.663 2.366
  endloop
 endfacet
  facet normal 0 0 0
    outer loop
   vertex -8.75 8.9 2.006
   vertex -8.75 9.663 2.366
   vertex -8.75 10.425 2.006
  endloop
 endfacet
  facet normal 0 0 0
    outer loop
   vertex -8.75 11.95 2.006
   vertex -8.75 11.95 2.366
   vertex -7.798 11.95 2.006
  endloop
 endfacet
  facet normal 0 0 0
    outer loop
   vertex -7.798 11.95 2.006
   vertex -6.845 11.95 2.366
   vertex -6.845 11.95 2.006
  endloop
 endfacet
  facet normal 0 0 0
    outer loop
   vertex -7.798 11.95 2.006
   vertex -8.75 11.95 2.366
   vertex -6.845 11.95 2.366
  endloop
 endfacet
  facet normal 0 0 0
    outer loop
   vertex -5.893 11.95 2.006
   vertex -4.94 11.95 2.366
   vertex -4.94 11.95 2.006
  endloop
 endfacet
  facet normal 0 0 0
    outer loop
   vertex -6.845 11.95 2.006
   vertex -6.845 11.95 2.366
   vertex -5.893 11.95 2.006
  endloop
 endfacet
  facet normal 0 0 0
    outer loop
   vertex -5.893 11.95 2.006
   vertex -6.845 11.95 2.366
   vertex -4.94 11.95 2.366
  endloop
 endfacet
  facet normal 0 0 0
    outer loop
   vertex -4.94 11.95 2.006
   vertex -4.94 11.95 2.366
   vertex -4.94 11.188 2.006
  endloop
 endfacet
  facet normal 0 0 0
    outer loop
   vertex -4.94 11.188 2.006
   vertex -4.94 10.425 2.366
   vertex -4.94 10.425 2.006
  endloop
 endfacet
  facet normal 0 0 0
    outer loop
   vertex -4.94 11.188 2.006
   vertex -4.94 11.95 2.366
   vertex -4.94 10.425 2.366
  endloop
 endfacet
  facet normal 0 0 0
    outer loop
   vertex -4.94 10.425 2.006
   vertex -4.94 10.425 2.366
   vertex -4.94 9.663 2.366
  endloop
 endfacet
  facet normal 0 0 0
    outer loop
   vertex -4.94 8.9 2.006
   vertex -4.94 9.663 2.366
   vertex -4.94 8.9 2.366
  endloop
 endfacet
  facet normal 0 0 0
    outer loop
   vertex -4.94 10.425 2.006
   vertex -4.94 9.663 2.366
   vertex -4.94 8.9 2.006
  endloop
 endfacet
  facet normal 0 0 0
    outer loop
   vertex -4.94 7.375 2.006
   vertex -4.94 7.375 2.366
   vertex -4.94 6.613 2.366
  endloop
 endfacet
  facet normal 0 0 0
    outer loop
   vertex -4.94 5.85 2.006
   vertex -4.94 6.613 2.366
   vertex -4.94 5.85 2.366
  endloop
 endfacet
  facet normal 0 0 0
    outer loop
   vertex -4.94 7.375 2.006
   vertex -4.94 6.613 2.366
   vertex -4.94 5.85 2.006
  endloop
 endfacet
  facet normal 0 0 0
    outer loop
   vertex -4.94 7.375 2.006
   vertex -4.94 8.138 2.366
   vertex -4.94 7.375 2.366
  endloop
 endfacet
  facet normal 0 0 0
    outer loop
   vertex -4.94 8.9 2.006
   vertex -4.94 8.9 2.366
   vertex -4.94 8.138 2.366
  endloop
 endfacet
  facet normal 0 0 0
    outer loop
   vertex -4.94 8.9 2.006
   vertex -4.94 8.138 2.366
   vertex -4.94 7.375 2.006
  endloop
 endfacet
endsolid stl
