solid stl
  facet normal 0 0 0
    outer loop
   vertex 25.3 29.94 0.326
   vertex 27.8 30.84 0.326
   vertex 30.3 29.94 0.326
  endloop
 endfacet
  facet normal 0 0 0
    outer loop
   vertex 5.3 29.94 0.326
   vertex 7.175 30.84 0.326
   vertex 6.55 29.94 0.326
  endloop
 endfacet
  facet normal 0 0 0
    outer loop
   vertex 50.3 -0.38 0.326
   vertex 50.3 14.78 0.326
   vertex 55.3 -0.38 0.326
  endloop
 endfacet
  facet normal 0 0 0
    outer loop
   vertex 55.3 -0.38 0.326
   vertex 50.3 14.78 0.326
   vertex 55.3 15.23 0.326
  endloop
 endfacet
  facet normal 0 0 0
    outer loop
   vertex 31.55 29.94 0.326
   vertex 34.675 30.84 0.326
   vertex 36.55 29.94 0.326
  endloop
 endfacet
  facet normal 0 0 0
    outer loop
   vertex 19.05 29.94 0.326
   vertex 20.925 30.84 0.326
   vertex 24.05 29.94 0.326
  endloop
 endfacet
  facet normal 0 0 0
    outer loop
   vertex 44.05 -0.38 0.326
   vertex 49.05 14.78 0.326
   vertex 49.05 -0.38 0.326
  endloop
 endfacet
  facet normal 0 0 0
    outer loop
   vertex 49.05 29.94 0.326
   vertex 48.425 30.84 0.326
   vertex 50.3 29.94 0.326
  endloop
 endfacet
  facet normal 0 0 0
    outer loop
   vertex 37.8 -0.38 0.326
   vertex 42.8 14.78 0.326
   vertex 42.8 -0.38 0.326
  endloop
 endfacet
  facet normal 0 0 0
    outer loop
   vertex 36.55 14.78 0.326
   vertex 31.55 29.94 0.326
   vertex 36.55 29.94 0.326
  endloop
 endfacet
  facet normal 0 0 0
    outer loop
   vertex 31.55 -0.38 0.326
   vertex 36.55 14.78 0.326
   vertex 36.55 -0.38 0.326
  endloop
 endfacet
  facet normal 0 0 0
    outer loop
   vertex 30.3 14.78 0.326
   vertex 25.3 29.94 0.326
   vertex 30.3 29.94 0.326
  endloop
 endfacet
  facet normal 0 0 0
    outer loop
   vertex 25.3 -0.38 0.326
   vertex 30.3 14.78 0.326
   vertex 30.3 -0.38 0.326
  endloop
 endfacet
  facet normal 0 0 0
    outer loop
   vertex 24.05 14.78 0.326
   vertex 19.05 29.94 0.326
   vertex 24.05 29.94 0.326
  endloop
 endfacet
  facet normal 0 0 0
    outer loop
   vertex 19.05 -0.38 0.326
   vertex 24.05 14.78 0.326
   vertex 24.05 -0.38 0.326
  endloop
 endfacet
  facet normal 0 0 0
    outer loop
   vertex 12.8 -0.38 0.326
   vertex 17.8 14.78 0.326
   vertex 17.8 -0.38 0.326
  endloop
 endfacet
  facet normal 0 0 0
    outer loop
   vertex 6.55 -0.38 0.326
   vertex 11.55 14.78 0.326
   vertex 11.55 -0.38 0.326
  endloop
 endfacet
  facet normal 0 0 0
    outer loop
   vertex 0.3 -0.38 0.326
   vertex 0.3 15.23 0.326
   vertex 5.3 14.78 0.326
  endloop
 endfacet
  facet normal 0 0 0
    outer loop
   vertex 0.3 -0.38 0.326
   vertex 5.3 14.78 0.326
   vertex 5.3 -0.38 0.326
  endloop
 endfacet
  facet normal 0 0 0
    outer loop
   vertex 5.3 29.94 0.326
   vertex 3.738 30.84 0.326
   vertex 7.175 30.84 0.326
  endloop
 endfacet
  facet normal 0 0 0
    outer loop
   vertex 12.8 29.94 0.326
   vertex 10.613 30.84 0.326
   vertex 14.05 30.84 0.326
  endloop
 endfacet
  facet normal 0 0 0
    outer loop
   vertex 11.55 29.94 0.326
   vertex 10.613 30.84 0.326
   vertex 12.8 29.94 0.326
  endloop
 endfacet
  facet normal 0 0 0
    outer loop
   vertex 31.55 29.94 0.326
   vertex 31.238 30.84 0.326
   vertex 34.675 30.84 0.326
  endloop
 endfacet
  facet normal 0 0 0
    outer loop
   vertex 30.3 29.94 0.326
   vertex 31.238 30.84 0.326
   vertex 31.55 29.94 0.326
  endloop
 endfacet
  facet normal 0 0 0
    outer loop
   vertex 30.3 29.94 0.326
   vertex 27.8 30.84 0.326
   vertex 31.238 30.84 0.326
  endloop
 endfacet
  facet normal 0 0 0
    outer loop
   vertex 36.55 29.94 0.326
   vertex 34.675 30.84 0.326
   vertex 38.113 30.84 0.326
  endloop
 endfacet
  facet normal 0 0 0
    outer loop
   vertex 36.55 29.94 0.326
   vertex 38.113 30.84 0.326
   vertex 37.8 29.94 0.326
  endloop
 endfacet
  facet normal 0 0 0
    outer loop
   vertex 24.05 29.94 0.326
   vertex 20.925 30.84 0.326
   vertex 24.363 30.84 0.326
  endloop
 endfacet
  facet normal 0 0 0
    outer loop
   vertex 25.3 29.94 0.326
   vertex 24.363 30.84 0.326
   vertex 27.8 30.84 0.326
  endloop
 endfacet
  facet normal 0 0 0
    outer loop
   vertex 24.05 29.94 0.326
   vertex 24.363 30.84 0.326
   vertex 25.3 29.94 0.326
  endloop
 endfacet
  facet normal 0 0 0
    outer loop
   vertex 17.8 29.94 0.326
   vertex 17.488 30.84 0.326
   vertex 19.05 29.94 0.326
  endloop
 endfacet
  facet normal 0 0 0
    outer loop
   vertex 19.05 29.94 0.326
   vertex 17.488 30.84 0.326
   vertex 20.925 30.84 0.326
  endloop
 endfacet
  facet normal 0 0 0
    outer loop
   vertex 44.05 -0.38 0.326
   vertex 44.05 14.78 0.326
   vertex 49.05 14.78 0.326
  endloop
 endfacet
  facet normal 0 0 0
    outer loop
   vertex 50.3 29.94 0.326
   vertex 48.425 30.84 0.326
   vertex 51.863 30.84 0.326
  endloop
 endfacet
  facet normal 0 0 0
    outer loop
   vertex 42.8 29.94 0.326
   vertex 44.988 30.84 0.326
   vertex 44.05 29.94 0.326
  endloop
 endfacet
  facet normal 0 0 0
    outer loop
   vertex 42.8 29.94 0.326
   vertex 41.55 30.84 0.326
   vertex 44.988 30.84 0.326
  endloop
 endfacet
  facet normal 0 0 0
    outer loop
   vertex 37.8 -0.38 0.326
   vertex 37.8 14.78 0.326
   vertex 42.8 14.78 0.326
  endloop
 endfacet
  facet normal 0 0 0
    outer loop
   vertex 31.55 14.78 0.326
   vertex 31.55 29.94 0.326
   vertex 36.55 14.78 0.326
  endloop
 endfacet
  facet normal 0 0 0
    outer loop
   vertex 31.55 -0.38 0.326
   vertex 31.55 14.78 0.326
   vertex 36.55 14.78 0.326
  endloop
 endfacet
  facet normal 0 0 0
    outer loop
   vertex 25.3 14.78 0.326
   vertex 25.3 29.94 0.326
   vertex 30.3 14.78 0.326
  endloop
 endfacet
  facet normal 0 0 0
    outer loop
   vertex 25.3 -0.38 0.326
   vertex 25.3 14.78 0.326
   vertex 30.3 14.78 0.326
  endloop
 endfacet
  facet normal 0 0 0
    outer loop
   vertex 19.05 14.78 0.326
   vertex 19.05 29.94 0.326
   vertex 24.05 14.78 0.326
  endloop
 endfacet
  facet normal 0 0 0
    outer loop
   vertex 19.05 -0.38 0.326
   vertex 19.05 14.78 0.326
   vertex 24.05 14.78 0.326
  endloop
 endfacet
  facet normal 0 0 0
    outer loop
   vertex 12.8 -0.38 0.326
   vertex 12.8 14.78 0.326
   vertex 17.8 14.78 0.326
  endloop
 endfacet
  facet normal 0 0 0
    outer loop
   vertex 6.55 -0.38 0.326
   vertex 6.55 14.78 0.326
   vertex 11.55 14.78 0.326
  endloop
 endfacet
  facet normal 0 0 0
    outer loop
   vertex 37.8 14.78 0.326
   vertex 42.8 22.36 0.326
   vertex 42.8 14.78 0.326
  endloop
 endfacet
  facet normal 0 0 0
    outer loop
   vertex 15.769 29.739 0.326
   vertex 12.8 29.94 0.326
   vertex 14.05 30.84 0.326
  endloop
 endfacet
  facet normal 0 0 0
    outer loop
   vertex 15.769 29.739 0.326
   vertex 17.488 30.84 0.326
   vertex 17.8 29.94 0.326
  endloop
 endfacet
  facet normal 0 0 0
    outer loop
   vertex 15.769 29.739 0.326
   vertex 14.05 30.84 0.326
   vertex 17.488 30.84 0.326
  endloop
 endfacet
  facet normal 0 0 0
    outer loop
   vertex 6.55 14.78 0.326
   vertex 11.55 22.36 0.326
   vertex 11.55 14.78 0.326
  endloop
 endfacet
  facet normal 0 0 0
    outer loop
   vertex 44.05 14.78 0.326
   vertex 44.05 22.36 0.326
   vertex 49.05 14.78 0.326
  endloop
 endfacet
  facet normal 0 0 0
    outer loop
   vertex 39.831 29.739 0.326
   vertex 41.55 30.84 0.326
   vertex 42.8 29.94 0.326
  endloop
 endfacet
  facet normal 0 0 0
    outer loop
   vertex 39.831 29.739 0.326
   vertex 38.113 30.84 0.326
   vertex 41.55 30.84 0.326
  endloop
 endfacet
  facet normal 0 0 0
    outer loop
   vertex 39.831 29.739 0.326
   vertex 37.8 29.94 0.326
   vertex 38.113 30.84 0.326
  endloop
 endfacet
  facet normal 0 0 0
    outer loop
   vertex 17.8 22.36 0.326
   vertex 15.769 29.739 0.326
   vertex 17.8 29.94 0.326
  endloop
 endfacet
  facet normal 0 0 0
    outer loop
   vertex 12.8 14.78 0.326
   vertex 17.8 22.36 0.326
   vertex 17.8 14.78 0.326
  endloop
 endfacet
  facet normal 0 0 0
    outer loop
   vertex 17.8 22.36 0.326
   vertex 12.8 29.94 0.326
   vertex 15.769 29.739 0.326
  endloop
 endfacet
  facet normal 0 0 0
    outer loop
   vertex 12.8 14.78 0.326
   vertex 12.8 29.94 0.326
   vertex 17.8 22.36 0.326
  endloop
 endfacet
  facet normal 0 0 0
    outer loop
   vertex 0.3 15.23 0.326
   vertex 0.3 23.035 0.326
   vertex 5.3 22.36 0.326
  endloop
 endfacet
  facet normal 0 0 0
    outer loop
   vertex 5.3 14.78 0.326
   vertex 0.3 15.23 0.326
   vertex 5.3 22.36 0.326
  endloop
 endfacet
  facet normal 0 0 0
    outer loop
   vertex 6.55 14.78 0.326
   vertex 6.55 22.36 0.326
   vertex 11.55 22.36 0.326
  endloop
 endfacet
  facet normal 0 0 0
    outer loop
   vertex 50.3 14.78 0.326
   vertex 50.3 22.36 0.326
   vertex 55.3 15.23 0.326
  endloop
 endfacet
  facet normal 0 0 0
    outer loop
   vertex 55.3 15.23 0.326
   vertex 50.3 22.36 0.326
   vertex 55.3 23.035 0.326
  endloop
 endfacet
  facet normal 0 0 0
    outer loop
   vertex 49.05 14.78 0.326
   vertex 44.05 22.36 0.326
   vertex 49.05 22.36 0.326
  endloop
 endfacet
  facet normal 0 0 0
    outer loop
   vertex 37.8 14.78 0.326
   vertex 37.8 22.36 0.326
   vertex 42.8 22.36 0.326
  endloop
 endfacet
  facet normal 0 0 0
    outer loop
   vertex 37.8 22.36 0.326
   vertex 37.8 29.94 0.326
   vertex 39.831 29.739 0.326
  endloop
 endfacet
  facet normal 0 0 0
    outer loop
   vertex 37.8 22.36 0.326
   vertex 39.831 29.739 0.326
   vertex 42.8 22.36 0.326
  endloop
 endfacet
  facet normal 0 0 0
    outer loop
   vertex 42.8 22.36 0.326
   vertex 39.831 29.739 0.326
   vertex 42.8 29.94 0.326
  endloop
 endfacet
  facet normal 0 0 0
    outer loop
   vertex 2.427 26.758 0.326
   vertex 3.738 30.84 0.326
   vertex 5.3 29.94 0.326
  endloop
 endfacet
  facet normal 0 0 0
    outer loop
   vertex 0.3 23.035 0.326
   vertex 0.3 30.84 0.326
   vertex 2.427 26.758 0.326
  endloop
 endfacet
  facet normal 0 0 0
    outer loop
   vertex 2.427 26.758 0.326
   vertex 0.3 30.84 0.326
   vertex 3.738 30.84 0.326
  endloop
 endfacet
  facet normal 0 0 0
    outer loop
   vertex 5.3 22.36 0.326
   vertex 0.3 23.035 0.326
   vertex 2.427 26.758 0.326
  endloop
 endfacet
  facet normal 0 0 0
    outer loop
   vertex 5.3 22.36 0.326
   vertex 2.427 26.758 0.326
   vertex 5.3 29.94 0.326
  endloop
 endfacet
  facet normal 0 0 0
    outer loop
   vertex 6.55 22.36 0.326
   vertex 6.55 29.94 0.326
   vertex 8.894 28.979 0.326
  endloop
 endfacet
  facet normal 0 0 0
    outer loop
   vertex 6.55 22.36 0.326
   vertex 8.894 28.979 0.326
   vertex 11.55 22.36 0.326
  endloop
 endfacet
  facet normal 0 0 0
    outer loop
   vertex 11.55 22.36 0.326
   vertex 8.894 28.979 0.326
   vertex 11.55 29.94 0.326
  endloop
 endfacet
  facet normal 0 0 0
    outer loop
   vertex 8.894 28.979 0.326
   vertex 10.613 30.84 0.326
   vertex 11.55 29.94 0.326
  endloop
 endfacet
  facet normal 0 0 0
    outer loop
   vertex 8.894 28.979 0.326
   vertex 7.175 30.84 0.326
   vertex 10.613 30.84 0.326
  endloop
 endfacet
  facet normal 0 0 0
    outer loop
   vertex 8.894 28.979 0.326
   vertex 6.55 29.94 0.326
   vertex 7.175 30.84 0.326
  endloop
 endfacet
  facet normal 0 0 0
    outer loop
   vertex 53.173 26.758 0.326
   vertex 50.3 29.94 0.326
   vertex 51.863 30.84 0.326
  endloop
 endfacet
  facet normal 0 0 0
    outer loop
   vertex 55.3 23.035 0.326
   vertex 53.173 26.758 0.326
   vertex 55.3 30.84 0.326
  endloop
 endfacet
  facet normal 0 0 0
    outer loop
   vertex 53.173 26.758 0.326
   vertex 51.863 30.84 0.326
   vertex 55.3 30.84 0.326
  endloop
 endfacet
  facet normal 0 0 0
    outer loop
   vertex 50.3 22.36 0.326
   vertex 53.173 26.758 0.326
   vertex 55.3 23.035 0.326
  endloop
 endfacet
  facet normal 0 0 0
    outer loop
   vertex 50.3 22.36 0.326
   vertex 50.3 29.94 0.326
   vertex 53.173 26.758 0.326
  endloop
 endfacet
  facet normal 0 0 0
    outer loop
   vertex 49.05 22.36 0.326
   vertex 46.706 28.979 0.326
   vertex 49.05 29.94 0.326
  endloop
 endfacet
  facet normal 0 0 0
    outer loop
   vertex 44.05 22.36 0.326
   vertex 46.706 28.979 0.326
   vertex 49.05 22.36 0.326
  endloop
 endfacet
  facet normal 0 0 0
    outer loop
   vertex 44.05 22.36 0.326
   vertex 44.05 29.94 0.326
   vertex 46.706 28.979 0.326
  endloop
 endfacet
  facet normal 0 0 0
    outer loop
   vertex 46.706 28.979 0.326
   vertex 44.05 29.94 0.326
   vertex 44.988 30.84 0.326
  endloop
 endfacet
  facet normal 0 0 0
    outer loop
   vertex 46.706 28.979 0.326
   vertex 44.988 30.84 0.326
   vertex 48.425 30.84 0.326
  endloop
 endfacet
  facet normal 0 0 0
    outer loop
   vertex 46.706 28.979 0.326
   vertex 48.425 30.84 0.326
   vertex 49.05 29.94 0.326
  endloop
 endfacet
  facet normal 0 0 0
    outer loop
   vertex 30.3 29.94 0.506
   vertex 27.8 30.84 0.506
   vertex 25.3 29.94 0.506
  endloop
 endfacet
  facet normal 0 0 0
    outer loop
   vertex 36.55 29.94 0.506
   vertex 31.55 29.94 0.506
   vertex 36.55 14.78 0.506
  endloop
 endfacet
  facet normal 0 0 0
    outer loop
   vertex 30.3 29.94 0.506
   vertex 25.3 29.94 0.506
   vertex 30.3 14.78 0.506
  endloop
 endfacet
  facet normal 0 0 0
    outer loop
   vertex 30.3 -0.38 0.506
   vertex 30.3 14.78 0.506
   vertex 25.3 -0.38 0.506
  endloop
 endfacet
  facet normal 0 0 0
    outer loop
   vertex 24.05 29.94 0.506
   vertex 19.05 29.94 0.506
   vertex 24.05 14.78 0.506
  endloop
 endfacet
  facet normal 0 0 0
    outer loop
   vertex 36.55 14.78 0.506
   vertex 31.55 29.94 0.506
   vertex 31.55 14.78 0.506
  endloop
 endfacet
  facet normal 0 0 0
    outer loop
   vertex 30.3 14.78 0.506
   vertex 25.3 29.94 0.506
   vertex 25.3 14.78 0.506
  endloop
 endfacet
  facet normal 0 0 0
    outer loop
   vertex 30.3 14.78 0.506
   vertex 25.3 14.78 0.506
   vertex 25.3 -0.38 0.506
  endloop
 endfacet
  facet normal 0 0 0
    outer loop
   vertex 24.05 14.78 0.506
   vertex 19.05 29.94 0.506
   vertex 19.05 14.78 0.506
  endloop
 endfacet
  facet normal 0 0 0
    outer loop
   vertex 42.8 14.78 0.506
   vertex 42.8 22.36 0.506
   vertex 37.8 14.78 0.506
  endloop
 endfacet
  facet normal 0 0 0
    outer loop
   vertex 11.55 14.78 0.506
   vertex 11.55 22.36 0.506
   vertex 6.55 14.78 0.506
  endloop
 endfacet
  facet normal 0 0 0
    outer loop
   vertex 49.05 14.78 0.506
   vertex 44.05 22.36 0.506
   vertex 44.05 14.78 0.506
  endloop
 endfacet
  facet normal 0 0 0
    outer loop
   vertex 5.3 22.36 0.506
   vertex 0.3 15.23 0.506
   vertex 5.3 14.78 0.506
  endloop
 endfacet
  facet normal 0 0 0
    outer loop
   vertex 17.8 14.78 0.506
   vertex 17.8 22.36 0.506
   vertex 12.8 14.78 0.506
  endloop
 endfacet
  facet normal 0 0 0
    outer loop
   vertex 17.8 22.36 0.506
   vertex 12.8 29.94 0.506
   vertex 12.8 14.78 0.506
  endloop
 endfacet
  facet normal 0 0 0
    outer loop
   vertex 11.55 22.36 0.506
   vertex 6.55 22.36 0.506
   vertex 6.55 14.78 0.506
  endloop
 endfacet
  facet normal 0 0 0
    outer loop
   vertex 55.3 15.23 0.506
   vertex 50.3 22.36 0.506
   vertex 50.3 14.78 0.506
  endloop
 endfacet
  facet normal 0 0 0
    outer loop
   vertex 49.05 22.36 0.506
   vertex 44.05 22.36 0.506
   vertex 49.05 14.78 0.506
  endloop
 endfacet
  facet normal 0 0 0
    outer loop
   vertex 42.8 22.36 0.506
   vertex 37.8 22.36 0.506
   vertex 37.8 14.78 0.506
  endloop
 endfacet
  facet normal 0 0 0
    outer loop
   vertex 31.238 30.84 0.506
   vertex 27.8 30.84 0.506
   vertex 30.3 29.94 0.506
  endloop
 endfacet
  facet normal 0 0 0
    outer loop
   vertex 38.113 30.84 0.506
   vertex 34.675 30.84 0.506
   vertex 36.55 29.94 0.506
  endloop
 endfacet
  facet normal 0 0 0
    outer loop
   vertex 37.8 29.94 0.506
   vertex 38.113 30.84 0.506
   vertex 36.55 29.94 0.506
  endloop
 endfacet
  facet normal 0 0 0
    outer loop
   vertex 42.8 29.94 0.506
   vertex 41.55 30.84 0.506
   vertex 39.831 29.739 0.506
  endloop
 endfacet
  facet normal 0 0 0
    outer loop
   vertex 41.55 30.84 0.506
   vertex 38.113 30.84 0.506
   vertex 39.831 29.739 0.506
  endloop
 endfacet
  facet normal 0 0 0
    outer loop
   vertex 38.113 30.84 0.506
   vertex 37.8 29.94 0.506
   vertex 39.831 29.739 0.506
  endloop
 endfacet
  facet normal 0 0 0
    outer loop
   vertex 51.863 30.84 0.506
   vertex 48.425 30.84 0.506
   vertex 50.3 29.94 0.506
  endloop
 endfacet
  facet normal 0 0 0
    outer loop
   vertex 44.05 29.94 0.506
   vertex 44.988 30.84 0.506
   vertex 42.8 29.94 0.506
  endloop
 endfacet
  facet normal 0 0 0
    outer loop
   vertex 44.988 30.84 0.506
   vertex 41.55 30.84 0.506
   vertex 42.8 29.94 0.506
  endloop
 endfacet
  facet normal 0 0 0
    outer loop
   vertex 36.55 29.94 0.506
   vertex 34.675 30.84 0.506
   vertex 31.55 29.94 0.506
  endloop
 endfacet
  facet normal 0 0 0
    outer loop
   vertex 50.3 29.94 0.506
   vertex 48.425 30.84 0.506
   vertex 49.05 29.94 0.506
  endloop
 endfacet
  facet normal 0 0 0
    outer loop
   vertex 55.3 23.035 0.506
   vertex 50.3 22.36 0.506
   vertex 55.3 15.23 0.506
  endloop
 endfacet
  facet normal 0 0 0
    outer loop
   vertex 34.675 30.84 0.506
   vertex 31.238 30.84 0.506
   vertex 31.55 29.94 0.506
  endloop
 endfacet
  facet normal 0 0 0
    outer loop
   vertex 31.55 29.94 0.506
   vertex 31.238 30.84 0.506
   vertex 30.3 29.94 0.506
  endloop
 endfacet
  facet normal 0 0 0
    outer loop
   vertex 39.831 29.739 0.506
   vertex 37.8 29.94 0.506
   vertex 37.8 22.36 0.506
  endloop
 endfacet
  facet normal 0 0 0
    outer loop
   vertex 42.8 22.36 0.506
   vertex 39.831 29.739 0.506
   vertex 37.8 22.36 0.506
  endloop
 endfacet
  facet normal 0 0 0
    outer loop
   vertex 42.8 29.94 0.506
   vertex 39.831 29.739 0.506
   vertex 42.8 22.36 0.506
  endloop
 endfacet
  facet normal 0 0 0
    outer loop
   vertex 51.863 30.84 0.506
   vertex 50.3 29.94 0.506
   vertex 53.173 26.758 0.506
  endloop
 endfacet
  facet normal 0 0 0
    outer loop
   vertex 55.3 30.84 0.506
   vertex 53.173 26.758 0.506
   vertex 55.3 23.035 0.506
  endloop
 endfacet
  facet normal 0 0 0
    outer loop
   vertex 55.3 30.84 0.506
   vertex 51.863 30.84 0.506
   vertex 53.173 26.758 0.506
  endloop
 endfacet
  facet normal 0 0 0
    outer loop
   vertex 55.3 23.035 0.506
   vertex 53.173 26.758 0.506
   vertex 50.3 22.36 0.506
  endloop
 endfacet
  facet normal 0 0 0
    outer loop
   vertex 53.173 26.758 0.506
   vertex 50.3 29.94 0.506
   vertex 50.3 22.36 0.506
  endloop
 endfacet
  facet normal 0 0 0
    outer loop
   vertex 49.05 29.94 0.506
   vertex 46.706 28.979 0.506
   vertex 49.05 22.36 0.506
  endloop
 endfacet
  facet normal 0 0 0
    outer loop
   vertex 49.05 22.36 0.506
   vertex 46.706 28.979 0.506
   vertex 44.05 22.36 0.506
  endloop
 endfacet
  facet normal 0 0 0
    outer loop
   vertex 46.706 28.979 0.506
   vertex 44.05 29.94 0.506
   vertex 44.05 22.36 0.506
  endloop
 endfacet
  facet normal 0 0 0
    outer loop
   vertex 44.988 30.84 0.506
   vertex 44.05 29.94 0.506
   vertex 46.706 28.979 0.506
  endloop
 endfacet
  facet normal 0 0 0
    outer loop
   vertex 48.425 30.84 0.506
   vertex 44.988 30.84 0.506
   vertex 46.706 28.979 0.506
  endloop
 endfacet
  facet normal 0 0 0
    outer loop
   vertex 49.05 29.94 0.506
   vertex 48.425 30.84 0.506
   vertex 46.706 28.979 0.506
  endloop
 endfacet
  facet normal 0 0 0
    outer loop
   vertex 14.05 30.84 0.506
   vertex 12.8 29.94 0.506
   vertex 15.769 29.739 0.506
  endloop
 endfacet
  facet normal 0 0 0
    outer loop
   vertex 17.8 29.94 0.506
   vertex 15.769 29.739 0.506
   vertex 17.8 22.36 0.506
  endloop
 endfacet
  facet normal 0 0 0
    outer loop
   vertex 15.769 29.739 0.506
   vertex 12.8 29.94 0.506
   vertex 17.8 22.36 0.506
  endloop
 endfacet
  facet normal 0 0 0
    outer loop
   vertex 8.894 28.979 0.506
   vertex 6.55 29.94 0.506
   vertex 6.55 22.36 0.506
  endloop
 endfacet
  facet normal 0 0 0
    outer loop
   vertex 11.55 22.36 0.506
   vertex 8.894 28.979 0.506
   vertex 6.55 22.36 0.506
  endloop
 endfacet
  facet normal 0 0 0
    outer loop
   vertex 11.55 29.94 0.506
   vertex 8.894 28.979 0.506
   vertex 11.55 22.36 0.506
  endloop
 endfacet
  facet normal 0 0 0
    outer loop
   vertex 5.3 26.15 0.506
   vertex 0.3 23.035 0.506
   vertex 5.3 22.36 0.506
  endloop
 endfacet
  facet normal 0 0 0
    outer loop
   vertex 17.8 29.94 0.506
   vertex 17.488 30.84 0.506
   vertex 15.769 29.739 0.506
  endloop
 endfacet
  facet normal 0 0 0
    outer loop
   vertex 17.488 30.84 0.506
   vertex 14.05 30.84 0.506
   vertex 15.769 29.739 0.506
  endloop
 endfacet
  facet normal 0 0 0
    outer loop
   vertex 24.363 30.84 0.506
   vertex 20.925 30.84 0.506
   vertex 24.05 29.94 0.506
  endloop
 endfacet
  facet normal 0 0 0
    outer loop
   vertex 25.3 29.94 0.506
   vertex 24.363 30.84 0.506
   vertex 24.05 29.94 0.506
  endloop
 endfacet
  facet normal 0 0 0
    outer loop
   vertex 27.8 30.84 0.506
   vertex 24.363 30.84 0.506
   vertex 25.3 29.94 0.506
  endloop
 endfacet
  facet normal 0 0 0
    outer loop
   vertex 20.925 30.84 0.506
   vertex 17.488 30.84 0.506
   vertex 19.05 29.94 0.506
  endloop
 endfacet
  facet normal 0 0 0
    outer loop
   vertex 19.05 29.94 0.506
   vertex 17.488 30.84 0.506
   vertex 17.8 29.94 0.506
  endloop
 endfacet
  facet normal 0 0 0
    outer loop
   vertex 24.05 29.94 0.506
   vertex 20.925 30.84 0.506
   vertex 19.05 29.94 0.506
  endloop
 endfacet
  facet normal 0 0 0
    outer loop
   vertex 7.175 30.84 0.506
   vertex 6.55 29.94 0.506
   vertex 8.894 28.979 0.506
  endloop
 endfacet
  facet normal 0 0 0
    outer loop
   vertex 5.3 29.94 0.506
   vertex 4.457 28.864 0.506
   vertex 5.3 26.15 0.506
  endloop
 endfacet
  facet normal 0 0 0
    outer loop
   vertex 5.3 26.15 0.506
   vertex 0.3 26.938 0.506
   vertex 0.3 23.035 0.506
  endloop
 endfacet
  facet normal 0 0 0
    outer loop
   vertex 1.517 28.553 0.506
   vertex 0.3 26.938 0.506
   vertex 5.3 26.15 0.506
  endloop
 endfacet
  facet normal 0 0 0
    outer loop
   vertex 4.457 28.864 0.506
   vertex 1.517 28.553 0.506
   vertex 5.3 26.15 0.506
  endloop
 endfacet
  facet normal 0 0 0
    outer loop
   vertex 14.05 30.84 0.506
   vertex 10.613 30.84 0.506
   vertex 12.8 29.94 0.506
  endloop
 endfacet
  facet normal 0 0 0
    outer loop
   vertex 11.55 29.94 0.506
   vertex 10.613 30.84 0.506
   vertex 8.894 28.979 0.506
  endloop
 endfacet
  facet normal 0 0 0
    outer loop
   vertex 10.613 30.84 0.506
   vertex 7.175 30.84 0.506
   vertex 8.894 28.979 0.506
  endloop
 endfacet
  facet normal 0 0 0
    outer loop
   vertex 12.8 29.94 0.506
   vertex 10.613 30.84 0.506
   vertex 11.55 29.94 0.506
  endloop
 endfacet
  facet normal 0 0 0
    outer loop
   vertex 3.738 30.84 0.506
   vertex 2.878 30.84 0.506
   vertex 3.275 30.645 0.506
  endloop
 endfacet
  facet normal 0 0 0
    outer loop
   vertex 3.785 30.135 0.506
   vertex 3.615 30.305 0.506
   vertex 3.615 30.135 0.506
  endloop
 endfacet
  facet normal 0 0 0
    outer loop
   vertex 3.785 30.305 0.506
   vertex 3.615 30.305 0.506
   vertex 3.785 30.135 0.506
  endloop
 endfacet
  facet normal 0 0 0
    outer loop
   vertex 3.785 30.645 0.506
   vertex 3.615 30.645 0.506
   vertex 3.785 30.475 0.506
  endloop
 endfacet
  facet normal 0 0 0
    outer loop
   vertex 3.785 30.645 0.506
   vertex 3.738 30.84 0.506
   vertex 3.615 30.645 0.506
  endloop
 endfacet
  facet normal 0 0 0
    outer loop
   vertex 3.615 30.645 0.506
   vertex 3.738 30.84 0.506
   vertex 3.445 30.645 0.506
  endloop
 endfacet
  facet normal 0 0 0
    outer loop
   vertex 3.445 30.645 0.506
   vertex 3.738 30.84 0.506
   vertex 3.275 30.645 0.506
  endloop
 endfacet
  facet normal 0 0 0
    outer loop
   vertex 3.785 30.475 0.506
   vertex 3.615 30.475 0.506
   vertex 3.785 30.305 0.506
  endloop
 endfacet
  facet normal 0 0 0
    outer loop
   vertex 3.785 30.305 0.506
   vertex 3.615 30.475 0.506
   vertex 3.615 30.305 0.506
  endloop
 endfacet
  facet normal 0 0 0
    outer loop
   vertex 3.785 30.475 0.506
   vertex 3.615 30.645 0.506
   vertex 3.615 30.475 0.506
  endloop
 endfacet
  facet normal 0 0 0
    outer loop
   vertex 5.3 29.94 0.506
   vertex 4.287 29.531 0.506
   vertex 4.457 28.864 0.506
  endloop
 endfacet
  facet normal 0 0 0
    outer loop
   vertex 4.287 29.531 0.506
   vertex 3.87 29.695 0.506
   vertex 4.457 28.864 0.506
  endloop
 endfacet
  facet normal 0 0 0
    outer loop
   vertex 3.87 29.695 0.506
   vertex 3.19 29.397 0.506
   vertex 4.457 28.864 0.506
  endloop
 endfacet
  facet normal 0 0 0
    outer loop
   vertex 3.87 29.695 0.506
   vertex 3.53 29.792 0.506
   vertex 3.19 29.397 0.506
  endloop
 endfacet
  facet normal 0 0 0
    outer loop
   vertex 3.785 30.135 0.506
   vertex 3.53 29.792 0.506
   vertex 3.87 29.695 0.506
  endloop
 endfacet
  facet normal 0 0 0
    outer loop
   vertex 3.785 30.135 0.506
   vertex 3.615 30.135 0.506
   vertex 3.53 29.792 0.506
  endloop
 endfacet
  facet normal 0 0 0
    outer loop
   vertex 3.19 29.397 0.506
   vertex 2.17 29.634 0.506
   vertex 1.517 28.553 0.506
  endloop
 endfacet
  facet normal 0 0 0
    outer loop
   vertex 1.517 28.553 0.506
   vertex 0.3 28.889 0.506
   vertex 0.3 26.938 0.506
  endloop
 endfacet
  facet normal 0 0 0
    outer loop
   vertex 1.83 29.776 0.506
   vertex 0.3 28.889 0.506
   vertex 1.517 28.553 0.506
  endloop
 endfacet
  facet normal 0 0 0
    outer loop
   vertex 2.17 29.634 0.506
   vertex 1.83 29.776 0.506
   vertex 1.517 28.553 0.506
  endloop
 endfacet
  facet normal 0 0 0
    outer loop
   vertex 4.457 28.864 0.506
   vertex 3.19 29.397 0.506
   vertex 1.517 28.553 0.506
  endloop
 endfacet
  facet normal 0 0 0
    outer loop
   vertex 5.456 30.84 0.506
   vertex 4.597 30.84 0.506
   vertex 5.3 29.94 0.506
  endloop
 endfacet
  facet normal 0 0 0
    outer loop
   vertex 3.955 30.475 0.506
   vertex 3.785 30.475 0.506
   vertex 3.955 30.305 0.506
  endloop
 endfacet
  facet normal 0 0 0
    outer loop
   vertex 3.955 30.305 0.506
   vertex 3.785 30.475 0.506
   vertex 3.785 30.305 0.506
  endloop
 endfacet
  facet normal 0 0 0
    outer loop
   vertex 4.287 30.22 0.506
   vertex 3.955 30.135 0.506
   vertex 4.287 29.531 0.506
  endloop
 endfacet
  facet normal 0 0 0
    outer loop
   vertex 3.955 30.645 0.506
   vertex 3.738 30.84 0.506
   vertex 3.785 30.645 0.506
  endloop
 endfacet
  facet normal 0 0 0
    outer loop
   vertex 5.3 29.94 0.506
   vertex 4.287 30.22 0.506
   vertex 4.287 29.531 0.506
  endloop
 endfacet
  facet normal 0 0 0
    outer loop
   vertex 4.597 30.84 0.506
   vertex 4.331 30.56 0.506
   vertex 5.3 29.94 0.506
  endloop
 endfacet
  facet normal 0 0 0
    outer loop
   vertex 3.955 30.135 0.506
   vertex 3.87 29.695 0.506
   vertex 4.287 29.531 0.506
  endloop
 endfacet
  facet normal 0 0 0
    outer loop
   vertex 3.955 30.135 0.506
   vertex 3.785 30.135 0.506
   vertex 3.87 29.695 0.506
  endloop
 endfacet
  facet normal 0 0 0
    outer loop
   vertex 4.597 30.84 0.506
   vertex 3.955 30.645 0.506
   vertex 4.331 30.56 0.506
  endloop
 endfacet
  facet normal 0 0 0
    outer loop
   vertex 4.331 30.56 0.506
   vertex 3.955 30.645 0.506
   vertex 3.955 30.475 0.506
  endloop
 endfacet
  facet normal 0 0 0
    outer loop
   vertex 4.331 30.56 0.506
   vertex 4.287 30.22 0.506
   vertex 5.3 29.94 0.506
  endloop
 endfacet
  facet normal 0 0 0
    outer loop
   vertex 4.287 30.22 0.506
   vertex 3.955 30.305 0.506
   vertex 3.955 30.135 0.506
  endloop
 endfacet
  facet normal 0 0 0
    outer loop
   vertex 3.955 30.475 0.506
   vertex 3.955 30.305 0.506
   vertex 4.287 30.22 0.506
  endloop
 endfacet
  facet normal 0 0 0
    outer loop
   vertex 4.331 30.56 0.506
   vertex 3.955 30.475 0.506
   vertex 4.287 30.22 0.506
  endloop
 endfacet
  facet normal 0 0 0
    outer loop
   vertex 4.597 30.84 0.506
   vertex 3.738 30.84 0.506
   vertex 3.955 30.645 0.506
  endloop
 endfacet
  facet normal 0 0 0
    outer loop
   vertex 6.55 29.94 0.506
   vertex 5.456 30.84 0.506
   vertex 5.3 29.94 0.506
  endloop
 endfacet
  facet normal 0 0 0
    outer loop
   vertex 7.175 30.84 0.506
   vertex 5.456 30.84 0.506
   vertex 6.55 29.94 0.506
  endloop
 endfacet
  facet normal 0 0 0
    outer loop
   vertex 2.595 30.475 0.506
   vertex 2.425 30.475 0.506
   vertex 2.595 30.305 0.506
  endloop
 endfacet
  facet normal 0 0 0
    outer loop
   vertex 1.915 30.475 0.506
   vertex 1.745 30.475 0.506
   vertex 1.915 30.305 0.506
  endloop
 endfacet
  facet normal 0 0 0
    outer loop
   vertex 2.085 30.305 0.506
   vertex 1.915 30.475 0.506
   vertex 1.915 30.305 0.506
  endloop
 endfacet
  facet normal 0 0 0
    outer loop
   vertex 2.085 30.475 0.506
   vertex 1.915 30.645 0.506
   vertex 1.915 30.475 0.506
  endloop
 endfacet
  facet normal 0 0 0
    outer loop
   vertex 2.255 30.305 0.506
   vertex 2.085 30.475 0.506
   vertex 2.085 30.305 0.506
  endloop
 endfacet
  facet normal 0 0 0
    outer loop
   vertex 2.085 30.475 0.506
   vertex 1.915 30.475 0.506
   vertex 2.085 30.305 0.506
  endloop
 endfacet
  facet normal 0 0 0
    outer loop
   vertex 2.425 30.645 0.506
   vertex 2.255 30.645 0.506
   vertex 2.425 30.475 0.506
  endloop
 endfacet
  facet normal 0 0 0
    outer loop
   vertex 2.425 30.135 0.506
   vertex 2.255 30.305 0.506
   vertex 2.255 30.135 0.506
  endloop
 endfacet
  facet normal 0 0 0
    outer loop
   vertex 2.765 30.475 0.506
   vertex 2.595 30.645 0.506
   vertex 2.595 30.475 0.506
  endloop
 endfacet
  facet normal 0 0 0
    outer loop
   vertex 2.935 30.305 0.506
   vertex 2.765 30.475 0.506
   vertex 2.765 30.305 0.506
  endloop
 endfacet
  facet normal 0 0 0
    outer loop
   vertex 2.765 30.475 0.506
   vertex 2.595 30.475 0.506
   vertex 2.765 30.305 0.506
  endloop
 endfacet
  facet normal 0 0 0
    outer loop
   vertex 3.105 30.305 0.506
   vertex 2.935 30.475 0.506
   vertex 2.935 30.305 0.506
  endloop
 endfacet
  facet normal 0 0 0
    outer loop
   vertex 2.935 30.475 0.506
   vertex 2.765 30.475 0.506
   vertex 2.935 30.305 0.506
  endloop
 endfacet
  facet normal 0 0 0
    outer loop
   vertex 2.765 30.645 0.506
   vertex 2.595 30.645 0.506
   vertex 2.765 30.475 0.506
  endloop
 endfacet
  facet normal 0 0 0
    outer loop
   vertex 3.105 30.475 0.506
   vertex 2.935 30.645 0.506
   vertex 2.935 30.475 0.506
  endloop
 endfacet
  facet normal 0 0 0
    outer loop
   vertex 3.275 30.305 0.506
   vertex 3.105 30.475 0.506
   vertex 3.105 30.305 0.506
  endloop
 endfacet
  facet normal 0 0 0
    outer loop
   vertex 3.105 30.475 0.506
   vertex 2.935 30.475 0.506
   vertex 3.105 30.305 0.506
  endloop
 endfacet
  facet normal 0 0 0
    outer loop
   vertex 2.425 30.305 0.506
   vertex 2.255 30.305 0.506
   vertex 2.425 30.135 0.506
  endloop
 endfacet
  facet normal 0 0 0
    outer loop
   vertex 2.765 30.135 0.506
   vertex 2.595 30.305 0.506
   vertex 2.595 30.135 0.506
  endloop
 endfacet
  facet normal 0 0 0
    outer loop
   vertex 2.765 30.305 0.506
   vertex 2.595 30.305 0.506
   vertex 2.765 30.135 0.506
  endloop
 endfacet
  facet normal 0 0 0
    outer loop
   vertex 2.425 30.305 0.506
   vertex 2.255 30.475 0.506
   vertex 2.255 30.305 0.506
  endloop
 endfacet
  facet normal 0 0 0
    outer loop
   vertex 2.765 30.645 0.506
   vertex 2.878 30.84 0.506
   vertex 2.595 30.645 0.506
  endloop
 endfacet
  facet normal 0 0 0
    outer loop
   vertex 2.085 30.645 0.506
   vertex 2.019 30.84 0.506
   vertex 1.915 30.645 0.506
  endloop
 endfacet
  facet normal 0 0 0
    outer loop
   vertex 3.445 30.305 0.506
   vertex 3.275 30.475 0.506
   vertex 3.275 30.305 0.506
  endloop
 endfacet
  facet normal 0 0 0
    outer loop
   vertex 3.275 30.475 0.506
   vertex 3.105 30.475 0.506
   vertex 3.275 30.305 0.506
  endloop
 endfacet
  facet normal 0 0 0
    outer loop
   vertex 3.105 30.645 0.506
   vertex 2.935 30.645 0.506
   vertex 3.105 30.475 0.506
  endloop
 endfacet
  facet normal 0 0 0
    outer loop
   vertex 3.445 30.475 0.506
   vertex 3.275 30.645 0.506
   vertex 3.275 30.475 0.506
  endloop
 endfacet
  facet normal 0 0 0
    outer loop
   vertex 3.615 30.305 0.506
   vertex 3.445 30.475 0.506
   vertex 3.445 30.305 0.506
  endloop
 endfacet
  facet normal 0 0 0
    outer loop
   vertex 3.445 30.475 0.506
   vertex 3.275 30.475 0.506
   vertex 3.445 30.305 0.506
  endloop
 endfacet
  facet normal 0 0 0
    outer loop
   vertex 3.105 30.305 0.506
   vertex 2.935 30.305 0.506
   vertex 3.105 30.135 0.506
  endloop
 endfacet
  facet normal 0 0 0
    outer loop
   vertex 3.615 30.475 0.506
   vertex 3.445 30.475 0.506
   vertex 3.615 30.305 0.506
  endloop
 endfacet
  facet normal 0 0 0
    outer loop
   vertex 3.445 30.645 0.506
   vertex 3.275 30.645 0.506
   vertex 3.445 30.475 0.506
  endloop
 endfacet
  facet normal 0 0 0
    outer loop
   vertex 2.425 30.645 0.506
   vertex 2.448 30.84 0.506
   vertex 2.255 30.645 0.506
  endloop
 endfacet
  facet normal 0 0 0
    outer loop
   vertex 2.448 30.84 0.506
   vertex 2.019 30.84 0.506
   vertex 2.255 30.645 0.506
  endloop
 endfacet
  facet normal 0 0 0
    outer loop
   vertex 3.105 30.135 0.506
   vertex 2.935 30.305 0.506
   vertex 2.935 30.135 0.506
  endloop
 endfacet
  facet normal 0 0 0
    outer loop
   vertex 2.255 30.645 0.506
   vertex 2.019 30.84 0.506
   vertex 2.085 30.645 0.506
  endloop
 endfacet
  facet normal 0 0 0
    outer loop
   vertex 2.595 30.645 0.506
   vertex 2.448 30.84 0.506
   vertex 2.425 30.645 0.506
  endloop
 endfacet
  facet normal 0 0 0
    outer loop
   vertex 2.878 30.84 0.506
   vertex 2.448 30.84 0.506
   vertex 2.595 30.645 0.506
  endloop
 endfacet
  facet normal 0 0 0
    outer loop
   vertex 2.019 30.84 0.506
   vertex 1.159 30.84 0.506
   vertex 1.745 30.645 0.506
  endloop
 endfacet
  facet normal 0 0 0
    outer loop
   vertex 1.915 30.645 0.506
   vertex 2.019 30.84 0.506
   vertex 1.745 30.645 0.506
  endloop
 endfacet
  facet normal 0 0 0
    outer loop
   vertex 2.255 30.475 0.506
   vertex 2.085 30.475 0.506
   vertex 2.255 30.305 0.506
  endloop
 endfacet
  facet normal 0 0 0
    outer loop
   vertex 3.445 30.135 0.506
   vertex 3.275 30.305 0.506
   vertex 3.275 30.135 0.506
  endloop
 endfacet
  facet normal 0 0 0
    outer loop
   vertex 2.085 30.135 0.506
   vertex 1.915 30.305 0.506
   vertex 1.915 30.135 0.506
  endloop
 endfacet
  facet normal 0 0 0
    outer loop
   vertex 1.745 30.645 0.506
   vertex 1.391 30.56 0.506
   vertex 1.745 30.475 0.506
  endloop
 endfacet
  facet normal 0 0 0
    outer loop
   vertex 1.745 30.645 0.506
   vertex 1.159 30.84 0.506
   vertex 1.391 30.56 0.506
  endloop
 endfacet
  facet normal 0 0 0
    outer loop
   vertex 2.085 30.305 0.506
   vertex 1.915 30.305 0.506
   vertex 2.085 30.135 0.506
  endloop
 endfacet
  facet normal 0 0 0
    outer loop
   vertex 2.085 30.645 0.506
   vertex 1.915 30.645 0.506
   vertex 2.085 30.475 0.506
  endloop
 endfacet
  facet normal 0 0 0
    outer loop
   vertex 3.615 30.135 0.506
   vertex 3.445 30.135 0.506
   vertex 3.53 29.792 0.506
  endloop
 endfacet
  facet normal 0 0 0
    outer loop
   vertex 3.445 30.135 0.506
   vertex 3.275 30.135 0.506
   vertex 3.53 29.792 0.506
  endloop
 endfacet
  facet normal 0 0 0
    outer loop
   vertex 3.445 30.305 0.506
   vertex 3.275 30.305 0.506
   vertex 3.445 30.135 0.506
  endloop
 endfacet
  facet normal 0 0 0
    outer loop
   vertex 3.275 30.645 0.506
   vertex 2.878 30.84 0.506
   vertex 3.105 30.645 0.506
  endloop
 endfacet
  facet normal 0 0 0
    outer loop
   vertex 3.105 30.135 0.506
   vertex 2.935 30.135 0.506
   vertex 3.02 29.752 0.506
  endloop
 endfacet
  facet normal 0 0 0
    outer loop
   vertex 3.53 29.792 0.506
   vertex 3.02 29.752 0.506
   vertex 3.19 29.397 0.506
  endloop
 endfacet
  facet normal 0 0 0
    outer loop
   vertex 3.53 29.792 0.506
   vertex 3.275 30.135 0.506
   vertex 3.02 29.752 0.506
  endloop
 endfacet
  facet normal 0 0 0
    outer loop
   vertex 3.275 30.135 0.506
   vertex 3.105 30.135 0.506
   vertex 3.02 29.752 0.506
  endloop
 endfacet
  facet normal 0 0 0
    outer loop
   vertex 2.255 30.135 0.506
   vertex 2.085 30.135 0.506
   vertex 2.17 29.634 0.506
  endloop
 endfacet
  facet normal 0 0 0
    outer loop
   vertex 2.425 30.135 0.506
   vertex 2.255 30.135 0.506
   vertex 2.17 29.634 0.506
  endloop
 endfacet
  facet normal 0 0 0
    outer loop
   vertex 2.765 30.135 0.506
   vertex 2.595 30.135 0.506
   vertex 2.68 29.802 0.506
  endloop
 endfacet
  facet normal 0 0 0
    outer loop
   vertex 2.68 29.802 0.506
   vertex 2.17 29.634 0.506
   vertex 3.19 29.397 0.506
  endloop
 endfacet
  facet normal 0 0 0
    outer loop
   vertex 3.02 29.752 0.506
   vertex 2.68 29.802 0.506
   vertex 3.19 29.397 0.506
  endloop
 endfacet
  facet normal 0 0 0
    outer loop
   vertex 2.68 29.802 0.506
   vertex 2.425 30.135 0.506
   vertex 2.17 29.634 0.506
  endloop
 endfacet
  facet normal 0 0 0
    outer loop
   vertex 2.595 30.135 0.506
   vertex 2.425 30.135 0.506
   vertex 2.68 29.802 0.506
  endloop
 endfacet
  facet normal 0 0 0
    outer loop
   vertex 2.935 30.135 0.506
   vertex 2.765 30.135 0.506
   vertex 2.68 29.802 0.506
  endloop
 endfacet
  facet normal 0 0 0
    outer loop
   vertex 2.935 30.135 0.506
   vertex 2.68 29.802 0.506
   vertex 3.02 29.752 0.506
  endloop
 endfacet
  facet normal 0 0 0
    outer loop
   vertex 1.915 30.135 0.506
   vertex 1.745 30.135 0.506
   vertex 1.83 29.776 0.506
  endloop
 endfacet
  facet normal 0 0 0
    outer loop
   vertex 2.085 30.135 0.506
   vertex 1.915 30.135 0.506
   vertex 1.83 29.776 0.506
  endloop
 endfacet
  facet normal 0 0 0
    outer loop
   vertex 2.085 30.135 0.506
   vertex 1.83 29.776 0.506
   vertex 2.17 29.634 0.506
  endloop
 endfacet
  facet normal 0 0 0
    outer loop
   vertex 1.745 30.305 0.506
   vertex 1.415 30.22 0.506
   vertex 1.745 30.135 0.506
  endloop
 endfacet
  facet normal 0 0 0
    outer loop
   vertex 1.745 30.135 0.506
   vertex 1.415 30.22 0.506
   vertex 1.83 29.776 0.506
  endloop
 endfacet
  facet normal 0 0 0
    outer loop
   vertex 1.83 29.776 0.506
   vertex 1.415 30.22 0.506
   vertex 0.3 28.889 0.506
  endloop
 endfacet
  facet normal 0 0 0
    outer loop
   vertex 1.415 30.22 0.506
   vertex 0.3 30.84 0.506
   vertex 0.3 28.889 0.506
  endloop
 endfacet
  facet normal 0 0 0
    outer loop
   vertex 1.745 30.305 0.506
   vertex 1.745 30.475 0.506
   vertex 1.415 30.22 0.506
  endloop
 endfacet
  facet normal 0 0 0
    outer loop
   vertex 1.745 30.475 0.506
   vertex 1.391 30.56 0.506
   vertex 1.415 30.22 0.506
  endloop
 endfacet
  facet normal 0 0 0
    outer loop
   vertex 1.159 30.84 0.506
   vertex 0.3 30.84 0.506
   vertex 1.415 30.22 0.506
  endloop
 endfacet
  facet normal 0 0 0
    outer loop
   vertex 1.391 30.56 0.506
   vertex 1.159 30.84 0.506
   vertex 1.415 30.22 0.506
  endloop
 endfacet
  facet normal 0 0 0
    outer loop
   vertex 1.915 30.305 0.506
   vertex 1.745 30.475 0.506
   vertex 1.745 30.305 0.506
  endloop
 endfacet
  facet normal 0 0 0
    outer loop
   vertex 2.425 30.475 0.506
   vertex 2.255 30.645 0.506
   vertex 2.255 30.475 0.506
  endloop
 endfacet
  facet normal 0 0 0
    outer loop
   vertex 3.105 30.645 0.506
   vertex 2.878 30.84 0.506
   vertex 2.935 30.645 0.506
  endloop
 endfacet
  facet normal 0 0 0
    outer loop
   vertex 2.595 30.305 0.506
   vertex 2.425 30.475 0.506
   vertex 2.425 30.305 0.506
  endloop
 endfacet
  facet normal 0 0 0
    outer loop
   vertex 2.425 30.475 0.506
   vertex 2.255 30.475 0.506
   vertex 2.425 30.305 0.506
  endloop
 endfacet
  facet normal 0 0 0
    outer loop
   vertex 2.935 30.645 0.506
   vertex 2.878 30.84 0.506
   vertex 2.765 30.645 0.506
  endloop
 endfacet
  facet normal 0 0 0
    outer loop
   vertex 2.765 30.305 0.506
   vertex 2.595 30.475 0.506
   vertex 2.595 30.305 0.506
  endloop
 endfacet
  facet normal 0 0 0
    outer loop
   vertex 5.3 22.36 0.506
   vertex 0.3 23.035 0.506
   vertex 0.3 15.23 0.506
  endloop
 endfacet
  facet normal 0 0 0
    outer loop
   vertex 5.3 14.78 0.506
   vertex 0.3 15.23 0.506
   vertex 0.3 -0.38 0.506
  endloop
 endfacet
  facet normal 0 0 0
    outer loop
   vertex 5.3 -0.38 0.506
   vertex 5.3 14.78 0.506
   vertex 0.3 -0.38 0.506
  endloop
 endfacet
  facet normal 0 0 0
    outer loop
   vertex 11.55 -0.38 0.506
   vertex 11.55 14.78 0.506
   vertex 6.55 -0.38 0.506
  endloop
 endfacet
  facet normal 0 0 0
    outer loop
   vertex 24.05 -0.38 0.506
   vertex 24.05 14.78 0.506
   vertex 19.05 -0.38 0.506
  endloop
 endfacet
  facet normal 0 0 0
    outer loop
   vertex 17.8 -0.38 0.506
   vertex 17.8 14.78 0.506
   vertex 12.8 -0.38 0.506
  endloop
 endfacet
  facet normal 0 0 0
    outer loop
   vertex 24.05 14.78 0.506
   vertex 19.05 14.78 0.506
   vertex 19.05 -0.38 0.506
  endloop
 endfacet
  facet normal 0 0 0
    outer loop
   vertex 17.8 14.78 0.506
   vertex 12.8 14.78 0.506
   vertex 12.8 -0.38 0.506
  endloop
 endfacet
  facet normal 0 0 0
    outer loop
   vertex 11.55 14.78 0.506
   vertex 6.55 14.78 0.506
   vertex 6.55 -0.38 0.506
  endloop
 endfacet
  facet normal 0 0 0
    outer loop
   vertex 55.3 -0.38 0.506
   vertex 50.3 14.78 0.506
   vertex 50.3 -0.38 0.506
  endloop
 endfacet
  facet normal 0 0 0
    outer loop
   vertex 36.55 14.78 0.506
   vertex 31.55 14.78 0.506
   vertex 31.55 -0.38 0.506
  endloop
 endfacet
  facet normal 0 0 0
    outer loop
   vertex 42.8 -0.38 0.506
   vertex 42.8 14.78 0.506
   vertex 37.8 -0.38 0.506
  endloop
 endfacet
  facet normal 0 0 0
    outer loop
   vertex 49.05 14.78 0.506
   vertex 44.05 14.78 0.506
   vertex 44.05 -0.38 0.506
  endloop
 endfacet
  facet normal 0 0 0
    outer loop
   vertex 55.3 15.23 0.506
   vertex 50.3 14.78 0.506
   vertex 55.3 -0.38 0.506
  endloop
 endfacet
  facet normal 0 0 0
    outer loop
   vertex 36.55 -0.38 0.506
   vertex 36.55 14.78 0.506
   vertex 31.55 -0.38 0.506
  endloop
 endfacet
  facet normal 0 0 0
    outer loop
   vertex 49.05 -0.38 0.506
   vertex 49.05 14.78 0.506
   vertex 44.05 -0.38 0.506
  endloop
 endfacet
  facet normal 0 0 0
    outer loop
   vertex 42.8 14.78 0.506
   vertex 37.8 14.78 0.506
   vertex 37.8 -0.38 0.506
  endloop
 endfacet
  facet normal 0 0 0
    outer loop
   vertex 3.955 30.135 0.506
   vertex 3.955 30.135 0.627
   vertex 3.785 30.135 0.627
  endloop
 endfacet
  facet normal 0 0 0
    outer loop
   vertex 3.955 30.135 0.506
   vertex 3.785 30.135 0.627
   vertex 3.785 30.135 0.506
  endloop
 endfacet
  facet normal 0 0 0
    outer loop
   vertex 3.615 30.135 0.506
   vertex 3.615 30.135 0.627
   vertex 3.445 30.135 0.627
  endloop
 endfacet
  facet normal 0 0 0
    outer loop
   vertex 3.615 30.135 0.506
   vertex 3.445 30.135 0.627
   vertex 3.445 30.135 0.506
  endloop
 endfacet
  facet normal 0 0 0
    outer loop
   vertex 3.275 30.135 0.506
   vertex 3.275 30.135 0.627
   vertex 3.105 30.135 0.627
  endloop
 endfacet
  facet normal 0 0 0
    outer loop
   vertex 3.275 30.135 0.506
   vertex 3.105 30.135 0.627
   vertex 3.105 30.135 0.506
  endloop
 endfacet
  facet normal 0 0 0
    outer loop
   vertex 2.935 30.135 0.506
   vertex 2.935 30.135 0.627
   vertex 2.765 30.135 0.627
  endloop
 endfacet
  facet normal 0 0 0
    outer loop
   vertex 2.935 30.135 0.506
   vertex 2.765 30.135 0.627
   vertex 2.765 30.135 0.506
  endloop
 endfacet
  facet normal 0 0 0
    outer loop
   vertex 2.595 30.135 0.506
   vertex 2.595 30.135 0.627
   vertex 2.425 30.135 0.627
  endloop
 endfacet
  facet normal 0 0 0
    outer loop
   vertex 2.595 30.135 0.506
   vertex 2.425 30.135 0.627
   vertex 2.425 30.135 0.506
  endloop
 endfacet
  facet normal 0 0 0
    outer loop
   vertex 2.255 30.135 0.506
   vertex 2.255 30.135 0.627
   vertex 2.085 30.135 0.627
  endloop
 endfacet
  facet normal 0 0 0
    outer loop
   vertex 2.255 30.135 0.506
   vertex 2.085 30.135 0.627
   vertex 2.085 30.135 0.506
  endloop
 endfacet
  facet normal 0 0 0
    outer loop
   vertex 1.915 30.135 0.506
   vertex 1.915 30.135 0.627
   vertex 1.745 30.135 0.627
  endloop
 endfacet
  facet normal 0 0 0
    outer loop
   vertex 1.915 30.135 0.506
   vertex 1.745 30.135 0.627
   vertex 1.745 30.135 0.506
  endloop
 endfacet
  facet normal 0 0 0
    outer loop
   vertex 1.745 30.135 0.506
   vertex 1.745 30.135 0.627
   vertex 1.745 30.305 0.627
  endloop
 endfacet
  facet normal 0 0 0
    outer loop
   vertex 1.745 30.135 0.506
   vertex 1.745 30.305 0.627
   vertex 1.745 30.305 0.506
  endloop
 endfacet
  facet normal 0 0 0
    outer loop
   vertex 1.745 30.475 0.506
   vertex 1.745 30.475 0.627
   vertex 1.745 30.645 0.627
  endloop
 endfacet
  facet normal 0 0 0
    outer loop
   vertex 1.745 30.475 0.506
   vertex 1.745 30.645 0.627
   vertex 1.745 30.645 0.506
  endloop
 endfacet
  facet normal 0 0 0
    outer loop
   vertex 3.955 30.645 0.506
   vertex 3.955 30.645 0.627
   vertex 3.955 30.475 0.627
  endloop
 endfacet
  facet normal 0 0 0
    outer loop
   vertex 3.955 30.645 0.506
   vertex 3.955 30.475 0.627
   vertex 3.955 30.475 0.506
  endloop
 endfacet
  facet normal 0 0 0
    outer loop
   vertex 3.955 30.305 0.506
   vertex 3.955 30.305 0.627
   vertex 3.955 30.135 0.627
  endloop
 endfacet
  facet normal 0 0 0
    outer loop
   vertex 3.955 30.305 0.506
   vertex 3.955 30.135 0.627
   vertex 3.955 30.135 0.506
  endloop
 endfacet
  facet normal 0 0 0
    outer loop
   vertex 1.745 30.305 0.506
   vertex 1.745 30.305 0.627
   vertex 1.915 30.305 0.627
  endloop
 endfacet
  facet normal 0 0 0
    outer loop
   vertex 1.745 30.305 0.506
   vertex 1.915 30.305 0.627
   vertex 1.915 30.305 0.506
  endloop
 endfacet
  facet normal 0 0 0
    outer loop
   vertex 2.085 30.305 0.506
   vertex 2.085 30.305 0.627
   vertex 2.255 30.305 0.627
  endloop
 endfacet
  facet normal 0 0 0
    outer loop
   vertex 2.085 30.305 0.506
   vertex 2.255 30.305 0.627
   vertex 2.255 30.305 0.506
  endloop
 endfacet
  facet normal 0 0 0
    outer loop
   vertex 2.425 30.305 0.506
   vertex 2.425 30.305 0.627
   vertex 2.595 30.305 0.627
  endloop
 endfacet
  facet normal 0 0 0
    outer loop
   vertex 2.425 30.305 0.506
   vertex 2.595 30.305 0.627
   vertex 2.595 30.305 0.506
  endloop
 endfacet
  facet normal 0 0 0
    outer loop
   vertex 2.765 30.305 0.506
   vertex 2.765 30.305 0.627
   vertex 2.935 30.305 0.627
  endloop
 endfacet
  facet normal 0 0 0
    outer loop
   vertex 2.765 30.305 0.506
   vertex 2.935 30.305 0.627
   vertex 2.935 30.305 0.506
  endloop
 endfacet
  facet normal 0 0 0
    outer loop
   vertex 3.105 30.305 0.506
   vertex 3.105 30.305 0.627
   vertex 3.275 30.305 0.627
  endloop
 endfacet
  facet normal 0 0 0
    outer loop
   vertex 3.105 30.305 0.506
   vertex 3.275 30.305 0.627
   vertex 3.275 30.305 0.506
  endloop
 endfacet
  facet normal 0 0 0
    outer loop
   vertex 3.445 30.305 0.506
   vertex 3.445 30.305 0.627
   vertex 3.615 30.305 0.627
  endloop
 endfacet
  facet normal 0 0 0
    outer loop
   vertex 3.445 30.305 0.506
   vertex 3.615 30.305 0.627
   vertex 3.615 30.305 0.506
  endloop
 endfacet
  facet normal 0 0 0
    outer loop
   vertex 3.785 30.305 0.506
   vertex 3.785 30.305 0.627
   vertex 3.955 30.305 0.627
  endloop
 endfacet
  facet normal 0 0 0
    outer loop
   vertex 3.785 30.305 0.506
   vertex 3.955 30.305 0.627
   vertex 3.955 30.305 0.506
  endloop
 endfacet
  facet normal 0 0 0
    outer loop
   vertex 3.785 30.135 0.506
   vertex 3.785 30.135 0.627
   vertex 3.785 30.305 0.627
  endloop
 endfacet
  facet normal 0 0 0
    outer loop
   vertex 3.785 30.135 0.506
   vertex 3.785 30.305 0.627
   vertex 3.785 30.305 0.506
  endloop
 endfacet
  facet normal 0 0 0
    outer loop
   vertex 3.785 30.475 0.506
   vertex 3.785 30.475 0.627
   vertex 3.785 30.645 0.627
  endloop
 endfacet
  facet normal 0 0 0
    outer loop
   vertex 3.785 30.475 0.506
   vertex 3.785 30.645 0.627
   vertex 3.785 30.645 0.506
  endloop
 endfacet
  facet normal 0 0 0
    outer loop
   vertex 1.915 30.645 0.506
   vertex 1.915 30.645 0.627
   vertex 1.915 30.475 0.627
  endloop
 endfacet
  facet normal 0 0 0
    outer loop
   vertex 1.915 30.645 0.506
   vertex 1.915 30.475 0.627
   vertex 1.915 30.475 0.506
  endloop
 endfacet
  facet normal 0 0 0
    outer loop
   vertex 1.915 30.305 0.506
   vertex 1.915 30.305 0.627
   vertex 1.915 30.135 0.627
  endloop
 endfacet
  facet normal 0 0 0
    outer loop
   vertex 1.915 30.305 0.506
   vertex 1.915 30.135 0.627
   vertex 1.915 30.135 0.506
  endloop
 endfacet
  facet normal 0 0 0
    outer loop
   vertex 2.085 30.135 0.506
   vertex 2.085 30.135 0.627
   vertex 2.085 30.305 0.627
  endloop
 endfacet
  facet normal 0 0 0
    outer loop
   vertex 2.085 30.135 0.506
   vertex 2.085 30.305 0.627
   vertex 2.085 30.305 0.506
  endloop
 endfacet
  facet normal 0 0 0
    outer loop
   vertex 2.085 30.475 0.506
   vertex 2.085 30.475 0.627
   vertex 2.085 30.645 0.627
  endloop
 endfacet
  facet normal 0 0 0
    outer loop
   vertex 2.085 30.475 0.506
   vertex 2.085 30.645 0.627
   vertex 2.085 30.645 0.506
  endloop
 endfacet
  facet normal 0 0 0
    outer loop
   vertex 3.615 30.645 0.506
   vertex 3.615 30.645 0.627
   vertex 3.615 30.475 0.627
  endloop
 endfacet
  facet normal 0 0 0
    outer loop
   vertex 3.615 30.645 0.506
   vertex 3.615 30.475 0.627
   vertex 3.615 30.475 0.506
  endloop
 endfacet
  facet normal 0 0 0
    outer loop
   vertex 3.615 30.305 0.506
   vertex 3.615 30.305 0.627
   vertex 3.615 30.135 0.627
  endloop
 endfacet
  facet normal 0 0 0
    outer loop
   vertex 3.615 30.305 0.506
   vertex 3.615 30.135 0.627
   vertex 3.615 30.135 0.506
  endloop
 endfacet
  facet normal 0 0 0
    outer loop
   vertex 2.255 30.645 0.506
   vertex 2.255 30.645 0.627
   vertex 2.255 30.475 0.627
  endloop
 endfacet
  facet normal 0 0 0
    outer loop
   vertex 2.255 30.645 0.506
   vertex 2.255 30.475 0.627
   vertex 2.255 30.475 0.506
  endloop
 endfacet
  facet normal 0 0 0
    outer loop
   vertex 2.255 30.305 0.506
   vertex 2.255 30.305 0.627
   vertex 2.255 30.135 0.627
  endloop
 endfacet
  facet normal 0 0 0
    outer loop
   vertex 2.255 30.305 0.506
   vertex 2.255 30.135 0.627
   vertex 2.255 30.135 0.506
  endloop
 endfacet
  facet normal 0 0 0
    outer loop
   vertex 3.445 30.135 0.506
   vertex 3.445 30.135 0.627
   vertex 3.445 30.305 0.627
  endloop
 endfacet
  facet normal 0 0 0
    outer loop
   vertex 3.445 30.135 0.506
   vertex 3.445 30.305 0.627
   vertex 3.445 30.305 0.506
  endloop
 endfacet
  facet normal 0 0 0
    outer loop
   vertex 3.445 30.475 0.506
   vertex 3.445 30.475 0.627
   vertex 3.445 30.645 0.627
  endloop
 endfacet
  facet normal 0 0 0
    outer loop
   vertex 3.445 30.475 0.506
   vertex 3.445 30.645 0.627
   vertex 3.445 30.645 0.506
  endloop
 endfacet
  facet normal 0 0 0
    outer loop
   vertex 2.425 30.135 0.506
   vertex 2.425 30.135 0.627
   vertex 2.425 30.305 0.627
  endloop
 endfacet
  facet normal 0 0 0
    outer loop
   vertex 2.425 30.135 0.506
   vertex 2.425 30.305 0.627
   vertex 2.425 30.305 0.506
  endloop
 endfacet
  facet normal 0 0 0
    outer loop
   vertex 2.425 30.475 0.506
   vertex 2.425 30.475 0.627
   vertex 2.425 30.645 0.627
  endloop
 endfacet
  facet normal 0 0 0
    outer loop
   vertex 2.425 30.475 0.506
   vertex 2.425 30.645 0.627
   vertex 2.425 30.645 0.506
  endloop
 endfacet
  facet normal 0 0 0
    outer loop
   vertex 2.595 30.645 0.506
   vertex 2.595 30.645 0.627
   vertex 2.595 30.475 0.627
  endloop
 endfacet
  facet normal 0 0 0
    outer loop
   vertex 2.595 30.645 0.506
   vertex 2.595 30.475 0.627
   vertex 2.595 30.475 0.506
  endloop
 endfacet
  facet normal 0 0 0
    outer loop
   vertex 2.595 30.305 0.506
   vertex 2.595 30.305 0.627
   vertex 2.595 30.135 0.627
  endloop
 endfacet
  facet normal 0 0 0
    outer loop
   vertex 2.595 30.305 0.506
   vertex 2.595 30.135 0.627
   vertex 2.595 30.135 0.506
  endloop
 endfacet
  facet normal 0 0 0
    outer loop
   vertex 3.275 30.645 0.506
   vertex 3.275 30.645 0.627
   vertex 3.275 30.475 0.627
  endloop
 endfacet
  facet normal 0 0 0
    outer loop
   vertex 3.275 30.645 0.506
   vertex 3.275 30.475 0.627
   vertex 3.275 30.475 0.506
  endloop
 endfacet
  facet normal 0 0 0
    outer loop
   vertex 3.275 30.305 0.506
   vertex 3.275 30.305 0.627
   vertex 3.275 30.135 0.627
  endloop
 endfacet
  facet normal 0 0 0
    outer loop
   vertex 3.275 30.305 0.506
   vertex 3.275 30.135 0.627
   vertex 3.275 30.135 0.506
  endloop
 endfacet
  facet normal 0 0 0
    outer loop
   vertex 3.105 30.135 0.506
   vertex 3.105 30.135 0.627
   vertex 3.105 30.305 0.627
  endloop
 endfacet
  facet normal 0 0 0
    outer loop
   vertex 3.105 30.135 0.506
   vertex 3.105 30.305 0.627
   vertex 3.105 30.305 0.506
  endloop
 endfacet
  facet normal 0 0 0
    outer loop
   vertex 3.105 30.475 0.506
   vertex 3.105 30.475 0.627
   vertex 3.105 30.645 0.627
  endloop
 endfacet
  facet normal 0 0 0
    outer loop
   vertex 3.105 30.475 0.506
   vertex 3.105 30.645 0.627
   vertex 3.105 30.645 0.506
  endloop
 endfacet
  facet normal 0 0 0
    outer loop
   vertex 2.765 30.135 0.506
   vertex 2.765 30.135 0.627
   vertex 2.765 30.305 0.627
  endloop
 endfacet
  facet normal 0 0 0
    outer loop
   vertex 2.765 30.135 0.506
   vertex 2.765 30.305 0.627
   vertex 2.765 30.305 0.506
  endloop
 endfacet
  facet normal 0 0 0
    outer loop
   vertex 2.765 30.475 0.506
   vertex 2.765 30.475 0.627
   vertex 2.765 30.645 0.627
  endloop
 endfacet
  facet normal 0 0 0
    outer loop
   vertex 2.765 30.475 0.506
   vertex 2.765 30.645 0.627
   vertex 2.765 30.645 0.506
  endloop
 endfacet
  facet normal 0 0 0
    outer loop
   vertex 2.935 30.645 0.506
   vertex 2.935 30.645 0.627
   vertex 2.935 30.475 0.627
  endloop
 endfacet
  facet normal 0 0 0
    outer loop
   vertex 2.935 30.645 0.506
   vertex 2.935 30.475 0.627
   vertex 2.935 30.475 0.506
  endloop
 endfacet
  facet normal 0 0 0
    outer loop
   vertex 2.935 30.305 0.506
   vertex 2.935 30.305 0.627
   vertex 2.935 30.135 0.627
  endloop
 endfacet
  facet normal 0 0 0
    outer loop
   vertex 2.935 30.305 0.506
   vertex 2.935 30.135 0.627
   vertex 2.935 30.135 0.506
  endloop
 endfacet
  facet normal 0 0 0
    outer loop
   vertex 1.745 30.645 0.506
   vertex 1.745 30.645 0.627
   vertex 1.915 30.645 0.627
  endloop
 endfacet
  facet normal 0 0 0
    outer loop
   vertex 1.745 30.645 0.506
   vertex 1.915 30.645 0.627
   vertex 1.915 30.645 0.506
  endloop
 endfacet
  facet normal 0 0 0
    outer loop
   vertex 2.085 30.645 0.506
   vertex 2.085 30.645 0.627
   vertex 2.255 30.645 0.627
  endloop
 endfacet
  facet normal 0 0 0
    outer loop
   vertex 2.085 30.645 0.506
   vertex 2.255 30.645 0.627
   vertex 2.255 30.645 0.506
  endloop
 endfacet
  facet normal 0 0 0
    outer loop
   vertex 2.425 30.645 0.506
   vertex 2.425 30.645 0.627
   vertex 2.595 30.645 0.627
  endloop
 endfacet
  facet normal 0 0 0
    outer loop
   vertex 2.425 30.645 0.506
   vertex 2.595 30.645 0.627
   vertex 2.595 30.645 0.506
  endloop
 endfacet
  facet normal 0 0 0
    outer loop
   vertex 2.765 30.645 0.506
   vertex 2.765 30.645 0.627
   vertex 2.935 30.645 0.627
  endloop
 endfacet
  facet normal 0 0 0
    outer loop
   vertex 2.765 30.645 0.506
   vertex 2.935 30.645 0.627
   vertex 2.935 30.645 0.506
  endloop
 endfacet
  facet normal 0 0 0
    outer loop
   vertex 3.105 30.645 0.506
   vertex 3.105 30.645 0.627
   vertex 3.275 30.645 0.627
  endloop
 endfacet
  facet normal 0 0 0
    outer loop
   vertex 3.105 30.645 0.506
   vertex 3.275 30.645 0.627
   vertex 3.275 30.645 0.506
  endloop
 endfacet
  facet normal 0 0 0
    outer loop
   vertex 3.445 30.645 0.506
   vertex 3.445 30.645 0.627
   vertex 3.615 30.645 0.627
  endloop
 endfacet
  facet normal 0 0 0
    outer loop
   vertex 3.445 30.645 0.506
   vertex 3.615 30.645 0.627
   vertex 3.615 30.645 0.506
  endloop
 endfacet
  facet normal 0 0 0
    outer loop
   vertex 3.785 30.645 0.506
   vertex 3.785 30.645 0.627
   vertex 3.955 30.645 0.627
  endloop
 endfacet
  facet normal 0 0 0
    outer loop
   vertex 3.785 30.645 0.506
   vertex 3.955 30.645 0.627
   vertex 3.955 30.645 0.506
  endloop
 endfacet
  facet normal 0 0 0
    outer loop
   vertex 3.955 30.475 0.506
   vertex 3.955 30.475 0.627
   vertex 3.785 30.475 0.627
  endloop
 endfacet
  facet normal 0 0 0
    outer loop
   vertex 3.955 30.475 0.506
   vertex 3.785 30.475 0.627
   vertex 3.785 30.475 0.506
  endloop
 endfacet
  facet normal 0 0 0
    outer loop
   vertex 3.615 30.475 0.506
   vertex 3.615 30.475 0.627
   vertex 3.445 30.475 0.627
  endloop
 endfacet
  facet normal 0 0 0
    outer loop
   vertex 3.615 30.475 0.506
   vertex 3.445 30.475 0.627
   vertex 3.445 30.475 0.506
  endloop
 endfacet
  facet normal 0 0 0
    outer loop
   vertex 3.275 30.475 0.506
   vertex 3.275 30.475 0.627
   vertex 3.105 30.475 0.627
  endloop
 endfacet
  facet normal 0 0 0
    outer loop
   vertex 3.275 30.475 0.506
   vertex 3.105 30.475 0.627
   vertex 3.105 30.475 0.506
  endloop
 endfacet
  facet normal 0 0 0
    outer loop
   vertex 2.935 30.475 0.506
   vertex 2.935 30.475 0.627
   vertex 2.765 30.475 0.627
  endloop
 endfacet
  facet normal 0 0 0
    outer loop
   vertex 2.935 30.475 0.506
   vertex 2.765 30.475 0.627
   vertex 2.765 30.475 0.506
  endloop
 endfacet
  facet normal 0 0 0
    outer loop
   vertex 2.595 30.475 0.506
   vertex 2.595 30.475 0.627
   vertex 2.425 30.475 0.627
  endloop
 endfacet
  facet normal 0 0 0
    outer loop
   vertex 2.595 30.475 0.506
   vertex 2.425 30.475 0.627
   vertex 2.425 30.475 0.506
  endloop
 endfacet
  facet normal 0 0 0
    outer loop
   vertex 2.255 30.475 0.506
   vertex 2.255 30.475 0.627
   vertex 2.085 30.475 0.627
  endloop
 endfacet
  facet normal 0 0 0
    outer loop
   vertex 2.255 30.475 0.506
   vertex 2.085 30.475 0.627
   vertex 2.085 30.475 0.506
  endloop
 endfacet
  facet normal 0 0 0
    outer loop
   vertex 1.915 30.475 0.506
   vertex 1.915 30.475 0.627
   vertex 1.745 30.475 0.627
  endloop
 endfacet
  facet normal 0 0 0
    outer loop
   vertex 1.915 30.475 0.506
   vertex 1.745 30.475 0.627
   vertex 1.745 30.475 0.506
  endloop
 endfacet
  facet normal 0 0 0
    outer loop
   vertex 1.65 29.99 0.936
   vertex 1.745 30.135 0.936
   vertex 1.915 30.135 0.936
  endloop
 endfacet
  facet normal 0 0 0
    outer loop
   vertex 1.915 30.135 0.936
   vertex 1.915 30.305 0.936
   vertex 2.085 30.135 0.936
  endloop
 endfacet
  facet normal 0 0 0
    outer loop
   vertex 2.085 30.135 0.936
   vertex 1.915 30.305 0.936
   vertex 2.085 30.305 0.936
  endloop
 endfacet
  facet normal 0 0 0
    outer loop
   vertex 2.255 30.135 0.936
   vertex 2.255 30.305 0.936
   vertex 2.425 30.135 0.936
  endloop
 endfacet
  facet normal 0 0 0
    outer loop
   vertex 2.425 30.135 0.936
   vertex 2.255 30.305 0.936
   vertex 2.425 30.305 0.936
  endloop
 endfacet
  facet normal 0 0 0
    outer loop
   vertex 2.595 30.135 0.936
   vertex 2.595 30.305 0.936
   vertex 2.765 30.135 0.936
  endloop
 endfacet
  facet normal 0 0 0
    outer loop
   vertex 2.765 30.135 0.936
   vertex 2.595 30.305 0.936
   vertex 2.765 30.305 0.936
  endloop
 endfacet
  facet normal 0 0 0
    outer loop
   vertex 2.935 30.135 0.936
   vertex 2.935 30.305 0.936
   vertex 3.105 30.135 0.936
  endloop
 endfacet
  facet normal 0 0 0
    outer loop
   vertex 3.105 30.135 0.936
   vertex 2.935 30.305 0.936
   vertex 3.105 30.305 0.936
  endloop
 endfacet
  facet normal 0 0 0
    outer loop
   vertex 3.275 30.135 0.936
   vertex 3.275 30.305 0.936
   vertex 3.445 30.135 0.936
  endloop
 endfacet
  facet normal 0 0 0
    outer loop
   vertex 3.445 30.135 0.936
   vertex 3.275 30.305 0.936
   vertex 3.445 30.305 0.936
  endloop
 endfacet
  facet normal 0 0 0
    outer loop
   vertex 3.615 30.135 0.936
   vertex 3.615 30.305 0.936
   vertex 3.785 30.135 0.936
  endloop
 endfacet
  facet normal 0 0 0
    outer loop
   vertex 4.05 29.99 0.936
   vertex 3.785 30.135 0.936
   vertex 3.955 30.135 0.936
  endloop
 endfacet
  facet normal 0 0 0
    outer loop
   vertex 3.785 30.135 0.936
   vertex 3.615 30.305 0.936
   vertex 3.785 30.305 0.936
  endloop
 endfacet
  facet normal 0 0 0
    outer loop
   vertex 1.745 30.305 0.936
   vertex 1.745 30.475 0.936
   vertex 1.915 30.305 0.936
  endloop
 endfacet
  facet normal 0 0 0
    outer loop
   vertex 1.915 30.305 0.936
   vertex 1.915 30.475 0.936
   vertex 2.085 30.305 0.936
  endloop
 endfacet
  facet normal 0 0 0
    outer loop
   vertex 1.915 30.305 0.936
   vertex 1.745 30.475 0.936
   vertex 1.915 30.475 0.936
  endloop
 endfacet
  facet normal 0 0 0
    outer loop
   vertex 1.745 30.645 0.936
   vertex 1.65 30.79 0.936
   vertex 1.915 30.645 0.936
  endloop
 endfacet
  facet normal 0 0 0
    outer loop
   vertex 1.915 30.475 0.936
   vertex 1.915 30.645 0.936
   vertex 2.085 30.475 0.936
  endloop
 endfacet
  facet normal 0 0 0
    outer loop
   vertex 2.085 30.305 0.936
   vertex 2.085 30.475 0.936
   vertex 2.255 30.305 0.936
  endloop
 endfacet
  facet normal 0 0 0
    outer loop
   vertex 2.085 30.305 0.936
   vertex 1.915 30.475 0.936
   vertex 2.085 30.475 0.936
  endloop
 endfacet
  facet normal 0 0 0
    outer loop
   vertex 2.255 30.305 0.936
   vertex 2.255 30.475 0.936
   vertex 2.425 30.305 0.936
  endloop
 endfacet
  facet normal 0 0 0
    outer loop
   vertex 2.255 30.305 0.936
   vertex 2.085 30.475 0.936
   vertex 2.255 30.475 0.936
  endloop
 endfacet
  facet normal 0 0 0
    outer loop
   vertex 2.085 30.475 0.936
   vertex 1.915 30.645 0.936
   vertex 2.085 30.645 0.936
  endloop
 endfacet
  facet normal 0 0 0
    outer loop
   vertex 2.255 30.475 0.936
   vertex 2.255 30.645 0.936
   vertex 2.425 30.475 0.936
  endloop
 endfacet
  facet normal 0 0 0
    outer loop
   vertex 2.425 30.305 0.936
   vertex 2.425 30.475 0.936
   vertex 2.595 30.305 0.936
  endloop
 endfacet
  facet normal 0 0 0
    outer loop
   vertex 2.425 30.305 0.936
   vertex 2.255 30.475 0.936
   vertex 2.425 30.475 0.936
  endloop
 endfacet
  facet normal 0 0 0
    outer loop
   vertex 2.595 30.305 0.936
   vertex 2.595 30.475 0.936
   vertex 2.765 30.305 0.936
  endloop
 endfacet
  facet normal 0 0 0
    outer loop
   vertex 2.595 30.305 0.936
   vertex 2.425 30.475 0.936
   vertex 2.595 30.475 0.936
  endloop
 endfacet
  facet normal 0 0 0
    outer loop
   vertex 2.425 30.475 0.936
   vertex 2.255 30.645 0.936
   vertex 2.425 30.645 0.936
  endloop
 endfacet
  facet normal 0 0 0
    outer loop
   vertex 2.595 30.475 0.936
   vertex 2.595 30.645 0.936
   vertex 2.765 30.475 0.936
  endloop
 endfacet
  facet normal 0 0 0
    outer loop
   vertex 2.765 30.305 0.936
   vertex 2.765 30.475 0.936
   vertex 2.935 30.305 0.936
  endloop
 endfacet
  facet normal 0 0 0
    outer loop
   vertex 2.765 30.305 0.936
   vertex 2.595 30.475 0.936
   vertex 2.765 30.475 0.936
  endloop
 endfacet
  facet normal 0 0 0
    outer loop
   vertex 2.935 30.305 0.936
   vertex 2.935 30.475 0.936
   vertex 3.105 30.305 0.936
  endloop
 endfacet
  facet normal 0 0 0
    outer loop
   vertex 2.935 30.305 0.936
   vertex 2.765 30.475 0.936
   vertex 2.935 30.475 0.936
  endloop
 endfacet
  facet normal 0 0 0
    outer loop
   vertex 2.765 30.475 0.936
   vertex 2.595 30.645 0.936
   vertex 2.765 30.645 0.936
  endloop
 endfacet
  facet normal 0 0 0
    outer loop
   vertex 2.935 30.475 0.936
   vertex 2.935 30.645 0.936
   vertex 3.105 30.475 0.936
  endloop
 endfacet
  facet normal 0 0 0
    outer loop
   vertex 3.105 30.305 0.936
   vertex 3.105 30.475 0.936
   vertex 3.275 30.305 0.936
  endloop
 endfacet
  facet normal 0 0 0
    outer loop
   vertex 3.105 30.305 0.936
   vertex 2.935 30.475 0.936
   vertex 3.105 30.475 0.936
  endloop
 endfacet
  facet normal 0 0 0
    outer loop
   vertex 3.275 30.305 0.936
   vertex 3.275 30.475 0.936
   vertex 3.445 30.305 0.936
  endloop
 endfacet
  facet normal 0 0 0
    outer loop
   vertex 3.275 30.305 0.936
   vertex 3.105 30.475 0.936
   vertex 3.275 30.475 0.936
  endloop
 endfacet
  facet normal 0 0 0
    outer loop
   vertex 3.105 30.475 0.936
   vertex 2.935 30.645 0.936
   vertex 3.105 30.645 0.936
  endloop
 endfacet
  facet normal 0 0 0
    outer loop
   vertex 3.275 30.475 0.936
   vertex 3.275 30.645 0.936
   vertex 3.445 30.475 0.936
  endloop
 endfacet
  facet normal 0 0 0
    outer loop
   vertex 3.445 30.305 0.936
   vertex 3.445 30.475 0.936
   vertex 3.615 30.305 0.936
  endloop
 endfacet
  facet normal 0 0 0
    outer loop
   vertex 3.445 30.305 0.936
   vertex 3.275 30.475 0.936
   vertex 3.445 30.475 0.936
  endloop
 endfacet
  facet normal 0 0 0
    outer loop
   vertex 3.615 30.305 0.936
   vertex 3.615 30.475 0.936
   vertex 3.785 30.305 0.936
  endloop
 endfacet
  facet normal 0 0 0
    outer loop
   vertex 3.615 30.305 0.936
   vertex 3.445 30.475 0.936
   vertex 3.615 30.475 0.936
  endloop
 endfacet
  facet normal 0 0 0
    outer loop
   vertex 3.445 30.475 0.936
   vertex 3.275 30.645 0.936
   vertex 3.445 30.645 0.936
  endloop
 endfacet
  facet normal 0 0 0
    outer loop
   vertex 3.615 30.475 0.936
   vertex 3.615 30.645 0.936
   vertex 3.785 30.475 0.936
  endloop
 endfacet
  facet normal 0 0 0
    outer loop
   vertex 3.785 30.305 0.936
   vertex 3.785 30.475 0.936
   vertex 3.955 30.305 0.936
  endloop
 endfacet
  facet normal 0 0 0
    outer loop
   vertex 3.785 30.305 0.936
   vertex 3.615 30.475 0.936
   vertex 3.785 30.475 0.936
  endloop
 endfacet
  facet normal 0 0 0
    outer loop
   vertex 3.955 30.305 0.936
   vertex 3.785 30.475 0.936
   vertex 3.955 30.475 0.936
  endloop
 endfacet
  facet normal 0 0 0
    outer loop
   vertex 3.785 30.475 0.936
   vertex 3.615 30.645 0.936
   vertex 3.785 30.645 0.936
  endloop
 endfacet
  facet normal 0 0 0
    outer loop
   vertex 3.785 30.645 0.936
   vertex 4.05 30.79 0.936
   vertex 3.955 30.645 0.936
  endloop
 endfacet
  facet normal 0 0 0
    outer loop
   vertex 1.745 30.305 0.936
   vertex 1.65 30.39 0.936
   vertex 1.745 30.475 0.936
  endloop
 endfacet
  facet normal 0 0 0
    outer loop
   vertex 1.745 30.135 0.936
   vertex 1.65 30.39 0.936
   vertex 1.745 30.305 0.936
  endloop
 endfacet
  facet normal 0 0 0
    outer loop
   vertex 1.65 29.99 0.936
   vertex 1.65 30.39 0.936
   vertex 1.745 30.135 0.936
  endloop
 endfacet
  facet normal 0 0 0
    outer loop
   vertex 1.65 30.39 0.936
   vertex 1.65 30.79 0.936
   vertex 1.745 30.645 0.936
  endloop
 endfacet
  facet normal 0 0 0
    outer loop
   vertex 1.65 30.39 0.936
   vertex 1.745 30.645 0.936
   vertex 1.745 30.475 0.936
  endloop
 endfacet
  facet normal 0 0 0
    outer loop
   vertex 2.85 29.99 0.936
   vertex 2.765 30.135 0.936
   vertex 2.935 30.135 0.936
  endloop
 endfacet
  facet normal 0 0 0
    outer loop
   vertex 2.85 29.99 0.936
   vertex 2.595 30.135 0.936
   vertex 2.765 30.135 0.936
  endloop
 endfacet
  facet normal 0 0 0
    outer loop
   vertex 2.85 29.99 0.936
   vertex 2.935 30.135 0.936
   vertex 3.105 30.135 0.936
  endloop
 endfacet
  facet normal 0 0 0
    outer loop
   vertex 2.25 29.99 0.936
   vertex 2.085 30.135 0.936
   vertex 2.255 30.135 0.936
  endloop
 endfacet
  facet normal 0 0 0
    outer loop
   vertex 2.25 29.99 0.936
   vertex 2.255 30.135 0.936
   vertex 2.425 30.135 0.936
  endloop
 endfacet
  facet normal 0 0 0
    outer loop
   vertex 1.65 29.99 0.936
   vertex 1.915 30.135 0.936
   vertex 2.25 29.99 0.936
  endloop
 endfacet
  facet normal 0 0 0
    outer loop
   vertex 2.25 29.99 0.936
   vertex 1.915 30.135 0.936
   vertex 2.085 30.135 0.936
  endloop
 endfacet
  facet normal 0 0 0
    outer loop
   vertex 2.25 29.99 0.936
   vertex 2.425 30.135 0.936
   vertex 2.595 30.135 0.936
  endloop
 endfacet
  facet normal 0 0 0
    outer loop
   vertex 2.25 29.99 0.936
   vertex 2.595 30.135 0.936
   vertex 2.85 29.99 0.936
  endloop
 endfacet
  facet normal 0 0 0
    outer loop
   vertex 3.45 29.99 0.936
   vertex 3.445 30.135 0.936
   vertex 3.615 30.135 0.936
  endloop
 endfacet
  facet normal 0 0 0
    outer loop
   vertex 3.45 29.99 0.936
   vertex 3.275 30.135 0.936
   vertex 3.445 30.135 0.936
  endloop
 endfacet
  facet normal 0 0 0
    outer loop
   vertex 3.45 29.99 0.936
   vertex 3.785 30.135 0.936
   vertex 4.05 29.99 0.936
  endloop
 endfacet
  facet normal 0 0 0
    outer loop
   vertex 3.45 29.99 0.936
   vertex 3.615 30.135 0.936
   vertex 3.785 30.135 0.936
  endloop
 endfacet
  facet normal 0 0 0
    outer loop
   vertex 2.85 29.99 0.936
   vertex 3.105 30.135 0.936
   vertex 3.45 29.99 0.936
  endloop
 endfacet
  facet normal 0 0 0
    outer loop
   vertex 3.45 29.99 0.936
   vertex 3.105 30.135 0.936
   vertex 3.275 30.135 0.936
  endloop
 endfacet
  facet normal 0 0 0
    outer loop
   vertex 3.955 30.305 0.936
   vertex 3.955 30.475 0.936
   vertex 4.05 30.39 0.936
  endloop
 endfacet
  facet normal 0 0 0
    outer loop
   vertex 4.05 29.99 0.936
   vertex 3.955 30.135 0.936
   vertex 4.05 30.39 0.936
  endloop
 endfacet
  facet normal 0 0 0
    outer loop
   vertex 3.955 30.135 0.936
   vertex 3.955 30.305 0.936
   vertex 4.05 30.39 0.936
  endloop
 endfacet
  facet normal 0 0 0
    outer loop
   vertex 4.05 30.39 0.936
   vertex 3.955 30.645 0.936
   vertex 4.05 30.79 0.936
  endloop
 endfacet
  facet normal 0 0 0
    outer loop
   vertex 4.05 30.39 0.936
   vertex 3.955 30.475 0.936
   vertex 3.955 30.645 0.936
  endloop
 endfacet
  facet normal 0 0 0
    outer loop
   vertex 2.935 30.645 0.936
   vertex 2.85 30.79 0.936
   vertex 3.105 30.645 0.936
  endloop
 endfacet
  facet normal 0 0 0
    outer loop
   vertex 2.765 30.645 0.936
   vertex 2.85 30.79 0.936
   vertex 2.935 30.645 0.936
  endloop
 endfacet
  facet normal 0 0 0
    outer loop
   vertex 2.595 30.645 0.936
   vertex 2.85 30.79 0.936
   vertex 2.765 30.645 0.936
  endloop
 endfacet
  facet normal 0 0 0
    outer loop
   vertex 2.085 30.645 0.936
   vertex 2.25 30.79 0.936
   vertex 2.255 30.645 0.936
  endloop
 endfacet
  facet normal 0 0 0
    outer loop
   vertex 2.255 30.645 0.936
   vertex 2.25 30.79 0.936
   vertex 2.425 30.645 0.936
  endloop
 endfacet
  facet normal 0 0 0
    outer loop
   vertex 1.915 30.645 0.936
   vertex 1.65 30.79 0.936
   vertex 2.25 30.79 0.936
  endloop
 endfacet
  facet normal 0 0 0
    outer loop
   vertex 1.915 30.645 0.936
   vertex 2.25 30.79 0.936
   vertex 2.085 30.645 0.936
  endloop
 endfacet
  facet normal 0 0 0
    outer loop
   vertex 2.425 30.645 0.936
   vertex 2.25 30.79 0.936
   vertex 2.595 30.645 0.936
  endloop
 endfacet
  facet normal 0 0 0
    outer loop
   vertex 2.595 30.645 0.936
   vertex 2.25 30.79 0.936
   vertex 2.85 30.79 0.936
  endloop
 endfacet
  facet normal 0 0 0
    outer loop
   vertex 3.445 30.645 0.936
   vertex 3.45 30.79 0.936
   vertex 3.615 30.645 0.936
  endloop
 endfacet
  facet normal 0 0 0
    outer loop
   vertex 3.275 30.645 0.936
   vertex 3.45 30.79 0.936
   vertex 3.445 30.645 0.936
  endloop
 endfacet
  facet normal 0 0 0
    outer loop
   vertex 3.785 30.645 0.936
   vertex 3.45 30.79 0.936
   vertex 4.05 30.79 0.936
  endloop
 endfacet
  facet normal 0 0 0
    outer loop
   vertex 3.615 30.645 0.936
   vertex 3.45 30.79 0.936
   vertex 3.785 30.645 0.936
  endloop
 endfacet
  facet normal 0 0 0
    outer loop
   vertex 3.105 30.645 0.936
   vertex 3.45 30.79 0.936
   vertex 3.275 30.645 0.936
  endloop
 endfacet
  facet normal 0 0 0
    outer loop
   vertex 3.105 30.645 0.936
   vertex 2.85 30.79 0.936
   vertex 3.45 30.79 0.936
  endloop
 endfacet
  facet normal 0 0 0
    outer loop
   vertex 3.955 30.645 0.627
   vertex 3.955 30.645 0.936
   vertex 3.955 30.475 0.936
  endloop
 endfacet
  facet normal 0 0 0
    outer loop
   vertex 3.955 30.645 0.627
   vertex 3.955 30.475 0.936
   vertex 3.955 30.475 0.627
  endloop
 endfacet
  facet normal 0 0 0
    outer loop
   vertex 3.955 30.305 0.627
   vertex 3.955 30.305 0.936
   vertex 3.955 30.135 0.936
  endloop
 endfacet
  facet normal 0 0 0
    outer loop
   vertex 3.955 30.305 0.627
   vertex 3.955 30.135 0.936
   vertex 3.955 30.135 0.627
  endloop
 endfacet
  facet normal 0 0 0
    outer loop
   vertex 3.955 30.135 0.627
   vertex 3.955 30.135 0.936
   vertex 3.785 30.135 0.936
  endloop
 endfacet
  facet normal 0 0 0
    outer loop
   vertex 3.955 30.135 0.627
   vertex 3.785 30.135 0.936
   vertex 3.785 30.135 0.627
  endloop
 endfacet
  facet normal 0 0 0
    outer loop
   vertex 3.615 30.135 0.627
   vertex 3.615 30.135 0.936
   vertex 3.445 30.135 0.936
  endloop
 endfacet
  facet normal 0 0 0
    outer loop
   vertex 3.615 30.135 0.627
   vertex 3.445 30.135 0.936
   vertex 3.445 30.135 0.627
  endloop
 endfacet
  facet normal 0 0 0
    outer loop
   vertex 3.275 30.135 0.627
   vertex 3.275 30.135 0.936
   vertex 3.105 30.135 0.936
  endloop
 endfacet
  facet normal 0 0 0
    outer loop
   vertex 3.275 30.135 0.627
   vertex 3.105 30.135 0.936
   vertex 3.105 30.135 0.627
  endloop
 endfacet
  facet normal 0 0 0
    outer loop
   vertex 2.935 30.135 0.627
   vertex 2.935 30.135 0.936
   vertex 2.765 30.135 0.936
  endloop
 endfacet
  facet normal 0 0 0
    outer loop
   vertex 2.935 30.135 0.627
   vertex 2.765 30.135 0.936
   vertex 2.765 30.135 0.627
  endloop
 endfacet
  facet normal 0 0 0
    outer loop
   vertex 2.595 30.135 0.627
   vertex 2.595 30.135 0.936
   vertex 2.425 30.135 0.936
  endloop
 endfacet
  facet normal 0 0 0
    outer loop
   vertex 2.595 30.135 0.627
   vertex 2.425 30.135 0.936
   vertex 2.425 30.135 0.627
  endloop
 endfacet
  facet normal 0 0 0
    outer loop
   vertex 2.255 30.135 0.627
   vertex 2.255 30.135 0.936
   vertex 2.085 30.135 0.936
  endloop
 endfacet
  facet normal 0 0 0
    outer loop
   vertex 2.255 30.135 0.627
   vertex 2.085 30.135 0.936
   vertex 2.085 30.135 0.627
  endloop
 endfacet
  facet normal 0 0 0
    outer loop
   vertex 1.915 30.135 0.627
   vertex 1.915 30.135 0.936
   vertex 1.745 30.135 0.936
  endloop
 endfacet
  facet normal 0 0 0
    outer loop
   vertex 1.915 30.135 0.627
   vertex 1.745 30.135 0.936
   vertex 1.745 30.135 0.627
  endloop
 endfacet
  facet normal 0 0 0
    outer loop
   vertex 1.745 30.135 0.627
   vertex 1.745 30.135 0.936
   vertex 1.745 30.305 0.936
  endloop
 endfacet
  facet normal 0 0 0
    outer loop
   vertex 1.745 30.135 0.627
   vertex 1.745 30.305 0.936
   vertex 1.745 30.305 0.627
  endloop
 endfacet
  facet normal 0 0 0
    outer loop
   vertex 1.745 30.475 0.627
   vertex 1.745 30.475 0.936
   vertex 1.745 30.645 0.936
  endloop
 endfacet
  facet normal 0 0 0
    outer loop
   vertex 1.745 30.475 0.627
   vertex 1.745 30.645 0.936
   vertex 1.745 30.645 0.627
  endloop
 endfacet
  facet normal 0 0 0
    outer loop
   vertex 1.745 30.305 0.627
   vertex 1.745 30.305 0.936
   vertex 1.915 30.305 0.936
  endloop
 endfacet
  facet normal 0 0 0
    outer loop
   vertex 1.745 30.305 0.627
   vertex 1.915 30.305 0.936
   vertex 1.915 30.305 0.627
  endloop
 endfacet
  facet normal 0 0 0
    outer loop
   vertex 2.085 30.305 0.627
   vertex 2.085 30.305 0.936
   vertex 2.255 30.305 0.936
  endloop
 endfacet
  facet normal 0 0 0
    outer loop
   vertex 2.085 30.305 0.627
   vertex 2.255 30.305 0.936
   vertex 2.255 30.305 0.627
  endloop
 endfacet
  facet normal 0 0 0
    outer loop
   vertex 2.425 30.305 0.627
   vertex 2.425 30.305 0.936
   vertex 2.595 30.305 0.936
  endloop
 endfacet
  facet normal 0 0 0
    outer loop
   vertex 2.425 30.305 0.627
   vertex 2.595 30.305 0.936
   vertex 2.595 30.305 0.627
  endloop
 endfacet
  facet normal 0 0 0
    outer loop
   vertex 2.765 30.305 0.627
   vertex 2.765 30.305 0.936
   vertex 2.935 30.305 0.936
  endloop
 endfacet
  facet normal 0 0 0
    outer loop
   vertex 2.765 30.305 0.627
   vertex 2.935 30.305 0.936
   vertex 2.935 30.305 0.627
  endloop
 endfacet
  facet normal 0 0 0
    outer loop
   vertex 3.105 30.305 0.627
   vertex 3.105 30.305 0.936
   vertex 3.275 30.305 0.936
  endloop
 endfacet
  facet normal 0 0 0
    outer loop
   vertex 3.105 30.305 0.627
   vertex 3.275 30.305 0.936
   vertex 3.275 30.305 0.627
  endloop
 endfacet
  facet normal 0 0 0
    outer loop
   vertex 3.445 30.305 0.627
   vertex 3.445 30.305 0.936
   vertex 3.615 30.305 0.936
  endloop
 endfacet
  facet normal 0 0 0
    outer loop
   vertex 3.445 30.305 0.627
   vertex 3.615 30.305 0.936
   vertex 3.615 30.305 0.627
  endloop
 endfacet
  facet normal 0 0 0
    outer loop
   vertex 3.785 30.305 0.627
   vertex 3.785 30.305 0.936
   vertex 3.955 30.305 0.936
  endloop
 endfacet
  facet normal 0 0 0
    outer loop
   vertex 3.785 30.305 0.627
   vertex 3.955 30.305 0.936
   vertex 3.955 30.305 0.627
  endloop
 endfacet
  facet normal 0 0 0
    outer loop
   vertex 3.785 30.135 0.627
   vertex 3.785 30.135 0.936
   vertex 3.785 30.305 0.936
  endloop
 endfacet
  facet normal 0 0 0
    outer loop
   vertex 3.785 30.135 0.627
   vertex 3.785 30.305 0.936
   vertex 3.785 30.305 0.627
  endloop
 endfacet
  facet normal 0 0 0
    outer loop
   vertex 3.785 30.475 0.627
   vertex 3.785 30.475 0.936
   vertex 3.785 30.645 0.936
  endloop
 endfacet
  facet normal 0 0 0
    outer loop
   vertex 3.785 30.475 0.627
   vertex 3.785 30.645 0.936
   vertex 3.785 30.645 0.627
  endloop
 endfacet
  facet normal 0 0 0
    outer loop
   vertex 1.915 30.645 0.627
   vertex 1.915 30.645 0.936
   vertex 1.915 30.475 0.936
  endloop
 endfacet
  facet normal 0 0 0
    outer loop
   vertex 1.915 30.645 0.627
   vertex 1.915 30.475 0.936
   vertex 1.915 30.475 0.627
  endloop
 endfacet
  facet normal 0 0 0
    outer loop
   vertex 1.915 30.305 0.627
   vertex 1.915 30.305 0.936
   vertex 1.915 30.135 0.936
  endloop
 endfacet
  facet normal 0 0 0
    outer loop
   vertex 1.915 30.305 0.627
   vertex 1.915 30.135 0.936
   vertex 1.915 30.135 0.627
  endloop
 endfacet
  facet normal 0 0 0
    outer loop
   vertex 2.085 30.135 0.627
   vertex 2.085 30.135 0.936
   vertex 2.085 30.305 0.936
  endloop
 endfacet
  facet normal 0 0 0
    outer loop
   vertex 2.085 30.135 0.627
   vertex 2.085 30.305 0.936
   vertex 2.085 30.305 0.627
  endloop
 endfacet
  facet normal 0 0 0
    outer loop
   vertex 2.085 30.475 0.627
   vertex 2.085 30.475 0.936
   vertex 2.085 30.645 0.936
  endloop
 endfacet
  facet normal 0 0 0
    outer loop
   vertex 2.085 30.475 0.627
   vertex 2.085 30.645 0.936
   vertex 2.085 30.645 0.627
  endloop
 endfacet
  facet normal 0 0 0
    outer loop
   vertex 3.615 30.645 0.627
   vertex 3.615 30.645 0.936
   vertex 3.615 30.475 0.936
  endloop
 endfacet
  facet normal 0 0 0
    outer loop
   vertex 3.615 30.645 0.627
   vertex 3.615 30.475 0.936
   vertex 3.615 30.475 0.627
  endloop
 endfacet
  facet normal 0 0 0
    outer loop
   vertex 3.615 30.305 0.627
   vertex 3.615 30.305 0.936
   vertex 3.615 30.135 0.936
  endloop
 endfacet
  facet normal 0 0 0
    outer loop
   vertex 3.615 30.305 0.627
   vertex 3.615 30.135 0.936
   vertex 3.615 30.135 0.627
  endloop
 endfacet
  facet normal 0 0 0
    outer loop
   vertex 2.255 30.645 0.627
   vertex 2.255 30.645 0.936
   vertex 2.255 30.475 0.936
  endloop
 endfacet
  facet normal 0 0 0
    outer loop
   vertex 2.255 30.645 0.627
   vertex 2.255 30.475 0.936
   vertex 2.255 30.475 0.627
  endloop
 endfacet
  facet normal 0 0 0
    outer loop
   vertex 2.255 30.305 0.627
   vertex 2.255 30.305 0.936
   vertex 2.255 30.135 0.936
  endloop
 endfacet
  facet normal 0 0 0
    outer loop
   vertex 2.255 30.305 0.627
   vertex 2.255 30.135 0.936
   vertex 2.255 30.135 0.627
  endloop
 endfacet
  facet normal 0 0 0
    outer loop
   vertex 3.445 30.135 0.627
   vertex 3.445 30.135 0.936
   vertex 3.445 30.305 0.936
  endloop
 endfacet
  facet normal 0 0 0
    outer loop
   vertex 3.445 30.135 0.627
   vertex 3.445 30.305 0.936
   vertex 3.445 30.305 0.627
  endloop
 endfacet
  facet normal 0 0 0
    outer loop
   vertex 3.445 30.475 0.627
   vertex 3.445 30.475 0.936
   vertex 3.445 30.645 0.936
  endloop
 endfacet
  facet normal 0 0 0
    outer loop
   vertex 3.445 30.475 0.627
   vertex 3.445 30.645 0.936
   vertex 3.445 30.645 0.627
  endloop
 endfacet
  facet normal 0 0 0
    outer loop
   vertex 2.425 30.135 0.627
   vertex 2.425 30.135 0.936
   vertex 2.425 30.305 0.936
  endloop
 endfacet
  facet normal 0 0 0
    outer loop
   vertex 2.425 30.135 0.627
   vertex 2.425 30.305 0.936
   vertex 2.425 30.305 0.627
  endloop
 endfacet
  facet normal 0 0 0
    outer loop
   vertex 2.425 30.475 0.627
   vertex 2.425 30.475 0.936
   vertex 2.425 30.645 0.936
  endloop
 endfacet
  facet normal 0 0 0
    outer loop
   vertex 2.425 30.475 0.627
   vertex 2.425 30.645 0.936
   vertex 2.425 30.645 0.627
  endloop
 endfacet
  facet normal 0 0 0
    outer loop
   vertex 2.595 30.645 0.627
   vertex 2.595 30.645 0.936
   vertex 2.595 30.475 0.936
  endloop
 endfacet
  facet normal 0 0 0
    outer loop
   vertex 2.595 30.645 0.627
   vertex 2.595 30.475 0.936
   vertex 2.595 30.475 0.627
  endloop
 endfacet
  facet normal 0 0 0
    outer loop
   vertex 2.595 30.305 0.627
   vertex 2.595 30.305 0.936
   vertex 2.595 30.135 0.936
  endloop
 endfacet
  facet normal 0 0 0
    outer loop
   vertex 2.595 30.305 0.627
   vertex 2.595 30.135 0.936
   vertex 2.595 30.135 0.627
  endloop
 endfacet
  facet normal 0 0 0
    outer loop
   vertex 3.275 30.645 0.627
   vertex 3.275 30.645 0.936
   vertex 3.275 30.475 0.936
  endloop
 endfacet
  facet normal 0 0 0
    outer loop
   vertex 3.275 30.645 0.627
   vertex 3.275 30.475 0.936
   vertex 3.275 30.475 0.627
  endloop
 endfacet
  facet normal 0 0 0
    outer loop
   vertex 3.275 30.305 0.627
   vertex 3.275 30.305 0.936
   vertex 3.275 30.135 0.936
  endloop
 endfacet
  facet normal 0 0 0
    outer loop
   vertex 3.275 30.305 0.627
   vertex 3.275 30.135 0.936
   vertex 3.275 30.135 0.627
  endloop
 endfacet
  facet normal 0 0 0
    outer loop
   vertex 2.765 30.135 0.627
   vertex 2.765 30.135 0.936
   vertex 2.765 30.305 0.936
  endloop
 endfacet
  facet normal 0 0 0
    outer loop
   vertex 2.765 30.135 0.627
   vertex 2.765 30.305 0.936
   vertex 2.765 30.305 0.627
  endloop
 endfacet
  facet normal 0 0 0
    outer loop
   vertex 2.765 30.475 0.627
   vertex 2.765 30.475 0.936
   vertex 2.765 30.645 0.936
  endloop
 endfacet
  facet normal 0 0 0
    outer loop
   vertex 2.765 30.475 0.627
   vertex 2.765 30.645 0.936
   vertex 2.765 30.645 0.627
  endloop
 endfacet
  facet normal 0 0 0
    outer loop
   vertex 2.935 30.645 0.627
   vertex 2.935 30.645 0.936
   vertex 2.935 30.475 0.936
  endloop
 endfacet
  facet normal 0 0 0
    outer loop
   vertex 2.935 30.645 0.627
   vertex 2.935 30.475 0.936
   vertex 2.935 30.475 0.627
  endloop
 endfacet
  facet normal 0 0 0
    outer loop
   vertex 2.935 30.305 0.627
   vertex 2.935 30.305 0.936
   vertex 2.935 30.135 0.936
  endloop
 endfacet
  facet normal 0 0 0
    outer loop
   vertex 2.935 30.305 0.627
   vertex 2.935 30.135 0.936
   vertex 2.935 30.135 0.627
  endloop
 endfacet
  facet normal 0 0 0
    outer loop
   vertex 3.105 30.135 0.627
   vertex 3.105 30.135 0.936
   vertex 3.105 30.305 0.936
  endloop
 endfacet
  facet normal 0 0 0
    outer loop
   vertex 3.105 30.135 0.627
   vertex 3.105 30.305 0.936
   vertex 3.105 30.305 0.627
  endloop
 endfacet
  facet normal 0 0 0
    outer loop
   vertex 3.105 30.475 0.627
   vertex 3.105 30.475 0.936
   vertex 3.105 30.645 0.936
  endloop
 endfacet
  facet normal 0 0 0
    outer loop
   vertex 3.105 30.475 0.627
   vertex 3.105 30.645 0.936
   vertex 3.105 30.645 0.627
  endloop
 endfacet
  facet normal 0 0 0
    outer loop
   vertex 3.955 30.475 0.627
   vertex 3.955 30.475 0.936
   vertex 3.785 30.475 0.936
  endloop
 endfacet
  facet normal 0 0 0
    outer loop
   vertex 3.955 30.475 0.627
   vertex 3.785 30.475 0.936
   vertex 3.785 30.475 0.627
  endloop
 endfacet
  facet normal 0 0 0
    outer loop
   vertex 3.615 30.475 0.627
   vertex 3.615 30.475 0.936
   vertex 3.445 30.475 0.936
  endloop
 endfacet
  facet normal 0 0 0
    outer loop
   vertex 3.615 30.475 0.627
   vertex 3.445 30.475 0.936
   vertex 3.445 30.475 0.627
  endloop
 endfacet
  facet normal 0 0 0
    outer loop
   vertex 3.275 30.475 0.627
   vertex 3.275 30.475 0.936
   vertex 3.105 30.475 0.936
  endloop
 endfacet
  facet normal 0 0 0
    outer loop
   vertex 3.275 30.475 0.627
   vertex 3.105 30.475 0.936
   vertex 3.105 30.475 0.627
  endloop
 endfacet
  facet normal 0 0 0
    outer loop
   vertex 2.935 30.475 0.627
   vertex 2.935 30.475 0.936
   vertex 2.765 30.475 0.936
  endloop
 endfacet
  facet normal 0 0 0
    outer loop
   vertex 2.935 30.475 0.627
   vertex 2.765 30.475 0.936
   vertex 2.765 30.475 0.627
  endloop
 endfacet
  facet normal 0 0 0
    outer loop
   vertex 2.595 30.475 0.627
   vertex 2.595 30.475 0.936
   vertex 2.425 30.475 0.936
  endloop
 endfacet
  facet normal 0 0 0
    outer loop
   vertex 2.595 30.475 0.627
   vertex 2.425 30.475 0.936
   vertex 2.425 30.475 0.627
  endloop
 endfacet
  facet normal 0 0 0
    outer loop
   vertex 2.255 30.475 0.627
   vertex 2.255 30.475 0.936
   vertex 2.085 30.475 0.936
  endloop
 endfacet
  facet normal 0 0 0
    outer loop
   vertex 2.255 30.475 0.627
   vertex 2.085 30.475 0.936
   vertex 2.085 30.475 0.627
  endloop
 endfacet
  facet normal 0 0 0
    outer loop
   vertex 1.915 30.475 0.627
   vertex 1.915 30.475 0.936
   vertex 1.745 30.475 0.936
  endloop
 endfacet
  facet normal 0 0 0
    outer loop
   vertex 1.915 30.475 0.627
   vertex 1.745 30.475 0.936
   vertex 1.745 30.475 0.627
  endloop
 endfacet
  facet normal 0 0 0
    outer loop
   vertex 1.745 30.645 0.627
   vertex 1.745 30.645 0.936
   vertex 1.915 30.645 0.936
  endloop
 endfacet
  facet normal 0 0 0
    outer loop
   vertex 1.745 30.645 0.627
   vertex 1.915 30.645 0.936
   vertex 1.915 30.645 0.627
  endloop
 endfacet
  facet normal 0 0 0
    outer loop
   vertex 2.085 30.645 0.627
   vertex 2.085 30.645 0.936
   vertex 2.255 30.645 0.936
  endloop
 endfacet
  facet normal 0 0 0
    outer loop
   vertex 2.085 30.645 0.627
   vertex 2.255 30.645 0.936
   vertex 2.255 30.645 0.627
  endloop
 endfacet
  facet normal 0 0 0
    outer loop
   vertex 2.425 30.645 0.627
   vertex 2.425 30.645 0.936
   vertex 2.595 30.645 0.936
  endloop
 endfacet
  facet normal 0 0 0
    outer loop
   vertex 2.425 30.645 0.627
   vertex 2.595 30.645 0.936
   vertex 2.595 30.645 0.627
  endloop
 endfacet
  facet normal 0 0 0
    outer loop
   vertex 2.765 30.645 0.627
   vertex 2.765 30.645 0.936
   vertex 2.935 30.645 0.936
  endloop
 endfacet
  facet normal 0 0 0
    outer loop
   vertex 2.765 30.645 0.627
   vertex 2.935 30.645 0.936
   vertex 2.935 30.645 0.627
  endloop
 endfacet
  facet normal 0 0 0
    outer loop
   vertex 3.105 30.645 0.627
   vertex 3.105 30.645 0.936
   vertex 3.275 30.645 0.936
  endloop
 endfacet
  facet normal 0 0 0
    outer loop
   vertex 3.105 30.645 0.627
   vertex 3.275 30.645 0.936
   vertex 3.275 30.645 0.627
  endloop
 endfacet
  facet normal 0 0 0
    outer loop
   vertex 3.445 30.645 0.627
   vertex 3.445 30.645 0.936
   vertex 3.615 30.645 0.936
  endloop
 endfacet
  facet normal 0 0 0
    outer loop
   vertex 3.445 30.645 0.627
   vertex 3.615 30.645 0.936
   vertex 3.615 30.645 0.627
  endloop
 endfacet
  facet normal 0 0 0
    outer loop
   vertex 3.785 30.645 0.627
   vertex 3.785 30.645 0.936
   vertex 3.955 30.645 0.936
  endloop
 endfacet
  facet normal 0 0 0
    outer loop
   vertex 3.785 30.645 0.627
   vertex 3.955 30.645 0.936
   vertex 3.955 30.645 0.627
  endloop
 endfacet
  facet normal 0 0 0
    outer loop
   vertex 2.035 30.125 1.036
   vertex 1.865 30.125 1.036
   vertex 1.65 29.99 1.036
  endloop
 endfacet
  facet normal 0 0 0
    outer loop
   vertex 2.225 30.125 1.036
   vertex 2.035 30.295 1.036
   vertex 2.035 30.125 1.036
  endloop
 endfacet
  facet normal 0 0 0
    outer loop
   vertex 2.225 30.295 1.036
   vertex 2.035 30.295 1.036
   vertex 2.225 30.125 1.036
  endloop
 endfacet
  facet normal 0 0 0
    outer loop
   vertex 2.585 30.125 1.036
   vertex 2.395 30.295 1.036
   vertex 2.395 30.125 1.036
  endloop
 endfacet
  facet normal 0 0 0
    outer loop
   vertex 2.585 30.295 1.036
   vertex 2.395 30.295 1.036
   vertex 2.585 30.125 1.036
  endloop
 endfacet
  facet normal 0 0 0
    outer loop
   vertex 2.945 30.125 1.036
   vertex 2.755 30.295 1.036
   vertex 2.755 30.125 1.036
  endloop
 endfacet
  facet normal 0 0 0
    outer loop
   vertex 2.945 30.295 1.036
   vertex 2.755 30.295 1.036
   vertex 2.945 30.125 1.036
  endloop
 endfacet
  facet normal 0 0 0
    outer loop
   vertex 3.305 30.125 1.036
   vertex 3.115 30.295 1.036
   vertex 3.115 30.125 1.036
  endloop
 endfacet
  facet normal 0 0 0
    outer loop
   vertex 3.305 30.295 1.036
   vertex 3.115 30.295 1.036
   vertex 3.305 30.125 1.036
  endloop
 endfacet
  facet normal 0 0 0
    outer loop
   vertex 3.665 30.125 1.036
   vertex 3.475 30.295 1.036
   vertex 3.475 30.125 1.036
  endloop
 endfacet
  facet normal 0 0 0
    outer loop
   vertex 3.665 30.295 1.036
   vertex 3.475 30.295 1.036
   vertex 3.665 30.125 1.036
  endloop
 endfacet
  facet normal 0 0 0
    outer loop
   vertex 2.035 30.295 1.036
   vertex 1.865 30.485 1.036
   vertex 1.865 30.295 1.036
  endloop
 endfacet
  facet normal 0 0 0
    outer loop
   vertex 2.225 30.295 1.036
   vertex 2.035 30.485 1.036
   vertex 2.035 30.295 1.036
  endloop
 endfacet
  facet normal 0 0 0
    outer loop
   vertex 2.035 30.485 1.036
   vertex 1.865 30.485 1.036
   vertex 2.035 30.295 1.036
  endloop
 endfacet
  facet normal 0 0 0
    outer loop
   vertex 2.035 30.655 1.036
   vertex 1.65 30.79 1.036
   vertex 1.865 30.655 1.036
  endloop
 endfacet
  facet normal 0 0 0
    outer loop
   vertex 2.225 30.485 1.036
   vertex 2.035 30.655 1.036
   vertex 2.035 30.485 1.036
  endloop
 endfacet
  facet normal 0 0 0
    outer loop
   vertex 2.395 30.295 1.036
   vertex 2.225 30.485 1.036
   vertex 2.225 30.295 1.036
  endloop
 endfacet
  facet normal 0 0 0
    outer loop
   vertex 2.225 30.485 1.036
   vertex 2.035 30.485 1.036
   vertex 2.225 30.295 1.036
  endloop
 endfacet
  facet normal 0 0 0
    outer loop
   vertex 2.585 30.295 1.036
   vertex 2.395 30.485 1.036
   vertex 2.395 30.295 1.036
  endloop
 endfacet
  facet normal 0 0 0
    outer loop
   vertex 2.395 30.485 1.036
   vertex 2.225 30.485 1.036
   vertex 2.395 30.295 1.036
  endloop
 endfacet
  facet normal 0 0 0
    outer loop
   vertex 2.225 30.655 1.036
   vertex 2.035 30.655 1.036
   vertex 2.225 30.485 1.036
  endloop
 endfacet
  facet normal 0 0 0
    outer loop
   vertex 2.585 30.485 1.036
   vertex 2.395 30.655 1.036
   vertex 2.395 30.485 1.036
  endloop
 endfacet
  facet normal 0 0 0
    outer loop
   vertex 2.755 30.295 1.036
   vertex 2.585 30.485 1.036
   vertex 2.585 30.295 1.036
  endloop
 endfacet
  facet normal 0 0 0
    outer loop
   vertex 2.585 30.485 1.036
   vertex 2.395 30.485 1.036
   vertex 2.585 30.295 1.036
  endloop
 endfacet
  facet normal 0 0 0
    outer loop
   vertex 2.945 30.295 1.036
   vertex 2.755 30.485 1.036
   vertex 2.755 30.295 1.036
  endloop
 endfacet
  facet normal 0 0 0
    outer loop
   vertex 2.755 30.485 1.036
   vertex 2.585 30.485 1.036
   vertex 2.755 30.295 1.036
  endloop
 endfacet
  facet normal 0 0 0
    outer loop
   vertex 2.585 30.655 1.036
   vertex 2.395 30.655 1.036
   vertex 2.585 30.485 1.036
  endloop
 endfacet
  facet normal 0 0 0
    outer loop
   vertex 2.945 30.485 1.036
   vertex 2.755 30.655 1.036
   vertex 2.755 30.485 1.036
  endloop
 endfacet
  facet normal 0 0 0
    outer loop
   vertex 3.115 30.295 1.036
   vertex 2.945 30.485 1.036
   vertex 2.945 30.295 1.036
  endloop
 endfacet
  facet normal 0 0 0
    outer loop
   vertex 2.945 30.485 1.036
   vertex 2.755 30.485 1.036
   vertex 2.945 30.295 1.036
  endloop
 endfacet
  facet normal 0 0 0
    outer loop
   vertex 3.305 30.295 1.036
   vertex 3.115 30.485 1.036
   vertex 3.115 30.295 1.036
  endloop
 endfacet
  facet normal 0 0 0
    outer loop
   vertex 3.115 30.485 1.036
   vertex 2.945 30.485 1.036
   vertex 3.115 30.295 1.036
  endloop
 endfacet
  facet normal 0 0 0
    outer loop
   vertex 2.945 30.655 1.036
   vertex 2.755 30.655 1.036
   vertex 2.945 30.485 1.036
  endloop
 endfacet
  facet normal 0 0 0
    outer loop
   vertex 3.305 30.485 1.036
   vertex 3.115 30.655 1.036
   vertex 3.115 30.485 1.036
  endloop
 endfacet
  facet normal 0 0 0
    outer loop
   vertex 3.475 30.295 1.036
   vertex 3.305 30.485 1.036
   vertex 3.305 30.295 1.036
  endloop
 endfacet
  facet normal 0 0 0
    outer loop
   vertex 3.305 30.485 1.036
   vertex 3.115 30.485 1.036
   vertex 3.305 30.295 1.036
  endloop
 endfacet
  facet normal 0 0 0
    outer loop
   vertex 3.665 30.295 1.036
   vertex 3.475 30.485 1.036
   vertex 3.475 30.295 1.036
  endloop
 endfacet
  facet normal 0 0 0
    outer loop
   vertex 3.475 30.485 1.036
   vertex 3.305 30.485 1.036
   vertex 3.475 30.295 1.036
  endloop
 endfacet
  facet normal 0 0 0
    outer loop
   vertex 3.305 30.655 1.036
   vertex 3.115 30.655 1.036
   vertex 3.305 30.485 1.036
  endloop
 endfacet
  facet normal 0 0 0
    outer loop
   vertex 3.665 30.485 1.036
   vertex 3.475 30.655 1.036
   vertex 3.475 30.485 1.036
  endloop
 endfacet
  facet normal 0 0 0
    outer loop
   vertex 3.835 30.295 1.036
   vertex 3.665 30.485 1.036
   vertex 3.665 30.295 1.036
  endloop
 endfacet
  facet normal 0 0 0
    outer loop
   vertex 3.665 30.485 1.036
   vertex 3.475 30.485 1.036
   vertex 3.665 30.295 1.036
  endloop
 endfacet
  facet normal 0 0 0
    outer loop
   vertex 3.835 30.485 1.036
   vertex 3.665 30.485 1.036
   vertex 3.835 30.295 1.036
  endloop
 endfacet
  facet normal 0 0 0
    outer loop
   vertex 3.665 30.655 1.036
   vertex 3.475 30.655 1.036
   vertex 3.665 30.485 1.036
  endloop
 endfacet
  facet normal 0 0 0
    outer loop
   vertex 2.945 30.125 1.036
   vertex 2.755 30.125 1.036
   vertex 2.85 29.99 1.036
  endloop
 endfacet
  facet normal 0 0 0
    outer loop
   vertex 2.755 30.125 1.036
   vertex 2.585 30.125 1.036
   vertex 2.85 29.99 1.036
  endloop
 endfacet
  facet normal 0 0 0
    outer loop
   vertex 3.115 30.125 1.036
   vertex 2.945 30.125 1.036
   vertex 2.85 29.99 1.036
  endloop
 endfacet
  facet normal 0 0 0
    outer loop
   vertex 2.25 29.99 1.036
   vertex 2.035 30.125 1.036
   vertex 1.65 29.99 1.036
  endloop
 endfacet
  facet normal 0 0 0
    outer loop
   vertex 2.225 30.125 1.036
   vertex 2.035 30.125 1.036
   vertex 2.25 29.99 1.036
  endloop
 endfacet
  facet normal 0 0 0
    outer loop
   vertex 2.395 30.125 1.036
   vertex 2.225 30.125 1.036
   vertex 2.25 29.99 1.036
  endloop
 endfacet
  facet normal 0 0 0
    outer loop
   vertex 2.585 30.125 1.036
   vertex 2.395 30.125 1.036
   vertex 2.25 29.99 1.036
  endloop
 endfacet
  facet normal 0 0 0
    outer loop
   vertex 2.85 29.99 1.036
   vertex 2.585 30.125 1.036
   vertex 2.25 29.99 1.036
  endloop
 endfacet
  facet normal 0 0 0
    outer loop
   vertex 3.665 30.125 1.036
   vertex 3.475 30.125 1.036
   vertex 3.45 29.99 1.036
  endloop
 endfacet
  facet normal 0 0 0
    outer loop
   vertex 3.475 30.125 1.036
   vertex 3.305 30.125 1.036
   vertex 3.45 29.99 1.036
  endloop
 endfacet
  facet normal 0 0 0
    outer loop
   vertex 3.45 29.99 1.036
   vertex 3.115 30.125 1.036
   vertex 2.85 29.99 1.036
  endloop
 endfacet
  facet normal 0 0 0
    outer loop
   vertex 3.305 30.125 1.036
   vertex 3.115 30.125 1.036
   vertex 3.45 29.99 1.036
  endloop
 endfacet
  facet normal 0 0 0
    outer loop
   vertex 3.75 29.99 1.036
   vertex 3.665 30.125 1.036
   vertex 3.45 29.99 1.036
  endloop
 endfacet
  facet normal 0 0 0
    outer loop
   vertex 4.05 29.99 1.036
   vertex 3.835 30.125 1.036
   vertex 3.75 29.99 1.036
  endloop
 endfacet
  facet normal 0 0 0
    outer loop
   vertex 3.835 30.125 1.036
   vertex 3.665 30.125 1.036
   vertex 3.75 29.99 1.036
  endloop
 endfacet
  facet normal 0 0 0
    outer loop
   vertex 1.865 30.485 1.036
   vertex 1.65 30.39 1.036
   vertex 1.865 30.295 1.036
  endloop
 endfacet
  facet normal 0 0 0
    outer loop
   vertex 1.865 30.295 1.036
   vertex 1.65 30.39 1.036
   vertex 1.865 30.125 1.036
  endloop
 endfacet
  facet normal 0 0 0
    outer loop
   vertex 1.865 30.125 1.036
   vertex 1.65 30.39 1.036
   vertex 1.65 29.99 1.036
  endloop
 endfacet
  facet normal 0 0 0
    outer loop
   vertex 1.865 30.655 1.036
   vertex 1.65 30.79 1.036
   vertex 1.65 30.39 1.036
  endloop
 endfacet
  facet normal 0 0 0
    outer loop
   vertex 1.865 30.485 1.036
   vertex 1.865 30.655 1.036
   vertex 1.65 30.39 1.036
  endloop
 endfacet
  facet normal 0 0 0
    outer loop
   vertex 2.945 30.655 1.036
   vertex 2.85 30.79 1.036
   vertex 2.755 30.655 1.036
  endloop
 endfacet
  facet normal 0 0 0
    outer loop
   vertex 2.755 30.655 1.036
   vertex 2.85 30.79 1.036
   vertex 2.585 30.655 1.036
  endloop
 endfacet
  facet normal 0 0 0
    outer loop
   vertex 3.115 30.655 1.036
   vertex 2.85 30.79 1.036
   vertex 2.945 30.655 1.036
  endloop
 endfacet
  facet normal 0 0 0
    outer loop
   vertex 2.25 30.79 1.036
   vertex 1.65 30.79 1.036
   vertex 2.035 30.655 1.036
  endloop
 endfacet
  facet normal 0 0 0
    outer loop
   vertex 2.225 30.655 1.036
   vertex 2.25 30.79 1.036
   vertex 2.035 30.655 1.036
  endloop
 endfacet
  facet normal 0 0 0
    outer loop
   vertex 2.395 30.655 1.036
   vertex 2.25 30.79 1.036
   vertex 2.225 30.655 1.036
  endloop
 endfacet
  facet normal 0 0 0
    outer loop
   vertex 2.85 30.79 1.036
   vertex 2.25 30.79 1.036
   vertex 2.585 30.655 1.036
  endloop
 endfacet
  facet normal 0 0 0
    outer loop
   vertex 2.585 30.655 1.036
   vertex 2.25 30.79 1.036
   vertex 2.395 30.655 1.036
  endloop
 endfacet
  facet normal 0 0 0
    outer loop
   vertex 4.05 30.39 1.036
   vertex 3.835 30.485 1.036
   vertex 3.835 30.295 1.036
  endloop
 endfacet
  facet normal 0 0 0
    outer loop
   vertex 4.05 30.39 1.036
   vertex 3.835 30.125 1.036
   vertex 4.05 29.99 1.036
  endloop
 endfacet
  facet normal 0 0 0
    outer loop
   vertex 4.05 30.39 1.036
   vertex 3.835 30.295 1.036
   vertex 3.835 30.125 1.036
  endloop
 endfacet
  facet normal 0 0 0
    outer loop
   vertex 4.05 30.79 1.036
   vertex 3.835 30.655 1.036
   vertex 4.05 30.39 1.036
  endloop
 endfacet
  facet normal 0 0 0
    outer loop
   vertex 3.835 30.655 1.036
   vertex 3.835 30.485 1.036
   vertex 4.05 30.39 1.036
  endloop
 endfacet
  facet normal 0 0 0
    outer loop
   vertex 3.665 30.655 1.036
   vertex 3.45 30.79 1.036
   vertex 3.475 30.655 1.036
  endloop
 endfacet
  facet normal 0 0 0
    outer loop
   vertex 3.475 30.655 1.036
   vertex 3.45 30.79 1.036
   vertex 3.305 30.655 1.036
  endloop
 endfacet
  facet normal 0 0 0
    outer loop
   vertex 3.305 30.655 1.036
   vertex 3.45 30.79 1.036
   vertex 3.115 30.655 1.036
  endloop
 endfacet
  facet normal 0 0 0
    outer loop
   vertex 3.45 30.79 1.036
   vertex 2.85 30.79 1.036
   vertex 3.115 30.655 1.036
  endloop
 endfacet
  facet normal 0 0 0
    outer loop
   vertex 3.75 30.79 1.036
   vertex 3.45 30.79 1.036
   vertex 3.665 30.655 1.036
  endloop
 endfacet
  facet normal 0 0 0
    outer loop
   vertex 4.05 30.79 1.036
   vertex 3.75 30.79 1.036
   vertex 3.835 30.655 1.036
  endloop
 endfacet
  facet normal 0 0 0
    outer loop
   vertex 3.835 30.655 1.036
   vertex 3.75 30.79 1.036
   vertex 3.665 30.655 1.036
  endloop
 endfacet
  facet normal 0 0 0
    outer loop
   vertex 1.65 29.99 0.936
   vertex 1.65 29.99 1.036
   vertex 1.65 30.19 0.936
  endloop
 endfacet
  facet normal 0 0 0
    outer loop
   vertex 1.65 30.19 0.936
   vertex 1.65 30.39 1.036
   vertex 1.65 30.39 0.936
  endloop
 endfacet
  facet normal 0 0 0
    outer loop
   vertex 1.65 30.19 0.936
   vertex 1.65 29.99 1.036
   vertex 1.65 30.39 1.036
  endloop
 endfacet
  facet normal 0 0 0
    outer loop
   vertex 1.65 30.59 0.936
   vertex 1.65 30.79 1.036
   vertex 1.65 30.79 0.936
  endloop
 endfacet
  facet normal 0 0 0
    outer loop
   vertex 1.65 30.39 0.936
   vertex 1.65 30.39 1.036
   vertex 1.65 30.59 0.936
  endloop
 endfacet
  facet normal 0 0 0
    outer loop
   vertex 1.65 30.59 0.936
   vertex 1.65 30.39 1.036
   vertex 1.65 30.79 1.036
  endloop
 endfacet
  facet normal 0 0 0
    outer loop
   vertex 1.65 30.79 0.936
   vertex 1.65 30.79 1.036
   vertex 1.95 30.79 0.936
  endloop
 endfacet
  facet normal 0 0 0
    outer loop
   vertex 1.95 30.79 0.936
   vertex 2.25 30.79 1.036
   vertex 2.25 30.79 0.936
  endloop
 endfacet
  facet normal 0 0 0
    outer loop
   vertex 1.95 30.79 0.936
   vertex 1.65 30.79 1.036
   vertex 2.25 30.79 1.036
  endloop
 endfacet
  facet normal 0 0 0
    outer loop
   vertex 2.25 30.79 0.936
   vertex 2.25 30.79 1.036
   vertex 2.55 30.79 1.036
  endloop
 endfacet
  facet normal 0 0 0
    outer loop
   vertex 2.85 30.79 0.936
   vertex 2.55 30.79 1.036
   vertex 2.85 30.79 1.036
  endloop
 endfacet
  facet normal 0 0 0
    outer loop
   vertex 2.25 30.79 0.936
   vertex 2.55 30.79 1.036
   vertex 2.85 30.79 0.936
  endloop
 endfacet
  facet normal 0 0 0
    outer loop
   vertex 3.45 30.79 0.936
   vertex 3.45 30.79 1.036
   vertex 3.75 30.79 1.036
  endloop
 endfacet
  facet normal 0 0 0
    outer loop
   vertex 4.05 30.79 0.936
   vertex 3.75 30.79 1.036
   vertex 4.05 30.79 1.036
  endloop
 endfacet
  facet normal 0 0 0
    outer loop
   vertex 3.45 30.79 0.936
   vertex 3.75 30.79 1.036
   vertex 4.05 30.79 0.936
  endloop
 endfacet
  facet normal 0 0 0
    outer loop
   vertex 3.45 30.79 0.936
   vertex 3.15 30.79 1.036
   vertex 3.45 30.79 1.036
  endloop
 endfacet
  facet normal 0 0 0
    outer loop
   vertex 2.85 30.79 0.936
   vertex 2.85 30.79 1.036
   vertex 3.15 30.79 1.036
  endloop
 endfacet
  facet normal 0 0 0
    outer loop
   vertex 2.85 30.79 0.936
   vertex 3.15 30.79 1.036
   vertex 3.45 30.79 0.936
  endloop
 endfacet
  facet normal 0 0 0
    outer loop
   vertex 4.05 29.99 0.936
   vertex 4.05 29.99 1.036
   vertex 3.75 29.99 0.936
  endloop
 endfacet
  facet normal 0 0 0
    outer loop
   vertex 3.75 29.99 0.936
   vertex 3.45 29.99 1.036
   vertex 3.45 29.99 0.936
  endloop
 endfacet
  facet normal 0 0 0
    outer loop
   vertex 3.75 29.99 0.936
   vertex 4.05 29.99 1.036
   vertex 3.45 29.99 1.036
  endloop
 endfacet
  facet normal 0 0 0
    outer loop
   vertex 3.45 29.99 0.936
   vertex 3.45 29.99 1.036
   vertex 3.15 29.99 1.036
  endloop
 endfacet
  facet normal 0 0 0
    outer loop
   vertex 2.85 29.99 0.936
   vertex 3.15 29.99 1.036
   vertex 2.85 29.99 1.036
  endloop
 endfacet
  facet normal 0 0 0
    outer loop
   vertex 3.45 29.99 0.936
   vertex 3.15 29.99 1.036
   vertex 2.85 29.99 0.936
  endloop
 endfacet
  facet normal 0 0 0
    outer loop
   vertex 2.25 29.99 0.936
   vertex 2.25 29.99 1.036
   vertex 1.95 29.99 1.036
  endloop
 endfacet
  facet normal 0 0 0
    outer loop
   vertex 1.65 29.99 0.936
   vertex 1.95 29.99 1.036
   vertex 1.65 29.99 1.036
  endloop
 endfacet
  facet normal 0 0 0
    outer loop
   vertex 2.25 29.99 0.936
   vertex 1.95 29.99 1.036
   vertex 1.65 29.99 0.936
  endloop
 endfacet
  facet normal 0 0 0
    outer loop
   vertex 2.25 29.99 0.936
   vertex 2.55 29.99 1.036
   vertex 2.25 29.99 1.036
  endloop
 endfacet
  facet normal 0 0 0
    outer loop
   vertex 2.85 29.99 0.936
   vertex 2.85 29.99 1.036
   vertex 2.55 29.99 1.036
  endloop
 endfacet
  facet normal 0 0 0
    outer loop
   vertex 2.85 29.99 0.936
   vertex 2.55 29.99 1.036
   vertex 2.25 29.99 0.936
  endloop
 endfacet
  facet normal 0 0 0
    outer loop
   vertex 4.05 30.79 0.936
   vertex 4.05 30.79 1.036
   vertex 4.05 30.59 0.936
  endloop
 endfacet
  facet normal 0 0 0
    outer loop
   vertex 4.05 30.59 0.936
   vertex 4.05 30.39 1.036
   vertex 4.05 30.39 0.936
  endloop
 endfacet
  facet normal 0 0 0
    outer loop
   vertex 4.05 30.59 0.936
   vertex 4.05 30.79 1.036
   vertex 4.05 30.39 1.036
  endloop
 endfacet
  facet normal 0 0 0
    outer loop
   vertex 4.05 30.19 0.936
   vertex 4.05 29.99 1.036
   vertex 4.05 29.99 0.936
  endloop
 endfacet
  facet normal 0 0 0
    outer loop
   vertex 4.05 30.39 0.936
   vertex 4.05 30.39 1.036
   vertex 4.05 30.19 0.936
  endloop
 endfacet
  facet normal 0 0 0
    outer loop
   vertex 4.05 30.19 0.936
   vertex 4.05 30.39 1.036
   vertex 4.05 29.99 1.036
  endloop
 endfacet
  facet normal 0 0 0
    outer loop
   vertex 3.835 30.125 1.036
   vertex 3.835 30.125 1.111
   vertex 3.665 30.125 1.111
  endloop
 endfacet
  facet normal 0 0 0
    outer loop
   vertex 3.835 30.125 1.036
   vertex 3.665 30.125 1.111
   vertex 3.665 30.125 1.036
  endloop
 endfacet
  facet normal 0 0 0
    outer loop
   vertex 3.475 30.125 1.036
   vertex 3.475 30.125 1.111
   vertex 3.305 30.125 1.111
  endloop
 endfacet
  facet normal 0 0 0
    outer loop
   vertex 3.475 30.125 1.036
   vertex 3.305 30.125 1.111
   vertex 3.305 30.125 1.036
  endloop
 endfacet
  facet normal 0 0 0
    outer loop
   vertex 3.115 30.125 1.036
   vertex 3.115 30.125 1.111
   vertex 2.945 30.125 1.111
  endloop
 endfacet
  facet normal 0 0 0
    outer loop
   vertex 3.115 30.125 1.036
   vertex 2.945 30.125 1.111
   vertex 2.945 30.125 1.036
  endloop
 endfacet
  facet normal 0 0 0
    outer loop
   vertex 2.755 30.125 1.036
   vertex 2.755 30.125 1.111
   vertex 2.585 30.125 1.111
  endloop
 endfacet
  facet normal 0 0 0
    outer loop
   vertex 2.755 30.125 1.036
   vertex 2.585 30.125 1.111
   vertex 2.585 30.125 1.036
  endloop
 endfacet
  facet normal 0 0 0
    outer loop
   vertex 2.395 30.125 1.036
   vertex 2.395 30.125 1.111
   vertex 2.225 30.125 1.111
  endloop
 endfacet
  facet normal 0 0 0
    outer loop
   vertex 2.395 30.125 1.036
   vertex 2.225 30.125 1.111
   vertex 2.225 30.125 1.036
  endloop
 endfacet
  facet normal 0 0 0
    outer loop
   vertex 2.035 30.125 1.036
   vertex 2.035 30.125 1.111
   vertex 1.865 30.125 1.111
  endloop
 endfacet
  facet normal 0 0 0
    outer loop
   vertex 2.035 30.125 1.036
   vertex 1.865 30.125 1.111
   vertex 1.865 30.125 1.036
  endloop
 endfacet
  facet normal 0 0 0
    outer loop
   vertex 3.835 30.655 1.036
   vertex 3.835 30.655 1.111
   vertex 3.835 30.485 1.111
  endloop
 endfacet
  facet normal 0 0 0
    outer loop
   vertex 3.835 30.655 1.036
   vertex 3.835 30.485 1.111
   vertex 3.835 30.485 1.036
  endloop
 endfacet
  facet normal 0 0 0
    outer loop
   vertex 3.835 30.295 1.036
   vertex 3.835 30.295 1.111
   vertex 3.835 30.125 1.111
  endloop
 endfacet
  facet normal 0 0 0
    outer loop
   vertex 3.835 30.295 1.036
   vertex 3.835 30.125 1.111
   vertex 3.835 30.125 1.036
  endloop
 endfacet
  facet normal 0 0 0
    outer loop
   vertex 1.865 30.295 1.036
   vertex 1.865 30.295 1.111
   vertex 2.035 30.295 1.111
  endloop
 endfacet
  facet normal 0 0 0
    outer loop
   vertex 1.865 30.295 1.036
   vertex 2.035 30.295 1.111
   vertex 2.035 30.295 1.036
  endloop
 endfacet
  facet normal 0 0 0
    outer loop
   vertex 2.225 30.295 1.036
   vertex 2.225 30.295 1.111
   vertex 2.395 30.295 1.111
  endloop
 endfacet
  facet normal 0 0 0
    outer loop
   vertex 2.225 30.295 1.036
   vertex 2.395 30.295 1.111
   vertex 2.395 30.295 1.036
  endloop
 endfacet
  facet normal 0 0 0
    outer loop
   vertex 2.585 30.295 1.036
   vertex 2.585 30.295 1.111
   vertex 2.755 30.295 1.111
  endloop
 endfacet
  facet normal 0 0 0
    outer loop
   vertex 2.585 30.295 1.036
   vertex 2.755 30.295 1.111
   vertex 2.755 30.295 1.036
  endloop
 endfacet
  facet normal 0 0 0
    outer loop
   vertex 2.945 30.295 1.036
   vertex 2.945 30.295 1.111
   vertex 3.115 30.295 1.111
  endloop
 endfacet
  facet normal 0 0 0
    outer loop
   vertex 2.945 30.295 1.036
   vertex 3.115 30.295 1.111
   vertex 3.115 30.295 1.036
  endloop
 endfacet
  facet normal 0 0 0
    outer loop
   vertex 3.305 30.295 1.036
   vertex 3.305 30.295 1.111
   vertex 3.475 30.295 1.111
  endloop
 endfacet
  facet normal 0 0 0
    outer loop
   vertex 3.305 30.295 1.036
   vertex 3.475 30.295 1.111
   vertex 3.475 30.295 1.036
  endloop
 endfacet
  facet normal 0 0 0
    outer loop
   vertex 3.665 30.295 1.036
   vertex 3.665 30.295 1.111
   vertex 3.835 30.295 1.111
  endloop
 endfacet
  facet normal 0 0 0
    outer loop
   vertex 3.665 30.295 1.036
   vertex 3.835 30.295 1.111
   vertex 3.835 30.295 1.036
  endloop
 endfacet
  facet normal 0 0 0
    outer loop
   vertex 1.865 30.125 1.036
   vertex 1.865 30.125 1.111
   vertex 1.865 30.295 1.111
  endloop
 endfacet
  facet normal 0 0 0
    outer loop
   vertex 1.865 30.125 1.036
   vertex 1.865 30.295 1.111
   vertex 1.865 30.295 1.036
  endloop
 endfacet
  facet normal 0 0 0
    outer loop
   vertex 1.865 30.485 1.036
   vertex 1.865 30.485 1.111
   vertex 1.865 30.655 1.111
  endloop
 endfacet
  facet normal 0 0 0
    outer loop
   vertex 1.865 30.485 1.036
   vertex 1.865 30.655 1.111
   vertex 1.865 30.655 1.036
  endloop
 endfacet
  facet normal 0 0 0
    outer loop
   vertex 3.665 30.125 1.036
   vertex 3.665 30.125 1.111
   vertex 3.665 30.295 1.111
  endloop
 endfacet
  facet normal 0 0 0
    outer loop
   vertex 3.665 30.125 1.036
   vertex 3.665 30.295 1.111
   vertex 3.665 30.295 1.036
  endloop
 endfacet
  facet normal 0 0 0
    outer loop
   vertex 3.665 30.485 1.036
   vertex 3.665 30.485 1.111
   vertex 3.665 30.655 1.111
  endloop
 endfacet
  facet normal 0 0 0
    outer loop
   vertex 3.665 30.485 1.036
   vertex 3.665 30.655 1.111
   vertex 3.665 30.655 1.036
  endloop
 endfacet
  facet normal 0 0 0
    outer loop
   vertex 3.835 30.485 1.036
   vertex 3.835 30.485 1.111
   vertex 3.665 30.485 1.111
  endloop
 endfacet
  facet normal 0 0 0
    outer loop
   vertex 3.835 30.485 1.036
   vertex 3.665 30.485 1.111
   vertex 3.665 30.485 1.036
  endloop
 endfacet
  facet normal 0 0 0
    outer loop
   vertex 3.475 30.485 1.036
   vertex 3.475 30.485 1.111
   vertex 3.305 30.485 1.111
  endloop
 endfacet
  facet normal 0 0 0
    outer loop
   vertex 3.475 30.485 1.036
   vertex 3.305 30.485 1.111
   vertex 3.305 30.485 1.036
  endloop
 endfacet
  facet normal 0 0 0
    outer loop
   vertex 3.115 30.485 1.036
   vertex 3.115 30.485 1.111
   vertex 2.945 30.485 1.111
  endloop
 endfacet
  facet normal 0 0 0
    outer loop
   vertex 3.115 30.485 1.036
   vertex 2.945 30.485 1.111
   vertex 2.945 30.485 1.036
  endloop
 endfacet
  facet normal 0 0 0
    outer loop
   vertex 2.755 30.485 1.036
   vertex 2.755 30.485 1.111
   vertex 2.585 30.485 1.111
  endloop
 endfacet
  facet normal 0 0 0
    outer loop
   vertex 2.755 30.485 1.036
   vertex 2.585 30.485 1.111
   vertex 2.585 30.485 1.036
  endloop
 endfacet
  facet normal 0 0 0
    outer loop
   vertex 2.395 30.485 1.036
   vertex 2.395 30.485 1.111
   vertex 2.225 30.485 1.111
  endloop
 endfacet
  facet normal 0 0 0
    outer loop
   vertex 2.395 30.485 1.036
   vertex 2.225 30.485 1.111
   vertex 2.225 30.485 1.036
  endloop
 endfacet
  facet normal 0 0 0
    outer loop
   vertex 2.035 30.485 1.036
   vertex 2.035 30.485 1.111
   vertex 1.865 30.485 1.111
  endloop
 endfacet
  facet normal 0 0 0
    outer loop
   vertex 2.035 30.485 1.036
   vertex 1.865 30.485 1.111
   vertex 1.865 30.485 1.036
  endloop
 endfacet
  facet normal 0 0 0
    outer loop
   vertex 2.035 30.655 1.036
   vertex 2.035 30.655 1.111
   vertex 2.035 30.485 1.111
  endloop
 endfacet
  facet normal 0 0 0
    outer loop
   vertex 2.035 30.655 1.036
   vertex 2.035 30.485 1.111
   vertex 2.035 30.485 1.036
  endloop
 endfacet
  facet normal 0 0 0
    outer loop
   vertex 2.035 30.295 1.036
   vertex 2.035 30.295 1.111
   vertex 2.035 30.125 1.111
  endloop
 endfacet
  facet normal 0 0 0
    outer loop
   vertex 2.035 30.295 1.036
   vertex 2.035 30.125 1.111
   vertex 2.035 30.125 1.036
  endloop
 endfacet
  facet normal 0 0 0
    outer loop
   vertex 3.475 30.655 1.036
   vertex 3.475 30.655 1.111
   vertex 3.475 30.485 1.111
  endloop
 endfacet
  facet normal 0 0 0
    outer loop
   vertex 3.475 30.655 1.036
   vertex 3.475 30.485 1.111
   vertex 3.475 30.485 1.036
  endloop
 endfacet
  facet normal 0 0 0
    outer loop
   vertex 3.475 30.295 1.036
   vertex 3.475 30.295 1.111
   vertex 3.475 30.125 1.111
  endloop
 endfacet
  facet normal 0 0 0
    outer loop
   vertex 3.475 30.295 1.036
   vertex 3.475 30.125 1.111
   vertex 3.475 30.125 1.036
  endloop
 endfacet
  facet normal 0 0 0
    outer loop
   vertex 2.225 30.125 1.036
   vertex 2.225 30.125 1.111
   vertex 2.225 30.295 1.111
  endloop
 endfacet
  facet normal 0 0 0
    outer loop
   vertex 2.225 30.125 1.036
   vertex 2.225 30.295 1.111
   vertex 2.225 30.295 1.036
  endloop
 endfacet
  facet normal 0 0 0
    outer loop
   vertex 2.225 30.485 1.036
   vertex 2.225 30.485 1.111
   vertex 2.225 30.655 1.111
  endloop
 endfacet
  facet normal 0 0 0
    outer loop
   vertex 2.225 30.485 1.036
   vertex 2.225 30.655 1.111
   vertex 2.225 30.655 1.036
  endloop
 endfacet
  facet normal 0 0 0
    outer loop
   vertex 3.305 30.125 1.036
   vertex 3.305 30.125 1.111
   vertex 3.305 30.295 1.111
  endloop
 endfacet
  facet normal 0 0 0
    outer loop
   vertex 3.305 30.125 1.036
   vertex 3.305 30.295 1.111
   vertex 3.305 30.295 1.036
  endloop
 endfacet
  facet normal 0 0 0
    outer loop
   vertex 3.305 30.485 1.036
   vertex 3.305 30.485 1.111
   vertex 3.305 30.655 1.111
  endloop
 endfacet
  facet normal 0 0 0
    outer loop
   vertex 3.305 30.485 1.036
   vertex 3.305 30.655 1.111
   vertex 3.305 30.655 1.036
  endloop
 endfacet
  facet normal 0 0 0
    outer loop
   vertex 2.395 30.655 1.036
   vertex 2.395 30.655 1.111
   vertex 2.395 30.485 1.111
  endloop
 endfacet
  facet normal 0 0 0
    outer loop
   vertex 2.395 30.655 1.036
   vertex 2.395 30.485 1.111
   vertex 2.395 30.485 1.036
  endloop
 endfacet
  facet normal 0 0 0
    outer loop
   vertex 2.395 30.295 1.036
   vertex 2.395 30.295 1.111
   vertex 2.395 30.125 1.111
  endloop
 endfacet
  facet normal 0 0 0
    outer loop
   vertex 2.395 30.295 1.036
   vertex 2.395 30.125 1.111
   vertex 2.395 30.125 1.036
  endloop
 endfacet
  facet normal 0 0 0
    outer loop
   vertex 3.115 30.655 1.036
   vertex 3.115 30.655 1.111
   vertex 3.115 30.485 1.111
  endloop
 endfacet
  facet normal 0 0 0
    outer loop
   vertex 3.115 30.655 1.036
   vertex 3.115 30.485 1.111
   vertex 3.115 30.485 1.036
  endloop
 endfacet
  facet normal 0 0 0
    outer loop
   vertex 3.115 30.295 1.036
   vertex 3.115 30.295 1.111
   vertex 3.115 30.125 1.111
  endloop
 endfacet
  facet normal 0 0 0
    outer loop
   vertex 3.115 30.295 1.036
   vertex 3.115 30.125 1.111
   vertex 3.115 30.125 1.036
  endloop
 endfacet
  facet normal 0 0 0
    outer loop
   vertex 2.585 30.125 1.036
   vertex 2.585 30.125 1.111
   vertex 2.585 30.295 1.111
  endloop
 endfacet
  facet normal 0 0 0
    outer loop
   vertex 2.585 30.125 1.036
   vertex 2.585 30.295 1.111
   vertex 2.585 30.295 1.036
  endloop
 endfacet
  facet normal 0 0 0
    outer loop
   vertex 2.585 30.485 1.036
   vertex 2.585 30.485 1.111
   vertex 2.585 30.655 1.111
  endloop
 endfacet
  facet normal 0 0 0
    outer loop
   vertex 2.585 30.485 1.036
   vertex 2.585 30.655 1.111
   vertex 2.585 30.655 1.036
  endloop
 endfacet
  facet normal 0 0 0
    outer loop
   vertex 2.755 30.655 1.036
   vertex 2.755 30.655 1.111
   vertex 2.755 30.485 1.111
  endloop
 endfacet
  facet normal 0 0 0
    outer loop
   vertex 2.755 30.655 1.036
   vertex 2.755 30.485 1.111
   vertex 2.755 30.485 1.036
  endloop
 endfacet
  facet normal 0 0 0
    outer loop
   vertex 2.755 30.295 1.036
   vertex 2.755 30.295 1.111
   vertex 2.755 30.125 1.111
  endloop
 endfacet
  facet normal 0 0 0
    outer loop
   vertex 2.755 30.295 1.036
   vertex 2.755 30.125 1.111
   vertex 2.755 30.125 1.036
  endloop
 endfacet
  facet normal 0 0 0
    outer loop
   vertex 2.945 30.125 1.036
   vertex 2.945 30.125 1.111
   vertex 2.945 30.295 1.111
  endloop
 endfacet
  facet normal 0 0 0
    outer loop
   vertex 2.945 30.125 1.036
   vertex 2.945 30.295 1.111
   vertex 2.945 30.295 1.036
  endloop
 endfacet
  facet normal 0 0 0
    outer loop
   vertex 2.945 30.485 1.036
   vertex 2.945 30.485 1.111
   vertex 2.945 30.655 1.111
  endloop
 endfacet
  facet normal 0 0 0
    outer loop
   vertex 2.945 30.485 1.036
   vertex 2.945 30.655 1.111
   vertex 2.945 30.655 1.036
  endloop
 endfacet
  facet normal 0 0 0
    outer loop
   vertex 1.865 30.655 1.036
   vertex 1.865 30.655 1.111
   vertex 2.035 30.655 1.111
  endloop
 endfacet
  facet normal 0 0 0
    outer loop
   vertex 1.865 30.655 1.036
   vertex 2.035 30.655 1.111
   vertex 2.035 30.655 1.036
  endloop
 endfacet
  facet normal 0 0 0
    outer loop
   vertex 2.225 30.655 1.036
   vertex 2.225 30.655 1.111
   vertex 2.395 30.655 1.111
  endloop
 endfacet
  facet normal 0 0 0
    outer loop
   vertex 2.225 30.655 1.036
   vertex 2.395 30.655 1.111
   vertex 2.395 30.655 1.036
  endloop
 endfacet
  facet normal 0 0 0
    outer loop
   vertex 2.585 30.655 1.036
   vertex 2.585 30.655 1.111
   vertex 2.755 30.655 1.111
  endloop
 endfacet
  facet normal 0 0 0
    outer loop
   vertex 2.585 30.655 1.036
   vertex 2.755 30.655 1.111
   vertex 2.755 30.655 1.036
  endloop
 endfacet
  facet normal 0 0 0
    outer loop
   vertex 2.945 30.655 1.036
   vertex 2.945 30.655 1.111
   vertex 3.115 30.655 1.111
  endloop
 endfacet
  facet normal 0 0 0
    outer loop
   vertex 2.945 30.655 1.036
   vertex 3.115 30.655 1.111
   vertex 3.115 30.655 1.036
  endloop
 endfacet
  facet normal 0 0 0
    outer loop
   vertex 3.305 30.655 1.036
   vertex 3.305 30.655 1.111
   vertex 3.475 30.655 1.111
  endloop
 endfacet
  facet normal 0 0 0
    outer loop
   vertex 3.305 30.655 1.036
   vertex 3.475 30.655 1.111
   vertex 3.475 30.655 1.036
  endloop
 endfacet
  facet normal 0 0 0
    outer loop
   vertex 3.665 30.655 1.036
   vertex 3.665 30.655 1.111
   vertex 3.835 30.655 1.111
  endloop
 endfacet
  facet normal 0 0 0
    outer loop
   vertex 3.665 30.655 1.036
   vertex 3.835 30.655 1.111
   vertex 3.835 30.655 1.036
  endloop
 endfacet
  facet normal 0 0 0
    outer loop
   vertex 1.65 29.99 1.376
   vertex 1.865 30.125 1.376
   vertex 2.035 30.125 1.376
  endloop
 endfacet
  facet normal 0 0 0
    outer loop
   vertex 2.035 30.125 1.376
   vertex 2.035 30.295 1.376
   vertex 2.225 30.125 1.376
  endloop
 endfacet
  facet normal 0 0 0
    outer loop
   vertex 2.225 30.125 1.376
   vertex 2.035 30.295 1.376
   vertex 2.225 30.295 1.376
  endloop
 endfacet
  facet normal 0 0 0
    outer loop
   vertex 2.395 30.125 1.376
   vertex 2.395 30.295 1.376
   vertex 2.585 30.125 1.376
  endloop
 endfacet
  facet normal 0 0 0
    outer loop
   vertex 2.585 30.125 1.376
   vertex 2.395 30.295 1.376
   vertex 2.585 30.295 1.376
  endloop
 endfacet
  facet normal 0 0 0
    outer loop
   vertex 2.755 30.125 1.376
   vertex 2.755 30.295 1.376
   vertex 2.945 30.125 1.376
  endloop
 endfacet
  facet normal 0 0 0
    outer loop
   vertex 2.945 30.125 1.376
   vertex 2.755 30.295 1.376
   vertex 2.945 30.295 1.376
  endloop
 endfacet
  facet normal 0 0 0
    outer loop
   vertex 3.115 30.125 1.376
   vertex 3.115 30.295 1.376
   vertex 3.305 30.125 1.376
  endloop
 endfacet
  facet normal 0 0 0
    outer loop
   vertex 3.305 30.125 1.376
   vertex 3.115 30.295 1.376
   vertex 3.305 30.295 1.376
  endloop
 endfacet
  facet normal 0 0 0
    outer loop
   vertex 3.475 30.125 1.376
   vertex 3.475 30.295 1.376
   vertex 3.665 30.125 1.376
  endloop
 endfacet
  facet normal 0 0 0
    outer loop
   vertex 3.665 30.125 1.376
   vertex 3.475 30.295 1.376
   vertex 3.665 30.295 1.376
  endloop
 endfacet
  facet normal 0 0 0
    outer loop
   vertex 1.865 30.295 1.376
   vertex 1.865 30.485 1.376
   vertex 2.035 30.295 1.376
  endloop
 endfacet
  facet normal 0 0 0
    outer loop
   vertex 2.035 30.295 1.376
   vertex 2.035 30.485 1.376
   vertex 2.225 30.295 1.376
  endloop
 endfacet
  facet normal 0 0 0
    outer loop
   vertex 2.035 30.295 1.376
   vertex 1.865 30.485 1.376
   vertex 2.035 30.485 1.376
  endloop
 endfacet
  facet normal 0 0 0
    outer loop
   vertex 1.865 30.655 1.376
   vertex 1.65 30.79 1.376
   vertex 2.035 30.655 1.376
  endloop
 endfacet
  facet normal 0 0 0
    outer loop
   vertex 2.035 30.485 1.376
   vertex 2.035 30.655 1.376
   vertex 2.225 30.485 1.376
  endloop
 endfacet
  facet normal 0 0 0
    outer loop
   vertex 2.225 30.295 1.376
   vertex 2.225 30.485 1.376
   vertex 2.395 30.295 1.376
  endloop
 endfacet
  facet normal 0 0 0
    outer loop
   vertex 2.225 30.295 1.376
   vertex 2.035 30.485 1.376
   vertex 2.225 30.485 1.376
  endloop
 endfacet
  facet normal 0 0 0
    outer loop
   vertex 2.395 30.295 1.376
   vertex 2.395 30.485 1.376
   vertex 2.585 30.295 1.376
  endloop
 endfacet
  facet normal 0 0 0
    outer loop
   vertex 2.395 30.295 1.376
   vertex 2.225 30.485 1.376
   vertex 2.395 30.485 1.376
  endloop
 endfacet
  facet normal 0 0 0
    outer loop
   vertex 2.225 30.485 1.376
   vertex 2.035 30.655 1.376
   vertex 2.225 30.655 1.376
  endloop
 endfacet
  facet normal 0 0 0
    outer loop
   vertex 2.395 30.485 1.376
   vertex 2.395 30.655 1.376
   vertex 2.585 30.485 1.376
  endloop
 endfacet
  facet normal 0 0 0
    outer loop
   vertex 2.585 30.295 1.376
   vertex 2.585 30.485 1.376
   vertex 2.755 30.295 1.376
  endloop
 endfacet
  facet normal 0 0 0
    outer loop
   vertex 2.585 30.295 1.376
   vertex 2.395 30.485 1.376
   vertex 2.585 30.485 1.376
  endloop
 endfacet
  facet normal 0 0 0
    outer loop
   vertex 2.755 30.295 1.376
   vertex 2.755 30.485 1.376
   vertex 2.945 30.295 1.376
  endloop
 endfacet
  facet normal 0 0 0
    outer loop
   vertex 2.755 30.295 1.376
   vertex 2.585 30.485 1.376
   vertex 2.755 30.485 1.376
  endloop
 endfacet
  facet normal 0 0 0
    outer loop
   vertex 2.585 30.485 1.376
   vertex 2.395 30.655 1.376
   vertex 2.585 30.655 1.376
  endloop
 endfacet
  facet normal 0 0 0
    outer loop
   vertex 2.755 30.485 1.376
   vertex 2.755 30.655 1.376
   vertex 2.945 30.485 1.376
  endloop
 endfacet
  facet normal 0 0 0
    outer loop
   vertex 2.945 30.295 1.376
   vertex 2.945 30.485 1.376
   vertex 3.115 30.295 1.376
  endloop
 endfacet
  facet normal 0 0 0
    outer loop
   vertex 2.945 30.295 1.376
   vertex 2.755 30.485 1.376
   vertex 2.945 30.485 1.376
  endloop
 endfacet
  facet normal 0 0 0
    outer loop
   vertex 3.115 30.295 1.376
   vertex 3.115 30.485 1.376
   vertex 3.305 30.295 1.376
  endloop
 endfacet
  facet normal 0 0 0
    outer loop
   vertex 3.115 30.295 1.376
   vertex 2.945 30.485 1.376
   vertex 3.115 30.485 1.376
  endloop
 endfacet
  facet normal 0 0 0
    outer loop
   vertex 2.945 30.485 1.376
   vertex 2.755 30.655 1.376
   vertex 2.945 30.655 1.376
  endloop
 endfacet
  facet normal 0 0 0
    outer loop
   vertex 3.115 30.485 1.376
   vertex 3.115 30.655 1.376
   vertex 3.305 30.485 1.376
  endloop
 endfacet
  facet normal 0 0 0
    outer loop
   vertex 3.305 30.295 1.376
   vertex 3.305 30.485 1.376
   vertex 3.475 30.295 1.376
  endloop
 endfacet
  facet normal 0 0 0
    outer loop
   vertex 3.305 30.295 1.376
   vertex 3.115 30.485 1.376
   vertex 3.305 30.485 1.376
  endloop
 endfacet
  facet normal 0 0 0
    outer loop
   vertex 3.475 30.295 1.376
   vertex 3.475 30.485 1.376
   vertex 3.665 30.295 1.376
  endloop
 endfacet
  facet normal 0 0 0
    outer loop
   vertex 3.475 30.295 1.376
   vertex 3.305 30.485 1.376
   vertex 3.475 30.485 1.376
  endloop
 endfacet
  facet normal 0 0 0
    outer loop
   vertex 3.305 30.485 1.376
   vertex 3.115 30.655 1.376
   vertex 3.305 30.655 1.376
  endloop
 endfacet
  facet normal 0 0 0
    outer loop
   vertex 3.475 30.485 1.376
   vertex 3.475 30.655 1.376
   vertex 3.665 30.485 1.376
  endloop
 endfacet
  facet normal 0 0 0
    outer loop
   vertex 3.665 30.295 1.376
   vertex 3.665 30.485 1.376
   vertex 3.835 30.295 1.376
  endloop
 endfacet
  facet normal 0 0 0
    outer loop
   vertex 3.665 30.295 1.376
   vertex 3.475 30.485 1.376
   vertex 3.665 30.485 1.376
  endloop
 endfacet
  facet normal 0 0 0
    outer loop
   vertex 3.835 30.295 1.376
   vertex 3.665 30.485 1.376
   vertex 3.835 30.485 1.376
  endloop
 endfacet
  facet normal 0 0 0
    outer loop
   vertex 3.665 30.485 1.376
   vertex 3.475 30.655 1.376
   vertex 3.665 30.655 1.376
  endloop
 endfacet
  facet normal 0 0 0
    outer loop
   vertex 2.85 29.99 1.376
   vertex 2.755 30.125 1.376
   vertex 2.945 30.125 1.376
  endloop
 endfacet
  facet normal 0 0 0
    outer loop
   vertex 2.85 29.99 1.376
   vertex 2.585 30.125 1.376
   vertex 2.755 30.125 1.376
  endloop
 endfacet
  facet normal 0 0 0
    outer loop
   vertex 2.85 29.99 1.376
   vertex 2.945 30.125 1.376
   vertex 3.115 30.125 1.376
  endloop
 endfacet
  facet normal 0 0 0
    outer loop
   vertex 1.65 29.99 1.376
   vertex 2.035 30.125 1.376
   vertex 2.25 29.99 1.376
  endloop
 endfacet
  facet normal 0 0 0
    outer loop
   vertex 2.25 29.99 1.376
   vertex 2.035 30.125 1.376
   vertex 2.225 30.125 1.376
  endloop
 endfacet
  facet normal 0 0 0
    outer loop
   vertex 2.25 29.99 1.376
   vertex 2.225 30.125 1.376
   vertex 2.395 30.125 1.376
  endloop
 endfacet
  facet normal 0 0 0
    outer loop
   vertex 2.25 29.99 1.376
   vertex 2.395 30.125 1.376
   vertex 2.585 30.125 1.376
  endloop
 endfacet
  facet normal 0 0 0
    outer loop
   vertex 2.25 29.99 1.376
   vertex 2.585 30.125 1.376
   vertex 2.85 29.99 1.376
  endloop
 endfacet
  facet normal 0 0 0
    outer loop
   vertex 3.45 29.99 1.376
   vertex 3.475 30.125 1.376
   vertex 3.665 30.125 1.376
  endloop
 endfacet
  facet normal 0 0 0
    outer loop
   vertex 3.45 29.99 1.376
   vertex 3.305 30.125 1.376
   vertex 3.475 30.125 1.376
  endloop
 endfacet
  facet normal 0 0 0
    outer loop
   vertex 2.85 29.99 1.376
   vertex 3.115 30.125 1.376
   vertex 3.45 29.99 1.376
  endloop
 endfacet
  facet normal 0 0 0
    outer loop
   vertex 3.45 29.99 1.376
   vertex 3.115 30.125 1.376
   vertex 3.305 30.125 1.376
  endloop
 endfacet
  facet normal 0 0 0
    outer loop
   vertex 3.45 29.99 1.376
   vertex 3.665 30.125 1.376
   vertex 3.75 29.99 1.376
  endloop
 endfacet
  facet normal 0 0 0
    outer loop
   vertex 3.75 29.99 1.376
   vertex 3.835 30.125 1.376
   vertex 4.05 29.99 1.376
  endloop
 endfacet
  facet normal 0 0 0
    outer loop
   vertex 3.75 29.99 1.376
   vertex 3.665 30.125 1.376
   vertex 3.835 30.125 1.376
  endloop
 endfacet
  facet normal 0 0 0
    outer loop
   vertex 1.865 30.295 1.376
   vertex 1.65 30.39 1.376
   vertex 1.865 30.485 1.376
  endloop
 endfacet
  facet normal 0 0 0
    outer loop
   vertex 1.865 30.125 1.376
   vertex 1.65 30.39 1.376
   vertex 1.865 30.295 1.376
  endloop
 endfacet
  facet normal 0 0 0
    outer loop
   vertex 1.65 29.99 1.376
   vertex 1.65 30.39 1.376
   vertex 1.865 30.125 1.376
  endloop
 endfacet
  facet normal 0 0 0
    outer loop
   vertex 1.65 30.39 1.376
   vertex 1.65 30.79 1.376
   vertex 1.865 30.655 1.376
  endloop
 endfacet
  facet normal 0 0 0
    outer loop
   vertex 1.65 30.39 1.376
   vertex 1.865 30.655 1.376
   vertex 1.865 30.485 1.376
  endloop
 endfacet
  facet normal 0 0 0
    outer loop
   vertex 2.755 30.655 1.376
   vertex 2.85 30.79 1.376
   vertex 2.945 30.655 1.376
  endloop
 endfacet
  facet normal 0 0 0
    outer loop
   vertex 2.585 30.655 1.376
   vertex 2.85 30.79 1.376
   vertex 2.755 30.655 1.376
  endloop
 endfacet
  facet normal 0 0 0
    outer loop
   vertex 2.945 30.655 1.376
   vertex 2.85 30.79 1.376
   vertex 3.115 30.655 1.376
  endloop
 endfacet
  facet normal 0 0 0
    outer loop
   vertex 2.035 30.655 1.376
   vertex 1.65 30.79 1.376
   vertex 2.25 30.79 1.376
  endloop
 endfacet
  facet normal 0 0 0
    outer loop
   vertex 2.035 30.655 1.376
   vertex 2.25 30.79 1.376
   vertex 2.225 30.655 1.376
  endloop
 endfacet
  facet normal 0 0 0
    outer loop
   vertex 2.225 30.655 1.376
   vertex 2.25 30.79 1.376
   vertex 2.395 30.655 1.376
  endloop
 endfacet
  facet normal 0 0 0
    outer loop
   vertex 2.585 30.655 1.376
   vertex 2.25 30.79 1.376
   vertex 2.85 30.79 1.376
  endloop
 endfacet
  facet normal 0 0 0
    outer loop
   vertex 2.395 30.655 1.376
   vertex 2.25 30.79 1.376
   vertex 2.585 30.655 1.376
  endloop
 endfacet
  facet normal 0 0 0
    outer loop
   vertex 3.835 30.295 1.376
   vertex 3.835 30.485 1.376
   vertex 4.05 30.39 1.376
  endloop
 endfacet
  facet normal 0 0 0
    outer loop
   vertex 4.05 29.99 1.376
   vertex 3.835 30.125 1.376
   vertex 4.05 30.39 1.376
  endloop
 endfacet
  facet normal 0 0 0
    outer loop
   vertex 3.835 30.125 1.376
   vertex 3.835 30.295 1.376
   vertex 4.05 30.39 1.376
  endloop
 endfacet
  facet normal 0 0 0
    outer loop
   vertex 4.05 30.39 1.376
   vertex 3.835 30.655 1.376
   vertex 4.05 30.79 1.376
  endloop
 endfacet
  facet normal 0 0 0
    outer loop
   vertex 4.05 30.39 1.376
   vertex 3.835 30.485 1.376
   vertex 3.835 30.655 1.376
  endloop
 endfacet
  facet normal 0 0 0
    outer loop
   vertex 3.475 30.655 1.376
   vertex 3.45 30.79 1.376
   vertex 3.665 30.655 1.376
  endloop
 endfacet
  facet normal 0 0 0
    outer loop
   vertex 3.305 30.655 1.376
   vertex 3.45 30.79 1.376
   vertex 3.475 30.655 1.376
  endloop
 endfacet
  facet normal 0 0 0
    outer loop
   vertex 3.115 30.655 1.376
   vertex 3.45 30.79 1.376
   vertex 3.305 30.655 1.376
  endloop
 endfacet
  facet normal 0 0 0
    outer loop
   vertex 3.115 30.655 1.376
   vertex 2.85 30.79 1.376
   vertex 3.45 30.79 1.376
  endloop
 endfacet
  facet normal 0 0 0
    outer loop
   vertex 3.665 30.655 1.376
   vertex 3.45 30.79 1.376
   vertex 3.75 30.79 1.376
  endloop
 endfacet
  facet normal 0 0 0
    outer loop
   vertex 3.835 30.655 1.376
   vertex 3.75 30.79 1.376
   vertex 4.05 30.79 1.376
  endloop
 endfacet
  facet normal 0 0 0
    outer loop
   vertex 3.665 30.655 1.376
   vertex 3.75 30.79 1.376
   vertex 3.835 30.655 1.376
  endloop
 endfacet
  facet normal 0 0 0
    outer loop
   vertex 1.865 30.295 1.111
   vertex 1.865 30.295 1.376
   vertex 2.035 30.295 1.376
  endloop
 endfacet
  facet normal 0 0 0
    outer loop
   vertex 1.865 30.295 1.111
   vertex 2.035 30.295 1.376
   vertex 2.035 30.295 1.111
  endloop
 endfacet
  facet normal 0 0 0
    outer loop
   vertex 2.225 30.295 1.111
   vertex 2.225 30.295 1.376
   vertex 2.395 30.295 1.376
  endloop
 endfacet
  facet normal 0 0 0
    outer loop
   vertex 2.225 30.295 1.111
   vertex 2.395 30.295 1.376
   vertex 2.395 30.295 1.111
  endloop
 endfacet
  facet normal 0 0 0
    outer loop
   vertex 2.585 30.295 1.111
   vertex 2.585 30.295 1.376
   vertex 2.755 30.295 1.376
  endloop
 endfacet
  facet normal 0 0 0
    outer loop
   vertex 2.585 30.295 1.111
   vertex 2.755 30.295 1.376
   vertex 2.755 30.295 1.111
  endloop
 endfacet
  facet normal 0 0 0
    outer loop
   vertex 2.945 30.295 1.111
   vertex 2.945 30.295 1.376
   vertex 3.115 30.295 1.376
  endloop
 endfacet
  facet normal 0 0 0
    outer loop
   vertex 2.945 30.295 1.111
   vertex 3.115 30.295 1.376
   vertex 3.115 30.295 1.111
  endloop
 endfacet
  facet normal 0 0 0
    outer loop
   vertex 3.305 30.295 1.111
   vertex 3.305 30.295 1.376
   vertex 3.475 30.295 1.376
  endloop
 endfacet
  facet normal 0 0 0
    outer loop
   vertex 3.305 30.295 1.111
   vertex 3.475 30.295 1.376
   vertex 3.475 30.295 1.111
  endloop
 endfacet
  facet normal 0 0 0
    outer loop
   vertex 3.665 30.295 1.111
   vertex 3.665 30.295 1.376
   vertex 3.835 30.295 1.376
  endloop
 endfacet
  facet normal 0 0 0
    outer loop
   vertex 3.665 30.295 1.111
   vertex 3.835 30.295 1.376
   vertex 3.835 30.295 1.111
  endloop
 endfacet
  facet normal 0 0 0
    outer loop
   vertex 1.865 30.125 1.111
   vertex 1.865 30.125 1.376
   vertex 1.865 30.295 1.376
  endloop
 endfacet
  facet normal 0 0 0
    outer loop
   vertex 1.865 30.125 1.111
   vertex 1.865 30.295 1.376
   vertex 1.865 30.295 1.111
  endloop
 endfacet
  facet normal 0 0 0
    outer loop
   vertex 1.865 30.485 1.111
   vertex 1.865 30.485 1.376
   vertex 1.865 30.655 1.376
  endloop
 endfacet
  facet normal 0 0 0
    outer loop
   vertex 1.865 30.485 1.111
   vertex 1.865 30.655 1.376
   vertex 1.865 30.655 1.111
  endloop
 endfacet
  facet normal 0 0 0
    outer loop
   vertex 3.835 30.655 1.111
   vertex 3.835 30.655 1.376
   vertex 3.835 30.485 1.376
  endloop
 endfacet
  facet normal 0 0 0
    outer loop
   vertex 3.835 30.655 1.111
   vertex 3.835 30.485 1.376
   vertex 3.835 30.485 1.111
  endloop
 endfacet
  facet normal 0 0 0
    outer loop
   vertex 3.835 30.295 1.111
   vertex 3.835 30.295 1.376
   vertex 3.835 30.125 1.376
  endloop
 endfacet
  facet normal 0 0 0
    outer loop
   vertex 3.835 30.295 1.111
   vertex 3.835 30.125 1.376
   vertex 3.835 30.125 1.111
  endloop
 endfacet
  facet normal 0 0 0
    outer loop
   vertex 3.835 30.125 1.111
   vertex 3.835 30.125 1.376
   vertex 3.665 30.125 1.376
  endloop
 endfacet
  facet normal 0 0 0
    outer loop
   vertex 3.835 30.125 1.111
   vertex 3.665 30.125 1.376
   vertex 3.665 30.125 1.111
  endloop
 endfacet
  facet normal 0 0 0
    outer loop
   vertex 3.475 30.125 1.111
   vertex 3.475 30.125 1.376
   vertex 3.305 30.125 1.376
  endloop
 endfacet
  facet normal 0 0 0
    outer loop
   vertex 3.475 30.125 1.111
   vertex 3.305 30.125 1.376
   vertex 3.305 30.125 1.111
  endloop
 endfacet
  facet normal 0 0 0
    outer loop
   vertex 3.115 30.125 1.111
   vertex 3.115 30.125 1.376
   vertex 2.945 30.125 1.376
  endloop
 endfacet
  facet normal 0 0 0
    outer loop
   vertex 3.115 30.125 1.111
   vertex 2.945 30.125 1.376
   vertex 2.945 30.125 1.111
  endloop
 endfacet
  facet normal 0 0 0
    outer loop
   vertex 2.755 30.125 1.111
   vertex 2.755 30.125 1.376
   vertex 2.585 30.125 1.376
  endloop
 endfacet
  facet normal 0 0 0
    outer loop
   vertex 2.755 30.125 1.111
   vertex 2.585 30.125 1.376
   vertex 2.585 30.125 1.111
  endloop
 endfacet
  facet normal 0 0 0
    outer loop
   vertex 2.395 30.125 1.111
   vertex 2.395 30.125 1.376
   vertex 2.225 30.125 1.376
  endloop
 endfacet
  facet normal 0 0 0
    outer loop
   vertex 2.395 30.125 1.111
   vertex 2.225 30.125 1.376
   vertex 2.225 30.125 1.111
  endloop
 endfacet
  facet normal 0 0 0
    outer loop
   vertex 2.035 30.125 1.111
   vertex 2.035 30.125 1.376
   vertex 1.865 30.125 1.376
  endloop
 endfacet
  facet normal 0 0 0
    outer loop
   vertex 2.035 30.125 1.111
   vertex 1.865 30.125 1.376
   vertex 1.865 30.125 1.111
  endloop
 endfacet
  facet normal 0 0 0
    outer loop
   vertex 2.035 30.655 1.111
   vertex 2.035 30.655 1.376
   vertex 2.035 30.485 1.376
  endloop
 endfacet
  facet normal 0 0 0
    outer loop
   vertex 2.035 30.655 1.111
   vertex 2.035 30.485 1.376
   vertex 2.035 30.485 1.111
  endloop
 endfacet
  facet normal 0 0 0
    outer loop
   vertex 2.035 30.295 1.111
   vertex 2.035 30.295 1.376
   vertex 2.035 30.125 1.376
  endloop
 endfacet
  facet normal 0 0 0
    outer loop
   vertex 2.035 30.295 1.111
   vertex 2.035 30.125 1.376
   vertex 2.035 30.125 1.111
  endloop
 endfacet
  facet normal 0 0 0
    outer loop
   vertex 3.665 30.125 1.111
   vertex 3.665 30.125 1.376
   vertex 3.665 30.295 1.376
  endloop
 endfacet
  facet normal 0 0 0
    outer loop
   vertex 3.665 30.125 1.111
   vertex 3.665 30.295 1.376
   vertex 3.665 30.295 1.111
  endloop
 endfacet
  facet normal 0 0 0
    outer loop
   vertex 3.665 30.485 1.111
   vertex 3.665 30.485 1.376
   vertex 3.665 30.655 1.376
  endloop
 endfacet
  facet normal 0 0 0
    outer loop
   vertex 3.665 30.485 1.111
   vertex 3.665 30.655 1.376
   vertex 3.665 30.655 1.111
  endloop
 endfacet
  facet normal 0 0 0
    outer loop
   vertex 3.475 30.655 1.111
   vertex 3.475 30.655 1.376
   vertex 3.475 30.485 1.376
  endloop
 endfacet
  facet normal 0 0 0
    outer loop
   vertex 3.475 30.655 1.111
   vertex 3.475 30.485 1.376
   vertex 3.475 30.485 1.111
  endloop
 endfacet
  facet normal 0 0 0
    outer loop
   vertex 3.475 30.295 1.111
   vertex 3.475 30.295 1.376
   vertex 3.475 30.125 1.376
  endloop
 endfacet
  facet normal 0 0 0
    outer loop
   vertex 3.475 30.295 1.111
   vertex 3.475 30.125 1.376
   vertex 3.475 30.125 1.111
  endloop
 endfacet
  facet normal 0 0 0
    outer loop
   vertex 2.225 30.125 1.111
   vertex 2.225 30.125 1.376
   vertex 2.225 30.295 1.376
  endloop
 endfacet
  facet normal 0 0 0
    outer loop
   vertex 2.225 30.125 1.111
   vertex 2.225 30.295 1.376
   vertex 2.225 30.295 1.111
  endloop
 endfacet
  facet normal 0 0 0
    outer loop
   vertex 2.225 30.485 1.111
   vertex 2.225 30.485 1.376
   vertex 2.225 30.655 1.376
  endloop
 endfacet
  facet normal 0 0 0
    outer loop
   vertex 2.225 30.485 1.111
   vertex 2.225 30.655 1.376
   vertex 2.225 30.655 1.111
  endloop
 endfacet
  facet normal 0 0 0
    outer loop
   vertex 2.395 30.655 1.111
   vertex 2.395 30.655 1.376
   vertex 2.395 30.485 1.376
  endloop
 endfacet
  facet normal 0 0 0
    outer loop
   vertex 2.395 30.655 1.111
   vertex 2.395 30.485 1.376
   vertex 2.395 30.485 1.111
  endloop
 endfacet
  facet normal 0 0 0
    outer loop
   vertex 2.395 30.295 1.111
   vertex 2.395 30.295 1.376
   vertex 2.395 30.125 1.376
  endloop
 endfacet
  facet normal 0 0 0
    outer loop
   vertex 2.395 30.295 1.111
   vertex 2.395 30.125 1.376
   vertex 2.395 30.125 1.111
  endloop
 endfacet
  facet normal 0 0 0
    outer loop
   vertex 2.585 30.125 1.111
   vertex 2.585 30.125 1.376
   vertex 2.585 30.295 1.376
  endloop
 endfacet
  facet normal 0 0 0
    outer loop
   vertex 2.585 30.125 1.111
   vertex 2.585 30.295 1.376
   vertex 2.585 30.295 1.111
  endloop
 endfacet
  facet normal 0 0 0
    outer loop
   vertex 2.585 30.485 1.111
   vertex 2.585 30.485 1.376
   vertex 2.585 30.655 1.376
  endloop
 endfacet
  facet normal 0 0 0
    outer loop
   vertex 2.585 30.485 1.111
   vertex 2.585 30.655 1.376
   vertex 2.585 30.655 1.111
  endloop
 endfacet
  facet normal 0 0 0
    outer loop
   vertex 3.305 30.125 1.111
   vertex 3.305 30.125 1.376
   vertex 3.305 30.295 1.376
  endloop
 endfacet
  facet normal 0 0 0
    outer loop
   vertex 3.305 30.125 1.111
   vertex 3.305 30.295 1.376
   vertex 3.305 30.295 1.111
  endloop
 endfacet
  facet normal 0 0 0
    outer loop
   vertex 3.305 30.485 1.111
   vertex 3.305 30.485 1.376
   vertex 3.305 30.655 1.376
  endloop
 endfacet
  facet normal 0 0 0
    outer loop
   vertex 3.305 30.485 1.111
   vertex 3.305 30.655 1.376
   vertex 3.305 30.655 1.111
  endloop
 endfacet
  facet normal 0 0 0
    outer loop
   vertex 3.115 30.655 1.111
   vertex 3.115 30.655 1.376
   vertex 3.115 30.485 1.376
  endloop
 endfacet
  facet normal 0 0 0
    outer loop
   vertex 3.115 30.655 1.111
   vertex 3.115 30.485 1.376
   vertex 3.115 30.485 1.111
  endloop
 endfacet
  facet normal 0 0 0
    outer loop
   vertex 3.115 30.295 1.111
   vertex 3.115 30.295 1.376
   vertex 3.115 30.125 1.376
  endloop
 endfacet
  facet normal 0 0 0
    outer loop
   vertex 3.115 30.295 1.111
   vertex 3.115 30.125 1.376
   vertex 3.115 30.125 1.111
  endloop
 endfacet
  facet normal 0 0 0
    outer loop
   vertex 2.755 30.655 1.111
   vertex 2.755 30.655 1.376
   vertex 2.755 30.485 1.376
  endloop
 endfacet
  facet normal 0 0 0
    outer loop
   vertex 2.755 30.655 1.111
   vertex 2.755 30.485 1.376
   vertex 2.755 30.485 1.111
  endloop
 endfacet
  facet normal 0 0 0
    outer loop
   vertex 2.755 30.295 1.111
   vertex 2.755 30.295 1.376
   vertex 2.755 30.125 1.376
  endloop
 endfacet
  facet normal 0 0 0
    outer loop
   vertex 2.755 30.295 1.111
   vertex 2.755 30.125 1.376
   vertex 2.755 30.125 1.111
  endloop
 endfacet
  facet normal 0 0 0
    outer loop
   vertex 2.945 30.125 1.111
   vertex 2.945 30.125 1.376
   vertex 2.945 30.295 1.376
  endloop
 endfacet
  facet normal 0 0 0
    outer loop
   vertex 2.945 30.125 1.111
   vertex 2.945 30.295 1.376
   vertex 2.945 30.295 1.111
  endloop
 endfacet
  facet normal 0 0 0
    outer loop
   vertex 2.945 30.485 1.111
   vertex 2.945 30.485 1.376
   vertex 2.945 30.655 1.376
  endloop
 endfacet
  facet normal 0 0 0
    outer loop
   vertex 2.945 30.485 1.111
   vertex 2.945 30.655 1.376
   vertex 2.945 30.655 1.111
  endloop
 endfacet
  facet normal 0 0 0
    outer loop
   vertex 1.865 30.655 1.111
   vertex 1.865 30.655 1.376
   vertex 2.035 30.655 1.376
  endloop
 endfacet
  facet normal 0 0 0
    outer loop
   vertex 1.865 30.655 1.111
   vertex 2.035 30.655 1.376
   vertex 2.035 30.655 1.111
  endloop
 endfacet
  facet normal 0 0 0
    outer loop
   vertex 2.225 30.655 1.111
   vertex 2.225 30.655 1.376
   vertex 2.395 30.655 1.376
  endloop
 endfacet
  facet normal 0 0 0
    outer loop
   vertex 2.225 30.655 1.111
   vertex 2.395 30.655 1.376
   vertex 2.395 30.655 1.111
  endloop
 endfacet
  facet normal 0 0 0
    outer loop
   vertex 2.585 30.655 1.111
   vertex 2.585 30.655 1.376
   vertex 2.755 30.655 1.376
  endloop
 endfacet
  facet normal 0 0 0
    outer loop
   vertex 2.585 30.655 1.111
   vertex 2.755 30.655 1.376
   vertex 2.755 30.655 1.111
  endloop
 endfacet
  facet normal 0 0 0
    outer loop
   vertex 2.945 30.655 1.111
   vertex 2.945 30.655 1.376
   vertex 3.115 30.655 1.376
  endloop
 endfacet
  facet normal 0 0 0
    outer loop
   vertex 2.945 30.655 1.111
   vertex 3.115 30.655 1.376
   vertex 3.115 30.655 1.111
  endloop
 endfacet
  facet normal 0 0 0
    outer loop
   vertex 3.305 30.655 1.111
   vertex 3.305 30.655 1.376
   vertex 3.475 30.655 1.376
  endloop
 endfacet
  facet normal 0 0 0
    outer loop
   vertex 3.305 30.655 1.111
   vertex 3.475 30.655 1.376
   vertex 3.475 30.655 1.111
  endloop
 endfacet
  facet normal 0 0 0
    outer loop
   vertex 3.665 30.655 1.111
   vertex 3.665 30.655 1.376
   vertex 3.835 30.655 1.376
  endloop
 endfacet
  facet normal 0 0 0
    outer loop
   vertex 3.665 30.655 1.111
   vertex 3.835 30.655 1.376
   vertex 3.835 30.655 1.111
  endloop
 endfacet
  facet normal 0 0 0
    outer loop
   vertex 3.835 30.485 1.111
   vertex 3.835 30.485 1.376
   vertex 3.665 30.485 1.376
  endloop
 endfacet
  facet normal 0 0 0
    outer loop
   vertex 3.835 30.485 1.111
   vertex 3.665 30.485 1.376
   vertex 3.665 30.485 1.111
  endloop
 endfacet
  facet normal 0 0 0
    outer loop
   vertex 3.475 30.485 1.111
   vertex 3.475 30.485 1.376
   vertex 3.305 30.485 1.376
  endloop
 endfacet
  facet normal 0 0 0
    outer loop
   vertex 3.475 30.485 1.111
   vertex 3.305 30.485 1.376
   vertex 3.305 30.485 1.111
  endloop
 endfacet
  facet normal 0 0 0
    outer loop
   vertex 3.115 30.485 1.111
   vertex 3.115 30.485 1.376
   vertex 2.945 30.485 1.376
  endloop
 endfacet
  facet normal 0 0 0
    outer loop
   vertex 3.115 30.485 1.111
   vertex 2.945 30.485 1.376
   vertex 2.945 30.485 1.111
  endloop
 endfacet
  facet normal 0 0 0
    outer loop
   vertex 2.755 30.485 1.111
   vertex 2.755 30.485 1.376
   vertex 2.585 30.485 1.376
  endloop
 endfacet
  facet normal 0 0 0
    outer loop
   vertex 2.755 30.485 1.111
   vertex 2.585 30.485 1.376
   vertex 2.585 30.485 1.111
  endloop
 endfacet
  facet normal 0 0 0
    outer loop
   vertex 2.395 30.485 1.111
   vertex 2.395 30.485 1.376
   vertex 2.225 30.485 1.376
  endloop
 endfacet
  facet normal 0 0 0
    outer loop
   vertex 2.395 30.485 1.111
   vertex 2.225 30.485 1.376
   vertex 2.225 30.485 1.111
  endloop
 endfacet
  facet normal 0 0 0
    outer loop
   vertex 2.035 30.485 1.111
   vertex 2.035 30.485 1.376
   vertex 1.865 30.485 1.376
  endloop
 endfacet
  facet normal 0 0 0
    outer loop
   vertex 2.035 30.485 1.111
   vertex 1.865 30.485 1.376
   vertex 1.865 30.485 1.111
  endloop
 endfacet
  facet normal 0 0 0
    outer loop
   vertex 1.965 30.155 1.736
   vertex 1.815 30.155 1.736
   vertex 1.65 29.99 1.736
  endloop
 endfacet
  facet normal 0 0 0
    outer loop
   vertex 2.135 30.155 1.736
   vertex 1.965 30.305 1.736
   vertex 1.965 30.155 1.736
  endloop
 endfacet
  facet normal 0 0 0
    outer loop
   vertex 2.135 30.305 1.736
   vertex 1.965 30.305 1.736
   vertex 2.135 30.155 1.736
  endloop
 endfacet
  facet normal 0 0 0
    outer loop
   vertex 2.455 30.155 1.736
   vertex 2.285 30.305 1.736
   vertex 2.285 30.155 1.736
  endloop
 endfacet
  facet normal 0 0 0
    outer loop
   vertex 2.455 30.305 1.736
   vertex 2.285 30.305 1.736
   vertex 2.455 30.155 1.736
  endloop
 endfacet
  facet normal 0 0 0
    outer loop
   vertex 2.775 30.155 1.736
   vertex 2.605 30.305 1.736
   vertex 2.605 30.155 1.736
  endloop
 endfacet
  facet normal 0 0 0
    outer loop
   vertex 2.775 30.305 1.736
   vertex 2.605 30.305 1.736
   vertex 2.775 30.155 1.736
  endloop
 endfacet
  facet normal 0 0 0
    outer loop
   vertex 3.095 30.155 1.736
   vertex 2.925 30.305 1.736
   vertex 2.925 30.155 1.736
  endloop
 endfacet
  facet normal 0 0 0
    outer loop
   vertex 3.095 30.305 1.736
   vertex 2.925 30.305 1.736
   vertex 3.095 30.155 1.736
  endloop
 endfacet
  facet normal 0 0 0
    outer loop
   vertex 3.415 30.155 1.736
   vertex 3.245 30.305 1.736
   vertex 3.245 30.155 1.736
  endloop
 endfacet
  facet normal 0 0 0
    outer loop
   vertex 3.415 30.305 1.736
   vertex 3.245 30.305 1.736
   vertex 3.415 30.155 1.736
  endloop
 endfacet
  facet normal 0 0 0
    outer loop
   vertex 3.735 30.155 1.736
   vertex 3.565 30.305 1.736
   vertex 3.565 30.155 1.736
  endloop
 endfacet
  facet normal 0 0 0
    outer loop
   vertex 3.885 30.155 1.736
   vertex 3.735 30.155 1.736
   vertex 4.05 29.99 1.736
  endloop
 endfacet
  facet normal 0 0 0
    outer loop
   vertex 3.735 30.305 1.736
   vertex 3.565 30.305 1.736
   vertex 3.735 30.155 1.736
  endloop
 endfacet
  facet normal 0 0 0
    outer loop
   vertex 1.965 30.305 1.736
   vertex 1.815 30.475 1.736
   vertex 1.815 30.305 1.736
  endloop
 endfacet
  facet normal 0 0 0
    outer loop
   vertex 2.135 30.305 1.736
   vertex 1.965 30.475 1.736
   vertex 1.965 30.305 1.736
  endloop
 endfacet
  facet normal 0 0 0
    outer loop
   vertex 1.965 30.475 1.736
   vertex 1.815 30.475 1.736
   vertex 1.965 30.305 1.736
  endloop
 endfacet
  facet normal 0 0 0
    outer loop
   vertex 1.965 30.625 1.736
   vertex 1.65 30.79 1.736
   vertex 1.815 30.625 1.736
  endloop
 endfacet
  facet normal 0 0 0
    outer loop
   vertex 2.135 30.475 1.736
   vertex 1.965 30.625 1.736
   vertex 1.965 30.475 1.736
  endloop
 endfacet
  facet normal 0 0 0
    outer loop
   vertex 2.285 30.305 1.736
   vertex 2.135 30.475 1.736
   vertex 2.135 30.305 1.736
  endloop
 endfacet
  facet normal 0 0 0
    outer loop
   vertex 2.135 30.475 1.736
   vertex 1.965 30.475 1.736
   vertex 2.135 30.305 1.736
  endloop
 endfacet
  facet normal 0 0 0
    outer loop
   vertex 2.455 30.305 1.736
   vertex 2.285 30.475 1.736
   vertex 2.285 30.305 1.736
  endloop
 endfacet
  facet normal 0 0 0
    outer loop
   vertex 2.285 30.475 1.736
   vertex 2.135 30.475 1.736
   vertex 2.285 30.305 1.736
  endloop
 endfacet
  facet normal 0 0 0
    outer loop
   vertex 2.135 30.625 1.736
   vertex 1.965 30.625 1.736
   vertex 2.135 30.475 1.736
  endloop
 endfacet
  facet normal 0 0 0
    outer loop
   vertex 2.455 30.475 1.736
   vertex 2.285 30.625 1.736
   vertex 2.285 30.475 1.736
  endloop
 endfacet
  facet normal 0 0 0
    outer loop
   vertex 2.455 30.475 1.736
   vertex 2.285 30.475 1.736
   vertex 2.455 30.305 1.736
  endloop
 endfacet
  facet normal 0 0 0
    outer loop
   vertex 2.605 30.305 1.736
   vertex 2.455 30.475 1.736
   vertex 2.455 30.305 1.736
  endloop
 endfacet
  facet normal 0 0 0
    outer loop
   vertex 2.775 30.305 1.736
   vertex 2.605 30.475 1.736
   vertex 2.605 30.305 1.736
  endloop
 endfacet
  facet normal 0 0 0
    outer loop
   vertex 2.605 30.475 1.736
   vertex 2.455 30.475 1.736
   vertex 2.605 30.305 1.736
  endloop
 endfacet
  facet normal 0 0 0
    outer loop
   vertex 2.455 30.625 1.736
   vertex 2.285 30.625 1.736
   vertex 2.455 30.475 1.736
  endloop
 endfacet
  facet normal 0 0 0
    outer loop
   vertex 2.775 30.475 1.736
   vertex 2.605 30.625 1.736
   vertex 2.605 30.475 1.736
  endloop
 endfacet
  facet normal 0 0 0
    outer loop
   vertex 2.925 30.305 1.736
   vertex 2.775 30.475 1.736
   vertex 2.775 30.305 1.736
  endloop
 endfacet
  facet normal 0 0 0
    outer loop
   vertex 2.775 30.475 1.736
   vertex 2.605 30.475 1.736
   vertex 2.775 30.305 1.736
  endloop
 endfacet
  facet normal 0 0 0
    outer loop
   vertex 3.095 30.305 1.736
   vertex 2.925 30.475 1.736
   vertex 2.925 30.305 1.736
  endloop
 endfacet
  facet normal 0 0 0
    outer loop
   vertex 2.925 30.475 1.736
   vertex 2.775 30.475 1.736
   vertex 2.925 30.305 1.736
  endloop
 endfacet
  facet normal 0 0 0
    outer loop
   vertex 2.775 30.625 1.736
   vertex 2.605 30.625 1.736
   vertex 2.775 30.475 1.736
  endloop
 endfacet
  facet normal 0 0 0
    outer loop
   vertex 3.095 30.475 1.736
   vertex 2.925 30.625 1.736
   vertex 2.925 30.475 1.736
  endloop
 endfacet
  facet normal 0 0 0
    outer loop
   vertex 3.245 30.305 1.736
   vertex 3.095 30.475 1.736
   vertex 3.095 30.305 1.736
  endloop
 endfacet
  facet normal 0 0 0
    outer loop
   vertex 3.095 30.475 1.736
   vertex 2.925 30.475 1.736
   vertex 3.095 30.305 1.736
  endloop
 endfacet
  facet normal 0 0 0
    outer loop
   vertex 3.415 30.305 1.736
   vertex 3.245 30.475 1.736
   vertex 3.245 30.305 1.736
  endloop
 endfacet
  facet normal 0 0 0
    outer loop
   vertex 3.245 30.475 1.736
   vertex 3.095 30.475 1.736
   vertex 3.245 30.305 1.736
  endloop
 endfacet
  facet normal 0 0 0
    outer loop
   vertex 3.095 30.625 1.736
   vertex 2.925 30.625 1.736
   vertex 3.095 30.475 1.736
  endloop
 endfacet
  facet normal 0 0 0
    outer loop
   vertex 3.415 30.475 1.736
   vertex 3.245 30.625 1.736
   vertex 3.245 30.475 1.736
  endloop
 endfacet
  facet normal 0 0 0
    outer loop
   vertex 3.565 30.305 1.736
   vertex 3.415 30.475 1.736
   vertex 3.415 30.305 1.736
  endloop
 endfacet
  facet normal 0 0 0
    outer loop
   vertex 3.415 30.475 1.736
   vertex 3.245 30.475 1.736
   vertex 3.415 30.305 1.736
  endloop
 endfacet
  facet normal 0 0 0
    outer loop
   vertex 3.735 30.305 1.736
   vertex 3.565 30.475 1.736
   vertex 3.565 30.305 1.736
  endloop
 endfacet
  facet normal 0 0 0
    outer loop
   vertex 3.565 30.475 1.736
   vertex 3.415 30.475 1.736
   vertex 3.565 30.305 1.736
  endloop
 endfacet
  facet normal 0 0 0
    outer loop
   vertex 3.415 30.625 1.736
   vertex 3.245 30.625 1.736
   vertex 3.415 30.475 1.736
  endloop
 endfacet
  facet normal 0 0 0
    outer loop
   vertex 3.735 30.475 1.736
   vertex 3.565 30.625 1.736
   vertex 3.565 30.475 1.736
  endloop
 endfacet
  facet normal 0 0 0
    outer loop
   vertex 3.885 30.305 1.736
   vertex 3.735 30.475 1.736
   vertex 3.735 30.305 1.736
  endloop
 endfacet
  facet normal 0 0 0
    outer loop
   vertex 3.735 30.475 1.736
   vertex 3.565 30.475 1.736
   vertex 3.735 30.305 1.736
  endloop
 endfacet
  facet normal 0 0 0
    outer loop
   vertex 3.885 30.475 1.736
   vertex 3.735 30.475 1.736
   vertex 3.885 30.305 1.736
  endloop
 endfacet
  facet normal 0 0 0
    outer loop
   vertex 3.885 30.625 1.736
   vertex 4.05 30.79 1.736
   vertex 3.735 30.625 1.736
  endloop
 endfacet
  facet normal 0 0 0
    outer loop
   vertex 3.735 30.625 1.736
   vertex 3.565 30.625 1.736
   vertex 3.735 30.475 1.736
  endloop
 endfacet
  facet normal 0 0 0
    outer loop
   vertex 2.925 30.155 1.736
   vertex 2.775 30.155 1.736
   vertex 2.85 29.99 1.736
  endloop
 endfacet
  facet normal 0 0 0
    outer loop
   vertex 2.285 30.155 1.736
   vertex 2.135 30.155 1.736
   vertex 2.25 29.99 1.736
  endloop
 endfacet
  facet normal 0 0 0
    outer loop
   vertex 2.455 30.155 1.736
   vertex 2.285 30.155 1.736
   vertex 2.25 29.99 1.736
  endloop
 endfacet
  facet normal 0 0 0
    outer loop
   vertex 2.25 29.99 1.736
   vertex 1.965 30.155 1.736
   vertex 1.65 29.99 1.736
  endloop
 endfacet
  facet normal 0 0 0
    outer loop
   vertex 2.135 30.155 1.736
   vertex 1.965 30.155 1.736
   vertex 2.25 29.99 1.736
  endloop
 endfacet
  facet normal 0 0 0
    outer loop
   vertex 3.565 30.155 1.736
   vertex 3.415 30.155 1.736
   vertex 3.45 29.99 1.736
  endloop
 endfacet
  facet normal 0 0 0
    outer loop
   vertex 3.415 30.155 1.736
   vertex 3.245 30.155 1.736
   vertex 3.45 29.99 1.736
  endloop
 endfacet
  facet normal 0 0 0
    outer loop
   vertex 4.05 29.99 1.736
   vertex 3.735 30.155 1.736
   vertex 3.45 29.99 1.736
  endloop
 endfacet
  facet normal 0 0 0
    outer loop
   vertex 3.735 30.155 1.736
   vertex 3.565 30.155 1.736
   vertex 3.45 29.99 1.736
  endloop
 endfacet
  facet normal 0 0 0
    outer loop
   vertex 1.815 30.475 1.736
   vertex 1.65 30.39 1.736
   vertex 1.815 30.305 1.736
  endloop
 endfacet
  facet normal 0 0 0
    outer loop
   vertex 1.815 30.305 1.736
   vertex 1.65 30.39 1.736
   vertex 1.815 30.155 1.736
  endloop
 endfacet
  facet normal 0 0 0
    outer loop
   vertex 1.815 30.155 1.736
   vertex 1.65 30.39 1.736
   vertex 1.65 29.99 1.736
  endloop
 endfacet
  facet normal 0 0 0
    outer loop
   vertex 1.815 30.625 1.736
   vertex 1.65 30.79 1.736
   vertex 1.65 30.39 1.736
  endloop
 endfacet
  facet normal 0 0 0
    outer loop
   vertex 1.815 30.475 1.736
   vertex 1.815 30.625 1.736
   vertex 1.65 30.39 1.736
  endloop
 endfacet
  facet normal 0 0 0
    outer loop
   vertex 2.925 30.625 1.736
   vertex 2.85 30.79 1.736
   vertex 2.775 30.625 1.736
  endloop
 endfacet
  facet normal 0 0 0
    outer loop
   vertex 2.285 30.625 1.736
   vertex 2.25 30.79 1.736
   vertex 2.135 30.625 1.736
  endloop
 endfacet
  facet normal 0 0 0
    outer loop
   vertex 2.455 30.625 1.736
   vertex 2.25 30.79 1.736
   vertex 2.285 30.625 1.736
  endloop
 endfacet
  facet normal 0 0 0
    outer loop
   vertex 2.25 30.79 1.736
   vertex 1.65 30.79 1.736
   vertex 1.965 30.625 1.736
  endloop
 endfacet
  facet normal 0 0 0
    outer loop
   vertex 2.135 30.625 1.736
   vertex 2.25 30.79 1.736
   vertex 1.965 30.625 1.736
  endloop
 endfacet
  facet normal 0 0 0
    outer loop
   vertex 3.565 30.625 1.736
   vertex 3.45 30.79 1.736
   vertex 3.415 30.625 1.736
  endloop
 endfacet
  facet normal 0 0 0
    outer loop
   vertex 3.415 30.625 1.736
   vertex 3.45 30.79 1.736
   vertex 3.245 30.625 1.736
  endloop
 endfacet
  facet normal 0 0 0
    outer loop
   vertex 4.05 30.79 1.736
   vertex 3.45 30.79 1.736
   vertex 3.735 30.625 1.736
  endloop
 endfacet
  facet normal 0 0 0
    outer loop
   vertex 3.735 30.625 1.736
   vertex 3.45 30.79 1.736
   vertex 3.565 30.625 1.736
  endloop
 endfacet
  facet normal 0 0 0
    outer loop
   vertex 4.05 30.39 1.736
   vertex 3.885 30.475 1.736
   vertex 3.885 30.305 1.736
  endloop
 endfacet
  facet normal 0 0 0
    outer loop
   vertex 4.05 30.39 1.736
   vertex 3.885 30.155 1.736
   vertex 4.05 29.99 1.736
  endloop
 endfacet
  facet normal 0 0 0
    outer loop
   vertex 4.05 30.39 1.736
   vertex 3.885 30.305 1.736
   vertex 3.885 30.155 1.736
  endloop
 endfacet
  facet normal 0 0 0
    outer loop
   vertex 4.05 30.79 1.736
   vertex 3.885 30.625 1.736
   vertex 4.05 30.39 1.736
  endloop
 endfacet
  facet normal 0 0 0
    outer loop
   vertex 3.885 30.625 1.736
   vertex 3.885 30.475 1.736
   vertex 4.05 30.39 1.736
  endloop
 endfacet
  facet normal 0 0 0
    outer loop
   vertex 2.775 30.155 1.736
   vertex 2.605 30.155 1.736
   vertex 2.55 29.99 1.736
  endloop
 endfacet
  facet normal 0 0 0
    outer loop
   vertex 2.85 29.99 1.736
   vertex 2.775 30.155 1.736
   vertex 2.55 29.99 1.736
  endloop
 endfacet
  facet normal 0 0 0
    outer loop
   vertex 2.605 30.155 1.736
   vertex 2.455 30.155 1.736
   vertex 2.55 29.99 1.736
  endloop
 endfacet
  facet normal 0 0 0
    outer loop
   vertex 2.55 29.99 1.736
   vertex 2.455 30.155 1.736
   vertex 2.25 29.99 1.736
  endloop
 endfacet
  facet normal 0 0 0
    outer loop
   vertex 3.15 29.99 1.736
   vertex 2.925 30.155 1.736
   vertex 2.85 29.99 1.736
  endloop
 endfacet
  facet normal 0 0 0
    outer loop
   vertex 3.095 30.155 1.736
   vertex 2.925 30.155 1.736
   vertex 3.15 29.99 1.736
  endloop
 endfacet
  facet normal 0 0 0
    outer loop
   vertex 3.245 30.155 1.736
   vertex 3.095 30.155 1.736
   vertex 3.15 29.99 1.736
  endloop
 endfacet
  facet normal 0 0 0
    outer loop
   vertex 3.45 29.99 1.736
   vertex 3.245 30.155 1.736
   vertex 3.15 29.99 1.736
  endloop
 endfacet
  facet normal 0 0 0
    outer loop
   vertex 2.85 30.79 1.736
   vertex 2.55 30.79 1.736
   vertex 2.775 30.625 1.736
  endloop
 endfacet
  facet normal 0 0 0
    outer loop
   vertex 2.775 30.625 1.736
   vertex 2.55 30.79 1.736
   vertex 2.605 30.625 1.736
  endloop
 endfacet
  facet normal 0 0 0
    outer loop
   vertex 2.55 30.79 1.736
   vertex 2.25 30.79 1.736
   vertex 2.455 30.625 1.736
  endloop
 endfacet
  facet normal 0 0 0
    outer loop
   vertex 2.605 30.625 1.736
   vertex 2.55 30.79 1.736
   vertex 2.455 30.625 1.736
  endloop
 endfacet
  facet normal 0 0 0
    outer loop
   vertex 3.095 30.625 1.736
   vertex 3.15 30.79 1.736
   vertex 2.925 30.625 1.736
  endloop
 endfacet
  facet normal 0 0 0
    outer loop
   vertex 3.15 30.79 1.736
   vertex 2.85 30.79 1.736
   vertex 2.925 30.625 1.736
  endloop
 endfacet
  facet normal 0 0 0
    outer loop
   vertex 3.245 30.625 1.736
   vertex 3.15 30.79 1.736
   vertex 3.095 30.625 1.736
  endloop
 endfacet
  facet normal 0 0 0
    outer loop
   vertex 3.45 30.79 1.736
   vertex 3.15 30.79 1.736
   vertex 3.245 30.625 1.736
  endloop
 endfacet
  facet normal 0 0 0
    outer loop
   vertex 2.775 30.305 2.006
   vertex 2.775 30.475 2.006
   vertex 2.925 30.305 2.006
  endloop
 endfacet
  facet normal 0 0 0
    outer loop
   vertex 2.925 30.305 2.006
   vertex 2.775 30.475 2.006
   vertex 2.925 30.475 2.006
  endloop
 endfacet
  facet normal 0 0 0
    outer loop
   vertex 2.83 29.94 2.006
   vertex 2.775 30.155 2.006
   vertex 2.925 30.155 2.006
  endloop
 endfacet
  facet normal 0 0 0
    outer loop
   vertex 4.355 30.55 2.006
   vertex 3.81 31.1 2.006
   vertex 4.58 30.97 2.006
  endloop
 endfacet
  facet normal 0 0 0
    outer loop
   vertex 4.355 30.55 2.006
   vertex 3.885 30.625 2.006
   vertex 3.81 31.1 2.006
  endloop
 endfacet
  facet normal 0 0 0
    outer loop
   vertex 3.735 30.625 2.006
   vertex 3.81 31.1 2.006
   vertex 3.885 30.625 2.006
  endloop
 endfacet
  facet normal 0 0 0
    outer loop
   vertex 2.775 30.625 2.006
   vertex 2.85 30.964 2.006
   vertex 2.925 30.625 2.006
  endloop
 endfacet
  facet normal 0 0 0
    outer loop
   vertex 3.49 30.964 2.006
   vertex 3.65 31.554 2.006
   vertex 3.81 31.1 2.006
  endloop
 endfacet
  facet normal 0 0 0
    outer loop
   vertex 3.735 30.625 2.006
   vertex 3.49 30.964 2.006
   vertex 3.81 31.1 2.006
  endloop
 endfacet
  facet normal 0 0 0
    outer loop
   vertex 2.53 30.937 2.006
   vertex 2.85 31.311 2.006
   vertex 2.85 30.964 2.006
  endloop
 endfacet
  facet normal 0 0 0
    outer loop
   vertex 2.775 30.625 2.006
   vertex 2.53 30.937 2.006
   vertex 2.85 30.964 2.006
  endloop
 endfacet
  facet normal 0 0 0
    outer loop
   vertex 3.17 30.937 2.006
   vertex 2.85 30.964 2.006
   vertex 2.85 31.311 2.006
  endloop
 endfacet
  facet normal 0 0 0
    outer loop
   vertex 3.17 30.937 2.006
   vertex 2.85 31.311 2.006
   vertex 3.65 31.554 2.006
  endloop
 endfacet
  facet normal 0 0 0
    outer loop
   vertex 3.17 30.937 2.006
   vertex 3.65 31.554 2.006
   vertex 3.49 30.964 2.006
  endloop
 endfacet
  facet normal 0 0 0
    outer loop
   vertex 1.89 30.936 2.006
   vertex 1.08 30.97 2.006
   vertex 2.05 31.742 2.006
  endloop
 endfacet
  facet normal 0 0 0
    outer loop
   vertex 1.89 30.936 2.006
   vertex 2.05 31.742 2.006
   vertex 2.21 30.936 2.006
  endloop
 endfacet
  facet normal 0 0 0
    outer loop
   vertex 2.85 31.311 2.006
   vertex 2.05 31.742 2.006
   vertex 2.83 32 2.006
  endloop
 endfacet
  facet normal 0 0 0
    outer loop
   vertex 2.53 30.937 2.006
   vertex 2.05 31.742 2.006
   vertex 2.85 31.311 2.006
  endloop
 endfacet
  facet normal 0 0 0
    outer loop
   vertex 2.21 30.936 2.006
   vertex 2.05 31.742 2.006
   vertex 2.53 30.937 2.006
  endloop
 endfacet
  facet normal 0 0 0
    outer loop
   vertex 3.65 31.554 2.006
   vertex 2.83 32 2.006
   vertex 4.58 32 2.006
  endloop
 endfacet
  facet normal 0 0 0
    outer loop
   vertex 3.81 31.1 2.006
   vertex 3.65 31.554 2.006
   vertex 4.58 32 2.006
  endloop
 endfacet
  facet normal 0 0 0
    outer loop
   vertex 4.58 30.97 2.006
   vertex 3.81 31.1 2.006
   vertex 4.58 32 2.006
  endloop
 endfacet
  facet normal 0 0 0
    outer loop
   vertex 2.85 31.311 2.006
   vertex 2.83 32 2.006
   vertex 3.65 31.554 2.006
  endloop
 endfacet
  facet normal 0 0 0
    outer loop
   vertex 2.05 31.742 2.006
   vertex 1.08 32 2.006
   vertex 2.83 32 2.006
  endloop
 endfacet
  facet normal 0 0 0
    outer loop
   vertex 1.08 30.97 2.006
   vertex 1.08 32 2.006
   vertex 2.05 31.742 2.006
  endloop
 endfacet
  facet normal 0 0 0
    outer loop
   vertex 2.775 30.475 2.006
   vertex 2.605 30.625 2.006
   vertex 2.775 30.625 2.006
  endloop
 endfacet
  facet normal 0 0 0
    outer loop
   vertex 2.285 30.155 2.006
   vertex 2.285 30.305 2.006
   vertex 2.455 30.155 2.006
  endloop
 endfacet
  facet normal 0 0 0
    outer loop
   vertex 2.83 29.94 2.006
   vertex 2.605 30.155 2.006
   vertex 2.775 30.155 2.006
  endloop
 endfacet
  facet normal 0 0 0
    outer loop
   vertex 1.955 29.94 2.006
   vertex 1.815 30.155 2.006
   vertex 1.965 30.155 2.006
  endloop
 endfacet
  facet normal 0 0 0
    outer loop
   vertex 1.955 29.94 2.006
   vertex 1.965 30.155 2.006
   vertex 2.135 30.155 2.006
  endloop
 endfacet
  facet normal 0 0 0
    outer loop
   vertex 2.393 29.94 2.006
   vertex 2.455 30.155 2.006
   vertex 2.605 30.155 2.006
  endloop
 endfacet
  facet normal 0 0 0
    outer loop
   vertex 2.393 29.94 2.006
   vertex 2.605 30.155 2.006
   vertex 2.83 29.94 2.006
  endloop
 endfacet
  facet normal 0 0 0
    outer loop
   vertex 2.393 29.94 2.006
   vertex 2.285 30.155 2.006
   vertex 2.455 30.155 2.006
  endloop
 endfacet
  facet normal 0 0 0
    outer loop
   vertex 2.393 29.94 2.006
   vertex 2.135 30.155 2.006
   vertex 2.285 30.155 2.006
  endloop
 endfacet
  facet normal 0 0 0
    outer loop
   vertex 1.955 29.94 2.006
   vertex 2.135 30.155 2.006
   vertex 2.393 29.94 2.006
  endloop
 endfacet
  facet normal 0 0 0
    outer loop
   vertex 2.455 30.155 2.006
   vertex 2.285 30.305 2.006
   vertex 2.455 30.305 2.006
  endloop
 endfacet
  facet normal 0 0 0
    outer loop
   vertex 2.605 30.155 2.006
   vertex 2.605 30.305 2.006
   vertex 2.775 30.155 2.006
  endloop
 endfacet
  facet normal 0 0 0
    outer loop
   vertex 2.775 30.155 2.006
   vertex 2.605 30.305 2.006
   vertex 2.775 30.305 2.006
  endloop
 endfacet
  facet normal 0 0 0
    outer loop
   vertex 1.815 30.305 2.006
   vertex 1.815 30.475 2.006
   vertex 1.965 30.305 2.006
  endloop
 endfacet
  facet normal 0 0 0
    outer loop
   vertex 1.965 30.305 2.006
   vertex 1.965 30.475 2.006
   vertex 2.135 30.305 2.006
  endloop
 endfacet
  facet normal 0 0 0
    outer loop
   vertex 1.965 30.305 2.006
   vertex 1.815 30.475 2.006
   vertex 1.965 30.475 2.006
  endloop
 endfacet
  facet normal 0 0 0
    outer loop
   vertex 1.965 30.475 2.006
   vertex 1.965 30.625 2.006
   vertex 2.135 30.475 2.006
  endloop
 endfacet
  facet normal 0 0 0
    outer loop
   vertex 2.135 30.305 2.006
   vertex 1.965 30.475 2.006
   vertex 2.135 30.475 2.006
  endloop
 endfacet
  facet normal 0 0 0
    outer loop
   vertex 2.135 30.305 2.006
   vertex 2.135 30.475 2.006
   vertex 2.285 30.305 2.006
  endloop
 endfacet
  facet normal 0 0 0
    outer loop
   vertex 2.285 30.305 2.006
   vertex 2.285 30.475 2.006
   vertex 2.455 30.305 2.006
  endloop
 endfacet
  facet normal 0 0 0
    outer loop
   vertex 2.285 30.305 2.006
   vertex 2.135 30.475 2.006
   vertex 2.285 30.475 2.006
  endloop
 endfacet
  facet normal 0 0 0
    outer loop
   vertex 2.455 30.625 2.006
   vertex 2.53 30.937 2.006
   vertex 2.605 30.625 2.006
  endloop
 endfacet
  facet normal 0 0 0
    outer loop
   vertex 2.605 30.625 2.006
   vertex 2.53 30.937 2.006
   vertex 2.775 30.625 2.006
  endloop
 endfacet
  facet normal 0 0 0
    outer loop
   vertex 2.135 30.475 2.006
   vertex 1.965 30.625 2.006
   vertex 2.135 30.625 2.006
  endloop
 endfacet
  facet normal 0 0 0
    outer loop
   vertex 2.285 30.475 2.006
   vertex 2.285 30.625 2.006
   vertex 2.455 30.475 2.006
  endloop
 endfacet
  facet normal 0 0 0
    outer loop
   vertex 2.455 30.305 2.006
   vertex 2.455 30.475 2.006
   vertex 2.605 30.305 2.006
  endloop
 endfacet
  facet normal 0 0 0
    outer loop
   vertex 2.455 30.305 2.006
   vertex 2.285 30.475 2.006
   vertex 2.455 30.475 2.006
  endloop
 endfacet
  facet normal 0 0 0
    outer loop
   vertex 1.08 29.94 2.006
   vertex 1.08 30.97 2.006
   vertex 1.394 30.23 2.006
  endloop
 endfacet
  facet normal 0 0 0
    outer loop
   vertex 1.815 30.155 2.006
   vertex 1.394 30.23 2.006
   vertex 1.815 30.305 2.006
  endloop
 endfacet
  facet normal 0 0 0
    outer loop
   vertex 1.08 29.94 2.006
   vertex 1.394 30.23 2.006
   vertex 1.955 29.94 2.006
  endloop
 endfacet
  facet normal 0 0 0
    outer loop
   vertex 1.955 29.94 2.006
   vertex 1.394 30.23 2.006
   vertex 1.815 30.155 2.006
  endloop
 endfacet
  facet normal 0 0 0
    outer loop
   vertex 2.135 30.625 2.006
   vertex 2.21 30.936 2.006
   vertex 2.285 30.625 2.006
  endloop
 endfacet
  facet normal 0 0 0
    outer loop
   vertex 2.285 30.625 2.006
   vertex 2.21 30.936 2.006
   vertex 2.455 30.625 2.006
  endloop
 endfacet
  facet normal 0 0 0
    outer loop
   vertex 2.455 30.625 2.006
   vertex 2.21 30.936 2.006
   vertex 2.53 30.937 2.006
  endloop
 endfacet
  facet normal 0 0 0
    outer loop
   vertex 1.394 30.23 2.006
   vertex 1.08 30.97 2.006
   vertex 1.49 30.55 2.006
  endloop
 endfacet
  facet normal 0 0 0
    outer loop
   vertex 1.815 30.475 2.006
   vertex 1.49 30.55 2.006
   vertex 1.815 30.625 2.006
  endloop
 endfacet
  facet normal 0 0 0
    outer loop
   vertex 1.815 30.305 2.006
   vertex 1.49 30.55 2.006
   vertex 1.815 30.475 2.006
  endloop
 endfacet
  facet normal 0 0 0
    outer loop
   vertex 1.394 30.23 2.006
   vertex 1.49 30.55 2.006
   vertex 1.815 30.305 2.006
  endloop
 endfacet
  facet normal 0 0 0
    outer loop
   vertex 1.49 30.55 2.006
   vertex 1.08 30.97 2.006
   vertex 1.89 30.936 2.006
  endloop
 endfacet
  facet normal 0 0 0
    outer loop
   vertex 1.49 30.55 2.006
   vertex 1.89 30.936 2.006
   vertex 1.815 30.625 2.006
  endloop
 endfacet
  facet normal 0 0 0
    outer loop
   vertex 1.815 30.625 2.006
   vertex 1.89 30.936 2.006
   vertex 1.965 30.625 2.006
  endloop
 endfacet
  facet normal 0 0 0
    outer loop
   vertex 2.135 30.625 2.006
   vertex 1.89 30.936 2.006
   vertex 2.21 30.936 2.006
  endloop
 endfacet
  facet normal 0 0 0
    outer loop
   vertex 1.965 30.625 2.006
   vertex 1.89 30.936 2.006
   vertex 2.135 30.625 2.006
  endloop
 endfacet
  facet normal 0 0 0
    outer loop
   vertex 2.605 30.305 2.006
   vertex 2.605 30.475 2.006
   vertex 2.775 30.305 2.006
  endloop
 endfacet
  facet normal 0 0 0
    outer loop
   vertex 2.605 30.305 2.006
   vertex 2.455 30.475 2.006
   vertex 2.605 30.475 2.006
  endloop
 endfacet
  facet normal 0 0 0
    outer loop
   vertex 2.455 30.475 2.006
   vertex 2.285 30.625 2.006
   vertex 2.455 30.625 2.006
  endloop
 endfacet
  facet normal 0 0 0
    outer loop
   vertex 2.605 30.475 2.006
   vertex 2.605 30.625 2.006
   vertex 2.775 30.475 2.006
  endloop
 endfacet
  facet normal 0 0 0
    outer loop
   vertex 2.775 30.305 2.006
   vertex 2.605 30.475 2.006
   vertex 2.775 30.475 2.006
  endloop
 endfacet
  facet normal 0 0 0
    outer loop
   vertex 1.965 30.155 2.006
   vertex 1.965 30.305 2.006
   vertex 2.135 30.155 2.006
  endloop
 endfacet
  facet normal 0 0 0
    outer loop
   vertex 2.135 30.155 2.006
   vertex 1.965 30.305 2.006
   vertex 2.135 30.305 2.006
  endloop
 endfacet
  facet normal 0 0 0
    outer loop
   vertex 4.223 30.23 2.006
   vertex 3.885 30.305 2.006
   vertex 3.885 30.475 2.006
  endloop
 endfacet
  facet normal 0 0 0
    outer loop
   vertex 4.223 30.23 2.006
   vertex 3.885 30.475 2.006
   vertex 4.355 30.55 2.006
  endloop
 endfacet
  facet normal 0 0 0
    outer loop
   vertex 3.245 30.305 2.006
   vertex 3.095 30.475 2.006
   vertex 3.245 30.475 2.006
  endloop
 endfacet
  facet normal 0 0 0
    outer loop
   vertex 3.095 30.475 2.006
   vertex 2.925 30.625 2.006
   vertex 3.095 30.625 2.006
  endloop
 endfacet
  facet normal 0 0 0
    outer loop
   vertex 3.245 30.475 2.006
   vertex 3.245 30.625 2.006
   vertex 3.415 30.475 2.006
  endloop
 endfacet
  facet normal 0 0 0
    outer loop
   vertex 3.415 30.305 2.006
   vertex 3.415 30.475 2.006
   vertex 3.565 30.305 2.006
  endloop
 endfacet
  facet normal 0 0 0
    outer loop
   vertex 3.415 30.305 2.006
   vertex 3.245 30.475 2.006
   vertex 3.415 30.475 2.006
  endloop
 endfacet
  facet normal 0 0 0
    outer loop
   vertex 3.565 30.305 2.006
   vertex 3.565 30.475 2.006
   vertex 3.735 30.305 2.006
  endloop
 endfacet
  facet normal 0 0 0
    outer loop
   vertex 3.415 30.625 2.006
   vertex 3.49 30.964 2.006
   vertex 3.565 30.625 2.006
  endloop
 endfacet
  facet normal 0 0 0
    outer loop
   vertex 3.565 30.305 2.006
   vertex 3.415 30.475 2.006
   vertex 3.565 30.475 2.006
  endloop
 endfacet
  facet normal 0 0 0
    outer loop
   vertex 3.565 30.625 2.006
   vertex 3.49 30.964 2.006
   vertex 3.735 30.625 2.006
  endloop
 endfacet
  facet normal 0 0 0
    outer loop
   vertex 3.415 30.475 2.006
   vertex 3.245 30.625 2.006
   vertex 3.415 30.625 2.006
  endloop
 endfacet
  facet normal 0 0 0
    outer loop
   vertex 3.565 30.475 2.006
   vertex 3.565 30.625 2.006
   vertex 3.735 30.475 2.006
  endloop
 endfacet
  facet normal 0 0 0
    outer loop
   vertex 3.735 30.305 2.006
   vertex 3.735 30.475 2.006
   vertex 3.885 30.305 2.006
  endloop
 endfacet
  facet normal 0 0 0
    outer loop
   vertex 3.735 30.305 2.006
   vertex 3.565 30.475 2.006
   vertex 3.735 30.475 2.006
  endloop
 endfacet
  facet normal 0 0 0
    outer loop
   vertex 3.885 30.305 2.006
   vertex 3.735 30.475 2.006
   vertex 3.885 30.475 2.006
  endloop
 endfacet
  facet normal 0 0 0
    outer loop
   vertex 3.095 30.625 2.006
   vertex 3.17 30.937 2.006
   vertex 3.245 30.625 2.006
  endloop
 endfacet
  facet normal 0 0 0
    outer loop
   vertex 3.735 30.475 2.006
   vertex 3.565 30.625 2.006
   vertex 3.735 30.625 2.006
  endloop
 endfacet
  facet normal 0 0 0
    outer loop
   vertex 3.245 30.625 2.006
   vertex 3.17 30.937 2.006
   vertex 3.415 30.625 2.006
  endloop
 endfacet
  facet normal 0 0 0
    outer loop
   vertex 3.415 30.625 2.006
   vertex 3.17 30.937 2.006
   vertex 3.49 30.964 2.006
  endloop
 endfacet
  facet normal 0 0 0
    outer loop
   vertex 2.925 30.625 2.006
   vertex 2.85 30.964 2.006
   vertex 3.17 30.937 2.006
  endloop
 endfacet
  facet normal 0 0 0
    outer loop
   vertex 2.925 30.625 2.006
   vertex 3.17 30.937 2.006
   vertex 3.095 30.625 2.006
  endloop
 endfacet
  facet normal 0 0 0
    outer loop
   vertex 3.245 30.155 2.006
   vertex 3.245 30.305 2.006
   vertex 3.415 30.155 2.006
  endloop
 endfacet
  facet normal 0 0 0
    outer loop
   vertex 3.415 30.155 2.006
   vertex 3.245 30.305 2.006
   vertex 3.415 30.305 2.006
  endloop
 endfacet
  facet normal 0 0 0
    outer loop
   vertex 2.83 29.94 2.006
   vertex 2.925 30.155 2.006
   vertex 3.095 30.155 2.006
  endloop
 endfacet
  facet normal 0 0 0
    outer loop
   vertex 3.705 29.94 2.006
   vertex 3.885 30.155 2.006
   vertex 4.58 29.94 2.006
  endloop
 endfacet
  facet normal 0 0 0
    outer loop
   vertex 3.705 29.94 2.006
   vertex 3.735 30.155 2.006
   vertex 3.885 30.155 2.006
  endloop
 endfacet
  facet normal 0 0 0
    outer loop
   vertex 3.705 29.94 2.006
   vertex 3.565 30.155 2.006
   vertex 3.735 30.155 2.006
  endloop
 endfacet
  facet normal 0 0 0
    outer loop
   vertex 3.705 29.94 2.006
   vertex 3.415 30.155 2.006
   vertex 3.565 30.155 2.006
  endloop
 endfacet
  facet normal 0 0 0
    outer loop
   vertex 3.565 30.155 2.006
   vertex 3.565 30.305 2.006
   vertex 3.735 30.155 2.006
  endloop
 endfacet
  facet normal 0 0 0
    outer loop
   vertex 3.735 30.155 2.006
   vertex 3.565 30.305 2.006
   vertex 3.735 30.305 2.006
  endloop
 endfacet
  facet normal 0 0 0
    outer loop
   vertex 2.83 29.94 2.006
   vertex 3.095 30.155 2.006
   vertex 3.268 29.94 2.006
  endloop
 endfacet
  facet normal 0 0 0
    outer loop
   vertex 3.268 29.94 2.006
   vertex 3.095 30.155 2.006
   vertex 3.245 30.155 2.006
  endloop
 endfacet
  facet normal 0 0 0
    outer loop
   vertex 3.268 29.94 2.006
   vertex 3.245 30.155 2.006
   vertex 3.415 30.155 2.006
  endloop
 endfacet
  facet normal 0 0 0
    outer loop
   vertex 3.268 29.94 2.006
   vertex 3.415 30.155 2.006
   vertex 3.705 29.94 2.006
  endloop
 endfacet
  facet normal 0 0 0
    outer loop
   vertex 2.925 30.305 2.006
   vertex 2.925 30.475 2.006
   vertex 3.095 30.305 2.006
  endloop
 endfacet
  facet normal 0 0 0
    outer loop
   vertex 2.925 30.155 2.006
   vertex 2.925 30.305 2.006
   vertex 3.095 30.155 2.006
  endloop
 endfacet
  facet normal 0 0 0
    outer loop
   vertex 3.095 30.155 2.006
   vertex 2.925 30.305 2.006
   vertex 3.095 30.305 2.006
  endloop
 endfacet
  facet normal 0 0 0
    outer loop
   vertex 2.925 30.475 2.006
   vertex 2.925 30.625 2.006
   vertex 3.095 30.475 2.006
  endloop
 endfacet
  facet normal 0 0 0
    outer loop
   vertex 3.095 30.305 2.006
   vertex 3.095 30.475 2.006
   vertex 3.245 30.305 2.006
  endloop
 endfacet
  facet normal 0 0 0
    outer loop
   vertex 4.58 29.94 2.006
   vertex 4.355 30.55 2.006
   vertex 4.58 30.97 2.006
  endloop
 endfacet
  facet normal 0 0 0
    outer loop
   vertex 3.885 30.475 2.006
   vertex 3.885 30.625 2.006
   vertex 4.355 30.55 2.006
  endloop
 endfacet
  facet normal 0 0 0
    outer loop
   vertex 3.095 30.305 2.006
   vertex 2.925 30.475 2.006
   vertex 3.095 30.475 2.006
  endloop
 endfacet
  facet normal 0 0 0
    outer loop
   vertex 3.245 30.305 2.006
   vertex 3.245 30.475 2.006
   vertex 3.415 30.305 2.006
  endloop
 endfacet
  facet normal 0 0 0
    outer loop
   vertex 4.58 29.94 2.006
   vertex 4.223 30.23 2.006
   vertex 4.355 30.55 2.006
  endloop
 endfacet
  facet normal 0 0 0
    outer loop
   vertex 4.58 29.94 2.006
   vertex 3.885 30.155 2.006
   vertex 4.223 30.23 2.006
  endloop
 endfacet
  facet normal 0 0 0
    outer loop
   vertex 3.885 30.155 2.006
   vertex 3.885 30.305 2.006
   vertex 4.223 30.23 2.006
  endloop
 endfacet
  facet normal 0 0 0
    outer loop
   vertex 3.885 30.625 1.736
   vertex 3.885 30.625 2.006
   vertex 3.885 30.475 2.006
  endloop
 endfacet
  facet normal 0 0 0
    outer loop
   vertex 3.885 30.625 1.736
   vertex 3.885 30.475 2.006
   vertex 3.885 30.475 1.736
  endloop
 endfacet
  facet normal 0 0 0
    outer loop
   vertex 3.885 30.305 1.736
   vertex 3.885 30.305 2.006
   vertex 3.885 30.155 2.006
  endloop
 endfacet
  facet normal 0 0 0
    outer loop
   vertex 3.885 30.305 1.736
   vertex 3.885 30.155 2.006
   vertex 3.885 30.155 1.736
  endloop
 endfacet
  facet normal 0 0 0
    outer loop
   vertex 1.815 30.305 1.736
   vertex 1.815 30.305 2.006
   vertex 1.965 30.305 2.006
  endloop
 endfacet
  facet normal 0 0 0
    outer loop
   vertex 1.815 30.305 1.736
   vertex 1.965 30.305 2.006
   vertex 1.965 30.305 1.736
  endloop
 endfacet
  facet normal 0 0 0
    outer loop
   vertex 2.135 30.305 1.736
   vertex 2.135 30.305 2.006
   vertex 2.285 30.305 2.006
  endloop
 endfacet
  facet normal 0 0 0
    outer loop
   vertex 2.135 30.305 1.736
   vertex 2.285 30.305 2.006
   vertex 2.285 30.305 1.736
  endloop
 endfacet
  facet normal 0 0 0
    outer loop
   vertex 2.455 30.305 1.736
   vertex 2.455 30.305 2.006
   vertex 2.605 30.305 2.006
  endloop
 endfacet
  facet normal 0 0 0
    outer loop
   vertex 2.455 30.305 1.736
   vertex 2.605 30.305 2.006
   vertex 2.605 30.305 1.736
  endloop
 endfacet
  facet normal 0 0 0
    outer loop
   vertex 2.775 30.305 1.736
   vertex 2.775 30.305 2.006
   vertex 2.925 30.305 2.006
  endloop
 endfacet
  facet normal 0 0 0
    outer loop
   vertex 2.775 30.305 1.736
   vertex 2.925 30.305 2.006
   vertex 2.925 30.305 1.736
  endloop
 endfacet
  facet normal 0 0 0
    outer loop
   vertex 3.095 30.305 1.736
   vertex 3.095 30.305 2.006
   vertex 3.245 30.305 2.006
  endloop
 endfacet
  facet normal 0 0 0
    outer loop
   vertex 3.095 30.305 1.736
   vertex 3.245 30.305 2.006
   vertex 3.245 30.305 1.736
  endloop
 endfacet
  facet normal 0 0 0
    outer loop
   vertex 3.415 30.305 1.736
   vertex 3.415 30.305 2.006
   vertex 3.565 30.305 2.006
  endloop
 endfacet
  facet normal 0 0 0
    outer loop
   vertex 3.415 30.305 1.736
   vertex 3.565 30.305 2.006
   vertex 3.565 30.305 1.736
  endloop
 endfacet
  facet normal 0 0 0
    outer loop
   vertex 3.735 30.305 1.736
   vertex 3.735 30.305 2.006
   vertex 3.885 30.305 2.006
  endloop
 endfacet
  facet normal 0 0 0
    outer loop
   vertex 3.735 30.305 1.736
   vertex 3.885 30.305 2.006
   vertex 3.885 30.305 1.736
  endloop
 endfacet
  facet normal 0 0 0
    outer loop
   vertex 3.885 30.155 1.736
   vertex 3.885 30.155 2.006
   vertex 3.735 30.155 2.006
  endloop
 endfacet
  facet normal 0 0 0
    outer loop
   vertex 3.885 30.155 1.736
   vertex 3.735 30.155 2.006
   vertex 3.735 30.155 1.736
  endloop
 endfacet
  facet normal 0 0 0
    outer loop
   vertex 3.565 30.155 1.736
   vertex 3.565 30.155 2.006
   vertex 3.415 30.155 2.006
  endloop
 endfacet
  facet normal 0 0 0
    outer loop
   vertex 3.565 30.155 1.736
   vertex 3.415 30.155 2.006
   vertex 3.415 30.155 1.736
  endloop
 endfacet
  facet normal 0 0 0
    outer loop
   vertex 3.245 30.155 1.736
   vertex 3.245 30.155 2.006
   vertex 3.095 30.155 2.006
  endloop
 endfacet
  facet normal 0 0 0
    outer loop
   vertex 3.245 30.155 1.736
   vertex 3.095 30.155 2.006
   vertex 3.095 30.155 1.736
  endloop
 endfacet
  facet normal 0 0 0
    outer loop
   vertex 2.925 30.155 1.736
   vertex 2.925 30.155 2.006
   vertex 2.775 30.155 2.006
  endloop
 endfacet
  facet normal 0 0 0
    outer loop
   vertex 2.925 30.155 1.736
   vertex 2.775 30.155 2.006
   vertex 2.775 30.155 1.736
  endloop
 endfacet
  facet normal 0 0 0
    outer loop
   vertex 2.605 30.155 1.736
   vertex 2.605 30.155 2.006
   vertex 2.455 30.155 2.006
  endloop
 endfacet
  facet normal 0 0 0
    outer loop
   vertex 2.605 30.155 1.736
   vertex 2.455 30.155 2.006
   vertex 2.455 30.155 1.736
  endloop
 endfacet
  facet normal 0 0 0
    outer loop
   vertex 2.285 30.155 1.736
   vertex 2.285 30.155 2.006
   vertex 2.135 30.155 2.006
  endloop
 endfacet
  facet normal 0 0 0
    outer loop
   vertex 2.285 30.155 1.736
   vertex 2.135 30.155 2.006
   vertex 2.135 30.155 1.736
  endloop
 endfacet
  facet normal 0 0 0
    outer loop
   vertex 1.965 30.155 1.736
   vertex 1.965 30.155 2.006
   vertex 1.815 30.155 2.006
  endloop
 endfacet
  facet normal 0 0 0
    outer loop
   vertex 1.965 30.155 1.736
   vertex 1.815 30.155 2.006
   vertex 1.815 30.155 1.736
  endloop
 endfacet
  facet normal 0 0 0
    outer loop
   vertex 1.815 30.155 1.736
   vertex 1.815 30.155 2.006
   vertex 1.815 30.305 2.006
  endloop
 endfacet
  facet normal 0 0 0
    outer loop
   vertex 1.815 30.155 1.736
   vertex 1.815 30.305 2.006
   vertex 1.815 30.305 1.736
  endloop
 endfacet
  facet normal 0 0 0
    outer loop
   vertex 1.815 30.475 1.736
   vertex 1.815 30.475 2.006
   vertex 1.815 30.625 2.006
  endloop
 endfacet
  facet normal 0 0 0
    outer loop
   vertex 1.815 30.475 1.736
   vertex 1.815 30.625 2.006
   vertex 1.815 30.625 1.736
  endloop
 endfacet
  facet normal 0 0 0
    outer loop
   vertex 1.965 30.625 1.736
   vertex 1.965 30.625 2.006
   vertex 1.965 30.475 2.006
  endloop
 endfacet
  facet normal 0 0 0
    outer loop
   vertex 1.965 30.625 1.736
   vertex 1.965 30.475 2.006
   vertex 1.965 30.475 1.736
  endloop
 endfacet
  facet normal 0 0 0
    outer loop
   vertex 1.965 30.305 1.736
   vertex 1.965 30.305 2.006
   vertex 1.965 30.155 2.006
  endloop
 endfacet
  facet normal 0 0 0
    outer loop
   vertex 1.965 30.305 1.736
   vertex 1.965 30.155 2.006
   vertex 1.965 30.155 1.736
  endloop
 endfacet
  facet normal 0 0 0
    outer loop
   vertex 3.735 30.155 1.736
   vertex 3.735 30.155 2.006
   vertex 3.735 30.305 2.006
  endloop
 endfacet
  facet normal 0 0 0
    outer loop
   vertex 3.735 30.155 1.736
   vertex 3.735 30.305 2.006
   vertex 3.735 30.305 1.736
  endloop
 endfacet
  facet normal 0 0 0
    outer loop
   vertex 3.735 30.475 1.736
   vertex 3.735 30.475 2.006
   vertex 3.735 30.625 2.006
  endloop
 endfacet
  facet normal 0 0 0
    outer loop
   vertex 3.735 30.475 1.736
   vertex 3.735 30.625 2.006
   vertex 3.735 30.625 1.736
  endloop
 endfacet
  facet normal 0 0 0
    outer loop
   vertex 2.135 30.155 1.736
   vertex 2.135 30.155 2.006
   vertex 2.135 30.305 2.006
  endloop
 endfacet
  facet normal 0 0 0
    outer loop
   vertex 2.135 30.155 1.736
   vertex 2.135 30.305 2.006
   vertex 2.135 30.305 1.736
  endloop
 endfacet
  facet normal 0 0 0
    outer loop
   vertex 2.135 30.475 1.736
   vertex 2.135 30.475 2.006
   vertex 2.135 30.625 2.006
  endloop
 endfacet
  facet normal 0 0 0
    outer loop
   vertex 2.135 30.475 1.736
   vertex 2.135 30.625 2.006
   vertex 2.135 30.625 1.736
  endloop
 endfacet
  facet normal 0 0 0
    outer loop
   vertex 3.565 30.625 1.736
   vertex 3.565 30.625 2.006
   vertex 3.565 30.475 2.006
  endloop
 endfacet
  facet normal 0 0 0
    outer loop
   vertex 3.565 30.625 1.736
   vertex 3.565 30.475 2.006
   vertex 3.565 30.475 1.736
  endloop
 endfacet
  facet normal 0 0 0
    outer loop
   vertex 3.565 30.305 1.736
   vertex 3.565 30.305 2.006
   vertex 3.565 30.155 2.006
  endloop
 endfacet
  facet normal 0 0 0
    outer loop
   vertex 3.565 30.305 1.736
   vertex 3.565 30.155 2.006
   vertex 3.565 30.155 1.736
  endloop
 endfacet
  facet normal 0 0 0
    outer loop
   vertex 2.285 30.625 1.736
   vertex 2.285 30.625 2.006
   vertex 2.285 30.475 2.006
  endloop
 endfacet
  facet normal 0 0 0
    outer loop
   vertex 2.285 30.625 1.736
   vertex 2.285 30.475 2.006
   vertex 2.285 30.475 1.736
  endloop
 endfacet
  facet normal 0 0 0
    outer loop
   vertex 2.285 30.305 1.736
   vertex 2.285 30.305 2.006
   vertex 2.285 30.155 2.006
  endloop
 endfacet
  facet normal 0 0 0
    outer loop
   vertex 2.285 30.305 1.736
   vertex 2.285 30.155 2.006
   vertex 2.285 30.155 1.736
  endloop
 endfacet
  facet normal 0 0 0
    outer loop
   vertex 3.415 30.155 1.736
   vertex 3.415 30.155 2.006
   vertex 3.415 30.305 2.006
  endloop
 endfacet
  facet normal 0 0 0
    outer loop
   vertex 3.415 30.155 1.736
   vertex 3.415 30.305 2.006
   vertex 3.415 30.305 1.736
  endloop
 endfacet
  facet normal 0 0 0
    outer loop
   vertex 3.415 30.475 1.736
   vertex 3.415 30.475 2.006
   vertex 3.415 30.625 2.006
  endloop
 endfacet
  facet normal 0 0 0
    outer loop
   vertex 3.415 30.475 1.736
   vertex 3.415 30.625 2.006
   vertex 3.415 30.625 1.736
  endloop
 endfacet
  facet normal 0 0 0
    outer loop
   vertex 2.455 30.155 1.736
   vertex 2.455 30.155 2.006
   vertex 2.455 30.305 2.006
  endloop
 endfacet
  facet normal 0 0 0
    outer loop
   vertex 2.455 30.155 1.736
   vertex 2.455 30.305 2.006
   vertex 2.455 30.305 1.736
  endloop
 endfacet
  facet normal 0 0 0
    outer loop
   vertex 2.455 30.475 1.736
   vertex 2.455 30.475 2.006
   vertex 2.455 30.625 2.006
  endloop
 endfacet
  facet normal 0 0 0
    outer loop
   vertex 2.455 30.475 1.736
   vertex 2.455 30.625 2.006
   vertex 2.455 30.625 1.736
  endloop
 endfacet
  facet normal 0 0 0
    outer loop
   vertex 3.245 30.625 1.736
   vertex 3.245 30.625 2.006
   vertex 3.245 30.475 2.006
  endloop
 endfacet
  facet normal 0 0 0
    outer loop
   vertex 3.245 30.625 1.736
   vertex 3.245 30.475 2.006
   vertex 3.245 30.475 1.736
  endloop
 endfacet
  facet normal 0 0 0
    outer loop
   vertex 3.245 30.305 1.736
   vertex 3.245 30.305 2.006
   vertex 3.245 30.155 2.006
  endloop
 endfacet
  facet normal 0 0 0
    outer loop
   vertex 3.245 30.305 1.736
   vertex 3.245 30.155 2.006
   vertex 3.245 30.155 1.736
  endloop
 endfacet
  facet normal 0 0 0
    outer loop
   vertex 2.605 30.625 1.736
   vertex 2.605 30.625 2.006
   vertex 2.605 30.475 2.006
  endloop
 endfacet
  facet normal 0 0 0
    outer loop
   vertex 2.605 30.625 1.736
   vertex 2.605 30.475 2.006
   vertex 2.605 30.475 1.736
  endloop
 endfacet
  facet normal 0 0 0
    outer loop
   vertex 2.605 30.305 1.736
   vertex 2.605 30.305 2.006
   vertex 2.605 30.155 2.006
  endloop
 endfacet
  facet normal 0 0 0
    outer loop
   vertex 2.605 30.305 1.736
   vertex 2.605 30.155 2.006
   vertex 2.605 30.155 1.736
  endloop
 endfacet
  facet normal 0 0 0
    outer loop
   vertex 2.775 30.155 1.736
   vertex 2.775 30.155 2.006
   vertex 2.775 30.305 2.006
  endloop
 endfacet
  facet normal 0 0 0
    outer loop
   vertex 2.775 30.155 1.736
   vertex 2.775 30.305 2.006
   vertex 2.775 30.305 1.736
  endloop
 endfacet
  facet normal 0 0 0
    outer loop
   vertex 2.775 30.475 1.736
   vertex 2.775 30.475 2.006
   vertex 2.775 30.625 2.006
  endloop
 endfacet
  facet normal 0 0 0
    outer loop
   vertex 2.775 30.475 1.736
   vertex 2.775 30.625 2.006
   vertex 2.775 30.625 1.736
  endloop
 endfacet
  facet normal 0 0 0
    outer loop
   vertex 3.095 30.155 1.736
   vertex 3.095 30.155 2.006
   vertex 3.095 30.305 2.006
  endloop
 endfacet
  facet normal 0 0 0
    outer loop
   vertex 3.095 30.155 1.736
   vertex 3.095 30.305 2.006
   vertex 3.095 30.305 1.736
  endloop
 endfacet
  facet normal 0 0 0
    outer loop
   vertex 3.095 30.475 1.736
   vertex 3.095 30.475 2.006
   vertex 3.095 30.625 2.006
  endloop
 endfacet
  facet normal 0 0 0
    outer loop
   vertex 3.095 30.475 1.736
   vertex 3.095 30.625 2.006
   vertex 3.095 30.625 1.736
  endloop
 endfacet
  facet normal 0 0 0
    outer loop
   vertex 2.925 30.625 1.736
   vertex 2.925 30.625 2.006
   vertex 2.925 30.475 2.006
  endloop
 endfacet
  facet normal 0 0 0
    outer loop
   vertex 2.925 30.625 1.736
   vertex 2.925 30.475 2.006
   vertex 2.925 30.475 1.736
  endloop
 endfacet
  facet normal 0 0 0
    outer loop
   vertex 2.925 30.305 1.736
   vertex 2.925 30.305 2.006
   vertex 2.925 30.155 2.006
  endloop
 endfacet
  facet normal 0 0 0
    outer loop
   vertex 2.925 30.305 1.736
   vertex 2.925 30.155 2.006
   vertex 2.925 30.155 1.736
  endloop
 endfacet
  facet normal 0 0 0
    outer loop
   vertex 3.885 30.475 1.736
   vertex 3.885 30.475 2.006
   vertex 3.735 30.475 2.006
  endloop
 endfacet
  facet normal 0 0 0
    outer loop
   vertex 3.885 30.475 1.736
   vertex 3.735 30.475 2.006
   vertex 3.735 30.475 1.736
  endloop
 endfacet
  facet normal 0 0 0
    outer loop
   vertex 3.565 30.475 1.736
   vertex 3.565 30.475 2.006
   vertex 3.415 30.475 2.006
  endloop
 endfacet
  facet normal 0 0 0
    outer loop
   vertex 3.565 30.475 1.736
   vertex 3.415 30.475 2.006
   vertex 3.415 30.475 1.736
  endloop
 endfacet
  facet normal 0 0 0
    outer loop
   vertex 3.245 30.475 1.736
   vertex 3.245 30.475 2.006
   vertex 3.095 30.475 2.006
  endloop
 endfacet
  facet normal 0 0 0
    outer loop
   vertex 3.245 30.475 1.736
   vertex 3.095 30.475 2.006
   vertex 3.095 30.475 1.736
  endloop
 endfacet
  facet normal 0 0 0
    outer loop
   vertex 2.925 30.475 1.736
   vertex 2.925 30.475 2.006
   vertex 2.775 30.475 2.006
  endloop
 endfacet
  facet normal 0 0 0
    outer loop
   vertex 2.925 30.475 1.736
   vertex 2.775 30.475 2.006
   vertex 2.775 30.475 1.736
  endloop
 endfacet
  facet normal 0 0 0
    outer loop
   vertex 2.605 30.475 1.736
   vertex 2.605 30.475 2.006
   vertex 2.455 30.475 2.006
  endloop
 endfacet
  facet normal 0 0 0
    outer loop
   vertex 2.605 30.475 1.736
   vertex 2.455 30.475 2.006
   vertex 2.455 30.475 1.736
  endloop
 endfacet
  facet normal 0 0 0
    outer loop
   vertex 2.285 30.475 1.736
   vertex 2.285 30.475 2.006
   vertex 2.135 30.475 2.006
  endloop
 endfacet
  facet normal 0 0 0
    outer loop
   vertex 2.285 30.475 1.736
   vertex 2.135 30.475 2.006
   vertex 2.135 30.475 1.736
  endloop
 endfacet
  facet normal 0 0 0
    outer loop
   vertex 1.965 30.475 1.736
   vertex 1.965 30.475 2.006
   vertex 1.815 30.475 2.006
  endloop
 endfacet
  facet normal 0 0 0
    outer loop
   vertex 1.965 30.475 1.736
   vertex 1.815 30.475 2.006
   vertex 1.815 30.475 1.736
  endloop
 endfacet
  facet normal 0 0 0
    outer loop
   vertex 1.815 30.625 1.736
   vertex 1.815 30.625 2.006
   vertex 1.965 30.625 2.006
  endloop
 endfacet
  facet normal 0 0 0
    outer loop
   vertex 1.815 30.625 1.736
   vertex 1.965 30.625 2.006
   vertex 1.965 30.625 1.736
  endloop
 endfacet
  facet normal 0 0 0
    outer loop
   vertex 2.135 30.625 1.736
   vertex 2.135 30.625 2.006
   vertex 2.285 30.625 2.006
  endloop
 endfacet
  facet normal 0 0 0
    outer loop
   vertex 2.135 30.625 1.736
   vertex 2.285 30.625 2.006
   vertex 2.285 30.625 1.736
  endloop
 endfacet
  facet normal 0 0 0
    outer loop
   vertex 2.455 30.625 1.736
   vertex 2.455 30.625 2.006
   vertex 2.605 30.625 2.006
  endloop
 endfacet
  facet normal 0 0 0
    outer loop
   vertex 2.455 30.625 1.736
   vertex 2.605 30.625 2.006
   vertex 2.605 30.625 1.736
  endloop
 endfacet
  facet normal 0 0 0
    outer loop
   vertex 2.775 30.625 1.736
   vertex 2.775 30.625 2.006
   vertex 2.925 30.625 2.006
  endloop
 endfacet
  facet normal 0 0 0
    outer loop
   vertex 2.775 30.625 1.736
   vertex 2.925 30.625 2.006
   vertex 2.925 30.625 1.736
  endloop
 endfacet
  facet normal 0 0 0
    outer loop
   vertex 3.095 30.625 1.736
   vertex 3.095 30.625 2.006
   vertex 3.245 30.625 2.006
  endloop
 endfacet
  facet normal 0 0 0
    outer loop
   vertex 3.095 30.625 1.736
   vertex 3.245 30.625 2.006
   vertex 3.245 30.625 1.736
  endloop
 endfacet
  facet normal 0 0 0
    outer loop
   vertex 3.415 30.625 1.736
   vertex 3.415 30.625 2.006
   vertex 3.565 30.625 2.006
  endloop
 endfacet
  facet normal 0 0 0
    outer loop
   vertex 3.415 30.625 1.736
   vertex 3.565 30.625 2.006
   vertex 3.565 30.625 1.736
  endloop
 endfacet
  facet normal 0 0 0
    outer loop
   vertex 3.735 30.625 1.736
   vertex 3.735 30.625 2.006
   vertex 3.885 30.625 2.006
  endloop
 endfacet
  facet normal 0 0 0
    outer loop
   vertex 3.735 30.625 1.736
   vertex 3.885 30.625 2.006
   vertex 3.885 30.625 1.736
  endloop
 endfacet
  facet normal 0 0 0
    outer loop
   vertex 4.58 32 2.366
   vertex 1.08 32 2.366
   vertex 1.08 29.94 2.366
  endloop
 endfacet
  facet normal 0 0 0
    outer loop
   vertex 4.58 29.94 2.366
   vertex 4.58 32 2.366
   vertex 1.08 29.94 2.366
  endloop
 endfacet
  facet normal 0 0 0
    outer loop
   vertex 26.55 -0.38 0.326
   vertex 26.55 -0.38 0.506
   vertex 25.925 -0.38 0.506
  endloop
 endfacet
  facet normal 0 0 0
    outer loop
   vertex 25.3 -0.38 0.326
   vertex 25.925 -0.38 0.506
   vertex 25.3 -0.38 0.506
  endloop
 endfacet
  facet normal 0 0 0
    outer loop
   vertex 26.55 -0.38 0.326
   vertex 25.925 -0.38 0.506
   vertex 25.3 -0.38 0.326
  endloop
 endfacet
  facet normal 0 0 0
    outer loop
   vertex 26.55 -0.38 0.326
   vertex 27.175 -0.38 0.506
   vertex 26.55 -0.38 0.506
  endloop
 endfacet
  facet normal 0 0 0
    outer loop
   vertex 27.8 -0.38 0.326
   vertex 27.8 -0.38 0.506
   vertex 27.175 -0.38 0.506
  endloop
 endfacet
  facet normal 0 0 0
    outer loop
   vertex 27.8 -0.38 0.326
   vertex 27.175 -0.38 0.506
   vertex 26.55 -0.38 0.326
  endloop
 endfacet
  facet normal 0 0 0
    outer loop
   vertex 24.05 -0.38 0.326
   vertex 24.05 -0.38 0.506
   vertex 23.425 -0.38 0.326
  endloop
 endfacet
  facet normal 0 0 0
    outer loop
   vertex 23.425 -0.38 0.326
   vertex 22.8 -0.38 0.506
   vertex 22.8 -0.38 0.326
  endloop
 endfacet
  facet normal 0 0 0
    outer loop
   vertex 23.425 -0.38 0.326
   vertex 24.05 -0.38 0.506
   vertex 22.8 -0.38 0.506
  endloop
 endfacet
  facet normal 0 0 0
    outer loop
   vertex 22.8 -0.38 0.326
   vertex 22.8 -0.38 0.506
   vertex 22.175 -0.38 0.506
  endloop
 endfacet
  facet normal 0 0 0
    outer loop
   vertex 21.55 -0.38 0.326
   vertex 22.175 -0.38 0.506
   vertex 21.55 -0.38 0.506
  endloop
 endfacet
  facet normal 0 0 0
    outer loop
   vertex 22.8 -0.38 0.326
   vertex 22.175 -0.38 0.506
   vertex 21.55 -0.38 0.326
  endloop
 endfacet
  facet normal 0 0 0
    outer loop
   vertex 20.3 -0.38 0.326
   vertex 20.3 -0.38 0.506
   vertex 19.675 -0.38 0.506
  endloop
 endfacet
  facet normal 0 0 0
    outer loop
   vertex 19.05 -0.38 0.326
   vertex 19.675 -0.38 0.506
   vertex 19.05 -0.38 0.506
  endloop
 endfacet
  facet normal 0 0 0
    outer loop
   vertex 20.3 -0.38 0.326
   vertex 19.675 -0.38 0.506
   vertex 19.05 -0.38 0.326
  endloop
 endfacet
  facet normal 0 0 0
    outer loop
   vertex 20.3 -0.38 0.326
   vertex 20.925 -0.38 0.506
   vertex 20.3 -0.38 0.506
  endloop
 endfacet
  facet normal 0 0 0
    outer loop
   vertex 21.55 -0.38 0.326
   vertex 21.55 -0.38 0.506
   vertex 20.925 -0.38 0.506
  endloop
 endfacet
  facet normal 0 0 0
    outer loop
   vertex 21.55 -0.38 0.326
   vertex 20.925 -0.38 0.506
   vertex 20.3 -0.38 0.326
  endloop
 endfacet
  facet normal 0 0 0
    outer loop
   vertex 17.8 -0.38 0.326
   vertex 17.8 -0.38 0.506
   vertex 17.175 -0.38 0.326
  endloop
 endfacet
  facet normal 0 0 0
    outer loop
   vertex 17.175 -0.38 0.326
   vertex 16.55 -0.38 0.506
   vertex 16.55 -0.38 0.326
  endloop
 endfacet
  facet normal 0 0 0
    outer loop
   vertex 17.175 -0.38 0.326
   vertex 17.8 -0.38 0.506
   vertex 16.55 -0.38 0.506
  endloop
 endfacet
  facet normal 0 0 0
    outer loop
   vertex 16.55 -0.38 0.326
   vertex 16.55 -0.38 0.506
   vertex 15.925 -0.38 0.506
  endloop
 endfacet
  facet normal 0 0 0
    outer loop
   vertex 15.3 -0.38 0.326
   vertex 15.925 -0.38 0.506
   vertex 15.3 -0.38 0.506
  endloop
 endfacet
  facet normal 0 0 0
    outer loop
   vertex 16.55 -0.38 0.326
   vertex 15.925 -0.38 0.506
   vertex 15.3 -0.38 0.326
  endloop
 endfacet
  facet normal 0 0 0
    outer loop
   vertex 14.05 -0.38 0.326
   vertex 14.05 -0.38 0.506
   vertex 13.425 -0.38 0.506
  endloop
 endfacet
  facet normal 0 0 0
    outer loop
   vertex 12.8 -0.38 0.326
   vertex 13.425 -0.38 0.506
   vertex 12.8 -0.38 0.506
  endloop
 endfacet
  facet normal 0 0 0
    outer loop
   vertex 14.05 -0.38 0.326
   vertex 13.425 -0.38 0.506
   vertex 12.8 -0.38 0.326
  endloop
 endfacet
  facet normal 0 0 0
    outer loop
   vertex 14.05 -0.38 0.326
   vertex 14.675 -0.38 0.506
   vertex 14.05 -0.38 0.506
  endloop
 endfacet
  facet normal 0 0 0
    outer loop
   vertex 15.3 -0.38 0.326
   vertex 15.3 -0.38 0.506
   vertex 14.675 -0.38 0.506
  endloop
 endfacet
  facet normal 0 0 0
    outer loop
   vertex 15.3 -0.38 0.326
   vertex 14.675 -0.38 0.506
   vertex 14.05 -0.38 0.326
  endloop
 endfacet
  facet normal 0 0 0
    outer loop
   vertex 11.55 -0.38 0.326
   vertex 11.55 -0.38 0.506
   vertex 10.925 -0.38 0.326
  endloop
 endfacet
  facet normal 0 0 0
    outer loop
   vertex 10.925 -0.38 0.326
   vertex 10.3 -0.38 0.506
   vertex 10.3 -0.38 0.326
  endloop
 endfacet
  facet normal 0 0 0
    outer loop
   vertex 10.925 -0.38 0.326
   vertex 11.55 -0.38 0.506
   vertex 10.3 -0.38 0.506
  endloop
 endfacet
  facet normal 0 0 0
    outer loop
   vertex 10.3 -0.38 0.326
   vertex 10.3 -0.38 0.506
   vertex 9.675 -0.38 0.506
  endloop
 endfacet
  facet normal 0 0 0
    outer loop
   vertex 9.05 -0.38 0.326
   vertex 9.675 -0.38 0.506
   vertex 9.05 -0.38 0.506
  endloop
 endfacet
  facet normal 0 0 0
    outer loop
   vertex 10.3 -0.38 0.326
   vertex 9.675 -0.38 0.506
   vertex 9.05 -0.38 0.326
  endloop
 endfacet
  facet normal 0 0 0
    outer loop
   vertex 7.8 -0.38 0.326
   vertex 7.8 -0.38 0.506
   vertex 7.175 -0.38 0.506
  endloop
 endfacet
  facet normal 0 0 0
    outer loop
   vertex 6.55 -0.38 0.326
   vertex 7.175 -0.38 0.506
   vertex 6.55 -0.38 0.506
  endloop
 endfacet
  facet normal 0 0 0
    outer loop
   vertex 7.8 -0.38 0.326
   vertex 7.175 -0.38 0.506
   vertex 6.55 -0.38 0.326
  endloop
 endfacet
  facet normal 0 0 0
    outer loop
   vertex 7.8 -0.38 0.326
   vertex 8.425 -0.38 0.506
   vertex 7.8 -0.38 0.506
  endloop
 endfacet
  facet normal 0 0 0
    outer loop
   vertex 9.05 -0.38 0.326
   vertex 9.05 -0.38 0.506
   vertex 8.425 -0.38 0.506
  endloop
 endfacet
  facet normal 0 0 0
    outer loop
   vertex 9.05 -0.38 0.326
   vertex 8.425 -0.38 0.506
   vertex 7.8 -0.38 0.326
  endloop
 endfacet
  facet normal 0 0 0
    outer loop
   vertex 5.3 -0.38 0.326
   vertex 5.3 -0.38 0.506
   vertex 4.675 -0.38 0.326
  endloop
 endfacet
  facet normal 0 0 0
    outer loop
   vertex 4.675 -0.38 0.326
   vertex 4.05 -0.38 0.506
   vertex 4.05 -0.38 0.326
  endloop
 endfacet
  facet normal 0 0 0
    outer loop
   vertex 4.675 -0.38 0.326
   vertex 5.3 -0.38 0.506
   vertex 4.05 -0.38 0.506
  endloop
 endfacet
  facet normal 0 0 0
    outer loop
   vertex 4.05 -0.38 0.326
   vertex 4.05 -0.38 0.506
   vertex 3.425 -0.38 0.506
  endloop
 endfacet
  facet normal 0 0 0
    outer loop
   vertex 2.8 -0.38 0.326
   vertex 3.425 -0.38 0.506
   vertex 2.8 -0.38 0.506
  endloop
 endfacet
  facet normal 0 0 0
    outer loop
   vertex 4.05 -0.38 0.326
   vertex 3.425 -0.38 0.506
   vertex 2.8 -0.38 0.326
  endloop
 endfacet
  facet normal 0 0 0
    outer loop
   vertex 1.55 -0.38 0.326
   vertex 1.55 -0.38 0.506
   vertex 0.925 -0.38 0.506
  endloop
 endfacet
  facet normal 0 0 0
    outer loop
   vertex 0.3 -0.38 0.326
   vertex 0.925 -0.38 0.506
   vertex 0.3 -0.38 0.506
  endloop
 endfacet
  facet normal 0 0 0
    outer loop
   vertex 1.55 -0.38 0.326
   vertex 0.925 -0.38 0.506
   vertex 0.3 -0.38 0.326
  endloop
 endfacet
  facet normal 0 0 0
    outer loop
   vertex 1.55 -0.38 0.326
   vertex 2.175 -0.38 0.506
   vertex 1.55 -0.38 0.506
  endloop
 endfacet
  facet normal 0 0 0
    outer loop
   vertex 2.8 -0.38 0.326
   vertex 2.8 -0.38 0.506
   vertex 2.175 -0.38 0.506
  endloop
 endfacet
  facet normal 0 0 0
    outer loop
   vertex 2.8 -0.38 0.326
   vertex 2.175 -0.38 0.506
   vertex 1.55 -0.38 0.326
  endloop
 endfacet
  facet normal 0 0 0
    outer loop
   vertex 55.3 -0.38 0.326
   vertex 55.3 -0.38 0.506
   vertex 54.675 -0.38 0.326
  endloop
 endfacet
  facet normal 0 0 0
    outer loop
   vertex 54.675 -0.38 0.326
   vertex 54.05 -0.38 0.506
   vertex 54.05 -0.38 0.326
  endloop
 endfacet
  facet normal 0 0 0
    outer loop
   vertex 54.675 -0.38 0.326
   vertex 55.3 -0.38 0.506
   vertex 54.05 -0.38 0.506
  endloop
 endfacet
  facet normal 0 0 0
    outer loop
   vertex 54.05 -0.38 0.326
   vertex 54.05 -0.38 0.506
   vertex 53.425 -0.38 0.506
  endloop
 endfacet
  facet normal 0 0 0
    outer loop
   vertex 52.8 -0.38 0.326
   vertex 53.425 -0.38 0.506
   vertex 52.8 -0.38 0.506
  endloop
 endfacet
  facet normal 0 0 0
    outer loop
   vertex 54.05 -0.38 0.326
   vertex 53.425 -0.38 0.506
   vertex 52.8 -0.38 0.326
  endloop
 endfacet
  facet normal 0 0 0
    outer loop
   vertex 51.55 -0.38 0.326
   vertex 51.55 -0.38 0.506
   vertex 50.925 -0.38 0.506
  endloop
 endfacet
  facet normal 0 0 0
    outer loop
   vertex 50.3 -0.38 0.326
   vertex 50.925 -0.38 0.506
   vertex 50.3 -0.38 0.506
  endloop
 endfacet
  facet normal 0 0 0
    outer loop
   vertex 51.55 -0.38 0.326
   vertex 50.925 -0.38 0.506
   vertex 50.3 -0.38 0.326
  endloop
 endfacet
  facet normal 0 0 0
    outer loop
   vertex 51.55 -0.38 0.326
   vertex 52.175 -0.38 0.506
   vertex 51.55 -0.38 0.506
  endloop
 endfacet
  facet normal 0 0 0
    outer loop
   vertex 52.8 -0.38 0.326
   vertex 52.8 -0.38 0.506
   vertex 52.175 -0.38 0.506
  endloop
 endfacet
  facet normal 0 0 0
    outer loop
   vertex 52.8 -0.38 0.326
   vertex 52.175 -0.38 0.506
   vertex 51.55 -0.38 0.326
  endloop
 endfacet
  facet normal 0 0 0
    outer loop
   vertex 49.05 -0.38 0.326
   vertex 49.05 -0.38 0.506
   vertex 48.425 -0.38 0.326
  endloop
 endfacet
  facet normal 0 0 0
    outer loop
   vertex 48.425 -0.38 0.326
   vertex 47.8 -0.38 0.506
   vertex 47.8 -0.38 0.326
  endloop
 endfacet
  facet normal 0 0 0
    outer loop
   vertex 48.425 -0.38 0.326
   vertex 49.05 -0.38 0.506
   vertex 47.8 -0.38 0.506
  endloop
 endfacet
  facet normal 0 0 0
    outer loop
   vertex 47.8 -0.38 0.326
   vertex 47.8 -0.38 0.506
   vertex 47.175 -0.38 0.506
  endloop
 endfacet
  facet normal 0 0 0
    outer loop
   vertex 46.55 -0.38 0.326
   vertex 47.175 -0.38 0.506
   vertex 46.55 -0.38 0.506
  endloop
 endfacet
  facet normal 0 0 0
    outer loop
   vertex 47.8 -0.38 0.326
   vertex 47.175 -0.38 0.506
   vertex 46.55 -0.38 0.326
  endloop
 endfacet
  facet normal 0 0 0
    outer loop
   vertex 45.3 -0.38 0.326
   vertex 45.3 -0.38 0.506
   vertex 44.675 -0.38 0.506
  endloop
 endfacet
  facet normal 0 0 0
    outer loop
   vertex 44.05 -0.38 0.326
   vertex 44.675 -0.38 0.506
   vertex 44.05 -0.38 0.506
  endloop
 endfacet
  facet normal 0 0 0
    outer loop
   vertex 45.3 -0.38 0.326
   vertex 44.675 -0.38 0.506
   vertex 44.05 -0.38 0.326
  endloop
 endfacet
  facet normal 0 0 0
    outer loop
   vertex 45.3 -0.38 0.326
   vertex 45.925 -0.38 0.506
   vertex 45.3 -0.38 0.506
  endloop
 endfacet
  facet normal 0 0 0
    outer loop
   vertex 46.55 -0.38 0.326
   vertex 46.55 -0.38 0.506
   vertex 45.925 -0.38 0.506
  endloop
 endfacet
  facet normal 0 0 0
    outer loop
   vertex 46.55 -0.38 0.326
   vertex 45.925 -0.38 0.506
   vertex 45.3 -0.38 0.326
  endloop
 endfacet
  facet normal 0 0 0
    outer loop
   vertex 42.8 -0.38 0.326
   vertex 42.8 -0.38 0.506
   vertex 42.175 -0.38 0.326
  endloop
 endfacet
  facet normal 0 0 0
    outer loop
   vertex 42.175 -0.38 0.326
   vertex 41.55 -0.38 0.506
   vertex 41.55 -0.38 0.326
  endloop
 endfacet
  facet normal 0 0 0
    outer loop
   vertex 42.175 -0.38 0.326
   vertex 42.8 -0.38 0.506
   vertex 41.55 -0.38 0.506
  endloop
 endfacet
  facet normal 0 0 0
    outer loop
   vertex 41.55 -0.38 0.326
   vertex 41.55 -0.38 0.506
   vertex 40.925 -0.38 0.506
  endloop
 endfacet
  facet normal 0 0 0
    outer loop
   vertex 40.3 -0.38 0.326
   vertex 40.925 -0.38 0.506
   vertex 40.3 -0.38 0.506
  endloop
 endfacet
  facet normal 0 0 0
    outer loop
   vertex 41.55 -0.38 0.326
   vertex 40.925 -0.38 0.506
   vertex 40.3 -0.38 0.326
  endloop
 endfacet
  facet normal 0 0 0
    outer loop
   vertex 39.05 -0.38 0.326
   vertex 39.05 -0.38 0.506
   vertex 38.425 -0.38 0.506
  endloop
 endfacet
  facet normal 0 0 0
    outer loop
   vertex 37.8 -0.38 0.326
   vertex 38.425 -0.38 0.506
   vertex 37.8 -0.38 0.506
  endloop
 endfacet
  facet normal 0 0 0
    outer loop
   vertex 39.05 -0.38 0.326
   vertex 38.425 -0.38 0.506
   vertex 37.8 -0.38 0.326
  endloop
 endfacet
  facet normal 0 0 0
    outer loop
   vertex 39.05 -0.38 0.326
   vertex 39.675 -0.38 0.506
   vertex 39.05 -0.38 0.506
  endloop
 endfacet
  facet normal 0 0 0
    outer loop
   vertex 40.3 -0.38 0.326
   vertex 40.3 -0.38 0.506
   vertex 39.675 -0.38 0.506
  endloop
 endfacet
  facet normal 0 0 0
    outer loop
   vertex 40.3 -0.38 0.326
   vertex 39.675 -0.38 0.506
   vertex 39.05 -0.38 0.326
  endloop
 endfacet
  facet normal 0 0 0
    outer loop
   vertex 36.55 -0.38 0.326
   vertex 36.55 -0.38 0.506
   vertex 35.925 -0.38 0.326
  endloop
 endfacet
  facet normal 0 0 0
    outer loop
   vertex 35.925 -0.38 0.326
   vertex 35.3 -0.38 0.506
   vertex 35.3 -0.38 0.326
  endloop
 endfacet
  facet normal 0 0 0
    outer loop
   vertex 35.925 -0.38 0.326
   vertex 36.55 -0.38 0.506
   vertex 35.3 -0.38 0.506
  endloop
 endfacet
  facet normal 0 0 0
    outer loop
   vertex 35.3 -0.38 0.326
   vertex 35.3 -0.38 0.506
   vertex 34.675 -0.38 0.506
  endloop
 endfacet
  facet normal 0 0 0
    outer loop
   vertex 34.05 -0.38 0.326
   vertex 34.675 -0.38 0.506
   vertex 34.05 -0.38 0.506
  endloop
 endfacet
  facet normal 0 0 0
    outer loop
   vertex 35.3 -0.38 0.326
   vertex 34.675 -0.38 0.506
   vertex 34.05 -0.38 0.326
  endloop
 endfacet
  facet normal 0 0 0
    outer loop
   vertex 32.8 -0.38 0.326
   vertex 32.8 -0.38 0.506
   vertex 32.175 -0.38 0.506
  endloop
 endfacet
  facet normal 0 0 0
    outer loop
   vertex 31.55 -0.38 0.326
   vertex 32.175 -0.38 0.506
   vertex 31.55 -0.38 0.506
  endloop
 endfacet
  facet normal 0 0 0
    outer loop
   vertex 32.8 -0.38 0.326
   vertex 32.175 -0.38 0.506
   vertex 31.55 -0.38 0.326
  endloop
 endfacet
  facet normal 0 0 0
    outer loop
   vertex 32.8 -0.38 0.326
   vertex 33.425 -0.38 0.506
   vertex 32.8 -0.38 0.506
  endloop
 endfacet
  facet normal 0 0 0
    outer loop
   vertex 34.05 -0.38 0.326
   vertex 34.05 -0.38 0.506
   vertex 33.425 -0.38 0.506
  endloop
 endfacet
  facet normal 0 0 0
    outer loop
   vertex 34.05 -0.38 0.326
   vertex 33.425 -0.38 0.506
   vertex 32.8 -0.38 0.326
  endloop
 endfacet
  facet normal 0 0 0
    outer loop
   vertex 30.3 -0.38 0.326
   vertex 30.3 -0.38 0.506
   vertex 29.675 -0.38 0.326
  endloop
 endfacet
  facet normal 0 0 0
    outer loop
   vertex 29.675 -0.38 0.326
   vertex 29.05 -0.38 0.506
   vertex 29.05 -0.38 0.326
  endloop
 endfacet
  facet normal 0 0 0
    outer loop
   vertex 29.675 -0.38 0.326
   vertex 30.3 -0.38 0.506
   vertex 29.05 -0.38 0.506
  endloop
 endfacet
  facet normal 0 0 0
    outer loop
   vertex 29.05 -0.38 0.326
   vertex 29.05 -0.38 0.506
   vertex 28.425 -0.38 0.506
  endloop
 endfacet
  facet normal 0 0 0
    outer loop
   vertex 27.8 -0.38 0.326
   vertex 28.425 -0.38 0.506
   vertex 27.8 -0.38 0.506
  endloop
 endfacet
  facet normal 0 0 0
    outer loop
   vertex 29.05 -0.38 0.326
   vertex 28.425 -0.38 0.506
   vertex 27.8 -0.38 0.326
  endloop
 endfacet
  facet normal 0 0 0
    outer loop
   vertex 5.3 29.94 0.326
   vertex 5.3 29.94 0.506
   vertex 5.3 29.466 0.326
  endloop
 endfacet
  facet normal 0 0 0
    outer loop
   vertex 5.3 29.466 0.326
   vertex 5.3 28.993 0.506
   vertex 5.3 28.993 0.326
  endloop
 endfacet
  facet normal 0 0 0
    outer loop
   vertex 5.3 29.466 0.326
   vertex 5.3 29.94 0.506
   vertex 5.3 28.993 0.506
  endloop
 endfacet
  facet normal 0 0 0
    outer loop
   vertex 5.3 28.993 0.326
   vertex 5.3 28.993 0.506
   vertex 5.3 28.519 0.506
  endloop
 endfacet
  facet normal 0 0 0
    outer loop
   vertex 5.3 28.045 0.326
   vertex 5.3 28.519 0.506
   vertex 5.3 28.045 0.506
  endloop
 endfacet
  facet normal 0 0 0
    outer loop
   vertex 5.3 28.993 0.326
   vertex 5.3 28.519 0.506
   vertex 5.3 28.045 0.326
  endloop
 endfacet
  facet normal 0 0 0
    outer loop
   vertex 5.3 27.571 0.326
   vertex 5.3 27.098 0.506
   vertex 5.3 27.098 0.326
  endloop
 endfacet
  facet normal 0 0 0
    outer loop
   vertex 5.3 28.045 0.326
   vertex 5.3 28.045 0.506
   vertex 5.3 27.571 0.326
  endloop
 endfacet
  facet normal 0 0 0
    outer loop
   vertex 5.3 27.571 0.326
   vertex 5.3 28.045 0.506
   vertex 5.3 27.098 0.506
  endloop
 endfacet
  facet normal 0 0 0
    outer loop
   vertex 5.3 27.098 0.326
   vertex 5.3 27.098 0.506
   vertex 5.3 26.624 0.326
  endloop
 endfacet
  facet normal 0 0 0
    outer loop
   vertex 5.3 26.624 0.326
   vertex 5.3 26.15 0.506
   vertex 5.3 26.15 0.326
  endloop
 endfacet
  facet normal 0 0 0
    outer loop
   vertex 5.3 26.624 0.326
   vertex 5.3 27.098 0.506
   vertex 5.3 26.15 0.506
  endloop
 endfacet
  facet normal 0 0 0
    outer loop
   vertex 5.3 25.203 0.326
   vertex 5.3 25.203 0.506
   vertex 5.3 24.729 0.506
  endloop
 endfacet
  facet normal 0 0 0
    outer loop
   vertex 5.3 24.255 0.326
   vertex 5.3 24.729 0.506
   vertex 5.3 24.255 0.506
  endloop
 endfacet
  facet normal 0 0 0
    outer loop
   vertex 5.3 25.203 0.326
   vertex 5.3 24.729 0.506
   vertex 5.3 24.255 0.326
  endloop
 endfacet
  facet normal 0 0 0
    outer loop
   vertex 5.3 25.203 0.326
   vertex 5.3 25.676 0.506
   vertex 5.3 25.203 0.506
  endloop
 endfacet
  facet normal 0 0 0
    outer loop
   vertex 5.3 26.15 0.326
   vertex 5.3 26.15 0.506
   vertex 5.3 25.676 0.506
  endloop
 endfacet
  facet normal 0 0 0
    outer loop
   vertex 5.3 26.15 0.326
   vertex 5.3 25.676 0.506
   vertex 5.3 25.203 0.326
  endloop
 endfacet
  facet normal 0 0 0
    outer loop
   vertex 5.3 24.255 0.326
   vertex 5.3 24.255 0.506
   vertex 5.3 23.781 0.326
  endloop
 endfacet
  facet normal 0 0 0
    outer loop
   vertex 5.3 23.781 0.326
   vertex 5.3 23.308 0.506
   vertex 5.3 23.308 0.326
  endloop
 endfacet
  facet normal 0 0 0
    outer loop
   vertex 5.3 23.781 0.326
   vertex 5.3 24.255 0.506
   vertex 5.3 23.308 0.506
  endloop
 endfacet
  facet normal 0 0 0
    outer loop
   vertex 5.3 23.308 0.326
   vertex 5.3 23.308 0.506
   vertex 5.3 22.834 0.506
  endloop
 endfacet
  facet normal 0 0 0
    outer loop
   vertex 5.3 22.36 0.326
   vertex 5.3 22.834 0.506
   vertex 5.3 22.36 0.506
  endloop
 endfacet
  facet normal 0 0 0
    outer loop
   vertex 5.3 23.308 0.326
   vertex 5.3 22.834 0.506
   vertex 5.3 22.36 0.326
  endloop
 endfacet
  facet normal 0 0 0
    outer loop
   vertex 5.3 19.991 0.326
   vertex 5.3 19.518 0.506
   vertex 5.3 19.518 0.326
  endloop
 endfacet
  facet normal 0 0 0
    outer loop
   vertex 5.3 20.465 0.326
   vertex 5.3 20.465 0.506
   vertex 5.3 19.991 0.326
  endloop
 endfacet
  facet normal 0 0 0
    outer loop
   vertex 5.3 19.991 0.326
   vertex 5.3 20.465 0.506
   vertex 5.3 19.518 0.506
  endloop
 endfacet
  facet normal 0 0 0
    outer loop
   vertex 5.3 19.518 0.326
   vertex 5.3 19.518 0.506
   vertex 5.3 19.044 0.326
  endloop
 endfacet
  facet normal 0 0 0
    outer loop
   vertex 5.3 19.044 0.326
   vertex 5.3 18.57 0.506
   vertex 5.3 18.57 0.326
  endloop
 endfacet
  facet normal 0 0 0
    outer loop
   vertex 5.3 19.044 0.326
   vertex 5.3 19.518 0.506
   vertex 5.3 18.57 0.506
  endloop
 endfacet
  facet normal 0 0 0
    outer loop
   vertex 5.3 20.465 0.326
   vertex 5.3 20.939 0.506
   vertex 5.3 20.465 0.506
  endloop
 endfacet
  facet normal 0 0 0
    outer loop
   vertex 5.3 21.413 0.326
   vertex 5.3 21.413 0.506
   vertex 5.3 20.939 0.506
  endloop
 endfacet
  facet normal 0 0 0
    outer loop
   vertex 5.3 21.413 0.326
   vertex 5.3 20.939 0.506
   vertex 5.3 20.465 0.326
  endloop
 endfacet
  facet normal 0 0 0
    outer loop
   vertex 5.3 21.886 0.326
   vertex 5.3 21.413 0.506
   vertex 5.3 21.413 0.326
  endloop
 endfacet
  facet normal 0 0 0
    outer loop
   vertex 5.3 22.36 0.326
   vertex 5.3 22.36 0.506
   vertex 5.3 21.886 0.326
  endloop
 endfacet
  facet normal 0 0 0
    outer loop
   vertex 5.3 21.886 0.326
   vertex 5.3 22.36 0.506
   vertex 5.3 21.413 0.506
  endloop
 endfacet
  facet normal 0 0 0
    outer loop
   vertex 5.3 18.57 0.326
   vertex 5.3 18.57 0.506
   vertex 5.3 18.096 0.326
  endloop
 endfacet
  facet normal 0 0 0
    outer loop
   vertex 5.3 18.096 0.326
   vertex 5.3 17.623 0.506
   vertex 5.3 17.623 0.326
  endloop
 endfacet
  facet normal 0 0 0
    outer loop
   vertex 5.3 18.096 0.326
   vertex 5.3 18.57 0.506
   vertex 5.3 17.623 0.506
  endloop
 endfacet
  facet normal 0 0 0
    outer loop
   vertex 5.3 17.623 0.326
   vertex 5.3 17.623 0.506
   vertex 5.3 17.149 0.506
  endloop
 endfacet
  facet normal 0 0 0
    outer loop
   vertex 5.3 16.675 0.326
   vertex 5.3 17.149 0.506
   vertex 5.3 16.675 0.506
  endloop
 endfacet
  facet normal 0 0 0
    outer loop
   vertex 5.3 17.623 0.326
   vertex 5.3 17.149 0.506
   vertex 5.3 16.675 0.326
  endloop
 endfacet
  facet normal 0 0 0
    outer loop
   vertex 5.3 16.201 0.326
   vertex 5.3 15.728 0.506
   vertex 5.3 15.728 0.326
  endloop
 endfacet
  facet normal 0 0 0
    outer loop
   vertex 5.3 16.675 0.326
   vertex 5.3 16.675 0.506
   vertex 5.3 16.201 0.326
  endloop
 endfacet
  facet normal 0 0 0
    outer loop
   vertex 5.3 16.201 0.326
   vertex 5.3 16.675 0.506
   vertex 5.3 15.728 0.506
  endloop
 endfacet
  facet normal 0 0 0
    outer loop
   vertex 5.3 15.728 0.326
   vertex 5.3 15.728 0.506
   vertex 5.3 15.254 0.326
  endloop
 endfacet
  facet normal 0 0 0
    outer loop
   vertex 5.3 15.254 0.326
   vertex 5.3 14.78 0.506
   vertex 5.3 14.78 0.326
  endloop
 endfacet
  facet normal 0 0 0
    outer loop
   vertex 5.3 15.254 0.326
   vertex 5.3 15.728 0.506
   vertex 5.3 14.78 0.506
  endloop
 endfacet
  facet normal 0 0 0
    outer loop
   vertex 5.3 4.831 0.326
   vertex 5.3 4.358 0.506
   vertex 5.3 4.358 0.326
  endloop
 endfacet
  facet normal 0 0 0
    outer loop
   vertex 5.3 5.305 0.326
   vertex 5.3 5.305 0.506
   vertex 5.3 4.831 0.326
  endloop
 endfacet
  facet normal 0 0 0
    outer loop
   vertex 5.3 4.831 0.326
   vertex 5.3 5.305 0.506
   vertex 5.3 4.358 0.506
  endloop
 endfacet
  facet normal 0 0 0
    outer loop
   vertex 5.3 4.358 0.326
   vertex 5.3 4.358 0.506
   vertex 5.3 3.884 0.326
  endloop
 endfacet
  facet normal 0 0 0
    outer loop
   vertex 5.3 3.884 0.326
   vertex 5.3 3.41 0.506
   vertex 5.3 3.41 0.326
  endloop
 endfacet
  facet normal 0 0 0
    outer loop
   vertex 5.3 3.884 0.326
   vertex 5.3 4.358 0.506
   vertex 5.3 3.41 0.506
  endloop
 endfacet
  facet normal 0 0 0
    outer loop
   vertex 5.3 5.305 0.326
   vertex 5.3 5.779 0.506
   vertex 5.3 5.305 0.506
  endloop
 endfacet
  facet normal 0 0 0
    outer loop
   vertex 5.3 6.253 0.326
   vertex 5.3 6.253 0.506
   vertex 5.3 5.779 0.506
  endloop
 endfacet
  facet normal 0 0 0
    outer loop
   vertex 5.3 6.253 0.326
   vertex 5.3 5.779 0.506
   vertex 5.3 5.305 0.326
  endloop
 endfacet
  facet normal 0 0 0
    outer loop
   vertex 5.3 6.726 0.326
   vertex 5.3 6.253 0.506
   vertex 5.3 6.253 0.326
  endloop
 endfacet
  facet normal 0 0 0
    outer loop
   vertex 5.3 7.2 0.326
   vertex 5.3 7.2 0.506
   vertex 5.3 6.726 0.326
  endloop
 endfacet
  facet normal 0 0 0
    outer loop
   vertex 5.3 6.726 0.326
   vertex 5.3 7.2 0.506
   vertex 5.3 6.253 0.506
  endloop
 endfacet
  facet normal 0 0 0
    outer loop
   vertex 5.3 3.41 0.326
   vertex 5.3 3.41 0.506
   vertex 5.3 2.936 0.326
  endloop
 endfacet
  facet normal 0 0 0
    outer loop
   vertex 5.3 2.936 0.326
   vertex 5.3 2.463 0.506
   vertex 5.3 2.463 0.326
  endloop
 endfacet
  facet normal 0 0 0
    outer loop
   vertex 5.3 2.936 0.326
   vertex 5.3 3.41 0.506
   vertex 5.3 2.463 0.506
  endloop
 endfacet
  facet normal 0 0 0
    outer loop
   vertex 5.3 2.463 0.326
   vertex 5.3 2.463 0.506
   vertex 5.3 1.989 0.506
  endloop
 endfacet
  facet normal 0 0 0
    outer loop
   vertex 5.3 1.515 0.326
   vertex 5.3 1.989 0.506
   vertex 5.3 1.515 0.506
  endloop
 endfacet
  facet normal 0 0 0
    outer loop
   vertex 5.3 2.463 0.326
   vertex 5.3 1.989 0.506
   vertex 5.3 1.515 0.326
  endloop
 endfacet
  facet normal 0 0 0
    outer loop
   vertex 5.3 1.041 0.326
   vertex 5.3 0.568 0.506
   vertex 5.3 0.568 0.326
  endloop
 endfacet
  facet normal 0 0 0
    outer loop
   vertex 5.3 1.515 0.326
   vertex 5.3 1.515 0.506
   vertex 5.3 1.041 0.326
  endloop
 endfacet
  facet normal 0 0 0
    outer loop
   vertex 5.3 1.041 0.326
   vertex 5.3 1.515 0.506
   vertex 5.3 0.568 0.506
  endloop
 endfacet
  facet normal 0 0 0
    outer loop
   vertex 5.3 0.568 0.326
   vertex 5.3 0.568 0.506
   vertex 5.3 0.094 0.326
  endloop
 endfacet
  facet normal 0 0 0
    outer loop
   vertex 5.3 0.094 0.326
   vertex 5.3 -0.38 0.506
   vertex 5.3 -0.38 0.326
  endloop
 endfacet
  facet normal 0 0 0
    outer loop
   vertex 5.3 0.094 0.326
   vertex 5.3 0.568 0.506
   vertex 5.3 -0.38 0.506
  endloop
 endfacet
  facet normal 0 0 0
    outer loop
   vertex 5.3 7.2 0.326
   vertex 5.3 7.674 0.506
   vertex 5.3 7.2 0.506
  endloop
 endfacet
  facet normal 0 0 0
    outer loop
   vertex 5.3 8.148 0.326
   vertex 5.3 8.148 0.506
   vertex 5.3 7.674 0.506
  endloop
 endfacet
  facet normal 0 0 0
    outer loop
   vertex 5.3 8.148 0.326
   vertex 5.3 7.674 0.506
   vertex 5.3 7.2 0.326
  endloop
 endfacet
  facet normal 0 0 0
    outer loop
   vertex 5.3 8.621 0.326
   vertex 5.3 8.148 0.506
   vertex 5.3 8.148 0.326
  endloop
 endfacet
  facet normal 0 0 0
    outer loop
   vertex 5.3 9.095 0.326
   vertex 5.3 9.095 0.506
   vertex 5.3 8.621 0.326
  endloop
 endfacet
  facet normal 0 0 0
    outer loop
   vertex 5.3 8.621 0.326
   vertex 5.3 9.095 0.506
   vertex 5.3 8.148 0.506
  endloop
 endfacet
  facet normal 0 0 0
    outer loop
   vertex 5.3 10.043 0.326
   vertex 5.3 10.043 0.506
   vertex 5.3 9.569 0.506
  endloop
 endfacet
  facet normal 0 0 0
    outer loop
   vertex 5.3 9.095 0.326
   vertex 5.3 9.569 0.506
   vertex 5.3 9.095 0.506
  endloop
 endfacet
  facet normal 0 0 0
    outer loop
   vertex 5.3 10.043 0.326
   vertex 5.3 9.569 0.506
   vertex 5.3 9.095 0.326
  endloop
 endfacet
  facet normal 0 0 0
    outer loop
   vertex 5.3 10.043 0.326
   vertex 5.3 10.516 0.506
   vertex 5.3 10.043 0.506
  endloop
 endfacet
  facet normal 0 0 0
    outer loop
   vertex 5.3 10.99 0.326
   vertex 5.3 10.99 0.506
   vertex 5.3 10.516 0.506
  endloop
 endfacet
  facet normal 0 0 0
    outer loop
   vertex 5.3 10.99 0.326
   vertex 5.3 10.516 0.506
   vertex 5.3 10.043 0.326
  endloop
 endfacet
  facet normal 0 0 0
    outer loop
   vertex 5.3 12.411 0.326
   vertex 5.3 11.938 0.506
   vertex 5.3 11.938 0.326
  endloop
 endfacet
  facet normal 0 0 0
    outer loop
   vertex 5.3 12.885 0.326
   vertex 5.3 12.885 0.506
   vertex 5.3 12.411 0.326
  endloop
 endfacet
  facet normal 0 0 0
    outer loop
   vertex 5.3 12.411 0.326
   vertex 5.3 12.885 0.506
   vertex 5.3 11.938 0.506
  endloop
 endfacet
  facet normal 0 0 0
    outer loop
   vertex 5.3 11.938 0.326
   vertex 5.3 11.938 0.506
   vertex 5.3 11.464 0.326
  endloop
 endfacet
  facet normal 0 0 0
    outer loop
   vertex 5.3 11.464 0.326
   vertex 5.3 10.99 0.506
   vertex 5.3 10.99 0.326
  endloop
 endfacet
  facet normal 0 0 0
    outer loop
   vertex 5.3 11.464 0.326
   vertex 5.3 11.938 0.506
   vertex 5.3 10.99 0.506
  endloop
 endfacet
  facet normal 0 0 0
    outer loop
   vertex 5.3 12.885 0.326
   vertex 5.3 13.359 0.506
   vertex 5.3 12.885 0.506
  endloop
 endfacet
  facet normal 0 0 0
    outer loop
   vertex 5.3 13.833 0.326
   vertex 5.3 13.833 0.506
   vertex 5.3 13.359 0.506
  endloop
 endfacet
  facet normal 0 0 0
    outer loop
   vertex 5.3 13.833 0.326
   vertex 5.3 13.359 0.506
   vertex 5.3 12.885 0.326
  endloop
 endfacet
  facet normal 0 0 0
    outer loop
   vertex 5.3 14.306 0.326
   vertex 5.3 13.833 0.506
   vertex 5.3 13.833 0.326
  endloop
 endfacet
  facet normal 0 0 0
    outer loop
   vertex 5.3 14.78 0.326
   vertex 5.3 14.78 0.506
   vertex 5.3 14.306 0.326
  endloop
 endfacet
  facet normal 0 0 0
    outer loop
   vertex 5.3 14.306 0.326
   vertex 5.3 14.78 0.506
   vertex 5.3 13.833 0.506
  endloop
 endfacet
  facet normal 0 0 0
    outer loop
   vertex 0.3 -0.38 0.326
   vertex 0.3 -0.38 0.506
   vertex 0.3 0.108 0.326
  endloop
 endfacet
  facet normal 0 0 0
    outer loop
   vertex 0.3 0.108 0.326
   vertex 0.3 0.596 0.506
   vertex 0.3 0.596 0.326
  endloop
 endfacet
  facet normal 0 0 0
    outer loop
   vertex 0.3 0.108 0.326
   vertex 0.3 -0.38 0.506
   vertex 0.3 0.596 0.506
  endloop
 endfacet
  facet normal 0 0 0
    outer loop
   vertex 0.3 0.596 0.326
   vertex 0.3 0.596 0.506
   vertex 0.3 1.083 0.506
  endloop
 endfacet
  facet normal 0 0 0
    outer loop
   vertex 0.3 1.571 0.326
   vertex 0.3 1.083 0.506
   vertex 0.3 1.571 0.506
  endloop
 endfacet
  facet normal 0 0 0
    outer loop
   vertex 0.3 0.596 0.326
   vertex 0.3 1.083 0.506
   vertex 0.3 1.571 0.326
  endloop
 endfacet
  facet normal 0 0 0
    outer loop
   vertex 0.3 2.059 0.326
   vertex 0.3 2.547 0.506
   vertex 0.3 2.547 0.326
  endloop
 endfacet
  facet normal 0 0 0
    outer loop
   vertex 0.3 1.571 0.326
   vertex 0.3 1.571 0.506
   vertex 0.3 2.059 0.326
  endloop
 endfacet
  facet normal 0 0 0
    outer loop
   vertex 0.3 2.059 0.326
   vertex 0.3 1.571 0.506
   vertex 0.3 2.547 0.506
  endloop
 endfacet
  facet normal 0 0 0
    outer loop
   vertex 0.3 2.547 0.326
   vertex 0.3 2.547 0.506
   vertex 0.3 3.035 0.326
  endloop
 endfacet
  facet normal 0 0 0
    outer loop
   vertex 0.3 3.035 0.326
   vertex 0.3 3.522 0.506
   vertex 0.3 3.522 0.326
  endloop
 endfacet
  facet normal 0 0 0
    outer loop
   vertex 0.3 3.035 0.326
   vertex 0.3 2.547 0.506
   vertex 0.3 3.522 0.506
  endloop
 endfacet
  facet normal 0 0 0
    outer loop
   vertex 0.3 4.498 0.326
   vertex 0.3 4.498 0.506
   vertex 0.3 4.986 0.506
  endloop
 endfacet
  facet normal 0 0 0
    outer loop
   vertex 0.3 5.474 0.326
   vertex 0.3 4.986 0.506
   vertex 0.3 5.474 0.506
  endloop
 endfacet
  facet normal 0 0 0
    outer loop
   vertex 0.3 4.498 0.326
   vertex 0.3 4.986 0.506
   vertex 0.3 5.474 0.326
  endloop
 endfacet
  facet normal 0 0 0
    outer loop
   vertex 0.3 4.498 0.326
   vertex 0.3 4.01 0.506
   vertex 0.3 4.498 0.506
  endloop
 endfacet
  facet normal 0 0 0
    outer loop
   vertex 0.3 3.522 0.326
   vertex 0.3 3.522 0.506
   vertex 0.3 4.01 0.506
  endloop
 endfacet
  facet normal 0 0 0
    outer loop
   vertex 0.3 3.522 0.326
   vertex 0.3 4.01 0.506
   vertex 0.3 4.498 0.326
  endloop
 endfacet
  facet normal 0 0 0
    outer loop
   vertex 0.3 5.474 0.326
   vertex 0.3 5.474 0.506
   vertex 0.3 5.962 0.326
  endloop
 endfacet
  facet normal 0 0 0
    outer loop
   vertex 0.3 5.962 0.326
   vertex 0.3 6.449 0.506
   vertex 0.3 6.449 0.326
  endloop
 endfacet
  facet normal 0 0 0
    outer loop
   vertex 0.3 5.962 0.326
   vertex 0.3 5.474 0.506
   vertex 0.3 6.449 0.506
  endloop
 endfacet
  facet normal 0 0 0
    outer loop
   vertex 0.3 6.449 0.326
   vertex 0.3 6.449 0.506
   vertex 0.3 6.937 0.506
  endloop
 endfacet
  facet normal 0 0 0
    outer loop
   vertex 0.3 7.425 0.326
   vertex 0.3 6.937 0.506
   vertex 0.3 7.425 0.506
  endloop
 endfacet
  facet normal 0 0 0
    outer loop
   vertex 0.3 6.449 0.326
   vertex 0.3 6.937 0.506
   vertex 0.3 7.425 0.326
  endloop
 endfacet
  facet normal 0 0 0
    outer loop
   vertex 0.3 9.864 0.326
   vertex 0.3 10.352 0.506
   vertex 0.3 10.352 0.326
  endloop
 endfacet
  facet normal 0 0 0
    outer loop
   vertex 0.3 9.376 0.326
   vertex 0.3 9.376 0.506
   vertex 0.3 9.864 0.326
  endloop
 endfacet
  facet normal 0 0 0
    outer loop
   vertex 0.3 9.864 0.326
   vertex 0.3 9.376 0.506
   vertex 0.3 10.352 0.506
  endloop
 endfacet
  facet normal 0 0 0
    outer loop
   vertex 0.3 10.352 0.326
   vertex 0.3 10.352 0.506
   vertex 0.3 10.84 0.326
  endloop
 endfacet
  facet normal 0 0 0
    outer loop
   vertex 0.3 10.84 0.326
   vertex 0.3 11.327 0.506
   vertex 0.3 11.328 0.326
  endloop
 endfacet
  facet normal 0 0 0
    outer loop
   vertex 0.3 10.84 0.326
   vertex 0.3 10.352 0.506
   vertex 0.3 11.327 0.506
  endloop
 endfacet
  facet normal 0 0 0
    outer loop
   vertex 0.3 9.376 0.326
   vertex 0.3 8.888 0.506
   vertex 0.3 9.376 0.506
  endloop
 endfacet
  facet normal 0 0 0
    outer loop
   vertex 0.3 8.401 0.326
   vertex 0.3 8.401 0.506
   vertex 0.3 8.888 0.506
  endloop
 endfacet
  facet normal 0 0 0
    outer loop
   vertex 0.3 8.401 0.326
   vertex 0.3 8.888 0.506
   vertex 0.3 9.376 0.326
  endloop
 endfacet
  facet normal 0 0 0
    outer loop
   vertex 0.3 7.913 0.326
   vertex 0.3 8.401 0.506
   vertex 0.3 8.401 0.326
  endloop
 endfacet
  facet normal 0 0 0
    outer loop
   vertex 0.3 7.425 0.326
   vertex 0.3 7.425 0.506
   vertex 0.3 7.913 0.326
  endloop
 endfacet
  facet normal 0 0 0
    outer loop
   vertex 0.3 7.913 0.326
   vertex 0.3 7.425 0.506
   vertex 0.3 8.401 0.506
  endloop
 endfacet
  facet normal 0 0 0
    outer loop
   vertex 0.3 11.328 0.326
   vertex 0.3 11.327 0.506
   vertex 0.3 11.815 0.326
  endloop
 endfacet
  facet normal 0 0 0
    outer loop
   vertex 0.3 11.815 0.326
   vertex 0.3 12.303 0.506
   vertex 0.3 12.303 0.326
  endloop
 endfacet
  facet normal 0 0 0
    outer loop
   vertex 0.3 11.815 0.326
   vertex 0.3 11.327 0.506
   vertex 0.3 12.303 0.506
  endloop
 endfacet
  facet normal 0 0 0
    outer loop
   vertex 0.3 12.303 0.326
   vertex 0.3 12.303 0.506
   vertex 0.3 12.791 0.506
  endloop
 endfacet
  facet normal 0 0 0
    outer loop
   vertex 0.3 13.279 0.326
   vertex 0.3 12.791 0.506
   vertex 0.3 13.279 0.506
  endloop
 endfacet
  facet normal 0 0 0
    outer loop
   vertex 0.3 12.303 0.326
   vertex 0.3 12.791 0.506
   vertex 0.3 13.279 0.326
  endloop
 endfacet
  facet normal 0 0 0
    outer loop
   vertex 0.3 13.767 0.326
   vertex 0.3 14.254 0.506
   vertex 0.3 14.254 0.326
  endloop
 endfacet
  facet normal 0 0 0
    outer loop
   vertex 0.3 13.279 0.326
   vertex 0.3 13.279 0.506
   vertex 0.3 13.767 0.326
  endloop
 endfacet
  facet normal 0 0 0
    outer loop
   vertex 0.3 13.767 0.326
   vertex 0.3 13.279 0.506
   vertex 0.3 14.254 0.506
  endloop
 endfacet
  facet normal 0 0 0
    outer loop
   vertex 0.3 14.254 0.326
   vertex 0.3 14.254 0.506
   vertex 0.3 14.742 0.326
  endloop
 endfacet
  facet normal 0 0 0
    outer loop
   vertex 0.3 14.742 0.326
   vertex 0.3 15.23 0.506
   vertex 0.3 15.23 0.326
  endloop
 endfacet
  facet normal 0 0 0
    outer loop
   vertex 0.3 14.742 0.326
   vertex 0.3 14.254 0.506
   vertex 0.3 15.23 0.506
  endloop
 endfacet
  facet normal 0 0 0
    outer loop
   vertex 0.3 25.474 0.326
   vertex 0.3 25.962 0.506
   vertex 0.3 25.962 0.326
  endloop
 endfacet
  facet normal 0 0 0
    outer loop
   vertex 0.3 24.986 0.326
   vertex 0.3 24.986 0.506
   vertex 0.3 25.474 0.326
  endloop
 endfacet
  facet normal 0 0 0
    outer loop
   vertex 0.3 25.474 0.326
   vertex 0.3 24.986 0.506
   vertex 0.3 25.962 0.506
  endloop
 endfacet
  facet normal 0 0 0
    outer loop
   vertex 0.3 25.962 0.326
   vertex 0.3 25.962 0.506
   vertex 0.3 26.45 0.326
  endloop
 endfacet
  facet normal 0 0 0
    outer loop
   vertex 0.3 26.45 0.326
   vertex 0.3 26.938 0.506
   vertex 0.3 26.938 0.326
  endloop
 endfacet
  facet normal 0 0 0
    outer loop
   vertex 0.3 26.45 0.326
   vertex 0.3 25.962 0.506
   vertex 0.3 26.938 0.506
  endloop
 endfacet
  facet normal 0 0 0
    outer loop
   vertex 0.3 24.986 0.326
   vertex 0.3 24.498 0.506
   vertex 0.3 24.986 0.506
  endloop
 endfacet
  facet normal 0 0 0
    outer loop
   vertex 0.3 24.011 0.326
   vertex 0.3 24.011 0.506
   vertex 0.3 24.498 0.506
  endloop
 endfacet
  facet normal 0 0 0
    outer loop
   vertex 0.3 24.011 0.326
   vertex 0.3 24.498 0.506
   vertex 0.3 24.986 0.326
  endloop
 endfacet
  facet normal 0 0 0
    outer loop
   vertex 0.3 23.523 0.326
   vertex 0.3 24.011 0.506
   vertex 0.3 24.011 0.326
  endloop
 endfacet
  facet normal 0 0 0
    outer loop
   vertex 0.3 23.035 0.326
   vertex 0.3 23.035 0.506
   vertex 0.3 23.523 0.326
  endloop
 endfacet
  facet normal 0 0 0
    outer loop
   vertex 0.3 23.523 0.326
   vertex 0.3 23.035 0.506
   vertex 0.3 24.011 0.506
  endloop
 endfacet
  facet normal 0 0 0
    outer loop
   vertex 0.3 26.938 0.326
   vertex 0.3 26.938 0.506
   vertex 0.3 27.425 0.326
  endloop
 endfacet
  facet normal 0 0 0
    outer loop
   vertex 0.3 27.425 0.326
   vertex 0.3 27.913 0.506
   vertex 0.3 27.913 0.326
  endloop
 endfacet
  facet normal 0 0 0
    outer loop
   vertex 0.3 27.425 0.326
   vertex 0.3 26.938 0.506
   vertex 0.3 27.913 0.506
  endloop
 endfacet
  facet normal 0 0 0
    outer loop
   vertex 0.3 27.913 0.326
   vertex 0.3 27.913 0.506
   vertex 0.3 28.401 0.506
  endloop
 endfacet
  facet normal 0 0 0
    outer loop
   vertex 0.3 28.889 0.326
   vertex 0.3 28.401 0.506
   vertex 0.3 28.889 0.506
  endloop
 endfacet
  facet normal 0 0 0
    outer loop
   vertex 0.3 27.913 0.326
   vertex 0.3 28.401 0.506
   vertex 0.3 28.889 0.326
  endloop
 endfacet
  facet normal 0 0 0
    outer loop
   vertex 0.3 29.377 0.326
   vertex 0.3 29.864 0.506
   vertex 0.3 29.864 0.326
  endloop
 endfacet
  facet normal 0 0 0
    outer loop
   vertex 0.3 28.889 0.326
   vertex 0.3 28.889 0.506
   vertex 0.3 29.377 0.326
  endloop
 endfacet
  facet normal 0 0 0
    outer loop
   vertex 0.3 29.377 0.326
   vertex 0.3 28.889 0.506
   vertex 0.3 29.864 0.506
  endloop
 endfacet
  facet normal 0 0 0
    outer loop
   vertex 0.3 29.864 0.326
   vertex 0.3 29.864 0.506
   vertex 0.3 30.352 0.326
  endloop
 endfacet
  facet normal 0 0 0
    outer loop
   vertex 0.3 30.352 0.326
   vertex 0.3 30.84 0.506
   vertex 0.3 30.84 0.326
  endloop
 endfacet
  facet normal 0 0 0
    outer loop
   vertex 0.3 30.352 0.326
   vertex 0.3 29.864 0.506
   vertex 0.3 30.84 0.506
  endloop
 endfacet
  facet normal 0 0 0
    outer loop
   vertex 0.3 23.035 0.326
   vertex 0.3 22.547 0.506
   vertex 0.3 23.035 0.506
  endloop
 endfacet
  facet normal 0 0 0
    outer loop
   vertex 0.3 22.059 0.326
   vertex 0.3 22.059 0.506
   vertex 0.3 22.547 0.506
  endloop
 endfacet
  facet normal 0 0 0
    outer loop
   vertex 0.3 22.059 0.326
   vertex 0.3 22.547 0.506
   vertex 0.3 23.035 0.326
  endloop
 endfacet
  facet normal 0 0 0
    outer loop
   vertex 0.3 21.572 0.326
   vertex 0.3 22.059 0.506
   vertex 0.3 22.059 0.326
  endloop
 endfacet
  facet normal 0 0 0
    outer loop
   vertex 0.3 21.084 0.326
   vertex 0.3 21.084 0.506
   vertex 0.3 21.572 0.326
  endloop
 endfacet
  facet normal 0 0 0
    outer loop
   vertex 0.3 21.572 0.326
   vertex 0.3 21.084 0.506
   vertex 0.3 22.059 0.506
  endloop
 endfacet
  facet normal 0 0 0
    outer loop
   vertex 0.3 20.108 0.326
   vertex 0.3 20.108 0.506
   vertex 0.3 20.596 0.506
  endloop
 endfacet
  facet normal 0 0 0
    outer loop
   vertex 0.3 21.084 0.326
   vertex 0.3 20.596 0.506
   vertex 0.3 21.084 0.506
  endloop
 endfacet
  facet normal 0 0 0
    outer loop
   vertex 0.3 20.108 0.326
   vertex 0.3 20.596 0.506
   vertex 0.3 21.084 0.326
  endloop
 endfacet
  facet normal 0 0 0
    outer loop
   vertex 0.3 20.108 0.326
   vertex 0.3 19.62 0.506
   vertex 0.3 20.108 0.506
  endloop
 endfacet
  facet normal 0 0 0
    outer loop
   vertex 0.3 19.133 0.326
   vertex 0.3 19.133 0.506
   vertex 0.3 19.62 0.506
  endloop
 endfacet
  facet normal 0 0 0
    outer loop
   vertex 0.3 19.133 0.326
   vertex 0.3 19.62 0.506
   vertex 0.3 20.108 0.326
  endloop
 endfacet
  facet normal 0 0 0
    outer loop
   vertex 0.3 17.669 0.326
   vertex 0.3 18.157 0.506
   vertex 0.3 18.157 0.326
  endloop
 endfacet
  facet normal 0 0 0
    outer loop
   vertex 0.3 17.181 0.326
   vertex 0.3 17.181 0.506
   vertex 0.3 17.669 0.326
  endloop
 endfacet
  facet normal 0 0 0
    outer loop
   vertex 0.3 17.669 0.326
   vertex 0.3 17.181 0.506
   vertex 0.3 18.157 0.506
  endloop
 endfacet
  facet normal 0 0 0
    outer loop
   vertex 0.3 18.157 0.326
   vertex 0.3 18.157 0.506
   vertex 0.3 18.645 0.326
  endloop
 endfacet
  facet normal 0 0 0
    outer loop
   vertex 0.3 18.645 0.326
   vertex 0.3 19.133 0.506
   vertex 0.3 19.133 0.326
  endloop
 endfacet
  facet normal 0 0 0
    outer loop
   vertex 0.3 18.645 0.326
   vertex 0.3 18.157 0.506
   vertex 0.3 19.133 0.506
  endloop
 endfacet
  facet normal 0 0 0
    outer loop
   vertex 0.3 17.181 0.326
   vertex 0.3 16.693 0.506
   vertex 0.3 17.181 0.506
  endloop
 endfacet
  facet normal 0 0 0
    outer loop
   vertex 0.3 16.206 0.326
   vertex 0.3 16.206 0.506
   vertex 0.3 16.693 0.506
  endloop
 endfacet
  facet normal 0 0 0
    outer loop
   vertex 0.3 16.206 0.326
   vertex 0.3 16.693 0.506
   vertex 0.3 17.181 0.326
  endloop
 endfacet
  facet normal 0 0 0
    outer loop
   vertex 0.3 15.718 0.326
   vertex 0.3 16.206 0.506
   vertex 0.3 16.206 0.326
  endloop
 endfacet
  facet normal 0 0 0
    outer loop
   vertex 0.3 15.23 0.326
   vertex 0.3 15.23 0.506
   vertex 0.3 15.718 0.326
  endloop
 endfacet
  facet normal 0 0 0
    outer loop
   vertex 0.3 15.718 0.326
   vertex 0.3 15.23 0.506
   vertex 0.3 16.206 0.506
  endloop
 endfacet
  facet normal 0 0 0
    outer loop
   vertex 6.55 -0.38 0.326
   vertex 6.55 -0.38 0.506
   vertex 6.55 0.094 0.326
  endloop
 endfacet
  facet normal 0 0 0
    outer loop
   vertex 6.55 0.094 0.326
   vertex 6.55 0.568 0.506
   vertex 6.55 0.568 0.326
  endloop
 endfacet
  facet normal 0 0 0
    outer loop
   vertex 6.55 0.094 0.326
   vertex 6.55 -0.38 0.506
   vertex 6.55 0.568 0.506
  endloop
 endfacet
  facet normal 0 0 0
    outer loop
   vertex 6.55 0.568 0.326
   vertex 6.55 0.568 0.506
   vertex 6.55 1.041 0.506
  endloop
 endfacet
  facet normal 0 0 0
    outer loop
   vertex 6.55 1.515 0.326
   vertex 6.55 1.041 0.506
   vertex 6.55 1.515 0.506
  endloop
 endfacet
  facet normal 0 0 0
    outer loop
   vertex 6.55 0.568 0.326
   vertex 6.55 1.041 0.506
   vertex 6.55 1.515 0.326
  endloop
 endfacet
  facet normal 0 0 0
    outer loop
   vertex 6.55 1.989 0.326
   vertex 6.55 2.463 0.506
   vertex 6.55 2.463 0.326
  endloop
 endfacet
  facet normal 0 0 0
    outer loop
   vertex 6.55 1.515 0.326
   vertex 6.55 1.515 0.506
   vertex 6.55 1.989 0.326
  endloop
 endfacet
  facet normal 0 0 0
    outer loop
   vertex 6.55 1.989 0.326
   vertex 6.55 1.515 0.506
   vertex 6.55 2.463 0.506
  endloop
 endfacet
  facet normal 0 0 0
    outer loop
   vertex 6.55 2.463 0.326
   vertex 6.55 2.463 0.506
   vertex 6.55 2.936 0.326
  endloop
 endfacet
  facet normal 0 0 0
    outer loop
   vertex 6.55 2.936 0.326
   vertex 6.55 3.41 0.506
   vertex 6.55 3.41 0.326
  endloop
 endfacet
  facet normal 0 0 0
    outer loop
   vertex 6.55 2.936 0.326
   vertex 6.55 2.463 0.506
   vertex 6.55 3.41 0.506
  endloop
 endfacet
  facet normal 0 0 0
    outer loop
   vertex 6.55 4.358 0.326
   vertex 6.55 4.358 0.506
   vertex 6.55 4.831 0.506
  endloop
 endfacet
  facet normal 0 0 0
    outer loop
   vertex 6.55 5.305 0.326
   vertex 6.55 4.831 0.506
   vertex 6.55 5.305 0.506
  endloop
 endfacet
  facet normal 0 0 0
    outer loop
   vertex 6.55 4.358 0.326
   vertex 6.55 4.831 0.506
   vertex 6.55 5.305 0.326
  endloop
 endfacet
  facet normal 0 0 0
    outer loop
   vertex 6.55 4.358 0.326
   vertex 6.55 3.884 0.506
   vertex 6.55 4.358 0.506
  endloop
 endfacet
  facet normal 0 0 0
    outer loop
   vertex 6.55 3.41 0.326
   vertex 6.55 3.41 0.506
   vertex 6.55 3.884 0.506
  endloop
 endfacet
  facet normal 0 0 0
    outer loop
   vertex 6.55 3.41 0.326
   vertex 6.55 3.884 0.506
   vertex 6.55 4.358 0.326
  endloop
 endfacet
  facet normal 0 0 0
    outer loop
   vertex 6.55 5.305 0.326
   vertex 6.55 5.305 0.506
   vertex 6.55 5.779 0.326
  endloop
 endfacet
  facet normal 0 0 0
    outer loop
   vertex 6.55 5.779 0.326
   vertex 6.55 6.253 0.506
   vertex 6.55 6.253 0.326
  endloop
 endfacet
  facet normal 0 0 0
    outer loop
   vertex 6.55 5.779 0.326
   vertex 6.55 5.305 0.506
   vertex 6.55 6.253 0.506
  endloop
 endfacet
  facet normal 0 0 0
    outer loop
   vertex 6.55 6.253 0.326
   vertex 6.55 6.253 0.506
   vertex 6.55 6.726 0.506
  endloop
 endfacet
  facet normal 0 0 0
    outer loop
   vertex 6.55 7.2 0.326
   vertex 6.55 6.726 0.506
   vertex 6.55 7.2 0.506
  endloop
 endfacet
  facet normal 0 0 0
    outer loop
   vertex 6.55 6.253 0.326
   vertex 6.55 6.726 0.506
   vertex 6.55 7.2 0.326
  endloop
 endfacet
  facet normal 0 0 0
    outer loop
   vertex 6.55 9.569 0.326
   vertex 6.55 10.043 0.506
   vertex 6.55 10.043 0.326
  endloop
 endfacet
  facet normal 0 0 0
    outer loop
   vertex 6.55 9.095 0.326
   vertex 6.55 9.095 0.506
   vertex 6.55 9.569 0.326
  endloop
 endfacet
  facet normal 0 0 0
    outer loop
   vertex 6.55 9.569 0.326
   vertex 6.55 9.095 0.506
   vertex 6.55 10.043 0.506
  endloop
 endfacet
  facet normal 0 0 0
    outer loop
   vertex 6.55 10.043 0.326
   vertex 6.55 10.043 0.506
   vertex 6.55 10.516 0.326
  endloop
 endfacet
  facet normal 0 0 0
    outer loop
   vertex 6.55 10.516 0.326
   vertex 6.55 10.99 0.506
   vertex 6.55 10.99 0.326
  endloop
 endfacet
  facet normal 0 0 0
    outer loop
   vertex 6.55 10.516 0.326
   vertex 6.55 10.043 0.506
   vertex 6.55 10.99 0.506
  endloop
 endfacet
  facet normal 0 0 0
    outer loop
   vertex 6.55 9.095 0.326
   vertex 6.55 8.621 0.506
   vertex 6.55 9.095 0.506
  endloop
 endfacet
  facet normal 0 0 0
    outer loop
   vertex 6.55 8.148 0.326
   vertex 6.55 8.148 0.506
   vertex 6.55 8.621 0.506
  endloop
 endfacet
  facet normal 0 0 0
    outer loop
   vertex 6.55 8.148 0.326
   vertex 6.55 8.621 0.506
   vertex 6.55 9.095 0.326
  endloop
 endfacet
  facet normal 0 0 0
    outer loop
   vertex 6.55 7.674 0.326
   vertex 6.55 8.148 0.506
   vertex 6.55 8.148 0.326
  endloop
 endfacet
  facet normal 0 0 0
    outer loop
   vertex 6.55 7.2 0.326
   vertex 6.55 7.2 0.506
   vertex 6.55 7.674 0.326
  endloop
 endfacet
  facet normal 0 0 0
    outer loop
   vertex 6.55 7.674 0.326
   vertex 6.55 7.2 0.506
   vertex 6.55 8.148 0.506
  endloop
 endfacet
  facet normal 0 0 0
    outer loop
   vertex 6.55 10.99 0.326
   vertex 6.55 10.99 0.506
   vertex 6.55 11.464 0.326
  endloop
 endfacet
  facet normal 0 0 0
    outer loop
   vertex 6.55 11.464 0.326
   vertex 6.55 11.938 0.506
   vertex 6.55 11.938 0.326
  endloop
 endfacet
  facet normal 0 0 0
    outer loop
   vertex 6.55 11.464 0.326
   vertex 6.55 10.99 0.506
   vertex 6.55 11.938 0.506
  endloop
 endfacet
  facet normal 0 0 0
    outer loop
   vertex 6.55 11.938 0.326
   vertex 6.55 11.938 0.506
   vertex 6.55 12.411 0.506
  endloop
 endfacet
  facet normal 0 0 0
    outer loop
   vertex 6.55 12.885 0.326
   vertex 6.55 12.411 0.506
   vertex 6.55 12.885 0.506
  endloop
 endfacet
  facet normal 0 0 0
    outer loop
   vertex 6.55 11.938 0.326
   vertex 6.55 12.411 0.506
   vertex 6.55 12.885 0.326
  endloop
 endfacet
  facet normal 0 0 0
    outer loop
   vertex 6.55 13.359 0.326
   vertex 6.55 13.833 0.506
   vertex 6.55 13.833 0.326
  endloop
 endfacet
  facet normal 0 0 0
    outer loop
   vertex 6.55 12.885 0.326
   vertex 6.55 12.885 0.506
   vertex 6.55 13.359 0.326
  endloop
 endfacet
  facet normal 0 0 0
    outer loop
   vertex 6.55 13.359 0.326
   vertex 6.55 12.885 0.506
   vertex 6.55 13.833 0.506
  endloop
 endfacet
  facet normal 0 0 0
    outer loop
   vertex 6.55 13.833 0.326
   vertex 6.55 13.833 0.506
   vertex 6.55 14.306 0.326
  endloop
 endfacet
  facet normal 0 0 0
    outer loop
   vertex 6.55 14.306 0.326
   vertex 6.55 14.78 0.506
   vertex 6.55 14.78 0.326
  endloop
 endfacet
  facet normal 0 0 0
    outer loop
   vertex 6.55 14.306 0.326
   vertex 6.55 13.833 0.506
   vertex 6.55 14.78 0.506
  endloop
 endfacet
  facet normal 0 0 0
    outer loop
   vertex 6.55 24.729 0.326
   vertex 6.55 25.203 0.506
   vertex 6.55 25.203 0.326
  endloop
 endfacet
  facet normal 0 0 0
    outer loop
   vertex 6.55 24.255 0.326
   vertex 6.55 24.255 0.506
   vertex 6.55 24.729 0.326
  endloop
 endfacet
  facet normal 0 0 0
    outer loop
   vertex 6.55 24.729 0.326
   vertex 6.55 24.255 0.506
   vertex 6.55 25.203 0.506
  endloop
 endfacet
  facet normal 0 0 0
    outer loop
   vertex 6.55 25.203 0.326
   vertex 6.55 25.203 0.506
   vertex 6.55 25.676 0.326
  endloop
 endfacet
  facet normal 0 0 0
    outer loop
   vertex 6.55 25.676 0.326
   vertex 6.55 26.15 0.506
   vertex 6.55 26.15 0.326
  endloop
 endfacet
  facet normal 0 0 0
    outer loop
   vertex 6.55 25.676 0.326
   vertex 6.55 25.203 0.506
   vertex 6.55 26.15 0.506
  endloop
 endfacet
  facet normal 0 0 0
    outer loop
   vertex 6.55 24.255 0.326
   vertex 6.55 23.781 0.506
   vertex 6.55 24.255 0.506
  endloop
 endfacet
  facet normal 0 0 0
    outer loop
   vertex 6.55 23.308 0.326
   vertex 6.55 23.308 0.506
   vertex 6.55 23.781 0.506
  endloop
 endfacet
  facet normal 0 0 0
    outer loop
   vertex 6.55 23.308 0.326
   vertex 6.55 23.781 0.506
   vertex 6.55 24.255 0.326
  endloop
 endfacet
  facet normal 0 0 0
    outer loop
   vertex 6.55 22.834 0.326
   vertex 6.55 23.308 0.506
   vertex 6.55 23.308 0.326
  endloop
 endfacet
  facet normal 0 0 0
    outer loop
   vertex 6.55 22.36 0.326
   vertex 6.55 22.36 0.506
   vertex 6.55 22.834 0.326
  endloop
 endfacet
  facet normal 0 0 0
    outer loop
   vertex 6.55 22.834 0.326
   vertex 6.55 22.36 0.506
   vertex 6.55 23.308 0.506
  endloop
 endfacet
  facet normal 0 0 0
    outer loop
   vertex 6.55 26.15 0.326
   vertex 6.55 26.15 0.506
   vertex 6.55 26.624 0.326
  endloop
 endfacet
  facet normal 0 0 0
    outer loop
   vertex 6.55 26.624 0.326
   vertex 6.55 27.098 0.506
   vertex 6.55 27.098 0.326
  endloop
 endfacet
  facet normal 0 0 0
    outer loop
   vertex 6.55 26.624 0.326
   vertex 6.55 26.15 0.506
   vertex 6.55 27.098 0.506
  endloop
 endfacet
  facet normal 0 0 0
    outer loop
   vertex 6.55 27.098 0.326
   vertex 6.55 27.098 0.506
   vertex 6.55 27.571 0.506
  endloop
 endfacet
  facet normal 0 0 0
    outer loop
   vertex 6.55 28.045 0.326
   vertex 6.55 27.571 0.506
   vertex 6.55 28.045 0.506
  endloop
 endfacet
  facet normal 0 0 0
    outer loop
   vertex 6.55 27.098 0.326
   vertex 6.55 27.571 0.506
   vertex 6.55 28.045 0.326
  endloop
 endfacet
  facet normal 0 0 0
    outer loop
   vertex 6.55 28.519 0.326
   vertex 6.55 28.993 0.506
   vertex 6.55 28.993 0.326
  endloop
 endfacet
  facet normal 0 0 0
    outer loop
   vertex 6.55 28.045 0.326
   vertex 6.55 28.045 0.506
   vertex 6.55 28.519 0.326
  endloop
 endfacet
  facet normal 0 0 0
    outer loop
   vertex 6.55 28.519 0.326
   vertex 6.55 28.045 0.506
   vertex 6.55 28.993 0.506
  endloop
 endfacet
  facet normal 0 0 0
    outer loop
   vertex 6.55 28.993 0.326
   vertex 6.55 28.993 0.506
   vertex 6.55 29.466 0.326
  endloop
 endfacet
  facet normal 0 0 0
    outer loop
   vertex 6.55 29.466 0.326
   vertex 6.55 29.94 0.506
   vertex 6.55 29.94 0.326
  endloop
 endfacet
  facet normal 0 0 0
    outer loop
   vertex 6.55 29.466 0.326
   vertex 6.55 28.993 0.506
   vertex 6.55 29.94 0.506
  endloop
 endfacet
  facet normal 0 0 0
    outer loop
   vertex 6.55 22.36 0.326
   vertex 6.55 21.886 0.506
   vertex 6.55 22.36 0.506
  endloop
 endfacet
  facet normal 0 0 0
    outer loop
   vertex 6.55 21.413 0.326
   vertex 6.55 21.413 0.506
   vertex 6.55 21.886 0.506
  endloop
 endfacet
  facet normal 0 0 0
    outer loop
   vertex 6.55 21.413 0.326
   vertex 6.55 21.886 0.506
   vertex 6.55 22.36 0.326
  endloop
 endfacet
  facet normal 0 0 0
    outer loop
   vertex 6.55 20.939 0.326
   vertex 6.55 21.413 0.506
   vertex 6.55 21.413 0.326
  endloop
 endfacet
  facet normal 0 0 0
    outer loop
   vertex 6.55 20.465 0.326
   vertex 6.55 20.465 0.506
   vertex 6.55 20.939 0.326
  endloop
 endfacet
  facet normal 0 0 0
    outer loop
   vertex 6.55 20.939 0.326
   vertex 6.55 20.465 0.506
   vertex 6.55 21.413 0.506
  endloop
 endfacet
  facet normal 0 0 0
    outer loop
   vertex 6.55 19.518 0.326
   vertex 6.55 19.518 0.506
   vertex 6.55 19.991 0.506
  endloop
 endfacet
  facet normal 0 0 0
    outer loop
   vertex 6.55 20.465 0.326
   vertex 6.55 19.991 0.506
   vertex 6.55 20.465 0.506
  endloop
 endfacet
  facet normal 0 0 0
    outer loop
   vertex 6.55 19.518 0.326
   vertex 6.55 19.991 0.506
   vertex 6.55 20.465 0.326
  endloop
 endfacet
  facet normal 0 0 0
    outer loop
   vertex 6.55 19.518 0.326
   vertex 6.55 19.044 0.506
   vertex 6.55 19.518 0.506
  endloop
 endfacet
  facet normal 0 0 0
    outer loop
   vertex 6.55 18.57 0.326
   vertex 6.55 18.57 0.506
   vertex 6.55 19.044 0.506
  endloop
 endfacet
  facet normal 0 0 0
    outer loop
   vertex 6.55 18.57 0.326
   vertex 6.55 19.044 0.506
   vertex 6.55 19.518 0.326
  endloop
 endfacet
  facet normal 0 0 0
    outer loop
   vertex 6.55 17.149 0.326
   vertex 6.55 17.623 0.506
   vertex 6.55 17.623 0.326
  endloop
 endfacet
  facet normal 0 0 0
    outer loop
   vertex 6.55 16.675 0.326
   vertex 6.55 16.675 0.506
   vertex 6.55 17.149 0.326
  endloop
 endfacet
  facet normal 0 0 0
    outer loop
   vertex 6.55 17.149 0.326
   vertex 6.55 16.675 0.506
   vertex 6.55 17.623 0.506
  endloop
 endfacet
  facet normal 0 0 0
    outer loop
   vertex 6.55 17.623 0.326
   vertex 6.55 17.623 0.506
   vertex 6.55 18.096 0.326
  endloop
 endfacet
  facet normal 0 0 0
    outer loop
   vertex 6.55 18.096 0.326
   vertex 6.55 18.57 0.506
   vertex 6.55 18.57 0.326
  endloop
 endfacet
  facet normal 0 0 0
    outer loop
   vertex 6.55 18.096 0.326
   vertex 6.55 17.623 0.506
   vertex 6.55 18.57 0.506
  endloop
 endfacet
  facet normal 0 0 0
    outer loop
   vertex 6.55 16.675 0.326
   vertex 6.55 16.201 0.506
   vertex 6.55 16.675 0.506
  endloop
 endfacet
  facet normal 0 0 0
    outer loop
   vertex 6.55 15.728 0.326
   vertex 6.55 15.728 0.506
   vertex 6.55 16.201 0.506
  endloop
 endfacet
  facet normal 0 0 0
    outer loop
   vertex 6.55 15.728 0.326
   vertex 6.55 16.201 0.506
   vertex 6.55 16.675 0.326
  endloop
 endfacet
  facet normal 0 0 0
    outer loop
   vertex 6.55 15.254 0.326
   vertex 6.55 15.728 0.506
   vertex 6.55 15.728 0.326
  endloop
 endfacet
  facet normal 0 0 0
    outer loop
   vertex 6.55 14.78 0.326
   vertex 6.55 14.78 0.506
   vertex 6.55 15.254 0.326
  endloop
 endfacet
  facet normal 0 0 0
    outer loop
   vertex 6.55 15.254 0.326
   vertex 6.55 14.78 0.506
   vertex 6.55 15.728 0.506
  endloop
 endfacet
  facet normal 0 0 0
    outer loop
   vertex 50.3 29.94 0.326
   vertex 50.3 29.94 0.506
   vertex 49.675 29.94 0.326
  endloop
 endfacet
  facet normal 0 0 0
    outer loop
   vertex 49.675 29.94 0.326
   vertex 49.05 29.94 0.506
   vertex 49.05 29.94 0.326
  endloop
 endfacet
  facet normal 0 0 0
    outer loop
   vertex 49.675 29.94 0.326
   vertex 50.3 29.94 0.506
   vertex 49.05 29.94 0.506
  endloop
 endfacet
  facet normal 0 0 0
    outer loop
   vertex 44.05 29.94 0.326
   vertex 44.05 29.94 0.506
   vertex 43.425 29.94 0.326
  endloop
 endfacet
  facet normal 0 0 0
    outer loop
   vertex 43.425 29.94 0.326
   vertex 42.8 29.94 0.506
   vertex 42.8 29.94 0.326
  endloop
 endfacet
  facet normal 0 0 0
    outer loop
   vertex 43.425 29.94 0.326
   vertex 44.05 29.94 0.506
   vertex 42.8 29.94 0.506
  endloop
 endfacet
  facet normal 0 0 0
    outer loop
   vertex 37.8 29.94 0.326
   vertex 37.8 29.94 0.506
   vertex 37.175 29.94 0.326
  endloop
 endfacet
  facet normal 0 0 0
    outer loop
   vertex 37.175 29.94 0.326
   vertex 36.55 29.94 0.506
   vertex 36.55 29.94 0.326
  endloop
 endfacet
  facet normal 0 0 0
    outer loop
   vertex 37.175 29.94 0.326
   vertex 37.8 29.94 0.506
   vertex 36.55 29.94 0.506
  endloop
 endfacet
  facet normal 0 0 0
    outer loop
   vertex 31.55 29.94 0.326
   vertex 31.55 29.94 0.506
   vertex 30.925 29.94 0.326
  endloop
 endfacet
  facet normal 0 0 0
    outer loop
   vertex 30.925 29.94 0.326
   vertex 30.3 29.94 0.506
   vertex 30.3 29.94 0.326
  endloop
 endfacet
  facet normal 0 0 0
    outer loop
   vertex 30.925 29.94 0.326
   vertex 31.55 29.94 0.506
   vertex 30.3 29.94 0.506
  endloop
 endfacet
  facet normal 0 0 0
    outer loop
   vertex 25.3 29.94 0.326
   vertex 25.3 29.94 0.506
   vertex 24.675 29.94 0.326
  endloop
 endfacet
  facet normal 0 0 0
    outer loop
   vertex 24.675 29.94 0.326
   vertex 24.05 29.94 0.506
   vertex 24.05 29.94 0.326
  endloop
 endfacet
  facet normal 0 0 0
    outer loop
   vertex 24.675 29.94 0.326
   vertex 25.3 29.94 0.506
   vertex 24.05 29.94 0.506
  endloop
 endfacet
  facet normal 0 0 0
    outer loop
   vertex 19.05 29.94 0.326
   vertex 19.05 29.94 0.506
   vertex 18.425 29.94 0.326
  endloop
 endfacet
  facet normal 0 0 0
    outer loop
   vertex 18.425 29.94 0.326
   vertex 17.8 29.94 0.506
   vertex 17.8 29.94 0.326
  endloop
 endfacet
  facet normal 0 0 0
    outer loop
   vertex 18.425 29.94 0.326
   vertex 19.05 29.94 0.506
   vertex 17.8 29.94 0.506
  endloop
 endfacet
  facet normal 0 0 0
    outer loop
   vertex 12.8 29.94 0.326
   vertex 12.8 29.94 0.506
   vertex 12.175 29.94 0.326
  endloop
 endfacet
  facet normal 0 0 0
    outer loop
   vertex 12.175 29.94 0.326
   vertex 11.55 29.94 0.506
   vertex 11.55 29.94 0.326
  endloop
 endfacet
  facet normal 0 0 0
    outer loop
   vertex 12.175 29.94 0.326
   vertex 12.8 29.94 0.506
   vertex 11.55 29.94 0.506
  endloop
 endfacet
  facet normal 0 0 0
    outer loop
   vertex 6.55 29.94 0.326
   vertex 6.55 29.94 0.506
   vertex 5.925 29.94 0.326
  endloop
 endfacet
  facet normal 0 0 0
    outer loop
   vertex 5.925 29.94 0.326
   vertex 5.3 29.94 0.506
   vertex 5.3 29.94 0.326
  endloop
 endfacet
  facet normal 0 0 0
    outer loop
   vertex 5.925 29.94 0.326
   vertex 6.55 29.94 0.506
   vertex 5.3 29.94 0.506
  endloop
 endfacet
  facet normal 0 0 0
    outer loop
   vertex 12.8 -0.38 0.326
   vertex 12.8 -0.38 0.506
   vertex 12.8 0.094 0.326
  endloop
 endfacet
  facet normal 0 0 0
    outer loop
   vertex 12.8 0.094 0.326
   vertex 12.8 0.568 0.506
   vertex 12.8 0.568 0.326
  endloop
 endfacet
  facet normal 0 0 0
    outer loop
   vertex 12.8 0.094 0.326
   vertex 12.8 -0.38 0.506
   vertex 12.8 0.568 0.506
  endloop
 endfacet
  facet normal 0 0 0
    outer loop
   vertex 12.8 0.568 0.326
   vertex 12.8 0.568 0.506
   vertex 12.8 1.041 0.506
  endloop
 endfacet
  facet normal 0 0 0
    outer loop
   vertex 12.8 1.515 0.326
   vertex 12.8 1.041 0.506
   vertex 12.8 1.515 0.506
  endloop
 endfacet
  facet normal 0 0 0
    outer loop
   vertex 12.8 0.568 0.326
   vertex 12.8 1.041 0.506
   vertex 12.8 1.515 0.326
  endloop
 endfacet
  facet normal 0 0 0
    outer loop
   vertex 12.8 1.989 0.326
   vertex 12.8 2.463 0.506
   vertex 12.8 2.463 0.326
  endloop
 endfacet
  facet normal 0 0 0
    outer loop
   vertex 12.8 1.515 0.326
   vertex 12.8 1.515 0.506
   vertex 12.8 1.989 0.326
  endloop
 endfacet
  facet normal 0 0 0
    outer loop
   vertex 12.8 1.989 0.326
   vertex 12.8 1.515 0.506
   vertex 12.8 2.463 0.506
  endloop
 endfacet
  facet normal 0 0 0
    outer loop
   vertex 12.8 2.463 0.326
   vertex 12.8 2.463 0.506
   vertex 12.8 2.936 0.326
  endloop
 endfacet
  facet normal 0 0 0
    outer loop
   vertex 12.8 2.936 0.326
   vertex 12.8 3.41 0.506
   vertex 12.8 3.41 0.326
  endloop
 endfacet
  facet normal 0 0 0
    outer loop
   vertex 12.8 2.936 0.326
   vertex 12.8 2.463 0.506
   vertex 12.8 3.41 0.506
  endloop
 endfacet
  facet normal 0 0 0
    outer loop
   vertex 12.8 4.358 0.326
   vertex 12.8 4.358 0.506
   vertex 12.8 4.831 0.506
  endloop
 endfacet
  facet normal 0 0 0
    outer loop
   vertex 12.8 5.305 0.326
   vertex 12.8 4.831 0.506
   vertex 12.8 5.305 0.506
  endloop
 endfacet
  facet normal 0 0 0
    outer loop
   vertex 12.8 4.358 0.326
   vertex 12.8 4.831 0.506
   vertex 12.8 5.305 0.326
  endloop
 endfacet
  facet normal 0 0 0
    outer loop
   vertex 12.8 4.358 0.326
   vertex 12.8 3.884 0.506
   vertex 12.8 4.358 0.506
  endloop
 endfacet
  facet normal 0 0 0
    outer loop
   vertex 12.8 3.41 0.326
   vertex 12.8 3.41 0.506
   vertex 12.8 3.884 0.506
  endloop
 endfacet
  facet normal 0 0 0
    outer loop
   vertex 12.8 3.41 0.326
   vertex 12.8 3.884 0.506
   vertex 12.8 4.358 0.326
  endloop
 endfacet
  facet normal 0 0 0
    outer loop
   vertex 12.8 5.305 0.326
   vertex 12.8 5.305 0.506
   vertex 12.8 5.779 0.326
  endloop
 endfacet
  facet normal 0 0 0
    outer loop
   vertex 12.8 5.779 0.326
   vertex 12.8 6.253 0.506
   vertex 12.8 6.253 0.326
  endloop
 endfacet
  facet normal 0 0 0
    outer loop
   vertex 12.8 5.779 0.326
   vertex 12.8 5.305 0.506
   vertex 12.8 6.253 0.506
  endloop
 endfacet
  facet normal 0 0 0
    outer loop
   vertex 12.8 6.253 0.326
   vertex 12.8 6.253 0.506
   vertex 12.8 6.726 0.506
  endloop
 endfacet
  facet normal 0 0 0
    outer loop
   vertex 12.8 7.2 0.326
   vertex 12.8 6.726 0.506
   vertex 12.8 7.2 0.506
  endloop
 endfacet
  facet normal 0 0 0
    outer loop
   vertex 12.8 6.253 0.326
   vertex 12.8 6.726 0.506
   vertex 12.8 7.2 0.326
  endloop
 endfacet
  facet normal 0 0 0
    outer loop
   vertex 12.8 9.569 0.326
   vertex 12.8 10.043 0.506
   vertex 12.8 10.043 0.326
  endloop
 endfacet
  facet normal 0 0 0
    outer loop
   vertex 12.8 9.095 0.326
   vertex 12.8 9.095 0.506
   vertex 12.8 9.569 0.326
  endloop
 endfacet
  facet normal 0 0 0
    outer loop
   vertex 12.8 9.569 0.326
   vertex 12.8 9.095 0.506
   vertex 12.8 10.043 0.506
  endloop
 endfacet
  facet normal 0 0 0
    outer loop
   vertex 12.8 10.043 0.326
   vertex 12.8 10.043 0.506
   vertex 12.8 10.516 0.326
  endloop
 endfacet
  facet normal 0 0 0
    outer loop
   vertex 12.8 10.516 0.326
   vertex 12.8 10.99 0.506
   vertex 12.8 10.99 0.326
  endloop
 endfacet
  facet normal 0 0 0
    outer loop
   vertex 12.8 10.516 0.326
   vertex 12.8 10.043 0.506
   vertex 12.8 10.99 0.506
  endloop
 endfacet
  facet normal 0 0 0
    outer loop
   vertex 12.8 9.095 0.326
   vertex 12.8 8.621 0.506
   vertex 12.8 9.095 0.506
  endloop
 endfacet
  facet normal 0 0 0
    outer loop
   vertex 12.8 8.148 0.326
   vertex 12.8 8.148 0.506
   vertex 12.8 8.621 0.506
  endloop
 endfacet
  facet normal 0 0 0
    outer loop
   vertex 12.8 8.148 0.326
   vertex 12.8 8.621 0.506
   vertex 12.8 9.095 0.326
  endloop
 endfacet
  facet normal 0 0 0
    outer loop
   vertex 12.8 7.674 0.326
   vertex 12.8 8.148 0.506
   vertex 12.8 8.148 0.326
  endloop
 endfacet
  facet normal 0 0 0
    outer loop
   vertex 12.8 7.2 0.326
   vertex 12.8 7.2 0.506
   vertex 12.8 7.674 0.326
  endloop
 endfacet
  facet normal 0 0 0
    outer loop
   vertex 12.8 7.674 0.326
   vertex 12.8 7.2 0.506
   vertex 12.8 8.148 0.506
  endloop
 endfacet
  facet normal 0 0 0
    outer loop
   vertex 12.8 10.99 0.326
   vertex 12.8 10.99 0.506
   vertex 12.8 11.464 0.326
  endloop
 endfacet
  facet normal 0 0 0
    outer loop
   vertex 12.8 11.464 0.326
   vertex 12.8 11.938 0.506
   vertex 12.8 11.938 0.326
  endloop
 endfacet
  facet normal 0 0 0
    outer loop
   vertex 12.8 11.464 0.326
   vertex 12.8 10.99 0.506
   vertex 12.8 11.938 0.506
  endloop
 endfacet
  facet normal 0 0 0
    outer loop
   vertex 12.8 11.938 0.326
   vertex 12.8 11.938 0.506
   vertex 12.8 12.411 0.506
  endloop
 endfacet
  facet normal 0 0 0
    outer loop
   vertex 12.8 12.885 0.326
   vertex 12.8 12.411 0.506
   vertex 12.8 12.885 0.506
  endloop
 endfacet
  facet normal 0 0 0
    outer loop
   vertex 12.8 11.938 0.326
   vertex 12.8 12.411 0.506
   vertex 12.8 12.885 0.326
  endloop
 endfacet
  facet normal 0 0 0
    outer loop
   vertex 12.8 13.359 0.326
   vertex 12.8 13.833 0.506
   vertex 12.8 13.833 0.326
  endloop
 endfacet
  facet normal 0 0 0
    outer loop
   vertex 12.8 12.885 0.326
   vertex 12.8 12.885 0.506
   vertex 12.8 13.359 0.326
  endloop
 endfacet
  facet normal 0 0 0
    outer loop
   vertex 12.8 13.359 0.326
   vertex 12.8 12.885 0.506
   vertex 12.8 13.833 0.506
  endloop
 endfacet
  facet normal 0 0 0
    outer loop
   vertex 12.8 13.833 0.326
   vertex 12.8 13.833 0.506
   vertex 12.8 14.306 0.326
  endloop
 endfacet
  facet normal 0 0 0
    outer loop
   vertex 12.8 14.306 0.326
   vertex 12.8 14.78 0.506
   vertex 12.8 14.78 0.326
  endloop
 endfacet
  facet normal 0 0 0
    outer loop
   vertex 12.8 14.306 0.326
   vertex 12.8 13.833 0.506
   vertex 12.8 14.78 0.506
  endloop
 endfacet
  facet normal 0 0 0
    outer loop
   vertex 12.8 24.729 0.326
   vertex 12.8 25.203 0.506
   vertex 12.8 25.203 0.326
  endloop
 endfacet
  facet normal 0 0 0
    outer loop
   vertex 12.8 24.255 0.326
   vertex 12.8 24.255 0.506
   vertex 12.8 24.729 0.326
  endloop
 endfacet
  facet normal 0 0 0
    outer loop
   vertex 12.8 24.729 0.326
   vertex 12.8 24.255 0.506
   vertex 12.8 25.203 0.506
  endloop
 endfacet
  facet normal 0 0 0
    outer loop
   vertex 12.8 25.203 0.326
   vertex 12.8 25.203 0.506
   vertex 12.8 25.676 0.326
  endloop
 endfacet
  facet normal 0 0 0
    outer loop
   vertex 12.8 25.676 0.326
   vertex 12.8 26.15 0.506
   vertex 12.8 26.15 0.326
  endloop
 endfacet
  facet normal 0 0 0
    outer loop
   vertex 12.8 25.676 0.326
   vertex 12.8 25.203 0.506
   vertex 12.8 26.15 0.506
  endloop
 endfacet
  facet normal 0 0 0
    outer loop
   vertex 12.8 24.255 0.326
   vertex 12.8 23.781 0.506
   vertex 12.8 24.255 0.506
  endloop
 endfacet
  facet normal 0 0 0
    outer loop
   vertex 12.8 23.308 0.326
   vertex 12.8 23.308 0.506
   vertex 12.8 23.781 0.506
  endloop
 endfacet
  facet normal 0 0 0
    outer loop
   vertex 12.8 23.308 0.326
   vertex 12.8 23.781 0.506
   vertex 12.8 24.255 0.326
  endloop
 endfacet
  facet normal 0 0 0
    outer loop
   vertex 12.8 22.834 0.326
   vertex 12.8 23.308 0.506
   vertex 12.8 23.308 0.326
  endloop
 endfacet
  facet normal 0 0 0
    outer loop
   vertex 12.8 22.36 0.326
   vertex 12.8 22.36 0.506
   vertex 12.8 22.834 0.326
  endloop
 endfacet
  facet normal 0 0 0
    outer loop
   vertex 12.8 22.834 0.326
   vertex 12.8 22.36 0.506
   vertex 12.8 23.308 0.506
  endloop
 endfacet
  facet normal 0 0 0
    outer loop
   vertex 12.8 26.15 0.326
   vertex 12.8 26.15 0.506
   vertex 12.8 26.624 0.326
  endloop
 endfacet
  facet normal 0 0 0
    outer loop
   vertex 12.8 26.624 0.326
   vertex 12.8 27.098 0.506
   vertex 12.8 27.098 0.326
  endloop
 endfacet
  facet normal 0 0 0
    outer loop
   vertex 12.8 26.624 0.326
   vertex 12.8 26.15 0.506
   vertex 12.8 27.098 0.506
  endloop
 endfacet
  facet normal 0 0 0
    outer loop
   vertex 12.8 27.098 0.326
   vertex 12.8 27.098 0.506
   vertex 12.8 27.571 0.506
  endloop
 endfacet
  facet normal 0 0 0
    outer loop
   vertex 12.8 28.045 0.326
   vertex 12.8 27.571 0.506
   vertex 12.8 28.045 0.506
  endloop
 endfacet
  facet normal 0 0 0
    outer loop
   vertex 12.8 27.098 0.326
   vertex 12.8 27.571 0.506
   vertex 12.8 28.045 0.326
  endloop
 endfacet
  facet normal 0 0 0
    outer loop
   vertex 12.8 28.519 0.326
   vertex 12.8 28.993 0.506
   vertex 12.8 28.993 0.326
  endloop
 endfacet
  facet normal 0 0 0
    outer loop
   vertex 12.8 28.045 0.326
   vertex 12.8 28.045 0.506
   vertex 12.8 28.519 0.326
  endloop
 endfacet
  facet normal 0 0 0
    outer loop
   vertex 12.8 28.519 0.326
   vertex 12.8 28.045 0.506
   vertex 12.8 28.993 0.506
  endloop
 endfacet
  facet normal 0 0 0
    outer loop
   vertex 12.8 28.993 0.326
   vertex 12.8 28.993 0.506
   vertex 12.8 29.466 0.326
  endloop
 endfacet
  facet normal 0 0 0
    outer loop
   vertex 12.8 29.466 0.326
   vertex 12.8 29.94 0.506
   vertex 12.8 29.94 0.326
  endloop
 endfacet
  facet normal 0 0 0
    outer loop
   vertex 12.8 29.466 0.326
   vertex 12.8 28.993 0.506
   vertex 12.8 29.94 0.506
  endloop
 endfacet
  facet normal 0 0 0
    outer loop
   vertex 12.8 22.36 0.326
   vertex 12.8 21.886 0.506
   vertex 12.8 22.36 0.506
  endloop
 endfacet
  facet normal 0 0 0
    outer loop
   vertex 12.8 21.413 0.326
   vertex 12.8 21.413 0.506
   vertex 12.8 21.886 0.506
  endloop
 endfacet
  facet normal 0 0 0
    outer loop
   vertex 12.8 21.413 0.326
   vertex 12.8 21.886 0.506
   vertex 12.8 22.36 0.326
  endloop
 endfacet
  facet normal 0 0 0
    outer loop
   vertex 12.8 20.939 0.326
   vertex 12.8 21.413 0.506
   vertex 12.8 21.413 0.326
  endloop
 endfacet
  facet normal 0 0 0
    outer loop
   vertex 12.8 20.465 0.326
   vertex 12.8 20.465 0.506
   vertex 12.8 20.939 0.326
  endloop
 endfacet
  facet normal 0 0 0
    outer loop
   vertex 12.8 20.939 0.326
   vertex 12.8 20.465 0.506
   vertex 12.8 21.413 0.506
  endloop
 endfacet
  facet normal 0 0 0
    outer loop
   vertex 12.8 19.518 0.326
   vertex 12.8 19.518 0.506
   vertex 12.8 19.991 0.506
  endloop
 endfacet
  facet normal 0 0 0
    outer loop
   vertex 12.8 20.465 0.326
   vertex 12.8 19.991 0.506
   vertex 12.8 20.465 0.506
  endloop
 endfacet
  facet normal 0 0 0
    outer loop
   vertex 12.8 19.518 0.326
   vertex 12.8 19.991 0.506
   vertex 12.8 20.465 0.326
  endloop
 endfacet
  facet normal 0 0 0
    outer loop
   vertex 12.8 19.518 0.326
   vertex 12.8 19.044 0.506
   vertex 12.8 19.518 0.506
  endloop
 endfacet
  facet normal 0 0 0
    outer loop
   vertex 12.8 18.57 0.326
   vertex 12.8 18.57 0.506
   vertex 12.8 19.044 0.506
  endloop
 endfacet
  facet normal 0 0 0
    outer loop
   vertex 12.8 18.57 0.326
   vertex 12.8 19.044 0.506
   vertex 12.8 19.518 0.326
  endloop
 endfacet
  facet normal 0 0 0
    outer loop
   vertex 12.8 17.149 0.326
   vertex 12.8 17.623 0.506
   vertex 12.8 17.623 0.326
  endloop
 endfacet
  facet normal 0 0 0
    outer loop
   vertex 12.8 16.675 0.326
   vertex 12.8 16.675 0.506
   vertex 12.8 17.149 0.326
  endloop
 endfacet
  facet normal 0 0 0
    outer loop
   vertex 12.8 17.149 0.326
   vertex 12.8 16.675 0.506
   vertex 12.8 17.623 0.506
  endloop
 endfacet
  facet normal 0 0 0
    outer loop
   vertex 12.8 17.623 0.326
   vertex 12.8 17.623 0.506
   vertex 12.8 18.096 0.326
  endloop
 endfacet
  facet normal 0 0 0
    outer loop
   vertex 12.8 18.096 0.326
   vertex 12.8 18.57 0.506
   vertex 12.8 18.57 0.326
  endloop
 endfacet
  facet normal 0 0 0
    outer loop
   vertex 12.8 18.096 0.326
   vertex 12.8 17.623 0.506
   vertex 12.8 18.57 0.506
  endloop
 endfacet
  facet normal 0 0 0
    outer loop
   vertex 12.8 16.675 0.326
   vertex 12.8 16.201 0.506
   vertex 12.8 16.675 0.506
  endloop
 endfacet
  facet normal 0 0 0
    outer loop
   vertex 12.8 15.728 0.326
   vertex 12.8 15.728 0.506
   vertex 12.8 16.201 0.506
  endloop
 endfacet
  facet normal 0 0 0
    outer loop
   vertex 12.8 15.728 0.326
   vertex 12.8 16.201 0.506
   vertex 12.8 16.675 0.326
  endloop
 endfacet
  facet normal 0 0 0
    outer loop
   vertex 12.8 15.254 0.326
   vertex 12.8 15.728 0.506
   vertex 12.8 15.728 0.326
  endloop
 endfacet
  facet normal 0 0 0
    outer loop
   vertex 12.8 14.78 0.326
   vertex 12.8 14.78 0.506
   vertex 12.8 15.254 0.326
  endloop
 endfacet
  facet normal 0 0 0
    outer loop
   vertex 12.8 15.254 0.326
   vertex 12.8 14.78 0.506
   vertex 12.8 15.728 0.506
  endloop
 endfacet
  facet normal 0 0 0
    outer loop
   vertex 11.55 29.94 0.326
   vertex 11.55 29.94 0.506
   vertex 11.55 29.466 0.326
  endloop
 endfacet
  facet normal 0 0 0
    outer loop
   vertex 11.55 29.466 0.326
   vertex 11.55 28.993 0.506
   vertex 11.55 28.993 0.326
  endloop
 endfacet
  facet normal 0 0 0
    outer loop
   vertex 11.55 29.466 0.326
   vertex 11.55 29.94 0.506
   vertex 11.55 28.993 0.506
  endloop
 endfacet
  facet normal 0 0 0
    outer loop
   vertex 11.55 28.993 0.326
   vertex 11.55 28.993 0.506
   vertex 11.55 28.519 0.506
  endloop
 endfacet
  facet normal 0 0 0
    outer loop
   vertex 11.55 28.045 0.326
   vertex 11.55 28.519 0.506
   vertex 11.55 28.045 0.506
  endloop
 endfacet
  facet normal 0 0 0
    outer loop
   vertex 11.55 28.993 0.326
   vertex 11.55 28.519 0.506
   vertex 11.55 28.045 0.326
  endloop
 endfacet
  facet normal 0 0 0
    outer loop
   vertex 11.55 27.571 0.326
   vertex 11.55 27.098 0.506
   vertex 11.55 27.098 0.326
  endloop
 endfacet
  facet normal 0 0 0
    outer loop
   vertex 11.55 28.045 0.326
   vertex 11.55 28.045 0.506
   vertex 11.55 27.571 0.326
  endloop
 endfacet
  facet normal 0 0 0
    outer loop
   vertex 11.55 27.571 0.326
   vertex 11.55 28.045 0.506
   vertex 11.55 27.098 0.506
  endloop
 endfacet
  facet normal 0 0 0
    outer loop
   vertex 11.55 27.098 0.326
   vertex 11.55 27.098 0.506
   vertex 11.55 26.624 0.326
  endloop
 endfacet
  facet normal 0 0 0
    outer loop
   vertex 11.55 26.624 0.326
   vertex 11.55 26.15 0.506
   vertex 11.55 26.15 0.326
  endloop
 endfacet
  facet normal 0 0 0
    outer loop
   vertex 11.55 26.624 0.326
   vertex 11.55 27.098 0.506
   vertex 11.55 26.15 0.506
  endloop
 endfacet
  facet normal 0 0 0
    outer loop
   vertex 11.55 25.203 0.326
   vertex 11.55 25.203 0.506
   vertex 11.55 24.729 0.506
  endloop
 endfacet
  facet normal 0 0 0
    outer loop
   vertex 11.55 24.255 0.326
   vertex 11.55 24.729 0.506
   vertex 11.55 24.255 0.506
  endloop
 endfacet
  facet normal 0 0 0
    outer loop
   vertex 11.55 25.203 0.326
   vertex 11.55 24.729 0.506
   vertex 11.55 24.255 0.326
  endloop
 endfacet
  facet normal 0 0 0
    outer loop
   vertex 11.55 25.203 0.326
   vertex 11.55 25.676 0.506
   vertex 11.55 25.203 0.506
  endloop
 endfacet
  facet normal 0 0 0
    outer loop
   vertex 11.55 26.15 0.326
   vertex 11.55 26.15 0.506
   vertex 11.55 25.676 0.506
  endloop
 endfacet
  facet normal 0 0 0
    outer loop
   vertex 11.55 26.15 0.326
   vertex 11.55 25.676 0.506
   vertex 11.55 25.203 0.326
  endloop
 endfacet
  facet normal 0 0 0
    outer loop
   vertex 11.55 24.255 0.326
   vertex 11.55 24.255 0.506
   vertex 11.55 23.781 0.326
  endloop
 endfacet
  facet normal 0 0 0
    outer loop
   vertex 11.55 23.781 0.326
   vertex 11.55 23.308 0.506
   vertex 11.55 23.308 0.326
  endloop
 endfacet
  facet normal 0 0 0
    outer loop
   vertex 11.55 23.781 0.326
   vertex 11.55 24.255 0.506
   vertex 11.55 23.308 0.506
  endloop
 endfacet
  facet normal 0 0 0
    outer loop
   vertex 11.55 23.308 0.326
   vertex 11.55 23.308 0.506
   vertex 11.55 22.834 0.506
  endloop
 endfacet
  facet normal 0 0 0
    outer loop
   vertex 11.55 22.36 0.326
   vertex 11.55 22.834 0.506
   vertex 11.55 22.36 0.506
  endloop
 endfacet
  facet normal 0 0 0
    outer loop
   vertex 11.55 23.308 0.326
   vertex 11.55 22.834 0.506
   vertex 11.55 22.36 0.326
  endloop
 endfacet
  facet normal 0 0 0
    outer loop
   vertex 11.55 19.991 0.326
   vertex 11.55 19.518 0.506
   vertex 11.55 19.518 0.326
  endloop
 endfacet
  facet normal 0 0 0
    outer loop
   vertex 11.55 20.465 0.326
   vertex 11.55 20.465 0.506
   vertex 11.55 19.991 0.326
  endloop
 endfacet
  facet normal 0 0 0
    outer loop
   vertex 11.55 19.991 0.326
   vertex 11.55 20.465 0.506
   vertex 11.55 19.518 0.506
  endloop
 endfacet
  facet normal 0 0 0
    outer loop
   vertex 11.55 19.518 0.326
   vertex 11.55 19.518 0.506
   vertex 11.55 19.044 0.326
  endloop
 endfacet
  facet normal 0 0 0
    outer loop
   vertex 11.55 19.044 0.326
   vertex 11.55 18.57 0.506
   vertex 11.55 18.57 0.326
  endloop
 endfacet
  facet normal 0 0 0
    outer loop
   vertex 11.55 19.044 0.326
   vertex 11.55 19.518 0.506
   vertex 11.55 18.57 0.506
  endloop
 endfacet
  facet normal 0 0 0
    outer loop
   vertex 11.55 20.465 0.326
   vertex 11.55 20.939 0.506
   vertex 11.55 20.465 0.506
  endloop
 endfacet
  facet normal 0 0 0
    outer loop
   vertex 11.55 21.413 0.326
   vertex 11.55 21.413 0.506
   vertex 11.55 20.939 0.506
  endloop
 endfacet
  facet normal 0 0 0
    outer loop
   vertex 11.55 21.413 0.326
   vertex 11.55 20.939 0.506
   vertex 11.55 20.465 0.326
  endloop
 endfacet
  facet normal 0 0 0
    outer loop
   vertex 11.55 21.886 0.326
   vertex 11.55 21.413 0.506
   vertex 11.55 21.413 0.326
  endloop
 endfacet
  facet normal 0 0 0
    outer loop
   vertex 11.55 22.36 0.326
   vertex 11.55 22.36 0.506
   vertex 11.55 21.886 0.326
  endloop
 endfacet
  facet normal 0 0 0
    outer loop
   vertex 11.55 21.886 0.326
   vertex 11.55 22.36 0.506
   vertex 11.55 21.413 0.506
  endloop
 endfacet
  facet normal 0 0 0
    outer loop
   vertex 11.55 18.57 0.326
   vertex 11.55 18.57 0.506
   vertex 11.55 18.096 0.326
  endloop
 endfacet
  facet normal 0 0 0
    outer loop
   vertex 11.55 18.096 0.326
   vertex 11.55 17.623 0.506
   vertex 11.55 17.623 0.326
  endloop
 endfacet
  facet normal 0 0 0
    outer loop
   vertex 11.55 18.096 0.326
   vertex 11.55 18.57 0.506
   vertex 11.55 17.623 0.506
  endloop
 endfacet
  facet normal 0 0 0
    outer loop
   vertex 11.55 17.623 0.326
   vertex 11.55 17.623 0.506
   vertex 11.55 17.149 0.506
  endloop
 endfacet
  facet normal 0 0 0
    outer loop
   vertex 11.55 16.675 0.326
   vertex 11.55 17.149 0.506
   vertex 11.55 16.675 0.506
  endloop
 endfacet
  facet normal 0 0 0
    outer loop
   vertex 11.55 17.623 0.326
   vertex 11.55 17.149 0.506
   vertex 11.55 16.675 0.326
  endloop
 endfacet
  facet normal 0 0 0
    outer loop
   vertex 11.55 16.201 0.326
   vertex 11.55 15.728 0.506
   vertex 11.55 15.728 0.326
  endloop
 endfacet
  facet normal 0 0 0
    outer loop
   vertex 11.55 16.675 0.326
   vertex 11.55 16.675 0.506
   vertex 11.55 16.201 0.326
  endloop
 endfacet
  facet normal 0 0 0
    outer loop
   vertex 11.55 16.201 0.326
   vertex 11.55 16.675 0.506
   vertex 11.55 15.728 0.506
  endloop
 endfacet
  facet normal 0 0 0
    outer loop
   vertex 11.55 15.728 0.326
   vertex 11.55 15.728 0.506
   vertex 11.55 15.254 0.326
  endloop
 endfacet
  facet normal 0 0 0
    outer loop
   vertex 11.55 15.254 0.326
   vertex 11.55 14.78 0.506
   vertex 11.55 14.78 0.326
  endloop
 endfacet
  facet normal 0 0 0
    outer loop
   vertex 11.55 15.254 0.326
   vertex 11.55 15.728 0.506
   vertex 11.55 14.78 0.506
  endloop
 endfacet
  facet normal 0 0 0
    outer loop
   vertex 11.55 4.831 0.326
   vertex 11.55 4.358 0.506
   vertex 11.55 4.358 0.326
  endloop
 endfacet
  facet normal 0 0 0
    outer loop
   vertex 11.55 5.305 0.326
   vertex 11.55 5.305 0.506
   vertex 11.55 4.831 0.326
  endloop
 endfacet
  facet normal 0 0 0
    outer loop
   vertex 11.55 4.831 0.326
   vertex 11.55 5.305 0.506
   vertex 11.55 4.358 0.506
  endloop
 endfacet
  facet normal 0 0 0
    outer loop
   vertex 11.55 4.358 0.326
   vertex 11.55 4.358 0.506
   vertex 11.55 3.884 0.326
  endloop
 endfacet
  facet normal 0 0 0
    outer loop
   vertex 11.55 3.884 0.326
   vertex 11.55 3.41 0.506
   vertex 11.55 3.41 0.326
  endloop
 endfacet
  facet normal 0 0 0
    outer loop
   vertex 11.55 3.884 0.326
   vertex 11.55 4.358 0.506
   vertex 11.55 3.41 0.506
  endloop
 endfacet
  facet normal 0 0 0
    outer loop
   vertex 11.55 5.305 0.326
   vertex 11.55 5.779 0.506
   vertex 11.55 5.305 0.506
  endloop
 endfacet
  facet normal 0 0 0
    outer loop
   vertex 11.55 6.253 0.326
   vertex 11.55 6.253 0.506
   vertex 11.55 5.779 0.506
  endloop
 endfacet
  facet normal 0 0 0
    outer loop
   vertex 11.55 6.253 0.326
   vertex 11.55 5.779 0.506
   vertex 11.55 5.305 0.326
  endloop
 endfacet
  facet normal 0 0 0
    outer loop
   vertex 11.55 6.726 0.326
   vertex 11.55 6.253 0.506
   vertex 11.55 6.253 0.326
  endloop
 endfacet
  facet normal 0 0 0
    outer loop
   vertex 11.55 7.2 0.326
   vertex 11.55 7.2 0.506
   vertex 11.55 6.726 0.326
  endloop
 endfacet
  facet normal 0 0 0
    outer loop
   vertex 11.55 6.726 0.326
   vertex 11.55 7.2 0.506
   vertex 11.55 6.253 0.506
  endloop
 endfacet
  facet normal 0 0 0
    outer loop
   vertex 11.55 3.41 0.326
   vertex 11.55 3.41 0.506
   vertex 11.55 2.936 0.326
  endloop
 endfacet
  facet normal 0 0 0
    outer loop
   vertex 11.55 2.936 0.326
   vertex 11.55 2.463 0.506
   vertex 11.55 2.463 0.326
  endloop
 endfacet
  facet normal 0 0 0
    outer loop
   vertex 11.55 2.936 0.326
   vertex 11.55 3.41 0.506
   vertex 11.55 2.463 0.506
  endloop
 endfacet
  facet normal 0 0 0
    outer loop
   vertex 11.55 2.463 0.326
   vertex 11.55 2.463 0.506
   vertex 11.55 1.989 0.506
  endloop
 endfacet
  facet normal 0 0 0
    outer loop
   vertex 11.55 1.515 0.326
   vertex 11.55 1.989 0.506
   vertex 11.55 1.515 0.506
  endloop
 endfacet
  facet normal 0 0 0
    outer loop
   vertex 11.55 2.463 0.326
   vertex 11.55 1.989 0.506
   vertex 11.55 1.515 0.326
  endloop
 endfacet
  facet normal 0 0 0
    outer loop
   vertex 11.55 1.041 0.326
   vertex 11.55 0.568 0.506
   vertex 11.55 0.568 0.326
  endloop
 endfacet
  facet normal 0 0 0
    outer loop
   vertex 11.55 1.515 0.326
   vertex 11.55 1.515 0.506
   vertex 11.55 1.041 0.326
  endloop
 endfacet
  facet normal 0 0 0
    outer loop
   vertex 11.55 1.041 0.326
   vertex 11.55 1.515 0.506
   vertex 11.55 0.568 0.506
  endloop
 endfacet
  facet normal 0 0 0
    outer loop
   vertex 11.55 0.568 0.326
   vertex 11.55 0.568 0.506
   vertex 11.55 0.094 0.326
  endloop
 endfacet
  facet normal 0 0 0
    outer loop
   vertex 11.55 0.094 0.326
   vertex 11.55 -0.38 0.506
   vertex 11.55 -0.38 0.326
  endloop
 endfacet
  facet normal 0 0 0
    outer loop
   vertex 11.55 0.094 0.326
   vertex 11.55 0.568 0.506
   vertex 11.55 -0.38 0.506
  endloop
 endfacet
  facet normal 0 0 0
    outer loop
   vertex 11.55 7.2 0.326
   vertex 11.55 7.674 0.506
   vertex 11.55 7.2 0.506
  endloop
 endfacet
  facet normal 0 0 0
    outer loop
   vertex 11.55 8.148 0.326
   vertex 11.55 8.148 0.506
   vertex 11.55 7.674 0.506
  endloop
 endfacet
  facet normal 0 0 0
    outer loop
   vertex 11.55 8.148 0.326
   vertex 11.55 7.674 0.506
   vertex 11.55 7.2 0.326
  endloop
 endfacet
  facet normal 0 0 0
    outer loop
   vertex 11.55 8.621 0.326
   vertex 11.55 8.148 0.506
   vertex 11.55 8.148 0.326
  endloop
 endfacet
  facet normal 0 0 0
    outer loop
   vertex 11.55 9.095 0.326
   vertex 11.55 9.095 0.506
   vertex 11.55 8.621 0.326
  endloop
 endfacet
  facet normal 0 0 0
    outer loop
   vertex 11.55 8.621 0.326
   vertex 11.55 9.095 0.506
   vertex 11.55 8.148 0.506
  endloop
 endfacet
  facet normal 0 0 0
    outer loop
   vertex 11.55 10.043 0.326
   vertex 11.55 10.043 0.506
   vertex 11.55 9.569 0.506
  endloop
 endfacet
  facet normal 0 0 0
    outer loop
   vertex 11.55 9.095 0.326
   vertex 11.55 9.569 0.506
   vertex 11.55 9.095 0.506
  endloop
 endfacet
  facet normal 0 0 0
    outer loop
   vertex 11.55 10.043 0.326
   vertex 11.55 9.569 0.506
   vertex 11.55 9.095 0.326
  endloop
 endfacet
  facet normal 0 0 0
    outer loop
   vertex 11.55 10.043 0.326
   vertex 11.55 10.516 0.506
   vertex 11.55 10.043 0.506
  endloop
 endfacet
  facet normal 0 0 0
    outer loop
   vertex 11.55 10.99 0.326
   vertex 11.55 10.99 0.506
   vertex 11.55 10.516 0.506
  endloop
 endfacet
  facet normal 0 0 0
    outer loop
   vertex 11.55 10.99 0.326
   vertex 11.55 10.516 0.506
   vertex 11.55 10.043 0.326
  endloop
 endfacet
  facet normal 0 0 0
    outer loop
   vertex 11.55 12.411 0.326
   vertex 11.55 11.938 0.506
   vertex 11.55 11.938 0.326
  endloop
 endfacet
  facet normal 0 0 0
    outer loop
   vertex 11.55 12.885 0.326
   vertex 11.55 12.885 0.506
   vertex 11.55 12.411 0.326
  endloop
 endfacet
  facet normal 0 0 0
    outer loop
   vertex 11.55 12.411 0.326
   vertex 11.55 12.885 0.506
   vertex 11.55 11.938 0.506
  endloop
 endfacet
  facet normal 0 0 0
    outer loop
   vertex 11.55 11.938 0.326
   vertex 11.55 11.938 0.506
   vertex 11.55 11.464 0.326
  endloop
 endfacet
  facet normal 0 0 0
    outer loop
   vertex 11.55 11.464 0.326
   vertex 11.55 10.99 0.506
   vertex 11.55 10.99 0.326
  endloop
 endfacet
  facet normal 0 0 0
    outer loop
   vertex 11.55 11.464 0.326
   vertex 11.55 11.938 0.506
   vertex 11.55 10.99 0.506
  endloop
 endfacet
  facet normal 0 0 0
    outer loop
   vertex 11.55 12.885 0.326
   vertex 11.55 13.359 0.506
   vertex 11.55 12.885 0.506
  endloop
 endfacet
  facet normal 0 0 0
    outer loop
   vertex 11.55 13.833 0.326
   vertex 11.55 13.833 0.506
   vertex 11.55 13.359 0.506
  endloop
 endfacet
  facet normal 0 0 0
    outer loop
   vertex 11.55 13.833 0.326
   vertex 11.55 13.359 0.506
   vertex 11.55 12.885 0.326
  endloop
 endfacet
  facet normal 0 0 0
    outer loop
   vertex 11.55 14.306 0.326
   vertex 11.55 13.833 0.506
   vertex 11.55 13.833 0.326
  endloop
 endfacet
  facet normal 0 0 0
    outer loop
   vertex 11.55 14.78 0.326
   vertex 11.55 14.78 0.506
   vertex 11.55 14.306 0.326
  endloop
 endfacet
  facet normal 0 0 0
    outer loop
   vertex 11.55 14.306 0.326
   vertex 11.55 14.78 0.506
   vertex 11.55 13.833 0.506
  endloop
 endfacet
  facet normal 0 0 0
    outer loop
   vertex 19.05 -0.38 0.326
   vertex 19.05 -0.38 0.506
   vertex 19.05 0.094 0.326
  endloop
 endfacet
  facet normal 0 0 0
    outer loop
   vertex 19.05 0.094 0.326
   vertex 19.05 0.568 0.506
   vertex 19.05 0.568 0.326
  endloop
 endfacet
  facet normal 0 0 0
    outer loop
   vertex 19.05 0.094 0.326
   vertex 19.05 -0.38 0.506
   vertex 19.05 0.568 0.506
  endloop
 endfacet
  facet normal 0 0 0
    outer loop
   vertex 19.05 0.568 0.326
   vertex 19.05 0.568 0.506
   vertex 19.05 1.041 0.506
  endloop
 endfacet
  facet normal 0 0 0
    outer loop
   vertex 19.05 1.515 0.326
   vertex 19.05 1.041 0.506
   vertex 19.05 1.515 0.506
  endloop
 endfacet
  facet normal 0 0 0
    outer loop
   vertex 19.05 0.568 0.326
   vertex 19.05 1.041 0.506
   vertex 19.05 1.515 0.326
  endloop
 endfacet
  facet normal 0 0 0
    outer loop
   vertex 19.05 1.989 0.326
   vertex 19.05 2.463 0.506
   vertex 19.05 2.463 0.326
  endloop
 endfacet
  facet normal 0 0 0
    outer loop
   vertex 19.05 1.515 0.326
   vertex 19.05 1.515 0.506
   vertex 19.05 1.989 0.326
  endloop
 endfacet
  facet normal 0 0 0
    outer loop
   vertex 19.05 1.989 0.326
   vertex 19.05 1.515 0.506
   vertex 19.05 2.463 0.506
  endloop
 endfacet
  facet normal 0 0 0
    outer loop
   vertex 19.05 2.463 0.326
   vertex 19.05 2.463 0.506
   vertex 19.05 2.936 0.326
  endloop
 endfacet
  facet normal 0 0 0
    outer loop
   vertex 19.05 2.936 0.326
   vertex 19.05 3.41 0.506
   vertex 19.05 3.41 0.326
  endloop
 endfacet
  facet normal 0 0 0
    outer loop
   vertex 19.05 2.936 0.326
   vertex 19.05 2.463 0.506
   vertex 19.05 3.41 0.506
  endloop
 endfacet
  facet normal 0 0 0
    outer loop
   vertex 19.05 4.358 0.326
   vertex 19.05 4.358 0.506
   vertex 19.05 4.831 0.506
  endloop
 endfacet
  facet normal 0 0 0
    outer loop
   vertex 19.05 5.305 0.326
   vertex 19.05 4.831 0.506
   vertex 19.05 5.305 0.506
  endloop
 endfacet
  facet normal 0 0 0
    outer loop
   vertex 19.05 4.358 0.326
   vertex 19.05 4.831 0.506
   vertex 19.05 5.305 0.326
  endloop
 endfacet
  facet normal 0 0 0
    outer loop
   vertex 19.05 4.358 0.326
   vertex 19.05 3.884 0.506
   vertex 19.05 4.358 0.506
  endloop
 endfacet
  facet normal 0 0 0
    outer loop
   vertex 19.05 3.41 0.326
   vertex 19.05 3.41 0.506
   vertex 19.05 3.884 0.506
  endloop
 endfacet
  facet normal 0 0 0
    outer loop
   vertex 19.05 3.41 0.326
   vertex 19.05 3.884 0.506
   vertex 19.05 4.358 0.326
  endloop
 endfacet
  facet normal 0 0 0
    outer loop
   vertex 19.05 5.305 0.326
   vertex 19.05 5.305 0.506
   vertex 19.05 5.779 0.326
  endloop
 endfacet
  facet normal 0 0 0
    outer loop
   vertex 19.05 5.779 0.326
   vertex 19.05 6.253 0.506
   vertex 19.05 6.253 0.326
  endloop
 endfacet
  facet normal 0 0 0
    outer loop
   vertex 19.05 5.779 0.326
   vertex 19.05 5.305 0.506
   vertex 19.05 6.253 0.506
  endloop
 endfacet
  facet normal 0 0 0
    outer loop
   vertex 19.05 6.253 0.326
   vertex 19.05 6.253 0.506
   vertex 19.05 6.726 0.506
  endloop
 endfacet
  facet normal 0 0 0
    outer loop
   vertex 19.05 7.2 0.326
   vertex 19.05 6.726 0.506
   vertex 19.05 7.2 0.506
  endloop
 endfacet
  facet normal 0 0 0
    outer loop
   vertex 19.05 6.253 0.326
   vertex 19.05 6.726 0.506
   vertex 19.05 7.2 0.326
  endloop
 endfacet
  facet normal 0 0 0
    outer loop
   vertex 19.05 9.569 0.326
   vertex 19.05 10.043 0.506
   vertex 19.05 10.043 0.326
  endloop
 endfacet
  facet normal 0 0 0
    outer loop
   vertex 19.05 9.095 0.326
   vertex 19.05 9.095 0.506
   vertex 19.05 9.569 0.326
  endloop
 endfacet
  facet normal 0 0 0
    outer loop
   vertex 19.05 9.569 0.326
   vertex 19.05 9.095 0.506
   vertex 19.05 10.043 0.506
  endloop
 endfacet
  facet normal 0 0 0
    outer loop
   vertex 19.05 10.043 0.326
   vertex 19.05 10.043 0.506
   vertex 19.05 10.516 0.326
  endloop
 endfacet
  facet normal 0 0 0
    outer loop
   vertex 19.05 10.516 0.326
   vertex 19.05 10.99 0.506
   vertex 19.05 10.99 0.326
  endloop
 endfacet
  facet normal 0 0 0
    outer loop
   vertex 19.05 10.516 0.326
   vertex 19.05 10.043 0.506
   vertex 19.05 10.99 0.506
  endloop
 endfacet
  facet normal 0 0 0
    outer loop
   vertex 19.05 9.095 0.326
   vertex 19.05 8.621 0.506
   vertex 19.05 9.095 0.506
  endloop
 endfacet
  facet normal 0 0 0
    outer loop
   vertex 19.05 8.148 0.326
   vertex 19.05 8.148 0.506
   vertex 19.05 8.621 0.506
  endloop
 endfacet
  facet normal 0 0 0
    outer loop
   vertex 19.05 8.148 0.326
   vertex 19.05 8.621 0.506
   vertex 19.05 9.095 0.326
  endloop
 endfacet
  facet normal 0 0 0
    outer loop
   vertex 19.05 7.674 0.326
   vertex 19.05 8.148 0.506
   vertex 19.05 8.148 0.326
  endloop
 endfacet
  facet normal 0 0 0
    outer loop
   vertex 19.05 7.2 0.326
   vertex 19.05 7.2 0.506
   vertex 19.05 7.674 0.326
  endloop
 endfacet
  facet normal 0 0 0
    outer loop
   vertex 19.05 7.674 0.326
   vertex 19.05 7.2 0.506
   vertex 19.05 8.148 0.506
  endloop
 endfacet
  facet normal 0 0 0
    outer loop
   vertex 19.05 10.99 0.326
   vertex 19.05 10.99 0.506
   vertex 19.05 11.464 0.326
  endloop
 endfacet
  facet normal 0 0 0
    outer loop
   vertex 19.05 11.464 0.326
   vertex 19.05 11.938 0.506
   vertex 19.05 11.938 0.326
  endloop
 endfacet
  facet normal 0 0 0
    outer loop
   vertex 19.05 11.464 0.326
   vertex 19.05 10.99 0.506
   vertex 19.05 11.938 0.506
  endloop
 endfacet
  facet normal 0 0 0
    outer loop
   vertex 19.05 11.938 0.326
   vertex 19.05 11.938 0.506
   vertex 19.05 12.411 0.506
  endloop
 endfacet
  facet normal 0 0 0
    outer loop
   vertex 19.05 12.885 0.326
   vertex 19.05 12.411 0.506
   vertex 19.05 12.885 0.506
  endloop
 endfacet
  facet normal 0 0 0
    outer loop
   vertex 19.05 11.938 0.326
   vertex 19.05 12.411 0.506
   vertex 19.05 12.885 0.326
  endloop
 endfacet
  facet normal 0 0 0
    outer loop
   vertex 19.05 13.359 0.326
   vertex 19.05 13.833 0.506
   vertex 19.05 13.833 0.326
  endloop
 endfacet
  facet normal 0 0 0
    outer loop
   vertex 19.05 12.885 0.326
   vertex 19.05 12.885 0.506
   vertex 19.05 13.359 0.326
  endloop
 endfacet
  facet normal 0 0 0
    outer loop
   vertex 19.05 13.359 0.326
   vertex 19.05 12.885 0.506
   vertex 19.05 13.833 0.506
  endloop
 endfacet
  facet normal 0 0 0
    outer loop
   vertex 19.05 13.833 0.326
   vertex 19.05 13.833 0.506
   vertex 19.05 14.306 0.326
  endloop
 endfacet
  facet normal 0 0 0
    outer loop
   vertex 19.05 14.306 0.326
   vertex 19.05 14.78 0.506
   vertex 19.05 14.78 0.326
  endloop
 endfacet
  facet normal 0 0 0
    outer loop
   vertex 19.05 14.306 0.326
   vertex 19.05 13.833 0.506
   vertex 19.05 14.78 0.506
  endloop
 endfacet
  facet normal 0 0 0
    outer loop
   vertex 19.05 24.729 0.326
   vertex 19.05 25.203 0.506
   vertex 19.05 25.203 0.326
  endloop
 endfacet
  facet normal 0 0 0
    outer loop
   vertex 19.05 24.255 0.326
   vertex 19.05 24.255 0.506
   vertex 19.05 24.729 0.326
  endloop
 endfacet
  facet normal 0 0 0
    outer loop
   vertex 19.05 24.729 0.326
   vertex 19.05 24.255 0.506
   vertex 19.05 25.203 0.506
  endloop
 endfacet
  facet normal 0 0 0
    outer loop
   vertex 19.05 25.203 0.326
   vertex 19.05 25.203 0.506
   vertex 19.05 25.676 0.326
  endloop
 endfacet
  facet normal 0 0 0
    outer loop
   vertex 19.05 25.676 0.326
   vertex 19.05 26.15 0.506
   vertex 19.05 26.15 0.326
  endloop
 endfacet
  facet normal 0 0 0
    outer loop
   vertex 19.05 25.676 0.326
   vertex 19.05 25.203 0.506
   vertex 19.05 26.15 0.506
  endloop
 endfacet
  facet normal 0 0 0
    outer loop
   vertex 19.05 24.255 0.326
   vertex 19.05 23.781 0.506
   vertex 19.05 24.255 0.506
  endloop
 endfacet
  facet normal 0 0 0
    outer loop
   vertex 19.05 23.308 0.326
   vertex 19.05 23.308 0.506
   vertex 19.05 23.781 0.506
  endloop
 endfacet
  facet normal 0 0 0
    outer loop
   vertex 19.05 23.308 0.326
   vertex 19.05 23.781 0.506
   vertex 19.05 24.255 0.326
  endloop
 endfacet
  facet normal 0 0 0
    outer loop
   vertex 19.05 22.834 0.326
   vertex 19.05 23.308 0.506
   vertex 19.05 23.308 0.326
  endloop
 endfacet
  facet normal 0 0 0
    outer loop
   vertex 19.05 22.36 0.326
   vertex 19.05 22.36 0.506
   vertex 19.05 22.834 0.326
  endloop
 endfacet
  facet normal 0 0 0
    outer loop
   vertex 19.05 22.834 0.326
   vertex 19.05 22.36 0.506
   vertex 19.05 23.308 0.506
  endloop
 endfacet
  facet normal 0 0 0
    outer loop
   vertex 19.05 26.15 0.326
   vertex 19.05 26.15 0.506
   vertex 19.05 26.624 0.326
  endloop
 endfacet
  facet normal 0 0 0
    outer loop
   vertex 19.05 26.624 0.326
   vertex 19.05 27.098 0.506
   vertex 19.05 27.098 0.326
  endloop
 endfacet
  facet normal 0 0 0
    outer loop
   vertex 19.05 26.624 0.326
   vertex 19.05 26.15 0.506
   vertex 19.05 27.098 0.506
  endloop
 endfacet
  facet normal 0 0 0
    outer loop
   vertex 19.05 27.098 0.326
   vertex 19.05 27.098 0.506
   vertex 19.05 27.571 0.506
  endloop
 endfacet
  facet normal 0 0 0
    outer loop
   vertex 19.05 28.045 0.326
   vertex 19.05 27.571 0.506
   vertex 19.05 28.045 0.506
  endloop
 endfacet
  facet normal 0 0 0
    outer loop
   vertex 19.05 27.098 0.326
   vertex 19.05 27.571 0.506
   vertex 19.05 28.045 0.326
  endloop
 endfacet
  facet normal 0 0 0
    outer loop
   vertex 19.05 28.519 0.326
   vertex 19.05 28.993 0.506
   vertex 19.05 28.993 0.326
  endloop
 endfacet
  facet normal 0 0 0
    outer loop
   vertex 19.05 28.045 0.326
   vertex 19.05 28.045 0.506
   vertex 19.05 28.519 0.326
  endloop
 endfacet
  facet normal 0 0 0
    outer loop
   vertex 19.05 28.519 0.326
   vertex 19.05 28.045 0.506
   vertex 19.05 28.993 0.506
  endloop
 endfacet
  facet normal 0 0 0
    outer loop
   vertex 19.05 28.993 0.326
   vertex 19.05 28.993 0.506
   vertex 19.05 29.466 0.326
  endloop
 endfacet
  facet normal 0 0 0
    outer loop
   vertex 19.05 29.466 0.326
   vertex 19.05 29.94 0.506
   vertex 19.05 29.94 0.326
  endloop
 endfacet
  facet normal 0 0 0
    outer loop
   vertex 19.05 29.466 0.326
   vertex 19.05 28.993 0.506
   vertex 19.05 29.94 0.506
  endloop
 endfacet
  facet normal 0 0 0
    outer loop
   vertex 19.05 22.36 0.326
   vertex 19.05 21.886 0.506
   vertex 19.05 22.36 0.506
  endloop
 endfacet
  facet normal 0 0 0
    outer loop
   vertex 19.05 21.413 0.326
   vertex 19.05 21.413 0.506
   vertex 19.05 21.886 0.506
  endloop
 endfacet
  facet normal 0 0 0
    outer loop
   vertex 19.05 21.413 0.326
   vertex 19.05 21.886 0.506
   vertex 19.05 22.36 0.326
  endloop
 endfacet
  facet normal 0 0 0
    outer loop
   vertex 19.05 20.939 0.326
   vertex 19.05 21.413 0.506
   vertex 19.05 21.413 0.326
  endloop
 endfacet
  facet normal 0 0 0
    outer loop
   vertex 19.05 20.465 0.326
   vertex 19.05 20.465 0.506
   vertex 19.05 20.939 0.326
  endloop
 endfacet
  facet normal 0 0 0
    outer loop
   vertex 19.05 20.939 0.326
   vertex 19.05 20.465 0.506
   vertex 19.05 21.413 0.506
  endloop
 endfacet
  facet normal 0 0 0
    outer loop
   vertex 19.05 19.518 0.326
   vertex 19.05 19.518 0.506
   vertex 19.05 19.991 0.506
  endloop
 endfacet
  facet normal 0 0 0
    outer loop
   vertex 19.05 20.465 0.326
   vertex 19.05 19.991 0.506
   vertex 19.05 20.465 0.506
  endloop
 endfacet
  facet normal 0 0 0
    outer loop
   vertex 19.05 19.518 0.326
   vertex 19.05 19.991 0.506
   vertex 19.05 20.465 0.326
  endloop
 endfacet
  facet normal 0 0 0
    outer loop
   vertex 19.05 19.518 0.326
   vertex 19.05 19.044 0.506
   vertex 19.05 19.518 0.506
  endloop
 endfacet
  facet normal 0 0 0
    outer loop
   vertex 19.05 18.57 0.326
   vertex 19.05 18.57 0.506
   vertex 19.05 19.044 0.506
  endloop
 endfacet
  facet normal 0 0 0
    outer loop
   vertex 19.05 18.57 0.326
   vertex 19.05 19.044 0.506
   vertex 19.05 19.518 0.326
  endloop
 endfacet
  facet normal 0 0 0
    outer loop
   vertex 19.05 17.149 0.326
   vertex 19.05 17.623 0.506
   vertex 19.05 17.623 0.326
  endloop
 endfacet
  facet normal 0 0 0
    outer loop
   vertex 19.05 16.675 0.326
   vertex 19.05 16.675 0.506
   vertex 19.05 17.149 0.326
  endloop
 endfacet
  facet normal 0 0 0
    outer loop
   vertex 19.05 17.149 0.326
   vertex 19.05 16.675 0.506
   vertex 19.05 17.623 0.506
  endloop
 endfacet
  facet normal 0 0 0
    outer loop
   vertex 19.05 17.623 0.326
   vertex 19.05 17.623 0.506
   vertex 19.05 18.096 0.326
  endloop
 endfacet
  facet normal 0 0 0
    outer loop
   vertex 19.05 18.096 0.326
   vertex 19.05 18.57 0.506
   vertex 19.05 18.57 0.326
  endloop
 endfacet
  facet normal 0 0 0
    outer loop
   vertex 19.05 18.096 0.326
   vertex 19.05 17.623 0.506
   vertex 19.05 18.57 0.506
  endloop
 endfacet
  facet normal 0 0 0
    outer loop
   vertex 19.05 16.675 0.326
   vertex 19.05 16.201 0.506
   vertex 19.05 16.675 0.506
  endloop
 endfacet
  facet normal 0 0 0
    outer loop
   vertex 19.05 15.728 0.326
   vertex 19.05 15.728 0.506
   vertex 19.05 16.201 0.506
  endloop
 endfacet
  facet normal 0 0 0
    outer loop
   vertex 19.05 15.728 0.326
   vertex 19.05 16.201 0.506
   vertex 19.05 16.675 0.326
  endloop
 endfacet
  facet normal 0 0 0
    outer loop
   vertex 19.05 15.254 0.326
   vertex 19.05 15.728 0.506
   vertex 19.05 15.728 0.326
  endloop
 endfacet
  facet normal 0 0 0
    outer loop
   vertex 19.05 14.78 0.326
   vertex 19.05 14.78 0.506
   vertex 19.05 15.254 0.326
  endloop
 endfacet
  facet normal 0 0 0
    outer loop
   vertex 19.05 15.254 0.326
   vertex 19.05 14.78 0.506
   vertex 19.05 15.728 0.506
  endloop
 endfacet
  facet normal 0 0 0
    outer loop
   vertex 17.8 29.94 0.326
   vertex 17.8 29.94 0.506
   vertex 17.8 29.466 0.326
  endloop
 endfacet
  facet normal 0 0 0
    outer loop
   vertex 17.8 29.466 0.326
   vertex 17.8 28.993 0.506
   vertex 17.8 28.993 0.326
  endloop
 endfacet
  facet normal 0 0 0
    outer loop
   vertex 17.8 29.466 0.326
   vertex 17.8 29.94 0.506
   vertex 17.8 28.993 0.506
  endloop
 endfacet
  facet normal 0 0 0
    outer loop
   vertex 17.8 28.993 0.326
   vertex 17.8 28.993 0.506
   vertex 17.8 28.519 0.506
  endloop
 endfacet
  facet normal 0 0 0
    outer loop
   vertex 17.8 28.045 0.326
   vertex 17.8 28.519 0.506
   vertex 17.8 28.045 0.506
  endloop
 endfacet
  facet normal 0 0 0
    outer loop
   vertex 17.8 28.993 0.326
   vertex 17.8 28.519 0.506
   vertex 17.8 28.045 0.326
  endloop
 endfacet
  facet normal 0 0 0
    outer loop
   vertex 17.8 27.571 0.326
   vertex 17.8 27.098 0.506
   vertex 17.8 27.098 0.326
  endloop
 endfacet
  facet normal 0 0 0
    outer loop
   vertex 17.8 28.045 0.326
   vertex 17.8 28.045 0.506
   vertex 17.8 27.571 0.326
  endloop
 endfacet
  facet normal 0 0 0
    outer loop
   vertex 17.8 27.571 0.326
   vertex 17.8 28.045 0.506
   vertex 17.8 27.098 0.506
  endloop
 endfacet
  facet normal 0 0 0
    outer loop
   vertex 17.8 27.098 0.326
   vertex 17.8 27.098 0.506
   vertex 17.8 26.624 0.326
  endloop
 endfacet
  facet normal 0 0 0
    outer loop
   vertex 17.8 26.624 0.326
   vertex 17.8 26.15 0.506
   vertex 17.8 26.15 0.326
  endloop
 endfacet
  facet normal 0 0 0
    outer loop
   vertex 17.8 26.624 0.326
   vertex 17.8 27.098 0.506
   vertex 17.8 26.15 0.506
  endloop
 endfacet
  facet normal 0 0 0
    outer loop
   vertex 17.8 25.203 0.326
   vertex 17.8 25.203 0.506
   vertex 17.8 24.729 0.506
  endloop
 endfacet
  facet normal 0 0 0
    outer loop
   vertex 17.8 24.255 0.326
   vertex 17.8 24.729 0.506
   vertex 17.8 24.255 0.506
  endloop
 endfacet
  facet normal 0 0 0
    outer loop
   vertex 17.8 25.203 0.326
   vertex 17.8 24.729 0.506
   vertex 17.8 24.255 0.326
  endloop
 endfacet
  facet normal 0 0 0
    outer loop
   vertex 17.8 25.203 0.326
   vertex 17.8 25.676 0.506
   vertex 17.8 25.203 0.506
  endloop
 endfacet
  facet normal 0 0 0
    outer loop
   vertex 17.8 26.15 0.326
   vertex 17.8 26.15 0.506
   vertex 17.8 25.676 0.506
  endloop
 endfacet
  facet normal 0 0 0
    outer loop
   vertex 17.8 26.15 0.326
   vertex 17.8 25.676 0.506
   vertex 17.8 25.203 0.326
  endloop
 endfacet
  facet normal 0 0 0
    outer loop
   vertex 17.8 24.255 0.326
   vertex 17.8 24.255 0.506
   vertex 17.8 23.781 0.326
  endloop
 endfacet
  facet normal 0 0 0
    outer loop
   vertex 17.8 23.781 0.326
   vertex 17.8 23.308 0.506
   vertex 17.8 23.308 0.326
  endloop
 endfacet
  facet normal 0 0 0
    outer loop
   vertex 17.8 23.781 0.326
   vertex 17.8 24.255 0.506
   vertex 17.8 23.308 0.506
  endloop
 endfacet
  facet normal 0 0 0
    outer loop
   vertex 17.8 23.308 0.326
   vertex 17.8 23.308 0.506
   vertex 17.8 22.834 0.506
  endloop
 endfacet
  facet normal 0 0 0
    outer loop
   vertex 17.8 22.36 0.326
   vertex 17.8 22.834 0.506
   vertex 17.8 22.36 0.506
  endloop
 endfacet
  facet normal 0 0 0
    outer loop
   vertex 17.8 23.308 0.326
   vertex 17.8 22.834 0.506
   vertex 17.8 22.36 0.326
  endloop
 endfacet
  facet normal 0 0 0
    outer loop
   vertex 17.8 19.991 0.326
   vertex 17.8 19.518 0.506
   vertex 17.8 19.518 0.326
  endloop
 endfacet
  facet normal 0 0 0
    outer loop
   vertex 17.8 20.465 0.326
   vertex 17.8 20.465 0.506
   vertex 17.8 19.991 0.326
  endloop
 endfacet
  facet normal 0 0 0
    outer loop
   vertex 17.8 19.991 0.326
   vertex 17.8 20.465 0.506
   vertex 17.8 19.518 0.506
  endloop
 endfacet
  facet normal 0 0 0
    outer loop
   vertex 17.8 19.518 0.326
   vertex 17.8 19.518 0.506
   vertex 17.8 19.044 0.326
  endloop
 endfacet
  facet normal 0 0 0
    outer loop
   vertex 17.8 19.044 0.326
   vertex 17.8 18.57 0.506
   vertex 17.8 18.57 0.326
  endloop
 endfacet
  facet normal 0 0 0
    outer loop
   vertex 17.8 19.044 0.326
   vertex 17.8 19.518 0.506
   vertex 17.8 18.57 0.506
  endloop
 endfacet
  facet normal 0 0 0
    outer loop
   vertex 17.8 20.465 0.326
   vertex 17.8 20.939 0.506
   vertex 17.8 20.465 0.506
  endloop
 endfacet
  facet normal 0 0 0
    outer loop
   vertex 17.8 21.413 0.326
   vertex 17.8 21.413 0.506
   vertex 17.8 20.939 0.506
  endloop
 endfacet
  facet normal 0 0 0
    outer loop
   vertex 17.8 21.413 0.326
   vertex 17.8 20.939 0.506
   vertex 17.8 20.465 0.326
  endloop
 endfacet
  facet normal 0 0 0
    outer loop
   vertex 17.8 21.886 0.326
   vertex 17.8 21.413 0.506
   vertex 17.8 21.413 0.326
  endloop
 endfacet
  facet normal 0 0 0
    outer loop
   vertex 17.8 22.36 0.326
   vertex 17.8 22.36 0.506
   vertex 17.8 21.886 0.326
  endloop
 endfacet
  facet normal 0 0 0
    outer loop
   vertex 17.8 21.886 0.326
   vertex 17.8 22.36 0.506
   vertex 17.8 21.413 0.506
  endloop
 endfacet
  facet normal 0 0 0
    outer loop
   vertex 17.8 18.57 0.326
   vertex 17.8 18.57 0.506
   vertex 17.8 18.096 0.326
  endloop
 endfacet
  facet normal 0 0 0
    outer loop
   vertex 17.8 18.096 0.326
   vertex 17.8 17.623 0.506
   vertex 17.8 17.623 0.326
  endloop
 endfacet
  facet normal 0 0 0
    outer loop
   vertex 17.8 18.096 0.326
   vertex 17.8 18.57 0.506
   vertex 17.8 17.623 0.506
  endloop
 endfacet
  facet normal 0 0 0
    outer loop
   vertex 17.8 17.623 0.326
   vertex 17.8 17.623 0.506
   vertex 17.8 17.149 0.506
  endloop
 endfacet
  facet normal 0 0 0
    outer loop
   vertex 17.8 16.675 0.326
   vertex 17.8 17.149 0.506
   vertex 17.8 16.675 0.506
  endloop
 endfacet
  facet normal 0 0 0
    outer loop
   vertex 17.8 17.623 0.326
   vertex 17.8 17.149 0.506
   vertex 17.8 16.675 0.326
  endloop
 endfacet
  facet normal 0 0 0
    outer loop
   vertex 17.8 16.201 0.326
   vertex 17.8 15.728 0.506
   vertex 17.8 15.728 0.326
  endloop
 endfacet
  facet normal 0 0 0
    outer loop
   vertex 17.8 16.675 0.326
   vertex 17.8 16.675 0.506
   vertex 17.8 16.201 0.326
  endloop
 endfacet
  facet normal 0 0 0
    outer loop
   vertex 17.8 16.201 0.326
   vertex 17.8 16.675 0.506
   vertex 17.8 15.728 0.506
  endloop
 endfacet
  facet normal 0 0 0
    outer loop
   vertex 17.8 15.728 0.326
   vertex 17.8 15.728 0.506
   vertex 17.8 15.254 0.326
  endloop
 endfacet
  facet normal 0 0 0
    outer loop
   vertex 17.8 15.254 0.326
   vertex 17.8 14.78 0.506
   vertex 17.8 14.78 0.326
  endloop
 endfacet
  facet normal 0 0 0
    outer loop
   vertex 17.8 15.254 0.326
   vertex 17.8 15.728 0.506
   vertex 17.8 14.78 0.506
  endloop
 endfacet
  facet normal 0 0 0
    outer loop
   vertex 17.8 4.831 0.326
   vertex 17.8 4.358 0.506
   vertex 17.8 4.358 0.326
  endloop
 endfacet
  facet normal 0 0 0
    outer loop
   vertex 17.8 5.305 0.326
   vertex 17.8 5.305 0.506
   vertex 17.8 4.831 0.326
  endloop
 endfacet
  facet normal 0 0 0
    outer loop
   vertex 17.8 4.831 0.326
   vertex 17.8 5.305 0.506
   vertex 17.8 4.358 0.506
  endloop
 endfacet
  facet normal 0 0 0
    outer loop
   vertex 17.8 4.358 0.326
   vertex 17.8 4.358 0.506
   vertex 17.8 3.884 0.326
  endloop
 endfacet
  facet normal 0 0 0
    outer loop
   vertex 17.8 3.884 0.326
   vertex 17.8 3.41 0.506
   vertex 17.8 3.41 0.326
  endloop
 endfacet
  facet normal 0 0 0
    outer loop
   vertex 17.8 3.884 0.326
   vertex 17.8 4.358 0.506
   vertex 17.8 3.41 0.506
  endloop
 endfacet
  facet normal 0 0 0
    outer loop
   vertex 17.8 5.305 0.326
   vertex 17.8 5.779 0.506
   vertex 17.8 5.305 0.506
  endloop
 endfacet
  facet normal 0 0 0
    outer loop
   vertex 17.8 6.253 0.326
   vertex 17.8 6.253 0.506
   vertex 17.8 5.779 0.506
  endloop
 endfacet
  facet normal 0 0 0
    outer loop
   vertex 17.8 6.253 0.326
   vertex 17.8 5.779 0.506
   vertex 17.8 5.305 0.326
  endloop
 endfacet
  facet normal 0 0 0
    outer loop
   vertex 17.8 6.726 0.326
   vertex 17.8 6.253 0.506
   vertex 17.8 6.253 0.326
  endloop
 endfacet
  facet normal 0 0 0
    outer loop
   vertex 17.8 7.2 0.326
   vertex 17.8 7.2 0.506
   vertex 17.8 6.726 0.326
  endloop
 endfacet
  facet normal 0 0 0
    outer loop
   vertex 17.8 6.726 0.326
   vertex 17.8 7.2 0.506
   vertex 17.8 6.253 0.506
  endloop
 endfacet
  facet normal 0 0 0
    outer loop
   vertex 17.8 3.41 0.326
   vertex 17.8 3.41 0.506
   vertex 17.8 2.936 0.326
  endloop
 endfacet
  facet normal 0 0 0
    outer loop
   vertex 17.8 2.936 0.326
   vertex 17.8 2.463 0.506
   vertex 17.8 2.463 0.326
  endloop
 endfacet
  facet normal 0 0 0
    outer loop
   vertex 17.8 2.936 0.326
   vertex 17.8 3.41 0.506
   vertex 17.8 2.463 0.506
  endloop
 endfacet
  facet normal 0 0 0
    outer loop
   vertex 17.8 2.463 0.326
   vertex 17.8 2.463 0.506
   vertex 17.8 1.989 0.506
  endloop
 endfacet
  facet normal 0 0 0
    outer loop
   vertex 17.8 1.515 0.326
   vertex 17.8 1.989 0.506
   vertex 17.8 1.515 0.506
  endloop
 endfacet
  facet normal 0 0 0
    outer loop
   vertex 17.8 2.463 0.326
   vertex 17.8 1.989 0.506
   vertex 17.8 1.515 0.326
  endloop
 endfacet
  facet normal 0 0 0
    outer loop
   vertex 17.8 1.041 0.326
   vertex 17.8 0.568 0.506
   vertex 17.8 0.568 0.326
  endloop
 endfacet
  facet normal 0 0 0
    outer loop
   vertex 17.8 1.515 0.326
   vertex 17.8 1.515 0.506
   vertex 17.8 1.041 0.326
  endloop
 endfacet
  facet normal 0 0 0
    outer loop
   vertex 17.8 1.041 0.326
   vertex 17.8 1.515 0.506
   vertex 17.8 0.568 0.506
  endloop
 endfacet
  facet normal 0 0 0
    outer loop
   vertex 17.8 0.568 0.326
   vertex 17.8 0.568 0.506
   vertex 17.8 0.094 0.326
  endloop
 endfacet
  facet normal 0 0 0
    outer loop
   vertex 17.8 0.094 0.326
   vertex 17.8 -0.38 0.506
   vertex 17.8 -0.38 0.326
  endloop
 endfacet
  facet normal 0 0 0
    outer loop
   vertex 17.8 0.094 0.326
   vertex 17.8 0.568 0.506
   vertex 17.8 -0.38 0.506
  endloop
 endfacet
  facet normal 0 0 0
    outer loop
   vertex 17.8 7.2 0.326
   vertex 17.8 7.674 0.506
   vertex 17.8 7.2 0.506
  endloop
 endfacet
  facet normal 0 0 0
    outer loop
   vertex 17.8 8.148 0.326
   vertex 17.8 8.148 0.506
   vertex 17.8 7.674 0.506
  endloop
 endfacet
  facet normal 0 0 0
    outer loop
   vertex 17.8 8.148 0.326
   vertex 17.8 7.674 0.506
   vertex 17.8 7.2 0.326
  endloop
 endfacet
  facet normal 0 0 0
    outer loop
   vertex 17.8 8.621 0.326
   vertex 17.8 8.148 0.506
   vertex 17.8 8.148 0.326
  endloop
 endfacet
  facet normal 0 0 0
    outer loop
   vertex 17.8 9.095 0.326
   vertex 17.8 9.095 0.506
   vertex 17.8 8.621 0.326
  endloop
 endfacet
  facet normal 0 0 0
    outer loop
   vertex 17.8 8.621 0.326
   vertex 17.8 9.095 0.506
   vertex 17.8 8.148 0.506
  endloop
 endfacet
  facet normal 0 0 0
    outer loop
   vertex 17.8 10.043 0.326
   vertex 17.8 10.043 0.506
   vertex 17.8 9.569 0.506
  endloop
 endfacet
  facet normal 0 0 0
    outer loop
   vertex 17.8 9.095 0.326
   vertex 17.8 9.569 0.506
   vertex 17.8 9.095 0.506
  endloop
 endfacet
  facet normal 0 0 0
    outer loop
   vertex 17.8 10.043 0.326
   vertex 17.8 9.569 0.506
   vertex 17.8 9.095 0.326
  endloop
 endfacet
  facet normal 0 0 0
    outer loop
   vertex 17.8 10.043 0.326
   vertex 17.8 10.516 0.506
   vertex 17.8 10.043 0.506
  endloop
 endfacet
  facet normal 0 0 0
    outer loop
   vertex 17.8 10.99 0.326
   vertex 17.8 10.99 0.506
   vertex 17.8 10.516 0.506
  endloop
 endfacet
  facet normal 0 0 0
    outer loop
   vertex 17.8 10.99 0.326
   vertex 17.8 10.516 0.506
   vertex 17.8 10.043 0.326
  endloop
 endfacet
  facet normal 0 0 0
    outer loop
   vertex 17.8 12.411 0.326
   vertex 17.8 11.938 0.506
   vertex 17.8 11.938 0.326
  endloop
 endfacet
  facet normal 0 0 0
    outer loop
   vertex 17.8 12.885 0.326
   vertex 17.8 12.885 0.506
   vertex 17.8 12.411 0.326
  endloop
 endfacet
  facet normal 0 0 0
    outer loop
   vertex 17.8 12.411 0.326
   vertex 17.8 12.885 0.506
   vertex 17.8 11.938 0.506
  endloop
 endfacet
  facet normal 0 0 0
    outer loop
   vertex 17.8 11.938 0.326
   vertex 17.8 11.938 0.506
   vertex 17.8 11.464 0.326
  endloop
 endfacet
  facet normal 0 0 0
    outer loop
   vertex 17.8 11.464 0.326
   vertex 17.8 10.99 0.506
   vertex 17.8 10.99 0.326
  endloop
 endfacet
  facet normal 0 0 0
    outer loop
   vertex 17.8 11.464 0.326
   vertex 17.8 11.938 0.506
   vertex 17.8 10.99 0.506
  endloop
 endfacet
  facet normal 0 0 0
    outer loop
   vertex 17.8 12.885 0.326
   vertex 17.8 13.359 0.506
   vertex 17.8 12.885 0.506
  endloop
 endfacet
  facet normal 0 0 0
    outer loop
   vertex 17.8 13.833 0.326
   vertex 17.8 13.833 0.506
   vertex 17.8 13.359 0.506
  endloop
 endfacet
  facet normal 0 0 0
    outer loop
   vertex 17.8 13.833 0.326
   vertex 17.8 13.359 0.506
   vertex 17.8 12.885 0.326
  endloop
 endfacet
  facet normal 0 0 0
    outer loop
   vertex 17.8 14.306 0.326
   vertex 17.8 13.833 0.506
   vertex 17.8 13.833 0.326
  endloop
 endfacet
  facet normal 0 0 0
    outer loop
   vertex 17.8 14.78 0.326
   vertex 17.8 14.78 0.506
   vertex 17.8 14.306 0.326
  endloop
 endfacet
  facet normal 0 0 0
    outer loop
   vertex 17.8 14.306 0.326
   vertex 17.8 14.78 0.506
   vertex 17.8 13.833 0.506
  endloop
 endfacet
  facet normal 0 0 0
    outer loop
   vertex 25.3 -0.38 0.326
   vertex 25.3 -0.38 0.506
   vertex 25.3 0.094 0.326
  endloop
 endfacet
  facet normal 0 0 0
    outer loop
   vertex 25.3 0.094 0.326
   vertex 25.3 0.568 0.506
   vertex 25.3 0.568 0.326
  endloop
 endfacet
  facet normal 0 0 0
    outer loop
   vertex 25.3 0.094 0.326
   vertex 25.3 -0.38 0.506
   vertex 25.3 0.568 0.506
  endloop
 endfacet
  facet normal 0 0 0
    outer loop
   vertex 25.3 0.568 0.326
   vertex 25.3 0.568 0.506
   vertex 25.3 1.041 0.506
  endloop
 endfacet
  facet normal 0 0 0
    outer loop
   vertex 25.3 1.515 0.326
   vertex 25.3 1.041 0.506
   vertex 25.3 1.515 0.506
  endloop
 endfacet
  facet normal 0 0 0
    outer loop
   vertex 25.3 0.568 0.326
   vertex 25.3 1.041 0.506
   vertex 25.3 1.515 0.326
  endloop
 endfacet
  facet normal 0 0 0
    outer loop
   vertex 25.3 1.989 0.326
   vertex 25.3 2.463 0.506
   vertex 25.3 2.463 0.326
  endloop
 endfacet
  facet normal 0 0 0
    outer loop
   vertex 25.3 1.515 0.326
   vertex 25.3 1.515 0.506
   vertex 25.3 1.989 0.326
  endloop
 endfacet
  facet normal 0 0 0
    outer loop
   vertex 25.3 1.989 0.326
   vertex 25.3 1.515 0.506
   vertex 25.3 2.463 0.506
  endloop
 endfacet
  facet normal 0 0 0
    outer loop
   vertex 25.3 2.463 0.326
   vertex 25.3 2.463 0.506
   vertex 25.3 2.936 0.326
  endloop
 endfacet
  facet normal 0 0 0
    outer loop
   vertex 25.3 2.936 0.326
   vertex 25.3 3.41 0.506
   vertex 25.3 3.41 0.326
  endloop
 endfacet
  facet normal 0 0 0
    outer loop
   vertex 25.3 2.936 0.326
   vertex 25.3 2.463 0.506
   vertex 25.3 3.41 0.506
  endloop
 endfacet
  facet normal 0 0 0
    outer loop
   vertex 25.3 4.358 0.326
   vertex 25.3 4.358 0.506
   vertex 25.3 4.831 0.506
  endloop
 endfacet
  facet normal 0 0 0
    outer loop
   vertex 25.3 5.305 0.326
   vertex 25.3 4.831 0.506
   vertex 25.3 5.305 0.506
  endloop
 endfacet
  facet normal 0 0 0
    outer loop
   vertex 25.3 4.358 0.326
   vertex 25.3 4.831 0.506
   vertex 25.3 5.305 0.326
  endloop
 endfacet
  facet normal 0 0 0
    outer loop
   vertex 25.3 4.358 0.326
   vertex 25.3 3.884 0.506
   vertex 25.3 4.358 0.506
  endloop
 endfacet
  facet normal 0 0 0
    outer loop
   vertex 25.3 3.41 0.326
   vertex 25.3 3.41 0.506
   vertex 25.3 3.884 0.506
  endloop
 endfacet
  facet normal 0 0 0
    outer loop
   vertex 25.3 3.41 0.326
   vertex 25.3 3.884 0.506
   vertex 25.3 4.358 0.326
  endloop
 endfacet
  facet normal 0 0 0
    outer loop
   vertex 25.3 5.305 0.326
   vertex 25.3 5.305 0.506
   vertex 25.3 5.779 0.326
  endloop
 endfacet
  facet normal 0 0 0
    outer loop
   vertex 25.3 5.779 0.326
   vertex 25.3 6.253 0.506
   vertex 25.3 6.253 0.326
  endloop
 endfacet
  facet normal 0 0 0
    outer loop
   vertex 25.3 5.779 0.326
   vertex 25.3 5.305 0.506
   vertex 25.3 6.253 0.506
  endloop
 endfacet
  facet normal 0 0 0
    outer loop
   vertex 25.3 6.253 0.326
   vertex 25.3 6.253 0.506
   vertex 25.3 6.726 0.506
  endloop
 endfacet
  facet normal 0 0 0
    outer loop
   vertex 25.3 7.2 0.326
   vertex 25.3 6.726 0.506
   vertex 25.3 7.2 0.506
  endloop
 endfacet
  facet normal 0 0 0
    outer loop
   vertex 25.3 6.253 0.326
   vertex 25.3 6.726 0.506
   vertex 25.3 7.2 0.326
  endloop
 endfacet
  facet normal 0 0 0
    outer loop
   vertex 25.3 9.569 0.326
   vertex 25.3 10.043 0.506
   vertex 25.3 10.043 0.326
  endloop
 endfacet
  facet normal 0 0 0
    outer loop
   vertex 25.3 9.095 0.326
   vertex 25.3 9.095 0.506
   vertex 25.3 9.569 0.326
  endloop
 endfacet
  facet normal 0 0 0
    outer loop
   vertex 25.3 9.569 0.326
   vertex 25.3 9.095 0.506
   vertex 25.3 10.043 0.506
  endloop
 endfacet
  facet normal 0 0 0
    outer loop
   vertex 25.3 10.043 0.326
   vertex 25.3 10.043 0.506
   vertex 25.3 10.516 0.326
  endloop
 endfacet
  facet normal 0 0 0
    outer loop
   vertex 25.3 10.516 0.326
   vertex 25.3 10.99 0.506
   vertex 25.3 10.99 0.326
  endloop
 endfacet
  facet normal 0 0 0
    outer loop
   vertex 25.3 10.516 0.326
   vertex 25.3 10.043 0.506
   vertex 25.3 10.99 0.506
  endloop
 endfacet
  facet normal 0 0 0
    outer loop
   vertex 25.3 9.095 0.326
   vertex 25.3 8.621 0.506
   vertex 25.3 9.095 0.506
  endloop
 endfacet
  facet normal 0 0 0
    outer loop
   vertex 25.3 8.148 0.326
   vertex 25.3 8.148 0.506
   vertex 25.3 8.621 0.506
  endloop
 endfacet
  facet normal 0 0 0
    outer loop
   vertex 25.3 8.148 0.326
   vertex 25.3 8.621 0.506
   vertex 25.3 9.095 0.326
  endloop
 endfacet
  facet normal 0 0 0
    outer loop
   vertex 25.3 7.674 0.326
   vertex 25.3 8.148 0.506
   vertex 25.3 8.148 0.326
  endloop
 endfacet
  facet normal 0 0 0
    outer loop
   vertex 25.3 7.2 0.326
   vertex 25.3 7.2 0.506
   vertex 25.3 7.674 0.326
  endloop
 endfacet
  facet normal 0 0 0
    outer loop
   vertex 25.3 7.674 0.326
   vertex 25.3 7.2 0.506
   vertex 25.3 8.148 0.506
  endloop
 endfacet
  facet normal 0 0 0
    outer loop
   vertex 25.3 10.99 0.326
   vertex 25.3 10.99 0.506
   vertex 25.3 11.464 0.326
  endloop
 endfacet
  facet normal 0 0 0
    outer loop
   vertex 25.3 11.464 0.326
   vertex 25.3 11.938 0.506
   vertex 25.3 11.938 0.326
  endloop
 endfacet
  facet normal 0 0 0
    outer loop
   vertex 25.3 11.464 0.326
   vertex 25.3 10.99 0.506
   vertex 25.3 11.938 0.506
  endloop
 endfacet
  facet normal 0 0 0
    outer loop
   vertex 25.3 11.938 0.326
   vertex 25.3 11.938 0.506
   vertex 25.3 12.411 0.506
  endloop
 endfacet
  facet normal 0 0 0
    outer loop
   vertex 25.3 12.885 0.326
   vertex 25.3 12.411 0.506
   vertex 25.3 12.885 0.506
  endloop
 endfacet
  facet normal 0 0 0
    outer loop
   vertex 25.3 11.938 0.326
   vertex 25.3 12.411 0.506
   vertex 25.3 12.885 0.326
  endloop
 endfacet
  facet normal 0 0 0
    outer loop
   vertex 25.3 13.359 0.326
   vertex 25.3 13.833 0.506
   vertex 25.3 13.833 0.326
  endloop
 endfacet
  facet normal 0 0 0
    outer loop
   vertex 25.3 12.885 0.326
   vertex 25.3 12.885 0.506
   vertex 25.3 13.359 0.326
  endloop
 endfacet
  facet normal 0 0 0
    outer loop
   vertex 25.3 13.359 0.326
   vertex 25.3 12.885 0.506
   vertex 25.3 13.833 0.506
  endloop
 endfacet
  facet normal 0 0 0
    outer loop
   vertex 25.3 13.833 0.326
   vertex 25.3 13.833 0.506
   vertex 25.3 14.306 0.326
  endloop
 endfacet
  facet normal 0 0 0
    outer loop
   vertex 25.3 14.306 0.326
   vertex 25.3 14.78 0.506
   vertex 25.3 14.78 0.326
  endloop
 endfacet
  facet normal 0 0 0
    outer loop
   vertex 25.3 14.306 0.326
   vertex 25.3 13.833 0.506
   vertex 25.3 14.78 0.506
  endloop
 endfacet
  facet normal 0 0 0
    outer loop
   vertex 25.3 24.729 0.326
   vertex 25.3 25.203 0.506
   vertex 25.3 25.203 0.326
  endloop
 endfacet
  facet normal 0 0 0
    outer loop
   vertex 25.3 24.255 0.326
   vertex 25.3 24.255 0.506
   vertex 25.3 24.729 0.326
  endloop
 endfacet
  facet normal 0 0 0
    outer loop
   vertex 25.3 24.729 0.326
   vertex 25.3 24.255 0.506
   vertex 25.3 25.203 0.506
  endloop
 endfacet
  facet normal 0 0 0
    outer loop
   vertex 25.3 25.203 0.326
   vertex 25.3 25.203 0.506
   vertex 25.3 25.676 0.326
  endloop
 endfacet
  facet normal 0 0 0
    outer loop
   vertex 25.3 25.676 0.326
   vertex 25.3 26.15 0.506
   vertex 25.3 26.15 0.326
  endloop
 endfacet
  facet normal 0 0 0
    outer loop
   vertex 25.3 25.676 0.326
   vertex 25.3 25.203 0.506
   vertex 25.3 26.15 0.506
  endloop
 endfacet
  facet normal 0 0 0
    outer loop
   vertex 25.3 24.255 0.326
   vertex 25.3 23.781 0.506
   vertex 25.3 24.255 0.506
  endloop
 endfacet
  facet normal 0 0 0
    outer loop
   vertex 25.3 23.308 0.326
   vertex 25.3 23.308 0.506
   vertex 25.3 23.781 0.506
  endloop
 endfacet
  facet normal 0 0 0
    outer loop
   vertex 25.3 23.308 0.326
   vertex 25.3 23.781 0.506
   vertex 25.3 24.255 0.326
  endloop
 endfacet
  facet normal 0 0 0
    outer loop
   vertex 25.3 22.834 0.326
   vertex 25.3 23.308 0.506
   vertex 25.3 23.308 0.326
  endloop
 endfacet
  facet normal 0 0 0
    outer loop
   vertex 25.3 22.36 0.326
   vertex 25.3 22.36 0.506
   vertex 25.3 22.834 0.326
  endloop
 endfacet
  facet normal 0 0 0
    outer loop
   vertex 25.3 22.834 0.326
   vertex 25.3 22.36 0.506
   vertex 25.3 23.308 0.506
  endloop
 endfacet
  facet normal 0 0 0
    outer loop
   vertex 25.3 26.15 0.326
   vertex 25.3 26.15 0.506
   vertex 25.3 26.624 0.326
  endloop
 endfacet
  facet normal 0 0 0
    outer loop
   vertex 25.3 26.624 0.326
   vertex 25.3 27.098 0.506
   vertex 25.3 27.098 0.326
  endloop
 endfacet
  facet normal 0 0 0
    outer loop
   vertex 25.3 26.624 0.326
   vertex 25.3 26.15 0.506
   vertex 25.3 27.098 0.506
  endloop
 endfacet
  facet normal 0 0 0
    outer loop
   vertex 25.3 27.098 0.326
   vertex 25.3 27.098 0.506
   vertex 25.3 27.571 0.506
  endloop
 endfacet
  facet normal 0 0 0
    outer loop
   vertex 25.3 28.045 0.326
   vertex 25.3 27.571 0.506
   vertex 25.3 28.045 0.506
  endloop
 endfacet
  facet normal 0 0 0
    outer loop
   vertex 25.3 27.098 0.326
   vertex 25.3 27.571 0.506
   vertex 25.3 28.045 0.326
  endloop
 endfacet
  facet normal 0 0 0
    outer loop
   vertex 25.3 28.519 0.326
   vertex 25.3 28.993 0.506
   vertex 25.3 28.993 0.326
  endloop
 endfacet
  facet normal 0 0 0
    outer loop
   vertex 25.3 28.045 0.326
   vertex 25.3 28.045 0.506
   vertex 25.3 28.519 0.326
  endloop
 endfacet
  facet normal 0 0 0
    outer loop
   vertex 25.3 28.519 0.326
   vertex 25.3 28.045 0.506
   vertex 25.3 28.993 0.506
  endloop
 endfacet
  facet normal 0 0 0
    outer loop
   vertex 25.3 28.993 0.326
   vertex 25.3 28.993 0.506
   vertex 25.3 29.466 0.326
  endloop
 endfacet
  facet normal 0 0 0
    outer loop
   vertex 25.3 29.466 0.326
   vertex 25.3 29.94 0.506
   vertex 25.3 29.94 0.326
  endloop
 endfacet
  facet normal 0 0 0
    outer loop
   vertex 25.3 29.466 0.326
   vertex 25.3 28.993 0.506
   vertex 25.3 29.94 0.506
  endloop
 endfacet
  facet normal 0 0 0
    outer loop
   vertex 25.3 22.36 0.326
   vertex 25.3 21.886 0.506
   vertex 25.3 22.36 0.506
  endloop
 endfacet
  facet normal 0 0 0
    outer loop
   vertex 25.3 21.413 0.326
   vertex 25.3 21.413 0.506
   vertex 25.3 21.886 0.506
  endloop
 endfacet
  facet normal 0 0 0
    outer loop
   vertex 25.3 21.413 0.326
   vertex 25.3 21.886 0.506
   vertex 25.3 22.36 0.326
  endloop
 endfacet
  facet normal 0 0 0
    outer loop
   vertex 25.3 20.939 0.326
   vertex 25.3 21.413 0.506
   vertex 25.3 21.413 0.326
  endloop
 endfacet
  facet normal 0 0 0
    outer loop
   vertex 25.3 20.465 0.326
   vertex 25.3 20.465 0.506
   vertex 25.3 20.939 0.326
  endloop
 endfacet
  facet normal 0 0 0
    outer loop
   vertex 25.3 20.939 0.326
   vertex 25.3 20.465 0.506
   vertex 25.3 21.413 0.506
  endloop
 endfacet
  facet normal 0 0 0
    outer loop
   vertex 25.3 19.518 0.326
   vertex 25.3 19.518 0.506
   vertex 25.3 19.991 0.506
  endloop
 endfacet
  facet normal 0 0 0
    outer loop
   vertex 25.3 20.465 0.326
   vertex 25.3 19.991 0.506
   vertex 25.3 20.465 0.506
  endloop
 endfacet
  facet normal 0 0 0
    outer loop
   vertex 25.3 19.518 0.326
   vertex 25.3 19.991 0.506
   vertex 25.3 20.465 0.326
  endloop
 endfacet
  facet normal 0 0 0
    outer loop
   vertex 25.3 19.518 0.326
   vertex 25.3 19.044 0.506
   vertex 25.3 19.518 0.506
  endloop
 endfacet
  facet normal 0 0 0
    outer loop
   vertex 25.3 18.57 0.326
   vertex 25.3 18.57 0.506
   vertex 25.3 19.044 0.506
  endloop
 endfacet
  facet normal 0 0 0
    outer loop
   vertex 25.3 18.57 0.326
   vertex 25.3 19.044 0.506
   vertex 25.3 19.518 0.326
  endloop
 endfacet
  facet normal 0 0 0
    outer loop
   vertex 25.3 17.149 0.326
   vertex 25.3 17.623 0.506
   vertex 25.3 17.623 0.326
  endloop
 endfacet
  facet normal 0 0 0
    outer loop
   vertex 25.3 16.675 0.326
   vertex 25.3 16.675 0.506
   vertex 25.3 17.149 0.326
  endloop
 endfacet
  facet normal 0 0 0
    outer loop
   vertex 25.3 17.149 0.326
   vertex 25.3 16.675 0.506
   vertex 25.3 17.623 0.506
  endloop
 endfacet
  facet normal 0 0 0
    outer loop
   vertex 25.3 17.623 0.326
   vertex 25.3 17.623 0.506
   vertex 25.3 18.096 0.326
  endloop
 endfacet
  facet normal 0 0 0
    outer loop
   vertex 25.3 18.096 0.326
   vertex 25.3 18.57 0.506
   vertex 25.3 18.57 0.326
  endloop
 endfacet
  facet normal 0 0 0
    outer loop
   vertex 25.3 18.096 0.326
   vertex 25.3 17.623 0.506
   vertex 25.3 18.57 0.506
  endloop
 endfacet
  facet normal 0 0 0
    outer loop
   vertex 25.3 16.675 0.326
   vertex 25.3 16.201 0.506
   vertex 25.3 16.675 0.506
  endloop
 endfacet
  facet normal 0 0 0
    outer loop
   vertex 25.3 15.728 0.326
   vertex 25.3 15.728 0.506
   vertex 25.3 16.201 0.506
  endloop
 endfacet
  facet normal 0 0 0
    outer loop
   vertex 25.3 15.728 0.326
   vertex 25.3 16.201 0.506
   vertex 25.3 16.675 0.326
  endloop
 endfacet
  facet normal 0 0 0
    outer loop
   vertex 25.3 15.254 0.326
   vertex 25.3 15.728 0.506
   vertex 25.3 15.728 0.326
  endloop
 endfacet
  facet normal 0 0 0
    outer loop
   vertex 25.3 14.78 0.326
   vertex 25.3 14.78 0.506
   vertex 25.3 15.254 0.326
  endloop
 endfacet
  facet normal 0 0 0
    outer loop
   vertex 25.3 15.254 0.326
   vertex 25.3 14.78 0.506
   vertex 25.3 15.728 0.506
  endloop
 endfacet
  facet normal 0 0 0
    outer loop
   vertex 24.05 29.94 0.326
   vertex 24.05 29.94 0.506
   vertex 24.05 29.466 0.326
  endloop
 endfacet
  facet normal 0 0 0
    outer loop
   vertex 24.05 29.466 0.326
   vertex 24.05 28.993 0.506
   vertex 24.05 28.993 0.326
  endloop
 endfacet
  facet normal 0 0 0
    outer loop
   vertex 24.05 29.466 0.326
   vertex 24.05 29.94 0.506
   vertex 24.05 28.993 0.506
  endloop
 endfacet
  facet normal 0 0 0
    outer loop
   vertex 24.05 28.993 0.326
   vertex 24.05 28.993 0.506
   vertex 24.05 28.519 0.506
  endloop
 endfacet
  facet normal 0 0 0
    outer loop
   vertex 24.05 28.045 0.326
   vertex 24.05 28.519 0.506
   vertex 24.05 28.045 0.506
  endloop
 endfacet
  facet normal 0 0 0
    outer loop
   vertex 24.05 28.993 0.326
   vertex 24.05 28.519 0.506
   vertex 24.05 28.045 0.326
  endloop
 endfacet
  facet normal 0 0 0
    outer loop
   vertex 24.05 27.571 0.326
   vertex 24.05 27.098 0.506
   vertex 24.05 27.098 0.326
  endloop
 endfacet
  facet normal 0 0 0
    outer loop
   vertex 24.05 28.045 0.326
   vertex 24.05 28.045 0.506
   vertex 24.05 27.571 0.326
  endloop
 endfacet
  facet normal 0 0 0
    outer loop
   vertex 24.05 27.571 0.326
   vertex 24.05 28.045 0.506
   vertex 24.05 27.098 0.506
  endloop
 endfacet
  facet normal 0 0 0
    outer loop
   vertex 24.05 27.098 0.326
   vertex 24.05 27.098 0.506
   vertex 24.05 26.624 0.326
  endloop
 endfacet
  facet normal 0 0 0
    outer loop
   vertex 24.05 26.624 0.326
   vertex 24.05 26.15 0.506
   vertex 24.05 26.15 0.326
  endloop
 endfacet
  facet normal 0 0 0
    outer loop
   vertex 24.05 26.624 0.326
   vertex 24.05 27.098 0.506
   vertex 24.05 26.15 0.506
  endloop
 endfacet
  facet normal 0 0 0
    outer loop
   vertex 24.05 25.203 0.326
   vertex 24.05 25.203 0.506
   vertex 24.05 24.729 0.506
  endloop
 endfacet
  facet normal 0 0 0
    outer loop
   vertex 24.05 24.255 0.326
   vertex 24.05 24.729 0.506
   vertex 24.05 24.255 0.506
  endloop
 endfacet
  facet normal 0 0 0
    outer loop
   vertex 24.05 25.203 0.326
   vertex 24.05 24.729 0.506
   vertex 24.05 24.255 0.326
  endloop
 endfacet
  facet normal 0 0 0
    outer loop
   vertex 24.05 25.203 0.326
   vertex 24.05 25.676 0.506
   vertex 24.05 25.203 0.506
  endloop
 endfacet
  facet normal 0 0 0
    outer loop
   vertex 24.05 26.15 0.326
   vertex 24.05 26.15 0.506
   vertex 24.05 25.676 0.506
  endloop
 endfacet
  facet normal 0 0 0
    outer loop
   vertex 24.05 26.15 0.326
   vertex 24.05 25.676 0.506
   vertex 24.05 25.203 0.326
  endloop
 endfacet
  facet normal 0 0 0
    outer loop
   vertex 24.05 24.255 0.326
   vertex 24.05 24.255 0.506
   vertex 24.05 23.781 0.326
  endloop
 endfacet
  facet normal 0 0 0
    outer loop
   vertex 24.05 23.781 0.326
   vertex 24.05 23.308 0.506
   vertex 24.05 23.308 0.326
  endloop
 endfacet
  facet normal 0 0 0
    outer loop
   vertex 24.05 23.781 0.326
   vertex 24.05 24.255 0.506
   vertex 24.05 23.308 0.506
  endloop
 endfacet
  facet normal 0 0 0
    outer loop
   vertex 24.05 23.308 0.326
   vertex 24.05 23.308 0.506
   vertex 24.05 22.834 0.506
  endloop
 endfacet
  facet normal 0 0 0
    outer loop
   vertex 24.05 22.36 0.326
   vertex 24.05 22.834 0.506
   vertex 24.05 22.36 0.506
  endloop
 endfacet
  facet normal 0 0 0
    outer loop
   vertex 24.05 23.308 0.326
   vertex 24.05 22.834 0.506
   vertex 24.05 22.36 0.326
  endloop
 endfacet
  facet normal 0 0 0
    outer loop
   vertex 24.05 19.991 0.326
   vertex 24.05 19.518 0.506
   vertex 24.05 19.518 0.326
  endloop
 endfacet
  facet normal 0 0 0
    outer loop
   vertex 24.05 20.465 0.326
   vertex 24.05 20.465 0.506
   vertex 24.05 19.991 0.326
  endloop
 endfacet
  facet normal 0 0 0
    outer loop
   vertex 24.05 19.991 0.326
   vertex 24.05 20.465 0.506
   vertex 24.05 19.518 0.506
  endloop
 endfacet
  facet normal 0 0 0
    outer loop
   vertex 24.05 19.518 0.326
   vertex 24.05 19.518 0.506
   vertex 24.05 19.044 0.326
  endloop
 endfacet
  facet normal 0 0 0
    outer loop
   vertex 24.05 19.044 0.326
   vertex 24.05 18.57 0.506
   vertex 24.05 18.57 0.326
  endloop
 endfacet
  facet normal 0 0 0
    outer loop
   vertex 24.05 19.044 0.326
   vertex 24.05 19.518 0.506
   vertex 24.05 18.57 0.506
  endloop
 endfacet
  facet normal 0 0 0
    outer loop
   vertex 24.05 20.465 0.326
   vertex 24.05 20.939 0.506
   vertex 24.05 20.465 0.506
  endloop
 endfacet
  facet normal 0 0 0
    outer loop
   vertex 24.05 21.413 0.326
   vertex 24.05 21.413 0.506
   vertex 24.05 20.939 0.506
  endloop
 endfacet
  facet normal 0 0 0
    outer loop
   vertex 24.05 21.413 0.326
   vertex 24.05 20.939 0.506
   vertex 24.05 20.465 0.326
  endloop
 endfacet
  facet normal 0 0 0
    outer loop
   vertex 24.05 21.886 0.326
   vertex 24.05 21.413 0.506
   vertex 24.05 21.413 0.326
  endloop
 endfacet
  facet normal 0 0 0
    outer loop
   vertex 24.05 22.36 0.326
   vertex 24.05 22.36 0.506
   vertex 24.05 21.886 0.326
  endloop
 endfacet
  facet normal 0 0 0
    outer loop
   vertex 24.05 21.886 0.326
   vertex 24.05 22.36 0.506
   vertex 24.05 21.413 0.506
  endloop
 endfacet
  facet normal 0 0 0
    outer loop
   vertex 24.05 18.57 0.326
   vertex 24.05 18.57 0.506
   vertex 24.05 18.096 0.326
  endloop
 endfacet
  facet normal 0 0 0
    outer loop
   vertex 24.05 18.096 0.326
   vertex 24.05 17.623 0.506
   vertex 24.05 17.623 0.326
  endloop
 endfacet
  facet normal 0 0 0
    outer loop
   vertex 24.05 18.096 0.326
   vertex 24.05 18.57 0.506
   vertex 24.05 17.623 0.506
  endloop
 endfacet
  facet normal 0 0 0
    outer loop
   vertex 24.05 17.623 0.326
   vertex 24.05 17.623 0.506
   vertex 24.05 17.149 0.506
  endloop
 endfacet
  facet normal 0 0 0
    outer loop
   vertex 24.05 16.675 0.326
   vertex 24.05 17.149 0.506
   vertex 24.05 16.675 0.506
  endloop
 endfacet
  facet normal 0 0 0
    outer loop
   vertex 24.05 17.623 0.326
   vertex 24.05 17.149 0.506
   vertex 24.05 16.675 0.326
  endloop
 endfacet
  facet normal 0 0 0
    outer loop
   vertex 24.05 16.201 0.326
   vertex 24.05 15.728 0.506
   vertex 24.05 15.728 0.326
  endloop
 endfacet
  facet normal 0 0 0
    outer loop
   vertex 24.05 16.675 0.326
   vertex 24.05 16.675 0.506
   vertex 24.05 16.201 0.326
  endloop
 endfacet
  facet normal 0 0 0
    outer loop
   vertex 24.05 16.201 0.326
   vertex 24.05 16.675 0.506
   vertex 24.05 15.728 0.506
  endloop
 endfacet
  facet normal 0 0 0
    outer loop
   vertex 24.05 15.728 0.326
   vertex 24.05 15.728 0.506
   vertex 24.05 15.254 0.326
  endloop
 endfacet
  facet normal 0 0 0
    outer loop
   vertex 24.05 15.254 0.326
   vertex 24.05 14.78 0.506
   vertex 24.05 14.78 0.326
  endloop
 endfacet
  facet normal 0 0 0
    outer loop
   vertex 24.05 15.254 0.326
   vertex 24.05 15.728 0.506
   vertex 24.05 14.78 0.506
  endloop
 endfacet
  facet normal 0 0 0
    outer loop
   vertex 24.05 4.831 0.326
   vertex 24.05 4.358 0.506
   vertex 24.05 4.358 0.326
  endloop
 endfacet
  facet normal 0 0 0
    outer loop
   vertex 24.05 5.305 0.326
   vertex 24.05 5.305 0.506
   vertex 24.05 4.831 0.326
  endloop
 endfacet
  facet normal 0 0 0
    outer loop
   vertex 24.05 4.831 0.326
   vertex 24.05 5.305 0.506
   vertex 24.05 4.358 0.506
  endloop
 endfacet
  facet normal 0 0 0
    outer loop
   vertex 24.05 4.358 0.326
   vertex 24.05 4.358 0.506
   vertex 24.05 3.884 0.326
  endloop
 endfacet
  facet normal 0 0 0
    outer loop
   vertex 24.05 3.884 0.326
   vertex 24.05 3.41 0.506
   vertex 24.05 3.41 0.326
  endloop
 endfacet
  facet normal 0 0 0
    outer loop
   vertex 24.05 3.884 0.326
   vertex 24.05 4.358 0.506
   vertex 24.05 3.41 0.506
  endloop
 endfacet
  facet normal 0 0 0
    outer loop
   vertex 24.05 5.305 0.326
   vertex 24.05 5.779 0.506
   vertex 24.05 5.305 0.506
  endloop
 endfacet
  facet normal 0 0 0
    outer loop
   vertex 24.05 6.253 0.326
   vertex 24.05 6.253 0.506
   vertex 24.05 5.779 0.506
  endloop
 endfacet
  facet normal 0 0 0
    outer loop
   vertex 24.05 6.253 0.326
   vertex 24.05 5.779 0.506
   vertex 24.05 5.305 0.326
  endloop
 endfacet
  facet normal 0 0 0
    outer loop
   vertex 24.05 6.726 0.326
   vertex 24.05 6.253 0.506
   vertex 24.05 6.253 0.326
  endloop
 endfacet
  facet normal 0 0 0
    outer loop
   vertex 24.05 7.2 0.326
   vertex 24.05 7.2 0.506
   vertex 24.05 6.726 0.326
  endloop
 endfacet
  facet normal 0 0 0
    outer loop
   vertex 24.05 6.726 0.326
   vertex 24.05 7.2 0.506
   vertex 24.05 6.253 0.506
  endloop
 endfacet
  facet normal 0 0 0
    outer loop
   vertex 24.05 3.41 0.326
   vertex 24.05 3.41 0.506
   vertex 24.05 2.936 0.326
  endloop
 endfacet
  facet normal 0 0 0
    outer loop
   vertex 24.05 2.936 0.326
   vertex 24.05 2.463 0.506
   vertex 24.05 2.463 0.326
  endloop
 endfacet
  facet normal 0 0 0
    outer loop
   vertex 24.05 2.936 0.326
   vertex 24.05 3.41 0.506
   vertex 24.05 2.463 0.506
  endloop
 endfacet
  facet normal 0 0 0
    outer loop
   vertex 24.05 2.463 0.326
   vertex 24.05 2.463 0.506
   vertex 24.05 1.989 0.506
  endloop
 endfacet
  facet normal 0 0 0
    outer loop
   vertex 24.05 1.515 0.326
   vertex 24.05 1.989 0.506
   vertex 24.05 1.515 0.506
  endloop
 endfacet
  facet normal 0 0 0
    outer loop
   vertex 24.05 2.463 0.326
   vertex 24.05 1.989 0.506
   vertex 24.05 1.515 0.326
  endloop
 endfacet
  facet normal 0 0 0
    outer loop
   vertex 24.05 1.041 0.326
   vertex 24.05 0.568 0.506
   vertex 24.05 0.568 0.326
  endloop
 endfacet
  facet normal 0 0 0
    outer loop
   vertex 24.05 1.515 0.326
   vertex 24.05 1.515 0.506
   vertex 24.05 1.041 0.326
  endloop
 endfacet
  facet normal 0 0 0
    outer loop
   vertex 24.05 1.041 0.326
   vertex 24.05 1.515 0.506
   vertex 24.05 0.568 0.506
  endloop
 endfacet
  facet normal 0 0 0
    outer loop
   vertex 24.05 0.568 0.326
   vertex 24.05 0.568 0.506
   vertex 24.05 0.094 0.326
  endloop
 endfacet
  facet normal 0 0 0
    outer loop
   vertex 24.05 0.094 0.326
   vertex 24.05 -0.38 0.506
   vertex 24.05 -0.38 0.326
  endloop
 endfacet
  facet normal 0 0 0
    outer loop
   vertex 24.05 0.094 0.326
   vertex 24.05 0.568 0.506
   vertex 24.05 -0.38 0.506
  endloop
 endfacet
  facet normal 0 0 0
    outer loop
   vertex 24.05 7.2 0.326
   vertex 24.05 7.674 0.506
   vertex 24.05 7.2 0.506
  endloop
 endfacet
  facet normal 0 0 0
    outer loop
   vertex 24.05 8.148 0.326
   vertex 24.05 8.148 0.506
   vertex 24.05 7.674 0.506
  endloop
 endfacet
  facet normal 0 0 0
    outer loop
   vertex 24.05 8.148 0.326
   vertex 24.05 7.674 0.506
   vertex 24.05 7.2 0.326
  endloop
 endfacet
  facet normal 0 0 0
    outer loop
   vertex 24.05 8.621 0.326
   vertex 24.05 8.148 0.506
   vertex 24.05 8.148 0.326
  endloop
 endfacet
  facet normal 0 0 0
    outer loop
   vertex 24.05 9.095 0.326
   vertex 24.05 9.095 0.506
   vertex 24.05 8.621 0.326
  endloop
 endfacet
  facet normal 0 0 0
    outer loop
   vertex 24.05 8.621 0.326
   vertex 24.05 9.095 0.506
   vertex 24.05 8.148 0.506
  endloop
 endfacet
  facet normal 0 0 0
    outer loop
   vertex 24.05 10.043 0.326
   vertex 24.05 10.043 0.506
   vertex 24.05 9.569 0.506
  endloop
 endfacet
  facet normal 0 0 0
    outer loop
   vertex 24.05 9.095 0.326
   vertex 24.05 9.569 0.506
   vertex 24.05 9.095 0.506
  endloop
 endfacet
  facet normal 0 0 0
    outer loop
   vertex 24.05 10.043 0.326
   vertex 24.05 9.569 0.506
   vertex 24.05 9.095 0.326
  endloop
 endfacet
  facet normal 0 0 0
    outer loop
   vertex 24.05 10.043 0.326
   vertex 24.05 10.516 0.506
   vertex 24.05 10.043 0.506
  endloop
 endfacet
  facet normal 0 0 0
    outer loop
   vertex 24.05 10.99 0.326
   vertex 24.05 10.99 0.506
   vertex 24.05 10.516 0.506
  endloop
 endfacet
  facet normal 0 0 0
    outer loop
   vertex 24.05 10.99 0.326
   vertex 24.05 10.516 0.506
   vertex 24.05 10.043 0.326
  endloop
 endfacet
  facet normal 0 0 0
    outer loop
   vertex 24.05 12.411 0.326
   vertex 24.05 11.938 0.506
   vertex 24.05 11.938 0.326
  endloop
 endfacet
  facet normal 0 0 0
    outer loop
   vertex 24.05 12.885 0.326
   vertex 24.05 12.885 0.506
   vertex 24.05 12.411 0.326
  endloop
 endfacet
  facet normal 0 0 0
    outer loop
   vertex 24.05 12.411 0.326
   vertex 24.05 12.885 0.506
   vertex 24.05 11.938 0.506
  endloop
 endfacet
  facet normal 0 0 0
    outer loop
   vertex 24.05 11.938 0.326
   vertex 24.05 11.938 0.506
   vertex 24.05 11.464 0.326
  endloop
 endfacet
  facet normal 0 0 0
    outer loop
   vertex 24.05 11.464 0.326
   vertex 24.05 10.99 0.506
   vertex 24.05 10.99 0.326
  endloop
 endfacet
  facet normal 0 0 0
    outer loop
   vertex 24.05 11.464 0.326
   vertex 24.05 11.938 0.506
   vertex 24.05 10.99 0.506
  endloop
 endfacet
  facet normal 0 0 0
    outer loop
   vertex 24.05 12.885 0.326
   vertex 24.05 13.359 0.506
   vertex 24.05 12.885 0.506
  endloop
 endfacet
  facet normal 0 0 0
    outer loop
   vertex 24.05 13.833 0.326
   vertex 24.05 13.833 0.506
   vertex 24.05 13.359 0.506
  endloop
 endfacet
  facet normal 0 0 0
    outer loop
   vertex 24.05 13.833 0.326
   vertex 24.05 13.359 0.506
   vertex 24.05 12.885 0.326
  endloop
 endfacet
  facet normal 0 0 0
    outer loop
   vertex 24.05 14.306 0.326
   vertex 24.05 13.833 0.506
   vertex 24.05 13.833 0.326
  endloop
 endfacet
  facet normal 0 0 0
    outer loop
   vertex 24.05 14.78 0.326
   vertex 24.05 14.78 0.506
   vertex 24.05 14.306 0.326
  endloop
 endfacet
  facet normal 0 0 0
    outer loop
   vertex 24.05 14.306 0.326
   vertex 24.05 14.78 0.506
   vertex 24.05 13.833 0.506
  endloop
 endfacet
  facet normal 0 0 0
    outer loop
   vertex 31.55 -0.38 0.326
   vertex 31.55 -0.38 0.506
   vertex 31.55 0.094 0.326
  endloop
 endfacet
  facet normal 0 0 0
    outer loop
   vertex 31.55 0.094 0.326
   vertex 31.55 0.568 0.506
   vertex 31.55 0.568 0.326
  endloop
 endfacet
  facet normal 0 0 0
    outer loop
   vertex 31.55 0.094 0.326
   vertex 31.55 -0.38 0.506
   vertex 31.55 0.568 0.506
  endloop
 endfacet
  facet normal 0 0 0
    outer loop
   vertex 31.55 0.568 0.326
   vertex 31.55 0.568 0.506
   vertex 31.55 1.041 0.506
  endloop
 endfacet
  facet normal 0 0 0
    outer loop
   vertex 31.55 1.515 0.326
   vertex 31.55 1.041 0.506
   vertex 31.55 1.515 0.506
  endloop
 endfacet
  facet normal 0 0 0
    outer loop
   vertex 31.55 0.568 0.326
   vertex 31.55 1.041 0.506
   vertex 31.55 1.515 0.326
  endloop
 endfacet
  facet normal 0 0 0
    outer loop
   vertex 31.55 1.989 0.326
   vertex 31.55 2.463 0.506
   vertex 31.55 2.463 0.326
  endloop
 endfacet
  facet normal 0 0 0
    outer loop
   vertex 31.55 1.515 0.326
   vertex 31.55 1.515 0.506
   vertex 31.55 1.989 0.326
  endloop
 endfacet
  facet normal 0 0 0
    outer loop
   vertex 31.55 1.989 0.326
   vertex 31.55 1.515 0.506
   vertex 31.55 2.463 0.506
  endloop
 endfacet
  facet normal 0 0 0
    outer loop
   vertex 31.55 2.463 0.326
   vertex 31.55 2.463 0.506
   vertex 31.55 2.936 0.326
  endloop
 endfacet
  facet normal 0 0 0
    outer loop
   vertex 31.55 2.936 0.326
   vertex 31.55 3.41 0.506
   vertex 31.55 3.41 0.326
  endloop
 endfacet
  facet normal 0 0 0
    outer loop
   vertex 31.55 2.936 0.326
   vertex 31.55 2.463 0.506
   vertex 31.55 3.41 0.506
  endloop
 endfacet
  facet normal 0 0 0
    outer loop
   vertex 31.55 4.358 0.326
   vertex 31.55 4.358 0.506
   vertex 31.55 4.831 0.506
  endloop
 endfacet
  facet normal 0 0 0
    outer loop
   vertex 31.55 5.305 0.326
   vertex 31.55 4.831 0.506
   vertex 31.55 5.305 0.506
  endloop
 endfacet
  facet normal 0 0 0
    outer loop
   vertex 31.55 4.358 0.326
   vertex 31.55 4.831 0.506
   vertex 31.55 5.305 0.326
  endloop
 endfacet
  facet normal 0 0 0
    outer loop
   vertex 31.55 4.358 0.326
   vertex 31.55 3.884 0.506
   vertex 31.55 4.358 0.506
  endloop
 endfacet
  facet normal 0 0 0
    outer loop
   vertex 31.55 3.41 0.326
   vertex 31.55 3.41 0.506
   vertex 31.55 3.884 0.506
  endloop
 endfacet
  facet normal 0 0 0
    outer loop
   vertex 31.55 3.41 0.326
   vertex 31.55 3.884 0.506
   vertex 31.55 4.358 0.326
  endloop
 endfacet
  facet normal 0 0 0
    outer loop
   vertex 31.55 5.305 0.326
   vertex 31.55 5.305 0.506
   vertex 31.55 5.779 0.326
  endloop
 endfacet
  facet normal 0 0 0
    outer loop
   vertex 31.55 5.779 0.326
   vertex 31.55 6.253 0.506
   vertex 31.55 6.253 0.326
  endloop
 endfacet
  facet normal 0 0 0
    outer loop
   vertex 31.55 5.779 0.326
   vertex 31.55 5.305 0.506
   vertex 31.55 6.253 0.506
  endloop
 endfacet
  facet normal 0 0 0
    outer loop
   vertex 31.55 6.253 0.326
   vertex 31.55 6.253 0.506
   vertex 31.55 6.726 0.506
  endloop
 endfacet
  facet normal 0 0 0
    outer loop
   vertex 31.55 7.2 0.326
   vertex 31.55 6.726 0.506
   vertex 31.55 7.2 0.506
  endloop
 endfacet
  facet normal 0 0 0
    outer loop
   vertex 31.55 6.253 0.326
   vertex 31.55 6.726 0.506
   vertex 31.55 7.2 0.326
  endloop
 endfacet
  facet normal 0 0 0
    outer loop
   vertex 31.55 9.569 0.326
   vertex 31.55 10.043 0.506
   vertex 31.55 10.043 0.326
  endloop
 endfacet
  facet normal 0 0 0
    outer loop
   vertex 31.55 9.095 0.326
   vertex 31.55 9.095 0.506
   vertex 31.55 9.569 0.326
  endloop
 endfacet
  facet normal 0 0 0
    outer loop
   vertex 31.55 9.569 0.326
   vertex 31.55 9.095 0.506
   vertex 31.55 10.043 0.506
  endloop
 endfacet
  facet normal 0 0 0
    outer loop
   vertex 31.55 10.043 0.326
   vertex 31.55 10.043 0.506
   vertex 31.55 10.516 0.326
  endloop
 endfacet
  facet normal 0 0 0
    outer loop
   vertex 31.55 10.516 0.326
   vertex 31.55 10.99 0.506
   vertex 31.55 10.99 0.326
  endloop
 endfacet
  facet normal 0 0 0
    outer loop
   vertex 31.55 10.516 0.326
   vertex 31.55 10.043 0.506
   vertex 31.55 10.99 0.506
  endloop
 endfacet
  facet normal 0 0 0
    outer loop
   vertex 31.55 9.095 0.326
   vertex 31.55 8.621 0.506
   vertex 31.55 9.095 0.506
  endloop
 endfacet
  facet normal 0 0 0
    outer loop
   vertex 31.55 8.148 0.326
   vertex 31.55 8.148 0.506
   vertex 31.55 8.621 0.506
  endloop
 endfacet
  facet normal 0 0 0
    outer loop
   vertex 31.55 8.148 0.326
   vertex 31.55 8.621 0.506
   vertex 31.55 9.095 0.326
  endloop
 endfacet
  facet normal 0 0 0
    outer loop
   vertex 31.55 7.674 0.326
   vertex 31.55 8.148 0.506
   vertex 31.55 8.148 0.326
  endloop
 endfacet
  facet normal 0 0 0
    outer loop
   vertex 31.55 7.2 0.326
   vertex 31.55 7.2 0.506
   vertex 31.55 7.674 0.326
  endloop
 endfacet
  facet normal 0 0 0
    outer loop
   vertex 31.55 7.674 0.326
   vertex 31.55 7.2 0.506
   vertex 31.55 8.148 0.506
  endloop
 endfacet
  facet normal 0 0 0
    outer loop
   vertex 31.55 10.99 0.326
   vertex 31.55 10.99 0.506
   vertex 31.55 11.464 0.326
  endloop
 endfacet
  facet normal 0 0 0
    outer loop
   vertex 31.55 11.464 0.326
   vertex 31.55 11.938 0.506
   vertex 31.55 11.938 0.326
  endloop
 endfacet
  facet normal 0 0 0
    outer loop
   vertex 31.55 11.464 0.326
   vertex 31.55 10.99 0.506
   vertex 31.55 11.938 0.506
  endloop
 endfacet
  facet normal 0 0 0
    outer loop
   vertex 31.55 11.938 0.326
   vertex 31.55 11.938 0.506
   vertex 31.55 12.411 0.506
  endloop
 endfacet
  facet normal 0 0 0
    outer loop
   vertex 31.55 12.885 0.326
   vertex 31.55 12.411 0.506
   vertex 31.55 12.885 0.506
  endloop
 endfacet
  facet normal 0 0 0
    outer loop
   vertex 31.55 11.938 0.326
   vertex 31.55 12.411 0.506
   vertex 31.55 12.885 0.326
  endloop
 endfacet
  facet normal 0 0 0
    outer loop
   vertex 31.55 13.359 0.326
   vertex 31.55 13.833 0.506
   vertex 31.55 13.833 0.326
  endloop
 endfacet
  facet normal 0 0 0
    outer loop
   vertex 31.55 12.885 0.326
   vertex 31.55 12.885 0.506
   vertex 31.55 13.359 0.326
  endloop
 endfacet
  facet normal 0 0 0
    outer loop
   vertex 31.55 13.359 0.326
   vertex 31.55 12.885 0.506
   vertex 31.55 13.833 0.506
  endloop
 endfacet
  facet normal 0 0 0
    outer loop
   vertex 31.55 13.833 0.326
   vertex 31.55 13.833 0.506
   vertex 31.55 14.306 0.326
  endloop
 endfacet
  facet normal 0 0 0
    outer loop
   vertex 31.55 14.306 0.326
   vertex 31.55 14.78 0.506
   vertex 31.55 14.78 0.326
  endloop
 endfacet
  facet normal 0 0 0
    outer loop
   vertex 31.55 14.306 0.326
   vertex 31.55 13.833 0.506
   vertex 31.55 14.78 0.506
  endloop
 endfacet
  facet normal 0 0 0
    outer loop
   vertex 31.55 24.729 0.326
   vertex 31.55 25.203 0.506
   vertex 31.55 25.203 0.326
  endloop
 endfacet
  facet normal 0 0 0
    outer loop
   vertex 31.55 24.255 0.326
   vertex 31.55 24.255 0.506
   vertex 31.55 24.729 0.326
  endloop
 endfacet
  facet normal 0 0 0
    outer loop
   vertex 31.55 24.729 0.326
   vertex 31.55 24.255 0.506
   vertex 31.55 25.203 0.506
  endloop
 endfacet
  facet normal 0 0 0
    outer loop
   vertex 31.55 25.203 0.326
   vertex 31.55 25.203 0.506
   vertex 31.55 25.676 0.326
  endloop
 endfacet
  facet normal 0 0 0
    outer loop
   vertex 31.55 25.676 0.326
   vertex 31.55 26.15 0.506
   vertex 31.55 26.15 0.326
  endloop
 endfacet
  facet normal 0 0 0
    outer loop
   vertex 31.55 25.676 0.326
   vertex 31.55 25.203 0.506
   vertex 31.55 26.15 0.506
  endloop
 endfacet
  facet normal 0 0 0
    outer loop
   vertex 31.55 24.255 0.326
   vertex 31.55 23.781 0.506
   vertex 31.55 24.255 0.506
  endloop
 endfacet
  facet normal 0 0 0
    outer loop
   vertex 31.55 23.308 0.326
   vertex 31.55 23.308 0.506
   vertex 31.55 23.781 0.506
  endloop
 endfacet
  facet normal 0 0 0
    outer loop
   vertex 31.55 23.308 0.326
   vertex 31.55 23.781 0.506
   vertex 31.55 24.255 0.326
  endloop
 endfacet
  facet normal 0 0 0
    outer loop
   vertex 31.55 22.834 0.326
   vertex 31.55 23.308 0.506
   vertex 31.55 23.308 0.326
  endloop
 endfacet
  facet normal 0 0 0
    outer loop
   vertex 31.55 22.36 0.326
   vertex 31.55 22.36 0.506
   vertex 31.55 22.834 0.326
  endloop
 endfacet
  facet normal 0 0 0
    outer loop
   vertex 31.55 22.834 0.326
   vertex 31.55 22.36 0.506
   vertex 31.55 23.308 0.506
  endloop
 endfacet
  facet normal 0 0 0
    outer loop
   vertex 31.55 26.15 0.326
   vertex 31.55 26.15 0.506
   vertex 31.55 26.624 0.326
  endloop
 endfacet
  facet normal 0 0 0
    outer loop
   vertex 31.55 26.624 0.326
   vertex 31.55 27.098 0.506
   vertex 31.55 27.098 0.326
  endloop
 endfacet
  facet normal 0 0 0
    outer loop
   vertex 31.55 26.624 0.326
   vertex 31.55 26.15 0.506
   vertex 31.55 27.098 0.506
  endloop
 endfacet
  facet normal 0 0 0
    outer loop
   vertex 31.55 27.098 0.326
   vertex 31.55 27.098 0.506
   vertex 31.55 27.571 0.506
  endloop
 endfacet
  facet normal 0 0 0
    outer loop
   vertex 31.55 28.045 0.326
   vertex 31.55 27.571 0.506
   vertex 31.55 28.045 0.506
  endloop
 endfacet
  facet normal 0 0 0
    outer loop
   vertex 31.55 27.098 0.326
   vertex 31.55 27.571 0.506
   vertex 31.55 28.045 0.326
  endloop
 endfacet
  facet normal 0 0 0
    outer loop
   vertex 31.55 28.519 0.326
   vertex 31.55 28.993 0.506
   vertex 31.55 28.993 0.326
  endloop
 endfacet
  facet normal 0 0 0
    outer loop
   vertex 31.55 28.045 0.326
   vertex 31.55 28.045 0.506
   vertex 31.55 28.519 0.326
  endloop
 endfacet
  facet normal 0 0 0
    outer loop
   vertex 31.55 28.519 0.326
   vertex 31.55 28.045 0.506
   vertex 31.55 28.993 0.506
  endloop
 endfacet
  facet normal 0 0 0
    outer loop
   vertex 31.55 28.993 0.326
   vertex 31.55 28.993 0.506
   vertex 31.55 29.466 0.326
  endloop
 endfacet
  facet normal 0 0 0
    outer loop
   vertex 31.55 29.466 0.326
   vertex 31.55 29.94 0.506
   vertex 31.55 29.94 0.326
  endloop
 endfacet
  facet normal 0 0 0
    outer loop
   vertex 31.55 29.466 0.326
   vertex 31.55 28.993 0.506
   vertex 31.55 29.94 0.506
  endloop
 endfacet
  facet normal 0 0 0
    outer loop
   vertex 31.55 22.36 0.326
   vertex 31.55 21.886 0.506
   vertex 31.55 22.36 0.506
  endloop
 endfacet
  facet normal 0 0 0
    outer loop
   vertex 31.55 21.413 0.326
   vertex 31.55 21.413 0.506
   vertex 31.55 21.886 0.506
  endloop
 endfacet
  facet normal 0 0 0
    outer loop
   vertex 31.55 21.413 0.326
   vertex 31.55 21.886 0.506
   vertex 31.55 22.36 0.326
  endloop
 endfacet
  facet normal 0 0 0
    outer loop
   vertex 31.55 20.939 0.326
   vertex 31.55 21.413 0.506
   vertex 31.55 21.413 0.326
  endloop
 endfacet
  facet normal 0 0 0
    outer loop
   vertex 31.55 20.465 0.326
   vertex 31.55 20.465 0.506
   vertex 31.55 20.939 0.326
  endloop
 endfacet
  facet normal 0 0 0
    outer loop
   vertex 31.55 20.939 0.326
   vertex 31.55 20.465 0.506
   vertex 31.55 21.413 0.506
  endloop
 endfacet
  facet normal 0 0 0
    outer loop
   vertex 31.55 19.518 0.326
   vertex 31.55 19.518 0.506
   vertex 31.55 19.991 0.506
  endloop
 endfacet
  facet normal 0 0 0
    outer loop
   vertex 31.55 20.465 0.326
   vertex 31.55 19.991 0.506
   vertex 31.55 20.465 0.506
  endloop
 endfacet
  facet normal 0 0 0
    outer loop
   vertex 31.55 19.518 0.326
   vertex 31.55 19.991 0.506
   vertex 31.55 20.465 0.326
  endloop
 endfacet
  facet normal 0 0 0
    outer loop
   vertex 31.55 19.518 0.326
   vertex 31.55 19.044 0.506
   vertex 31.55 19.518 0.506
  endloop
 endfacet
  facet normal 0 0 0
    outer loop
   vertex 31.55 18.57 0.326
   vertex 31.55 18.57 0.506
   vertex 31.55 19.044 0.506
  endloop
 endfacet
  facet normal 0 0 0
    outer loop
   vertex 31.55 18.57 0.326
   vertex 31.55 19.044 0.506
   vertex 31.55 19.518 0.326
  endloop
 endfacet
  facet normal 0 0 0
    outer loop
   vertex 31.55 17.149 0.326
   vertex 31.55 17.623 0.506
   vertex 31.55 17.623 0.326
  endloop
 endfacet
  facet normal 0 0 0
    outer loop
   vertex 31.55 16.675 0.326
   vertex 31.55 16.675 0.506
   vertex 31.55 17.149 0.326
  endloop
 endfacet
  facet normal 0 0 0
    outer loop
   vertex 31.55 17.149 0.326
   vertex 31.55 16.675 0.506
   vertex 31.55 17.623 0.506
  endloop
 endfacet
  facet normal 0 0 0
    outer loop
   vertex 31.55 17.623 0.326
   vertex 31.55 17.623 0.506
   vertex 31.55 18.096 0.326
  endloop
 endfacet
  facet normal 0 0 0
    outer loop
   vertex 31.55 18.096 0.326
   vertex 31.55 18.57 0.506
   vertex 31.55 18.57 0.326
  endloop
 endfacet
  facet normal 0 0 0
    outer loop
   vertex 31.55 18.096 0.326
   vertex 31.55 17.623 0.506
   vertex 31.55 18.57 0.506
  endloop
 endfacet
  facet normal 0 0 0
    outer loop
   vertex 31.55 16.675 0.326
   vertex 31.55 16.201 0.506
   vertex 31.55 16.675 0.506
  endloop
 endfacet
  facet normal 0 0 0
    outer loop
   vertex 31.55 15.728 0.326
   vertex 31.55 15.728 0.506
   vertex 31.55 16.201 0.506
  endloop
 endfacet
  facet normal 0 0 0
    outer loop
   vertex 31.55 15.728 0.326
   vertex 31.55 16.201 0.506
   vertex 31.55 16.675 0.326
  endloop
 endfacet
  facet normal 0 0 0
    outer loop
   vertex 31.55 15.254 0.326
   vertex 31.55 15.728 0.506
   vertex 31.55 15.728 0.326
  endloop
 endfacet
  facet normal 0 0 0
    outer loop
   vertex 31.55 14.78 0.326
   vertex 31.55 14.78 0.506
   vertex 31.55 15.254 0.326
  endloop
 endfacet
  facet normal 0 0 0
    outer loop
   vertex 31.55 15.254 0.326
   vertex 31.55 14.78 0.506
   vertex 31.55 15.728 0.506
  endloop
 endfacet
  facet normal 0 0 0
    outer loop
   vertex 30.3 29.94 0.326
   vertex 30.3 29.94 0.506
   vertex 30.3 29.466 0.326
  endloop
 endfacet
  facet normal 0 0 0
    outer loop
   vertex 30.3 29.466 0.326
   vertex 30.3 28.993 0.506
   vertex 30.3 28.993 0.326
  endloop
 endfacet
  facet normal 0 0 0
    outer loop
   vertex 30.3 29.466 0.326
   vertex 30.3 29.94 0.506
   vertex 30.3 28.993 0.506
  endloop
 endfacet
  facet normal 0 0 0
    outer loop
   vertex 30.3 28.993 0.326
   vertex 30.3 28.993 0.506
   vertex 30.3 28.519 0.506
  endloop
 endfacet
  facet normal 0 0 0
    outer loop
   vertex 30.3 28.045 0.326
   vertex 30.3 28.519 0.506
   vertex 30.3 28.045 0.506
  endloop
 endfacet
  facet normal 0 0 0
    outer loop
   vertex 30.3 28.993 0.326
   vertex 30.3 28.519 0.506
   vertex 30.3 28.045 0.326
  endloop
 endfacet
  facet normal 0 0 0
    outer loop
   vertex 30.3 27.571 0.326
   vertex 30.3 27.098 0.506
   vertex 30.3 27.098 0.326
  endloop
 endfacet
  facet normal 0 0 0
    outer loop
   vertex 30.3 28.045 0.326
   vertex 30.3 28.045 0.506
   vertex 30.3 27.571 0.326
  endloop
 endfacet
  facet normal 0 0 0
    outer loop
   vertex 30.3 27.571 0.326
   vertex 30.3 28.045 0.506
   vertex 30.3 27.098 0.506
  endloop
 endfacet
  facet normal 0 0 0
    outer loop
   vertex 30.3 27.098 0.326
   vertex 30.3 27.098 0.506
   vertex 30.3 26.624 0.326
  endloop
 endfacet
  facet normal 0 0 0
    outer loop
   vertex 30.3 26.624 0.326
   vertex 30.3 26.15 0.506
   vertex 30.3 26.15 0.326
  endloop
 endfacet
  facet normal 0 0 0
    outer loop
   vertex 30.3 26.624 0.326
   vertex 30.3 27.098 0.506
   vertex 30.3 26.15 0.506
  endloop
 endfacet
  facet normal 0 0 0
    outer loop
   vertex 30.3 25.203 0.326
   vertex 30.3 25.203 0.506
   vertex 30.3 24.729 0.506
  endloop
 endfacet
  facet normal 0 0 0
    outer loop
   vertex 30.3 24.255 0.326
   vertex 30.3 24.729 0.506
   vertex 30.3 24.255 0.506
  endloop
 endfacet
  facet normal 0 0 0
    outer loop
   vertex 30.3 25.203 0.326
   vertex 30.3 24.729 0.506
   vertex 30.3 24.255 0.326
  endloop
 endfacet
  facet normal 0 0 0
    outer loop
   vertex 30.3 25.203 0.326
   vertex 30.3 25.676 0.506
   vertex 30.3 25.203 0.506
  endloop
 endfacet
  facet normal 0 0 0
    outer loop
   vertex 30.3 26.15 0.326
   vertex 30.3 26.15 0.506
   vertex 30.3 25.676 0.506
  endloop
 endfacet
  facet normal 0 0 0
    outer loop
   vertex 30.3 26.15 0.326
   vertex 30.3 25.676 0.506
   vertex 30.3 25.203 0.326
  endloop
 endfacet
  facet normal 0 0 0
    outer loop
   vertex 30.3 24.255 0.326
   vertex 30.3 24.255 0.506
   vertex 30.3 23.781 0.326
  endloop
 endfacet
  facet normal 0 0 0
    outer loop
   vertex 30.3 23.781 0.326
   vertex 30.3 23.308 0.506
   vertex 30.3 23.308 0.326
  endloop
 endfacet
  facet normal 0 0 0
    outer loop
   vertex 30.3 23.781 0.326
   vertex 30.3 24.255 0.506
   vertex 30.3 23.308 0.506
  endloop
 endfacet
  facet normal 0 0 0
    outer loop
   vertex 30.3 23.308 0.326
   vertex 30.3 23.308 0.506
   vertex 30.3 22.834 0.506
  endloop
 endfacet
  facet normal 0 0 0
    outer loop
   vertex 30.3 22.36 0.326
   vertex 30.3 22.834 0.506
   vertex 30.3 22.36 0.506
  endloop
 endfacet
  facet normal 0 0 0
    outer loop
   vertex 30.3 23.308 0.326
   vertex 30.3 22.834 0.506
   vertex 30.3 22.36 0.326
  endloop
 endfacet
  facet normal 0 0 0
    outer loop
   vertex 30.3 19.991 0.326
   vertex 30.3 19.518 0.506
   vertex 30.3 19.518 0.326
  endloop
 endfacet
  facet normal 0 0 0
    outer loop
   vertex 30.3 20.465 0.326
   vertex 30.3 20.465 0.506
   vertex 30.3 19.991 0.326
  endloop
 endfacet
  facet normal 0 0 0
    outer loop
   vertex 30.3 19.991 0.326
   vertex 30.3 20.465 0.506
   vertex 30.3 19.518 0.506
  endloop
 endfacet
  facet normal 0 0 0
    outer loop
   vertex 30.3 19.518 0.326
   vertex 30.3 19.518 0.506
   vertex 30.3 19.044 0.326
  endloop
 endfacet
  facet normal 0 0 0
    outer loop
   vertex 30.3 19.044 0.326
   vertex 30.3 18.57 0.506
   vertex 30.3 18.57 0.326
  endloop
 endfacet
  facet normal 0 0 0
    outer loop
   vertex 30.3 19.044 0.326
   vertex 30.3 19.518 0.506
   vertex 30.3 18.57 0.506
  endloop
 endfacet
  facet normal 0 0 0
    outer loop
   vertex 30.3 20.465 0.326
   vertex 30.3 20.939 0.506
   vertex 30.3 20.465 0.506
  endloop
 endfacet
  facet normal 0 0 0
    outer loop
   vertex 30.3 21.413 0.326
   vertex 30.3 21.413 0.506
   vertex 30.3 20.939 0.506
  endloop
 endfacet
  facet normal 0 0 0
    outer loop
   vertex 30.3 21.413 0.326
   vertex 30.3 20.939 0.506
   vertex 30.3 20.465 0.326
  endloop
 endfacet
  facet normal 0 0 0
    outer loop
   vertex 30.3 21.886 0.326
   vertex 30.3 21.413 0.506
   vertex 30.3 21.413 0.326
  endloop
 endfacet
  facet normal 0 0 0
    outer loop
   vertex 30.3 22.36 0.326
   vertex 30.3 22.36 0.506
   vertex 30.3 21.886 0.326
  endloop
 endfacet
  facet normal 0 0 0
    outer loop
   vertex 30.3 21.886 0.326
   vertex 30.3 22.36 0.506
   vertex 30.3 21.413 0.506
  endloop
 endfacet
  facet normal 0 0 0
    outer loop
   vertex 30.3 18.57 0.326
   vertex 30.3 18.57 0.506
   vertex 30.3 18.096 0.326
  endloop
 endfacet
  facet normal 0 0 0
    outer loop
   vertex 30.3 18.096 0.326
   vertex 30.3 17.623 0.506
   vertex 30.3 17.623 0.326
  endloop
 endfacet
  facet normal 0 0 0
    outer loop
   vertex 30.3 18.096 0.326
   vertex 30.3 18.57 0.506
   vertex 30.3 17.623 0.506
  endloop
 endfacet
  facet normal 0 0 0
    outer loop
   vertex 30.3 17.623 0.326
   vertex 30.3 17.623 0.506
   vertex 30.3 17.149 0.506
  endloop
 endfacet
  facet normal 0 0 0
    outer loop
   vertex 30.3 16.675 0.326
   vertex 30.3 17.149 0.506
   vertex 30.3 16.675 0.506
  endloop
 endfacet
  facet normal 0 0 0
    outer loop
   vertex 30.3 17.623 0.326
   vertex 30.3 17.149 0.506
   vertex 30.3 16.675 0.326
  endloop
 endfacet
  facet normal 0 0 0
    outer loop
   vertex 30.3 16.201 0.326
   vertex 30.3 15.728 0.506
   vertex 30.3 15.728 0.326
  endloop
 endfacet
  facet normal 0 0 0
    outer loop
   vertex 30.3 16.675 0.326
   vertex 30.3 16.675 0.506
   vertex 30.3 16.201 0.326
  endloop
 endfacet
  facet normal 0 0 0
    outer loop
   vertex 30.3 16.201 0.326
   vertex 30.3 16.675 0.506
   vertex 30.3 15.728 0.506
  endloop
 endfacet
  facet normal 0 0 0
    outer loop
   vertex 30.3 15.728 0.326
   vertex 30.3 15.728 0.506
   vertex 30.3 15.254 0.326
  endloop
 endfacet
  facet normal 0 0 0
    outer loop
   vertex 30.3 15.254 0.326
   vertex 30.3 14.78 0.506
   vertex 30.3 14.78 0.326
  endloop
 endfacet
  facet normal 0 0 0
    outer loop
   vertex 30.3 15.254 0.326
   vertex 30.3 15.728 0.506
   vertex 30.3 14.78 0.506
  endloop
 endfacet
  facet normal 0 0 0
    outer loop
   vertex 30.3 4.831 0.326
   vertex 30.3 4.358 0.506
   vertex 30.3 4.358 0.326
  endloop
 endfacet
  facet normal 0 0 0
    outer loop
   vertex 30.3 5.305 0.326
   vertex 30.3 5.305 0.506
   vertex 30.3 4.831 0.326
  endloop
 endfacet
  facet normal 0 0 0
    outer loop
   vertex 30.3 4.831 0.326
   vertex 30.3 5.305 0.506
   vertex 30.3 4.358 0.506
  endloop
 endfacet
  facet normal 0 0 0
    outer loop
   vertex 30.3 4.358 0.326
   vertex 30.3 4.358 0.506
   vertex 30.3 3.884 0.326
  endloop
 endfacet
  facet normal 0 0 0
    outer loop
   vertex 30.3 3.884 0.326
   vertex 30.3 3.41 0.506
   vertex 30.3 3.41 0.326
  endloop
 endfacet
  facet normal 0 0 0
    outer loop
   vertex 30.3 3.884 0.326
   vertex 30.3 4.358 0.506
   vertex 30.3 3.41 0.506
  endloop
 endfacet
  facet normal 0 0 0
    outer loop
   vertex 30.3 5.305 0.326
   vertex 30.3 5.779 0.506
   vertex 30.3 5.305 0.506
  endloop
 endfacet
  facet normal 0 0 0
    outer loop
   vertex 30.3 6.253 0.326
   vertex 30.3 6.253 0.506
   vertex 30.3 5.779 0.506
  endloop
 endfacet
  facet normal 0 0 0
    outer loop
   vertex 30.3 6.253 0.326
   vertex 30.3 5.779 0.506
   vertex 30.3 5.305 0.326
  endloop
 endfacet
  facet normal 0 0 0
    outer loop
   vertex 30.3 6.726 0.326
   vertex 30.3 6.253 0.506
   vertex 30.3 6.253 0.326
  endloop
 endfacet
  facet normal 0 0 0
    outer loop
   vertex 30.3 7.2 0.326
   vertex 30.3 7.2 0.506
   vertex 30.3 6.726 0.326
  endloop
 endfacet
  facet normal 0 0 0
    outer loop
   vertex 30.3 6.726 0.326
   vertex 30.3 7.2 0.506
   vertex 30.3 6.253 0.506
  endloop
 endfacet
  facet normal 0 0 0
    outer loop
   vertex 30.3 3.41 0.326
   vertex 30.3 3.41 0.506
   vertex 30.3 2.936 0.326
  endloop
 endfacet
  facet normal 0 0 0
    outer loop
   vertex 30.3 2.936 0.326
   vertex 30.3 2.463 0.506
   vertex 30.3 2.463 0.326
  endloop
 endfacet
  facet normal 0 0 0
    outer loop
   vertex 30.3 2.936 0.326
   vertex 30.3 3.41 0.506
   vertex 30.3 2.463 0.506
  endloop
 endfacet
  facet normal 0 0 0
    outer loop
   vertex 30.3 2.463 0.326
   vertex 30.3 2.463 0.506
   vertex 30.3 1.989 0.506
  endloop
 endfacet
  facet normal 0 0 0
    outer loop
   vertex 30.3 1.515 0.326
   vertex 30.3 1.989 0.506
   vertex 30.3 1.515 0.506
  endloop
 endfacet
  facet normal 0 0 0
    outer loop
   vertex 30.3 2.463 0.326
   vertex 30.3 1.989 0.506
   vertex 30.3 1.515 0.326
  endloop
 endfacet
  facet normal 0 0 0
    outer loop
   vertex 30.3 1.041 0.326
   vertex 30.3 0.568 0.506
   vertex 30.3 0.568 0.326
  endloop
 endfacet
  facet normal 0 0 0
    outer loop
   vertex 30.3 1.515 0.326
   vertex 30.3 1.515 0.506
   vertex 30.3 1.041 0.326
  endloop
 endfacet
  facet normal 0 0 0
    outer loop
   vertex 30.3 1.041 0.326
   vertex 30.3 1.515 0.506
   vertex 30.3 0.568 0.506
  endloop
 endfacet
  facet normal 0 0 0
    outer loop
   vertex 30.3 0.568 0.326
   vertex 30.3 0.568 0.506
   vertex 30.3 0.094 0.326
  endloop
 endfacet
  facet normal 0 0 0
    outer loop
   vertex 30.3 0.094 0.326
   vertex 30.3 -0.38 0.506
   vertex 30.3 -0.38 0.326
  endloop
 endfacet
  facet normal 0 0 0
    outer loop
   vertex 30.3 0.094 0.326
   vertex 30.3 0.568 0.506
   vertex 30.3 -0.38 0.506
  endloop
 endfacet
  facet normal 0 0 0
    outer loop
   vertex 30.3 7.2 0.326
   vertex 30.3 7.674 0.506
   vertex 30.3 7.2 0.506
  endloop
 endfacet
  facet normal 0 0 0
    outer loop
   vertex 30.3 8.148 0.326
   vertex 30.3 8.148 0.506
   vertex 30.3 7.674 0.506
  endloop
 endfacet
  facet normal 0 0 0
    outer loop
   vertex 30.3 8.148 0.326
   vertex 30.3 7.674 0.506
   vertex 30.3 7.2 0.326
  endloop
 endfacet
  facet normal 0 0 0
    outer loop
   vertex 30.3 8.621 0.326
   vertex 30.3 8.148 0.506
   vertex 30.3 8.148 0.326
  endloop
 endfacet
  facet normal 0 0 0
    outer loop
   vertex 30.3 9.095 0.326
   vertex 30.3 9.095 0.506
   vertex 30.3 8.621 0.326
  endloop
 endfacet
  facet normal 0 0 0
    outer loop
   vertex 30.3 8.621 0.326
   vertex 30.3 9.095 0.506
   vertex 30.3 8.148 0.506
  endloop
 endfacet
  facet normal 0 0 0
    outer loop
   vertex 30.3 10.043 0.326
   vertex 30.3 10.043 0.506
   vertex 30.3 9.569 0.506
  endloop
 endfacet
  facet normal 0 0 0
    outer loop
   vertex 30.3 9.095 0.326
   vertex 30.3 9.569 0.506
   vertex 30.3 9.095 0.506
  endloop
 endfacet
  facet normal 0 0 0
    outer loop
   vertex 30.3 10.043 0.326
   vertex 30.3 9.569 0.506
   vertex 30.3 9.095 0.326
  endloop
 endfacet
  facet normal 0 0 0
    outer loop
   vertex 30.3 10.043 0.326
   vertex 30.3 10.516 0.506
   vertex 30.3 10.043 0.506
  endloop
 endfacet
  facet normal 0 0 0
    outer loop
   vertex 30.3 10.99 0.326
   vertex 30.3 10.99 0.506
   vertex 30.3 10.516 0.506
  endloop
 endfacet
  facet normal 0 0 0
    outer loop
   vertex 30.3 10.99 0.326
   vertex 30.3 10.516 0.506
   vertex 30.3 10.043 0.326
  endloop
 endfacet
  facet normal 0 0 0
    outer loop
   vertex 30.3 12.411 0.326
   vertex 30.3 11.938 0.506
   vertex 30.3 11.938 0.326
  endloop
 endfacet
  facet normal 0 0 0
    outer loop
   vertex 30.3 12.885 0.326
   vertex 30.3 12.885 0.506
   vertex 30.3 12.411 0.326
  endloop
 endfacet
  facet normal 0 0 0
    outer loop
   vertex 30.3 12.411 0.326
   vertex 30.3 12.885 0.506
   vertex 30.3 11.938 0.506
  endloop
 endfacet
  facet normal 0 0 0
    outer loop
   vertex 30.3 11.938 0.326
   vertex 30.3 11.938 0.506
   vertex 30.3 11.464 0.326
  endloop
 endfacet
  facet normal 0 0 0
    outer loop
   vertex 30.3 11.464 0.326
   vertex 30.3 10.99 0.506
   vertex 30.3 10.99 0.326
  endloop
 endfacet
  facet normal 0 0 0
    outer loop
   vertex 30.3 11.464 0.326
   vertex 30.3 11.938 0.506
   vertex 30.3 10.99 0.506
  endloop
 endfacet
  facet normal 0 0 0
    outer loop
   vertex 30.3 12.885 0.326
   vertex 30.3 13.359 0.506
   vertex 30.3 12.885 0.506
  endloop
 endfacet
  facet normal 0 0 0
    outer loop
   vertex 30.3 13.833 0.326
   vertex 30.3 13.833 0.506
   vertex 30.3 13.359 0.506
  endloop
 endfacet
  facet normal 0 0 0
    outer loop
   vertex 30.3 13.833 0.326
   vertex 30.3 13.359 0.506
   vertex 30.3 12.885 0.326
  endloop
 endfacet
  facet normal 0 0 0
    outer loop
   vertex 30.3 14.306 0.326
   vertex 30.3 13.833 0.506
   vertex 30.3 13.833 0.326
  endloop
 endfacet
  facet normal 0 0 0
    outer loop
   vertex 30.3 14.78 0.326
   vertex 30.3 14.78 0.506
   vertex 30.3 14.306 0.326
  endloop
 endfacet
  facet normal 0 0 0
    outer loop
   vertex 30.3 14.306 0.326
   vertex 30.3 14.78 0.506
   vertex 30.3 13.833 0.506
  endloop
 endfacet
  facet normal 0 0 0
    outer loop
   vertex 37.8 -0.38 0.326
   vertex 37.8 -0.38 0.506
   vertex 37.8 0.094 0.326
  endloop
 endfacet
  facet normal 0 0 0
    outer loop
   vertex 37.8 0.094 0.326
   vertex 37.8 0.568 0.506
   vertex 37.8 0.568 0.326
  endloop
 endfacet
  facet normal 0 0 0
    outer loop
   vertex 37.8 0.094 0.326
   vertex 37.8 -0.38 0.506
   vertex 37.8 0.568 0.506
  endloop
 endfacet
  facet normal 0 0 0
    outer loop
   vertex 37.8 0.568 0.326
   vertex 37.8 0.568 0.506
   vertex 37.8 1.041 0.506
  endloop
 endfacet
  facet normal 0 0 0
    outer loop
   vertex 37.8 1.515 0.326
   vertex 37.8 1.041 0.506
   vertex 37.8 1.515 0.506
  endloop
 endfacet
  facet normal 0 0 0
    outer loop
   vertex 37.8 0.568 0.326
   vertex 37.8 1.041 0.506
   vertex 37.8 1.515 0.326
  endloop
 endfacet
  facet normal 0 0 0
    outer loop
   vertex 37.8 1.989 0.326
   vertex 37.8 2.463 0.506
   vertex 37.8 2.463 0.326
  endloop
 endfacet
  facet normal 0 0 0
    outer loop
   vertex 37.8 1.515 0.326
   vertex 37.8 1.515 0.506
   vertex 37.8 1.989 0.326
  endloop
 endfacet
  facet normal 0 0 0
    outer loop
   vertex 37.8 1.989 0.326
   vertex 37.8 1.515 0.506
   vertex 37.8 2.463 0.506
  endloop
 endfacet
  facet normal 0 0 0
    outer loop
   vertex 37.8 2.463 0.326
   vertex 37.8 2.463 0.506
   vertex 37.8 2.936 0.326
  endloop
 endfacet
  facet normal 0 0 0
    outer loop
   vertex 37.8 2.936 0.326
   vertex 37.8 3.41 0.506
   vertex 37.8 3.41 0.326
  endloop
 endfacet
  facet normal 0 0 0
    outer loop
   vertex 37.8 2.936 0.326
   vertex 37.8 2.463 0.506
   vertex 37.8 3.41 0.506
  endloop
 endfacet
  facet normal 0 0 0
    outer loop
   vertex 37.8 4.358 0.326
   vertex 37.8 4.358 0.506
   vertex 37.8 4.831 0.506
  endloop
 endfacet
  facet normal 0 0 0
    outer loop
   vertex 37.8 5.305 0.326
   vertex 37.8 4.831 0.506
   vertex 37.8 5.305 0.506
  endloop
 endfacet
  facet normal 0 0 0
    outer loop
   vertex 37.8 4.358 0.326
   vertex 37.8 4.831 0.506
   vertex 37.8 5.305 0.326
  endloop
 endfacet
  facet normal 0 0 0
    outer loop
   vertex 37.8 4.358 0.326
   vertex 37.8 3.884 0.506
   vertex 37.8 4.358 0.506
  endloop
 endfacet
  facet normal 0 0 0
    outer loop
   vertex 37.8 3.41 0.326
   vertex 37.8 3.41 0.506
   vertex 37.8 3.884 0.506
  endloop
 endfacet
  facet normal 0 0 0
    outer loop
   vertex 37.8 3.41 0.326
   vertex 37.8 3.884 0.506
   vertex 37.8 4.358 0.326
  endloop
 endfacet
  facet normal 0 0 0
    outer loop
   vertex 37.8 5.305 0.326
   vertex 37.8 5.305 0.506
   vertex 37.8 5.779 0.326
  endloop
 endfacet
  facet normal 0 0 0
    outer loop
   vertex 37.8 5.779 0.326
   vertex 37.8 6.253 0.506
   vertex 37.8 6.253 0.326
  endloop
 endfacet
  facet normal 0 0 0
    outer loop
   vertex 37.8 5.779 0.326
   vertex 37.8 5.305 0.506
   vertex 37.8 6.253 0.506
  endloop
 endfacet
  facet normal 0 0 0
    outer loop
   vertex 37.8 6.253 0.326
   vertex 37.8 6.253 0.506
   vertex 37.8 6.726 0.506
  endloop
 endfacet
  facet normal 0 0 0
    outer loop
   vertex 37.8 7.2 0.326
   vertex 37.8 6.726 0.506
   vertex 37.8 7.2 0.506
  endloop
 endfacet
  facet normal 0 0 0
    outer loop
   vertex 37.8 6.253 0.326
   vertex 37.8 6.726 0.506
   vertex 37.8 7.2 0.326
  endloop
 endfacet
  facet normal 0 0 0
    outer loop
   vertex 37.8 9.569 0.326
   vertex 37.8 10.043 0.506
   vertex 37.8 10.043 0.326
  endloop
 endfacet
  facet normal 0 0 0
    outer loop
   vertex 37.8 9.095 0.326
   vertex 37.8 9.095 0.506
   vertex 37.8 9.569 0.326
  endloop
 endfacet
  facet normal 0 0 0
    outer loop
   vertex 37.8 9.569 0.326
   vertex 37.8 9.095 0.506
   vertex 37.8 10.043 0.506
  endloop
 endfacet
  facet normal 0 0 0
    outer loop
   vertex 37.8 10.043 0.326
   vertex 37.8 10.043 0.506
   vertex 37.8 10.516 0.326
  endloop
 endfacet
  facet normal 0 0 0
    outer loop
   vertex 37.8 10.516 0.326
   vertex 37.8 10.99 0.506
   vertex 37.8 10.99 0.326
  endloop
 endfacet
  facet normal 0 0 0
    outer loop
   vertex 37.8 10.516 0.326
   vertex 37.8 10.043 0.506
   vertex 37.8 10.99 0.506
  endloop
 endfacet
  facet normal 0 0 0
    outer loop
   vertex 37.8 9.095 0.326
   vertex 37.8 8.621 0.506
   vertex 37.8 9.095 0.506
  endloop
 endfacet
  facet normal 0 0 0
    outer loop
   vertex 37.8 8.148 0.326
   vertex 37.8 8.148 0.506
   vertex 37.8 8.621 0.506
  endloop
 endfacet
  facet normal 0 0 0
    outer loop
   vertex 37.8 8.148 0.326
   vertex 37.8 8.621 0.506
   vertex 37.8 9.095 0.326
  endloop
 endfacet
  facet normal 0 0 0
    outer loop
   vertex 37.8 7.674 0.326
   vertex 37.8 8.148 0.506
   vertex 37.8 8.148 0.326
  endloop
 endfacet
  facet normal 0 0 0
    outer loop
   vertex 37.8 7.2 0.326
   vertex 37.8 7.2 0.506
   vertex 37.8 7.674 0.326
  endloop
 endfacet
  facet normal 0 0 0
    outer loop
   vertex 37.8 7.674 0.326
   vertex 37.8 7.2 0.506
   vertex 37.8 8.148 0.506
  endloop
 endfacet
  facet normal 0 0 0
    outer loop
   vertex 37.8 10.99 0.326
   vertex 37.8 10.99 0.506
   vertex 37.8 11.464 0.326
  endloop
 endfacet
  facet normal 0 0 0
    outer loop
   vertex 37.8 11.464 0.326
   vertex 37.8 11.938 0.506
   vertex 37.8 11.938 0.326
  endloop
 endfacet
  facet normal 0 0 0
    outer loop
   vertex 37.8 11.464 0.326
   vertex 37.8 10.99 0.506
   vertex 37.8 11.938 0.506
  endloop
 endfacet
  facet normal 0 0 0
    outer loop
   vertex 37.8 11.938 0.326
   vertex 37.8 11.938 0.506
   vertex 37.8 12.411 0.506
  endloop
 endfacet
  facet normal 0 0 0
    outer loop
   vertex 37.8 12.885 0.326
   vertex 37.8 12.411 0.506
   vertex 37.8 12.885 0.506
  endloop
 endfacet
  facet normal 0 0 0
    outer loop
   vertex 37.8 11.938 0.326
   vertex 37.8 12.411 0.506
   vertex 37.8 12.885 0.326
  endloop
 endfacet
  facet normal 0 0 0
    outer loop
   vertex 37.8 13.359 0.326
   vertex 37.8 13.833 0.506
   vertex 37.8 13.833 0.326
  endloop
 endfacet
  facet normal 0 0 0
    outer loop
   vertex 37.8 12.885 0.326
   vertex 37.8 12.885 0.506
   vertex 37.8 13.359 0.326
  endloop
 endfacet
  facet normal 0 0 0
    outer loop
   vertex 37.8 13.359 0.326
   vertex 37.8 12.885 0.506
   vertex 37.8 13.833 0.506
  endloop
 endfacet
  facet normal 0 0 0
    outer loop
   vertex 37.8 13.833 0.326
   vertex 37.8 13.833 0.506
   vertex 37.8 14.306 0.326
  endloop
 endfacet
  facet normal 0 0 0
    outer loop
   vertex 37.8 14.306 0.326
   vertex 37.8 14.78 0.506
   vertex 37.8 14.78 0.326
  endloop
 endfacet
  facet normal 0 0 0
    outer loop
   vertex 37.8 14.306 0.326
   vertex 37.8 13.833 0.506
   vertex 37.8 14.78 0.506
  endloop
 endfacet
  facet normal 0 0 0
    outer loop
   vertex 37.8 24.729 0.326
   vertex 37.8 25.203 0.506
   vertex 37.8 25.203 0.326
  endloop
 endfacet
  facet normal 0 0 0
    outer loop
   vertex 37.8 24.255 0.326
   vertex 37.8 24.255 0.506
   vertex 37.8 24.729 0.326
  endloop
 endfacet
  facet normal 0 0 0
    outer loop
   vertex 37.8 24.729 0.326
   vertex 37.8 24.255 0.506
   vertex 37.8 25.203 0.506
  endloop
 endfacet
  facet normal 0 0 0
    outer loop
   vertex 37.8 25.203 0.326
   vertex 37.8 25.203 0.506
   vertex 37.8 25.676 0.326
  endloop
 endfacet
  facet normal 0 0 0
    outer loop
   vertex 37.8 25.676 0.326
   vertex 37.8 26.15 0.506
   vertex 37.8 26.15 0.326
  endloop
 endfacet
  facet normal 0 0 0
    outer loop
   vertex 37.8 25.676 0.326
   vertex 37.8 25.203 0.506
   vertex 37.8 26.15 0.506
  endloop
 endfacet
  facet normal 0 0 0
    outer loop
   vertex 37.8 24.255 0.326
   vertex 37.8 23.781 0.506
   vertex 37.8 24.255 0.506
  endloop
 endfacet
  facet normal 0 0 0
    outer loop
   vertex 37.8 23.308 0.326
   vertex 37.8 23.308 0.506
   vertex 37.8 23.781 0.506
  endloop
 endfacet
  facet normal 0 0 0
    outer loop
   vertex 37.8 23.308 0.326
   vertex 37.8 23.781 0.506
   vertex 37.8 24.255 0.326
  endloop
 endfacet
  facet normal 0 0 0
    outer loop
   vertex 37.8 22.834 0.326
   vertex 37.8 23.308 0.506
   vertex 37.8 23.308 0.326
  endloop
 endfacet
  facet normal 0 0 0
    outer loop
   vertex 37.8 22.36 0.326
   vertex 37.8 22.36 0.506
   vertex 37.8 22.834 0.326
  endloop
 endfacet
  facet normal 0 0 0
    outer loop
   vertex 37.8 22.834 0.326
   vertex 37.8 22.36 0.506
   vertex 37.8 23.308 0.506
  endloop
 endfacet
  facet normal 0 0 0
    outer loop
   vertex 37.8 26.15 0.326
   vertex 37.8 26.15 0.506
   vertex 37.8 26.624 0.326
  endloop
 endfacet
  facet normal 0 0 0
    outer loop
   vertex 37.8 26.624 0.326
   vertex 37.8 27.098 0.506
   vertex 37.8 27.098 0.326
  endloop
 endfacet
  facet normal 0 0 0
    outer loop
   vertex 37.8 26.624 0.326
   vertex 37.8 26.15 0.506
   vertex 37.8 27.098 0.506
  endloop
 endfacet
  facet normal 0 0 0
    outer loop
   vertex 37.8 27.098 0.326
   vertex 37.8 27.098 0.506
   vertex 37.8 27.571 0.506
  endloop
 endfacet
  facet normal 0 0 0
    outer loop
   vertex 37.8 28.045 0.326
   vertex 37.8 27.571 0.506
   vertex 37.8 28.045 0.506
  endloop
 endfacet
  facet normal 0 0 0
    outer loop
   vertex 37.8 27.098 0.326
   vertex 37.8 27.571 0.506
   vertex 37.8 28.045 0.326
  endloop
 endfacet
  facet normal 0 0 0
    outer loop
   vertex 37.8 28.519 0.326
   vertex 37.8 28.993 0.506
   vertex 37.8 28.993 0.326
  endloop
 endfacet
  facet normal 0 0 0
    outer loop
   vertex 37.8 28.045 0.326
   vertex 37.8 28.045 0.506
   vertex 37.8 28.519 0.326
  endloop
 endfacet
  facet normal 0 0 0
    outer loop
   vertex 37.8 28.519 0.326
   vertex 37.8 28.045 0.506
   vertex 37.8 28.993 0.506
  endloop
 endfacet
  facet normal 0 0 0
    outer loop
   vertex 37.8 28.993 0.326
   vertex 37.8 28.993 0.506
   vertex 37.8 29.466 0.326
  endloop
 endfacet
  facet normal 0 0 0
    outer loop
   vertex 37.8 29.466 0.326
   vertex 37.8 29.94 0.506
   vertex 37.8 29.94 0.326
  endloop
 endfacet
  facet normal 0 0 0
    outer loop
   vertex 37.8 29.466 0.326
   vertex 37.8 28.993 0.506
   vertex 37.8 29.94 0.506
  endloop
 endfacet
  facet normal 0 0 0
    outer loop
   vertex 37.8 22.36 0.326
   vertex 37.8 21.886 0.506
   vertex 37.8 22.36 0.506
  endloop
 endfacet
  facet normal 0 0 0
    outer loop
   vertex 37.8 21.413 0.326
   vertex 37.8 21.413 0.506
   vertex 37.8 21.886 0.506
  endloop
 endfacet
  facet normal 0 0 0
    outer loop
   vertex 37.8 21.413 0.326
   vertex 37.8 21.886 0.506
   vertex 37.8 22.36 0.326
  endloop
 endfacet
  facet normal 0 0 0
    outer loop
   vertex 37.8 20.939 0.326
   vertex 37.8 21.413 0.506
   vertex 37.8 21.413 0.326
  endloop
 endfacet
  facet normal 0 0 0
    outer loop
   vertex 37.8 20.465 0.326
   vertex 37.8 20.465 0.506
   vertex 37.8 20.939 0.326
  endloop
 endfacet
  facet normal 0 0 0
    outer loop
   vertex 37.8 20.939 0.326
   vertex 37.8 20.465 0.506
   vertex 37.8 21.413 0.506
  endloop
 endfacet
  facet normal 0 0 0
    outer loop
   vertex 37.8 19.518 0.326
   vertex 37.8 19.518 0.506
   vertex 37.8 19.991 0.506
  endloop
 endfacet
  facet normal 0 0 0
    outer loop
   vertex 37.8 20.465 0.326
   vertex 37.8 19.991 0.506
   vertex 37.8 20.465 0.506
  endloop
 endfacet
  facet normal 0 0 0
    outer loop
   vertex 37.8 19.518 0.326
   vertex 37.8 19.991 0.506
   vertex 37.8 20.465 0.326
  endloop
 endfacet
  facet normal 0 0 0
    outer loop
   vertex 37.8 19.518 0.326
   vertex 37.8 19.044 0.506
   vertex 37.8 19.518 0.506
  endloop
 endfacet
  facet normal 0 0 0
    outer loop
   vertex 37.8 18.57 0.326
   vertex 37.8 18.57 0.506
   vertex 37.8 19.044 0.506
  endloop
 endfacet
  facet normal 0 0 0
    outer loop
   vertex 37.8 18.57 0.326
   vertex 37.8 19.044 0.506
   vertex 37.8 19.518 0.326
  endloop
 endfacet
  facet normal 0 0 0
    outer loop
   vertex 37.8 17.149 0.326
   vertex 37.8 17.623 0.506
   vertex 37.8 17.623 0.326
  endloop
 endfacet
  facet normal 0 0 0
    outer loop
   vertex 37.8 16.675 0.326
   vertex 37.8 16.675 0.506
   vertex 37.8 17.149 0.326
  endloop
 endfacet
  facet normal 0 0 0
    outer loop
   vertex 37.8 17.149 0.326
   vertex 37.8 16.675 0.506
   vertex 37.8 17.623 0.506
  endloop
 endfacet
  facet normal 0 0 0
    outer loop
   vertex 37.8 17.623 0.326
   vertex 37.8 17.623 0.506
   vertex 37.8 18.096 0.326
  endloop
 endfacet
  facet normal 0 0 0
    outer loop
   vertex 37.8 18.096 0.326
   vertex 37.8 18.57 0.506
   vertex 37.8 18.57 0.326
  endloop
 endfacet
  facet normal 0 0 0
    outer loop
   vertex 37.8 18.096 0.326
   vertex 37.8 17.623 0.506
   vertex 37.8 18.57 0.506
  endloop
 endfacet
  facet normal 0 0 0
    outer loop
   vertex 37.8 16.675 0.326
   vertex 37.8 16.201 0.506
   vertex 37.8 16.675 0.506
  endloop
 endfacet
  facet normal 0 0 0
    outer loop
   vertex 37.8 15.728 0.326
   vertex 37.8 15.728 0.506
   vertex 37.8 16.201 0.506
  endloop
 endfacet
  facet normal 0 0 0
    outer loop
   vertex 37.8 15.728 0.326
   vertex 37.8 16.201 0.506
   vertex 37.8 16.675 0.326
  endloop
 endfacet
  facet normal 0 0 0
    outer loop
   vertex 37.8 15.254 0.326
   vertex 37.8 15.728 0.506
   vertex 37.8 15.728 0.326
  endloop
 endfacet
  facet normal 0 0 0
    outer loop
   vertex 37.8 14.78 0.326
   vertex 37.8 14.78 0.506
   vertex 37.8 15.254 0.326
  endloop
 endfacet
  facet normal 0 0 0
    outer loop
   vertex 37.8 15.254 0.326
   vertex 37.8 14.78 0.506
   vertex 37.8 15.728 0.506
  endloop
 endfacet
  facet normal 0 0 0
    outer loop
   vertex 36.55 29.94 0.326
   vertex 36.55 29.94 0.506
   vertex 36.55 29.466 0.326
  endloop
 endfacet
  facet normal 0 0 0
    outer loop
   vertex 36.55 29.466 0.326
   vertex 36.55 28.993 0.506
   vertex 36.55 28.993 0.326
  endloop
 endfacet
  facet normal 0 0 0
    outer loop
   vertex 36.55 29.466 0.326
   vertex 36.55 29.94 0.506
   vertex 36.55 28.993 0.506
  endloop
 endfacet
  facet normal 0 0 0
    outer loop
   vertex 36.55 28.993 0.326
   vertex 36.55 28.993 0.506
   vertex 36.55 28.519 0.506
  endloop
 endfacet
  facet normal 0 0 0
    outer loop
   vertex 36.55 28.045 0.326
   vertex 36.55 28.519 0.506
   vertex 36.55 28.045 0.506
  endloop
 endfacet
  facet normal 0 0 0
    outer loop
   vertex 36.55 28.993 0.326
   vertex 36.55 28.519 0.506
   vertex 36.55 28.045 0.326
  endloop
 endfacet
  facet normal 0 0 0
    outer loop
   vertex 36.55 27.571 0.326
   vertex 36.55 27.098 0.506
   vertex 36.55 27.098 0.326
  endloop
 endfacet
  facet normal 0 0 0
    outer loop
   vertex 36.55 28.045 0.326
   vertex 36.55 28.045 0.506
   vertex 36.55 27.571 0.326
  endloop
 endfacet
  facet normal 0 0 0
    outer loop
   vertex 36.55 27.571 0.326
   vertex 36.55 28.045 0.506
   vertex 36.55 27.098 0.506
  endloop
 endfacet
  facet normal 0 0 0
    outer loop
   vertex 36.55 27.098 0.326
   vertex 36.55 27.098 0.506
   vertex 36.55 26.624 0.326
  endloop
 endfacet
  facet normal 0 0 0
    outer loop
   vertex 36.55 26.624 0.326
   vertex 36.55 26.15 0.506
   vertex 36.55 26.15 0.326
  endloop
 endfacet
  facet normal 0 0 0
    outer loop
   vertex 36.55 26.624 0.326
   vertex 36.55 27.098 0.506
   vertex 36.55 26.15 0.506
  endloop
 endfacet
  facet normal 0 0 0
    outer loop
   vertex 36.55 25.203 0.326
   vertex 36.55 25.203 0.506
   vertex 36.55 24.729 0.506
  endloop
 endfacet
  facet normal 0 0 0
    outer loop
   vertex 36.55 24.255 0.326
   vertex 36.55 24.729 0.506
   vertex 36.55 24.255 0.506
  endloop
 endfacet
  facet normal 0 0 0
    outer loop
   vertex 36.55 25.203 0.326
   vertex 36.55 24.729 0.506
   vertex 36.55 24.255 0.326
  endloop
 endfacet
  facet normal 0 0 0
    outer loop
   vertex 36.55 25.203 0.326
   vertex 36.55 25.676 0.506
   vertex 36.55 25.203 0.506
  endloop
 endfacet
  facet normal 0 0 0
    outer loop
   vertex 36.55 26.15 0.326
   vertex 36.55 26.15 0.506
   vertex 36.55 25.676 0.506
  endloop
 endfacet
  facet normal 0 0 0
    outer loop
   vertex 36.55 26.15 0.326
   vertex 36.55 25.676 0.506
   vertex 36.55 25.203 0.326
  endloop
 endfacet
  facet normal 0 0 0
    outer loop
   vertex 36.55 24.255 0.326
   vertex 36.55 24.255 0.506
   vertex 36.55 23.781 0.326
  endloop
 endfacet
  facet normal 0 0 0
    outer loop
   vertex 36.55 23.781 0.326
   vertex 36.55 23.308 0.506
   vertex 36.55 23.308 0.326
  endloop
 endfacet
  facet normal 0 0 0
    outer loop
   vertex 36.55 23.781 0.326
   vertex 36.55 24.255 0.506
   vertex 36.55 23.308 0.506
  endloop
 endfacet
  facet normal 0 0 0
    outer loop
   vertex 36.55 23.308 0.326
   vertex 36.55 23.308 0.506
   vertex 36.55 22.834 0.506
  endloop
 endfacet
  facet normal 0 0 0
    outer loop
   vertex 36.55 22.36 0.326
   vertex 36.55 22.834 0.506
   vertex 36.55 22.36 0.506
  endloop
 endfacet
  facet normal 0 0 0
    outer loop
   vertex 36.55 23.308 0.326
   vertex 36.55 22.834 0.506
   vertex 36.55 22.36 0.326
  endloop
 endfacet
  facet normal 0 0 0
    outer loop
   vertex 36.55 19.991 0.326
   vertex 36.55 19.518 0.506
   vertex 36.55 19.518 0.326
  endloop
 endfacet
  facet normal 0 0 0
    outer loop
   vertex 36.55 20.465 0.326
   vertex 36.55 20.465 0.506
   vertex 36.55 19.991 0.326
  endloop
 endfacet
  facet normal 0 0 0
    outer loop
   vertex 36.55 19.991 0.326
   vertex 36.55 20.465 0.506
   vertex 36.55 19.518 0.506
  endloop
 endfacet
  facet normal 0 0 0
    outer loop
   vertex 36.55 19.518 0.326
   vertex 36.55 19.518 0.506
   vertex 36.55 19.044 0.326
  endloop
 endfacet
  facet normal 0 0 0
    outer loop
   vertex 36.55 19.044 0.326
   vertex 36.55 18.57 0.506
   vertex 36.55 18.57 0.326
  endloop
 endfacet
  facet normal 0 0 0
    outer loop
   vertex 36.55 19.044 0.326
   vertex 36.55 19.518 0.506
   vertex 36.55 18.57 0.506
  endloop
 endfacet
  facet normal 0 0 0
    outer loop
   vertex 36.55 20.465 0.326
   vertex 36.55 20.939 0.506
   vertex 36.55 20.465 0.506
  endloop
 endfacet
  facet normal 0 0 0
    outer loop
   vertex 36.55 21.413 0.326
   vertex 36.55 21.413 0.506
   vertex 36.55 20.939 0.506
  endloop
 endfacet
  facet normal 0 0 0
    outer loop
   vertex 36.55 21.413 0.326
   vertex 36.55 20.939 0.506
   vertex 36.55 20.465 0.326
  endloop
 endfacet
  facet normal 0 0 0
    outer loop
   vertex 36.55 21.886 0.326
   vertex 36.55 21.413 0.506
   vertex 36.55 21.413 0.326
  endloop
 endfacet
  facet normal 0 0 0
    outer loop
   vertex 36.55 22.36 0.326
   vertex 36.55 22.36 0.506
   vertex 36.55 21.886 0.326
  endloop
 endfacet
  facet normal 0 0 0
    outer loop
   vertex 36.55 21.886 0.326
   vertex 36.55 22.36 0.506
   vertex 36.55 21.413 0.506
  endloop
 endfacet
  facet normal 0 0 0
    outer loop
   vertex 36.55 18.57 0.326
   vertex 36.55 18.57 0.506
   vertex 36.55 18.096 0.326
  endloop
 endfacet
  facet normal 0 0 0
    outer loop
   vertex 36.55 18.096 0.326
   vertex 36.55 17.623 0.506
   vertex 36.55 17.623 0.326
  endloop
 endfacet
  facet normal 0 0 0
    outer loop
   vertex 36.55 18.096 0.326
   vertex 36.55 18.57 0.506
   vertex 36.55 17.623 0.506
  endloop
 endfacet
  facet normal 0 0 0
    outer loop
   vertex 36.55 17.623 0.326
   vertex 36.55 17.623 0.506
   vertex 36.55 17.149 0.506
  endloop
 endfacet
  facet normal 0 0 0
    outer loop
   vertex 36.55 16.675 0.326
   vertex 36.55 17.149 0.506
   vertex 36.55 16.675 0.506
  endloop
 endfacet
  facet normal 0 0 0
    outer loop
   vertex 36.55 17.623 0.326
   vertex 36.55 17.149 0.506
   vertex 36.55 16.675 0.326
  endloop
 endfacet
  facet normal 0 0 0
    outer loop
   vertex 36.55 16.201 0.326
   vertex 36.55 15.728 0.506
   vertex 36.55 15.728 0.326
  endloop
 endfacet
  facet normal 0 0 0
    outer loop
   vertex 36.55 16.675 0.326
   vertex 36.55 16.675 0.506
   vertex 36.55 16.201 0.326
  endloop
 endfacet
  facet normal 0 0 0
    outer loop
   vertex 36.55 16.201 0.326
   vertex 36.55 16.675 0.506
   vertex 36.55 15.728 0.506
  endloop
 endfacet
  facet normal 0 0 0
    outer loop
   vertex 36.55 15.728 0.326
   vertex 36.55 15.728 0.506
   vertex 36.55 15.254 0.326
  endloop
 endfacet
  facet normal 0 0 0
    outer loop
   vertex 36.55 15.254 0.326
   vertex 36.55 14.78 0.506
   vertex 36.55 14.78 0.326
  endloop
 endfacet
  facet normal 0 0 0
    outer loop
   vertex 36.55 15.254 0.326
   vertex 36.55 15.728 0.506
   vertex 36.55 14.78 0.506
  endloop
 endfacet
  facet normal 0 0 0
    outer loop
   vertex 36.55 4.831 0.326
   vertex 36.55 4.358 0.506
   vertex 36.55 4.358 0.326
  endloop
 endfacet
  facet normal 0 0 0
    outer loop
   vertex 36.55 5.305 0.326
   vertex 36.55 5.305 0.506
   vertex 36.55 4.831 0.326
  endloop
 endfacet
  facet normal 0 0 0
    outer loop
   vertex 36.55 4.831 0.326
   vertex 36.55 5.305 0.506
   vertex 36.55 4.358 0.506
  endloop
 endfacet
  facet normal 0 0 0
    outer loop
   vertex 36.55 4.358 0.326
   vertex 36.55 4.358 0.506
   vertex 36.55 3.884 0.326
  endloop
 endfacet
  facet normal 0 0 0
    outer loop
   vertex 36.55 3.884 0.326
   vertex 36.55 3.41 0.506
   vertex 36.55 3.41 0.326
  endloop
 endfacet
  facet normal 0 0 0
    outer loop
   vertex 36.55 3.884 0.326
   vertex 36.55 4.358 0.506
   vertex 36.55 3.41 0.506
  endloop
 endfacet
  facet normal 0 0 0
    outer loop
   vertex 36.55 5.305 0.326
   vertex 36.55 5.779 0.506
   vertex 36.55 5.305 0.506
  endloop
 endfacet
  facet normal 0 0 0
    outer loop
   vertex 36.55 6.253 0.326
   vertex 36.55 6.253 0.506
   vertex 36.55 5.779 0.506
  endloop
 endfacet
  facet normal 0 0 0
    outer loop
   vertex 36.55 6.253 0.326
   vertex 36.55 5.779 0.506
   vertex 36.55 5.305 0.326
  endloop
 endfacet
  facet normal 0 0 0
    outer loop
   vertex 36.55 6.726 0.326
   vertex 36.55 6.253 0.506
   vertex 36.55 6.253 0.326
  endloop
 endfacet
  facet normal 0 0 0
    outer loop
   vertex 36.55 7.2 0.326
   vertex 36.55 7.2 0.506
   vertex 36.55 6.726 0.326
  endloop
 endfacet
  facet normal 0 0 0
    outer loop
   vertex 36.55 6.726 0.326
   vertex 36.55 7.2 0.506
   vertex 36.55 6.253 0.506
  endloop
 endfacet
  facet normal 0 0 0
    outer loop
   vertex 36.55 3.41 0.326
   vertex 36.55 3.41 0.506
   vertex 36.55 2.936 0.326
  endloop
 endfacet
  facet normal 0 0 0
    outer loop
   vertex 36.55 2.936 0.326
   vertex 36.55 2.463 0.506
   vertex 36.55 2.463 0.326
  endloop
 endfacet
  facet normal 0 0 0
    outer loop
   vertex 36.55 2.936 0.326
   vertex 36.55 3.41 0.506
   vertex 36.55 2.463 0.506
  endloop
 endfacet
  facet normal 0 0 0
    outer loop
   vertex 36.55 2.463 0.326
   vertex 36.55 2.463 0.506
   vertex 36.55 1.989 0.506
  endloop
 endfacet
  facet normal 0 0 0
    outer loop
   vertex 36.55 1.515 0.326
   vertex 36.55 1.989 0.506
   vertex 36.55 1.515 0.506
  endloop
 endfacet
  facet normal 0 0 0
    outer loop
   vertex 36.55 2.463 0.326
   vertex 36.55 1.989 0.506
   vertex 36.55 1.515 0.326
  endloop
 endfacet
  facet normal 0 0 0
    outer loop
   vertex 36.55 1.041 0.326
   vertex 36.55 0.568 0.506
   vertex 36.55 0.568 0.326
  endloop
 endfacet
  facet normal 0 0 0
    outer loop
   vertex 36.55 1.515 0.326
   vertex 36.55 1.515 0.506
   vertex 36.55 1.041 0.326
  endloop
 endfacet
  facet normal 0 0 0
    outer loop
   vertex 36.55 1.041 0.326
   vertex 36.55 1.515 0.506
   vertex 36.55 0.568 0.506
  endloop
 endfacet
  facet normal 0 0 0
    outer loop
   vertex 36.55 0.568 0.326
   vertex 36.55 0.568 0.506
   vertex 36.55 0.094 0.326
  endloop
 endfacet
  facet normal 0 0 0
    outer loop
   vertex 36.55 0.094 0.326
   vertex 36.55 -0.38 0.506
   vertex 36.55 -0.38 0.326
  endloop
 endfacet
  facet normal 0 0 0
    outer loop
   vertex 36.55 0.094 0.326
   vertex 36.55 0.568 0.506
   vertex 36.55 -0.38 0.506
  endloop
 endfacet
  facet normal 0 0 0
    outer loop
   vertex 36.55 7.2 0.326
   vertex 36.55 7.674 0.506
   vertex 36.55 7.2 0.506
  endloop
 endfacet
  facet normal 0 0 0
    outer loop
   vertex 36.55 8.148 0.326
   vertex 36.55 8.148 0.506
   vertex 36.55 7.674 0.506
  endloop
 endfacet
  facet normal 0 0 0
    outer loop
   vertex 36.55 8.148 0.326
   vertex 36.55 7.674 0.506
   vertex 36.55 7.2 0.326
  endloop
 endfacet
  facet normal 0 0 0
    outer loop
   vertex 36.55 8.621 0.326
   vertex 36.55 8.148 0.506
   vertex 36.55 8.148 0.326
  endloop
 endfacet
  facet normal 0 0 0
    outer loop
   vertex 36.55 9.095 0.326
   vertex 36.55 9.095 0.506
   vertex 36.55 8.621 0.326
  endloop
 endfacet
  facet normal 0 0 0
    outer loop
   vertex 36.55 8.621 0.326
   vertex 36.55 9.095 0.506
   vertex 36.55 8.148 0.506
  endloop
 endfacet
  facet normal 0 0 0
    outer loop
   vertex 36.55 10.043 0.326
   vertex 36.55 10.043 0.506
   vertex 36.55 9.569 0.506
  endloop
 endfacet
  facet normal 0 0 0
    outer loop
   vertex 36.55 9.095 0.326
   vertex 36.55 9.569 0.506
   vertex 36.55 9.095 0.506
  endloop
 endfacet
  facet normal 0 0 0
    outer loop
   vertex 36.55 10.043 0.326
   vertex 36.55 9.569 0.506
   vertex 36.55 9.095 0.326
  endloop
 endfacet
  facet normal 0 0 0
    outer loop
   vertex 36.55 10.043 0.326
   vertex 36.55 10.516 0.506
   vertex 36.55 10.043 0.506
  endloop
 endfacet
  facet normal 0 0 0
    outer loop
   vertex 36.55 10.99 0.326
   vertex 36.55 10.99 0.506
   vertex 36.55 10.516 0.506
  endloop
 endfacet
  facet normal 0 0 0
    outer loop
   vertex 36.55 10.99 0.326
   vertex 36.55 10.516 0.506
   vertex 36.55 10.043 0.326
  endloop
 endfacet
  facet normal 0 0 0
    outer loop
   vertex 36.55 12.411 0.326
   vertex 36.55 11.938 0.506
   vertex 36.55 11.938 0.326
  endloop
 endfacet
  facet normal 0 0 0
    outer loop
   vertex 36.55 12.885 0.326
   vertex 36.55 12.885 0.506
   vertex 36.55 12.411 0.326
  endloop
 endfacet
  facet normal 0 0 0
    outer loop
   vertex 36.55 12.411 0.326
   vertex 36.55 12.885 0.506
   vertex 36.55 11.938 0.506
  endloop
 endfacet
  facet normal 0 0 0
    outer loop
   vertex 36.55 11.938 0.326
   vertex 36.55 11.938 0.506
   vertex 36.55 11.464 0.326
  endloop
 endfacet
  facet normal 0 0 0
    outer loop
   vertex 36.55 11.464 0.326
   vertex 36.55 10.99 0.506
   vertex 36.55 10.99 0.326
  endloop
 endfacet
  facet normal 0 0 0
    outer loop
   vertex 36.55 11.464 0.326
   vertex 36.55 11.938 0.506
   vertex 36.55 10.99 0.506
  endloop
 endfacet
  facet normal 0 0 0
    outer loop
   vertex 36.55 12.885 0.326
   vertex 36.55 13.359 0.506
   vertex 36.55 12.885 0.506
  endloop
 endfacet
  facet normal 0 0 0
    outer loop
   vertex 36.55 13.833 0.326
   vertex 36.55 13.833 0.506
   vertex 36.55 13.359 0.506
  endloop
 endfacet
  facet normal 0 0 0
    outer loop
   vertex 36.55 13.833 0.326
   vertex 36.55 13.359 0.506
   vertex 36.55 12.885 0.326
  endloop
 endfacet
  facet normal 0 0 0
    outer loop
   vertex 36.55 14.306 0.326
   vertex 36.55 13.833 0.506
   vertex 36.55 13.833 0.326
  endloop
 endfacet
  facet normal 0 0 0
    outer loop
   vertex 36.55 14.78 0.326
   vertex 36.55 14.78 0.506
   vertex 36.55 14.306 0.326
  endloop
 endfacet
  facet normal 0 0 0
    outer loop
   vertex 36.55 14.306 0.326
   vertex 36.55 14.78 0.506
   vertex 36.55 13.833 0.506
  endloop
 endfacet
  facet normal 0 0 0
    outer loop
   vertex 44.05 -0.38 0.326
   vertex 44.05 -0.38 0.506
   vertex 44.05 0.094 0.326
  endloop
 endfacet
  facet normal 0 0 0
    outer loop
   vertex 44.05 0.094 0.326
   vertex 44.05 0.568 0.506
   vertex 44.05 0.568 0.326
  endloop
 endfacet
  facet normal 0 0 0
    outer loop
   vertex 44.05 0.094 0.326
   vertex 44.05 -0.38 0.506
   vertex 44.05 0.568 0.506
  endloop
 endfacet
  facet normal 0 0 0
    outer loop
   vertex 44.05 0.568 0.326
   vertex 44.05 0.568 0.506
   vertex 44.05 1.041 0.506
  endloop
 endfacet
  facet normal 0 0 0
    outer loop
   vertex 44.05 1.515 0.326
   vertex 44.05 1.041 0.506
   vertex 44.05 1.515 0.506
  endloop
 endfacet
  facet normal 0 0 0
    outer loop
   vertex 44.05 0.568 0.326
   vertex 44.05 1.041 0.506
   vertex 44.05 1.515 0.326
  endloop
 endfacet
  facet normal 0 0 0
    outer loop
   vertex 44.05 1.989 0.326
   vertex 44.05 2.463 0.506
   vertex 44.05 2.463 0.326
  endloop
 endfacet
  facet normal 0 0 0
    outer loop
   vertex 44.05 1.515 0.326
   vertex 44.05 1.515 0.506
   vertex 44.05 1.989 0.326
  endloop
 endfacet
  facet normal 0 0 0
    outer loop
   vertex 44.05 1.989 0.326
   vertex 44.05 1.515 0.506
   vertex 44.05 2.463 0.506
  endloop
 endfacet
  facet normal 0 0 0
    outer loop
   vertex 44.05 2.463 0.326
   vertex 44.05 2.463 0.506
   vertex 44.05 2.936 0.326
  endloop
 endfacet
  facet normal 0 0 0
    outer loop
   vertex 44.05 2.936 0.326
   vertex 44.05 3.41 0.506
   vertex 44.05 3.41 0.326
  endloop
 endfacet
  facet normal 0 0 0
    outer loop
   vertex 44.05 2.936 0.326
   vertex 44.05 2.463 0.506
   vertex 44.05 3.41 0.506
  endloop
 endfacet
  facet normal 0 0 0
    outer loop
   vertex 44.05 4.358 0.326
   vertex 44.05 4.358 0.506
   vertex 44.05 4.831 0.506
  endloop
 endfacet
  facet normal 0 0 0
    outer loop
   vertex 44.05 5.305 0.326
   vertex 44.05 4.831 0.506
   vertex 44.05 5.305 0.506
  endloop
 endfacet
  facet normal 0 0 0
    outer loop
   vertex 44.05 4.358 0.326
   vertex 44.05 4.831 0.506
   vertex 44.05 5.305 0.326
  endloop
 endfacet
  facet normal 0 0 0
    outer loop
   vertex 44.05 4.358 0.326
   vertex 44.05 3.884 0.506
   vertex 44.05 4.358 0.506
  endloop
 endfacet
  facet normal 0 0 0
    outer loop
   vertex 44.05 3.41 0.326
   vertex 44.05 3.41 0.506
   vertex 44.05 3.884 0.506
  endloop
 endfacet
  facet normal 0 0 0
    outer loop
   vertex 44.05 3.41 0.326
   vertex 44.05 3.884 0.506
   vertex 44.05 4.358 0.326
  endloop
 endfacet
  facet normal 0 0 0
    outer loop
   vertex 44.05 5.305 0.326
   vertex 44.05 5.305 0.506
   vertex 44.05 5.779 0.326
  endloop
 endfacet
  facet normal 0 0 0
    outer loop
   vertex 44.05 5.779 0.326
   vertex 44.05 6.253 0.506
   vertex 44.05 6.253 0.326
  endloop
 endfacet
  facet normal 0 0 0
    outer loop
   vertex 44.05 5.779 0.326
   vertex 44.05 5.305 0.506
   vertex 44.05 6.253 0.506
  endloop
 endfacet
  facet normal 0 0 0
    outer loop
   vertex 44.05 6.253 0.326
   vertex 44.05 6.253 0.506
   vertex 44.05 6.726 0.506
  endloop
 endfacet
  facet normal 0 0 0
    outer loop
   vertex 44.05 7.2 0.326
   vertex 44.05 6.726 0.506
   vertex 44.05 7.2 0.506
  endloop
 endfacet
  facet normal 0 0 0
    outer loop
   vertex 44.05 6.253 0.326
   vertex 44.05 6.726 0.506
   vertex 44.05 7.2 0.326
  endloop
 endfacet
  facet normal 0 0 0
    outer loop
   vertex 44.05 9.569 0.326
   vertex 44.05 10.043 0.506
   vertex 44.05 10.043 0.326
  endloop
 endfacet
  facet normal 0 0 0
    outer loop
   vertex 44.05 9.095 0.326
   vertex 44.05 9.095 0.506
   vertex 44.05 9.569 0.326
  endloop
 endfacet
  facet normal 0 0 0
    outer loop
   vertex 44.05 9.569 0.326
   vertex 44.05 9.095 0.506
   vertex 44.05 10.043 0.506
  endloop
 endfacet
  facet normal 0 0 0
    outer loop
   vertex 44.05 10.043 0.326
   vertex 44.05 10.043 0.506
   vertex 44.05 10.516 0.326
  endloop
 endfacet
  facet normal 0 0 0
    outer loop
   vertex 44.05 10.516 0.326
   vertex 44.05 10.99 0.506
   vertex 44.05 10.99 0.326
  endloop
 endfacet
  facet normal 0 0 0
    outer loop
   vertex 44.05 10.516 0.326
   vertex 44.05 10.043 0.506
   vertex 44.05 10.99 0.506
  endloop
 endfacet
  facet normal 0 0 0
    outer loop
   vertex 44.05 9.095 0.326
   vertex 44.05 8.621 0.506
   vertex 44.05 9.095 0.506
  endloop
 endfacet
  facet normal 0 0 0
    outer loop
   vertex 44.05 8.148 0.326
   vertex 44.05 8.148 0.506
   vertex 44.05 8.621 0.506
  endloop
 endfacet
  facet normal 0 0 0
    outer loop
   vertex 44.05 8.148 0.326
   vertex 44.05 8.621 0.506
   vertex 44.05 9.095 0.326
  endloop
 endfacet
  facet normal 0 0 0
    outer loop
   vertex 44.05 7.674 0.326
   vertex 44.05 8.148 0.506
   vertex 44.05 8.148 0.326
  endloop
 endfacet
  facet normal 0 0 0
    outer loop
   vertex 44.05 7.2 0.326
   vertex 44.05 7.2 0.506
   vertex 44.05 7.674 0.326
  endloop
 endfacet
  facet normal 0 0 0
    outer loop
   vertex 44.05 7.674 0.326
   vertex 44.05 7.2 0.506
   vertex 44.05 8.148 0.506
  endloop
 endfacet
  facet normal 0 0 0
    outer loop
   vertex 44.05 10.99 0.326
   vertex 44.05 10.99 0.506
   vertex 44.05 11.464 0.326
  endloop
 endfacet
  facet normal 0 0 0
    outer loop
   vertex 44.05 11.464 0.326
   vertex 44.05 11.938 0.506
   vertex 44.05 11.938 0.326
  endloop
 endfacet
  facet normal 0 0 0
    outer loop
   vertex 44.05 11.464 0.326
   vertex 44.05 10.99 0.506
   vertex 44.05 11.938 0.506
  endloop
 endfacet
  facet normal 0 0 0
    outer loop
   vertex 44.05 11.938 0.326
   vertex 44.05 11.938 0.506
   vertex 44.05 12.411 0.506
  endloop
 endfacet
  facet normal 0 0 0
    outer loop
   vertex 44.05 12.885 0.326
   vertex 44.05 12.411 0.506
   vertex 44.05 12.885 0.506
  endloop
 endfacet
  facet normal 0 0 0
    outer loop
   vertex 44.05 11.938 0.326
   vertex 44.05 12.411 0.506
   vertex 44.05 12.885 0.326
  endloop
 endfacet
  facet normal 0 0 0
    outer loop
   vertex 44.05 13.359 0.326
   vertex 44.05 13.833 0.506
   vertex 44.05 13.833 0.326
  endloop
 endfacet
  facet normal 0 0 0
    outer loop
   vertex 44.05 12.885 0.326
   vertex 44.05 12.885 0.506
   vertex 44.05 13.359 0.326
  endloop
 endfacet
  facet normal 0 0 0
    outer loop
   vertex 44.05 13.359 0.326
   vertex 44.05 12.885 0.506
   vertex 44.05 13.833 0.506
  endloop
 endfacet
  facet normal 0 0 0
    outer loop
   vertex 44.05 13.833 0.326
   vertex 44.05 13.833 0.506
   vertex 44.05 14.306 0.326
  endloop
 endfacet
  facet normal 0 0 0
    outer loop
   vertex 44.05 14.306 0.326
   vertex 44.05 14.78 0.506
   vertex 44.05 14.78 0.326
  endloop
 endfacet
  facet normal 0 0 0
    outer loop
   vertex 44.05 14.306 0.326
   vertex 44.05 13.833 0.506
   vertex 44.05 14.78 0.506
  endloop
 endfacet
  facet normal 0 0 0
    outer loop
   vertex 44.05 24.729 0.326
   vertex 44.05 25.203 0.506
   vertex 44.05 25.203 0.326
  endloop
 endfacet
  facet normal 0 0 0
    outer loop
   vertex 44.05 24.255 0.326
   vertex 44.05 24.255 0.506
   vertex 44.05 24.729 0.326
  endloop
 endfacet
  facet normal 0 0 0
    outer loop
   vertex 44.05 24.729 0.326
   vertex 44.05 24.255 0.506
   vertex 44.05 25.203 0.506
  endloop
 endfacet
  facet normal 0 0 0
    outer loop
   vertex 44.05 25.203 0.326
   vertex 44.05 25.203 0.506
   vertex 44.05 25.676 0.326
  endloop
 endfacet
  facet normal 0 0 0
    outer loop
   vertex 44.05 25.676 0.326
   vertex 44.05 26.15 0.506
   vertex 44.05 26.15 0.326
  endloop
 endfacet
  facet normal 0 0 0
    outer loop
   vertex 44.05 25.676 0.326
   vertex 44.05 25.203 0.506
   vertex 44.05 26.15 0.506
  endloop
 endfacet
  facet normal 0 0 0
    outer loop
   vertex 44.05 24.255 0.326
   vertex 44.05 23.781 0.506
   vertex 44.05 24.255 0.506
  endloop
 endfacet
  facet normal 0 0 0
    outer loop
   vertex 44.05 23.308 0.326
   vertex 44.05 23.308 0.506
   vertex 44.05 23.781 0.506
  endloop
 endfacet
  facet normal 0 0 0
    outer loop
   vertex 44.05 23.308 0.326
   vertex 44.05 23.781 0.506
   vertex 44.05 24.255 0.326
  endloop
 endfacet
  facet normal 0 0 0
    outer loop
   vertex 44.05 22.834 0.326
   vertex 44.05 23.308 0.506
   vertex 44.05 23.308 0.326
  endloop
 endfacet
  facet normal 0 0 0
    outer loop
   vertex 44.05 22.36 0.326
   vertex 44.05 22.36 0.506
   vertex 44.05 22.834 0.326
  endloop
 endfacet
  facet normal 0 0 0
    outer loop
   vertex 44.05 22.834 0.326
   vertex 44.05 22.36 0.506
   vertex 44.05 23.308 0.506
  endloop
 endfacet
  facet normal 0 0 0
    outer loop
   vertex 44.05 26.15 0.326
   vertex 44.05 26.15 0.506
   vertex 44.05 26.624 0.326
  endloop
 endfacet
  facet normal 0 0 0
    outer loop
   vertex 44.05 26.624 0.326
   vertex 44.05 27.098 0.506
   vertex 44.05 27.098 0.326
  endloop
 endfacet
  facet normal 0 0 0
    outer loop
   vertex 44.05 26.624 0.326
   vertex 44.05 26.15 0.506
   vertex 44.05 27.098 0.506
  endloop
 endfacet
  facet normal 0 0 0
    outer loop
   vertex 44.05 27.098 0.326
   vertex 44.05 27.098 0.506
   vertex 44.05 27.571 0.506
  endloop
 endfacet
  facet normal 0 0 0
    outer loop
   vertex 44.05 28.045 0.326
   vertex 44.05 27.571 0.506
   vertex 44.05 28.045 0.506
  endloop
 endfacet
  facet normal 0 0 0
    outer loop
   vertex 44.05 27.098 0.326
   vertex 44.05 27.571 0.506
   vertex 44.05 28.045 0.326
  endloop
 endfacet
  facet normal 0 0 0
    outer loop
   vertex 44.05 28.519 0.326
   vertex 44.05 28.993 0.506
   vertex 44.05 28.993 0.326
  endloop
 endfacet
  facet normal 0 0 0
    outer loop
   vertex 44.05 28.045 0.326
   vertex 44.05 28.045 0.506
   vertex 44.05 28.519 0.326
  endloop
 endfacet
  facet normal 0 0 0
    outer loop
   vertex 44.05 28.519 0.326
   vertex 44.05 28.045 0.506
   vertex 44.05 28.993 0.506
  endloop
 endfacet
  facet normal 0 0 0
    outer loop
   vertex 44.05 28.993 0.326
   vertex 44.05 28.993 0.506
   vertex 44.05 29.466 0.326
  endloop
 endfacet
  facet normal 0 0 0
    outer loop
   vertex 44.05 29.466 0.326
   vertex 44.05 29.94 0.506
   vertex 44.05 29.94 0.326
  endloop
 endfacet
  facet normal 0 0 0
    outer loop
   vertex 44.05 29.466 0.326
   vertex 44.05 28.993 0.506
   vertex 44.05 29.94 0.506
  endloop
 endfacet
  facet normal 0 0 0
    outer loop
   vertex 44.05 22.36 0.326
   vertex 44.05 21.886 0.506
   vertex 44.05 22.36 0.506
  endloop
 endfacet
  facet normal 0 0 0
    outer loop
   vertex 44.05 21.413 0.326
   vertex 44.05 21.413 0.506
   vertex 44.05 21.886 0.506
  endloop
 endfacet
  facet normal 0 0 0
    outer loop
   vertex 44.05 21.413 0.326
   vertex 44.05 21.886 0.506
   vertex 44.05 22.36 0.326
  endloop
 endfacet
  facet normal 0 0 0
    outer loop
   vertex 44.05 20.939 0.326
   vertex 44.05 21.413 0.506
   vertex 44.05 21.413 0.326
  endloop
 endfacet
  facet normal 0 0 0
    outer loop
   vertex 44.05 20.465 0.326
   vertex 44.05 20.465 0.506
   vertex 44.05 20.939 0.326
  endloop
 endfacet
  facet normal 0 0 0
    outer loop
   vertex 44.05 20.939 0.326
   vertex 44.05 20.465 0.506
   vertex 44.05 21.413 0.506
  endloop
 endfacet
  facet normal 0 0 0
    outer loop
   vertex 44.05 19.518 0.326
   vertex 44.05 19.518 0.506
   vertex 44.05 19.991 0.506
  endloop
 endfacet
  facet normal 0 0 0
    outer loop
   vertex 44.05 20.465 0.326
   vertex 44.05 19.991 0.506
   vertex 44.05 20.465 0.506
  endloop
 endfacet
  facet normal 0 0 0
    outer loop
   vertex 44.05 19.518 0.326
   vertex 44.05 19.991 0.506
   vertex 44.05 20.465 0.326
  endloop
 endfacet
  facet normal 0 0 0
    outer loop
   vertex 44.05 19.518 0.326
   vertex 44.05 19.044 0.506
   vertex 44.05 19.518 0.506
  endloop
 endfacet
  facet normal 0 0 0
    outer loop
   vertex 44.05 18.57 0.326
   vertex 44.05 18.57 0.506
   vertex 44.05 19.044 0.506
  endloop
 endfacet
  facet normal 0 0 0
    outer loop
   vertex 44.05 18.57 0.326
   vertex 44.05 19.044 0.506
   vertex 44.05 19.518 0.326
  endloop
 endfacet
  facet normal 0 0 0
    outer loop
   vertex 44.05 17.149 0.326
   vertex 44.05 17.623 0.506
   vertex 44.05 17.623 0.326
  endloop
 endfacet
  facet normal 0 0 0
    outer loop
   vertex 44.05 16.675 0.326
   vertex 44.05 16.675 0.506
   vertex 44.05 17.149 0.326
  endloop
 endfacet
  facet normal 0 0 0
    outer loop
   vertex 44.05 17.149 0.326
   vertex 44.05 16.675 0.506
   vertex 44.05 17.623 0.506
  endloop
 endfacet
  facet normal 0 0 0
    outer loop
   vertex 44.05 17.623 0.326
   vertex 44.05 17.623 0.506
   vertex 44.05 18.096 0.326
  endloop
 endfacet
  facet normal 0 0 0
    outer loop
   vertex 44.05 18.096 0.326
   vertex 44.05 18.57 0.506
   vertex 44.05 18.57 0.326
  endloop
 endfacet
  facet normal 0 0 0
    outer loop
   vertex 44.05 18.096 0.326
   vertex 44.05 17.623 0.506
   vertex 44.05 18.57 0.506
  endloop
 endfacet
  facet normal 0 0 0
    outer loop
   vertex 44.05 16.675 0.326
   vertex 44.05 16.201 0.506
   vertex 44.05 16.675 0.506
  endloop
 endfacet
  facet normal 0 0 0
    outer loop
   vertex 44.05 15.728 0.326
   vertex 44.05 15.728 0.506
   vertex 44.05 16.201 0.506
  endloop
 endfacet
  facet normal 0 0 0
    outer loop
   vertex 44.05 15.728 0.326
   vertex 44.05 16.201 0.506
   vertex 44.05 16.675 0.326
  endloop
 endfacet
  facet normal 0 0 0
    outer loop
   vertex 44.05 15.254 0.326
   vertex 44.05 15.728 0.506
   vertex 44.05 15.728 0.326
  endloop
 endfacet
  facet normal 0 0 0
    outer loop
   vertex 44.05 14.78 0.326
   vertex 44.05 14.78 0.506
   vertex 44.05 15.254 0.326
  endloop
 endfacet
  facet normal 0 0 0
    outer loop
   vertex 44.05 15.254 0.326
   vertex 44.05 14.78 0.506
   vertex 44.05 15.728 0.506
  endloop
 endfacet
  facet normal 0 0 0
    outer loop
   vertex 42.8 29.94 0.326
   vertex 42.8 29.94 0.506
   vertex 42.8 29.466 0.326
  endloop
 endfacet
  facet normal 0 0 0
    outer loop
   vertex 42.8 29.466 0.326
   vertex 42.8 28.993 0.506
   vertex 42.8 28.993 0.326
  endloop
 endfacet
  facet normal 0 0 0
    outer loop
   vertex 42.8 29.466 0.326
   vertex 42.8 29.94 0.506
   vertex 42.8 28.993 0.506
  endloop
 endfacet
  facet normal 0 0 0
    outer loop
   vertex 42.8 28.993 0.326
   vertex 42.8 28.993 0.506
   vertex 42.8 28.519 0.506
  endloop
 endfacet
  facet normal 0 0 0
    outer loop
   vertex 42.8 28.045 0.326
   vertex 42.8 28.519 0.506
   vertex 42.8 28.045 0.506
  endloop
 endfacet
  facet normal 0 0 0
    outer loop
   vertex 42.8 28.993 0.326
   vertex 42.8 28.519 0.506
   vertex 42.8 28.045 0.326
  endloop
 endfacet
  facet normal 0 0 0
    outer loop
   vertex 42.8 27.571 0.326
   vertex 42.8 27.098 0.506
   vertex 42.8 27.098 0.326
  endloop
 endfacet
  facet normal 0 0 0
    outer loop
   vertex 42.8 28.045 0.326
   vertex 42.8 28.045 0.506
   vertex 42.8 27.571 0.326
  endloop
 endfacet
  facet normal 0 0 0
    outer loop
   vertex 42.8 27.571 0.326
   vertex 42.8 28.045 0.506
   vertex 42.8 27.098 0.506
  endloop
 endfacet
  facet normal 0 0 0
    outer loop
   vertex 42.8 27.098 0.326
   vertex 42.8 27.098 0.506
   vertex 42.8 26.624 0.326
  endloop
 endfacet
  facet normal 0 0 0
    outer loop
   vertex 42.8 26.624 0.326
   vertex 42.8 26.15 0.506
   vertex 42.8 26.15 0.326
  endloop
 endfacet
  facet normal 0 0 0
    outer loop
   vertex 42.8 26.624 0.326
   vertex 42.8 27.098 0.506
   vertex 42.8 26.15 0.506
  endloop
 endfacet
  facet normal 0 0 0
    outer loop
   vertex 42.8 25.203 0.326
   vertex 42.8 25.203 0.506
   vertex 42.8 24.729 0.506
  endloop
 endfacet
  facet normal 0 0 0
    outer loop
   vertex 42.8 24.255 0.326
   vertex 42.8 24.729 0.506
   vertex 42.8 24.255 0.506
  endloop
 endfacet
  facet normal 0 0 0
    outer loop
   vertex 42.8 25.203 0.326
   vertex 42.8 24.729 0.506
   vertex 42.8 24.255 0.326
  endloop
 endfacet
  facet normal 0 0 0
    outer loop
   vertex 42.8 25.203 0.326
   vertex 42.8 25.676 0.506
   vertex 42.8 25.203 0.506
  endloop
 endfacet
  facet normal 0 0 0
    outer loop
   vertex 42.8 26.15 0.326
   vertex 42.8 26.15 0.506
   vertex 42.8 25.676 0.506
  endloop
 endfacet
  facet normal 0 0 0
    outer loop
   vertex 42.8 26.15 0.326
   vertex 42.8 25.676 0.506
   vertex 42.8 25.203 0.326
  endloop
 endfacet
  facet normal 0 0 0
    outer loop
   vertex 42.8 24.255 0.326
   vertex 42.8 24.255 0.506
   vertex 42.8 23.781 0.326
  endloop
 endfacet
  facet normal 0 0 0
    outer loop
   vertex 42.8 23.781 0.326
   vertex 42.8 23.308 0.506
   vertex 42.8 23.308 0.326
  endloop
 endfacet
  facet normal 0 0 0
    outer loop
   vertex 42.8 23.781 0.326
   vertex 42.8 24.255 0.506
   vertex 42.8 23.308 0.506
  endloop
 endfacet
  facet normal 0 0 0
    outer loop
   vertex 42.8 23.308 0.326
   vertex 42.8 23.308 0.506
   vertex 42.8 22.834 0.506
  endloop
 endfacet
  facet normal 0 0 0
    outer loop
   vertex 42.8 22.36 0.326
   vertex 42.8 22.834 0.506
   vertex 42.8 22.36 0.506
  endloop
 endfacet
  facet normal 0 0 0
    outer loop
   vertex 42.8 23.308 0.326
   vertex 42.8 22.834 0.506
   vertex 42.8 22.36 0.326
  endloop
 endfacet
  facet normal 0 0 0
    outer loop
   vertex 42.8 19.991 0.326
   vertex 42.8 19.518 0.506
   vertex 42.8 19.518 0.326
  endloop
 endfacet
  facet normal 0 0 0
    outer loop
   vertex 42.8 20.465 0.326
   vertex 42.8 20.465 0.506
   vertex 42.8 19.991 0.326
  endloop
 endfacet
  facet normal 0 0 0
    outer loop
   vertex 42.8 19.991 0.326
   vertex 42.8 20.465 0.506
   vertex 42.8 19.518 0.506
  endloop
 endfacet
  facet normal 0 0 0
    outer loop
   vertex 42.8 19.518 0.326
   vertex 42.8 19.518 0.506
   vertex 42.8 19.044 0.326
  endloop
 endfacet
  facet normal 0 0 0
    outer loop
   vertex 42.8 19.044 0.326
   vertex 42.8 18.57 0.506
   vertex 42.8 18.57 0.326
  endloop
 endfacet
  facet normal 0 0 0
    outer loop
   vertex 42.8 19.044 0.326
   vertex 42.8 19.518 0.506
   vertex 42.8 18.57 0.506
  endloop
 endfacet
  facet normal 0 0 0
    outer loop
   vertex 42.8 20.465 0.326
   vertex 42.8 20.939 0.506
   vertex 42.8 20.465 0.506
  endloop
 endfacet
  facet normal 0 0 0
    outer loop
   vertex 42.8 21.413 0.326
   vertex 42.8 21.413 0.506
   vertex 42.8 20.939 0.506
  endloop
 endfacet
  facet normal 0 0 0
    outer loop
   vertex 42.8 21.413 0.326
   vertex 42.8 20.939 0.506
   vertex 42.8 20.465 0.326
  endloop
 endfacet
  facet normal 0 0 0
    outer loop
   vertex 42.8 21.886 0.326
   vertex 42.8 21.413 0.506
   vertex 42.8 21.413 0.326
  endloop
 endfacet
  facet normal 0 0 0
    outer loop
   vertex 42.8 22.36 0.326
   vertex 42.8 22.36 0.506
   vertex 42.8 21.886 0.326
  endloop
 endfacet
  facet normal 0 0 0
    outer loop
   vertex 42.8 21.886 0.326
   vertex 42.8 22.36 0.506
   vertex 42.8 21.413 0.506
  endloop
 endfacet
  facet normal 0 0 0
    outer loop
   vertex 42.8 18.57 0.326
   vertex 42.8 18.57 0.506
   vertex 42.8 18.096 0.326
  endloop
 endfacet
  facet normal 0 0 0
    outer loop
   vertex 42.8 18.096 0.326
   vertex 42.8 17.623 0.506
   vertex 42.8 17.623 0.326
  endloop
 endfacet
  facet normal 0 0 0
    outer loop
   vertex 42.8 18.096 0.326
   vertex 42.8 18.57 0.506
   vertex 42.8 17.623 0.506
  endloop
 endfacet
  facet normal 0 0 0
    outer loop
   vertex 42.8 17.623 0.326
   vertex 42.8 17.623 0.506
   vertex 42.8 17.149 0.506
  endloop
 endfacet
  facet normal 0 0 0
    outer loop
   vertex 42.8 16.675 0.326
   vertex 42.8 17.149 0.506
   vertex 42.8 16.675 0.506
  endloop
 endfacet
  facet normal 0 0 0
    outer loop
   vertex 42.8 17.623 0.326
   vertex 42.8 17.149 0.506
   vertex 42.8 16.675 0.326
  endloop
 endfacet
  facet normal 0 0 0
    outer loop
   vertex 42.8 16.201 0.326
   vertex 42.8 15.728 0.506
   vertex 42.8 15.728 0.326
  endloop
 endfacet
  facet normal 0 0 0
    outer loop
   vertex 42.8 16.675 0.326
   vertex 42.8 16.675 0.506
   vertex 42.8 16.201 0.326
  endloop
 endfacet
  facet normal 0 0 0
    outer loop
   vertex 42.8 16.201 0.326
   vertex 42.8 16.675 0.506
   vertex 42.8 15.728 0.506
  endloop
 endfacet
  facet normal 0 0 0
    outer loop
   vertex 42.8 15.728 0.326
   vertex 42.8 15.728 0.506
   vertex 42.8 15.254 0.326
  endloop
 endfacet
  facet normal 0 0 0
    outer loop
   vertex 42.8 15.254 0.326
   vertex 42.8 14.78 0.506
   vertex 42.8 14.78 0.326
  endloop
 endfacet
  facet normal 0 0 0
    outer loop
   vertex 42.8 15.254 0.326
   vertex 42.8 15.728 0.506
   vertex 42.8 14.78 0.506
  endloop
 endfacet
  facet normal 0 0 0
    outer loop
   vertex 42.8 4.831 0.326
   vertex 42.8 4.358 0.506
   vertex 42.8 4.358 0.326
  endloop
 endfacet
  facet normal 0 0 0
    outer loop
   vertex 42.8 5.305 0.326
   vertex 42.8 5.305 0.506
   vertex 42.8 4.831 0.326
  endloop
 endfacet
  facet normal 0 0 0
    outer loop
   vertex 42.8 4.831 0.326
   vertex 42.8 5.305 0.506
   vertex 42.8 4.358 0.506
  endloop
 endfacet
  facet normal 0 0 0
    outer loop
   vertex 42.8 4.358 0.326
   vertex 42.8 4.358 0.506
   vertex 42.8 3.884 0.326
  endloop
 endfacet
  facet normal 0 0 0
    outer loop
   vertex 42.8 3.884 0.326
   vertex 42.8 3.41 0.506
   vertex 42.8 3.41 0.326
  endloop
 endfacet
  facet normal 0 0 0
    outer loop
   vertex 42.8 3.884 0.326
   vertex 42.8 4.358 0.506
   vertex 42.8 3.41 0.506
  endloop
 endfacet
  facet normal 0 0 0
    outer loop
   vertex 42.8 5.305 0.326
   vertex 42.8 5.779 0.506
   vertex 42.8 5.305 0.506
  endloop
 endfacet
  facet normal 0 0 0
    outer loop
   vertex 42.8 6.253 0.326
   vertex 42.8 6.253 0.506
   vertex 42.8 5.779 0.506
  endloop
 endfacet
  facet normal 0 0 0
    outer loop
   vertex 42.8 6.253 0.326
   vertex 42.8 5.779 0.506
   vertex 42.8 5.305 0.326
  endloop
 endfacet
  facet normal 0 0 0
    outer loop
   vertex 42.8 6.726 0.326
   vertex 42.8 6.253 0.506
   vertex 42.8 6.253 0.326
  endloop
 endfacet
  facet normal 0 0 0
    outer loop
   vertex 42.8 7.2 0.326
   vertex 42.8 7.2 0.506
   vertex 42.8 6.726 0.326
  endloop
 endfacet
  facet normal 0 0 0
    outer loop
   vertex 42.8 6.726 0.326
   vertex 42.8 7.2 0.506
   vertex 42.8 6.253 0.506
  endloop
 endfacet
  facet normal 0 0 0
    outer loop
   vertex 42.8 3.41 0.326
   vertex 42.8 3.41 0.506
   vertex 42.8 2.936 0.326
  endloop
 endfacet
  facet normal 0 0 0
    outer loop
   vertex 42.8 2.936 0.326
   vertex 42.8 2.463 0.506
   vertex 42.8 2.463 0.326
  endloop
 endfacet
  facet normal 0 0 0
    outer loop
   vertex 42.8 2.936 0.326
   vertex 42.8 3.41 0.506
   vertex 42.8 2.463 0.506
  endloop
 endfacet
  facet normal 0 0 0
    outer loop
   vertex 42.8 2.463 0.326
   vertex 42.8 2.463 0.506
   vertex 42.8 1.989 0.506
  endloop
 endfacet
  facet normal 0 0 0
    outer loop
   vertex 42.8 1.515 0.326
   vertex 42.8 1.989 0.506
   vertex 42.8 1.515 0.506
  endloop
 endfacet
  facet normal 0 0 0
    outer loop
   vertex 42.8 2.463 0.326
   vertex 42.8 1.989 0.506
   vertex 42.8 1.515 0.326
  endloop
 endfacet
  facet normal 0 0 0
    outer loop
   vertex 42.8 1.041 0.326
   vertex 42.8 0.568 0.506
   vertex 42.8 0.568 0.326
  endloop
 endfacet
  facet normal 0 0 0
    outer loop
   vertex 42.8 1.515 0.326
   vertex 42.8 1.515 0.506
   vertex 42.8 1.041 0.326
  endloop
 endfacet
  facet normal 0 0 0
    outer loop
   vertex 42.8 1.041 0.326
   vertex 42.8 1.515 0.506
   vertex 42.8 0.568 0.506
  endloop
 endfacet
  facet normal 0 0 0
    outer loop
   vertex 42.8 0.568 0.326
   vertex 42.8 0.568 0.506
   vertex 42.8 0.094 0.326
  endloop
 endfacet
  facet normal 0 0 0
    outer loop
   vertex 42.8 0.094 0.326
   vertex 42.8 -0.38 0.506
   vertex 42.8 -0.38 0.326
  endloop
 endfacet
  facet normal 0 0 0
    outer loop
   vertex 42.8 0.094 0.326
   vertex 42.8 0.568 0.506
   vertex 42.8 -0.38 0.506
  endloop
 endfacet
  facet normal 0 0 0
    outer loop
   vertex 42.8 7.2 0.326
   vertex 42.8 7.674 0.506
   vertex 42.8 7.2 0.506
  endloop
 endfacet
  facet normal 0 0 0
    outer loop
   vertex 42.8 8.148 0.326
   vertex 42.8 8.148 0.506
   vertex 42.8 7.674 0.506
  endloop
 endfacet
  facet normal 0 0 0
    outer loop
   vertex 42.8 8.148 0.326
   vertex 42.8 7.674 0.506
   vertex 42.8 7.2 0.326
  endloop
 endfacet
  facet normal 0 0 0
    outer loop
   vertex 42.8 8.621 0.326
   vertex 42.8 8.148 0.506
   vertex 42.8 8.148 0.326
  endloop
 endfacet
  facet normal 0 0 0
    outer loop
   vertex 42.8 9.095 0.326
   vertex 42.8 9.095 0.506
   vertex 42.8 8.621 0.326
  endloop
 endfacet
  facet normal 0 0 0
    outer loop
   vertex 42.8 8.621 0.326
   vertex 42.8 9.095 0.506
   vertex 42.8 8.148 0.506
  endloop
 endfacet
  facet normal 0 0 0
    outer loop
   vertex 42.8 10.043 0.326
   vertex 42.8 10.043 0.506
   vertex 42.8 9.569 0.506
  endloop
 endfacet
  facet normal 0 0 0
    outer loop
   vertex 42.8 9.095 0.326
   vertex 42.8 9.569 0.506
   vertex 42.8 9.095 0.506
  endloop
 endfacet
  facet normal 0 0 0
    outer loop
   vertex 42.8 10.043 0.326
   vertex 42.8 9.569 0.506
   vertex 42.8 9.095 0.326
  endloop
 endfacet
  facet normal 0 0 0
    outer loop
   vertex 42.8 10.043 0.326
   vertex 42.8 10.516 0.506
   vertex 42.8 10.043 0.506
  endloop
 endfacet
  facet normal 0 0 0
    outer loop
   vertex 42.8 10.99 0.326
   vertex 42.8 10.99 0.506
   vertex 42.8 10.516 0.506
  endloop
 endfacet
  facet normal 0 0 0
    outer loop
   vertex 42.8 10.99 0.326
   vertex 42.8 10.516 0.506
   vertex 42.8 10.043 0.326
  endloop
 endfacet
  facet normal 0 0 0
    outer loop
   vertex 42.8 12.411 0.326
   vertex 42.8 11.938 0.506
   vertex 42.8 11.938 0.326
  endloop
 endfacet
  facet normal 0 0 0
    outer loop
   vertex 42.8 12.885 0.326
   vertex 42.8 12.885 0.506
   vertex 42.8 12.411 0.326
  endloop
 endfacet
  facet normal 0 0 0
    outer loop
   vertex 42.8 12.411 0.326
   vertex 42.8 12.885 0.506
   vertex 42.8 11.938 0.506
  endloop
 endfacet
  facet normal 0 0 0
    outer loop
   vertex 42.8 11.938 0.326
   vertex 42.8 11.938 0.506
   vertex 42.8 11.464 0.326
  endloop
 endfacet
  facet normal 0 0 0
    outer loop
   vertex 42.8 11.464 0.326
   vertex 42.8 10.99 0.506
   vertex 42.8 10.99 0.326
  endloop
 endfacet
  facet normal 0 0 0
    outer loop
   vertex 42.8 11.464 0.326
   vertex 42.8 11.938 0.506
   vertex 42.8 10.99 0.506
  endloop
 endfacet
  facet normal 0 0 0
    outer loop
   vertex 42.8 12.885 0.326
   vertex 42.8 13.359 0.506
   vertex 42.8 12.885 0.506
  endloop
 endfacet
  facet normal 0 0 0
    outer loop
   vertex 42.8 13.833 0.326
   vertex 42.8 13.833 0.506
   vertex 42.8 13.359 0.506
  endloop
 endfacet
  facet normal 0 0 0
    outer loop
   vertex 42.8 13.833 0.326
   vertex 42.8 13.359 0.506
   vertex 42.8 12.885 0.326
  endloop
 endfacet
  facet normal 0 0 0
    outer loop
   vertex 42.8 14.306 0.326
   vertex 42.8 13.833 0.506
   vertex 42.8 13.833 0.326
  endloop
 endfacet
  facet normal 0 0 0
    outer loop
   vertex 42.8 14.78 0.326
   vertex 42.8 14.78 0.506
   vertex 42.8 14.306 0.326
  endloop
 endfacet
  facet normal 0 0 0
    outer loop
   vertex 42.8 14.306 0.326
   vertex 42.8 14.78 0.506
   vertex 42.8 13.833 0.506
  endloop
 endfacet
  facet normal 0 0 0
    outer loop
   vertex 50.3 -0.38 0.326
   vertex 50.3 -0.38 0.506
   vertex 50.3 0.094 0.326
  endloop
 endfacet
  facet normal 0 0 0
    outer loop
   vertex 50.3 0.094 0.326
   vertex 50.3 0.568 0.506
   vertex 50.3 0.568 0.326
  endloop
 endfacet
  facet normal 0 0 0
    outer loop
   vertex 50.3 0.094 0.326
   vertex 50.3 -0.38 0.506
   vertex 50.3 0.568 0.506
  endloop
 endfacet
  facet normal 0 0 0
    outer loop
   vertex 50.3 0.568 0.326
   vertex 50.3 0.568 0.506
   vertex 50.3 1.041 0.506
  endloop
 endfacet
  facet normal 0 0 0
    outer loop
   vertex 50.3 1.515 0.326
   vertex 50.3 1.041 0.506
   vertex 50.3 1.515 0.506
  endloop
 endfacet
  facet normal 0 0 0
    outer loop
   vertex 50.3 0.568 0.326
   vertex 50.3 1.041 0.506
   vertex 50.3 1.515 0.326
  endloop
 endfacet
  facet normal 0 0 0
    outer loop
   vertex 50.3 1.989 0.326
   vertex 50.3 2.463 0.506
   vertex 50.3 2.463 0.326
  endloop
 endfacet
  facet normal 0 0 0
    outer loop
   vertex 50.3 1.515 0.326
   vertex 50.3 1.515 0.506
   vertex 50.3 1.989 0.326
  endloop
 endfacet
  facet normal 0 0 0
    outer loop
   vertex 50.3 1.989 0.326
   vertex 50.3 1.515 0.506
   vertex 50.3 2.463 0.506
  endloop
 endfacet
  facet normal 0 0 0
    outer loop
   vertex 50.3 2.463 0.326
   vertex 50.3 2.463 0.506
   vertex 50.3 2.936 0.326
  endloop
 endfacet
  facet normal 0 0 0
    outer loop
   vertex 50.3 2.936 0.326
   vertex 50.3 3.41 0.506
   vertex 50.3 3.41 0.326
  endloop
 endfacet
  facet normal 0 0 0
    outer loop
   vertex 50.3 2.936 0.326
   vertex 50.3 2.463 0.506
   vertex 50.3 3.41 0.506
  endloop
 endfacet
  facet normal 0 0 0
    outer loop
   vertex 50.3 4.358 0.326
   vertex 50.3 4.358 0.506
   vertex 50.3 4.831 0.506
  endloop
 endfacet
  facet normal 0 0 0
    outer loop
   vertex 50.3 5.305 0.326
   vertex 50.3 4.831 0.506
   vertex 50.3 5.305 0.506
  endloop
 endfacet
  facet normal 0 0 0
    outer loop
   vertex 50.3 4.358 0.326
   vertex 50.3 4.831 0.506
   vertex 50.3 5.305 0.326
  endloop
 endfacet
  facet normal 0 0 0
    outer loop
   vertex 50.3 4.358 0.326
   vertex 50.3 3.884 0.506
   vertex 50.3 4.358 0.506
  endloop
 endfacet
  facet normal 0 0 0
    outer loop
   vertex 50.3 3.41 0.326
   vertex 50.3 3.41 0.506
   vertex 50.3 3.884 0.506
  endloop
 endfacet
  facet normal 0 0 0
    outer loop
   vertex 50.3 3.41 0.326
   vertex 50.3 3.884 0.506
   vertex 50.3 4.358 0.326
  endloop
 endfacet
  facet normal 0 0 0
    outer loop
   vertex 50.3 5.305 0.326
   vertex 50.3 5.305 0.506
   vertex 50.3 5.779 0.326
  endloop
 endfacet
  facet normal 0 0 0
    outer loop
   vertex 50.3 5.779 0.326
   vertex 50.3 6.253 0.506
   vertex 50.3 6.253 0.326
  endloop
 endfacet
  facet normal 0 0 0
    outer loop
   vertex 50.3 5.779 0.326
   vertex 50.3 5.305 0.506
   vertex 50.3 6.253 0.506
  endloop
 endfacet
  facet normal 0 0 0
    outer loop
   vertex 50.3 6.253 0.326
   vertex 50.3 6.253 0.506
   vertex 50.3 6.726 0.506
  endloop
 endfacet
  facet normal 0 0 0
    outer loop
   vertex 50.3 7.2 0.326
   vertex 50.3 6.726 0.506
   vertex 50.3 7.2 0.506
  endloop
 endfacet
  facet normal 0 0 0
    outer loop
   vertex 50.3 6.253 0.326
   vertex 50.3 6.726 0.506
   vertex 50.3 7.2 0.326
  endloop
 endfacet
  facet normal 0 0 0
    outer loop
   vertex 50.3 9.569 0.326
   vertex 50.3 10.043 0.506
   vertex 50.3 10.043 0.326
  endloop
 endfacet
  facet normal 0 0 0
    outer loop
   vertex 50.3 9.095 0.326
   vertex 50.3 9.095 0.506
   vertex 50.3 9.569 0.326
  endloop
 endfacet
  facet normal 0 0 0
    outer loop
   vertex 50.3 9.569 0.326
   vertex 50.3 9.095 0.506
   vertex 50.3 10.043 0.506
  endloop
 endfacet
  facet normal 0 0 0
    outer loop
   vertex 50.3 10.043 0.326
   vertex 50.3 10.043 0.506
   vertex 50.3 10.516 0.326
  endloop
 endfacet
  facet normal 0 0 0
    outer loop
   vertex 50.3 10.516 0.326
   vertex 50.3 10.99 0.506
   vertex 50.3 10.99 0.326
  endloop
 endfacet
  facet normal 0 0 0
    outer loop
   vertex 50.3 10.516 0.326
   vertex 50.3 10.043 0.506
   vertex 50.3 10.99 0.506
  endloop
 endfacet
  facet normal 0 0 0
    outer loop
   vertex 50.3 9.095 0.326
   vertex 50.3 8.621 0.506
   vertex 50.3 9.095 0.506
  endloop
 endfacet
  facet normal 0 0 0
    outer loop
   vertex 50.3 8.148 0.326
   vertex 50.3 8.148 0.506
   vertex 50.3 8.621 0.506
  endloop
 endfacet
  facet normal 0 0 0
    outer loop
   vertex 50.3 8.148 0.326
   vertex 50.3 8.621 0.506
   vertex 50.3 9.095 0.326
  endloop
 endfacet
  facet normal 0 0 0
    outer loop
   vertex 50.3 7.674 0.326
   vertex 50.3 8.148 0.506
   vertex 50.3 8.148 0.326
  endloop
 endfacet
  facet normal 0 0 0
    outer loop
   vertex 50.3 7.2 0.326
   vertex 50.3 7.2 0.506
   vertex 50.3 7.674 0.326
  endloop
 endfacet
  facet normal 0 0 0
    outer loop
   vertex 50.3 7.674 0.326
   vertex 50.3 7.2 0.506
   vertex 50.3 8.148 0.506
  endloop
 endfacet
  facet normal 0 0 0
    outer loop
   vertex 50.3 10.99 0.326
   vertex 50.3 10.99 0.506
   vertex 50.3 11.464 0.326
  endloop
 endfacet
  facet normal 0 0 0
    outer loop
   vertex 50.3 11.464 0.326
   vertex 50.3 11.938 0.506
   vertex 50.3 11.938 0.326
  endloop
 endfacet
  facet normal 0 0 0
    outer loop
   vertex 50.3 11.464 0.326
   vertex 50.3 10.99 0.506
   vertex 50.3 11.938 0.506
  endloop
 endfacet
  facet normal 0 0 0
    outer loop
   vertex 50.3 11.938 0.326
   vertex 50.3 11.938 0.506
   vertex 50.3 12.411 0.506
  endloop
 endfacet
  facet normal 0 0 0
    outer loop
   vertex 50.3 12.885 0.326
   vertex 50.3 12.411 0.506
   vertex 50.3 12.885 0.506
  endloop
 endfacet
  facet normal 0 0 0
    outer loop
   vertex 50.3 11.938 0.326
   vertex 50.3 12.411 0.506
   vertex 50.3 12.885 0.326
  endloop
 endfacet
  facet normal 0 0 0
    outer loop
   vertex 50.3 13.359 0.326
   vertex 50.3 13.833 0.506
   vertex 50.3 13.833 0.326
  endloop
 endfacet
  facet normal 0 0 0
    outer loop
   vertex 50.3 12.885 0.326
   vertex 50.3 12.885 0.506
   vertex 50.3 13.359 0.326
  endloop
 endfacet
  facet normal 0 0 0
    outer loop
   vertex 50.3 13.359 0.326
   vertex 50.3 12.885 0.506
   vertex 50.3 13.833 0.506
  endloop
 endfacet
  facet normal 0 0 0
    outer loop
   vertex 50.3 13.833 0.326
   vertex 50.3 13.833 0.506
   vertex 50.3 14.306 0.326
  endloop
 endfacet
  facet normal 0 0 0
    outer loop
   vertex 50.3 14.306 0.326
   vertex 50.3 14.78 0.506
   vertex 50.3 14.78 0.326
  endloop
 endfacet
  facet normal 0 0 0
    outer loop
   vertex 50.3 14.306 0.326
   vertex 50.3 13.833 0.506
   vertex 50.3 14.78 0.506
  endloop
 endfacet
  facet normal 0 0 0
    outer loop
   vertex 50.3 24.729 0.326
   vertex 50.3 25.203 0.506
   vertex 50.3 25.203 0.326
  endloop
 endfacet
  facet normal 0 0 0
    outer loop
   vertex 50.3 24.255 0.326
   vertex 50.3 24.255 0.506
   vertex 50.3 24.729 0.326
  endloop
 endfacet
  facet normal 0 0 0
    outer loop
   vertex 50.3 24.729 0.326
   vertex 50.3 24.255 0.506
   vertex 50.3 25.203 0.506
  endloop
 endfacet
  facet normal 0 0 0
    outer loop
   vertex 50.3 25.203 0.326
   vertex 50.3 25.203 0.506
   vertex 50.3 25.676 0.326
  endloop
 endfacet
  facet normal 0 0 0
    outer loop
   vertex 50.3 25.676 0.326
   vertex 50.3 26.15 0.506
   vertex 50.3 26.15 0.326
  endloop
 endfacet
  facet normal 0 0 0
    outer loop
   vertex 50.3 25.676 0.326
   vertex 50.3 25.203 0.506
   vertex 50.3 26.15 0.506
  endloop
 endfacet
  facet normal 0 0 0
    outer loop
   vertex 50.3 24.255 0.326
   vertex 50.3 23.781 0.506
   vertex 50.3 24.255 0.506
  endloop
 endfacet
  facet normal 0 0 0
    outer loop
   vertex 50.3 23.308 0.326
   vertex 50.3 23.308 0.506
   vertex 50.3 23.781 0.506
  endloop
 endfacet
  facet normal 0 0 0
    outer loop
   vertex 50.3 23.308 0.326
   vertex 50.3 23.781 0.506
   vertex 50.3 24.255 0.326
  endloop
 endfacet
  facet normal 0 0 0
    outer loop
   vertex 50.3 22.834 0.326
   vertex 50.3 23.308 0.506
   vertex 50.3 23.308 0.326
  endloop
 endfacet
  facet normal 0 0 0
    outer loop
   vertex 50.3 22.36 0.326
   vertex 50.3 22.36 0.506
   vertex 50.3 22.834 0.326
  endloop
 endfacet
  facet normal 0 0 0
    outer loop
   vertex 50.3 22.834 0.326
   vertex 50.3 22.36 0.506
   vertex 50.3 23.308 0.506
  endloop
 endfacet
  facet normal 0 0 0
    outer loop
   vertex 50.3 26.15 0.326
   vertex 50.3 26.15 0.506
   vertex 50.3 26.624 0.326
  endloop
 endfacet
  facet normal 0 0 0
    outer loop
   vertex 50.3 26.624 0.326
   vertex 50.3 27.098 0.506
   vertex 50.3 27.098 0.326
  endloop
 endfacet
  facet normal 0 0 0
    outer loop
   vertex 50.3 26.624 0.326
   vertex 50.3 26.15 0.506
   vertex 50.3 27.098 0.506
  endloop
 endfacet
  facet normal 0 0 0
    outer loop
   vertex 50.3 27.098 0.326
   vertex 50.3 27.098 0.506
   vertex 50.3 27.571 0.506
  endloop
 endfacet
  facet normal 0 0 0
    outer loop
   vertex 50.3 28.045 0.326
   vertex 50.3 27.571 0.506
   vertex 50.3 28.045 0.506
  endloop
 endfacet
  facet normal 0 0 0
    outer loop
   vertex 50.3 27.098 0.326
   vertex 50.3 27.571 0.506
   vertex 50.3 28.045 0.326
  endloop
 endfacet
  facet normal 0 0 0
    outer loop
   vertex 50.3 28.519 0.326
   vertex 50.3 28.993 0.506
   vertex 50.3 28.993 0.326
  endloop
 endfacet
  facet normal 0 0 0
    outer loop
   vertex 50.3 28.045 0.326
   vertex 50.3 28.045 0.506
   vertex 50.3 28.519 0.326
  endloop
 endfacet
  facet normal 0 0 0
    outer loop
   vertex 50.3 28.519 0.326
   vertex 50.3 28.045 0.506
   vertex 50.3 28.993 0.506
  endloop
 endfacet
  facet normal 0 0 0
    outer loop
   vertex 50.3 28.993 0.326
   vertex 50.3 28.993 0.506
   vertex 50.3 29.466 0.326
  endloop
 endfacet
  facet normal 0 0 0
    outer loop
   vertex 50.3 29.466 0.326
   vertex 50.3 29.94 0.506
   vertex 50.3 29.94 0.326
  endloop
 endfacet
  facet normal 0 0 0
    outer loop
   vertex 50.3 29.466 0.326
   vertex 50.3 28.993 0.506
   vertex 50.3 29.94 0.506
  endloop
 endfacet
  facet normal 0 0 0
    outer loop
   vertex 50.3 22.36 0.326
   vertex 50.3 21.886 0.506
   vertex 50.3 22.36 0.506
  endloop
 endfacet
  facet normal 0 0 0
    outer loop
   vertex 50.3 21.413 0.326
   vertex 50.3 21.413 0.506
   vertex 50.3 21.886 0.506
  endloop
 endfacet
  facet normal 0 0 0
    outer loop
   vertex 50.3 21.413 0.326
   vertex 50.3 21.886 0.506
   vertex 50.3 22.36 0.326
  endloop
 endfacet
  facet normal 0 0 0
    outer loop
   vertex 50.3 20.939 0.326
   vertex 50.3 21.413 0.506
   vertex 50.3 21.413 0.326
  endloop
 endfacet
  facet normal 0 0 0
    outer loop
   vertex 50.3 20.465 0.326
   vertex 50.3 20.465 0.506
   vertex 50.3 20.939 0.326
  endloop
 endfacet
  facet normal 0 0 0
    outer loop
   vertex 50.3 20.939 0.326
   vertex 50.3 20.465 0.506
   vertex 50.3 21.413 0.506
  endloop
 endfacet
  facet normal 0 0 0
    outer loop
   vertex 50.3 19.518 0.326
   vertex 50.3 19.518 0.506
   vertex 50.3 19.991 0.506
  endloop
 endfacet
  facet normal 0 0 0
    outer loop
   vertex 50.3 20.465 0.326
   vertex 50.3 19.991 0.506
   vertex 50.3 20.465 0.506
  endloop
 endfacet
  facet normal 0 0 0
    outer loop
   vertex 50.3 19.518 0.326
   vertex 50.3 19.991 0.506
   vertex 50.3 20.465 0.326
  endloop
 endfacet
  facet normal 0 0 0
    outer loop
   vertex 50.3 19.518 0.326
   vertex 50.3 19.044 0.506
   vertex 50.3 19.518 0.506
  endloop
 endfacet
  facet normal 0 0 0
    outer loop
   vertex 50.3 18.57 0.326
   vertex 50.3 18.57 0.506
   vertex 50.3 19.044 0.506
  endloop
 endfacet
  facet normal 0 0 0
    outer loop
   vertex 50.3 18.57 0.326
   vertex 50.3 19.044 0.506
   vertex 50.3 19.518 0.326
  endloop
 endfacet
  facet normal 0 0 0
    outer loop
   vertex 50.3 17.149 0.326
   vertex 50.3 17.623 0.506
   vertex 50.3 17.623 0.326
  endloop
 endfacet
  facet normal 0 0 0
    outer loop
   vertex 50.3 16.675 0.326
   vertex 50.3 16.675 0.506
   vertex 50.3 17.149 0.326
  endloop
 endfacet
  facet normal 0 0 0
    outer loop
   vertex 50.3 17.149 0.326
   vertex 50.3 16.675 0.506
   vertex 50.3 17.623 0.506
  endloop
 endfacet
  facet normal 0 0 0
    outer loop
   vertex 50.3 17.623 0.326
   vertex 50.3 17.623 0.506
   vertex 50.3 18.096 0.326
  endloop
 endfacet
  facet normal 0 0 0
    outer loop
   vertex 50.3 18.096 0.326
   vertex 50.3 18.57 0.506
   vertex 50.3 18.57 0.326
  endloop
 endfacet
  facet normal 0 0 0
    outer loop
   vertex 50.3 18.096 0.326
   vertex 50.3 17.623 0.506
   vertex 50.3 18.57 0.506
  endloop
 endfacet
  facet normal 0 0 0
    outer loop
   vertex 50.3 16.675 0.326
   vertex 50.3 16.201 0.506
   vertex 50.3 16.675 0.506
  endloop
 endfacet
  facet normal 0 0 0
    outer loop
   vertex 50.3 15.728 0.326
   vertex 50.3 15.728 0.506
   vertex 50.3 16.201 0.506
  endloop
 endfacet
  facet normal 0 0 0
    outer loop
   vertex 50.3 15.728 0.326
   vertex 50.3 16.201 0.506
   vertex 50.3 16.675 0.326
  endloop
 endfacet
  facet normal 0 0 0
    outer loop
   vertex 50.3 15.254 0.326
   vertex 50.3 15.728 0.506
   vertex 50.3 15.728 0.326
  endloop
 endfacet
  facet normal 0 0 0
    outer loop
   vertex 50.3 14.78 0.326
   vertex 50.3 14.78 0.506
   vertex 50.3 15.254 0.326
  endloop
 endfacet
  facet normal 0 0 0
    outer loop
   vertex 50.3 15.254 0.326
   vertex 50.3 14.78 0.506
   vertex 50.3 15.728 0.506
  endloop
 endfacet
  facet normal 0 0 0
    outer loop
   vertex 49.05 29.94 0.326
   vertex 49.05 29.94 0.506
   vertex 49.05 29.466 0.326
  endloop
 endfacet
  facet normal 0 0 0
    outer loop
   vertex 49.05 29.466 0.326
   vertex 49.05 28.993 0.506
   vertex 49.05 28.993 0.326
  endloop
 endfacet
  facet normal 0 0 0
    outer loop
   vertex 49.05 29.466 0.326
   vertex 49.05 29.94 0.506
   vertex 49.05 28.993 0.506
  endloop
 endfacet
  facet normal 0 0 0
    outer loop
   vertex 49.05 28.993 0.326
   vertex 49.05 28.993 0.506
   vertex 49.05 28.519 0.506
  endloop
 endfacet
  facet normal 0 0 0
    outer loop
   vertex 49.05 28.045 0.326
   vertex 49.05 28.519 0.506
   vertex 49.05 28.045 0.506
  endloop
 endfacet
  facet normal 0 0 0
    outer loop
   vertex 49.05 28.993 0.326
   vertex 49.05 28.519 0.506
   vertex 49.05 28.045 0.326
  endloop
 endfacet
  facet normal 0 0 0
    outer loop
   vertex 49.05 27.571 0.326
   vertex 49.05 27.098 0.506
   vertex 49.05 27.098 0.326
  endloop
 endfacet
  facet normal 0 0 0
    outer loop
   vertex 49.05 28.045 0.326
   vertex 49.05 28.045 0.506
   vertex 49.05 27.571 0.326
  endloop
 endfacet
  facet normal 0 0 0
    outer loop
   vertex 49.05 27.571 0.326
   vertex 49.05 28.045 0.506
   vertex 49.05 27.098 0.506
  endloop
 endfacet
  facet normal 0 0 0
    outer loop
   vertex 49.05 27.098 0.326
   vertex 49.05 27.098 0.506
   vertex 49.05 26.624 0.326
  endloop
 endfacet
  facet normal 0 0 0
    outer loop
   vertex 49.05 26.624 0.326
   vertex 49.05 26.15 0.506
   vertex 49.05 26.15 0.326
  endloop
 endfacet
  facet normal 0 0 0
    outer loop
   vertex 49.05 26.624 0.326
   vertex 49.05 27.098 0.506
   vertex 49.05 26.15 0.506
  endloop
 endfacet
  facet normal 0 0 0
    outer loop
   vertex 49.05 25.203 0.326
   vertex 49.05 25.203 0.506
   vertex 49.05 24.729 0.506
  endloop
 endfacet
  facet normal 0 0 0
    outer loop
   vertex 49.05 24.255 0.326
   vertex 49.05 24.729 0.506
   vertex 49.05 24.255 0.506
  endloop
 endfacet
  facet normal 0 0 0
    outer loop
   vertex 49.05 25.203 0.326
   vertex 49.05 24.729 0.506
   vertex 49.05 24.255 0.326
  endloop
 endfacet
  facet normal 0 0 0
    outer loop
   vertex 49.05 25.203 0.326
   vertex 49.05 25.676 0.506
   vertex 49.05 25.203 0.506
  endloop
 endfacet
  facet normal 0 0 0
    outer loop
   vertex 49.05 26.15 0.326
   vertex 49.05 26.15 0.506
   vertex 49.05 25.676 0.506
  endloop
 endfacet
  facet normal 0 0 0
    outer loop
   vertex 49.05 26.15 0.326
   vertex 49.05 25.676 0.506
   vertex 49.05 25.203 0.326
  endloop
 endfacet
  facet normal 0 0 0
    outer loop
   vertex 49.05 24.255 0.326
   vertex 49.05 24.255 0.506
   vertex 49.05 23.781 0.326
  endloop
 endfacet
  facet normal 0 0 0
    outer loop
   vertex 49.05 23.781 0.326
   vertex 49.05 23.308 0.506
   vertex 49.05 23.308 0.326
  endloop
 endfacet
  facet normal 0 0 0
    outer loop
   vertex 49.05 23.781 0.326
   vertex 49.05 24.255 0.506
   vertex 49.05 23.308 0.506
  endloop
 endfacet
  facet normal 0 0 0
    outer loop
   vertex 49.05 23.308 0.326
   vertex 49.05 23.308 0.506
   vertex 49.05 22.834 0.506
  endloop
 endfacet
  facet normal 0 0 0
    outer loop
   vertex 49.05 22.36 0.326
   vertex 49.05 22.834 0.506
   vertex 49.05 22.36 0.506
  endloop
 endfacet
  facet normal 0 0 0
    outer loop
   vertex 49.05 23.308 0.326
   vertex 49.05 22.834 0.506
   vertex 49.05 22.36 0.326
  endloop
 endfacet
  facet normal 0 0 0
    outer loop
   vertex 49.05 19.991 0.326
   vertex 49.05 19.518 0.506
   vertex 49.05 19.518 0.326
  endloop
 endfacet
  facet normal 0 0 0
    outer loop
   vertex 49.05 20.465 0.326
   vertex 49.05 20.465 0.506
   vertex 49.05 19.991 0.326
  endloop
 endfacet
  facet normal 0 0 0
    outer loop
   vertex 49.05 19.991 0.326
   vertex 49.05 20.465 0.506
   vertex 49.05 19.518 0.506
  endloop
 endfacet
  facet normal 0 0 0
    outer loop
   vertex 49.05 19.518 0.326
   vertex 49.05 19.518 0.506
   vertex 49.05 19.044 0.326
  endloop
 endfacet
  facet normal 0 0 0
    outer loop
   vertex 49.05 19.044 0.326
   vertex 49.05 18.57 0.506
   vertex 49.05 18.57 0.326
  endloop
 endfacet
  facet normal 0 0 0
    outer loop
   vertex 49.05 19.044 0.326
   vertex 49.05 19.518 0.506
   vertex 49.05 18.57 0.506
  endloop
 endfacet
  facet normal 0 0 0
    outer loop
   vertex 49.05 20.465 0.326
   vertex 49.05 20.939 0.506
   vertex 49.05 20.465 0.506
  endloop
 endfacet
  facet normal 0 0 0
    outer loop
   vertex 49.05 21.413 0.326
   vertex 49.05 21.413 0.506
   vertex 49.05 20.939 0.506
  endloop
 endfacet
  facet normal 0 0 0
    outer loop
   vertex 49.05 21.413 0.326
   vertex 49.05 20.939 0.506
   vertex 49.05 20.465 0.326
  endloop
 endfacet
  facet normal 0 0 0
    outer loop
   vertex 49.05 21.886 0.326
   vertex 49.05 21.413 0.506
   vertex 49.05 21.413 0.326
  endloop
 endfacet
  facet normal 0 0 0
    outer loop
   vertex 49.05 22.36 0.326
   vertex 49.05 22.36 0.506
   vertex 49.05 21.886 0.326
  endloop
 endfacet
  facet normal 0 0 0
    outer loop
   vertex 49.05 21.886 0.326
   vertex 49.05 22.36 0.506
   vertex 49.05 21.413 0.506
  endloop
 endfacet
  facet normal 0 0 0
    outer loop
   vertex 49.05 18.57 0.326
   vertex 49.05 18.57 0.506
   vertex 49.05 18.096 0.326
  endloop
 endfacet
  facet normal 0 0 0
    outer loop
   vertex 49.05 18.096 0.326
   vertex 49.05 17.623 0.506
   vertex 49.05 17.623 0.326
  endloop
 endfacet
  facet normal 0 0 0
    outer loop
   vertex 49.05 18.096 0.326
   vertex 49.05 18.57 0.506
   vertex 49.05 17.623 0.506
  endloop
 endfacet
  facet normal 0 0 0
    outer loop
   vertex 49.05 17.623 0.326
   vertex 49.05 17.623 0.506
   vertex 49.05 17.149 0.506
  endloop
 endfacet
  facet normal 0 0 0
    outer loop
   vertex 49.05 16.675 0.326
   vertex 49.05 17.149 0.506
   vertex 49.05 16.675 0.506
  endloop
 endfacet
  facet normal 0 0 0
    outer loop
   vertex 49.05 17.623 0.326
   vertex 49.05 17.149 0.506
   vertex 49.05 16.675 0.326
  endloop
 endfacet
  facet normal 0 0 0
    outer loop
   vertex 49.05 16.201 0.326
   vertex 49.05 15.728 0.506
   vertex 49.05 15.728 0.326
  endloop
 endfacet
  facet normal 0 0 0
    outer loop
   vertex 49.05 16.675 0.326
   vertex 49.05 16.675 0.506
   vertex 49.05 16.201 0.326
  endloop
 endfacet
  facet normal 0 0 0
    outer loop
   vertex 49.05 16.201 0.326
   vertex 49.05 16.675 0.506
   vertex 49.05 15.728 0.506
  endloop
 endfacet
  facet normal 0 0 0
    outer loop
   vertex 49.05 15.728 0.326
   vertex 49.05 15.728 0.506
   vertex 49.05 15.254 0.326
  endloop
 endfacet
  facet normal 0 0 0
    outer loop
   vertex 49.05 15.254 0.326
   vertex 49.05 14.78 0.506
   vertex 49.05 14.78 0.326
  endloop
 endfacet
  facet normal 0 0 0
    outer loop
   vertex 49.05 15.254 0.326
   vertex 49.05 15.728 0.506
   vertex 49.05 14.78 0.506
  endloop
 endfacet
  facet normal 0 0 0
    outer loop
   vertex 49.05 4.831 0.326
   vertex 49.05 4.358 0.506
   vertex 49.05 4.358 0.326
  endloop
 endfacet
  facet normal 0 0 0
    outer loop
   vertex 49.05 5.305 0.326
   vertex 49.05 5.305 0.506
   vertex 49.05 4.831 0.326
  endloop
 endfacet
  facet normal 0 0 0
    outer loop
   vertex 49.05 4.831 0.326
   vertex 49.05 5.305 0.506
   vertex 49.05 4.358 0.506
  endloop
 endfacet
  facet normal 0 0 0
    outer loop
   vertex 49.05 4.358 0.326
   vertex 49.05 4.358 0.506
   vertex 49.05 3.884 0.326
  endloop
 endfacet
  facet normal 0 0 0
    outer loop
   vertex 49.05 3.884 0.326
   vertex 49.05 3.41 0.506
   vertex 49.05 3.41 0.326
  endloop
 endfacet
  facet normal 0 0 0
    outer loop
   vertex 49.05 3.884 0.326
   vertex 49.05 4.358 0.506
   vertex 49.05 3.41 0.506
  endloop
 endfacet
  facet normal 0 0 0
    outer loop
   vertex 49.05 5.305 0.326
   vertex 49.05 5.779 0.506
   vertex 49.05 5.305 0.506
  endloop
 endfacet
  facet normal 0 0 0
    outer loop
   vertex 49.05 6.253 0.326
   vertex 49.05 6.253 0.506
   vertex 49.05 5.779 0.506
  endloop
 endfacet
  facet normal 0 0 0
    outer loop
   vertex 49.05 6.253 0.326
   vertex 49.05 5.779 0.506
   vertex 49.05 5.305 0.326
  endloop
 endfacet
  facet normal 0 0 0
    outer loop
   vertex 49.05 6.726 0.326
   vertex 49.05 6.253 0.506
   vertex 49.05 6.253 0.326
  endloop
 endfacet
  facet normal 0 0 0
    outer loop
   vertex 49.05 7.2 0.326
   vertex 49.05 7.2 0.506
   vertex 49.05 6.726 0.326
  endloop
 endfacet
  facet normal 0 0 0
    outer loop
   vertex 49.05 6.726 0.326
   vertex 49.05 7.2 0.506
   vertex 49.05 6.253 0.506
  endloop
 endfacet
  facet normal 0 0 0
    outer loop
   vertex 49.05 3.41 0.326
   vertex 49.05 3.41 0.506
   vertex 49.05 2.936 0.326
  endloop
 endfacet
  facet normal 0 0 0
    outer loop
   vertex 49.05 2.936 0.326
   vertex 49.05 2.463 0.506
   vertex 49.05 2.463 0.326
  endloop
 endfacet
  facet normal 0 0 0
    outer loop
   vertex 49.05 2.936 0.326
   vertex 49.05 3.41 0.506
   vertex 49.05 2.463 0.506
  endloop
 endfacet
  facet normal 0 0 0
    outer loop
   vertex 49.05 2.463 0.326
   vertex 49.05 2.463 0.506
   vertex 49.05 1.989 0.506
  endloop
 endfacet
  facet normal 0 0 0
    outer loop
   vertex 49.05 1.515 0.326
   vertex 49.05 1.989 0.506
   vertex 49.05 1.515 0.506
  endloop
 endfacet
  facet normal 0 0 0
    outer loop
   vertex 49.05 2.463 0.326
   vertex 49.05 1.989 0.506
   vertex 49.05 1.515 0.326
  endloop
 endfacet
  facet normal 0 0 0
    outer loop
   vertex 49.05 1.041 0.326
   vertex 49.05 0.568 0.506
   vertex 49.05 0.568 0.326
  endloop
 endfacet
  facet normal 0 0 0
    outer loop
   vertex 49.05 1.515 0.326
   vertex 49.05 1.515 0.506
   vertex 49.05 1.041 0.326
  endloop
 endfacet
  facet normal 0 0 0
    outer loop
   vertex 49.05 1.041 0.326
   vertex 49.05 1.515 0.506
   vertex 49.05 0.568 0.506
  endloop
 endfacet
  facet normal 0 0 0
    outer loop
   vertex 49.05 0.568 0.326
   vertex 49.05 0.568 0.506
   vertex 49.05 0.094 0.326
  endloop
 endfacet
  facet normal 0 0 0
    outer loop
   vertex 49.05 0.094 0.326
   vertex 49.05 -0.38 0.506
   vertex 49.05 -0.38 0.326
  endloop
 endfacet
  facet normal 0 0 0
    outer loop
   vertex 49.05 0.094 0.326
   vertex 49.05 0.568 0.506
   vertex 49.05 -0.38 0.506
  endloop
 endfacet
  facet normal 0 0 0
    outer loop
   vertex 49.05 7.2 0.326
   vertex 49.05 7.674 0.506
   vertex 49.05 7.2 0.506
  endloop
 endfacet
  facet normal 0 0 0
    outer loop
   vertex 49.05 8.148 0.326
   vertex 49.05 8.148 0.506
   vertex 49.05 7.674 0.506
  endloop
 endfacet
  facet normal 0 0 0
    outer loop
   vertex 49.05 8.148 0.326
   vertex 49.05 7.674 0.506
   vertex 49.05 7.2 0.326
  endloop
 endfacet
  facet normal 0 0 0
    outer loop
   vertex 49.05 8.621 0.326
   vertex 49.05 8.148 0.506
   vertex 49.05 8.148 0.326
  endloop
 endfacet
  facet normal 0 0 0
    outer loop
   vertex 49.05 9.095 0.326
   vertex 49.05 9.095 0.506
   vertex 49.05 8.621 0.326
  endloop
 endfacet
  facet normal 0 0 0
    outer loop
   vertex 49.05 8.621 0.326
   vertex 49.05 9.095 0.506
   vertex 49.05 8.148 0.506
  endloop
 endfacet
  facet normal 0 0 0
    outer loop
   vertex 49.05 10.043 0.326
   vertex 49.05 10.043 0.506
   vertex 49.05 9.569 0.506
  endloop
 endfacet
  facet normal 0 0 0
    outer loop
   vertex 49.05 9.095 0.326
   vertex 49.05 9.569 0.506
   vertex 49.05 9.095 0.506
  endloop
 endfacet
  facet normal 0 0 0
    outer loop
   vertex 49.05 10.043 0.326
   vertex 49.05 9.569 0.506
   vertex 49.05 9.095 0.326
  endloop
 endfacet
  facet normal 0 0 0
    outer loop
   vertex 49.05 10.043 0.326
   vertex 49.05 10.516 0.506
   vertex 49.05 10.043 0.506
  endloop
 endfacet
  facet normal 0 0 0
    outer loop
   vertex 49.05 10.99 0.326
   vertex 49.05 10.99 0.506
   vertex 49.05 10.516 0.506
  endloop
 endfacet
  facet normal 0 0 0
    outer loop
   vertex 49.05 10.99 0.326
   vertex 49.05 10.516 0.506
   vertex 49.05 10.043 0.326
  endloop
 endfacet
  facet normal 0 0 0
    outer loop
   vertex 49.05 12.411 0.326
   vertex 49.05 11.938 0.506
   vertex 49.05 11.938 0.326
  endloop
 endfacet
  facet normal 0 0 0
    outer loop
   vertex 49.05 12.885 0.326
   vertex 49.05 12.885 0.506
   vertex 49.05 12.411 0.326
  endloop
 endfacet
  facet normal 0 0 0
    outer loop
   vertex 49.05 12.411 0.326
   vertex 49.05 12.885 0.506
   vertex 49.05 11.938 0.506
  endloop
 endfacet
  facet normal 0 0 0
    outer loop
   vertex 49.05 11.938 0.326
   vertex 49.05 11.938 0.506
   vertex 49.05 11.464 0.326
  endloop
 endfacet
  facet normal 0 0 0
    outer loop
   vertex 49.05 11.464 0.326
   vertex 49.05 10.99 0.506
   vertex 49.05 10.99 0.326
  endloop
 endfacet
  facet normal 0 0 0
    outer loop
   vertex 49.05 11.464 0.326
   vertex 49.05 11.938 0.506
   vertex 49.05 10.99 0.506
  endloop
 endfacet
  facet normal 0 0 0
    outer loop
   vertex 49.05 12.885 0.326
   vertex 49.05 13.359 0.506
   vertex 49.05 12.885 0.506
  endloop
 endfacet
  facet normal 0 0 0
    outer loop
   vertex 49.05 13.833 0.326
   vertex 49.05 13.833 0.506
   vertex 49.05 13.359 0.506
  endloop
 endfacet
  facet normal 0 0 0
    outer loop
   vertex 49.05 13.833 0.326
   vertex 49.05 13.359 0.506
   vertex 49.05 12.885 0.326
  endloop
 endfacet
  facet normal 0 0 0
    outer loop
   vertex 49.05 14.306 0.326
   vertex 49.05 13.833 0.506
   vertex 49.05 13.833 0.326
  endloop
 endfacet
  facet normal 0 0 0
    outer loop
   vertex 49.05 14.78 0.326
   vertex 49.05 14.78 0.506
   vertex 49.05 14.306 0.326
  endloop
 endfacet
  facet normal 0 0 0
    outer loop
   vertex 49.05 14.306 0.326
   vertex 49.05 14.78 0.506
   vertex 49.05 13.833 0.506
  endloop
 endfacet
  facet normal 0 0 0
    outer loop
   vertex 45.847 30.84 0.326
   vertex 45.847 30.84 0.506
   vertex 46.277 30.84 0.506
  endloop
 endfacet
  facet normal 0 0 0
    outer loop
   vertex 46.706 30.84 0.326
   vertex 46.277 30.84 0.506
   vertex 46.706 30.84 0.506
  endloop
 endfacet
  facet normal 0 0 0
    outer loop
   vertex 45.847 30.84 0.326
   vertex 46.277 30.84 0.506
   vertex 46.706 30.84 0.326
  endloop
 endfacet
  facet normal 0 0 0
    outer loop
   vertex 45.847 30.84 0.326
   vertex 45.417 30.84 0.506
   vertex 45.847 30.84 0.506
  endloop
 endfacet
  facet normal 0 0 0
    outer loop
   vertex 44.988 30.84 0.326
   vertex 44.988 30.84 0.506
   vertex 45.417 30.84 0.506
  endloop
 endfacet
  facet normal 0 0 0
    outer loop
   vertex 44.988 30.84 0.326
   vertex 45.417 30.84 0.506
   vertex 45.847 30.84 0.326
  endloop
 endfacet
  facet normal 0 0 0
    outer loop
   vertex 46.706 30.84 0.326
   vertex 46.706 30.84 0.506
   vertex 47.136 30.84 0.326
  endloop
 endfacet
  facet normal 0 0 0
    outer loop
   vertex 47.136 30.84 0.326
   vertex 47.566 30.84 0.506
   vertex 47.566 30.84 0.326
  endloop
 endfacet
  facet normal 0 0 0
    outer loop
   vertex 47.136 30.84 0.326
   vertex 46.706 30.84 0.506
   vertex 47.566 30.84 0.506
  endloop
 endfacet
  facet normal 0 0 0
    outer loop
   vertex 47.566 30.84 0.326
   vertex 47.566 30.84 0.506
   vertex 47.995 30.84 0.506
  endloop
 endfacet
  facet normal 0 0 0
    outer loop
   vertex 48.425 30.84 0.326
   vertex 47.995 30.84 0.506
   vertex 48.425 30.84 0.506
  endloop
 endfacet
  facet normal 0 0 0
    outer loop
   vertex 47.566 30.84 0.326
   vertex 47.995 30.84 0.506
   vertex 48.425 30.84 0.326
  endloop
 endfacet
  facet normal 0 0 0
    outer loop
   vertex 44.988 30.84 0.326
   vertex 44.558 30.84 0.506
   vertex 44.988 30.84 0.506
  endloop
 endfacet
  facet normal 0 0 0
    outer loop
   vertex 44.128 30.84 0.326
   vertex 44.128 30.84 0.506
   vertex 44.558 30.84 0.506
  endloop
 endfacet
  facet normal 0 0 0
    outer loop
   vertex 44.128 30.84 0.326
   vertex 44.558 30.84 0.506
   vertex 44.988 30.84 0.326
  endloop
 endfacet
  facet normal 0 0 0
    outer loop
   vertex 43.698 30.84 0.326
   vertex 44.128 30.84 0.506
   vertex 44.128 30.84 0.326
  endloop
 endfacet
  facet normal 0 0 0
    outer loop
   vertex 43.269 30.84 0.326
   vertex 43.269 30.84 0.506
   vertex 43.698 30.84 0.326
  endloop
 endfacet
  facet normal 0 0 0
    outer loop
   vertex 43.698 30.84 0.326
   vertex 43.269 30.84 0.506
   vertex 44.128 30.84 0.506
  endloop
 endfacet
  facet normal 0 0 0
    outer loop
   vertex 42.409 30.84 0.326
   vertex 42.409 30.84 0.506
   vertex 42.839 30.84 0.506
  endloop
 endfacet
  facet normal 0 0 0
    outer loop
   vertex 43.269 30.84 0.326
   vertex 42.839 30.84 0.506
   vertex 43.269 30.84 0.506
  endloop
 endfacet
  facet normal 0 0 0
    outer loop
   vertex 42.409 30.84 0.326
   vertex 42.839 30.84 0.506
   vertex 43.269 30.84 0.326
  endloop
 endfacet
  facet normal 0 0 0
    outer loop
   vertex 42.409 30.84 0.326
   vertex 41.98 30.84 0.506
   vertex 42.409 30.84 0.506
  endloop
 endfacet
  facet normal 0 0 0
    outer loop
   vertex 41.55 30.84 0.326
   vertex 41.55 30.84 0.506
   vertex 41.98 30.84 0.506
  endloop
 endfacet
  facet normal 0 0 0
    outer loop
   vertex 41.55 30.84 0.326
   vertex 41.98 30.84 0.506
   vertex 42.409 30.84 0.326
  endloop
 endfacet
  facet normal 0 0 0
    outer loop
   vertex 48.425 30.84 0.326
   vertex 48.425 30.84 0.506
   vertex 48.855 30.84 0.326
  endloop
 endfacet
  facet normal 0 0 0
    outer loop
   vertex 48.855 30.84 0.326
   vertex 49.284 30.84 0.506
   vertex 49.284 30.84 0.326
  endloop
 endfacet
  facet normal 0 0 0
    outer loop
   vertex 48.855 30.84 0.326
   vertex 48.425 30.84 0.506
   vertex 49.284 30.84 0.506
  endloop
 endfacet
  facet normal 0 0 0
    outer loop
   vertex 49.284 30.84 0.326
   vertex 49.284 30.84 0.506
   vertex 49.714 30.84 0.506
  endloop
 endfacet
  facet normal 0 0 0
    outer loop
   vertex 50.144 30.84 0.326
   vertex 49.714 30.84 0.506
   vertex 50.144 30.84 0.506
  endloop
 endfacet
  facet normal 0 0 0
    outer loop
   vertex 49.284 30.84 0.326
   vertex 49.714 30.84 0.506
   vertex 50.144 30.84 0.326
  endloop
 endfacet
  facet normal 0 0 0
    outer loop
   vertex 50.573 30.84 0.326
   vertex 51.003 30.84 0.506
   vertex 51.003 30.84 0.326
  endloop
 endfacet
  facet normal 0 0 0
    outer loop
   vertex 50.144 30.84 0.326
   vertex 50.144 30.84 0.506
   vertex 50.573 30.84 0.326
  endloop
 endfacet
  facet normal 0 0 0
    outer loop
   vertex 50.573 30.84 0.326
   vertex 50.144 30.84 0.506
   vertex 51.003 30.84 0.506
  endloop
 endfacet
  facet normal 0 0 0
    outer loop
   vertex 51.003 30.84 0.326
   vertex 51.003 30.84 0.506
   vertex 51.433 30.84 0.326
  endloop
 endfacet
  facet normal 0 0 0
    outer loop
   vertex 51.433 30.84 0.326
   vertex 51.863 30.84 0.506
   vertex 51.863 30.84 0.326
  endloop
 endfacet
  facet normal 0 0 0
    outer loop
   vertex 51.433 30.84 0.326
   vertex 51.003 30.84 0.506
   vertex 51.863 30.84 0.506
  endloop
 endfacet
  facet normal 0 0 0
    outer loop
   vertex 52.722 30.84 0.326
   vertex 52.722 30.84 0.506
   vertex 53.152 30.84 0.506
  endloop
 endfacet
  facet normal 0 0 0
    outer loop
   vertex 53.581 30.84 0.326
   vertex 53.152 30.84 0.506
   vertex 53.581 30.84 0.506
  endloop
 endfacet
  facet normal 0 0 0
    outer loop
   vertex 52.722 30.84 0.326
   vertex 53.152 30.84 0.506
   vertex 53.581 30.84 0.326
  endloop
 endfacet
  facet normal 0 0 0
    outer loop
   vertex 52.722 30.84 0.326
   vertex 52.292 30.84 0.506
   vertex 52.722 30.84 0.506
  endloop
 endfacet
  facet normal 0 0 0
    outer loop
   vertex 51.863 30.84 0.326
   vertex 51.863 30.84 0.506
   vertex 52.292 30.84 0.506
  endloop
 endfacet
  facet normal 0 0 0
    outer loop
   vertex 51.863 30.84 0.326
   vertex 52.292 30.84 0.506
   vertex 52.722 30.84 0.326
  endloop
 endfacet
  facet normal 0 0 0
    outer loop
   vertex 53.581 30.84 0.326
   vertex 53.581 30.84 0.506
   vertex 54.011 30.84 0.326
  endloop
 endfacet
  facet normal 0 0 0
    outer loop
   vertex 54.011 30.84 0.326
   vertex 54.441 30.84 0.506
   vertex 54.441 30.84 0.326
  endloop
 endfacet
  facet normal 0 0 0
    outer loop
   vertex 54.011 30.84 0.326
   vertex 53.581 30.84 0.506
   vertex 54.441 30.84 0.506
  endloop
 endfacet
  facet normal 0 0 0
    outer loop
   vertex 54.441 30.84 0.326
   vertex 54.441 30.84 0.506
   vertex 54.87 30.84 0.506
  endloop
 endfacet
  facet normal 0 0 0
    outer loop
   vertex 55.3 30.84 0.326
   vertex 54.87 30.84 0.506
   vertex 55.3 30.84 0.506
  endloop
 endfacet
  facet normal 0 0 0
    outer loop
   vertex 54.441 30.84 0.326
   vertex 54.87 30.84 0.506
   vertex 55.3 30.84 0.326
  endloop
 endfacet
  facet normal 0 0 0
    outer loop
   vertex 41.55 30.84 0.326
   vertex 41.12 30.84 0.506
   vertex 41.55 30.84 0.506
  endloop
 endfacet
  facet normal 0 0 0
    outer loop
   vertex 40.691 30.84 0.326
   vertex 40.691 30.84 0.506
   vertex 41.12 30.84 0.506
  endloop
 endfacet
  facet normal 0 0 0
    outer loop
   vertex 40.691 30.84 0.326
   vertex 41.12 30.84 0.506
   vertex 41.55 30.84 0.326
  endloop
 endfacet
  facet normal 0 0 0
    outer loop
   vertex 40.261 30.84 0.326
   vertex 40.691 30.84 0.506
   vertex 40.691 30.84 0.326
  endloop
 endfacet
  facet normal 0 0 0
    outer loop
   vertex 39.831 30.84 0.326
   vertex 39.831 30.84 0.506
   vertex 40.261 30.84 0.326
  endloop
 endfacet
  facet normal 0 0 0
    outer loop
   vertex 40.261 30.84 0.326
   vertex 39.831 30.84 0.506
   vertex 40.691 30.84 0.506
  endloop
 endfacet
  facet normal 0 0 0
    outer loop
   vertex 38.972 30.84 0.326
   vertex 38.972 30.84 0.506
   vertex 39.402 30.84 0.506
  endloop
 endfacet
  facet normal 0 0 0
    outer loop
   vertex 39.831 30.84 0.326
   vertex 39.402 30.84 0.506
   vertex 39.831 30.84 0.506
  endloop
 endfacet
  facet normal 0 0 0
    outer loop
   vertex 38.972 30.84 0.326
   vertex 39.402 30.84 0.506
   vertex 39.831 30.84 0.326
  endloop
 endfacet
  facet normal 0 0 0
    outer loop
   vertex 38.972 30.84 0.326
   vertex 38.542 30.84 0.506
   vertex 38.972 30.84 0.506
  endloop
 endfacet
  facet normal 0 0 0
    outer loop
   vertex 38.113 30.84 0.326
   vertex 38.113 30.84 0.506
   vertex 38.542 30.84 0.506
  endloop
 endfacet
  facet normal 0 0 0
    outer loop
   vertex 38.113 30.84 0.326
   vertex 38.542 30.84 0.506
   vertex 38.972 30.84 0.326
  endloop
 endfacet
  facet normal 0 0 0
    outer loop
   vertex 36.823 30.84 0.326
   vertex 37.253 30.84 0.506
   vertex 37.253 30.84 0.326
  endloop
 endfacet
  facet normal 0 0 0
    outer loop
   vertex 36.394 30.84 0.326
   vertex 36.394 30.84 0.506
   vertex 36.823 30.84 0.326
  endloop
 endfacet
  facet normal 0 0 0
    outer loop
   vertex 36.823 30.84 0.326
   vertex 36.394 30.84 0.506
   vertex 37.253 30.84 0.506
  endloop
 endfacet
  facet normal 0 0 0
    outer loop
   vertex 37.253 30.84 0.326
   vertex 37.253 30.84 0.506
   vertex 37.683 30.84 0.326
  endloop
 endfacet
  facet normal 0 0 0
    outer loop
   vertex 37.683 30.84 0.326
   vertex 38.113 30.84 0.506
   vertex 38.113 30.84 0.326
  endloop
 endfacet
  facet normal 0 0 0
    outer loop
   vertex 37.683 30.84 0.326
   vertex 37.253 30.84 0.506
   vertex 38.113 30.84 0.506
  endloop
 endfacet
  facet normal 0 0 0
    outer loop
   vertex 36.394 30.84 0.326
   vertex 35.964 30.84 0.506
   vertex 36.394 30.84 0.506
  endloop
 endfacet
  facet normal 0 0 0
    outer loop
   vertex 35.534 30.84 0.326
   vertex 35.534 30.84 0.506
   vertex 35.964 30.84 0.506
  endloop
 endfacet
  facet normal 0 0 0
    outer loop
   vertex 35.534 30.84 0.326
   vertex 35.964 30.84 0.506
   vertex 36.394 30.84 0.326
  endloop
 endfacet
  facet normal 0 0 0
    outer loop
   vertex 35.105 30.84 0.326
   vertex 35.534 30.84 0.506
   vertex 35.534 30.84 0.326
  endloop
 endfacet
  facet normal 0 0 0
    outer loop
   vertex 34.675 30.84 0.326
   vertex 34.675 30.84 0.506
   vertex 35.105 30.84 0.326
  endloop
 endfacet
  facet normal 0 0 0
    outer loop
   vertex 35.105 30.84 0.326
   vertex 34.675 30.84 0.506
   vertex 35.534 30.84 0.506
  endloop
 endfacet
  facet normal 0 0 0
    outer loop
   vertex 32.097 30.84 0.326
   vertex 32.097 30.84 0.506
   vertex 32.527 30.84 0.506
  endloop
 endfacet
  facet normal 0 0 0
    outer loop
   vertex 32.956 30.84 0.326
   vertex 32.527 30.84 0.506
   vertex 32.956 30.84 0.506
  endloop
 endfacet
  facet normal 0 0 0
    outer loop
   vertex 32.097 30.84 0.326
   vertex 32.527 30.84 0.506
   vertex 32.956 30.84 0.326
  endloop
 endfacet
  facet normal 0 0 0
    outer loop
   vertex 32.097 30.84 0.326
   vertex 31.667 30.84 0.506
   vertex 32.097 30.84 0.506
  endloop
 endfacet
  facet normal 0 0 0
    outer loop
   vertex 31.238 30.84 0.326
   vertex 31.238 30.84 0.506
   vertex 31.667 30.84 0.506
  endloop
 endfacet
  facet normal 0 0 0
    outer loop
   vertex 31.238 30.84 0.326
   vertex 31.667 30.84 0.506
   vertex 32.097 30.84 0.326
  endloop
 endfacet
  facet normal 0 0 0
    outer loop
   vertex 32.956 30.84 0.326
   vertex 32.956 30.84 0.506
   vertex 33.386 30.84 0.326
  endloop
 endfacet
  facet normal 0 0 0
    outer loop
   vertex 33.386 30.84 0.326
   vertex 33.816 30.84 0.506
   vertex 33.816 30.84 0.326
  endloop
 endfacet
  facet normal 0 0 0
    outer loop
   vertex 33.386 30.84 0.326
   vertex 32.956 30.84 0.506
   vertex 33.816 30.84 0.506
  endloop
 endfacet
  facet normal 0 0 0
    outer loop
   vertex 33.816 30.84 0.326
   vertex 33.816 30.84 0.506
   vertex 34.245 30.84 0.506
  endloop
 endfacet
  facet normal 0 0 0
    outer loop
   vertex 34.675 30.84 0.326
   vertex 34.245 30.84 0.506
   vertex 34.675 30.84 0.506
  endloop
 endfacet
  facet normal 0 0 0
    outer loop
   vertex 33.816 30.84 0.326
   vertex 34.245 30.84 0.506
   vertex 34.675 30.84 0.326
  endloop
 endfacet
  facet normal 0 0 0
    outer loop
   vertex 31.238 30.84 0.326
   vertex 30.808 30.84 0.506
   vertex 31.238 30.84 0.506
  endloop
 endfacet
  facet normal 0 0 0
    outer loop
   vertex 30.378 30.84 0.326
   vertex 30.378 30.84 0.506
   vertex 30.808 30.84 0.506
  endloop
 endfacet
  facet normal 0 0 0
    outer loop
   vertex 30.378 30.84 0.326
   vertex 30.808 30.84 0.506
   vertex 31.238 30.84 0.326
  endloop
 endfacet
  facet normal 0 0 0
    outer loop
   vertex 29.948 30.84 0.326
   vertex 30.378 30.84 0.506
   vertex 30.378 30.84 0.326
  endloop
 endfacet
  facet normal 0 0 0
    outer loop
   vertex 29.519 30.84 0.326
   vertex 29.519 30.84 0.506
   vertex 29.948 30.84 0.326
  endloop
 endfacet
  facet normal 0 0 0
    outer loop
   vertex 29.948 30.84 0.326
   vertex 29.519 30.84 0.506
   vertex 30.378 30.84 0.506
  endloop
 endfacet
  facet normal 0 0 0
    outer loop
   vertex 28.659 30.84 0.326
   vertex 28.659 30.84 0.506
   vertex 29.089 30.84 0.506
  endloop
 endfacet
  facet normal 0 0 0
    outer loop
   vertex 29.519 30.84 0.326
   vertex 29.089 30.84 0.506
   vertex 29.519 30.84 0.506
  endloop
 endfacet
  facet normal 0 0 0
    outer loop
   vertex 28.659 30.84 0.326
   vertex 29.089 30.84 0.506
   vertex 29.519 30.84 0.326
  endloop
 endfacet
  facet normal 0 0 0
    outer loop
   vertex 28.659 30.84 0.326
   vertex 28.23 30.84 0.506
   vertex 28.659 30.84 0.506
  endloop
 endfacet
  facet normal 0 0 0
    outer loop
   vertex 27.8 30.84 0.326
   vertex 27.8 30.84 0.506
   vertex 28.23 30.84 0.506
  endloop
 endfacet
  facet normal 0 0 0
    outer loop
   vertex 27.8 30.84 0.326
   vertex 28.23 30.84 0.506
   vertex 28.659 30.84 0.326
  endloop
 endfacet
  facet normal 0 0 0
    outer loop
   vertex 0.3 30.84 0.326
   vertex 0.3 30.84 0.506
   vertex 0.73 30.84 0.326
  endloop
 endfacet
  facet normal 0 0 0
    outer loop
   vertex 0.73 30.84 0.326
   vertex 1.159 30.84 0.506
   vertex 1.159 30.84 0.326
  endloop
 endfacet
  facet normal 0 0 0
    outer loop
   vertex 0.73 30.84 0.326
   vertex 0.3 30.84 0.506
   vertex 1.159 30.84 0.506
  endloop
 endfacet
  facet normal 0 0 0
    outer loop
   vertex 1.159 30.84 0.326
   vertex 1.159 30.84 0.506
   vertex 1.589 30.84 0.506
  endloop
 endfacet
  facet normal 0 0 0
    outer loop
   vertex 2.019 30.84 0.326
   vertex 1.589 30.84 0.506
   vertex 2.019 30.84 0.506
  endloop
 endfacet
  facet normal 0 0 0
    outer loop
   vertex 1.159 30.84 0.326
   vertex 1.589 30.84 0.506
   vertex 2.019 30.84 0.326
  endloop
 endfacet
  facet normal 0 0 0
    outer loop
   vertex 2.448 30.84 0.326
   vertex 2.878 30.84 0.506
   vertex 2.878 30.84 0.326
  endloop
 endfacet
  facet normal 0 0 0
    outer loop
   vertex 2.019 30.84 0.326
   vertex 2.019 30.84 0.506
   vertex 2.448 30.84 0.326
  endloop
 endfacet
  facet normal 0 0 0
    outer loop
   vertex 2.448 30.84 0.326
   vertex 2.019 30.84 0.506
   vertex 2.878 30.84 0.506
  endloop
 endfacet
  facet normal 0 0 0
    outer loop
   vertex 2.878 30.84 0.326
   vertex 2.878 30.84 0.506
   vertex 3.308 30.84 0.326
  endloop
 endfacet
  facet normal 0 0 0
    outer loop
   vertex 3.308 30.84 0.326
   vertex 3.738 30.84 0.506
   vertex 3.738 30.84 0.326
  endloop
 endfacet
  facet normal 0 0 0
    outer loop
   vertex 3.308 30.84 0.326
   vertex 2.878 30.84 0.506
   vertex 3.738 30.84 0.506
  endloop
 endfacet
  facet normal 0 0 0
    outer loop
   vertex 4.597 30.84 0.326
   vertex 4.597 30.84 0.506
   vertex 5.027 30.84 0.506
  endloop
 endfacet
  facet normal 0 0 0
    outer loop
   vertex 5.456 30.84 0.326
   vertex 5.027 30.84 0.506
   vertex 5.456 30.84 0.506
  endloop
 endfacet
  facet normal 0 0 0
    outer loop
   vertex 4.597 30.84 0.326
   vertex 5.027 30.84 0.506
   vertex 5.456 30.84 0.326
  endloop
 endfacet
  facet normal 0 0 0
    outer loop
   vertex 4.597 30.84 0.326
   vertex 4.167 30.84 0.506
   vertex 4.597 30.84 0.506
  endloop
 endfacet
  facet normal 0 0 0
    outer loop
   vertex 3.738 30.84 0.326
   vertex 3.738 30.84 0.506
   vertex 4.167 30.84 0.506
  endloop
 endfacet
  facet normal 0 0 0
    outer loop
   vertex 3.738 30.84 0.326
   vertex 4.167 30.84 0.506
   vertex 4.597 30.84 0.326
  endloop
 endfacet
  facet normal 0 0 0
    outer loop
   vertex 5.456 30.84 0.326
   vertex 5.456 30.84 0.506
   vertex 5.886 30.84 0.326
  endloop
 endfacet
  facet normal 0 0 0
    outer loop
   vertex 5.886 30.84 0.326
   vertex 6.316 30.84 0.506
   vertex 6.316 30.84 0.326
  endloop
 endfacet
  facet normal 0 0 0
    outer loop
   vertex 5.886 30.84 0.326
   vertex 5.456 30.84 0.506
   vertex 6.316 30.84 0.506
  endloop
 endfacet
  facet normal 0 0 0
    outer loop
   vertex 6.316 30.84 0.326
   vertex 6.316 30.84 0.506
   vertex 6.745 30.84 0.506
  endloop
 endfacet
  facet normal 0 0 0
    outer loop
   vertex 7.175 30.84 0.326
   vertex 6.745 30.84 0.506
   vertex 7.175 30.84 0.506
  endloop
 endfacet
  facet normal 0 0 0
    outer loop
   vertex 6.316 30.84 0.326
   vertex 6.745 30.84 0.506
   vertex 7.175 30.84 0.326
  endloop
 endfacet
  facet normal 0 0 0
    outer loop
   vertex 9.323 30.84 0.326
   vertex 9.753 30.84 0.506
   vertex 9.753 30.84 0.326
  endloop
 endfacet
  facet normal 0 0 0
    outer loop
   vertex 8.894 30.84 0.326
   vertex 8.894 30.84 0.506
   vertex 9.323 30.84 0.326
  endloop
 endfacet
  facet normal 0 0 0
    outer loop
   vertex 9.323 30.84 0.326
   vertex 8.894 30.84 0.506
   vertex 9.753 30.84 0.506
  endloop
 endfacet
  facet normal 0 0 0
    outer loop
   vertex 9.753 30.84 0.326
   vertex 9.753 30.84 0.506
   vertex 10.183 30.84 0.326
  endloop
 endfacet
  facet normal 0 0 0
    outer loop
   vertex 10.183 30.84 0.326
   vertex 10.613 30.84 0.506
   vertex 10.613 30.84 0.326
  endloop
 endfacet
  facet normal 0 0 0
    outer loop
   vertex 10.183 30.84 0.326
   vertex 9.753 30.84 0.506
   vertex 10.613 30.84 0.506
  endloop
 endfacet
  facet normal 0 0 0
    outer loop
   vertex 8.894 30.84 0.326
   vertex 8.464 30.84 0.506
   vertex 8.894 30.84 0.506
  endloop
 endfacet
  facet normal 0 0 0
    outer loop
   vertex 8.034 30.84 0.326
   vertex 8.034 30.84 0.506
   vertex 8.464 30.84 0.506
  endloop
 endfacet
  facet normal 0 0 0
    outer loop
   vertex 8.034 30.84 0.326
   vertex 8.464 30.84 0.506
   vertex 8.894 30.84 0.326
  endloop
 endfacet
  facet normal 0 0 0
    outer loop
   vertex 7.605 30.84 0.326
   vertex 8.034 30.84 0.506
   vertex 8.034 30.84 0.326
  endloop
 endfacet
  facet normal 0 0 0
    outer loop
   vertex 7.175 30.84 0.326
   vertex 7.175 30.84 0.506
   vertex 7.605 30.84 0.326
  endloop
 endfacet
  facet normal 0 0 0
    outer loop
   vertex 7.605 30.84 0.326
   vertex 7.175 30.84 0.506
   vertex 8.034 30.84 0.506
  endloop
 endfacet
  facet normal 0 0 0
    outer loop
   vertex 10.613 30.84 0.326
   vertex 10.613 30.84 0.506
   vertex 11.042 30.84 0.326
  endloop
 endfacet
  facet normal 0 0 0
    outer loop
   vertex 11.042 30.84 0.326
   vertex 11.472 30.84 0.506
   vertex 11.472 30.84 0.326
  endloop
 endfacet
  facet normal 0 0 0
    outer loop
   vertex 11.042 30.84 0.326
   vertex 10.613 30.84 0.506
   vertex 11.472 30.84 0.506
  endloop
 endfacet
  facet normal 0 0 0
    outer loop
   vertex 11.472 30.84 0.326
   vertex 11.472 30.84 0.506
   vertex 11.902 30.84 0.506
  endloop
 endfacet
  facet normal 0 0 0
    outer loop
   vertex 12.331 30.84 0.326
   vertex 11.902 30.84 0.506
   vertex 12.331 30.84 0.506
  endloop
 endfacet
  facet normal 0 0 0
    outer loop
   vertex 11.472 30.84 0.326
   vertex 11.902 30.84 0.506
   vertex 12.331 30.84 0.326
  endloop
 endfacet
  facet normal 0 0 0
    outer loop
   vertex 12.761 30.84 0.326
   vertex 13.191 30.84 0.506
   vertex 13.191 30.84 0.326
  endloop
 endfacet
  facet normal 0 0 0
    outer loop
   vertex 12.331 30.84 0.326
   vertex 12.331 30.84 0.506
   vertex 12.761 30.84 0.326
  endloop
 endfacet
  facet normal 0 0 0
    outer loop
   vertex 12.761 30.84 0.326
   vertex 12.331 30.84 0.506
   vertex 13.191 30.84 0.506
  endloop
 endfacet
  facet normal 0 0 0
    outer loop
   vertex 13.191 30.84 0.326
   vertex 13.191 30.84 0.506
   vertex 13.62 30.84 0.326
  endloop
 endfacet
  facet normal 0 0 0
    outer loop
   vertex 13.62 30.84 0.326
   vertex 14.05 30.84 0.506
   vertex 14.05 30.84 0.326
  endloop
 endfacet
  facet normal 0 0 0
    outer loop
   vertex 13.62 30.84 0.326
   vertex 13.191 30.84 0.506
   vertex 14.05 30.84 0.506
  endloop
 endfacet
  facet normal 0 0 0
    outer loop
   vertex 18.347 30.84 0.326
   vertex 18.347 30.84 0.506
   vertex 18.777 30.84 0.506
  endloop
 endfacet
  facet normal 0 0 0
    outer loop
   vertex 19.206 30.84 0.326
   vertex 18.777 30.84 0.506
   vertex 19.206 30.84 0.506
  endloop
 endfacet
  facet normal 0 0 0
    outer loop
   vertex 18.347 30.84 0.326
   vertex 18.777 30.84 0.506
   vertex 19.206 30.84 0.326
  endloop
 endfacet
  facet normal 0 0 0
    outer loop
   vertex 18.347 30.84 0.326
   vertex 17.917 30.84 0.506
   vertex 18.347 30.84 0.506
  endloop
 endfacet
  facet normal 0 0 0
    outer loop
   vertex 17.488 30.84 0.326
   vertex 17.488 30.84 0.506
   vertex 17.917 30.84 0.506
  endloop
 endfacet
  facet normal 0 0 0
    outer loop
   vertex 17.488 30.84 0.326
   vertex 17.917 30.84 0.506
   vertex 18.347 30.84 0.326
  endloop
 endfacet
  facet normal 0 0 0
    outer loop
   vertex 19.206 30.84 0.326
   vertex 19.206 30.84 0.506
   vertex 19.636 30.84 0.326
  endloop
 endfacet
  facet normal 0 0 0
    outer loop
   vertex 19.636 30.84 0.326
   vertex 20.066 30.84 0.506
   vertex 20.066 30.84 0.326
  endloop
 endfacet
  facet normal 0 0 0
    outer loop
   vertex 19.636 30.84 0.326
   vertex 19.206 30.84 0.506
   vertex 20.066 30.84 0.506
  endloop
 endfacet
  facet normal 0 0 0
    outer loop
   vertex 20.066 30.84 0.326
   vertex 20.066 30.84 0.506
   vertex 20.495 30.84 0.506
  endloop
 endfacet
  facet normal 0 0 0
    outer loop
   vertex 20.925 30.84 0.326
   vertex 20.495 30.84 0.506
   vertex 20.925 30.84 0.506
  endloop
 endfacet
  facet normal 0 0 0
    outer loop
   vertex 20.066 30.84 0.326
   vertex 20.495 30.84 0.506
   vertex 20.925 30.84 0.326
  endloop
 endfacet
  facet normal 0 0 0
    outer loop
   vertex 17.488 30.84 0.326
   vertex 17.058 30.84 0.506
   vertex 17.488 30.84 0.506
  endloop
 endfacet
  facet normal 0 0 0
    outer loop
   vertex 16.628 30.84 0.326
   vertex 16.628 30.84 0.506
   vertex 17.058 30.84 0.506
  endloop
 endfacet
  facet normal 0 0 0
    outer loop
   vertex 16.628 30.84 0.326
   vertex 17.058 30.84 0.506
   vertex 17.488 30.84 0.326
  endloop
 endfacet
  facet normal 0 0 0
    outer loop
   vertex 16.198 30.84 0.326
   vertex 16.628 30.84 0.506
   vertex 16.628 30.84 0.326
  endloop
 endfacet
  facet normal 0 0 0
    outer loop
   vertex 15.769 30.84 0.326
   vertex 15.769 30.84 0.506
   vertex 16.198 30.84 0.326
  endloop
 endfacet
  facet normal 0 0 0
    outer loop
   vertex 16.198 30.84 0.326
   vertex 15.769 30.84 0.506
   vertex 16.628 30.84 0.506
  endloop
 endfacet
  facet normal 0 0 0
    outer loop
   vertex 14.909 30.84 0.326
   vertex 14.909 30.84 0.506
   vertex 15.339 30.84 0.506
  endloop
 endfacet
  facet normal 0 0 0
    outer loop
   vertex 15.769 30.84 0.326
   vertex 15.339 30.84 0.506
   vertex 15.769 30.84 0.506
  endloop
 endfacet
  facet normal 0 0 0
    outer loop
   vertex 14.909 30.84 0.326
   vertex 15.339 30.84 0.506
   vertex 15.769 30.84 0.326
  endloop
 endfacet
  facet normal 0 0 0
    outer loop
   vertex 14.909 30.84 0.326
   vertex 14.48 30.84 0.506
   vertex 14.909 30.84 0.506
  endloop
 endfacet
  facet normal 0 0 0
    outer loop
   vertex 14.05 30.84 0.326
   vertex 14.05 30.84 0.506
   vertex 14.48 30.84 0.506
  endloop
 endfacet
  facet normal 0 0 0
    outer loop
   vertex 14.05 30.84 0.326
   vertex 14.48 30.84 0.506
   vertex 14.909 30.84 0.326
  endloop
 endfacet
  facet normal 0 0 0
    outer loop
   vertex 20.925 30.84 0.326
   vertex 20.925 30.84 0.506
   vertex 21.355 30.84 0.326
  endloop
 endfacet
  facet normal 0 0 0
    outer loop
   vertex 21.355 30.84 0.326
   vertex 21.784 30.84 0.506
   vertex 21.784 30.84 0.326
  endloop
 endfacet
  facet normal 0 0 0
    outer loop
   vertex 21.355 30.84 0.326
   vertex 20.925 30.84 0.506
   vertex 21.784 30.84 0.506
  endloop
 endfacet
  facet normal 0 0 0
    outer loop
   vertex 21.784 30.84 0.326
   vertex 21.784 30.84 0.506
   vertex 22.214 30.84 0.506
  endloop
 endfacet
  facet normal 0 0 0
    outer loop
   vertex 22.644 30.84 0.326
   vertex 22.214 30.84 0.506
   vertex 22.644 30.84 0.506
  endloop
 endfacet
  facet normal 0 0 0
    outer loop
   vertex 21.784 30.84 0.326
   vertex 22.214 30.84 0.506
   vertex 22.644 30.84 0.326
  endloop
 endfacet
  facet normal 0 0 0
    outer loop
   vertex 23.073 30.84 0.326
   vertex 23.503 30.84 0.506
   vertex 23.503 30.84 0.326
  endloop
 endfacet
  facet normal 0 0 0
    outer loop
   vertex 22.644 30.84 0.326
   vertex 22.644 30.84 0.506
   vertex 23.073 30.84 0.326
  endloop
 endfacet
  facet normal 0 0 0
    outer loop
   vertex 23.073 30.84 0.326
   vertex 22.644 30.84 0.506
   vertex 23.503 30.84 0.506
  endloop
 endfacet
  facet normal 0 0 0
    outer loop
   vertex 23.503 30.84 0.326
   vertex 23.503 30.84 0.506
   vertex 23.933 30.84 0.326
  endloop
 endfacet
  facet normal 0 0 0
    outer loop
   vertex 23.933 30.84 0.326
   vertex 24.363 30.84 0.506
   vertex 24.363 30.84 0.326
  endloop
 endfacet
  facet normal 0 0 0
    outer loop
   vertex 23.933 30.84 0.326
   vertex 23.503 30.84 0.506
   vertex 24.363 30.84 0.506
  endloop
 endfacet
  facet normal 0 0 0
    outer loop
   vertex 25.222 30.84 0.326
   vertex 25.222 30.84 0.506
   vertex 25.652 30.84 0.506
  endloop
 endfacet
  facet normal 0 0 0
    outer loop
   vertex 26.081 30.84 0.326
   vertex 25.652 30.84 0.506
   vertex 26.081 30.84 0.506
  endloop
 endfacet
  facet normal 0 0 0
    outer loop
   vertex 25.222 30.84 0.326
   vertex 25.652 30.84 0.506
   vertex 26.081 30.84 0.326
  endloop
 endfacet
  facet normal 0 0 0
    outer loop
   vertex 25.222 30.84 0.326
   vertex 24.792 30.84 0.506
   vertex 25.222 30.84 0.506
  endloop
 endfacet
  facet normal 0 0 0
    outer loop
   vertex 24.363 30.84 0.326
   vertex 24.363 30.84 0.506
   vertex 24.792 30.84 0.506
  endloop
 endfacet
  facet normal 0 0 0
    outer loop
   vertex 24.363 30.84 0.326
   vertex 24.792 30.84 0.506
   vertex 25.222 30.84 0.326
  endloop
 endfacet
  facet normal 0 0 0
    outer loop
   vertex 26.081 30.84 0.326
   vertex 26.081 30.84 0.506
   vertex 26.511 30.84 0.326
  endloop
 endfacet
  facet normal 0 0 0
    outer loop
   vertex 26.511 30.84 0.326
   vertex 26.941 30.84 0.506
   vertex 26.941 30.84 0.326
  endloop
 endfacet
  facet normal 0 0 0
    outer loop
   vertex 26.511 30.84 0.326
   vertex 26.081 30.84 0.506
   vertex 26.941 30.84 0.506
  endloop
 endfacet
  facet normal 0 0 0
    outer loop
   vertex 26.941 30.84 0.326
   vertex 26.941 30.84 0.506
   vertex 27.37 30.84 0.506
  endloop
 endfacet
  facet normal 0 0 0
    outer loop
   vertex 27.8 30.84 0.326
   vertex 27.37 30.84 0.506
   vertex 27.8 30.84 0.506
  endloop
 endfacet
  facet normal 0 0 0
    outer loop
   vertex 26.941 30.84 0.326
   vertex 27.37 30.84 0.506
   vertex 27.8 30.84 0.326
  endloop
 endfacet
  facet normal 0 0 0
    outer loop
   vertex 55.3 30.84 0.326
   vertex 55.3 30.84 0.506
   vertex 55.3 30.352 0.326
  endloop
 endfacet
  facet normal 0 0 0
    outer loop
   vertex 55.3 30.352 0.326
   vertex 55.3 29.864 0.506
   vertex 55.3 29.864 0.326
  endloop
 endfacet
  facet normal 0 0 0
    outer loop
   vertex 55.3 30.352 0.326
   vertex 55.3 30.84 0.506
   vertex 55.3 29.864 0.506
  endloop
 endfacet
  facet normal 0 0 0
    outer loop
   vertex 55.3 29.864 0.326
   vertex 55.3 29.864 0.506
   vertex 55.3 29.377 0.506
  endloop
 endfacet
  facet normal 0 0 0
    outer loop
   vertex 55.3 28.889 0.326
   vertex 55.3 29.377 0.506
   vertex 55.3 28.889 0.506
  endloop
 endfacet
  facet normal 0 0 0
    outer loop
   vertex 55.3 29.864 0.326
   vertex 55.3 29.377 0.506
   vertex 55.3 28.889 0.326
  endloop
 endfacet
  facet normal 0 0 0
    outer loop
   vertex 55.3 28.401 0.326
   vertex 55.3 27.913 0.506
   vertex 55.3 27.913 0.326
  endloop
 endfacet
  facet normal 0 0 0
    outer loop
   vertex 55.3 28.889 0.326
   vertex 55.3 28.889 0.506
   vertex 55.3 28.401 0.326
  endloop
 endfacet
  facet normal 0 0 0
    outer loop
   vertex 55.3 28.401 0.326
   vertex 55.3 28.889 0.506
   vertex 55.3 27.913 0.506
  endloop
 endfacet
  facet normal 0 0 0
    outer loop
   vertex 55.3 27.913 0.326
   vertex 55.3 27.913 0.506
   vertex 55.3 27.425 0.326
  endloop
 endfacet
  facet normal 0 0 0
    outer loop
   vertex 55.3 27.425 0.326
   vertex 55.3 26.938 0.506
   vertex 55.3 26.938 0.326
  endloop
 endfacet
  facet normal 0 0 0
    outer loop
   vertex 55.3 27.425 0.326
   vertex 55.3 27.913 0.506
   vertex 55.3 26.938 0.506
  endloop
 endfacet
  facet normal 0 0 0
    outer loop
   vertex 55.3 25.962 0.326
   vertex 55.3 25.962 0.506
   vertex 55.3 25.474 0.506
  endloop
 endfacet
  facet normal 0 0 0
    outer loop
   vertex 55.3 24.986 0.326
   vertex 55.3 25.474 0.506
   vertex 55.3 24.986 0.506
  endloop
 endfacet
  facet normal 0 0 0
    outer loop
   vertex 55.3 25.962 0.326
   vertex 55.3 25.474 0.506
   vertex 55.3 24.986 0.326
  endloop
 endfacet
  facet normal 0 0 0
    outer loop
   vertex 55.3 25.962 0.326
   vertex 55.3 26.45 0.506
   vertex 55.3 25.962 0.506
  endloop
 endfacet
  facet normal 0 0 0
    outer loop
   vertex 55.3 26.938 0.326
   vertex 55.3 26.938 0.506
   vertex 55.3 26.45 0.506
  endloop
 endfacet
  facet normal 0 0 0
    outer loop
   vertex 55.3 26.938 0.326
   vertex 55.3 26.45 0.506
   vertex 55.3 25.962 0.326
  endloop
 endfacet
  facet normal 0 0 0
    outer loop
   vertex 55.3 24.986 0.326
   vertex 55.3 24.986 0.506
   vertex 55.3 24.498 0.326
  endloop
 endfacet
  facet normal 0 0 0
    outer loop
   vertex 55.3 24.498 0.326
   vertex 55.3 24.011 0.506
   vertex 55.3 24.011 0.326
  endloop
 endfacet
  facet normal 0 0 0
    outer loop
   vertex 55.3 24.498 0.326
   vertex 55.3 24.986 0.506
   vertex 55.3 24.011 0.506
  endloop
 endfacet
  facet normal 0 0 0
    outer loop
   vertex 55.3 24.011 0.326
   vertex 55.3 24.011 0.506
   vertex 55.3 23.523 0.506
  endloop
 endfacet
  facet normal 0 0 0
    outer loop
   vertex 55.3 23.035 0.326
   vertex 55.3 23.523 0.506
   vertex 55.3 23.035 0.506
  endloop
 endfacet
  facet normal 0 0 0
    outer loop
   vertex 55.3 24.011 0.326
   vertex 55.3 23.523 0.506
   vertex 55.3 23.035 0.326
  endloop
 endfacet
  facet normal 0 0 0
    outer loop
   vertex 55.3 20.596 0.326
   vertex 55.3 20.108 0.506
   vertex 55.3 20.108 0.326
  endloop
 endfacet
  facet normal 0 0 0
    outer loop
   vertex 55.3 21.084 0.326
   vertex 55.3 21.084 0.506
   vertex 55.3 20.596 0.326
  endloop
 endfacet
  facet normal 0 0 0
    outer loop
   vertex 55.3 20.596 0.326
   vertex 55.3 21.084 0.506
   vertex 55.3 20.108 0.506
  endloop
 endfacet
  facet normal 0 0 0
    outer loop
   vertex 55.3 20.108 0.326
   vertex 55.3 20.108 0.506
   vertex 55.3 19.62 0.326
  endloop
 endfacet
  facet normal 0 0 0
    outer loop
   vertex 55.3 19.62 0.326
   vertex 55.3 19.133 0.506
   vertex 55.3 19.133 0.326
  endloop
 endfacet
  facet normal 0 0 0
    outer loop
   vertex 55.3 19.62 0.326
   vertex 55.3 20.108 0.506
   vertex 55.3 19.133 0.506
  endloop
 endfacet
  facet normal 0 0 0
    outer loop
   vertex 55.3 21.084 0.326
   vertex 55.3 21.572 0.506
   vertex 55.3 21.084 0.506
  endloop
 endfacet
  facet normal 0 0 0
    outer loop
   vertex 55.3 22.059 0.326
   vertex 55.3 22.059 0.506
   vertex 55.3 21.572 0.506
  endloop
 endfacet
  facet normal 0 0 0
    outer loop
   vertex 55.3 22.059 0.326
   vertex 55.3 21.572 0.506
   vertex 55.3 21.084 0.326
  endloop
 endfacet
  facet normal 0 0 0
    outer loop
   vertex 55.3 22.547 0.326
   vertex 55.3 22.059 0.506
   vertex 55.3 22.059 0.326
  endloop
 endfacet
  facet normal 0 0 0
    outer loop
   vertex 55.3 23.035 0.326
   vertex 55.3 23.035 0.506
   vertex 55.3 22.547 0.326
  endloop
 endfacet
  facet normal 0 0 0
    outer loop
   vertex 55.3 22.547 0.326
   vertex 55.3 23.035 0.506
   vertex 55.3 22.059 0.506
  endloop
 endfacet
  facet normal 0 0 0
    outer loop
   vertex 55.3 19.133 0.326
   vertex 55.3 19.133 0.506
   vertex 55.3 18.645 0.326
  endloop
 endfacet
  facet normal 0 0 0
    outer loop
   vertex 55.3 18.645 0.326
   vertex 55.3 18.157 0.506
   vertex 55.3 18.157 0.326
  endloop
 endfacet
  facet normal 0 0 0
    outer loop
   vertex 55.3 18.645 0.326
   vertex 55.3 19.133 0.506
   vertex 55.3 18.157 0.506
  endloop
 endfacet
  facet normal 0 0 0
    outer loop
   vertex 55.3 18.157 0.326
   vertex 55.3 18.157 0.506
   vertex 55.3 17.669 0.506
  endloop
 endfacet
  facet normal 0 0 0
    outer loop
   vertex 55.3 17.181 0.326
   vertex 55.3 17.669 0.506
   vertex 55.3 17.181 0.506
  endloop
 endfacet
  facet normal 0 0 0
    outer loop
   vertex 55.3 18.157 0.326
   vertex 55.3 17.669 0.506
   vertex 55.3 17.181 0.326
  endloop
 endfacet
  facet normal 0 0 0
    outer loop
   vertex 55.3 16.693 0.326
   vertex 55.3 16.206 0.506
   vertex 55.3 16.206 0.326
  endloop
 endfacet
  facet normal 0 0 0
    outer loop
   vertex 55.3 17.181 0.326
   vertex 55.3 17.181 0.506
   vertex 55.3 16.693 0.326
  endloop
 endfacet
  facet normal 0 0 0
    outer loop
   vertex 55.3 16.693 0.326
   vertex 55.3 17.181 0.506
   vertex 55.3 16.206 0.506
  endloop
 endfacet
  facet normal 0 0 0
    outer loop
   vertex 55.3 16.206 0.326
   vertex 55.3 16.206 0.506
   vertex 55.3 15.718 0.326
  endloop
 endfacet
  facet normal 0 0 0
    outer loop
   vertex 55.3 15.718 0.326
   vertex 55.3 15.23 0.506
   vertex 55.3 15.23 0.326
  endloop
 endfacet
  facet normal 0 0 0
    outer loop
   vertex 55.3 15.718 0.326
   vertex 55.3 16.206 0.506
   vertex 55.3 15.23 0.506
  endloop
 endfacet
  facet normal 0 0 0
    outer loop
   vertex 55.3 4.986 0.326
   vertex 55.3 4.498 0.506
   vertex 55.3 4.498 0.326
  endloop
 endfacet
  facet normal 0 0 0
    outer loop
   vertex 55.3 5.474 0.326
   vertex 55.3 5.474 0.506
   vertex 55.3 4.986 0.326
  endloop
 endfacet
  facet normal 0 0 0
    outer loop
   vertex 55.3 4.986 0.326
   vertex 55.3 5.474 0.506
   vertex 55.3 4.498 0.506
  endloop
 endfacet
  facet normal 0 0 0
    outer loop
   vertex 55.3 4.498 0.326
   vertex 55.3 4.498 0.506
   vertex 55.3 4.01 0.326
  endloop
 endfacet
  facet normal 0 0 0
    outer loop
   vertex 55.3 4.01 0.326
   vertex 55.3 3.522 0.506
   vertex 55.3 3.522 0.326
  endloop
 endfacet
  facet normal 0 0 0
    outer loop
   vertex 55.3 4.01 0.326
   vertex 55.3 4.498 0.506
   vertex 55.3 3.522 0.506
  endloop
 endfacet
  facet normal 0 0 0
    outer loop
   vertex 55.3 5.474 0.326
   vertex 55.3 5.962 0.506
   vertex 55.3 5.474 0.506
  endloop
 endfacet
  facet normal 0 0 0
    outer loop
   vertex 55.3 6.449 0.326
   vertex 55.3 6.449 0.506
   vertex 55.3 5.962 0.506
  endloop
 endfacet
  facet normal 0 0 0
    outer loop
   vertex 55.3 6.449 0.326
   vertex 55.3 5.962 0.506
   vertex 55.3 5.474 0.326
  endloop
 endfacet
  facet normal 0 0 0
    outer loop
   vertex 55.3 6.937 0.326
   vertex 55.3 6.449 0.506
   vertex 55.3 6.449 0.326
  endloop
 endfacet
  facet normal 0 0 0
    outer loop
   vertex 55.3 7.425 0.326
   vertex 55.3 7.425 0.506
   vertex 55.3 6.937 0.326
  endloop
 endfacet
  facet normal 0 0 0
    outer loop
   vertex 55.3 6.937 0.326
   vertex 55.3 7.425 0.506
   vertex 55.3 6.449 0.506
  endloop
 endfacet
  facet normal 0 0 0
    outer loop
   vertex 55.3 3.522 0.326
   vertex 55.3 3.522 0.506
   vertex 55.3 3.035 0.326
  endloop
 endfacet
  facet normal 0 0 0
    outer loop
   vertex 55.3 3.035 0.326
   vertex 55.3 2.547 0.506
   vertex 55.3 2.547 0.326
  endloop
 endfacet
  facet normal 0 0 0
    outer loop
   vertex 55.3 3.035 0.326
   vertex 55.3 3.522 0.506
   vertex 55.3 2.547 0.506
  endloop
 endfacet
  facet normal 0 0 0
    outer loop
   vertex 55.3 2.547 0.326
   vertex 55.3 2.547 0.506
   vertex 55.3 2.059 0.506
  endloop
 endfacet
  facet normal 0 0 0
    outer loop
   vertex 55.3 1.571 0.326
   vertex 55.3 2.059 0.506
   vertex 55.3 1.571 0.506
  endloop
 endfacet
  facet normal 0 0 0
    outer loop
   vertex 55.3 2.547 0.326
   vertex 55.3 2.059 0.506
   vertex 55.3 1.571 0.326
  endloop
 endfacet
  facet normal 0 0 0
    outer loop
   vertex 55.3 1.083 0.326
   vertex 55.3 0.596 0.506
   vertex 55.3 0.596 0.326
  endloop
 endfacet
  facet normal 0 0 0
    outer loop
   vertex 55.3 1.571 0.326
   vertex 55.3 1.571 0.506
   vertex 55.3 1.083 0.326
  endloop
 endfacet
  facet normal 0 0 0
    outer loop
   vertex 55.3 1.083 0.326
   vertex 55.3 1.571 0.506
   vertex 55.3 0.596 0.506
  endloop
 endfacet
  facet normal 0 0 0
    outer loop
   vertex 55.3 0.596 0.326
   vertex 55.3 0.596 0.506
   vertex 55.3 0.108 0.326
  endloop
 endfacet
  facet normal 0 0 0
    outer loop
   vertex 55.3 0.108 0.326
   vertex 55.3 -0.38 0.506
   vertex 55.3 -0.38 0.326
  endloop
 endfacet
  facet normal 0 0 0
    outer loop
   vertex 55.3 0.108 0.326
   vertex 55.3 0.596 0.506
   vertex 55.3 -0.38 0.506
  endloop
 endfacet
  facet normal 0 0 0
    outer loop
   vertex 55.3 7.425 0.326
   vertex 55.3 7.913 0.506
   vertex 55.3 7.425 0.506
  endloop
 endfacet
  facet normal 0 0 0
    outer loop
   vertex 55.3 8.401 0.326
   vertex 55.3 8.401 0.506
   vertex 55.3 7.913 0.506
  endloop
 endfacet
  facet normal 0 0 0
    outer loop
   vertex 55.3 8.401 0.326
   vertex 55.3 7.913 0.506
   vertex 55.3 7.425 0.326
  endloop
 endfacet
  facet normal 0 0 0
    outer loop
   vertex 55.3 8.888 0.326
   vertex 55.3 8.401 0.506
   vertex 55.3 8.401 0.326
  endloop
 endfacet
  facet normal 0 0 0
    outer loop
   vertex 55.3 9.376 0.326
   vertex 55.3 9.376 0.506
   vertex 55.3 8.888 0.326
  endloop
 endfacet
  facet normal 0 0 0
    outer loop
   vertex 55.3 8.888 0.326
   vertex 55.3 9.376 0.506
   vertex 55.3 8.401 0.506
  endloop
 endfacet
  facet normal 0 0 0
    outer loop
   vertex 55.3 10.352 0.326
   vertex 55.3 10.352 0.506
   vertex 55.3 9.864 0.506
  endloop
 endfacet
  facet normal 0 0 0
    outer loop
   vertex 55.3 9.376 0.326
   vertex 55.3 9.864 0.506
   vertex 55.3 9.376 0.506
  endloop
 endfacet
  facet normal 0 0 0
    outer loop
   vertex 55.3 10.352 0.326
   vertex 55.3 9.864 0.506
   vertex 55.3 9.376 0.326
  endloop
 endfacet
  facet normal 0 0 0
    outer loop
   vertex 55.3 10.352 0.326
   vertex 55.3 10.84 0.506
   vertex 55.3 10.352 0.506
  endloop
 endfacet
  facet normal 0 0 0
    outer loop
   vertex 55.3 11.327 0.326
   vertex 55.3 11.328 0.506
   vertex 55.3 10.84 0.506
  endloop
 endfacet
  facet normal 0 0 0
    outer loop
   vertex 55.3 11.327 0.326
   vertex 55.3 10.84 0.506
   vertex 55.3 10.352 0.326
  endloop
 endfacet
  facet normal 0 0 0
    outer loop
   vertex 55.3 12.791 0.326
   vertex 55.3 12.303 0.506
   vertex 55.3 12.303 0.326
  endloop
 endfacet
  facet normal 0 0 0
    outer loop
   vertex 55.3 13.279 0.326
   vertex 55.3 13.279 0.506
   vertex 55.3 12.791 0.326
  endloop
 endfacet
  facet normal 0 0 0
    outer loop
   vertex 55.3 12.791 0.326
   vertex 55.3 13.279 0.506
   vertex 55.3 12.303 0.506
  endloop
 endfacet
  facet normal 0 0 0
    outer loop
   vertex 55.3 12.303 0.326
   vertex 55.3 12.303 0.506
   vertex 55.3 11.815 0.326
  endloop
 endfacet
  facet normal 0 0 0
    outer loop
   vertex 55.3 11.815 0.326
   vertex 55.3 11.328 0.506
   vertex 55.3 11.327 0.326
  endloop
 endfacet
  facet normal 0 0 0
    outer loop
   vertex 55.3 11.815 0.326
   vertex 55.3 12.303 0.506
   vertex 55.3 11.328 0.506
  endloop
 endfacet
  facet normal 0 0 0
    outer loop
   vertex 55.3 13.279 0.326
   vertex 55.3 13.767 0.506
   vertex 55.3 13.279 0.506
  endloop
 endfacet
  facet normal 0 0 0
    outer loop
   vertex 55.3 14.254 0.326
   vertex 55.3 14.254 0.506
   vertex 55.3 13.767 0.506
  endloop
 endfacet
  facet normal 0 0 0
    outer loop
   vertex 55.3 14.254 0.326
   vertex 55.3 13.767 0.506
   vertex 55.3 13.279 0.326
  endloop
 endfacet
  facet normal 0 0 0
    outer loop
   vertex 55.3 14.742 0.326
   vertex 55.3 14.254 0.506
   vertex 55.3 14.254 0.326
  endloop
 endfacet
  facet normal 0 0 0
    outer loop
   vertex 55.3 15.23 0.326
   vertex 55.3 15.23 0.506
   vertex 55.3 14.742 0.326
  endloop
 endfacet
  facet normal 0 0 0
    outer loop
   vertex 55.3 14.742 0.326
   vertex 55.3 15.23 0.506
   vertex 55.3 14.254 0.506
  endloop
 endfacet
  facet normal 0 0 0
    outer loop
   vertex 1.65 30.79 1.376
   vertex 1.65 30.79 1.736
   vertex 2.85 30.79 1.376
  endloop
 endfacet
  facet normal 0 0 0
    outer loop
   vertex 2.85 30.79 1.376
   vertex 4.05 30.79 1.736
   vertex 4.05 30.79 1.376
  endloop
 endfacet
  facet normal 0 0 0
    outer loop
   vertex 2.85 30.79 1.376
   vertex 1.65 30.79 1.736
   vertex 4.05 30.79 1.736
  endloop
 endfacet
  facet normal 0 0 0
    outer loop
   vertex 1.65 29.99 1.376
   vertex 1.65 29.99 1.736
   vertex 1.65 30.79 1.736
  endloop
 endfacet
  facet normal 0 0 0
    outer loop
   vertex 1.65 29.99 1.376
   vertex 1.65 30.79 1.736
   vertex 1.65 30.79 1.376
  endloop
 endfacet
  facet normal 0 0 0
    outer loop
   vertex 4.05 29.99 1.376
   vertex 4.05 29.99 1.736
   vertex 2.85 29.99 1.376
  endloop
 endfacet
  facet normal 0 0 0
    outer loop
   vertex 2.85 29.99 1.376
   vertex 1.65 29.99 1.736
   vertex 1.65 29.99 1.376
  endloop
 endfacet
  facet normal 0 0 0
    outer loop
   vertex 2.85 29.99 1.376
   vertex 4.05 29.99 1.736
   vertex 1.65 29.99 1.736
  endloop
 endfacet
  facet normal 0 0 0
    outer loop
   vertex 4.05 30.79 1.376
   vertex 4.05 30.79 1.736
   vertex 4.05 29.99 1.736
  endloop
 endfacet
  facet normal 0 0 0
    outer loop
   vertex 4.05 30.79 1.376
   vertex 4.05 29.99 1.736
   vertex 4.05 29.99 1.376
  endloop
 endfacet
  facet normal 0 0 0
    outer loop
   vertex 1.08 32 2.006
   vertex 1.08 32 2.366
   vertex 1.955 32 2.006
  endloop
 endfacet
  facet normal 0 0 0
    outer loop
   vertex 1.955 32 2.006
   vertex 2.83 32 2.366
   vertex 2.83 32 2.006
  endloop
 endfacet
  facet normal 0 0 0
    outer loop
   vertex 1.955 32 2.006
   vertex 1.08 32 2.366
   vertex 2.83 32 2.366
  endloop
 endfacet
  facet normal 0 0 0
    outer loop
   vertex 3.705 32 2.006
   vertex 4.58 32 2.366
   vertex 4.58 32 2.006
  endloop
 endfacet
  facet normal 0 0 0
    outer loop
   vertex 2.83 32 2.006
   vertex 2.83 32 2.366
   vertex 3.705 32 2.006
  endloop
 endfacet
  facet normal 0 0 0
    outer loop
   vertex 3.705 32 2.006
   vertex 2.83 32 2.366
   vertex 4.58 32 2.366
  endloop
 endfacet
  facet normal 0 0 0
    outer loop
   vertex 1.08 29.94 2.006
   vertex 1.08 29.94 2.366
   vertex 1.08 30.97 2.006
  endloop
 endfacet
  facet normal 0 0 0
    outer loop
   vertex 1.08 30.97 2.006
   vertex 1.08 32 2.366
   vertex 1.08 32 2.006
  endloop
 endfacet
  facet normal 0 0 0
    outer loop
   vertex 1.08 30.97 2.006
   vertex 1.08 29.94 2.366
   vertex 1.08 32 2.366
  endloop
 endfacet
  facet normal 0 0 0
    outer loop
   vertex 4.58 29.94 2.006
   vertex 4.58 29.94 2.366
   vertex 3.705 29.94 2.006
  endloop
 endfacet
  facet normal 0 0 0
    outer loop
   vertex 3.705 29.94 2.006
   vertex 2.83 29.94 2.366
   vertex 2.83 29.94 2.006
  endloop
 endfacet
  facet normal 0 0 0
    outer loop
   vertex 3.705 29.94 2.006
   vertex 4.58 29.94 2.366
   vertex 2.83 29.94 2.366
  endloop
 endfacet
  facet normal 0 0 0
    outer loop
   vertex 1.955 29.94 2.006
   vertex 1.08 29.94 2.366
   vertex 1.08 29.94 2.006
  endloop
 endfacet
  facet normal 0 0 0
    outer loop
   vertex 2.83 29.94 2.006
   vertex 2.83 29.94 2.366
   vertex 1.955 29.94 2.006
  endloop
 endfacet
  facet normal 0 0 0
    outer loop
   vertex 1.955 29.94 2.006
   vertex 2.83 29.94 2.366
   vertex 1.08 29.94 2.366
  endloop
 endfacet
  facet normal 0 0 0
    outer loop
   vertex 4.58 32 2.006
   vertex 4.58 32 2.366
   vertex 4.58 30.97 2.006
  endloop
 endfacet
  facet normal 0 0 0
    outer loop
   vertex 4.58 30.97 2.006
   vertex 4.58 29.94 2.366
   vertex 4.58 29.94 2.006
  endloop
 endfacet
  facet normal 0 0 0
    outer loop
   vertex 4.58 30.97 2.006
   vertex 4.58 32 2.366
   vertex 4.58 29.94 2.366
  endloop
 endfacet
endsolid stl
