solid stl
  facet normal 0 0 0
    outer loop
   vertex -9.14 16.81 0.326
   vertex -9.14 17.14 0.326
   vertex -9.02 16.81 0.326
  endloop
 endfacet
  facet normal 0 0 0
    outer loop
   vertex -9.02 16.81 0.326
   vertex -9.14 17.14 0.326
   vertex -8.87 17.14 0.326
  endloop
 endfacet
  facet normal 0 0 0
    outer loop
   vertex -8.87 16.565 0.326
   vertex -9.02 16.81 0.326
   vertex -8.87 17.14 0.326
  endloop
 endfacet
  facet normal 0 0 0
    outer loop
   vertex -9.02 15.99 0.326
   vertex -8.87 16.565 0.326
   vertex -8.87 15.99 0.326
  endloop
 endfacet
  facet normal 0 0 0
    outer loop
   vertex -9.02 15.99 0.326
   vertex -9.02 16.81 0.326
   vertex -8.87 16.565 0.326
  endloop
 endfacet
  facet normal 0 0 0
    outer loop
   vertex -7.47 16.81 0.326
   vertex -7.35 17.14 0.326
   vertex -7.35 16.81 0.326
  endloop
 endfacet
  facet normal 0 0 0
    outer loop
   vertex -7.47 16.81 0.326
   vertex -7.62 17.14 0.326
   vertex -7.35 17.14 0.326
  endloop
 endfacet
  facet normal 0 0 0
    outer loop
   vertex -7.62 16.565 0.326
   vertex -7.62 17.14 0.326
   vertex -7.47 16.81 0.326
  endloop
 endfacet
  facet normal 0 0 0
    outer loop
   vertex -7.62 15.99 0.326
   vertex -7.62 16.565 0.326
   vertex -7.47 15.99 0.326
  endloop
 endfacet
  facet normal 0 0 0
    outer loop
   vertex -7.47 15.99 0.326
   vertex -7.62 16.565 0.326
   vertex -7.47 16.81 0.326
  endloop
 endfacet
  facet normal 0 0 0
    outer loop
   vertex -6.34 16.81 0.326
   vertex -6.34 17.14 0.326
   vertex -6.22 16.81 0.326
  endloop
 endfacet
  facet normal 0 0 0
    outer loop
   vertex -6.22 16.81 0.326
   vertex -6.34 17.14 0.326
   vertex -6.07 17.14 0.326
  endloop
 endfacet
  facet normal 0 0 0
    outer loop
   vertex -6.07 16.565 0.326
   vertex -6.22 16.81 0.326
   vertex -6.07 17.14 0.326
  endloop
 endfacet
  facet normal 0 0 0
    outer loop
   vertex -6.22 15.99 0.326
   vertex -6.07 16.565 0.326
   vertex -6.07 15.99 0.326
  endloop
 endfacet
  facet normal 0 0 0
    outer loop
   vertex -6.22 15.99 0.326
   vertex -6.22 16.81 0.326
   vertex -6.07 16.565 0.326
  endloop
 endfacet
  facet normal 0 0 0
    outer loop
   vertex -4.67 16.81 0.326
   vertex -4.55 17.14 0.326
   vertex -4.55 16.81 0.326
  endloop
 endfacet
  facet normal 0 0 0
    outer loop
   vertex -4.67 16.81 0.326
   vertex -4.82 17.14 0.326
   vertex -4.55 17.14 0.326
  endloop
 endfacet
  facet normal 0 0 0
    outer loop
   vertex -4.82 16.565 0.326
   vertex -4.82 17.14 0.326
   vertex -4.67 16.81 0.326
  endloop
 endfacet
  facet normal 0 0 0
    outer loop
   vertex -4.82 15.99 0.326
   vertex -4.82 16.565 0.326
   vertex -4.67 15.99 0.326
  endloop
 endfacet
  facet normal 0 0 0
    outer loop
   vertex -4.67 15.99 0.326
   vertex -4.82 16.565 0.326
   vertex -4.67 16.81 0.326
  endloop
 endfacet
  facet normal 0 0 0
    outer loop
   vertex -9.14 18.51 0.326
   vertex -9.14 18.84 0.326
   vertex -9.02 18.51 0.326
  endloop
 endfacet
  facet normal 0 0 0
    outer loop
   vertex -9.02 18.51 0.326
   vertex -9.14 18.84 0.326
   vertex -8.87 18.84 0.326
  endloop
 endfacet
  facet normal 0 0 0
    outer loop
   vertex -8.87 18.265 0.326
   vertex -9.02 18.51 0.326
   vertex -8.87 18.84 0.326
  endloop
 endfacet
  facet normal 0 0 0
    outer loop
   vertex -9.02 17.69 0.326
   vertex -8.87 18.265 0.326
   vertex -8.87 17.69 0.326
  endloop
 endfacet
  facet normal 0 0 0
    outer loop
   vertex -9.02 17.69 0.326
   vertex -9.02 18.51 0.326
   vertex -8.87 18.265 0.326
  endloop
 endfacet
  facet normal 0 0 0
    outer loop
   vertex -7.47 18.51 0.326
   vertex -7.35 18.84 0.326
   vertex -7.35 18.51 0.326
  endloop
 endfacet
  facet normal 0 0 0
    outer loop
   vertex -7.47 18.51 0.326
   vertex -7.62 18.84 0.326
   vertex -7.35 18.84 0.326
  endloop
 endfacet
  facet normal 0 0 0
    outer loop
   vertex -7.62 18.265 0.326
   vertex -7.62 18.84 0.326
   vertex -7.47 18.51 0.326
  endloop
 endfacet
  facet normal 0 0 0
    outer loop
   vertex -7.62 17.69 0.326
   vertex -7.62 18.265 0.326
   vertex -7.47 17.69 0.326
  endloop
 endfacet
  facet normal 0 0 0
    outer loop
   vertex -7.47 17.69 0.326
   vertex -7.62 18.265 0.326
   vertex -7.47 18.51 0.326
  endloop
 endfacet
  facet normal 0 0 0
    outer loop
   vertex -6.34 18.51 0.326
   vertex -6.34 18.84 0.326
   vertex -6.22 18.51 0.326
  endloop
 endfacet
  facet normal 0 0 0
    outer loop
   vertex -6.22 18.51 0.326
   vertex -6.34 18.84 0.326
   vertex -6.07 18.84 0.326
  endloop
 endfacet
  facet normal 0 0 0
    outer loop
   vertex -6.07 18.265 0.326
   vertex -6.22 18.51 0.326
   vertex -6.07 18.84 0.326
  endloop
 endfacet
  facet normal 0 0 0
    outer loop
   vertex -6.22 17.69 0.326
   vertex -6.07 18.265 0.326
   vertex -6.07 17.69 0.326
  endloop
 endfacet
  facet normal 0 0 0
    outer loop
   vertex -6.22 17.69 0.326
   vertex -6.22 18.51 0.326
   vertex -6.07 18.265 0.326
  endloop
 endfacet
  facet normal 0 0 0
    outer loop
   vertex -4.67 18.51 0.326
   vertex -4.55 18.84 0.326
   vertex -4.55 18.51 0.326
  endloop
 endfacet
  facet normal 0 0 0
    outer loop
   vertex -4.67 18.51 0.326
   vertex -4.82 18.84 0.326
   vertex -4.55 18.84 0.326
  endloop
 endfacet
  facet normal 0 0 0
    outer loop
   vertex -4.82 18.265 0.326
   vertex -4.82 18.84 0.326
   vertex -4.67 18.51 0.326
  endloop
 endfacet
  facet normal 0 0 0
    outer loop
   vertex -4.82 17.69 0.326
   vertex -4.82 18.265 0.326
   vertex -4.67 17.69 0.326
  endloop
 endfacet
  facet normal 0 0 0
    outer loop
   vertex -4.67 17.69 0.326
   vertex -4.82 18.265 0.326
   vertex -4.67 18.51 0.326
  endloop
 endfacet
  facet normal 0 0 0
    outer loop
   vertex -6.22 18.51 0.506
   vertex -6.29 18.59 0.506
   vertex -6.34 18.51 0.506
  endloop
 endfacet
  facet normal 0 0 0
    outer loop
   vertex -6.12 18.59 0.506
   vertex -6.29 18.59 0.506
   vertex -6.22 18.51 0.506
  endloop
 endfacet
  facet normal 0 0 0
    outer loop
   vertex -6.07 18.84 0.506
   vertex -6.34 18.84 0.506
   vertex -6.12 18.76 0.506
  endloop
 endfacet
  facet normal 0 0 0
    outer loop
   vertex -6.12 18.76 0.506
   vertex -6.34 18.84 0.506
   vertex -6.29 18.76 0.506
  endloop
 endfacet
  facet normal 0 0 0
    outer loop
   vertex -6.29 18.59 0.506
   vertex -6.34 18.675 0.506
   vertex -6.34 18.51 0.506
  endloop
 endfacet
  facet normal 0 0 0
    outer loop
   vertex -6.29 18.76 0.506
   vertex -6.34 18.84 0.506
   vertex -6.34 18.675 0.506
  endloop
 endfacet
  facet normal 0 0 0
    outer loop
   vertex -6.29 18.76 0.506
   vertex -6.34 18.675 0.506
   vertex -6.29 18.59 0.506
  endloop
 endfacet
  facet normal 0 0 0
    outer loop
   vertex -6.07 17.69 0.506
   vertex -6.07 18.265 0.506
   vertex -6.22 17.69 0.506
  endloop
 endfacet
  facet normal 0 0 0
    outer loop
   vertex -6.07 18.265 0.506
   vertex -6.22 18.51 0.506
   vertex -6.22 17.69 0.506
  endloop
 endfacet
  facet normal 0 0 0
    outer loop
   vertex -6.07 18.553 0.506
   vertex -6.12 18.59 0.506
   vertex -6.22 18.51 0.506
  endloop
 endfacet
  facet normal 0 0 0
    outer loop
   vertex -6.07 18.553 0.506
   vertex -6.22 18.51 0.506
   vertex -6.07 18.265 0.506
  endloop
 endfacet
  facet normal 0 0 0
    outer loop
   vertex -6.07 18.84 0.506
   vertex -6.12 18.76 0.506
   vertex -6.07 18.696 0.506
  endloop
 endfacet
  facet normal 0 0 0
    outer loop
   vertex -6.07 18.696 0.506
   vertex -6.12 18.59 0.506
   vertex -6.07 18.553 0.506
  endloop
 endfacet
  facet normal 0 0 0
    outer loop
   vertex -6.07 18.696 0.506
   vertex -6.12 18.76 0.506
   vertex -6.12 18.59 0.506
  endloop
 endfacet
  facet normal 0 0 0
    outer loop
   vertex -4.55 18.51 0.506
   vertex -4.6 18.59 0.506
   vertex -4.67 18.51 0.506
  endloop
 endfacet
  facet normal 0 0 0
    outer loop
   vertex -4.6 18.59 0.506
   vertex -4.77 18.59 0.506
   vertex -4.67 18.51 0.506
  endloop
 endfacet
  facet normal 0 0 0
    outer loop
   vertex -4.55 18.84 0.506
   vertex -4.82 18.84 0.506
   vertex -4.6 18.76 0.506
  endloop
 endfacet
  facet normal 0 0 0
    outer loop
   vertex -4.6 18.76 0.506
   vertex -4.82 18.84 0.506
   vertex -4.77 18.76 0.506
  endloop
 endfacet
  facet normal 0 0 0
    outer loop
   vertex -4.67 17.69 0.506
   vertex -4.82 18.265 0.506
   vertex -4.82 17.69 0.506
  endloop
 endfacet
  facet normal 0 0 0
    outer loop
   vertex -4.67 18.51 0.506
   vertex -4.82 18.265 0.506
   vertex -4.67 17.69 0.506
  endloop
 endfacet
  facet normal 0 0 0
    outer loop
   vertex -4.55 18.675 0.506
   vertex -4.6 18.59 0.506
   vertex -4.55 18.51 0.506
  endloop
 endfacet
  facet normal 0 0 0
    outer loop
   vertex -4.55 18.84 0.506
   vertex -4.6 18.76 0.506
   vertex -4.55 18.675 0.506
  endloop
 endfacet
  facet normal 0 0 0
    outer loop
   vertex -4.55 18.675 0.506
   vertex -4.6 18.76 0.506
   vertex -4.6 18.59 0.506
  endloop
 endfacet
  facet normal 0 0 0
    outer loop
   vertex -4.77 18.59 0.506
   vertex -4.82 18.553 0.506
   vertex -4.67 18.51 0.506
  endloop
 endfacet
  facet normal 0 0 0
    outer loop
   vertex -4.67 18.51 0.506
   vertex -4.82 18.553 0.506
   vertex -4.82 18.265 0.506
  endloop
 endfacet
  facet normal 0 0 0
    outer loop
   vertex -4.77 18.76 0.506
   vertex -4.82 18.84 0.506
   vertex -4.82 18.696 0.506
  endloop
 endfacet
  facet normal 0 0 0
    outer loop
   vertex -4.77 18.76 0.506
   vertex -4.82 18.696 0.506
   vertex -4.77 18.59 0.506
  endloop
 endfacet
  facet normal 0 0 0
    outer loop
   vertex -4.77 18.59 0.506
   vertex -4.82 18.696 0.506
   vertex -4.82 18.553 0.506
  endloop
 endfacet
  facet normal 0 0 0
    outer loop
   vertex -9.02 18.51 0.506
   vertex -9.09 18.59 0.506
   vertex -9.14 18.51 0.506
  endloop
 endfacet
  facet normal 0 0 0
    outer loop
   vertex -8.92 18.59 0.506
   vertex -9.09 18.59 0.506
   vertex -9.02 18.51 0.506
  endloop
 endfacet
  facet normal 0 0 0
    outer loop
   vertex -8.87 18.84 0.506
   vertex -9.14 18.84 0.506
   vertex -8.92 18.76 0.506
  endloop
 endfacet
  facet normal 0 0 0
    outer loop
   vertex -8.92 18.76 0.506
   vertex -9.14 18.84 0.506
   vertex -9.09 18.76 0.506
  endloop
 endfacet
  facet normal 0 0 0
    outer loop
   vertex -9.09 18.59 0.506
   vertex -9.14 18.675 0.506
   vertex -9.14 18.51 0.506
  endloop
 endfacet
  facet normal 0 0 0
    outer loop
   vertex -9.09 18.76 0.506
   vertex -9.14 18.84 0.506
   vertex -9.14 18.675 0.506
  endloop
 endfacet
  facet normal 0 0 0
    outer loop
   vertex -9.09 18.76 0.506
   vertex -9.14 18.675 0.506
   vertex -9.09 18.59 0.506
  endloop
 endfacet
  facet normal 0 0 0
    outer loop
   vertex -8.87 17.69 0.506
   vertex -8.87 18.265 0.506
   vertex -9.02 17.69 0.506
  endloop
 endfacet
  facet normal 0 0 0
    outer loop
   vertex -8.87 18.265 0.506
   vertex -9.02 18.51 0.506
   vertex -9.02 17.69 0.506
  endloop
 endfacet
  facet normal 0 0 0
    outer loop
   vertex -8.87 18.553 0.506
   vertex -8.92 18.59 0.506
   vertex -9.02 18.51 0.506
  endloop
 endfacet
  facet normal 0 0 0
    outer loop
   vertex -8.87 18.553 0.506
   vertex -9.02 18.51 0.506
   vertex -8.87 18.265 0.506
  endloop
 endfacet
  facet normal 0 0 0
    outer loop
   vertex -8.87 18.84 0.506
   vertex -8.92 18.76 0.506
   vertex -8.87 18.696 0.506
  endloop
 endfacet
  facet normal 0 0 0
    outer loop
   vertex -8.87 18.696 0.506
   vertex -8.92 18.59 0.506
   vertex -8.87 18.553 0.506
  endloop
 endfacet
  facet normal 0 0 0
    outer loop
   vertex -8.87 18.696 0.506
   vertex -8.92 18.76 0.506
   vertex -8.92 18.59 0.506
  endloop
 endfacet
  facet normal 0 0 0
    outer loop
   vertex -7.35 18.51 0.506
   vertex -7.4 18.59 0.506
   vertex -7.47 18.51 0.506
  endloop
 endfacet
  facet normal 0 0 0
    outer loop
   vertex -7.4 18.59 0.506
   vertex -7.57 18.59 0.506
   vertex -7.47 18.51 0.506
  endloop
 endfacet
  facet normal 0 0 0
    outer loop
   vertex -7.35 18.84 0.506
   vertex -7.62 18.84 0.506
   vertex -7.4 18.76 0.506
  endloop
 endfacet
  facet normal 0 0 0
    outer loop
   vertex -7.4 18.76 0.506
   vertex -7.62 18.84 0.506
   vertex -7.57 18.76 0.506
  endloop
 endfacet
  facet normal 0 0 0
    outer loop
   vertex -7.47 17.69 0.506
   vertex -7.62 18.265 0.506
   vertex -7.62 17.69 0.506
  endloop
 endfacet
  facet normal 0 0 0
    outer loop
   vertex -7.47 18.51 0.506
   vertex -7.62 18.265 0.506
   vertex -7.47 17.69 0.506
  endloop
 endfacet
  facet normal 0 0 0
    outer loop
   vertex -7.35 18.675 0.506
   vertex -7.4 18.59 0.506
   vertex -7.35 18.51 0.506
  endloop
 endfacet
  facet normal 0 0 0
    outer loop
   vertex -7.35 18.84 0.506
   vertex -7.4 18.76 0.506
   vertex -7.35 18.675 0.506
  endloop
 endfacet
  facet normal 0 0 0
    outer loop
   vertex -7.35 18.675 0.506
   vertex -7.4 18.76 0.506
   vertex -7.4 18.59 0.506
  endloop
 endfacet
  facet normal 0 0 0
    outer loop
   vertex -7.57 18.59 0.506
   vertex -7.62 18.553 0.506
   vertex -7.47 18.51 0.506
  endloop
 endfacet
  facet normal 0 0 0
    outer loop
   vertex -7.47 18.51 0.506
   vertex -7.62 18.553 0.506
   vertex -7.62 18.265 0.506
  endloop
 endfacet
  facet normal 0 0 0
    outer loop
   vertex -7.57 18.76 0.506
   vertex -7.62 18.84 0.506
   vertex -7.62 18.696 0.506
  endloop
 endfacet
  facet normal 0 0 0
    outer loop
   vertex -7.57 18.76 0.506
   vertex -7.62 18.696 0.506
   vertex -7.57 18.59 0.506
  endloop
 endfacet
  facet normal 0 0 0
    outer loop
   vertex -7.57 18.59 0.506
   vertex -7.62 18.696 0.506
   vertex -7.62 18.553 0.506
  endloop
 endfacet
  facet normal 0 0 0
    outer loop
   vertex -9.02 16.81 0.506
   vertex -9.09 16.89 0.506
   vertex -9.14 16.81 0.506
  endloop
 endfacet
  facet normal 0 0 0
    outer loop
   vertex -8.92 16.89 0.506
   vertex -9.09 16.89 0.506
   vertex -9.02 16.81 0.506
  endloop
 endfacet
  facet normal 0 0 0
    outer loop
   vertex -8.87 17.14 0.506
   vertex -9.14 17.14 0.506
   vertex -8.92 17.06 0.506
  endloop
 endfacet
  facet normal 0 0 0
    outer loop
   vertex -8.92 17.06 0.506
   vertex -9.14 17.14 0.506
   vertex -9.09 17.06 0.506
  endloop
 endfacet
  facet normal 0 0 0
    outer loop
   vertex -9.09 16.89 0.506
   vertex -9.14 16.975 0.506
   vertex -9.14 16.81 0.506
  endloop
 endfacet
  facet normal 0 0 0
    outer loop
   vertex -9.09 17.06 0.506
   vertex -9.14 17.14 0.506
   vertex -9.14 16.975 0.506
  endloop
 endfacet
  facet normal 0 0 0
    outer loop
   vertex -9.09 17.06 0.506
   vertex -9.14 16.975 0.506
   vertex -9.09 16.89 0.506
  endloop
 endfacet
  facet normal 0 0 0
    outer loop
   vertex -8.87 15.99 0.506
   vertex -8.87 16.565 0.506
   vertex -9.02 15.99 0.506
  endloop
 endfacet
  facet normal 0 0 0
    outer loop
   vertex -8.87 16.565 0.506
   vertex -9.02 16.81 0.506
   vertex -9.02 15.99 0.506
  endloop
 endfacet
  facet normal 0 0 0
    outer loop
   vertex -8.87 16.853 0.506
   vertex -8.92 16.89 0.506
   vertex -9.02 16.81 0.506
  endloop
 endfacet
  facet normal 0 0 0
    outer loop
   vertex -8.87 16.853 0.506
   vertex -9.02 16.81 0.506
   vertex -8.87 16.565 0.506
  endloop
 endfacet
  facet normal 0 0 0
    outer loop
   vertex -8.87 17.14 0.506
   vertex -8.92 17.06 0.506
   vertex -8.87 16.996 0.506
  endloop
 endfacet
  facet normal 0 0 0
    outer loop
   vertex -8.87 16.996 0.506
   vertex -8.92 16.89 0.506
   vertex -8.87 16.853 0.506
  endloop
 endfacet
  facet normal 0 0 0
    outer loop
   vertex -8.87 16.996 0.506
   vertex -8.92 17.06 0.506
   vertex -8.92 16.89 0.506
  endloop
 endfacet
  facet normal 0 0 0
    outer loop
   vertex -7.35 16.81 0.506
   vertex -7.4 16.89 0.506
   vertex -7.47 16.81 0.506
  endloop
 endfacet
  facet normal 0 0 0
    outer loop
   vertex -7.4 16.89 0.506
   vertex -7.57 16.89 0.506
   vertex -7.47 16.81 0.506
  endloop
 endfacet
  facet normal 0 0 0
    outer loop
   vertex -7.35 17.14 0.506
   vertex -7.62 17.14 0.506
   vertex -7.4 17.06 0.506
  endloop
 endfacet
  facet normal 0 0 0
    outer loop
   vertex -7.4 17.06 0.506
   vertex -7.62 17.14 0.506
   vertex -7.57 17.06 0.506
  endloop
 endfacet
  facet normal 0 0 0
    outer loop
   vertex -7.47 15.99 0.506
   vertex -7.62 16.565 0.506
   vertex -7.62 15.99 0.506
  endloop
 endfacet
  facet normal 0 0 0
    outer loop
   vertex -7.47 16.81 0.506
   vertex -7.62 16.565 0.506
   vertex -7.47 15.99 0.506
  endloop
 endfacet
  facet normal 0 0 0
    outer loop
   vertex -7.35 16.975 0.506
   vertex -7.4 16.89 0.506
   vertex -7.35 16.81 0.506
  endloop
 endfacet
  facet normal 0 0 0
    outer loop
   vertex -7.35 17.14 0.506
   vertex -7.4 17.06 0.506
   vertex -7.35 16.975 0.506
  endloop
 endfacet
  facet normal 0 0 0
    outer loop
   vertex -7.35 16.975 0.506
   vertex -7.4 17.06 0.506
   vertex -7.4 16.89 0.506
  endloop
 endfacet
  facet normal 0 0 0
    outer loop
   vertex -7.57 16.89 0.506
   vertex -7.62 16.853 0.506
   vertex -7.47 16.81 0.506
  endloop
 endfacet
  facet normal 0 0 0
    outer loop
   vertex -7.47 16.81 0.506
   vertex -7.62 16.853 0.506
   vertex -7.62 16.565 0.506
  endloop
 endfacet
  facet normal 0 0 0
    outer loop
   vertex -7.57 17.06 0.506
   vertex -7.62 17.14 0.506
   vertex -7.62 16.996 0.506
  endloop
 endfacet
  facet normal 0 0 0
    outer loop
   vertex -7.57 17.06 0.506
   vertex -7.62 16.996 0.506
   vertex -7.57 16.89 0.506
  endloop
 endfacet
  facet normal 0 0 0
    outer loop
   vertex -7.57 16.89 0.506
   vertex -7.62 16.996 0.506
   vertex -7.62 16.853 0.506
  endloop
 endfacet
  facet normal 0 0 0
    outer loop
   vertex -6.22 16.81 0.506
   vertex -6.29 16.89 0.506
   vertex -6.34 16.81 0.506
  endloop
 endfacet
  facet normal 0 0 0
    outer loop
   vertex -6.12 16.89 0.506
   vertex -6.29 16.89 0.506
   vertex -6.22 16.81 0.506
  endloop
 endfacet
  facet normal 0 0 0
    outer loop
   vertex -6.07 17.14 0.506
   vertex -6.34 17.14 0.506
   vertex -6.12 17.06 0.506
  endloop
 endfacet
  facet normal 0 0 0
    outer loop
   vertex -6.12 17.06 0.506
   vertex -6.34 17.14 0.506
   vertex -6.29 17.06 0.506
  endloop
 endfacet
  facet normal 0 0 0
    outer loop
   vertex -6.29 16.89 0.506
   vertex -6.34 16.975 0.506
   vertex -6.34 16.81 0.506
  endloop
 endfacet
  facet normal 0 0 0
    outer loop
   vertex -6.29 17.06 0.506
   vertex -6.34 17.14 0.506
   vertex -6.34 16.975 0.506
  endloop
 endfacet
  facet normal 0 0 0
    outer loop
   vertex -6.29 17.06 0.506
   vertex -6.34 16.975 0.506
   vertex -6.29 16.89 0.506
  endloop
 endfacet
  facet normal 0 0 0
    outer loop
   vertex -6.07 15.99 0.506
   vertex -6.07 16.565 0.506
   vertex -6.22 15.99 0.506
  endloop
 endfacet
  facet normal 0 0 0
    outer loop
   vertex -6.07 16.565 0.506
   vertex -6.22 16.81 0.506
   vertex -6.22 15.99 0.506
  endloop
 endfacet
  facet normal 0 0 0
    outer loop
   vertex -6.07 16.853 0.506
   vertex -6.12 16.89 0.506
   vertex -6.22 16.81 0.506
  endloop
 endfacet
  facet normal 0 0 0
    outer loop
   vertex -6.07 16.853 0.506
   vertex -6.22 16.81 0.506
   vertex -6.07 16.565 0.506
  endloop
 endfacet
  facet normal 0 0 0
    outer loop
   vertex -6.07 17.14 0.506
   vertex -6.12 17.06 0.506
   vertex -6.07 16.996 0.506
  endloop
 endfacet
  facet normal 0 0 0
    outer loop
   vertex -6.07 16.996 0.506
   vertex -6.12 16.89 0.506
   vertex -6.07 16.853 0.506
  endloop
 endfacet
  facet normal 0 0 0
    outer loop
   vertex -6.07 16.996 0.506
   vertex -6.12 17.06 0.506
   vertex -6.12 16.89 0.506
  endloop
 endfacet
  facet normal 0 0 0
    outer loop
   vertex -4.55 16.81 0.506
   vertex -4.6 16.89 0.506
   vertex -4.67 16.81 0.506
  endloop
 endfacet
  facet normal 0 0 0
    outer loop
   vertex -4.6 16.89 0.506
   vertex -4.77 16.89 0.506
   vertex -4.67 16.81 0.506
  endloop
 endfacet
  facet normal 0 0 0
    outer loop
   vertex -4.55 17.14 0.506
   vertex -4.82 17.14 0.506
   vertex -4.6 17.06 0.506
  endloop
 endfacet
  facet normal 0 0 0
    outer loop
   vertex -4.6 17.06 0.506
   vertex -4.82 17.14 0.506
   vertex -4.77 17.06 0.506
  endloop
 endfacet
  facet normal 0 0 0
    outer loop
   vertex -4.67 15.99 0.506
   vertex -4.82 16.565 0.506
   vertex -4.82 15.99 0.506
  endloop
 endfacet
  facet normal 0 0 0
    outer loop
   vertex -4.67 16.81 0.506
   vertex -4.82 16.565 0.506
   vertex -4.67 15.99 0.506
  endloop
 endfacet
  facet normal 0 0 0
    outer loop
   vertex -4.55 16.975 0.506
   vertex -4.6 16.89 0.506
   vertex -4.55 16.81 0.506
  endloop
 endfacet
  facet normal 0 0 0
    outer loop
   vertex -4.55 17.14 0.506
   vertex -4.6 17.06 0.506
   vertex -4.55 16.975 0.506
  endloop
 endfacet
  facet normal 0 0 0
    outer loop
   vertex -4.55 16.975 0.506
   vertex -4.6 17.06 0.506
   vertex -4.6 16.89 0.506
  endloop
 endfacet
  facet normal 0 0 0
    outer loop
   vertex -4.77 16.89 0.506
   vertex -4.82 16.853 0.506
   vertex -4.67 16.81 0.506
  endloop
 endfacet
  facet normal 0 0 0
    outer loop
   vertex -4.67 16.81 0.506
   vertex -4.82 16.853 0.506
   vertex -4.82 16.565 0.506
  endloop
 endfacet
  facet normal 0 0 0
    outer loop
   vertex -4.77 17.06 0.506
   vertex -4.82 17.14 0.506
   vertex -4.82 16.996 0.506
  endloop
 endfacet
  facet normal 0 0 0
    outer loop
   vertex -4.77 17.06 0.506
   vertex -4.82 16.996 0.506
   vertex -4.77 16.89 0.506
  endloop
 endfacet
  facet normal 0 0 0
    outer loop
   vertex -4.77 16.89 0.506
   vertex -4.82 16.996 0.506
   vertex -4.82 16.853 0.506
  endloop
 endfacet
  facet normal 0 0 0
    outer loop
   vertex -4.6 18.76 0.506
   vertex -4.6 18.76 0.627
   vertex -4.6 18.59 0.627
  endloop
 endfacet
  facet normal 0 0 0
    outer loop
   vertex -4.6 18.76 0.506
   vertex -4.6 18.59 0.627
   vertex -4.6 18.59 0.506
  endloop
 endfacet
  facet normal 0 0 0
    outer loop
   vertex -4.6 17.06 0.506
   vertex -4.6 17.06 0.627
   vertex -4.6 16.89 0.627
  endloop
 endfacet
  facet normal 0 0 0
    outer loop
   vertex -4.6 17.06 0.506
   vertex -4.6 16.89 0.627
   vertex -4.6 16.89 0.506
  endloop
 endfacet
  facet normal 0 0 0
    outer loop
   vertex -9.09 17.06 0.506
   vertex -9.09 17.06 0.627
   vertex -8.92 17.06 0.627
  endloop
 endfacet
  facet normal 0 0 0
    outer loop
   vertex -9.09 17.06 0.506
   vertex -8.92 17.06 0.627
   vertex -8.92 17.06 0.506
  endloop
 endfacet
  facet normal 0 0 0
    outer loop
   vertex -7.57 17.06 0.506
   vertex -7.57 17.06 0.627
   vertex -7.4 17.06 0.627
  endloop
 endfacet
  facet normal 0 0 0
    outer loop
   vertex -7.57 17.06 0.506
   vertex -7.4 17.06 0.627
   vertex -7.4 17.06 0.506
  endloop
 endfacet
  facet normal 0 0 0
    outer loop
   vertex -6.29 17.06 0.506
   vertex -6.29 17.06 0.627
   vertex -6.12 17.06 0.627
  endloop
 endfacet
  facet normal 0 0 0
    outer loop
   vertex -6.29 17.06 0.506
   vertex -6.12 17.06 0.627
   vertex -6.12 17.06 0.506
  endloop
 endfacet
  facet normal 0 0 0
    outer loop
   vertex -4.77 17.06 0.506
   vertex -4.77 17.06 0.627
   vertex -4.6 17.06 0.627
  endloop
 endfacet
  facet normal 0 0 0
    outer loop
   vertex -4.77 17.06 0.506
   vertex -4.6 17.06 0.627
   vertex -4.6 17.06 0.506
  endloop
 endfacet
  facet normal 0 0 0
    outer loop
   vertex -4.6 16.89 0.506
   vertex -4.6 16.89 0.627
   vertex -4.77 16.89 0.627
  endloop
 endfacet
  facet normal 0 0 0
    outer loop
   vertex -4.6 16.89 0.506
   vertex -4.77 16.89 0.627
   vertex -4.77 16.89 0.506
  endloop
 endfacet
  facet normal 0 0 0
    outer loop
   vertex -6.12 16.89 0.506
   vertex -6.12 16.89 0.627
   vertex -6.29 16.89 0.627
  endloop
 endfacet
  facet normal 0 0 0
    outer loop
   vertex -6.12 16.89 0.506
   vertex -6.29 16.89 0.627
   vertex -6.29 16.89 0.506
  endloop
 endfacet
  facet normal 0 0 0
    outer loop
   vertex -7.4 16.89 0.506
   vertex -7.4 16.89 0.627
   vertex -7.57 16.89 0.627
  endloop
 endfacet
  facet normal 0 0 0
    outer loop
   vertex -7.4 16.89 0.506
   vertex -7.57 16.89 0.627
   vertex -7.57 16.89 0.506
  endloop
 endfacet
  facet normal 0 0 0
    outer loop
   vertex -8.92 16.89 0.506
   vertex -8.92 16.89 0.627
   vertex -9.09 16.89 0.627
  endloop
 endfacet
  facet normal 0 0 0
    outer loop
   vertex -8.92 16.89 0.506
   vertex -9.09 16.89 0.627
   vertex -9.09 16.89 0.506
  endloop
 endfacet
  facet normal 0 0 0
    outer loop
   vertex -9.09 16.89 0.506
   vertex -9.09 16.89 0.627
   vertex -9.09 17.06 0.627
  endloop
 endfacet
  facet normal 0 0 0
    outer loop
   vertex -9.09 16.89 0.506
   vertex -9.09 17.06 0.627
   vertex -9.09 17.06 0.506
  endloop
 endfacet
  facet normal 0 0 0
    outer loop
   vertex -9.09 18.59 0.506
   vertex -9.09 18.59 0.627
   vertex -9.09 18.76 0.627
  endloop
 endfacet
  facet normal 0 0 0
    outer loop
   vertex -9.09 18.59 0.506
   vertex -9.09 18.76 0.627
   vertex -9.09 18.76 0.506
  endloop
 endfacet
  facet normal 0 0 0
    outer loop
   vertex -8.92 18.76 0.506
   vertex -8.92 18.76 0.627
   vertex -8.92 18.59 0.627
  endloop
 endfacet
  facet normal 0 0 0
    outer loop
   vertex -8.92 18.76 0.506
   vertex -8.92 18.59 0.627
   vertex -8.92 18.59 0.506
  endloop
 endfacet
  facet normal 0 0 0
    outer loop
   vertex -8.92 17.06 0.506
   vertex -8.92 17.06 0.627
   vertex -8.92 16.89 0.627
  endloop
 endfacet
  facet normal 0 0 0
    outer loop
   vertex -8.92 17.06 0.506
   vertex -8.92 16.89 0.627
   vertex -8.92 16.89 0.506
  endloop
 endfacet
  facet normal 0 0 0
    outer loop
   vertex -4.77 16.89 0.506
   vertex -4.77 16.89 0.627
   vertex -4.77 17.06 0.627
  endloop
 endfacet
  facet normal 0 0 0
    outer loop
   vertex -4.77 16.89 0.506
   vertex -4.77 17.06 0.627
   vertex -4.77 17.06 0.506
  endloop
 endfacet
  facet normal 0 0 0
    outer loop
   vertex -4.77 18.59 0.506
   vertex -4.77 18.59 0.627
   vertex -4.77 18.76 0.627
  endloop
 endfacet
  facet normal 0 0 0
    outer loop
   vertex -4.77 18.59 0.506
   vertex -4.77 18.76 0.627
   vertex -4.77 18.76 0.506
  endloop
 endfacet
  facet normal 0 0 0
    outer loop
   vertex -7.57 16.89 0.506
   vertex -7.57 16.89 0.627
   vertex -7.57 17.06 0.627
  endloop
 endfacet
  facet normal 0 0 0
    outer loop
   vertex -7.57 16.89 0.506
   vertex -7.57 17.06 0.627
   vertex -7.57 17.06 0.506
  endloop
 endfacet
  facet normal 0 0 0
    outer loop
   vertex -7.57 18.59 0.506
   vertex -7.57 18.59 0.627
   vertex -7.57 18.76 0.627
  endloop
 endfacet
  facet normal 0 0 0
    outer loop
   vertex -7.57 18.59 0.506
   vertex -7.57 18.76 0.627
   vertex -7.57 18.76 0.506
  endloop
 endfacet
  facet normal 0 0 0
    outer loop
   vertex -7.4 18.76 0.506
   vertex -7.4 18.76 0.627
   vertex -7.4 18.59 0.627
  endloop
 endfacet
  facet normal 0 0 0
    outer loop
   vertex -7.4 18.76 0.506
   vertex -7.4 18.59 0.627
   vertex -7.4 18.59 0.506
  endloop
 endfacet
  facet normal 0 0 0
    outer loop
   vertex -7.4 17.06 0.506
   vertex -7.4 17.06 0.627
   vertex -7.4 16.89 0.627
  endloop
 endfacet
  facet normal 0 0 0
    outer loop
   vertex -7.4 17.06 0.506
   vertex -7.4 16.89 0.627
   vertex -7.4 16.89 0.506
  endloop
 endfacet
  facet normal 0 0 0
    outer loop
   vertex -6.12 18.76 0.506
   vertex -6.12 18.76 0.627
   vertex -6.12 18.59 0.627
  endloop
 endfacet
  facet normal 0 0 0
    outer loop
   vertex -6.12 18.76 0.506
   vertex -6.12 18.59 0.627
   vertex -6.12 18.59 0.506
  endloop
 endfacet
  facet normal 0 0 0
    outer loop
   vertex -6.12 17.06 0.506
   vertex -6.12 17.06 0.627
   vertex -6.12 16.89 0.627
  endloop
 endfacet
  facet normal 0 0 0
    outer loop
   vertex -6.12 17.06 0.506
   vertex -6.12 16.89 0.627
   vertex -6.12 16.89 0.506
  endloop
 endfacet
  facet normal 0 0 0
    outer loop
   vertex -6.29 16.89 0.506
   vertex -6.29 16.89 0.627
   vertex -6.29 17.06 0.627
  endloop
 endfacet
  facet normal 0 0 0
    outer loop
   vertex -6.29 16.89 0.506
   vertex -6.29 17.06 0.627
   vertex -6.29 17.06 0.506
  endloop
 endfacet
  facet normal 0 0 0
    outer loop
   vertex -6.29 18.59 0.506
   vertex -6.29 18.59 0.627
   vertex -6.29 18.76 0.627
  endloop
 endfacet
  facet normal 0 0 0
    outer loop
   vertex -6.29 18.59 0.506
   vertex -6.29 18.76 0.627
   vertex -6.29 18.76 0.506
  endloop
 endfacet
  facet normal 0 0 0
    outer loop
   vertex -9.09 18.76 0.506
   vertex -9.09 18.76 0.627
   vertex -8.92 18.76 0.627
  endloop
 endfacet
  facet normal 0 0 0
    outer loop
   vertex -9.09 18.76 0.506
   vertex -8.92 18.76 0.627
   vertex -8.92 18.76 0.506
  endloop
 endfacet
  facet normal 0 0 0
    outer loop
   vertex -7.57 18.76 0.506
   vertex -7.57 18.76 0.627
   vertex -7.4 18.76 0.627
  endloop
 endfacet
  facet normal 0 0 0
    outer loop
   vertex -7.57 18.76 0.506
   vertex -7.4 18.76 0.627
   vertex -7.4 18.76 0.506
  endloop
 endfacet
  facet normal 0 0 0
    outer loop
   vertex -6.29 18.76 0.506
   vertex -6.29 18.76 0.627
   vertex -6.12 18.76 0.627
  endloop
 endfacet
  facet normal 0 0 0
    outer loop
   vertex -6.29 18.76 0.506
   vertex -6.12 18.76 0.627
   vertex -6.12 18.76 0.506
  endloop
 endfacet
  facet normal 0 0 0
    outer loop
   vertex -4.77 18.76 0.506
   vertex -4.77 18.76 0.627
   vertex -4.6 18.76 0.627
  endloop
 endfacet
  facet normal 0 0 0
    outer loop
   vertex -4.77 18.76 0.506
   vertex -4.6 18.76 0.627
   vertex -4.6 18.76 0.506
  endloop
 endfacet
  facet normal 0 0 0
    outer loop
   vertex -4.6 18.59 0.506
   vertex -4.6 18.59 0.627
   vertex -4.77 18.59 0.627
  endloop
 endfacet
  facet normal 0 0 0
    outer loop
   vertex -4.6 18.59 0.506
   vertex -4.77 18.59 0.627
   vertex -4.77 18.59 0.506
  endloop
 endfacet
  facet normal 0 0 0
    outer loop
   vertex -6.12 18.59 0.506
   vertex -6.12 18.59 0.627
   vertex -6.29 18.59 0.627
  endloop
 endfacet
  facet normal 0 0 0
    outer loop
   vertex -6.12 18.59 0.506
   vertex -6.29 18.59 0.627
   vertex -6.29 18.59 0.506
  endloop
 endfacet
  facet normal 0 0 0
    outer loop
   vertex -7.4 18.59 0.506
   vertex -7.4 18.59 0.627
   vertex -7.57 18.59 0.627
  endloop
 endfacet
  facet normal 0 0 0
    outer loop
   vertex -7.4 18.59 0.506
   vertex -7.57 18.59 0.627
   vertex -7.57 18.59 0.506
  endloop
 endfacet
  facet normal 0 0 0
    outer loop
   vertex -8.92 18.59 0.506
   vertex -8.92 18.59 0.627
   vertex -9.09 18.59 0.627
  endloop
 endfacet
  facet normal 0 0 0
    outer loop
   vertex -8.92 18.59 0.506
   vertex -9.09 18.59 0.627
   vertex -9.09 18.59 0.506
  endloop
 endfacet
  facet normal 0 0 0
    outer loop
   vertex -9.17 16.89 0.936
   vertex -9.17 17.06 0.936
   vertex -9.09 17.06 0.936
  endloop
 endfacet
  facet normal 0 0 0
    outer loop
   vertex -9.17 16.89 0.936
   vertex -9.09 17.06 0.936
   vertex -9.09 16.89 0.936
  endloop
 endfacet
  facet normal 0 0 0
    outer loop
   vertex -8.92 16.89 0.936
   vertex -8.92 17.06 0.936
   vertex -8.84 17.06 0.936
  endloop
 endfacet
  facet normal 0 0 0
    outer loop
   vertex -8.92 16.89 0.936
   vertex -8.84 17.06 0.936
   vertex -8.84 16.89 0.936
  endloop
 endfacet
  facet normal 0 0 0
    outer loop
   vertex -7.65 16.89 0.936
   vertex -7.65 17.06 0.936
   vertex -7.57 17.06 0.936
  endloop
 endfacet
  facet normal 0 0 0
    outer loop
   vertex -7.65 16.89 0.936
   vertex -7.57 17.06 0.936
   vertex -7.57 16.89 0.936
  endloop
 endfacet
  facet normal 0 0 0
    outer loop
   vertex -7.4 16.89 0.936
   vertex -7.4 17.06 0.936
   vertex -7.32 17.06 0.936
  endloop
 endfacet
  facet normal 0 0 0
    outer loop
   vertex -7.4 16.89 0.936
   vertex -7.32 17.06 0.936
   vertex -7.32 16.89 0.936
  endloop
 endfacet
  facet normal 0 0 0
    outer loop
   vertex -6.37 16.89 0.936
   vertex -6.37 17.06 0.936
   vertex -6.29 17.06 0.936
  endloop
 endfacet
  facet normal 0 0 0
    outer loop
   vertex -6.37 16.89 0.936
   vertex -6.29 17.06 0.936
   vertex -6.29 16.89 0.936
  endloop
 endfacet
  facet normal 0 0 0
    outer loop
   vertex -6.12 16.89 0.936
   vertex -6.12 17.06 0.936
   vertex -6.04 17.06 0.936
  endloop
 endfacet
  facet normal 0 0 0
    outer loop
   vertex -6.12 16.89 0.936
   vertex -6.04 17.06 0.936
   vertex -6.04 16.89 0.936
  endloop
 endfacet
  facet normal 0 0 0
    outer loop
   vertex -4.85 16.89 0.936
   vertex -4.85 17.06 0.936
   vertex -4.77 17.06 0.936
  endloop
 endfacet
  facet normal 0 0 0
    outer loop
   vertex -4.85 16.89 0.936
   vertex -4.77 17.06 0.936
   vertex -4.77 16.89 0.936
  endloop
 endfacet
  facet normal 0 0 0
    outer loop
   vertex -4.6 16.89 0.936
   vertex -4.6 17.06 0.936
   vertex -4.52 17.06 0.936
  endloop
 endfacet
  facet normal 0 0 0
    outer loop
   vertex -4.6 16.89 0.936
   vertex -4.52 17.06 0.936
   vertex -4.52 16.89 0.936
  endloop
 endfacet
  facet normal 0 0 0
    outer loop
   vertex -9.17 18.59 0.936
   vertex -9.17 18.76 0.936
   vertex -9.09 18.76 0.936
  endloop
 endfacet
  facet normal 0 0 0
    outer loop
   vertex -9.17 18.59 0.936
   vertex -9.09 18.76 0.936
   vertex -9.09 18.59 0.936
  endloop
 endfacet
  facet normal 0 0 0
    outer loop
   vertex -8.92 18.59 0.936
   vertex -8.92 18.76 0.936
   vertex -8.84 18.76 0.936
  endloop
 endfacet
  facet normal 0 0 0
    outer loop
   vertex -8.92 18.59 0.936
   vertex -8.84 18.76 0.936
   vertex -8.84 18.59 0.936
  endloop
 endfacet
  facet normal 0 0 0
    outer loop
   vertex -7.65 18.59 0.936
   vertex -7.65 18.76 0.936
   vertex -7.57 18.76 0.936
  endloop
 endfacet
  facet normal 0 0 0
    outer loop
   vertex -7.65 18.59 0.936
   vertex -7.57 18.76 0.936
   vertex -7.57 18.59 0.936
  endloop
 endfacet
  facet normal 0 0 0
    outer loop
   vertex -7.4 18.59 0.936
   vertex -7.4 18.76 0.936
   vertex -7.32 18.76 0.936
  endloop
 endfacet
  facet normal 0 0 0
    outer loop
   vertex -7.4 18.59 0.936
   vertex -7.32 18.76 0.936
   vertex -7.32 18.59 0.936
  endloop
 endfacet
  facet normal 0 0 0
    outer loop
   vertex -6.37 18.59 0.936
   vertex -6.37 18.76 0.936
   vertex -6.29 18.76 0.936
  endloop
 endfacet
  facet normal 0 0 0
    outer loop
   vertex -6.37 18.59 0.936
   vertex -6.29 18.76 0.936
   vertex -6.29 18.59 0.936
  endloop
 endfacet
  facet normal 0 0 0
    outer loop
   vertex -6.12 18.59 0.936
   vertex -6.12 18.76 0.936
   vertex -6.04 18.76 0.936
  endloop
 endfacet
  facet normal 0 0 0
    outer loop
   vertex -6.12 18.59 0.936
   vertex -6.04 18.76 0.936
   vertex -6.04 18.59 0.936
  endloop
 endfacet
  facet normal 0 0 0
    outer loop
   vertex -4.85 18.59 0.936
   vertex -4.85 18.76 0.936
   vertex -4.77 18.76 0.936
  endloop
 endfacet
  facet normal 0 0 0
    outer loop
   vertex -4.85 18.59 0.936
   vertex -4.77 18.76 0.936
   vertex -4.77 18.59 0.936
  endloop
 endfacet
  facet normal 0 0 0
    outer loop
   vertex -4.6 18.59 0.936
   vertex -4.6 18.76 0.936
   vertex -4.52 18.76 0.936
  endloop
 endfacet
  facet normal 0 0 0
    outer loop
   vertex -4.6 18.59 0.936
   vertex -4.52 18.76 0.936
   vertex -4.52 18.59 0.936
  endloop
 endfacet
  facet normal 0 0 0
    outer loop
   vertex -9.09 17.06 0.627
   vertex -9.09 17.06 0.936
   vertex -8.92 17.06 0.936
  endloop
 endfacet
  facet normal 0 0 0
    outer loop
   vertex -9.09 17.06 0.627
   vertex -8.92 17.06 0.936
   vertex -8.92 17.06 0.627
  endloop
 endfacet
  facet normal 0 0 0
    outer loop
   vertex -7.57 17.06 0.627
   vertex -7.57 17.06 0.936
   vertex -7.4 17.06 0.936
  endloop
 endfacet
  facet normal 0 0 0
    outer loop
   vertex -7.57 17.06 0.627
   vertex -7.4 17.06 0.936
   vertex -7.4 17.06 0.627
  endloop
 endfacet
  facet normal 0 0 0
    outer loop
   vertex -6.29 17.06 0.627
   vertex -6.29 17.06 0.936
   vertex -6.12 17.06 0.936
  endloop
 endfacet
  facet normal 0 0 0
    outer loop
   vertex -6.29 17.06 0.627
   vertex -6.12 17.06 0.936
   vertex -6.12 17.06 0.627
  endloop
 endfacet
  facet normal 0 0 0
    outer loop
   vertex -4.77 17.06 0.627
   vertex -4.77 17.06 0.936
   vertex -4.6 17.06 0.936
  endloop
 endfacet
  facet normal 0 0 0
    outer loop
   vertex -4.77 17.06 0.627
   vertex -4.6 17.06 0.936
   vertex -4.6 17.06 0.627
  endloop
 endfacet
  facet normal 0 0 0
    outer loop
   vertex -9.09 16.89 0.627
   vertex -9.09 16.89 0.936
   vertex -9.09 17.06 0.936
  endloop
 endfacet
  facet normal 0 0 0
    outer loop
   vertex -9.09 16.89 0.627
   vertex -9.09 17.06 0.936
   vertex -9.09 17.06 0.627
  endloop
 endfacet
  facet normal 0 0 0
    outer loop
   vertex -9.09 18.59 0.627
   vertex -9.09 18.59 0.936
   vertex -9.09 18.76 0.936
  endloop
 endfacet
  facet normal 0 0 0
    outer loop
   vertex -9.09 18.59 0.627
   vertex -9.09 18.76 0.936
   vertex -9.09 18.76 0.627
  endloop
 endfacet
  facet normal 0 0 0
    outer loop
   vertex -4.6 16.89 0.627
   vertex -4.6 16.89 0.936
   vertex -4.77 16.89 0.936
  endloop
 endfacet
  facet normal 0 0 0
    outer loop
   vertex -4.6 16.89 0.627
   vertex -4.77 16.89 0.936
   vertex -4.77 16.89 0.627
  endloop
 endfacet
  facet normal 0 0 0
    outer loop
   vertex -6.12 16.89 0.627
   vertex -6.12 16.89 0.936
   vertex -6.29 16.89 0.936
  endloop
 endfacet
  facet normal 0 0 0
    outer loop
   vertex -6.12 16.89 0.627
   vertex -6.29 16.89 0.936
   vertex -6.29 16.89 0.627
  endloop
 endfacet
  facet normal 0 0 0
    outer loop
   vertex -7.4 16.89 0.627
   vertex -7.4 16.89 0.936
   vertex -7.57 16.89 0.936
  endloop
 endfacet
  facet normal 0 0 0
    outer loop
   vertex -7.4 16.89 0.627
   vertex -7.57 16.89 0.936
   vertex -7.57 16.89 0.627
  endloop
 endfacet
  facet normal 0 0 0
    outer loop
   vertex -8.92 16.89 0.627
   vertex -8.92 16.89 0.936
   vertex -9.09 16.89 0.936
  endloop
 endfacet
  facet normal 0 0 0
    outer loop
   vertex -8.92 16.89 0.627
   vertex -9.09 16.89 0.936
   vertex -9.09 16.89 0.627
  endloop
 endfacet
  facet normal 0 0 0
    outer loop
   vertex -8.92 18.76 0.627
   vertex -8.92 18.76 0.936
   vertex -8.92 18.59 0.936
  endloop
 endfacet
  facet normal 0 0 0
    outer loop
   vertex -8.92 18.76 0.627
   vertex -8.92 18.59 0.936
   vertex -8.92 18.59 0.627
  endloop
 endfacet
  facet normal 0 0 0
    outer loop
   vertex -8.92 17.06 0.627
   vertex -8.92 17.06 0.936
   vertex -8.92 16.89 0.936
  endloop
 endfacet
  facet normal 0 0 0
    outer loop
   vertex -8.92 17.06 0.627
   vertex -8.92 16.89 0.936
   vertex -8.92 16.89 0.627
  endloop
 endfacet
  facet normal 0 0 0
    outer loop
   vertex -7.57 16.89 0.627
   vertex -7.57 16.89 0.936
   vertex -7.57 17.06 0.936
  endloop
 endfacet
  facet normal 0 0 0
    outer loop
   vertex -7.57 16.89 0.627
   vertex -7.57 17.06 0.936
   vertex -7.57 17.06 0.627
  endloop
 endfacet
  facet normal 0 0 0
    outer loop
   vertex -7.57 18.59 0.627
   vertex -7.57 18.59 0.936
   vertex -7.57 18.76 0.936
  endloop
 endfacet
  facet normal 0 0 0
    outer loop
   vertex -7.57 18.59 0.627
   vertex -7.57 18.76 0.936
   vertex -7.57 18.76 0.627
  endloop
 endfacet
  facet normal 0 0 0
    outer loop
   vertex -7.4 18.76 0.627
   vertex -7.4 18.76 0.936
   vertex -7.4 18.59 0.936
  endloop
 endfacet
  facet normal 0 0 0
    outer loop
   vertex -7.4 18.76 0.627
   vertex -7.4 18.59 0.936
   vertex -7.4 18.59 0.627
  endloop
 endfacet
  facet normal 0 0 0
    outer loop
   vertex -7.4 17.06 0.627
   vertex -7.4 17.06 0.936
   vertex -7.4 16.89 0.936
  endloop
 endfacet
  facet normal 0 0 0
    outer loop
   vertex -7.4 17.06 0.627
   vertex -7.4 16.89 0.936
   vertex -7.4 16.89 0.627
  endloop
 endfacet
  facet normal 0 0 0
    outer loop
   vertex -6.29 16.89 0.627
   vertex -6.29 16.89 0.936
   vertex -6.29 17.06 0.936
  endloop
 endfacet
  facet normal 0 0 0
    outer loop
   vertex -6.29 16.89 0.627
   vertex -6.29 17.06 0.936
   vertex -6.29 17.06 0.627
  endloop
 endfacet
  facet normal 0 0 0
    outer loop
   vertex -6.29 18.59 0.627
   vertex -6.29 18.59 0.936
   vertex -6.29 18.76 0.936
  endloop
 endfacet
  facet normal 0 0 0
    outer loop
   vertex -6.29 18.59 0.627
   vertex -6.29 18.76 0.936
   vertex -6.29 18.76 0.627
  endloop
 endfacet
  facet normal 0 0 0
    outer loop
   vertex -6.12 18.76 0.627
   vertex -6.12 18.76 0.936
   vertex -6.12 18.59 0.936
  endloop
 endfacet
  facet normal 0 0 0
    outer loop
   vertex -6.12 18.76 0.627
   vertex -6.12 18.59 0.936
   vertex -6.12 18.59 0.627
  endloop
 endfacet
  facet normal 0 0 0
    outer loop
   vertex -6.12 17.06 0.627
   vertex -6.12 17.06 0.936
   vertex -6.12 16.89 0.936
  endloop
 endfacet
  facet normal 0 0 0
    outer loop
   vertex -6.12 17.06 0.627
   vertex -6.12 16.89 0.936
   vertex -6.12 16.89 0.627
  endloop
 endfacet
  facet normal 0 0 0
    outer loop
   vertex -4.77 16.89 0.627
   vertex -4.77 16.89 0.936
   vertex -4.77 17.06 0.936
  endloop
 endfacet
  facet normal 0 0 0
    outer loop
   vertex -4.77 16.89 0.627
   vertex -4.77 17.06 0.936
   vertex -4.77 17.06 0.627
  endloop
 endfacet
  facet normal 0 0 0
    outer loop
   vertex -4.77 18.59 0.627
   vertex -4.77 18.59 0.936
   vertex -4.77 18.76 0.936
  endloop
 endfacet
  facet normal 0 0 0
    outer loop
   vertex -4.77 18.59 0.627
   vertex -4.77 18.76 0.936
   vertex -4.77 18.76 0.627
  endloop
 endfacet
  facet normal 0 0 0
    outer loop
   vertex -4.6 18.76 0.627
   vertex -4.6 18.76 0.936
   vertex -4.6 18.59 0.936
  endloop
 endfacet
  facet normal 0 0 0
    outer loop
   vertex -4.6 18.76 0.627
   vertex -4.6 18.59 0.936
   vertex -4.6 18.59 0.627
  endloop
 endfacet
  facet normal 0 0 0
    outer loop
   vertex -4.6 17.06 0.627
   vertex -4.6 17.06 0.936
   vertex -4.6 16.89 0.936
  endloop
 endfacet
  facet normal 0 0 0
    outer loop
   vertex -4.6 17.06 0.627
   vertex -4.6 16.89 0.936
   vertex -4.6 16.89 0.627
  endloop
 endfacet
  facet normal 0 0 0
    outer loop
   vertex -4.6 18.59 0.627
   vertex -4.6 18.59 0.936
   vertex -4.77 18.59 0.936
  endloop
 endfacet
  facet normal 0 0 0
    outer loop
   vertex -4.6 18.59 0.627
   vertex -4.77 18.59 0.936
   vertex -4.77 18.59 0.627
  endloop
 endfacet
  facet normal 0 0 0
    outer loop
   vertex -6.12 18.59 0.627
   vertex -6.12 18.59 0.936
   vertex -6.29 18.59 0.936
  endloop
 endfacet
  facet normal 0 0 0
    outer loop
   vertex -6.12 18.59 0.627
   vertex -6.29 18.59 0.936
   vertex -6.29 18.59 0.627
  endloop
 endfacet
  facet normal 0 0 0
    outer loop
   vertex -7.4 18.59 0.627
   vertex -7.4 18.59 0.936
   vertex -7.57 18.59 0.936
  endloop
 endfacet
  facet normal 0 0 0
    outer loop
   vertex -7.4 18.59 0.627
   vertex -7.57 18.59 0.936
   vertex -7.57 18.59 0.627
  endloop
 endfacet
  facet normal 0 0 0
    outer loop
   vertex -8.92 18.59 0.627
   vertex -8.92 18.59 0.936
   vertex -9.09 18.59 0.936
  endloop
 endfacet
  facet normal 0 0 0
    outer loop
   vertex -8.92 18.59 0.627
   vertex -9.09 18.59 0.936
   vertex -9.09 18.59 0.627
  endloop
 endfacet
  facet normal 0 0 0
    outer loop
   vertex -9.09 18.76 0.627
   vertex -9.09 18.76 0.936
   vertex -8.92 18.76 0.936
  endloop
 endfacet
  facet normal 0 0 0
    outer loop
   vertex -9.09 18.76 0.627
   vertex -8.92 18.76 0.936
   vertex -8.92 18.76 0.627
  endloop
 endfacet
  facet normal 0 0 0
    outer loop
   vertex -7.57 18.76 0.627
   vertex -7.57 18.76 0.936
   vertex -7.4 18.76 0.936
  endloop
 endfacet
  facet normal 0 0 0
    outer loop
   vertex -7.57 18.76 0.627
   vertex -7.4 18.76 0.936
   vertex -7.4 18.76 0.627
  endloop
 endfacet
  facet normal 0 0 0
    outer loop
   vertex -6.29 18.76 0.627
   vertex -6.29 18.76 0.936
   vertex -6.12 18.76 0.936
  endloop
 endfacet
  facet normal 0 0 0
    outer loop
   vertex -6.29 18.76 0.627
   vertex -6.12 18.76 0.936
   vertex -6.12 18.76 0.627
  endloop
 endfacet
  facet normal 0 0 0
    outer loop
   vertex -4.77 18.76 0.627
   vertex -4.77 18.76 0.936
   vertex -4.6 18.76 0.936
  endloop
 endfacet
  facet normal 0 0 0
    outer loop
   vertex -4.77 18.76 0.627
   vertex -4.6 18.76 0.936
   vertex -4.6 18.76 0.627
  endloop
 endfacet
  facet normal 0 0 0
    outer loop
   vertex -9.09 17.06 1.036
   vertex -9.17 17.06 1.036
   vertex -9.17 16.89 1.036
  endloop
 endfacet
  facet normal 0 0 0
    outer loop
   vertex -9.09 16.89 1.036
   vertex -9.09 17.06 1.036
   vertex -9.17 16.89 1.036
  endloop
 endfacet
  facet normal 0 0 0
    outer loop
   vertex -8.84 17.06 1.036
   vertex -8.92 17.06 1.036
   vertex -8.92 16.89 1.036
  endloop
 endfacet
  facet normal 0 0 0
    outer loop
   vertex -8.84 16.89 1.036
   vertex -8.84 17.06 1.036
   vertex -8.92 16.89 1.036
  endloop
 endfacet
  facet normal 0 0 0
    outer loop
   vertex -7.57 17.06 1.036
   vertex -7.65 17.06 1.036
   vertex -7.65 16.89 1.036
  endloop
 endfacet
  facet normal 0 0 0
    outer loop
   vertex -7.57 16.89 1.036
   vertex -7.57 17.06 1.036
   vertex -7.65 16.89 1.036
  endloop
 endfacet
  facet normal 0 0 0
    outer loop
   vertex -7.32 17.06 1.036
   vertex -7.4 17.06 1.036
   vertex -7.4 16.89 1.036
  endloop
 endfacet
  facet normal 0 0 0
    outer loop
   vertex -7.32 16.89 1.036
   vertex -7.32 17.06 1.036
   vertex -7.4 16.89 1.036
  endloop
 endfacet
  facet normal 0 0 0
    outer loop
   vertex -6.29 17.06 1.036
   vertex -6.37 17.06 1.036
   vertex -6.37 16.89 1.036
  endloop
 endfacet
  facet normal 0 0 0
    outer loop
   vertex -6.29 16.89 1.036
   vertex -6.29 17.06 1.036
   vertex -6.37 16.89 1.036
  endloop
 endfacet
  facet normal 0 0 0
    outer loop
   vertex -6.04 17.06 1.036
   vertex -6.12 17.06 1.036
   vertex -6.12 16.89 1.036
  endloop
 endfacet
  facet normal 0 0 0
    outer loop
   vertex -6.04 16.89 1.036
   vertex -6.04 17.06 1.036
   vertex -6.12 16.89 1.036
  endloop
 endfacet
  facet normal 0 0 0
    outer loop
   vertex -4.77 17.06 1.036
   vertex -4.85 17.06 1.036
   vertex -4.85 16.89 1.036
  endloop
 endfacet
  facet normal 0 0 0
    outer loop
   vertex -4.77 16.89 1.036
   vertex -4.77 17.06 1.036
   vertex -4.85 16.89 1.036
  endloop
 endfacet
  facet normal 0 0 0
    outer loop
   vertex -4.52 17.06 1.036
   vertex -4.6 17.06 1.036
   vertex -4.6 16.89 1.036
  endloop
 endfacet
  facet normal 0 0 0
    outer loop
   vertex -4.52 16.89 1.036
   vertex -4.52 17.06 1.036
   vertex -4.6 16.89 1.036
  endloop
 endfacet
  facet normal 0 0 0
    outer loop
   vertex -9.09 18.76 1.036
   vertex -9.17 18.76 1.036
   vertex -9.17 18.59 1.036
  endloop
 endfacet
  facet normal 0 0 0
    outer loop
   vertex -9.09 18.59 1.036
   vertex -9.09 18.76 1.036
   vertex -9.17 18.59 1.036
  endloop
 endfacet
  facet normal 0 0 0
    outer loop
   vertex -8.84 18.76 1.036
   vertex -8.92 18.76 1.036
   vertex -8.92 18.59 1.036
  endloop
 endfacet
  facet normal 0 0 0
    outer loop
   vertex -8.84 18.59 1.036
   vertex -8.84 18.76 1.036
   vertex -8.92 18.59 1.036
  endloop
 endfacet
  facet normal 0 0 0
    outer loop
   vertex -7.57 18.76 1.036
   vertex -7.65 18.76 1.036
   vertex -7.65 18.59 1.036
  endloop
 endfacet
  facet normal 0 0 0
    outer loop
   vertex -7.57 18.59 1.036
   vertex -7.57 18.76 1.036
   vertex -7.65 18.59 1.036
  endloop
 endfacet
  facet normal 0 0 0
    outer loop
   vertex -7.32 18.76 1.036
   vertex -7.4 18.76 1.036
   vertex -7.4 18.59 1.036
  endloop
 endfacet
  facet normal 0 0 0
    outer loop
   vertex -7.32 18.59 1.036
   vertex -7.32 18.76 1.036
   vertex -7.4 18.59 1.036
  endloop
 endfacet
  facet normal 0 0 0
    outer loop
   vertex -6.29 18.76 1.036
   vertex -6.37 18.76 1.036
   vertex -6.37 18.59 1.036
  endloop
 endfacet
  facet normal 0 0 0
    outer loop
   vertex -6.29 18.59 1.036
   vertex -6.29 18.76 1.036
   vertex -6.37 18.59 1.036
  endloop
 endfacet
  facet normal 0 0 0
    outer loop
   vertex -6.04 18.76 1.036
   vertex -6.12 18.76 1.036
   vertex -6.12 18.59 1.036
  endloop
 endfacet
  facet normal 0 0 0
    outer loop
   vertex -6.04 18.59 1.036
   vertex -6.04 18.76 1.036
   vertex -6.12 18.59 1.036
  endloop
 endfacet
  facet normal 0 0 0
    outer loop
   vertex -4.77 18.76 1.036
   vertex -4.85 18.76 1.036
   vertex -4.85 18.59 1.036
  endloop
 endfacet
  facet normal 0 0 0
    outer loop
   vertex -4.77 18.59 1.036
   vertex -4.77 18.76 1.036
   vertex -4.85 18.59 1.036
  endloop
 endfacet
  facet normal 0 0 0
    outer loop
   vertex -4.52 18.76 1.036
   vertex -4.6 18.76 1.036
   vertex -4.6 18.59 1.036
  endloop
 endfacet
  facet normal 0 0 0
    outer loop
   vertex -4.52 18.59 1.036
   vertex -4.52 18.76 1.036
   vertex -4.6 18.59 1.036
  endloop
 endfacet
  facet normal 0 0 0
    outer loop
   vertex -4.52 16.89 0.936
   vertex -4.52 16.89 1.036
   vertex -4.6 16.89 1.036
  endloop
 endfacet
  facet normal 0 0 0
    outer loop
   vertex -4.6 16.89 1.036
   vertex -4.6 16.89 1.111
   vertex -4.77 16.89 1.111
  endloop
 endfacet
  facet normal 0 0 0
    outer loop
   vertex -4.52 16.89 0.936
   vertex -4.6 16.89 1.036
   vertex -4.77 16.89 1.036
  endloop
 endfacet
  facet normal 0 0 0
    outer loop
   vertex -4.6 16.89 1.036
   vertex -4.77 16.89 1.111
   vertex -4.77 16.89 1.036
  endloop
 endfacet
  facet normal 0 0 0
    outer loop
   vertex -4.52 16.89 0.936
   vertex -4.77 16.89 1.036
   vertex -4.85 16.89 0.936
  endloop
 endfacet
  facet normal 0 0 0
    outer loop
   vertex -4.85 16.89 0.936
   vertex -4.77 16.89 1.036
   vertex -4.85 16.89 1.036
  endloop
 endfacet
  facet normal 0 0 0
    outer loop
   vertex -6.04 16.89 0.936
   vertex -6.04 16.89 1.036
   vertex -6.12 16.89 1.036
  endloop
 endfacet
  facet normal 0 0 0
    outer loop
   vertex -6.12 16.89 1.036
   vertex -6.12 16.89 1.111
   vertex -6.29 16.89 1.111
  endloop
 endfacet
  facet normal 0 0 0
    outer loop
   vertex -6.04 16.89 0.936
   vertex -6.12 16.89 1.036
   vertex -6.29 16.89 1.036
  endloop
 endfacet
  facet normal 0 0 0
    outer loop
   vertex -6.12 16.89 1.036
   vertex -6.29 16.89 1.111
   vertex -6.29 16.89 1.036
  endloop
 endfacet
  facet normal 0 0 0
    outer loop
   vertex -6.04 16.89 0.936
   vertex -6.29 16.89 1.036
   vertex -6.37 16.89 0.936
  endloop
 endfacet
  facet normal 0 0 0
    outer loop
   vertex -6.37 16.89 0.936
   vertex -6.29 16.89 1.036
   vertex -6.37 16.89 1.036
  endloop
 endfacet
  facet normal 0 0 0
    outer loop
   vertex -7.32 16.89 0.936
   vertex -7.32 16.89 1.036
   vertex -7.4 16.89 1.036
  endloop
 endfacet
  facet normal 0 0 0
    outer loop
   vertex -7.4 16.89 1.036
   vertex -7.4 16.89 1.111
   vertex -7.57 16.89 1.111
  endloop
 endfacet
  facet normal 0 0 0
    outer loop
   vertex -7.32 16.89 0.936
   vertex -7.4 16.89 1.036
   vertex -7.57 16.89 1.036
  endloop
 endfacet
  facet normal 0 0 0
    outer loop
   vertex -7.4 16.89 1.036
   vertex -7.57 16.89 1.111
   vertex -7.57 16.89 1.036
  endloop
 endfacet
  facet normal 0 0 0
    outer loop
   vertex -7.32 16.89 0.936
   vertex -7.57 16.89 1.036
   vertex -7.65 16.89 0.936
  endloop
 endfacet
  facet normal 0 0 0
    outer loop
   vertex -7.65 16.89 0.936
   vertex -7.57 16.89 1.036
   vertex -7.65 16.89 1.036
  endloop
 endfacet
  facet normal 0 0 0
    outer loop
   vertex -8.84 16.89 0.936
   vertex -8.84 16.89 1.036
   vertex -8.92 16.89 1.036
  endloop
 endfacet
  facet normal 0 0 0
    outer loop
   vertex -8.92 16.89 1.036
   vertex -8.92 16.89 1.111
   vertex -9.09 16.89 1.111
  endloop
 endfacet
  facet normal 0 0 0
    outer loop
   vertex -8.84 16.89 0.936
   vertex -8.92 16.89 1.036
   vertex -9.09 16.89 1.036
  endloop
 endfacet
  facet normal 0 0 0
    outer loop
   vertex -8.92 16.89 1.036
   vertex -9.09 16.89 1.111
   vertex -9.09 16.89 1.036
  endloop
 endfacet
  facet normal 0 0 0
    outer loop
   vertex -8.84 16.89 0.936
   vertex -9.09 16.89 1.036
   vertex -9.17 16.89 0.936
  endloop
 endfacet
  facet normal 0 0 0
    outer loop
   vertex -9.17 16.89 0.936
   vertex -9.09 16.89 1.036
   vertex -9.17 16.89 1.036
  endloop
 endfacet
  facet normal 0 0 0
    outer loop
   vertex -4.52 18.76 0.936
   vertex -4.52 18.76 1.036
   vertex -4.52 18.59 1.036
  endloop
 endfacet
  facet normal 0 0 0
    outer loop
   vertex -4.52 18.76 0.936
   vertex -4.52 18.59 1.036
   vertex -4.52 18.59 0.936
  endloop
 endfacet
  facet normal 0 0 0
    outer loop
   vertex -4.52 17.06 0.936
   vertex -4.52 17.06 1.036
   vertex -4.52 16.89 1.036
  endloop
 endfacet
  facet normal 0 0 0
    outer loop
   vertex -4.52 17.06 0.936
   vertex -4.52 16.89 1.036
   vertex -4.52 16.89 0.936
  endloop
 endfacet
  facet normal 0 0 0
    outer loop
   vertex -9.17 17.06 0.936
   vertex -9.17 17.06 1.036
   vertex -9.09 17.06 1.036
  endloop
 endfacet
  facet normal 0 0 0
    outer loop
   vertex -9.09 17.06 1.036
   vertex -9.09 17.06 1.111
   vertex -8.92 17.06 1.111
  endloop
 endfacet
  facet normal 0 0 0
    outer loop
   vertex -9.17 17.06 0.936
   vertex -9.09 17.06 1.036
   vertex -8.92 17.06 1.036
  endloop
 endfacet
  facet normal 0 0 0
    outer loop
   vertex -9.09 17.06 1.036
   vertex -8.92 17.06 1.111
   vertex -8.92 17.06 1.036
  endloop
 endfacet
  facet normal 0 0 0
    outer loop
   vertex -9.17 17.06 0.936
   vertex -8.92 17.06 1.036
   vertex -8.84 17.06 0.936
  endloop
 endfacet
  facet normal 0 0 0
    outer loop
   vertex -8.84 17.06 0.936
   vertex -8.92 17.06 1.036
   vertex -8.84 17.06 1.036
  endloop
 endfacet
  facet normal 0 0 0
    outer loop
   vertex -7.65 17.06 0.936
   vertex -7.65 17.06 1.036
   vertex -7.57 17.06 1.036
  endloop
 endfacet
  facet normal 0 0 0
    outer loop
   vertex -7.57 17.06 1.036
   vertex -7.57 17.06 1.111
   vertex -7.4 17.06 1.111
  endloop
 endfacet
  facet normal 0 0 0
    outer loop
   vertex -7.65 17.06 0.936
   vertex -7.57 17.06 1.036
   vertex -7.4 17.06 1.036
  endloop
 endfacet
  facet normal 0 0 0
    outer loop
   vertex -7.57 17.06 1.036
   vertex -7.4 17.06 1.111
   vertex -7.4 17.06 1.036
  endloop
 endfacet
  facet normal 0 0 0
    outer loop
   vertex -7.65 17.06 0.936
   vertex -7.4 17.06 1.036
   vertex -7.32 17.06 0.936
  endloop
 endfacet
  facet normal 0 0 0
    outer loop
   vertex -7.32 17.06 0.936
   vertex -7.4 17.06 1.036
   vertex -7.32 17.06 1.036
  endloop
 endfacet
  facet normal 0 0 0
    outer loop
   vertex -6.37 17.06 0.936
   vertex -6.37 17.06 1.036
   vertex -6.29 17.06 1.036
  endloop
 endfacet
  facet normal 0 0 0
    outer loop
   vertex -6.29 17.06 1.036
   vertex -6.29 17.06 1.111
   vertex -6.12 17.06 1.111
  endloop
 endfacet
  facet normal 0 0 0
    outer loop
   vertex -6.37 17.06 0.936
   vertex -6.29 17.06 1.036
   vertex -6.12 17.06 1.036
  endloop
 endfacet
  facet normal 0 0 0
    outer loop
   vertex -6.29 17.06 1.036
   vertex -6.12 17.06 1.111
   vertex -6.12 17.06 1.036
  endloop
 endfacet
  facet normal 0 0 0
    outer loop
   vertex -6.37 17.06 0.936
   vertex -6.12 17.06 1.036
   vertex -6.04 17.06 0.936
  endloop
 endfacet
  facet normal 0 0 0
    outer loop
   vertex -6.04 17.06 0.936
   vertex -6.12 17.06 1.036
   vertex -6.04 17.06 1.036
  endloop
 endfacet
  facet normal 0 0 0
    outer loop
   vertex -4.85 17.06 0.936
   vertex -4.85 17.06 1.036
   vertex -4.77 17.06 1.036
  endloop
 endfacet
  facet normal 0 0 0
    outer loop
   vertex -4.77 17.06 1.036
   vertex -4.77 17.06 1.111
   vertex -4.6 17.06 1.111
  endloop
 endfacet
  facet normal 0 0 0
    outer loop
   vertex -4.85 17.06 0.936
   vertex -4.77 17.06 1.036
   vertex -4.6 17.06 1.036
  endloop
 endfacet
  facet normal 0 0 0
    outer loop
   vertex -4.77 17.06 1.036
   vertex -4.6 17.06 1.111
   vertex -4.6 17.06 1.036
  endloop
 endfacet
  facet normal 0 0 0
    outer loop
   vertex -4.85 17.06 0.936
   vertex -4.6 17.06 1.036
   vertex -4.52 17.06 0.936
  endloop
 endfacet
  facet normal 0 0 0
    outer loop
   vertex -4.52 17.06 0.936
   vertex -4.6 17.06 1.036
   vertex -4.52 17.06 1.036
  endloop
 endfacet
  facet normal 0 0 0
    outer loop
   vertex -9.17 16.89 0.936
   vertex -9.17 16.89 1.036
   vertex -9.17 17.06 1.036
  endloop
 endfacet
  facet normal 0 0 0
    outer loop
   vertex -9.17 16.89 0.936
   vertex -9.17 17.06 1.036
   vertex -9.17 17.06 0.936
  endloop
 endfacet
  facet normal 0 0 0
    outer loop
   vertex -9.17 18.59 0.936
   vertex -9.17 18.59 1.036
   vertex -9.17 18.76 1.036
  endloop
 endfacet
  facet normal 0 0 0
    outer loop
   vertex -9.17 18.59 0.936
   vertex -9.17 18.76 1.036
   vertex -9.17 18.76 0.936
  endloop
 endfacet
  facet normal 0 0 0
    outer loop
   vertex -8.84 18.76 0.936
   vertex -8.84 18.76 1.036
   vertex -8.84 18.59 1.036
  endloop
 endfacet
  facet normal 0 0 0
    outer loop
   vertex -8.84 18.76 0.936
   vertex -8.84 18.59 1.036
   vertex -8.84 18.59 0.936
  endloop
 endfacet
  facet normal 0 0 0
    outer loop
   vertex -8.84 17.06 0.936
   vertex -8.84 17.06 1.036
   vertex -8.84 16.89 1.036
  endloop
 endfacet
  facet normal 0 0 0
    outer loop
   vertex -8.84 17.06 0.936
   vertex -8.84 16.89 1.036
   vertex -8.84 16.89 0.936
  endloop
 endfacet
  facet normal 0 0 0
    outer loop
   vertex -7.65 16.89 0.936
   vertex -7.65 16.89 1.036
   vertex -7.65 17.06 1.036
  endloop
 endfacet
  facet normal 0 0 0
    outer loop
   vertex -7.65 16.89 0.936
   vertex -7.65 17.06 1.036
   vertex -7.65 17.06 0.936
  endloop
 endfacet
  facet normal 0 0 0
    outer loop
   vertex -7.65 18.59 0.936
   vertex -7.65 18.59 1.036
   vertex -7.65 18.76 1.036
  endloop
 endfacet
  facet normal 0 0 0
    outer loop
   vertex -7.65 18.59 0.936
   vertex -7.65 18.76 1.036
   vertex -7.65 18.76 0.936
  endloop
 endfacet
  facet normal 0 0 0
    outer loop
   vertex -7.32 18.76 0.936
   vertex -7.32 18.76 1.036
   vertex -7.32 18.59 1.036
  endloop
 endfacet
  facet normal 0 0 0
    outer loop
   vertex -7.32 18.76 0.936
   vertex -7.32 18.59 1.036
   vertex -7.32 18.59 0.936
  endloop
 endfacet
  facet normal 0 0 0
    outer loop
   vertex -7.32 17.06 0.936
   vertex -7.32 17.06 1.036
   vertex -7.32 16.89 1.036
  endloop
 endfacet
  facet normal 0 0 0
    outer loop
   vertex -7.32 17.06 0.936
   vertex -7.32 16.89 1.036
   vertex -7.32 16.89 0.936
  endloop
 endfacet
  facet normal 0 0 0
    outer loop
   vertex -6.37 16.89 0.936
   vertex -6.37 16.89 1.036
   vertex -6.37 17.06 1.036
  endloop
 endfacet
  facet normal 0 0 0
    outer loop
   vertex -6.37 16.89 0.936
   vertex -6.37 17.06 1.036
   vertex -6.37 17.06 0.936
  endloop
 endfacet
  facet normal 0 0 0
    outer loop
   vertex -6.37 18.59 0.936
   vertex -6.37 18.59 1.036
   vertex -6.37 18.76 1.036
  endloop
 endfacet
  facet normal 0 0 0
    outer loop
   vertex -6.37 18.59 0.936
   vertex -6.37 18.76 1.036
   vertex -6.37 18.76 0.936
  endloop
 endfacet
  facet normal 0 0 0
    outer loop
   vertex -6.04 18.76 0.936
   vertex -6.04 18.76 1.036
   vertex -6.04 18.59 1.036
  endloop
 endfacet
  facet normal 0 0 0
    outer loop
   vertex -6.04 18.76 0.936
   vertex -6.04 18.59 1.036
   vertex -6.04 18.59 0.936
  endloop
 endfacet
  facet normal 0 0 0
    outer loop
   vertex -6.04 17.06 0.936
   vertex -6.04 17.06 1.036
   vertex -6.04 16.89 1.036
  endloop
 endfacet
  facet normal 0 0 0
    outer loop
   vertex -6.04 17.06 0.936
   vertex -6.04 16.89 1.036
   vertex -6.04 16.89 0.936
  endloop
 endfacet
  facet normal 0 0 0
    outer loop
   vertex -4.85 16.89 0.936
   vertex -4.85 16.89 1.036
   vertex -4.85 17.06 1.036
  endloop
 endfacet
  facet normal 0 0 0
    outer loop
   vertex -4.85 16.89 0.936
   vertex -4.85 17.06 1.036
   vertex -4.85 17.06 0.936
  endloop
 endfacet
  facet normal 0 0 0
    outer loop
   vertex -4.85 18.59 0.936
   vertex -4.85 18.59 1.036
   vertex -4.85 18.76 1.036
  endloop
 endfacet
  facet normal 0 0 0
    outer loop
   vertex -4.85 18.59 0.936
   vertex -4.85 18.76 1.036
   vertex -4.85 18.76 0.936
  endloop
 endfacet
  facet normal 0 0 0
    outer loop
   vertex -4.52 18.59 0.936
   vertex -4.52 18.59 1.036
   vertex -4.6 18.59 1.036
  endloop
 endfacet
  facet normal 0 0 0
    outer loop
   vertex -4.6 18.59 1.036
   vertex -4.6 18.59 1.111
   vertex -4.77 18.59 1.111
  endloop
 endfacet
  facet normal 0 0 0
    outer loop
   vertex -4.52 18.59 0.936
   vertex -4.6 18.59 1.036
   vertex -4.77 18.59 1.036
  endloop
 endfacet
  facet normal 0 0 0
    outer loop
   vertex -4.6 18.59 1.036
   vertex -4.77 18.59 1.111
   vertex -4.77 18.59 1.036
  endloop
 endfacet
  facet normal 0 0 0
    outer loop
   vertex -4.52 18.59 0.936
   vertex -4.77 18.59 1.036
   vertex -4.85 18.59 0.936
  endloop
 endfacet
  facet normal 0 0 0
    outer loop
   vertex -4.85 18.59 0.936
   vertex -4.77 18.59 1.036
   vertex -4.85 18.59 1.036
  endloop
 endfacet
  facet normal 0 0 0
    outer loop
   vertex -6.04 18.59 0.936
   vertex -6.04 18.59 1.036
   vertex -6.12 18.59 1.036
  endloop
 endfacet
  facet normal 0 0 0
    outer loop
   vertex -6.12 18.59 1.036
   vertex -6.12 18.59 1.111
   vertex -6.29 18.59 1.111
  endloop
 endfacet
  facet normal 0 0 0
    outer loop
   vertex -6.04 18.59 0.936
   vertex -6.12 18.59 1.036
   vertex -6.29 18.59 1.036
  endloop
 endfacet
  facet normal 0 0 0
    outer loop
   vertex -6.12 18.59 1.036
   vertex -6.29 18.59 1.111
   vertex -6.29 18.59 1.036
  endloop
 endfacet
  facet normal 0 0 0
    outer loop
   vertex -6.04 18.59 0.936
   vertex -6.29 18.59 1.036
   vertex -6.37 18.59 0.936
  endloop
 endfacet
  facet normal 0 0 0
    outer loop
   vertex -6.37 18.59 0.936
   vertex -6.29 18.59 1.036
   vertex -6.37 18.59 1.036
  endloop
 endfacet
  facet normal 0 0 0
    outer loop
   vertex -7.32 18.59 0.936
   vertex -7.32 18.59 1.036
   vertex -7.4 18.59 1.036
  endloop
 endfacet
  facet normal 0 0 0
    outer loop
   vertex -7.4 18.59 1.036
   vertex -7.4 18.59 1.111
   vertex -7.57 18.59 1.111
  endloop
 endfacet
  facet normal 0 0 0
    outer loop
   vertex -7.32 18.59 0.936
   vertex -7.4 18.59 1.036
   vertex -7.57 18.59 1.036
  endloop
 endfacet
  facet normal 0 0 0
    outer loop
   vertex -7.4 18.59 1.036
   vertex -7.57 18.59 1.111
   vertex -7.57 18.59 1.036
  endloop
 endfacet
  facet normal 0 0 0
    outer loop
   vertex -7.32 18.59 0.936
   vertex -7.57 18.59 1.036
   vertex -7.65 18.59 0.936
  endloop
 endfacet
  facet normal 0 0 0
    outer loop
   vertex -7.65 18.59 0.936
   vertex -7.57 18.59 1.036
   vertex -7.65 18.59 1.036
  endloop
 endfacet
  facet normal 0 0 0
    outer loop
   vertex -8.84 18.59 0.936
   vertex -8.84 18.59 1.036
   vertex -8.92 18.59 1.036
  endloop
 endfacet
  facet normal 0 0 0
    outer loop
   vertex -8.92 18.59 1.036
   vertex -8.92 18.59 1.111
   vertex -9.09 18.59 1.111
  endloop
 endfacet
  facet normal 0 0 0
    outer loop
   vertex -8.84 18.59 0.936
   vertex -8.92 18.59 1.036
   vertex -9.09 18.59 1.036
  endloop
 endfacet
  facet normal 0 0 0
    outer loop
   vertex -8.92 18.59 1.036
   vertex -9.09 18.59 1.111
   vertex -9.09 18.59 1.036
  endloop
 endfacet
  facet normal 0 0 0
    outer loop
   vertex -8.84 18.59 0.936
   vertex -9.09 18.59 1.036
   vertex -9.17 18.59 0.936
  endloop
 endfacet
  facet normal 0 0 0
    outer loop
   vertex -9.17 18.59 0.936
   vertex -9.09 18.59 1.036
   vertex -9.17 18.59 1.036
  endloop
 endfacet
  facet normal 0 0 0
    outer loop
   vertex -9.17 18.76 0.936
   vertex -9.17 18.76 1.036
   vertex -9.09 18.76 1.036
  endloop
 endfacet
  facet normal 0 0 0
    outer loop
   vertex -9.09 18.76 1.036
   vertex -9.09 18.76 1.111
   vertex -8.92 18.76 1.111
  endloop
 endfacet
  facet normal 0 0 0
    outer loop
   vertex -9.17 18.76 0.936
   vertex -9.09 18.76 1.036
   vertex -8.92 18.76 1.036
  endloop
 endfacet
  facet normal 0 0 0
    outer loop
   vertex -9.09 18.76 1.036
   vertex -8.92 18.76 1.111
   vertex -8.92 18.76 1.036
  endloop
 endfacet
  facet normal 0 0 0
    outer loop
   vertex -9.17 18.76 0.936
   vertex -8.92 18.76 1.036
   vertex -8.84 18.76 0.936
  endloop
 endfacet
  facet normal 0 0 0
    outer loop
   vertex -8.84 18.76 0.936
   vertex -8.92 18.76 1.036
   vertex -8.84 18.76 1.036
  endloop
 endfacet
  facet normal 0 0 0
    outer loop
   vertex -7.65 18.76 0.936
   vertex -7.65 18.76 1.036
   vertex -7.57 18.76 1.036
  endloop
 endfacet
  facet normal 0 0 0
    outer loop
   vertex -7.57 18.76 1.036
   vertex -7.57 18.76 1.111
   vertex -7.4 18.76 1.111
  endloop
 endfacet
  facet normal 0 0 0
    outer loop
   vertex -7.65 18.76 0.936
   vertex -7.57 18.76 1.036
   vertex -7.4 18.76 1.036
  endloop
 endfacet
  facet normal 0 0 0
    outer loop
   vertex -7.57 18.76 1.036
   vertex -7.4 18.76 1.111
   vertex -7.4 18.76 1.036
  endloop
 endfacet
  facet normal 0 0 0
    outer loop
   vertex -7.65 18.76 0.936
   vertex -7.4 18.76 1.036
   vertex -7.32 18.76 0.936
  endloop
 endfacet
  facet normal 0 0 0
    outer loop
   vertex -7.32 18.76 0.936
   vertex -7.4 18.76 1.036
   vertex -7.32 18.76 1.036
  endloop
 endfacet
  facet normal 0 0 0
    outer loop
   vertex -6.37 18.76 0.936
   vertex -6.37 18.76 1.036
   vertex -6.29 18.76 1.036
  endloop
 endfacet
  facet normal 0 0 0
    outer loop
   vertex -6.29 18.76 1.036
   vertex -6.29 18.76 1.111
   vertex -6.12 18.76 1.111
  endloop
 endfacet
  facet normal 0 0 0
    outer loop
   vertex -6.37 18.76 0.936
   vertex -6.29 18.76 1.036
   vertex -6.12 18.76 1.036
  endloop
 endfacet
  facet normal 0 0 0
    outer loop
   vertex -6.29 18.76 1.036
   vertex -6.12 18.76 1.111
   vertex -6.12 18.76 1.036
  endloop
 endfacet
  facet normal 0 0 0
    outer loop
   vertex -6.37 18.76 0.936
   vertex -6.12 18.76 1.036
   vertex -6.04 18.76 0.936
  endloop
 endfacet
  facet normal 0 0 0
    outer loop
   vertex -6.04 18.76 0.936
   vertex -6.12 18.76 1.036
   vertex -6.04 18.76 1.036
  endloop
 endfacet
  facet normal 0 0 0
    outer loop
   vertex -4.85 18.76 0.936
   vertex -4.85 18.76 1.036
   vertex -4.77 18.76 1.036
  endloop
 endfacet
  facet normal 0 0 0
    outer loop
   vertex -4.77 18.76 1.036
   vertex -4.77 18.76 1.111
   vertex -4.6 18.76 1.111
  endloop
 endfacet
  facet normal 0 0 0
    outer loop
   vertex -4.85 18.76 0.936
   vertex -4.77 18.76 1.036
   vertex -4.6 18.76 1.036
  endloop
 endfacet
  facet normal 0 0 0
    outer loop
   vertex -4.77 18.76 1.036
   vertex -4.6 18.76 1.111
   vertex -4.6 18.76 1.036
  endloop
 endfacet
  facet normal 0 0 0
    outer loop
   vertex -4.85 18.76 0.936
   vertex -4.6 18.76 1.036
   vertex -4.52 18.76 0.936
  endloop
 endfacet
  facet normal 0 0 0
    outer loop
   vertex -4.52 18.76 0.936
   vertex -4.6 18.76 1.036
   vertex -4.52 18.76 1.036
  endloop
 endfacet
  facet normal 0 0 0
    outer loop
   vertex -9.09 16.89 1.036
   vertex -9.09 16.89 1.111
   vertex -9.09 17.06 1.111
  endloop
 endfacet
  facet normal 0 0 0
    outer loop
   vertex -9.09 16.89 1.036
   vertex -9.09 17.06 1.111
   vertex -9.09 17.06 1.036
  endloop
 endfacet
  facet normal 0 0 0
    outer loop
   vertex -9.09 18.59 1.036
   vertex -9.09 18.59 1.111
   vertex -9.09 18.76 1.111
  endloop
 endfacet
  facet normal 0 0 0
    outer loop
   vertex -9.09 18.59 1.036
   vertex -9.09 18.76 1.111
   vertex -9.09 18.76 1.036
  endloop
 endfacet
  facet normal 0 0 0
    outer loop
   vertex -8.92 18.76 1.036
   vertex -8.92 18.76 1.111
   vertex -8.92 18.59 1.111
  endloop
 endfacet
  facet normal 0 0 0
    outer loop
   vertex -8.92 18.76 1.036
   vertex -8.92 18.59 1.111
   vertex -8.92 18.59 1.036
  endloop
 endfacet
  facet normal 0 0 0
    outer loop
   vertex -8.92 17.06 1.036
   vertex -8.92 17.06 1.111
   vertex -8.92 16.89 1.111
  endloop
 endfacet
  facet normal 0 0 0
    outer loop
   vertex -8.92 17.06 1.036
   vertex -8.92 16.89 1.111
   vertex -8.92 16.89 1.036
  endloop
 endfacet
  facet normal 0 0 0
    outer loop
   vertex -7.57 16.89 1.036
   vertex -7.57 16.89 1.111
   vertex -7.57 17.06 1.111
  endloop
 endfacet
  facet normal 0 0 0
    outer loop
   vertex -7.57 16.89 1.036
   vertex -7.57 17.06 1.111
   vertex -7.57 17.06 1.036
  endloop
 endfacet
  facet normal 0 0 0
    outer loop
   vertex -7.57 18.59 1.036
   vertex -7.57 18.59 1.111
   vertex -7.57 18.76 1.111
  endloop
 endfacet
  facet normal 0 0 0
    outer loop
   vertex -7.57 18.59 1.036
   vertex -7.57 18.76 1.111
   vertex -7.57 18.76 1.036
  endloop
 endfacet
  facet normal 0 0 0
    outer loop
   vertex -7.4 18.76 1.036
   vertex -7.4 18.76 1.111
   vertex -7.4 18.59 1.111
  endloop
 endfacet
  facet normal 0 0 0
    outer loop
   vertex -7.4 18.76 1.036
   vertex -7.4 18.59 1.111
   vertex -7.4 18.59 1.036
  endloop
 endfacet
  facet normal 0 0 0
    outer loop
   vertex -7.4 17.06 1.036
   vertex -7.4 17.06 1.111
   vertex -7.4 16.89 1.111
  endloop
 endfacet
  facet normal 0 0 0
    outer loop
   vertex -7.4 17.06 1.036
   vertex -7.4 16.89 1.111
   vertex -7.4 16.89 1.036
  endloop
 endfacet
  facet normal 0 0 0
    outer loop
   vertex -4.6 18.76 1.036
   vertex -4.6 18.76 1.111
   vertex -4.6 18.59 1.111
  endloop
 endfacet
  facet normal 0 0 0
    outer loop
   vertex -4.6 18.76 1.036
   vertex -4.6 18.59 1.111
   vertex -4.6 18.59 1.036
  endloop
 endfacet
  facet normal 0 0 0
    outer loop
   vertex -4.6 17.06 1.036
   vertex -4.6 17.06 1.111
   vertex -4.6 16.89 1.111
  endloop
 endfacet
  facet normal 0 0 0
    outer loop
   vertex -4.6 17.06 1.036
   vertex -4.6 16.89 1.111
   vertex -4.6 16.89 1.036
  endloop
 endfacet
  facet normal 0 0 0
    outer loop
   vertex -6.29 16.89 1.036
   vertex -6.29 16.89 1.111
   vertex -6.29 17.06 1.111
  endloop
 endfacet
  facet normal 0 0 0
    outer loop
   vertex -6.29 16.89 1.036
   vertex -6.29 17.06 1.111
   vertex -6.29 17.06 1.036
  endloop
 endfacet
  facet normal 0 0 0
    outer loop
   vertex -6.29 18.59 1.036
   vertex -6.29 18.59 1.111
   vertex -6.29 18.76 1.111
  endloop
 endfacet
  facet normal 0 0 0
    outer loop
   vertex -6.29 18.59 1.036
   vertex -6.29 18.76 1.111
   vertex -6.29 18.76 1.036
  endloop
 endfacet
  facet normal 0 0 0
    outer loop
   vertex -6.12 18.76 1.036
   vertex -6.12 18.76 1.111
   vertex -6.12 18.59 1.111
  endloop
 endfacet
  facet normal 0 0 0
    outer loop
   vertex -6.12 18.76 1.036
   vertex -6.12 18.59 1.111
   vertex -6.12 18.59 1.036
  endloop
 endfacet
  facet normal 0 0 0
    outer loop
   vertex -6.12 17.06 1.036
   vertex -6.12 17.06 1.111
   vertex -6.12 16.89 1.111
  endloop
 endfacet
  facet normal 0 0 0
    outer loop
   vertex -6.12 17.06 1.036
   vertex -6.12 16.89 1.111
   vertex -6.12 16.89 1.036
  endloop
 endfacet
  facet normal 0 0 0
    outer loop
   vertex -4.77 16.89 1.036
   vertex -4.77 16.89 1.111
   vertex -4.77 17.06 1.111
  endloop
 endfacet
  facet normal 0 0 0
    outer loop
   vertex -4.77 16.89 1.036
   vertex -4.77 17.06 1.111
   vertex -4.77 17.06 1.036
  endloop
 endfacet
  facet normal 0 0 0
    outer loop
   vertex -4.77 18.59 1.036
   vertex -4.77 18.59 1.111
   vertex -4.77 18.76 1.111
  endloop
 endfacet
  facet normal 0 0 0
    outer loop
   vertex -4.77 18.59 1.036
   vertex -4.77 18.76 1.111
   vertex -4.77 18.76 1.036
  endloop
 endfacet
  facet normal 0 0 0
    outer loop
   vertex -9.24 16.8 1.376
   vertex -9.09 16.89 1.376
   vertex -8.82 16.8 1.376
  endloop
 endfacet
  facet normal 0 0 0
    outer loop
   vertex -9.24 16.8 1.376
   vertex -9.24 17.15 1.376
   vertex -9.09 16.89 1.376
  endloop
 endfacet
  facet normal 0 0 0
    outer loop
   vertex -8.82 16.8 1.376
   vertex -8.92 16.89 1.376
   vertex -8.82 17.15 1.376
  endloop
 endfacet
  facet normal 0 0 0
    outer loop
   vertex -8.82 16.8 1.376
   vertex -9.09 16.89 1.376
   vertex -8.92 16.89 1.376
  endloop
 endfacet
  facet normal 0 0 0
    outer loop
   vertex -8.92 16.89 1.376
   vertex -8.92 17.06 1.376
   vertex -8.82 17.15 1.376
  endloop
 endfacet
  facet normal 0 0 0
    outer loop
   vertex -9.09 16.89 1.376
   vertex -9.24 17.15 1.376
   vertex -9.09 17.06 1.376
  endloop
 endfacet
  facet normal 0 0 0
    outer loop
   vertex -9.09 17.06 1.376
   vertex -9.24 17.15 1.376
   vertex -8.82 17.15 1.376
  endloop
 endfacet
  facet normal 0 0 0
    outer loop
   vertex -9.09 17.06 1.376
   vertex -8.82 17.15 1.376
   vertex -8.92 17.06 1.376
  endloop
 endfacet
  facet normal 0 0 0
    outer loop
   vertex -7.67 16.8 1.376
   vertex -7.67 17.15 1.376
   vertex -7.57 16.89 1.376
  endloop
 endfacet
  facet normal 0 0 0
    outer loop
   vertex -7.21 16.8 1.376
   vertex -7.4 16.89 1.376
   vertex -7.21 17.15 1.376
  endloop
 endfacet
  facet normal 0 0 0
    outer loop
   vertex -7.67 16.8 1.376
   vertex -7.4 16.89 1.376
   vertex -7.21 16.8 1.376
  endloop
 endfacet
  facet normal 0 0 0
    outer loop
   vertex -7.67 16.8 1.376
   vertex -7.57 16.89 1.376
   vertex -7.4 16.89 1.376
  endloop
 endfacet
  facet normal 0 0 0
    outer loop
   vertex -7.4 17.06 1.376
   vertex -7.67 17.15 1.376
   vertex -7.21 17.15 1.376
  endloop
 endfacet
  facet normal 0 0 0
    outer loop
   vertex -7.4 16.89 1.376
   vertex -7.4 17.06 1.376
   vertex -7.21 17.15 1.376
  endloop
 endfacet
  facet normal 0 0 0
    outer loop
   vertex -7.57 17.06 1.376
   vertex -7.67 17.15 1.376
   vertex -7.4 17.06 1.376
  endloop
 endfacet
  facet normal 0 0 0
    outer loop
   vertex -7.57 16.89 1.376
   vertex -7.67 17.15 1.376
   vertex -7.57 17.06 1.376
  endloop
 endfacet
  facet normal 0 0 0
    outer loop
   vertex -6.44 16.8 1.376
   vertex -6.29 16.89 1.376
   vertex -6.02 16.8 1.376
  endloop
 endfacet
  facet normal 0 0 0
    outer loop
   vertex -6.44 16.8 1.376
   vertex -6.44 17.15 1.376
   vertex -6.29 16.89 1.376
  endloop
 endfacet
  facet normal 0 0 0
    outer loop
   vertex -6.02 16.8 1.376
   vertex -6.12 16.89 1.376
   vertex -6.02 17.15 1.376
  endloop
 endfacet
  facet normal 0 0 0
    outer loop
   vertex -6.02 16.8 1.376
   vertex -6.29 16.89 1.376
   vertex -6.12 16.89 1.376
  endloop
 endfacet
  facet normal 0 0 0
    outer loop
   vertex -6.12 16.89 1.376
   vertex -6.12 17.06 1.376
   vertex -6.02 17.15 1.376
  endloop
 endfacet
  facet normal 0 0 0
    outer loop
   vertex -6.29 16.89 1.376
   vertex -6.44 17.15 1.376
   vertex -6.29 17.06 1.376
  endloop
 endfacet
  facet normal 0 0 0
    outer loop
   vertex -6.29 17.06 1.376
   vertex -6.44 17.15 1.376
   vertex -6.02 17.15 1.376
  endloop
 endfacet
  facet normal 0 0 0
    outer loop
   vertex -6.29 17.06 1.376
   vertex -6.02 17.15 1.376
   vertex -6.12 17.06 1.376
  endloop
 endfacet
  facet normal 0 0 0
    outer loop
   vertex -4.87 16.8 1.376
   vertex -4.87 17.15 1.376
   vertex -4.77 16.89 1.376
  endloop
 endfacet
  facet normal 0 0 0
    outer loop
   vertex -4.41 16.8 1.376
   vertex -4.6 16.89 1.376
   vertex -4.41 17.15 1.376
  endloop
 endfacet
  facet normal 0 0 0
    outer loop
   vertex -4.87 16.8 1.376
   vertex -4.6 16.89 1.376
   vertex -4.41 16.8 1.376
  endloop
 endfacet
  facet normal 0 0 0
    outer loop
   vertex -4.87 16.8 1.376
   vertex -4.77 16.89 1.376
   vertex -4.6 16.89 1.376
  endloop
 endfacet
  facet normal 0 0 0
    outer loop
   vertex -4.6 17.06 1.376
   vertex -4.87 17.15 1.376
   vertex -4.41 17.15 1.376
  endloop
 endfacet
  facet normal 0 0 0
    outer loop
   vertex -4.6 16.89 1.376
   vertex -4.6 17.06 1.376
   vertex -4.41 17.15 1.376
  endloop
 endfacet
  facet normal 0 0 0
    outer loop
   vertex -4.77 17.06 1.376
   vertex -4.87 17.15 1.376
   vertex -4.6 17.06 1.376
  endloop
 endfacet
  facet normal 0 0 0
    outer loop
   vertex -4.77 16.89 1.376
   vertex -4.87 17.15 1.376
   vertex -4.77 17.06 1.376
  endloop
 endfacet
  facet normal 0 0 0
    outer loop
   vertex -9.24 18.5 1.376
   vertex -9.09 18.59 1.376
   vertex -8.82 18.5 1.376
  endloop
 endfacet
  facet normal 0 0 0
    outer loop
   vertex -9.24 18.5 1.376
   vertex -9.24 18.85 1.376
   vertex -9.09 18.59 1.376
  endloop
 endfacet
  facet normal 0 0 0
    outer loop
   vertex -8.82 18.5 1.376
   vertex -8.92 18.59 1.376
   vertex -8.82 18.85 1.376
  endloop
 endfacet
  facet normal 0 0 0
    outer loop
   vertex -8.82 18.5 1.376
   vertex -9.09 18.59 1.376
   vertex -8.92 18.59 1.376
  endloop
 endfacet
  facet normal 0 0 0
    outer loop
   vertex -8.92 18.59 1.376
   vertex -8.92 18.76 1.376
   vertex -8.82 18.85 1.376
  endloop
 endfacet
  facet normal 0 0 0
    outer loop
   vertex -9.09 18.59 1.376
   vertex -9.24 18.85 1.376
   vertex -9.09 18.76 1.376
  endloop
 endfacet
  facet normal 0 0 0
    outer loop
   vertex -9.09 18.76 1.376
   vertex -9.24 18.85 1.376
   vertex -8.82 18.85 1.376
  endloop
 endfacet
  facet normal 0 0 0
    outer loop
   vertex -9.09 18.76 1.376
   vertex -8.82 18.85 1.376
   vertex -8.92 18.76 1.376
  endloop
 endfacet
  facet normal 0 0 0
    outer loop
   vertex -7.67 18.5 1.376
   vertex -7.67 18.85 1.376
   vertex -7.57 18.59 1.376
  endloop
 endfacet
  facet normal 0 0 0
    outer loop
   vertex -7.21 18.5 1.376
   vertex -7.4 18.59 1.376
   vertex -7.21 18.85 1.376
  endloop
 endfacet
  facet normal 0 0 0
    outer loop
   vertex -7.67 18.5 1.376
   vertex -7.4 18.59 1.376
   vertex -7.21 18.5 1.376
  endloop
 endfacet
  facet normal 0 0 0
    outer loop
   vertex -7.67 18.5 1.376
   vertex -7.57 18.59 1.376
   vertex -7.4 18.59 1.376
  endloop
 endfacet
  facet normal 0 0 0
    outer loop
   vertex -7.4 18.76 1.376
   vertex -7.67 18.85 1.376
   vertex -7.21 18.85 1.376
  endloop
 endfacet
  facet normal 0 0 0
    outer loop
   vertex -7.4 18.59 1.376
   vertex -7.4 18.76 1.376
   vertex -7.21 18.85 1.376
  endloop
 endfacet
  facet normal 0 0 0
    outer loop
   vertex -7.57 18.76 1.376
   vertex -7.67 18.85 1.376
   vertex -7.4 18.76 1.376
  endloop
 endfacet
  facet normal 0 0 0
    outer loop
   vertex -7.57 18.59 1.376
   vertex -7.67 18.85 1.376
   vertex -7.57 18.76 1.376
  endloop
 endfacet
  facet normal 0 0 0
    outer loop
   vertex -6.44 18.5 1.376
   vertex -6.29 18.59 1.376
   vertex -6.02 18.5 1.376
  endloop
 endfacet
  facet normal 0 0 0
    outer loop
   vertex -6.44 18.5 1.376
   vertex -6.44 18.85 1.376
   vertex -6.29 18.59 1.376
  endloop
 endfacet
  facet normal 0 0 0
    outer loop
   vertex -6.02 18.5 1.376
   vertex -6.12 18.59 1.376
   vertex -6.02 18.85 1.376
  endloop
 endfacet
  facet normal 0 0 0
    outer loop
   vertex -6.02 18.5 1.376
   vertex -6.29 18.59 1.376
   vertex -6.12 18.59 1.376
  endloop
 endfacet
  facet normal 0 0 0
    outer loop
   vertex -6.12 18.59 1.376
   vertex -6.12 18.76 1.376
   vertex -6.02 18.85 1.376
  endloop
 endfacet
  facet normal 0 0 0
    outer loop
   vertex -6.29 18.59 1.376
   vertex -6.44 18.85 1.376
   vertex -6.29 18.76 1.376
  endloop
 endfacet
  facet normal 0 0 0
    outer loop
   vertex -6.29 18.76 1.376
   vertex -6.44 18.85 1.376
   vertex -6.02 18.85 1.376
  endloop
 endfacet
  facet normal 0 0 0
    outer loop
   vertex -6.29 18.76 1.376
   vertex -6.02 18.85 1.376
   vertex -6.12 18.76 1.376
  endloop
 endfacet
  facet normal 0 0 0
    outer loop
   vertex -4.87 18.5 1.376
   vertex -4.87 18.85 1.376
   vertex -4.77 18.59 1.376
  endloop
 endfacet
  facet normal 0 0 0
    outer loop
   vertex -4.41 18.5 1.376
   vertex -4.6 18.59 1.376
   vertex -4.41 18.85 1.376
  endloop
 endfacet
  facet normal 0 0 0
    outer loop
   vertex -4.87 18.5 1.376
   vertex -4.6 18.59 1.376
   vertex -4.41 18.5 1.376
  endloop
 endfacet
  facet normal 0 0 0
    outer loop
   vertex -4.87 18.5 1.376
   vertex -4.77 18.59 1.376
   vertex -4.6 18.59 1.376
  endloop
 endfacet
  facet normal 0 0 0
    outer loop
   vertex -4.6 18.76 1.376
   vertex -4.87 18.85 1.376
   vertex -4.41 18.85 1.376
  endloop
 endfacet
  facet normal 0 0 0
    outer loop
   vertex -4.6 18.59 1.376
   vertex -4.6 18.76 1.376
   vertex -4.41 18.85 1.376
  endloop
 endfacet
  facet normal 0 0 0
    outer loop
   vertex -4.77 18.76 1.376
   vertex -4.87 18.85 1.376
   vertex -4.6 18.76 1.376
  endloop
 endfacet
  facet normal 0 0 0
    outer loop
   vertex -4.77 18.59 1.376
   vertex -4.87 18.85 1.376
   vertex -4.77 18.76 1.376
  endloop
 endfacet
  facet normal 0 0 0
    outer loop
   vertex -9.09 17.06 1.111
   vertex -9.09 17.06 1.376
   vertex -8.92 17.06 1.376
  endloop
 endfacet
  facet normal 0 0 0
    outer loop
   vertex -9.09 17.06 1.111
   vertex -8.92 17.06 1.376
   vertex -8.92 17.06 1.111
  endloop
 endfacet
  facet normal 0 0 0
    outer loop
   vertex -7.57 17.06 1.111
   vertex -7.57 17.06 1.376
   vertex -7.4 17.06 1.376
  endloop
 endfacet
  facet normal 0 0 0
    outer loop
   vertex -7.57 17.06 1.111
   vertex -7.4 17.06 1.376
   vertex -7.4 17.06 1.111
  endloop
 endfacet
  facet normal 0 0 0
    outer loop
   vertex -6.29 17.06 1.111
   vertex -6.29 17.06 1.376
   vertex -6.12 17.06 1.376
  endloop
 endfacet
  facet normal 0 0 0
    outer loop
   vertex -6.29 17.06 1.111
   vertex -6.12 17.06 1.376
   vertex -6.12 17.06 1.111
  endloop
 endfacet
  facet normal 0 0 0
    outer loop
   vertex -4.77 17.06 1.111
   vertex -4.77 17.06 1.376
   vertex -4.6 17.06 1.376
  endloop
 endfacet
  facet normal 0 0 0
    outer loop
   vertex -4.77 17.06 1.111
   vertex -4.6 17.06 1.376
   vertex -4.6 17.06 1.111
  endloop
 endfacet
  facet normal 0 0 0
    outer loop
   vertex -4.6 16.89 1.111
   vertex -4.6 16.89 1.376
   vertex -4.77 16.89 1.376
  endloop
 endfacet
  facet normal 0 0 0
    outer loop
   vertex -4.6 16.89 1.111
   vertex -4.77 16.89 1.376
   vertex -4.77 16.89 1.111
  endloop
 endfacet
  facet normal 0 0 0
    outer loop
   vertex -6.12 16.89 1.111
   vertex -6.12 16.89 1.376
   vertex -6.29 16.89 1.376
  endloop
 endfacet
  facet normal 0 0 0
    outer loop
   vertex -6.12 16.89 1.111
   vertex -6.29 16.89 1.376
   vertex -6.29 16.89 1.111
  endloop
 endfacet
  facet normal 0 0 0
    outer loop
   vertex -7.4 16.89 1.111
   vertex -7.4 16.89 1.376
   vertex -7.57 16.89 1.376
  endloop
 endfacet
  facet normal 0 0 0
    outer loop
   vertex -7.4 16.89 1.111
   vertex -7.57 16.89 1.376
   vertex -7.57 16.89 1.111
  endloop
 endfacet
  facet normal 0 0 0
    outer loop
   vertex -8.92 16.89 1.111
   vertex -8.92 16.89 1.376
   vertex -9.09 16.89 1.376
  endloop
 endfacet
  facet normal 0 0 0
    outer loop
   vertex -8.92 16.89 1.111
   vertex -9.09 16.89 1.376
   vertex -9.09 16.89 1.111
  endloop
 endfacet
  facet normal 0 0 0
    outer loop
   vertex -9.09 16.89 1.111
   vertex -9.09 16.89 1.376
   vertex -9.09 17.06 1.376
  endloop
 endfacet
  facet normal 0 0 0
    outer loop
   vertex -9.09 16.89 1.111
   vertex -9.09 17.06 1.376
   vertex -9.09 17.06 1.111
  endloop
 endfacet
  facet normal 0 0 0
    outer loop
   vertex -9.09 18.59 1.111
   vertex -9.09 18.59 1.376
   vertex -9.09 18.76 1.376
  endloop
 endfacet
  facet normal 0 0 0
    outer loop
   vertex -9.09 18.59 1.111
   vertex -9.09 18.76 1.376
   vertex -9.09 18.76 1.111
  endloop
 endfacet
  facet normal 0 0 0
    outer loop
   vertex -8.92 18.76 1.111
   vertex -8.92 18.76 1.376
   vertex -8.92 18.59 1.376
  endloop
 endfacet
  facet normal 0 0 0
    outer loop
   vertex -8.92 18.76 1.111
   vertex -8.92 18.59 1.376
   vertex -8.92 18.59 1.111
  endloop
 endfacet
  facet normal 0 0 0
    outer loop
   vertex -8.92 17.06 1.111
   vertex -8.92 17.06 1.376
   vertex -8.92 16.89 1.376
  endloop
 endfacet
  facet normal 0 0 0
    outer loop
   vertex -8.92 17.06 1.111
   vertex -8.92 16.89 1.376
   vertex -8.92 16.89 1.111
  endloop
 endfacet
  facet normal 0 0 0
    outer loop
   vertex -7.57 16.89 1.111
   vertex -7.57 16.89 1.376
   vertex -7.57 17.06 1.376
  endloop
 endfacet
  facet normal 0 0 0
    outer loop
   vertex -7.57 16.89 1.111
   vertex -7.57 17.06 1.376
   vertex -7.57 17.06 1.111
  endloop
 endfacet
  facet normal 0 0 0
    outer loop
   vertex -7.57 18.59 1.111
   vertex -7.57 18.59 1.376
   vertex -7.57 18.76 1.376
  endloop
 endfacet
  facet normal 0 0 0
    outer loop
   vertex -7.57 18.59 1.111
   vertex -7.57 18.76 1.376
   vertex -7.57 18.76 1.111
  endloop
 endfacet
  facet normal 0 0 0
    outer loop
   vertex -7.4 18.76 1.111
   vertex -7.4 18.76 1.376
   vertex -7.4 18.59 1.376
  endloop
 endfacet
  facet normal 0 0 0
    outer loop
   vertex -7.4 18.76 1.111
   vertex -7.4 18.59 1.376
   vertex -7.4 18.59 1.111
  endloop
 endfacet
  facet normal 0 0 0
    outer loop
   vertex -7.4 17.06 1.111
   vertex -7.4 17.06 1.376
   vertex -7.4 16.89 1.376
  endloop
 endfacet
  facet normal 0 0 0
    outer loop
   vertex -7.4 17.06 1.111
   vertex -7.4 16.89 1.376
   vertex -7.4 16.89 1.111
  endloop
 endfacet
  facet normal 0 0 0
    outer loop
   vertex -6.29 16.89 1.111
   vertex -6.29 16.89 1.376
   vertex -6.29 17.06 1.376
  endloop
 endfacet
  facet normal 0 0 0
    outer loop
   vertex -6.29 16.89 1.111
   vertex -6.29 17.06 1.376
   vertex -6.29 17.06 1.111
  endloop
 endfacet
  facet normal 0 0 0
    outer loop
   vertex -6.29 18.59 1.111
   vertex -6.29 18.59 1.376
   vertex -6.29 18.76 1.376
  endloop
 endfacet
  facet normal 0 0 0
    outer loop
   vertex -6.29 18.59 1.111
   vertex -6.29 18.76 1.376
   vertex -6.29 18.76 1.111
  endloop
 endfacet
  facet normal 0 0 0
    outer loop
   vertex -6.12 18.76 1.111
   vertex -6.12 18.76 1.376
   vertex -6.12 18.59 1.376
  endloop
 endfacet
  facet normal 0 0 0
    outer loop
   vertex -6.12 18.76 1.111
   vertex -6.12 18.59 1.376
   vertex -6.12 18.59 1.111
  endloop
 endfacet
  facet normal 0 0 0
    outer loop
   vertex -6.12 17.06 1.111
   vertex -6.12 17.06 1.376
   vertex -6.12 16.89 1.376
  endloop
 endfacet
  facet normal 0 0 0
    outer loop
   vertex -6.12 17.06 1.111
   vertex -6.12 16.89 1.376
   vertex -6.12 16.89 1.111
  endloop
 endfacet
  facet normal 0 0 0
    outer loop
   vertex -4.77 16.89 1.111
   vertex -4.77 16.89 1.376
   vertex -4.77 17.06 1.376
  endloop
 endfacet
  facet normal 0 0 0
    outer loop
   vertex -4.77 16.89 1.111
   vertex -4.77 17.06 1.376
   vertex -4.77 17.06 1.111
  endloop
 endfacet
  facet normal 0 0 0
    outer loop
   vertex -4.77 18.59 1.111
   vertex -4.77 18.59 1.376
   vertex -4.77 18.76 1.376
  endloop
 endfacet
  facet normal 0 0 0
    outer loop
   vertex -4.77 18.59 1.111
   vertex -4.77 18.76 1.376
   vertex -4.77 18.76 1.111
  endloop
 endfacet
  facet normal 0 0 0
    outer loop
   vertex -4.6 18.76 1.111
   vertex -4.6 18.76 1.376
   vertex -4.6 18.59 1.376
  endloop
 endfacet
  facet normal 0 0 0
    outer loop
   vertex -4.6 18.76 1.111
   vertex -4.6 18.59 1.376
   vertex -4.6 18.59 1.111
  endloop
 endfacet
  facet normal 0 0 0
    outer loop
   vertex -4.6 17.06 1.111
   vertex -4.6 17.06 1.376
   vertex -4.6 16.89 1.376
  endloop
 endfacet
  facet normal 0 0 0
    outer loop
   vertex -4.6 17.06 1.111
   vertex -4.6 16.89 1.376
   vertex -4.6 16.89 1.111
  endloop
 endfacet
  facet normal 0 0 0
    outer loop
   vertex -4.6 18.59 1.111
   vertex -4.6 18.59 1.376
   vertex -4.77 18.59 1.376
  endloop
 endfacet
  facet normal 0 0 0
    outer loop
   vertex -4.6 18.59 1.111
   vertex -4.77 18.59 1.376
   vertex -4.77 18.59 1.111
  endloop
 endfacet
  facet normal 0 0 0
    outer loop
   vertex -6.12 18.59 1.111
   vertex -6.12 18.59 1.376
   vertex -6.29 18.59 1.376
  endloop
 endfacet
  facet normal 0 0 0
    outer loop
   vertex -6.12 18.59 1.111
   vertex -6.29 18.59 1.376
   vertex -6.29 18.59 1.111
  endloop
 endfacet
  facet normal 0 0 0
    outer loop
   vertex -7.4 18.59 1.111
   vertex -7.4 18.59 1.376
   vertex -7.57 18.59 1.376
  endloop
 endfacet
  facet normal 0 0 0
    outer loop
   vertex -7.4 18.59 1.111
   vertex -7.57 18.59 1.376
   vertex -7.57 18.59 1.111
  endloop
 endfacet
  facet normal 0 0 0
    outer loop
   vertex -8.92 18.59 1.111
   vertex -8.92 18.59 1.376
   vertex -9.09 18.59 1.376
  endloop
 endfacet
  facet normal 0 0 0
    outer loop
   vertex -8.92 18.59 1.111
   vertex -9.09 18.59 1.376
   vertex -9.09 18.59 1.111
  endloop
 endfacet
  facet normal 0 0 0
    outer loop
   vertex -9.09 18.76 1.111
   vertex -9.09 18.76 1.376
   vertex -8.92 18.76 1.376
  endloop
 endfacet
  facet normal 0 0 0
    outer loop
   vertex -9.09 18.76 1.111
   vertex -8.92 18.76 1.376
   vertex -8.92 18.76 1.111
  endloop
 endfacet
  facet normal 0 0 0
    outer loop
   vertex -7.57 18.76 1.111
   vertex -7.57 18.76 1.376
   vertex -7.4 18.76 1.376
  endloop
 endfacet
  facet normal 0 0 0
    outer loop
   vertex -7.57 18.76 1.111
   vertex -7.4 18.76 1.376
   vertex -7.4 18.76 1.111
  endloop
 endfacet
  facet normal 0 0 0
    outer loop
   vertex -6.29 18.76 1.111
   vertex -6.29 18.76 1.376
   vertex -6.12 18.76 1.376
  endloop
 endfacet
  facet normal 0 0 0
    outer loop
   vertex -6.29 18.76 1.111
   vertex -6.12 18.76 1.376
   vertex -6.12 18.76 1.111
  endloop
 endfacet
  facet normal 0 0 0
    outer loop
   vertex -4.77 18.76 1.111
   vertex -4.77 18.76 1.376
   vertex -4.6 18.76 1.376
  endloop
 endfacet
  facet normal 0 0 0
    outer loop
   vertex -4.77 18.76 1.111
   vertex -4.6 18.76 1.376
   vertex -4.6 18.76 1.111
  endloop
 endfacet
  facet normal 0 0 0
    outer loop
   vertex -8.82 16.8 1.736
   vertex -9.105 16.9 1.736
   vertex -9.24 16.8 1.736
  endloop
 endfacet
  facet normal 0 0 0
    outer loop
   vertex -9.105 16.9 1.736
   vertex -9.24 17.15 1.736
   vertex -9.24 16.8 1.736
  endloop
 endfacet
  facet normal 0 0 0
    outer loop
   vertex -8.82 17.15 1.736
   vertex -8.955 16.9 1.736
   vertex -8.82 16.8 1.736
  endloop
 endfacet
  facet normal 0 0 0
    outer loop
   vertex -8.955 16.9 1.736
   vertex -9.105 16.9 1.736
   vertex -8.82 16.8 1.736
  endloop
 endfacet
  facet normal 0 0 0
    outer loop
   vertex -8.82 17.15 1.736
   vertex -9.24 17.15 1.736
   vertex -8.955 17.05 1.736
  endloop
 endfacet
  facet normal 0 0 0
    outer loop
   vertex -8.82 17.15 1.736
   vertex -8.955 17.05 1.736
   vertex -8.955 16.9 1.736
  endloop
 endfacet
  facet normal 0 0 0
    outer loop
   vertex -9.105 17.05 1.736
   vertex -9.24 17.15 1.736
   vertex -9.105 16.9 1.736
  endloop
 endfacet
  facet normal 0 0 0
    outer loop
   vertex -8.955 17.05 1.736
   vertex -9.24 17.15 1.736
   vertex -9.105 17.05 1.736
  endloop
 endfacet
  facet normal 0 0 0
    outer loop
   vertex -7.21 16.8 1.736
   vertex -7.495 16.9 1.736
   vertex -7.67 16.8 1.736
  endloop
 endfacet
  facet normal 0 0 0
    outer loop
   vertex -7.495 16.9 1.736
   vertex -7.67 17.15 1.736
   vertex -7.67 16.8 1.736
  endloop
 endfacet
  facet normal 0 0 0
    outer loop
   vertex -7.21 17.15 1.736
   vertex -7.345 16.9 1.736
   vertex -7.21 16.8 1.736
  endloop
 endfacet
  facet normal 0 0 0
    outer loop
   vertex -7.345 16.9 1.736
   vertex -7.495 16.9 1.736
   vertex -7.21 16.8 1.736
  endloop
 endfacet
  facet normal 0 0 0
    outer loop
   vertex -7.21 17.15 1.736
   vertex -7.345 17.05 1.736
   vertex -7.345 16.9 1.736
  endloop
 endfacet
  facet normal 0 0 0
    outer loop
   vertex -7.495 17.05 1.736
   vertex -7.67 17.15 1.736
   vertex -7.495 16.9 1.736
  endloop
 endfacet
  facet normal 0 0 0
    outer loop
   vertex -7.21 17.15 1.736
   vertex -7.67 17.15 1.736
   vertex -7.495 17.05 1.736
  endloop
 endfacet
  facet normal 0 0 0
    outer loop
   vertex -7.345 17.05 1.736
   vertex -7.21 17.15 1.736
   vertex -7.495 17.05 1.736
  endloop
 endfacet
  facet normal 0 0 0
    outer loop
   vertex -6.02 16.8 1.736
   vertex -6.305 16.9 1.736
   vertex -6.44 16.8 1.736
  endloop
 endfacet
  facet normal 0 0 0
    outer loop
   vertex -6.305 16.9 1.736
   vertex -6.44 17.15 1.736
   vertex -6.44 16.8 1.736
  endloop
 endfacet
  facet normal 0 0 0
    outer loop
   vertex -6.02 17.15 1.736
   vertex -6.155 16.9 1.736
   vertex -6.02 16.8 1.736
  endloop
 endfacet
  facet normal 0 0 0
    outer loop
   vertex -6.155 16.9 1.736
   vertex -6.305 16.9 1.736
   vertex -6.02 16.8 1.736
  endloop
 endfacet
  facet normal 0 0 0
    outer loop
   vertex -6.02 17.15 1.736
   vertex -6.44 17.15 1.736
   vertex -6.155 17.05 1.736
  endloop
 endfacet
  facet normal 0 0 0
    outer loop
   vertex -6.02 17.15 1.736
   vertex -6.155 17.05 1.736
   vertex -6.155 16.9 1.736
  endloop
 endfacet
  facet normal 0 0 0
    outer loop
   vertex -6.305 17.05 1.736
   vertex -6.44 17.15 1.736
   vertex -6.305 16.9 1.736
  endloop
 endfacet
  facet normal 0 0 0
    outer loop
   vertex -6.155 17.05 1.736
   vertex -6.44 17.15 1.736
   vertex -6.305 17.05 1.736
  endloop
 endfacet
  facet normal 0 0 0
    outer loop
   vertex -4.41 16.8 1.736
   vertex -4.695 16.9 1.736
   vertex -4.87 16.8 1.736
  endloop
 endfacet
  facet normal 0 0 0
    outer loop
   vertex -4.695 16.9 1.736
   vertex -4.87 17.15 1.736
   vertex -4.87 16.8 1.736
  endloop
 endfacet
  facet normal 0 0 0
    outer loop
   vertex -4.41 17.15 1.736
   vertex -4.545 16.9 1.736
   vertex -4.41 16.8 1.736
  endloop
 endfacet
  facet normal 0 0 0
    outer loop
   vertex -4.545 16.9 1.736
   vertex -4.695 16.9 1.736
   vertex -4.41 16.8 1.736
  endloop
 endfacet
  facet normal 0 0 0
    outer loop
   vertex -4.41 17.15 1.736
   vertex -4.545 17.05 1.736
   vertex -4.545 16.9 1.736
  endloop
 endfacet
  facet normal 0 0 0
    outer loop
   vertex -4.695 17.05 1.736
   vertex -4.87 17.15 1.736
   vertex -4.695 16.9 1.736
  endloop
 endfacet
  facet normal 0 0 0
    outer loop
   vertex -4.41 17.15 1.736
   vertex -4.87 17.15 1.736
   vertex -4.695 17.05 1.736
  endloop
 endfacet
  facet normal 0 0 0
    outer loop
   vertex -4.545 17.05 1.736
   vertex -4.41 17.15 1.736
   vertex -4.695 17.05 1.736
  endloop
 endfacet
  facet normal 0 0 0
    outer loop
   vertex -8.82 18.5 1.736
   vertex -9.105 18.6 1.736
   vertex -9.24 18.5 1.736
  endloop
 endfacet
  facet normal 0 0 0
    outer loop
   vertex -9.105 18.6 1.736
   vertex -9.24 18.85 1.736
   vertex -9.24 18.5 1.736
  endloop
 endfacet
  facet normal 0 0 0
    outer loop
   vertex -8.82 18.85 1.736
   vertex -8.955 18.6 1.736
   vertex -8.82 18.5 1.736
  endloop
 endfacet
  facet normal 0 0 0
    outer loop
   vertex -8.955 18.6 1.736
   vertex -9.105 18.6 1.736
   vertex -8.82 18.5 1.736
  endloop
 endfacet
  facet normal 0 0 0
    outer loop
   vertex -8.82 18.85 1.736
   vertex -9.24 18.85 1.736
   vertex -8.955 18.75 1.736
  endloop
 endfacet
  facet normal 0 0 0
    outer loop
   vertex -8.82 18.85 1.736
   vertex -8.955 18.75 1.736
   vertex -8.955 18.6 1.736
  endloop
 endfacet
  facet normal 0 0 0
    outer loop
   vertex -9.105 18.75 1.736
   vertex -9.24 18.85 1.736
   vertex -9.105 18.6 1.736
  endloop
 endfacet
  facet normal 0 0 0
    outer loop
   vertex -8.955 18.75 1.736
   vertex -9.24 18.85 1.736
   vertex -9.105 18.75 1.736
  endloop
 endfacet
  facet normal 0 0 0
    outer loop
   vertex -7.21 18.5 1.736
   vertex -7.495 18.6 1.736
   vertex -7.67 18.5 1.736
  endloop
 endfacet
  facet normal 0 0 0
    outer loop
   vertex -7.495 18.6 1.736
   vertex -7.67 18.85 1.736
   vertex -7.67 18.5 1.736
  endloop
 endfacet
  facet normal 0 0 0
    outer loop
   vertex -7.21 18.85 1.736
   vertex -7.345 18.6 1.736
   vertex -7.21 18.5 1.736
  endloop
 endfacet
  facet normal 0 0 0
    outer loop
   vertex -7.345 18.6 1.736
   vertex -7.495 18.6 1.736
   vertex -7.21 18.5 1.736
  endloop
 endfacet
  facet normal 0 0 0
    outer loop
   vertex -7.21 18.85 1.736
   vertex -7.345 18.75 1.736
   vertex -7.345 18.6 1.736
  endloop
 endfacet
  facet normal 0 0 0
    outer loop
   vertex -7.495 18.75 1.736
   vertex -7.67 18.85 1.736
   vertex -7.495 18.6 1.736
  endloop
 endfacet
  facet normal 0 0 0
    outer loop
   vertex -7.21 18.85 1.736
   vertex -7.67 18.85 1.736
   vertex -7.495 18.75 1.736
  endloop
 endfacet
  facet normal 0 0 0
    outer loop
   vertex -7.345 18.75 1.736
   vertex -7.21 18.85 1.736
   vertex -7.495 18.75 1.736
  endloop
 endfacet
  facet normal 0 0 0
    outer loop
   vertex -6.02 18.5 1.736
   vertex -6.305 18.6 1.736
   vertex -6.44 18.5 1.736
  endloop
 endfacet
  facet normal 0 0 0
    outer loop
   vertex -6.305 18.6 1.736
   vertex -6.44 18.85 1.736
   vertex -6.44 18.5 1.736
  endloop
 endfacet
  facet normal 0 0 0
    outer loop
   vertex -6.02 18.85 1.736
   vertex -6.155 18.6 1.736
   vertex -6.02 18.5 1.736
  endloop
 endfacet
  facet normal 0 0 0
    outer loop
   vertex -6.155 18.6 1.736
   vertex -6.305 18.6 1.736
   vertex -6.02 18.5 1.736
  endloop
 endfacet
  facet normal 0 0 0
    outer loop
   vertex -6.02 18.85 1.736
   vertex -6.44 18.85 1.736
   vertex -6.155 18.75 1.736
  endloop
 endfacet
  facet normal 0 0 0
    outer loop
   vertex -6.02 18.85 1.736
   vertex -6.155 18.75 1.736
   vertex -6.155 18.6 1.736
  endloop
 endfacet
  facet normal 0 0 0
    outer loop
   vertex -6.305 18.75 1.736
   vertex -6.44 18.85 1.736
   vertex -6.305 18.6 1.736
  endloop
 endfacet
  facet normal 0 0 0
    outer loop
   vertex -6.155 18.75 1.736
   vertex -6.44 18.85 1.736
   vertex -6.305 18.75 1.736
  endloop
 endfacet
  facet normal 0 0 0
    outer loop
   vertex -4.41 18.5 1.736
   vertex -4.695 18.6 1.736
   vertex -4.87 18.5 1.736
  endloop
 endfacet
  facet normal 0 0 0
    outer loop
   vertex -4.695 18.6 1.736
   vertex -4.87 18.85 1.736
   vertex -4.87 18.5 1.736
  endloop
 endfacet
  facet normal 0 0 0
    outer loop
   vertex -4.41 18.85 1.736
   vertex -4.545 18.6 1.736
   vertex -4.41 18.5 1.736
  endloop
 endfacet
  facet normal 0 0 0
    outer loop
   vertex -4.545 18.6 1.736
   vertex -4.695 18.6 1.736
   vertex -4.41 18.5 1.736
  endloop
 endfacet
  facet normal 0 0 0
    outer loop
   vertex -4.41 18.85 1.736
   vertex -4.545 18.75 1.736
   vertex -4.545 18.6 1.736
  endloop
 endfacet
  facet normal 0 0 0
    outer loop
   vertex -4.695 18.75 1.736
   vertex -4.87 18.85 1.736
   vertex -4.695 18.6 1.736
  endloop
 endfacet
  facet normal 0 0 0
    outer loop
   vertex -4.41 18.85 1.736
   vertex -4.87 18.85 1.736
   vertex -4.695 18.75 1.736
  endloop
 endfacet
  facet normal 0 0 0
    outer loop
   vertex -4.545 18.75 1.736
   vertex -4.41 18.85 1.736
   vertex -4.695 18.75 1.736
  endloop
 endfacet
  facet normal 0 0 0
    outer loop
   vertex -8.82 18.525 2.006
   vertex -8.82 18.825 2.006
   vertex -8.225 18.825 2.006
  endloop
 endfacet
  facet normal 0 0 0
    outer loop
   vertex -8.82 18.525 2.006
   vertex -8.225 18.825 2.006
   vertex -7.63 18.525 2.006
  endloop
 endfacet
  facet normal 0 0 0
    outer loop
   vertex -8.82 16.825 2.006
   vertex -8.82 17.125 2.006
   vertex -8.225 17.125 2.006
  endloop
 endfacet
  facet normal 0 0 0
    outer loop
   vertex -8.82 16.825 2.006
   vertex -8.225 17.125 2.006
   vertex -7.63 16.825 2.006
  endloop
 endfacet
  facet normal 0 0 0
    outer loop
   vertex -6.44 18.525 2.006
   vertex -7.21 18.825 2.006
   vertex -6.44 18.825 2.006
  endloop
 endfacet
  facet normal 0 0 0
    outer loop
   vertex -7.21 18.525 2.006
   vertex -7.21 18.825 2.006
   vertex -6.44 18.525 2.006
  endloop
 endfacet
  facet normal 0 0 0
    outer loop
   vertex -6.44 16.825 2.006
   vertex -7.21 17.125 2.006
   vertex -6.44 17.125 2.006
  endloop
 endfacet
  facet normal 0 0 0
    outer loop
   vertex -7.21 16.825 2.006
   vertex -7.21 17.125 2.006
   vertex -6.44 16.825 2.006
  endloop
 endfacet
  facet normal 0 0 0
    outer loop
   vertex -4.83 18.525 2.006
   vertex -4.83 18.825 2.006
   vertex -4.695 18.6 2.006
  endloop
 endfacet
  facet normal 0 0 0
    outer loop
   vertex -4.41 18.5 2.006
   vertex -4.545 18.6 2.006
   vertex -4.41 18.85 2.006
  endloop
 endfacet
  facet normal 0 0 0
    outer loop
   vertex -4.545 18.6 2.006
   vertex -4.545 18.75 2.006
   vertex -4.41 18.85 2.006
  endloop
 endfacet
  facet normal 0 0 0
    outer loop
   vertex -4.695 18.6 2.006
   vertex -4.83 18.825 2.006
   vertex -4.695 18.75 2.006
  endloop
 endfacet
  facet normal 0 0 0
    outer loop
   vertex -6.02 18.525 2.006
   vertex -6.02 18.825 2.006
   vertex -5.425 18.825 2.006
  endloop
 endfacet
  facet normal 0 0 0
    outer loop
   vertex -4.83 18.525 2.006
   vertex -5.425 18.825 2.006
   vertex -4.83 18.825 2.006
  endloop
 endfacet
  facet normal 0 0 0
    outer loop
   vertex -6.02 18.525 2.006
   vertex -5.425 18.825 2.006
   vertex -4.83 18.525 2.006
  endloop
 endfacet
  facet normal 0 0 0
    outer loop
   vertex -6.44 18.525 2.006
   vertex -6.44 18.825 2.006
   vertex -6.305 18.6 2.006
  endloop
 endfacet
  facet normal 0 0 0
    outer loop
   vertex -6.02 18.525 2.006
   vertex -6.155 18.6 2.006
   vertex -6.02 18.825 2.006
  endloop
 endfacet
  facet normal 0 0 0
    outer loop
   vertex -6.155 18.6 2.006
   vertex -6.155 18.75 2.006
   vertex -6.02 18.825 2.006
  endloop
 endfacet
  facet normal 0 0 0
    outer loop
   vertex -6.305 18.6 2.006
   vertex -6.44 18.825 2.006
   vertex -6.305 18.75 2.006
  endloop
 endfacet
  facet normal 0 0 0
    outer loop
   vertex -6.23 18.5 2.006
   vertex -6.305 18.6 2.006
   vertex -6.155 18.6 2.006
  endloop
 endfacet
  facet normal 0 0 0
    outer loop
   vertex -6.305 18.75 2.006
   vertex -6.23 18.85 2.006
   vertex -6.155 18.75 2.006
  endloop
 endfacet
  facet normal 0 0 0
    outer loop
   vertex -4.62 18.5 2.006
   vertex -4.545 18.6 2.006
   vertex -4.41 18.5 2.006
  endloop
 endfacet
  facet normal 0 0 0
    outer loop
   vertex -4.62 18.5 2.006
   vertex -4.695 18.6 2.006
   vertex -4.545 18.6 2.006
  endloop
 endfacet
  facet normal 0 0 0
    outer loop
   vertex -4.545 18.75 2.006
   vertex -4.62 18.85 2.006
   vertex -4.41 18.85 2.006
  endloop
 endfacet
  facet normal 0 0 0
    outer loop
   vertex -4.695 18.75 2.006
   vertex -4.62 18.85 2.006
   vertex -4.545 18.75 2.006
  endloop
 endfacet
  facet normal 0 0 0
    outer loop
   vertex -6.335 18.5 2.006
   vertex -6.305 18.6 2.006
   vertex -6.23 18.5 2.006
  endloop
 endfacet
  facet normal 0 0 0
    outer loop
   vertex -6.23 18.5 2.006
   vertex -6.155 18.6 2.006
   vertex -6.125 18.5 2.006
  endloop
 endfacet
  facet normal 0 0 0
    outer loop
   vertex -6.155 18.75 2.006
   vertex -6.23 18.85 2.006
   vertex -6.125 18.85 2.006
  endloop
 endfacet
  facet normal 0 0 0
    outer loop
   vertex -6.305 18.75 2.006
   vertex -6.335 18.85 2.006
   vertex -6.23 18.85 2.006
  endloop
 endfacet
  facet normal 0 0 0
    outer loop
   vertex -4.725 18.5 2.006
   vertex -4.695 18.6 2.006
   vertex -4.62 18.5 2.006
  endloop
 endfacet
  facet normal 0 0 0
    outer loop
   vertex -4.695 18.75 2.006
   vertex -4.725 18.85 2.006
   vertex -4.62 18.85 2.006
  endloop
 endfacet
  facet normal 0 0 0
    outer loop
   vertex -6.388 18.5 2.006
   vertex -6.305 18.6 2.006
   vertex -6.335 18.5 2.006
  endloop
 endfacet
  facet normal 0 0 0
    outer loop
   vertex -6.388 18.5 2.006
   vertex -6.44 18.525 2.006
   vertex -6.305 18.6 2.006
  endloop
 endfacet
  facet normal 0 0 0
    outer loop
   vertex -6.44 18.5 2.006
   vertex -6.44 18.525 2.006
   vertex -6.388 18.5 2.006
  endloop
 endfacet
  facet normal 0 0 0
    outer loop
   vertex -6.125 18.5 2.006
   vertex -6.155 18.6 2.006
   vertex -6.073 18.5 2.006
  endloop
 endfacet
  facet normal 0 0 0
    outer loop
   vertex -6.073 18.5 2.006
   vertex -6.02 18.525 2.006
   vertex -6.02 18.5 2.006
  endloop
 endfacet
  facet normal 0 0 0
    outer loop
   vertex -6.073 18.5 2.006
   vertex -6.155 18.6 2.006
   vertex -6.02 18.525 2.006
  endloop
 endfacet
  facet normal 0 0 0
    outer loop
   vertex -6.155 18.75 2.006
   vertex -6.125 18.85 2.006
   vertex -6.073 18.85 2.006
  endloop
 endfacet
  facet normal 0 0 0
    outer loop
   vertex -6.155 18.75 2.006
   vertex -6.073 18.85 2.006
   vertex -6.02 18.825 2.006
  endloop
 endfacet
  facet normal 0 0 0
    outer loop
   vertex -6.02 18.825 2.006
   vertex -6.073 18.85 2.006
   vertex -6.02 18.85 2.006
  endloop
 endfacet
  facet normal 0 0 0
    outer loop
   vertex -6.305 18.75 2.006
   vertex -6.388 18.85 2.006
   vertex -6.335 18.85 2.006
  endloop
 endfacet
  facet normal 0 0 0
    outer loop
   vertex -6.44 18.825 2.006
   vertex -6.44 18.85 2.006
   vertex -6.388 18.85 2.006
  endloop
 endfacet
  facet normal 0 0 0
    outer loop
   vertex -6.305 18.75 2.006
   vertex -6.44 18.825 2.006
   vertex -6.388 18.85 2.006
  endloop
 endfacet
  facet normal 0 0 0
    outer loop
   vertex -4.778 18.5 2.006
   vertex -4.695 18.6 2.006
   vertex -4.725 18.5 2.006
  endloop
 endfacet
  facet normal 0 0 0
    outer loop
   vertex -4.778 18.5 2.006
   vertex -4.83 18.525 2.006
   vertex -4.695 18.6 2.006
  endloop
 endfacet
  facet normal 0 0 0
    outer loop
   vertex -4.83 18.5 2.006
   vertex -4.83 18.525 2.006
   vertex -4.778 18.5 2.006
  endloop
 endfacet
  facet normal 0 0 0
    outer loop
   vertex -4.695 18.75 2.006
   vertex -4.778 18.85 2.006
   vertex -4.725 18.85 2.006
  endloop
 endfacet
  facet normal 0 0 0
    outer loop
   vertex -4.83 18.825 2.006
   vertex -4.83 18.85 2.006
   vertex -4.778 18.85 2.006
  endloop
 endfacet
  facet normal 0 0 0
    outer loop
   vertex -4.695 18.75 2.006
   vertex -4.83 18.825 2.006
   vertex -4.778 18.85 2.006
  endloop
 endfacet
  facet normal 0 0 0
    outer loop
   vertex -7.345 18.75 2.006
   vertex -7.263 18.85 2.006
   vertex -7.21 18.825 2.006
  endloop
 endfacet
  facet normal 0 0 0
    outer loop
   vertex -7.21 18.825 2.006
   vertex -7.263 18.85 2.006
   vertex -7.21 18.85 2.006
  endloop
 endfacet
  facet normal 0 0 0
    outer loop
   vertex -7.495 18.75 2.006
   vertex -7.578 18.85 2.006
   vertex -7.525 18.85 2.006
  endloop
 endfacet
  facet normal 0 0 0
    outer loop
   vertex -7.63 18.825 2.006
   vertex -7.63 18.85 2.006
   vertex -7.578 18.85 2.006
  endloop
 endfacet
  facet normal 0 0 0
    outer loop
   vertex -7.495 18.75 2.006
   vertex -7.63 18.825 2.006
   vertex -7.578 18.85 2.006
  endloop
 endfacet
  facet normal 0 0 0
    outer loop
   vertex -7.42 18.5 2.006
   vertex -7.495 18.6 2.006
   vertex -7.345 18.6 2.006
  endloop
 endfacet
  facet normal 0 0 0
    outer loop
   vertex -7.525 18.5 2.006
   vertex -7.495 18.6 2.006
   vertex -7.42 18.5 2.006
  endloop
 endfacet
  facet normal 0 0 0
    outer loop
   vertex -7.42 18.5 2.006
   vertex -7.345 18.6 2.006
   vertex -7.315 18.5 2.006
  endloop
 endfacet
  facet normal 0 0 0
    outer loop
   vertex -7.345 18.75 2.006
   vertex -7.42 18.85 2.006
   vertex -7.315 18.85 2.006
  endloop
 endfacet
  facet normal 0 0 0
    outer loop
   vertex -7.495 18.75 2.006
   vertex -7.525 18.85 2.006
   vertex -7.42 18.85 2.006
  endloop
 endfacet
  facet normal 0 0 0
    outer loop
   vertex -7.495 18.75 2.006
   vertex -7.42 18.85 2.006
   vertex -7.345 18.75 2.006
  endloop
 endfacet
  facet normal 0 0 0
    outer loop
   vertex -7.495 18.6 2.006
   vertex -7.63 18.825 2.006
   vertex -7.495 18.75 2.006
  endloop
 endfacet
  facet normal 0 0 0
    outer loop
   vertex -7.63 18.525 2.006
   vertex -8.225 18.825 2.006
   vertex -7.63 18.825 2.006
  endloop
 endfacet
  facet normal 0 0 0
    outer loop
   vertex -7.63 18.525 2.006
   vertex -7.63 18.825 2.006
   vertex -7.495 18.6 2.006
  endloop
 endfacet
  facet normal 0 0 0
    outer loop
   vertex -7.21 18.525 2.006
   vertex -7.345 18.6 2.006
   vertex -7.21 18.825 2.006
  endloop
 endfacet
  facet normal 0 0 0
    outer loop
   vertex -7.345 18.6 2.006
   vertex -7.345 18.75 2.006
   vertex -7.21 18.825 2.006
  endloop
 endfacet
  facet normal 0 0 0
    outer loop
   vertex -7.578 18.5 2.006
   vertex -7.495 18.6 2.006
   vertex -7.525 18.5 2.006
  endloop
 endfacet
  facet normal 0 0 0
    outer loop
   vertex -7.578 18.5 2.006
   vertex -7.63 18.525 2.006
   vertex -7.495 18.6 2.006
  endloop
 endfacet
  facet normal 0 0 0
    outer loop
   vertex -7.63 18.5 2.006
   vertex -7.63 18.525 2.006
   vertex -7.578 18.5 2.006
  endloop
 endfacet
  facet normal 0 0 0
    outer loop
   vertex -7.315 18.5 2.006
   vertex -7.345 18.6 2.006
   vertex -7.263 18.5 2.006
  endloop
 endfacet
  facet normal 0 0 0
    outer loop
   vertex -7.263 18.5 2.006
   vertex -7.21 18.525 2.006
   vertex -7.21 18.5 2.006
  endloop
 endfacet
  facet normal 0 0 0
    outer loop
   vertex -7.263 18.5 2.006
   vertex -7.345 18.6 2.006
   vertex -7.21 18.525 2.006
  endloop
 endfacet
  facet normal 0 0 0
    outer loop
   vertex -7.345 18.75 2.006
   vertex -7.315 18.85 2.006
   vertex -7.263 18.85 2.006
  endloop
 endfacet
  facet normal 0 0 0
    outer loop
   vertex -7.63 16.825 2.006
   vertex -7.63 17.125 2.006
   vertex -7.495 16.9 2.006
  endloop
 endfacet
  facet normal 0 0 0
    outer loop
   vertex -7.525 16.8 2.006
   vertex -7.495 16.9 2.006
   vertex -7.42 16.8 2.006
  endloop
 endfacet
  facet normal 0 0 0
    outer loop
   vertex -7.42 16.8 2.006
   vertex -7.345 16.9 2.006
   vertex -7.315 16.8 2.006
  endloop
 endfacet
  facet normal 0 0 0
    outer loop
   vertex -7.345 17.05 2.006
   vertex -7.42 17.15 2.006
   vertex -7.315 17.15 2.006
  endloop
 endfacet
  facet normal 0 0 0
    outer loop
   vertex -7.578 16.8 2.006
   vertex -7.495 16.9 2.006
   vertex -7.525 16.8 2.006
  endloop
 endfacet
  facet normal 0 0 0
    outer loop
   vertex -7.578 16.8 2.006
   vertex -7.63 16.825 2.006
   vertex -7.495 16.9 2.006
  endloop
 endfacet
  facet normal 0 0 0
    outer loop
   vertex -7.63 16.8 2.006
   vertex -7.63 16.825 2.006
   vertex -7.578 16.8 2.006
  endloop
 endfacet
  facet normal 0 0 0
    outer loop
   vertex -7.315 16.8 2.006
   vertex -7.345 16.9 2.006
   vertex -7.263 16.8 2.006
  endloop
 endfacet
  facet normal 0 0 0
    outer loop
   vertex -7.263 16.8 2.006
   vertex -7.21 16.825 2.006
   vertex -7.21 16.8 2.006
  endloop
 endfacet
  facet normal 0 0 0
    outer loop
   vertex -7.263 16.8 2.006
   vertex -7.345 16.9 2.006
   vertex -7.21 16.825 2.006
  endloop
 endfacet
  facet normal 0 0 0
    outer loop
   vertex -7.345 17.05 2.006
   vertex -7.315 17.15 2.006
   vertex -7.263 17.15 2.006
  endloop
 endfacet
  facet normal 0 0 0
    outer loop
   vertex -7.345 17.05 2.006
   vertex -7.263 17.15 2.006
   vertex -7.21 17.125 2.006
  endloop
 endfacet
  facet normal 0 0 0
    outer loop
   vertex -7.21 17.125 2.006
   vertex -7.263 17.15 2.006
   vertex -7.21 17.15 2.006
  endloop
 endfacet
  facet normal 0 0 0
    outer loop
   vertex -7.495 17.05 2.006
   vertex -7.578 17.15 2.006
   vertex -7.525 17.15 2.006
  endloop
 endfacet
  facet normal 0 0 0
    outer loop
   vertex -7.63 17.125 2.006
   vertex -7.63 17.15 2.006
   vertex -7.578 17.15 2.006
  endloop
 endfacet
  facet normal 0 0 0
    outer loop
   vertex -7.495 17.05 2.006
   vertex -7.63 17.125 2.006
   vertex -7.578 17.15 2.006
  endloop
 endfacet
  facet normal 0 0 0
    outer loop
   vertex -7.495 17.05 2.006
   vertex -7.525 17.15 2.006
   vertex -7.42 17.15 2.006
  endloop
 endfacet
  facet normal 0 0 0
    outer loop
   vertex -7.21 16.825 2.006
   vertex -7.345 16.9 2.006
   vertex -7.21 17.125 2.006
  endloop
 endfacet
  facet normal 0 0 0
    outer loop
   vertex -7.345 16.9 2.006
   vertex -7.345 17.05 2.006
   vertex -7.21 17.125 2.006
  endloop
 endfacet
  facet normal 0 0 0
    outer loop
   vertex -7.63 16.825 2.006
   vertex -8.225 17.125 2.006
   vertex -7.63 17.125 2.006
  endloop
 endfacet
  facet normal 0 0 0
    outer loop
   vertex -7.495 16.9 2.006
   vertex -7.63 17.125 2.006
   vertex -7.495 17.05 2.006
  endloop
 endfacet
  facet normal 0 0 0
    outer loop
   vertex -7.42 16.8 2.006
   vertex -7.495 16.9 2.006
   vertex -7.345 16.9 2.006
  endloop
 endfacet
  facet normal 0 0 0
    outer loop
   vertex -7.495 17.05 2.006
   vertex -7.42 17.15 2.006
   vertex -7.345 17.05 2.006
  endloop
 endfacet
  facet normal 0 0 0
    outer loop
   vertex -6.155 17.05 2.006
   vertex -6.073 17.15 2.006
   vertex -6.02 17.125 2.006
  endloop
 endfacet
  facet normal 0 0 0
    outer loop
   vertex -6.02 17.125 2.006
   vertex -6.073 17.15 2.006
   vertex -6.02 17.15 2.006
  endloop
 endfacet
  facet normal 0 0 0
    outer loop
   vertex -6.305 17.05 2.006
   vertex -6.388 17.15 2.006
   vertex -6.335 17.15 2.006
  endloop
 endfacet
  facet normal 0 0 0
    outer loop
   vertex -6.44 17.125 2.006
   vertex -6.44 17.15 2.006
   vertex -6.388 17.15 2.006
  endloop
 endfacet
  facet normal 0 0 0
    outer loop
   vertex -6.305 17.05 2.006
   vertex -6.44 17.125 2.006
   vertex -6.388 17.15 2.006
  endloop
 endfacet
  facet normal 0 0 0
    outer loop
   vertex -4.778 16.8 2.006
   vertex -4.695 16.9 2.006
   vertex -4.725 16.8 2.006
  endloop
 endfacet
  facet normal 0 0 0
    outer loop
   vertex -4.778 16.8 2.006
   vertex -4.83 16.825 2.006
   vertex -4.695 16.9 2.006
  endloop
 endfacet
  facet normal 0 0 0
    outer loop
   vertex -4.83 16.8 2.006
   vertex -4.83 16.825 2.006
   vertex -4.778 16.8 2.006
  endloop
 endfacet
  facet normal 0 0 0
    outer loop
   vertex -4.695 17.05 2.006
   vertex -4.778 17.15 2.006
   vertex -4.725 17.15 2.006
  endloop
 endfacet
  facet normal 0 0 0
    outer loop
   vertex -4.83 17.125 2.006
   vertex -4.83 17.15 2.006
   vertex -4.778 17.15 2.006
  endloop
 endfacet
  facet normal 0 0 0
    outer loop
   vertex -4.695 17.05 2.006
   vertex -4.83 17.125 2.006
   vertex -4.778 17.15 2.006
  endloop
 endfacet
  facet normal 0 0 0
    outer loop
   vertex -4.695 17.05 2.006
   vertex -4.725 17.15 2.006
   vertex -4.62 17.15 2.006
  endloop
 endfacet
  facet normal 0 0 0
    outer loop
   vertex -6.305 17.05 2.006
   vertex -6.23 17.15 2.006
   vertex -6.155 17.05 2.006
  endloop
 endfacet
  facet normal 0 0 0
    outer loop
   vertex -4.62 16.8 2.006
   vertex -4.545 16.9 2.006
   vertex -4.41 16.8 2.006
  endloop
 endfacet
  facet normal 0 0 0
    outer loop
   vertex -4.62 16.8 2.006
   vertex -4.695 16.9 2.006
   vertex -4.545 16.9 2.006
  endloop
 endfacet
  facet normal 0 0 0
    outer loop
   vertex -4.545 17.05 2.006
   vertex -4.62 17.15 2.006
   vertex -4.41 17.15 2.006
  endloop
 endfacet
  facet normal 0 0 0
    outer loop
   vertex -4.695 17.05 2.006
   vertex -4.62 17.15 2.006
   vertex -4.545 17.05 2.006
  endloop
 endfacet
  facet normal 0 0 0
    outer loop
   vertex -4.695 16.9 2.006
   vertex -4.83 17.125 2.006
   vertex -4.695 17.05 2.006
  endloop
 endfacet
  facet normal 0 0 0
    outer loop
   vertex -6.44 16.825 2.006
   vertex -6.44 17.125 2.006
   vertex -6.305 16.9 2.006
  endloop
 endfacet
  facet normal 0 0 0
    outer loop
   vertex -6.02 16.825 2.006
   vertex -6.155 16.9 2.006
   vertex -6.02 17.125 2.006
  endloop
 endfacet
  facet normal 0 0 0
    outer loop
   vertex -6.02 16.825 2.006
   vertex -6.02 17.125 2.006
   vertex -5.425 17.125 2.006
  endloop
 endfacet
  facet normal 0 0 0
    outer loop
   vertex -4.83 16.825 2.006
   vertex -5.425 17.125 2.006
   vertex -4.83 17.125 2.006
  endloop
 endfacet
  facet normal 0 0 0
    outer loop
   vertex -6.02 16.825 2.006
   vertex -5.425 17.125 2.006
   vertex -4.83 16.825 2.006
  endloop
 endfacet
  facet normal 0 0 0
    outer loop
   vertex -6.155 16.9 2.006
   vertex -6.155 17.05 2.006
   vertex -6.02 17.125 2.006
  endloop
 endfacet
  facet normal 0 0 0
    outer loop
   vertex -6.305 16.9 2.006
   vertex -6.44 17.125 2.006
   vertex -6.305 17.05 2.006
  endloop
 endfacet
  facet normal 0 0 0
    outer loop
   vertex -4.83 16.825 2.006
   vertex -4.83 17.125 2.006
   vertex -4.695 16.9 2.006
  endloop
 endfacet
  facet normal 0 0 0
    outer loop
   vertex -4.41 16.8 2.006
   vertex -4.545 16.9 2.006
   vertex -4.41 17.15 2.006
  endloop
 endfacet
  facet normal 0 0 0
    outer loop
   vertex -4.545 16.9 2.006
   vertex -4.545 17.05 2.006
   vertex -4.41 17.15 2.006
  endloop
 endfacet
  facet normal 0 0 0
    outer loop
   vertex -6.23 16.8 2.006
   vertex -6.305 16.9 2.006
   vertex -6.155 16.9 2.006
  endloop
 endfacet
  facet normal 0 0 0
    outer loop
   vertex -6.335 16.8 2.006
   vertex -6.305 16.9 2.006
   vertex -6.23 16.8 2.006
  endloop
 endfacet
  facet normal 0 0 0
    outer loop
   vertex -6.23 16.8 2.006
   vertex -6.155 16.9 2.006
   vertex -6.125 16.8 2.006
  endloop
 endfacet
  facet normal 0 0 0
    outer loop
   vertex -6.155 17.05 2.006
   vertex -6.23 17.15 2.006
   vertex -6.125 17.15 2.006
  endloop
 endfacet
  facet normal 0 0 0
    outer loop
   vertex -6.305 17.05 2.006
   vertex -6.335 17.15 2.006
   vertex -6.23 17.15 2.006
  endloop
 endfacet
  facet normal 0 0 0
    outer loop
   vertex -4.725 16.8 2.006
   vertex -4.695 16.9 2.006
   vertex -4.62 16.8 2.006
  endloop
 endfacet
  facet normal 0 0 0
    outer loop
   vertex -6.388 16.8 2.006
   vertex -6.305 16.9 2.006
   vertex -6.335 16.8 2.006
  endloop
 endfacet
  facet normal 0 0 0
    outer loop
   vertex -6.388 16.8 2.006
   vertex -6.44 16.825 2.006
   vertex -6.305 16.9 2.006
  endloop
 endfacet
  facet normal 0 0 0
    outer loop
   vertex -6.44 16.8 2.006
   vertex -6.44 16.825 2.006
   vertex -6.388 16.8 2.006
  endloop
 endfacet
  facet normal 0 0 0
    outer loop
   vertex -6.125 16.8 2.006
   vertex -6.155 16.9 2.006
   vertex -6.073 16.8 2.006
  endloop
 endfacet
  facet normal 0 0 0
    outer loop
   vertex -6.073 16.8 2.006
   vertex -6.02 16.825 2.006
   vertex -6.02 16.8 2.006
  endloop
 endfacet
  facet normal 0 0 0
    outer loop
   vertex -6.073 16.8 2.006
   vertex -6.155 16.9 2.006
   vertex -6.02 16.825 2.006
  endloop
 endfacet
  facet normal 0 0 0
    outer loop
   vertex -6.155 17.05 2.006
   vertex -6.125 17.15 2.006
   vertex -6.073 17.15 2.006
  endloop
 endfacet
  facet normal 0 0 0
    outer loop
   vertex -8.82 18.525 2.006
   vertex -8.955 18.6 2.006
   vertex -8.82 18.825 2.006
  endloop
 endfacet
  facet normal 0 0 0
    outer loop
   vertex -8.955 18.6 2.006
   vertex -8.955 18.75 2.006
   vertex -8.82 18.825 2.006
  endloop
 endfacet
  facet normal 0 0 0
    outer loop
   vertex -9.105 18.6 2.006
   vertex -9.24 18.825 2.006
   vertex -9.105 18.75 2.006
  endloop
 endfacet
  facet normal 0 0 0
    outer loop
   vertex -9.24 16.825 2.006
   vertex -9.24 17.125 2.006
   vertex -9.105 16.9 2.006
  endloop
 endfacet
  facet normal 0 0 0
    outer loop
   vertex -8.82 16.825 2.006
   vertex -8.955 16.9 2.006
   vertex -8.82 17.125 2.006
  endloop
 endfacet
  facet normal 0 0 0
    outer loop
   vertex -10.9 16.825 2.006
   vertex -10.6 17.125 2.006
   vertex -10.07 16.825 2.006
  endloop
 endfacet
  facet normal 0 0 0
    outer loop
   vertex -9.135 18.5 2.006
   vertex -9.105 18.6 2.006
   vertex -9.03 18.5 2.006
  endloop
 endfacet
  facet normal 0 0 0
    outer loop
   vertex -9.03 18.5 2.006
   vertex -8.955 18.6 2.006
   vertex -8.925 18.5 2.006
  endloop
 endfacet
  facet normal 0 0 0
    outer loop
   vertex -8.955 18.75 2.006
   vertex -9.03 18.85 2.006
   vertex -8.925 18.85 2.006
  endloop
 endfacet
  facet normal 0 0 0
    outer loop
   vertex -9.105 18.75 2.006
   vertex -9.135 18.85 2.006
   vertex -9.03 18.85 2.006
  endloop
 endfacet
  facet normal 0 0 0
    outer loop
   vertex -9.03 18.5 2.006
   vertex -9.105 18.6 2.006
   vertex -8.955 18.6 2.006
  endloop
 endfacet
  facet normal 0 0 0
    outer loop
   vertex -9.105 18.75 2.006
   vertex -9.03 18.85 2.006
   vertex -8.955 18.75 2.006
  endloop
 endfacet
  facet normal 0 0 0
    outer loop
   vertex -10.07 16.825 2.006
   vertex -9.24 17.125 2.006
   vertex -9.24 16.825 2.006
  endloop
 endfacet
  facet normal 0 0 0
    outer loop
   vertex -10.07 16.825 2.006
   vertex -10.6 17.125 2.006
   vertex -9.24 17.125 2.006
  endloop
 endfacet
  facet normal 0 0 0
    outer loop
   vertex -8.955 16.9 2.006
   vertex -8.955 17.05 2.006
   vertex -8.82 17.125 2.006
  endloop
 endfacet
  facet normal 0 0 0
    outer loop
   vertex -9.105 16.9 2.006
   vertex -9.24 17.125 2.006
   vertex -9.105 17.05 2.006
  endloop
 endfacet
  facet normal 0 0 0
    outer loop
   vertex -9.188 18.5 2.006
   vertex -9.105 18.6 2.006
   vertex -9.135 18.5 2.006
  endloop
 endfacet
  facet normal 0 0 0
    outer loop
   vertex -9.188 18.5 2.006
   vertex -9.24 18.525 2.006
   vertex -9.105 18.6 2.006
  endloop
 endfacet
  facet normal 0 0 0
    outer loop
   vertex -9.24 18.5 2.006
   vertex -9.24 18.525 2.006
   vertex -9.188 18.5 2.006
  endloop
 endfacet
  facet normal 0 0 0
    outer loop
   vertex -8.925 18.5 2.006
   vertex -8.955 18.6 2.006
   vertex -8.873 18.5 2.006
  endloop
 endfacet
  facet normal 0 0 0
    outer loop
   vertex -8.873 18.5 2.006
   vertex -8.82 18.525 2.006
   vertex -8.82 18.5 2.006
  endloop
 endfacet
  facet normal 0 0 0
    outer loop
   vertex -8.873 18.5 2.006
   vertex -8.955 18.6 2.006
   vertex -8.82 18.525 2.006
  endloop
 endfacet
  facet normal 0 0 0
    outer loop
   vertex -8.955 18.75 2.006
   vertex -8.925 18.85 2.006
   vertex -8.873 18.85 2.006
  endloop
 endfacet
  facet normal 0 0 0
    outer loop
   vertex -8.955 18.75 2.006
   vertex -8.873 18.85 2.006
   vertex -8.82 18.825 2.006
  endloop
 endfacet
  facet normal 0 0 0
    outer loop
   vertex -8.82 18.825 2.006
   vertex -8.873 18.85 2.006
   vertex -8.82 18.85 2.006
  endloop
 endfacet
  facet normal 0 0 0
    outer loop
   vertex -9.105 18.75 2.006
   vertex -9.188 18.85 2.006
   vertex -9.135 18.85 2.006
  endloop
 endfacet
  facet normal 0 0 0
    outer loop
   vertex -9.24 18.825 2.006
   vertex -9.24 18.85 2.006
   vertex -9.188 18.85 2.006
  endloop
 endfacet
  facet normal 0 0 0
    outer loop
   vertex -9.105 18.75 2.006
   vertex -9.24 18.825 2.006
   vertex -9.188 18.85 2.006
  endloop
 endfacet
  facet normal 0 0 0
    outer loop
   vertex -9.24 18.525 2.006
   vertex -9.345 18.825 2.006
   vertex -9.24 18.825 2.006
  endloop
 endfacet
  facet normal 0 0 0
    outer loop
   vertex -10.9 18.525 2.006
   vertex -11.072 18.825 2.006
   vertex -10.6 18.525 2.006
  endloop
 endfacet
  facet normal 0 0 0
    outer loop
   vertex -9.92 18.525 2.006
   vertex -9.345 18.825 2.006
   vertex -9.24 18.525 2.006
  endloop
 endfacet
  facet normal 0 0 0
    outer loop
   vertex -10.6 18.525 2.006
   vertex -11.072 18.825 2.006
   vertex -9.92 18.525 2.006
  endloop
 endfacet
  facet normal 0 0 0
    outer loop
   vertex -9.188 16.8 2.006
   vertex -9.105 16.9 2.006
   vertex -9.135 16.8 2.006
  endloop
 endfacet
  facet normal 0 0 0
    outer loop
   vertex -9.188 16.8 2.006
   vertex -9.24 16.825 2.006
   vertex -9.105 16.9 2.006
  endloop
 endfacet
  facet normal 0 0 0
    outer loop
   vertex -9.24 16.8 2.006
   vertex -9.24 16.825 2.006
   vertex -9.188 16.8 2.006
  endloop
 endfacet
  facet normal 0 0 0
    outer loop
   vertex -8.925 16.8 2.006
   vertex -8.955 16.9 2.006
   vertex -8.873 16.8 2.006
  endloop
 endfacet
  facet normal 0 0 0
    outer loop
   vertex -8.873 16.8 2.006
   vertex -8.82 16.825 2.006
   vertex -8.82 16.8 2.006
  endloop
 endfacet
  facet normal 0 0 0
    outer loop
   vertex -8.873 16.8 2.006
   vertex -8.955 16.9 2.006
   vertex -8.82 16.825 2.006
  endloop
 endfacet
  facet normal 0 0 0
    outer loop
   vertex -8.955 17.05 2.006
   vertex -8.925 17.15 2.006
   vertex -8.873 17.15 2.006
  endloop
 endfacet
  facet normal 0 0 0
    outer loop
   vertex -8.955 17.05 2.006
   vertex -8.873 17.15 2.006
   vertex -8.82 17.125 2.006
  endloop
 endfacet
  facet normal 0 0 0
    outer loop
   vertex -8.82 17.125 2.006
   vertex -8.873 17.15 2.006
   vertex -8.82 17.15 2.006
  endloop
 endfacet
  facet normal 0 0 0
    outer loop
   vertex -9.105 17.05 2.006
   vertex -9.188 17.15 2.006
   vertex -9.135 17.15 2.006
  endloop
 endfacet
  facet normal 0 0 0
    outer loop
   vertex -9.24 17.125 2.006
   vertex -9.24 17.15 2.006
   vertex -9.188 17.15 2.006
  endloop
 endfacet
  facet normal 0 0 0
    outer loop
   vertex -9.105 17.05 2.006
   vertex -9.24 17.125 2.006
   vertex -9.188 17.15 2.006
  endloop
 endfacet
  facet normal 0 0 0
    outer loop
   vertex -10.9 16.825 2.006
   vertex -10.9 17.675 2.006
   vertex -10.6 17.125 2.006
  endloop
 endfacet
  facet normal 0 0 0
    outer loop
   vertex -10.9 17.675 2.006
   vertex -10.9 18.525 2.006
   vertex -10.6 18.525 2.006
  endloop
 endfacet
  facet normal 0 0 0
    outer loop
   vertex -10.6 17.125 2.006
   vertex -10.9 17.675 2.006
   vertex -10.6 18.525 2.006
  endloop
 endfacet
  facet normal 0 0 0
    outer loop
   vertex -11.85 18.525 2.006
   vertex -11.072 18.825 2.006
   vertex -10.9 18.525 2.006
  endloop
 endfacet
  facet normal 0 0 0
    outer loop
   vertex -12.8 18.525 2.006
   vertex -12.8 18.825 2.006
   vertex -11.85 18.525 2.006
  endloop
 endfacet
  facet normal 0 0 0
    outer loop
   vertex -11.85 18.525 2.006
   vertex -12.8 18.825 2.006
   vertex -11.072 18.825 2.006
  endloop
 endfacet
  facet normal 0 0 0
    outer loop
   vertex -9.135 16.8 2.006
   vertex -9.105 16.9 2.006
   vertex -9.03 16.8 2.006
  endloop
 endfacet
  facet normal 0 0 0
    outer loop
   vertex -9.03 16.8 2.006
   vertex -8.955 16.9 2.006
   vertex -8.925 16.8 2.006
  endloop
 endfacet
  facet normal 0 0 0
    outer loop
   vertex -8.955 17.05 2.006
   vertex -9.03 17.15 2.006
   vertex -8.925 17.15 2.006
  endloop
 endfacet
  facet normal 0 0 0
    outer loop
   vertex -9.105 17.05 2.006
   vertex -9.135 17.15 2.006
   vertex -9.03 17.15 2.006
  endloop
 endfacet
  facet normal 0 0 0
    outer loop
   vertex -9.03 16.8 2.006
   vertex -9.105 16.9 2.006
   vertex -8.955 16.9 2.006
  endloop
 endfacet
  facet normal 0 0 0
    outer loop
   vertex -9.105 17.05 2.006
   vertex -9.03 17.15 2.006
   vertex -8.955 17.05 2.006
  endloop
 endfacet
  facet normal 0 0 0
    outer loop
   vertex -9.92 18.525 2.006
   vertex -11.072 18.825 2.006
   vertex -9.345 18.825 2.006
  endloop
 endfacet
  facet normal 0 0 0
    outer loop
   vertex -9.24 18.525 2.006
   vertex -9.24 18.825 2.006
   vertex -9.105 18.6 2.006
  endloop
 endfacet
  facet normal 0 0 0
    outer loop
   vertex -9.105 17.05 1.736
   vertex -9.105 17.05 2.006
   vertex -8.955 17.05 2.006
  endloop
 endfacet
  facet normal 0 0 0
    outer loop
   vertex -9.105 17.05 1.736
   vertex -8.955 17.05 2.006
   vertex -8.955 17.05 1.736
  endloop
 endfacet
  facet normal 0 0 0
    outer loop
   vertex -7.495 17.05 1.736
   vertex -7.495 17.05 2.006
   vertex -7.345 17.05 2.006
  endloop
 endfacet
  facet normal 0 0 0
    outer loop
   vertex -7.495 17.05 1.736
   vertex -7.345 17.05 2.006
   vertex -7.345 17.05 1.736
  endloop
 endfacet
  facet normal 0 0 0
    outer loop
   vertex -6.305 17.05 1.736
   vertex -6.305 17.05 2.006
   vertex -6.155 17.05 2.006
  endloop
 endfacet
  facet normal 0 0 0
    outer loop
   vertex -6.305 17.05 1.736
   vertex -6.155 17.05 2.006
   vertex -6.155 17.05 1.736
  endloop
 endfacet
  facet normal 0 0 0
    outer loop
   vertex -4.695 17.05 1.736
   vertex -4.695 17.05 2.006
   vertex -4.545 17.05 2.006
  endloop
 endfacet
  facet normal 0 0 0
    outer loop
   vertex -4.695 17.05 1.736
   vertex -4.545 17.05 2.006
   vertex -4.545 17.05 1.736
  endloop
 endfacet
  facet normal 0 0 0
    outer loop
   vertex -4.545 16.9 1.736
   vertex -4.545 16.9 2.006
   vertex -4.695 16.9 2.006
  endloop
 endfacet
  facet normal 0 0 0
    outer loop
   vertex -4.545 16.9 1.736
   vertex -4.695 16.9 2.006
   vertex -4.695 16.9 1.736
  endloop
 endfacet
  facet normal 0 0 0
    outer loop
   vertex -6.155 16.9 1.736
   vertex -6.155 16.9 2.006
   vertex -6.305 16.9 2.006
  endloop
 endfacet
  facet normal 0 0 0
    outer loop
   vertex -6.155 16.9 1.736
   vertex -6.305 16.9 2.006
   vertex -6.305 16.9 1.736
  endloop
 endfacet
  facet normal 0 0 0
    outer loop
   vertex -7.345 16.9 1.736
   vertex -7.345 16.9 2.006
   vertex -7.495 16.9 2.006
  endloop
 endfacet
  facet normal 0 0 0
    outer loop
   vertex -7.345 16.9 1.736
   vertex -7.495 16.9 2.006
   vertex -7.495 16.9 1.736
  endloop
 endfacet
  facet normal 0 0 0
    outer loop
   vertex -8.955 16.9 1.736
   vertex -8.955 16.9 2.006
   vertex -9.105 16.9 2.006
  endloop
 endfacet
  facet normal 0 0 0
    outer loop
   vertex -8.955 16.9 1.736
   vertex -9.105 16.9 2.006
   vertex -9.105 16.9 1.736
  endloop
 endfacet
  facet normal 0 0 0
    outer loop
   vertex -9.105 16.9 1.736
   vertex -9.105 16.9 2.006
   vertex -9.105 17.05 2.006
  endloop
 endfacet
  facet normal 0 0 0
    outer loop
   vertex -9.105 16.9 1.736
   vertex -9.105 17.05 2.006
   vertex -9.105 17.05 1.736
  endloop
 endfacet
  facet normal 0 0 0
    outer loop
   vertex -9.105 18.6 1.736
   vertex -9.105 18.6 2.006
   vertex -9.105 18.75 2.006
  endloop
 endfacet
  facet normal 0 0 0
    outer loop
   vertex -9.105 18.6 1.736
   vertex -9.105 18.75 2.006
   vertex -9.105 18.75 1.736
  endloop
 endfacet
  facet normal 0 0 0
    outer loop
   vertex -8.955 18.75 1.736
   vertex -8.955 18.75 2.006
   vertex -8.955 18.6 2.006
  endloop
 endfacet
  facet normal 0 0 0
    outer loop
   vertex -8.955 18.75 1.736
   vertex -8.955 18.6 2.006
   vertex -8.955 18.6 1.736
  endloop
 endfacet
  facet normal 0 0 0
    outer loop
   vertex -8.955 17.05 1.736
   vertex -8.955 17.05 2.006
   vertex -8.955 16.9 2.006
  endloop
 endfacet
  facet normal 0 0 0
    outer loop
   vertex -8.955 17.05 1.736
   vertex -8.955 16.9 2.006
   vertex -8.955 16.9 1.736
  endloop
 endfacet
  facet normal 0 0 0
    outer loop
   vertex -7.495 16.9 1.736
   vertex -7.495 16.9 2.006
   vertex -7.495 17.05 2.006
  endloop
 endfacet
  facet normal 0 0 0
    outer loop
   vertex -7.495 16.9 1.736
   vertex -7.495 17.05 2.006
   vertex -7.495 17.05 1.736
  endloop
 endfacet
  facet normal 0 0 0
    outer loop
   vertex -7.495 18.6 1.736
   vertex -7.495 18.6 2.006
   vertex -7.495 18.75 2.006
  endloop
 endfacet
  facet normal 0 0 0
    outer loop
   vertex -7.495 18.6 1.736
   vertex -7.495 18.75 2.006
   vertex -7.495 18.75 1.736
  endloop
 endfacet
  facet normal 0 0 0
    outer loop
   vertex -7.345 18.75 1.736
   vertex -7.345 18.75 2.006
   vertex -7.345 18.6 2.006
  endloop
 endfacet
  facet normal 0 0 0
    outer loop
   vertex -7.345 18.75 1.736
   vertex -7.345 18.6 2.006
   vertex -7.345 18.6 1.736
  endloop
 endfacet
  facet normal 0 0 0
    outer loop
   vertex -7.345 17.05 1.736
   vertex -7.345 17.05 2.006
   vertex -7.345 16.9 2.006
  endloop
 endfacet
  facet normal 0 0 0
    outer loop
   vertex -7.345 17.05 1.736
   vertex -7.345 16.9 2.006
   vertex -7.345 16.9 1.736
  endloop
 endfacet
  facet normal 0 0 0
    outer loop
   vertex -6.305 16.9 1.736
   vertex -6.305 16.9 2.006
   vertex -6.305 17.05 2.006
  endloop
 endfacet
  facet normal 0 0 0
    outer loop
   vertex -6.305 16.9 1.736
   vertex -6.305 17.05 2.006
   vertex -6.305 17.05 1.736
  endloop
 endfacet
  facet normal 0 0 0
    outer loop
   vertex -6.305 18.6 1.736
   vertex -6.305 18.6 2.006
   vertex -6.305 18.75 2.006
  endloop
 endfacet
  facet normal 0 0 0
    outer loop
   vertex -6.305 18.6 1.736
   vertex -6.305 18.75 2.006
   vertex -6.305 18.75 1.736
  endloop
 endfacet
  facet normal 0 0 0
    outer loop
   vertex -6.155 18.75 1.736
   vertex -6.155 18.75 2.006
   vertex -6.155 18.6 2.006
  endloop
 endfacet
  facet normal 0 0 0
    outer loop
   vertex -6.155 18.75 1.736
   vertex -6.155 18.6 2.006
   vertex -6.155 18.6 1.736
  endloop
 endfacet
  facet normal 0 0 0
    outer loop
   vertex -6.155 17.05 1.736
   vertex -6.155 17.05 2.006
   vertex -6.155 16.9 2.006
  endloop
 endfacet
  facet normal 0 0 0
    outer loop
   vertex -6.155 17.05 1.736
   vertex -6.155 16.9 2.006
   vertex -6.155 16.9 1.736
  endloop
 endfacet
  facet normal 0 0 0
    outer loop
   vertex -4.695 16.9 1.736
   vertex -4.695 16.9 2.006
   vertex -4.695 17.05 2.006
  endloop
 endfacet
  facet normal 0 0 0
    outer loop
   vertex -4.695 16.9 1.736
   vertex -4.695 17.05 2.006
   vertex -4.695 17.05 1.736
  endloop
 endfacet
  facet normal 0 0 0
    outer loop
   vertex -4.695 18.6 1.736
   vertex -4.695 18.6 2.006
   vertex -4.695 18.75 2.006
  endloop
 endfacet
  facet normal 0 0 0
    outer loop
   vertex -4.695 18.6 1.736
   vertex -4.695 18.75 2.006
   vertex -4.695 18.75 1.736
  endloop
 endfacet
  facet normal 0 0 0
    outer loop
   vertex -4.545 18.75 1.736
   vertex -4.545 18.75 2.006
   vertex -4.545 18.6 2.006
  endloop
 endfacet
  facet normal 0 0 0
    outer loop
   vertex -4.545 18.75 1.736
   vertex -4.545 18.6 2.006
   vertex -4.545 18.6 1.736
  endloop
 endfacet
  facet normal 0 0 0
    outer loop
   vertex -4.545 17.05 1.736
   vertex -4.545 17.05 2.006
   vertex -4.545 16.9 2.006
  endloop
 endfacet
  facet normal 0 0 0
    outer loop
   vertex -4.545 17.05 1.736
   vertex -4.545 16.9 2.006
   vertex -4.545 16.9 1.736
  endloop
 endfacet
  facet normal 0 0 0
    outer loop
   vertex -9.105 18.75 1.736
   vertex -9.105 18.75 2.006
   vertex -8.955 18.75 2.006
  endloop
 endfacet
  facet normal 0 0 0
    outer loop
   vertex -9.105 18.75 1.736
   vertex -8.955 18.75 2.006
   vertex -8.955 18.75 1.736
  endloop
 endfacet
  facet normal 0 0 0
    outer loop
   vertex -7.495 18.75 1.736
   vertex -7.495 18.75 2.006
   vertex -7.345 18.75 2.006
  endloop
 endfacet
  facet normal 0 0 0
    outer loop
   vertex -7.495 18.75 1.736
   vertex -7.345 18.75 2.006
   vertex -7.345 18.75 1.736
  endloop
 endfacet
  facet normal 0 0 0
    outer loop
   vertex -6.305 18.75 1.736
   vertex -6.305 18.75 2.006
   vertex -6.155 18.75 2.006
  endloop
 endfacet
  facet normal 0 0 0
    outer loop
   vertex -6.305 18.75 1.736
   vertex -6.155 18.75 2.006
   vertex -6.155 18.75 1.736
  endloop
 endfacet
  facet normal 0 0 0
    outer loop
   vertex -4.695 18.75 1.736
   vertex -4.695 18.75 2.006
   vertex -4.545 18.75 2.006
  endloop
 endfacet
  facet normal 0 0 0
    outer loop
   vertex -4.695 18.75 1.736
   vertex -4.545 18.75 2.006
   vertex -4.545 18.75 1.736
  endloop
 endfacet
  facet normal 0 0 0
    outer loop
   vertex -4.545 18.6 1.736
   vertex -4.545 18.6 2.006
   vertex -4.695 18.6 2.006
  endloop
 endfacet
  facet normal 0 0 0
    outer loop
   vertex -4.545 18.6 1.736
   vertex -4.695 18.6 2.006
   vertex -4.695 18.6 1.736
  endloop
 endfacet
  facet normal 0 0 0
    outer loop
   vertex -6.155 18.6 1.736
   vertex -6.155 18.6 2.006
   vertex -6.305 18.6 2.006
  endloop
 endfacet
  facet normal 0 0 0
    outer loop
   vertex -6.155 18.6 1.736
   vertex -6.305 18.6 2.006
   vertex -6.305 18.6 1.736
  endloop
 endfacet
  facet normal 0 0 0
    outer loop
   vertex -7.345 18.6 1.736
   vertex -7.345 18.6 2.006
   vertex -7.495 18.6 2.006
  endloop
 endfacet
  facet normal 0 0 0
    outer loop
   vertex -7.345 18.6 1.736
   vertex -7.495 18.6 2.006
   vertex -7.495 18.6 1.736
  endloop
 endfacet
  facet normal 0 0 0
    outer loop
   vertex -8.955 18.6 1.736
   vertex -8.955 18.6 2.006
   vertex -9.105 18.6 2.006
  endloop
 endfacet
  facet normal 0 0 0
    outer loop
   vertex -8.955 18.6 1.736
   vertex -9.105 18.6 2.006
   vertex -9.105 18.6 1.736
  endloop
 endfacet
  facet normal 0 0 0
    outer loop
   vertex -8.225 18.825 2.366
   vertex -8.82 18.825 2.366
   vertex -8.82 18.525 2.366
  endloop
 endfacet
  facet normal 0 0 0
    outer loop
   vertex -7.63 18.525 2.366
   vertex -8.225 18.825 2.366
   vertex -8.82 18.525 2.366
  endloop
 endfacet
  facet normal 0 0 0
    outer loop
   vertex -8.225 17.125 2.366
   vertex -8.82 17.125 2.366
   vertex -8.82 16.825 2.366
  endloop
 endfacet
  facet normal 0 0 0
    outer loop
   vertex -7.63 16.825 2.366
   vertex -8.225 17.125 2.366
   vertex -8.82 16.825 2.366
  endloop
 endfacet
  facet normal 0 0 0
    outer loop
   vertex -6.44 18.825 2.366
   vertex -7.21 18.825 2.366
   vertex -6.44 18.525 2.366
  endloop
 endfacet
  facet normal 0 0 0
    outer loop
   vertex -6.44 18.525 2.366
   vertex -7.21 18.825 2.366
   vertex -7.21 18.525 2.366
  endloop
 endfacet
  facet normal 0 0 0
    outer loop
   vertex -6.44 17.125 2.366
   vertex -7.21 17.125 2.366
   vertex -6.44 16.825 2.366
  endloop
 endfacet
  facet normal 0 0 0
    outer loop
   vertex -6.44 16.825 2.366
   vertex -7.21 17.125 2.366
   vertex -7.21 16.825 2.366
  endloop
 endfacet
  facet normal 0 0 0
    outer loop
   vertex -4.83 18.525 2.366
   vertex -5.425 18.825 2.366
   vertex -6.02 18.525 2.366
  endloop
 endfacet
  facet normal 0 0 0
    outer loop
   vertex -4.41 18.5 2.366
   vertex -4.41 18.85 2.366
   vertex -4.62 18.5 2.366
  endloop
 endfacet
  facet normal 0 0 0
    outer loop
   vertex -4.41 18.85 2.366
   vertex -4.62 18.85 2.366
   vertex -4.62 18.5 2.366
  endloop
 endfacet
  facet normal 0 0 0
    outer loop
   vertex -5.425 18.825 2.366
   vertex -6.02 18.825 2.366
   vertex -6.02 18.525 2.366
  endloop
 endfacet
  facet normal 0 0 0
    outer loop
   vertex -4.83 18.825 2.366
   vertex -5.425 18.825 2.366
   vertex -4.83 18.525 2.366
  endloop
 endfacet
  facet normal 0 0 0
    outer loop
   vertex -6.23 18.85 2.366
   vertex -6.335 18.85 2.366
   vertex -6.321 18.675 2.366
  endloop
 endfacet
  facet normal 0 0 0
    outer loop
   vertex -6.23 18.5 2.366
   vertex -6.321 18.675 2.366
   vertex -6.335 18.5 2.366
  endloop
 endfacet
  facet normal 0 0 0
    outer loop
   vertex -6.321 18.675 2.366
   vertex -6.44 18.825 2.366
   vertex -6.44 18.525 2.366
  endloop
 endfacet
  facet normal 0 0 0
    outer loop
   vertex -6.335 18.85 2.366
   vertex -6.388 18.85 2.366
   vertex -6.321 18.675 2.366
  endloop
 endfacet
  facet normal 0 0 0
    outer loop
   vertex -6.388 18.85 2.366
   vertex -6.44 18.85 2.366
   vertex -6.44 18.825 2.366
  endloop
 endfacet
  facet normal 0 0 0
    outer loop
   vertex -6.388 18.85 2.366
   vertex -6.44 18.825 2.366
   vertex -6.321 18.675 2.366
  endloop
 endfacet
  facet normal 0 0 0
    outer loop
   vertex -6.02 18.85 2.366
   vertex -6.073 18.85 2.366
   vertex -6.02 18.825 2.366
  endloop
 endfacet
  facet normal 0 0 0
    outer loop
   vertex -4.62 18.85 2.366
   vertex -4.725 18.85 2.366
   vertex -4.767 18.675 2.366
  endloop
 endfacet
  facet normal 0 0 0
    outer loop
   vertex -4.767 18.675 2.366
   vertex -4.83 18.825 2.366
   vertex -4.83 18.525 2.366
  endloop
 endfacet
  facet normal 0 0 0
    outer loop
   vertex -4.62 18.5 2.366
   vertex -4.767 18.675 2.366
   vertex -4.725 18.5 2.366
  endloop
 endfacet
  facet normal 0 0 0
    outer loop
   vertex -4.62 18.85 2.366
   vertex -4.767 18.675 2.366
   vertex -4.62 18.5 2.366
  endloop
 endfacet
  facet normal 0 0 0
    outer loop
   vertex -4.725 18.85 2.366
   vertex -4.778 18.85 2.366
   vertex -4.767 18.675 2.366
  endloop
 endfacet
  facet normal 0 0 0
    outer loop
   vertex -4.778 18.85 2.366
   vertex -4.83 18.85 2.366
   vertex -4.83 18.825 2.366
  endloop
 endfacet
  facet normal 0 0 0
    outer loop
   vertex -4.778 18.85 2.366
   vertex -4.83 18.825 2.366
   vertex -4.767 18.675 2.366
  endloop
 endfacet
  facet normal 0 0 0
    outer loop
   vertex -4.725 18.5 2.366
   vertex -4.767 18.675 2.366
   vertex -4.778 18.5 2.366
  endloop
 endfacet
  facet normal 0 0 0
    outer loop
   vertex -4.767 18.675 2.366
   vertex -4.83 18.525 2.366
   vertex -4.778 18.5 2.366
  endloop
 endfacet
  facet normal 0 0 0
    outer loop
   vertex -4.778 18.5 2.366
   vertex -4.83 18.525 2.366
   vertex -4.83 18.5 2.366
  endloop
 endfacet
  facet normal 0 0 0
    outer loop
   vertex -6.335 18.5 2.366
   vertex -6.321 18.675 2.366
   vertex -6.388 18.5 2.366
  endloop
 endfacet
  facet normal 0 0 0
    outer loop
   vertex -6.321 18.675 2.366
   vertex -6.44 18.525 2.366
   vertex -6.388 18.5 2.366
  endloop
 endfacet
  facet normal 0 0 0
    outer loop
   vertex -6.388 18.5 2.366
   vertex -6.44 18.525 2.366
   vertex -6.44 18.5 2.366
  endloop
 endfacet
  facet normal 0 0 0
    outer loop
   vertex -6.02 18.5 2.366
   vertex -6.02 18.525 2.366
   vertex -6.073 18.5 2.366
  endloop
 endfacet
  facet normal 0 0 0
    outer loop
   vertex -6.073 18.85 2.366
   vertex -6.125 18.85 2.366
   vertex -6.099 18.727 2.366
  endloop
 endfacet
  facet normal 0 0 0
    outer loop
   vertex -6.02 18.825 2.366
   vertex -6.073 18.85 2.366
   vertex -6.099 18.727 2.366
  endloop
 endfacet
  facet normal 0 0 0
    outer loop
   vertex -6.02 18.825 2.366
   vertex -6.099 18.727 2.366
   vertex -6.02 18.525 2.366
  endloop
 endfacet
  facet normal 0 0 0
    outer loop
   vertex -6.125 18.85 2.366
   vertex -6.23 18.85 2.366
   vertex -6.099 18.727 2.366
  endloop
 endfacet
  facet normal 0 0 0
    outer loop
   vertex -6.099 18.727 2.366
   vertex -6.23 18.85 2.366
   vertex -6.321 18.675 2.366
  endloop
 endfacet
  facet normal 0 0 0
    outer loop
   vertex -6.073 18.5 2.366
   vertex -6.099 18.612 2.366
   vertex -6.125 18.5 2.366
  endloop
 endfacet
  facet normal 0 0 0
    outer loop
   vertex -6.125 18.5 2.366
   vertex -6.099 18.612 2.366
   vertex -6.23 18.5 2.366
  endloop
 endfacet
  facet normal 0 0 0
    outer loop
   vertex -6.099 18.727 2.366
   vertex -6.099 18.612 2.366
   vertex -6.02 18.525 2.366
  endloop
 endfacet
  facet normal 0 0 0
    outer loop
   vertex -6.02 18.525 2.366
   vertex -6.099 18.612 2.366
   vertex -6.073 18.5 2.366
  endloop
 endfacet
  facet normal 0 0 0
    outer loop
   vertex -6.099 18.727 2.366
   vertex -6.321 18.675 2.366
   vertex -6.099 18.612 2.366
  endloop
 endfacet
  facet normal 0 0 0
    outer loop
   vertex -6.099 18.612 2.366
   vertex -6.321 18.675 2.366
   vertex -6.23 18.5 2.366
  endloop
 endfacet
  facet normal 0 0 0
    outer loop
   vertex -7.21 18.5 2.366
   vertex -7.21 18.525 2.366
   vertex -7.263 18.5 2.366
  endloop
 endfacet
  facet normal 0 0 0
    outer loop
   vertex -7.263 18.85 2.366
   vertex -7.315 18.85 2.366
   vertex -7.289 18.727 2.366
  endloop
 endfacet
  facet normal 0 0 0
    outer loop
   vertex -7.21 18.825 2.366
   vertex -7.263 18.85 2.366
   vertex -7.289 18.727 2.366
  endloop
 endfacet
  facet normal 0 0 0
    outer loop
   vertex -7.21 18.825 2.366
   vertex -7.289 18.727 2.366
   vertex -7.21 18.525 2.366
  endloop
 endfacet
  facet normal 0 0 0
    outer loop
   vertex -7.315 18.85 2.366
   vertex -7.42 18.85 2.366
   vertex -7.289 18.727 2.366
  endloop
 endfacet
  facet normal 0 0 0
    outer loop
   vertex -7.289 18.727 2.366
   vertex -7.42 18.85 2.366
   vertex -7.511 18.675 2.366
  endloop
 endfacet
  facet normal 0 0 0
    outer loop
   vertex -7.578 18.85 2.366
   vertex -7.63 18.85 2.366
   vertex -7.63 18.825 2.366
  endloop
 endfacet
  facet normal 0 0 0
    outer loop
   vertex -7.578 18.85 2.366
   vertex -7.63 18.825 2.366
   vertex -7.511 18.675 2.366
  endloop
 endfacet
  facet normal 0 0 0
    outer loop
   vertex -7.21 18.85 2.366
   vertex -7.263 18.85 2.366
   vertex -7.21 18.825 2.366
  endloop
 endfacet
  facet normal 0 0 0
    outer loop
   vertex -7.63 18.825 2.366
   vertex -8.225 18.825 2.366
   vertex -7.63 18.525 2.366
  endloop
 endfacet
  facet normal 0 0 0
    outer loop
   vertex -7.42 18.85 2.366
   vertex -7.525 18.85 2.366
   vertex -7.511 18.675 2.366
  endloop
 endfacet
  facet normal 0 0 0
    outer loop
   vertex -7.263 18.5 2.366
   vertex -7.289 18.612 2.366
   vertex -7.315 18.5 2.366
  endloop
 endfacet
  facet normal 0 0 0
    outer loop
   vertex -7.315 18.5 2.366
   vertex -7.289 18.612 2.366
   vertex -7.42 18.5 2.366
  endloop
 endfacet
  facet normal 0 0 0
    outer loop
   vertex -7.289 18.727 2.366
   vertex -7.289 18.612 2.366
   vertex -7.21 18.525 2.366
  endloop
 endfacet
  facet normal 0 0 0
    outer loop
   vertex -7.21 18.525 2.366
   vertex -7.289 18.612 2.366
   vertex -7.263 18.5 2.366
  endloop
 endfacet
  facet normal 0 0 0
    outer loop
   vertex -7.289 18.727 2.366
   vertex -7.511 18.675 2.366
   vertex -7.289 18.612 2.366
  endloop
 endfacet
  facet normal 0 0 0
    outer loop
   vertex -7.289 18.612 2.366
   vertex -7.511 18.675 2.366
   vertex -7.42 18.5 2.366
  endloop
 endfacet
  facet normal 0 0 0
    outer loop
   vertex -7.42 18.5 2.366
   vertex -7.511 18.675 2.366
   vertex -7.525 18.5 2.366
  endloop
 endfacet
  facet normal 0 0 0
    outer loop
   vertex -7.511 18.675 2.366
   vertex -7.63 18.825 2.366
   vertex -7.63 18.525 2.366
  endloop
 endfacet
  facet normal 0 0 0
    outer loop
   vertex -7.525 18.85 2.366
   vertex -7.578 18.85 2.366
   vertex -7.511 18.675 2.366
  endloop
 endfacet
  facet normal 0 0 0
    outer loop
   vertex -7.525 18.5 2.366
   vertex -7.511 18.675 2.366
   vertex -7.578 18.5 2.366
  endloop
 endfacet
  facet normal 0 0 0
    outer loop
   vertex -7.511 18.675 2.366
   vertex -7.63 18.525 2.366
   vertex -7.578 18.5 2.366
  endloop
 endfacet
  facet normal 0 0 0
    outer loop
   vertex -7.578 18.5 2.366
   vertex -7.63 18.525 2.366
   vertex -7.63 18.5 2.366
  endloop
 endfacet
  facet normal 0 0 0
    outer loop
   vertex -7.263 17.15 2.366
   vertex -7.315 17.15 2.366
   vertex -7.289 17.027 2.366
  endloop
 endfacet
  facet normal 0 0 0
    outer loop
   vertex -7.21 17.125 2.366
   vertex -7.263 17.15 2.366
   vertex -7.289 17.027 2.366
  endloop
 endfacet
  facet normal 0 0 0
    outer loop
   vertex -7.21 17.125 2.366
   vertex -7.289 17.027 2.366
   vertex -7.21 16.825 2.366
  endloop
 endfacet
  facet normal 0 0 0
    outer loop
   vertex -7.315 17.15 2.366
   vertex -7.42 17.15 2.366
   vertex -7.289 17.027 2.366
  endloop
 endfacet
  facet normal 0 0 0
    outer loop
   vertex -7.289 17.027 2.366
   vertex -7.42 17.15 2.366
   vertex -7.511 16.975 2.366
  endloop
 endfacet
  facet normal 0 0 0
    outer loop
   vertex -7.578 16.8 2.366
   vertex -7.63 16.825 2.366
   vertex -7.63 16.8 2.366
  endloop
 endfacet
  facet normal 0 0 0
    outer loop
   vertex -7.21 16.8 2.366
   vertex -7.21 16.825 2.366
   vertex -7.263 16.8 2.366
  endloop
 endfacet
  facet normal 0 0 0
    outer loop
   vertex -7.63 17.125 2.366
   vertex -8.225 17.125 2.366
   vertex -7.63 16.825 2.366
  endloop
 endfacet
  facet normal 0 0 0
    outer loop
   vertex -7.42 17.15 2.366
   vertex -7.525 17.15 2.366
   vertex -7.511 16.975 2.366
  endloop
 endfacet
  facet normal 0 0 0
    outer loop
   vertex -7.42 16.8 2.366
   vertex -7.511 16.975 2.366
   vertex -7.525 16.8 2.366
  endloop
 endfacet
  facet normal 0 0 0
    outer loop
   vertex -7.511 16.975 2.366
   vertex -7.63 17.125 2.366
   vertex -7.63 16.825 2.366
  endloop
 endfacet
  facet normal 0 0 0
    outer loop
   vertex -7.525 17.15 2.366
   vertex -7.578 17.15 2.366
   vertex -7.511 16.975 2.366
  endloop
 endfacet
  facet normal 0 0 0
    outer loop
   vertex -7.578 17.15 2.366
   vertex -7.63 17.15 2.366
   vertex -7.63 17.125 2.366
  endloop
 endfacet
  facet normal 0 0 0
    outer loop
   vertex -7.578 17.15 2.366
   vertex -7.63 17.125 2.366
   vertex -7.511 16.975 2.366
  endloop
 endfacet
  facet normal 0 0 0
    outer loop
   vertex -7.21 17.15 2.366
   vertex -7.263 17.15 2.366
   vertex -7.21 17.125 2.366
  endloop
 endfacet
  facet normal 0 0 0
    outer loop
   vertex -7.525 16.8 2.366
   vertex -7.511 16.975 2.366
   vertex -7.578 16.8 2.366
  endloop
 endfacet
  facet normal 0 0 0
    outer loop
   vertex -7.511 16.975 2.366
   vertex -7.63 16.825 2.366
   vertex -7.578 16.8 2.366
  endloop
 endfacet
  facet normal 0 0 0
    outer loop
   vertex -7.263 16.8 2.366
   vertex -7.289 16.912 2.366
   vertex -7.315 16.8 2.366
  endloop
 endfacet
  facet normal 0 0 0
    outer loop
   vertex -7.315 16.8 2.366
   vertex -7.289 16.912 2.366
   vertex -7.42 16.8 2.366
  endloop
 endfacet
  facet normal 0 0 0
    outer loop
   vertex -7.289 17.027 2.366
   vertex -7.289 16.912 2.366
   vertex -7.21 16.825 2.366
  endloop
 endfacet
  facet normal 0 0 0
    outer loop
   vertex -7.21 16.825 2.366
   vertex -7.289 16.912 2.366
   vertex -7.263 16.8 2.366
  endloop
 endfacet
  facet normal 0 0 0
    outer loop
   vertex -7.289 17.027 2.366
   vertex -7.511 16.975 2.366
   vertex -7.289 16.912 2.366
  endloop
 endfacet
  facet normal 0 0 0
    outer loop
   vertex -7.289 16.912 2.366
   vertex -7.511 16.975 2.366
   vertex -7.42 16.8 2.366
  endloop
 endfacet
  facet normal 0 0 0
    outer loop
   vertex -6.02 17.15 2.366
   vertex -6.073 17.15 2.366
   vertex -6.02 17.125 2.366
  endloop
 endfacet
  facet normal 0 0 0
    outer loop
   vertex -4.62 17.15 2.366
   vertex -4.725 17.15 2.366
   vertex -4.767 16.975 2.366
  endloop
 endfacet
  facet normal 0 0 0
    outer loop
   vertex -4.767 16.975 2.366
   vertex -4.83 17.125 2.366
   vertex -4.83 16.825 2.366
  endloop
 endfacet
  facet normal 0 0 0
    outer loop
   vertex -4.62 16.8 2.366
   vertex -4.767 16.975 2.366
   vertex -4.725 16.8 2.366
  endloop
 endfacet
  facet normal 0 0 0
    outer loop
   vertex -4.62 17.15 2.366
   vertex -4.767 16.975 2.366
   vertex -4.62 16.8 2.366
  endloop
 endfacet
  facet normal 0 0 0
    outer loop
   vertex -4.725 17.15 2.366
   vertex -4.778 17.15 2.366
   vertex -4.767 16.975 2.366
  endloop
 endfacet
  facet normal 0 0 0
    outer loop
   vertex -4.778 17.15 2.366
   vertex -4.83 17.15 2.366
   vertex -4.83 17.125 2.366
  endloop
 endfacet
  facet normal 0 0 0
    outer loop
   vertex -4.778 17.15 2.366
   vertex -4.83 17.125 2.366
   vertex -4.767 16.975 2.366
  endloop
 endfacet
  facet normal 0 0 0
    outer loop
   vertex -6.073 17.15 2.366
   vertex -6.125 17.15 2.366
   vertex -6.099 17.027 2.366
  endloop
 endfacet
  facet normal 0 0 0
    outer loop
   vertex -6.02 17.125 2.366
   vertex -6.073 17.15 2.366
   vertex -6.099 17.027 2.366
  endloop
 endfacet
  facet normal 0 0 0
    outer loop
   vertex -6.02 17.125 2.366
   vertex -6.099 17.027 2.366
   vertex -6.02 16.825 2.366
  endloop
 endfacet
  facet normal 0 0 0
    outer loop
   vertex -6.125 17.15 2.366
   vertex -6.23 17.15 2.366
   vertex -6.099 17.027 2.366
  endloop
 endfacet
  facet normal 0 0 0
    outer loop
   vertex -6.099 17.027 2.366
   vertex -6.23 17.15 2.366
   vertex -6.321 16.975 2.366
  endloop
 endfacet
  facet normal 0 0 0
    outer loop
   vertex -4.725 16.8 2.366
   vertex -4.767 16.975 2.366
   vertex -4.778 16.8 2.366
  endloop
 endfacet
  facet normal 0 0 0
    outer loop
   vertex -4.767 16.975 2.366
   vertex -4.83 16.825 2.366
   vertex -4.778 16.8 2.366
  endloop
 endfacet
  facet normal 0 0 0
    outer loop
   vertex -4.778 16.8 2.366
   vertex -4.83 16.825 2.366
   vertex -4.83 16.8 2.366
  endloop
 endfacet
  facet normal 0 0 0
    outer loop
   vertex -6.335 16.8 2.366
   vertex -6.321 16.975 2.366
   vertex -6.388 16.8 2.366
  endloop
 endfacet
  facet normal 0 0 0
    outer loop
   vertex -6.321 16.975 2.366
   vertex -6.44 16.825 2.366
   vertex -6.388 16.8 2.366
  endloop
 endfacet
  facet normal 0 0 0
    outer loop
   vertex -6.388 16.8 2.366
   vertex -6.44 16.825 2.366
   vertex -6.44 16.8 2.366
  endloop
 endfacet
  facet normal 0 0 0
    outer loop
   vertex -6.02 16.8 2.366
   vertex -6.02 16.825 2.366
   vertex -6.073 16.8 2.366
  endloop
 endfacet
  facet normal 0 0 0
    outer loop
   vertex -5.425 17.125 2.366
   vertex -6.02 17.125 2.366
   vertex -6.02 16.825 2.366
  endloop
 endfacet
  facet normal 0 0 0
    outer loop
   vertex -4.83 17.125 2.366
   vertex -5.425 17.125 2.366
   vertex -4.83 16.825 2.366
  endloop
 endfacet
  facet normal 0 0 0
    outer loop
   vertex -4.83 16.825 2.366
   vertex -5.425 17.125 2.366
   vertex -6.02 16.825 2.366
  endloop
 endfacet
  facet normal 0 0 0
    outer loop
   vertex -4.41 16.8 2.366
   vertex -4.41 17.15 2.366
   vertex -4.62 16.8 2.366
  endloop
 endfacet
  facet normal 0 0 0
    outer loop
   vertex -4.41 17.15 2.366
   vertex -4.62 17.15 2.366
   vertex -4.62 16.8 2.366
  endloop
 endfacet
  facet normal 0 0 0
    outer loop
   vertex -6.23 17.15 2.366
   vertex -6.335 17.15 2.366
   vertex -6.321 16.975 2.366
  endloop
 endfacet
  facet normal 0 0 0
    outer loop
   vertex -6.23 16.8 2.366
   vertex -6.321 16.975 2.366
   vertex -6.335 16.8 2.366
  endloop
 endfacet
  facet normal 0 0 0
    outer loop
   vertex -6.321 16.975 2.366
   vertex -6.44 17.125 2.366
   vertex -6.44 16.825 2.366
  endloop
 endfacet
  facet normal 0 0 0
    outer loop
   vertex -6.335 17.15 2.366
   vertex -6.388 17.15 2.366
   vertex -6.321 16.975 2.366
  endloop
 endfacet
  facet normal 0 0 0
    outer loop
   vertex -6.388 17.15 2.366
   vertex -6.44 17.15 2.366
   vertex -6.44 17.125 2.366
  endloop
 endfacet
  facet normal 0 0 0
    outer loop
   vertex -6.388 17.15 2.366
   vertex -6.44 17.125 2.366
   vertex -6.321 16.975 2.366
  endloop
 endfacet
  facet normal 0 0 0
    outer loop
   vertex -6.073 16.8 2.366
   vertex -6.099 16.912 2.366
   vertex -6.125 16.8 2.366
  endloop
 endfacet
  facet normal 0 0 0
    outer loop
   vertex -6.125 16.8 2.366
   vertex -6.099 16.912 2.366
   vertex -6.23 16.8 2.366
  endloop
 endfacet
  facet normal 0 0 0
    outer loop
   vertex -6.099 17.027 2.366
   vertex -6.099 16.912 2.366
   vertex -6.02 16.825 2.366
  endloop
 endfacet
  facet normal 0 0 0
    outer loop
   vertex -6.02 16.825 2.366
   vertex -6.099 16.912 2.366
   vertex -6.073 16.8 2.366
  endloop
 endfacet
  facet normal 0 0 0
    outer loop
   vertex -6.099 17.027 2.366
   vertex -6.321 16.975 2.366
   vertex -6.099 16.912 2.366
  endloop
 endfacet
  facet normal 0 0 0
    outer loop
   vertex -6.099 16.912 2.366
   vertex -6.321 16.975 2.366
   vertex -6.23 16.8 2.366
  endloop
 endfacet
  facet normal 0 0 0
    outer loop
   vertex -8.82 16.825 2.366
   vertex -8.883 16.975 2.366
   vertex -8.873 16.8 2.366
  endloop
 endfacet
  facet normal 0 0 0
    outer loop
   vertex -8.873 18.85 2.366
   vertex -8.925 18.85 2.366
   vertex -8.899 18.727 2.366
  endloop
 endfacet
  facet normal 0 0 0
    outer loop
   vertex -8.82 18.825 2.366
   vertex -8.873 18.85 2.366
   vertex -8.899 18.727 2.366
  endloop
 endfacet
  facet normal 0 0 0
    outer loop
   vertex -8.82 18.825 2.366
   vertex -8.899 18.727 2.366
   vertex -8.82 18.525 2.366
  endloop
 endfacet
  facet normal 0 0 0
    outer loop
   vertex -8.925 18.85 2.366
   vertex -9.03 18.85 2.366
   vertex -8.899 18.727 2.366
  endloop
 endfacet
  facet normal 0 0 0
    outer loop
   vertex -8.899 18.727 2.366
   vertex -9.03 18.85 2.366
   vertex -9.121 18.675 2.366
  endloop
 endfacet
  facet normal 0 0 0
    outer loop
   vertex -9.177 16.975 2.366
   vertex -9.24 17.125 2.366
   vertex -9.24 16.825 2.366
  endloop
 endfacet
  facet normal 0 0 0
    outer loop
   vertex -9.03 16.8 2.366
   vertex -9.177 16.975 2.366
   vertex -9.135 16.8 2.366
  endloop
 endfacet
  facet normal 0 0 0
    outer loop
   vertex -8.883 16.975 2.366
   vertex -9.03 17.15 2.366
   vertex -9.177 16.975 2.366
  endloop
 endfacet
  facet normal 0 0 0
    outer loop
   vertex -8.883 16.975 2.366
   vertex -9.177 16.975 2.366
   vertex -9.03 16.8 2.366
  endloop
 endfacet
  facet normal 0 0 0
    outer loop
   vertex -9.135 17.15 2.366
   vertex -9.188 17.15 2.366
   vertex -9.177 16.975 2.366
  endloop
 endfacet
  facet normal 0 0 0
    outer loop
   vertex -9.188 17.15 2.366
   vertex -9.24 17.15 2.366
   vertex -9.24 17.125 2.366
  endloop
 endfacet
  facet normal 0 0 0
    outer loop
   vertex -9.188 17.15 2.366
   vertex -9.24 17.125 2.366
   vertex -9.177 16.975 2.366
  endloop
 endfacet
  facet normal 0 0 0
    outer loop
   vertex -10.9 18.525 2.366
   vertex -11.072 18.825 2.366
   vertex -11.85 18.525 2.366
  endloop
 endfacet
  facet normal 0 0 0
    outer loop
   vertex -11.85 18.525 2.366
   vertex -12.8 18.825 2.366
   vertex -12.8 18.525 2.366
  endloop
 endfacet
  facet normal 0 0 0
    outer loop
   vertex -11.072 18.825 2.366
   vertex -12.8 18.825 2.366
   vertex -11.85 18.525 2.366
  endloop
 endfacet
  facet normal 0 0 0
    outer loop
   vertex -9.03 18.85 2.366
   vertex -9.135 18.85 2.366
   vertex -9.121 18.675 2.366
  endloop
 endfacet
  facet normal 0 0 0
    outer loop
   vertex -9.03 18.5 2.366
   vertex -9.121 18.675 2.366
   vertex -9.135 18.5 2.366
  endloop
 endfacet
  facet normal 0 0 0
    outer loop
   vertex -9.121 18.675 2.366
   vertex -9.24 18.825 2.366
   vertex -9.24 18.525 2.366
  endloop
 endfacet
  facet normal 0 0 0
    outer loop
   vertex -9.135 18.85 2.366
   vertex -9.188 18.85 2.366
   vertex -9.121 18.675 2.366
  endloop
 endfacet
  facet normal 0 0 0
    outer loop
   vertex -9.188 18.85 2.366
   vertex -9.24 18.85 2.366
   vertex -9.24 18.825 2.366
  endloop
 endfacet
  facet normal 0 0 0
    outer loop
   vertex -9.188 18.85 2.366
   vertex -9.24 18.825 2.366
   vertex -9.121 18.675 2.366
  endloop
 endfacet
  facet normal 0 0 0
    outer loop
   vertex -8.82 18.85 2.366
   vertex -8.873 18.85 2.366
   vertex -8.82 18.825 2.366
  endloop
 endfacet
  facet normal 0 0 0
    outer loop
   vertex -9.92 18.525 2.366
   vertex -11.072 18.825 2.366
   vertex -10.6 18.525 2.366
  endloop
 endfacet
  facet normal 0 0 0
    outer loop
   vertex -9.345 18.825 2.366
   vertex -11.072 18.825 2.366
   vertex -9.92 18.525 2.366
  endloop
 endfacet
  facet normal 0 0 0
    outer loop
   vertex -9.24 18.825 2.366
   vertex -9.345 18.825 2.366
   vertex -9.24 18.525 2.366
  endloop
 endfacet
  facet normal 0 0 0
    outer loop
   vertex -8.873 18.5 2.366
   vertex -8.899 18.612 2.366
   vertex -8.925 18.5 2.366
  endloop
 endfacet
  facet normal 0 0 0
    outer loop
   vertex -8.925 18.5 2.366
   vertex -8.899 18.612 2.366
   vertex -9.03 18.5 2.366
  endloop
 endfacet
  facet normal 0 0 0
    outer loop
   vertex -8.899 18.727 2.366
   vertex -8.899 18.612 2.366
   vertex -8.82 18.525 2.366
  endloop
 endfacet
  facet normal 0 0 0
    outer loop
   vertex -8.82 18.525 2.366
   vertex -8.899 18.612 2.366
   vertex -8.873 18.5 2.366
  endloop
 endfacet
  facet normal 0 0 0
    outer loop
   vertex -8.899 18.727 2.366
   vertex -9.121 18.675 2.366
   vertex -8.899 18.612 2.366
  endloop
 endfacet
  facet normal 0 0 0
    outer loop
   vertex -8.899 18.612 2.366
   vertex -9.121 18.675 2.366
   vertex -9.03 18.5 2.366
  endloop
 endfacet
  facet normal 0 0 0
    outer loop
   vertex -10.6 18.525 2.366
   vertex -11.072 18.825 2.366
   vertex -10.9 18.525 2.366
  endloop
 endfacet
  facet normal 0 0 0
    outer loop
   vertex -9.24 18.525 2.366
   vertex -9.345 18.825 2.366
   vertex -9.92 18.525 2.366
  endloop
 endfacet
  facet normal 0 0 0
    outer loop
   vertex -10.07 16.825 2.366
   vertex -10.6 17.125 2.366
   vertex -10.9 16.825 2.366
  endloop
 endfacet
  facet normal 0 0 0
    outer loop
   vertex -9.24 16.825 2.366
   vertex -9.24 17.125 2.366
   vertex -10.07 16.825 2.366
  endloop
 endfacet
  facet normal 0 0 0
    outer loop
   vertex -9.24 17.125 2.366
   vertex -10.6 17.125 2.366
   vertex -10.07 16.825 2.366
  endloop
 endfacet
  facet normal 0 0 0
    outer loop
   vertex -10.6 17.125 2.366
   vertex -10.9 17.675 2.366
   vertex -10.9 16.825 2.366
  endloop
 endfacet
  facet normal 0 0 0
    outer loop
   vertex -10.6 18.525 2.366
   vertex -10.9 18.525 2.366
   vertex -10.9 17.675 2.366
  endloop
 endfacet
  facet normal 0 0 0
    outer loop
   vertex -10.6 18.525 2.366
   vertex -10.9 17.675 2.366
   vertex -10.6 17.125 2.366
  endloop
 endfacet
  facet normal 0 0 0
    outer loop
   vertex -9.135 18.5 2.366
   vertex -9.121 18.675 2.366
   vertex -9.188 18.5 2.366
  endloop
 endfacet
  facet normal 0 0 0
    outer loop
   vertex -9.121 18.675 2.366
   vertex -9.24 18.525 2.366
   vertex -9.188 18.5 2.366
  endloop
 endfacet
  facet normal 0 0 0
    outer loop
   vertex -9.188 18.5 2.366
   vertex -9.24 18.525 2.366
   vertex -9.24 18.5 2.366
  endloop
 endfacet
  facet normal 0 0 0
    outer loop
   vertex -8.82 18.5 2.366
   vertex -8.82 18.525 2.366
   vertex -8.873 18.5 2.366
  endloop
 endfacet
  facet normal 0 0 0
    outer loop
   vertex -8.925 17.15 2.366
   vertex -9.03 17.15 2.366
   vertex -8.883 16.975 2.366
  endloop
 endfacet
  facet normal 0 0 0
    outer loop
   vertex -8.82 17.125 2.366
   vertex -8.883 16.975 2.366
   vertex -8.82 16.825 2.366
  endloop
 endfacet
  facet normal 0 0 0
    outer loop
   vertex -8.925 16.8 2.366
   vertex -8.883 16.975 2.366
   vertex -9.03 16.8 2.366
  endloop
 endfacet
  facet normal 0 0 0
    outer loop
   vertex -8.873 17.15 2.366
   vertex -8.925 17.15 2.366
   vertex -8.883 16.975 2.366
  endloop
 endfacet
  facet normal 0 0 0
    outer loop
   vertex -8.82 17.125 2.366
   vertex -8.873 17.15 2.366
   vertex -8.883 16.975 2.366
  endloop
 endfacet
  facet normal 0 0 0
    outer loop
   vertex -8.82 17.15 2.366
   vertex -8.873 17.15 2.366
   vertex -8.82 17.125 2.366
  endloop
 endfacet
  facet normal 0 0 0
    outer loop
   vertex -9.03 17.15 2.366
   vertex -9.135 17.15 2.366
   vertex -9.177 16.975 2.366
  endloop
 endfacet
  facet normal 0 0 0
    outer loop
   vertex -9.135 16.8 2.366
   vertex -9.177 16.975 2.366
   vertex -9.188 16.8 2.366
  endloop
 endfacet
  facet normal 0 0 0
    outer loop
   vertex -9.177 16.975 2.366
   vertex -9.24 16.825 2.366
   vertex -9.188 16.8 2.366
  endloop
 endfacet
  facet normal 0 0 0
    outer loop
   vertex -9.188 16.8 2.366
   vertex -9.24 16.825 2.366
   vertex -9.24 16.8 2.366
  endloop
 endfacet
  facet normal 0 0 0
    outer loop
   vertex -8.873 16.8 2.366
   vertex -8.883 16.975 2.366
   vertex -8.925 16.8 2.366
  endloop
 endfacet
  facet normal 0 0 0
    outer loop
   vertex -8.82 16.8 2.366
   vertex -8.82 16.825 2.366
   vertex -8.873 16.8 2.366
  endloop
 endfacet
  facet normal 0 0 0
    outer loop
   vertex -4.67 15.99 0.326
   vertex -4.67 15.99 0.506
   vertex -4.82 15.99 0.506
  endloop
 endfacet
  facet normal 0 0 0
    outer loop
   vertex -4.67 15.99 0.326
   vertex -4.82 15.99 0.506
   vertex -4.82 15.99 0.326
  endloop
 endfacet
  facet normal 0 0 0
    outer loop
   vertex -6.07 15.99 0.326
   vertex -6.07 15.99 0.506
   vertex -6.22 15.99 0.506
  endloop
 endfacet
  facet normal 0 0 0
    outer loop
   vertex -6.07 15.99 0.326
   vertex -6.22 15.99 0.506
   vertex -6.22 15.99 0.326
  endloop
 endfacet
  facet normal 0 0 0
    outer loop
   vertex -7.47 15.99 0.326
   vertex -7.47 15.99 0.506
   vertex -7.62 15.99 0.506
  endloop
 endfacet
  facet normal 0 0 0
    outer loop
   vertex -7.47 15.99 0.326
   vertex -7.62 15.99 0.506
   vertex -7.62 15.99 0.326
  endloop
 endfacet
  facet normal 0 0 0
    outer loop
   vertex -8.87 15.99 0.326
   vertex -8.87 15.99 0.506
   vertex -9.02 15.99 0.506
  endloop
 endfacet
  facet normal 0 0 0
    outer loop
   vertex -8.87 15.99 0.326
   vertex -9.02 15.99 0.506
   vertex -9.02 15.99 0.326
  endloop
 endfacet
  facet normal 0 0 0
    outer loop
   vertex -4.55 18.84 0.326
   vertex -4.55 18.84 0.506
   vertex -4.55 18.51 0.506
  endloop
 endfacet
  facet normal 0 0 0
    outer loop
   vertex -4.55 18.84 0.326
   vertex -4.55 18.51 0.506
   vertex -4.55 18.51 0.326
  endloop
 endfacet
  facet normal 0 0 0
    outer loop
   vertex -4.55 17.14 0.326
   vertex -4.55 17.14 0.506
   vertex -4.55 16.81 0.506
  endloop
 endfacet
  facet normal 0 0 0
    outer loop
   vertex -4.55 17.14 0.326
   vertex -4.55 16.81 0.506
   vertex -4.55 16.81 0.326
  endloop
 endfacet
  facet normal 0 0 0
    outer loop
   vertex -4.55 16.81 0.326
   vertex -4.55 16.81 0.506
   vertex -4.67 16.81 0.506
  endloop
 endfacet
  facet normal 0 0 0
    outer loop
   vertex -4.55 16.81 0.326
   vertex -4.67 16.81 0.506
   vertex -4.67 16.81 0.326
  endloop
 endfacet
  facet normal 0 0 0
    outer loop
   vertex -6.22 16.81 0.326
   vertex -6.22 16.81 0.506
   vertex -6.34 16.81 0.506
  endloop
 endfacet
  facet normal 0 0 0
    outer loop
   vertex -6.22 16.81 0.326
   vertex -6.34 16.81 0.506
   vertex -6.34 16.81 0.326
  endloop
 endfacet
  facet normal 0 0 0
    outer loop
   vertex -7.35 16.81 0.326
   vertex -7.35 16.81 0.506
   vertex -7.47 16.81 0.506
  endloop
 endfacet
  facet normal 0 0 0
    outer loop
   vertex -7.35 16.81 0.326
   vertex -7.47 16.81 0.506
   vertex -7.47 16.81 0.326
  endloop
 endfacet
  facet normal 0 0 0
    outer loop
   vertex -9.02 16.81 0.326
   vertex -9.02 16.81 0.506
   vertex -9.14 16.81 0.506
  endloop
 endfacet
  facet normal 0 0 0
    outer loop
   vertex -9.02 16.81 0.326
   vertex -9.14 16.81 0.506
   vertex -9.14 16.81 0.326
  endloop
 endfacet
  facet normal 0 0 0
    outer loop
   vertex -9.14 16.81 0.326
   vertex -9.14 16.81 0.506
   vertex -9.14 17.14 0.506
  endloop
 endfacet
  facet normal 0 0 0
    outer loop
   vertex -9.14 16.81 0.326
   vertex -9.14 17.14 0.506
   vertex -9.14 17.14 0.326
  endloop
 endfacet
  facet normal 0 0 0
    outer loop
   vertex -9.14 18.51 0.326
   vertex -9.14 18.51 0.506
   vertex -9.14 18.84 0.506
  endloop
 endfacet
  facet normal 0 0 0
    outer loop
   vertex -9.14 18.51 0.326
   vertex -9.14 18.84 0.506
   vertex -9.14 18.84 0.326
  endloop
 endfacet
  facet normal 0 0 0
    outer loop
   vertex -4.55 18.51 0.326
   vertex -4.55 18.51 0.506
   vertex -4.67 18.51 0.506
  endloop
 endfacet
  facet normal 0 0 0
    outer loop
   vertex -4.55 18.51 0.326
   vertex -4.67 18.51 0.506
   vertex -4.67 18.51 0.326
  endloop
 endfacet
  facet normal 0 0 0
    outer loop
   vertex -6.22 18.51 0.326
   vertex -6.22 18.51 0.506
   vertex -6.34 18.51 0.506
  endloop
 endfacet
  facet normal 0 0 0
    outer loop
   vertex -6.22 18.51 0.326
   vertex -6.34 18.51 0.506
   vertex -6.34 18.51 0.326
  endloop
 endfacet
  facet normal 0 0 0
    outer loop
   vertex -7.35 18.51 0.326
   vertex -7.35 18.51 0.506
   vertex -7.47 18.51 0.506
  endloop
 endfacet
  facet normal 0 0 0
    outer loop
   vertex -7.35 18.51 0.326
   vertex -7.47 18.51 0.506
   vertex -7.47 18.51 0.326
  endloop
 endfacet
  facet normal 0 0 0
    outer loop
   vertex -9.02 18.51 0.326
   vertex -9.02 18.51 0.506
   vertex -9.14 18.51 0.506
  endloop
 endfacet
  facet normal 0 0 0
    outer loop
   vertex -9.02 18.51 0.326
   vertex -9.14 18.51 0.506
   vertex -9.14 18.51 0.326
  endloop
 endfacet
  facet normal 0 0 0
    outer loop
   vertex -9.14 17.14 0.326
   vertex -9.14 17.14 0.506
   vertex -8.87 17.14 0.506
  endloop
 endfacet
  facet normal 0 0 0
    outer loop
   vertex -9.14 17.14 0.326
   vertex -8.87 17.14 0.506
   vertex -8.87 17.14 0.326
  endloop
 endfacet
  facet normal 0 0 0
    outer loop
   vertex -7.62 17.14 0.326
   vertex -7.62 17.14 0.506
   vertex -7.35 17.14 0.506
  endloop
 endfacet
  facet normal 0 0 0
    outer loop
   vertex -7.62 17.14 0.326
   vertex -7.35 17.14 0.506
   vertex -7.35 17.14 0.326
  endloop
 endfacet
  facet normal 0 0 0
    outer loop
   vertex -6.34 17.14 0.326
   vertex -6.34 17.14 0.506
   vertex -6.07 17.14 0.506
  endloop
 endfacet
  facet normal 0 0 0
    outer loop
   vertex -6.34 17.14 0.326
   vertex -6.07 17.14 0.506
   vertex -6.07 17.14 0.326
  endloop
 endfacet
  facet normal 0 0 0
    outer loop
   vertex -4.82 17.14 0.326
   vertex -4.82 17.14 0.506
   vertex -4.55 17.14 0.506
  endloop
 endfacet
  facet normal 0 0 0
    outer loop
   vertex -4.82 17.14 0.326
   vertex -4.55 17.14 0.506
   vertex -4.55 17.14 0.326
  endloop
 endfacet
  facet normal 0 0 0
    outer loop
   vertex -4.67 17.69 0.326
   vertex -4.67 17.69 0.506
   vertex -4.82 17.69 0.506
  endloop
 endfacet
  facet normal 0 0 0
    outer loop
   vertex -4.67 17.69 0.326
   vertex -4.82 17.69 0.506
   vertex -4.82 17.69 0.326
  endloop
 endfacet
  facet normal 0 0 0
    outer loop
   vertex -6.07 17.69 0.326
   vertex -6.07 17.69 0.506
   vertex -6.22 17.69 0.506
  endloop
 endfacet
  facet normal 0 0 0
    outer loop
   vertex -6.07 17.69 0.326
   vertex -6.22 17.69 0.506
   vertex -6.22 17.69 0.326
  endloop
 endfacet
  facet normal 0 0 0
    outer loop
   vertex -7.47 17.69 0.326
   vertex -7.47 17.69 0.506
   vertex -7.62 17.69 0.506
  endloop
 endfacet
  facet normal 0 0 0
    outer loop
   vertex -7.47 17.69 0.326
   vertex -7.62 17.69 0.506
   vertex -7.62 17.69 0.326
  endloop
 endfacet
  facet normal 0 0 0
    outer loop
   vertex -8.87 17.69 0.326
   vertex -8.87 17.69 0.506
   vertex -9.02 17.69 0.506
  endloop
 endfacet
  facet normal 0 0 0
    outer loop
   vertex -8.87 17.69 0.326
   vertex -9.02 17.69 0.506
   vertex -9.02 17.69 0.326
  endloop
 endfacet
  facet normal 0 0 0
    outer loop
   vertex -9.02 15.99 0.326
   vertex -9.02 15.99 0.506
   vertex -9.02 16.4 0.326
  endloop
 endfacet
  facet normal 0 0 0
    outer loop
   vertex -9.02 16.4 0.326
   vertex -9.02 16.81 0.506
   vertex -9.02 16.81 0.326
  endloop
 endfacet
  facet normal 0 0 0
    outer loop
   vertex -9.02 16.4 0.326
   vertex -9.02 15.99 0.506
   vertex -9.02 16.81 0.506
  endloop
 endfacet
  facet normal 0 0 0
    outer loop
   vertex -9.02 17.69 0.326
   vertex -9.02 17.69 0.506
   vertex -9.02 18.1 0.326
  endloop
 endfacet
  facet normal 0 0 0
    outer loop
   vertex -9.02 18.1 0.326
   vertex -9.02 18.51 0.506
   vertex -9.02 18.51 0.326
  endloop
 endfacet
  facet normal 0 0 0
    outer loop
   vertex -9.02 18.1 0.326
   vertex -9.02 17.69 0.506
   vertex -9.02 18.51 0.506
  endloop
 endfacet
  facet normal 0 0 0
    outer loop
   vertex -8.87 18.84 0.326
   vertex -8.87 18.84 0.506
   vertex -8.87 18.265 0.326
  endloop
 endfacet
  facet normal 0 0 0
    outer loop
   vertex -8.87 18.265 0.326
   vertex -8.87 17.69 0.506
   vertex -8.87 17.69 0.326
  endloop
 endfacet
  facet normal 0 0 0
    outer loop
   vertex -8.87 18.265 0.326
   vertex -8.87 18.84 0.506
   vertex -8.87 17.69 0.506
  endloop
 endfacet
  facet normal 0 0 0
    outer loop
   vertex -8.87 17.14 0.326
   vertex -8.87 17.14 0.506
   vertex -8.87 16.565 0.326
  endloop
 endfacet
  facet normal 0 0 0
    outer loop
   vertex -8.87 16.565 0.326
   vertex -8.87 15.99 0.506
   vertex -8.87 15.99 0.326
  endloop
 endfacet
  facet normal 0 0 0
    outer loop
   vertex -8.87 16.565 0.326
   vertex -8.87 17.14 0.506
   vertex -8.87 15.99 0.506
  endloop
 endfacet
  facet normal 0 0 0
    outer loop
   vertex -7.62 15.99 0.326
   vertex -7.62 15.99 0.506
   vertex -7.62 16.565 0.326
  endloop
 endfacet
  facet normal 0 0 0
    outer loop
   vertex -7.62 16.565 0.326
   vertex -7.62 17.14 0.506
   vertex -7.62 17.14 0.326
  endloop
 endfacet
  facet normal 0 0 0
    outer loop
   vertex -7.62 16.565 0.326
   vertex -7.62 15.99 0.506
   vertex -7.62 17.14 0.506
  endloop
 endfacet
  facet normal 0 0 0
    outer loop
   vertex -7.62 17.69 0.326
   vertex -7.62 17.69 0.506
   vertex -7.62 18.265 0.326
  endloop
 endfacet
  facet normal 0 0 0
    outer loop
   vertex -7.62 18.265 0.326
   vertex -7.62 18.84 0.506
   vertex -7.62 18.84 0.326
  endloop
 endfacet
  facet normal 0 0 0
    outer loop
   vertex -7.62 18.265 0.326
   vertex -7.62 17.69 0.506
   vertex -7.62 18.84 0.506
  endloop
 endfacet
  facet normal 0 0 0
    outer loop
   vertex -7.47 18.51 0.326
   vertex -7.47 18.51 0.506
   vertex -7.47 18.1 0.326
  endloop
 endfacet
  facet normal 0 0 0
    outer loop
   vertex -7.47 18.1 0.326
   vertex -7.47 17.69 0.506
   vertex -7.47 17.69 0.326
  endloop
 endfacet
  facet normal 0 0 0
    outer loop
   vertex -7.47 18.1 0.326
   vertex -7.47 18.51 0.506
   vertex -7.47 17.69 0.506
  endloop
 endfacet
  facet normal 0 0 0
    outer loop
   vertex -7.47 16.81 0.326
   vertex -7.47 16.81 0.506
   vertex -7.47 16.4 0.326
  endloop
 endfacet
  facet normal 0 0 0
    outer loop
   vertex -7.47 16.4 0.326
   vertex -7.47 15.99 0.506
   vertex -7.47 15.99 0.326
  endloop
 endfacet
  facet normal 0 0 0
    outer loop
   vertex -7.47 16.4 0.326
   vertex -7.47 16.81 0.506
   vertex -7.47 15.99 0.506
  endloop
 endfacet
  facet normal 0 0 0
    outer loop
   vertex -4.67 18.51 0.326
   vertex -4.67 18.51 0.506
   vertex -4.67 18.1 0.326
  endloop
 endfacet
  facet normal 0 0 0
    outer loop
   vertex -4.67 18.1 0.326
   vertex -4.67 17.69 0.506
   vertex -4.67 17.69 0.326
  endloop
 endfacet
  facet normal 0 0 0
    outer loop
   vertex -4.67 18.1 0.326
   vertex -4.67 18.51 0.506
   vertex -4.67 17.69 0.506
  endloop
 endfacet
  facet normal 0 0 0
    outer loop
   vertex -4.67 16.81 0.326
   vertex -4.67 16.81 0.506
   vertex -4.67 16.4 0.326
  endloop
 endfacet
  facet normal 0 0 0
    outer loop
   vertex -4.67 16.4 0.326
   vertex -4.67 15.99 0.506
   vertex -4.67 15.99 0.326
  endloop
 endfacet
  facet normal 0 0 0
    outer loop
   vertex -4.67 16.4 0.326
   vertex -4.67 16.81 0.506
   vertex -4.67 15.99 0.506
  endloop
 endfacet
  facet normal 0 0 0
    outer loop
   vertex -7.35 18.84 0.326
   vertex -7.35 18.84 0.506
   vertex -7.35 18.51 0.506
  endloop
 endfacet
  facet normal 0 0 0
    outer loop
   vertex -7.35 18.84 0.326
   vertex -7.35 18.51 0.506
   vertex -7.35 18.51 0.326
  endloop
 endfacet
  facet normal 0 0 0
    outer loop
   vertex -7.35 17.14 0.326
   vertex -7.35 17.14 0.506
   vertex -7.35 16.81 0.506
  endloop
 endfacet
  facet normal 0 0 0
    outer loop
   vertex -7.35 17.14 0.326
   vertex -7.35 16.81 0.506
   vertex -7.35 16.81 0.326
  endloop
 endfacet
  facet normal 0 0 0
    outer loop
   vertex -4.82 15.99 0.326
   vertex -4.82 15.99 0.506
   vertex -4.82 16.565 0.326
  endloop
 endfacet
  facet normal 0 0 0
    outer loop
   vertex -4.82 16.565 0.326
   vertex -4.82 17.14 0.506
   vertex -4.82 17.14 0.326
  endloop
 endfacet
  facet normal 0 0 0
    outer loop
   vertex -4.82 16.565 0.326
   vertex -4.82 15.99 0.506
   vertex -4.82 17.14 0.506
  endloop
 endfacet
  facet normal 0 0 0
    outer loop
   vertex -4.82 17.69 0.326
   vertex -4.82 17.69 0.506
   vertex -4.82 18.265 0.326
  endloop
 endfacet
  facet normal 0 0 0
    outer loop
   vertex -4.82 18.265 0.326
   vertex -4.82 18.84 0.506
   vertex -4.82 18.84 0.326
  endloop
 endfacet
  facet normal 0 0 0
    outer loop
   vertex -4.82 18.265 0.326
   vertex -4.82 17.69 0.506
   vertex -4.82 18.84 0.506
  endloop
 endfacet
  facet normal 0 0 0
    outer loop
   vertex -6.34 16.81 0.326
   vertex -6.34 16.81 0.506
   vertex -6.34 17.14 0.506
  endloop
 endfacet
  facet normal 0 0 0
    outer loop
   vertex -6.34 16.81 0.326
   vertex -6.34 17.14 0.506
   vertex -6.34 17.14 0.326
  endloop
 endfacet
  facet normal 0 0 0
    outer loop
   vertex -6.34 18.51 0.326
   vertex -6.34 18.51 0.506
   vertex -6.34 18.84 0.506
  endloop
 endfacet
  facet normal 0 0 0
    outer loop
   vertex -6.34 18.51 0.326
   vertex -6.34 18.84 0.506
   vertex -6.34 18.84 0.326
  endloop
 endfacet
  facet normal 0 0 0
    outer loop
   vertex -6.07 18.84 0.326
   vertex -6.07 18.84 0.506
   vertex -6.07 18.265 0.326
  endloop
 endfacet
  facet normal 0 0 0
    outer loop
   vertex -6.07 18.265 0.326
   vertex -6.07 17.69 0.506
   vertex -6.07 17.69 0.326
  endloop
 endfacet
  facet normal 0 0 0
    outer loop
   vertex -6.07 18.265 0.326
   vertex -6.07 18.84 0.506
   vertex -6.07 17.69 0.506
  endloop
 endfacet
  facet normal 0 0 0
    outer loop
   vertex -6.07 17.14 0.326
   vertex -6.07 17.14 0.506
   vertex -6.07 16.565 0.326
  endloop
 endfacet
  facet normal 0 0 0
    outer loop
   vertex -6.07 16.565 0.326
   vertex -6.07 15.99 0.506
   vertex -6.07 15.99 0.326
  endloop
 endfacet
  facet normal 0 0 0
    outer loop
   vertex -6.07 16.565 0.326
   vertex -6.07 17.14 0.506
   vertex -6.07 15.99 0.506
  endloop
 endfacet
  facet normal 0 0 0
    outer loop
   vertex -6.22 15.99 0.326
   vertex -6.22 15.99 0.506
   vertex -6.22 16.4 0.326
  endloop
 endfacet
  facet normal 0 0 0
    outer loop
   vertex -6.22 16.4 0.326
   vertex -6.22 16.81 0.506
   vertex -6.22 16.81 0.326
  endloop
 endfacet
  facet normal 0 0 0
    outer loop
   vertex -6.22 16.4 0.326
   vertex -6.22 15.99 0.506
   vertex -6.22 16.81 0.506
  endloop
 endfacet
  facet normal 0 0 0
    outer loop
   vertex -6.22 17.69 0.326
   vertex -6.22 17.69 0.506
   vertex -6.22 18.1 0.326
  endloop
 endfacet
  facet normal 0 0 0
    outer loop
   vertex -6.22 18.1 0.326
   vertex -6.22 18.51 0.506
   vertex -6.22 18.51 0.326
  endloop
 endfacet
  facet normal 0 0 0
    outer loop
   vertex -6.22 18.1 0.326
   vertex -6.22 17.69 0.506
   vertex -6.22 18.51 0.506
  endloop
 endfacet
  facet normal 0 0 0
    outer loop
   vertex -9.14 18.84 0.326
   vertex -9.14 18.84 0.506
   vertex -8.87 18.84 0.506
  endloop
 endfacet
  facet normal 0 0 0
    outer loop
   vertex -9.14 18.84 0.326
   vertex -8.87 18.84 0.506
   vertex -8.87 18.84 0.326
  endloop
 endfacet
  facet normal 0 0 0
    outer loop
   vertex -7.62 18.84 0.326
   vertex -7.62 18.84 0.506
   vertex -7.35 18.84 0.506
  endloop
 endfacet
  facet normal 0 0 0
    outer loop
   vertex -7.62 18.84 0.326
   vertex -7.35 18.84 0.506
   vertex -7.35 18.84 0.326
  endloop
 endfacet
  facet normal 0 0 0
    outer loop
   vertex -6.34 18.84 0.326
   vertex -6.34 18.84 0.506
   vertex -6.07 18.84 0.506
  endloop
 endfacet
  facet normal 0 0 0
    outer loop
   vertex -6.34 18.84 0.326
   vertex -6.07 18.84 0.506
   vertex -6.07 18.84 0.326
  endloop
 endfacet
  facet normal 0 0 0
    outer loop
   vertex -4.82 18.84 0.326
   vertex -4.82 18.84 0.506
   vertex -4.55 18.84 0.506
  endloop
 endfacet
  facet normal 0 0 0
    outer loop
   vertex -4.82 18.84 0.326
   vertex -4.55 18.84 0.506
   vertex -4.55 18.84 0.326
  endloop
 endfacet
  facet normal 0 0 0
    outer loop
   vertex -9.24 16.8 1.376
   vertex -9.24 16.8 1.736
   vertex -9.24 17.15 1.736
  endloop
 endfacet
  facet normal 0 0 0
    outer loop
   vertex -9.24 16.8 1.376
   vertex -9.24 17.15 1.736
   vertex -9.24 17.15 1.376
  endloop
 endfacet
  facet normal 0 0 0
    outer loop
   vertex -9.24 18.5 1.376
   vertex -9.24 18.5 1.736
   vertex -9.24 18.85 1.736
  endloop
 endfacet
  facet normal 0 0 0
    outer loop
   vertex -9.24 18.5 1.376
   vertex -9.24 18.85 1.736
   vertex -9.24 18.85 1.376
  endloop
 endfacet
  facet normal 0 0 0
    outer loop
   vertex -4.41 16.8 1.376
   vertex -4.41 16.8 1.736
   vertex -4.87 16.8 1.736
  endloop
 endfacet
  facet normal 0 0 0
    outer loop
   vertex -4.41 16.8 1.376
   vertex -4.87 16.8 1.736
   vertex -4.87 16.8 1.376
  endloop
 endfacet
  facet normal 0 0 0
    outer loop
   vertex -6.02 16.8 1.376
   vertex -6.02 16.8 1.736
   vertex -6.44 16.8 1.736
  endloop
 endfacet
  facet normal 0 0 0
    outer loop
   vertex -6.02 16.8 1.376
   vertex -6.44 16.8 1.736
   vertex -6.44 16.8 1.376
  endloop
 endfacet
  facet normal 0 0 0
    outer loop
   vertex -7.21 16.8 1.376
   vertex -7.21 16.8 1.736
   vertex -7.67 16.8 1.736
  endloop
 endfacet
  facet normal 0 0 0
    outer loop
   vertex -7.21 16.8 1.376
   vertex -7.67 16.8 1.736
   vertex -7.67 16.8 1.376
  endloop
 endfacet
  facet normal 0 0 0
    outer loop
   vertex -8.82 16.8 1.376
   vertex -8.82 16.8 1.736
   vertex -9.24 16.8 1.736
  endloop
 endfacet
  facet normal 0 0 0
    outer loop
   vertex -8.82 16.8 1.376
   vertex -9.24 16.8 1.736
   vertex -9.24 16.8 1.376
  endloop
 endfacet
  facet normal 0 0 0
    outer loop
   vertex -9.24 17.15 1.376
   vertex -9.24 17.15 1.736
   vertex -8.82 17.15 1.736
  endloop
 endfacet
  facet normal 0 0 0
    outer loop
   vertex -9.24 17.15 1.376
   vertex -8.82 17.15 1.736
   vertex -8.82 17.15 1.376
  endloop
 endfacet
  facet normal 0 0 0
    outer loop
   vertex -7.67 17.15 1.376
   vertex -7.67 17.15 1.736
   vertex -7.21 17.15 1.736
  endloop
 endfacet
  facet normal 0 0 0
    outer loop
   vertex -7.67 17.15 1.376
   vertex -7.21 17.15 1.736
   vertex -7.21 17.15 1.376
  endloop
 endfacet
  facet normal 0 0 0
    outer loop
   vertex -6.44 17.15 1.376
   vertex -6.44 17.15 1.736
   vertex -6.02 17.15 1.736
  endloop
 endfacet
  facet normal 0 0 0
    outer loop
   vertex -6.44 17.15 1.376
   vertex -6.02 17.15 1.736
   vertex -6.02 17.15 1.376
  endloop
 endfacet
  facet normal 0 0 0
    outer loop
   vertex -4.87 17.15 1.376
   vertex -4.87 17.15 1.736
   vertex -4.41 17.15 1.736
  endloop
 endfacet
  facet normal 0 0 0
    outer loop
   vertex -4.87 17.15 1.376
   vertex -4.41 17.15 1.736
   vertex -4.41 17.15 1.376
  endloop
 endfacet
  facet normal 0 0 0
    outer loop
   vertex -8.82 18.85 1.376
   vertex -8.82 18.85 1.736
   vertex -8.82 18.5 1.736
  endloop
 endfacet
  facet normal 0 0 0
    outer loop
   vertex -8.82 18.85 1.376
   vertex -8.82 18.5 1.736
   vertex -8.82 18.5 1.376
  endloop
 endfacet
  facet normal 0 0 0
    outer loop
   vertex -8.82 17.15 1.376
   vertex -8.82 17.15 1.736
   vertex -8.82 16.8 1.736
  endloop
 endfacet
  facet normal 0 0 0
    outer loop
   vertex -8.82 17.15 1.376
   vertex -8.82 16.8 1.736
   vertex -8.82 16.8 1.376
  endloop
 endfacet
  facet normal 0 0 0
    outer loop
   vertex -7.67 16.8 1.376
   vertex -7.67 16.8 1.736
   vertex -7.67 17.15 1.736
  endloop
 endfacet
  facet normal 0 0 0
    outer loop
   vertex -7.67 16.8 1.376
   vertex -7.67 17.15 1.736
   vertex -7.67 17.15 1.376
  endloop
 endfacet
  facet normal 0 0 0
    outer loop
   vertex -7.67 18.5 1.376
   vertex -7.67 18.5 1.736
   vertex -7.67 18.85 1.736
  endloop
 endfacet
  facet normal 0 0 0
    outer loop
   vertex -7.67 18.5 1.376
   vertex -7.67 18.85 1.736
   vertex -7.67 18.85 1.376
  endloop
 endfacet
  facet normal 0 0 0
    outer loop
   vertex -7.21 18.85 1.376
   vertex -7.21 18.85 1.736
   vertex -7.21 18.5 1.736
  endloop
 endfacet
  facet normal 0 0 0
    outer loop
   vertex -7.21 18.85 1.376
   vertex -7.21 18.5 1.736
   vertex -7.21 18.5 1.376
  endloop
 endfacet
  facet normal 0 0 0
    outer loop
   vertex -7.21 17.15 1.376
   vertex -7.21 17.15 1.736
   vertex -7.21 16.8 1.736
  endloop
 endfacet
  facet normal 0 0 0
    outer loop
   vertex -7.21 17.15 1.376
   vertex -7.21 16.8 1.736
   vertex -7.21 16.8 1.376
  endloop
 endfacet
  facet normal 0 0 0
    outer loop
   vertex -6.44 16.8 1.376
   vertex -6.44 16.8 1.736
   vertex -6.44 17.15 1.736
  endloop
 endfacet
  facet normal 0 0 0
    outer loop
   vertex -6.44 16.8 1.376
   vertex -6.44 17.15 1.736
   vertex -6.44 17.15 1.376
  endloop
 endfacet
  facet normal 0 0 0
    outer loop
   vertex -6.44 18.5 1.376
   vertex -6.44 18.5 1.736
   vertex -6.44 18.85 1.736
  endloop
 endfacet
  facet normal 0 0 0
    outer loop
   vertex -6.44 18.5 1.376
   vertex -6.44 18.85 1.736
   vertex -6.44 18.85 1.376
  endloop
 endfacet
  facet normal 0 0 0
    outer loop
   vertex -6.02 18.85 1.376
   vertex -6.02 18.85 1.736
   vertex -6.02 18.5 1.736
  endloop
 endfacet
  facet normal 0 0 0
    outer loop
   vertex -6.02 18.85 1.376
   vertex -6.02 18.5 1.736
   vertex -6.02 18.5 1.376
  endloop
 endfacet
  facet normal 0 0 0
    outer loop
   vertex -6.02 17.15 1.376
   vertex -6.02 17.15 1.736
   vertex -6.02 16.8 1.736
  endloop
 endfacet
  facet normal 0 0 0
    outer loop
   vertex -6.02 17.15 1.376
   vertex -6.02 16.8 1.736
   vertex -6.02 16.8 1.376
  endloop
 endfacet
  facet normal 0 0 0
    outer loop
   vertex -4.41 18.85 1.376
   vertex -4.41 18.85 1.736
   vertex -4.41 18.5 1.736
  endloop
 endfacet
  facet normal 0 0 0
    outer loop
   vertex -4.41 18.85 1.376
   vertex -4.41 18.5 1.736
   vertex -4.41 18.5 1.376
  endloop
 endfacet
  facet normal 0 0 0
    outer loop
   vertex -4.41 17.15 1.376
   vertex -4.41 17.15 1.736
   vertex -4.41 16.8 1.736
  endloop
 endfacet
  facet normal 0 0 0
    outer loop
   vertex -4.41 17.15 1.376
   vertex -4.41 16.8 1.736
   vertex -4.41 16.8 1.376
  endloop
 endfacet
  facet normal 0 0 0
    outer loop
   vertex -4.87 16.8 1.376
   vertex -4.87 16.8 1.736
   vertex -4.87 17.15 1.736
  endloop
 endfacet
  facet normal 0 0 0
    outer loop
   vertex -4.87 16.8 1.376
   vertex -4.87 17.15 1.736
   vertex -4.87 17.15 1.376
  endloop
 endfacet
  facet normal 0 0 0
    outer loop
   vertex -4.87 18.5 1.376
   vertex -4.87 18.5 1.736
   vertex -4.87 18.85 1.736
  endloop
 endfacet
  facet normal 0 0 0
    outer loop
   vertex -4.87 18.5 1.376
   vertex -4.87 18.85 1.736
   vertex -4.87 18.85 1.376
  endloop
 endfacet
  facet normal 0 0 0
    outer loop
   vertex -4.41 18.5 1.376
   vertex -4.41 18.5 1.736
   vertex -4.87 18.5 1.736
  endloop
 endfacet
  facet normal 0 0 0
    outer loop
   vertex -4.41 18.5 1.376
   vertex -4.87 18.5 1.736
   vertex -4.87 18.5 1.376
  endloop
 endfacet
  facet normal 0 0 0
    outer loop
   vertex -6.02 18.5 1.376
   vertex -6.02 18.5 1.736
   vertex -6.44 18.5 1.736
  endloop
 endfacet
  facet normal 0 0 0
    outer loop
   vertex -6.02 18.5 1.376
   vertex -6.44 18.5 1.736
   vertex -6.44 18.5 1.376
  endloop
 endfacet
  facet normal 0 0 0
    outer loop
   vertex -7.21 18.5 1.376
   vertex -7.21 18.5 1.736
   vertex -7.67 18.5 1.736
  endloop
 endfacet
  facet normal 0 0 0
    outer loop
   vertex -7.21 18.5 1.376
   vertex -7.67 18.5 1.736
   vertex -7.67 18.5 1.376
  endloop
 endfacet
  facet normal 0 0 0
    outer loop
   vertex -8.82 18.5 1.376
   vertex -8.82 18.5 1.736
   vertex -9.24 18.5 1.736
  endloop
 endfacet
  facet normal 0 0 0
    outer loop
   vertex -8.82 18.5 1.376
   vertex -9.24 18.5 1.736
   vertex -9.24 18.5 1.376
  endloop
 endfacet
  facet normal 0 0 0
    outer loop
   vertex -9.24 18.85 1.376
   vertex -9.24 18.85 1.736
   vertex -8.82 18.85 1.736
  endloop
 endfacet
  facet normal 0 0 0
    outer loop
   vertex -9.24 18.85 1.376
   vertex -8.82 18.85 1.736
   vertex -8.82 18.85 1.376
  endloop
 endfacet
  facet normal 0 0 0
    outer loop
   vertex -7.67 18.85 1.376
   vertex -7.67 18.85 1.736
   vertex -7.21 18.85 1.736
  endloop
 endfacet
  facet normal 0 0 0
    outer loop
   vertex -7.67 18.85 1.376
   vertex -7.21 18.85 1.736
   vertex -7.21 18.85 1.376
  endloop
 endfacet
  facet normal 0 0 0
    outer loop
   vertex -6.44 18.85 1.376
   vertex -6.44 18.85 1.736
   vertex -6.02 18.85 1.736
  endloop
 endfacet
  facet normal 0 0 0
    outer loop
   vertex -6.44 18.85 1.376
   vertex -6.02 18.85 1.736
   vertex -6.02 18.85 1.376
  endloop
 endfacet
  facet normal 0 0 0
    outer loop
   vertex -4.87 18.85 1.376
   vertex -4.87 18.85 1.736
   vertex -4.41 18.85 1.736
  endloop
 endfacet
  facet normal 0 0 0
    outer loop
   vertex -4.87 18.85 1.376
   vertex -4.41 18.85 1.736
   vertex -4.41 18.85 1.376
  endloop
 endfacet
  facet normal 0 0 0
    outer loop
   vertex -4.83 16.8 2.186
   vertex -4.83 16.8 2.276
   vertex -4.83 16.825 2.186
  endloop
 endfacet
  facet normal 0 0 0
    outer loop
   vertex -4.83 16.8 2.276
   vertex -4.83 16.8 2.366
   vertex -4.83 16.825 2.366
  endloop
 endfacet
  facet normal 0 0 0
    outer loop
   vertex -4.83 16.825 2.186
   vertex -4.83 16.8 2.276
   vertex -4.83 16.825 2.366
  endloop
 endfacet
  facet normal 0 0 0
    outer loop
   vertex -4.83 16.8 2.006
   vertex -4.83 16.825 2.096
   vertex -4.83 16.825 2.006
  endloop
 endfacet
  facet normal 0 0 0
    outer loop
   vertex -4.83 16.825 2.096
   vertex -4.83 16.8 2.186
   vertex -4.83 16.825 2.186
  endloop
 endfacet
  facet normal 0 0 0
    outer loop
   vertex -4.83 16.8 2.006
   vertex -4.83 16.8 2.186
   vertex -4.83 16.825 2.096
  endloop
 endfacet
  facet normal 0 0 0
    outer loop
   vertex -4.83 17.125 2.186
   vertex -4.83 17.125 2.276
   vertex -4.83 17.15 2.186
  endloop
 endfacet
  facet normal 0 0 0
    outer loop
   vertex -4.83 17.125 2.276
   vertex -4.83 17.125 2.366
   vertex -4.83 17.15 2.366
  endloop
 endfacet
  facet normal 0 0 0
    outer loop
   vertex -4.83 17.15 2.186
   vertex -4.83 17.125 2.276
   vertex -4.83 17.15 2.366
  endloop
 endfacet
  facet normal 0 0 0
    outer loop
   vertex -4.83 17.125 2.006
   vertex -4.83 17.15 2.096
   vertex -4.83 17.15 2.006
  endloop
 endfacet
  facet normal 0 0 0
    outer loop
   vertex -4.83 17.15 2.096
   vertex -4.83 17.125 2.186
   vertex -4.83 17.15 2.186
  endloop
 endfacet
  facet normal 0 0 0
    outer loop
   vertex -4.83 17.125 2.006
   vertex -4.83 17.125 2.186
   vertex -4.83 17.15 2.096
  endloop
 endfacet
  facet normal 0 0 0
    outer loop
   vertex -4.83 18.5 2.186
   vertex -4.83 18.5 2.276
   vertex -4.83 18.525 2.186
  endloop
 endfacet
  facet normal 0 0 0
    outer loop
   vertex -4.83 18.5 2.276
   vertex -4.83 18.5 2.366
   vertex -4.83 18.525 2.366
  endloop
 endfacet
  facet normal 0 0 0
    outer loop
   vertex -4.83 18.525 2.186
   vertex -4.83 18.5 2.276
   vertex -4.83 18.525 2.366
  endloop
 endfacet
  facet normal 0 0 0
    outer loop
   vertex -4.83 18.5 2.006
   vertex -4.83 18.525 2.096
   vertex -4.83 18.525 2.006
  endloop
 endfacet
  facet normal 0 0 0
    outer loop
   vertex -4.83 18.525 2.096
   vertex -4.83 18.5 2.186
   vertex -4.83 18.525 2.186
  endloop
 endfacet
  facet normal 0 0 0
    outer loop
   vertex -4.83 18.5 2.006
   vertex -4.83 18.5 2.186
   vertex -4.83 18.525 2.096
  endloop
 endfacet
  facet normal 0 0 0
    outer loop
   vertex -4.83 18.825 2.186
   vertex -4.83 18.825 2.276
   vertex -4.83 18.85 2.186
  endloop
 endfacet
  facet normal 0 0 0
    outer loop
   vertex -4.83 18.825 2.276
   vertex -4.83 18.825 2.366
   vertex -4.83 18.85 2.366
  endloop
 endfacet
  facet normal 0 0 0
    outer loop
   vertex -4.83 18.85 2.186
   vertex -4.83 18.825 2.276
   vertex -4.83 18.85 2.366
  endloop
 endfacet
  facet normal 0 0 0
    outer loop
   vertex -4.83 18.825 2.006
   vertex -4.83 18.85 2.096
   vertex -4.83 18.85 2.006
  endloop
 endfacet
  facet normal 0 0 0
    outer loop
   vertex -4.83 18.85 2.096
   vertex -4.83 18.825 2.186
   vertex -4.83 18.85 2.186
  endloop
 endfacet
  facet normal 0 0 0
    outer loop
   vertex -4.83 18.825 2.006
   vertex -4.83 18.825 2.186
   vertex -4.83 18.85 2.096
  endloop
 endfacet
  facet normal 0 0 0
    outer loop
   vertex -4.41 16.8 2.006
   vertex -4.41 16.8 2.366
   vertex -4.83 16.8 2.366
  endloop
 endfacet
  facet normal 0 0 0
    outer loop
   vertex -4.41 16.8 2.006
   vertex -4.83 16.8 2.366
   vertex -4.83 16.8 2.006
  endloop
 endfacet
  facet normal 0 0 0
    outer loop
   vertex -6.02 16.8 2.006
   vertex -6.02 16.8 2.366
   vertex -6.44 16.8 2.366
  endloop
 endfacet
  facet normal 0 0 0
    outer loop
   vertex -6.02 16.8 2.006
   vertex -6.44 16.8 2.366
   vertex -6.44 16.8 2.006
  endloop
 endfacet
  facet normal 0 0 0
    outer loop
   vertex -7.21 16.8 2.006
   vertex -7.21 16.8 2.366
   vertex -7.63 16.8 2.366
  endloop
 endfacet
  facet normal 0 0 0
    outer loop
   vertex -7.21 16.8 2.006
   vertex -7.63 16.8 2.366
   vertex -7.63 16.8 2.006
  endloop
 endfacet
  facet normal 0 0 0
    outer loop
   vertex -8.82 16.8 2.006
   vertex -8.82 16.8 2.366
   vertex -9.24 16.8 2.366
  endloop
 endfacet
  facet normal 0 0 0
    outer loop
   vertex -8.82 16.8 2.006
   vertex -9.24 16.8 2.366
   vertex -9.24 16.8 2.006
  endloop
 endfacet
  facet normal 0 0 0
    outer loop
   vertex -4.83 16.825 2.006
   vertex -4.83 16.825 2.366
   vertex -6.02 16.825 2.366
  endloop
 endfacet
  facet normal 0 0 0
    outer loop
   vertex -4.83 16.825 2.006
   vertex -6.02 16.825 2.366
   vertex -6.02 16.825 2.006
  endloop
 endfacet
  facet normal 0 0 0
    outer loop
   vertex -6.44 16.825 2.006
   vertex -6.44 16.825 2.366
   vertex -7.21 16.825 2.366
  endloop
 endfacet
  facet normal 0 0 0
    outer loop
   vertex -6.44 16.825 2.006
   vertex -7.21 16.825 2.366
   vertex -7.21 16.825 2.006
  endloop
 endfacet
  facet normal 0 0 0
    outer loop
   vertex -7.63 16.825 2.006
   vertex -7.63 16.825 2.366
   vertex -8.82 16.825 2.366
  endloop
 endfacet
  facet normal 0 0 0
    outer loop
   vertex -7.63 16.825 2.006
   vertex -8.82 16.825 2.366
   vertex -8.82 16.825 2.006
  endloop
 endfacet
  facet normal 0 0 0
    outer loop
   vertex -9.24 16.825 2.006
   vertex -9.24 16.825 2.366
   vertex -10.07 16.825 2.006
  endloop
 endfacet
  facet normal 0 0 0
    outer loop
   vertex -10.07 16.825 2.006
   vertex -10.9 16.825 2.366
   vertex -10.9 16.825 2.006
  endloop
 endfacet
  facet normal 0 0 0
    outer loop
   vertex -10.07 16.825 2.006
   vertex -9.24 16.825 2.366
   vertex -10.9 16.825 2.366
  endloop
 endfacet
  facet normal 0 0 0
    outer loop
   vertex -6.02 18.85 2.186
   vertex -6.02 18.85 2.276
   vertex -6.02 18.825 2.186
  endloop
 endfacet
  facet normal 0 0 0
    outer loop
   vertex -6.02 18.85 2.276
   vertex -6.02 18.85 2.366
   vertex -6.02 18.825 2.366
  endloop
 endfacet
  facet normal 0 0 0
    outer loop
   vertex -6.02 18.825 2.186
   vertex -6.02 18.85 2.276
   vertex -6.02 18.825 2.366
  endloop
 endfacet
  facet normal 0 0 0
    outer loop
   vertex -6.02 18.85 2.006
   vertex -6.02 18.825 2.096
   vertex -6.02 18.825 2.006
  endloop
 endfacet
  facet normal 0 0 0
    outer loop
   vertex -6.02 18.825 2.096
   vertex -6.02 18.85 2.186
   vertex -6.02 18.825 2.186
  endloop
 endfacet
  facet normal 0 0 0
    outer loop
   vertex -6.02 18.85 2.006
   vertex -6.02 18.85 2.186
   vertex -6.02 18.825 2.096
  endloop
 endfacet
  facet normal 0 0 0
    outer loop
   vertex -6.02 18.525 2.186
   vertex -6.02 18.525 2.276
   vertex -6.02 18.5 2.186
  endloop
 endfacet
  facet normal 0 0 0
    outer loop
   vertex -6.02 18.525 2.276
   vertex -6.02 18.525 2.366
   vertex -6.02 18.5 2.366
  endloop
 endfacet
  facet normal 0 0 0
    outer loop
   vertex -6.02 18.5 2.186
   vertex -6.02 18.525 2.276
   vertex -6.02 18.5 2.366
  endloop
 endfacet
  facet normal 0 0 0
    outer loop
   vertex -6.02 18.525 2.006
   vertex -6.02 18.5 2.096
   vertex -6.02 18.5 2.006
  endloop
 endfacet
  facet normal 0 0 0
    outer loop
   vertex -6.02 18.5 2.096
   vertex -6.02 18.525 2.186
   vertex -6.02 18.5 2.186
  endloop
 endfacet
  facet normal 0 0 0
    outer loop
   vertex -6.02 18.525 2.006
   vertex -6.02 18.525 2.186
   vertex -6.02 18.5 2.096
  endloop
 endfacet
  facet normal 0 0 0
    outer loop
   vertex -6.02 17.15 2.186
   vertex -6.02 17.15 2.276
   vertex -6.02 17.125 2.186
  endloop
 endfacet
  facet normal 0 0 0
    outer loop
   vertex -6.02 17.15 2.276
   vertex -6.02 17.15 2.366
   vertex -6.02 17.125 2.366
  endloop
 endfacet
  facet normal 0 0 0
    outer loop
   vertex -6.02 17.125 2.186
   vertex -6.02 17.15 2.276
   vertex -6.02 17.125 2.366
  endloop
 endfacet
  facet normal 0 0 0
    outer loop
   vertex -6.02 17.15 2.006
   vertex -6.02 17.125 2.096
   vertex -6.02 17.125 2.006
  endloop
 endfacet
  facet normal 0 0 0
    outer loop
   vertex -6.02 17.125 2.096
   vertex -6.02 17.15 2.186
   vertex -6.02 17.125 2.186
  endloop
 endfacet
  facet normal 0 0 0
    outer loop
   vertex -6.02 17.15 2.006
   vertex -6.02 17.15 2.186
   vertex -6.02 17.125 2.096
  endloop
 endfacet
  facet normal 0 0 0
    outer loop
   vertex -6.02 16.825 2.186
   vertex -6.02 16.825 2.276
   vertex -6.02 16.8 2.186
  endloop
 endfacet
  facet normal 0 0 0
    outer loop
   vertex -6.02 16.825 2.276
   vertex -6.02 16.825 2.366
   vertex -6.02 16.8 2.366
  endloop
 endfacet
  facet normal 0 0 0
    outer loop
   vertex -6.02 16.8 2.186
   vertex -6.02 16.825 2.276
   vertex -6.02 16.8 2.366
  endloop
 endfacet
  facet normal 0 0 0
    outer loop
   vertex -6.02 16.825 2.006
   vertex -6.02 16.8 2.096
   vertex -6.02 16.8 2.006
  endloop
 endfacet
  facet normal 0 0 0
    outer loop
   vertex -6.02 16.8 2.096
   vertex -6.02 16.825 2.186
   vertex -6.02 16.8 2.186
  endloop
 endfacet
  facet normal 0 0 0
    outer loop
   vertex -6.02 16.825 2.006
   vertex -6.02 16.825 2.186
   vertex -6.02 16.8 2.096
  endloop
 endfacet
  facet normal 0 0 0
    outer loop
   vertex -9.24 16.8 2.186
   vertex -9.24 16.8 2.276
   vertex -9.24 16.825 2.186
  endloop
 endfacet
  facet normal 0 0 0
    outer loop
   vertex -9.24 16.8 2.276
   vertex -9.24 16.8 2.366
   vertex -9.24 16.825 2.366
  endloop
 endfacet
  facet normal 0 0 0
    outer loop
   vertex -9.24 16.825 2.186
   vertex -9.24 16.8 2.276
   vertex -9.24 16.825 2.366
  endloop
 endfacet
  facet normal 0 0 0
    outer loop
   vertex -9.24 16.8 2.006
   vertex -9.24 16.825 2.096
   vertex -9.24 16.825 2.006
  endloop
 endfacet
  facet normal 0 0 0
    outer loop
   vertex -9.24 16.825 2.096
   vertex -9.24 16.8 2.186
   vertex -9.24 16.825 2.186
  endloop
 endfacet
  facet normal 0 0 0
    outer loop
   vertex -9.24 16.8 2.006
   vertex -9.24 16.8 2.186
   vertex -9.24 16.825 2.096
  endloop
 endfacet
  facet normal 0 0 0
    outer loop
   vertex -9.24 17.125 2.186
   vertex -9.24 17.125 2.276
   vertex -9.24 17.15 2.186
  endloop
 endfacet
  facet normal 0 0 0
    outer loop
   vertex -9.24 17.125 2.276
   vertex -9.24 17.125 2.366
   vertex -9.24 17.15 2.366
  endloop
 endfacet
  facet normal 0 0 0
    outer loop
   vertex -9.24 17.15 2.186
   vertex -9.24 17.125 2.276
   vertex -9.24 17.15 2.366
  endloop
 endfacet
  facet normal 0 0 0
    outer loop
   vertex -9.24 17.125 2.006
   vertex -9.24 17.15 2.096
   vertex -9.24 17.15 2.006
  endloop
 endfacet
  facet normal 0 0 0
    outer loop
   vertex -9.24 17.15 2.096
   vertex -9.24 17.125 2.186
   vertex -9.24 17.15 2.186
  endloop
 endfacet
  facet normal 0 0 0
    outer loop
   vertex -9.24 17.125 2.006
   vertex -9.24 17.125 2.186
   vertex -9.24 17.15 2.096
  endloop
 endfacet
  facet normal 0 0 0
    outer loop
   vertex -9.24 18.5 2.186
   vertex -9.24 18.5 2.276
   vertex -9.24 18.525 2.186
  endloop
 endfacet
  facet normal 0 0 0
    outer loop
   vertex -9.24 18.5 2.276
   vertex -9.24 18.5 2.366
   vertex -9.24 18.525 2.366
  endloop
 endfacet
  facet normal 0 0 0
    outer loop
   vertex -9.24 18.525 2.186
   vertex -9.24 18.5 2.276
   vertex -9.24 18.525 2.366
  endloop
 endfacet
  facet normal 0 0 0
    outer loop
   vertex -9.24 18.5 2.006
   vertex -9.24 18.525 2.096
   vertex -9.24 18.525 2.006
  endloop
 endfacet
  facet normal 0 0 0
    outer loop
   vertex -9.24 18.525 2.096
   vertex -9.24 18.5 2.186
   vertex -9.24 18.525 2.186
  endloop
 endfacet
  facet normal 0 0 0
    outer loop
   vertex -9.24 18.5 2.006
   vertex -9.24 18.5 2.186
   vertex -9.24 18.525 2.096
  endloop
 endfacet
  facet normal 0 0 0
    outer loop
   vertex -9.24 18.825 2.186
   vertex -9.24 18.825 2.276
   vertex -9.24 18.85 2.186
  endloop
 endfacet
  facet normal 0 0 0
    outer loop
   vertex -9.24 18.825 2.276
   vertex -9.24 18.825 2.366
   vertex -9.24 18.85 2.366
  endloop
 endfacet
  facet normal 0 0 0
    outer loop
   vertex -9.24 18.85 2.186
   vertex -9.24 18.825 2.276
   vertex -9.24 18.85 2.366
  endloop
 endfacet
  facet normal 0 0 0
    outer loop
   vertex -9.24 18.825 2.006
   vertex -9.24 18.85 2.096
   vertex -9.24 18.85 2.006
  endloop
 endfacet
  facet normal 0 0 0
    outer loop
   vertex -9.24 18.85 2.096
   vertex -9.24 18.825 2.186
   vertex -9.24 18.85 2.186
  endloop
 endfacet
  facet normal 0 0 0
    outer loop
   vertex -9.24 18.825 2.006
   vertex -9.24 18.825 2.186
   vertex -9.24 18.85 2.096
  endloop
 endfacet
  facet normal 0 0 0
    outer loop
   vertex -8.82 18.85 2.186
   vertex -8.82 18.85 2.276
   vertex -8.82 18.825 2.186
  endloop
 endfacet
  facet normal 0 0 0
    outer loop
   vertex -8.82 18.85 2.276
   vertex -8.82 18.85 2.366
   vertex -8.82 18.825 2.366
  endloop
 endfacet
  facet normal 0 0 0
    outer loop
   vertex -8.82 18.825 2.186
   vertex -8.82 18.85 2.276
   vertex -8.82 18.825 2.366
  endloop
 endfacet
  facet normal 0 0 0
    outer loop
   vertex -8.82 18.85 2.006
   vertex -8.82 18.825 2.096
   vertex -8.82 18.825 2.006
  endloop
 endfacet
  facet normal 0 0 0
    outer loop
   vertex -8.82 18.825 2.096
   vertex -8.82 18.85 2.186
   vertex -8.82 18.825 2.186
  endloop
 endfacet
  facet normal 0 0 0
    outer loop
   vertex -8.82 18.85 2.006
   vertex -8.82 18.85 2.186
   vertex -8.82 18.825 2.096
  endloop
 endfacet
  facet normal 0 0 0
    outer loop
   vertex -8.82 18.525 2.186
   vertex -8.82 18.525 2.276
   vertex -8.82 18.5 2.186
  endloop
 endfacet
  facet normal 0 0 0
    outer loop
   vertex -8.82 18.525 2.276
   vertex -8.82 18.525 2.366
   vertex -8.82 18.5 2.366
  endloop
 endfacet
  facet normal 0 0 0
    outer loop
   vertex -8.82 18.5 2.186
   vertex -8.82 18.525 2.276
   vertex -8.82 18.5 2.366
  endloop
 endfacet
  facet normal 0 0 0
    outer loop
   vertex -8.82 18.525 2.006
   vertex -8.82 18.5 2.096
   vertex -8.82 18.5 2.006
  endloop
 endfacet
  facet normal 0 0 0
    outer loop
   vertex -8.82 18.5 2.096
   vertex -8.82 18.525 2.186
   vertex -8.82 18.5 2.186
  endloop
 endfacet
  facet normal 0 0 0
    outer loop
   vertex -8.82 18.525 2.006
   vertex -8.82 18.525 2.186
   vertex -8.82 18.5 2.096
  endloop
 endfacet
  facet normal 0 0 0
    outer loop
   vertex -8.82 17.15 2.186
   vertex -8.82 17.15 2.276
   vertex -8.82 17.125 2.186
  endloop
 endfacet
  facet normal 0 0 0
    outer loop
   vertex -8.82 17.15 2.276
   vertex -8.82 17.15 2.366
   vertex -8.82 17.125 2.366
  endloop
 endfacet
  facet normal 0 0 0
    outer loop
   vertex -8.82 17.125 2.186
   vertex -8.82 17.15 2.276
   vertex -8.82 17.125 2.366
  endloop
 endfacet
  facet normal 0 0 0
    outer loop
   vertex -8.82 17.15 2.006
   vertex -8.82 17.125 2.096
   vertex -8.82 17.125 2.006
  endloop
 endfacet
  facet normal 0 0 0
    outer loop
   vertex -8.82 17.125 2.096
   vertex -8.82 17.15 2.186
   vertex -8.82 17.125 2.186
  endloop
 endfacet
  facet normal 0 0 0
    outer loop
   vertex -8.82 17.15 2.006
   vertex -8.82 17.15 2.186
   vertex -8.82 17.125 2.096
  endloop
 endfacet
  facet normal 0 0 0
    outer loop
   vertex -8.82 16.825 2.186
   vertex -8.82 16.825 2.276
   vertex -8.82 16.8 2.186
  endloop
 endfacet
  facet normal 0 0 0
    outer loop
   vertex -8.82 16.825 2.276
   vertex -8.82 16.825 2.366
   vertex -8.82 16.8 2.366
  endloop
 endfacet
  facet normal 0 0 0
    outer loop
   vertex -8.82 16.8 2.186
   vertex -8.82 16.825 2.276
   vertex -8.82 16.8 2.366
  endloop
 endfacet
  facet normal 0 0 0
    outer loop
   vertex -8.82 16.825 2.006
   vertex -8.82 16.8 2.096
   vertex -8.82 16.8 2.006
  endloop
 endfacet
  facet normal 0 0 0
    outer loop
   vertex -8.82 16.8 2.096
   vertex -8.82 16.825 2.186
   vertex -8.82 16.8 2.186
  endloop
 endfacet
  facet normal 0 0 0
    outer loop
   vertex -8.82 16.825 2.006
   vertex -8.82 16.825 2.186
   vertex -8.82 16.8 2.096
  endloop
 endfacet
  facet normal 0 0 0
    outer loop
   vertex -6.44 16.8 2.186
   vertex -6.44 16.8 2.276
   vertex -6.44 16.825 2.186
  endloop
 endfacet
  facet normal 0 0 0
    outer loop
   vertex -6.44 16.8 2.276
   vertex -6.44 16.8 2.366
   vertex -6.44 16.825 2.366
  endloop
 endfacet
  facet normal 0 0 0
    outer loop
   vertex -6.44 16.825 2.186
   vertex -6.44 16.8 2.276
   vertex -6.44 16.825 2.366
  endloop
 endfacet
  facet normal 0 0 0
    outer loop
   vertex -6.44 16.8 2.006
   vertex -6.44 16.825 2.096
   vertex -6.44 16.825 2.006
  endloop
 endfacet
  facet normal 0 0 0
    outer loop
   vertex -6.44 16.825 2.096
   vertex -6.44 16.8 2.186
   vertex -6.44 16.825 2.186
  endloop
 endfacet
  facet normal 0 0 0
    outer loop
   vertex -6.44 16.8 2.006
   vertex -6.44 16.8 2.186
   vertex -6.44 16.825 2.096
  endloop
 endfacet
  facet normal 0 0 0
    outer loop
   vertex -6.44 17.125 2.186
   vertex -6.44 17.125 2.276
   vertex -6.44 17.15 2.186
  endloop
 endfacet
  facet normal 0 0 0
    outer loop
   vertex -6.44 17.125 2.276
   vertex -6.44 17.125 2.366
   vertex -6.44 17.15 2.366
  endloop
 endfacet
  facet normal 0 0 0
    outer loop
   vertex -6.44 17.15 2.186
   vertex -6.44 17.125 2.276
   vertex -6.44 17.15 2.366
  endloop
 endfacet
  facet normal 0 0 0
    outer loop
   vertex -6.44 17.125 2.006
   vertex -6.44 17.15 2.096
   vertex -6.44 17.15 2.006
  endloop
 endfacet
  facet normal 0 0 0
    outer loop
   vertex -6.44 17.15 2.096
   vertex -6.44 17.125 2.186
   vertex -6.44 17.15 2.186
  endloop
 endfacet
  facet normal 0 0 0
    outer loop
   vertex -6.44 17.125 2.006
   vertex -6.44 17.125 2.186
   vertex -6.44 17.15 2.096
  endloop
 endfacet
  facet normal 0 0 0
    outer loop
   vertex -6.44 18.5 2.186
   vertex -6.44 18.5 2.276
   vertex -6.44 18.525 2.186
  endloop
 endfacet
  facet normal 0 0 0
    outer loop
   vertex -6.44 18.5 2.276
   vertex -6.44 18.5 2.366
   vertex -6.44 18.525 2.366
  endloop
 endfacet
  facet normal 0 0 0
    outer loop
   vertex -6.44 18.525 2.186
   vertex -6.44 18.5 2.276
   vertex -6.44 18.525 2.366
  endloop
 endfacet
  facet normal 0 0 0
    outer loop
   vertex -6.44 18.5 2.006
   vertex -6.44 18.525 2.096
   vertex -6.44 18.525 2.006
  endloop
 endfacet
  facet normal 0 0 0
    outer loop
   vertex -6.44 18.525 2.096
   vertex -6.44 18.5 2.186
   vertex -6.44 18.525 2.186
  endloop
 endfacet
  facet normal 0 0 0
    outer loop
   vertex -6.44 18.5 2.006
   vertex -6.44 18.5 2.186
   vertex -6.44 18.525 2.096
  endloop
 endfacet
  facet normal 0 0 0
    outer loop
   vertex -6.44 18.825 2.186
   vertex -6.44 18.825 2.276
   vertex -6.44 18.85 2.186
  endloop
 endfacet
  facet normal 0 0 0
    outer loop
   vertex -6.44 18.825 2.276
   vertex -6.44 18.825 2.366
   vertex -6.44 18.85 2.366
  endloop
 endfacet
  facet normal 0 0 0
    outer loop
   vertex -6.44 18.85 2.186
   vertex -6.44 18.825 2.276
   vertex -6.44 18.85 2.366
  endloop
 endfacet
  facet normal 0 0 0
    outer loop
   vertex -6.44 18.825 2.006
   vertex -6.44 18.85 2.096
   vertex -6.44 18.85 2.006
  endloop
 endfacet
  facet normal 0 0 0
    outer loop
   vertex -6.44 18.85 2.096
   vertex -6.44 18.825 2.186
   vertex -6.44 18.85 2.186
  endloop
 endfacet
  facet normal 0 0 0
    outer loop
   vertex -6.44 18.825 2.006
   vertex -6.44 18.825 2.186
   vertex -6.44 18.85 2.096
  endloop
 endfacet
  facet normal 0 0 0
    outer loop
   vertex -7.63 16.8 2.186
   vertex -7.63 16.8 2.276
   vertex -7.63 16.825 2.186
  endloop
 endfacet
  facet normal 0 0 0
    outer loop
   vertex -7.63 16.8 2.276
   vertex -7.63 16.8 2.366
   vertex -7.63 16.825 2.366
  endloop
 endfacet
  facet normal 0 0 0
    outer loop
   vertex -7.63 16.825 2.186
   vertex -7.63 16.8 2.276
   vertex -7.63 16.825 2.366
  endloop
 endfacet
  facet normal 0 0 0
    outer loop
   vertex -7.63 16.8 2.006
   vertex -7.63 16.825 2.096
   vertex -7.63 16.825 2.006
  endloop
 endfacet
  facet normal 0 0 0
    outer loop
   vertex -7.63 16.825 2.096
   vertex -7.63 16.8 2.186
   vertex -7.63 16.825 2.186
  endloop
 endfacet
  facet normal 0 0 0
    outer loop
   vertex -7.63 16.8 2.006
   vertex -7.63 16.8 2.186
   vertex -7.63 16.825 2.096
  endloop
 endfacet
  facet normal 0 0 0
    outer loop
   vertex -7.63 17.125 2.186
   vertex -7.63 17.125 2.276
   vertex -7.63 17.15 2.186
  endloop
 endfacet
  facet normal 0 0 0
    outer loop
   vertex -7.63 17.125 2.276
   vertex -7.63 17.125 2.366
   vertex -7.63 17.15 2.366
  endloop
 endfacet
  facet normal 0 0 0
    outer loop
   vertex -7.63 17.15 2.186
   vertex -7.63 17.125 2.276
   vertex -7.63 17.15 2.366
  endloop
 endfacet
  facet normal 0 0 0
    outer loop
   vertex -7.63 17.125 2.006
   vertex -7.63 17.15 2.096
   vertex -7.63 17.15 2.006
  endloop
 endfacet
  facet normal 0 0 0
    outer loop
   vertex -7.63 17.15 2.096
   vertex -7.63 17.125 2.186
   vertex -7.63 17.15 2.186
  endloop
 endfacet
  facet normal 0 0 0
    outer loop
   vertex -7.63 17.125 2.006
   vertex -7.63 17.125 2.186
   vertex -7.63 17.15 2.096
  endloop
 endfacet
  facet normal 0 0 0
    outer loop
   vertex -7.63 18.5 2.186
   vertex -7.63 18.5 2.276
   vertex -7.63 18.525 2.186
  endloop
 endfacet
  facet normal 0 0 0
    outer loop
   vertex -7.63 18.5 2.276
   vertex -7.63 18.5 2.366
   vertex -7.63 18.525 2.366
  endloop
 endfacet
  facet normal 0 0 0
    outer loop
   vertex -7.63 18.525 2.186
   vertex -7.63 18.5 2.276
   vertex -7.63 18.525 2.366
  endloop
 endfacet
  facet normal 0 0 0
    outer loop
   vertex -7.63 18.5 2.006
   vertex -7.63 18.525 2.096
   vertex -7.63 18.525 2.006
  endloop
 endfacet
  facet normal 0 0 0
    outer loop
   vertex -7.63 18.525 2.096
   vertex -7.63 18.5 2.186
   vertex -7.63 18.525 2.186
  endloop
 endfacet
  facet normal 0 0 0
    outer loop
   vertex -7.63 18.5 2.006
   vertex -7.63 18.5 2.186
   vertex -7.63 18.525 2.096
  endloop
 endfacet
  facet normal 0 0 0
    outer loop
   vertex -7.63 18.825 2.186
   vertex -7.63 18.825 2.276
   vertex -7.63 18.85 2.186
  endloop
 endfacet
  facet normal 0 0 0
    outer loop
   vertex -7.63 18.825 2.276
   vertex -7.63 18.825 2.366
   vertex -7.63 18.85 2.366
  endloop
 endfacet
  facet normal 0 0 0
    outer loop
   vertex -7.63 18.85 2.186
   vertex -7.63 18.825 2.276
   vertex -7.63 18.85 2.366
  endloop
 endfacet
  facet normal 0 0 0
    outer loop
   vertex -7.63 18.825 2.006
   vertex -7.63 18.85 2.096
   vertex -7.63 18.85 2.006
  endloop
 endfacet
  facet normal 0 0 0
    outer loop
   vertex -7.63 18.85 2.096
   vertex -7.63 18.825 2.186
   vertex -7.63 18.85 2.186
  endloop
 endfacet
  facet normal 0 0 0
    outer loop
   vertex -7.63 18.825 2.006
   vertex -7.63 18.825 2.186
   vertex -7.63 18.85 2.096
  endloop
 endfacet
  facet normal 0 0 0
    outer loop
   vertex -7.21 18.85 2.186
   vertex -7.21 18.85 2.276
   vertex -7.21 18.825 2.186
  endloop
 endfacet
  facet normal 0 0 0
    outer loop
   vertex -7.21 18.85 2.276
   vertex -7.21 18.85 2.366
   vertex -7.21 18.825 2.366
  endloop
 endfacet
  facet normal 0 0 0
    outer loop
   vertex -7.21 18.825 2.186
   vertex -7.21 18.85 2.276
   vertex -7.21 18.825 2.366
  endloop
 endfacet
  facet normal 0 0 0
    outer loop
   vertex -7.21 18.85 2.006
   vertex -7.21 18.825 2.096
   vertex -7.21 18.825 2.006
  endloop
 endfacet
  facet normal 0 0 0
    outer loop
   vertex -7.21 18.825 2.096
   vertex -7.21 18.85 2.186
   vertex -7.21 18.825 2.186
  endloop
 endfacet
  facet normal 0 0 0
    outer loop
   vertex -7.21 18.85 2.006
   vertex -7.21 18.85 2.186
   vertex -7.21 18.825 2.096
  endloop
 endfacet
  facet normal 0 0 0
    outer loop
   vertex -7.21 18.525 2.186
   vertex -7.21 18.525 2.276
   vertex -7.21 18.5 2.186
  endloop
 endfacet
  facet normal 0 0 0
    outer loop
   vertex -7.21 18.525 2.276
   vertex -7.21 18.525 2.366
   vertex -7.21 18.5 2.366
  endloop
 endfacet
  facet normal 0 0 0
    outer loop
   vertex -7.21 18.5 2.186
   vertex -7.21 18.525 2.276
   vertex -7.21 18.5 2.366
  endloop
 endfacet
  facet normal 0 0 0
    outer loop
   vertex -7.21 18.525 2.006
   vertex -7.21 18.5 2.096
   vertex -7.21 18.5 2.006
  endloop
 endfacet
  facet normal 0 0 0
    outer loop
   vertex -7.21 18.5 2.096
   vertex -7.21 18.525 2.186
   vertex -7.21 18.5 2.186
  endloop
 endfacet
  facet normal 0 0 0
    outer loop
   vertex -7.21 18.525 2.006
   vertex -7.21 18.525 2.186
   vertex -7.21 18.5 2.096
  endloop
 endfacet
  facet normal 0 0 0
    outer loop
   vertex -7.21 17.15 2.186
   vertex -7.21 17.15 2.276
   vertex -7.21 17.125 2.186
  endloop
 endfacet
  facet normal 0 0 0
    outer loop
   vertex -7.21 17.15 2.276
   vertex -7.21 17.15 2.366
   vertex -7.21 17.125 2.366
  endloop
 endfacet
  facet normal 0 0 0
    outer loop
   vertex -7.21 17.125 2.186
   vertex -7.21 17.15 2.276
   vertex -7.21 17.125 2.366
  endloop
 endfacet
  facet normal 0 0 0
    outer loop
   vertex -7.21 17.15 2.006
   vertex -7.21 17.125 2.096
   vertex -7.21 17.125 2.006
  endloop
 endfacet
  facet normal 0 0 0
    outer loop
   vertex -7.21 17.125 2.096
   vertex -7.21 17.15 2.186
   vertex -7.21 17.125 2.186
  endloop
 endfacet
  facet normal 0 0 0
    outer loop
   vertex -7.21 17.15 2.006
   vertex -7.21 17.15 2.186
   vertex -7.21 17.125 2.096
  endloop
 endfacet
  facet normal 0 0 0
    outer loop
   vertex -7.21 16.825 2.186
   vertex -7.21 16.825 2.276
   vertex -7.21 16.8 2.186
  endloop
 endfacet
  facet normal 0 0 0
    outer loop
   vertex -7.21 16.825 2.276
   vertex -7.21 16.825 2.366
   vertex -7.21 16.8 2.366
  endloop
 endfacet
  facet normal 0 0 0
    outer loop
   vertex -7.21 16.8 2.186
   vertex -7.21 16.825 2.276
   vertex -7.21 16.8 2.366
  endloop
 endfacet
  facet normal 0 0 0
    outer loop
   vertex -7.21 16.825 2.006
   vertex -7.21 16.8 2.096
   vertex -7.21 16.8 2.006
  endloop
 endfacet
  facet normal 0 0 0
    outer loop
   vertex -7.21 16.8 2.096
   vertex -7.21 16.825 2.186
   vertex -7.21 16.8 2.186
  endloop
 endfacet
  facet normal 0 0 0
    outer loop
   vertex -7.21 16.825 2.006
   vertex -7.21 16.825 2.186
   vertex -7.21 16.8 2.096
  endloop
 endfacet
  facet normal 0 0 0
    outer loop
   vertex -10.6 17.125 2.006
   vertex -10.6 17.125 2.366
   vertex -9.24 17.125 2.366
  endloop
 endfacet
  facet normal 0 0 0
    outer loop
   vertex -10.6 17.125 2.006
   vertex -9.24 17.125 2.366
   vertex -9.24 17.125 2.006
  endloop
 endfacet
  facet normal 0 0 0
    outer loop
   vertex -8.82 17.125 2.006
   vertex -8.82 17.125 2.366
   vertex -7.63 17.125 2.366
  endloop
 endfacet
  facet normal 0 0 0
    outer loop
   vertex -8.82 17.125 2.006
   vertex -7.63 17.125 2.366
   vertex -7.63 17.125 2.006
  endloop
 endfacet
  facet normal 0 0 0
    outer loop
   vertex -7.21 17.125 2.006
   vertex -7.21 17.125 2.366
   vertex -6.44 17.125 2.366
  endloop
 endfacet
  facet normal 0 0 0
    outer loop
   vertex -7.21 17.125 2.006
   vertex -6.44 17.125 2.366
   vertex -6.44 17.125 2.006
  endloop
 endfacet
  facet normal 0 0 0
    outer loop
   vertex -6.02 17.125 2.006
   vertex -6.02 17.125 2.366
   vertex -4.83 17.125 2.366
  endloop
 endfacet
  facet normal 0 0 0
    outer loop
   vertex -6.02 17.125 2.006
   vertex -4.83 17.125 2.366
   vertex -4.83 17.125 2.006
  endloop
 endfacet
  facet normal 0 0 0
    outer loop
   vertex -9.24 17.15 2.006
   vertex -9.24 17.15 2.366
   vertex -8.82 17.15 2.366
  endloop
 endfacet
  facet normal 0 0 0
    outer loop
   vertex -9.24 17.15 2.006
   vertex -8.82 17.15 2.366
   vertex -8.82 17.15 2.006
  endloop
 endfacet
  facet normal 0 0 0
    outer loop
   vertex -7.63 17.15 2.006
   vertex -7.63 17.15 2.366
   vertex -7.21 17.15 2.366
  endloop
 endfacet
  facet normal 0 0 0
    outer loop
   vertex -7.63 17.15 2.006
   vertex -7.21 17.15 2.366
   vertex -7.21 17.15 2.006
  endloop
 endfacet
  facet normal 0 0 0
    outer loop
   vertex -6.44 17.15 2.006
   vertex -6.44 17.15 2.366
   vertex -6.02 17.15 2.366
  endloop
 endfacet
  facet normal 0 0 0
    outer loop
   vertex -6.44 17.15 2.006
   vertex -6.02 17.15 2.366
   vertex -6.02 17.15 2.006
  endloop
 endfacet
  facet normal 0 0 0
    outer loop
   vertex -4.83 17.15 2.006
   vertex -4.83 17.15 2.366
   vertex -4.41 17.15 2.366
  endloop
 endfacet
  facet normal 0 0 0
    outer loop
   vertex -4.83 17.15 2.006
   vertex -4.41 17.15 2.366
   vertex -4.41 17.15 2.006
  endloop
 endfacet
  facet normal 0 0 0
    outer loop
   vertex -4.41 18.85 2.006
   vertex -4.41 18.85 2.366
   vertex -4.41 18.5 2.366
  endloop
 endfacet
  facet normal 0 0 0
    outer loop
   vertex -4.41 18.85 2.006
   vertex -4.41 18.5 2.366
   vertex -4.41 18.5 2.006
  endloop
 endfacet
  facet normal 0 0 0
    outer loop
   vertex -4.41 17.15 2.006
   vertex -4.41 17.15 2.366
   vertex -4.41 16.8 2.366
  endloop
 endfacet
  facet normal 0 0 0
    outer loop
   vertex -4.41 17.15 2.006
   vertex -4.41 16.8 2.366
   vertex -4.41 16.8 2.006
  endloop
 endfacet
  facet normal 0 0 0
    outer loop
   vertex -10.9 16.825 2.006
   vertex -10.9 16.825 2.366
   vertex -10.9 17.675 2.006
  endloop
 endfacet
  facet normal 0 0 0
    outer loop
   vertex -10.9 17.675 2.006
   vertex -10.9 18.525 2.366
   vertex -10.9 18.525 2.006
  endloop
 endfacet
  facet normal 0 0 0
    outer loop
   vertex -10.9 17.675 2.006
   vertex -10.9 16.825 2.366
   vertex -10.9 18.525 2.366
  endloop
 endfacet
  facet normal 0 0 0
    outer loop
   vertex -4.83 18.525 2.006
   vertex -4.83 18.525 2.366
   vertex -6.02 18.525 2.366
  endloop
 endfacet
  facet normal 0 0 0
    outer loop
   vertex -4.83 18.525 2.006
   vertex -6.02 18.525 2.366
   vertex -6.02 18.525 2.006
  endloop
 endfacet
  facet normal 0 0 0
    outer loop
   vertex -6.44 18.525 2.006
   vertex -6.44 18.525 2.366
   vertex -7.21 18.525 2.366
  endloop
 endfacet
  facet normal 0 0 0
    outer loop
   vertex -6.44 18.525 2.006
   vertex -7.21 18.525 2.366
   vertex -7.21 18.525 2.006
  endloop
 endfacet
  facet normal 0 0 0
    outer loop
   vertex -7.63 18.525 2.006
   vertex -7.63 18.525 2.366
   vertex -8.82 18.525 2.366
  endloop
 endfacet
  facet normal 0 0 0
    outer loop
   vertex -7.63 18.525 2.006
   vertex -8.82 18.525 2.366
   vertex -8.82 18.525 2.006
  endloop
 endfacet
  facet normal 0 0 0
    outer loop
   vertex -9.24 18.525 2.006
   vertex -9.24 18.525 2.366
   vertex -10.6 18.525 2.366
  endloop
 endfacet
  facet normal 0 0 0
    outer loop
   vertex -9.24 18.525 2.006
   vertex -10.6 18.525 2.366
   vertex -10.6 18.525 2.006
  endloop
 endfacet
  facet normal 0 0 0
    outer loop
   vertex -10.9 18.525 2.006
   vertex -10.9 18.525 2.366
   vertex -11.85 18.525 2.006
  endloop
 endfacet
  facet normal 0 0 0
    outer loop
   vertex -11.85 18.525 2.006
   vertex -12.8 18.525 2.366
   vertex -12.8 18.525 2.006
  endloop
 endfacet
  facet normal 0 0 0
    outer loop
   vertex -11.85 18.525 2.006
   vertex -10.9 18.525 2.366
   vertex -12.8 18.525 2.366
  endloop
 endfacet
  facet normal 0 0 0
    outer loop
   vertex -10.6 18.525 2.006
   vertex -10.6 18.525 2.366
   vertex -10.6 17.825 2.006
  endloop
 endfacet
  facet normal 0 0 0
    outer loop
   vertex -10.6 17.825 2.006
   vertex -10.6 17.125 2.366
   vertex -10.6 17.125 2.006
  endloop
 endfacet
  facet normal 0 0 0
    outer loop
   vertex -10.6 17.825 2.006
   vertex -10.6 18.525 2.366
   vertex -10.6 17.125 2.366
  endloop
 endfacet
  facet normal 0 0 0
    outer loop
   vertex -4.41 18.5 2.006
   vertex -4.41 18.5 2.366
   vertex -4.83 18.5 2.366
  endloop
 endfacet
  facet normal 0 0 0
    outer loop
   vertex -4.41 18.5 2.006
   vertex -4.83 18.5 2.366
   vertex -4.83 18.5 2.006
  endloop
 endfacet
  facet normal 0 0 0
    outer loop
   vertex -6.02 18.5 2.006
   vertex -6.02 18.5 2.366
   vertex -6.44 18.5 2.366
  endloop
 endfacet
  facet normal 0 0 0
    outer loop
   vertex -6.02 18.5 2.006
   vertex -6.44 18.5 2.366
   vertex -6.44 18.5 2.006
  endloop
 endfacet
  facet normal 0 0 0
    outer loop
   vertex -7.21 18.5 2.006
   vertex -7.21 18.5 2.366
   vertex -7.63 18.5 2.366
  endloop
 endfacet
  facet normal 0 0 0
    outer loop
   vertex -7.21 18.5 2.006
   vertex -7.63 18.5 2.366
   vertex -7.63 18.5 2.006
  endloop
 endfacet
  facet normal 0 0 0
    outer loop
   vertex -8.82 18.5 2.006
   vertex -8.82 18.5 2.366
   vertex -9.24 18.5 2.366
  endloop
 endfacet
  facet normal 0 0 0
    outer loop
   vertex -8.82 18.5 2.006
   vertex -9.24 18.5 2.366
   vertex -9.24 18.5 2.006
  endloop
 endfacet
  facet normal 0 0 0
    outer loop
   vertex -12.8 18.525 2.006
   vertex -12.8 18.525 2.366
   vertex -12.8 18.825 2.366
  endloop
 endfacet
  facet normal 0 0 0
    outer loop
   vertex -12.8 18.525 2.006
   vertex -12.8 18.825 2.366
   vertex -12.8 18.825 2.006
  endloop
 endfacet
  facet normal 0 0 0
    outer loop
   vertex -12.8 18.825 2.006
   vertex -12.8 18.825 2.366
   vertex -11.91 18.825 2.006
  endloop
 endfacet
  facet normal 0 0 0
    outer loop
   vertex -11.91 18.825 2.006
   vertex -11.02 18.825 2.366
   vertex -11.02 18.825 2.006
  endloop
 endfacet
  facet normal 0 0 0
    outer loop
   vertex -11.91 18.825 2.006
   vertex -12.8 18.825 2.366
   vertex -11.02 18.825 2.366
  endloop
 endfacet
  facet normal 0 0 0
    outer loop
   vertex -10.13 18.825 2.006
   vertex -9.24 18.825 2.366
   vertex -9.24 18.825 2.006
  endloop
 endfacet
  facet normal 0 0 0
    outer loop
   vertex -11.02 18.825 2.006
   vertex -11.02 18.825 2.366
   vertex -10.13 18.825 2.006
  endloop
 endfacet
  facet normal 0 0 0
    outer loop
   vertex -10.13 18.825 2.006
   vertex -11.02 18.825 2.366
   vertex -9.24 18.825 2.366
  endloop
 endfacet
  facet normal 0 0 0
    outer loop
   vertex -8.82 18.825 2.006
   vertex -8.82 18.825 2.366
   vertex -7.63 18.825 2.366
  endloop
 endfacet
  facet normal 0 0 0
    outer loop
   vertex -8.82 18.825 2.006
   vertex -7.63 18.825 2.366
   vertex -7.63 18.825 2.006
  endloop
 endfacet
  facet normal 0 0 0
    outer loop
   vertex -7.21 18.825 2.006
   vertex -7.21 18.825 2.366
   vertex -6.44 18.825 2.366
  endloop
 endfacet
  facet normal 0 0 0
    outer loop
   vertex -7.21 18.825 2.006
   vertex -6.44 18.825 2.366
   vertex -6.44 18.825 2.006
  endloop
 endfacet
  facet normal 0 0 0
    outer loop
   vertex -6.02 18.825 2.006
   vertex -6.02 18.825 2.366
   vertex -4.83 18.825 2.366
  endloop
 endfacet
  facet normal 0 0 0
    outer loop
   vertex -6.02 18.825 2.006
   vertex -4.83 18.825 2.366
   vertex -4.83 18.825 2.006
  endloop
 endfacet
  facet normal 0 0 0
    outer loop
   vertex -9.24 18.85 2.006
   vertex -9.24 18.85 2.366
   vertex -8.82 18.85 2.366
  endloop
 endfacet
  facet normal 0 0 0
    outer loop
   vertex -9.24 18.85 2.006
   vertex -8.82 18.85 2.366
   vertex -8.82 18.85 2.006
  endloop
 endfacet
  facet normal 0 0 0
    outer loop
   vertex -7.63 18.85 2.006
   vertex -7.63 18.85 2.366
   vertex -7.21 18.85 2.366
  endloop
 endfacet
  facet normal 0 0 0
    outer loop
   vertex -7.63 18.85 2.006
   vertex -7.21 18.85 2.366
   vertex -7.21 18.85 2.006
  endloop
 endfacet
  facet normal 0 0 0
    outer loop
   vertex -6.44 18.85 2.006
   vertex -6.44 18.85 2.366
   vertex -6.02 18.85 2.366
  endloop
 endfacet
  facet normal 0 0 0
    outer loop
   vertex -6.44 18.85 2.006
   vertex -6.02 18.85 2.366
   vertex -6.02 18.85 2.006
  endloop
 endfacet
  facet normal 0 0 0
    outer loop
   vertex -4.83 18.85 2.006
   vertex -4.83 18.85 2.366
   vertex -4.41 18.85 2.366
  endloop
 endfacet
  facet normal 0 0 0
    outer loop
   vertex -4.83 18.85 2.006
   vertex -4.41 18.85 2.366
   vertex -4.41 18.85 2.006
  endloop
 endfacet
endsolid stl
