solid stl
  facet normal 0 0 0
    outer loop
   vertex 30.3 10.27 0
   vertex 30.3 11.145 0
   vertex 30.6 10.27 0
  endloop
 endfacet
  facet normal 0 0 0
    outer loop
   vertex 30.3 11.145 0
   vertex 30.3 12.02 0
   vertex 30.6 12.02 0
  endloop
 endfacet
  facet normal 0 0 0
    outer loop
   vertex 30.6 10.27 0
   vertex 30.3 11.145 0
   vertex 30.6 12.02 0
  endloop
 endfacet
  facet normal 0 0 0
    outer loop
   vertex 30.3 8.52 0
   vertex 30.6 9.395 0
   vertex 30.6 8.52 0
  endloop
 endfacet
  facet normal 0 0 0
    outer loop
   vertex 30.6 9.395 0
   vertex 30.3 10.27 0
   vertex 30.6 10.27 0
  endloop
 endfacet
  facet normal 0 0 0
    outer loop
   vertex 30.3 8.52 0
   vertex 30.3 10.27 0
   vertex 30.6 9.395 0
  endloop
 endfacet
  facet normal 0 0 0
    outer loop
   vertex -7.47 12.79 0
   vertex -7.47 13.21 0
   vertex -7.17 13.21 0
  endloop
 endfacet
  facet normal 0 0 0
    outer loop
   vertex -7.47 12.79 0
   vertex -7.17 13.21 0
   vertex -7.17 12.79 0
  endloop
 endfacet
  facet normal 0 0 0
    outer loop
   vertex -6.52 12.79 0
   vertex -6.52 13.21 0
   vertex -6.22 13.21 0
  endloop
 endfacet
  facet normal 0 0 0
    outer loop
   vertex -6.52 12.79 0
   vertex -6.22 13.21 0
   vertex -6.22 12.79 0
  endloop
 endfacet
  facet normal 0 0 0
    outer loop
   vertex 30.3 18.79 0
   vertex 30.3 19.665 0
   vertex 30.6 18.79 0
  endloop
 endfacet
  facet normal 0 0 0
    outer loop
   vertex 30.3 19.665 0
   vertex 30.3 20.54 0
   vertex 30.6 20.54 0
  endloop
 endfacet
  facet normal 0 0 0
    outer loop
   vertex 30.6 18.79 0
   vertex 30.3 19.665 0
   vertex 30.6 20.54 0
  endloop
 endfacet
  facet normal 0 0 0
    outer loop
   vertex 30.3 17.04 0
   vertex 30.6 17.915 0
   vertex 30.6 17.04 0
  endloop
 endfacet
  facet normal 0 0 0
    outer loop
   vertex 30.6 17.915 0
   vertex 30.3 18.79 0
   vertex 30.6 18.79 0
  endloop
 endfacet
  facet normal 0 0 0
    outer loop
   vertex 30.3 17.04 0
   vertex 30.3 18.79 0
   vertex 30.6 17.915 0
  endloop
 endfacet
  facet normal 0 0 0
    outer loop
   vertex 30.6 17.04 0.1
   vertex 30.365 17.265 0.1
   vertex 30.3 17.04 0.1
  endloop
 endfacet
  facet normal 0 0 0
    outer loop
   vertex 30.535 17.265 0.1
   vertex 30.365 17.265 0.1
   vertex 30.6 17.04 0.1
  endloop
 endfacet
  facet normal 0 0 0
    outer loop
   vertex 30.535 17.435 0.1
   vertex 30.365 17.625 0.1
   vertex 30.365 17.435 0.1
  endloop
 endfacet
  facet normal 0 0 0
    outer loop
   vertex 30.535 17.625 0.1
   vertex 30.365 17.625 0.1
   vertex 30.535 17.435 0.1
  endloop
 endfacet
  facet normal 0 0 0
    outer loop
   vertex 30.535 17.795 0.1
   vertex 30.365 17.985 0.1
   vertex 30.365 17.795 0.1
  endloop
 endfacet
  facet normal 0 0 0
    outer loop
   vertex 30.535 17.985 0.1
   vertex 30.365 17.985 0.1
   vertex 30.535 17.795 0.1
  endloop
 endfacet
  facet normal 0 0 0
    outer loop
   vertex 30.535 18.155 0.1
   vertex 30.365 18.345 0.1
   vertex 30.365 18.155 0.1
  endloop
 endfacet
  facet normal 0 0 0
    outer loop
   vertex 30.535 18.345 0.1
   vertex 30.365 18.345 0.1
   vertex 30.535 18.155 0.1
  endloop
 endfacet
  facet normal 0 0 0
    outer loop
   vertex 30.535 18.515 0.1
   vertex 30.365 18.705 0.1
   vertex 30.365 18.515 0.1
  endloop
 endfacet
  facet normal 0 0 0
    outer loop
   vertex 30.535 18.705 0.1
   vertex 30.365 18.705 0.1
   vertex 30.535 18.515 0.1
  endloop
 endfacet
  facet normal 0 0 0
    outer loop
   vertex 30.535 18.875 0.1
   vertex 30.365 19.065 0.1
   vertex 30.365 18.875 0.1
  endloop
 endfacet
  facet normal 0 0 0
    outer loop
   vertex 30.535 19.065 0.1
   vertex 30.365 19.065 0.1
   vertex 30.535 18.875 0.1
  endloop
 endfacet
  facet normal 0 0 0
    outer loop
   vertex 30.535 19.235 0.1
   vertex 30.365 19.425 0.1
   vertex 30.365 19.235 0.1
  endloop
 endfacet
  facet normal 0 0 0
    outer loop
   vertex 30.535 19.425 0.1
   vertex 30.365 19.425 0.1
   vertex 30.535 19.235 0.1
  endloop
 endfacet
  facet normal 0 0 0
    outer loop
   vertex 30.535 19.595 0.1
   vertex 30.365 19.785 0.1
   vertex 30.365 19.595 0.1
  endloop
 endfacet
  facet normal 0 0 0
    outer loop
   vertex 30.535 19.785 0.1
   vertex 30.365 19.785 0.1
   vertex 30.535 19.595 0.1
  endloop
 endfacet
  facet normal 0 0 0
    outer loop
   vertex 30.535 19.955 0.1
   vertex 30.365 20.145 0.1
   vertex 30.365 19.955 0.1
  endloop
 endfacet
  facet normal 0 0 0
    outer loop
   vertex 30.535 20.145 0.1
   vertex 30.365 20.145 0.1
   vertex 30.535 19.955 0.1
  endloop
 endfacet
  facet normal 0 0 0
    outer loop
   vertex 30.6 20.54 0.1
   vertex 30.3 20.54 0.1
   vertex 30.535 20.315 0.1
  endloop
 endfacet
  facet normal 0 0 0
    outer loop
   vertex 30.535 20.315 0.1
   vertex 30.3 20.54 0.1
   vertex 30.365 20.315 0.1
  endloop
 endfacet
  facet normal 0 0 0
    outer loop
   vertex 30.6 18.79 0.1
   vertex 30.535 18.875 0.1
   vertex 30.535 18.705 0.1
  endloop
 endfacet
  facet normal 0 0 0
    outer loop
   vertex 30.365 18.875 0.1
   vertex 30.3 18.79 0.1
   vertex 30.365 18.705 0.1
  endloop
 endfacet
  facet normal 0 0 0
    outer loop
   vertex 30.365 17.985 0.1
   vertex 30.3 17.915 0.1
   vertex 30.365 17.795 0.1
  endloop
 endfacet
  facet normal 0 0 0
    outer loop
   vertex 30.365 17.985 0.1
   vertex 30.365 18.155 0.1
   vertex 30.3 17.915 0.1
  endloop
 endfacet
  facet normal 0 0 0
    outer loop
   vertex 30.6 17.915 0.1
   vertex 30.535 17.985 0.1
   vertex 30.535 17.795 0.1
  endloop
 endfacet
  facet normal 0 0 0
    outer loop
   vertex 30.535 18.155 0.1
   vertex 30.535 17.985 0.1
   vertex 30.6 17.915 0.1
  endloop
 endfacet
  facet normal 0 0 0
    outer loop
   vertex 30.365 19.785 0.1
   vertex 30.3 19.665 0.1
   vertex 30.365 19.595 0.1
  endloop
 endfacet
  facet normal 0 0 0
    outer loop
   vertex 30.365 19.595 0.1
   vertex 30.3 19.665 0.1
   vertex 30.365 19.425 0.1
  endloop
 endfacet
  facet normal 0 0 0
    outer loop
   vertex 30.6 19.665 0.1
   vertex 30.535 19.785 0.1
   vertex 30.535 19.595 0.1
  endloop
 endfacet
  facet normal 0 0 0
    outer loop
   vertex 30.6 19.665 0.1
   vertex 30.535 19.595 0.1
   vertex 30.535 19.425 0.1
  endloop
 endfacet
  facet normal 0 0 0
    outer loop
   vertex 30.6 20.54 0.1
   vertex 30.535 20.315 0.1
   vertex 30.6 20.103 0.1
  endloop
 endfacet
  facet normal 0 0 0
    outer loop
   vertex 30.535 20.315 0.1
   vertex 30.535 20.145 0.1
   vertex 30.6 20.103 0.1
  endloop
 endfacet
  facet normal 0 0 0
    outer loop
   vertex 30.6 20.103 0.1
   vertex 30.535 20.145 0.1
   vertex 30.535 19.955 0.1
  endloop
 endfacet
  facet normal 0 0 0
    outer loop
   vertex 30.365 20.315 0.1
   vertex 30.3 20.54 0.1
   vertex 30.3 20.103 0.1
  endloop
 endfacet
  facet normal 0 0 0
    outer loop
   vertex 30.365 20.145 0.1
   vertex 30.365 20.315 0.1
   vertex 30.3 20.103 0.1
  endloop
 endfacet
  facet normal 0 0 0
    outer loop
   vertex 30.365 20.145 0.1
   vertex 30.3 20.103 0.1
   vertex 30.365 19.955 0.1
  endloop
 endfacet
  facet normal 0 0 0
    outer loop
   vertex 30.6 18.353 0.1
   vertex 30.535 18.515 0.1
   vertex 30.535 18.345 0.1
  endloop
 endfacet
  facet normal 0 0 0
    outer loop
   vertex 30.6 18.353 0.1
   vertex 30.535 18.345 0.1
   vertex 30.535 18.155 0.1
  endloop
 endfacet
  facet normal 0 0 0
    outer loop
   vertex 30.6 18.353 0.1
   vertex 30.535 18.155 0.1
   vertex 30.6 17.915 0.1
  endloop
 endfacet
  facet normal 0 0 0
    outer loop
   vertex 30.6 19.228 0.1
   vertex 30.535 19.235 0.1
   vertex 30.535 19.065 0.1
  endloop
 endfacet
  facet normal 0 0 0
    outer loop
   vertex 30.535 19.425 0.1
   vertex 30.535 19.235 0.1
   vertex 30.6 19.228 0.1
  endloop
 endfacet
  facet normal 0 0 0
    outer loop
   vertex 30.6 19.665 0.1
   vertex 30.535 19.425 0.1
   vertex 30.6 19.228 0.1
  endloop
 endfacet
  facet normal 0 0 0
    outer loop
   vertex 30.365 18.515 0.1
   vertex 30.3 18.353 0.1
   vertex 30.365 18.345 0.1
  endloop
 endfacet
  facet normal 0 0 0
    outer loop
   vertex 30.365 18.155 0.1
   vertex 30.3 18.353 0.1
   vertex 30.3 17.915 0.1
  endloop
 endfacet
  facet normal 0 0 0
    outer loop
   vertex 30.365 18.345 0.1
   vertex 30.3 18.353 0.1
   vertex 30.365 18.155 0.1
  endloop
 endfacet
  facet normal 0 0 0
    outer loop
   vertex 30.365 19.235 0.1
   vertex 30.3 19.228 0.1
   vertex 30.365 19.065 0.1
  endloop
 endfacet
  facet normal 0 0 0
    outer loop
   vertex 30.365 19.235 0.1
   vertex 30.365 19.425 0.1
   vertex 30.3 19.228 0.1
  endloop
 endfacet
  facet normal 0 0 0
    outer loop
   vertex 30.365 19.425 0.1
   vertex 30.3 19.665 0.1
   vertex 30.3 19.228 0.1
  endloop
 endfacet
  facet normal 0 0 0
    outer loop
   vertex 30.365 17.265 0.1
   vertex 30.3 17.478 0.1
   vertex 30.3 17.04 0.1
  endloop
 endfacet
  facet normal 0 0 0
    outer loop
   vertex 30.365 17.435 0.1
   vertex 30.3 17.478 0.1
   vertex 30.365 17.265 0.1
  endloop
 endfacet
  facet normal 0 0 0
    outer loop
   vertex 30.365 17.625 0.1
   vertex 30.3 17.478 0.1
   vertex 30.365 17.435 0.1
  endloop
 endfacet
  facet normal 0 0 0
    outer loop
   vertex 30.6 17.478 0.1
   vertex 30.535 17.265 0.1
   vertex 30.6 17.04 0.1
  endloop
 endfacet
  facet normal 0 0 0
    outer loop
   vertex 30.6 17.478 0.1
   vertex 30.535 17.435 0.1
   vertex 30.535 17.265 0.1
  endloop
 endfacet
  facet normal 0 0 0
    outer loop
   vertex 30.6 17.478 0.1
   vertex 30.535 17.625 0.1
   vertex 30.535 17.435 0.1
  endloop
 endfacet
  facet normal 0 0 0
    outer loop
   vertex 30.365 19.955 0.1
   vertex 30.3 20.103 0.1
   vertex 30.3 19.884 0.1
  endloop
 endfacet
  facet normal 0 0 0
    outer loop
   vertex 30.365 19.955 0.1
   vertex 30.3 19.884 0.1
   vertex 30.365 19.785 0.1
  endloop
 endfacet
  facet normal 0 0 0
    outer loop
   vertex 30.365 19.785 0.1
   vertex 30.3 19.884 0.1
   vertex 30.3 19.665 0.1
  endloop
 endfacet
  facet normal 0 0 0
    outer loop
   vertex 30.6 20.103 0.1
   vertex 30.535 19.955 0.1
   vertex 30.6 19.884 0.1
  endloop
 endfacet
  facet normal 0 0 0
    outer loop
   vertex 30.6 19.884 0.1
   vertex 30.535 19.785 0.1
   vertex 30.6 19.665 0.1
  endloop
 endfacet
  facet normal 0 0 0
    outer loop
   vertex 30.6 19.884 0.1
   vertex 30.535 19.955 0.1
   vertex 30.535 19.785 0.1
  endloop
 endfacet
  facet normal 0 0 0
    outer loop
   vertex 30.6 18.571 0.1
   vertex 30.535 18.515 0.1
   vertex 30.6 18.353 0.1
  endloop
 endfacet
  facet normal 0 0 0
    outer loop
   vertex 30.6 18.571 0.1
   vertex 30.535 18.705 0.1
   vertex 30.535 18.515 0.1
  endloop
 endfacet
  facet normal 0 0 0
    outer loop
   vertex 30.6 18.79 0.1
   vertex 30.535 18.705 0.1
   vertex 30.6 18.571 0.1
  endloop
 endfacet
  facet normal 0 0 0
    outer loop
   vertex 30.6 19.228 0.1
   vertex 30.535 19.065 0.1
   vertex 30.6 19.009 0.1
  endloop
 endfacet
  facet normal 0 0 0
    outer loop
   vertex 30.6 19.009 0.1
   vertex 30.535 18.875 0.1
   vertex 30.6 18.79 0.1
  endloop
 endfacet
  facet normal 0 0 0
    outer loop
   vertex 30.6 19.009 0.1
   vertex 30.535 19.065 0.1
   vertex 30.535 18.875 0.1
  endloop
 endfacet
  facet normal 0 0 0
    outer loop
   vertex 30.365 18.515 0.1
   vertex 30.3 18.571 0.1
   vertex 30.3 18.353 0.1
  endloop
 endfacet
  facet normal 0 0 0
    outer loop
   vertex 30.365 18.705 0.1
   vertex 30.3 18.571 0.1
   vertex 30.365 18.515 0.1
  endloop
 endfacet
  facet normal 0 0 0
    outer loop
   vertex 30.365 18.705 0.1
   vertex 30.3 18.79 0.1
   vertex 30.3 18.571 0.1
  endloop
 endfacet
  facet normal 0 0 0
    outer loop
   vertex 30.365 19.065 0.1
   vertex 30.3 19.228 0.1
   vertex 30.3 19.009 0.1
  endloop
 endfacet
  facet normal 0 0 0
    outer loop
   vertex 30.365 19.065 0.1
   vertex 30.3 19.009 0.1
   vertex 30.365 18.875 0.1
  endloop
 endfacet
  facet normal 0 0 0
    outer loop
   vertex 30.365 18.875 0.1
   vertex 30.3 19.009 0.1
   vertex 30.3 18.79 0.1
  endloop
 endfacet
  facet normal 0 0 0
    outer loop
   vertex 30.365 17.625 0.1
   vertex 30.3 17.696 0.1
   vertex 30.3 17.478 0.1
  endloop
 endfacet
  facet normal 0 0 0
    outer loop
   vertex 30.365 17.795 0.1
   vertex 30.3 17.696 0.1
   vertex 30.365 17.625 0.1
  endloop
 endfacet
  facet normal 0 0 0
    outer loop
   vertex 30.365 17.795 0.1
   vertex 30.3 17.915 0.1
   vertex 30.3 17.696 0.1
  endloop
 endfacet
  facet normal 0 0 0
    outer loop
   vertex 30.6 17.696 0.1
   vertex 30.535 17.625 0.1
   vertex 30.6 17.478 0.1
  endloop
 endfacet
  facet normal 0 0 0
    outer loop
   vertex 30.6 17.696 0.1
   vertex 30.535 17.795 0.1
   vertex 30.535 17.625 0.1
  endloop
 endfacet
  facet normal 0 0 0
    outer loop
   vertex 30.6 17.915 0.1
   vertex 30.535 17.795 0.1
   vertex 30.6 17.696 0.1
  endloop
 endfacet
  facet normal 0 0 0
    outer loop
   vertex -6.22 13.21 0.1
   vertex -6.285 13.085 0.1
   vertex -6.22 13 0.1
  endloop
 endfacet
  facet normal 0 0 0
    outer loop
   vertex -6.22 13 0.1
   vertex -6.285 13.085 0.1
   vertex -6.285 12.915 0.1
  endloop
 endfacet
  facet normal 0 0 0
    outer loop
   vertex -7.17 12.79 0.1
   vertex -7.405 12.915 0.1
   vertex -7.47 12.79 0.1
  endloop
 endfacet
  facet normal 0 0 0
    outer loop
   vertex -7.235 12.915 0.1
   vertex -7.405 12.915 0.1
   vertex -7.17 12.79 0.1
  endloop
 endfacet
  facet normal 0 0 0
    outer loop
   vertex -7.17 13.21 0.1
   vertex -7.47 13.21 0.1
   vertex -7.235 13.085 0.1
  endloop
 endfacet
  facet normal 0 0 0
    outer loop
   vertex -7.235 13.085 0.1
   vertex -7.47 13.21 0.1
   vertex -7.405 13.085 0.1
  endloop
 endfacet
  facet normal 0 0 0
    outer loop
   vertex -7.405 12.915 0.1
   vertex -7.47 13 0.1
   vertex -7.47 12.79 0.1
  endloop
 endfacet
  facet normal 0 0 0
    outer loop
   vertex -7.405 13.085 0.1
   vertex -7.47 13.21 0.1
   vertex -7.47 13 0.1
  endloop
 endfacet
  facet normal 0 0 0
    outer loop
   vertex -7.405 13.085 0.1
   vertex -7.47 13 0.1
   vertex -7.405 12.915 0.1
  endloop
 endfacet
  facet normal 0 0 0
    outer loop
   vertex -7.17 13 0.1
   vertex -7.235 12.915 0.1
   vertex -7.17 12.79 0.1
  endloop
 endfacet
  facet normal 0 0 0
    outer loop
   vertex -7.17 13.21 0.1
   vertex -7.235 13.085 0.1
   vertex -7.17 13 0.1
  endloop
 endfacet
  facet normal 0 0 0
    outer loop
   vertex -7.17 13 0.1
   vertex -7.235 13.085 0.1
   vertex -7.235 12.915 0.1
  endloop
 endfacet
  facet normal 0 0 0
    outer loop
   vertex -6.22 12.79 0.1
   vertex -6.455 12.915 0.1
   vertex -6.52 12.79 0.1
  endloop
 endfacet
  facet normal 0 0 0
    outer loop
   vertex -6.285 12.915 0.1
   vertex -6.455 12.915 0.1
   vertex -6.22 12.79 0.1
  endloop
 endfacet
  facet normal 0 0 0
    outer loop
   vertex -6.22 13.21 0.1
   vertex -6.52 13.21 0.1
   vertex -6.285 13.085 0.1
  endloop
 endfacet
  facet normal 0 0 0
    outer loop
   vertex -6.285 13.085 0.1
   vertex -6.52 13.21 0.1
   vertex -6.455 13.085 0.1
  endloop
 endfacet
  facet normal 0 0 0
    outer loop
   vertex -6.455 12.915 0.1
   vertex -6.52 13 0.1
   vertex -6.52 12.79 0.1
  endloop
 endfacet
  facet normal 0 0 0
    outer loop
   vertex -6.455 13.085 0.1
   vertex -6.52 13.21 0.1
   vertex -6.52 13 0.1
  endloop
 endfacet
  facet normal 0 0 0
    outer loop
   vertex -6.455 13.085 0.1
   vertex -6.52 13 0.1
   vertex -6.455 12.915 0.1
  endloop
 endfacet
  facet normal 0 0 0
    outer loop
   vertex -6.22 13 0.1
   vertex -6.285 12.915 0.1
   vertex -6.22 12.79 0.1
  endloop
 endfacet
  facet normal 0 0 0
    outer loop
   vertex 30.6 10.27 0.1
   vertex 30.535 10.355 0.1
   vertex 30.535 10.185 0.1
  endloop
 endfacet
  facet normal 0 0 0
    outer loop
   vertex 30.365 10.355 0.1
   vertex 30.3 10.27 0.1
   vertex 30.365 10.185 0.1
  endloop
 endfacet
  facet normal 0 0 0
    outer loop
   vertex 30.365 9.465 0.1
   vertex 30.3 9.395 0.1
   vertex 30.365 9.275 0.1
  endloop
 endfacet
  facet normal 0 0 0
    outer loop
   vertex 30.365 9.465 0.1
   vertex 30.365 9.635 0.1
   vertex 30.3 9.395 0.1
  endloop
 endfacet
  facet normal 0 0 0
    outer loop
   vertex 30.6 9.395 0.1
   vertex 30.535 9.465 0.1
   vertex 30.535 9.275 0.1
  endloop
 endfacet
  facet normal 0 0 0
    outer loop
   vertex 30.535 9.635 0.1
   vertex 30.535 9.465 0.1
   vertex 30.6 9.395 0.1
  endloop
 endfacet
  facet normal 0 0 0
    outer loop
   vertex 30.365 11.265 0.1
   vertex 30.3 11.145 0.1
   vertex 30.365 11.075 0.1
  endloop
 endfacet
  facet normal 0 0 0
    outer loop
   vertex 30.365 11.075 0.1
   vertex 30.3 11.145 0.1
   vertex 30.365 10.905 0.1
  endloop
 endfacet
  facet normal 0 0 0
    outer loop
   vertex 30.6 11.145 0.1
   vertex 30.535 11.265 0.1
   vertex 30.535 11.075 0.1
  endloop
 endfacet
  facet normal 0 0 0
    outer loop
   vertex 30.6 11.145 0.1
   vertex 30.535 11.075 0.1
   vertex 30.535 10.905 0.1
  endloop
 endfacet
  facet normal 0 0 0
    outer loop
   vertex 30.6 12.02 0.1
   vertex 30.535 11.795 0.1
   vertex 30.6 11.583 0.1
  endloop
 endfacet
  facet normal 0 0 0
    outer loop
   vertex 30.535 11.795 0.1
   vertex 30.535 11.625 0.1
   vertex 30.6 11.583 0.1
  endloop
 endfacet
  facet normal 0 0 0
    outer loop
   vertex 30.6 11.583 0.1
   vertex 30.535 11.625 0.1
   vertex 30.535 11.435 0.1
  endloop
 endfacet
  facet normal 0 0 0
    outer loop
   vertex 30.365 11.795 0.1
   vertex 30.3 12.02 0.1
   vertex 30.3 11.583 0.1
  endloop
 endfacet
  facet normal 0 0 0
    outer loop
   vertex 30.365 11.625 0.1
   vertex 30.365 11.795 0.1
   vertex 30.3 11.583 0.1
  endloop
 endfacet
  facet normal 0 0 0
    outer loop
   vertex 30.365 11.625 0.1
   vertex 30.3 11.583 0.1
   vertex 30.365 11.435 0.1
  endloop
 endfacet
  facet normal 0 0 0
    outer loop
   vertex 30.6 9.833 0.1
   vertex 30.535 9.995 0.1
   vertex 30.535 9.825 0.1
  endloop
 endfacet
  facet normal 0 0 0
    outer loop
   vertex 30.6 9.833 0.1
   vertex 30.535 9.825 0.1
   vertex 30.535 9.635 0.1
  endloop
 endfacet
  facet normal 0 0 0
    outer loop
   vertex 30.6 9.833 0.1
   vertex 30.535 9.635 0.1
   vertex 30.6 9.395 0.1
  endloop
 endfacet
  facet normal 0 0 0
    outer loop
   vertex 30.6 10.708 0.1
   vertex 30.535 10.715 0.1
   vertex 30.535 10.545 0.1
  endloop
 endfacet
  facet normal 0 0 0
    outer loop
   vertex 30.535 10.905 0.1
   vertex 30.535 10.715 0.1
   vertex 30.6 10.708 0.1
  endloop
 endfacet
  facet normal 0 0 0
    outer loop
   vertex 30.6 11.145 0.1
   vertex 30.535 10.905 0.1
   vertex 30.6 10.708 0.1
  endloop
 endfacet
  facet normal 0 0 0
    outer loop
   vertex 30.365 9.995 0.1
   vertex 30.3 9.833 0.1
   vertex 30.365 9.825 0.1
  endloop
 endfacet
  facet normal 0 0 0
    outer loop
   vertex 30.365 9.635 0.1
   vertex 30.3 9.833 0.1
   vertex 30.3 9.395 0.1
  endloop
 endfacet
  facet normal 0 0 0
    outer loop
   vertex 30.365 9.825 0.1
   vertex 30.3 9.833 0.1
   vertex 30.365 9.635 0.1
  endloop
 endfacet
  facet normal 0 0 0
    outer loop
   vertex 30.365 10.715 0.1
   vertex 30.3 10.708 0.1
   vertex 30.365 10.545 0.1
  endloop
 endfacet
  facet normal 0 0 0
    outer loop
   vertex 30.365 10.715 0.1
   vertex 30.365 10.905 0.1
   vertex 30.3 10.708 0.1
  endloop
 endfacet
  facet normal 0 0 0
    outer loop
   vertex 30.365 10.905 0.1
   vertex 30.3 11.145 0.1
   vertex 30.3 10.708 0.1
  endloop
 endfacet
  facet normal 0 0 0
    outer loop
   vertex 30.365 8.745 0.1
   vertex 30.3 8.958 0.1
   vertex 30.3 8.52 0.1
  endloop
 endfacet
  facet normal 0 0 0
    outer loop
   vertex 30.365 8.915 0.1
   vertex 30.3 8.958 0.1
   vertex 30.365 8.745 0.1
  endloop
 endfacet
  facet normal 0 0 0
    outer loop
   vertex 30.365 9.105 0.1
   vertex 30.3 8.958 0.1
   vertex 30.365 8.915 0.1
  endloop
 endfacet
  facet normal 0 0 0
    outer loop
   vertex 30.6 8.958 0.1
   vertex 30.535 8.745 0.1
   vertex 30.6 8.52 0.1
  endloop
 endfacet
  facet normal 0 0 0
    outer loop
   vertex 30.6 8.958 0.1
   vertex 30.535 8.915 0.1
   vertex 30.535 8.745 0.1
  endloop
 endfacet
  facet normal 0 0 0
    outer loop
   vertex 30.6 8.958 0.1
   vertex 30.535 9.105 0.1
   vertex 30.535 8.915 0.1
  endloop
 endfacet
  facet normal 0 0 0
    outer loop
   vertex 30.365 11.435 0.1
   vertex 30.3 11.583 0.1
   vertex 30.3 11.364 0.1
  endloop
 endfacet
  facet normal 0 0 0
    outer loop
   vertex 30.365 11.435 0.1
   vertex 30.3 11.364 0.1
   vertex 30.365 11.265 0.1
  endloop
 endfacet
  facet normal 0 0 0
    outer loop
   vertex 30.365 11.265 0.1
   vertex 30.3 11.364 0.1
   vertex 30.3 11.145 0.1
  endloop
 endfacet
  facet normal 0 0 0
    outer loop
   vertex 30.6 11.583 0.1
   vertex 30.535 11.435 0.1
   vertex 30.6 11.364 0.1
  endloop
 endfacet
  facet normal 0 0 0
    outer loop
   vertex 30.6 11.364 0.1
   vertex 30.535 11.265 0.1
   vertex 30.6 11.145 0.1
  endloop
 endfacet
  facet normal 0 0 0
    outer loop
   vertex 30.6 11.364 0.1
   vertex 30.535 11.435 0.1
   vertex 30.535 11.265 0.1
  endloop
 endfacet
  facet normal 0 0 0
    outer loop
   vertex 30.6 10.051 0.1
   vertex 30.535 9.995 0.1
   vertex 30.6 9.833 0.1
  endloop
 endfacet
  facet normal 0 0 0
    outer loop
   vertex 30.6 10.051 0.1
   vertex 30.535 10.185 0.1
   vertex 30.535 9.995 0.1
  endloop
 endfacet
  facet normal 0 0 0
    outer loop
   vertex 30.6 10.27 0.1
   vertex 30.535 10.185 0.1
   vertex 30.6 10.051 0.1
  endloop
 endfacet
  facet normal 0 0 0
    outer loop
   vertex 30.6 10.708 0.1
   vertex 30.535 10.545 0.1
   vertex 30.6 10.489 0.1
  endloop
 endfacet
  facet normal 0 0 0
    outer loop
   vertex 30.6 10.489 0.1
   vertex 30.535 10.355 0.1
   vertex 30.6 10.27 0.1
  endloop
 endfacet
  facet normal 0 0 0
    outer loop
   vertex 30.6 10.489 0.1
   vertex 30.535 10.545 0.1
   vertex 30.535 10.355 0.1
  endloop
 endfacet
  facet normal 0 0 0
    outer loop
   vertex 30.365 9.995 0.1
   vertex 30.3 10.051 0.1
   vertex 30.3 9.833 0.1
  endloop
 endfacet
  facet normal 0 0 0
    outer loop
   vertex 30.365 10.185 0.1
   vertex 30.3 10.051 0.1
   vertex 30.365 9.995 0.1
  endloop
 endfacet
  facet normal 0 0 0
    outer loop
   vertex 30.365 10.185 0.1
   vertex 30.3 10.27 0.1
   vertex 30.3 10.051 0.1
  endloop
 endfacet
  facet normal 0 0 0
    outer loop
   vertex 30.365 10.545 0.1
   vertex 30.3 10.708 0.1
   vertex 30.3 10.489 0.1
  endloop
 endfacet
  facet normal 0 0 0
    outer loop
   vertex 30.365 10.545 0.1
   vertex 30.3 10.489 0.1
   vertex 30.365 10.355 0.1
  endloop
 endfacet
  facet normal 0 0 0
    outer loop
   vertex 30.365 10.355 0.1
   vertex 30.3 10.489 0.1
   vertex 30.3 10.27 0.1
  endloop
 endfacet
  facet normal 0 0 0
    outer loop
   vertex 30.365 9.105 0.1
   vertex 30.3 9.176 0.1
   vertex 30.3 8.958 0.1
  endloop
 endfacet
  facet normal 0 0 0
    outer loop
   vertex 30.365 9.275 0.1
   vertex 30.3 9.176 0.1
   vertex 30.365 9.105 0.1
  endloop
 endfacet
  facet normal 0 0 0
    outer loop
   vertex 30.365 9.275 0.1
   vertex 30.3 9.395 0.1
   vertex 30.3 9.176 0.1
  endloop
 endfacet
  facet normal 0 0 0
    outer loop
   vertex 30.6 9.176 0.1
   vertex 30.535 9.105 0.1
   vertex 30.6 8.958 0.1
  endloop
 endfacet
  facet normal 0 0 0
    outer loop
   vertex 30.6 9.176 0.1
   vertex 30.535 9.275 0.1
   vertex 30.535 9.105 0.1
  endloop
 endfacet
  facet normal 0 0 0
    outer loop
   vertex 30.6 9.395 0.1
   vertex 30.535 9.275 0.1
   vertex 30.6 9.176 0.1
  endloop
 endfacet
  facet normal 0 0 0
    outer loop
   vertex 30.6 8.52 0.1
   vertex 30.365 8.745 0.1
   vertex 30.3 8.52 0.1
  endloop
 endfacet
  facet normal 0 0 0
    outer loop
   vertex 30.535 8.745 0.1
   vertex 30.365 8.745 0.1
   vertex 30.6 8.52 0.1
  endloop
 endfacet
  facet normal 0 0 0
    outer loop
   vertex 30.535 8.915 0.1
   vertex 30.365 9.105 0.1
   vertex 30.365 8.915 0.1
  endloop
 endfacet
  facet normal 0 0 0
    outer loop
   vertex 30.535 9.105 0.1
   vertex 30.365 9.105 0.1
   vertex 30.535 8.915 0.1
  endloop
 endfacet
  facet normal 0 0 0
    outer loop
   vertex 30.535 9.275 0.1
   vertex 30.365 9.465 0.1
   vertex 30.365 9.275 0.1
  endloop
 endfacet
  facet normal 0 0 0
    outer loop
   vertex 30.535 9.465 0.1
   vertex 30.365 9.465 0.1
   vertex 30.535 9.275 0.1
  endloop
 endfacet
  facet normal 0 0 0
    outer loop
   vertex 30.535 9.635 0.1
   vertex 30.365 9.825 0.1
   vertex 30.365 9.635 0.1
  endloop
 endfacet
  facet normal 0 0 0
    outer loop
   vertex 30.535 9.825 0.1
   vertex 30.365 9.825 0.1
   vertex 30.535 9.635 0.1
  endloop
 endfacet
  facet normal 0 0 0
    outer loop
   vertex 30.535 9.995 0.1
   vertex 30.365 10.185 0.1
   vertex 30.365 9.995 0.1
  endloop
 endfacet
  facet normal 0 0 0
    outer loop
   vertex 30.535 10.185 0.1
   vertex 30.365 10.185 0.1
   vertex 30.535 9.995 0.1
  endloop
 endfacet
  facet normal 0 0 0
    outer loop
   vertex 30.535 10.355 0.1
   vertex 30.365 10.545 0.1
   vertex 30.365 10.355 0.1
  endloop
 endfacet
  facet normal 0 0 0
    outer loop
   vertex 30.535 10.545 0.1
   vertex 30.365 10.545 0.1
   vertex 30.535 10.355 0.1
  endloop
 endfacet
  facet normal 0 0 0
    outer loop
   vertex 30.535 10.715 0.1
   vertex 30.365 10.905 0.1
   vertex 30.365 10.715 0.1
  endloop
 endfacet
  facet normal 0 0 0
    outer loop
   vertex 30.535 10.905 0.1
   vertex 30.365 10.905 0.1
   vertex 30.535 10.715 0.1
  endloop
 endfacet
  facet normal 0 0 0
    outer loop
   vertex 30.535 11.075 0.1
   vertex 30.365 11.265 0.1
   vertex 30.365 11.075 0.1
  endloop
 endfacet
  facet normal 0 0 0
    outer loop
   vertex 30.535 11.265 0.1
   vertex 30.365 11.265 0.1
   vertex 30.535 11.075 0.1
  endloop
 endfacet
  facet normal 0 0 0
    outer loop
   vertex 30.535 11.435 0.1
   vertex 30.365 11.625 0.1
   vertex 30.365 11.435 0.1
  endloop
 endfacet
  facet normal 0 0 0
    outer loop
   vertex 30.535 11.625 0.1
   vertex 30.365 11.625 0.1
   vertex 30.535 11.435 0.1
  endloop
 endfacet
  facet normal 0 0 0
    outer loop
   vertex 30.6 12.02 0.1
   vertex 30.3 12.02 0.1
   vertex 30.535 11.795 0.1
  endloop
 endfacet
  facet normal 0 0 0
    outer loop
   vertex 30.535 11.795 0.1
   vertex 30.3 12.02 0.1
   vertex 30.365 11.795 0.1
  endloop
 endfacet
  facet normal 0 0 0
    outer loop
   vertex 30.6 8.52 0
   vertex 30.6 8.52 0.1
   vertex 30.3 8.52 0.1
  endloop
 endfacet
  facet normal 0 0 0
    outer loop
   vertex 30.6 8.52 0
   vertex 30.3 8.52 0.1
   vertex 30.3 8.52 0
  endloop
 endfacet
  facet normal 0 0 0
    outer loop
   vertex 30.3 8.52 0
   vertex 30.3 8.52 0.1
   vertex 30.3 8.739 0
  endloop
 endfacet
  facet normal 0 0 0
    outer loop
   vertex 30.3 8.739 0
   vertex 30.3 8.958 0.1
   vertex 30.3 8.958 0
  endloop
 endfacet
  facet normal 0 0 0
    outer loop
   vertex 30.3 8.739 0
   vertex 30.3 8.52 0.1
   vertex 30.3 8.958 0.1
  endloop
 endfacet
  facet normal 0 0 0
    outer loop
   vertex 30.3 8.958 0
   vertex 30.3 8.958 0.1
   vertex 30.3 9.176 0.1
  endloop
 endfacet
  facet normal 0 0 0
    outer loop
   vertex 30.3 9.395 0
   vertex 30.3 9.176 0.1
   vertex 30.3 9.395 0.1
  endloop
 endfacet
  facet normal 0 0 0
    outer loop
   vertex 30.3 8.958 0
   vertex 30.3 9.176 0.1
   vertex 30.3 9.395 0
  endloop
 endfacet
  facet normal 0 0 0
    outer loop
   vertex 30.3 9.614 0
   vertex 30.3 9.833 0.1
   vertex 30.3 9.833 0
  endloop
 endfacet
  facet normal 0 0 0
    outer loop
   vertex 30.3 9.395 0
   vertex 30.3 9.395 0.1
   vertex 30.3 9.614 0
  endloop
 endfacet
  facet normal 0 0 0
    outer loop
   vertex 30.3 9.614 0
   vertex 30.3 9.395 0.1
   vertex 30.3 9.833 0.1
  endloop
 endfacet
  facet normal 0 0 0
    outer loop
   vertex 30.3 9.833 0
   vertex 30.3 9.833 0.1
   vertex 30.3 10.051 0
  endloop
 endfacet
  facet normal 0 0 0
    outer loop
   vertex 30.3 10.051 0
   vertex 30.3 10.27 0.1
   vertex 30.3 10.27 0
  endloop
 endfacet
  facet normal 0 0 0
    outer loop
   vertex 30.3 10.051 0
   vertex 30.3 9.833 0.1
   vertex 30.3 10.27 0.1
  endloop
 endfacet
  facet normal 0 0 0
    outer loop
   vertex 30.3 11.364 0
   vertex 30.3 11.583 0.1
   vertex 30.3 11.583 0
  endloop
 endfacet
  facet normal 0 0 0
    outer loop
   vertex 30.3 11.145 0
   vertex 30.3 11.145 0.1
   vertex 30.3 11.364 0
  endloop
 endfacet
  facet normal 0 0 0
    outer loop
   vertex 30.3 11.364 0
   vertex 30.3 11.145 0.1
   vertex 30.3 11.583 0.1
  endloop
 endfacet
  facet normal 0 0 0
    outer loop
   vertex 30.3 11.583 0
   vertex 30.3 11.583 0.1
   vertex 30.3 11.801 0
  endloop
 endfacet
  facet normal 0 0 0
    outer loop
   vertex 30.3 11.801 0
   vertex 30.3 12.02 0.1
   vertex 30.3 12.02 0
  endloop
 endfacet
  facet normal 0 0 0
    outer loop
   vertex 30.3 11.801 0
   vertex 30.3 11.583 0.1
   vertex 30.3 12.02 0.1
  endloop
 endfacet
  facet normal 0 0 0
    outer loop
   vertex 30.3 11.145 0
   vertex 30.3 10.926 0.1
   vertex 30.3 11.145 0.1
  endloop
 endfacet
  facet normal 0 0 0
    outer loop
   vertex 30.3 10.708 0
   vertex 30.3 10.708 0.1
   vertex 30.3 10.926 0.1
  endloop
 endfacet
  facet normal 0 0 0
    outer loop
   vertex 30.3 10.708 0
   vertex 30.3 10.926 0.1
   vertex 30.3 11.145 0
  endloop
 endfacet
  facet normal 0 0 0
    outer loop
   vertex 30.3 10.489 0
   vertex 30.3 10.708 0.1
   vertex 30.3 10.708 0
  endloop
 endfacet
  facet normal 0 0 0
    outer loop
   vertex 30.3 10.27 0
   vertex 30.3 10.27 0.1
   vertex 30.3 10.489 0
  endloop
 endfacet
  facet normal 0 0 0
    outer loop
   vertex 30.3 10.489 0
   vertex 30.3 10.27 0.1
   vertex 30.3 10.708 0.1
  endloop
 endfacet
  facet normal 0 0 0
    outer loop
   vertex 30.3 17.04 0
   vertex 30.3 17.04 0.1
   vertex 30.3 17.259 0
  endloop
 endfacet
  facet normal 0 0 0
    outer loop
   vertex 30.3 17.259 0
   vertex 30.3 17.478 0.1
   vertex 30.3 17.478 0
  endloop
 endfacet
  facet normal 0 0 0
    outer loop
   vertex 30.3 17.259 0
   vertex 30.3 17.04 0.1
   vertex 30.3 17.478 0.1
  endloop
 endfacet
  facet normal 0 0 0
    outer loop
   vertex 30.3 17.478 0
   vertex 30.3 17.478 0.1
   vertex 30.3 17.696 0.1
  endloop
 endfacet
  facet normal 0 0 0
    outer loop
   vertex 30.3 17.915 0
   vertex 30.3 17.696 0.1
   vertex 30.3 17.915 0.1
  endloop
 endfacet
  facet normal 0 0 0
    outer loop
   vertex 30.3 17.478 0
   vertex 30.3 17.696 0.1
   vertex 30.3 17.915 0
  endloop
 endfacet
  facet normal 0 0 0
    outer loop
   vertex 30.3 18.134 0
   vertex 30.3 18.353 0.1
   vertex 30.3 18.353 0
  endloop
 endfacet
  facet normal 0 0 0
    outer loop
   vertex 30.3 17.915 0
   vertex 30.3 17.915 0.1
   vertex 30.3 18.134 0
  endloop
 endfacet
  facet normal 0 0 0
    outer loop
   vertex 30.3 18.134 0
   vertex 30.3 17.915 0.1
   vertex 30.3 18.353 0.1
  endloop
 endfacet
  facet normal 0 0 0
    outer loop
   vertex 30.3 18.353 0
   vertex 30.3 18.353 0.1
   vertex 30.3 18.571 0
  endloop
 endfacet
  facet normal 0 0 0
    outer loop
   vertex 30.3 18.571 0
   vertex 30.3 18.79 0.1
   vertex 30.3 18.79 0
  endloop
 endfacet
  facet normal 0 0 0
    outer loop
   vertex 30.3 18.571 0
   vertex 30.3 18.353 0.1
   vertex 30.3 18.79 0.1
  endloop
 endfacet
  facet normal 0 0 0
    outer loop
   vertex 30.3 19.884 0
   vertex 30.3 20.103 0.1
   vertex 30.3 20.103 0
  endloop
 endfacet
  facet normal 0 0 0
    outer loop
   vertex 30.3 19.665 0
   vertex 30.3 19.665 0.1
   vertex 30.3 19.884 0
  endloop
 endfacet
  facet normal 0 0 0
    outer loop
   vertex 30.3 19.884 0
   vertex 30.3 19.665 0.1
   vertex 30.3 20.103 0.1
  endloop
 endfacet
  facet normal 0 0 0
    outer loop
   vertex 30.3 20.103 0
   vertex 30.3 20.103 0.1
   vertex 30.3 20.321 0
  endloop
 endfacet
  facet normal 0 0 0
    outer loop
   vertex 30.3 20.321 0
   vertex 30.3 20.54 0.1
   vertex 30.3 20.54 0
  endloop
 endfacet
  facet normal 0 0 0
    outer loop
   vertex 30.3 20.321 0
   vertex 30.3 20.103 0.1
   vertex 30.3 20.54 0.1
  endloop
 endfacet
  facet normal 0 0 0
    outer loop
   vertex 30.3 19.665 0
   vertex 30.3 19.446 0.1
   vertex 30.3 19.665 0.1
  endloop
 endfacet
  facet normal 0 0 0
    outer loop
   vertex 30.3 19.228 0
   vertex 30.3 19.228 0.1
   vertex 30.3 19.446 0.1
  endloop
 endfacet
  facet normal 0 0 0
    outer loop
   vertex 30.3 19.228 0
   vertex 30.3 19.446 0.1
   vertex 30.3 19.665 0
  endloop
 endfacet
  facet normal 0 0 0
    outer loop
   vertex 30.3 19.009 0
   vertex 30.3 19.228 0.1
   vertex 30.3 19.228 0
  endloop
 endfacet
  facet normal 0 0 0
    outer loop
   vertex 30.3 18.79 0
   vertex 30.3 18.79 0.1
   vertex 30.3 19.009 0
  endloop
 endfacet
  facet normal 0 0 0
    outer loop
   vertex 30.3 19.009 0
   vertex 30.3 18.79 0.1
   vertex 30.3 19.228 0.1
  endloop
 endfacet
  facet normal 0 0 0
    outer loop
   vertex 30.3 12.02 0
   vertex 30.3 12.02 0.1
   vertex 30.6 12.02 0.1
  endloop
 endfacet
  facet normal 0 0 0
    outer loop
   vertex 30.3 12.02 0
   vertex 30.6 12.02 0.1
   vertex 30.6 12.02 0
  endloop
 endfacet
  facet normal 0 0 0
    outer loop
   vertex 30.6 20.54 0
   vertex 30.6 20.54 0.1
   vertex 30.6 20.321 0
  endloop
 endfacet
  facet normal 0 0 0
    outer loop
   vertex 30.6 20.321 0
   vertex 30.6 20.103 0.1
   vertex 30.6 20.103 0
  endloop
 endfacet
  facet normal 0 0 0
    outer loop
   vertex 30.6 20.321 0
   vertex 30.6 20.54 0.1
   vertex 30.6 20.103 0.1
  endloop
 endfacet
  facet normal 0 0 0
    outer loop
   vertex 30.6 20.103 0
   vertex 30.6 20.103 0.1
   vertex 30.6 19.884 0.1
  endloop
 endfacet
  facet normal 0 0 0
    outer loop
   vertex 30.6 19.665 0
   vertex 30.6 19.884 0.1
   vertex 30.6 19.665 0.1
  endloop
 endfacet
  facet normal 0 0 0
    outer loop
   vertex 30.6 20.103 0
   vertex 30.6 19.884 0.1
   vertex 30.6 19.665 0
  endloop
 endfacet
  facet normal 0 0 0
    outer loop
   vertex 30.6 19.446 0
   vertex 30.6 19.228 0.1
   vertex 30.6 19.228 0
  endloop
 endfacet
  facet normal 0 0 0
    outer loop
   vertex 30.6 19.665 0
   vertex 30.6 19.665 0.1
   vertex 30.6 19.446 0
  endloop
 endfacet
  facet normal 0 0 0
    outer loop
   vertex 30.6 19.446 0
   vertex 30.6 19.665 0.1
   vertex 30.6 19.228 0.1
  endloop
 endfacet
  facet normal 0 0 0
    outer loop
   vertex 30.6 19.228 0
   vertex 30.6 19.228 0.1
   vertex 30.6 19.009 0
  endloop
 endfacet
  facet normal 0 0 0
    outer loop
   vertex 30.6 19.009 0
   vertex 30.6 18.79 0.1
   vertex 30.6 18.79 0
  endloop
 endfacet
  facet normal 0 0 0
    outer loop
   vertex 30.6 19.009 0
   vertex 30.6 19.228 0.1
   vertex 30.6 18.79 0.1
  endloop
 endfacet
  facet normal 0 0 0
    outer loop
   vertex 30.6 17.696 0
   vertex 30.6 17.478 0.1
   vertex 30.6 17.478 0
  endloop
 endfacet
  facet normal 0 0 0
    outer loop
   vertex 30.6 17.915 0
   vertex 30.6 17.915 0.1
   vertex 30.6 17.696 0
  endloop
 endfacet
  facet normal 0 0 0
    outer loop
   vertex 30.6 17.696 0
   vertex 30.6 17.915 0.1
   vertex 30.6 17.478 0.1
  endloop
 endfacet
  facet normal 0 0 0
    outer loop
   vertex 30.6 17.478 0
   vertex 30.6 17.478 0.1
   vertex 30.6 17.259 0
  endloop
 endfacet
  facet normal 0 0 0
    outer loop
   vertex 30.6 17.259 0
   vertex 30.6 17.04 0.1
   vertex 30.6 17.04 0
  endloop
 endfacet
  facet normal 0 0 0
    outer loop
   vertex 30.6 17.259 0
   vertex 30.6 17.478 0.1
   vertex 30.6 17.04 0.1
  endloop
 endfacet
  facet normal 0 0 0
    outer loop
   vertex 30.6 17.915 0
   vertex 30.6 18.134 0.1
   vertex 30.6 17.915 0.1
  endloop
 endfacet
  facet normal 0 0 0
    outer loop
   vertex 30.6 18.353 0
   vertex 30.6 18.353 0.1
   vertex 30.6 18.134 0.1
  endloop
 endfacet
  facet normal 0 0 0
    outer loop
   vertex 30.6 18.353 0
   vertex 30.6 18.134 0.1
   vertex 30.6 17.915 0
  endloop
 endfacet
  facet normal 0 0 0
    outer loop
   vertex 30.6 18.571 0
   vertex 30.6 18.353 0.1
   vertex 30.6 18.353 0
  endloop
 endfacet
  facet normal 0 0 0
    outer loop
   vertex 30.6 18.79 0
   vertex 30.6 18.79 0.1
   vertex 30.6 18.571 0
  endloop
 endfacet
  facet normal 0 0 0
    outer loop
   vertex 30.6 18.571 0
   vertex 30.6 18.79 0.1
   vertex 30.6 18.353 0.1
  endloop
 endfacet
  facet normal 0 0 0
    outer loop
   vertex 30.6 12.02 0
   vertex 30.6 12.02 0.1
   vertex 30.6 11.801 0
  endloop
 endfacet
  facet normal 0 0 0
    outer loop
   vertex 30.6 11.801 0
   vertex 30.6 11.583 0.1
   vertex 30.6 11.583 0
  endloop
 endfacet
  facet normal 0 0 0
    outer loop
   vertex 30.6 11.801 0
   vertex 30.6 12.02 0.1
   vertex 30.6 11.583 0.1
  endloop
 endfacet
  facet normal 0 0 0
    outer loop
   vertex 30.6 11.583 0
   vertex 30.6 11.583 0.1
   vertex 30.6 11.364 0.1
  endloop
 endfacet
  facet normal 0 0 0
    outer loop
   vertex 30.6 11.145 0
   vertex 30.6 11.364 0.1
   vertex 30.6 11.145 0.1
  endloop
 endfacet
  facet normal 0 0 0
    outer loop
   vertex 30.6 11.583 0
   vertex 30.6 11.364 0.1
   vertex 30.6 11.145 0
  endloop
 endfacet
  facet normal 0 0 0
    outer loop
   vertex 30.6 10.926 0
   vertex 30.6 10.708 0.1
   vertex 30.6 10.708 0
  endloop
 endfacet
  facet normal 0 0 0
    outer loop
   vertex 30.6 11.145 0
   vertex 30.6 11.145 0.1
   vertex 30.6 10.926 0
  endloop
 endfacet
  facet normal 0 0 0
    outer loop
   vertex 30.6 10.926 0
   vertex 30.6 11.145 0.1
   vertex 30.6 10.708 0.1
  endloop
 endfacet
  facet normal 0 0 0
    outer loop
   vertex 30.6 10.708 0
   vertex 30.6 10.708 0.1
   vertex 30.6 10.489 0
  endloop
 endfacet
  facet normal 0 0 0
    outer loop
   vertex 30.6 10.489 0
   vertex 30.6 10.27 0.1
   vertex 30.6 10.27 0
  endloop
 endfacet
  facet normal 0 0 0
    outer loop
   vertex 30.6 10.489 0
   vertex 30.6 10.708 0.1
   vertex 30.6 10.27 0.1
  endloop
 endfacet
  facet normal 0 0 0
    outer loop
   vertex 30.6 9.176 0
   vertex 30.6 8.958 0.1
   vertex 30.6 8.958 0
  endloop
 endfacet
  facet normal 0 0 0
    outer loop
   vertex 30.6 9.395 0
   vertex 30.6 9.395 0.1
   vertex 30.6 9.176 0
  endloop
 endfacet
  facet normal 0 0 0
    outer loop
   vertex 30.6 9.176 0
   vertex 30.6 9.395 0.1
   vertex 30.6 8.958 0.1
  endloop
 endfacet
  facet normal 0 0 0
    outer loop
   vertex 30.6 8.958 0
   vertex 30.6 8.958 0.1
   vertex 30.6 8.739 0
  endloop
 endfacet
  facet normal 0 0 0
    outer loop
   vertex 30.6 8.739 0
   vertex 30.6 8.52 0.1
   vertex 30.6 8.52 0
  endloop
 endfacet
  facet normal 0 0 0
    outer loop
   vertex 30.6 8.739 0
   vertex 30.6 8.958 0.1
   vertex 30.6 8.52 0.1
  endloop
 endfacet
  facet normal 0 0 0
    outer loop
   vertex 30.6 9.395 0
   vertex 30.6 9.614 0.1
   vertex 30.6 9.395 0.1
  endloop
 endfacet
  facet normal 0 0 0
    outer loop
   vertex 30.6 9.833 0
   vertex 30.6 9.833 0.1
   vertex 30.6 9.614 0.1
  endloop
 endfacet
  facet normal 0 0 0
    outer loop
   vertex 30.6 9.833 0
   vertex 30.6 9.614 0.1
   vertex 30.6 9.395 0
  endloop
 endfacet
  facet normal 0 0 0
    outer loop
   vertex 30.6 10.051 0
   vertex 30.6 9.833 0.1
   vertex 30.6 9.833 0
  endloop
 endfacet
  facet normal 0 0 0
    outer loop
   vertex 30.6 10.27 0
   vertex 30.6 10.27 0.1
   vertex 30.6 10.051 0
  endloop
 endfacet
  facet normal 0 0 0
    outer loop
   vertex 30.6 10.051 0
   vertex 30.6 10.27 0.1
   vertex 30.6 9.833 0.1
  endloop
 endfacet
  facet normal 0 0 0
    outer loop
   vertex -7.47 13.21 0
   vertex -7.47 13.21 0.1
   vertex -7.17 13.21 0.1
  endloop
 endfacet
  facet normal 0 0 0
    outer loop
   vertex -7.47 13.21 0
   vertex -7.17 13.21 0.1
   vertex -7.17 13.21 0
  endloop
 endfacet
  facet normal 0 0 0
    outer loop
   vertex -6.52 13.21 0
   vertex -6.52 13.21 0.1
   vertex -6.22 13.21 0.1
  endloop
 endfacet
  facet normal 0 0 0
    outer loop
   vertex -6.52 13.21 0
   vertex -6.22 13.21 0.1
   vertex -6.22 13.21 0
  endloop
 endfacet
  facet normal 0 0 0
    outer loop
   vertex -6.22 12.79 0
   vertex -6.22 12.79 0.1
   vertex -6.52 12.79 0.1
  endloop
 endfacet
  facet normal 0 0 0
    outer loop
   vertex -6.22 12.79 0
   vertex -6.52 12.79 0.1
   vertex -6.52 12.79 0
  endloop
 endfacet
  facet normal 0 0 0
    outer loop
   vertex -7.17 12.79 0
   vertex -7.17 12.79 0.1
   vertex -7.47 12.79 0.1
  endloop
 endfacet
  facet normal 0 0 0
    outer loop
   vertex -7.17 12.79 0
   vertex -7.47 12.79 0.1
   vertex -7.47 12.79 0
  endloop
 endfacet
  facet normal 0 0 0
    outer loop
   vertex -7.47 12.79 0
   vertex -7.47 12.79 0.1
   vertex -7.47 13 0
  endloop
 endfacet
  facet normal 0 0 0
    outer loop
   vertex -7.47 13 0
   vertex -7.47 13.21 0.1
   vertex -7.47 13.21 0
  endloop
 endfacet
  facet normal 0 0 0
    outer loop
   vertex -7.47 13 0
   vertex -7.47 12.79 0.1
   vertex -7.47 13.21 0.1
  endloop
 endfacet
  facet normal 0 0 0
    outer loop
   vertex -7.17 13.21 0
   vertex -7.17 13.21 0.1
   vertex -7.17 13 0
  endloop
 endfacet
  facet normal 0 0 0
    outer loop
   vertex -7.17 13 0
   vertex -7.17 12.79 0.1
   vertex -7.17 12.79 0
  endloop
 endfacet
  facet normal 0 0 0
    outer loop
   vertex -7.17 13 0
   vertex -7.17 13.21 0.1
   vertex -7.17 12.79 0.1
  endloop
 endfacet
  facet normal 0 0 0
    outer loop
   vertex -6.52 12.79 0
   vertex -6.52 12.79 0.1
   vertex -6.52 13 0
  endloop
 endfacet
  facet normal 0 0 0
    outer loop
   vertex -6.52 13 0
   vertex -6.52 13.21 0.1
   vertex -6.52 13.21 0
  endloop
 endfacet
  facet normal 0 0 0
    outer loop
   vertex -6.52 13 0
   vertex -6.52 12.79 0.1
   vertex -6.52 13.21 0.1
  endloop
 endfacet
  facet normal 0 0 0
    outer loop
   vertex -6.22 13.21 0
   vertex -6.22 13.21 0.1
   vertex -6.22 13 0
  endloop
 endfacet
  facet normal 0 0 0
    outer loop
   vertex -6.22 13 0
   vertex -6.22 12.79 0.1
   vertex -6.22 12.79 0
  endloop
 endfacet
  facet normal 0 0 0
    outer loop
   vertex -6.22 13 0
   vertex -6.22 13.21 0.1
   vertex -6.22 12.79 0.1
  endloop
 endfacet
  facet normal 0 0 0
    outer loop
   vertex 30.6 17.04 0
   vertex 30.6 17.04 0.1
   vertex 30.3 17.04 0.1
  endloop
 endfacet
  facet normal 0 0 0
    outer loop
   vertex 30.6 17.04 0
   vertex 30.3 17.04 0.1
   vertex 30.3 17.04 0
  endloop
 endfacet
  facet normal 0 0 0
    outer loop
   vertex 30.3 20.54 0
   vertex 30.3 20.54 0.1
   vertex 30.6 20.54 0.1
  endloop
 endfacet
  facet normal 0 0 0
    outer loop
   vertex 30.3 20.54 0
   vertex 30.6 20.54 0.1
   vertex 30.6 20.54 0
  endloop
 endfacet
  facet normal 0 0 0
    outer loop
   vertex 30.365 8.915 0.1
   vertex 30.365 8.915 0.326
   vertex 30.535 8.915 0.326
  endloop
 endfacet
  facet normal 0 0 0
    outer loop
   vertex 30.365 8.915 0.1
   vertex 30.535 8.915 0.326
   vertex 30.535 8.915 0.1
  endloop
 endfacet
  facet normal 0 0 0
    outer loop
   vertex 30.365 8.745 0.1
   vertex 30.365 8.745 0.326
   vertex 30.365 8.915 0.326
  endloop
 endfacet
  facet normal 0 0 0
    outer loop
   vertex 30.365 8.745 0.1
   vertex 30.365 8.915 0.326
   vertex 30.365 8.915 0.1
  endloop
 endfacet
  facet normal 0 0 0
    outer loop
   vertex 30.365 9.105 0.1
   vertex 30.365 9.105 0.326
   vertex 30.365 9.275 0.326
  endloop
 endfacet
  facet normal 0 0 0
    outer loop
   vertex 30.365 9.105 0.1
   vertex 30.365 9.275 0.326
   vertex 30.365 9.275 0.1
  endloop
 endfacet
  facet normal 0 0 0
    outer loop
   vertex 30.365 9.465 0.1
   vertex 30.365 9.465 0.326
   vertex 30.365 9.635 0.326
  endloop
 endfacet
  facet normal 0 0 0
    outer loop
   vertex 30.365 9.465 0.1
   vertex 30.365 9.635 0.326
   vertex 30.365 9.635 0.1
  endloop
 endfacet
  facet normal 0 0 0
    outer loop
   vertex 30.365 9.825 0.1
   vertex 30.365 9.825 0.326
   vertex 30.365 9.995 0.326
  endloop
 endfacet
  facet normal 0 0 0
    outer loop
   vertex 30.365 9.825 0.1
   vertex 30.365 9.995 0.326
   vertex 30.365 9.995 0.1
  endloop
 endfacet
  facet normal 0 0 0
    outer loop
   vertex 30.365 10.185 0.1
   vertex 30.365 10.185 0.326
   vertex 30.365 10.355 0.326
  endloop
 endfacet
  facet normal 0 0 0
    outer loop
   vertex 30.365 10.185 0.1
   vertex 30.365 10.355 0.326
   vertex 30.365 10.355 0.1
  endloop
 endfacet
  facet normal 0 0 0
    outer loop
   vertex 30.365 10.545 0.1
   vertex 30.365 10.545 0.326
   vertex 30.365 10.715 0.326
  endloop
 endfacet
  facet normal 0 0 0
    outer loop
   vertex 30.365 10.545 0.1
   vertex 30.365 10.715 0.326
   vertex 30.365 10.715 0.1
  endloop
 endfacet
  facet normal 0 0 0
    outer loop
   vertex 30.365 10.905 0.1
   vertex 30.365 10.905 0.326
   vertex 30.365 11.075 0.326
  endloop
 endfacet
  facet normal 0 0 0
    outer loop
   vertex 30.365 10.905 0.1
   vertex 30.365 11.075 0.326
   vertex 30.365 11.075 0.1
  endloop
 endfacet
  facet normal 0 0 0
    outer loop
   vertex 30.365 11.265 0.1
   vertex 30.365 11.265 0.326
   vertex 30.365 11.435 0.326
  endloop
 endfacet
  facet normal 0 0 0
    outer loop
   vertex 30.365 11.265 0.1
   vertex 30.365 11.435 0.326
   vertex 30.365 11.435 0.1
  endloop
 endfacet
  facet normal 0 0 0
    outer loop
   vertex 30.365 11.625 0.1
   vertex 30.365 11.625 0.326
   vertex 30.365 11.795 0.326
  endloop
 endfacet
  facet normal 0 0 0
    outer loop
   vertex 30.365 11.625 0.1
   vertex 30.365 11.795 0.326
   vertex 30.365 11.795 0.1
  endloop
 endfacet
  facet normal 0 0 0
    outer loop
   vertex 30.365 17.265 0.1
   vertex 30.365 17.265 0.326
   vertex 30.365 17.435 0.326
  endloop
 endfacet
  facet normal 0 0 0
    outer loop
   vertex 30.365 17.265 0.1
   vertex 30.365 17.435 0.326
   vertex 30.365 17.435 0.1
  endloop
 endfacet
  facet normal 0 0 0
    outer loop
   vertex 30.365 17.625 0.1
   vertex 30.365 17.625 0.326
   vertex 30.365 17.795 0.326
  endloop
 endfacet
  facet normal 0 0 0
    outer loop
   vertex 30.365 17.625 0.1
   vertex 30.365 17.795 0.326
   vertex 30.365 17.795 0.1
  endloop
 endfacet
  facet normal 0 0 0
    outer loop
   vertex 30.365 17.985 0.1
   vertex 30.365 17.985 0.326
   vertex 30.365 18.155 0.326
  endloop
 endfacet
  facet normal 0 0 0
    outer loop
   vertex 30.365 17.985 0.1
   vertex 30.365 18.155 0.326
   vertex 30.365 18.155 0.1
  endloop
 endfacet
  facet normal 0 0 0
    outer loop
   vertex 30.365 18.345 0.1
   vertex 30.365 18.345 0.326
   vertex 30.365 18.515 0.326
  endloop
 endfacet
  facet normal 0 0 0
    outer loop
   vertex 30.365 18.345 0.1
   vertex 30.365 18.515 0.326
   vertex 30.365 18.515 0.1
  endloop
 endfacet
  facet normal 0 0 0
    outer loop
   vertex 30.365 18.705 0.1
   vertex 30.365 18.705 0.326
   vertex 30.365 18.875 0.326
  endloop
 endfacet
  facet normal 0 0 0
    outer loop
   vertex 30.365 18.705 0.1
   vertex 30.365 18.875 0.326
   vertex 30.365 18.875 0.1
  endloop
 endfacet
  facet normal 0 0 0
    outer loop
   vertex 30.365 19.065 0.1
   vertex 30.365 19.065 0.326
   vertex 30.365 19.235 0.326
  endloop
 endfacet
  facet normal 0 0 0
    outer loop
   vertex 30.365 19.065 0.1
   vertex 30.365 19.235 0.326
   vertex 30.365 19.235 0.1
  endloop
 endfacet
  facet normal 0 0 0
    outer loop
   vertex 30.365 19.425 0.1
   vertex 30.365 19.425 0.326
   vertex 30.365 19.595 0.326
  endloop
 endfacet
  facet normal 0 0 0
    outer loop
   vertex 30.365 19.425 0.1
   vertex 30.365 19.595 0.326
   vertex 30.365 19.595 0.1
  endloop
 endfacet
  facet normal 0 0 0
    outer loop
   vertex 30.365 19.785 0.1
   vertex 30.365 19.785 0.326
   vertex 30.365 19.955 0.326
  endloop
 endfacet
  facet normal 0 0 0
    outer loop
   vertex 30.365 19.785 0.1
   vertex 30.365 19.955 0.326
   vertex 30.365 19.955 0.1
  endloop
 endfacet
  facet normal 0 0 0
    outer loop
   vertex 30.365 20.145 0.1
   vertex 30.365 20.145 0.326
   vertex 30.365 20.315 0.326
  endloop
 endfacet
  facet normal 0 0 0
    outer loop
   vertex 30.365 20.145 0.1
   vertex 30.365 20.315 0.326
   vertex 30.365 20.315 0.1
  endloop
 endfacet
  facet normal 0 0 0
    outer loop
   vertex 30.535 8.745 0.1
   vertex 30.535 8.745 0.326
   vertex 30.365 8.745 0.326
  endloop
 endfacet
  facet normal 0 0 0
    outer loop
   vertex 30.535 8.745 0.1
   vertex 30.365 8.745 0.326
   vertex 30.365 8.745 0.1
  endloop
 endfacet
  facet normal 0 0 0
    outer loop
   vertex 30.535 20.315 0.1
   vertex 30.535 20.315 0.326
   vertex 30.535 20.145 0.326
  endloop
 endfacet
  facet normal 0 0 0
    outer loop
   vertex 30.535 20.315 0.1
   vertex 30.535 20.145 0.326
   vertex 30.535 20.145 0.1
  endloop
 endfacet
  facet normal 0 0 0
    outer loop
   vertex 30.535 19.955 0.1
   vertex 30.535 19.955 0.326
   vertex 30.535 19.785 0.326
  endloop
 endfacet
  facet normal 0 0 0
    outer loop
   vertex 30.535 19.955 0.1
   vertex 30.535 19.785 0.326
   vertex 30.535 19.785 0.1
  endloop
 endfacet
  facet normal 0 0 0
    outer loop
   vertex 30.535 19.595 0.1
   vertex 30.535 19.595 0.326
   vertex 30.535 19.425 0.326
  endloop
 endfacet
  facet normal 0 0 0
    outer loop
   vertex 30.535 19.595 0.1
   vertex 30.535 19.425 0.326
   vertex 30.535 19.425 0.1
  endloop
 endfacet
  facet normal 0 0 0
    outer loop
   vertex 30.535 19.235 0.1
   vertex 30.535 19.235 0.326
   vertex 30.535 19.065 0.326
  endloop
 endfacet
  facet normal 0 0 0
    outer loop
   vertex 30.535 19.235 0.1
   vertex 30.535 19.065 0.326
   vertex 30.535 19.065 0.1
  endloop
 endfacet
  facet normal 0 0 0
    outer loop
   vertex 30.535 18.875 0.1
   vertex 30.535 18.875 0.326
   vertex 30.535 18.705 0.326
  endloop
 endfacet
  facet normal 0 0 0
    outer loop
   vertex 30.535 18.875 0.1
   vertex 30.535 18.705 0.326
   vertex 30.535 18.705 0.1
  endloop
 endfacet
  facet normal 0 0 0
    outer loop
   vertex 30.535 18.515 0.1
   vertex 30.535 18.515 0.326
   vertex 30.535 18.345 0.326
  endloop
 endfacet
  facet normal 0 0 0
    outer loop
   vertex 30.535 18.515 0.1
   vertex 30.535 18.345 0.326
   vertex 30.535 18.345 0.1
  endloop
 endfacet
  facet normal 0 0 0
    outer loop
   vertex 30.535 18.155 0.1
   vertex 30.535 18.155 0.326
   vertex 30.535 17.985 0.326
  endloop
 endfacet
  facet normal 0 0 0
    outer loop
   vertex 30.535 18.155 0.1
   vertex 30.535 17.985 0.326
   vertex 30.535 17.985 0.1
  endloop
 endfacet
  facet normal 0 0 0
    outer loop
   vertex 30.535 17.795 0.1
   vertex 30.535 17.795 0.326
   vertex 30.535 17.625 0.326
  endloop
 endfacet
  facet normal 0 0 0
    outer loop
   vertex 30.535 17.795 0.1
   vertex 30.535 17.625 0.326
   vertex 30.535 17.625 0.1
  endloop
 endfacet
  facet normal 0 0 0
    outer loop
   vertex 30.535 17.435 0.1
   vertex 30.535 17.435 0.326
   vertex 30.535 17.265 0.326
  endloop
 endfacet
  facet normal 0 0 0
    outer loop
   vertex 30.535 17.435 0.1
   vertex 30.535 17.265 0.326
   vertex 30.535 17.265 0.1
  endloop
 endfacet
  facet normal 0 0 0
    outer loop
   vertex 30.535 11.795 0.1
   vertex 30.535 11.795 0.326
   vertex 30.535 11.625 0.326
  endloop
 endfacet
  facet normal 0 0 0
    outer loop
   vertex 30.535 11.795 0.1
   vertex 30.535 11.625 0.326
   vertex 30.535 11.625 0.1
  endloop
 endfacet
  facet normal 0 0 0
    outer loop
   vertex 30.535 11.435 0.1
   vertex 30.535 11.435 0.326
   vertex 30.535 11.265 0.326
  endloop
 endfacet
  facet normal 0 0 0
    outer loop
   vertex 30.535 11.435 0.1
   vertex 30.535 11.265 0.326
   vertex 30.535 11.265 0.1
  endloop
 endfacet
  facet normal 0 0 0
    outer loop
   vertex 30.535 11.075 0.1
   vertex 30.535 11.075 0.326
   vertex 30.535 10.905 0.326
  endloop
 endfacet
  facet normal 0 0 0
    outer loop
   vertex 30.535 11.075 0.1
   vertex 30.535 10.905 0.326
   vertex 30.535 10.905 0.1
  endloop
 endfacet
  facet normal 0 0 0
    outer loop
   vertex 30.535 10.715 0.1
   vertex 30.535 10.715 0.326
   vertex 30.535 10.545 0.326
  endloop
 endfacet
  facet normal 0 0 0
    outer loop
   vertex 30.535 10.715 0.1
   vertex 30.535 10.545 0.326
   vertex 30.535 10.545 0.1
  endloop
 endfacet
  facet normal 0 0 0
    outer loop
   vertex 30.535 10.355 0.1
   vertex 30.535 10.355 0.326
   vertex 30.535 10.185 0.326
  endloop
 endfacet
  facet normal 0 0 0
    outer loop
   vertex 30.535 10.355 0.1
   vertex 30.535 10.185 0.326
   vertex 30.535 10.185 0.1
  endloop
 endfacet
  facet normal 0 0 0
    outer loop
   vertex 30.535 9.995 0.1
   vertex 30.535 9.995 0.326
   vertex 30.535 9.825 0.326
  endloop
 endfacet
  facet normal 0 0 0
    outer loop
   vertex 30.535 9.995 0.1
   vertex 30.535 9.825 0.326
   vertex 30.535 9.825 0.1
  endloop
 endfacet
  facet normal 0 0 0
    outer loop
   vertex 30.535 9.635 0.1
   vertex 30.535 9.635 0.326
   vertex 30.535 9.465 0.326
  endloop
 endfacet
  facet normal 0 0 0
    outer loop
   vertex 30.535 9.635 0.1
   vertex 30.535 9.465 0.326
   vertex 30.535 9.465 0.1
  endloop
 endfacet
  facet normal 0 0 0
    outer loop
   vertex 30.535 9.275 0.1
   vertex 30.535 9.275 0.326
   vertex 30.535 9.105 0.326
  endloop
 endfacet
  facet normal 0 0 0
    outer loop
   vertex 30.535 9.275 0.1
   vertex 30.535 9.105 0.326
   vertex 30.535 9.105 0.1
  endloop
 endfacet
  facet normal 0 0 0
    outer loop
   vertex 30.535 8.915 0.1
   vertex 30.535 8.915 0.326
   vertex 30.535 8.745 0.326
  endloop
 endfacet
  facet normal 0 0 0
    outer loop
   vertex 30.535 8.915 0.1
   vertex 30.535 8.745 0.326
   vertex 30.535 8.745 0.1
  endloop
 endfacet
  facet normal 0 0 0
    outer loop
   vertex 30.365 9.275 0.1
   vertex 30.365 9.275 0.326
   vertex 30.535 9.275 0.326
  endloop
 endfacet
  facet normal 0 0 0
    outer loop
   vertex 30.365 9.275 0.1
   vertex 30.535 9.275 0.326
   vertex 30.535 9.275 0.1
  endloop
 endfacet
  facet normal 0 0 0
    outer loop
   vertex 30.535 9.105 0.1
   vertex 30.535 9.105 0.326
   vertex 30.365 9.105 0.326
  endloop
 endfacet
  facet normal 0 0 0
    outer loop
   vertex 30.535 9.105 0.1
   vertex 30.365 9.105 0.326
   vertex 30.365 9.105 0.1
  endloop
 endfacet
  facet normal 0 0 0
    outer loop
   vertex 30.535 9.465 0.1
   vertex 30.535 9.465 0.326
   vertex 30.365 9.465 0.326
  endloop
 endfacet
  facet normal 0 0 0
    outer loop
   vertex 30.535 9.465 0.1
   vertex 30.365 9.465 0.326
   vertex 30.365 9.465 0.1
  endloop
 endfacet
  facet normal 0 0 0
    outer loop
   vertex 30.365 9.635 0.1
   vertex 30.365 9.635 0.326
   vertex 30.535 9.635 0.326
  endloop
 endfacet
  facet normal 0 0 0
    outer loop
   vertex 30.365 9.635 0.1
   vertex 30.535 9.635 0.326
   vertex 30.535 9.635 0.1
  endloop
 endfacet
  facet normal 0 0 0
    outer loop
   vertex 30.365 9.995 0.1
   vertex 30.365 9.995 0.326
   vertex 30.535 9.995 0.326
  endloop
 endfacet
  facet normal 0 0 0
    outer loop
   vertex 30.365 9.995 0.1
   vertex 30.535 9.995 0.326
   vertex 30.535 9.995 0.1
  endloop
 endfacet
  facet normal 0 0 0
    outer loop
   vertex 30.535 9.825 0.1
   vertex 30.535 9.825 0.326
   vertex 30.365 9.825 0.326
  endloop
 endfacet
  facet normal 0 0 0
    outer loop
   vertex 30.535 9.825 0.1
   vertex 30.365 9.825 0.326
   vertex 30.365 9.825 0.1
  endloop
 endfacet
  facet normal 0 0 0
    outer loop
   vertex 30.535 10.185 0.1
   vertex 30.535 10.185 0.326
   vertex 30.365 10.185 0.326
  endloop
 endfacet
  facet normal 0 0 0
    outer loop
   vertex 30.535 10.185 0.1
   vertex 30.365 10.185 0.326
   vertex 30.365 10.185 0.1
  endloop
 endfacet
  facet normal 0 0 0
    outer loop
   vertex 30.365 10.355 0.1
   vertex 30.365 10.355 0.326
   vertex 30.535 10.355 0.326
  endloop
 endfacet
  facet normal 0 0 0
    outer loop
   vertex 30.365 10.355 0.1
   vertex 30.535 10.355 0.326
   vertex 30.535 10.355 0.1
  endloop
 endfacet
  facet normal 0 0 0
    outer loop
   vertex 30.365 10.715 0.1
   vertex 30.365 10.715 0.326
   vertex 30.535 10.715 0.326
  endloop
 endfacet
  facet normal 0 0 0
    outer loop
   vertex 30.365 10.715 0.1
   vertex 30.535 10.715 0.326
   vertex 30.535 10.715 0.1
  endloop
 endfacet
  facet normal 0 0 0
    outer loop
   vertex 30.535 10.545 0.1
   vertex 30.535 10.545 0.326
   vertex 30.365 10.545 0.326
  endloop
 endfacet
  facet normal 0 0 0
    outer loop
   vertex 30.535 10.545 0.1
   vertex 30.365 10.545 0.326
   vertex 30.365 10.545 0.1
  endloop
 endfacet
  facet normal 0 0 0
    outer loop
   vertex 30.365 11.075 0.1
   vertex 30.365 11.075 0.326
   vertex 30.535 11.075 0.326
  endloop
 endfacet
  facet normal 0 0 0
    outer loop
   vertex 30.365 11.075 0.1
   vertex 30.535 11.075 0.326
   vertex 30.535 11.075 0.1
  endloop
 endfacet
  facet normal 0 0 0
    outer loop
   vertex 30.535 10.905 0.1
   vertex 30.535 10.905 0.326
   vertex 30.365 10.905 0.326
  endloop
 endfacet
  facet normal 0 0 0
    outer loop
   vertex 30.535 10.905 0.1
   vertex 30.365 10.905 0.326
   vertex 30.365 10.905 0.1
  endloop
 endfacet
  facet normal 0 0 0
    outer loop
   vertex 30.535 11.265 0.1
   vertex 30.535 11.265 0.326
   vertex 30.365 11.265 0.326
  endloop
 endfacet
  facet normal 0 0 0
    outer loop
   vertex 30.535 11.265 0.1
   vertex 30.365 11.265 0.326
   vertex 30.365 11.265 0.1
  endloop
 endfacet
  facet normal 0 0 0
    outer loop
   vertex 30.365 11.435 0.1
   vertex 30.365 11.435 0.326
   vertex 30.535 11.435 0.326
  endloop
 endfacet
  facet normal 0 0 0
    outer loop
   vertex 30.365 11.435 0.1
   vertex 30.535 11.435 0.326
   vertex 30.535 11.435 0.1
  endloop
 endfacet
  facet normal 0 0 0
    outer loop
   vertex -6.285 12.915 0.1
   vertex -6.285 12.915 0.326
   vertex -6.455 12.915 0.326
  endloop
 endfacet
  facet normal 0 0 0
    outer loop
   vertex -6.285 12.915 0.1
   vertex -6.455 12.915 0.326
   vertex -6.455 12.915 0.1
  endloop
 endfacet
  facet normal 0 0 0
    outer loop
   vertex -7.235 12.915 0.1
   vertex -7.235 12.915 0.326
   vertex -7.405 12.915 0.326
  endloop
 endfacet
  facet normal 0 0 0
    outer loop
   vertex -7.235 12.915 0.1
   vertex -7.405 12.915 0.326
   vertex -7.405 12.915 0.1
  endloop
 endfacet
  facet normal 0 0 0
    outer loop
   vertex 30.365 11.795 0.1
   vertex 30.365 11.795 0.326
   vertex 30.535 11.795 0.326
  endloop
 endfacet
  facet normal 0 0 0
    outer loop
   vertex 30.365 11.795 0.1
   vertex 30.535 11.795 0.326
   vertex 30.535 11.795 0.1
  endloop
 endfacet
  facet normal 0 0 0
    outer loop
   vertex 30.535 11.625 0.1
   vertex 30.535 11.625 0.326
   vertex 30.365 11.625 0.326
  endloop
 endfacet
  facet normal 0 0 0
    outer loop
   vertex 30.535 11.625 0.1
   vertex 30.365 11.625 0.326
   vertex 30.365 11.625 0.1
  endloop
 endfacet
  facet normal 0 0 0
    outer loop
   vertex -7.405 12.915 0.1
   vertex -7.405 12.915 0.326
   vertex -7.405 13.085 0.326
  endloop
 endfacet
  facet normal 0 0 0
    outer loop
   vertex -7.405 12.915 0.1
   vertex -7.405 13.085 0.326
   vertex -7.405 13.085 0.1
  endloop
 endfacet
  facet normal 0 0 0
    outer loop
   vertex -7.405 13.085 0.1
   vertex -7.405 13.085 0.326
   vertex -7.235 13.085 0.326
  endloop
 endfacet
  facet normal 0 0 0
    outer loop
   vertex -7.405 13.085 0.1
   vertex -7.235 13.085 0.326
   vertex -7.235 13.085 0.1
  endloop
 endfacet
  facet normal 0 0 0
    outer loop
   vertex -6.455 13.085 0.1
   vertex -6.455 13.085 0.326
   vertex -6.285 13.085 0.326
  endloop
 endfacet
  facet normal 0 0 0
    outer loop
   vertex -6.455 13.085 0.1
   vertex -6.285 13.085 0.326
   vertex -6.285 13.085 0.1
  endloop
 endfacet
  facet normal 0 0 0
    outer loop
   vertex -7.235 13.085 0.1
   vertex -7.235 13.085 0.326
   vertex -7.235 12.915 0.326
  endloop
 endfacet
  facet normal 0 0 0
    outer loop
   vertex -7.235 13.085 0.1
   vertex -7.235 12.915 0.326
   vertex -7.235 12.915 0.1
  endloop
 endfacet
  facet normal 0 0 0
    outer loop
   vertex -6.455 12.915 0.1
   vertex -6.455 12.915 0.326
   vertex -6.455 13.085 0.326
  endloop
 endfacet
  facet normal 0 0 0
    outer loop
   vertex -6.455 12.915 0.1
   vertex -6.455 13.085 0.326
   vertex -6.455 13.085 0.1
  endloop
 endfacet
  facet normal 0 0 0
    outer loop
   vertex -6.285 13.085 0.1
   vertex -6.285 13.085 0.326
   vertex -6.285 12.915 0.326
  endloop
 endfacet
  facet normal 0 0 0
    outer loop
   vertex -6.285 13.085 0.1
   vertex -6.285 12.915 0.326
   vertex -6.285 12.915 0.1
  endloop
 endfacet
  facet normal 0 0 0
    outer loop
   vertex 30.365 17.435 0.1
   vertex 30.365 17.435 0.326
   vertex 30.535 17.435 0.326
  endloop
 endfacet
  facet normal 0 0 0
    outer loop
   vertex 30.365 17.435 0.1
   vertex 30.535 17.435 0.326
   vertex 30.535 17.435 0.1
  endloop
 endfacet
  facet normal 0 0 0
    outer loop
   vertex 30.535 17.265 0.1
   vertex 30.535 17.265 0.326
   vertex 30.365 17.265 0.326
  endloop
 endfacet
  facet normal 0 0 0
    outer loop
   vertex 30.535 17.265 0.1
   vertex 30.365 17.265 0.326
   vertex 30.365 17.265 0.1
  endloop
 endfacet
  facet normal 0 0 0
    outer loop
   vertex 30.365 17.795 0.1
   vertex 30.365 17.795 0.326
   vertex 30.535 17.795 0.326
  endloop
 endfacet
  facet normal 0 0 0
    outer loop
   vertex 30.365 17.795 0.1
   vertex 30.535 17.795 0.326
   vertex 30.535 17.795 0.1
  endloop
 endfacet
  facet normal 0 0 0
    outer loop
   vertex 30.535 17.625 0.1
   vertex 30.535 17.625 0.326
   vertex 30.365 17.625 0.326
  endloop
 endfacet
  facet normal 0 0 0
    outer loop
   vertex 30.535 17.625 0.1
   vertex 30.365 17.625 0.326
   vertex 30.365 17.625 0.1
  endloop
 endfacet
  facet normal 0 0 0
    outer loop
   vertex 30.535 17.985 0.1
   vertex 30.535 17.985 0.326
   vertex 30.365 17.985 0.326
  endloop
 endfacet
  facet normal 0 0 0
    outer loop
   vertex 30.535 17.985 0.1
   vertex 30.365 17.985 0.326
   vertex 30.365 17.985 0.1
  endloop
 endfacet
  facet normal 0 0 0
    outer loop
   vertex 30.365 18.155 0.1
   vertex 30.365 18.155 0.326
   vertex 30.535 18.155 0.326
  endloop
 endfacet
  facet normal 0 0 0
    outer loop
   vertex 30.365 18.155 0.1
   vertex 30.535 18.155 0.326
   vertex 30.535 18.155 0.1
  endloop
 endfacet
  facet normal 0 0 0
    outer loop
   vertex 30.535 18.345 0.1
   vertex 30.535 18.345 0.326
   vertex 30.365 18.345 0.326
  endloop
 endfacet
  facet normal 0 0 0
    outer loop
   vertex 30.535 18.345 0.1
   vertex 30.365 18.345 0.326
   vertex 30.365 18.345 0.1
  endloop
 endfacet
  facet normal 0 0 0
    outer loop
   vertex 30.365 18.515 0.1
   vertex 30.365 18.515 0.326
   vertex 30.535 18.515 0.326
  endloop
 endfacet
  facet normal 0 0 0
    outer loop
   vertex 30.365 18.515 0.1
   vertex 30.535 18.515 0.326
   vertex 30.535 18.515 0.1
  endloop
 endfacet
  facet normal 0 0 0
    outer loop
   vertex 30.365 18.875 0.1
   vertex 30.365 18.875 0.326
   vertex 30.535 18.875 0.326
  endloop
 endfacet
  facet normal 0 0 0
    outer loop
   vertex 30.365 18.875 0.1
   vertex 30.535 18.875 0.326
   vertex 30.535 18.875 0.1
  endloop
 endfacet
  facet normal 0 0 0
    outer loop
   vertex 30.535 18.705 0.1
   vertex 30.535 18.705 0.326
   vertex 30.365 18.705 0.326
  endloop
 endfacet
  facet normal 0 0 0
    outer loop
   vertex 30.535 18.705 0.1
   vertex 30.365 18.705 0.326
   vertex 30.365 18.705 0.1
  endloop
 endfacet
  facet normal 0 0 0
    outer loop
   vertex 30.535 19.065 0.1
   vertex 30.535 19.065 0.326
   vertex 30.365 19.065 0.326
  endloop
 endfacet
  facet normal 0 0 0
    outer loop
   vertex 30.535 19.065 0.1
   vertex 30.365 19.065 0.326
   vertex 30.365 19.065 0.1
  endloop
 endfacet
  facet normal 0 0 0
    outer loop
   vertex 30.365 19.235 0.1
   vertex 30.365 19.235 0.326
   vertex 30.535 19.235 0.326
  endloop
 endfacet
  facet normal 0 0 0
    outer loop
   vertex 30.365 19.235 0.1
   vertex 30.535 19.235 0.326
   vertex 30.535 19.235 0.1
  endloop
 endfacet
  facet normal 0 0 0
    outer loop
   vertex 30.365 19.595 0.1
   vertex 30.365 19.595 0.326
   vertex 30.535 19.595 0.326
  endloop
 endfacet
  facet normal 0 0 0
    outer loop
   vertex 30.365 19.595 0.1
   vertex 30.535 19.595 0.326
   vertex 30.535 19.595 0.1
  endloop
 endfacet
  facet normal 0 0 0
    outer loop
   vertex 30.535 19.425 0.1
   vertex 30.535 19.425 0.326
   vertex 30.365 19.425 0.326
  endloop
 endfacet
  facet normal 0 0 0
    outer loop
   vertex 30.535 19.425 0.1
   vertex 30.365 19.425 0.326
   vertex 30.365 19.425 0.1
  endloop
 endfacet
  facet normal 0 0 0
    outer loop
   vertex 30.365 19.955 0.1
   vertex 30.365 19.955 0.326
   vertex 30.535 19.955 0.326
  endloop
 endfacet
  facet normal 0 0 0
    outer loop
   vertex 30.365 19.955 0.1
   vertex 30.535 19.955 0.326
   vertex 30.535 19.955 0.1
  endloop
 endfacet
  facet normal 0 0 0
    outer loop
   vertex 30.535 19.785 0.1
   vertex 30.535 19.785 0.326
   vertex 30.365 19.785 0.326
  endloop
 endfacet
  facet normal 0 0 0
    outer loop
   vertex 30.535 19.785 0.1
   vertex 30.365 19.785 0.326
   vertex 30.365 19.785 0.1
  endloop
 endfacet
  facet normal 0 0 0
    outer loop
   vertex 30.365 20.315 0.1
   vertex 30.365 20.315 0.326
   vertex 30.535 20.315 0.326
  endloop
 endfacet
  facet normal 0 0 0
    outer loop
   vertex 30.365 20.315 0.1
   vertex 30.535 20.315 0.326
   vertex 30.535 20.315 0.1
  endloop
 endfacet
  facet normal 0 0 0
    outer loop
   vertex 30.535 20.145 0.1
   vertex 30.535 20.145 0.326
   vertex 30.365 20.145 0.326
  endloop
 endfacet
  facet normal 0 0 0
    outer loop
   vertex 30.535 20.145 0.1
   vertex 30.365 20.145 0.326
   vertex 30.365 20.145 0.1
  endloop
 endfacet
  facet normal 0 0 0
    outer loop
   vertex 30.365 8.665 0.936
   vertex 30.365 8.745 0.936
   vertex 30.535 8.745 0.936
  endloop
 endfacet
  facet normal 0 0 0
    outer loop
   vertex 30.365 8.665 0.936
   vertex 30.535 8.745 0.936
   vertex 30.535 8.665 0.936
  endloop
 endfacet
  facet normal 0 0 0
    outer loop
   vertex 30.365 8.915 0.936
   vertex 30.365 9.105 0.936
   vertex 30.535 9.105 0.936
  endloop
 endfacet
  facet normal 0 0 0
    outer loop
   vertex 30.365 8.915 0.936
   vertex 30.535 9.105 0.936
   vertex 30.535 8.915 0.936
  endloop
 endfacet
  facet normal 0 0 0
    outer loop
   vertex 30.365 9.275 0.936
   vertex 30.365 9.465 0.936
   vertex 30.535 9.465 0.936
  endloop
 endfacet
  facet normal 0 0 0
    outer loop
   vertex 30.365 9.275 0.936
   vertex 30.535 9.465 0.936
   vertex 30.535 9.275 0.936
  endloop
 endfacet
  facet normal 0 0 0
    outer loop
   vertex 30.365 9.635 0.936
   vertex 30.365 9.825 0.936
   vertex 30.535 9.825 0.936
  endloop
 endfacet
  facet normal 0 0 0
    outer loop
   vertex 30.365 9.635 0.936
   vertex 30.535 9.825 0.936
   vertex 30.535 9.635 0.936
  endloop
 endfacet
  facet normal 0 0 0
    outer loop
   vertex 30.365 9.995 0.936
   vertex 30.365 10.185 0.936
   vertex 30.535 10.185 0.936
  endloop
 endfacet
  facet normal 0 0 0
    outer loop
   vertex 30.365 9.995 0.936
   vertex 30.535 10.185 0.936
   vertex 30.535 9.995 0.936
  endloop
 endfacet
  facet normal 0 0 0
    outer loop
   vertex 30.365 10.355 0.936
   vertex 30.365 10.545 0.936
   vertex 30.535 10.545 0.936
  endloop
 endfacet
  facet normal 0 0 0
    outer loop
   vertex 30.365 10.355 0.936
   vertex 30.535 10.545 0.936
   vertex 30.535 10.355 0.936
  endloop
 endfacet
  facet normal 0 0 0
    outer loop
   vertex 30.365 10.715 0.936
   vertex 30.365 10.905 0.936
   vertex 30.535 10.905 0.936
  endloop
 endfacet
  facet normal 0 0 0
    outer loop
   vertex 30.365 10.715 0.936
   vertex 30.535 10.905 0.936
   vertex 30.535 10.715 0.936
  endloop
 endfacet
  facet normal 0 0 0
    outer loop
   vertex 30.365 11.075 0.936
   vertex 30.365 11.265 0.936
   vertex 30.535 11.265 0.936
  endloop
 endfacet
  facet normal 0 0 0
    outer loop
   vertex 30.365 11.075 0.936
   vertex 30.535 11.265 0.936
   vertex 30.535 11.075 0.936
  endloop
 endfacet
  facet normal 0 0 0
    outer loop
   vertex 30.365 11.435 0.936
   vertex 30.365 11.625 0.936
   vertex 30.535 11.625 0.936
  endloop
 endfacet
  facet normal 0 0 0
    outer loop
   vertex 30.365 11.435 0.936
   vertex 30.535 11.625 0.936
   vertex 30.535 11.435 0.936
  endloop
 endfacet
  facet normal 0 0 0
    outer loop
   vertex 30.365 11.795 0.936
   vertex 30.365 11.875 0.936
   vertex 30.535 11.875 0.936
  endloop
 endfacet
  facet normal 0 0 0
    outer loop
   vertex 30.365 11.795 0.936
   vertex 30.535 11.875 0.936
   vertex 30.535 11.795 0.936
  endloop
 endfacet
  facet normal 0 0 0
    outer loop
   vertex -7.405 12.835 0.936
   vertex -7.405 12.915 0.936
   vertex -7.235 12.915 0.936
  endloop
 endfacet
  facet normal 0 0 0
    outer loop
   vertex -7.405 12.835 0.936
   vertex -7.235 12.915 0.936
   vertex -7.235 12.835 0.936
  endloop
 endfacet
  facet normal 0 0 0
    outer loop
   vertex -6.455 12.835 0.936
   vertex -6.455 12.915 0.936
   vertex -6.285 12.915 0.936
  endloop
 endfacet
  facet normal 0 0 0
    outer loop
   vertex -6.455 12.835 0.936
   vertex -6.285 12.915 0.936
   vertex -6.285 12.835 0.936
  endloop
 endfacet
  facet normal 0 0 0
    outer loop
   vertex -7.405 13.085 0.936
   vertex -7.405 13.165 0.936
   vertex -7.235 13.165 0.936
  endloop
 endfacet
  facet normal 0 0 0
    outer loop
   vertex -7.405 13.085 0.936
   vertex -7.235 13.165 0.936
   vertex -7.235 13.085 0.936
  endloop
 endfacet
  facet normal 0 0 0
    outer loop
   vertex -6.455 13.085 0.936
   vertex -6.455 13.165 0.936
   vertex -6.285 13.165 0.936
  endloop
 endfacet
  facet normal 0 0 0
    outer loop
   vertex -6.455 13.085 0.936
   vertex -6.285 13.165 0.936
   vertex -6.285 13.085 0.936
  endloop
 endfacet
  facet normal 0 0 0
    outer loop
   vertex 30.365 17.185 0.936
   vertex 30.365 17.265 0.936
   vertex 30.535 17.265 0.936
  endloop
 endfacet
  facet normal 0 0 0
    outer loop
   vertex 30.365 17.185 0.936
   vertex 30.535 17.265 0.936
   vertex 30.535 17.185 0.936
  endloop
 endfacet
  facet normal 0 0 0
    outer loop
   vertex 30.365 17.435 0.936
   vertex 30.365 17.625 0.936
   vertex 30.535 17.625 0.936
  endloop
 endfacet
  facet normal 0 0 0
    outer loop
   vertex 30.365 17.435 0.936
   vertex 30.535 17.625 0.936
   vertex 30.535 17.435 0.936
  endloop
 endfacet
  facet normal 0 0 0
    outer loop
   vertex 30.365 17.795 0.936
   vertex 30.365 17.985 0.936
   vertex 30.535 17.985 0.936
  endloop
 endfacet
  facet normal 0 0 0
    outer loop
   vertex 30.365 17.795 0.936
   vertex 30.535 17.985 0.936
   vertex 30.535 17.795 0.936
  endloop
 endfacet
  facet normal 0 0 0
    outer loop
   vertex 30.365 18.155 0.936
   vertex 30.365 18.345 0.936
   vertex 30.535 18.345 0.936
  endloop
 endfacet
  facet normal 0 0 0
    outer loop
   vertex 30.365 18.155 0.936
   vertex 30.535 18.345 0.936
   vertex 30.535 18.155 0.936
  endloop
 endfacet
  facet normal 0 0 0
    outer loop
   vertex 30.365 18.515 0.936
   vertex 30.365 18.705 0.936
   vertex 30.535 18.705 0.936
  endloop
 endfacet
  facet normal 0 0 0
    outer loop
   vertex 30.365 18.515 0.936
   vertex 30.535 18.705 0.936
   vertex 30.535 18.515 0.936
  endloop
 endfacet
  facet normal 0 0 0
    outer loop
   vertex 30.365 18.875 0.936
   vertex 30.365 19.065 0.936
   vertex 30.535 19.065 0.936
  endloop
 endfacet
  facet normal 0 0 0
    outer loop
   vertex 30.365 18.875 0.936
   vertex 30.535 19.065 0.936
   vertex 30.535 18.875 0.936
  endloop
 endfacet
  facet normal 0 0 0
    outer loop
   vertex 30.365 19.235 0.936
   vertex 30.365 19.425 0.936
   vertex 30.535 19.425 0.936
  endloop
 endfacet
  facet normal 0 0 0
    outer loop
   vertex 30.365 19.235 0.936
   vertex 30.535 19.425 0.936
   vertex 30.535 19.235 0.936
  endloop
 endfacet
  facet normal 0 0 0
    outer loop
   vertex 30.365 19.595 0.936
   vertex 30.365 19.785 0.936
   vertex 30.535 19.785 0.936
  endloop
 endfacet
  facet normal 0 0 0
    outer loop
   vertex 30.365 19.595 0.936
   vertex 30.535 19.785 0.936
   vertex 30.535 19.595 0.936
  endloop
 endfacet
  facet normal 0 0 0
    outer loop
   vertex 30.365 19.955 0.936
   vertex 30.365 20.145 0.936
   vertex 30.535 20.145 0.936
  endloop
 endfacet
  facet normal 0 0 0
    outer loop
   vertex 30.365 19.955 0.936
   vertex 30.535 20.145 0.936
   vertex 30.535 19.955 0.936
  endloop
 endfacet
  facet normal 0 0 0
    outer loop
   vertex 30.365 20.315 0.936
   vertex 30.365 20.395 0.936
   vertex 30.535 20.395 0.936
  endloop
 endfacet
  facet normal 0 0 0
    outer loop
   vertex 30.365 20.315 0.936
   vertex 30.535 20.395 0.936
   vertex 30.535 20.315 0.936
  endloop
 endfacet
  facet normal 0 0 0
    outer loop
   vertex 30.535 9.105 0.326
   vertex 30.535 9.105 0.936
   vertex 30.365 9.105 0.936
  endloop
 endfacet
  facet normal 0 0 0
    outer loop
   vertex 30.535 9.105 0.326
   vertex 30.365 9.105 0.936
   vertex 30.365 9.105 0.326
  endloop
 endfacet
  facet normal 0 0 0
    outer loop
   vertex 30.535 20.315 0.326
   vertex 30.535 20.315 0.936
   vertex 30.535 20.145 0.936
  endloop
 endfacet
  facet normal 0 0 0
    outer loop
   vertex 30.535 20.315 0.326
   vertex 30.535 20.145 0.936
   vertex 30.535 20.145 0.326
  endloop
 endfacet
  facet normal 0 0 0
    outer loop
   vertex 30.535 19.955 0.326
   vertex 30.535 19.955 0.936
   vertex 30.535 19.785 0.936
  endloop
 endfacet
  facet normal 0 0 0
    outer loop
   vertex 30.535 19.955 0.326
   vertex 30.535 19.785 0.936
   vertex 30.535 19.785 0.326
  endloop
 endfacet
  facet normal 0 0 0
    outer loop
   vertex 30.535 19.595 0.326
   vertex 30.535 19.595 0.936
   vertex 30.535 19.425 0.936
  endloop
 endfacet
  facet normal 0 0 0
    outer loop
   vertex 30.535 19.595 0.326
   vertex 30.535 19.425 0.936
   vertex 30.535 19.425 0.326
  endloop
 endfacet
  facet normal 0 0 0
    outer loop
   vertex 30.535 19.235 0.326
   vertex 30.535 19.235 0.936
   vertex 30.535 19.065 0.936
  endloop
 endfacet
  facet normal 0 0 0
    outer loop
   vertex 30.535 19.235 0.326
   vertex 30.535 19.065 0.936
   vertex 30.535 19.065 0.326
  endloop
 endfacet
  facet normal 0 0 0
    outer loop
   vertex 30.535 18.875 0.326
   vertex 30.535 18.875 0.936
   vertex 30.535 18.705 0.936
  endloop
 endfacet
  facet normal 0 0 0
    outer loop
   vertex 30.535 18.875 0.326
   vertex 30.535 18.705 0.936
   vertex 30.535 18.705 0.326
  endloop
 endfacet
  facet normal 0 0 0
    outer loop
   vertex 30.535 18.515 0.326
   vertex 30.535 18.515 0.936
   vertex 30.535 18.345 0.936
  endloop
 endfacet
  facet normal 0 0 0
    outer loop
   vertex 30.535 18.515 0.326
   vertex 30.535 18.345 0.936
   vertex 30.535 18.345 0.326
  endloop
 endfacet
  facet normal 0 0 0
    outer loop
   vertex 30.535 18.155 0.326
   vertex 30.535 18.155 0.936
   vertex 30.535 17.985 0.936
  endloop
 endfacet
  facet normal 0 0 0
    outer loop
   vertex 30.535 18.155 0.326
   vertex 30.535 17.985 0.936
   vertex 30.535 17.985 0.326
  endloop
 endfacet
  facet normal 0 0 0
    outer loop
   vertex 30.535 17.795 0.326
   vertex 30.535 17.795 0.936
   vertex 30.535 17.625 0.936
  endloop
 endfacet
  facet normal 0 0 0
    outer loop
   vertex 30.535 17.795 0.326
   vertex 30.535 17.625 0.936
   vertex 30.535 17.625 0.326
  endloop
 endfacet
  facet normal 0 0 0
    outer loop
   vertex 30.535 17.435 0.326
   vertex 30.535 17.435 0.936
   vertex 30.535 17.265 0.936
  endloop
 endfacet
  facet normal 0 0 0
    outer loop
   vertex 30.535 17.435 0.326
   vertex 30.535 17.265 0.936
   vertex 30.535 17.265 0.326
  endloop
 endfacet
  facet normal 0 0 0
    outer loop
   vertex 30.535 11.795 0.326
   vertex 30.535 11.795 0.936
   vertex 30.535 11.625 0.936
  endloop
 endfacet
  facet normal 0 0 0
    outer loop
   vertex 30.535 11.795 0.326
   vertex 30.535 11.625 0.936
   vertex 30.535 11.625 0.326
  endloop
 endfacet
  facet normal 0 0 0
    outer loop
   vertex 30.535 11.435 0.326
   vertex 30.535 11.435 0.936
   vertex 30.535 11.265 0.936
  endloop
 endfacet
  facet normal 0 0 0
    outer loop
   vertex 30.535 11.435 0.326
   vertex 30.535 11.265 0.936
   vertex 30.535 11.265 0.326
  endloop
 endfacet
  facet normal 0 0 0
    outer loop
   vertex 30.535 11.075 0.326
   vertex 30.535 11.075 0.936
   vertex 30.535 10.905 0.936
  endloop
 endfacet
  facet normal 0 0 0
    outer loop
   vertex 30.535 11.075 0.326
   vertex 30.535 10.905 0.936
   vertex 30.535 10.905 0.326
  endloop
 endfacet
  facet normal 0 0 0
    outer loop
   vertex 30.535 10.715 0.326
   vertex 30.535 10.715 0.936
   vertex 30.535 10.545 0.936
  endloop
 endfacet
  facet normal 0 0 0
    outer loop
   vertex 30.535 10.715 0.326
   vertex 30.535 10.545 0.936
   vertex 30.535 10.545 0.326
  endloop
 endfacet
  facet normal 0 0 0
    outer loop
   vertex 30.535 10.355 0.326
   vertex 30.535 10.355 0.936
   vertex 30.535 10.185 0.936
  endloop
 endfacet
  facet normal 0 0 0
    outer loop
   vertex 30.535 10.355 0.326
   vertex 30.535 10.185 0.936
   vertex 30.535 10.185 0.326
  endloop
 endfacet
  facet normal 0 0 0
    outer loop
   vertex 30.535 9.995 0.326
   vertex 30.535 9.995 0.936
   vertex 30.535 9.825 0.936
  endloop
 endfacet
  facet normal 0 0 0
    outer loop
   vertex 30.535 9.995 0.326
   vertex 30.535 9.825 0.936
   vertex 30.535 9.825 0.326
  endloop
 endfacet
  facet normal 0 0 0
    outer loop
   vertex 30.535 9.635 0.326
   vertex 30.535 9.635 0.936
   vertex 30.535 9.465 0.936
  endloop
 endfacet
  facet normal 0 0 0
    outer loop
   vertex 30.535 9.635 0.326
   vertex 30.535 9.465 0.936
   vertex 30.535 9.465 0.326
  endloop
 endfacet
  facet normal 0 0 0
    outer loop
   vertex 30.535 9.275 0.326
   vertex 30.535 9.275 0.936
   vertex 30.535 9.105 0.936
  endloop
 endfacet
  facet normal 0 0 0
    outer loop
   vertex 30.535 9.275 0.326
   vertex 30.535 9.105 0.936
   vertex 30.535 9.105 0.326
  endloop
 endfacet
  facet normal 0 0 0
    outer loop
   vertex 30.535 8.915 0.326
   vertex 30.535 8.915 0.936
   vertex 30.535 8.745 0.936
  endloop
 endfacet
  facet normal 0 0 0
    outer loop
   vertex 30.535 8.915 0.326
   vertex 30.535 8.745 0.936
   vertex 30.535 8.745 0.326
  endloop
 endfacet
  facet normal 0 0 0
    outer loop
   vertex 30.365 8.745 0.326
   vertex 30.365 8.745 0.936
   vertex 30.365 8.915 0.936
  endloop
 endfacet
  facet normal 0 0 0
    outer loop
   vertex 30.365 8.745 0.326
   vertex 30.365 8.915 0.936
   vertex 30.365 8.915 0.326
  endloop
 endfacet
  facet normal 0 0 0
    outer loop
   vertex 30.365 9.105 0.326
   vertex 30.365 9.105 0.936
   vertex 30.365 9.275 0.936
  endloop
 endfacet
  facet normal 0 0 0
    outer loop
   vertex 30.365 9.105 0.326
   vertex 30.365 9.275 0.936
   vertex 30.365 9.275 0.326
  endloop
 endfacet
  facet normal 0 0 0
    outer loop
   vertex 30.365 9.465 0.326
   vertex 30.365 9.465 0.936
   vertex 30.365 9.635 0.936
  endloop
 endfacet
  facet normal 0 0 0
    outer loop
   vertex 30.365 9.465 0.326
   vertex 30.365 9.635 0.936
   vertex 30.365 9.635 0.326
  endloop
 endfacet
  facet normal 0 0 0
    outer loop
   vertex 30.365 9.825 0.326
   vertex 30.365 9.825 0.936
   vertex 30.365 9.995 0.936
  endloop
 endfacet
  facet normal 0 0 0
    outer loop
   vertex 30.365 9.825 0.326
   vertex 30.365 9.995 0.936
   vertex 30.365 9.995 0.326
  endloop
 endfacet
  facet normal 0 0 0
    outer loop
   vertex 30.365 10.185 0.326
   vertex 30.365 10.185 0.936
   vertex 30.365 10.355 0.936
  endloop
 endfacet
  facet normal 0 0 0
    outer loop
   vertex 30.365 10.185 0.326
   vertex 30.365 10.355 0.936
   vertex 30.365 10.355 0.326
  endloop
 endfacet
  facet normal 0 0 0
    outer loop
   vertex 30.365 10.545 0.326
   vertex 30.365 10.545 0.936
   vertex 30.365 10.715 0.936
  endloop
 endfacet
  facet normal 0 0 0
    outer loop
   vertex 30.365 10.545 0.326
   vertex 30.365 10.715 0.936
   vertex 30.365 10.715 0.326
  endloop
 endfacet
  facet normal 0 0 0
    outer loop
   vertex 30.365 10.905 0.326
   vertex 30.365 10.905 0.936
   vertex 30.365 11.075 0.936
  endloop
 endfacet
  facet normal 0 0 0
    outer loop
   vertex 30.365 10.905 0.326
   vertex 30.365 11.075 0.936
   vertex 30.365 11.075 0.326
  endloop
 endfacet
  facet normal 0 0 0
    outer loop
   vertex 30.365 11.265 0.326
   vertex 30.365 11.265 0.936
   vertex 30.365 11.435 0.936
  endloop
 endfacet
  facet normal 0 0 0
    outer loop
   vertex 30.365 11.265 0.326
   vertex 30.365 11.435 0.936
   vertex 30.365 11.435 0.326
  endloop
 endfacet
  facet normal 0 0 0
    outer loop
   vertex 30.365 11.625 0.326
   vertex 30.365 11.625 0.936
   vertex 30.365 11.795 0.936
  endloop
 endfacet
  facet normal 0 0 0
    outer loop
   vertex 30.365 11.625 0.326
   vertex 30.365 11.795 0.936
   vertex 30.365 11.795 0.326
  endloop
 endfacet
  facet normal 0 0 0
    outer loop
   vertex 30.365 17.265 0.326
   vertex 30.365 17.265 0.936
   vertex 30.365 17.435 0.936
  endloop
 endfacet
  facet normal 0 0 0
    outer loop
   vertex 30.365 17.265 0.326
   vertex 30.365 17.435 0.936
   vertex 30.365 17.435 0.326
  endloop
 endfacet
  facet normal 0 0 0
    outer loop
   vertex 30.365 17.625 0.326
   vertex 30.365 17.625 0.936
   vertex 30.365 17.795 0.936
  endloop
 endfacet
  facet normal 0 0 0
    outer loop
   vertex 30.365 17.625 0.326
   vertex 30.365 17.795 0.936
   vertex 30.365 17.795 0.326
  endloop
 endfacet
  facet normal 0 0 0
    outer loop
   vertex 30.365 17.985 0.326
   vertex 30.365 17.985 0.936
   vertex 30.365 18.155 0.936
  endloop
 endfacet
  facet normal 0 0 0
    outer loop
   vertex 30.365 17.985 0.326
   vertex 30.365 18.155 0.936
   vertex 30.365 18.155 0.326
  endloop
 endfacet
  facet normal 0 0 0
    outer loop
   vertex 30.365 18.345 0.326
   vertex 30.365 18.345 0.936
   vertex 30.365 18.515 0.936
  endloop
 endfacet
  facet normal 0 0 0
    outer loop
   vertex 30.365 18.345 0.326
   vertex 30.365 18.515 0.936
   vertex 30.365 18.515 0.326
  endloop
 endfacet
  facet normal 0 0 0
    outer loop
   vertex 30.365 18.705 0.326
   vertex 30.365 18.705 0.936
   vertex 30.365 18.875 0.936
  endloop
 endfacet
  facet normal 0 0 0
    outer loop
   vertex 30.365 18.705 0.326
   vertex 30.365 18.875 0.936
   vertex 30.365 18.875 0.326
  endloop
 endfacet
  facet normal 0 0 0
    outer loop
   vertex 30.365 19.065 0.326
   vertex 30.365 19.065 0.936
   vertex 30.365 19.235 0.936
  endloop
 endfacet
  facet normal 0 0 0
    outer loop
   vertex 30.365 19.065 0.326
   vertex 30.365 19.235 0.936
   vertex 30.365 19.235 0.326
  endloop
 endfacet
  facet normal 0 0 0
    outer loop
   vertex 30.365 19.425 0.326
   vertex 30.365 19.425 0.936
   vertex 30.365 19.595 0.936
  endloop
 endfacet
  facet normal 0 0 0
    outer loop
   vertex 30.365 19.425 0.326
   vertex 30.365 19.595 0.936
   vertex 30.365 19.595 0.326
  endloop
 endfacet
  facet normal 0 0 0
    outer loop
   vertex 30.365 19.785 0.326
   vertex 30.365 19.785 0.936
   vertex 30.365 19.955 0.936
  endloop
 endfacet
  facet normal 0 0 0
    outer loop
   vertex 30.365 19.785 0.326
   vertex 30.365 19.955 0.936
   vertex 30.365 19.955 0.326
  endloop
 endfacet
  facet normal 0 0 0
    outer loop
   vertex 30.365 20.145 0.326
   vertex 30.365 20.145 0.936
   vertex 30.365 20.315 0.936
  endloop
 endfacet
  facet normal 0 0 0
    outer loop
   vertex 30.365 20.145 0.326
   vertex 30.365 20.315 0.936
   vertex 30.365 20.315 0.326
  endloop
 endfacet
  facet normal 0 0 0
    outer loop
   vertex 30.365 8.915 0.326
   vertex 30.365 8.915 0.936
   vertex 30.535 8.915 0.936
  endloop
 endfacet
  facet normal 0 0 0
    outer loop
   vertex 30.365 8.915 0.326
   vertex 30.535 8.915 0.936
   vertex 30.535 8.915 0.326
  endloop
 endfacet
  facet normal 0 0 0
    outer loop
   vertex 30.535 8.745 0.326
   vertex 30.535 8.745 0.936
   vertex 30.365 8.745 0.936
  endloop
 endfacet
  facet normal 0 0 0
    outer loop
   vertex 30.535 8.745 0.326
   vertex 30.365 8.745 0.936
   vertex 30.365 8.745 0.326
  endloop
 endfacet
  facet normal 0 0 0
    outer loop
   vertex 30.365 9.635 0.326
   vertex 30.365 9.635 0.936
   vertex 30.535 9.635 0.936
  endloop
 endfacet
  facet normal 0 0 0
    outer loop
   vertex 30.365 9.635 0.326
   vertex 30.535 9.635 0.936
   vertex 30.535 9.635 0.326
  endloop
 endfacet
  facet normal 0 0 0
    outer loop
   vertex 30.535 9.465 0.326
   vertex 30.535 9.465 0.936
   vertex 30.365 9.465 0.936
  endloop
 endfacet
  facet normal 0 0 0
    outer loop
   vertex 30.535 9.465 0.326
   vertex 30.365 9.465 0.936
   vertex 30.365 9.465 0.326
  endloop
 endfacet
  facet normal 0 0 0
    outer loop
   vertex 30.365 9.275 0.326
   vertex 30.365 9.275 0.936
   vertex 30.535 9.275 0.936
  endloop
 endfacet
  facet normal 0 0 0
    outer loop
   vertex 30.365 9.275 0.326
   vertex 30.535 9.275 0.936
   vertex 30.535 9.275 0.326
  endloop
 endfacet
  facet normal 0 0 0
    outer loop
   vertex 30.535 10.185 0.326
   vertex 30.535 10.185 0.936
   vertex 30.365 10.185 0.936
  endloop
 endfacet
  facet normal 0 0 0
    outer loop
   vertex 30.535 10.185 0.326
   vertex 30.365 10.185 0.936
   vertex 30.365 10.185 0.326
  endloop
 endfacet
  facet normal 0 0 0
    outer loop
   vertex 30.535 9.825 0.326
   vertex 30.535 9.825 0.936
   vertex 30.365 9.825 0.936
  endloop
 endfacet
  facet normal 0 0 0
    outer loop
   vertex 30.535 9.825 0.326
   vertex 30.365 9.825 0.936
   vertex 30.365 9.825 0.326
  endloop
 endfacet
  facet normal 0 0 0
    outer loop
   vertex 30.365 9.995 0.326
   vertex 30.365 9.995 0.936
   vertex 30.535 9.995 0.936
  endloop
 endfacet
  facet normal 0 0 0
    outer loop
   vertex 30.365 9.995 0.326
   vertex 30.535 9.995 0.936
   vertex 30.535 9.995 0.326
  endloop
 endfacet
  facet normal 0 0 0
    outer loop
   vertex 30.365 10.715 0.326
   vertex 30.365 10.715 0.936
   vertex 30.535 10.715 0.936
  endloop
 endfacet
  facet normal 0 0 0
    outer loop
   vertex 30.365 10.715 0.326
   vertex 30.535 10.715 0.936
   vertex 30.535 10.715 0.326
  endloop
 endfacet
  facet normal 0 0 0
    outer loop
   vertex 30.535 10.545 0.326
   vertex 30.535 10.545 0.936
   vertex 30.365 10.545 0.936
  endloop
 endfacet
  facet normal 0 0 0
    outer loop
   vertex 30.535 10.545 0.326
   vertex 30.365 10.545 0.936
   vertex 30.365 10.545 0.326
  endloop
 endfacet
  facet normal 0 0 0
    outer loop
   vertex 30.365 10.355 0.326
   vertex 30.365 10.355 0.936
   vertex 30.535 10.355 0.936
  endloop
 endfacet
  facet normal 0 0 0
    outer loop
   vertex 30.365 10.355 0.326
   vertex 30.535 10.355 0.936
   vertex 30.535 10.355 0.326
  endloop
 endfacet
  facet normal 0 0 0
    outer loop
   vertex 30.365 11.075 0.326
   vertex 30.365 11.075 0.936
   vertex 30.535 11.075 0.936
  endloop
 endfacet
  facet normal 0 0 0
    outer loop
   vertex 30.365 11.075 0.326
   vertex 30.535 11.075 0.936
   vertex 30.535 11.075 0.326
  endloop
 endfacet
  facet normal 0 0 0
    outer loop
   vertex 30.535 11.265 0.326
   vertex 30.535 11.265 0.936
   vertex 30.365 11.265 0.936
  endloop
 endfacet
  facet normal 0 0 0
    outer loop
   vertex 30.535 11.265 0.326
   vertex 30.365 11.265 0.936
   vertex 30.365 11.265 0.326
  endloop
 endfacet
  facet normal 0 0 0
    outer loop
   vertex 30.535 10.905 0.326
   vertex 30.535 10.905 0.936
   vertex 30.365 10.905 0.936
  endloop
 endfacet
  facet normal 0 0 0
    outer loop
   vertex 30.535 10.905 0.326
   vertex 30.365 10.905 0.936
   vertex 30.365 10.905 0.326
  endloop
 endfacet
  facet normal 0 0 0
    outer loop
   vertex 30.365 11.435 0.326
   vertex 30.365 11.435 0.936
   vertex 30.535 11.435 0.936
  endloop
 endfacet
  facet normal 0 0 0
    outer loop
   vertex 30.365 11.435 0.326
   vertex 30.535 11.435 0.936
   vertex 30.535 11.435 0.326
  endloop
 endfacet
  facet normal 0 0 0
    outer loop
   vertex 30.365 11.795 0.326
   vertex 30.365 11.795 0.936
   vertex 30.535 11.795 0.936
  endloop
 endfacet
  facet normal 0 0 0
    outer loop
   vertex 30.365 11.795 0.326
   vertex 30.535 11.795 0.936
   vertex 30.535 11.795 0.326
  endloop
 endfacet
  facet normal 0 0 0
    outer loop
   vertex 30.535 11.625 0.326
   vertex 30.535 11.625 0.936
   vertex 30.365 11.625 0.936
  endloop
 endfacet
  facet normal 0 0 0
    outer loop
   vertex 30.535 11.625 0.326
   vertex 30.365 11.625 0.936
   vertex 30.365 11.625 0.326
  endloop
 endfacet
  facet normal 0 0 0
    outer loop
   vertex -6.285 12.915 0.326
   vertex -6.285 12.915 0.936
   vertex -6.455 12.915 0.936
  endloop
 endfacet
  facet normal 0 0 0
    outer loop
   vertex -6.285 12.915 0.326
   vertex -6.455 12.915 0.936
   vertex -6.455 12.915 0.326
  endloop
 endfacet
  facet normal 0 0 0
    outer loop
   vertex -7.235 12.915 0.326
   vertex -7.235 12.915 0.936
   vertex -7.405 12.915 0.936
  endloop
 endfacet
  facet normal 0 0 0
    outer loop
   vertex -7.235 12.915 0.326
   vertex -7.405 12.915 0.936
   vertex -7.405 12.915 0.326
  endloop
 endfacet
  facet normal 0 0 0
    outer loop
   vertex -7.405 12.915 0.326
   vertex -7.405 12.915 0.936
   vertex -7.405 13.085 0.936
  endloop
 endfacet
  facet normal 0 0 0
    outer loop
   vertex -7.405 12.915 0.326
   vertex -7.405 13.085 0.936
   vertex -7.405 13.085 0.326
  endloop
 endfacet
  facet normal 0 0 0
    outer loop
   vertex -7.405 13.085 0.326
   vertex -7.405 13.085 0.936
   vertex -7.235 13.085 0.936
  endloop
 endfacet
  facet normal 0 0 0
    outer loop
   vertex -7.405 13.085 0.326
   vertex -7.235 13.085 0.936
   vertex -7.235 13.085 0.326
  endloop
 endfacet
  facet normal 0 0 0
    outer loop
   vertex -6.455 13.085 0.326
   vertex -6.455 13.085 0.936
   vertex -6.285 13.085 0.936
  endloop
 endfacet
  facet normal 0 0 0
    outer loop
   vertex -6.455 13.085 0.326
   vertex -6.285 13.085 0.936
   vertex -6.285 13.085 0.326
  endloop
 endfacet
  facet normal 0 0 0
    outer loop
   vertex -7.235 13.085 0.326
   vertex -7.235 13.085 0.936
   vertex -7.235 12.915 0.936
  endloop
 endfacet
  facet normal 0 0 0
    outer loop
   vertex -7.235 13.085 0.326
   vertex -7.235 12.915 0.936
   vertex -7.235 12.915 0.326
  endloop
 endfacet
  facet normal 0 0 0
    outer loop
   vertex -6.455 12.915 0.326
   vertex -6.455 12.915 0.936
   vertex -6.455 13.085 0.936
  endloop
 endfacet
  facet normal 0 0 0
    outer loop
   vertex -6.455 12.915 0.326
   vertex -6.455 13.085 0.936
   vertex -6.455 13.085 0.326
  endloop
 endfacet
  facet normal 0 0 0
    outer loop
   vertex -6.285 13.085 0.326
   vertex -6.285 13.085 0.936
   vertex -6.285 12.915 0.936
  endloop
 endfacet
  facet normal 0 0 0
    outer loop
   vertex -6.285 13.085 0.326
   vertex -6.285 12.915 0.936
   vertex -6.285 12.915 0.326
  endloop
 endfacet
  facet normal 0 0 0
    outer loop
   vertex 30.535 17.625 0.326
   vertex 30.535 17.625 0.936
   vertex 30.365 17.625 0.936
  endloop
 endfacet
  facet normal 0 0 0
    outer loop
   vertex 30.535 17.625 0.326
   vertex 30.365 17.625 0.936
   vertex 30.365 17.625 0.326
  endloop
 endfacet
  facet normal 0 0 0
    outer loop
   vertex 30.535 17.265 0.326
   vertex 30.535 17.265 0.936
   vertex 30.365 17.265 0.936
  endloop
 endfacet
  facet normal 0 0 0
    outer loop
   vertex 30.535 17.265 0.326
   vertex 30.365 17.265 0.936
   vertex 30.365 17.265 0.326
  endloop
 endfacet
  facet normal 0 0 0
    outer loop
   vertex 30.365 17.435 0.326
   vertex 30.365 17.435 0.936
   vertex 30.535 17.435 0.936
  endloop
 endfacet
  facet normal 0 0 0
    outer loop
   vertex 30.365 17.435 0.326
   vertex 30.535 17.435 0.936
   vertex 30.535 17.435 0.326
  endloop
 endfacet
  facet normal 0 0 0
    outer loop
   vertex 30.365 17.795 0.326
   vertex 30.365 17.795 0.936
   vertex 30.535 17.795 0.936
  endloop
 endfacet
  facet normal 0 0 0
    outer loop
   vertex 30.365 17.795 0.326
   vertex 30.535 17.795 0.936
   vertex 30.535 17.795 0.326
  endloop
 endfacet
  facet normal 0 0 0
    outer loop
   vertex 30.365 18.155 0.326
   vertex 30.365 18.155 0.936
   vertex 30.535 18.155 0.936
  endloop
 endfacet
  facet normal 0 0 0
    outer loop
   vertex 30.365 18.155 0.326
   vertex 30.535 18.155 0.936
   vertex 30.535 18.155 0.326
  endloop
 endfacet
  facet normal 0 0 0
    outer loop
   vertex 30.535 17.985 0.326
   vertex 30.535 17.985 0.936
   vertex 30.365 17.985 0.936
  endloop
 endfacet
  facet normal 0 0 0
    outer loop
   vertex 30.535 17.985 0.326
   vertex 30.365 17.985 0.936
   vertex 30.365 17.985 0.326
  endloop
 endfacet
  facet normal 0 0 0
    outer loop
   vertex 30.365 18.515 0.326
   vertex 30.365 18.515 0.936
   vertex 30.535 18.515 0.936
  endloop
 endfacet
  facet normal 0 0 0
    outer loop
   vertex 30.365 18.515 0.326
   vertex 30.535 18.515 0.936
   vertex 30.535 18.515 0.326
  endloop
 endfacet
  facet normal 0 0 0
    outer loop
   vertex 30.535 18.705 0.326
   vertex 30.535 18.705 0.936
   vertex 30.365 18.705 0.936
  endloop
 endfacet
  facet normal 0 0 0
    outer loop
   vertex 30.535 18.705 0.326
   vertex 30.365 18.705 0.936
   vertex 30.365 18.705 0.326
  endloop
 endfacet
  facet normal 0 0 0
    outer loop
   vertex 30.535 18.345 0.326
   vertex 30.535 18.345 0.936
   vertex 30.365 18.345 0.936
  endloop
 endfacet
  facet normal 0 0 0
    outer loop
   vertex 30.535 18.345 0.326
   vertex 30.365 18.345 0.936
   vertex 30.365 18.345 0.326
  endloop
 endfacet
  facet normal 0 0 0
    outer loop
   vertex 30.365 18.875 0.326
   vertex 30.365 18.875 0.936
   vertex 30.535 18.875 0.936
  endloop
 endfacet
  facet normal 0 0 0
    outer loop
   vertex 30.365 18.875 0.326
   vertex 30.535 18.875 0.936
   vertex 30.535 18.875 0.326
  endloop
 endfacet
  facet normal 0 0 0
    outer loop
   vertex 30.365 19.235 0.326
   vertex 30.365 19.235 0.936
   vertex 30.535 19.235 0.936
  endloop
 endfacet
  facet normal 0 0 0
    outer loop
   vertex 30.365 19.235 0.326
   vertex 30.535 19.235 0.936
   vertex 30.535 19.235 0.326
  endloop
 endfacet
  facet normal 0 0 0
    outer loop
   vertex 30.535 19.065 0.326
   vertex 30.535 19.065 0.936
   vertex 30.365 19.065 0.936
  endloop
 endfacet
  facet normal 0 0 0
    outer loop
   vertex 30.535 19.065 0.326
   vertex 30.365 19.065 0.936
   vertex 30.365 19.065 0.326
  endloop
 endfacet
  facet normal 0 0 0
    outer loop
   vertex 30.365 19.595 0.326
   vertex 30.365 19.595 0.936
   vertex 30.535 19.595 0.936
  endloop
 endfacet
  facet normal 0 0 0
    outer loop
   vertex 30.365 19.595 0.326
   vertex 30.535 19.595 0.936
   vertex 30.535 19.595 0.326
  endloop
 endfacet
  facet normal 0 0 0
    outer loop
   vertex 30.535 19.425 0.326
   vertex 30.535 19.425 0.936
   vertex 30.365 19.425 0.936
  endloop
 endfacet
  facet normal 0 0 0
    outer loop
   vertex 30.535 19.425 0.326
   vertex 30.365 19.425 0.936
   vertex 30.365 19.425 0.326
  endloop
 endfacet
  facet normal 0 0 0
    outer loop
   vertex 30.535 19.785 0.326
   vertex 30.535 19.785 0.936
   vertex 30.365 19.785 0.936
  endloop
 endfacet
  facet normal 0 0 0
    outer loop
   vertex 30.535 19.785 0.326
   vertex 30.365 19.785 0.936
   vertex 30.365 19.785 0.326
  endloop
 endfacet
  facet normal 0 0 0
    outer loop
   vertex 30.365 19.955 0.326
   vertex 30.365 19.955 0.936
   vertex 30.535 19.955 0.936
  endloop
 endfacet
  facet normal 0 0 0
    outer loop
   vertex 30.365 19.955 0.326
   vertex 30.535 19.955 0.936
   vertex 30.535 19.955 0.326
  endloop
 endfacet
  facet normal 0 0 0
    outer loop
   vertex 30.535 20.145 0.326
   vertex 30.535 20.145 0.936
   vertex 30.365 20.145 0.936
  endloop
 endfacet
  facet normal 0 0 0
    outer loop
   vertex 30.535 20.145 0.326
   vertex 30.365 20.145 0.936
   vertex 30.365 20.145 0.326
  endloop
 endfacet
  facet normal 0 0 0
    outer loop
   vertex 30.365 20.315 0.326
   vertex 30.365 20.315 0.936
   vertex 30.535 20.315 0.936
  endloop
 endfacet
  facet normal 0 0 0
    outer loop
   vertex 30.365 20.315 0.326
   vertex 30.535 20.315 0.936
   vertex 30.535 20.315 0.326
  endloop
 endfacet
  facet normal 0 0 0
    outer loop
   vertex 30.535 8.745 1.036
   vertex 30.365 8.745 1.036
   vertex 30.365 8.665 1.036
  endloop
 endfacet
  facet normal 0 0 0
    outer loop
   vertex 30.535 8.665 1.036
   vertex 30.535 8.745 1.036
   vertex 30.365 8.665 1.036
  endloop
 endfacet
  facet normal 0 0 0
    outer loop
   vertex 30.535 9.105 1.036
   vertex 30.365 9.105 1.036
   vertex 30.365 8.915 1.036
  endloop
 endfacet
  facet normal 0 0 0
    outer loop
   vertex 30.535 8.915 1.036
   vertex 30.535 9.105 1.036
   vertex 30.365 8.915 1.036
  endloop
 endfacet
  facet normal 0 0 0
    outer loop
   vertex 30.535 9.465 1.036
   vertex 30.365 9.465 1.036
   vertex 30.365 9.275 1.036
  endloop
 endfacet
  facet normal 0 0 0
    outer loop
   vertex 30.535 9.275 1.036
   vertex 30.535 9.465 1.036
   vertex 30.365 9.275 1.036
  endloop
 endfacet
  facet normal 0 0 0
    outer loop
   vertex 30.535 9.825 1.036
   vertex 30.365 9.825 1.036
   vertex 30.365 9.635 1.036
  endloop
 endfacet
  facet normal 0 0 0
    outer loop
   vertex 30.535 9.635 1.036
   vertex 30.535 9.825 1.036
   vertex 30.365 9.635 1.036
  endloop
 endfacet
  facet normal 0 0 0
    outer loop
   vertex 30.535 10.185 1.036
   vertex 30.365 10.185 1.036
   vertex 30.365 9.995 1.036
  endloop
 endfacet
  facet normal 0 0 0
    outer loop
   vertex 30.535 9.995 1.036
   vertex 30.535 10.185 1.036
   vertex 30.365 9.995 1.036
  endloop
 endfacet
  facet normal 0 0 0
    outer loop
   vertex 30.535 10.545 1.036
   vertex 30.365 10.545 1.036
   vertex 30.365 10.355 1.036
  endloop
 endfacet
  facet normal 0 0 0
    outer loop
   vertex 30.535 10.355 1.036
   vertex 30.535 10.545 1.036
   vertex 30.365 10.355 1.036
  endloop
 endfacet
  facet normal 0 0 0
    outer loop
   vertex 30.535 10.905 1.036
   vertex 30.365 10.905 1.036
   vertex 30.365 10.715 1.036
  endloop
 endfacet
  facet normal 0 0 0
    outer loop
   vertex 30.535 10.715 1.036
   vertex 30.535 10.905 1.036
   vertex 30.365 10.715 1.036
  endloop
 endfacet
  facet normal 0 0 0
    outer loop
   vertex 30.535 11.265 1.036
   vertex 30.365 11.265 1.036
   vertex 30.365 11.075 1.036
  endloop
 endfacet
  facet normal 0 0 0
    outer loop
   vertex 30.535 11.075 1.036
   vertex 30.535 11.265 1.036
   vertex 30.365 11.075 1.036
  endloop
 endfacet
  facet normal 0 0 0
    outer loop
   vertex 30.535 11.625 1.036
   vertex 30.365 11.625 1.036
   vertex 30.365 11.435 1.036
  endloop
 endfacet
  facet normal 0 0 0
    outer loop
   vertex 30.535 11.435 1.036
   vertex 30.535 11.625 1.036
   vertex 30.365 11.435 1.036
  endloop
 endfacet
  facet normal 0 0 0
    outer loop
   vertex 30.535 11.875 1.036
   vertex 30.365 11.875 1.036
   vertex 30.365 11.795 1.036
  endloop
 endfacet
  facet normal 0 0 0
    outer loop
   vertex 30.535 11.795 1.036
   vertex 30.535 11.875 1.036
   vertex 30.365 11.795 1.036
  endloop
 endfacet
  facet normal 0 0 0
    outer loop
   vertex -7.235 12.915 1.036
   vertex -7.405 12.915 1.036
   vertex -7.405 12.835 1.036
  endloop
 endfacet
  facet normal 0 0 0
    outer loop
   vertex -7.235 12.835 1.036
   vertex -7.235 12.915 1.036
   vertex -7.405 12.835 1.036
  endloop
 endfacet
  facet normal 0 0 0
    outer loop
   vertex -6.285 12.915 1.036
   vertex -6.455 12.915 1.036
   vertex -6.455 12.835 1.036
  endloop
 endfacet
  facet normal 0 0 0
    outer loop
   vertex -6.285 12.835 1.036
   vertex -6.285 12.915 1.036
   vertex -6.455 12.835 1.036
  endloop
 endfacet
  facet normal 0 0 0
    outer loop
   vertex -7.235 13.165 1.036
   vertex -7.405 13.165 1.036
   vertex -7.405 13.085 1.036
  endloop
 endfacet
  facet normal 0 0 0
    outer loop
   vertex -7.235 13.085 1.036
   vertex -7.235 13.165 1.036
   vertex -7.405 13.085 1.036
  endloop
 endfacet
  facet normal 0 0 0
    outer loop
   vertex -6.285 13.165 1.036
   vertex -6.455 13.165 1.036
   vertex -6.455 13.085 1.036
  endloop
 endfacet
  facet normal 0 0 0
    outer loop
   vertex -6.285 13.085 1.036
   vertex -6.285 13.165 1.036
   vertex -6.455 13.085 1.036
  endloop
 endfacet
  facet normal 0 0 0
    outer loop
   vertex 30.535 17.265 1.036
   vertex 30.365 17.265 1.036
   vertex 30.365 17.185 1.036
  endloop
 endfacet
  facet normal 0 0 0
    outer loop
   vertex 30.535 17.185 1.036
   vertex 30.535 17.265 1.036
   vertex 30.365 17.185 1.036
  endloop
 endfacet
  facet normal 0 0 0
    outer loop
   vertex 30.535 17.625 1.036
   vertex 30.365 17.625 1.036
   vertex 30.365 17.435 1.036
  endloop
 endfacet
  facet normal 0 0 0
    outer loop
   vertex 30.535 17.435 1.036
   vertex 30.535 17.625 1.036
   vertex 30.365 17.435 1.036
  endloop
 endfacet
  facet normal 0 0 0
    outer loop
   vertex 30.535 17.985 1.036
   vertex 30.365 17.985 1.036
   vertex 30.365 17.795 1.036
  endloop
 endfacet
  facet normal 0 0 0
    outer loop
   vertex 30.535 17.795 1.036
   vertex 30.535 17.985 1.036
   vertex 30.365 17.795 1.036
  endloop
 endfacet
  facet normal 0 0 0
    outer loop
   vertex 30.535 18.345 1.036
   vertex 30.365 18.345 1.036
   vertex 30.365 18.155 1.036
  endloop
 endfacet
  facet normal 0 0 0
    outer loop
   vertex 30.535 18.155 1.036
   vertex 30.535 18.345 1.036
   vertex 30.365 18.155 1.036
  endloop
 endfacet
  facet normal 0 0 0
    outer loop
   vertex 30.535 18.705 1.036
   vertex 30.365 18.705 1.036
   vertex 30.365 18.515 1.036
  endloop
 endfacet
  facet normal 0 0 0
    outer loop
   vertex 30.535 18.515 1.036
   vertex 30.535 18.705 1.036
   vertex 30.365 18.515 1.036
  endloop
 endfacet
  facet normal 0 0 0
    outer loop
   vertex 30.535 19.065 1.036
   vertex 30.365 19.065 1.036
   vertex 30.365 18.875 1.036
  endloop
 endfacet
  facet normal 0 0 0
    outer loop
   vertex 30.535 18.875 1.036
   vertex 30.535 19.065 1.036
   vertex 30.365 18.875 1.036
  endloop
 endfacet
  facet normal 0 0 0
    outer loop
   vertex 30.535 19.425 1.036
   vertex 30.365 19.425 1.036
   vertex 30.365 19.235 1.036
  endloop
 endfacet
  facet normal 0 0 0
    outer loop
   vertex 30.535 19.235 1.036
   vertex 30.535 19.425 1.036
   vertex 30.365 19.235 1.036
  endloop
 endfacet
  facet normal 0 0 0
    outer loop
   vertex 30.535 19.785 1.036
   vertex 30.365 19.785 1.036
   vertex 30.365 19.595 1.036
  endloop
 endfacet
  facet normal 0 0 0
    outer loop
   vertex 30.535 19.595 1.036
   vertex 30.535 19.785 1.036
   vertex 30.365 19.595 1.036
  endloop
 endfacet
  facet normal 0 0 0
    outer loop
   vertex 30.535 20.145 1.036
   vertex 30.365 20.145 1.036
   vertex 30.365 19.955 1.036
  endloop
 endfacet
  facet normal 0 0 0
    outer loop
   vertex 30.535 19.955 1.036
   vertex 30.535 20.145 1.036
   vertex 30.365 19.955 1.036
  endloop
 endfacet
  facet normal 0 0 0
    outer loop
   vertex 30.535 20.395 1.036
   vertex 30.365 20.395 1.036
   vertex 30.365 20.315 1.036
  endloop
 endfacet
  facet normal 0 0 0
    outer loop
   vertex 30.535 20.315 1.036
   vertex 30.535 20.395 1.036
   vertex 30.365 20.315 1.036
  endloop
 endfacet
  facet normal 0 0 0
    outer loop
   vertex -6.285 12.835 0.936
   vertex -6.285 12.835 1.036
   vertex -6.455 12.835 1.036
  endloop
 endfacet
  facet normal 0 0 0
    outer loop
   vertex -6.285 12.835 0.936
   vertex -6.455 12.835 1.036
   vertex -6.455 12.835 0.936
  endloop
 endfacet
  facet normal 0 0 0
    outer loop
   vertex -7.235 12.835 0.936
   vertex -7.235 12.835 1.036
   vertex -7.405 12.835 1.036
  endloop
 endfacet
  facet normal 0 0 0
    outer loop
   vertex -7.235 12.835 0.936
   vertex -7.405 12.835 1.036
   vertex -7.405 12.835 0.936
  endloop
 endfacet
  facet normal 0 0 0
    outer loop
   vertex 30.535 20.395 0.936
   vertex 30.535 20.395 1.036
   vertex 30.535 20.315 1.036
  endloop
 endfacet
  facet normal 0 0 0
    outer loop
   vertex 30.535 20.315 1.036
   vertex 30.535 20.315 1.111
   vertex 30.535 20.145 1.111
  endloop
 endfacet
  facet normal 0 0 0
    outer loop
   vertex 30.535 20.395 0.936
   vertex 30.535 20.315 1.036
   vertex 30.535 20.145 1.036
  endloop
 endfacet
  facet normal 0 0 0
    outer loop
   vertex 30.535 20.315 1.036
   vertex 30.535 20.145 1.111
   vertex 30.535 20.145 1.036
  endloop
 endfacet
  facet normal 0 0 0
    outer loop
   vertex 30.535 19.955 1.036
   vertex 30.535 19.955 1.111
   vertex 30.535 19.785 1.111
  endloop
 endfacet
  facet normal 0 0 0
    outer loop
   vertex 30.535 19.955 1.036
   vertex 30.535 19.785 1.111
   vertex 30.535 19.785 1.036
  endloop
 endfacet
  facet normal 0 0 0
    outer loop
   vertex 30.535 19.595 1.036
   vertex 30.535 19.595 1.111
   vertex 30.535 19.425 1.111
  endloop
 endfacet
  facet normal 0 0 0
    outer loop
   vertex 30.535 19.595 1.036
   vertex 30.535 19.425 1.111
   vertex 30.535 19.425 1.036
  endloop
 endfacet
  facet normal 0 0 0
    outer loop
   vertex 30.535 19.235 1.036
   vertex 30.535 19.235 1.111
   vertex 30.535 19.065 1.111
  endloop
 endfacet
  facet normal 0 0 0
    outer loop
   vertex 30.535 19.235 1.036
   vertex 30.535 19.065 1.111
   vertex 30.535 19.065 1.036
  endloop
 endfacet
  facet normal 0 0 0
    outer loop
   vertex 30.535 18.875 1.036
   vertex 30.535 18.875 1.111
   vertex 30.535 18.705 1.111
  endloop
 endfacet
  facet normal 0 0 0
    outer loop
   vertex 30.535 18.875 1.036
   vertex 30.535 18.705 1.111
   vertex 30.535 18.705 1.036
  endloop
 endfacet
  facet normal 0 0 0
    outer loop
   vertex 30.535 18.515 1.036
   vertex 30.535 18.515 1.111
   vertex 30.535 18.345 1.111
  endloop
 endfacet
  facet normal 0 0 0
    outer loop
   vertex 30.535 18.515 1.036
   vertex 30.535 18.345 1.111
   vertex 30.535 18.345 1.036
  endloop
 endfacet
  facet normal 0 0 0
    outer loop
   vertex 30.535 18.155 1.036
   vertex 30.535 18.155 1.111
   vertex 30.535 17.985 1.111
  endloop
 endfacet
  facet normal 0 0 0
    outer loop
   vertex 30.535 18.155 1.036
   vertex 30.535 17.985 1.111
   vertex 30.535 17.985 1.036
  endloop
 endfacet
  facet normal 0 0 0
    outer loop
   vertex 30.535 17.795 1.036
   vertex 30.535 17.795 1.111
   vertex 30.535 17.625 1.111
  endloop
 endfacet
  facet normal 0 0 0
    outer loop
   vertex 30.535 17.795 1.036
   vertex 30.535 17.625 1.111
   vertex 30.535 17.625 1.036
  endloop
 endfacet
  facet normal 0 0 0
    outer loop
   vertex 30.535 17.435 1.036
   vertex 30.535 17.435 1.111
   vertex 30.535 17.265 1.111
  endloop
 endfacet
  facet normal 0 0 0
    outer loop
   vertex 30.535 17.435 1.036
   vertex 30.535 17.265 1.111
   vertex 30.535 17.265 1.036
  endloop
 endfacet
  facet normal 0 0 0
    outer loop
   vertex 30.535 17.185 0.936
   vertex 30.535 17.265 1.036
   vertex 30.535 17.185 1.036
  endloop
 endfacet
  facet normal 0 0 0
    outer loop
   vertex 30.535 17.185 0.936
   vertex 30.535 17.435 1.036
   vertex 30.535 17.265 1.036
  endloop
 endfacet
  facet normal 0 0 0
    outer loop
   vertex 30.535 18.79 0.936
   vertex 30.535 18.875 1.036
   vertex 30.535 18.705 1.036
  endloop
 endfacet
  facet normal 0 0 0
    outer loop
   vertex 30.535 18.79 0.936
   vertex 30.535 18.705 1.036
   vertex 30.535 18.515 1.036
  endloop
 endfacet
  facet normal 0 0 0
    outer loop
   vertex 30.535 18.79 0.936
   vertex 30.535 19.065 1.036
   vertex 30.535 18.875 1.036
  endloop
 endfacet
  facet normal 0 0 0
    outer loop
   vertex 30.535 19.593 0.936
   vertex 30.535 19.785 1.036
   vertex 30.535 19.595 1.036
  endloop
 endfacet
  facet normal 0 0 0
    outer loop
   vertex 30.535 19.593 0.936
   vertex 30.535 19.595 1.036
   vertex 30.535 19.425 1.036
  endloop
 endfacet
  facet normal 0 0 0
    outer loop
   vertex 30.535 17.988 0.936
   vertex 30.535 17.985 1.036
   vertex 30.535 17.795 1.036
  endloop
 endfacet
  facet normal 0 0 0
    outer loop
   vertex 30.535 17.988 0.936
   vertex 30.535 18.155 1.036
   vertex 30.535 17.985 1.036
  endloop
 endfacet
  facet normal 0 0 0
    outer loop
   vertex 30.535 18.389 0.936
   vertex 30.535 18.515 1.036
   vertex 30.535 18.345 1.036
  endloop
 endfacet
  facet normal 0 0 0
    outer loop
   vertex 30.535 18.79 0.936
   vertex 30.535 18.515 1.036
   vertex 30.535 18.389 0.936
  endloop
 endfacet
  facet normal 0 0 0
    outer loop
   vertex 30.535 18.389 0.936
   vertex 30.535 18.155 1.036
   vertex 30.535 17.988 0.936
  endloop
 endfacet
  facet normal 0 0 0
    outer loop
   vertex 30.535 18.389 0.936
   vertex 30.535 18.345 1.036
   vertex 30.535 18.155 1.036
  endloop
 endfacet
  facet normal 0 0 0
    outer loop
   vertex 30.535 19.191 0.936
   vertex 30.535 19.235 1.036
   vertex 30.535 19.065 1.036
  endloop
 endfacet
  facet normal 0 0 0
    outer loop
   vertex 30.535 19.191 0.936
   vertex 30.535 19.065 1.036
   vertex 30.535 18.79 0.936
  endloop
 endfacet
  facet normal 0 0 0
    outer loop
   vertex 30.535 19.191 0.936
   vertex 30.535 19.425 1.036
   vertex 30.535 19.235 1.036
  endloop
 endfacet
  facet normal 0 0 0
    outer loop
   vertex 30.535 19.593 0.936
   vertex 30.535 19.425 1.036
   vertex 30.535 19.191 0.936
  endloop
 endfacet
  facet normal 0 0 0
    outer loop
   vertex 30.535 20.395 0.936
   vertex 30.535 20.145 1.036
   vertex 30.535 19.994 0.936
  endloop
 endfacet
  facet normal 0 0 0
    outer loop
   vertex 30.535 19.994 0.936
   vertex 30.535 20.145 1.036
   vertex 30.535 19.955 1.036
  endloop
 endfacet
  facet normal 0 0 0
    outer loop
   vertex 30.535 19.994 0.936
   vertex 30.535 19.955 1.036
   vertex 30.535 19.785 1.036
  endloop
 endfacet
  facet normal 0 0 0
    outer loop
   vertex 30.535 19.994 0.936
   vertex 30.535 19.785 1.036
   vertex 30.535 19.593 0.936
  endloop
 endfacet
  facet normal 0 0 0
    outer loop
   vertex 30.535 17.586 0.936
   vertex 30.535 17.625 1.036
   vertex 30.535 17.435 1.036
  endloop
 endfacet
  facet normal 0 0 0
    outer loop
   vertex 30.535 17.586 0.936
   vertex 30.535 17.435 1.036
   vertex 30.535 17.185 0.936
  endloop
 endfacet
  facet normal 0 0 0
    outer loop
   vertex 30.535 17.586 0.936
   vertex 30.535 17.795 1.036
   vertex 30.535 17.625 1.036
  endloop
 endfacet
  facet normal 0 0 0
    outer loop
   vertex 30.535 17.988 0.936
   vertex 30.535 17.795 1.036
   vertex 30.535 17.586 0.936
  endloop
 endfacet
  facet normal 0 0 0
    outer loop
   vertex 30.535 11.875 0.936
   vertex 30.535 11.875 1.036
   vertex 30.535 11.795 1.036
  endloop
 endfacet
  facet normal 0 0 0
    outer loop
   vertex 30.535 11.795 1.036
   vertex 30.535 11.795 1.111
   vertex 30.535 11.625 1.111
  endloop
 endfacet
  facet normal 0 0 0
    outer loop
   vertex 30.535 11.875 0.936
   vertex 30.535 11.795 1.036
   vertex 30.535 11.625 1.036
  endloop
 endfacet
  facet normal 0 0 0
    outer loop
   vertex 30.535 11.795 1.036
   vertex 30.535 11.625 1.111
   vertex 30.535 11.625 1.036
  endloop
 endfacet
  facet normal 0 0 0
    outer loop
   vertex 30.535 11.435 1.036
   vertex 30.535 11.435 1.111
   vertex 30.535 11.265 1.111
  endloop
 endfacet
  facet normal 0 0 0
    outer loop
   vertex 30.535 11.435 1.036
   vertex 30.535 11.265 1.111
   vertex 30.535 11.265 1.036
  endloop
 endfacet
  facet normal 0 0 0
    outer loop
   vertex 30.535 11.075 1.036
   vertex 30.535 11.075 1.111
   vertex 30.535 10.905 1.111
  endloop
 endfacet
  facet normal 0 0 0
    outer loop
   vertex 30.535 11.075 1.036
   vertex 30.535 10.905 1.111
   vertex 30.535 10.905 1.036
  endloop
 endfacet
  facet normal 0 0 0
    outer loop
   vertex 30.535 10.715 1.036
   vertex 30.535 10.715 1.111
   vertex 30.535 10.545 1.111
  endloop
 endfacet
  facet normal 0 0 0
    outer loop
   vertex 30.535 10.715 1.036
   vertex 30.535 10.545 1.111
   vertex 30.535 10.545 1.036
  endloop
 endfacet
  facet normal 0 0 0
    outer loop
   vertex 30.535 10.355 1.036
   vertex 30.535 10.355 1.111
   vertex 30.535 10.185 1.111
  endloop
 endfacet
  facet normal 0 0 0
    outer loop
   vertex 30.535 10.355 1.036
   vertex 30.535 10.185 1.111
   vertex 30.535 10.185 1.036
  endloop
 endfacet
  facet normal 0 0 0
    outer loop
   vertex 30.535 9.995 1.036
   vertex 30.535 9.995 1.111
   vertex 30.535 9.825 1.111
  endloop
 endfacet
  facet normal 0 0 0
    outer loop
   vertex 30.535 9.995 1.036
   vertex 30.535 9.825 1.111
   vertex 30.535 9.825 1.036
  endloop
 endfacet
  facet normal 0 0 0
    outer loop
   vertex 30.535 9.635 1.036
   vertex 30.535 9.635 1.111
   vertex 30.535 9.465 1.111
  endloop
 endfacet
  facet normal 0 0 0
    outer loop
   vertex 30.535 9.635 1.036
   vertex 30.535 9.465 1.111
   vertex 30.535 9.465 1.036
  endloop
 endfacet
  facet normal 0 0 0
    outer loop
   vertex 30.535 9.275 1.036
   vertex 30.535 9.275 1.111
   vertex 30.535 9.105 1.111
  endloop
 endfacet
  facet normal 0 0 0
    outer loop
   vertex 30.535 9.275 1.036
   vertex 30.535 9.105 1.111
   vertex 30.535 9.105 1.036
  endloop
 endfacet
  facet normal 0 0 0
    outer loop
   vertex 30.535 8.915 1.036
   vertex 30.535 8.915 1.111
   vertex 30.535 8.745 1.111
  endloop
 endfacet
  facet normal 0 0 0
    outer loop
   vertex 30.535 8.915 1.036
   vertex 30.535 8.745 1.111
   vertex 30.535 8.745 1.036
  endloop
 endfacet
  facet normal 0 0 0
    outer loop
   vertex 30.535 8.665 0.936
   vertex 30.535 8.745 1.036
   vertex 30.535 8.665 1.036
  endloop
 endfacet
  facet normal 0 0 0
    outer loop
   vertex 30.535 8.665 0.936
   vertex 30.535 8.915 1.036
   vertex 30.535 8.745 1.036
  endloop
 endfacet
  facet normal 0 0 0
    outer loop
   vertex 30.535 10.27 0.936
   vertex 30.535 10.355 1.036
   vertex 30.535 10.185 1.036
  endloop
 endfacet
  facet normal 0 0 0
    outer loop
   vertex 30.535 10.27 0.936
   vertex 30.535 10.185 1.036
   vertex 30.535 9.995 1.036
  endloop
 endfacet
  facet normal 0 0 0
    outer loop
   vertex 30.535 10.27 0.936
   vertex 30.535 10.545 1.036
   vertex 30.535 10.355 1.036
  endloop
 endfacet
  facet normal 0 0 0
    outer loop
   vertex 30.535 11.073 0.936
   vertex 30.535 11.265 1.036
   vertex 30.535 11.075 1.036
  endloop
 endfacet
  facet normal 0 0 0
    outer loop
   vertex 30.535 11.073 0.936
   vertex 30.535 11.075 1.036
   vertex 30.535 10.905 1.036
  endloop
 endfacet
  facet normal 0 0 0
    outer loop
   vertex 30.535 9.468 0.936
   vertex 30.535 9.465 1.036
   vertex 30.535 9.275 1.036
  endloop
 endfacet
  facet normal 0 0 0
    outer loop
   vertex 30.535 9.468 0.936
   vertex 30.535 9.635 1.036
   vertex 30.535 9.465 1.036
  endloop
 endfacet
  facet normal 0 0 0
    outer loop
   vertex 30.535 9.869 0.936
   vertex 30.535 9.995 1.036
   vertex 30.535 9.825 1.036
  endloop
 endfacet
  facet normal 0 0 0
    outer loop
   vertex 30.535 10.27 0.936
   vertex 30.535 9.995 1.036
   vertex 30.535 9.869 0.936
  endloop
 endfacet
  facet normal 0 0 0
    outer loop
   vertex 30.535 9.869 0.936
   vertex 30.535 9.635 1.036
   vertex 30.535 9.468 0.936
  endloop
 endfacet
  facet normal 0 0 0
    outer loop
   vertex 30.535 9.869 0.936
   vertex 30.535 9.825 1.036
   vertex 30.535 9.635 1.036
  endloop
 endfacet
  facet normal 0 0 0
    outer loop
   vertex 30.535 10.671 0.936
   vertex 30.535 10.715 1.036
   vertex 30.535 10.545 1.036
  endloop
 endfacet
  facet normal 0 0 0
    outer loop
   vertex 30.535 10.671 0.936
   vertex 30.535 10.545 1.036
   vertex 30.535 10.27 0.936
  endloop
 endfacet
  facet normal 0 0 0
    outer loop
   vertex 30.535 10.671 0.936
   vertex 30.535 10.905 1.036
   vertex 30.535 10.715 1.036
  endloop
 endfacet
  facet normal 0 0 0
    outer loop
   vertex 30.535 11.073 0.936
   vertex 30.535 10.905 1.036
   vertex 30.535 10.671 0.936
  endloop
 endfacet
  facet normal 0 0 0
    outer loop
   vertex 30.535 11.875 0.936
   vertex 30.535 11.625 1.036
   vertex 30.535 11.474 0.936
  endloop
 endfacet
  facet normal 0 0 0
    outer loop
   vertex 30.535 11.474 0.936
   vertex 30.535 11.625 1.036
   vertex 30.535 11.435 1.036
  endloop
 endfacet
  facet normal 0 0 0
    outer loop
   vertex 30.535 11.474 0.936
   vertex 30.535 11.435 1.036
   vertex 30.535 11.265 1.036
  endloop
 endfacet
  facet normal 0 0 0
    outer loop
   vertex 30.535 11.474 0.936
   vertex 30.535 11.265 1.036
   vertex 30.535 11.073 0.936
  endloop
 endfacet
  facet normal 0 0 0
    outer loop
   vertex 30.535 9.066 0.936
   vertex 30.535 9.105 1.036
   vertex 30.535 8.915 1.036
  endloop
 endfacet
  facet normal 0 0 0
    outer loop
   vertex 30.535 9.066 0.936
   vertex 30.535 8.915 1.036
   vertex 30.535 8.665 0.936
  endloop
 endfacet
  facet normal 0 0 0
    outer loop
   vertex 30.535 9.066 0.936
   vertex 30.535 9.275 1.036
   vertex 30.535 9.105 1.036
  endloop
 endfacet
  facet normal 0 0 0
    outer loop
   vertex 30.535 9.468 0.936
   vertex 30.535 9.275 1.036
   vertex 30.535 9.066 0.936
  endloop
 endfacet
  facet normal 0 0 0
    outer loop
   vertex 30.365 11.875 0.936
   vertex 30.365 11.875 1.036
   vertex 30.535 11.875 1.036
  endloop
 endfacet
  facet normal 0 0 0
    outer loop
   vertex 30.365 11.875 0.936
   vertex 30.535 11.875 1.036
   vertex 30.535 11.875 0.936
  endloop
 endfacet
  facet normal 0 0 0
    outer loop
   vertex 30.535 8.665 0.936
   vertex 30.535 8.665 1.036
   vertex 30.365 8.665 1.036
  endloop
 endfacet
  facet normal 0 0 0
    outer loop
   vertex 30.535 8.665 0.936
   vertex 30.365 8.665 1.036
   vertex 30.365 8.665 0.936
  endloop
 endfacet
  facet normal 0 0 0
    outer loop
   vertex 30.365 8.665 0.936
   vertex 30.365 8.665 1.036
   vertex 30.365 8.745 1.036
  endloop
 endfacet
  facet normal 0 0 0
    outer loop
   vertex 30.365 8.745 1.036
   vertex 30.365 8.745 1.111
   vertex 30.365 8.915 1.111
  endloop
 endfacet
  facet normal 0 0 0
    outer loop
   vertex 30.365 8.665 0.936
   vertex 30.365 8.745 1.036
   vertex 30.365 8.915 1.036
  endloop
 endfacet
  facet normal 0 0 0
    outer loop
   vertex 30.365 8.745 1.036
   vertex 30.365 8.915 1.111
   vertex 30.365 8.915 1.036
  endloop
 endfacet
  facet normal 0 0 0
    outer loop
   vertex 30.365 9.105 1.036
   vertex 30.365 9.105 1.111
   vertex 30.365 9.275 1.111
  endloop
 endfacet
  facet normal 0 0 0
    outer loop
   vertex 30.365 9.105 1.036
   vertex 30.365 9.275 1.111
   vertex 30.365 9.275 1.036
  endloop
 endfacet
  facet normal 0 0 0
    outer loop
   vertex 30.365 9.465 1.036
   vertex 30.365 9.465 1.111
   vertex 30.365 9.635 1.111
  endloop
 endfacet
  facet normal 0 0 0
    outer loop
   vertex 30.365 9.465 1.036
   vertex 30.365 9.635 1.111
   vertex 30.365 9.635 1.036
  endloop
 endfacet
  facet normal 0 0 0
    outer loop
   vertex 30.365 9.825 1.036
   vertex 30.365 9.825 1.111
   vertex 30.365 9.995 1.111
  endloop
 endfacet
  facet normal 0 0 0
    outer loop
   vertex 30.365 9.825 1.036
   vertex 30.365 9.995 1.111
   vertex 30.365 9.995 1.036
  endloop
 endfacet
  facet normal 0 0 0
    outer loop
   vertex 30.365 10.185 1.036
   vertex 30.365 10.185 1.111
   vertex 30.365 10.355 1.111
  endloop
 endfacet
  facet normal 0 0 0
    outer loop
   vertex 30.365 10.185 1.036
   vertex 30.365 10.355 1.111
   vertex 30.365 10.355 1.036
  endloop
 endfacet
  facet normal 0 0 0
    outer loop
   vertex 30.365 10.545 1.036
   vertex 30.365 10.545 1.111
   vertex 30.365 10.715 1.111
  endloop
 endfacet
  facet normal 0 0 0
    outer loop
   vertex 30.365 10.545 1.036
   vertex 30.365 10.715 1.111
   vertex 30.365 10.715 1.036
  endloop
 endfacet
  facet normal 0 0 0
    outer loop
   vertex 30.365 10.905 1.036
   vertex 30.365 10.905 1.111
   vertex 30.365 11.075 1.111
  endloop
 endfacet
  facet normal 0 0 0
    outer loop
   vertex 30.365 10.905 1.036
   vertex 30.365 11.075 1.111
   vertex 30.365 11.075 1.036
  endloop
 endfacet
  facet normal 0 0 0
    outer loop
   vertex 30.365 11.265 1.036
   vertex 30.365 11.265 1.111
   vertex 30.365 11.435 1.111
  endloop
 endfacet
  facet normal 0 0 0
    outer loop
   vertex 30.365 11.265 1.036
   vertex 30.365 11.435 1.111
   vertex 30.365 11.435 1.036
  endloop
 endfacet
  facet normal 0 0 0
    outer loop
   vertex 30.365 11.625 1.036
   vertex 30.365 11.625 1.111
   vertex 30.365 11.795 1.111
  endloop
 endfacet
  facet normal 0 0 0
    outer loop
   vertex 30.365 11.625 1.036
   vertex 30.365 11.795 1.111
   vertex 30.365 11.795 1.036
  endloop
 endfacet
  facet normal 0 0 0
    outer loop
   vertex 30.365 11.875 0.936
   vertex 30.365 11.795 1.036
   vertex 30.365 11.875 1.036
  endloop
 endfacet
  facet normal 0 0 0
    outer loop
   vertex 30.365 11.875 0.936
   vertex 30.365 11.625 1.036
   vertex 30.365 11.795 1.036
  endloop
 endfacet
  facet normal 0 0 0
    outer loop
   vertex 30.365 10.27 0.936
   vertex 30.365 10.185 1.036
   vertex 30.365 10.355 1.036
  endloop
 endfacet
  facet normal 0 0 0
    outer loop
   vertex 30.365 10.27 0.936
   vertex 30.365 10.355 1.036
   vertex 30.365 10.545 1.036
  endloop
 endfacet
  facet normal 0 0 0
    outer loop
   vertex 30.365 10.27 0.936
   vertex 30.365 9.995 1.036
   vertex 30.365 10.185 1.036
  endloop
 endfacet
  facet normal 0 0 0
    outer loop
   vertex 30.365 9.468 0.936
   vertex 30.365 9.275 1.036
   vertex 30.365 9.465 1.036
  endloop
 endfacet
  facet normal 0 0 0
    outer loop
   vertex 30.365 9.468 0.936
   vertex 30.365 9.465 1.036
   vertex 30.365 9.635 1.036
  endloop
 endfacet
  facet normal 0 0 0
    outer loop
   vertex 30.365 11.073 0.936
   vertex 30.365 11.075 1.036
   vertex 30.365 11.265 1.036
  endloop
 endfacet
  facet normal 0 0 0
    outer loop
   vertex 30.365 11.073 0.936
   vertex 30.365 10.905 1.036
   vertex 30.365 11.075 1.036
  endloop
 endfacet
  facet normal 0 0 0
    outer loop
   vertex 30.365 10.671 0.936
   vertex 30.365 10.545 1.036
   vertex 30.365 10.715 1.036
  endloop
 endfacet
  facet normal 0 0 0
    outer loop
   vertex 30.365 10.27 0.936
   vertex 30.365 10.545 1.036
   vertex 30.365 10.671 0.936
  endloop
 endfacet
  facet normal 0 0 0
    outer loop
   vertex 30.365 10.671 0.936
   vertex 30.365 10.905 1.036
   vertex 30.365 11.073 0.936
  endloop
 endfacet
  facet normal 0 0 0
    outer loop
   vertex 30.365 10.671 0.936
   vertex 30.365 10.715 1.036
   vertex 30.365 10.905 1.036
  endloop
 endfacet
  facet normal 0 0 0
    outer loop
   vertex 30.365 9.869 0.936
   vertex 30.365 9.825 1.036
   vertex 30.365 9.995 1.036
  endloop
 endfacet
  facet normal 0 0 0
    outer loop
   vertex 30.365 9.869 0.936
   vertex 30.365 9.995 1.036
   vertex 30.365 10.27 0.936
  endloop
 endfacet
  facet normal 0 0 0
    outer loop
   vertex 30.365 9.869 0.936
   vertex 30.365 9.635 1.036
   vertex 30.365 9.825 1.036
  endloop
 endfacet
  facet normal 0 0 0
    outer loop
   vertex 30.365 9.468 0.936
   vertex 30.365 9.635 1.036
   vertex 30.365 9.869 0.936
  endloop
 endfacet
  facet normal 0 0 0
    outer loop
   vertex 30.365 8.665 0.936
   vertex 30.365 8.915 1.036
   vertex 30.365 9.066 0.936
  endloop
 endfacet
  facet normal 0 0 0
    outer loop
   vertex 30.365 9.066 0.936
   vertex 30.365 8.915 1.036
   vertex 30.365 9.105 1.036
  endloop
 endfacet
  facet normal 0 0 0
    outer loop
   vertex 30.365 9.066 0.936
   vertex 30.365 9.105 1.036
   vertex 30.365 9.275 1.036
  endloop
 endfacet
  facet normal 0 0 0
    outer loop
   vertex 30.365 9.066 0.936
   vertex 30.365 9.275 1.036
   vertex 30.365 9.468 0.936
  endloop
 endfacet
  facet normal 0 0 0
    outer loop
   vertex 30.365 11.474 0.936
   vertex 30.365 11.435 1.036
   vertex 30.365 11.625 1.036
  endloop
 endfacet
  facet normal 0 0 0
    outer loop
   vertex 30.365 11.474 0.936
   vertex 30.365 11.625 1.036
   vertex 30.365 11.875 0.936
  endloop
 endfacet
  facet normal 0 0 0
    outer loop
   vertex 30.365 11.474 0.936
   vertex 30.365 11.265 1.036
   vertex 30.365 11.435 1.036
  endloop
 endfacet
  facet normal 0 0 0
    outer loop
   vertex 30.365 11.073 0.936
   vertex 30.365 11.265 1.036
   vertex 30.365 11.474 0.936
  endloop
 endfacet
  facet normal 0 0 0
    outer loop
   vertex 30.365 17.185 0.936
   vertex 30.365 17.185 1.036
   vertex 30.365 17.265 1.036
  endloop
 endfacet
  facet normal 0 0 0
    outer loop
   vertex 30.365 17.265 1.036
   vertex 30.365 17.265 1.111
   vertex 30.365 17.435 1.111
  endloop
 endfacet
  facet normal 0 0 0
    outer loop
   vertex 30.365 17.185 0.936
   vertex 30.365 17.265 1.036
   vertex 30.365 17.435 1.036
  endloop
 endfacet
  facet normal 0 0 0
    outer loop
   vertex 30.365 17.265 1.036
   vertex 30.365 17.435 1.111
   vertex 30.365 17.435 1.036
  endloop
 endfacet
  facet normal 0 0 0
    outer loop
   vertex 30.365 17.625 1.036
   vertex 30.365 17.625 1.111
   vertex 30.365 17.795 1.111
  endloop
 endfacet
  facet normal 0 0 0
    outer loop
   vertex 30.365 17.625 1.036
   vertex 30.365 17.795 1.111
   vertex 30.365 17.795 1.036
  endloop
 endfacet
  facet normal 0 0 0
    outer loop
   vertex 30.365 17.985 1.036
   vertex 30.365 17.985 1.111
   vertex 30.365 18.155 1.111
  endloop
 endfacet
  facet normal 0 0 0
    outer loop
   vertex 30.365 17.985 1.036
   vertex 30.365 18.155 1.111
   vertex 30.365 18.155 1.036
  endloop
 endfacet
  facet normal 0 0 0
    outer loop
   vertex 30.365 18.345 1.036
   vertex 30.365 18.345 1.111
   vertex 30.365 18.515 1.111
  endloop
 endfacet
  facet normal 0 0 0
    outer loop
   vertex 30.365 18.345 1.036
   vertex 30.365 18.515 1.111
   vertex 30.365 18.515 1.036
  endloop
 endfacet
  facet normal 0 0 0
    outer loop
   vertex 30.365 18.705 1.036
   vertex 30.365 18.705 1.111
   vertex 30.365 18.875 1.111
  endloop
 endfacet
  facet normal 0 0 0
    outer loop
   vertex 30.365 18.705 1.036
   vertex 30.365 18.875 1.111
   vertex 30.365 18.875 1.036
  endloop
 endfacet
  facet normal 0 0 0
    outer loop
   vertex 30.365 19.065 1.036
   vertex 30.365 19.065 1.111
   vertex 30.365 19.235 1.111
  endloop
 endfacet
  facet normal 0 0 0
    outer loop
   vertex 30.365 19.065 1.036
   vertex 30.365 19.235 1.111
   vertex 30.365 19.235 1.036
  endloop
 endfacet
  facet normal 0 0 0
    outer loop
   vertex 30.365 19.425 1.036
   vertex 30.365 19.425 1.111
   vertex 30.365 19.595 1.111
  endloop
 endfacet
  facet normal 0 0 0
    outer loop
   vertex 30.365 19.425 1.036
   vertex 30.365 19.595 1.111
   vertex 30.365 19.595 1.036
  endloop
 endfacet
  facet normal 0 0 0
    outer loop
   vertex 30.365 19.785 1.036
   vertex 30.365 19.785 1.111
   vertex 30.365 19.955 1.111
  endloop
 endfacet
  facet normal 0 0 0
    outer loop
   vertex 30.365 19.785 1.036
   vertex 30.365 19.955 1.111
   vertex 30.365 19.955 1.036
  endloop
 endfacet
  facet normal 0 0 0
    outer loop
   vertex 30.365 20.145 1.036
   vertex 30.365 20.145 1.111
   vertex 30.365 20.315 1.111
  endloop
 endfacet
  facet normal 0 0 0
    outer loop
   vertex 30.365 20.145 1.036
   vertex 30.365 20.315 1.111
   vertex 30.365 20.315 1.036
  endloop
 endfacet
  facet normal 0 0 0
    outer loop
   vertex 30.365 20.395 0.936
   vertex 30.365 20.315 1.036
   vertex 30.365 20.395 1.036
  endloop
 endfacet
  facet normal 0 0 0
    outer loop
   vertex 30.365 20.395 0.936
   vertex 30.365 20.145 1.036
   vertex 30.365 20.315 1.036
  endloop
 endfacet
  facet normal 0 0 0
    outer loop
   vertex 30.365 18.79 0.936
   vertex 30.365 18.705 1.036
   vertex 30.365 18.875 1.036
  endloop
 endfacet
  facet normal 0 0 0
    outer loop
   vertex 30.365 18.79 0.936
   vertex 30.365 18.875 1.036
   vertex 30.365 19.065 1.036
  endloop
 endfacet
  facet normal 0 0 0
    outer loop
   vertex 30.365 18.79 0.936
   vertex 30.365 18.515 1.036
   vertex 30.365 18.705 1.036
  endloop
 endfacet
  facet normal 0 0 0
    outer loop
   vertex 30.365 17.988 0.936
   vertex 30.365 17.795 1.036
   vertex 30.365 17.985 1.036
  endloop
 endfacet
  facet normal 0 0 0
    outer loop
   vertex 30.365 17.988 0.936
   vertex 30.365 17.985 1.036
   vertex 30.365 18.155 1.036
  endloop
 endfacet
  facet normal 0 0 0
    outer loop
   vertex 30.365 19.593 0.936
   vertex 30.365 19.595 1.036
   vertex 30.365 19.785 1.036
  endloop
 endfacet
  facet normal 0 0 0
    outer loop
   vertex 30.365 19.593 0.936
   vertex 30.365 19.425 1.036
   vertex 30.365 19.595 1.036
  endloop
 endfacet
  facet normal 0 0 0
    outer loop
   vertex 30.365 19.191 0.936
   vertex 30.365 19.065 1.036
   vertex 30.365 19.235 1.036
  endloop
 endfacet
  facet normal 0 0 0
    outer loop
   vertex 30.365 18.79 0.936
   vertex 30.365 19.065 1.036
   vertex 30.365 19.191 0.936
  endloop
 endfacet
  facet normal 0 0 0
    outer loop
   vertex 30.365 19.191 0.936
   vertex 30.365 19.425 1.036
   vertex 30.365 19.593 0.936
  endloop
 endfacet
  facet normal 0 0 0
    outer loop
   vertex 30.365 19.191 0.936
   vertex 30.365 19.235 1.036
   vertex 30.365 19.425 1.036
  endloop
 endfacet
  facet normal 0 0 0
    outer loop
   vertex 30.365 18.389 0.936
   vertex 30.365 18.345 1.036
   vertex 30.365 18.515 1.036
  endloop
 endfacet
  facet normal 0 0 0
    outer loop
   vertex 30.365 18.389 0.936
   vertex 30.365 18.515 1.036
   vertex 30.365 18.79 0.936
  endloop
 endfacet
  facet normal 0 0 0
    outer loop
   vertex 30.365 18.389 0.936
   vertex 30.365 18.155 1.036
   vertex 30.365 18.345 1.036
  endloop
 endfacet
  facet normal 0 0 0
    outer loop
   vertex 30.365 17.988 0.936
   vertex 30.365 18.155 1.036
   vertex 30.365 18.389 0.936
  endloop
 endfacet
  facet normal 0 0 0
    outer loop
   vertex 30.365 17.185 0.936
   vertex 30.365 17.435 1.036
   vertex 30.365 17.586 0.936
  endloop
 endfacet
  facet normal 0 0 0
    outer loop
   vertex 30.365 17.586 0.936
   vertex 30.365 17.435 1.036
   vertex 30.365 17.625 1.036
  endloop
 endfacet
  facet normal 0 0 0
    outer loop
   vertex 30.365 17.586 0.936
   vertex 30.365 17.625 1.036
   vertex 30.365 17.795 1.036
  endloop
 endfacet
  facet normal 0 0 0
    outer loop
   vertex 30.365 17.586 0.936
   vertex 30.365 17.795 1.036
   vertex 30.365 17.988 0.936
  endloop
 endfacet
  facet normal 0 0 0
    outer loop
   vertex 30.365 19.994 0.936
   vertex 30.365 19.955 1.036
   vertex 30.365 20.145 1.036
  endloop
 endfacet
  facet normal 0 0 0
    outer loop
   vertex 30.365 19.994 0.936
   vertex 30.365 20.145 1.036
   vertex 30.365 20.395 0.936
  endloop
 endfacet
  facet normal 0 0 0
    outer loop
   vertex 30.365 19.994 0.936
   vertex 30.365 19.785 1.036
   vertex 30.365 19.955 1.036
  endloop
 endfacet
  facet normal 0 0 0
    outer loop
   vertex 30.365 19.593 0.936
   vertex 30.365 19.785 1.036
   vertex 30.365 19.994 0.936
  endloop
 endfacet
  facet normal 0 0 0
    outer loop
   vertex -7.405 12.835 0.936
   vertex -7.405 12.835 1.036
   vertex -7.405 12.915 1.036
  endloop
 endfacet
  facet normal 0 0 0
    outer loop
   vertex -7.405 12.915 1.036
   vertex -7.405 12.915 1.111
   vertex -7.405 13.085 1.111
  endloop
 endfacet
  facet normal 0 0 0
    outer loop
   vertex -7.405 12.835 0.936
   vertex -7.405 12.915 1.036
   vertex -7.405 13.085 1.036
  endloop
 endfacet
  facet normal 0 0 0
    outer loop
   vertex -7.405 12.915 1.036
   vertex -7.405 13.085 1.111
   vertex -7.405 13.085 1.036
  endloop
 endfacet
  facet normal 0 0 0
    outer loop
   vertex -7.405 12.835 0.936
   vertex -7.405 13.085 1.036
   vertex -7.405 13.165 0.936
  endloop
 endfacet
  facet normal 0 0 0
    outer loop
   vertex -7.405 13.165 0.936
   vertex -7.405 13.085 1.036
   vertex -7.405 13.165 1.036
  endloop
 endfacet
  facet normal 0 0 0
    outer loop
   vertex -7.405 13.165 0.936
   vertex -7.405 13.165 1.036
   vertex -7.235 13.165 1.036
  endloop
 endfacet
  facet normal 0 0 0
    outer loop
   vertex -7.405 13.165 0.936
   vertex -7.235 13.165 1.036
   vertex -7.235 13.165 0.936
  endloop
 endfacet
  facet normal 0 0 0
    outer loop
   vertex -6.455 13.165 0.936
   vertex -6.455 13.165 1.036
   vertex -6.285 13.165 1.036
  endloop
 endfacet
  facet normal 0 0 0
    outer loop
   vertex -6.455 13.165 0.936
   vertex -6.285 13.165 1.036
   vertex -6.285 13.165 0.936
  endloop
 endfacet
  facet normal 0 0 0
    outer loop
   vertex -7.235 13.165 0.936
   vertex -7.235 13.165 1.036
   vertex -7.235 13.085 1.036
  endloop
 endfacet
  facet normal 0 0 0
    outer loop
   vertex -7.235 13.085 1.036
   vertex -7.235 13.085 1.111
   vertex -7.235 12.915 1.111
  endloop
 endfacet
  facet normal 0 0 0
    outer loop
   vertex -7.235 13.165 0.936
   vertex -7.235 13.085 1.036
   vertex -7.235 12.915 1.036
  endloop
 endfacet
  facet normal 0 0 0
    outer loop
   vertex -7.235 13.085 1.036
   vertex -7.235 12.915 1.111
   vertex -7.235 12.915 1.036
  endloop
 endfacet
  facet normal 0 0 0
    outer loop
   vertex -7.235 13.165 0.936
   vertex -7.235 12.915 1.036
   vertex -7.235 12.835 0.936
  endloop
 endfacet
  facet normal 0 0 0
    outer loop
   vertex -7.235 12.835 0.936
   vertex -7.235 12.915 1.036
   vertex -7.235 12.835 1.036
  endloop
 endfacet
  facet normal 0 0 0
    outer loop
   vertex -6.455 12.835 0.936
   vertex -6.455 12.835 1.036
   vertex -6.455 12.915 1.036
  endloop
 endfacet
  facet normal 0 0 0
    outer loop
   vertex -6.455 12.915 1.036
   vertex -6.455 12.915 1.111
   vertex -6.455 13.085 1.111
  endloop
 endfacet
  facet normal 0 0 0
    outer loop
   vertex -6.455 12.835 0.936
   vertex -6.455 12.915 1.036
   vertex -6.455 13.085 1.036
  endloop
 endfacet
  facet normal 0 0 0
    outer loop
   vertex -6.455 12.915 1.036
   vertex -6.455 13.085 1.111
   vertex -6.455 13.085 1.036
  endloop
 endfacet
  facet normal 0 0 0
    outer loop
   vertex -6.455 12.835 0.936
   vertex -6.455 13.085 1.036
   vertex -6.455 13.165 0.936
  endloop
 endfacet
  facet normal 0 0 0
    outer loop
   vertex -6.455 13.165 0.936
   vertex -6.455 13.085 1.036
   vertex -6.455 13.165 1.036
  endloop
 endfacet
  facet normal 0 0 0
    outer loop
   vertex -6.285 13.165 0.936
   vertex -6.285 13.165 1.036
   vertex -6.285 13.085 1.036
  endloop
 endfacet
  facet normal 0 0 0
    outer loop
   vertex -6.285 13.085 1.036
   vertex -6.285 13.085 1.111
   vertex -6.285 12.915 1.111
  endloop
 endfacet
  facet normal 0 0 0
    outer loop
   vertex -6.285 13.165 0.936
   vertex -6.285 13.085 1.036
   vertex -6.285 12.915 1.036
  endloop
 endfacet
  facet normal 0 0 0
    outer loop
   vertex -6.285 13.085 1.036
   vertex -6.285 12.915 1.111
   vertex -6.285 12.915 1.036
  endloop
 endfacet
  facet normal 0 0 0
    outer loop
   vertex -6.285 13.165 0.936
   vertex -6.285 12.915 1.036
   vertex -6.285 12.835 0.936
  endloop
 endfacet
  facet normal 0 0 0
    outer loop
   vertex -6.285 12.835 0.936
   vertex -6.285 12.915 1.036
   vertex -6.285 12.835 1.036
  endloop
 endfacet
  facet normal 0 0 0
    outer loop
   vertex 30.535 17.185 0.936
   vertex 30.535 17.185 1.036
   vertex 30.365 17.185 1.036
  endloop
 endfacet
  facet normal 0 0 0
    outer loop
   vertex 30.535 17.185 0.936
   vertex 30.365 17.185 1.036
   vertex 30.365 17.185 0.936
  endloop
 endfacet
  facet normal 0 0 0
    outer loop
   vertex 30.365 20.395 0.936
   vertex 30.365 20.395 1.036
   vertex 30.535 20.395 1.036
  endloop
 endfacet
  facet normal 0 0 0
    outer loop
   vertex 30.365 20.395 0.936
   vertex 30.535 20.395 1.036
   vertex 30.535 20.395 0.936
  endloop
 endfacet
  facet normal 0 0 0
    outer loop
   vertex 30.535 8.745 1.036
   vertex 30.535 8.745 1.111
   vertex 30.365 8.745 1.111
  endloop
 endfacet
  facet normal 0 0 0
    outer loop
   vertex 30.535 8.745 1.036
   vertex 30.365 8.745 1.111
   vertex 30.365 8.745 1.036
  endloop
 endfacet
  facet normal 0 0 0
    outer loop
   vertex 30.365 8.915 1.036
   vertex 30.365 8.915 1.111
   vertex 30.535 8.915 1.111
  endloop
 endfacet
  facet normal 0 0 0
    outer loop
   vertex 30.365 8.915 1.036
   vertex 30.535 8.915 1.111
   vertex 30.535 8.915 1.036
  endloop
 endfacet
  facet normal 0 0 0
    outer loop
   vertex 30.535 9.105 1.036
   vertex 30.535 9.105 1.111
   vertex 30.365 9.105 1.111
  endloop
 endfacet
  facet normal 0 0 0
    outer loop
   vertex 30.535 9.105 1.036
   vertex 30.365 9.105 1.111
   vertex 30.365 9.105 1.036
  endloop
 endfacet
  facet normal 0 0 0
    outer loop
   vertex 30.535 9.465 1.036
   vertex 30.535 9.465 1.111
   vertex 30.365 9.465 1.111
  endloop
 endfacet
  facet normal 0 0 0
    outer loop
   vertex 30.535 9.465 1.036
   vertex 30.365 9.465 1.111
   vertex 30.365 9.465 1.036
  endloop
 endfacet
  facet normal 0 0 0
    outer loop
   vertex 30.365 9.275 1.036
   vertex 30.365 9.275 1.111
   vertex 30.535 9.275 1.111
  endloop
 endfacet
  facet normal 0 0 0
    outer loop
   vertex 30.365 9.275 1.036
   vertex 30.535 9.275 1.111
   vertex 30.535 9.275 1.036
  endloop
 endfacet
  facet normal 0 0 0
    outer loop
   vertex 30.535 9.825 1.036
   vertex 30.535 9.825 1.111
   vertex 30.365 9.825 1.111
  endloop
 endfacet
  facet normal 0 0 0
    outer loop
   vertex 30.535 9.825 1.036
   vertex 30.365 9.825 1.111
   vertex 30.365 9.825 1.036
  endloop
 endfacet
  facet normal 0 0 0
    outer loop
   vertex 30.365 9.635 1.036
   vertex 30.365 9.635 1.111
   vertex 30.535 9.635 1.111
  endloop
 endfacet
  facet normal 0 0 0
    outer loop
   vertex 30.365 9.635 1.036
   vertex 30.535 9.635 1.111
   vertex 30.535 9.635 1.036
  endloop
 endfacet
  facet normal 0 0 0
    outer loop
   vertex 30.365 9.995 1.036
   vertex 30.365 9.995 1.111
   vertex 30.535 9.995 1.111
  endloop
 endfacet
  facet normal 0 0 0
    outer loop
   vertex 30.365 9.995 1.036
   vertex 30.535 9.995 1.111
   vertex 30.535 9.995 1.036
  endloop
 endfacet
  facet normal 0 0 0
    outer loop
   vertex 30.535 10.185 1.036
   vertex 30.535 10.185 1.111
   vertex 30.365 10.185 1.111
  endloop
 endfacet
  facet normal 0 0 0
    outer loop
   vertex 30.535 10.185 1.036
   vertex 30.365 10.185 1.111
   vertex 30.365 10.185 1.036
  endloop
 endfacet
  facet normal 0 0 0
    outer loop
   vertex 30.365 10.355 1.036
   vertex 30.365 10.355 1.111
   vertex 30.535 10.355 1.111
  endloop
 endfacet
  facet normal 0 0 0
    outer loop
   vertex 30.365 10.355 1.036
   vertex 30.535 10.355 1.111
   vertex 30.535 10.355 1.036
  endloop
 endfacet
  facet normal 0 0 0
    outer loop
   vertex 30.535 10.545 1.036
   vertex 30.535 10.545 1.111
   vertex 30.365 10.545 1.111
  endloop
 endfacet
  facet normal 0 0 0
    outer loop
   vertex 30.535 10.545 1.036
   vertex 30.365 10.545 1.111
   vertex 30.365 10.545 1.036
  endloop
 endfacet
  facet normal 0 0 0
    outer loop
   vertex 30.535 10.905 1.036
   vertex 30.535 10.905 1.111
   vertex 30.365 10.905 1.111
  endloop
 endfacet
  facet normal 0 0 0
    outer loop
   vertex 30.535 10.905 1.036
   vertex 30.365 10.905 1.111
   vertex 30.365 10.905 1.036
  endloop
 endfacet
  facet normal 0 0 0
    outer loop
   vertex 30.365 10.715 1.036
   vertex 30.365 10.715 1.111
   vertex 30.535 10.715 1.111
  endloop
 endfacet
  facet normal 0 0 0
    outer loop
   vertex 30.365 10.715 1.036
   vertex 30.535 10.715 1.111
   vertex 30.535 10.715 1.036
  endloop
 endfacet
  facet normal 0 0 0
    outer loop
   vertex 30.365 11.075 1.036
   vertex 30.365 11.075 1.111
   vertex 30.535 11.075 1.111
  endloop
 endfacet
  facet normal 0 0 0
    outer loop
   vertex 30.365 11.075 1.036
   vertex 30.535 11.075 1.111
   vertex 30.535 11.075 1.036
  endloop
 endfacet
  facet normal 0 0 0
    outer loop
   vertex 30.365 11.435 1.036
   vertex 30.365 11.435 1.111
   vertex 30.535 11.435 1.111
  endloop
 endfacet
  facet normal 0 0 0
    outer loop
   vertex 30.365 11.435 1.036
   vertex 30.535 11.435 1.111
   vertex 30.535 11.435 1.036
  endloop
 endfacet
  facet normal 0 0 0
    outer loop
   vertex 30.535 11.265 1.036
   vertex 30.535 11.265 1.111
   vertex 30.365 11.265 1.111
  endloop
 endfacet
  facet normal 0 0 0
    outer loop
   vertex 30.535 11.265 1.036
   vertex 30.365 11.265 1.111
   vertex 30.365 11.265 1.036
  endloop
 endfacet
  facet normal 0 0 0
    outer loop
   vertex 30.535 11.625 1.036
   vertex 30.535 11.625 1.111
   vertex 30.365 11.625 1.111
  endloop
 endfacet
  facet normal 0 0 0
    outer loop
   vertex 30.535 11.625 1.036
   vertex 30.365 11.625 1.111
   vertex 30.365 11.625 1.036
  endloop
 endfacet
  facet normal 0 0 0
    outer loop
   vertex 30.365 11.795 1.036
   vertex 30.365 11.795 1.111
   vertex 30.535 11.795 1.111
  endloop
 endfacet
  facet normal 0 0 0
    outer loop
   vertex 30.365 11.795 1.036
   vertex 30.535 11.795 1.111
   vertex 30.535 11.795 1.036
  endloop
 endfacet
  facet normal 0 0 0
    outer loop
   vertex -6.285 12.915 1.036
   vertex -6.285 12.915 1.111
   vertex -6.455 12.915 1.111
  endloop
 endfacet
  facet normal 0 0 0
    outer loop
   vertex -6.285 12.915 1.036
   vertex -6.455 12.915 1.111
   vertex -6.455 12.915 1.036
  endloop
 endfacet
  facet normal 0 0 0
    outer loop
   vertex -7.235 12.915 1.036
   vertex -7.235 12.915 1.111
   vertex -7.405 12.915 1.111
  endloop
 endfacet
  facet normal 0 0 0
    outer loop
   vertex -7.235 12.915 1.036
   vertex -7.405 12.915 1.111
   vertex -7.405 12.915 1.036
  endloop
 endfacet
  facet normal 0 0 0
    outer loop
   vertex -7.405 13.085 1.036
   vertex -7.405 13.085 1.111
   vertex -7.235 13.085 1.111
  endloop
 endfacet
  facet normal 0 0 0
    outer loop
   vertex -7.405 13.085 1.036
   vertex -7.235 13.085 1.111
   vertex -7.235 13.085 1.036
  endloop
 endfacet
  facet normal 0 0 0
    outer loop
   vertex -6.455 13.085 1.036
   vertex -6.455 13.085 1.111
   vertex -6.285 13.085 1.111
  endloop
 endfacet
  facet normal 0 0 0
    outer loop
   vertex -6.455 13.085 1.036
   vertex -6.285 13.085 1.111
   vertex -6.285 13.085 1.036
  endloop
 endfacet
  facet normal 0 0 0
    outer loop
   vertex 30.535 17.265 1.036
   vertex 30.535 17.265 1.111
   vertex 30.365 17.265 1.111
  endloop
 endfacet
  facet normal 0 0 0
    outer loop
   vertex 30.535 17.265 1.036
   vertex 30.365 17.265 1.111
   vertex 30.365 17.265 1.036
  endloop
 endfacet
  facet normal 0 0 0
    outer loop
   vertex 30.365 17.435 1.036
   vertex 30.365 17.435 1.111
   vertex 30.535 17.435 1.111
  endloop
 endfacet
  facet normal 0 0 0
    outer loop
   vertex 30.365 17.435 1.036
   vertex 30.535 17.435 1.111
   vertex 30.535 17.435 1.036
  endloop
 endfacet
  facet normal 0 0 0
    outer loop
   vertex 30.535 17.625 1.036
   vertex 30.535 17.625 1.111
   vertex 30.365 17.625 1.111
  endloop
 endfacet
  facet normal 0 0 0
    outer loop
   vertex 30.535 17.625 1.036
   vertex 30.365 17.625 1.111
   vertex 30.365 17.625 1.036
  endloop
 endfacet
  facet normal 0 0 0
    outer loop
   vertex 30.365 17.795 1.036
   vertex 30.365 17.795 1.111
   vertex 30.535 17.795 1.111
  endloop
 endfacet
  facet normal 0 0 0
    outer loop
   vertex 30.365 17.795 1.036
   vertex 30.535 17.795 1.111
   vertex 30.535 17.795 1.036
  endloop
 endfacet
  facet normal 0 0 0
    outer loop
   vertex 30.365 18.155 1.036
   vertex 30.365 18.155 1.111
   vertex 30.535 18.155 1.111
  endloop
 endfacet
  facet normal 0 0 0
    outer loop
   vertex 30.365 18.155 1.036
   vertex 30.535 18.155 1.111
   vertex 30.535 18.155 1.036
  endloop
 endfacet
  facet normal 0 0 0
    outer loop
   vertex 30.535 17.985 1.036
   vertex 30.535 17.985 1.111
   vertex 30.365 17.985 1.111
  endloop
 endfacet
  facet normal 0 0 0
    outer loop
   vertex 30.535 17.985 1.036
   vertex 30.365 17.985 1.111
   vertex 30.365 17.985 1.036
  endloop
 endfacet
  facet normal 0 0 0
    outer loop
   vertex 30.365 18.515 1.036
   vertex 30.365 18.515 1.111
   vertex 30.535 18.515 1.111
  endloop
 endfacet
  facet normal 0 0 0
    outer loop
   vertex 30.365 18.515 1.036
   vertex 30.535 18.515 1.111
   vertex 30.535 18.515 1.036
  endloop
 endfacet
  facet normal 0 0 0
    outer loop
   vertex 30.535 18.345 1.036
   vertex 30.535 18.345 1.111
   vertex 30.365 18.345 1.111
  endloop
 endfacet
  facet normal 0 0 0
    outer loop
   vertex 30.535 18.345 1.036
   vertex 30.365 18.345 1.111
   vertex 30.365 18.345 1.036
  endloop
 endfacet
  facet normal 0 0 0
    outer loop
   vertex 30.535 18.705 1.036
   vertex 30.535 18.705 1.111
   vertex 30.365 18.705 1.111
  endloop
 endfacet
  facet normal 0 0 0
    outer loop
   vertex 30.535 18.705 1.036
   vertex 30.365 18.705 1.111
   vertex 30.365 18.705 1.036
  endloop
 endfacet
  facet normal 0 0 0
    outer loop
   vertex 30.365 18.875 1.036
   vertex 30.365 18.875 1.111
   vertex 30.535 18.875 1.111
  endloop
 endfacet
  facet normal 0 0 0
    outer loop
   vertex 30.365 18.875 1.036
   vertex 30.535 18.875 1.111
   vertex 30.535 18.875 1.036
  endloop
 endfacet
  facet normal 0 0 0
    outer loop
   vertex 30.535 19.065 1.036
   vertex 30.535 19.065 1.111
   vertex 30.365 19.065 1.111
  endloop
 endfacet
  facet normal 0 0 0
    outer loop
   vertex 30.535 19.065 1.036
   vertex 30.365 19.065 1.111
   vertex 30.365 19.065 1.036
  endloop
 endfacet
  facet normal 0 0 0
    outer loop
   vertex 30.535 19.425 1.036
   vertex 30.535 19.425 1.111
   vertex 30.365 19.425 1.111
  endloop
 endfacet
  facet normal 0 0 0
    outer loop
   vertex 30.535 19.425 1.036
   vertex 30.365 19.425 1.111
   vertex 30.365 19.425 1.036
  endloop
 endfacet
  facet normal 0 0 0
    outer loop
   vertex 30.365 19.235 1.036
   vertex 30.365 19.235 1.111
   vertex 30.535 19.235 1.111
  endloop
 endfacet
  facet normal 0 0 0
    outer loop
   vertex 30.365 19.235 1.036
   vertex 30.535 19.235 1.111
   vertex 30.535 19.235 1.036
  endloop
 endfacet
  facet normal 0 0 0
    outer loop
   vertex 30.365 19.595 1.036
   vertex 30.365 19.595 1.111
   vertex 30.535 19.595 1.111
  endloop
 endfacet
  facet normal 0 0 0
    outer loop
   vertex 30.365 19.595 1.036
   vertex 30.535 19.595 1.111
   vertex 30.535 19.595 1.036
  endloop
 endfacet
  facet normal 0 0 0
    outer loop
   vertex 30.535 19.785 1.036
   vertex 30.535 19.785 1.111
   vertex 30.365 19.785 1.111
  endloop
 endfacet
  facet normal 0 0 0
    outer loop
   vertex 30.535 19.785 1.036
   vertex 30.365 19.785 1.111
   vertex 30.365 19.785 1.036
  endloop
 endfacet
  facet normal 0 0 0
    outer loop
   vertex 30.535 20.145 1.036
   vertex 30.535 20.145 1.111
   vertex 30.365 20.145 1.111
  endloop
 endfacet
  facet normal 0 0 0
    outer loop
   vertex 30.535 20.145 1.036
   vertex 30.365 20.145 1.111
   vertex 30.365 20.145 1.036
  endloop
 endfacet
  facet normal 0 0 0
    outer loop
   vertex 30.365 19.955 1.036
   vertex 30.365 19.955 1.111
   vertex 30.535 19.955 1.111
  endloop
 endfacet
  facet normal 0 0 0
    outer loop
   vertex 30.365 19.955 1.036
   vertex 30.535 19.955 1.111
   vertex 30.535 19.955 1.036
  endloop
 endfacet
  facet normal 0 0 0
    outer loop
   vertex 30.365 20.315 1.036
   vertex 30.365 20.315 1.111
   vertex 30.535 20.315 1.111
  endloop
 endfacet
  facet normal 0 0 0
    outer loop
   vertex 30.365 20.315 1.036
   vertex 30.535 20.315 1.111
   vertex 30.535 20.315 1.036
  endloop
 endfacet
  facet normal 0 0 0
    outer loop
   vertex 1.74 14.381 1.376
   vertex 1.74 16.025 1.376
   vertex 2.2 15.225 1.376
  endloop
 endfacet
  facet normal 0 0 0
    outer loop
   vertex 2.2 13.581 1.376
   vertex 1.74 14.381 1.376
   vertex 2.2 15.225 1.376
  endloop
 endfacet
  facet normal 0 0 0
    outer loop
   vertex 27.77 13.31 1.376
   vertex 27.37 14.225 1.376
   vertex 27.77 15.24 1.376
  endloop
 endfacet
  facet normal 0 0 0
    outer loop
   vertex 27.37 14.225 1.376
   vertex 27.37 15.34 1.376
   vertex 27.77 15.24 1.376
  endloop
 endfacet
  facet normal 0 0 0
    outer loop
   vertex 27.77 17.17 1.376
   vertex 29.015 17.57 1.376
   vertex 29.168 17.17 1.376
  endloop
 endfacet
  facet normal 0 0 0
    outer loop
   vertex 27.37 16.455 1.376
   vertex 27.37 17.57 1.376
   vertex 27.77 17.17 1.376
  endloop
 endfacet
  facet normal 0 0 0
    outer loop
   vertex 27.77 17.17 1.376
   vertex 27.37 17.57 1.376
   vertex 29.015 17.57 1.376
  endloop
 endfacet
  facet normal 0 0 0
    outer loop
   vertex 29.168 17.17 1.376
   vertex 29.015 17.57 1.376
   vertex 29.655 17.89 1.376
  endloop
 endfacet
  facet normal 0 0 0
    outer loop
   vertex 29.168 17.17 1.376
   vertex 29.655 17.89 1.376
   vertex 29.866 17.17 1.376
  endloop
 endfacet
  facet normal 0 0 0
    outer loop
   vertex 30.365 17.435 1.376
   vertex 30.365 17.625 1.376
   vertex 30.45 17.54 1.376
  endloop
 endfacet
  facet normal 0 0 0
    outer loop
   vertex 30.365 17.435 1.376
   vertex 30.45 17.54 1.376
   vertex 30.535 17.435 1.376
  endloop
 endfacet
  facet normal 0 0 0
    outer loop
   vertex 29.866 17.17 1.376
   vertex 29.655 17.89 1.376
   vertex 29.995 17.53 1.376
  endloop
 endfacet
  facet normal 0 0 0
    outer loop
   vertex 30.365 17.435 1.376
   vertex 29.995 17.53 1.376
   vertex 30.365 17.625 1.376
  endloop
 endfacet
  facet normal 0 0 0
    outer loop
   vertex 30.216 17.17 1.376
   vertex 29.995 17.53 1.376
   vertex 30.365 17.435 1.376
  endloop
 endfacet
  facet normal 0 0 0
    outer loop
   vertex 29.866 17.17 1.376
   vertex 29.995 17.53 1.376
   vertex 30.216 17.17 1.376
  endloop
 endfacet
  facet normal 0 0 0
    outer loop
   vertex 30.565 17.373 1.376
   vertex 30.535 17.435 1.376
   vertex 30.565 17.474 1.376
  endloop
 endfacet
  facet normal 0 0 0
    outer loop
   vertex 30.535 17.435 1.376
   vertex 30.45 17.54 1.376
   vertex 30.565 17.474 1.376
  endloop
 endfacet
  facet normal 0 0 0
    outer loop
   vertex 29.015 17.57 1.376
   vertex 29.015 18.99 1.376
   vertex 29.655 17.89 1.376
  endloop
 endfacet
  facet normal 0 0 0
    outer loop
   vertex 29.655 17.89 1.376
   vertex 29.015 18.99 1.376
   vertex 29.678 18.79 1.376
  endloop
 endfacet
  facet normal 0 0 0
    outer loop
   vertex 29.678 18.79 1.376
   vertex 29.015 18.99 1.376
   vertex 29.806 19.51 1.376
  endloop
 endfacet
  facet normal 0 0 0
    outer loop
   vertex 30.027 18.79 1.376
   vertex 30.365 19.065 1.376
   vertex 30.365 18.875 1.376
  endloop
 endfacet
  facet normal 0 0 0
    outer loop
   vertex 30.365 18.875 1.376
   vertex 30.518 18.942 1.376
   vertex 30.535 18.875 1.376
  endloop
 endfacet
  facet normal 0 0 0
    outer loop
   vertex 30.535 18.875 1.376
   vertex 30.518 18.942 1.376
   vertex 30.565 18.891 1.376
  endloop
 endfacet
  facet normal 0 0 0
    outer loop
   vertex 30.565 18.891 1.376
   vertex 30.518 18.942 1.376
   vertex 30.565 18.993 1.376
  endloop
 endfacet
  facet normal 0 0 0
    outer loop
   vertex 30.365 18.875 1.376
   vertex 30.365 19.065 1.376
   vertex 30.518 18.942 1.376
  endloop
 endfacet
  facet normal 0 0 0
    outer loop
   vertex 29.678 18.79 1.376
   vertex 30.015 19.15 1.376
   vertex 30.027 18.79 1.376
  endloop
 endfacet
  facet normal 0 0 0
    outer loop
   vertex 29.678 18.79 1.376
   vertex 29.806 19.51 1.376
   vertex 30.015 19.15 1.376
  endloop
 endfacet
  facet normal 0 0 0
    outer loop
   vertex 30.027 18.79 1.376
   vertex 30.015 19.15 1.376
   vertex 30.365 19.065 1.376
  endloop
 endfacet
  facet normal 0 0 0
    outer loop
   vertex 30.365 19.955 1.376
   vertex 30.365 20.145 1.376
   vertex 30.45 20.04 1.376
  endloop
 endfacet
  facet normal 0 0 0
    outer loop
   vertex 30.45 20.04 1.376
   vertex 30.365 20.145 1.376
   vertex 30.535 20.145 1.376
  endloop
 endfacet
  facet normal 0 0 0
    outer loop
   vertex 29.973 20.05 1.376
   vertex 29.015 20.41 1.376
   vertex 29.79 20.41 1.376
  endloop
 endfacet
  facet normal 0 0 0
    outer loop
   vertex 30.535 19.785 1.376
   vertex 30.535 19.87 1.376
   vertex 30.565 19.803 1.376
  endloop
 endfacet
  facet normal 0 0 0
    outer loop
   vertex 30.565 19.701 1.376
   vertex 30.535 19.785 1.376
   vertex 30.565 19.803 1.376
  endloop
 endfacet
  facet normal 0 0 0
    outer loop
   vertex 30.535 19.595 1.376
   vertex 30.565 19.701 1.376
   vertex 30.565 19.6 1.376
  endloop
 endfacet
  facet normal 0 0 0
    outer loop
   vertex 30.365 19.595 1.376
   vertex 30.565 19.701 1.376
   vertex 30.535 19.595 1.376
  endloop
 endfacet
  facet normal 0 0 0
    outer loop
   vertex 30.565 19.701 1.376
   vertex 30.365 19.785 1.376
   vertex 30.535 19.785 1.376
  endloop
 endfacet
  facet normal 0 0 0
    outer loop
   vertex 30.365 19.595 1.376
   vertex 30.365 19.785 1.376
   vertex 30.565 19.701 1.376
  endloop
 endfacet
  facet normal 0 0 0
    outer loop
   vertex 30.365 19.785 1.376
   vertex 29.973 20.05 1.376
   vertex 30.365 19.955 1.376
  endloop
 endfacet
  facet normal 0 0 0
    outer loop
   vertex 29.015 18.99 1.376
   vertex 29.015 20.41 1.376
   vertex 29.806 19.51 1.376
  endloop
 endfacet
  facet normal 0 0 0
    outer loop
   vertex 29.806 19.51 1.376
   vertex 29.015 20.41 1.376
   vertex 29.973 20.05 1.376
  endloop
 endfacet
  facet normal 0 0 0
    outer loop
   vertex 30.365 19.425 1.376
   vertex 29.806 19.51 1.376
   vertex 30.365 19.595 1.376
  endloop
 endfacet
  facet normal 0 0 0
    outer loop
   vertex 29.806 19.51 1.376
   vertex 30.365 19.785 1.376
   vertex 30.365 19.595 1.376
  endloop
 endfacet
  facet normal 0 0 0
    outer loop
   vertex 29.806 19.51 1.376
   vertex 29.973 20.05 1.376
   vertex 30.365 19.785 1.376
  endloop
 endfacet
  facet normal 0 0 0
    outer loop
   vertex 30.565 18.993 1.376
   vertex 30.535 19.065 1.376
   vertex 30.565 19.094 1.376
  endloop
 endfacet
  facet normal 0 0 0
    outer loop
   vertex 30.535 19.065 1.376
   vertex 30.535 19.15 1.376
   vertex 30.565 19.094 1.376
  endloop
 endfacet
  facet normal 0 0 0
    outer loop
   vertex 30.565 19.094 1.376
   vertex 30.535 19.15 1.376
   vertex 30.565 19.195 1.376
  endloop
 endfacet
  facet normal 0 0 0
    outer loop
   vertex 30.565 19.195 1.376
   vertex 30.535 19.235 1.376
   vertex 30.565 19.296 1.376
  endloop
 endfacet
  facet normal 0 0 0
    outer loop
   vertex 30.365 19.955 1.376
   vertex 30.45 20.04 1.376
   vertex 30.535 19.955 1.376
  endloop
 endfacet
  facet normal 0 0 0
    outer loop
   vertex 30.535 19.955 1.376
   vertex 30.45 20.04 1.376
   vertex 30.565 20.005 1.376
  endloop
 endfacet
  facet normal 0 0 0
    outer loop
   vertex 30.565 20.106 1.376
   vertex 30.535 20.145 1.376
   vertex 30.565 20.208 1.376
  endloop
 endfacet
  facet normal 0 0 0
    outer loop
   vertex 30.565 20.005 1.376
   vertex 30.45 20.04 1.376
   vertex 30.565 20.106 1.376
  endloop
 endfacet
  facet normal 0 0 0
    outer loop
   vertex 30.45 20.04 1.376
   vertex 30.535 20.145 1.376
   vertex 30.565 20.106 1.376
  endloop
 endfacet
  facet normal 0 0 0
    outer loop
   vertex 30.365 20.315 1.376
   vertex 30.178 20.41 1.376
   vertex 30.565 20.41 1.376
  endloop
 endfacet
  facet normal 0 0 0
    outer loop
   vertex 30.365 19.955 1.376
   vertex 29.973 20.05 1.376
   vertex 30.365 20.145 1.376
  endloop
 endfacet
  facet normal 0 0 0
    outer loop
   vertex 30.565 19.803 1.376
   vertex 30.535 19.87 1.376
   vertex 30.565 19.904 1.376
  endloop
 endfacet
  facet normal 0 0 0
    outer loop
   vertex 30.565 19.904 1.376
   vertex 30.535 19.955 1.376
   vertex 30.565 20.005 1.376
  endloop
 endfacet
  facet normal 0 0 0
    outer loop
   vertex 30.535 19.87 1.376
   vertex 30.535 19.955 1.376
   vertex 30.565 19.904 1.376
  endloop
 endfacet
  facet normal 0 0 0
    outer loop
   vertex 29.973 20.05 1.376
   vertex 30.178 20.41 1.376
   vertex 30.365 20.145 1.376
  endloop
 endfacet
  facet normal 0 0 0
    outer loop
   vertex 29.973 20.05 1.376
   vertex 29.79 20.41 1.376
   vertex 30.178 20.41 1.376
  endloop
 endfacet
  facet normal 0 0 0
    outer loop
   vertex 30.565 20.208 1.376
   vertex 30.535 20.315 1.376
   vertex 30.565 20.41 1.376
  endloop
 endfacet
  facet normal 0 0 0
    outer loop
   vertex 30.535 19.15 1.376
   vertex 30.535 19.235 1.376
   vertex 30.565 19.195 1.376
  endloop
 endfacet
  facet normal 0 0 0
    outer loop
   vertex 30.518 18.942 1.376
   vertex 30.365 19.065 1.376
   vertex 30.535 19.065 1.376
  endloop
 endfacet
  facet normal 0 0 0
    outer loop
   vertex 30.518 18.942 1.376
   vertex 30.535 19.065 1.376
   vertex 30.565 18.993 1.376
  endloop
 endfacet
  facet normal 0 0 0
    outer loop
   vertex 30.491 19.347 1.376
   vertex 30.365 19.425 1.376
   vertex 30.535 19.425 1.376
  endloop
 endfacet
  facet normal 0 0 0
    outer loop
   vertex 30.491 19.347 1.376
   vertex 30.535 19.425 1.376
   vertex 30.565 19.398 1.376
  endloop
 endfacet
  facet normal 0 0 0
    outer loop
   vertex 30.565 19.296 1.376
   vertex 30.491 19.347 1.376
   vertex 30.565 19.398 1.376
  endloop
 endfacet
  facet normal 0 0 0
    outer loop
   vertex 30.365 19.235 1.376
   vertex 30.365 19.425 1.376
   vertex 30.491 19.347 1.376
  endloop
 endfacet
  facet normal 0 0 0
    outer loop
   vertex 30.365 19.235 1.376
   vertex 30.491 19.347 1.376
   vertex 30.535 19.235 1.376
  endloop
 endfacet
  facet normal 0 0 0
    outer loop
   vertex 30.535 19.235 1.376
   vertex 30.491 19.347 1.376
   vertex 30.565 19.296 1.376
  endloop
 endfacet
  facet normal 0 0 0
    outer loop
   vertex 30.565 19.398 1.376
   vertex 30.535 19.425 1.376
   vertex 30.565 19.499 1.376
  endloop
 endfacet
  facet normal 0 0 0
    outer loop
   vertex 30.535 19.425 1.376
   vertex 30.535 19.595 1.376
   vertex 30.565 19.499 1.376
  endloop
 endfacet
  facet normal 0 0 0
    outer loop
   vertex 30.565 19.499 1.376
   vertex 30.535 19.595 1.376
   vertex 30.565 19.6 1.376
  endloop
 endfacet
  facet normal 0 0 0
    outer loop
   vertex 30.015 19.15 1.376
   vertex 30.365 19.425 1.376
   vertex 30.365 19.235 1.376
  endloop
 endfacet
  facet normal 0 0 0
    outer loop
   vertex 30.015 19.15 1.376
   vertex 29.806 19.51 1.376
   vertex 30.365 19.425 1.376
  endloop
 endfacet
  facet normal 0 0 0
    outer loop
   vertex 30.365 20.145 1.376
   vertex 30.178 20.41 1.376
   vertex 30.365 20.315 1.376
  endloop
 endfacet
  facet normal 0 0 0
    outer loop
   vertex 30.535 20.145 1.376
   vertex 30.535 20.315 1.376
   vertex 30.565 20.208 1.376
  endloop
 endfacet
  facet normal 0 0 0
    outer loop
   vertex 30.365 20.315 1.376
   vertex 30.565 20.41 1.376
   vertex 30.535 20.315 1.376
  endloop
 endfacet
  facet normal 0 0 0
    outer loop
   vertex 30.365 19.065 1.376
   vertex 30.015 19.15 1.376
   vertex 30.365 19.235 1.376
  endloop
 endfacet
  facet normal 0 0 0
    outer loop
   vertex 30.45 17.54 1.376
   vertex 30.365 17.625 1.376
   vertex 30.535 17.625 1.376
  endloop
 endfacet
  facet normal 0 0 0
    outer loop
   vertex 30.45 17.54 1.376
   vertex 30.535 17.625 1.376
   vertex 30.565 17.575 1.376
  endloop
 endfacet
  facet normal 0 0 0
    outer loop
   vertex 30.565 17.474 1.376
   vertex 30.45 17.54 1.376
   vertex 30.565 17.575 1.376
  endloop
 endfacet
  facet normal 0 0 0
    outer loop
   vertex 30.535 17.71 1.376
   vertex 30.535 17.795 1.376
   vertex 30.565 17.778 1.376
  endloop
 endfacet
  facet normal 0 0 0
    outer loop
   vertex 30.365 18.705 1.376
   vertex 30.027 18.79 1.376
   vertex 30.365 18.875 1.376
  endloop
 endfacet
  facet normal 0 0 0
    outer loop
   vertex 29.925 18.25 1.376
   vertex 29.678 18.79 1.376
   vertex 30.027 18.79 1.376
  endloop
 endfacet
  facet normal 0 0 0
    outer loop
   vertex 30.565 18.486 1.376
   vertex 30.535 18.515 1.376
   vertex 30.565 18.588 1.376
  endloop
 endfacet
  facet normal 0 0 0
    outer loop
   vertex 29.925 18.25 1.376
   vertex 30.027 18.79 1.376
   vertex 30.365 18.515 1.376
  endloop
 endfacet
  facet normal 0 0 0
    outer loop
   vertex 30.365 18.515 1.376
   vertex 30.027 18.79 1.376
   vertex 30.365 18.705 1.376
  endloop
 endfacet
  facet normal 0 0 0
    outer loop
   vertex 30.535 18.43 1.376
   vertex 30.535 18.515 1.376
   vertex 30.565 18.486 1.376
  endloop
 endfacet
  facet normal 0 0 0
    outer loop
   vertex 30.565 18.385 1.376
   vertex 30.535 18.43 1.376
   vertex 30.565 18.486 1.376
  endloop
 endfacet
  facet normal 0 0 0
    outer loop
   vertex 30.565 18.689 1.376
   vertex 30.535 18.705 1.376
   vertex 30.565 18.79 1.376
  endloop
 endfacet
  facet normal 0 0 0
    outer loop
   vertex 30.518 18.638 1.376
   vertex 30.365 18.705 1.376
   vertex 30.535 18.705 1.376
  endloop
 endfacet
  facet normal 0 0 0
    outer loop
   vertex 30.518 18.638 1.376
   vertex 30.535 18.705 1.376
   vertex 30.565 18.689 1.376
  endloop
 endfacet
  facet normal 0 0 0
    outer loop
   vertex 30.565 18.588 1.376
   vertex 30.518 18.638 1.376
   vertex 30.565 18.689 1.376
  endloop
 endfacet
  facet normal 0 0 0
    outer loop
   vertex 30.365 18.515 1.376
   vertex 30.365 18.705 1.376
   vertex 30.518 18.638 1.376
  endloop
 endfacet
  facet normal 0 0 0
    outer loop
   vertex 30.535 18.515 1.376
   vertex 30.518 18.638 1.376
   vertex 30.565 18.588 1.376
  endloop
 endfacet
  facet normal 0 0 0
    outer loop
   vertex 30.365 18.515 1.376
   vertex 30.518 18.638 1.376
   vertex 30.535 18.515 1.376
  endloop
 endfacet
  facet normal 0 0 0
    outer loop
   vertex 30.365 18.155 1.376
   vertex 30.491 18.233 1.376
   vertex 30.535 18.155 1.376
  endloop
 endfacet
  facet normal 0 0 0
    outer loop
   vertex 30.535 18.155 1.376
   vertex 30.491 18.233 1.376
   vertex 30.565 18.183 1.376
  endloop
 endfacet
  facet normal 0 0 0
    outer loop
   vertex 30.565 18.183 1.376
   vertex 30.491 18.233 1.376
   vertex 30.565 18.284 1.376
  endloop
 endfacet
  facet normal 0 0 0
    outer loop
   vertex 30.365 18.155 1.376
   vertex 30.365 18.345 1.376
   vertex 30.491 18.233 1.376
  endloop
 endfacet
  facet normal 0 0 0
    outer loop
   vertex 30.491 18.233 1.376
   vertex 30.365 18.345 1.376
   vertex 30.535 18.345 1.376
  endloop
 endfacet
  facet normal 0 0 0
    outer loop
   vertex 30.491 18.233 1.376
   vertex 30.535 18.345 1.376
   vertex 30.565 18.284 1.376
  endloop
 endfacet
  facet normal 0 0 0
    outer loop
   vertex 30.565 18.284 1.376
   vertex 30.535 18.345 1.376
   vertex 30.565 18.385 1.376
  endloop
 endfacet
  facet normal 0 0 0
    outer loop
   vertex 30.565 18.081 1.376
   vertex 30.535 18.155 1.376
   vertex 30.565 18.183 1.376
  endloop
 endfacet
  facet normal 0 0 0
    outer loop
   vertex 30.565 17.98 1.376
   vertex 30.535 17.985 1.376
   vertex 30.565 18.081 1.376
  endloop
 endfacet
  facet normal 0 0 0
    outer loop
   vertex 30.535 17.985 1.376
   vertex 30.535 18.155 1.376
   vertex 30.565 18.081 1.376
  endloop
 endfacet
  facet normal 0 0 0
    outer loop
   vertex 30.535 18.345 1.376
   vertex 30.535 18.43 1.376
   vertex 30.565 18.385 1.376
  endloop
 endfacet
  facet normal 0 0 0
    outer loop
   vertex 30.365 17.795 1.376
   vertex 30.535 17.89 1.376
   vertex 30.535 17.795 1.376
  endloop
 endfacet
  facet normal 0 0 0
    outer loop
   vertex 30.535 17.89 1.376
   vertex 30.365 17.985 1.376
   vertex 30.535 17.985 1.376
  endloop
 endfacet
  facet normal 0 0 0
    outer loop
   vertex 30.565 18.79 1.376
   vertex 30.535 18.875 1.376
   vertex 30.565 18.891 1.376
  endloop
 endfacet
  facet normal 0 0 0
    outer loop
   vertex 30.365 17.795 1.376
   vertex 30.365 17.985 1.376
   vertex 30.535 17.89 1.376
  endloop
 endfacet
  facet normal 0 0 0
    outer loop
   vertex 30.535 17.89 1.376
   vertex 30.535 17.985 1.376
   vertex 30.565 17.98 1.376
  endloop
 endfacet
  facet normal 0 0 0
    outer loop
   vertex 30.565 17.778 1.376
   vertex 30.535 17.795 1.376
   vertex 30.535 17.89 1.376
  endloop
 endfacet
  facet normal 0 0 0
    outer loop
   vertex 29.995 17.53 1.376
   vertex 30.365 17.795 1.376
   vertex 30.365 17.625 1.376
  endloop
 endfacet
  facet normal 0 0 0
    outer loop
   vertex 30.565 17.778 1.376
   vertex 30.535 17.89 1.376
   vertex 30.565 17.98 1.376
  endloop
 endfacet
  facet normal 0 0 0
    outer loop
   vertex 30.535 18.705 1.376
   vertex 30.535 18.875 1.376
   vertex 30.565 18.79 1.376
  endloop
 endfacet
  facet normal 0 0 0
    outer loop
   vertex 29.995 17.53 1.376
   vertex 30.365 17.985 1.376
   vertex 30.365 17.795 1.376
  endloop
 endfacet
  facet normal 0 0 0
    outer loop
   vertex 30.565 17.676 1.376
   vertex 30.535 17.71 1.376
   vertex 30.565 17.778 1.376
  endloop
 endfacet
  facet normal 0 0 0
    outer loop
   vertex 30.565 17.575 1.376
   vertex 30.535 17.625 1.376
   vertex 30.565 17.676 1.376
  endloop
 endfacet
  facet normal 0 0 0
    outer loop
   vertex 30.535 17.625 1.376
   vertex 30.535 17.71 1.376
   vertex 30.565 17.676 1.376
  endloop
 endfacet
  facet normal 0 0 0
    outer loop
   vertex 29.995 17.53 1.376
   vertex 29.655 17.89 1.376
   vertex 30.365 17.985 1.376
  endloop
 endfacet
  facet normal 0 0 0
    outer loop
   vertex 29.655 17.89 1.376
   vertex 29.678 18.79 1.376
   vertex 29.925 18.25 1.376
  endloop
 endfacet
  facet normal 0 0 0
    outer loop
   vertex 30.365 18.155 1.376
   vertex 29.925 18.25 1.376
   vertex 30.365 18.345 1.376
  endloop
 endfacet
  facet normal 0 0 0
    outer loop
   vertex 29.925 18.25 1.376
   vertex 30.365 18.515 1.376
   vertex 30.365 18.345 1.376
  endloop
 endfacet
  facet normal 0 0 0
    outer loop
   vertex 30.365 17.985 1.376
   vertex 29.925 18.25 1.376
   vertex 30.365 18.155 1.376
  endloop
 endfacet
  facet normal 0 0 0
    outer loop
   vertex 29.655 17.89 1.376
   vertex 29.925 18.25 1.376
   vertex 30.365 17.985 1.376
  endloop
 endfacet
  facet normal 0 0 0
    outer loop
   vertex 30.565 17.17 1.376
   vertex 30.365 17.265 1.376
   vertex 30.535 17.265 1.376
  endloop
 endfacet
  facet normal 0 0 0
    outer loop
   vertex 30.216 17.17 1.376
   vertex 30.365 17.265 1.376
   vertex 30.565 17.17 1.376
  endloop
 endfacet
  facet normal 0 0 0
    outer loop
   vertex 30.216 17.17 1.376
   vertex 30.365 17.435 1.376
   vertex 30.365 17.265 1.376
  endloop
 endfacet
  facet normal 0 0 0
    outer loop
   vertex 27.77 15.24 1.376
   vertex 27.37 15.34 1.376
   vertex 27.37 16.455 1.376
  endloop
 endfacet
  facet normal 0 0 0
    outer loop
   vertex 27.77 15.24 1.376
   vertex 27.37 16.455 1.376
   vertex 27.77 17.17 1.376
  endloop
 endfacet
  facet normal 0 0 0
    outer loop
   vertex 30.565 17.17 1.376
   vertex 30.535 17.265 1.376
   vertex 30.565 17.373 1.376
  endloop
 endfacet
  facet normal 0 0 0
    outer loop
   vertex 30.535 17.265 1.376
   vertex 30.535 17.435 1.376
   vertex 30.565 17.373 1.376
  endloop
 endfacet
  facet normal 0 0 0
    outer loop
   vertex 2.2 15.225 1.376
   vertex 1.74 16.025 1.376
   vertex 2.54 16.025 1.376
  endloop
 endfacet
  facet normal 0 0 0
    outer loop
   vertex 2.2 15.225 1.376
   vertex 2.54 16.025 1.376
   vertex 2.54 15.225 1.376
  endloop
 endfacet
  facet normal 0 0 0
    outer loop
   vertex -6.94 12.81 1.376
   vertex -6.893 13 1.376
   vertex -6.845 12.81 1.376
  endloop
 endfacet
  facet normal 0 0 0
    outer loop
   vertex -6.845 12.81 1.376
   vertex -6.893 13 1.376
   vertex -6.75 12.81 1.376
  endloop
 endfacet
  facet normal 0 0 0
    outer loop
   vertex -6.893 13 1.376
   vertex -7.035 13.15 1.376
   vertex -6.94 13.19 1.376
  endloop
 endfacet
  facet normal 0 0 0
    outer loop
   vertex -7.035 12.85 1.376
   vertex -7.035 13.15 1.376
   vertex -6.893 13 1.376
  endloop
 endfacet
  facet normal 0 0 0
    outer loop
   vertex -6.94 12.81 1.376
   vertex -7.035 12.85 1.376
   vertex -6.893 13 1.376
  endloop
 endfacet
  facet normal 0 0 0
    outer loop
   vertex -6.893 13 1.376
   vertex -6.845 13.19 1.376
   vertex -6.75 13.19 1.376
  endloop
 endfacet
  facet normal 0 0 0
    outer loop
   vertex -6.893 13 1.376
   vertex -6.75 13.19 1.376
   vertex -6.655 13.15 1.376
  endloop
 endfacet
  facet normal 0 0 0
    outer loop
   vertex -6.75 12.81 1.376
   vertex -6.893 13 1.376
   vertex -6.655 12.85 1.376
  endloop
 endfacet
  facet normal 0 0 0
    outer loop
   vertex -6.655 12.85 1.376
   vertex -6.893 13 1.376
   vertex -6.655 13.15 1.376
  endloop
 endfacet
  facet normal 0 0 0
    outer loop
   vertex 1.4 8.65 1.376
   vertex 1.4 9.45 1.376
   vertex 1.74 9.45 1.376
  endloop
 endfacet
  facet normal 0 0 0
    outer loop
   vertex -7.47 12.85 1.376
   vertex -7.47 13.15 1.376
   vertex -7.405 12.915 1.376
  endloop
 endfacet
  facet normal 0 0 0
    outer loop
   vertex -7.035 12.85 1.376
   vertex -7.235 12.915 1.376
   vertex -7.035 13.15 1.376
  endloop
 endfacet
  facet normal 0 0 0
    outer loop
   vertex 1.4 8.65 1.376
   vertex 1.74 9.45 1.376
   vertex 2.2 8.65 1.376
  endloop
 endfacet
  facet normal 0 0 0
    outer loop
   vertex -7.47 12.85 1.376
   vertex -7.405 12.915 1.376
   vertex -7.235 12.915 1.376
  endloop
 endfacet
  facet normal 0 0 0
    outer loop
   vertex -7.235 12.915 1.376
   vertex -7.235 13.085 1.376
   vertex -7.035 13.15 1.376
  endloop
 endfacet
  facet normal 0 0 0
    outer loop
   vertex 2.2 11.938 1.376
   vertex 1.74 12.738 1.376
   vertex 2.2 13.581 1.376
  endloop
 endfacet
  facet normal 0 0 0
    outer loop
   vertex 1.74 12.738 1.376
   vertex 1.74 14.381 1.376
   vertex 2.2 13.581 1.376
  endloop
 endfacet
  facet normal 0 0 0
    outer loop
   vertex 1.74 11.094 1.376
   vertex 1.74 12.738 1.376
   vertex 2.2 11.938 1.376
  endloop
 endfacet
  facet normal 0 0 0
    outer loop
   vertex 2.2 10.294 1.376
   vertex 1.74 11.094 1.376
   vertex 2.2 11.938 1.376
  endloop
 endfacet
  facet normal 0 0 0
    outer loop
   vertex 2.2 8.65 1.376
   vertex 1.74 9.45 1.376
   vertex 2.2 10.294 1.376
  endloop
 endfacet
  facet normal 0 0 0
    outer loop
   vertex 1.74 9.45 1.376
   vertex 1.74 11.094 1.376
   vertex 2.2 10.294 1.376
  endloop
 endfacet
  facet normal 0 0 0
    outer loop
   vertex -7.405 13.085 1.376
   vertex -7.47 13.15 1.376
   vertex -7.235 13.085 1.376
  endloop
 endfacet
  facet normal 0 0 0
    outer loop
   vertex -7.405 12.915 1.376
   vertex -7.47 13.15 1.376
   vertex -7.405 13.085 1.376
  endloop
 endfacet
  facet normal 0 0 0
    outer loop
   vertex -6.655 12.85 1.376
   vertex -6.655 13.15 1.376
   vertex -6.455 12.915 1.376
  endloop
 endfacet
  facet normal 0 0 0
    outer loop
   vertex -6.22 12.85 1.376
   vertex -6.455 12.915 1.376
   vertex -6.285 12.915 1.376
  endloop
 endfacet
  facet normal 0 0 0
    outer loop
   vertex -6.22 12.85 1.376
   vertex -6.285 12.915 1.376
   vertex -6.22 13.15 1.376
  endloop
 endfacet
  facet normal 0 0 0
    outer loop
   vertex -6.285 12.915 1.376
   vertex -6.285 13.085 1.376
   vertex -6.22 13.15 1.376
  endloop
 endfacet
  facet normal 0 0 0
    outer loop
   vertex -6.455 12.915 1.376
   vertex -6.655 13.15 1.376
   vertex -6.455 13.085 1.376
  endloop
 endfacet
  facet normal 0 0 0
    outer loop
   vertex -6.455 13.085 1.376
   vertex -6.22 13.15 1.376
   vertex -6.285 13.085 1.376
  endloop
 endfacet
  facet normal 0 0 0
    outer loop
   vertex -7.47 12.85 1.376
   vertex -7.235 12.915 1.376
   vertex -7.035 12.85 1.376
  endloop
 endfacet
  facet normal 0 0 0
    outer loop
   vertex -7.235 13.085 1.376
   vertex -7.47 13.15 1.376
   vertex -7.035 13.15 1.376
  endloop
 endfacet
  facet normal 0 0 0
    outer loop
   vertex -6.455 13.085 1.376
   vertex -6.655 13.15 1.376
   vertex -6.22 13.15 1.376
  endloop
 endfacet
  facet normal 0 0 0
    outer loop
   vertex -6.655 12.85 1.376
   vertex -6.455 12.915 1.376
   vertex -6.22 12.85 1.376
  endloop
 endfacet
  facet normal 0 0 0
    outer loop
   vertex -7.035 13.15 1.376
   vertex -7.035 13.19 1.376
   vertex -6.94 13.19 1.376
  endloop
 endfacet
  facet normal 0 0 0
    outer loop
   vertex -6.655 13.15 1.376
   vertex -6.75 13.19 1.376
   vertex -6.655 13.19 1.376
  endloop
 endfacet
  facet normal 0 0 0
    outer loop
   vertex -7.035 12.81 1.376
   vertex -7.035 12.85 1.376
   vertex -6.94 12.81 1.376
  endloop
 endfacet
  facet normal 0 0 0
    outer loop
   vertex -6.75 12.81 1.376
   vertex -6.655 12.85 1.376
   vertex -6.655 12.81 1.376
  endloop
 endfacet
  facet normal 0 0 0
    outer loop
   vertex -6.893 13 1.376
   vertex -6.94 13.19 1.376
   vertex -6.845 13.19 1.376
  endloop
 endfacet
  facet normal 0 0 0
    outer loop
   vertex 30.365 11.435 1.376
   vertex 29.973 11.53 1.376
   vertex 30.365 11.625 1.376
  endloop
 endfacet
  facet normal 0 0 0
    outer loop
   vertex 29.973 11.53 1.376
   vertex 30.178 11.89 1.376
   vertex 30.365 11.625 1.376
  endloop
 endfacet
  facet normal 0 0 0
    outer loop
   vertex 29.973 11.53 1.376
   vertex 29.79 11.89 1.376
   vertex 30.178 11.89 1.376
  endloop
 endfacet
  facet normal 0 0 0
    outer loop
   vertex 30.365 11.435 1.376
   vertex 30.365 11.625 1.376
   vertex 30.45 11.52 1.376
  endloop
 endfacet
  facet normal 0 0 0
    outer loop
   vertex 30.45 11.52 1.376
   vertex 30.365 11.625 1.376
   vertex 30.535 11.625 1.376
  endloop
 endfacet
  facet normal 0 0 0
    outer loop
   vertex 30.565 11.586 1.376
   vertex 30.535 11.625 1.376
   vertex 30.565 11.688 1.376
  endloop
 endfacet
  facet normal 0 0 0
    outer loop
   vertex 30.45 11.52 1.376
   vertex 30.535 11.625 1.376
   vertex 30.565 11.586 1.376
  endloop
 endfacet
  facet normal 0 0 0
    outer loop
   vertex 29.973 11.53 1.376
   vertex 29.015 11.89 1.376
   vertex 29.79 11.89 1.376
  endloop
 endfacet
  facet normal 0 0 0
    outer loop
   vertex 27.37 10.88 1.376
   vertex 27.37 11.995 1.376
   vertex 27.77 11.38 1.376
  endloop
 endfacet
  facet normal 0 0 0
    outer loop
   vertex 27.77 11.38 1.376
   vertex 27.37 11.995 1.376
   vertex 27.77 13.31 1.376
  endloop
 endfacet
  facet normal 0 0 0
    outer loop
   vertex 29.015 10.67 1.376
   vertex 29.015 11.89 1.376
   vertex 29.973 11.53 1.376
  endloop
 endfacet
  facet normal 0 0 0
    outer loop
   vertex 30.365 11.625 1.376
   vertex 30.178 11.89 1.376
   vertex 30.365 11.795 1.376
  endloop
 endfacet
  facet normal 0 0 0
    outer loop
   vertex 27.37 13.11 1.376
   vertex 27.37 14.225 1.376
   vertex 27.77 13.31 1.376
  endloop
 endfacet
  facet normal 0 0 0
    outer loop
   vertex 30.535 11.625 1.376
   vertex 30.535 11.795 1.376
   vertex 30.565 11.688 1.376
  endloop
 endfacet
  facet normal 0 0 0
    outer loop
   vertex 30.365 11.795 1.376
   vertex 30.565 11.89 1.376
   vertex 30.535 11.795 1.376
  endloop
 endfacet
  facet normal 0 0 0
    outer loop
   vertex 27.37 11.995 1.376
   vertex 27.37 13.11 1.376
   vertex 27.77 13.31 1.376
  endloop
 endfacet
  facet normal 0 0 0
    outer loop
   vertex 30.565 11.688 1.376
   vertex 30.535 11.795 1.376
   vertex 30.565 11.89 1.376
  endloop
 endfacet
  facet normal 0 0 0
    outer loop
   vertex 30.365 11.795 1.376
   vertex 30.178 11.89 1.376
   vertex 30.565 11.89 1.376
  endloop
 endfacet
  facet normal 0 0 0
    outer loop
   vertex 27.37 8.65 1.376
   vertex 27.37 10.88 1.376
   vertex 27.77 9.45 1.376
  endloop
 endfacet
  facet normal 0 0 0
    outer loop
   vertex 30.518 10.118 1.376
   vertex 30.365 10.185 1.376
   vertex 30.535 10.185 1.376
  endloop
 endfacet
  facet normal 0 0 0
    outer loop
   vertex 30.518 10.118 1.376
   vertex 30.535 10.185 1.376
   vertex 30.565 10.169 1.376
  endloop
 endfacet
  facet normal 0 0 0
    outer loop
   vertex 30.565 10.068 1.376
   vertex 30.518 10.118 1.376
   vertex 30.565 10.169 1.376
  endloop
 endfacet
  facet normal 0 0 0
    outer loop
   vertex 30.365 9.995 1.376
   vertex 30.365 10.185 1.376
   vertex 30.518 10.118 1.376
  endloop
 endfacet
  facet normal 0 0 0
    outer loop
   vertex 27.77 9.45 1.376
   vertex 27.37 10.88 1.376
   vertex 27.77 11.38 1.376
  endloop
 endfacet
  facet normal 0 0 0
    outer loop
   vertex 29.977 9.91 1.376
   vertex 29.015 10.67 1.376
   vertex 29.692 10.63 1.376
  endloop
 endfacet
  facet normal 0 0 0
    outer loop
   vertex 29.015 9.45 1.376
   vertex 29.015 10.67 1.376
   vertex 29.977 9.91 1.376
  endloop
 endfacet
  facet normal 0 0 0
    outer loop
   vertex 30.365 9.995 1.376
   vertex 30.015 10.27 1.376
   vertex 30.365 10.185 1.376
  endloop
 endfacet
  facet normal 0 0 0
    outer loop
   vertex 29.977 9.91 1.376
   vertex 30.015 10.27 1.376
   vertex 30.365 9.995 1.376
  endloop
 endfacet
  facet normal 0 0 0
    outer loop
   vertex 29.977 9.91 1.376
   vertex 29.692 10.63 1.376
   vertex 30.015 10.27 1.376
  endloop
 endfacet
  facet normal 0 0 0
    outer loop
   vertex 29.692 10.63 1.376
   vertex 29.015 10.67 1.376
   vertex 29.973 11.53 1.376
  endloop
 endfacet
  facet normal 0 0 0
    outer loop
   vertex 30.535 11.075 1.376
   vertex 30.565 11.181 1.376
   vertex 30.565 11.08 1.376
  endloop
 endfacet
  facet normal 0 0 0
    outer loop
   vertex 30.365 11.075 1.376
   vertex 30.565 11.181 1.376
   vertex 30.535 11.075 1.376
  endloop
 endfacet
  facet normal 0 0 0
    outer loop
   vertex 30.565 11.181 1.376
   vertex 30.365 11.265 1.376
   vertex 30.535 11.265 1.376
  endloop
 endfacet
  facet normal 0 0 0
    outer loop
   vertex 30.365 11.075 1.376
   vertex 30.365 11.265 1.376
   vertex 30.565 11.181 1.376
  endloop
 endfacet
  facet normal 0 0 0
    outer loop
   vertex 30.365 10.355 1.376
   vertex 30.518 10.422 1.376
   vertex 30.535 10.355 1.376
  endloop
 endfacet
  facet normal 0 0 0
    outer loop
   vertex 30.535 10.355 1.376
   vertex 30.518 10.422 1.376
   vertex 30.565 10.371 1.376
  endloop
 endfacet
  facet normal 0 0 0
    outer loop
   vertex 30.565 10.371 1.376
   vertex 30.518 10.422 1.376
   vertex 30.565 10.473 1.376
  endloop
 endfacet
  facet normal 0 0 0
    outer loop
   vertex 30.365 10.355 1.376
   vertex 30.365 10.545 1.376
   vertex 30.518 10.422 1.376
  endloop
 endfacet
  facet normal 0 0 0
    outer loop
   vertex 30.518 10.422 1.376
   vertex 30.365 10.545 1.376
   vertex 30.535 10.545 1.376
  endloop
 endfacet
  facet normal 0 0 0
    outer loop
   vertex 30.518 10.422 1.376
   vertex 30.535 10.545 1.376
   vertex 30.565 10.473 1.376
  endloop
 endfacet
  facet normal 0 0 0
    outer loop
   vertex 30.491 10.827 1.376
   vertex 30.365 10.905 1.376
   vertex 30.535 10.905 1.376
  endloop
 endfacet
  facet normal 0 0 0
    outer loop
   vertex 30.491 10.827 1.376
   vertex 30.535 10.905 1.376
   vertex 30.565 10.878 1.376
  endloop
 endfacet
  facet normal 0 0 0
    outer loop
   vertex 30.565 10.776 1.376
   vertex 30.491 10.827 1.376
   vertex 30.565 10.878 1.376
  endloop
 endfacet
  facet normal 0 0 0
    outer loop
   vertex 30.365 10.715 1.376
   vertex 30.365 10.905 1.376
   vertex 30.491 10.827 1.376
  endloop
 endfacet
  facet normal 0 0 0
    outer loop
   vertex 30.365 10.715 1.376
   vertex 30.491 10.827 1.376
   vertex 30.535 10.715 1.376
  endloop
 endfacet
  facet normal 0 0 0
    outer loop
   vertex 30.535 10.715 1.376
   vertex 30.491 10.827 1.376
   vertex 30.565 10.776 1.376
  endloop
 endfacet
  facet normal 0 0 0
    outer loop
   vertex 30.565 10.878 1.376
   vertex 30.535 10.905 1.376
   vertex 30.565 10.979 1.376
  endloop
 endfacet
  facet normal 0 0 0
    outer loop
   vertex 30.535 10.905 1.376
   vertex 30.535 11.075 1.376
   vertex 30.565 10.979 1.376
  endloop
 endfacet
  facet normal 0 0 0
    outer loop
   vertex 30.565 10.979 1.376
   vertex 30.535 11.075 1.376
   vertex 30.565 11.08 1.376
  endloop
 endfacet
  facet normal 0 0 0
    outer loop
   vertex 30.565 11.485 1.376
   vertex 30.45 11.52 1.376
   vertex 30.565 11.586 1.376
  endloop
 endfacet
  facet normal 0 0 0
    outer loop
   vertex 30.535 11.35 1.376
   vertex 30.535 11.435 1.376
   vertex 30.565 11.384 1.376
  endloop
 endfacet
  facet normal 0 0 0
    outer loop
   vertex 30.365 11.265 1.376
   vertex 29.973 11.53 1.376
   vertex 30.365 11.435 1.376
  endloop
 endfacet
  facet normal 0 0 0
    outer loop
   vertex 30.535 11.265 1.376
   vertex 30.535 11.35 1.376
   vertex 30.565 11.283 1.376
  endloop
 endfacet
  facet normal 0 0 0
    outer loop
   vertex 30.565 10.169 1.376
   vertex 30.535 10.185 1.376
   vertex 30.565 10.27 1.376
  endloop
 endfacet
  facet normal 0 0 0
    outer loop
   vertex 30.565 10.473 1.376
   vertex 30.535 10.545 1.376
   vertex 30.565 10.574 1.376
  endloop
 endfacet
  facet normal 0 0 0
    outer loop
   vertex 30.535 10.545 1.376
   vertex 30.535 10.63 1.376
   vertex 30.565 10.574 1.376
  endloop
 endfacet
  facet normal 0 0 0
    outer loop
   vertex 30.565 10.574 1.376
   vertex 30.535 10.63 1.376
   vertex 30.565 10.675 1.376
  endloop
 endfacet
  facet normal 0 0 0
    outer loop
   vertex 30.565 10.27 1.376
   vertex 30.535 10.355 1.376
   vertex 30.565 10.371 1.376
  endloop
 endfacet
  facet normal 0 0 0
    outer loop
   vertex 30.565 10.675 1.376
   vertex 30.535 10.715 1.376
   vertex 30.565 10.776 1.376
  endloop
 endfacet
  facet normal 0 0 0
    outer loop
   vertex 30.565 11.283 1.376
   vertex 30.535 11.35 1.376
   vertex 30.565 11.384 1.376
  endloop
 endfacet
  facet normal 0 0 0
    outer loop
   vertex 30.565 11.384 1.376
   vertex 30.535 11.435 1.376
   vertex 30.565 11.485 1.376
  endloop
 endfacet
  facet normal 0 0 0
    outer loop
   vertex 30.365 10.545 1.376
   vertex 30.034 10.63 1.376
   vertex 30.365 10.715 1.376
  endloop
 endfacet
  facet normal 0 0 0
    outer loop
   vertex 30.034 10.63 1.376
   vertex 30.365 10.905 1.376
   vertex 30.365 10.715 1.376
  endloop
 endfacet
  facet normal 0 0 0
    outer loop
   vertex 30.365 10.355 1.376
   vertex 30.034 10.63 1.376
   vertex 30.365 10.545 1.376
  endloop
 endfacet
  facet normal 0 0 0
    outer loop
   vertex 30.535 10.185 1.376
   vertex 30.535 10.355 1.376
   vertex 30.565 10.27 1.376
  endloop
 endfacet
  facet normal 0 0 0
    outer loop
   vertex 30.535 10.63 1.376
   vertex 30.535 10.715 1.376
   vertex 30.565 10.675 1.376
  endloop
 endfacet
  facet normal 0 0 0
    outer loop
   vertex 30.015 10.27 1.376
   vertex 30.034 10.63 1.376
   vertex 30.365 10.355 1.376
  endloop
 endfacet
  facet normal 0 0 0
    outer loop
   vertex 30.365 10.185 1.376
   vertex 30.015 10.27 1.376
   vertex 30.365 10.355 1.376
  endloop
 endfacet
  facet normal 0 0 0
    outer loop
   vertex 30.565 11.181 1.376
   vertex 30.535 11.265 1.376
   vertex 30.565 11.283 1.376
  endloop
 endfacet
  facet normal 0 0 0
    outer loop
   vertex 30.365 11.435 1.376
   vertex 30.45 11.52 1.376
   vertex 30.535 11.435 1.376
  endloop
 endfacet
  facet normal 0 0 0
    outer loop
   vertex 30.535 11.435 1.376
   vertex 30.45 11.52 1.376
   vertex 30.565 11.485 1.376
  endloop
 endfacet
  facet normal 0 0 0
    outer loop
   vertex 30.015 10.27 1.376
   vertex 29.692 10.63 1.376
   vertex 30.034 10.63 1.376
  endloop
 endfacet
  facet normal 0 0 0
    outer loop
   vertex 30.015 10.99 1.376
   vertex 29.973 11.53 1.376
   vertex 30.365 11.265 1.376
  endloop
 endfacet
  facet normal 0 0 0
    outer loop
   vertex 30.015 10.99 1.376
   vertex 30.365 11.265 1.376
   vertex 30.365 11.075 1.376
  endloop
 endfacet
  facet normal 0 0 0
    outer loop
   vertex 30.365 10.905 1.376
   vertex 30.015 10.99 1.376
   vertex 30.365 11.075 1.376
  endloop
 endfacet
  facet normal 0 0 0
    outer loop
   vertex 30.034 10.63 1.376
   vertex 30.015 10.99 1.376
   vertex 30.365 10.905 1.376
  endloop
 endfacet
  facet normal 0 0 0
    outer loop
   vertex 29.692 10.63 1.376
   vertex 30.015 10.99 1.376
   vertex 30.034 10.63 1.376
  endloop
 endfacet
  facet normal 0 0 0
    outer loop
   vertex 29.692 10.63 1.376
   vertex 29.973 11.53 1.376
   vertex 30.015 10.99 1.376
  endloop
 endfacet
  facet normal 0 0 0
    outer loop
   vertex 30.365 8.915 1.376
   vertex 30.45 9.02 1.376
   vertex 30.535 8.915 1.376
  endloop
 endfacet
  facet normal 0 0 0
    outer loop
   vertex 30.365 9.275 1.376
   vertex 30.535 9.37 1.376
   vertex 30.535 9.275 1.376
  endloop
 endfacet
  facet normal 0 0 0
    outer loop
   vertex 30.535 9.37 1.376
   vertex 30.365 9.465 1.376
   vertex 30.535 9.465 1.376
  endloop
 endfacet
  facet normal 0 0 0
    outer loop
   vertex 30.365 9.275 1.376
   vertex 30.365 9.465 1.376
   vertex 30.535 9.37 1.376
  endloop
 endfacet
  facet normal 0 0 0
    outer loop
   vertex 30.365 9.635 1.376
   vertex 30.491 9.713 1.376
   vertex 30.535 9.635 1.376
  endloop
 endfacet
  facet normal 0 0 0
    outer loop
   vertex 30.166 8.65 1.376
   vertex 30.365 8.745 1.376
   vertex 30.565 8.65 1.376
  endloop
 endfacet
  facet normal 0 0 0
    outer loop
   vertex 30.166 8.65 1.376
   vertex 30.365 8.915 1.376
   vertex 30.365 8.745 1.376
  endloop
 endfacet
  facet normal 0 0 0
    outer loop
   vertex 29.766 8.65 1.376
   vertex 29.015 9.45 1.376
   vertex 29.965 9.01 1.376
  endloop
 endfacet
  facet normal 0 0 0
    outer loop
   vertex 29.965 9.01 1.376
   vertex 30.365 9.275 1.376
   vertex 30.365 9.105 1.376
  endloop
 endfacet
  facet normal 0 0 0
    outer loop
   vertex 30.365 8.915 1.376
   vertex 29.965 9.01 1.376
   vertex 30.365 9.105 1.376
  endloop
 endfacet
  facet normal 0 0 0
    outer loop
   vertex 30.535 9.37 1.376
   vertex 30.535 9.465 1.376
   vertex 30.565 9.46 1.376
  endloop
 endfacet
  facet normal 0 0 0
    outer loop
   vertex 30.565 9.258 1.376
   vertex 30.535 9.275 1.376
   vertex 30.535 9.37 1.376
  endloop
 endfacet
  facet normal 0 0 0
    outer loop
   vertex 30.565 9.258 1.376
   vertex 30.535 9.37 1.376
   vertex 30.565 9.46 1.376
  endloop
 endfacet
  facet normal 0 0 0
    outer loop
   vertex 30.535 9.635 1.376
   vertex 30.491 9.713 1.376
   vertex 30.565 9.663 1.376
  endloop
 endfacet
  facet normal 0 0 0
    outer loop
   vertex 30.565 9.966 1.376
   vertex 30.535 9.995 1.376
   vertex 30.565 10.068 1.376
  endloop
 endfacet
  facet normal 0 0 0
    outer loop
   vertex 30.535 9.91 1.376
   vertex 30.535 9.995 1.376
   vertex 30.565 9.966 1.376
  endloop
 endfacet
  facet normal 0 0 0
    outer loop
   vertex 30.565 9.865 1.376
   vertex 30.535 9.91 1.376
   vertex 30.565 9.966 1.376
  endloop
 endfacet
  facet normal 0 0 0
    outer loop
   vertex 30.565 9.663 1.376
   vertex 30.491 9.713 1.376
   vertex 30.565 9.764 1.376
  endloop
 endfacet
  facet normal 0 0 0
    outer loop
   vertex 30.565 9.764 1.376
   vertex 30.535 9.825 1.376
   vertex 30.565 9.865 1.376
  endloop
 endfacet
  facet normal 0 0 0
    outer loop
   vertex 30.565 9.561 1.376
   vertex 30.535 9.635 1.376
   vertex 30.565 9.663 1.376
  endloop
 endfacet
  facet normal 0 0 0
    outer loop
   vertex 30.565 9.46 1.376
   vertex 30.535 9.465 1.376
   vertex 30.565 9.561 1.376
  endloop
 endfacet
  facet normal 0 0 0
    outer loop
   vertex 30.535 9.465 1.376
   vertex 30.535 9.635 1.376
   vertex 30.565 9.561 1.376
  endloop
 endfacet
  facet normal 0 0 0
    outer loop
   vertex 30.365 9.635 1.376
   vertex 30.365 9.825 1.376
   vertex 30.491 9.713 1.376
  endloop
 endfacet
  facet normal 0 0 0
    outer loop
   vertex 30.491 9.713 1.376
   vertex 30.365 9.825 1.376
   vertex 30.535 9.825 1.376
  endloop
 endfacet
  facet normal 0 0 0
    outer loop
   vertex 30.491 9.713 1.376
   vertex 30.535 9.825 1.376
   vertex 30.565 9.764 1.376
  endloop
 endfacet
  facet normal 0 0 0
    outer loop
   vertex 28.968 8.65 1.376
   vertex 29.015 9.45 1.376
   vertex 29.766 8.65 1.376
  endloop
 endfacet
  facet normal 0 0 0
    outer loop
   vertex 30.535 8.745 1.376
   vertex 30.535 8.915 1.376
   vertex 30.565 8.853 1.376
  endloop
 endfacet
  facet normal 0 0 0
    outer loop
   vertex 30.565 8.853 1.376
   vertex 30.535 8.915 1.376
   vertex 30.565 8.954 1.376
  endloop
 endfacet
  facet normal 0 0 0
    outer loop
   vertex 30.535 8.915 1.376
   vertex 30.45 9.02 1.376
   vertex 30.565 8.954 1.376
  endloop
 endfacet
  facet normal 0 0 0
    outer loop
   vertex 30.565 8.954 1.376
   vertex 30.45 9.02 1.376
   vertex 30.565 9.055 1.376
  endloop
 endfacet
  facet normal 0 0 0
    outer loop
   vertex 30.535 9.19 1.376
   vertex 30.535 9.275 1.376
   vertex 30.565 9.258 1.376
  endloop
 endfacet
  facet normal 0 0 0
    outer loop
   vertex 30.365 8.915 1.376
   vertex 30.365 9.105 1.376
   vertex 30.45 9.02 1.376
  endloop
 endfacet
  facet normal 0 0 0
    outer loop
   vertex 29.766 8.65 1.376
   vertex 29.965 9.01 1.376
   vertex 30.166 8.65 1.376
  endloop
 endfacet
  facet normal 0 0 0
    outer loop
   vertex 30.535 9.825 1.376
   vertex 30.535 9.91 1.376
   vertex 30.565 9.865 1.376
  endloop
 endfacet
  facet normal 0 0 0
    outer loop
   vertex 30.45 9.02 1.376
   vertex 30.365 9.105 1.376
   vertex 30.535 9.105 1.376
  endloop
 endfacet
  facet normal 0 0 0
    outer loop
   vertex 30.166 8.65 1.376
   vertex 29.965 9.01 1.376
   vertex 30.365 8.915 1.376
  endloop
 endfacet
  facet normal 0 0 0
    outer loop
   vertex 29.015 9.45 1.376
   vertex 29.977 9.91 1.376
   vertex 29.81 9.55 1.376
  endloop
 endfacet
  facet normal 0 0 0
    outer loop
   vertex 29.965 9.01 1.376
   vertex 29.015 9.45 1.376
   vertex 29.81 9.55 1.376
  endloop
 endfacet
  facet normal 0 0 0
    outer loop
   vertex 30.365 9.465 1.376
   vertex 29.81 9.55 1.376
   vertex 30.365 9.635 1.376
  endloop
 endfacet
  facet normal 0 0 0
    outer loop
   vertex 30.365 9.825 1.376
   vertex 29.977 9.91 1.376
   vertex 30.365 9.995 1.376
  endloop
 endfacet
  facet normal 0 0 0
    outer loop
   vertex 30.365 9.635 1.376
   vertex 29.977 9.91 1.376
   vertex 30.365 9.825 1.376
  endloop
 endfacet
  facet normal 0 0 0
    outer loop
   vertex 29.81 9.55 1.376
   vertex 29.977 9.91 1.376
   vertex 30.365 9.635 1.376
  endloop
 endfacet
  facet normal 0 0 0
    outer loop
   vertex 30.365 9.275 1.376
   vertex 29.81 9.55 1.376
   vertex 30.365 9.465 1.376
  endloop
 endfacet
  facet normal 0 0 0
    outer loop
   vertex 29.965 9.01 1.376
   vertex 29.81 9.55 1.376
   vertex 30.365 9.275 1.376
  endloop
 endfacet
  facet normal 0 0 0
    outer loop
   vertex 30.565 8.65 1.376
   vertex 30.365 8.745 1.376
   vertex 30.535 8.745 1.376
  endloop
 endfacet
  facet normal 0 0 0
    outer loop
   vertex 30.565 8.65 1.376
   vertex 30.535 8.745 1.376
   vertex 30.565 8.853 1.376
  endloop
 endfacet
  facet normal 0 0 0
    outer loop
   vertex 27.37 8.65 1.376
   vertex 27.77 9.45 1.376
   vertex 28.968 8.65 1.376
  endloop
 endfacet
  facet normal 0 0 0
    outer loop
   vertex 28.968 8.65 1.376
   vertex 27.77 9.45 1.376
   vertex 29.015 9.45 1.376
  endloop
 endfacet
  facet normal 0 0 0
    outer loop
   vertex 30.565 9.156 1.376
   vertex 30.535 9.19 1.376
   vertex 30.565 9.258 1.376
  endloop
 endfacet
  facet normal 0 0 0
    outer loop
   vertex 30.565 9.055 1.376
   vertex 30.535 9.105 1.376
   vertex 30.565 9.156 1.376
  endloop
 endfacet
  facet normal 0 0 0
    outer loop
   vertex 30.535 9.105 1.376
   vertex 30.535 9.19 1.376
   vertex 30.565 9.156 1.376
  endloop
 endfacet
  facet normal 0 0 0
    outer loop
   vertex 30.535 9.995 1.376
   vertex 30.518 10.118 1.376
   vertex 30.565 10.068 1.376
  endloop
 endfacet
  facet normal 0 0 0
    outer loop
   vertex 30.45 9.02 1.376
   vertex 30.535 9.105 1.376
   vertex 30.565 9.055 1.376
  endloop
 endfacet
  facet normal 0 0 0
    outer loop
   vertex 30.365 9.995 1.376
   vertex 30.518 10.118 1.376
   vertex 30.535 9.995 1.376
  endloop
 endfacet
  facet normal 0 0 0
    outer loop
   vertex 30.365 8.915 1.111
   vertex 30.365 8.915 1.376
   vertex 30.535 8.915 1.376
  endloop
 endfacet
  facet normal 0 0 0
    outer loop
   vertex 30.365 8.915 1.111
   vertex 30.535 8.915 1.376
   vertex 30.535 8.915 1.111
  endloop
 endfacet
  facet normal 0 0 0
    outer loop
   vertex 30.535 8.745 1.111
   vertex 30.535 8.745 1.376
   vertex 30.365 8.745 1.376
  endloop
 endfacet
  facet normal 0 0 0
    outer loop
   vertex 30.535 8.745 1.111
   vertex 30.365 8.745 1.376
   vertex 30.365 8.745 1.111
  endloop
 endfacet
  facet normal 0 0 0
    outer loop
   vertex 30.365 8.745 1.111
   vertex 30.365 8.745 1.376
   vertex 30.365 8.915 1.376
  endloop
 endfacet
  facet normal 0 0 0
    outer loop
   vertex 30.365 8.745 1.111
   vertex 30.365 8.915 1.376
   vertex 30.365 8.915 1.111
  endloop
 endfacet
  facet normal 0 0 0
    outer loop
   vertex 30.365 9.105 1.111
   vertex 30.365 9.105 1.376
   vertex 30.365 9.275 1.376
  endloop
 endfacet
  facet normal 0 0 0
    outer loop
   vertex 30.365 9.105 1.111
   vertex 30.365 9.275 1.376
   vertex 30.365 9.275 1.111
  endloop
 endfacet
  facet normal 0 0 0
    outer loop
   vertex 30.365 9.465 1.111
   vertex 30.365 9.465 1.376
   vertex 30.365 9.635 1.376
  endloop
 endfacet
  facet normal 0 0 0
    outer loop
   vertex 30.365 9.465 1.111
   vertex 30.365 9.635 1.376
   vertex 30.365 9.635 1.111
  endloop
 endfacet
  facet normal 0 0 0
    outer loop
   vertex 30.365 9.825 1.111
   vertex 30.365 9.825 1.376
   vertex 30.365 9.995 1.376
  endloop
 endfacet
  facet normal 0 0 0
    outer loop
   vertex 30.365 9.825 1.111
   vertex 30.365 9.995 1.376
   vertex 30.365 9.995 1.111
  endloop
 endfacet
  facet normal 0 0 0
    outer loop
   vertex 30.365 10.185 1.111
   vertex 30.365 10.185 1.376
   vertex 30.365 10.355 1.376
  endloop
 endfacet
  facet normal 0 0 0
    outer loop
   vertex 30.365 10.185 1.111
   vertex 30.365 10.355 1.376
   vertex 30.365 10.355 1.111
  endloop
 endfacet
  facet normal 0 0 0
    outer loop
   vertex 30.365 10.545 1.111
   vertex 30.365 10.545 1.376
   vertex 30.365 10.715 1.376
  endloop
 endfacet
  facet normal 0 0 0
    outer loop
   vertex 30.365 10.545 1.111
   vertex 30.365 10.715 1.376
   vertex 30.365 10.715 1.111
  endloop
 endfacet
  facet normal 0 0 0
    outer loop
   vertex 30.365 10.905 1.111
   vertex 30.365 10.905 1.376
   vertex 30.365 11.075 1.376
  endloop
 endfacet
  facet normal 0 0 0
    outer loop
   vertex 30.365 10.905 1.111
   vertex 30.365 11.075 1.376
   vertex 30.365 11.075 1.111
  endloop
 endfacet
  facet normal 0 0 0
    outer loop
   vertex 30.365 11.265 1.111
   vertex 30.365 11.265 1.376
   vertex 30.365 11.435 1.376
  endloop
 endfacet
  facet normal 0 0 0
    outer loop
   vertex 30.365 11.265 1.111
   vertex 30.365 11.435 1.376
   vertex 30.365 11.435 1.111
  endloop
 endfacet
  facet normal 0 0 0
    outer loop
   vertex 30.365 11.625 1.111
   vertex 30.365 11.625 1.376
   vertex 30.365 11.795 1.376
  endloop
 endfacet
  facet normal 0 0 0
    outer loop
   vertex 30.365 11.625 1.111
   vertex 30.365 11.795 1.376
   vertex 30.365 11.795 1.111
  endloop
 endfacet
  facet normal 0 0 0
    outer loop
   vertex 30.365 17.265 1.111
   vertex 30.365 17.265 1.376
   vertex 30.365 17.435 1.376
  endloop
 endfacet
  facet normal 0 0 0
    outer loop
   vertex 30.365 17.265 1.111
   vertex 30.365 17.435 1.376
   vertex 30.365 17.435 1.111
  endloop
 endfacet
  facet normal 0 0 0
    outer loop
   vertex 30.365 17.625 1.111
   vertex 30.365 17.625 1.376
   vertex 30.365 17.795 1.376
  endloop
 endfacet
  facet normal 0 0 0
    outer loop
   vertex 30.365 17.625 1.111
   vertex 30.365 17.795 1.376
   vertex 30.365 17.795 1.111
  endloop
 endfacet
  facet normal 0 0 0
    outer loop
   vertex 30.365 17.985 1.111
   vertex 30.365 17.985 1.376
   vertex 30.365 18.155 1.376
  endloop
 endfacet
  facet normal 0 0 0
    outer loop
   vertex 30.365 17.985 1.111
   vertex 30.365 18.155 1.376
   vertex 30.365 18.155 1.111
  endloop
 endfacet
  facet normal 0 0 0
    outer loop
   vertex 30.365 18.345 1.111
   vertex 30.365 18.345 1.376
   vertex 30.365 18.515 1.376
  endloop
 endfacet
  facet normal 0 0 0
    outer loop
   vertex 30.365 18.345 1.111
   vertex 30.365 18.515 1.376
   vertex 30.365 18.515 1.111
  endloop
 endfacet
  facet normal 0 0 0
    outer loop
   vertex 30.365 18.705 1.111
   vertex 30.365 18.705 1.376
   vertex 30.365 18.875 1.376
  endloop
 endfacet
  facet normal 0 0 0
    outer loop
   vertex 30.365 18.705 1.111
   vertex 30.365 18.875 1.376
   vertex 30.365 18.875 1.111
  endloop
 endfacet
  facet normal 0 0 0
    outer loop
   vertex 30.365 19.065 1.111
   vertex 30.365 19.065 1.376
   vertex 30.365 19.235 1.376
  endloop
 endfacet
  facet normal 0 0 0
    outer loop
   vertex 30.365 19.065 1.111
   vertex 30.365 19.235 1.376
   vertex 30.365 19.235 1.111
  endloop
 endfacet
  facet normal 0 0 0
    outer loop
   vertex 30.365 19.425 1.111
   vertex 30.365 19.425 1.376
   vertex 30.365 19.595 1.376
  endloop
 endfacet
  facet normal 0 0 0
    outer loop
   vertex 30.365 19.425 1.111
   vertex 30.365 19.595 1.376
   vertex 30.365 19.595 1.111
  endloop
 endfacet
  facet normal 0 0 0
    outer loop
   vertex 30.365 19.785 1.111
   vertex 30.365 19.785 1.376
   vertex 30.365 19.955 1.376
  endloop
 endfacet
  facet normal 0 0 0
    outer loop
   vertex 30.365 19.785 1.111
   vertex 30.365 19.955 1.376
   vertex 30.365 19.955 1.111
  endloop
 endfacet
  facet normal 0 0 0
    outer loop
   vertex 30.365 20.145 1.111
   vertex 30.365 20.145 1.376
   vertex 30.365 20.315 1.376
  endloop
 endfacet
  facet normal 0 0 0
    outer loop
   vertex 30.365 20.145 1.111
   vertex 30.365 20.315 1.376
   vertex 30.365 20.315 1.111
  endloop
 endfacet
  facet normal 0 0 0
    outer loop
   vertex 30.535 20.315 1.111
   vertex 30.535 20.315 1.376
   vertex 30.535 20.145 1.376
  endloop
 endfacet
  facet normal 0 0 0
    outer loop
   vertex 30.535 20.315 1.111
   vertex 30.535 20.145 1.376
   vertex 30.535 20.145 1.111
  endloop
 endfacet
  facet normal 0 0 0
    outer loop
   vertex 30.535 19.955 1.111
   vertex 30.535 19.955 1.376
   vertex 30.535 19.785 1.376
  endloop
 endfacet
  facet normal 0 0 0
    outer loop
   vertex 30.535 19.955 1.111
   vertex 30.535 19.785 1.376
   vertex 30.535 19.785 1.111
  endloop
 endfacet
  facet normal 0 0 0
    outer loop
   vertex 30.535 19.595 1.111
   vertex 30.535 19.595 1.376
   vertex 30.535 19.425 1.376
  endloop
 endfacet
  facet normal 0 0 0
    outer loop
   vertex 30.535 19.595 1.111
   vertex 30.535 19.425 1.376
   vertex 30.535 19.425 1.111
  endloop
 endfacet
  facet normal 0 0 0
    outer loop
   vertex 30.535 19.235 1.111
   vertex 30.535 19.235 1.376
   vertex 30.535 19.065 1.376
  endloop
 endfacet
  facet normal 0 0 0
    outer loop
   vertex 30.535 19.235 1.111
   vertex 30.535 19.065 1.376
   vertex 30.535 19.065 1.111
  endloop
 endfacet
  facet normal 0 0 0
    outer loop
   vertex 30.535 18.875 1.111
   vertex 30.535 18.875 1.376
   vertex 30.535 18.705 1.376
  endloop
 endfacet
  facet normal 0 0 0
    outer loop
   vertex 30.535 18.875 1.111
   vertex 30.535 18.705 1.376
   vertex 30.535 18.705 1.111
  endloop
 endfacet
  facet normal 0 0 0
    outer loop
   vertex 30.535 18.515 1.111
   vertex 30.535 18.515 1.376
   vertex 30.535 18.345 1.376
  endloop
 endfacet
  facet normal 0 0 0
    outer loop
   vertex 30.535 18.515 1.111
   vertex 30.535 18.345 1.376
   vertex 30.535 18.345 1.111
  endloop
 endfacet
  facet normal 0 0 0
    outer loop
   vertex 30.535 18.155 1.111
   vertex 30.535 18.155 1.376
   vertex 30.535 17.985 1.376
  endloop
 endfacet
  facet normal 0 0 0
    outer loop
   vertex 30.535 18.155 1.111
   vertex 30.535 17.985 1.376
   vertex 30.535 17.985 1.111
  endloop
 endfacet
  facet normal 0 0 0
    outer loop
   vertex 30.535 17.795 1.111
   vertex 30.535 17.795 1.376
   vertex 30.535 17.625 1.376
  endloop
 endfacet
  facet normal 0 0 0
    outer loop
   vertex 30.535 17.795 1.111
   vertex 30.535 17.625 1.376
   vertex 30.535 17.625 1.111
  endloop
 endfacet
  facet normal 0 0 0
    outer loop
   vertex 30.535 17.435 1.111
   vertex 30.535 17.435 1.376
   vertex 30.535 17.265 1.376
  endloop
 endfacet
  facet normal 0 0 0
    outer loop
   vertex 30.535 17.435 1.111
   vertex 30.535 17.265 1.376
   vertex 30.535 17.265 1.111
  endloop
 endfacet
  facet normal 0 0 0
    outer loop
   vertex 30.535 11.795 1.111
   vertex 30.535 11.795 1.376
   vertex 30.535 11.625 1.376
  endloop
 endfacet
  facet normal 0 0 0
    outer loop
   vertex 30.535 11.795 1.111
   vertex 30.535 11.625 1.376
   vertex 30.535 11.625 1.111
  endloop
 endfacet
  facet normal 0 0 0
    outer loop
   vertex 30.535 11.435 1.111
   vertex 30.535 11.435 1.376
   vertex 30.535 11.265 1.376
  endloop
 endfacet
  facet normal 0 0 0
    outer loop
   vertex 30.535 11.435 1.111
   vertex 30.535 11.265 1.376
   vertex 30.535 11.265 1.111
  endloop
 endfacet
  facet normal 0 0 0
    outer loop
   vertex 30.535 11.075 1.111
   vertex 30.535 11.075 1.376
   vertex 30.535 10.905 1.376
  endloop
 endfacet
  facet normal 0 0 0
    outer loop
   vertex 30.535 11.075 1.111
   vertex 30.535 10.905 1.376
   vertex 30.535 10.905 1.111
  endloop
 endfacet
  facet normal 0 0 0
    outer loop
   vertex 30.535 10.715 1.111
   vertex 30.535 10.715 1.376
   vertex 30.535 10.545 1.376
  endloop
 endfacet
  facet normal 0 0 0
    outer loop
   vertex 30.535 10.715 1.111
   vertex 30.535 10.545 1.376
   vertex 30.535 10.545 1.111
  endloop
 endfacet
  facet normal 0 0 0
    outer loop
   vertex 30.535 10.355 1.111
   vertex 30.535 10.355 1.376
   vertex 30.535 10.185 1.376
  endloop
 endfacet
  facet normal 0 0 0
    outer loop
   vertex 30.535 10.355 1.111
   vertex 30.535 10.185 1.376
   vertex 30.535 10.185 1.111
  endloop
 endfacet
  facet normal 0 0 0
    outer loop
   vertex 30.535 9.995 1.111
   vertex 30.535 9.995 1.376
   vertex 30.535 9.825 1.376
  endloop
 endfacet
  facet normal 0 0 0
    outer loop
   vertex 30.535 9.995 1.111
   vertex 30.535 9.825 1.376
   vertex 30.535 9.825 1.111
  endloop
 endfacet
  facet normal 0 0 0
    outer loop
   vertex 30.535 9.635 1.111
   vertex 30.535 9.635 1.376
   vertex 30.535 9.465 1.376
  endloop
 endfacet
  facet normal 0 0 0
    outer loop
   vertex 30.535 9.635 1.111
   vertex 30.535 9.465 1.376
   vertex 30.535 9.465 1.111
  endloop
 endfacet
  facet normal 0 0 0
    outer loop
   vertex 30.535 9.275 1.111
   vertex 30.535 9.275 1.376
   vertex 30.535 9.105 1.376
  endloop
 endfacet
  facet normal 0 0 0
    outer loop
   vertex 30.535 9.275 1.111
   vertex 30.535 9.105 1.376
   vertex 30.535 9.105 1.111
  endloop
 endfacet
  facet normal 0 0 0
    outer loop
   vertex 30.535 8.915 1.111
   vertex 30.535 8.915 1.376
   vertex 30.535 8.745 1.376
  endloop
 endfacet
  facet normal 0 0 0
    outer loop
   vertex 30.535 8.915 1.111
   vertex 30.535 8.745 1.376
   vertex 30.535 8.745 1.111
  endloop
 endfacet
  facet normal 0 0 0
    outer loop
   vertex 30.535 9.105 1.111
   vertex 30.535 9.105 1.376
   vertex 30.365 9.105 1.376
  endloop
 endfacet
  facet normal 0 0 0
    outer loop
   vertex 30.535 9.105 1.111
   vertex 30.365 9.105 1.376
   vertex 30.365 9.105 1.111
  endloop
 endfacet
  facet normal 0 0 0
    outer loop
   vertex 30.365 9.275 1.111
   vertex 30.365 9.275 1.376
   vertex 30.535 9.275 1.376
  endloop
 endfacet
  facet normal 0 0 0
    outer loop
   vertex 30.365 9.275 1.111
   vertex 30.535 9.275 1.376
   vertex 30.535 9.275 1.111
  endloop
 endfacet
  facet normal 0 0 0
    outer loop
   vertex 30.535 9.465 1.111
   vertex 30.535 9.465 1.376
   vertex 30.365 9.465 1.376
  endloop
 endfacet
  facet normal 0 0 0
    outer loop
   vertex 30.535 9.465 1.111
   vertex 30.365 9.465 1.376
   vertex 30.365 9.465 1.111
  endloop
 endfacet
  facet normal 0 0 0
    outer loop
   vertex 30.365 9.635 1.111
   vertex 30.365 9.635 1.376
   vertex 30.535 9.635 1.376
  endloop
 endfacet
  facet normal 0 0 0
    outer loop
   vertex 30.365 9.635 1.111
   vertex 30.535 9.635 1.376
   vertex 30.535 9.635 1.111
  endloop
 endfacet
  facet normal 0 0 0
    outer loop
   vertex 30.365 9.995 1.111
   vertex 30.365 9.995 1.376
   vertex 30.535 9.995 1.376
  endloop
 endfacet
  facet normal 0 0 0
    outer loop
   vertex 30.365 9.995 1.111
   vertex 30.535 9.995 1.376
   vertex 30.535 9.995 1.111
  endloop
 endfacet
  facet normal 0 0 0
    outer loop
   vertex 30.535 9.825 1.111
   vertex 30.535 9.825 1.376
   vertex 30.365 9.825 1.376
  endloop
 endfacet
  facet normal 0 0 0
    outer loop
   vertex 30.535 9.825 1.111
   vertex 30.365 9.825 1.376
   vertex 30.365 9.825 1.111
  endloop
 endfacet
  facet normal 0 0 0
    outer loop
   vertex 30.535 10.185 1.111
   vertex 30.535 10.185 1.376
   vertex 30.365 10.185 1.376
  endloop
 endfacet
  facet normal 0 0 0
    outer loop
   vertex 30.535 10.185 1.111
   vertex 30.365 10.185 1.376
   vertex 30.365 10.185 1.111
  endloop
 endfacet
  facet normal 0 0 0
    outer loop
   vertex 30.535 10.545 1.111
   vertex 30.535 10.545 1.376
   vertex 30.365 10.545 1.376
  endloop
 endfacet
  facet normal 0 0 0
    outer loop
   vertex 30.535 10.545 1.111
   vertex 30.365 10.545 1.376
   vertex 30.365 10.545 1.111
  endloop
 endfacet
  facet normal 0 0 0
    outer loop
   vertex 30.365 10.355 1.111
   vertex 30.365 10.355 1.376
   vertex 30.535 10.355 1.376
  endloop
 endfacet
  facet normal 0 0 0
    outer loop
   vertex 30.365 10.355 1.111
   vertex 30.535 10.355 1.376
   vertex 30.535 10.355 1.111
  endloop
 endfacet
  facet normal 0 0 0
    outer loop
   vertex 30.365 10.715 1.111
   vertex 30.365 10.715 1.376
   vertex 30.535 10.715 1.376
  endloop
 endfacet
  facet normal 0 0 0
    outer loop
   vertex 30.365 10.715 1.111
   vertex 30.535 10.715 1.376
   vertex 30.535 10.715 1.111
  endloop
 endfacet
  facet normal 0 0 0
    outer loop
   vertex 30.535 10.905 1.111
   vertex 30.535 10.905 1.376
   vertex 30.365 10.905 1.376
  endloop
 endfacet
  facet normal 0 0 0
    outer loop
   vertex 30.535 10.905 1.111
   vertex 30.365 10.905 1.376
   vertex 30.365 10.905 1.111
  endloop
 endfacet
  facet normal 0 0 0
    outer loop
   vertex 30.365 11.075 1.111
   vertex 30.365 11.075 1.376
   vertex 30.535 11.075 1.376
  endloop
 endfacet
  facet normal 0 0 0
    outer loop
   vertex 30.365 11.075 1.111
   vertex 30.535 11.075 1.376
   vertex 30.535 11.075 1.111
  endloop
 endfacet
  facet normal 0 0 0
    outer loop
   vertex 30.365 11.435 1.111
   vertex 30.365 11.435 1.376
   vertex 30.535 11.435 1.376
  endloop
 endfacet
  facet normal 0 0 0
    outer loop
   vertex 30.365 11.435 1.111
   vertex 30.535 11.435 1.376
   vertex 30.535 11.435 1.111
  endloop
 endfacet
  facet normal 0 0 0
    outer loop
   vertex 30.535 11.265 1.111
   vertex 30.535 11.265 1.376
   vertex 30.365 11.265 1.376
  endloop
 endfacet
  facet normal 0 0 0
    outer loop
   vertex 30.535 11.265 1.111
   vertex 30.365 11.265 1.376
   vertex 30.365 11.265 1.111
  endloop
 endfacet
  facet normal 0 0 0
    outer loop
   vertex 30.365 11.795 1.111
   vertex 30.365 11.795 1.376
   vertex 30.535 11.795 1.376
  endloop
 endfacet
  facet normal 0 0 0
    outer loop
   vertex 30.365 11.795 1.111
   vertex 30.535 11.795 1.376
   vertex 30.535 11.795 1.111
  endloop
 endfacet
  facet normal 0 0 0
    outer loop
   vertex 30.535 11.625 1.111
   vertex 30.535 11.625 1.376
   vertex 30.365 11.625 1.376
  endloop
 endfacet
  facet normal 0 0 0
    outer loop
   vertex 30.535 11.625 1.111
   vertex 30.365 11.625 1.376
   vertex 30.365 11.625 1.111
  endloop
 endfacet
  facet normal 0 0 0
    outer loop
   vertex -6.285 12.915 1.111
   vertex -6.285 12.915 1.376
   vertex -6.455 12.915 1.376
  endloop
 endfacet
  facet normal 0 0 0
    outer loop
   vertex -6.285 12.915 1.111
   vertex -6.455 12.915 1.376
   vertex -6.455 12.915 1.111
  endloop
 endfacet
  facet normal 0 0 0
    outer loop
   vertex -7.235 12.915 1.111
   vertex -7.235 12.915 1.376
   vertex -7.405 12.915 1.376
  endloop
 endfacet
  facet normal 0 0 0
    outer loop
   vertex -7.235 12.915 1.111
   vertex -7.405 12.915 1.376
   vertex -7.405 12.915 1.111
  endloop
 endfacet
  facet normal 0 0 0
    outer loop
   vertex -7.405 12.915 1.111
   vertex -7.405 12.915 1.376
   vertex -7.405 13.085 1.376
  endloop
 endfacet
  facet normal 0 0 0
    outer loop
   vertex -7.405 12.915 1.111
   vertex -7.405 13.085 1.376
   vertex -7.405 13.085 1.111
  endloop
 endfacet
  facet normal 0 0 0
    outer loop
   vertex -7.405 13.085 1.111
   vertex -7.405 13.085 1.376
   vertex -7.235 13.085 1.376
  endloop
 endfacet
  facet normal 0 0 0
    outer loop
   vertex -7.405 13.085 1.111
   vertex -7.235 13.085 1.376
   vertex -7.235 13.085 1.111
  endloop
 endfacet
  facet normal 0 0 0
    outer loop
   vertex -6.455 13.085 1.111
   vertex -6.455 13.085 1.376
   vertex -6.285 13.085 1.376
  endloop
 endfacet
  facet normal 0 0 0
    outer loop
   vertex -6.455 13.085 1.111
   vertex -6.285 13.085 1.376
   vertex -6.285 13.085 1.111
  endloop
 endfacet
  facet normal 0 0 0
    outer loop
   vertex -7.235 13.085 1.111
   vertex -7.235 13.085 1.376
   vertex -7.235 12.915 1.376
  endloop
 endfacet
  facet normal 0 0 0
    outer loop
   vertex -7.235 13.085 1.111
   vertex -7.235 12.915 1.376
   vertex -7.235 12.915 1.111
  endloop
 endfacet
  facet normal 0 0 0
    outer loop
   vertex -6.455 12.915 1.111
   vertex -6.455 12.915 1.376
   vertex -6.455 13.085 1.376
  endloop
 endfacet
  facet normal 0 0 0
    outer loop
   vertex -6.455 12.915 1.111
   vertex -6.455 13.085 1.376
   vertex -6.455 13.085 1.111
  endloop
 endfacet
  facet normal 0 0 0
    outer loop
   vertex -6.285 13.085 1.111
   vertex -6.285 13.085 1.376
   vertex -6.285 12.915 1.376
  endloop
 endfacet
  facet normal 0 0 0
    outer loop
   vertex -6.285 13.085 1.111
   vertex -6.285 12.915 1.376
   vertex -6.285 12.915 1.111
  endloop
 endfacet
  facet normal 0 0 0
    outer loop
   vertex 30.535 17.265 1.111
   vertex 30.535 17.265 1.376
   vertex 30.365 17.265 1.376
  endloop
 endfacet
  facet normal 0 0 0
    outer loop
   vertex 30.535 17.265 1.111
   vertex 30.365 17.265 1.376
   vertex 30.365 17.265 1.111
  endloop
 endfacet
  facet normal 0 0 0
    outer loop
   vertex 30.365 17.435 1.111
   vertex 30.365 17.435 1.376
   vertex 30.535 17.435 1.376
  endloop
 endfacet
  facet normal 0 0 0
    outer loop
   vertex 30.365 17.435 1.111
   vertex 30.535 17.435 1.376
   vertex 30.535 17.435 1.111
  endloop
 endfacet
  facet normal 0 0 0
    outer loop
   vertex 30.535 17.625 1.111
   vertex 30.535 17.625 1.376
   vertex 30.365 17.625 1.376
  endloop
 endfacet
  facet normal 0 0 0
    outer loop
   vertex 30.535 17.625 1.111
   vertex 30.365 17.625 1.376
   vertex 30.365 17.625 1.111
  endloop
 endfacet
  facet normal 0 0 0
    outer loop
   vertex 30.365 17.795 1.111
   vertex 30.365 17.795 1.376
   vertex 30.535 17.795 1.376
  endloop
 endfacet
  facet normal 0 0 0
    outer loop
   vertex 30.365 17.795 1.111
   vertex 30.535 17.795 1.376
   vertex 30.535 17.795 1.111
  endloop
 endfacet
  facet normal 0 0 0
    outer loop
   vertex 30.365 18.155 1.111
   vertex 30.365 18.155 1.376
   vertex 30.535 18.155 1.376
  endloop
 endfacet
  facet normal 0 0 0
    outer loop
   vertex 30.365 18.155 1.111
   vertex 30.535 18.155 1.376
   vertex 30.535 18.155 1.111
  endloop
 endfacet
  facet normal 0 0 0
    outer loop
   vertex 30.535 17.985 1.111
   vertex 30.535 17.985 1.376
   vertex 30.365 17.985 1.376
  endloop
 endfacet
  facet normal 0 0 0
    outer loop
   vertex 30.535 17.985 1.111
   vertex 30.365 17.985 1.376
   vertex 30.365 17.985 1.111
  endloop
 endfacet
  facet normal 0 0 0
    outer loop
   vertex 30.535 18.345 1.111
   vertex 30.535 18.345 1.376
   vertex 30.365 18.345 1.376
  endloop
 endfacet
  facet normal 0 0 0
    outer loop
   vertex 30.535 18.345 1.111
   vertex 30.365 18.345 1.376
   vertex 30.365 18.345 1.111
  endloop
 endfacet
  facet normal 0 0 0
    outer loop
   vertex 30.365 18.515 1.111
   vertex 30.365 18.515 1.376
   vertex 30.535 18.515 1.376
  endloop
 endfacet
  facet normal 0 0 0
    outer loop
   vertex 30.365 18.515 1.111
   vertex 30.535 18.515 1.376
   vertex 30.535 18.515 1.111
  endloop
 endfacet
  facet normal 0 0 0
    outer loop
   vertex 30.365 18.875 1.111
   vertex 30.365 18.875 1.376
   vertex 30.535 18.875 1.376
  endloop
 endfacet
  facet normal 0 0 0
    outer loop
   vertex 30.365 18.875 1.111
   vertex 30.535 18.875 1.376
   vertex 30.535 18.875 1.111
  endloop
 endfacet
  facet normal 0 0 0
    outer loop
   vertex 30.535 18.705 1.111
   vertex 30.535 18.705 1.376
   vertex 30.365 18.705 1.376
  endloop
 endfacet
  facet normal 0 0 0
    outer loop
   vertex 30.535 18.705 1.111
   vertex 30.365 18.705 1.376
   vertex 30.365 18.705 1.111
  endloop
 endfacet
  facet normal 0 0 0
    outer loop
   vertex 30.535 19.065 1.111
   vertex 30.535 19.065 1.376
   vertex 30.365 19.065 1.376
  endloop
 endfacet
  facet normal 0 0 0
    outer loop
   vertex 30.535 19.065 1.111
   vertex 30.365 19.065 1.376
   vertex 30.365 19.065 1.111
  endloop
 endfacet
  facet normal 0 0 0
    outer loop
   vertex 30.365 19.235 1.111
   vertex 30.365 19.235 1.376
   vertex 30.535 19.235 1.376
  endloop
 endfacet
  facet normal 0 0 0
    outer loop
   vertex 30.365 19.235 1.111
   vertex 30.535 19.235 1.376
   vertex 30.535 19.235 1.111
  endloop
 endfacet
  facet normal 0 0 0
    outer loop
   vertex 30.535 19.425 1.111
   vertex 30.535 19.425 1.376
   vertex 30.365 19.425 1.376
  endloop
 endfacet
  facet normal 0 0 0
    outer loop
   vertex 30.535 19.425 1.111
   vertex 30.365 19.425 1.376
   vertex 30.365 19.425 1.111
  endloop
 endfacet
  facet normal 0 0 0
    outer loop
   vertex 30.365 19.595 1.111
   vertex 30.365 19.595 1.376
   vertex 30.535 19.595 1.376
  endloop
 endfacet
  facet normal 0 0 0
    outer loop
   vertex 30.365 19.595 1.111
   vertex 30.535 19.595 1.376
   vertex 30.535 19.595 1.111
  endloop
 endfacet
  facet normal 0 0 0
    outer loop
   vertex 30.535 19.785 1.111
   vertex 30.535 19.785 1.376
   vertex 30.365 19.785 1.376
  endloop
 endfacet
  facet normal 0 0 0
    outer loop
   vertex 30.535 19.785 1.111
   vertex 30.365 19.785 1.376
   vertex 30.365 19.785 1.111
  endloop
 endfacet
  facet normal 0 0 0
    outer loop
   vertex 30.365 19.955 1.111
   vertex 30.365 19.955 1.376
   vertex 30.535 19.955 1.376
  endloop
 endfacet
  facet normal 0 0 0
    outer loop
   vertex 30.365 19.955 1.111
   vertex 30.535 19.955 1.376
   vertex 30.535 19.955 1.111
  endloop
 endfacet
  facet normal 0 0 0
    outer loop
   vertex 30.535 20.145 1.111
   vertex 30.535 20.145 1.376
   vertex 30.365 20.145 1.376
  endloop
 endfacet
  facet normal 0 0 0
    outer loop
   vertex 30.535 20.145 1.111
   vertex 30.365 20.145 1.376
   vertex 30.365 20.145 1.111
  endloop
 endfacet
  facet normal 0 0 0
    outer loop
   vertex 30.365 20.315 1.111
   vertex 30.365 20.315 1.376
   vertex 30.535 20.315 1.376
  endloop
 endfacet
  facet normal 0 0 0
    outer loop
   vertex 30.365 20.315 1.111
   vertex 30.535 20.315 1.376
   vertex 30.535 20.315 1.111
  endloop
 endfacet
  facet normal 0 0 0
    outer loop
   vertex 2.2 15.225 1.736
   vertex 1.74 14.737 1.736
   vertex 2.2 13.225 1.736
  endloop
 endfacet
  facet normal 0 0 0
    outer loop
   vertex 1.74 14.737 1.736
   vertex 1.74 13.449 1.736
   vertex 2.2 13.225 1.736
  endloop
 endfacet
  facet normal 0 0 0
    outer loop
   vertex 27.77 15.302 1.736
   vertex 27.37 14.225 1.736
   vertex 27.77 13.434 1.736
  endloop
 endfacet
  facet normal 0 0 0
    outer loop
   vertex 27.77 15.302 1.736
   vertex 27.37 15.34 1.736
   vertex 27.37 14.225 1.736
  endloop
 endfacet
  facet normal 0 0 0
    outer loop
   vertex 30.565 20.41 1.736
   vertex 29.015 20.41 1.736
   vertex 30.565 18.79 1.736
  endloop
 endfacet
  facet normal 0 0 0
    outer loop
   vertex 30.565 18.79 1.736
   vertex 29.015 20.41 1.736
   vertex 29.015 17.57 1.736
  endloop
 endfacet
  facet normal 0 0 0
    outer loop
   vertex 27.77 17.17 1.736
   vertex 27.37 17.57 1.736
   vertex 27.37 16.455 1.736
  endloop
 endfacet
  facet normal 0 0 0
    outer loop
   vertex 27.77 17.17 1.736
   vertex 27.37 16.455 1.736
   vertex 27.77 15.302 1.736
  endloop
 endfacet
  facet normal 0 0 0
    outer loop
   vertex 27.37 16.455 1.736
   vertex 27.37 15.34 1.736
   vertex 27.77 15.302 1.736
  endloop
 endfacet
  facet normal 0 0 0
    outer loop
   vertex 29.015 17.57 1.736
   vertex 27.37 17.57 1.736
   vertex 27.77 17.17 1.736
  endloop
 endfacet
  facet normal 0 0 0
    outer loop
   vertex 29.168 17.17 1.736
   vertex 29.015 17.57 1.736
   vertex 27.77 17.17 1.736
  endloop
 endfacet
  facet normal 0 0 0
    outer loop
   vertex 29.866 17.665 1.736
   vertex 30.565 18.79 1.736
   vertex 29.015 17.57 1.736
  endloop
 endfacet
  facet normal 0 0 0
    outer loop
   vertex 30.565 18.79 1.736
   vertex 29.866 17.665 1.736
   vertex 30.565 17.17 1.736
  endloop
 endfacet
  facet normal 0 0 0
    outer loop
   vertex 30.565 17.17 1.736
   vertex 29.866 17.665 1.736
   vertex 29.168 17.17 1.736
  endloop
 endfacet
  facet normal 0 0 0
    outer loop
   vertex 29.866 17.665 1.736
   vertex 29.015 17.57 1.736
   vertex 29.168 17.17 1.736
  endloop
 endfacet
  facet normal 0 0 0
    outer loop
   vertex 1.905 15.71 1.736
   vertex 1.74 16.025 1.736
   vertex 1.74 15.381 1.736
  endloop
 endfacet
  facet normal 0 0 0
    outer loop
   vertex 1.905 15.54 1.736
   vertex 1.905 15.71 1.736
   vertex 1.74 15.381 1.736
  endloop
 endfacet
  facet normal 0 0 0
    outer loop
   vertex 2.54 15.625 1.736
   vertex 2.375 15.71 1.736
   vertex 2.375 15.54 1.736
  endloop
 endfacet
  facet normal 0 0 0
    outer loop
   vertex 2.54 15.625 1.736
   vertex 2.375 15.39 1.736
   vertex 2.54 15.225 1.736
  endloop
 endfacet
  facet normal 0 0 0
    outer loop
   vertex 2.54 15.625 1.736
   vertex 2.375 15.54 1.736
   vertex 2.375 15.39 1.736
  endloop
 endfacet
  facet normal 0 0 0
    outer loop
   vertex 2.54 16.025 1.736
   vertex 2.375 15.86 1.736
   vertex 2.54 15.625 1.736
  endloop
 endfacet
  facet normal 0 0 0
    outer loop
   vertex 2.375 15.86 1.736
   vertex 2.375 15.71 1.736
   vertex 2.54 15.625 1.736
  endloop
 endfacet
  facet normal 0 0 0
    outer loop
   vertex 2.14 16.025 1.736
   vertex 1.74 16.025 1.736
   vertex 1.905 15.86 1.736
  endloop
 endfacet
  facet normal 0 0 0
    outer loop
   vertex 2.055 15.86 1.736
   vertex 2.14 16.025 1.736
   vertex 1.905 15.86 1.736
  endloop
 endfacet
  facet normal 0 0 0
    outer loop
   vertex 2.225 15.86 1.736
   vertex 2.14 16.025 1.736
   vertex 2.055 15.86 1.736
  endloop
 endfacet
  facet normal 0 0 0
    outer loop
   vertex 2.54 16.025 1.736
   vertex 2.14 16.025 1.736
   vertex 2.375 15.86 1.736
  endloop
 endfacet
  facet normal 0 0 0
    outer loop
   vertex 2.375 15.86 1.736
   vertex 2.14 16.025 1.736
   vertex 2.225 15.86 1.736
  endloop
 endfacet
  facet normal 0 0 0
    outer loop
   vertex 2.225 15.39 1.736
   vertex 2.055 15.54 1.736
   vertex 2.055 15.39 1.736
  endloop
 endfacet
  facet normal 0 0 0
    outer loop
   vertex 2.225 15.39 1.736
   vertex 2.055 15.39 1.736
   vertex 2.2 15.225 1.736
  endloop
 endfacet
  facet normal 0 0 0
    outer loop
   vertex 2.2 15.225 1.736
   vertex 1.84 15.059 1.736
   vertex 1.74 14.737 1.736
  endloop
 endfacet
  facet normal 0 0 0
    outer loop
   vertex 2.2 15.225 1.736
   vertex 2.055 15.39 1.736
   vertex 1.84 15.059 1.736
  endloop
 endfacet
  facet normal 0 0 0
    outer loop
   vertex 2.055 15.39 1.736
   vertex 1.905 15.39 1.736
   vertex 1.84 15.059 1.736
  endloop
 endfacet
  facet normal 0 0 0
    outer loop
   vertex 1.905 15.39 1.736
   vertex 1.74 15.381 1.736
   vertex 1.84 15.059 1.736
  endloop
 endfacet
  facet normal 0 0 0
    outer loop
   vertex 1.84 15.059 1.736
   vertex 1.74 15.381 1.736
   vertex 1.74 14.737 1.736
  endloop
 endfacet
  facet normal 0 0 0
    outer loop
   vertex 2.54 15.225 1.736
   vertex 2.375 15.39 1.736
   vertex 2.2 15.225 1.736
  endloop
 endfacet
  facet normal 0 0 0
    outer loop
   vertex 2.375 15.39 1.736
   vertex 2.225 15.39 1.736
   vertex 2.2 15.225 1.736
  endloop
 endfacet
  facet normal 0 0 0
    outer loop
   vertex 2.225 15.54 1.736
   vertex 2.055 15.54 1.736
   vertex 2.225 15.39 1.736
  endloop
 endfacet
  facet normal 0 0 0
    outer loop
   vertex 2.055 15.54 1.736
   vertex 1.905 15.71 1.736
   vertex 1.905 15.54 1.736
  endloop
 endfacet
  facet normal 0 0 0
    outer loop
   vertex 2.225 15.54 1.736
   vertex 2.055 15.71 1.736
   vertex 2.055 15.54 1.736
  endloop
 endfacet
  facet normal 0 0 0
    outer loop
   vertex 2.055 15.71 1.736
   vertex 1.905 15.71 1.736
   vertex 2.055 15.54 1.736
  endloop
 endfacet
  facet normal 0 0 0
    outer loop
   vertex 1.905 15.86 1.736
   vertex 1.74 16.025 1.736
   vertex 1.905 15.71 1.736
  endloop
 endfacet
  facet normal 0 0 0
    outer loop
   vertex 2.225 15.71 1.736
   vertex 2.055 15.86 1.736
   vertex 2.055 15.71 1.736
  endloop
 endfacet
  facet normal 0 0 0
    outer loop
   vertex 2.375 15.54 1.736
   vertex 2.225 15.71 1.736
   vertex 2.225 15.54 1.736
  endloop
 endfacet
  facet normal 0 0 0
    outer loop
   vertex 2.225 15.71 1.736
   vertex 2.055 15.71 1.736
   vertex 2.225 15.54 1.736
  endloop
 endfacet
  facet normal 0 0 0
    outer loop
   vertex 2.375 15.71 1.736
   vertex 2.225 15.71 1.736
   vertex 2.375 15.54 1.736
  endloop
 endfacet
  facet normal 0 0 0
    outer loop
   vertex 2.225 15.86 1.736
   vertex 2.055 15.86 1.736
   vertex 2.225 15.71 1.736
  endloop
 endfacet
  facet normal 0 0 0
    outer loop
   vertex 1.905 15.39 1.736
   vertex 1.905 15.54 1.736
   vertex 1.74 15.381 1.736
  endloop
 endfacet
  facet normal 0 0 0
    outer loop
   vertex -6.94 12.81 1.736
   vertex -7.035 12.85 1.736
   vertex -7.035 12.81 1.736
  endloop
 endfacet
  facet normal 0 0 0
    outer loop
   vertex -6.92 12.925 1.736
   vertex -7.035 12.85 1.736
   vertex -6.94 12.81 1.736
  endloop
 endfacet
  facet normal 0 0 0
    outer loop
   vertex -6.655 12.81 1.736
   vertex -6.655 12.85 1.736
   vertex -6.75 12.81 1.736
  endloop
 endfacet
  facet normal 0 0 0
    outer loop
   vertex 1.885 8.815 1.736
   vertex 1.715 8.815 1.736
   vertex 1.8 8.65 1.736
  endloop
 endfacet
  facet normal 0 0 0
    outer loop
   vertex 1.8 8.65 1.736
   vertex 1.565 8.815 1.736
   vertex 1.4 8.65 1.736
  endloop
 endfacet
  facet normal 0 0 0
    outer loop
   vertex 1.715 8.815 1.736
   vertex 1.565 8.815 1.736
   vertex 1.8 8.65 1.736
  endloop
 endfacet
  facet normal 0 0 0
    outer loop
   vertex 2.2 8.65 1.736
   vertex 2.035 8.815 1.736
   vertex 1.8 8.65 1.736
  endloop
 endfacet
  facet normal 0 0 0
    outer loop
   vertex 2.035 8.815 1.736
   vertex 1.885 8.815 1.736
   vertex 1.8 8.65 1.736
  endloop
 endfacet
  facet normal 0 0 0
    outer loop
   vertex 1.565 9.135 1.736
   vertex 1.4 9.05 1.736
   vertex 1.565 8.965 1.736
  endloop
 endfacet
  facet normal 0 0 0
    outer loop
   vertex 1.565 8.815 1.736
   vertex 1.4 9.05 1.736
   vertex 1.4 8.65 1.736
  endloop
 endfacet
  facet normal 0 0 0
    outer loop
   vertex 1.565 8.965 1.736
   vertex 1.4 9.05 1.736
   vertex 1.565 8.815 1.736
  endloop
 endfacet
  facet normal 0 0 0
    outer loop
   vertex 1.565 9.285 1.736
   vertex 1.4 9.45 1.736
   vertex 1.4 9.05 1.736
  endloop
 endfacet
  facet normal 0 0 0
    outer loop
   vertex 1.565 9.135 1.736
   vertex 1.565 9.285 1.736
   vertex 1.4 9.05 1.736
  endloop
 endfacet
  facet normal 0 0 0
    outer loop
   vertex 2.2 9.294 1.736
   vertex 2.035 9.285 1.736
   vertex 2.035 9.135 1.736
  endloop
 endfacet
  facet normal 0 0 0
    outer loop
   vertex 2.2 9.294 1.736
   vertex 2.035 8.965 1.736
   vertex 2.2 8.65 1.736
  endloop
 endfacet
  facet normal 0 0 0
    outer loop
   vertex 2.2 9.294 1.736
   vertex 2.035 9.135 1.736
   vertex 2.035 8.965 1.736
  endloop
 endfacet
  facet normal 0 0 0
    outer loop
   vertex -6.75 12.81 1.736
   vertex -6.77 12.925 1.736
   vertex -6.845 12.81 1.736
  endloop
 endfacet
  facet normal 0 0 0
    outer loop
   vertex -6.655 12.85 1.736
   vertex -6.77 12.925 1.736
   vertex -6.75 12.81 1.736
  endloop
 endfacet
  facet normal 0 0 0
    outer loop
   vertex -6.75 13.19 1.736
   vertex -6.845 13.19 1.736
   vertex -6.77 13.075 1.736
  endloop
 endfacet
  facet normal 0 0 0
    outer loop
   vertex -6.655 13.19 1.736
   vertex -6.75 13.19 1.736
   vertex -6.655 13.15 1.736
  endloop
 endfacet
  facet normal 0 0 0
    outer loop
   vertex -6.655 13.15 1.736
   vertex -6.75 13.19 1.736
   vertex -6.77 13.075 1.736
  endloop
 endfacet
  facet normal 0 0 0
    outer loop
   vertex -6.94 13.19 1.736
   vertex -7.035 13.19 1.736
   vertex -7.035 13.15 1.736
  endloop
 endfacet
  facet normal 0 0 0
    outer loop
   vertex -6.845 13.19 1.736
   vertex -6.94 13.19 1.736
   vertex -6.92 13.075 1.736
  endloop
 endfacet
  facet normal 0 0 0
    outer loop
   vertex -6.94 13.19 1.736
   vertex -7.035 13.15 1.736
   vertex -6.92 13.075 1.736
  endloop
 endfacet
  facet normal 0 0 0
    outer loop
   vertex 1.885 8.815 1.736
   vertex 1.715 8.965 1.736
   vertex 1.715 8.815 1.736
  endloop
 endfacet
  facet normal 0 0 0
    outer loop
   vertex 2.035 8.965 1.736
   vertex 2.035 8.815 1.736
   vertex 2.2 8.65 1.736
  endloop
 endfacet
  facet normal 0 0 0
    outer loop
   vertex 1.885 8.965 1.736
   vertex 1.715 8.965 1.736
   vertex 1.885 8.815 1.736
  endloop
 endfacet
  facet normal 0 0 0
    outer loop
   vertex 1.715 8.965 1.736
   vertex 1.565 9.135 1.736
   vertex 1.565 8.965 1.736
  endloop
 endfacet
  facet normal 0 0 0
    outer loop
   vertex 1.885 8.965 1.736
   vertex 1.715 9.135 1.736
   vertex 1.715 8.965 1.736
  endloop
 endfacet
  facet normal 0 0 0
    outer loop
   vertex 2.2 9.938 1.736
   vertex 1.74 11.45 1.736
   vertex 1.74 9.45 1.736
  endloop
 endfacet
  facet normal 0 0 0
    outer loop
   vertex 2.2 11.226 1.736
   vertex 1.74 11.45 1.736
   vertex 2.2 9.938 1.736
  endloop
 endfacet
  facet normal 0 0 0
    outer loop
   vertex 1.715 9.135 1.736
   vertex 1.565 9.135 1.736
   vertex 1.715 8.965 1.736
  endloop
 endfacet
  facet normal 0 0 0
    outer loop
   vertex 1.715 9.285 1.736
   vertex 1.74 9.45 1.736
   vertex 1.565 9.285 1.736
  endloop
 endfacet
  facet normal 0 0 0
    outer loop
   vertex 2.2 13.225 1.736
   vertex 1.74 13.449 1.736
   vertex 1.74 11.45 1.736
  endloop
 endfacet
  facet normal 0 0 0
    outer loop
   vertex 2.2 13.225 1.736
   vertex 1.74 11.45 1.736
   vertex 2.2 11.226 1.736
  endloop
 endfacet
  facet normal 0 0 0
    outer loop
   vertex 2.1 9.616 1.736
   vertex 2.2 9.938 1.736
   vertex 1.74 9.45 1.736
  endloop
 endfacet
  facet normal 0 0 0
    outer loop
   vertex 2.1 9.616 1.736
   vertex 1.74 9.45 1.736
   vertex 1.885 9.285 1.736
  endloop
 endfacet
  facet normal 0 0 0
    outer loop
   vertex 2.035 9.285 1.736
   vertex 2.1 9.616 1.736
   vertex 1.885 9.285 1.736
  endloop
 endfacet
  facet normal 0 0 0
    outer loop
   vertex 2.2 9.294 1.736
   vertex 2.1 9.616 1.736
   vertex 2.035 9.285 1.736
  endloop
 endfacet
  facet normal 0 0 0
    outer loop
   vertex 2.2 9.938 1.736
   vertex 2.1 9.616 1.736
   vertex 2.2 9.294 1.736
  endloop
 endfacet
  facet normal 0 0 0
    outer loop
   vertex 1.74 9.45 1.736
   vertex 1.4 9.45 1.736
   vertex 1.565 9.285 1.736
  endloop
 endfacet
  facet normal 0 0 0
    outer loop
   vertex 1.885 9.135 1.736
   vertex 1.715 9.285 1.736
   vertex 1.715 9.135 1.736
  endloop
 endfacet
  facet normal 0 0 0
    outer loop
   vertex 2.035 8.965 1.736
   vertex 1.885 9.135 1.736
   vertex 1.885 8.965 1.736
  endloop
 endfacet
  facet normal 0 0 0
    outer loop
   vertex 1.885 9.135 1.736
   vertex 1.715 9.135 1.736
   vertex 1.885 8.965 1.736
  endloop
 endfacet
  facet normal 0 0 0
    outer loop
   vertex 2.035 9.135 1.736
   vertex 1.885 9.135 1.736
   vertex 2.035 8.965 1.736
  endloop
 endfacet
  facet normal 0 0 0
    outer loop
   vertex 1.885 9.285 1.736
   vertex 1.715 9.285 1.736
   vertex 1.885 9.135 1.736
  endloop
 endfacet
  facet normal 0 0 0
    outer loop
   vertex 1.885 9.285 1.736
   vertex 1.74 9.45 1.736
   vertex 1.715 9.285 1.736
  endloop
 endfacet
  facet normal 0 0 0
    outer loop
   vertex -7.035 12.85 1.736
   vertex -7.47 13.15 1.736
   vertex -7.47 12.85 1.736
  endloop
 endfacet
  facet normal 0 0 0
    outer loop
   vertex -7.035 13.15 1.736
   vertex -7.47 13.15 1.736
   vertex -7.035 12.85 1.736
  endloop
 endfacet
  facet normal 0 0 0
    outer loop
   vertex -6.22 13.15 1.736
   vertex -6.655 13.15 1.736
   vertex -6.22 12.85 1.736
  endloop
 endfacet
  facet normal 0 0 0
    outer loop
   vertex -6.22 12.85 1.736
   vertex -6.655 13.15 1.736
   vertex -6.655 12.85 1.736
  endloop
 endfacet
  facet normal 0 0 0
    outer loop
   vertex -6.92 12.925 1.736
   vertex -7.035 13.15 1.736
   vertex -7.035 12.85 1.736
  endloop
 endfacet
  facet normal 0 0 0
    outer loop
   vertex -6.655 13.15 1.736
   vertex -6.77 12.925 1.736
   vertex -6.655 12.85 1.736
  endloop
 endfacet
  facet normal 0 0 0
    outer loop
   vertex -6.655 13.15 1.736
   vertex -6.77 13.075 1.736
   vertex -6.77 12.925 1.736
  endloop
 endfacet
  facet normal 0 0 0
    outer loop
   vertex -6.92 13.075 1.736
   vertex -7.035 13.15 1.736
   vertex -6.92 12.925 1.736
  endloop
 endfacet
  facet normal 0 0 0
    outer loop
   vertex -6.77 12.925 1.736
   vertex -6.92 12.925 1.736
   vertex -6.845 12.81 1.736
  endloop
 endfacet
  facet normal 0 0 0
    outer loop
   vertex -6.77 13.075 1.736
   vertex -6.845 13.19 1.736
   vertex -6.92 13.075 1.736
  endloop
 endfacet
  facet normal 0 0 0
    outer loop
   vertex -6.845 12.81 1.736
   vertex -6.92 12.925 1.736
   vertex -6.94 12.81 1.736
  endloop
 endfacet
  facet normal 0 0 0
    outer loop
   vertex 28.005 9.135 1.736
   vertex 27.855 9.135 1.736
   vertex 28.005 8.965 1.736
  endloop
 endfacet
  facet normal 0 0 0
    outer loop
   vertex 27.855 9.285 1.736
   vertex 27.685 9.285 1.736
   vertex 27.855 9.135 1.736
  endloop
 endfacet
  facet normal 0 0 0
    outer loop
   vertex 27.855 9.285 1.736
   vertex 27.77 9.45 1.736
   vertex 27.685 9.285 1.736
  endloop
 endfacet
  facet normal 0 0 0
    outer loop
   vertex 28.005 9.285 1.736
   vertex 27.77 9.45 1.736
   vertex 27.855 9.285 1.736
  endloop
 endfacet
  facet normal 0 0 0
    outer loop
   vertex 30.565 11.89 1.736
   vertex 29.015 11.89 1.736
   vertex 29.015 9.45 1.736
  endloop
 endfacet
  facet normal 0 0 0
    outer loop
   vertex 30.565 8.65 1.736
   vertex 29.015 9.45 1.736
   vertex 28.968 8.65 1.736
  endloop
 endfacet
  facet normal 0 0 0
    outer loop
   vertex 27.685 8.815 1.736
   vertex 27.535 8.815 1.736
   vertex 27.769 8.65 1.736
  endloop
 endfacet
  facet normal 0 0 0
    outer loop
   vertex 27.769 8.65 1.736
   vertex 27.535 8.815 1.736
   vertex 27.37 8.65 1.736
  endloop
 endfacet
  facet normal 0 0 0
    outer loop
   vertex 27.855 8.815 1.736
   vertex 27.685 8.815 1.736
   vertex 27.769 8.65 1.736
  endloop
 endfacet
  facet normal 0 0 0
    outer loop
   vertex 28.005 8.815 1.736
   vertex 27.855 8.815 1.736
   vertex 27.769 8.65 1.736
  endloop
 endfacet
  facet normal 0 0 0
    outer loop
   vertex 28.169 8.65 1.736
   vertex 28.005 8.815 1.736
   vertex 27.769 8.65 1.736
  endloop
 endfacet
  facet normal 0 0 0
    outer loop
   vertex 27.37 10.88 1.736
   vertex 27.37 9.765 1.736
   vertex 27.77 9.699 1.736
  endloop
 endfacet
  facet normal 0 0 0
    outer loop
   vertex 27.77 9.45 1.736
   vertex 27.37 9.765 1.736
   vertex 27.535 9.285 1.736
  endloop
 endfacet
  facet normal 0 0 0
    outer loop
   vertex 27.77 9.699 1.736
   vertex 27.37 9.765 1.736
   vertex 27.77 9.45 1.736
  endloop
 endfacet
  facet normal 0 0 0
    outer loop
   vertex 28.393 9.45 1.736
   vertex 27.77 9.45 1.736
   vertex 28.005 9.285 1.736
  endloop
 endfacet
  facet normal 0 0 0
    outer loop
   vertex 30.565 11.89 1.736
   vertex 29.015 9.45 1.736
   vertex 30.565 8.65 1.736
  endloop
 endfacet
  facet normal 0 0 0
    outer loop
   vertex 27.535 8.815 1.736
   vertex 27.535 8.965 1.736
   vertex 27.37 8.65 1.736
  endloop
 endfacet
  facet normal 0 0 0
    outer loop
   vertex 27.855 8.815 1.736
   vertex 27.685 8.965 1.736
   vertex 27.685 8.815 1.736
  endloop
 endfacet
  facet normal 0 0 0
    outer loop
   vertex 27.77 11.566 1.736
   vertex 27.37 10.88 1.736
   vertex 27.77 9.699 1.736
  endloop
 endfacet
  facet normal 0 0 0
    outer loop
   vertex 27.77 11.566 1.736
   vertex 27.37 13.11 1.736
   vertex 27.37 10.88 1.736
  endloop
 endfacet
  facet normal 0 0 0
    outer loop
   vertex 27.77 13.434 1.736
   vertex 27.37 13.11 1.736
   vertex 27.77 11.566 1.736
  endloop
 endfacet
  facet normal 0 0 0
    outer loop
   vertex 27.855 8.965 1.736
   vertex 27.685 8.965 1.736
   vertex 27.855 8.815 1.736
  endloop
 endfacet
  facet normal 0 0 0
    outer loop
   vertex 27.685 8.965 1.736
   vertex 27.535 9.135 1.736
   vertex 27.535 8.965 1.736
  endloop
 endfacet
  facet normal 0 0 0
    outer loop
   vertex 27.77 13.434 1.736
   vertex 27.37 14.225 1.736
   vertex 27.37 13.11 1.736
  endloop
 endfacet
  facet normal 0 0 0
    outer loop
   vertex 27.855 8.965 1.736
   vertex 27.685 9.135 1.736
   vertex 27.685 8.965 1.736
  endloop
 endfacet
  facet normal 0 0 0
    outer loop
   vertex 27.685 9.135 1.736
   vertex 27.535 9.135 1.736
   vertex 27.685 8.965 1.736
  endloop
 endfacet
  facet normal 0 0 0
    outer loop
   vertex 27.535 8.965 1.736
   vertex 27.37 9.208 1.736
   vertex 27.37 8.65 1.736
  endloop
 endfacet
  facet normal 0 0 0
    outer loop
   vertex 27.535 9.135 1.736
   vertex 27.37 9.208 1.736
   vertex 27.535 8.965 1.736
  endloop
 endfacet
  facet normal 0 0 0
    outer loop
   vertex 27.535 9.285 1.736
   vertex 27.37 9.208 1.736
   vertex 27.535 9.135 1.736
  endloop
 endfacet
  facet normal 0 0 0
    outer loop
   vertex 27.535 9.285 1.736
   vertex 27.37 9.765 1.736
   vertex 27.37 9.208 1.736
  endloop
 endfacet
  facet normal 0 0 0
    outer loop
   vertex 28.968 8.65 1.736
   vertex 28.396 9.05 1.736
   vertex 28.169 8.65 1.736
  endloop
 endfacet
  facet normal 0 0 0
    outer loop
   vertex 29.015 9.45 1.736
   vertex 28.393 9.45 1.736
   vertex 28.396 9.05 1.736
  endloop
 endfacet
  facet normal 0 0 0
    outer loop
   vertex 29.015 9.45 1.736
   vertex 28.396 9.05 1.736
   vertex 28.968 8.65 1.736
  endloop
 endfacet
  facet normal 0 0 0
    outer loop
   vertex 28.396 9.05 1.736
   vertex 28.005 8.965 1.736
   vertex 28.005 8.815 1.736
  endloop
 endfacet
  facet normal 0 0 0
    outer loop
   vertex 28.396 9.05 1.736
   vertex 28.005 8.815 1.736
   vertex 28.169 8.65 1.736
  endloop
 endfacet
  facet normal 0 0 0
    outer loop
   vertex 28.396 9.05 1.736
   vertex 28.005 9.135 1.736
   vertex 28.005 8.965 1.736
  endloop
 endfacet
  facet normal 0 0 0
    outer loop
   vertex 28.005 9.285 1.736
   vertex 28.005 9.135 1.736
   vertex 28.396 9.05 1.736
  endloop
 endfacet
  facet normal 0 0 0
    outer loop
   vertex 28.393 9.45 1.736
   vertex 28.005 9.285 1.736
   vertex 28.396 9.05 1.736
  endloop
 endfacet
  facet normal 0 0 0
    outer loop
   vertex 27.685 9.285 1.736
   vertex 27.77 9.45 1.736
   vertex 27.535 9.285 1.736
  endloop
 endfacet
  facet normal 0 0 0
    outer loop
   vertex 27.855 9.135 1.736
   vertex 27.685 9.285 1.736
   vertex 27.685 9.135 1.736
  endloop
 endfacet
  facet normal 0 0 0
    outer loop
   vertex 28.005 8.965 1.736
   vertex 27.855 9.135 1.736
   vertex 27.855 8.965 1.736
  endloop
 endfacet
  facet normal 0 0 0
    outer loop
   vertex 27.855 9.135 1.736
   vertex 27.685 9.135 1.736
   vertex 27.855 8.965 1.736
  endloop
 endfacet
  facet normal 0 0 0
    outer loop
   vertex 10.066 8.99 2.006
   vertex 11.439 9.45 2.006
   vertex 11.639 8.99 2.006
  endloop
 endfacet
  facet normal 0 0 0
    outer loop
   vertex 10.066 8.99 2.006
   vertex 9.766 9.45 2.006
   vertex 11.439 9.45 2.006
  endloop
 endfacet
  facet normal 0 0 0
    outer loop
   vertex 27.685 8.815 2.006
   vertex 27.685 8.965 2.006
   vertex 27.855 8.815 2.006
  endloop
 endfacet
  facet normal 0 0 0
    outer loop
   vertex 27.855 8.815 2.006
   vertex 27.685 8.965 2.006
   vertex 27.855 8.965 2.006
  endloop
 endfacet
  facet normal 0 0 0
    outer loop
   vertex 27.535 8.965 2.006
   vertex 27.37 8.99 2.006
   vertex 27.535 9.135 2.006
  endloop
 endfacet
  facet normal 0 0 0
    outer loop
   vertex 27.535 8.965 2.006
   vertex 27.535 9.135 2.006
   vertex 27.685 8.965 2.006
  endloop
 endfacet
  facet normal 0 0 0
    outer loop
   vertex 27.685 8.965 2.006
   vertex 27.685 9.135 2.006
   vertex 27.855 8.965 2.006
  endloop
 endfacet
  facet normal 0 0 0
    outer loop
   vertex 27.685 8.965 2.006
   vertex 27.535 9.135 2.006
   vertex 27.685 9.135 2.006
  endloop
 endfacet
  facet normal 0 0 0
    outer loop
   vertex 27.37 8.99 2.006
   vertex 27.535 9.285 2.006
   vertex 27.535 9.135 2.006
  endloop
 endfacet
  facet normal 0 0 0
    outer loop
   vertex 27.685 9.135 2.006
   vertex 27.685 9.285 2.006
   vertex 27.855 9.135 2.006
  endloop
 endfacet
  facet normal 0 0 0
    outer loop
   vertex 27.855 8.965 2.006
   vertex 27.855 9.135 2.006
   vertex 28.005 8.965 2.006
  endloop
 endfacet
  facet normal 0 0 0
    outer loop
   vertex 27.855 8.965 2.006
   vertex 27.685 9.135 2.006
   vertex 27.855 9.135 2.006
  endloop
 endfacet
  facet normal 0 0 0
    outer loop
   vertex 28.005 8.965 2.006
   vertex 27.855 9.135 2.006
   vertex 28.005 9.135 2.006
  endloop
 endfacet
  facet normal 0 0 0
    outer loop
   vertex 27.855 9.135 2.006
   vertex 27.685 9.285 2.006
   vertex 27.855 9.285 2.006
  endloop
 endfacet
  facet normal 0 0 0
    outer loop
   vertex 27.77 8.65 2.006
   vertex 27.685 8.815 2.006
   vertex 27.855 8.815 2.006
  endloop
 endfacet
  facet normal 0 0 0
    outer loop
   vertex 27.37 8.65 2.006
   vertex 27.535 8.815 2.006
   vertex 27.77 8.65 2.006
  endloop
 endfacet
  facet normal 0 0 0
    outer loop
   vertex 27.77 8.65 2.006
   vertex 27.535 8.815 2.006
   vertex 27.685 8.815 2.006
  endloop
 endfacet
  facet normal 0 0 0
    outer loop
   vertex 27.77 8.65 2.006
   vertex 28.005 8.815 2.006
   vertex 28.17 8.65 2.006
  endloop
 endfacet
  facet normal 0 0 0
    outer loop
   vertex 27.77 8.65 2.006
   vertex 27.855 8.815 2.006
   vertex 28.005 8.815 2.006
  endloop
 endfacet
  facet normal 0 0 0
    outer loop
   vertex 28.005 8.965 2.006
   vertex 28.005 9.135 2.006
   vertex 28.17 9.05 2.006
  endloop
 endfacet
  facet normal 0 0 0
    outer loop
   vertex 28.17 8.65 2.006
   vertex 28.005 8.815 2.006
   vertex 28.17 9.05 2.006
  endloop
 endfacet
  facet normal 0 0 0
    outer loop
   vertex 28.005 8.815 2.006
   vertex 28.005 8.965 2.006
   vertex 28.17 9.05 2.006
  endloop
 endfacet
  facet normal 0 0 0
    outer loop
   vertex 28.17 9.05 2.006
   vertex 28.005 9.285 2.006
   vertex 28.17 9.45 2.006
  endloop
 endfacet
  facet normal 0 0 0
    outer loop
   vertex 28.17 9.05 2.006
   vertex 28.005 9.135 2.006
   vertex 28.005 9.285 2.006
  endloop
 endfacet
  facet normal 0 0 0
    outer loop
   vertex 27.37 8.99 2.006
   vertex 27.333 9.45 2.006
   vertex 27.535 9.285 2.006
  endloop
 endfacet
  facet normal 0 0 0
    outer loop
   vertex 27.37 8.99 2.006
   vertex 26.497 9.45 2.006
   vertex 27.333 9.45 2.006
  endloop
 endfacet
  facet normal 0 0 0
    outer loop
   vertex 27.685 9.285 2.006
   vertex 27.752 9.45 2.006
   vertex 27.855 9.285 2.006
  endloop
 endfacet
  facet normal 0 0 0
    outer loop
   vertex 27.535 9.285 2.006
   vertex 27.752 9.45 2.006
   vertex 27.685 9.285 2.006
  endloop
 endfacet
  facet normal 0 0 0
    outer loop
   vertex 27.535 9.285 2.006
   vertex 27.333 9.45 2.006
   vertex 27.752 9.45 2.006
  endloop
 endfacet
  facet normal 0 0 0
    outer loop
   vertex 28.005 9.285 2.006
   vertex 27.752 9.45 2.006
   vertex 28.17 9.45 2.006
  endloop
 endfacet
  facet normal 0 0 0
    outer loop
   vertex 27.855 9.285 2.006
   vertex 27.752 9.45 2.006
   vertex 28.005 9.285 2.006
  endloop
 endfacet
  facet normal 0 0 0
    outer loop
   vertex 25.797 8.99 2.006
   vertex 26.497 9.45 2.006
   vertex 27.37 8.99 2.006
  endloop
 endfacet
  facet normal 0 0 0
    outer loop
   vertex 24.224 8.99 2.006
   vertex 24.824 9.45 2.006
   vertex 25.797 8.99 2.006
  endloop
 endfacet
  facet normal 0 0 0
    outer loop
   vertex 25.797 8.99 2.006
   vertex 24.824 9.45 2.006
   vertex 26.497 9.45 2.006
  endloop
 endfacet
  facet normal 0 0 0
    outer loop
   vertex 21.078 8.99 2.006
   vertex 21.478 9.45 2.006
   vertex 22.651 8.99 2.006
  endloop
 endfacet
  facet normal 0 0 0
    outer loop
   vertex 21.078 8.99 2.006
   vertex 19.804 9.45 2.006
   vertex 21.478 9.45 2.006
  endloop
 endfacet
  facet normal 0 0 0
    outer loop
   vertex 22.651 8.99 2.006
   vertex 21.478 9.45 2.006
   vertex 23.151 9.45 2.006
  endloop
 endfacet
  facet normal 0 0 0
    outer loop
   vertex 24.224 8.99 2.006
   vertex 23.151 9.45 2.006
   vertex 24.824 9.45 2.006
  endloop
 endfacet
  facet normal 0 0 0
    outer loop
   vertex 22.651 8.99 2.006
   vertex 23.151 9.45 2.006
   vertex 24.224 8.99 2.006
  endloop
 endfacet
  facet normal 0 0 0
    outer loop
   vertex 19.504 8.99 2.006
   vertex 19.804 9.45 2.006
   vertex 21.078 8.99 2.006
  endloop
 endfacet
  facet normal 0 0 0
    outer loop
   vertex 17.931 8.99 2.006
   vertex 18.131 9.45 2.006
   vertex 19.504 8.99 2.006
  endloop
 endfacet
  facet normal 0 0 0
    outer loop
   vertex 19.504 8.99 2.006
   vertex 18.131 9.45 2.006
   vertex 19.804 9.45 2.006
  endloop
 endfacet
  facet normal 0 0 0
    outer loop
   vertex 17.931 8.99 2.006
   vertex 16.458 9.45 2.006
   vertex 18.131 9.45 2.006
  endloop
 endfacet
  facet normal 0 0 0
    outer loop
   vertex 14.785 8.99 2.006
   vertex 14.785 9.45 2.006
   vertex 16.458 9.45 2.006
  endloop
 endfacet
  facet normal 0 0 0
    outer loop
   vertex 14.785 8.99 2.006
   vertex 16.458 9.45 2.006
   vertex 17.931 8.99 2.006
  endloop
 endfacet
  facet normal 0 0 0
    outer loop
   vertex 27.37 8.65 2.006
   vertex 27.37 8.99 2.006
   vertex 27.535 8.815 2.006
  endloop
 endfacet
  facet normal 0 0 0
    outer loop
   vertex 27.535 8.815 2.006
   vertex 27.37 8.99 2.006
   vertex 27.535 8.965 2.006
  endloop
 endfacet
  facet normal 0 0 0
    outer loop
   vertex 11.639 8.99 2.006
   vertex 11.439 9.45 2.006
   vertex 13.112 9.45 2.006
  endloop
 endfacet
  facet normal 0 0 0
    outer loop
   vertex 14.785 8.99 2.006
   vertex 13.112 9.45 2.006
   vertex 14.785 9.45 2.006
  endloop
 endfacet
  facet normal 0 0 0
    outer loop
   vertex 11.639 8.99 2.006
   vertex 13.112 9.45 2.006
   vertex 14.785 8.99 2.006
  endloop
 endfacet
  facet normal 0 0 0
    outer loop
   vertex 1.715 8.965 2.006
   vertex 1.565 9.135 2.006
   vertex 1.715 9.135 2.006
  endloop
 endfacet
  facet normal 0 0 0
    outer loop
   vertex 1.715 9.135 2.006
   vertex 1.715 9.285 2.006
   vertex 1.885 9.135 2.006
  endloop
 endfacet
  facet normal 0 0 0
    outer loop
   vertex 1.715 9.285 2.006
   vertex 1.818 9.45 2.006
   vertex 1.885 9.285 2.006
  endloop
 endfacet
  facet normal 0 0 0
    outer loop
   vertex 2.035 9.285 2.006
   vertex 1.818 9.45 2.006
   vertex 2.237 9.45 2.006
  endloop
 endfacet
  facet normal 0 0 0
    outer loop
   vertex 1.885 9.285 2.006
   vertex 1.818 9.45 2.006
   vertex 2.035 9.285 2.006
  endloop
 endfacet
  facet normal 0 0 0
    outer loop
   vertex 1.565 9.285 2.006
   vertex 1.4 9.45 2.006
   vertex 1.818 9.45 2.006
  endloop
 endfacet
  facet normal 0 0 0
    outer loop
   vertex 1.565 9.285 2.006
   vertex 1.818 9.45 2.006
   vertex 1.715 9.285 2.006
  endloop
 endfacet
  facet normal 0 0 0
    outer loop
   vertex 2.2 8.99 2.006
   vertex 3.073 9.45 2.006
   vertex 3.773 8.99 2.006
  endloop
 endfacet
  facet normal 0 0 0
    outer loop
   vertex 3.773 8.99 2.006
   vertex 4.746 9.45 2.006
   vertex 5.346 8.99 2.006
  endloop
 endfacet
  facet normal 0 0 0
    outer loop
   vertex 3.773 8.99 2.006
   vertex 3.073 9.45 2.006
   vertex 4.746 9.45 2.006
  endloop
 endfacet
  facet normal 0 0 0
    outer loop
   vertex 6.919 8.99 2.006
   vertex 8.093 9.45 2.006
   vertex 8.493 8.99 2.006
  endloop
 endfacet
  facet normal 0 0 0
    outer loop
   vertex 1.885 8.965 2.006
   vertex 1.885 9.135 2.006
   vertex 2.035 8.965 2.006
  endloop
 endfacet
  facet normal 0 0 0
    outer loop
   vertex 1.885 8.965 2.006
   vertex 1.715 9.135 2.006
   vertex 1.885 9.135 2.006
  endloop
 endfacet
  facet normal 0 0 0
    outer loop
   vertex 1.8 8.65 2.006
   vertex 1.715 8.815 2.006
   vertex 1.885 8.815 2.006
  endloop
 endfacet
  facet normal 0 0 0
    outer loop
   vertex 1.8 8.65 2.006
   vertex 1.565 8.815 2.006
   vertex 1.715 8.815 2.006
  endloop
 endfacet
  facet normal 0 0 0
    outer loop
   vertex 1.4 8.65 2.006
   vertex 1.565 8.815 2.006
   vertex 1.8 8.65 2.006
  endloop
 endfacet
  facet normal 0 0 0
    outer loop
   vertex 1.8 8.65 2.006
   vertex 2.035 8.815 2.006
   vertex 2.2 8.65 2.006
  endloop
 endfacet
  facet normal 0 0 0
    outer loop
   vertex 1.8 8.65 2.006
   vertex 1.885 8.815 2.006
   vertex 2.035 8.815 2.006
  endloop
 endfacet
  facet normal 0 0 0
    outer loop
   vertex 2.035 8.965 2.006
   vertex 2.035 9.135 2.006
   vertex 2.2 8.99 2.006
  endloop
 endfacet
  facet normal 0 0 0
    outer loop
   vertex 2.035 8.965 2.006
   vertex 1.885 9.135 2.006
   vertex 2.035 9.135 2.006
  endloop
 endfacet
  facet normal 0 0 0
    outer loop
   vertex 2.2 8.99 2.006
   vertex 2.035 9.135 2.006
   vertex 2.035 9.285 2.006
  endloop
 endfacet
  facet normal 0 0 0
    outer loop
   vertex 6.919 8.99 2.006
   vertex 6.419 9.45 2.006
   vertex 8.093 9.45 2.006
  endloop
 endfacet
  facet normal 0 0 0
    outer loop
   vertex 5.346 8.99 2.006
   vertex 4.746 9.45 2.006
   vertex 6.419 9.45 2.006
  endloop
 endfacet
  facet normal 0 0 0
    outer loop
   vertex 5.346 8.99 2.006
   vertex 6.419 9.45 2.006
   vertex 6.919 8.99 2.006
  endloop
 endfacet
  facet normal 0 0 0
    outer loop
   vertex 8.493 8.99 2.006
   vertex 8.093 9.45 2.006
   vertex 9.766 9.45 2.006
  endloop
 endfacet
  facet normal 0 0 0
    outer loop
   vertex 1.885 9.135 2.006
   vertex 1.715 9.285 2.006
   vertex 1.885 9.285 2.006
  endloop
 endfacet
  facet normal 0 0 0
    outer loop
   vertex 1.715 8.815 2.006
   vertex 1.715 8.965 2.006
   vertex 1.885 8.815 2.006
  endloop
 endfacet
  facet normal 0 0 0
    outer loop
   vertex 1.565 8.965 2.006
   vertex 1.4 9.05 2.006
   vertex 1.565 9.135 2.006
  endloop
 endfacet
  facet normal 0 0 0
    outer loop
   vertex 1.565 8.815 2.006
   vertex 1.4 9.05 2.006
   vertex 1.565 8.965 2.006
  endloop
 endfacet
  facet normal 0 0 0
    outer loop
   vertex 1.4 8.65 2.006
   vertex 1.4 9.05 2.006
   vertex 1.565 8.815 2.006
  endloop
 endfacet
  facet normal 0 0 0
    outer loop
   vertex 1.4 9.05 2.006
   vertex 1.4 9.45 2.006
   vertex 1.565 9.285 2.006
  endloop
 endfacet
  facet normal 0 0 0
    outer loop
   vertex 1.4 9.05 2.006
   vertex 1.565 9.285 2.006
   vertex 1.565 9.135 2.006
  endloop
 endfacet
  facet normal 0 0 0
    outer loop
   vertex 2.2 8.65 2.006
   vertex 2.035 8.815 2.006
   vertex 2.2 8.99 2.006
  endloop
 endfacet
  facet normal 0 0 0
    outer loop
   vertex 2.035 8.815 2.006
   vertex 2.035 8.965 2.006
   vertex 2.2 8.99 2.006
  endloop
 endfacet
  facet normal 0 0 0
    outer loop
   vertex 8.493 8.99 2.006
   vertex 9.766 9.45 2.006
   vertex 10.066 8.99 2.006
  endloop
 endfacet
  facet normal 0 0 0
    outer loop
   vertex 1.885 8.815 2.006
   vertex 1.715 8.965 2.006
   vertex 1.885 8.965 2.006
  endloop
 endfacet
  facet normal 0 0 0
    outer loop
   vertex 1.565 8.965 2.006
   vertex 1.565 9.135 2.006
   vertex 1.715 8.965 2.006
  endloop
 endfacet
  facet normal 0 0 0
    outer loop
   vertex 1.715 8.965 2.006
   vertex 1.715 9.135 2.006
   vertex 1.885 8.965 2.006
  endloop
 endfacet
  facet normal 0 0 0
    outer loop
   vertex 2.2 8.99 2.006
   vertex 2.035 9.285 2.006
   vertex 2.237 9.45 2.006
  endloop
 endfacet
  facet normal 0 0 0
    outer loop
   vertex 2.2 8.99 2.006
   vertex 2.237 9.45 2.006
   vertex 3.073 9.45 2.006
  endloop
 endfacet
  facet normal 0 0 0
    outer loop
   vertex -7.035 12.81 2.006
   vertex -7.035 13.19 2.006
   vertex -6.92 12.925 2.006
  endloop
 endfacet
  facet normal 0 0 0
    outer loop
   vertex -7.035 12.81 2.006
   vertex -6.92 12.925 2.006
   vertex -6.655 12.81 2.006
  endloop
 endfacet
  facet normal 0 0 0
    outer loop
   vertex -6.655 12.88 2.006
   vertex -6.77 12.925 2.006
   vertex -6.655 13.12 2.006
  endloop
 endfacet
  facet normal 0 0 0
    outer loop
   vertex -6.655 12.81 2.006
   vertex -6.77 12.925 2.006
   vertex -6.655 12.88 2.006
  endloop
 endfacet
  facet normal 0 0 0
    outer loop
   vertex -6.655 12.81 2.006
   vertex -6.92 12.925 2.006
   vertex -6.77 12.925 2.006
  endloop
 endfacet
  facet normal 0 0 0
    outer loop
   vertex -6.77 13.075 2.006
   vertex -6.655 13.19 2.006
   vertex -6.655 13.12 2.006
  endloop
 endfacet
  facet normal 0 0 0
    outer loop
   vertex -6.77 13.075 2.006
   vertex -7.035 13.19 2.006
   vertex -6.655 13.19 2.006
  endloop
 endfacet
  facet normal 0 0 0
    outer loop
   vertex -6.77 12.925 2.006
   vertex -6.77 13.075 2.006
   vertex -6.655 13.12 2.006
  endloop
 endfacet
  facet normal 0 0 0
    outer loop
   vertex -6.92 12.925 2.006
   vertex -7.035 13.19 2.006
   vertex -6.92 13.075 2.006
  endloop
 endfacet
  facet normal 0 0 0
    outer loop
   vertex -6.92 13.075 2.006
   vertex -7.035 13.19 2.006
   vertex -6.77 13.075 2.006
  endloop
 endfacet
  facet normal 0 0 0
    outer loop
   vertex 1.905 15.39 2.006
   vertex 1.74 15.605 2.006
   vertex 1.905 15.54 2.006
  endloop
 endfacet
  facet normal 0 0 0
    outer loop
   vertex 2.055 15.39 2.006
   vertex 2.055 15.54 2.006
   vertex 2.225 15.39 2.006
  endloop
 endfacet
  facet normal 0 0 0
    outer loop
   vertex 2.54 15.225 2.006
   vertex 2.225 15.39 2.006
   vertex 2.375 15.39 2.006
  endloop
 endfacet
  facet normal 0 0 0
    outer loop
   vertex 2.225 15.39 2.006
   vertex 2.055 15.54 2.006
   vertex 2.225 15.54 2.006
  endloop
 endfacet
  facet normal 0 0 0
    outer loop
   vertex 1.905 15.54 2.006
   vertex 1.905 15.71 2.006
   vertex 2.055 15.54 2.006
  endloop
 endfacet
  facet normal 0 0 0
    outer loop
   vertex 1.905 15.54 2.006
   vertex 1.74 15.605 2.006
   vertex 1.905 15.71 2.006
  endloop
 endfacet
  facet normal 0 0 0
    outer loop
   vertex 2.055 15.54 2.006
   vertex 2.055 15.71 2.006
   vertex 2.225 15.54 2.006
  endloop
 endfacet
  facet normal 0 0 0
    outer loop
   vertex 2.055 15.54 2.006
   vertex 1.905 15.71 2.006
   vertex 2.055 15.71 2.006
  endloop
 endfacet
  facet normal 0 0 0
    outer loop
   vertex 1.74 15.605 2.006
   vertex 1.74 16.025 2.006
   vertex 1.905 15.86 2.006
  endloop
 endfacet
  facet normal 0 0 0
    outer loop
   vertex 1.74 15.605 2.006
   vertex 1.905 15.86 2.006
   vertex 1.905 15.71 2.006
  endloop
 endfacet
  facet normal 0 0 0
    outer loop
   vertex 2.055 15.71 2.006
   vertex 2.055 15.86 2.006
   vertex 2.225 15.71 2.006
  endloop
 endfacet
  facet normal 0 0 0
    outer loop
   vertex 2.225 15.54 2.006
   vertex 2.225 15.71 2.006
   vertex 2.375 15.54 2.006
  endloop
 endfacet
  facet normal 0 0 0
    outer loop
   vertex 2.225 15.54 2.006
   vertex 2.055 15.71 2.006
   vertex 2.225 15.71 2.006
  endloop
 endfacet
  facet normal 0 0 0
    outer loop
   vertex 2.375 15.54 2.006
   vertex 2.225 15.71 2.006
   vertex 2.375 15.71 2.006
  endloop
 endfacet
  facet normal 0 0 0
    outer loop
   vertex 2.225 15.71 2.006
   vertex 2.055 15.86 2.006
   vertex 2.225 15.86 2.006
  endloop
 endfacet
  facet normal 0 0 0
    outer loop
   vertex -2.28 14.363 2.006
   vertex -2.28 15.605 2.006
   vertex -1.9 15.225 2.006
  endloop
 endfacet
  facet normal 0 0 0
    outer loop
   vertex 1.43 15.225 2.006
   vertex 1.74 15.605 2.006
   vertex 1.905 15.39 2.006
  endloop
 endfacet
  facet normal 0 0 0
    outer loop
   vertex 0.32 15.225 2.006
   vertex 1.74 15.605 2.006
   vertex 1.43 15.225 2.006
  endloop
 endfacet
  facet normal 0 0 0
    outer loop
   vertex 1.985 15.225 2.006
   vertex 2.225 15.39 2.006
   vertex 2.54 15.225 2.006
  endloop
 endfacet
  facet normal 0 0 0
    outer loop
   vertex 1.985 15.225 2.006
   vertex 2.055 15.39 2.006
   vertex 2.225 15.39 2.006
  endloop
 endfacet
  facet normal 0 0 0
    outer loop
   vertex 1.43 15.225 2.006
   vertex 1.905 15.39 2.006
   vertex 1.985 15.225 2.006
  endloop
 endfacet
  facet normal 0 0 0
    outer loop
   vertex 1.985 15.225 2.006
   vertex 1.905 15.39 2.006
   vertex 2.055 15.39 2.006
  endloop
 endfacet
  facet normal 0 0 0
    outer loop
   vertex 2.375 15.54 2.006
   vertex 2.375 15.71 2.006
   vertex 2.54 15.625 2.006
  endloop
 endfacet
  facet normal 0 0 0
    outer loop
   vertex 2.54 15.225 2.006
   vertex 2.375 15.39 2.006
   vertex 2.54 15.625 2.006
  endloop
 endfacet
  facet normal 0 0 0
    outer loop
   vertex 2.375 15.39 2.006
   vertex 2.375 15.54 2.006
   vertex 2.54 15.625 2.006
  endloop
 endfacet
  facet normal 0 0 0
    outer loop
   vertex 2.54 15.625 2.006
   vertex 2.375 15.86 2.006
   vertex 2.54 16.025 2.006
  endloop
 endfacet
  facet normal 0 0 0
    outer loop
   vertex 2.54 15.625 2.006
   vertex 2.375 15.71 2.006
   vertex 2.375 15.86 2.006
  endloop
 endfacet
  facet normal 0 0 0
    outer loop
   vertex 1.905 15.86 2.006
   vertex 1.74 16.025 2.006
   vertex 2.14 16.025 2.006
  endloop
 endfacet
  facet normal 0 0 0
    outer loop
   vertex 1.905 15.86 2.006
   vertex 2.14 16.025 2.006
   vertex 2.055 15.86 2.006
  endloop
 endfacet
  facet normal 0 0 0
    outer loop
   vertex 2.055 15.86 2.006
   vertex 2.14 16.025 2.006
   vertex 2.225 15.86 2.006
  endloop
 endfacet
  facet normal 0 0 0
    outer loop
   vertex 2.375 15.86 2.006
   vertex 2.14 16.025 2.006
   vertex 2.54 16.025 2.006
  endloop
 endfacet
  facet normal 0 0 0
    outer loop
   vertex 2.225 15.86 2.006
   vertex 2.14 16.025 2.006
   vertex 2.375 15.86 2.006
  endloop
 endfacet
  facet normal 0 0 0
    outer loop
   vertex -1.9 14.053 2.006
   vertex -2.28 14.363 2.006
   vertex -1.9 15.225 2.006
  endloop
 endfacet
  facet normal 0 0 0
    outer loop
   vertex -2.28 13.12 2.006
   vertex -2.28 14.363 2.006
   vertex -1.9 14.053 2.006
  endloop
 endfacet
  facet normal 0 0 0
    outer loop
   vertex -1.9 12.88 2.006
   vertex -2.28 13.12 2.006
   vertex -1.9 14.053 2.006
  endloop
 endfacet
  facet normal 0 0 0
    outer loop
   vertex 0.32 15.225 2.006
   vertex -0.27 15.605 2.006
   vertex 1.74 15.605 2.006
  endloop
 endfacet
  facet normal 0 0 0
    outer loop
   vertex -3.089 12.88 2.006
   vertex -2.28 13.12 2.006
   vertex -1.9 12.88 2.006
  endloop
 endfacet
  facet normal 0 0 0
    outer loop
   vertex -0.79 15.225 2.006
   vertex -0.27 15.605 2.006
   vertex 0.32 15.225 2.006
  endloop
 endfacet
  facet normal 0 0 0
    outer loop
   vertex -0.79 15.225 2.006
   vertex -1.275 15.605 2.006
   vertex -0.27 15.605 2.006
  endloop
 endfacet
  facet normal 0 0 0
    outer loop
   vertex -1.9 15.225 2.006
   vertex -2.28 15.605 2.006
   vertex -1.275 15.605 2.006
  endloop
 endfacet
  facet normal 0 0 0
    outer loop
   vertex -1.9 15.225 2.006
   vertex -1.275 15.605 2.006
   vertex -0.79 15.225 2.006
  endloop
 endfacet
  facet normal 0 0 0
    outer loop
   vertex -3.089 12.88 2.006
   vertex -3.374 13.12 2.006
   vertex -2.28 13.12 2.006
  endloop
 endfacet
  facet normal 0 0 0
    outer loop
   vertex -4.278 12.88 2.006
   vertex -4.468 13.12 2.006
   vertex -3.374 13.12 2.006
  endloop
 endfacet
  facet normal 0 0 0
    outer loop
   vertex -4.278 12.88 2.006
   vertex -3.374 13.12 2.006
   vertex -3.089 12.88 2.006
  endloop
 endfacet
  facet normal 0 0 0
    outer loop
   vertex -4.872 12.88 2.006
   vertex -4.468 13.12 2.006
   vertex -4.278 12.88 2.006
  endloop
 endfacet
  facet normal 0 0 0
    outer loop
   vertex -5.466 12.88 2.006
   vertex -5.561 13.12 2.006
   vertex -4.872 12.88 2.006
  endloop
 endfacet
  facet normal 0 0 0
    outer loop
   vertex -4.872 12.88 2.006
   vertex -5.561 13.12 2.006
   vertex -4.468 13.12 2.006
  endloop
 endfacet
  facet normal 0 0 0
    outer loop
   vertex -6.061 12.88 2.006
   vertex -5.561 13.12 2.006
   vertex -5.466 12.88 2.006
  endloop
 endfacet
  facet normal 0 0 0
    outer loop
   vertex -6.655 12.88 2.006
   vertex -6.655 13.12 2.006
   vertex -6.061 12.88 2.006
  endloop
 endfacet
  facet normal 0 0 0
    outer loop
   vertex -6.061 12.88 2.006
   vertex -6.655 13.12 2.006
   vertex -5.561 13.12 2.006
  endloop
 endfacet
  facet normal 0 0 0
    outer loop
   vertex 28.005 8.815 1.736
   vertex 28.005 8.815 2.006
   vertex 27.855 8.815 2.006
  endloop
 endfacet
  facet normal 0 0 0
    outer loop
   vertex 28.005 8.815 1.736
   vertex 27.855 8.815 2.006
   vertex 27.855 8.815 1.736
  endloop
 endfacet
  facet normal 0 0 0
    outer loop
   vertex 27.685 8.815 1.736
   vertex 27.685 8.815 2.006
   vertex 27.535 8.815 2.006
  endloop
 endfacet
  facet normal 0 0 0
    outer loop
   vertex 27.685 8.815 1.736
   vertex 27.535 8.815 2.006
   vertex 27.535 8.815 1.736
  endloop
 endfacet
  facet normal 0 0 0
    outer loop
   vertex 2.035 8.815 1.736
   vertex 2.035 8.815 2.006
   vertex 1.885 8.815 2.006
  endloop
 endfacet
  facet normal 0 0 0
    outer loop
   vertex 2.035 8.815 1.736
   vertex 1.885 8.815 2.006
   vertex 1.885 8.815 1.736
  endloop
 endfacet
  facet normal 0 0 0
    outer loop
   vertex 1.715 8.815 1.736
   vertex 1.715 8.815 2.006
   vertex 1.565 8.815 2.006
  endloop
 endfacet
  facet normal 0 0 0
    outer loop
   vertex 1.715 8.815 1.736
   vertex 1.565 8.815 2.006
   vertex 1.565 8.815 1.736
  endloop
 endfacet
  facet normal 0 0 0
    outer loop
   vertex 1.565 8.815 1.736
   vertex 1.565 8.815 2.006
   vertex 1.565 8.965 2.006
  endloop
 endfacet
  facet normal 0 0 0
    outer loop
   vertex 1.565 8.815 1.736
   vertex 1.565 8.965 2.006
   vertex 1.565 8.965 1.736
  endloop
 endfacet
  facet normal 0 0 0
    outer loop
   vertex 1.565 9.135 1.736
   vertex 1.565 9.135 2.006
   vertex 1.565 9.285 2.006
  endloop
 endfacet
  facet normal 0 0 0
    outer loop
   vertex 1.565 9.135 1.736
   vertex 1.565 9.285 2.006
   vertex 1.565 9.285 1.736
  endloop
 endfacet
  facet normal 0 0 0
    outer loop
   vertex 28.005 9.285 1.736
   vertex 28.005 9.285 2.006
   vertex 28.005 9.135 2.006
  endloop
 endfacet
  facet normal 0 0 0
    outer loop
   vertex 28.005 9.285 1.736
   vertex 28.005 9.135 2.006
   vertex 28.005 9.135 1.736
  endloop
 endfacet
  facet normal 0 0 0
    outer loop
   vertex 28.005 8.965 1.736
   vertex 28.005 8.965 2.006
   vertex 28.005 8.815 2.006
  endloop
 endfacet
  facet normal 0 0 0
    outer loop
   vertex 28.005 8.965 1.736
   vertex 28.005 8.815 2.006
   vertex 28.005 8.815 1.736
  endloop
 endfacet
  facet normal 0 0 0
    outer loop
   vertex 1.565 8.965 1.736
   vertex 1.565 8.965 2.006
   vertex 1.715 8.965 2.006
  endloop
 endfacet
  facet normal 0 0 0
    outer loop
   vertex 1.565 8.965 1.736
   vertex 1.715 8.965 2.006
   vertex 1.715 8.965 1.736
  endloop
 endfacet
  facet normal 0 0 0
    outer loop
   vertex 1.885 8.965 1.736
   vertex 1.885 8.965 2.006
   vertex 2.035 8.965 2.006
  endloop
 endfacet
  facet normal 0 0 0
    outer loop
   vertex 1.885 8.965 1.736
   vertex 2.035 8.965 2.006
   vertex 2.035 8.965 1.736
  endloop
 endfacet
  facet normal 0 0 0
    outer loop
   vertex 27.535 8.965 1.736
   vertex 27.535 8.965 2.006
   vertex 27.685 8.965 2.006
  endloop
 endfacet
  facet normal 0 0 0
    outer loop
   vertex 27.535 8.965 1.736
   vertex 27.685 8.965 2.006
   vertex 27.685 8.965 1.736
  endloop
 endfacet
  facet normal 0 0 0
    outer loop
   vertex 27.855 8.965 1.736
   vertex 27.855 8.965 2.006
   vertex 28.005 8.965 2.006
  endloop
 endfacet
  facet normal 0 0 0
    outer loop
   vertex 27.855 8.965 1.736
   vertex 28.005 8.965 2.006
   vertex 28.005 8.965 1.736
  endloop
 endfacet
  facet normal 0 0 0
    outer loop
   vertex 27.855 8.815 1.736
   vertex 27.855 8.815 2.006
   vertex 27.855 8.965 2.006
  endloop
 endfacet
  facet normal 0 0 0
    outer loop
   vertex 27.855 8.815 1.736
   vertex 27.855 8.965 2.006
   vertex 27.855 8.965 1.736
  endloop
 endfacet
  facet normal 0 0 0
    outer loop
   vertex 27.855 9.135 1.736
   vertex 27.855 9.135 2.006
   vertex 27.855 9.285 2.006
  endloop
 endfacet
  facet normal 0 0 0
    outer loop
   vertex 27.855 9.135 1.736
   vertex 27.855 9.285 2.006
   vertex 27.855 9.285 1.736
  endloop
 endfacet
  facet normal 0 0 0
    outer loop
   vertex 1.715 9.285 1.736
   vertex 1.715 9.285 2.006
   vertex 1.715 9.135 2.006
  endloop
 endfacet
  facet normal 0 0 0
    outer loop
   vertex 1.715 9.285 1.736
   vertex 1.715 9.135 2.006
   vertex 1.715 9.135 1.736
  endloop
 endfacet
  facet normal 0 0 0
    outer loop
   vertex 1.715 8.965 1.736
   vertex 1.715 8.965 2.006
   vertex 1.715 8.815 2.006
  endloop
 endfacet
  facet normal 0 0 0
    outer loop
   vertex 1.715 8.965 1.736
   vertex 1.715 8.815 2.006
   vertex 1.715 8.815 1.736
  endloop
 endfacet
  facet normal 0 0 0
    outer loop
   vertex 27.685 9.285 1.736
   vertex 27.685 9.285 2.006
   vertex 27.685 9.135 2.006
  endloop
 endfacet
  facet normal 0 0 0
    outer loop
   vertex 27.685 9.285 1.736
   vertex 27.685 9.135 2.006
   vertex 27.685 9.135 1.736
  endloop
 endfacet
  facet normal 0 0 0
    outer loop
   vertex 27.685 8.965 1.736
   vertex 27.685 8.965 2.006
   vertex 27.685 8.815 2.006
  endloop
 endfacet
  facet normal 0 0 0
    outer loop
   vertex 27.685 8.965 1.736
   vertex 27.685 8.815 2.006
   vertex 27.685 8.815 1.736
  endloop
 endfacet
  facet normal 0 0 0
    outer loop
   vertex 1.885 8.815 1.736
   vertex 1.885 8.815 2.006
   vertex 1.885 8.965 2.006
  endloop
 endfacet
  facet normal 0 0 0
    outer loop
   vertex 1.885 8.815 1.736
   vertex 1.885 8.965 2.006
   vertex 1.885 8.965 1.736
  endloop
 endfacet
  facet normal 0 0 0
    outer loop
   vertex 1.885 9.135 1.736
   vertex 1.885 9.135 2.006
   vertex 1.885 9.285 2.006
  endloop
 endfacet
  facet normal 0 0 0
    outer loop
   vertex 1.885 9.135 1.736
   vertex 1.885 9.285 2.006
   vertex 1.885 9.285 1.736
  endloop
 endfacet
  facet normal 0 0 0
    outer loop
   vertex 2.035 9.285 1.736
   vertex 2.035 9.285 2.006
   vertex 2.035 9.135 2.006
  endloop
 endfacet
  facet normal 0 0 0
    outer loop
   vertex 2.035 9.285 1.736
   vertex 2.035 9.135 2.006
   vertex 2.035 9.135 1.736
  endloop
 endfacet
  facet normal 0 0 0
    outer loop
   vertex 2.035 8.965 1.736
   vertex 2.035 8.965 2.006
   vertex 2.035 8.815 2.006
  endloop
 endfacet
  facet normal 0 0 0
    outer loop
   vertex 2.035 8.965 1.736
   vertex 2.035 8.815 2.006
   vertex 2.035 8.815 1.736
  endloop
 endfacet
  facet normal 0 0 0
    outer loop
   vertex 27.535 8.815 1.736
   vertex 27.535 8.815 2.006
   vertex 27.535 8.965 2.006
  endloop
 endfacet
  facet normal 0 0 0
    outer loop
   vertex 27.535 8.815 1.736
   vertex 27.535 8.965 2.006
   vertex 27.535 8.965 1.736
  endloop
 endfacet
  facet normal 0 0 0
    outer loop
   vertex 27.535 9.135 1.736
   vertex 27.535 9.135 2.006
   vertex 27.535 9.285 2.006
  endloop
 endfacet
  facet normal 0 0 0
    outer loop
   vertex 27.535 9.135 1.736
   vertex 27.535 9.285 2.006
   vertex 27.535 9.285 1.736
  endloop
 endfacet
  facet normal 0 0 0
    outer loop
   vertex 1.565 9.285 1.736
   vertex 1.565 9.285 2.006
   vertex 1.715 9.285 2.006
  endloop
 endfacet
  facet normal 0 0 0
    outer loop
   vertex 1.565 9.285 1.736
   vertex 1.715 9.285 2.006
   vertex 1.715 9.285 1.736
  endloop
 endfacet
  facet normal 0 0 0
    outer loop
   vertex 1.885 9.285 1.736
   vertex 1.885 9.285 2.006
   vertex 2.035 9.285 2.006
  endloop
 endfacet
  facet normal 0 0 0
    outer loop
   vertex 1.885 9.285 1.736
   vertex 2.035 9.285 2.006
   vertex 2.035 9.285 1.736
  endloop
 endfacet
  facet normal 0 0 0
    outer loop
   vertex 27.535 9.285 1.736
   vertex 27.535 9.285 2.006
   vertex 27.685 9.285 2.006
  endloop
 endfacet
  facet normal 0 0 0
    outer loop
   vertex 27.535 9.285 1.736
   vertex 27.685 9.285 2.006
   vertex 27.685 9.285 1.736
  endloop
 endfacet
  facet normal 0 0 0
    outer loop
   vertex 27.855 9.285 1.736
   vertex 27.855 9.285 2.006
   vertex 28.005 9.285 2.006
  endloop
 endfacet
  facet normal 0 0 0
    outer loop
   vertex 27.855 9.285 1.736
   vertex 28.005 9.285 2.006
   vertex 28.005 9.285 1.736
  endloop
 endfacet
  facet normal 0 0 0
    outer loop
   vertex 28.005 9.135 1.736
   vertex 28.005 9.135 2.006
   vertex 27.855 9.135 2.006
  endloop
 endfacet
  facet normal 0 0 0
    outer loop
   vertex 28.005 9.135 1.736
   vertex 27.855 9.135 2.006
   vertex 27.855 9.135 1.736
  endloop
 endfacet
  facet normal 0 0 0
    outer loop
   vertex 27.685 9.135 1.736
   vertex 27.685 9.135 2.006
   vertex 27.535 9.135 2.006
  endloop
 endfacet
  facet normal 0 0 0
    outer loop
   vertex 27.685 9.135 1.736
   vertex 27.535 9.135 2.006
   vertex 27.535 9.135 1.736
  endloop
 endfacet
  facet normal 0 0 0
    outer loop
   vertex 2.035 9.135 1.736
   vertex 2.035 9.135 2.006
   vertex 1.885 9.135 2.006
  endloop
 endfacet
  facet normal 0 0 0
    outer loop
   vertex 2.035 9.135 1.736
   vertex 1.885 9.135 2.006
   vertex 1.885 9.135 1.736
  endloop
 endfacet
  facet normal 0 0 0
    outer loop
   vertex 1.715 9.135 1.736
   vertex 1.715 9.135 2.006
   vertex 1.565 9.135 2.006
  endloop
 endfacet
  facet normal 0 0 0
    outer loop
   vertex 1.715 9.135 1.736
   vertex 1.565 9.135 2.006
   vertex 1.565 9.135 1.736
  endloop
 endfacet
  facet normal 0 0 0
    outer loop
   vertex -6.92 13.075 1.736
   vertex -6.92 13.075 2.006
   vertex -6.77 13.075 2.006
  endloop
 endfacet
  facet normal 0 0 0
    outer loop
   vertex -6.92 13.075 1.736
   vertex -6.77 13.075 2.006
   vertex -6.77 13.075 1.736
  endloop
 endfacet
  facet normal 0 0 0
    outer loop
   vertex -6.92 12.925 1.736
   vertex -6.92 12.925 2.006
   vertex -6.92 13.075 2.006
  endloop
 endfacet
  facet normal 0 0 0
    outer loop
   vertex -6.92 12.925 1.736
   vertex -6.92 13.075 2.006
   vertex -6.92 13.075 1.736
  endloop
 endfacet
  facet normal 0 0 0
    outer loop
   vertex -6.77 12.925 1.736
   vertex -6.77 12.925 2.006
   vertex -6.92 12.925 2.006
  endloop
 endfacet
  facet normal 0 0 0
    outer loop
   vertex -6.77 12.925 1.736
   vertex -6.92 12.925 2.006
   vertex -6.92 12.925 1.736
  endloop
 endfacet
  facet normal 0 0 0
    outer loop
   vertex -6.77 13.075 1.736
   vertex -6.77 13.075 2.006
   vertex -6.77 12.925 2.006
  endloop
 endfacet
  facet normal 0 0 0
    outer loop
   vertex -6.77 13.075 1.736
   vertex -6.77 12.925 2.006
   vertex -6.77 12.925 1.736
  endloop
 endfacet
  facet normal 0 0 0
    outer loop
   vertex 2.375 15.86 1.736
   vertex 2.375 15.86 2.006
   vertex 2.375 15.71 2.006
  endloop
 endfacet
  facet normal 0 0 0
    outer loop
   vertex 2.375 15.86 1.736
   vertex 2.375 15.71 2.006
   vertex 2.375 15.71 1.736
  endloop
 endfacet
  facet normal 0 0 0
    outer loop
   vertex 2.375 15.54 1.736
   vertex 2.375 15.54 2.006
   vertex 2.375 15.39 2.006
  endloop
 endfacet
  facet normal 0 0 0
    outer loop
   vertex 2.375 15.54 1.736
   vertex 2.375 15.39 2.006
   vertex 2.375 15.39 1.736
  endloop
 endfacet
  facet normal 0 0 0
    outer loop
   vertex 2.375 15.39 1.736
   vertex 2.375 15.39 2.006
   vertex 2.225 15.39 2.006
  endloop
 endfacet
  facet normal 0 0 0
    outer loop
   vertex 2.375 15.39 1.736
   vertex 2.225 15.39 2.006
   vertex 2.225 15.39 1.736
  endloop
 endfacet
  facet normal 0 0 0
    outer loop
   vertex 2.055 15.39 1.736
   vertex 2.055 15.39 2.006
   vertex 1.905 15.39 2.006
  endloop
 endfacet
  facet normal 0 0 0
    outer loop
   vertex 2.055 15.39 1.736
   vertex 1.905 15.39 2.006
   vertex 1.905 15.39 1.736
  endloop
 endfacet
  facet normal 0 0 0
    outer loop
   vertex 1.905 15.54 1.736
   vertex 1.905 15.54 2.006
   vertex 2.055 15.54 2.006
  endloop
 endfacet
  facet normal 0 0 0
    outer loop
   vertex 1.905 15.54 1.736
   vertex 2.055 15.54 2.006
   vertex 2.055 15.54 1.736
  endloop
 endfacet
  facet normal 0 0 0
    outer loop
   vertex 2.225 15.54 1.736
   vertex 2.225 15.54 2.006
   vertex 2.375 15.54 2.006
  endloop
 endfacet
  facet normal 0 0 0
    outer loop
   vertex 2.225 15.54 1.736
   vertex 2.375 15.54 2.006
   vertex 2.375 15.54 1.736
  endloop
 endfacet
  facet normal 0 0 0
    outer loop
   vertex 1.905 15.39 1.736
   vertex 1.905 15.39 2.006
   vertex 1.905 15.54 2.006
  endloop
 endfacet
  facet normal 0 0 0
    outer loop
   vertex 1.905 15.39 1.736
   vertex 1.905 15.54 2.006
   vertex 1.905 15.54 1.736
  endloop
 endfacet
  facet normal 0 0 0
    outer loop
   vertex 1.905 15.71 1.736
   vertex 1.905 15.71 2.006
   vertex 1.905 15.86 2.006
  endloop
 endfacet
  facet normal 0 0 0
    outer loop
   vertex 1.905 15.71 1.736
   vertex 1.905 15.86 2.006
   vertex 1.905 15.86 1.736
  endloop
 endfacet
  facet normal 0 0 0
    outer loop
   vertex 2.055 15.86 1.736
   vertex 2.055 15.86 2.006
   vertex 2.055 15.71 2.006
  endloop
 endfacet
  facet normal 0 0 0
    outer loop
   vertex 2.055 15.86 1.736
   vertex 2.055 15.71 2.006
   vertex 2.055 15.71 1.736
  endloop
 endfacet
  facet normal 0 0 0
    outer loop
   vertex 2.055 15.54 1.736
   vertex 2.055 15.54 2.006
   vertex 2.055 15.39 2.006
  endloop
 endfacet
  facet normal 0 0 0
    outer loop
   vertex 2.055 15.54 1.736
   vertex 2.055 15.39 2.006
   vertex 2.055 15.39 1.736
  endloop
 endfacet
  facet normal 0 0 0
    outer loop
   vertex 2.225 15.39 1.736
   vertex 2.225 15.39 2.006
   vertex 2.225 15.54 2.006
  endloop
 endfacet
  facet normal 0 0 0
    outer loop
   vertex 2.225 15.39 1.736
   vertex 2.225 15.54 2.006
   vertex 2.225 15.54 1.736
  endloop
 endfacet
  facet normal 0 0 0
    outer loop
   vertex 2.225 15.71 1.736
   vertex 2.225 15.71 2.006
   vertex 2.225 15.86 2.006
  endloop
 endfacet
  facet normal 0 0 0
    outer loop
   vertex 2.225 15.71 1.736
   vertex 2.225 15.86 2.006
   vertex 2.225 15.86 1.736
  endloop
 endfacet
  facet normal 0 0 0
    outer loop
   vertex 1.905 15.86 1.736
   vertex 1.905 15.86 2.006
   vertex 2.055 15.86 2.006
  endloop
 endfacet
  facet normal 0 0 0
    outer loop
   vertex 1.905 15.86 1.736
   vertex 2.055 15.86 2.006
   vertex 2.055 15.86 1.736
  endloop
 endfacet
  facet normal 0 0 0
    outer loop
   vertex 2.225 15.86 1.736
   vertex 2.225 15.86 2.006
   vertex 2.375 15.86 2.006
  endloop
 endfacet
  facet normal 0 0 0
    outer loop
   vertex 2.225 15.86 1.736
   vertex 2.375 15.86 2.006
   vertex 2.375 15.86 1.736
  endloop
 endfacet
  facet normal 0 0 0
    outer loop
   vertex 2.375 15.71 1.736
   vertex 2.375 15.71 2.006
   vertex 2.225 15.71 2.006
  endloop
 endfacet
  facet normal 0 0 0
    outer loop
   vertex 2.375 15.71 1.736
   vertex 2.225 15.71 2.006
   vertex 2.225 15.71 1.736
  endloop
 endfacet
  facet normal 0 0 0
    outer loop
   vertex 2.055 15.71 1.736
   vertex 2.055 15.71 2.006
   vertex 1.905 15.71 2.006
  endloop
 endfacet
  facet normal 0 0 0
    outer loop
   vertex 2.055 15.71 1.736
   vertex 1.905 15.71 2.006
   vertex 1.905 15.71 1.736
  endloop
 endfacet
  facet normal 0 0 0
    outer loop
   vertex 28.17 9.45 2.366
   vertex 27.37 8.99 2.366
   vertex 28.17 8.65 2.366
  endloop
 endfacet
  facet normal 0 0 0
    outer loop
   vertex 28.17 8.65 2.366
   vertex 27.37 8.99 2.366
   vertex 27.37 8.65 2.366
  endloop
 endfacet
  facet normal 0 0 0
    outer loop
   vertex 2.2 8.99 2.366
   vertex 1.4 9.45 2.366
   vertex 1.4 8.65 2.366
  endloop
 endfacet
  facet normal 0 0 0
    outer loop
   vertex 2.2 8.65 2.366
   vertex 2.2 8.99 2.366
   vertex 1.4 8.65 2.366
  endloop
 endfacet
  facet normal 0 0 0
    outer loop
   vertex 28.17 9.45 2.366
   vertex 26.497 9.45 2.366
   vertex 27.37 8.99 2.366
  endloop
 endfacet
  facet normal 0 0 0
    outer loop
   vertex 3.073 9.45 2.366
   vertex 1.4 9.45 2.366
   vertex 2.2 8.99 2.366
  endloop
 endfacet
  facet normal 0 0 0
    outer loop
   vertex 27.37 8.99 2.366
   vertex 26.497 9.45 2.366
   vertex 25.797 8.99 2.366
  endloop
 endfacet
  facet normal 0 0 0
    outer loop
   vertex 25.797 8.99 2.366
   vertex 24.824 9.45 2.366
   vertex 24.224 8.99 2.366
  endloop
 endfacet
  facet normal 0 0 0
    outer loop
   vertex 26.497 9.45 2.366
   vertex 24.824 9.45 2.366
   vertex 25.797 8.99 2.366
  endloop
 endfacet
  facet normal 0 0 0
    outer loop
   vertex 22.651 8.99 2.366
   vertex 21.478 9.45 2.366
   vertex 21.078 8.99 2.366
  endloop
 endfacet
  facet normal 0 0 0
    outer loop
   vertex 3.773 8.99 2.366
   vertex 3.073 9.45 2.366
   vertex 2.2 8.99 2.366
  endloop
 endfacet
  facet normal 0 0 0
    outer loop
   vertex 4.746 9.45 2.366
   vertex 3.073 9.45 2.366
   vertex 3.773 8.99 2.366
  endloop
 endfacet
  facet normal 0 0 0
    outer loop
   vertex 5.346 8.99 2.366
   vertex 4.746 9.45 2.366
   vertex 3.773 8.99 2.366
  endloop
 endfacet
  facet normal 0 0 0
    outer loop
   vertex 6.419 9.45 2.366
   vertex 4.746 9.45 2.366
   vertex 5.346 8.99 2.366
  endloop
 endfacet
  facet normal 0 0 0
    outer loop
   vertex 23.151 9.45 2.366
   vertex 21.478 9.45 2.366
   vertex 22.651 8.99 2.366
  endloop
 endfacet
  facet normal 0 0 0
    outer loop
   vertex 24.824 9.45 2.366
   vertex 23.151 9.45 2.366
   vertex 24.224 8.99 2.366
  endloop
 endfacet
  facet normal 0 0 0
    outer loop
   vertex 24.224 8.99 2.366
   vertex 23.151 9.45 2.366
   vertex 22.651 8.99 2.366
  endloop
 endfacet
  facet normal 0 0 0
    outer loop
   vertex 21.478 9.45 2.366
   vertex 19.804 9.45 2.366
   vertex 21.078 8.99 2.366
  endloop
 endfacet
  facet normal 0 0 0
    outer loop
   vertex 6.919 8.99 2.366
   vertex 6.419 9.45 2.366
   vertex 5.346 8.99 2.366
  endloop
 endfacet
  facet normal 0 0 0
    outer loop
   vertex 8.493 8.99 2.366
   vertex 8.093 9.45 2.366
   vertex 6.919 8.99 2.366
  endloop
 endfacet
  facet normal 0 0 0
    outer loop
   vertex 8.093 9.45 2.366
   vertex 6.419 9.45 2.366
   vertex 6.919 8.99 2.366
  endloop
 endfacet
  facet normal 0 0 0
    outer loop
   vertex 9.766 9.45 2.366
   vertex 8.093 9.45 2.366
   vertex 8.493 8.99 2.366
  endloop
 endfacet
  facet normal 0 0 0
    outer loop
   vertex 21.078 8.99 2.366
   vertex 19.804 9.45 2.366
   vertex 19.504 8.99 2.366
  endloop
 endfacet
  facet normal 0 0 0
    outer loop
   vertex 19.504 8.99 2.366
   vertex 18.131 9.45 2.366
   vertex 17.931 8.99 2.366
  endloop
 endfacet
  facet normal 0 0 0
    outer loop
   vertex 19.804 9.45 2.366
   vertex 18.131 9.45 2.366
   vertex 19.504 8.99 2.366
  endloop
 endfacet
  facet normal 0 0 0
    outer loop
   vertex 10.066 8.99 2.366
   vertex 9.766 9.45 2.366
   vertex 8.493 8.99 2.366
  endloop
 endfacet
  facet normal 0 0 0
    outer loop
   vertex 11.639 8.99 2.366
   vertex 11.439 9.45 2.366
   vertex 10.066 8.99 2.366
  endloop
 endfacet
  facet normal 0 0 0
    outer loop
   vertex 11.439 9.45 2.366
   vertex 9.766 9.45 2.366
   vertex 10.066 8.99 2.366
  endloop
 endfacet
  facet normal 0 0 0
    outer loop
   vertex 18.131 9.45 2.366
   vertex 16.458 9.45 2.366
   vertex 17.931 8.99 2.366
  endloop
 endfacet
  facet normal 0 0 0
    outer loop
   vertex 16.458 9.45 2.366
   vertex 14.785 9.45 2.366
   vertex 14.785 8.99 2.366
  endloop
 endfacet
  facet normal 0 0 0
    outer loop
   vertex 17.931 8.99 2.366
   vertex 16.458 9.45 2.366
   vertex 14.785 8.99 2.366
  endloop
 endfacet
  facet normal 0 0 0
    outer loop
   vertex 13.112 9.45 2.366
   vertex 11.439 9.45 2.366
   vertex 11.639 8.99 2.366
  endloop
 endfacet
  facet normal 0 0 0
    outer loop
   vertex 14.785 9.45 2.366
   vertex 13.112 9.45 2.366
   vertex 14.785 8.99 2.366
  endloop
 endfacet
  facet normal 0 0 0
    outer loop
   vertex 14.785 8.99 2.366
   vertex 13.112 9.45 2.366
   vertex 11.639 8.99 2.366
  endloop
 endfacet
  facet normal 0 0 0
    outer loop
   vertex 2.54 16.025 2.366
   vertex 1.74 16.025 2.366
   vertex 1.74 15.605 2.366
  endloop
 endfacet
  facet normal 0 0 0
    outer loop
   vertex 2.54 16.025 2.366
   vertex 1.74 15.605 2.366
   vertex 2.54 15.225 2.366
  endloop
 endfacet
  facet normal 0 0 0
    outer loop
   vertex -1.9 15.225 2.366
   vertex -2.28 15.605 2.366
   vertex -2.28 14.363 2.366
  endloop
 endfacet
  facet normal 0 0 0
    outer loop
   vertex -6.655 13.19 2.366
   vertex -6.845 13.19 2.366
   vertex -6.655 13.12 2.366
  endloop
 endfacet
  facet normal 0 0 0
    outer loop
   vertex -1.9 15.225 2.366
   vertex -2.28 14.363 2.366
   vertex -1.9 14.053 2.366
  endloop
 endfacet
  facet normal 0 0 0
    outer loop
   vertex -1.9 14.053 2.366
   vertex -2.28 14.363 2.366
   vertex -2.28 13.12 2.366
  endloop
 endfacet
  facet normal 0 0 0
    outer loop
   vertex -1.9 14.053 2.366
   vertex -2.28 13.12 2.366
   vertex -1.9 12.88 2.366
  endloop
 endfacet
  facet normal 0 0 0
    outer loop
   vertex -6.845 12.81 2.366
   vertex -7.035 13.19 2.366
   vertex -7.035 12.81 2.366
  endloop
 endfacet
  facet normal 0 0 0
    outer loop
   vertex -6.655 12.81 2.366
   vertex -6.655 12.88 2.366
   vertex -6.845 12.81 2.366
  endloop
 endfacet
  facet normal 0 0 0
    outer loop
   vertex -6.655 12.88 2.366
   vertex -6.655 13.12 2.366
   vertex -6.845 12.81 2.366
  endloop
 endfacet
  facet normal 0 0 0
    outer loop
   vertex -6.655 13.12 2.366
   vertex -6.845 13.19 2.366
   vertex -6.845 12.81 2.366
  endloop
 endfacet
  facet normal 0 0 0
    outer loop
   vertex -6.845 13.19 2.366
   vertex -7.035 13.19 2.366
   vertex -6.845 12.81 2.366
  endloop
 endfacet
  facet normal 0 0 0
    outer loop
   vertex -1.275 15.605 2.366
   vertex -2.28 15.605 2.366
   vertex -1.9 15.225 2.366
  endloop
 endfacet
  facet normal 0 0 0
    outer loop
   vertex 2.54 15.225 2.366
   vertex 1.74 15.605 2.366
   vertex 0.32 15.225 2.366
  endloop
 endfacet
  facet normal 0 0 0
    outer loop
   vertex 1.74 15.605 2.366
   vertex -0.27 15.605 2.366
   vertex 0.32 15.225 2.366
  endloop
 endfacet
  facet normal 0 0 0
    outer loop
   vertex -1.9 12.88 2.366
   vertex -2.28 13.12 2.366
   vertex -3.089 12.88 2.366
  endloop
 endfacet
  facet normal 0 0 0
    outer loop
   vertex -0.79 15.225 2.366
   vertex -1.275 15.605 2.366
   vertex -1.9 15.225 2.366
  endloop
 endfacet
  facet normal 0 0 0
    outer loop
   vertex -0.27 15.605 2.366
   vertex -1.275 15.605 2.366
   vertex -0.79 15.225 2.366
  endloop
 endfacet
  facet normal 0 0 0
    outer loop
   vertex 0.32 15.225 2.366
   vertex -0.27 15.605 2.366
   vertex -0.79 15.225 2.366
  endloop
 endfacet
  facet normal 0 0 0
    outer loop
   vertex -2.28 13.12 2.366
   vertex -3.374 13.12 2.366
   vertex -3.089 12.88 2.366
  endloop
 endfacet
  facet normal 0 0 0
    outer loop
   vertex -3.374 13.12 2.366
   vertex -4.468 13.12 2.366
   vertex -4.278 12.88 2.366
  endloop
 endfacet
  facet normal 0 0 0
    outer loop
   vertex -3.089 12.88 2.366
   vertex -3.374 13.12 2.366
   vertex -4.278 12.88 2.366
  endloop
 endfacet
  facet normal 0 0 0
    outer loop
   vertex -4.278 12.88 2.366
   vertex -4.468 13.12 2.366
   vertex -4.872 12.88 2.366
  endloop
 endfacet
  facet normal 0 0 0
    outer loop
   vertex -4.872 12.88 2.366
   vertex -5.561 13.12 2.366
   vertex -5.466 12.88 2.366
  endloop
 endfacet
  facet normal 0 0 0
    outer loop
   vertex -4.468 13.12 2.366
   vertex -5.561 13.12 2.366
   vertex -4.872 12.88 2.366
  endloop
 endfacet
  facet normal 0 0 0
    outer loop
   vertex -5.466 12.88 2.366
   vertex -5.561 13.12 2.366
   vertex -6.061 12.88 2.366
  endloop
 endfacet
  facet normal 0 0 0
    outer loop
   vertex -6.061 12.88 2.366
   vertex -6.655 13.12 2.366
   vertex -6.655 12.88 2.366
  endloop
 endfacet
  facet normal 0 0 0
    outer loop
   vertex -5.561 13.12 2.366
   vertex -6.655 13.12 2.366
   vertex -6.061 12.88 2.366
  endloop
 endfacet
  facet normal 0 0 0
    outer loop
   vertex 30.565 8.65 1.376
   vertex 30.565 8.65 1.736
   vertex 29.766 8.65 1.376
  endloop
 endfacet
  facet normal 0 0 0
    outer loop
   vertex 29.766 8.65 1.376
   vertex 28.968 8.65 1.736
   vertex 28.968 8.65 1.376
  endloop
 endfacet
  facet normal 0 0 0
    outer loop
   vertex 29.766 8.65 1.376
   vertex 30.565 8.65 1.736
   vertex 28.968 8.65 1.736
  endloop
 endfacet
  facet normal 0 0 0
    outer loop
   vertex 28.169 8.65 1.376
   vertex 27.37 8.65 1.736
   vertex 27.37 8.65 1.376
  endloop
 endfacet
  facet normal 0 0 0
    outer loop
   vertex 28.968 8.65 1.376
   vertex 28.968 8.65 1.736
   vertex 28.169 8.65 1.376
  endloop
 endfacet
  facet normal 0 0 0
    outer loop
   vertex 28.169 8.65 1.376
   vertex 28.968 8.65 1.736
   vertex 27.37 8.65 1.736
  endloop
 endfacet
  facet normal 0 0 0
    outer loop
   vertex 2.2 8.65 1.376
   vertex 2.2 8.65 1.736
   vertex 1.4 8.65 1.736
  endloop
 endfacet
  facet normal 0 0 0
    outer loop
   vertex 2.2 8.65 1.376
   vertex 1.4 8.65 1.736
   vertex 1.4 8.65 1.376
  endloop
 endfacet
  facet normal 0 0 0
    outer loop
   vertex 1.4 8.65 1.376
   vertex 1.4 8.65 1.736
   vertex 1.4 9.45 1.736
  endloop
 endfacet
  facet normal 0 0 0
    outer loop
   vertex 1.4 8.65 1.376
   vertex 1.4 9.45 1.736
   vertex 1.4 9.45 1.376
  endloop
 endfacet
  facet normal 0 0 0
    outer loop
   vertex 1.4 9.45 1.376
   vertex 1.4 9.45 1.736
   vertex 1.74 9.45 1.736
  endloop
 endfacet
  facet normal 0 0 0
    outer loop
   vertex 1.4 9.45 1.376
   vertex 1.74 9.45 1.736
   vertex 1.74 9.45 1.376
  endloop
 endfacet
  facet normal 0 0 0
    outer loop
   vertex 27.77 9.45 1.376
   vertex 27.77 9.45 1.736
   vertex 29.015 9.45 1.736
  endloop
 endfacet
  facet normal 0 0 0
    outer loop
   vertex 27.77 9.45 1.376
   vertex 29.015 9.45 1.736
   vertex 29.015 9.45 1.376
  endloop
 endfacet
  facet normal 0 0 0
    outer loop
   vertex 30.565 20.41 1.376
   vertex 30.565 20.41 1.736
   vertex 30.565 19.6 1.376
  endloop
 endfacet
  facet normal 0 0 0
    outer loop
   vertex 30.565 19.6 1.376
   vertex 30.565 18.79 1.736
   vertex 30.565 18.79 1.376
  endloop
 endfacet
  facet normal 0 0 0
    outer loop
   vertex 30.565 19.6 1.376
   vertex 30.565 20.41 1.736
   vertex 30.565 18.79 1.736
  endloop
 endfacet
  facet normal 0 0 0
    outer loop
   vertex 30.565 17.98 1.376
   vertex 30.565 17.17 1.736
   vertex 30.565 17.17 1.376
  endloop
 endfacet
  facet normal 0 0 0
    outer loop
   vertex 30.565 18.79 1.376
   vertex 30.565 18.79 1.736
   vertex 30.565 17.98 1.376
  endloop
 endfacet
  facet normal 0 0 0
    outer loop
   vertex 30.565 17.98 1.376
   vertex 30.565 18.79 1.736
   vertex 30.565 17.17 1.736
  endloop
 endfacet
  facet normal 0 0 0
    outer loop
   vertex 30.565 11.89 1.376
   vertex 30.565 11.89 1.736
   vertex 30.565 11.08 1.376
  endloop
 endfacet
  facet normal 0 0 0
    outer loop
   vertex 30.565 11.08 1.376
   vertex 30.565 10.27 1.736
   vertex 30.565 10.27 1.376
  endloop
 endfacet
  facet normal 0 0 0
    outer loop
   vertex 30.565 11.08 1.376
   vertex 30.565 11.89 1.736
   vertex 30.565 10.27 1.736
  endloop
 endfacet
  facet normal 0 0 0
    outer loop
   vertex 30.565 9.46 1.376
   vertex 30.565 8.65 1.736
   vertex 30.565 8.65 1.376
  endloop
 endfacet
  facet normal 0 0 0
    outer loop
   vertex 30.565 10.27 1.376
   vertex 30.565 10.27 1.736
   vertex 30.565 9.46 1.376
  endloop
 endfacet
  facet normal 0 0 0
    outer loop
   vertex 30.565 9.46 1.376
   vertex 30.565 10.27 1.736
   vertex 30.565 8.65 1.736
  endloop
 endfacet
  facet normal 0 0 0
    outer loop
   vertex 29.015 9.45 1.376
   vertex 29.015 9.45 1.736
   vertex 29.015 10.67 1.376
  endloop
 endfacet
  facet normal 0 0 0
    outer loop
   vertex 29.015 10.67 1.376
   vertex 29.015 11.89 1.736
   vertex 29.015 11.89 1.376
  endloop
 endfacet
  facet normal 0 0 0
    outer loop
   vertex 29.015 10.67 1.376
   vertex 29.015 9.45 1.736
   vertex 29.015 11.89 1.736
  endloop
 endfacet
  facet normal 0 0 0
    outer loop
   vertex 29.015 17.57 1.376
   vertex 29.015 17.57 1.736
   vertex 29.015 18.28 1.376
  endloop
 endfacet
  facet normal 0 0 0
    outer loop
   vertex 29.015 18.28 1.376
   vertex 29.015 18.99 1.736
   vertex 29.015 18.99 1.376
  endloop
 endfacet
  facet normal 0 0 0
    outer loop
   vertex 29.015 18.28 1.376
   vertex 29.015 17.57 1.736
   vertex 29.015 18.99 1.736
  endloop
 endfacet
  facet normal 0 0 0
    outer loop
   vertex 29.015 19.7 1.376
   vertex 29.015 20.41 1.736
   vertex 29.015 20.41 1.376
  endloop
 endfacet
  facet normal 0 0 0
    outer loop
   vertex 29.015 18.99 1.376
   vertex 29.015 18.99 1.736
   vertex 29.015 19.7 1.376
  endloop
 endfacet
  facet normal 0 0 0
    outer loop
   vertex 29.015 19.7 1.376
   vertex 29.015 18.99 1.736
   vertex 29.015 20.41 1.736
  endloop
 endfacet
  facet normal 0 0 0
    outer loop
   vertex 29.015 11.89 1.376
   vertex 29.015 11.89 1.736
   vertex 29.79 11.89 1.376
  endloop
 endfacet
  facet normal 0 0 0
    outer loop
   vertex 29.79 11.89 1.376
   vertex 30.565 11.89 1.736
   vertex 30.565 11.89 1.376
  endloop
 endfacet
  facet normal 0 0 0
    outer loop
   vertex 29.79 11.89 1.376
   vertex 29.015 11.89 1.736
   vertex 30.565 11.89 1.736
  endloop
 endfacet
  facet normal 0 0 0
    outer loop
   vertex -7.47 12.85 1.376
   vertex -7.47 12.85 1.736
   vertex -7.47 13.15 1.736
  endloop
 endfacet
  facet normal 0 0 0
    outer loop
   vertex -7.47 12.85 1.376
   vertex -7.47 13.15 1.736
   vertex -7.47 13.15 1.376
  endloop
 endfacet
  facet normal 0 0 0
    outer loop
   vertex -7.47 13.15 1.376
   vertex -7.47 13.15 1.736
   vertex -7.035 13.15 1.736
  endloop
 endfacet
  facet normal 0 0 0
    outer loop
   vertex -7.47 13.15 1.376
   vertex -7.035 13.15 1.736
   vertex -7.035 13.15 1.376
  endloop
 endfacet
  facet normal 0 0 0
    outer loop
   vertex -6.655 13.15 1.376
   vertex -6.655 13.15 1.736
   vertex -6.22 13.15 1.736
  endloop
 endfacet
  facet normal 0 0 0
    outer loop
   vertex -6.655 13.15 1.376
   vertex -6.22 13.15 1.736
   vertex -6.22 13.15 1.376
  endloop
 endfacet
  facet normal 0 0 0
    outer loop
   vertex -6.22 12.85 1.376
   vertex -6.22 12.85 1.736
   vertex -6.655 12.85 1.736
  endloop
 endfacet
  facet normal 0 0 0
    outer loop
   vertex -6.22 12.85 1.376
   vertex -6.655 12.85 1.736
   vertex -6.655 12.85 1.376
  endloop
 endfacet
  facet normal 0 0 0
    outer loop
   vertex -7.035 12.85 1.376
   vertex -7.035 12.85 1.736
   vertex -7.47 12.85 1.736
  endloop
 endfacet
  facet normal 0 0 0
    outer loop
   vertex -7.035 12.85 1.376
   vertex -7.47 12.85 1.736
   vertex -7.47 12.85 1.376
  endloop
 endfacet
  facet normal 0 0 0
    outer loop
   vertex -7.035 12.81 1.556
   vertex -7.035 12.81 1.646
   vertex -7.035 12.85 1.556
  endloop
 endfacet
  facet normal 0 0 0
    outer loop
   vertex -7.035 12.81 1.646
   vertex -7.035 12.81 1.736
   vertex -7.035 12.85 1.736
  endloop
 endfacet
  facet normal 0 0 0
    outer loop
   vertex -7.035 12.85 1.556
   vertex -7.035 12.81 1.646
   vertex -7.035 12.85 1.736
  endloop
 endfacet
  facet normal 0 0 0
    outer loop
   vertex -7.035 12.81 1.376
   vertex -7.035 12.85 1.466
   vertex -7.035 12.85 1.376
  endloop
 endfacet
  facet normal 0 0 0
    outer loop
   vertex -7.035 12.85 1.466
   vertex -7.035 12.81 1.556
   vertex -7.035 12.85 1.556
  endloop
 endfacet
  facet normal 0 0 0
    outer loop
   vertex -7.035 12.81 1.376
   vertex -7.035 12.81 1.556
   vertex -7.035 12.85 1.466
  endloop
 endfacet
  facet normal 0 0 0
    outer loop
   vertex -7.035 13.15 1.556
   vertex -7.035 13.15 1.646
   vertex -7.035 13.19 1.556
  endloop
 endfacet
  facet normal 0 0 0
    outer loop
   vertex -7.035 13.15 1.646
   vertex -7.035 13.15 1.736
   vertex -7.035 13.19 1.736
  endloop
 endfacet
  facet normal 0 0 0
    outer loop
   vertex -7.035 13.19 1.556
   vertex -7.035 13.15 1.646
   vertex -7.035 13.19 1.736
  endloop
 endfacet
  facet normal 0 0 0
    outer loop
   vertex -7.035 13.15 1.376
   vertex -7.035 13.19 1.466
   vertex -7.035 13.19 1.376
  endloop
 endfacet
  facet normal 0 0 0
    outer loop
   vertex -7.035 13.19 1.466
   vertex -7.035 13.15 1.556
   vertex -7.035 13.19 1.556
  endloop
 endfacet
  facet normal 0 0 0
    outer loop
   vertex -7.035 13.15 1.376
   vertex -7.035 13.15 1.556
   vertex -7.035 13.19 1.466
  endloop
 endfacet
  facet normal 0 0 0
    outer loop
   vertex -6.655 12.81 1.376
   vertex -6.655 12.81 1.736
   vertex -7.035 12.81 1.736
  endloop
 endfacet
  facet normal 0 0 0
    outer loop
   vertex -6.655 12.81 1.376
   vertex -7.035 12.81 1.736
   vertex -7.035 12.81 1.376
  endloop
 endfacet
  facet normal 0 0 0
    outer loop
   vertex -7.035 13.19 1.376
   vertex -7.035 13.19 1.736
   vertex -6.655 13.19 1.736
  endloop
 endfacet
  facet normal 0 0 0
    outer loop
   vertex -7.035 13.19 1.376
   vertex -6.655 13.19 1.736
   vertex -6.655 13.19 1.376
  endloop
 endfacet
  facet normal 0 0 0
    outer loop
   vertex -6.655 13.19 1.556
   vertex -6.655 13.19 1.646
   vertex -6.655 13.15 1.556
  endloop
 endfacet
  facet normal 0 0 0
    outer loop
   vertex -6.655 13.19 1.646
   vertex -6.655 13.19 1.736
   vertex -6.655 13.15 1.736
  endloop
 endfacet
  facet normal 0 0 0
    outer loop
   vertex -6.655 13.15 1.556
   vertex -6.655 13.19 1.646
   vertex -6.655 13.15 1.736
  endloop
 endfacet
  facet normal 0 0 0
    outer loop
   vertex -6.655 13.19 1.376
   vertex -6.655 13.15 1.466
   vertex -6.655 13.15 1.376
  endloop
 endfacet
  facet normal 0 0 0
    outer loop
   vertex -6.655 13.15 1.466
   vertex -6.655 13.19 1.556
   vertex -6.655 13.15 1.556
  endloop
 endfacet
  facet normal 0 0 0
    outer loop
   vertex -6.655 13.19 1.376
   vertex -6.655 13.19 1.556
   vertex -6.655 13.15 1.466
  endloop
 endfacet
  facet normal 0 0 0
    outer loop
   vertex -6.655 12.85 1.556
   vertex -6.655 12.85 1.646
   vertex -6.655 12.81 1.556
  endloop
 endfacet
  facet normal 0 0 0
    outer loop
   vertex -6.655 12.85 1.646
   vertex -6.655 12.85 1.736
   vertex -6.655 12.81 1.736
  endloop
 endfacet
  facet normal 0 0 0
    outer loop
   vertex -6.655 12.81 1.556
   vertex -6.655 12.85 1.646
   vertex -6.655 12.81 1.736
  endloop
 endfacet
  facet normal 0 0 0
    outer loop
   vertex -6.655 12.85 1.376
   vertex -6.655 12.81 1.466
   vertex -6.655 12.81 1.376
  endloop
 endfacet
  facet normal 0 0 0
    outer loop
   vertex -6.655 12.81 1.466
   vertex -6.655 12.85 1.556
   vertex -6.655 12.81 1.556
  endloop
 endfacet
  facet normal 0 0 0
    outer loop
   vertex -6.655 12.85 1.376
   vertex -6.655 12.85 1.556
   vertex -6.655 12.81 1.466
  endloop
 endfacet
  facet normal 0 0 0
    outer loop
   vertex -6.22 13.15 1.376
   vertex -6.22 13.15 1.736
   vertex -6.22 12.85 1.736
  endloop
 endfacet
  facet normal 0 0 0
    outer loop
   vertex -6.22 13.15 1.376
   vertex -6.22 12.85 1.736
   vertex -6.22 12.85 1.376
  endloop
 endfacet
  facet normal 0 0 0
    outer loop
   vertex 2.54 16.025 1.376
   vertex 2.54 16.025 1.736
   vertex 2.54 15.225 1.736
  endloop
 endfacet
  facet normal 0 0 0
    outer loop
   vertex 2.54 16.025 1.376
   vertex 2.54 15.225 1.736
   vertex 2.54 15.225 1.376
  endloop
 endfacet
  facet normal 0 0 0
    outer loop
   vertex 2.54 15.225 1.376
   vertex 2.54 15.225 1.736
   vertex 2.2 15.225 1.736
  endloop
 endfacet
  facet normal 0 0 0
    outer loop
   vertex 2.54 15.225 1.376
   vertex 2.2 15.225 1.736
   vertex 2.2 15.225 1.376
  endloop
 endfacet
  facet normal 0 0 0
    outer loop
   vertex 1.74 16.025 1.376
   vertex 1.74 16.025 1.736
   vertex 2.54 16.025 1.736
  endloop
 endfacet
  facet normal 0 0 0
    outer loop
   vertex 1.74 16.025 1.376
   vertex 2.54 16.025 1.736
   vertex 2.54 16.025 1.376
  endloop
 endfacet
  facet normal 0 0 0
    outer loop
   vertex 1.74 9.45 1.376
   vertex 1.74 9.45 1.736
   vertex 1.74 10.272 1.376
  endloop
 endfacet
  facet normal 0 0 0
    outer loop
   vertex 1.74 10.272 1.376
   vertex 1.74 11.094 1.736
   vertex 1.74 11.094 1.376
  endloop
 endfacet
  facet normal 0 0 0
    outer loop
   vertex 1.74 10.272 1.376
   vertex 1.74 9.45 1.736
   vertex 1.74 11.094 1.736
  endloop
 endfacet
  facet normal 0 0 0
    outer loop
   vertex 1.74 11.094 1.376
   vertex 1.74 11.094 1.736
   vertex 1.74 11.916 1.736
  endloop
 endfacet
  facet normal 0 0 0
    outer loop
   vertex 1.74 12.738 1.376
   vertex 1.74 11.916 1.736
   vertex 1.74 12.738 1.736
  endloop
 endfacet
  facet normal 0 0 0
    outer loop
   vertex 1.74 11.094 1.376
   vertex 1.74 11.916 1.736
   vertex 1.74 12.738 1.376
  endloop
 endfacet
  facet normal 0 0 0
    outer loop
   vertex 1.74 14.381 1.376
   vertex 1.74 14.381 1.736
   vertex 1.74 15.203 1.736
  endloop
 endfacet
  facet normal 0 0 0
    outer loop
   vertex 1.74 16.025 1.376
   vertex 1.74 15.203 1.736
   vertex 1.74 16.025 1.736
  endloop
 endfacet
  facet normal 0 0 0
    outer loop
   vertex 1.74 14.381 1.376
   vertex 1.74 15.203 1.736
   vertex 1.74 16.025 1.376
  endloop
 endfacet
  facet normal 0 0 0
    outer loop
   vertex 1.74 14.381 1.376
   vertex 1.74 13.559 1.736
   vertex 1.74 14.381 1.736
  endloop
 endfacet
  facet normal 0 0 0
    outer loop
   vertex 1.74 12.738 1.376
   vertex 1.74 12.738 1.736
   vertex 1.74 13.559 1.736
  endloop
 endfacet
  facet normal 0 0 0
    outer loop
   vertex 1.74 12.738 1.376
   vertex 1.74 13.559 1.736
   vertex 1.74 14.381 1.376
  endloop
 endfacet
  facet normal 0 0 0
    outer loop
   vertex 2.2 15.225 1.376
   vertex 2.2 15.225 1.736
   vertex 2.2 14.403 1.376
  endloop
 endfacet
  facet normal 0 0 0
    outer loop
   vertex 2.2 14.403 1.376
   vertex 2.2 13.581 1.736
   vertex 2.2 13.581 1.376
  endloop
 endfacet
  facet normal 0 0 0
    outer loop
   vertex 2.2 14.403 1.376
   vertex 2.2 15.225 1.736
   vertex 2.2 13.581 1.736
  endloop
 endfacet
  facet normal 0 0 0
    outer loop
   vertex 2.2 13.581 1.376
   vertex 2.2 13.581 1.736
   vertex 2.2 12.759 1.736
  endloop
 endfacet
  facet normal 0 0 0
    outer loop
   vertex 2.2 11.938 1.376
   vertex 2.2 12.759 1.736
   vertex 2.2 11.938 1.736
  endloop
 endfacet
  facet normal 0 0 0
    outer loop
   vertex 2.2 13.581 1.376
   vertex 2.2 12.759 1.736
   vertex 2.2 11.938 1.376
  endloop
 endfacet
  facet normal 0 0 0
    outer loop
   vertex 2.2 10.294 1.376
   vertex 2.2 10.294 1.736
   vertex 2.2 9.472 1.736
  endloop
 endfacet
  facet normal 0 0 0
    outer loop
   vertex 2.2 8.65 1.376
   vertex 2.2 9.472 1.736
   vertex 2.2 8.65 1.736
  endloop
 endfacet
  facet normal 0 0 0
    outer loop
   vertex 2.2 10.294 1.376
   vertex 2.2 9.472 1.736
   vertex 2.2 8.65 1.376
  endloop
 endfacet
  facet normal 0 0 0
    outer loop
   vertex 2.2 10.294 1.376
   vertex 2.2 11.116 1.736
   vertex 2.2 10.294 1.736
  endloop
 endfacet
  facet normal 0 0 0
    outer loop
   vertex 2.2 11.938 1.376
   vertex 2.2 11.938 1.736
   vertex 2.2 11.116 1.736
  endloop
 endfacet
  facet normal 0 0 0
    outer loop
   vertex 2.2 11.938 1.376
   vertex 2.2 11.116 1.736
   vertex 2.2 10.294 1.376
  endloop
 endfacet
  facet normal 0 0 0
    outer loop
   vertex 30.565 17.17 1.376
   vertex 30.565 17.17 1.736
   vertex 29.866 17.17 1.376
  endloop
 endfacet
  facet normal 0 0 0
    outer loop
   vertex 29.866 17.17 1.376
   vertex 29.168 17.17 1.736
   vertex 29.168 17.17 1.376
  endloop
 endfacet
  facet normal 0 0 0
    outer loop
   vertex 29.866 17.17 1.376
   vertex 30.565 17.17 1.736
   vertex 29.168 17.17 1.736
  endloop
 endfacet
  facet normal 0 0 0
    outer loop
   vertex 29.168 17.17 1.376
   vertex 29.168 17.17 1.736
   vertex 28.469 17.17 1.736
  endloop
 endfacet
  facet normal 0 0 0
    outer loop
   vertex 27.77 17.17 1.376
   vertex 28.469 17.17 1.736
   vertex 27.77 17.17 1.736
  endloop
 endfacet
  facet normal 0 0 0
    outer loop
   vertex 29.168 17.17 1.376
   vertex 28.469 17.17 1.736
   vertex 27.77 17.17 1.376
  endloop
 endfacet
  facet normal 0 0 0
    outer loop
   vertex 27.37 17.57 1.376
   vertex 27.37 17.57 1.736
   vertex 28.193 17.57 1.376
  endloop
 endfacet
  facet normal 0 0 0
    outer loop
   vertex 28.193 17.57 1.376
   vertex 29.015 17.57 1.736
   vertex 29.015 17.57 1.376
  endloop
 endfacet
  facet normal 0 0 0
    outer loop
   vertex 28.193 17.57 1.376
   vertex 27.37 17.57 1.736
   vertex 29.015 17.57 1.736
  endloop
 endfacet
  facet normal 0 0 0
    outer loop
   vertex 27.37 8.65 1.376
   vertex 27.37 8.65 1.736
   vertex 27.37 9.765 1.376
  endloop
 endfacet
  facet normal 0 0 0
    outer loop
   vertex 27.37 9.765 1.376
   vertex 27.37 10.88 1.736
   vertex 27.37 10.88 1.376
  endloop
 endfacet
  facet normal 0 0 0
    outer loop
   vertex 27.37 9.765 1.376
   vertex 27.37 8.65 1.736
   vertex 27.37 10.88 1.736
  endloop
 endfacet
  facet normal 0 0 0
    outer loop
   vertex 27.37 10.88 1.376
   vertex 27.37 10.88 1.736
   vertex 27.37 11.995 1.736
  endloop
 endfacet
  facet normal 0 0 0
    outer loop
   vertex 27.37 13.11 1.376
   vertex 27.37 11.995 1.736
   vertex 27.37 13.11 1.736
  endloop
 endfacet
  facet normal 0 0 0
    outer loop
   vertex 27.37 10.88 1.376
   vertex 27.37 11.995 1.736
   vertex 27.37 13.11 1.376
  endloop
 endfacet
  facet normal 0 0 0
    outer loop
   vertex 27.37 15.34 1.376
   vertex 27.37 15.34 1.736
   vertex 27.37 16.455 1.736
  endloop
 endfacet
  facet normal 0 0 0
    outer loop
   vertex 27.37 17.57 1.376
   vertex 27.37 16.455 1.736
   vertex 27.37 17.57 1.736
  endloop
 endfacet
  facet normal 0 0 0
    outer loop
   vertex 27.37 15.34 1.376
   vertex 27.37 16.455 1.736
   vertex 27.37 17.57 1.376
  endloop
 endfacet
  facet normal 0 0 0
    outer loop
   vertex 27.37 15.34 1.376
   vertex 27.37 14.225 1.736
   vertex 27.37 15.34 1.736
  endloop
 endfacet
  facet normal 0 0 0
    outer loop
   vertex 27.37 13.11 1.376
   vertex 27.37 13.11 1.736
   vertex 27.37 14.225 1.736
  endloop
 endfacet
  facet normal 0 0 0
    outer loop
   vertex 27.37 13.11 1.376
   vertex 27.37 14.225 1.736
   vertex 27.37 15.34 1.376
  endloop
 endfacet
  facet normal 0 0 0
    outer loop
   vertex 27.77 17.17 1.376
   vertex 27.77 17.17 1.736
   vertex 27.77 16.205 1.376
  endloop
 endfacet
  facet normal 0 0 0
    outer loop
   vertex 27.77 16.205 1.376
   vertex 27.77 15.24 1.736
   vertex 27.77 15.24 1.376
  endloop
 endfacet
  facet normal 0 0 0
    outer loop
   vertex 27.77 16.205 1.376
   vertex 27.77 17.17 1.736
   vertex 27.77 15.24 1.736
  endloop
 endfacet
  facet normal 0 0 0
    outer loop
   vertex 27.77 15.24 1.376
   vertex 27.77 15.24 1.736
   vertex 27.77 14.275 1.736
  endloop
 endfacet
  facet normal 0 0 0
    outer loop
   vertex 27.77 13.31 1.376
   vertex 27.77 14.275 1.736
   vertex 27.77 13.31 1.736
  endloop
 endfacet
  facet normal 0 0 0
    outer loop
   vertex 27.77 15.24 1.376
   vertex 27.77 14.275 1.736
   vertex 27.77 13.31 1.376
  endloop
 endfacet
  facet normal 0 0 0
    outer loop
   vertex 27.77 11.38 1.376
   vertex 27.77 11.38 1.736
   vertex 27.77 10.415 1.736
  endloop
 endfacet
  facet normal 0 0 0
    outer loop
   vertex 27.77 9.45 1.376
   vertex 27.77 10.415 1.736
   vertex 27.77 9.45 1.736
  endloop
 endfacet
  facet normal 0 0 0
    outer loop
   vertex 27.77 11.38 1.376
   vertex 27.77 10.415 1.736
   vertex 27.77 9.45 1.376
  endloop
 endfacet
  facet normal 0 0 0
    outer loop
   vertex 27.77 11.38 1.376
   vertex 27.77 12.345 1.736
   vertex 27.77 11.38 1.736
  endloop
 endfacet
  facet normal 0 0 0
    outer loop
   vertex 27.77 13.31 1.376
   vertex 27.77 13.31 1.736
   vertex 27.77 12.345 1.736
  endloop
 endfacet
  facet normal 0 0 0
    outer loop
   vertex 27.77 13.31 1.376
   vertex 27.77 12.345 1.736
   vertex 27.77 11.38 1.376
  endloop
 endfacet
  facet normal 0 0 0
    outer loop
   vertex 29.015 20.41 1.376
   vertex 29.015 20.41 1.736
   vertex 29.79 20.41 1.376
  endloop
 endfacet
  facet normal 0 0 0
    outer loop
   vertex 29.79 20.41 1.376
   vertex 30.565 20.41 1.736
   vertex 30.565 20.41 1.376
  endloop
 endfacet
  facet normal 0 0 0
    outer loop
   vertex 29.79 20.41 1.376
   vertex 29.015 20.41 1.736
   vertex 30.565 20.41 1.736
  endloop
 endfacet
  facet normal 0 0 0
    outer loop
   vertex 28.17 9.45 2.006
   vertex 28.17 9.45 2.366
   vertex 28.17 8.65 2.366
  endloop
 endfacet
  facet normal 0 0 0
    outer loop
   vertex 28.17 9.45 2.006
   vertex 28.17 8.65 2.366
   vertex 28.17 8.65 2.006
  endloop
 endfacet
  facet normal 0 0 0
    outer loop
   vertex 27.37 8.65 2.006
   vertex 27.37 8.65 2.366
   vertex 27.37 8.99 2.366
  endloop
 endfacet
  facet normal 0 0 0
    outer loop
   vertex 27.37 8.65 2.006
   vertex 27.37 8.99 2.366
   vertex 27.37 8.99 2.006
  endloop
 endfacet
  facet normal 0 0 0
    outer loop
   vertex 28.17 8.65 2.006
   vertex 28.17 8.65 2.366
   vertex 27.37 8.65 2.366
  endloop
 endfacet
  facet normal 0 0 0
    outer loop
   vertex 28.17 8.65 2.006
   vertex 27.37 8.65 2.366
   vertex 27.37 8.65 2.006
  endloop
 endfacet
  facet normal 0 0 0
    outer loop
   vertex 2.2 8.65 2.006
   vertex 2.2 8.65 2.366
   vertex 1.4 8.65 2.366
  endloop
 endfacet
  facet normal 0 0 0
    outer loop
   vertex 2.2 8.65 2.006
   vertex 1.4 8.65 2.366
   vertex 1.4 8.65 2.006
  endloop
 endfacet
  facet normal 0 0 0
    outer loop
   vertex 1.4 8.65 2.006
   vertex 1.4 8.65 2.366
   vertex 1.4 9.45 2.366
  endloop
 endfacet
  facet normal 0 0 0
    outer loop
   vertex 1.4 8.65 2.006
   vertex 1.4 9.45 2.366
   vertex 1.4 9.45 2.006
  endloop
 endfacet
  facet normal 0 0 0
    outer loop
   vertex 2.2 8.99 2.006
   vertex 2.2 8.99 2.366
   vertex 2.2 8.65 2.366
  endloop
 endfacet
  facet normal 0 0 0
    outer loop
   vertex 2.2 8.99 2.006
   vertex 2.2 8.65 2.366
   vertex 2.2 8.65 2.006
  endloop
 endfacet
  facet normal 0 0 0
    outer loop
   vertex 27.37 8.99 2.006
   vertex 27.37 8.99 2.366
   vertex 26.583 8.99 2.006
  endloop
 endfacet
  facet normal 0 0 0
    outer loop
   vertex 26.583 8.99 2.006
   vertex 25.797 8.99 2.366
   vertex 25.797 8.99 2.006
  endloop
 endfacet
  facet normal 0 0 0
    outer loop
   vertex 26.583 8.99 2.006
   vertex 27.37 8.99 2.366
   vertex 25.797 8.99 2.366
  endloop
 endfacet
  facet normal 0 0 0
    outer loop
   vertex 25.797 8.99 2.006
   vertex 25.797 8.99 2.366
   vertex 25.01 8.99 2.366
  endloop
 endfacet
  facet normal 0 0 0
    outer loop
   vertex 24.224 8.99 2.006
   vertex 25.01 8.99 2.366
   vertex 24.224 8.99 2.366
  endloop
 endfacet
  facet normal 0 0 0
    outer loop
   vertex 25.797 8.99 2.006
   vertex 25.01 8.99 2.366
   vertex 24.224 8.99 2.006
  endloop
 endfacet
  facet normal 0 0 0
    outer loop
   vertex 23.437 8.99 2.006
   vertex 22.651 8.99 2.366
   vertex 22.651 8.99 2.006
  endloop
 endfacet
  facet normal 0 0 0
    outer loop
   vertex 24.224 8.99 2.006
   vertex 24.224 8.99 2.366
   vertex 23.437 8.99 2.006
  endloop
 endfacet
  facet normal 0 0 0
    outer loop
   vertex 23.437 8.99 2.006
   vertex 24.224 8.99 2.366
   vertex 22.651 8.99 2.366
  endloop
 endfacet
  facet normal 0 0 0
    outer loop
   vertex 22.651 8.99 2.006
   vertex 22.651 8.99 2.366
   vertex 21.864 8.99 2.006
  endloop
 endfacet
  facet normal 0 0 0
    outer loop
   vertex 21.864 8.99 2.006
   vertex 21.078 8.99 2.366
   vertex 21.078 8.99 2.006
  endloop
 endfacet
  facet normal 0 0 0
    outer loop
   vertex 21.864 8.99 2.006
   vertex 22.651 8.99 2.366
   vertex 21.078 8.99 2.366
  endloop
 endfacet
  facet normal 0 0 0
    outer loop
   vertex 19.504 8.99 2.006
   vertex 19.504 8.99 2.366
   vertex 18.718 8.99 2.366
  endloop
 endfacet
  facet normal 0 0 0
    outer loop
   vertex 17.931 8.99 2.006
   vertex 18.718 8.99 2.366
   vertex 17.931 8.99 2.366
  endloop
 endfacet
  facet normal 0 0 0
    outer loop
   vertex 19.504 8.99 2.006
   vertex 18.718 8.99 2.366
   vertex 17.931 8.99 2.006
  endloop
 endfacet
  facet normal 0 0 0
    outer loop
   vertex 19.504 8.99 2.006
   vertex 20.291 8.99 2.366
   vertex 19.504 8.99 2.366
  endloop
 endfacet
  facet normal 0 0 0
    outer loop
   vertex 21.078 8.99 2.006
   vertex 21.078 8.99 2.366
   vertex 20.291 8.99 2.366
  endloop
 endfacet
  facet normal 0 0 0
    outer loop
   vertex 21.078 8.99 2.006
   vertex 20.291 8.99 2.366
   vertex 19.504 8.99 2.006
  endloop
 endfacet
  facet normal 0 0 0
    outer loop
   vertex 17.931 8.99 2.006
   vertex 17.931 8.99 2.366
   vertex 17.145 8.99 2.006
  endloop
 endfacet
  facet normal 0 0 0
    outer loop
   vertex 17.145 8.99 2.006
   vertex 16.358 8.99 2.366
   vertex 16.358 8.99 2.006
  endloop
 endfacet
  facet normal 0 0 0
    outer loop
   vertex 17.145 8.99 2.006
   vertex 17.931 8.99 2.366
   vertex 16.358 8.99 2.366
  endloop
 endfacet
  facet normal 0 0 0
    outer loop
   vertex 16.358 8.99 2.006
   vertex 16.358 8.99 2.366
   vertex 15.572 8.99 2.366
  endloop
 endfacet
  facet normal 0 0 0
    outer loop
   vertex 14.785 8.99 2.006
   vertex 15.572 8.99 2.366
   vertex 14.785 8.99 2.366
  endloop
 endfacet
  facet normal 0 0 0
    outer loop
   vertex 16.358 8.99 2.006
   vertex 15.572 8.99 2.366
   vertex 14.785 8.99 2.006
  endloop
 endfacet
  facet normal 0 0 0
    outer loop
   vertex 6.919 8.99 2.006
   vertex 6.919 8.99 2.366
   vertex 6.133 8.99 2.366
  endloop
 endfacet
  facet normal 0 0 0
    outer loop
   vertex 5.346 8.99 2.006
   vertex 6.133 8.99 2.366
   vertex 5.346 8.99 2.366
  endloop
 endfacet
  facet normal 0 0 0
    outer loop
   vertex 6.919 8.99 2.006
   vertex 6.133 8.99 2.366
   vertex 5.346 8.99 2.006
  endloop
 endfacet
  facet normal 0 0 0
    outer loop
   vertex 6.919 8.99 2.006
   vertex 7.706 8.99 2.366
   vertex 6.919 8.99 2.366
  endloop
 endfacet
  facet normal 0 0 0
    outer loop
   vertex 8.493 8.99 2.006
   vertex 8.493 8.99 2.366
   vertex 7.706 8.99 2.366
  endloop
 endfacet
  facet normal 0 0 0
    outer loop
   vertex 8.493 8.99 2.006
   vertex 7.706 8.99 2.366
   vertex 6.919 8.99 2.006
  endloop
 endfacet
  facet normal 0 0 0
    outer loop
   vertex 5.346 8.99 2.006
   vertex 5.346 8.99 2.366
   vertex 4.56 8.99 2.006
  endloop
 endfacet
  facet normal 0 0 0
    outer loop
   vertex 4.56 8.99 2.006
   vertex 3.773 8.99 2.366
   vertex 3.773 8.99 2.006
  endloop
 endfacet
  facet normal 0 0 0
    outer loop
   vertex 4.56 8.99 2.006
   vertex 5.346 8.99 2.366
   vertex 3.773 8.99 2.366
  endloop
 endfacet
  facet normal 0 0 0
    outer loop
   vertex 3.773 8.99 2.006
   vertex 3.773 8.99 2.366
   vertex 2.987 8.99 2.366
  endloop
 endfacet
  facet normal 0 0 0
    outer loop
   vertex 2.2 8.99 2.006
   vertex 2.987 8.99 2.366
   vertex 2.2 8.99 2.366
  endloop
 endfacet
  facet normal 0 0 0
    outer loop
   vertex 3.773 8.99 2.006
   vertex 2.987 8.99 2.366
   vertex 2.2 8.99 2.006
  endloop
 endfacet
  facet normal 0 0 0
    outer loop
   vertex 8.493 8.99 2.006
   vertex 9.279 8.99 2.366
   vertex 8.493 8.99 2.366
  endloop
 endfacet
  facet normal 0 0 0
    outer loop
   vertex 10.066 8.99 2.006
   vertex 10.066 8.99 2.366
   vertex 9.279 8.99 2.366
  endloop
 endfacet
  facet normal 0 0 0
    outer loop
   vertex 10.066 8.99 2.006
   vertex 9.279 8.99 2.366
   vertex 8.493 8.99 2.006
  endloop
 endfacet
  facet normal 0 0 0
    outer loop
   vertex 10.852 8.99 2.006
   vertex 10.066 8.99 2.366
   vertex 10.066 8.99 2.006
  endloop
 endfacet
  facet normal 0 0 0
    outer loop
   vertex 11.639 8.99 2.006
   vertex 11.639 8.99 2.366
   vertex 10.852 8.99 2.006
  endloop
 endfacet
  facet normal 0 0 0
    outer loop
   vertex 10.852 8.99 2.006
   vertex 11.639 8.99 2.366
   vertex 10.066 8.99 2.366
  endloop
 endfacet
  facet normal 0 0 0
    outer loop
   vertex 13.212 8.99 2.006
   vertex 13.212 8.99 2.366
   vertex 12.425 8.99 2.366
  endloop
 endfacet
  facet normal 0 0 0
    outer loop
   vertex 11.639 8.99 2.006
   vertex 12.425 8.99 2.366
   vertex 11.639 8.99 2.366
  endloop
 endfacet
  facet normal 0 0 0
    outer loop
   vertex 13.212 8.99 2.006
   vertex 12.425 8.99 2.366
   vertex 11.639 8.99 2.006
  endloop
 endfacet
  facet normal 0 0 0
    outer loop
   vertex 13.212 8.99 2.006
   vertex 13.998 8.99 2.366
   vertex 13.212 8.99 2.366
  endloop
 endfacet
  facet normal 0 0 0
    outer loop
   vertex 14.785 8.99 2.006
   vertex 14.785 8.99 2.366
   vertex 13.998 8.99 2.366
  endloop
 endfacet
  facet normal 0 0 0
    outer loop
   vertex 14.785 8.99 2.006
   vertex 13.998 8.99 2.366
   vertex 13.212 8.99 2.006
  endloop
 endfacet
  facet normal 0 0 0
    outer loop
   vertex 1.4 9.45 2.006
   vertex 1.4 9.45 2.366
   vertex 2.237 9.45 2.006
  endloop
 endfacet
  facet normal 0 0 0
    outer loop
   vertex 2.237 9.45 2.006
   vertex 3.073 9.45 2.366
   vertex 3.073 9.45 2.006
  endloop
 endfacet
  facet normal 0 0 0
    outer loop
   vertex 2.237 9.45 2.006
   vertex 1.4 9.45 2.366
   vertex 3.073 9.45 2.366
  endloop
 endfacet
  facet normal 0 0 0
    outer loop
   vertex 3.073 9.45 2.006
   vertex 3.073 9.45 2.366
   vertex 3.91 9.45 2.366
  endloop
 endfacet
  facet normal 0 0 0
    outer loop
   vertex 4.746 9.45 2.006
   vertex 3.91 9.45 2.366
   vertex 4.746 9.45 2.366
  endloop
 endfacet
  facet normal 0 0 0
    outer loop
   vertex 3.073 9.45 2.006
   vertex 3.91 9.45 2.366
   vertex 4.746 9.45 2.006
  endloop
 endfacet
  facet normal 0 0 0
    outer loop
   vertex 5.583 9.45 2.006
   vertex 6.419 9.45 2.366
   vertex 6.419 9.45 2.006
  endloop
 endfacet
  facet normal 0 0 0
    outer loop
   vertex 4.746 9.45 2.006
   vertex 4.746 9.45 2.366
   vertex 5.583 9.45 2.006
  endloop
 endfacet
  facet normal 0 0 0
    outer loop
   vertex 5.583 9.45 2.006
   vertex 4.746 9.45 2.366
   vertex 6.419 9.45 2.366
  endloop
 endfacet
  facet normal 0 0 0
    outer loop
   vertex 6.419 9.45 2.006
   vertex 6.419 9.45 2.366
   vertex 7.256 9.45 2.006
  endloop
 endfacet
  facet normal 0 0 0
    outer loop
   vertex 7.256 9.45 2.006
   vertex 8.093 9.45 2.366
   vertex 8.093 9.45 2.006
  endloop
 endfacet
  facet normal 0 0 0
    outer loop
   vertex 7.256 9.45 2.006
   vertex 6.419 9.45 2.366
   vertex 8.093 9.45 2.366
  endloop
 endfacet
  facet normal 0 0 0
    outer loop
   vertex 9.766 9.45 2.006
   vertex 9.766 9.45 2.366
   vertex 10.602 9.45 2.366
  endloop
 endfacet
  facet normal 0 0 0
    outer loop
   vertex 11.439 9.45 2.006
   vertex 10.602 9.45 2.366
   vertex 11.439 9.45 2.366
  endloop
 endfacet
  facet normal 0 0 0
    outer loop
   vertex 9.766 9.45 2.006
   vertex 10.602 9.45 2.366
   vertex 11.439 9.45 2.006
  endloop
 endfacet
  facet normal 0 0 0
    outer loop
   vertex 9.766 9.45 2.006
   vertex 8.929 9.45 2.366
   vertex 9.766 9.45 2.366
  endloop
 endfacet
  facet normal 0 0 0
    outer loop
   vertex 8.093 9.45 2.006
   vertex 8.093 9.45 2.366
   vertex 8.929 9.45 2.366
  endloop
 endfacet
  facet normal 0 0 0
    outer loop
   vertex 8.093 9.45 2.006
   vertex 8.929 9.45 2.366
   vertex 9.766 9.45 2.006
  endloop
 endfacet
  facet normal 0 0 0
    outer loop
   vertex 11.439 9.45 2.006
   vertex 11.439 9.45 2.366
   vertex 12.275 9.45 2.006
  endloop
 endfacet
  facet normal 0 0 0
    outer loop
   vertex 12.275 9.45 2.006
   vertex 13.112 9.45 2.366
   vertex 13.112 9.45 2.006
  endloop
 endfacet
  facet normal 0 0 0
    outer loop
   vertex 12.275 9.45 2.006
   vertex 11.439 9.45 2.366
   vertex 13.112 9.45 2.366
  endloop
 endfacet
  facet normal 0 0 0
    outer loop
   vertex 13.112 9.45 2.006
   vertex 13.112 9.45 2.366
   vertex 13.948 9.45 2.366
  endloop
 endfacet
  facet normal 0 0 0
    outer loop
   vertex 14.785 9.45 2.006
   vertex 13.948 9.45 2.366
   vertex 14.785 9.45 2.366
  endloop
 endfacet
  facet normal 0 0 0
    outer loop
   vertex 13.112 9.45 2.006
   vertex 13.948 9.45 2.366
   vertex 14.785 9.45 2.006
  endloop
 endfacet
  facet normal 0 0 0
    outer loop
   vertex 23.151 9.45 2.006
   vertex 23.151 9.45 2.366
   vertex 23.987 9.45 2.366
  endloop
 endfacet
  facet normal 0 0 0
    outer loop
   vertex 24.824 9.45 2.006
   vertex 23.987 9.45 2.366
   vertex 24.824 9.45 2.366
  endloop
 endfacet
  facet normal 0 0 0
    outer loop
   vertex 23.151 9.45 2.006
   vertex 23.987 9.45 2.366
   vertex 24.824 9.45 2.006
  endloop
 endfacet
  facet normal 0 0 0
    outer loop
   vertex 23.151 9.45 2.006
   vertex 22.314 9.45 2.366
   vertex 23.151 9.45 2.366
  endloop
 endfacet
  facet normal 0 0 0
    outer loop
   vertex 21.478 9.45 2.006
   vertex 21.478 9.45 2.366
   vertex 22.314 9.45 2.366
  endloop
 endfacet
  facet normal 0 0 0
    outer loop
   vertex 21.478 9.45 2.006
   vertex 22.314 9.45 2.366
   vertex 23.151 9.45 2.006
  endloop
 endfacet
  facet normal 0 0 0
    outer loop
   vertex 24.824 9.45 2.006
   vertex 24.824 9.45 2.366
   vertex 25.66 9.45 2.006
  endloop
 endfacet
  facet normal 0 0 0
    outer loop
   vertex 25.66 9.45 2.006
   vertex 26.497 9.45 2.366
   vertex 26.497 9.45 2.006
  endloop
 endfacet
  facet normal 0 0 0
    outer loop
   vertex 25.66 9.45 2.006
   vertex 24.824 9.45 2.366
   vertex 26.497 9.45 2.366
  endloop
 endfacet
  facet normal 0 0 0
    outer loop
   vertex 26.497 9.45 2.006
   vertex 26.497 9.45 2.366
   vertex 27.333 9.45 2.366
  endloop
 endfacet
  facet normal 0 0 0
    outer loop
   vertex 28.17 9.45 2.006
   vertex 27.333 9.45 2.366
   vertex 28.17 9.45 2.366
  endloop
 endfacet
  facet normal 0 0 0
    outer loop
   vertex 26.497 9.45 2.006
   vertex 27.333 9.45 2.366
   vertex 28.17 9.45 2.006
  endloop
 endfacet
  facet normal 0 0 0
    outer loop
   vertex 21.478 9.45 2.006
   vertex 20.641 9.45 2.366
   vertex 21.478 9.45 2.366
  endloop
 endfacet
  facet normal 0 0 0
    outer loop
   vertex 19.804 9.45 2.006
   vertex 19.804 9.45 2.366
   vertex 20.641 9.45 2.366
  endloop
 endfacet
  facet normal 0 0 0
    outer loop
   vertex 19.804 9.45 2.006
   vertex 20.641 9.45 2.366
   vertex 21.478 9.45 2.006
  endloop
 endfacet
  facet normal 0 0 0
    outer loop
   vertex 18.968 9.45 2.006
   vertex 19.804 9.45 2.366
   vertex 19.804 9.45 2.006
  endloop
 endfacet
  facet normal 0 0 0
    outer loop
   vertex 18.131 9.45 2.006
   vertex 18.131 9.45 2.366
   vertex 18.968 9.45 2.006
  endloop
 endfacet
  facet normal 0 0 0
    outer loop
   vertex 18.968 9.45 2.006
   vertex 18.131 9.45 2.366
   vertex 19.804 9.45 2.366
  endloop
 endfacet
  facet normal 0 0 0
    outer loop
   vertex 16.458 9.45 2.006
   vertex 16.458 9.45 2.366
   vertex 17.295 9.45 2.366
  endloop
 endfacet
  facet normal 0 0 0
    outer loop
   vertex 18.131 9.45 2.006
   vertex 17.295 9.45 2.366
   vertex 18.131 9.45 2.366
  endloop
 endfacet
  facet normal 0 0 0
    outer loop
   vertex 16.458 9.45 2.006
   vertex 17.295 9.45 2.366
   vertex 18.131 9.45 2.006
  endloop
 endfacet
  facet normal 0 0 0
    outer loop
   vertex 16.458 9.45 2.006
   vertex 15.622 9.45 2.366
   vertex 16.458 9.45 2.366
  endloop
 endfacet
  facet normal 0 0 0
    outer loop
   vertex 14.785 9.45 2.006
   vertex 14.785 9.45 2.366
   vertex 15.622 9.45 2.366
  endloop
 endfacet
  facet normal 0 0 0
    outer loop
   vertex 14.785 9.45 2.006
   vertex 15.622 9.45 2.366
   vertex 16.458 9.45 2.006
  endloop
 endfacet
  facet normal 0 0 0
    outer loop
   vertex -6.655 12.81 2.006
   vertex -6.655 12.81 2.366
   vertex -7.035 12.81 2.366
  endloop
 endfacet
  facet normal 0 0 0
    outer loop
   vertex -6.655 12.81 2.006
   vertex -7.035 12.81 2.366
   vertex -7.035 12.81 2.006
  endloop
 endfacet
  facet normal 0 0 0
    outer loop
   vertex -6.655 13.12 2.186
   vertex -6.655 13.19 2.366
   vertex -6.655 13.12 2.366
  endloop
 endfacet
  facet normal 0 0 0
    outer loop
   vertex -6.655 13.19 2.006
   vertex -6.655 13.12 2.186
   vertex -6.655 13.12 2.006
  endloop
 endfacet
  facet normal 0 0 0
    outer loop
   vertex -6.655 13.19 2.006
   vertex -6.655 13.19 2.366
   vertex -6.655 13.12 2.186
  endloop
 endfacet
  facet normal 0 0 0
    outer loop
   vertex -6.655 12.81 2.186
   vertex -6.655 12.88 2.366
   vertex -6.655 12.81 2.366
  endloop
 endfacet
  facet normal 0 0 0
    outer loop
   vertex -6.655 12.88 2.006
   vertex -6.655 12.81 2.186
   vertex -6.655 12.81 2.006
  endloop
 endfacet
  facet normal 0 0 0
    outer loop
   vertex -6.655 12.88 2.006
   vertex -6.655 12.88 2.366
   vertex -6.655 12.81 2.186
  endloop
 endfacet
  facet normal 0 0 0
    outer loop
   vertex -1.9 12.88 2.006
   vertex -1.9 12.88 2.366
   vertex -3.089 12.88 2.006
  endloop
 endfacet
  facet normal 0 0 0
    outer loop
   vertex -3.089 12.88 2.006
   vertex -4.278 12.88 2.366
   vertex -4.278 12.88 2.006
  endloop
 endfacet
  facet normal 0 0 0
    outer loop
   vertex -3.089 12.88 2.006
   vertex -1.9 12.88 2.366
   vertex -4.278 12.88 2.366
  endloop
 endfacet
  facet normal 0 0 0
    outer loop
   vertex -5.466 12.88 2.006
   vertex -6.655 12.88 2.366
   vertex -6.655 12.88 2.006
  endloop
 endfacet
  facet normal 0 0 0
    outer loop
   vertex -4.278 12.88 2.006
   vertex -4.278 12.88 2.366
   vertex -5.466 12.88 2.006
  endloop
 endfacet
  facet normal 0 0 0
    outer loop
   vertex -5.466 12.88 2.006
   vertex -4.278 12.88 2.366
   vertex -6.655 12.88 2.366
  endloop
 endfacet
  facet normal 0 0 0
    outer loop
   vertex -6.655 13.12 2.006
   vertex -6.655 13.12 2.366
   vertex -5.561 13.12 2.006
  endloop
 endfacet
  facet normal 0 0 0
    outer loop
   vertex -5.561 13.12 2.006
   vertex -4.468 13.12 2.366
   vertex -4.468 13.12 2.006
  endloop
 endfacet
  facet normal 0 0 0
    outer loop
   vertex -5.561 13.12 2.006
   vertex -6.655 13.12 2.366
   vertex -4.468 13.12 2.366
  endloop
 endfacet
  facet normal 0 0 0
    outer loop
   vertex -3.374 13.12 2.006
   vertex -2.28 13.12 2.366
   vertex -2.28 13.12 2.006
  endloop
 endfacet
  facet normal 0 0 0
    outer loop
   vertex -4.468 13.12 2.006
   vertex -4.468 13.12 2.366
   vertex -3.374 13.12 2.006
  endloop
 endfacet
  facet normal 0 0 0
    outer loop
   vertex -3.374 13.12 2.006
   vertex -4.468 13.12 2.366
   vertex -2.28 13.12 2.366
  endloop
 endfacet
  facet normal 0 0 0
    outer loop
   vertex -7.035 13.19 2.006
   vertex -7.035 13.19 2.366
   vertex -6.655 13.19 2.366
  endloop
 endfacet
  facet normal 0 0 0
    outer loop
   vertex -7.035 13.19 2.006
   vertex -6.655 13.19 2.366
   vertex -6.655 13.19 2.006
  endloop
 endfacet
  facet normal 0 0 0
    outer loop
   vertex -7.035 12.81 2.006
   vertex -7.035 12.81 2.366
   vertex -7.035 13.19 2.366
  endloop
 endfacet
  facet normal 0 0 0
    outer loop
   vertex -7.035 12.81 2.006
   vertex -7.035 13.19 2.366
   vertex -7.035 13.19 2.006
  endloop
 endfacet
  facet normal 0 0 0
    outer loop
   vertex 2.54 15.225 2.006
   vertex 2.54 15.225 2.366
   vertex 1.43 15.225 2.006
  endloop
 endfacet
  facet normal 0 0 0
    outer loop
   vertex 1.43 15.225 2.006
   vertex 0.32 15.225 2.366
   vertex 0.32 15.225 2.006
  endloop
 endfacet
  facet normal 0 0 0
    outer loop
   vertex 1.43 15.225 2.006
   vertex 2.54 15.225 2.366
   vertex 0.32 15.225 2.366
  endloop
 endfacet
  facet normal 0 0 0
    outer loop
   vertex -0.79 15.225 2.006
   vertex -1.9 15.225 2.366
   vertex -1.9 15.225 2.006
  endloop
 endfacet
  facet normal 0 0 0
    outer loop
   vertex 0.32 15.225 2.006
   vertex 0.32 15.225 2.366
   vertex -0.79 15.225 2.006
  endloop
 endfacet
  facet normal 0 0 0
    outer loop
   vertex -0.79 15.225 2.006
   vertex 0.32 15.225 2.366
   vertex -1.9 15.225 2.366
  endloop
 endfacet
  facet normal 0 0 0
    outer loop
   vertex -1.9 15.225 2.006
   vertex -1.9 15.225 2.366
   vertex -1.9 14.053 2.006
  endloop
 endfacet
  facet normal 0 0 0
    outer loop
   vertex -1.9 14.053 2.006
   vertex -1.9 12.88 2.366
   vertex -1.9 12.88 2.006
  endloop
 endfacet
  facet normal 0 0 0
    outer loop
   vertex -1.9 14.053 2.006
   vertex -1.9 15.225 2.366
   vertex -1.9 12.88 2.366
  endloop
 endfacet
  facet normal 0 0 0
    outer loop
   vertex 2.54 16.025 2.006
   vertex 2.54 16.025 2.366
   vertex 2.54 15.225 2.366
  endloop
 endfacet
  facet normal 0 0 0
    outer loop
   vertex 2.54 16.025 2.006
   vertex 2.54 15.225 2.366
   vertex 2.54 15.225 2.006
  endloop
 endfacet
  facet normal 0 0 0
    outer loop
   vertex 1.74 15.605 2.006
   vertex 1.74 15.605 2.366
   vertex 1.74 16.025 2.366
  endloop
 endfacet
  facet normal 0 0 0
    outer loop
   vertex 1.74 15.605 2.006
   vertex 1.74 16.025 2.366
   vertex 1.74 16.025 2.006
  endloop
 endfacet
  facet normal 0 0 0
    outer loop
   vertex 1.74 16.025 2.006
   vertex 1.74 16.025 2.366
   vertex 2.54 16.025 2.366
  endloop
 endfacet
  facet normal 0 0 0
    outer loop
   vertex 1.74 16.025 2.006
   vertex 2.54 16.025 2.366
   vertex 2.54 16.025 2.006
  endloop
 endfacet
  facet normal 0 0 0
    outer loop
   vertex -2.28 13.12 2.006
   vertex -2.28 13.12 2.366
   vertex -2.28 14.363 2.006
  endloop
 endfacet
  facet normal 0 0 0
    outer loop
   vertex -2.28 14.363 2.006
   vertex -2.28 15.605 2.366
   vertex -2.28 15.605 2.006
  endloop
 endfacet
  facet normal 0 0 0
    outer loop
   vertex -2.28 14.363 2.006
   vertex -2.28 13.12 2.366
   vertex -2.28 15.605 2.366
  endloop
 endfacet
  facet normal 0 0 0
    outer loop
   vertex -2.28 15.605 2.006
   vertex -2.28 15.605 2.366
   vertex -1.275 15.605 2.006
  endloop
 endfacet
  facet normal 0 0 0
    outer loop
   vertex -1.275 15.605 2.006
   vertex -0.27 15.605 2.366
   vertex -0.27 15.605 2.006
  endloop
 endfacet
  facet normal 0 0 0
    outer loop
   vertex -1.275 15.605 2.006
   vertex -2.28 15.605 2.366
   vertex -0.27 15.605 2.366
  endloop
 endfacet
  facet normal 0 0 0
    outer loop
   vertex 0.735 15.605 2.006
   vertex 1.74 15.605 2.366
   vertex 1.74 15.605 2.006
  endloop
 endfacet
  facet normal 0 0 0
    outer loop
   vertex -0.27 15.605 2.006
   vertex -0.27 15.605 2.366
   vertex 0.735 15.605 2.006
  endloop
 endfacet
  facet normal 0 0 0
    outer loop
   vertex 0.735 15.605 2.006
   vertex -0.27 15.605 2.366
   vertex 1.74 15.605 2.366
  endloop
 endfacet
endsolid stl
